# Object Export From Tinkercad Server 2015

mtllib obj.mtl

o obj_0
v 48.1816 		-5.9996 		6.514
v 48.1816 		-5.9996 		6.609
v 48.1819 		5.9993 		6.609
v 48.1819 		5.9708 		6.514
v 48.1816 		-4.826 		6.514
v 179.3688 		0.5011 		23.9673
v 179.3686 		5.3946 		22.6561
v 179.3683 		0.5011 		21.9124
v 179.3687 		0.5011 		20.5021
v 179.3683 		2.6064 		20.5021
v 179.3683 		0.5011 		20.5021
v 179.3683 		0.5011 		22.3966
v 179.3683 		5.003 		21.5028
v 179.3683 		5.3946 		22.6561
v 179.3683 		5.3946 		22.6561
v 179.3683 		5.7524 		24.4561
v 88.4478 		-7.0389 		10.3731
v 179.3683 		5.3945 		22.6561
v 88.6865 		-7.0131 		10.355
v 89.2446 		-0.0215 		10.226
v 147.0984 		1.1855 		10.5671
v 179.3689 		-17.0024 		32.5021
v 174.1187 		5.9991 		5.2501
v 179.3689 		-14.7828 		32.5021
v 146.908 		1.2978 		10.6611
v 179.3689 		-13.9257 		32.5021
v 179.369 		-13.1578 		32.5021
v 88.2094 		-4.9381 		10.0111
v 88.4483 		-5.2468 		9.672
v 89.3362 		-0.2962 		10.73
v 179.3689 		-20.847 		32.5021
v 179.3688 		-18.5949 		32.5021
v 88.4482 		-4.9181 		9.9871
v 147.3681 		0.2895 		10.5651
v 147.3679 		0.6872 		10.1491
v 147.2444 		-6.1758 		9.1411
v 179.3687 		-15.7804 		32.5021
v 179.3688 		-12.4419 		32.5021
v 147.336 		0.4501 		10.7401
v 179.3688 		-2.6536 		32.5021
v 89.3679 		-0.159 		10.9251
v 147.2452 		0.6003 		10.9041
v 88.6858 		-5.2697 		9.693
v 147.0987 		0.7292 		11.0451
v 88.6863 		-4.9379 		10.0111
v 89.3368 		-0.0231 		11.12
v 88.6861 		-0.6695 		10.1971
v 88.908 		-5.338 		9.7551
v 88.9076 		-4.9976 		10.081
v 146.9076 		0.8281 		11.1521
v 88.9078 		-0.6168 		10.2721
v 174.2039 		5.9993 		5.5001
v 89.098 		-0.5325 		10.392
v 146.6865 		0.89 		11.2201
v 145.9883 		-5.3376 		9.7551
v 179.3687 		0.5011 		30.5329
v 179.3686 		5.3946 		31.8441
v 174.1516 		5.9991 		5.5001
v 174.1395 		5.9991 		5.5001
v 174.1001 		5.9991 		5.5001
v 174.0943 		5.9991 		5.5001
v 145.9879 		-4.9972 		10.0811
v 179.3685 		5.8473 		24.9331
v 179.3687 		0.5011 		25.637
v 174.2038 		5.9991 		5.5001
v 179.3686 		2.0041 		25.7284
v 174.201 		5.9991 		5.5001
v 179.3686 		2.0075 		25.7791
v 174.1672 		5.9991 		5.5001
v 89.2446 		-0.4236 		10.5481
v 146.2099 		-5.5572 		9.3351
v 88.4476 		-5.768 		8.928
v 146.2093 		1.7769 		10.1631
v 146.4485 		1.8036 		10.1801
v 88.6857 		-5.7959 		8.943
v 146.2094 		-5.2697 		9.6931
v 146.448 		1.3926 		10.7411
v 87.7973 		0.7284 		11.045
v 174.1187 		5.9991 		5.5001
v 174.1857 		5.9991 		5.5001
v 146.4472 		-5.5317 		9.3171
v 87.7977 		-6.0069 		9.053
v 87.651 		0.5998 		10.9041
v 179.3686 		2.0237 		25.8575
v 179.3686 		2.0336 		25.9071
v 179.3686 		2.0753 		26.0311
v 179.3687 		2.0174 		25.4671
v 179.3687 		2.0075 		25.5171
v 146.4475 		-5.2469 		9.6721
v 179.3687 		2.0237 		25.4366
v 87.9881 		-6.0664 		8.5541
v 146.6863 		1.7771 		10.1631
v 179.3686 		1.9991 		25.6481
v 87.9884 		-5.877 		8.9851
v 87.5596 		0.4505 		10.7401
v 179.3686 		2.0026 		25.5974
v 179.3685 		3.966 		25.9071
v 87.5595 		-0.0229 		11.12
v 179.3685 		3.9817 		25.8287
v 179.3685 		3.9914 		25.7791
v 88.2098 		-6.1091 		8.0821
v 146.6859 		1.3683 		10.7211
v 179.3685 		3.9963 		25.6989
v 179.3685 		3.9998 		25.6481
v 179.3686 		3.9949 		25.5679
v 179.3686 		3.9914 		25.5171
v 145.6514 		-5.5859 		9.9831
v 87.528 		0.2891 		10.5651
v 179.3686 		3.9757 		25.4381
v 179.3686 		3.966 		25.3881
v 179.3686 		3.9403 		25.3122
v 179.3686 		3.9238 		25.2641
v 168.8681 		-23.5026 		18.9981
v 179.3686 		3.888 		25.1911
v 174.0858 		5.9991 		5.5001
v 145.7974 		-5.7523 		9.4721
v 168.8681 		-23.5026 		27.0001
v 168.8684 		-23.5026 		27.0001
v 168.8688 		-23.5026 		27.0001
v 168.869 		-23.5026 		27.0001
v 168.8698 		-23.5026 		27.0001
v 172.8075 		-23.5024 		27.0001
v 145.7974 		-5.4456 		9.8541
v 168.8682 		2.8683 		26.6421
v 87.5592 		0.129 		10.3891
v 168.8682 		2.8775 		26.6427
v 88.2101 		-5.9806 		8.5221
v 174.0745 		5.9991 		5.5001
v 168.8682 		2.9991 		26.6501
v 168.8682 		3.0082 		26.6496
v 179.3687 		2.0753 		25.2641
v 179.3687 		2.0336 		25.3881
v 168.8682 		3.1298 		26.6421
v 174.0672 		5.9991 		5.5001
v 146.2099 		1.3676 		10.7211
v 88.2102 		-5.7957 		8.943
v 168.8682 		3.2575 		26.6161
v 168.8682 		3.1388 		26.6403
v 88.4478 		-6.0783 		8.075
v 179.3686 		3.2583 		24.6791
v 179.3686 		3.1796 		24.6638
v 179.3686 		3.1302 		24.6541
v 179.3686 		3.0506 		24.6486
v 179.3686 		3 		24.6451
v 87.6509 		-0.0217 		10.226
v 168.8682 		3.2575 		24.6791
v 145.988 		-5.6327 		9.3881
v 168.8682 		3.2485 		24.6774
v 179.3687 		2.9196 		24.6506
v 179.3687 		2.8689 		24.6541
v 145.9877 		1.298 		10.6611
v 168.8682 		3.1298 		24.6541
v 179.3687 		2.7902 		24.6694
v 179.3687 		2.7406 		24.6791
v 168.8682 		3.1207 		24.6535
v 168.8682 		2.9991 		24.6451
v 173.9744 		5.9991 		5.5001
v 173.9691 		5.9991 		5.5001
v 145.7966 		1.1855 		10.5671
v 168.8682 		2.9899 		24.6457
v 168.8682 		2.8683 		24.6541
v 173.9943 		5.9991 		5.5001
v 168.8682 		2.8593 		24.6559
v 88.4476 		-5.9507 		8.512
v 168.8682 		3.3815 		26.5741
v 168.8682 		3.4988 		26.5161
v 89.2448 		0.1048 		11.3021
v 173.9429 		5.9991 		5.5001
v 173.6856 		5.9991 		5.5001
v 173.6155 		5.9992 		5.5001
v 168.8682 		3.6081 		26.4431
v 147.3682 		-6.9765 		8.2741
v 168.8682 		3.6149 		26.4371
v 174.0517 		5.9991 		5.5001
v 174.0151 		5.9991 		5.5001
v 168.8682 		3.7065 		26.3571
v 168.8682 		3.7125 		26.3502
v 87.7969 		-5.4458 		9.8541
v 168.8682 		3.7929 		26.2581
v 147.3363 		-7.0389 		8.9081
v 168.8682 		3.8651 		26.1491
v 168.8682 		3.7981 		26.2505
v 89.0986 		0.2139 		11.458
v 173.7082 		5.9991 		5.5001
v 147.3365 		-7.2091 		8.3261
v 87.9878 		-5.3378 		9.7551
v 173.7131 		5.9991 		5.5001
v 88.9081 		0.2976 		11.5781
v 147.2445 		-7.2478 		8.9841
v 87.9873 		-4.9975 		10.081
v 88.2094 		-5.5574 		9.3351
v 147.2448 		-7.4261 		8.3741
v 173.9351 		5.9991 		5.5001
v 173.8687 		5.9991 		5.5001
v 173.7929 		5.9991 		5.5001
v 88.6865 		0.3506 		11.653
v 173.9269 		5.9991 		5.5001
v 147.0983 		-7.4271 		9.0491
v 147.0983 		-7.612 		8.4151
v 168.8682 		3.9229 		26.0311
v 168.8682 		3.9259 		26.0224
v 88.4473 		-0.2265 		12.04
v 146.448 		0.9112 		11.2431
v 88.2098 		-5.2704 		9.693
v 179.3687 		2.6165 		24.7211
v 179.3687 		2.5447 		24.7566
v 179.3687 		2.4994 		24.7791
v 89.2452 		-0.4389 		11.6321
v 179.3687 		2.4333 		24.8238
v 179.3687 		2.391 		24.8521
v 146.4477 		0.4701 		8.7921
v 168.8682 		3.9654 		25.9071
v 179.3687 		2.3303 		24.9054
v 179.3687 		2.2922 		24.9391
v 168.8682 		3.9905 		25.7791
v 168.8682 		3.9672 		25.8982
v 88.4481 		-5.5316 		9.3171
v 173.5744 		5.9992 		5.5001
v 146.448 		0.5895 		8.4857
v 179.3687 		2.2395 		24.9992
v 179.3687 		2.206 		25.0371
v 179.3687 		2.1335 		25.1461
v 168.8682 		3.9911 		25.77
v 168.8682 		3.9994 		25.6481
v 89.0983 		-0.3512 		11.801
v 146.4476 		-7.8746 		8.4731
v 168.8682 		3.9905 		25.5171
v 168.8682 		3.9988 		25.639
v 146.6856 		0.4987 		8.8051
v 146.9074 		-7.7545 		8.4461
v 168.8682 		3.9887 		25.5081
v 146.5129 		0.5981 		8.4872
v 146.6857 		0.6208 		8.4912
v 168.8683 		3.9654 		25.3881
v 173.5294 		5.9992 		5.0001
v 173.5294 		5.9992 		5.006
v 168.8682 		3.9229 		25.2641
v 168.8682 		3.9625 		25.3794
v 146.6865 		-7.8443 		8.4661
v 173.5294 		5.9993 		5.5001
v 88.9079 		-0.2836 		11.93
v 173.5294 		5.9991 		5.0922
v 168.8682 		3.8651 		25.1461
v 173.5294 		5.9992 		5.1726
v 168.8682 		3.86 		25.1385
v 173.5294 		5.9992 		5.2501
v 173.5294 		5.9991 		5.4304
v 168.8682 		3.7929 		25.0371
v 173.5294 		5.9992 		5.4942
v 146.4482 		0.2516 		9.1911
v 179.3686 		3.866 		25.1461
v 173.5294 		5.9992 		5.5001
v 168.8682 		3.7869 		25.0303
v 168.8682 		3.7065 		24.9391
v 179.3686 		3.821 		25.0794
v 179.3686 		3.7931 		25.0371
v 179.3686 		3.7405 		24.9771
v 179.3686 		3.7069 		24.9391
v 173.5294 		5.9992 		5.3277
v 88.6862 		-0.2409 		12.012
v 173.5294 		5.9991 		5.408
v 179.3686 		3.6472 		24.8859
v 179.3686 		3.609 		24.8521
v 168.8682 		3.6997 		24.933
v 168.8682 		3.6081 		24.8521
v 146.686 		0.2779 		9.2081
v 179.3686 		3.4997 		24.7791
v 168.8682 		3.4988 		24.7791
v 88.6863 		-5.5572 		9.3351
v 168.8682 		3.3815 		24.7211
v 179.3686 		3.3824 		24.7211
v 147.2447 		-6.9917 		9.5651
v 88.4483 		0.3682 		11.6791
v 147.0988 		-0.1499 		10.0851
v 88.2096 		0.3504 		11.653
v 168.8682 		1.9988 		25.6573
v 168.8682 		2.0071 		25.7791
v 168.8682 		2.009 		25.7881
v 168.8682 		2.0327 		25.9071
v 147.0986 		-7.1606 		9.6531
v 168.8682 		2.0744 		26.0311
v 87.9877 		0.8275 		11.152
v 146.9079 		-7.2906 		9.7211
v 173.5296 		1.0092 		0.0388
v 173.5295 		2.7279 		0.0388
v 173.5296 		-0.4464 		0.0388
v 146.9081 		-7.5642 		9.0991
v 173.5295 		4.2598 		0.0388
v 146.9076 		0.0767 		9.6371
v 87.6514 		-5.9081 		9.581
v 146.686 		-7.3719 		9.7631
v 146.908 		0.3556 		9.2571
v 87.6509 		-5.5861 		9.9831
v 146.6856 		-7.6509 		9.1301
v 88.2092 		-0.2411 		12.012
v 87.7968 		-5.7525 		9.4721
v 179.3521 		-8.4467 		5.5001
v 179.352 		-3.7406 		5.5001
v 147.0988 		0.1891 		9.7311
v 87.9879 		0.2977 		11.5781
v 146.2095 		-7.8445 		8.4661
v 87.9874 		-5.6329 		9.3881
v 87.9876 		-0.2835 		11.93
v 145.988 		-7.7548 		8.4461
v 87.7969 		0.2139 		11.458
v 146.2095 		0.0063 		9.5781
v 145.7971 		-7.4262 		9.0491
v 145.7979 		-7.6116 		8.4151
v 87.6511 		0.1045 		11.3021
v 87.6514 		-6.5274 		8.174
v 87.6512 		-6.3836 		8.6691
v 146.4478 		-0.3319 		9.8871
v 145.6508 		-7.2481 		8.9841
v 146.4478 		-0.0171 		9.5581
v 145.6516 		-7.4254 		8.3741
v 88.2097 		-0.6688 		10.1971
v 87.7971 		-6.341 		8.133
v 87.7974 		-6.2044 		8.6041
v 145.5592 		-7.2089 		8.3261
v 88.4481 		-1.076 		10.407
v 146.6858 		-0.3114 		9.9101
v 168.8682 		2.1326 		26.1491
v 88.4474 		-0.6872 		10.1711
v 168.8682 		2.1326 		25.1461
v 168.8682 		2.0744 		25.2641
v 145.6508 		-6.3829 		8.6691
v 87.988 		-6.1985 		8.1021
v 168.8682 		2.0327 		25.3881
v 168.8682 		2.0309 		25.3972
v 168.8682 		2.0071 		25.5171
v 168.8682 		2.0065 		25.5263
v 168.8682 		1.9982 		25.6481
v 168.8682 		2.4993 		26.5161
v 88.6862 		-1.0613 		10.435
v 168.8682 		2.5075 		26.5202
v 87.5593 		-7.0395 		8.9081
v 179.3687 		0.5011 		28.8632
v 179.3685 		5.8473 		29.5671
v 173.5299 		-9.8589 		0.0388
v 173.5298 		-5.5897 		0.0388
v 168.8682 		2.6161 		26.5741
v 168.8682 		2.7402 		26.6161
v 145.7971 		-6.3416 		8.1331
v 87.5274 		-6.8157 		8.8261
v 168.8682 		2.7492 		26.6179
v 145.7971 		-6.2037 		8.6041
v 87.5281 		-6.9769 		8.2741
v 173.5298 		-5.1527 		0.0388
v 179.3685 		2.7406 		26.6161
v 179.3685 		2.8193 		26.6321
v 88.9078 		-1.0189 		10.517
v 179.3685 		2.8689 		26.6421
v 179.3685 		2.9493 		26.647
v 179.3685 		3 		26.6501
v 145.7973 		-6.0062 		9.0531
v 179.3685 		3.0795 		26.6452
v 179.3685 		3.1302 		26.6421
v 145.988 		-6.1991 		8.1021
v 179.3685 		3.2089 		26.6262
v 179.3685 		3.2583 		26.6161
v 179.3685 		2.4994 		26.5161
v 179.3685 		2.5713 		26.5516
v 179.3685 		2.6165 		26.5741
v 87.5588 		-6.7439 		8.2221
v 87.559 		-6.5912 		8.745
v 168.8682 		2.2051 		26.2581
v 87.9878 		-1.4509 		10.706
v 168.8682 		2.2916 		26.3571
v 168.8682 		2.2112 		26.265
v 145.9881 		-6.067 		8.5541
v 87.9876 		-1.0188 		10.517
v 168.8682 		2.2985 		26.3631
v 168.8682 		2.3901 		26.4431
v 173.5301 		-14.5651 		0.0388
v 173.5301 		-13.9072 		0.0388
v 168.8682 		2.3976 		26.4482
v 146.9084 		-0.2489 		9.9771
v 145.5279 		-6.8155 		8.8261
v 88.2092 		-1.482 		10.62
v 87.6508 		-7.2474 		8.984
v 88.2093 		-1.0615 		10.435
v 87.651 		-7.4257 		8.374
v 146.6864 		0.0065 		9.5781
v 145.5594 		-6.7436 		8.2221
v 168.8682 		2.7402 		24.6791
v 145.5591 		-6.5918 		8.7451
v 168.8682 		2.6161 		24.7211
v 173.5302 		-19.0001 		0.0388
v 178.9687 		-29.5004 		3.2411
v 87.5587 		-7.2091 		8.3261
v 168.8682 		2.6079 		24.7252
v 168.8682 		2.4993 		24.7791
v 88.4478 		-1.4929 		10.5911
v 168.8682 		2.4917 		24.7842
v 179.3238 		-29.5003 		4.5651
v 179.3686 		-29.5003 		5.2501
v 145.9882 		-0.2488 		9.9771
v 168.8682 		2.3901 		24.8521
v 179.1895 		-29.5001 		3.8911
v 168.8682 		2.3831 		24.8582
v 168.8682 		2.2916 		24.9391
v 87.5593 		-6.481 		9.9811
v 145.6506 		-6.5275 		8.1741
v 146.2093 		-0.3107 		9.9101
v 168.8682 		2.2855 		24.946
v 179.3686 		-29.5003 		5.5001
v 168.8682 		2.2051 		25.0371
v 178.8263 		-29.5003 		5.5001
v 179.3522 		-29.5003 		5.5001
v 179.3686 		2.1335 		26.1491
v 88.6861 		-1.4818 		10.62
v 179.3686 		2.206 		26.2581
v 179.3686 		2.2587 		26.3188
v 179.3685 		2.2922 		26.3571
v 87.5277 		-6.2851 		9.8451
v 179.3685 		2.3528 		26.4098
v 179.3685 		2.391 		26.4431
v 179.3685 		2.4571 		26.4878
v 145.559 		-7.0387 		8.9081
v 179.3685 		3.3824 		26.5741
v 179.3522 		-29.4996 		5.5001
v 179.3685 		3.4997 		26.5161
v 145.6508 		1.0503 		8.567
v 87.5586 		-6.3726 		9.243
v 179.3685 		3.609 		26.4431
v 87.5587 		-6.0901 		9.708
v 179.3685 		3.6688 		26.3905
v 179.3685 		3.7069 		26.3571
v 145.6712 		1.0234 		8.5622
v 145.7971 		0.8594 		8.5333
v 179.3685 		3.7596 		26.2965
v 179.3685 		3.7931 		26.2581
v 179.3685 		3.8381 		26.1914
v 179.3685 		3.866 		26.1491
v 145.5277 		-6.9762 		8.2741
v 179.3685 		3.9238 		26.0311
v 179.3522 		-29.499 		5.5001
v 179.3685 		3.9495 		25.9552
v 145.8354 		0.8301 		8.5281
v 145.9877 		0.7134 		8.5075
v 146.21 		-7.3726 		9.7631
v 179.3685 		0.5011 		27.2501
v 179.3683 		5.9991 		27.2501
v 87.6507 		-6.1754 		9.1411
v 179.3683 		5.8473 		24.9331
v 179.3683 		5.9598 		26.6501
v 146.0424 		0.6908 		8.5036
v 179.3522 		-28.5707 		5.5001
v 179.3683 		5.9827 		27.0001
v 146.4473 		-7.4 		9.7781
v 146.2101 		-7.6506 		9.1301
v 146.4472 		-7.6803 		9.1411
v 179.3683 		5.79 		24.6451
v 146.2101 		0.621 		8.4913
v 179.3683 		2.0041 		25.7284
v 179.3683 		2.0075 		25.7791
v 146.2746 		0.6124 		8.4897
v 179.3683 		1.9993 		25.6509
v 179.3683 		2.0237 		25.8575
v 179.3683 		2.0336 		25.9071
v 87.5283 		-0.1592 		10.9251
v 179.3683 		2.0345 		25.9097
v 179.3683 		2.047 		25.947
v 87.7971 		-7.1614 		9.6531
v 179.3683 		2.0753 		26.0311
v 145.5592 		1.0889 		9.0801
v 179.3683 		2.1328 		26.1479
v 179.3683 		2.0753 		25.2641
v 179.3683 		2.1328 		25.1474
v 179.3683 		2.0336 		25.3881
v 87.6512 		-6.6617 		10.109
v 179.3522 		-27.2713 		5.5001
v 179.3683 		2.0174 		25.4671
v 179.3522 		-22.5652 		5.5001
v 179.3683 		2.0075 		25.5171
v 145.651 		0.8876 		8.9861
v 87.6509 		-6.9913 		9.5651
v 87.5589 		-0.296 		10.73
v 179.3683 		2.0026 		25.5974
v 179.3683 		1.9991 		25.6481
v 145.7966 		0.7144 		8.9061
v 87.6514 		-0.423 		10.5481
v 87.5589 		-6.7945 		9.463
v 145.9876 		-7.2904 		9.7211
v 179.3683 		2.7406 		26.6161
v 179.3683 		2.6504 		26.5856
v 87.7976 		-0.5321 		10.392
v 179.3683 		2.8193 		26.6321
v 145.9879 		-7.564 		9.0991
v 179.3683 		2.8689 		26.6421
v 87.5276 		-6.5837 		9.353
v 179.3683 		2.9493 		26.647
v 179.3683 		2.8691 		26.6421
v 179.3683 		3.2583 		24.6791
v 179.3683 		3.3094 		24.6964
v 145.9882 		0.5819 		8.8441
v 179.3683 		3 		26.6501
v 179.3683 		3.1796 		24.6638
v 179.3683 		3.0795 		26.6452
v 179.3683 		3.0001 		26.6501
v 87.9876 		-0.6166 		10.2721
v 179.3683 		3.1302 		24.6541
v 179.3683 		3.1302 		26.6421
v 179.3683 		3.0506 		24.6486
v 179.3683 		3 		24.6451
v 179.3683 		3.2583 		26.6161
v 179.3683 		3.2089 		26.6262
v 179.3683 		3.1296 		24.6541
v 179.3683 		3.1303 		26.6421
v 145.7977 		-7.1611 		9.6531
v 179.3683 		3.3094 		26.5988
v 179.3683 		2.9196 		24.6506
v 179.3683 		2.8689 		24.6541
v 88.4477 		-4.5513 		10.256
v 178.6651 		-29.501 		2.6251
v 179.3683 		2.7902 		24.6694
v 179.3683 		2.7406 		24.6791
v 87.5588 		-0.7613 		11.012
v 179.3683 		2.6504 		24.7097
v 177.3141 		-29.5007 		1.0851
v 87.6511 		-0.864 		10.8151
v 177.8313 		-29.5004 		1.5381
v 176.7431 		-29.5005 		0.7031
v 88.6864 		-4.568 		10.282
v 178.284 		-29.5003 		2.0541
v 175.4772 		-29.5001 		0.1791
v 87.7971 		-0.9513 		10.646
v 176.1274 		-29.5003 		0.4001
v 175.4772 		-29.5001 		0.1791
v 175.4772 		-29.5001 		0.1791
v 175.4772 		-29.5001 		0.1791
v 88.9078 		-4.6175 		10.3601
v 179.3683 		2.6165 		24.7211
v 179.3683 		2.5447 		24.7566
v 179.3683 		2.4994 		24.7791
v 145.5277 		-6.2857 		9.8451
v 89.099 		-4.6958 		10.4831
v 179.3683 		2.4333 		24.8238
v 179.3683 		2.391 		24.8521
v 145.5591 		-6.3724 		9.2431
v 179.3683 		2.3303 		24.9054
v 179.3683 		2.2922 		24.9391
v 145.5593 		-6.0898 		9.7081
v 179.3683 		2.3892 		24.8537
v 179.3683 		2.2395 		24.9992
v 89.2442 		-4.7986 		10.644
v 179.3683 		2.206 		25.0371
v 179.3683 		2.1335 		25.1461
v 179.3683 		2.2054 		25.038
v 146.2101 		0.4989 		8.8051
v 179.3683 		2.4994 		26.5161
v 179.3683 		2.4814 		26.5041
v 179.3683 		2.5713 		26.5516
v 179.3683 		2.6165 		26.5741
v 179.3683 		2.6172 		26.5743
v 179.3683 		2.1335 		26.1491
v 179.3683 		3.609 		26.4431
v 179.3683 		3.5901 		26.4558
v 179.3683 		2.206 		26.2581
v 87.797 		-0.3503 		11.801
v 145.6507 		-6.176 		9.1411
v 179.3683 		3.6688 		26.3905
v 179.3683 		2.2922 		26.3571
v 179.3683 		2.2587 		26.3188
v 179.3683 		3.7069 		26.3571
v 179.3683 		2.3528 		26.4098
v 145.6514 		-5.9087 		9.5811
v 179.3683 		3.7596 		26.2965
v 179.3683 		3.708 		26.3559
v 179.3683 		2.391 		26.4431
v 179.3683 		2.457 		26.4878
v 175.1721 		-29.5005 		5.8582
v 87.6506 		-0.4386 		11.6321
v 176.004 		-29.5005 		6.5142
v 179.3683 		3.7931 		26.2581
v 179.3683 		2.3918 		26.4437
v 174.9743 		-29.5005 		5.5001
v 179.3683 		3.866 		26.1491
v 179.3683 		3.8381 		26.1914
v 176.7457 		-29.5004 		6.3931
v 179.3683 		3.7938 		26.2571
v 179.3683 		3.9238 		26.0311
v 87.5593 		-0.541 		11.435
v 179.3683 		3.9496 		25.9552
v 179.3683 		3.966 		25.9071
v 179.3683 		3.9914 		25.7791
v 179.3683 		3.9817 		25.8287
v 179.3683 		3.9663 		25.9058
v 145.6513 		-6.6624 		10.1091
v 89.098 		-5.0916 		10.193
v 179.3683 		3.9963 		25.6989
v 174.9739 		-29.5003 		5.5001
v 175.0518 		-29.5003 		5.5001
v 176.0186 		-29.5003 		5.5001
v 179.3683 		3.9998 		25.6481
v 177.1016 		-29.5004 		6.5142
v 179.3683 		3.9914 		25.5171
v 145.651 		-6.9919 		9.5651
v 179.3683 		3.9949 		25.5679
v 179.3683 		3.3824 		26.5741
v 179.3683 		3.9996 		25.6454
v 179.3683 		3.4997 		26.5161
v 87.7974 		-0.9548 		12.0671
v 179.3683 		3.5177 		26.5041
v 87.6508 		-3.8661 		11.0781
v 145.559 		-6.4803 		9.9811
v 179.3683 		3.9841 		25.4801
v 179.3683 		3.9757 		25.4381
v 145.559 		-6.7951 		9.4631
v 179.3683 		3.966 		25.3881
v 87.6512 		-1.0203 		11.888
v 87.7969 		-4.2659 		10.719
v 179.3683 		3.9238 		25.2641
v 179.3683 		3.9403 		25.3122
v 179.3683 		3.9656 		25.3868
v 87.7971 		-3.8087 		10.896
v 145.5281 		-6.5835 		9.3531
v 179.3683 		3.866 		25.1461
v 87.5586 		-1.0966 		11.679
v 179.3683 		3.821 		25.0794
v 179.3683 		3.7931 		25.0371
v 179.3683 		3.7405 		24.9771
v 179.3683 		3.7069 		24.9391
v 179.3683 		3.7908 		25.0345
v 87.5277 		-0.6517 		11.224
v 87.9877 		-4.2049 		10.586
v 179.3683 		3.6472 		24.8859
v 87.5276 		-1.1779 		11.4551
v 179.3683 		3.609 		24.8521
v 179.3683 		3.4997 		24.7791
v 179.3683 		3.3824 		24.7211
v 88.21 		-4.1652 		10.5031
v 88.448 		-4.1528 		10.4751
v 174.1201 		-29.5005 		5.5001
v 174.3087 		-29.5004 		5.5001
v 174.3108 		-29.5004 		5.5001
v 174.4866 		-29.5004 		5.5001
v 174.552 		-29.5004 		5.5001
v 174.3121 		-29.5004 		5.5001
v 174.6935 		-29.5004 		5.5001
v 87.5591 		-4.4404 		11.0931
v 145.5657 		1.2563 		8.6033
v 88.6855 		-2.3765 		10.818
v 88.6859 		-1.9229 		10.749
v 87.651 		-4.798 		10.644
v 87.6513 		-4.3466 		10.8911
v 179.3683 		0.5011 		18.9981
v 145.5279 		1.0273 		9.6851
v 179.3683 		0.5011 		27.0001
v 179.367 		0.5011 		27.0001
v 147.0982 		-4.6959 		10.4831
v 87.7973 		-4.6958 		10.4831
v 88.9085 		-2.3682 		10.9101
v 145.5592 		0.8269 		9.5571
v 147.2447 		-4.7984 		10.6441
v 145.6508 		0.6395 		9.4381
v 147.3367 		-4.9182 		10.8311
v 87.9876 		-4.6173 		10.3601
v 89.0986 		-2.3551 		11.0561
v 178.9689 		5.9999 		7.2591
v 179.1892 		5.9993 		6.6091
v 88.2095 		-4.5682 		10.282
v 147.3682 		-5.0452 		11.0321
v 178.9689 		5.9991 		7.2591
v 178.9673 		5.9991 		7.2623
v 178.7732 		5.9991 		7.6561
v 179.3686 		0.801 		39.8011
v 179.3686 		3.6217 		36.1251
v 179.3683 		2.3316 		38.0561
v 179.1892 		5.9991 		6.6091
v 179.1892 		5.9991 		6.6091
v 179.2081 		5.9991 		6.5141
v 88.4476 		-2.8336 		10.797
v 89.3364 		-4.6417 		11.5241
v 145.5589 		0.5054 		9.9961
v 177.4393 		5.9992 		7.6041
v 176.7126 		5.9992 		6.7477
v 176.3866 		5.9992 		6.5141
v 88.4476 		-2.3786 		10.7871
v 178.6652 		5.9993 		7.8751
v 147.0985 		-5.0913 		10.1931
v 145.6509 		0.335 		9.8541
v 179.3689 		-7.7206 		32.5021
v 179.3689 		-6.4982 		32.5021
v 178.6652 		5.9991 		7.8751
v 178.6652 		5.9991 		7.8751
v 179.3687 		-4.9062 		32.5021
v 89.2443 		-4.7355 		11.7251
v 178.56 		5.9991 		8.0327
v 179.3691 		-11.7504 		32.5021
v 179.3691 		-9.575 		32.5021
v 88.6857 		-2.835 		10.8281
v 179.3688 		-8.7182 		32.5021
v 145.797 		0.1891 		9.7311
v 147.2449 		-5.2144 		10.3391
v 177.8364 		5.9992 		8.0721
v 175.3804 		5.9993 		6.8616
v 175.6146 		5.9993 		7.0753
v 145.7975 		0.4784 		9.3361
v 179.369 		-11.0591 		32.5021
v 89.0987 		-4.8162 		11.898
v 179.3688 		-10.3431 		32.5021
v 178.5336 		5.9991 		8.0721
v 147.3366 		-5.357 		10.5091
v 176.7069 		5.9992 		8.0721
v 88.9074 		-4.8781 		12.0311
v 88.9085 		-2.8393 		10.92
v 147.3677 		-5.5091 		10.6911
v 174.6138 		5.9993 		7.7354
v 174.7357 		5.9993 		8.0721
v 174.9582 		5.9993 		8.0721
v 174.6292 		5.9993 		6.5141
v 145.9874 		0.0768 		9.6371
v 174.7183 		5.9993 		6.5141
v 174.9219 		5.9993 		6.6416
v 175.2961 		5.9993 		6.7847
v 179.3686 		-20.6258 		42.6221
v 179.3686 		-16.3448 		44.3951
v 89.0989 		-2.8459 		11.066
v 173.5854 		5.9994 		8.0721
v 173.8521 		5.9994 		7.2743
v 174.8037 		-29.5005 		0.0451
v 174.3499 		5.9993 		7.0062
v 174.585 		5.9993 		7.6556
v 179.3687 		-0.9454 		41.3321
v 88.21 		-4.9166 		12.1141
v 88.448 		-4.9306 		12.1421
v 146.2101 		-4.1659 		10.5031
v 89.2449 		-2.8538 		11.2571
v 145.9878 		0.3558 		9.2571
v 179.3691 		-11.7504 		45.0001
v 179.3689 		-4.9577 		43.6491
v 89.3371 		-2.8635 		11.478
v 146.4477 		-4.1521 		10.4751
v 179.3687 		-9.4339 		44.8481
v 174.1202 		-29.5003 		5.5001
v 174.1519 		-29.5003 		5.5001
v 89.368 		-2.874 		11.7161
v 174.186 		-29.5003 		5.5001
v 174.2225 		-29.5003 		5.5001
v 174.2633 		-29.5003 		5.5001
v 146.2095 		0.2786 		9.2081
v 174.298 		-29.5003 		5.5001
v 146.6856 		-4.5682 		10.2821
v 179.3688 		-23.5021 		20.5021
v 179.3689 		-23.5021 		22.3822
v 179.3689 		-28.0407 		20.5021
v 179.3685 		-23.5021 		24.0112
v 179.3686 		-28.5043 		21.5028
v 179.3689 		-28.1646 		20.5021
v 179.3686 		-28.1646 		20.5021
v 179.3685 		-23.9044 		20.5021
v 89.3365 		-2.885 		11.954
v 146.6861 		-4.1652 		10.5031
v 88.6856 		-4.9168 		12.1141
v 174.4448 		-29.5003 		5.5001
v 174.369 		-29.5003 		5.5001
v 179.3685 		-23.5021 		20.5021
v 179.3689 		-23.5021 		32.1181
v 174.7225 		-29.5003 		5.5001
v 179.3689 		-28.1493 		34.0431
v 145.5588 		1.2282 		9.8131
v 179.3687 		-24.3014 		39.8011
v 179.3689 		-23.5021 		32.5021
v 179.3687 		-27.1221 		36.1251
v 89.2445 		-2.3389 		11.245
v 87.7971 		-4.2005 		12.137
v 146.9083 		-4.6172 		10.3601
v 174.119 		-29.5003 		0.0001
v 89.3368 		-2.3199 		11.467
v 179.3686 		-23.5021 		28.7974
v 179.3686 		-29.5003 		27.2501
v 179.3687 		-23.5021 		27.2501
v 87.6514 		-4.1433 		11.956
v 179.3686 		-27.2805 		26.5485
v 179.3686 		-27.602 		26.6501
v 179.3686 		-26.3834 		26.5741
v 179.3686 		-26.2593 		26.6161
v 145.7971 		-0.1499 		10.0851
v 179.3686 		-26.1308 		26.6421
v 179.3686 		-26.5007 		26.5162
v 179.3686 		-27.1401 		26.5041
v 179.3686 		-26.6475 		26.4098
v 179.3686 		-26.6092 		26.4431
v 89.3684 		-2.2986 		11.704
v 179.3685 		-26.699 		26.3647
v 179.3686 		-26.7174 		26.3705
v 87.5594 		-4.0763 		11.7441
v 179.3686 		-26.5425 		26.4878
v 179.3685 		-27.0514 		26.4761
v 179.3686 		-26.0513 		26.647
v 179.3686 		-26.0004 		26.6501
v 179.3686 		-25.9201 		26.6452
v 179.3686 		-25.8697 		26.6421
v 179.3686 		-25.7412 		26.6161
v 147.0985 		-0.5323 		10.3921
v 89.3363 		-2.2782 		11.941
v 179.3686 		-25.6172 		26.5741
v 145.9881 		-4.6171 		10.3601
v 179.3686 		-25.4999 		26.5162
v 87.5278 		-4.0044 		11.517
v 179.3686 		-25.4338 		26.4714
v 179.3686 		-25.3916 		26.4431
v 179.3686 		-25.331 		26.3905
v 179.3686 		-25.293 		26.3571
v 175.4769 		5.9993 		10.3211
v 176.1276 		6 		10.1001
v 179.3686 		-25.207 		26.2581
v 146.21 		-4.568 		10.2821
v 147.2445 		-0.8631 		10.8151
v 89.245 		-2.2587 		12.1621
v 179.3686 		-25.1626 		26.1914
v 179.3686 		-25.1341 		26.1491
v 179.3686 		-25.0985 		26.0769
v 179.3686 		-25.0761 		26.0311
v 147.2443 		-0.4229 		10.5481
v 176.7433 		5.9998 		9.7971
v 177.3142 		5.9996 		9.4151
v 179.3685 		-25.0506 		25.9552
v 179.3685 		-25.0343 		25.9071
v 178.1706 		5.9992 		8.575
v 177.9111 		5.9992 		8.1602
v 179.3685 		-25.0114 		25.8313
v 178.2837 		5.9992 		8.4461
v 179.3685 		-25.0191 		25.8338
v 179.3685 		-24.9893 		25.8243
v 87.5587 		-3.9335 		11.29
v 179.3685 		-24.948 		25.8113
v 178.2837 		5.9991 		8.4461
v 179.3685 		-24.9275 		25.8048
v 146.4482 		-4.5511 		10.2561
v 179.3686 		-23.5021 		25.7029
v 179.3685 		-24.2808 		25.6004
v 179.3686 		-28.7094 		27.0001
v 89.0982 		-3.3326 		11.0131
v 179.3685 		-26.3834 		26.5741
v 179.3685 		-26.4623 		26.5351
v 179.3685 		-26.2593 		26.6161
v 174.119 		-29.5003 		5.2501
v 179.3685 		-26.1308 		26.6421
v 147.3366 		-0.7612 		11.0121
v 89.0983 		-3.8096 		10.896
v 179.3685 		-26.104 		26.6438
v 179.3685 		-26.5007 		26.5162
v 179.3685 		-26.5185 		26.5041
v 147.3368 		-0.296 		10.7301
v 179.3685 		-26.6092 		26.4431
v 179.3685 		-26.6475 		26.4098
v 179.3685 		-26.5425 		26.4878
v 147.3685 		-4.541 		11.3081
v 87.9881 		-4.8784 		12.0311
v 179.3685 		-26.0513 		26.647
v 179.3685 		-26.0004 		26.6501
v 89.2441 		-3.8667 		11.0781
v 179.3685 		-25.8697 		26.6421
v 179.3685 		-25.9201 		26.6452
v 147.337 		-4.6414 		11.5241
v 179.3685 		-25.7412 		26.6161
v 179.3685 		-25.6172 		26.5741
v 87.7969 		-4.8162 		11.898
v 179.3685 		-25.4999 		26.5162
v 179.3685 		-25.4821 		26.5041
v 147.3679 		-0.1596 		10.9251
v 179.3685 		-25.4338 		26.4714
v 88.6856 		-4.1654 		10.5031
v 179.3685 		-25.3916 		26.4431
v 147.337 		-5.1734 		11.2331
v 179.3685 		-25.293 		26.3571
v 179.3685 		-25.331 		26.3905
v 179.3685 		-25.3904 		26.4421
v 147.3365 		-0.0223 		11.1201
v 87.6506 		-4.7357 		11.7251
v 179.3685 		-25.207 		26.2581
v 179.3685 		-25.1626 		26.1914
v 179.3685 		-25.1341 		26.1491
v 147.2448 		-4.7352 		11.7251
v 179.3685 		-25.0761 		26.0311
v 179.3685 		-25.0985 		26.0769
v 179.3685 		-25.1332 		26.1472
v 88.9084 		-4.2042 		10.5861
v 146.9083 		-0.6166 		10.2721
v 147.2445 		-5.2923 		11.4201
v 179.3685 		-25.0506 		25.9552
v 88.9076 		-3.7648 		10.7571
v 179.3685 		-25.0343 		25.9071
v 87.5591 		-4.6415 		11.5241
v 179.3685 		-25.034 		25.906
v 179.3685 		-23.5021 		24.6672
v 179.3685 		-23.5021 		27.0001
v 147.0983 		-4.8155 		11.8981
v 177.755 		5.9992 		9.0286
v 177.7551 		5.9992 		9.0287
v 179.3685 		-26.1308 		24.6542
v 147.0991 		-5.395 		11.5801
v 179.3685 		-26.2593 		24.6791
v 87.5276 		-4.5409 		11.308
v 179.3685 		-26.3834 		24.7211
v 176.1276 		5.9992 		10.1001
v 176.1276 		5.9993 		10.1001
v 175.5418 		5.9993 		10.2991
v 147.2452 		-0.0212 		10.2261
v 176.7433 		5.9992 		9.7971
v 89.0987 		-4.2659 		10.719
v 177.3142 		5.9992 		9.4151
v 177.3122 		5.9992 		9.4165
v 146.9079 		-4.8778 		12.0311
v 179.3686 		-27.0005 		25.6481
v 179.3686 		-26.9924 		25.7792
v 179.3685 		-26.9767 		25.8575
v 179.3685 		-26.9665 		25.9071
v 179.3685 		-26.9408 		25.9831
v 179.3686 		-26.9248 		26.0312
v 147.3366 		0.1281 		10.3891
v 179.3686 		-26.8894 		26.1034
v 179.3686 		-26.8666 		26.1491
v 175.4769 		5.9993 		10.3211
v 175.4769 		5.9993 		10.3211
v 175.3804 		5.9993 		10.3403
v 179.3686 		-26.8217 		26.2159
v 179.3686 		-26.7936 		26.2581
v 179.3686 		-26.7076 		26.3571
v 89.245 		-4.3464 		10.8911
v 179.3686 		-26.9924 		25.5171
v 173.5294 		5.9994 		8.2396
v 146.2092 		-4.9168 		12.1141
v 146.4476 		-4.9299 		12.1421
v 179.3686 		-26.5007 		24.7792
v 89.3364 		-4.4406 		11.0931
v 179.3686 		-26.5673 		24.8238
v 179.3685 		-26.6092 		24.8521
v 87.6508 		-5.8055 		11.0441
v 174.8039 		5.9998 		10.4551
v 179.3686 		-26.6692 		24.9054
v 179.3686 		-26.7076 		24.9391
v 179.3686 		-26.7936 		25.0371
v 179.3686 		-26.8385 		25.1039
v 179.3686 		-26.8667 		25.1461
v 179.3686 		-26.902 		25.2184
v 179.3686 		-26.9248 		25.2642
v 179.3686 		-26.9505 		25.3401
v 179.3686 		-26.9665 		25.3881
v 147.3678 		-0.6513 		11.2241
v 174.3499 		5.9993 		10.4849
v 173.8521 		5.9994 		10.4826
v 179.3686 		-26.9821 		25.4671
v 175.2695 		5.9993 		9.5466
v 179.3685 		-25.0181 		25.8288
v 179.3685 		-25.0082 		25.7792
v 87.5592 		-5.7502 		10.133
v 147.3367 		-0.5418 		11.4351
v 179.3685 		-25.0001 		25.6481
v 174.8039 		5.9993 		10.4551
v 174.8039 		5.9993 		10.4551
v 179.3685 		-25.0082 		25.5171
v 88.21 		-3.292 		10.7781
v 88.2097 		-2.8357 		10.8281
v 179.3685 		-25.0244 		25.4381
v 179.3685 		-25.0343 		25.3881
v 179.3685 		-25.0598 		25.3122
v 179.3685 		-25.0761 		25.2642
v 147.2443 		-0.439 		11.6321
v 173.5294 		5.9994 		10.4614
v 179.3685 		-25.1117 		25.1919
v 87.5592 		-5.6629 		10.874
v 179.3685 		-25.1341 		25.1461
v 146.6861 		-4.9166 		12.1141
v 179.3685 		-25.1786 		25.0794
v 179.3685 		-25.207 		25.0371
v 88.4476 		-3.2863 		10.7481
v 87.5281 		-5.0456 		11.032
v 179.3685 		-25.293 		24.9391
v 179.3685 		-25.3536 		24.8859
v 179.3685 		-25.3916 		24.8521
v 147.0988 		-0.3509 		11.8011
v 179.3685 		-25.4577 		24.8074
v 179.3685 		-25.4999 		24.7792
v 87.5276 		-5.5095 		10.691
v 179.3685 		-25.6172 		24.7211
v 179.3685 		-25.7412 		24.6791
v 179.3685 		-25.8697 		24.6542
v 147.3361 		-5.7497 		10.1331
v 88.6861 		-3.2914 		10.7781
v 179.3685 		-25.9501 		24.6486
v 179.3685 		-26.0004 		24.6451
v 179.0269 		-29.5004 		7.0878
v 179.3685 		-26.08 		24.6507
v 178.8263 		-29.5004 		7.0301
v 178.9687 		-29.5004 		7.2591
v 146.4479 		0.3689 		11.6791
v 147.3679 		-5.9251 		10.2941
v 179.0023 		-29.5004 		7.1603
v 147.2449 		0.1041 		11.3021
v 88.9078 		-3.3076 		10.8691
v 179.3686 		-29.5003 		18.9981
v 178.8263 		-29.5004 		7.5481
v 178.9687 		-29.5004 		7.2591
v 178.9687 		-29.5004 		7.2591
v 87.5592 		-5.3562 		10.5091
v 179.3685 		-23.5021 		18.9981
v 178.9687 		-29.5004 		7.2591
v 147.337 		-5.6629 		10.8741
v 147.0987 		0.2133 		11.4581
v 87.5593 		-4.9173 		10.831
v 147.3365 		-6.1004 		10.4541
v 87.7973 		-3.3331 		11.0131
v 175.4116 		-29.5005 		6.9352
v 175.4233 		-29.5005 		6.9694
v 176.1692 		-29.5004 		6.6444
v 175.4411 		-29.5005 		6.9617
v 146.9078 		0.2983 		11.5781
v 178.6651 		-29.501 		7.8751
v 147.2451 		-5.805 		11.0441
v 87.9875 		-3.3075 		10.8691
v 87.9883 		-3.7652 		10.7571
v 87.6511 		-5.214 		10.3391
v 179.3686 		-29.5003 		27.0001
v 146.6857 		0.3505 		11.6531
v 179.3683 		5.9991 		21.305
v 88.2096 		-3.7376 		10.6691
v 147.2448 		-6.2645 		10.6041
v 87.7976 		-5.0912 		10.193
v 147.0988 		-6.4048 		10.7331
v 146.2098 		-0.2409 		12.0121
v 88.4478 		-3.7287 		10.6391
v 146.4479 		-0.2262 		12.0401
v 146.9079 		-6.5127 		10.8321
v 88.2094 		-5.5229 		11.7811
v 88.4481 		-5.5396 		11.8081
v 179.3683 		5.9991 		27.0001
v 88.6865 		-3.7374 		10.6691
v 179.3682 		0.5011 		32.3252
v 87.988 		-5.4735 		11.704
v 179.3682 		5.9827 		27.0001
v 146.9075 		-0.2829 		11.9301
v 89.2447 		-3.3661 		11.2011
v 145.6508 		-5.2133 		10.3391
v 179.3661 		5.9827 		27.0001
v 146.6858 		-0.2402 		12.0121
v 89.3367 		-3.4044 		11.4191
v 87.7968 		-5.3952 		11.5801
v 179.3683 		0.5011 		32.5021
v 89.3365 		-3.9328 		11.29
v 145.7968 		-5.0913 		10.1931
v 173.5294 		5.983 		27.0001
v 88.6863 		-5.5228 		11.7811
v 89.3682 		-3.4463 		11.6541
v 179.368 		4.6481 		34.0431
v 89.3682 		-4.0047 		11.5171
v 146.6862 		-1.0619 		10.4351
v 145.6513 		-5.8053 		11.0441
v 88.2099 		-6.0805 		11.372
v 88.4475 		-6.1012 		11.396
v 146.9078 		-1.0196 		10.5171
v 145.5588 		-5.6622 		10.8741
v 89.337 		-3.4873 		11.8881
v 147.0981 		-0.9514 		10.6461
v 87.9881 		-6.0216 		11.3021
v 145.5282 		-5.5092 		10.6911
v 89.245 		-3.526 		12.107
v 179.3681 		-22.5558 		41.3321
v 179.3683 		-18.5426 		43.6491
v 179.3681 		-14.0673 		44.8481
v 87.7977 		-5.9277 		11.1901
v 147.2449 		-1.3355 		11.0231
v 145.5588 		-5.7495 		10.1331
v 89.368 		-4.5412 		11.3081
v 145.5593 		-5.3568 		10.5091
v 89.3368 		-4.0766 		11.7441
v 146.4483 		-1.4926 		10.5911
v 146.6862 		-1.4824 		10.6201
v 87.6511 		-5.2933 		11.42
v 89.2451 		-4.1431 		11.956
v 87.5592 		-5.1735 		11.2331
v 146.9077 		-1.4503 		10.7061
v 179.3682 		-2.8754 		42.6221
v 89.0989 		-4.2005 		12.137
v 87.6512 		-3.5262 		12.107
v 88.2098 		-6.5802 		10.894
v 147.0984 		-1.8708 		10.9811
v 179.3682 		-7.1564 		44.3951
v 147.0979 		-1.4005 		10.8441
v 87.988 		-6.5133 		10.8321
v 173.9342 		-29.5003 		5.5001
v 173.9747 		-29.5003 		5.5001
v 174.0154 		-29.5004 		5.5001
v 146.2099 		-6.0811 		11.3721
v 174.0182 		-29.5003 		5.5001
v 146.448 		-6.1009 		11.3961
v 175.4895 		-29.5005 		7.1647
v 175.7974 		-29.5005 		8.0721
v 87.7977 		-2.3556 		11.056
v 177.9799 		-29.5004 		8.0722
v 174.0332 		-29.5003 		5.5001
v 176.6747 		-29.5004 		8.0721
v 174.08 		-29.5003 		5.5001
v 174.0861 		-29.5003 		5.5001
v 177.4845 		-29.5004 		6.6443
v 87.7975 		-1.8706 		10.9811
v 174.0982 		-29.5003 		5.5001
v 178.5336 		-29.5004 		8.0722
v 178.6651 		-29.5004 		7.8751
v 147.0986 		-5.9278 		11.1901
v 174.0477 		-29.5003 		5.5001
v 174.0569 		-29.5003 		5.5001
v 145.9881 		-0.6164 		10.2721
v 87.7969 		-1.4004 		10.844
v 87.9883 		-2.368 		10.9101
v 174.119 		-29.5003 		5.5001
v 146.9074 		-5.4738 		11.7041
v 175.8684 		-29.5005 		8.2815
v 176.5026 		-29.5004 		9.9155
v 176.7431 		-29.5005 		9.7971
v 146.9075 		-6.0219 		11.3021
v 146.2097 		-0.6694 		10.1971
v 179.3685 		-23.5021 		30.3989
v 179.3682 		-28.8958 		31.8441
v 174.052 		-29.5003 		5.5001
v 87.9875 		-1.9023 		10.838
v 146.448 		-0.687 		10.1711
v 179.3685 		-25.8328 		38.0561
v 146.6863 		-5.5234 		11.7811
v 146.686 		-6.0804 		11.3721
v 146.6858 		-0.6688 		10.1971
v 179.3683 		-29.3485 		29.5671
v 146.4481 		-5.5403 		11.8081
v 146.2099 		-5.5227 		11.7811
v 173.5306 		-29.5004 		5.5001
v 173.686 		-29.5004 		5.5001
v 173.9212 		-29.5003 		5.5001
v 173.9272 		-29.5003 		5.5001
v 145.6508 		-0.8633 		10.8151
v 145.9877 		-4.8777 		12.0311
v 173.7932 		-29.5003 		5.5001
v 173.869 		-29.5003 		5.5001
v 145.7972 		-0.9519 		10.6461
v 179.3685 		-29.4839 		27.0001
v 145.7974 		-4.816 		11.8981
v 179.3684 		-29.484 		27.0001
v 145.9876 		-1.0194 		10.5171
v 145.5592 		-5.1741 		11.2331
v 146.2098 		-1.0613 		10.4351
v 173.5294 		5.9992 		3.9761
v 173.5294 		5.9992 		3.8277
v 173.5294 		5.9992 		3.0513
v 173.5294 		5.9993 		2.5857
v 173.5294 		5.9993 		0.0001
v 173.5294 		5.9993 		0.0388
v 173.5294 		5.9985 		0.0388
v 173.5294 		5.9974 		0.0388
v 173.5294 		5.9993 		5.0001
v 173.5294 		5.9993 		4.2293
v 146.4473 		-1.0761 		10.4071
v 173.5294 		5.9992 		4.2402
v 173.5294 		5.9991 		4.91
v 173.5294 		5.9991 		4.8355
v 173.5294 		5.9991 		4.6609
v 173.5294 		5.9991 		4.4823
v 173.5294 		5.9991 		4.7979
v 145.988 		-5.4742 		11.7041
v 145.9873 		-6.0218 		11.3021
v 147.3367 		-1.2587 		11.2311
v 145.7973 		-5.395 		11.5801
v 147.3677 		-1.1775 		11.4551
v 145.7969 		-5.9278 		11.1901
v 173.5302 		-19.0001 		0.0001
v 154.7241 		-19.0002 		0.0001
v 168.8681 		5.9993 		0.0001
v 173.433 		-19.0001 		0.0451
v 147.3365 		-1.0966 		11.6791
v 173.2338 		-19.0001 		0.0848
v 173.051 		-19.0001 		0.1212
v 145.6508 		-5.2925 		11.4201
v 147.245 		-1.0207 		11.8881
v 173.433 		-29.5005 		0.0451
v 172.1093 		-29.5007 		0.4001
v 172.76 		-29.5001 		0.1791
v 147.0982 		-6.8181 		10.2181
v 87.7974 		-6.4055 		10.7331
v 88.2099 		-2.3763 		10.818
v 87.651 		-6.2641 		10.6041
v 169.5725 		-29.5005 		2.6251
v 169.954 		-29.5004 		2.0541
v 176.5421 		-29.5004 		9.8961
v 88.2095 		-1.9222 		10.749
v 170.4068 		-29.5003 		1.5381
v 177.3141 		-29.5007 		9.4151
v 177.7462 		-29.5004 		9.0367
v 178.3427 		-29.5004 		8.3582
v 146.9076 		-6.9377 		10.3021
v 87.5595 		-6.1009 		10.454
v 88.4478 		-1.9295 		10.7181
v 176.7431 		-29.5004 		9.7971
v 177.3141 		-29.5004 		9.4151
v 177.3141 		-29.5004 		9.4151
v 177.3141 		-29.5004 		9.4151
v 146.2098 		-6.5808 		10.8941
v 146.4473 		-6.6038 		10.9151
v 170.9226 		-29.5004 		1.0851
v 87.6512 		-1.3351 		11.023
v 171.4936 		-29.5005 		0.7031
v 145.9877 		-6.5126 		10.8321
v 174.7743 		-29.5005 		10.2317
v 174.7743 		-29.5005 		10.4571
v 174.8037 		-29.5005 		10.4551
v 174.8189 		-29.5005 		10.4521
v 174.8037 		-29.5005 		10.4551
v 174.8037 		-29.5005 		10.4551
v 174.8037 		-29.5005 		10.4551
v 147.0983 		-0.955 		12.0671
v 87.6508 		-1.6302 		12.0651
v 87.5278 		-5.9255 		10.2941
v 89.3365 		-6.7809 		6.609
v 89.335 		-6.7773 		6.609
v 89.3305 		-6.7663 		6.609
v 89.3585 		-6.9452 		6.609
v 88.6861 		-6.1385 		6.7121
v 88.686 		-6.1132 		6.609
v 88.5348 		-6.0931 		6.609
v 88.7333 		-6.1333 		6.609
v 87.5592 		-1.6784 		11.849
v 88.7334 		-6.1334 		6.609
v 87.9877 		-6.9383 		10.3021
v 88.908 		-6.2296 		6.6971
v 88.9081 		-6.208 		6.609
v 88.7345 		-6.1338 		6.609
v 147.2447 		-1.8294 		11.1671
v 88.9398 		-6.2331 		6.609
v 87.5275 		-1.7305 		11.616
v 88.94 		-6.2332 		6.609
v 88.9413 		-6.2343 		6.609
v 87.7973 		-6.8179 		10.2181
v 89.099 		-6.3732 		6.6711
v 89.0989 		-6.3581 		6.609
v 89.1136 		-6.3776 		6.609
v 147.3363 		-1.7813 		11.3841
v 89.1137 		-6.3778 		6.609
v 87.5593 		-1.7818 		11.3841
v 89.2443 		-6.5612 		6.6381
v 89.2443 		-6.554 		6.609
v 147.3676 		-1.7301 		11.6161
v 89.116 		-6.3808 		6.609
v 173.1332 		-29.5004 		5.5001
v 173.186 		-29.5004 		5.5001
v 89.2477 		-6.5624 		6.609
v 89.2477 		-6.5625 		6.609
v 173.3088 		-29.5004 		5.5001
v 89.249 		-6.5657 		6.609
v 89.3054 		-6.7052 		6.609
v 147.3371 		-1.6783 		11.8491
v 87.6504 		-1.8299 		11.1671
v 89.3147 		-6.7281 		6.609
v 89.3367 		-6.8386 		7.1401
v 172.9436 		-29.5004 		5.5001
v 147.2446 		-1.6306 		12.0651
v 89.3364 		-6.8269 		7.6851
v 173.5154 		-29.5004 		5.5001
v 88.2095 		-4.2718 		12.3651
v 88.4477 		-4.2813 		12.394
v 87.6513 		-2.259 		12.1621
v 87.9883 		-4.2443 		12.277
v 87.559 		-2.278 		11.941
v 88.6862 		-6.1891 		7.1691
v 172.8945 		-29.5004 		5.5001
v 172.8949 		-29.5006 		5.5001
v 145.9882 		-0.2832 		11.9301
v 88.6862 		-6.1788 		7.6281
v 87.5274 		-2.2992 		11.704
v 145.7974 		-0.9555 		12.0671
v 171.8466 		-29.5006 		5.8591
v 171.767 		-29.5006 		5.8759
v 87.5595 		-2.3196 		11.467
v 171.767 		-29.5006 		5.8961
v 88.6859 		-4.2725 		12.3651
v 88.9081 		-6.2802 		7.165
v 145.6512 		-1.021 		11.8881
v 88.9082 		-6.2699 		7.6361
v 87.6507 		-2.3391 		11.245
v 172.6166 		-29.5003 		5.5001
v 172.2191 		-29.5002 		5.5001
v 171.7672 		-29.5002 		5.5001
v 168.8681 		0.8007 		39.8011
v 89.0985 		-6.427 		7.1581
v 171.0681 		-29.5006 		6.0241
v 168.8682 		0.5011 		18.9981
v 171.4923 		-29.5006 		6.0241
v 89.0991 		-6.4158 		7.6491
v 168.8682 		0.5011 		27.0001
v 171.8549 		0.5011 		27.0001
v 168.8723 		0.5011 		27.0001
v 168.8702 		0.5011 		27.0001
v 168.8685 		0.5011 		27.0001
v 168.8684 		0.5011 		27.0001
v 168.8681 		-29.5007 		12.6361
v 168.8681 		3.6213 		36.1251
v 169.414 		-29.5004 		5.5001
v 172.9898 		-29.5006 		7.9753
v 172.9271 		-29.5006 		8.0721
v 169.4138 		-29.5007 		6.9927
v 170.2369 		-29.5007 		6.6091
v 172.9571 		-29.5006 		8.0721
v 169.4138 		-29.5007 		6.3749
v 146.6859 		-6.5802 		10.8941
v 89.245 		-6.6167 		7.15
v 87.5597 		-1.2592 		11.2311
v 170.4408 		-29.5007 		6.5141
v 89.2442 		-6.6059 		7.665
v 171.7341 		-29.5006 		9.9155
v 145.7969 		0.7292 		11.0451
v 172.1093 		-29.5007 		10.1001
v 172.8364 		-29.5006 		8.4303
v 172.7602 		-19.0001 		0.1791
v 172.7599 		-19.0001 		0.1791
v 171.8135 		-29.5006 		9.9546
v 146.6856 		-7.0132 		10.3551
v 172.1093 		-29.5007 		10.1001
v 172.1093 		-29.5007 		10.1001
v 172.1093 		-29.5007 		10.1001
v 172.5676 		-19.0001 		0.2445
v 172.1093 		-19.0001 		0.4001
v 172.2566 		-29.5006 		10.1502
v 145.6507 		1.0394 		10.4451
v 171.4936 		-19.0001 		0.7031
v 171.3246 		-19.0001 		0.8161
v 170.9225 		-19.0001 		1.0851
v 87.7972 		-2.8459 		11.066
v 172.1093 		-29.5006 		10.1001
v 170.6487 		-19.0001 		1.3256
v 172.1093 		-29.5006 		10.1001
v 89.3683 		-7.0196 		6.609
v 89.368 		-7.0172 		6.609
v 89.3656 		-6.9986 		6.609
v 89.3413 		-7.2229 		6.609
v 146.2101 		-7.013 		10.3551
v 146.4478 		-7.0395 		10.3731
v 89.3368 		-7.2575 		6.609
v 170.4067 		-19.0001 		1.5381
v 89.3366 		-7.2588 		6.609
v 169.9539 		-19.0001 		2.0541
v 145.5592 		0.8694 		10.3021
v 89.2632 		-7.4355 		6.609
v 169.5721 		-19.0001 		2.6251
v 169.5737 		-19.0001 		2.6228
v 169.2098 		-29.5007 		7.0878
v 87.9883 		-2.8391 		10.92
v 89.2445 		-7.4809 		6.609
v 89.0989 		-7.6727 		6.609
v 169.8408 		-19.0001 		2.223
v 89.0986 		-7.6731 		6.609
v 169.0472 		-29.5009 		6.6091
v 89.1346 		-7.6258 		6.609
v 168.8681 		-26.2602 		26.6161
v 169.4825 		-19.0001 		2.8073
v 168.8681 		-26.1317 		26.6421
v 88.9609 		-7.779 		6.609
v 168.8681 		-26.1226 		26.6427
v 169.268 		-19.0001 		3.2411
v 169.0472 		-29.5007 		6.6091
v 169.0473 		-19.0001 		3.8911
v 88.9081 		-7.8197 		6.609
v 88.8599 		-7.8396 		6.609
v 168.9135 		-19.0001 		4.564
v 168.8681 		-26.1317 		24.6541
v 168.9133 		-19.0001 		4.5651
v 88.2812 		-7.921 		6.609
v 88.4478 		-7.9432 		6.609
v 168.8681 		-26.2602 		24.6791
v 169.0075 		-19.0001 		4.0905
v 88.4492 		-7.943 		6.609
v 168.9 		-19.0001 		4.7677
v 88.2102 		-7.9117 		6.609
v 87.9897 		-7.8203 		6.609
v 168.8681 		-19.0001 		5.2501
v 87.9879 		-7.8195 		6.609
v 168.8681 		-26.5016 		26.5161
v 88.0505 		-7.8457 		6.609
v 168.8681 		-19.0001 		5.5001
v 168.8681 		-26.3843 		26.5741
v 168.8845 		-19.0001 		5.5001
v 168.8845 		-21.349 		5.5001
v 145.6515 		0.6001 		10.9041
v 87.8454 		-7.7094 		6.609
v 168.8814 		-19.0001 		5.4528
v 87.7972 		-7.6724 		6.609
v 87.5592 		-2.8847 		11.954
v 170.6744 		5.9995 		6.6527
v 170.826 		5.9995 		6.6139
v 87.7075 		-7.5554 		6.609
v 170.6744 		5.9995 		6.7068
v 172.374 		5.9994 		8.0721
v 172.9612 		5.9994 		7.2552
v 145.5587 		0.4503 		10.7401
v 172.8374 		5.9994 		8.0721
v 88.7517 		-7.8844 		6.609
v 88.6866 		-7.9114 		6.609
v 88.6859 		-7.9117 		6.609
v 145.9882 		-6.938 		10.3021
v 87.5275 		-2.8737 		11.7161
v 88.5204 		-7.9336 		6.609
v 171.2508 		5.9995 		9.6347
v 171.2509 		5.9995 		9.6346
v 171.4937 		5.9998 		9.7971
v 89.3674 		-7.0766 		7.1301
v 172.7728 		5.9994 		8.499
v 172.5855 		5.9994 		10.2619
v 172.829 		5.9994 		10.3349
v 172.829 		5.9994 		10.3348
v 145.5275 		0.6875 		10.1491
v 173.4332 		5.9998 		10.4551
v 168.8681 		-26.9933 		25.7791
v 168.8681 		-27.0013 		25.6481
v 89.3676 		-7.0641 		7.7051
v 168.8681 		-26.9669 		25.9071
v 168.8681 		-26.9915 		25.7881
v 145.5277 		0.2898 		10.5651
v 87.5593 		-2.8642 		11.478
v 172.8996 		5.9994 		10.349
v 168.8681 		-26.9257 		26.0311
v 168.8681 		-26.964 		25.9158
v 168.8681 		-26.8671 		26.1491
v 168.8681 		-26.9216 		26.0394
v 172.1094 		5.9996 		10.1001
v 172.5097 		5.9994 		10.2361
v 168.8681 		-26.7945 		26.2581
v 168.8681 		-26.8619 		26.1568
v 89.3366 		-7.3016 		7.7261
v 168.8681 		-26.7085 		26.3571
v 168.8681 		-26.6096 		26.4431
v 168.8681 		-26.7016 		26.3632
v 171.4937 		5.9995 		9.7971
v 171.4937 		5.9995 		9.7971
v 168.8681 		-26.602 		26.4482
v 89.3365 		-7.3142 		7.12
v 168.8681 		-26.9933 		25.5171
v 172.1094 		5.9994 		10.1001
v 168.8845 		-22.1182 		5.5001
v 87.6512 		-2.8541 		11.2571
v 173.4332 		5.9994 		10.4551
v 173.4332 		5.9994 		10.4551
v 145.7973 		-6.8185 		10.2181
v 145.5592 		0.1283 		10.3891
v 169.0472 		-29.5009 		3.8911
v 169.268 		-29.5006 		3.2411
v 89.2452 		-7.5222 		7.745
v 87.5592 		-3.4879 		11.8881
v 89.2445 		-7.5356 		7.1101
v 170.4544 		5.9995 		6.7091
v 146.2095 		0.8898 		11.2201
v 170.4544 		5.9995 		6.8416
v 89.0984 		-7.7126 		7.762
v 145.797 		-6.4047 		10.7331
v 146.2101 		0.3507 		11.6531
v 87.5277 		-3.446 		11.6541
v 169.1913 		5.9996 		7.0327
v 169.2682 		5.9997 		7.2591
v 89.0986 		-7.7265 		7.1021
v 145.6511 		-6.2647 		10.6041
v 169.3852 		5.9996 		7.4969
v 168.8681 		-29.5007 		5.2501
v 168.9134 		-29.4999 		4.5651
v 168.8681 		-29.5007 		5.5001
v 168.8846 		-29.5004 		5.5001
v 88.9083 		-7.8578 		7.775
v 87.5589 		-3.4051 		11.4191
v 169.2682 		5.9996 		7.2591
v 169.0174 		-29.5007 		6.459
v 145.9883 		0.8277 		11.1521
v 145.9884 		0.298 		11.5781
v 169.0283 		-29.5007 		6.5141
v 168.8683 		5.9993 		6.6091
v 87.6509 		-3.3664 		11.2011
v 145.5587 		-6.101 		10.4541
v 168.8846 		-29.4985 		5.5001
v 88.9079 		-7.8725 		7.0951
v 168.8681 		-19.0001 		6.6091
v 145.5274 		-5.9248 		10.2941
v 145.7974 		0.2142 		11.4581
v 147.2448 		-6.5609 		6.6381
v 147.2449 		-6.5538 		6.6091
v 147.1627 		-6.4442 		6.6091
v 147.2482 		-6.5621 		6.6091
v 89.0984 		-1.5898 		12.2511
v 147.2442 		-6.6169 		7.1501
v 147.2482 		-6.5622 		6.6091
v 88.6864 		-7.9494 		7.7831
v 147.3083 		-6.7119 		6.6091
v 147.2496 		-6.5655 		6.6091
v 145.6516 		0.1048 		11.3021
v 88.9075 		-1.5576 		12.394
v 88.6861 		-7.9642 		7.0911
v 147.3088 		-6.7132 		6.6091
v 147.2448 		-6.6057 		7.6651
v 147.3146 		-6.7275 		6.6091
v 168.8681 		-26.3843 		24.7211
v 147.3347 		-6.7765 		6.6091
v 168.8681 		-26.5016 		24.7791
v 168.8681 		-26.6096 		24.8521
v 168.8681 		-26.5092 		24.7842
v 147.3362 		-6.7802 		6.6091
v 147.3396 		-6.8064 		6.6091
v 168.8681 		-26.7085 		24.9391
v 168.8681 		-26.6164 		24.8582
v 168.8681 		-26.7945 		25.0371
v 145.5587 		-0.023 		11.1201
v 88.4478 		-0.8633 		12.3201
v 168.8681 		-26.8671 		25.1461
v 168.8681 		-26.7996 		25.0448
v 88.21 		-0.8734 		12.29
v 168.8681 		-26.9257 		25.2641
v 168.8681 		-26.8711 		25.1544
v 145.5275 		-0.1593 		10.9251
v 168.8681 		-26.9669 		25.3881
v 168.8681 		-26.9286 		25.2728
v 168.8681 		-26.9687 		25.3972
v 88.2094 		-7.9496 		7.7831
v 168.8681 		-26.0006 		26.6501
v 88.2099 		-1.5375 		12.484
v 168.8681 		-25.8706 		26.6421
v 168.8681 		-25.9914 		26.6496
v 168.8681 		-25.7421 		26.6161
v 88.4479 		-7.981 		7.786
v 168.8681 		-25.6181 		26.5741
v 173.4332 		5.9998 		0.0451
v 88.4481 		-1.5309 		12.515
v 168.8681 		-25.5008 		26.5161
v 145.5593 		-0.761 		11.0121
v 172.1095 		5.9996 		0.4001
v 88.21 		-7.9648 		7.0911
v 171.4937 		5.9998 		0.7031
v 173.3167 		5.9993 		3.8608
v 173.2136 		5.9993 		3.0653
v 173.2798 		5.9993 		3.8124
v 88.4476 		-7.9958 		7.09
v 168.8681 		-25.4932 		26.511
v 145.5594 		-0.2957 		10.7301
v 168.8681 		-25.392 		26.4431
v 172.7597 		5.9994 		0.1791
v 168.8681 		-25.2939 		26.3571
v 168.8681 		-25.3851 		26.4371
v 173.0556 		5.9993 		1.2835
v 87.9876 		-0.905 		12.204
v 170.7435 		5.9993 		3.3017
v 170.6743 		5.9993 		3.2514
v 87.988 		-7.8576 		7.775
v 171.652 		5.9993 		3.9761
v 168.8681 		-25.2079 		26.2581
v 171.1082 		5.9993 		0.9609
v 168.8681 		-25.1345 		26.1491
v 168.8681 		-25.2028 		26.2505
v 172.6655 		5.9993 		0.2111
v 172.1095 		5.9993 		0.4001
v 172.1095 		5.9993 		0.4001
v 168.8681 		-25.0767 		26.0311
v 168.8681 		-25.1305 		26.1409
v 171.4937 		5.9993 		0.7031
v 146.2095 		-4.2724 		12.3651
v 168.8681 		-25.0347 		25.9071
v 168.8681 		-25.0738 		26.0225
v 146.4477 		-4.2819 		12.3941
v 87.9877 		-7.8724 		7.0951
v 168.8681 		-25.0091 		25.7791
v 168.8681 		-25.0328 		25.8982
v 173.4332 		5.9993 		0.0451
v 168.8681 		-25.001 		25.6481
v 173.4332 		5.9993 		0.0451
v 172.7597 		5.9993 		0.1791
v 172.7597 		5.9993 		0.1791
v 168.8681 		-25.0091 		25.5171
v 172.7608 		5.9993 		0.1789
v 168.8681 		-25.0109 		25.5081
v 87.7971 		-7.7117 		7.762
v 168.8681 		-25.0347 		25.3881
v 168.8681 		-25.0767 		25.2641
v 168.8681 		-25.0376 		25.3795
v 146.9077 		-4.2446 		12.2771
v 172.421 		5.9993 		4.547
v 88.9078 		-0.9052 		12.204
v 145.6505 		-0.4231 		10.5481
v 168.8681 		-25.1345 		25.1461
v 168.8681 		-25.0808 		25.2559
v 171.6683 		5.9993 		4.9277
v 170.6743 		5.9993 		4.4257
v 168.8681 		-25.2079 		25.0371
v 168.8681 		-25.1396 		25.1385
v 87.7968 		-7.7265 		7.1021
v 145.6514 		-0.0215 		10.2261
v 168.8681 		-25.2939 		24.9391
v 171.9261 		5.9993 		5.2501
v 171.7262 		5.9993 		5.5001
v 170.6743 		5.9994 		5.5001
v 168.8681 		-25.392 		24.8521
v 168.8681 		-25.3008 		24.933
v 146.6864 		-4.2722 		12.3651
v 168.8681 		-25.5008 		24.7791
v 168.8681 		-25.3996 		24.847
v 170.6743 		5.9993 		4.2794
v 88.6864 		-0.8741 		12.29
v 168.8681 		-25.6181 		24.7211
v 168.8681 		-25.7421 		24.6791
v 170.4548 		5.9993 		3.0916
v 168.8681 		-25.8706 		24.6541
v 170.4548 		5.9993 		4.3148
v 168.8681 		-26.0006 		24.6451
v 168.8681 		-25.8798 		24.6535
v 88.6855 		-1.5377 		12.484
v 168.8681 		-26.0097 		24.6458
v 170.4546 		5.9994 		5.5001
v 145.7976 		-0.5328 		10.3921
v 146.2097 		-6.1384 		6.7121
v 146.2096 		-6.1131 		6.6091
v 146.1619 		-6.1335 		6.6091
v 146.2589 		-6.1066 		6.6091
v 170.4548 		5.9993 		4.2457
v 169.5713 		5.9994 		2.6251
v 169.6509 		5.9993 		2.5063
v 169.2682 		5.9997 		3.2411
v 169.0474 		5.9994 		3.8911
v 169.5713 		5.9993 		2.6251
v 169.5713 		5.9993 		2.6251
v 169.5765 		5.9993 		2.6174
v 145.6509 		-3.8667 		11.0781
v 169.2682 		5.9993 		3.2411
v 169.2682 		5.9993 		3.2411
v 169.0474 		5.9993 		3.8911
v 169.0304 		5.9993 		3.9761
v 146.2589 		-6.1066 		6.6091
v 168.9131 		5.9996 		4.5651
v 170.2584 		5.9993 		4.2157
v 168.8681 		-29.5007 		27.0001
v 146.266 		-6.1056 		6.6091
v 145.7971 		-0.3509 		11.8011
v 146.4477 		-6.1076 		6.7181
v 146.4477 		-6.081 		6.6091
v 146.502 		-6.0884 		6.6091
v 168.8683 		5.9996 		5.2501
v 89.2451 		-2.8942 		12.176
v 88.21 		-6.1391 		6.7121
v 88.21 		-6.1139 		6.609
v 88.0332 		-6.1886 		6.609
v 88.0263 		-6.1915 		6.609
v 146.502 		-6.0884 		6.6091
v 168.8683 		5.9996 		5.5001
v 88.2609 		-6.107 		6.609
v 168.8846 		5.9996 		5.5001
v 145.6511 		-0.4384 		11.6321
v 146.6861 		-6.1391 		6.7121
v 146.6861 		-6.1138 		6.6091
v 146.5053 		-6.0888 		6.6091
v 88.2661 		-6.1063 		6.609
v 88.448 		-6.1084 		6.7181
v 88.4479 		-6.0816 		6.609
v 168.9131 		5.9993 		4.5651
v 168.9131 		5.9993 		4.5651
v 88.5048 		-6.0891 		6.609
v 168.9138 		5.9993 		4.5614
v 169.0205 		5.9993 		4.026
v 168.8683 		5.9993 		5.2501
v 88.5048 		-6.0891 		6.609
v 168.8683 		5.9993 		5.2501
v 88.4473 		-2.2187 		12.62
v 168.8683 		5.9993 		5.5001
v 145.7971 		-3.8093 		10.8961
v 88.5055 		-6.0892 		6.609
v 145.5594 		-0.5416 		11.4351
v 168.8846 		5.9993 		5.5001
v 88.2097 		-6.1884 		7.1691
v 146.7341 		-6.1343 		6.6091
v 146.7342 		-6.1343 		6.6091
v 88.2093 		-6.179 		7.6281
v 146.7343 		-6.1344 		6.6091
v 146.9077 		-6.2288 		6.6971
v 89.0981 		-2.2422 		12.3521
v 146.9076 		-6.2074 		6.6091
v 146.9395 		-6.2324 		6.6091
v 145.5274 		-0.651 		11.2241
v 89.0983 		-2.9019 		12.366
v 146.9397 		-6.2325 		6.6091
v 88.4478 		-6.1576 		7.1701
v 147.0982 		-6.3734 		6.6711
v 147.0982 		-6.3582 		6.6091
v 146.9412 		-6.2337 		6.6091
v 147.1133 		-6.3782 		6.6091
v 88.4478 		-6.1473 		7.6251
v 146.2095 		-1.9228 		10.7491
v 147.1133 		-6.3783 		6.6091
v 88.9075 		-2.2298 		12.4981
v 147.1153 		-6.3809 		6.6091
v 146.4483 		-1.9292 		10.7181
v 88.9081 		-2.9091 		12.512
v 146.1552 		-6.1363 		6.6091
v 146.4483 		-6.1574 		7.1701
v 87.6511 		-6.5605 		6.6381
v 87.6511 		-6.5535 		6.609
v 87.6465 		-6.5648 		6.609
v 88.6858 		-2.2215 		12.5891
v 87.6546 		-6.5487 		6.609
v 146.6864 		-1.9226 		10.7491
v 87.6546 		-6.5487 		6.609
v 57.1242 		3.4872 		0
v 66.4998 		-12.7507 		0
v 66.3391 		-10.3032 		0
v 66.0761 		-8.9811 		0
v 65.8606 		-7.8978 		0
v 87.6606 		-6.5407 		6.609
v 65.072 		-5.5753 		0
v 87.7972 		-6.3732 		6.6711
v 87.7973 		-6.3581 		6.609
v 63.9878 		-3.3752 		0
v 87.8132 		-6.3455 		6.609
v 62.6253 		-1.336 		0
v 88.6862 		-2.9134 		12.6041
v 61.0075 		0.5078 		0
v 59.871 		1.5049 		0
v 59.164 		2.1252 		0
v 87.8132 		-6.3455 		6.609
v 66.3452 		-15.1024 		0
v 145.9882 		-4.2046 		10.5861
v 63.2935 		-13.1174 		0
v 87.9878 		-6.2294 		6.6971
v 87.9878 		-6.2078 		6.609
v 87.8246 		-6.3365 		6.609
v 145.9874 		-3.7653 		10.7571
v 63.236 		-12.9998 		0
v 88.0225 		-6.1931 		6.609
v 63.1632 		-12.8908 		0
v 63.0764 		-12.7923 		0
v 62.9783 		-12.7058 		0
v 88.0225 		-6.1931 		6.609
v 62.8692 		-12.6326 		0
v 146.9076 		-2.3683 		10.9101
v 62.7521 		-12.5755 		0
v 62.628 		-12.5329 		0
v 62.4991 		-12.507 		0
v 62.3683 		-12.4985 		0
v 146.9078 		-1.9031 		10.8381
v 62.238 		-12.5075 		0
v 62.1091 		-12.5323 		0
v 87.528 		-7.0193 		6.609
v 61.9851 		-12.5747 		0
v 87.5308 		-7.041 		6.609
v 87.5373 		-7.0914 		6.609
v 89.0986 		-3.5592 		12.2941
v 87.5587 		-6.7848 		6.609
v 87.5592 		-6.7807 		6.609
v 63.3621 		-13.3699 		0
v 63.336 		-13.2414 		0
v 87.5941 		-6.6951 		6.609
v 145.5592 		-4.441 		11.0931
v 87.581 		-6.7278 		6.609
v 88.9075 		-3.5844 		12.4381
v 88.9077 		-4.244 		12.277
v 59.871 		-5.9992 		0
v 87.6507 		-7.4812 		6.609
v 87.6524 		-7.4834 		6.609
v 147.0986 		-2.3557 		11.0561
v 87.6814 		-7.5214 		6.609
v 145.6504 		-4.3467 		10.8911
v 65.3868 		-19.0004 		0
v 65.8614 		-17.6034 		0
v 66.0355 		-16.7265 		0
v 66.3389 		-15.1977 		0
v 87.5735 		-7.2931 		6.609
v 61.3671 		-13.5004 		0
v 61.3756 		-13.6316 		0
v 87.5593 		-7.2587 		6.609
v 61.4009 		-13.7597 		0
v 61.4433 		-13.8836 		0
v 61.5009 		-14.0012 		0
v 61.5737 		-14.1102 		0
v 61.867 		-12.6332 		0
v 87.7972 		-6.4261 		7.1581
v 61.7581 		-12.7059 		0
v 146.6858 		-6.1883 		7.1691
v 61.6601 		-12.7918 		0
v 87.7973 		-6.4158 		7.6491
v 61.5739 		-12.8913 		0
v 145.9874 		-2.3682 		10.9101
v 61.5012 		-12.9995 		0
v 61.4428 		-13.117 		0
v 61.401 		-13.2416 		0
v 61.3756 		-13.3697 		0
v 146.9081 		-6.2808 		7.1651
v 61.6604 		-14.2087 		0
v 61.7585 		-14.2952 		0
v 146.2091 		-2.3764 		10.8181
v 61.8676 		-14.3684 		0
v 88.2098 		-3.601 		12.5291
v 61.9856 		-14.426 		0
v 62.1097 		-14.4686 		0
v 88.4483 		-3.6061 		12.56
v 62.2378 		-14.494 		0
v 62.3686 		-14.5025 		0
v 87.9879 		-6.28 		7.165
v 62.4997 		-14.494 		0
v 88.2097 		-2.9127 		12.6041
v 88.4479 		-2.9142 		12.6361
v 147.0981 		-6.4262 		7.1581
v 87.9874 		-6.2706 		7.6361
v 62.6278 		-14.4687 		0
v 62.7517 		-14.4263 		0
v 62.8693 		-14.3687 		0
v 168.8683 		5.9996 		24.4561
v 62.9788 		-14.2951 		0
v 146.4476 		-2.3792 		10.7871
v 63.0768 		-14.2092 		0
v 63.1638 		-14.1102 		0
v 63.2357 		-14.0015 		0
v 63.2941 		-13.884 		0
v 145.7973 		-4.6964 		10.4831
v 63.3367 		-13.7599 		0
v 63.3621 		-13.6318 		0
v 145.797 		-4.2665 		10.7191
v 63.3706 		-13.5011 		0
v 59.8709 		-20.0015 		0
v 59.1639 		-27.6258 		0
v 146.6858 		-2.8357 		10.8281
v 168.8682 		2.5385 		27.0001
v 87.9881 		-3.5847 		12.4381
v 146.686 		-2.3762 		10.8181
v 65.0724 		-19.926 		0
v 63.9874 		-22.126 		0
v 62.6251 		-24.1644 		0
v 61.008 		-26.0093 		0
v 168.8683 		5.9996 		27.0001
v 146.4479 		-6.1479 		7.6251
v 87.9878 		-2.909 		12.512
v 168.8683 		2.8074 		27.0001
v 168.8684 		2.1908 		27.0001
v 146.6859 		-6.1781 		7.6281
v 145.6509 		-3.5255 		12.1071
v 87.7969 		-3.5592 		12.2941
v 87.5281 		-7.0643 		7.7051
v 146.9082 		-6.2705 		7.6361
v 168.8692 		2.3316 		38.0561
v 145.6512 		-1.3358 		11.0231
v 87.5279 		-7.0768 		7.1301
v 145.7969 		-2.3557 		11.0561
v 145.5588 		-3.4872 		11.8881
v 147.0982 		-6.4159 		7.6491
v 88.6859 		-3.6003 		12.5291
v 145.5283 		-3.4458 		11.6541
v 87.5593 		-6.8384 		7.1401
v 145.5278 		-4.0051 		11.5171
v 87.559 		-6.8267 		7.685
v 145.7975 		-1.8712 		10.9811
v 147.3649 		-6.9988 		6.6091
v 57.1246 		-28.9882 		0
v 54.9249 		-30.0737 		0
v 52.6029 		-30.8615 		0
v 50.1974 		-31.34 		0
v 47.75 		-31.5007 		0
v 45.3025 		-31.3407 		0
v 147.3676 		-7.0197 		6.6091
v 42.8964 		-30.8618 		0
v 40.5747 		-30.0733 		0
v 38.3747 		-28.9884 		0
v 147.3411 		-7.2223 		6.6091
v 147.3364 		-7.2582 		6.6091
v 54.9251 		4.5717 		0
v 52.6025 		5.3607 		0
v 145.7975 		-1.4001 		10.8441
v 50.1973 		5.8391 		0
v 48.1819 		5.9708 		0
v 48.1819 		5.9993 		0
v 147.2453 		-7.4795 		6.6091
v 87.6513 		-6.617 		7.15
v 88.2103 		-2.2213 		12.5891
v 36.335 		2.1246 		0
v 145.5592 		-3.9332 		11.2901
v 38.3743 		3.4871 		0
v 40.5749 		4.5721 		0
v 42.8968 		5.3599 		0
v 45.3023 		5.8384 		0
v 47.7497 		5.9991 		0
v 32.3662 		-13.5008 		0
v 168.8684 		-6.4986 		32.5021
v 32.3752 		-13.6311 		0
v 87.651 		-6.6053 		7.665
v 32.4008 		-13.7605 		0
v 168.8683 		-2.6539 		32.5021
v 168.8689 		-4.9064 		32.5021
v 168.8686 		0.5011 		30.5329
v 168.8688 		0.5011 		32.3253
v 87.9881 		-1.558 		12.394
v 32.8674 		-12.6331 		0
v 32.7585 		-12.7059 		0
v 32.66 		-12.7926 		0
v 145.9875 		-1.9029 		10.8381
v 168.8684 		0.5011 		27.2501
v 168.8685 		0.5011 		28.8632
v 32.5735 		-12.8907 		0
v 32.5011 		-13.0003 		0
v 87.9873 		-2.2296 		12.4981
v 32.4432 		-13.1169 		0
v 32.4006 		-13.241 		0
v 32.3747 		-13.37 		0
v 145.9875 		-1.4502 		10.7061
v 168.8687 		0.5011 		32.5021
v 32.4432 		-13.8844 		0
v 32.5008 		-14.002 		0
v 32.5736 		-14.111 		0
v 32.6603 		-14.2095 		0
v 87.6514 		-7.5224 		7.745
v 32.7589 		-14.2951 		0
v 145.7977 		-4.2003 		12.1371
v 32.868 		-14.3683 		0
v 32.9846 		-14.4263 		0
v 87.7971 		-1.5889 		12.2511
v 33.1092 		-14.468 		0
v 33.2382 		-14.4939 		0
v 87.7972 		-2.2427 		12.3521
v 87.6508 		-7.5358 		7.1101
v 33.369 		-14.5024 		0
v 33.4993 		-14.4934 		0
v 33.6282 		-14.4687 		0
v 145.6506 		-4.1434 		11.9561
v 33.7522 		-14.4262 		0
v 146.2097 		-1.4817 		10.6201
v 33.8697 		-14.3687 		0
v 33.9787 		-14.2959 		0
v 87.7974 		-2.9023 		12.366
v 34.0772 		-14.2091 		0
v 87.5593 		-7.3014 		7.7261
v 34.1629 		-14.1105 		0
v 34.2361 		-14.0014 		0
v 34.2945 		-13.884 		0
v 34.3362 		-13.7594 		0
v 34.3616 		-13.6313 		0
v 87.5587 		-7.3148 		7.12
v 145.5586 		-4.0765 		11.7441
v 34.3701 		-13.5005 		0
v 33.109 		-12.5331 		0
v 32.985 		-12.5755 		0
v 34.3616 		-13.3693 		0
v 34.3364 		-13.2413 		0
v 34.2939 		-13.1173 		0
v 145.5276 		-4.5415 		11.3081
v 34.2364 		-12.9997 		0
v 87.6514 		-2.8944 		12.176
v 34.1636 		-12.8908 		0
v 34.0768 		-12.7923 		0
v 33.9787 		-12.7057 		0
v 145.6509 		-1.6309 		12.0651
v 33.8692 		-12.6334 		0
v 33.7517 		-12.575 		0
v 33.6285 		-12.5328 		0
v 168.8686 		-14.7828 		32.5021
v 168.8688 		-15.7806 		32.5021
v 33.4995 		-12.507 		0
v 33.3687 		-12.4985 		0
v 168.8686 		-13.9262 		32.5021
v 33.2375 		-12.507 		0
v 89.3681 		1.5114 		8.6483
v 147.2445 		-7.4815 		6.6091
v 147.2633 		-7.4361 		6.6091
v 145.5591 		-1.0964 		11.6791
v 147.1344 		-7.6254 		6.6091
v 168.8686 		-11.7508 		32.5021
v 147.0986 		-7.6724 		6.6091
v 147.0984 		-7.6727 		6.6091
v 145.5593 		-1.679 		11.8491
v 168.8685 		-9.5753 		32.5021
v 89.3646 		1.538 		8.653
v 87.5278 		1.028 		9.685
v 168.8686 		-7.7206 		32.5021
v 89.3679 		1.5127 		8.6485
v 168.8688 		-8.7184 		32.5021
v 145.6511 		-4.7355 		11.7251
v 146.9682 		-7.7728 		6.6091
v 168.8686 		-11.0592 		32.5021
v 146.3239 		-7.9267 		6.6091
v 146.4483 		-7.943 		6.6091
v 145.5592 		-4.6421 		11.5241
v 168.8687 		-10.3434 		32.5021
v 146.9607 		-7.7786 		6.6091
v 145.5281 		-1.1777 		11.4551
v 146.9078 		-7.8193 		6.6091
v 146.7521 		-7.8844 		6.6091
v 146.6863 		-7.9117 		6.6091
v 146.5208 		-7.9336 		6.6091
v 88.9079 		0.5815 		8.844
v 145.5273 		-5.0457 		11.0321
v 168.8686 		-13.1579 		32.5021
v 147.3367 		-6.8392 		7.1401
v 88.9081 		0.7127 		8.5074
v 168.8687 		-12.4421 		32.5021
v 35.8665 		-6 		0
v 29 		-12.751 		0
v 29.16 		-10.3034 		0
v 29.6384 		-7.8982 		0
v 30.4274 		-5.5756 		0
v 145.5594 		-4.9179 		10.8311
v 31.5115 		-3.3751 		0
v 32.8743 		-1.3359 		0
v 34.4918 		0.5076 		0
v 87.5592 		0.5047 		9.9961
v 36.3354 		-27.6255 		0
v 35.8665 		-20.0023 		0
v 34.4914 		-26.0089 		0
v 32.8749 		-24.1648 		0
v 31.5116 		-22.125 		0
v 30.4269 		-19.9258 		0
v 29.6383 		-17.6034 		0
v 29.1598 		-15.1979 		0
v 63.3273 		-13.216 		6.514
v 87.5587 		0.8267 		9.5571
v 63.2935 		-13.1174 		6.514
v 145.5588 		-1.2594 		11.2311
v 63.236 		-12.9998 		6.514
v 145.651 		-4.7986 		10.6441
v 63.1632 		-12.8908 		6.514
v 87.5587 		1.0886 		9.08
v 89.0983 		0.715 		8.9061
v 63.0764 		-12.7923 		6.514
v 88.9491 		0.7445 		8.513
v 62.9783 		-12.7058 		6.514
v 62.8692 		-12.6326 		6.514
v 89.0984 		0.8593 		8.5333
v 62.7521 		-12.5755 		6.514
v 62.628 		-12.5329 		6.514
v 62.4991 		-12.507 		6.514
v 168.8688 		4.6481 		34.0431
v 168.8686 		5.3951 		31.8441
v 145.6509 		-2.2582 		12.1621
v 62.3683 		-12.4985 		6.514
v 168.8685 		5.8478 		29.5671
v 168.8683 		5.9996 		27.2501
v 145.9875 		-4.2445 		12.2771
v 168.8683 		5.9832 		27.0001
v 62.238 		-12.5075 		6.514
v 168.8685 		5.9832 		27.0001
v 62.1091 		-12.5323 		6.514
v 61.9851 		-12.5747 		6.514
v 61.9277 		-12.6031 		6.514
v 89.2451 		0.8871 		8.986
v 63.3621 		-13.3699 		6.514
v 168.8709 		5.9832 		27.0001
v 89.123 		0.8911 		8.5389
v 89.2448 		1.0498 		8.5669
v 63.3651 		-13.4164 		6.514
v 63.336 		-13.2413 		6.514
v 87.6513 		0.8868 		8.986
v 145.528 		-1.7302 		11.6161
v 87.6515 		1.0503 		8.567
v 61.3756 		-13.6316 		6.609
v 61.3671 		-13.5004 		6.609
v 61.4009 		-13.7597 		6.609
v 61.4433 		-13.8836 		6.609
v 61.5009 		-14.0012 		6.609
v 61.5737 		-14.1102 		6.609
v 89.3369 		1.0879 		9.0801
v 145.559 		-1.7811 		11.3841
v 168.869 		-7.1564 		44.3951
v 168.8684 		-4.9581 		43.6491
v 61.867 		-12.6331 		6.609
v 89.2553 		1.075 		8.5713
v 89.3363 		1.2729 		8.6062
v 61.758 		-12.7059 		6.609
v 61.6601 		-12.7918 		6.609
v 168.8687 		-0.9449 		41.3321
v 61.5739 		-12.8913 		6.609
v 61.5012 		-12.9995 		6.609
v 168.8691 		-2.8754 		42.6221
v 61.4428 		-13.117 		6.609
v 61.401 		-13.2416 		6.609
v 61.3756 		-13.3697 		6.609
v 61.6604 		-14.2087 		6.609
v 87.672 		1.0235 		8.5622
v 61.7585 		-14.2952 		6.609
v 61.8676 		-14.3684 		6.609
v 145.651 		-1.8297 		11.1671
v 61.9856 		-14.426 		6.609
v 62.1097 		-14.4686 		6.609
v 62.2378 		-14.494 		6.609
v 62.3685 		-14.5025 		6.609
v 62.4997 		-14.494 		6.609
v 62.6278 		-14.4687 		6.609
v 89.3382 		1.287 		8.6087
v 62.7517 		-14.4263 		6.609
v 62.8693 		-14.3687 		6.609
v 62.9788 		-14.2951 		6.609
v 63.0768 		-14.2092 		6.609
v 87.6507 		1.04 		10.4451
v 63.1638 		-14.1102 		6.609
v 63.2356 		-14.0015 		6.609
v 63.2941 		-13.884 		6.609
v 63.3367 		-13.7599 		6.609
v 63.3621 		-13.6318 		6.609
v 89.3367 		1.7395 		8.7161
v 63.3706 		-13.5011 		6.609
v 89.3381 		1.7354 		8.6878
v 63.2935 		-13.1174 		6.609
v 87.5591 		0.8701 		10.3021
v 89.3367 		1.7459 		8.6897
v 63.236 		-12.9998 		6.609
v 63.1632 		-12.8908 		6.609
v 63.0764 		-12.7923 		6.609
v 62.9783 		-12.7058 		6.609
v 62.8692 		-12.6326 		6.609
v 89.2532 		1.9451 		8.7248
v 145.7977 		-2.8457 		11.0661
v 89.245 		1.9645 		8.7282
v 89.245 		1.9511 		8.7831
v 62.7521 		-12.5755 		6.609
v 62.628 		-12.5329 		6.609
v 62.4991 		-12.507 		6.609
v 62.3683 		-12.4985 		6.609
v 62.238 		-12.5075 		6.609
v 62.1091 		-12.5323 		6.609
v 87.5278 		0.6867 		10.1491
v 89.0984 		2.1521 		8.7613
v 61.9851 		-12.5747 		6.609
v 89.0985 		2.1328 		8.84
v 89.1164 		2.1291 		8.7573
v 145.9874 		-2.8393 		10.9201
v 168.8686 		-16.3443 		44.3951
v 63.3621 		-13.3699 		6.609
v 63.336 		-13.2413 		6.609
v 168.8689 		-14.0673 		44.8481
v 168.8686 		-11.7508 		45.0001
v 74.5515 		5.9993 		6.609
v 168.8687 		-9.4334 		44.8481
v 70.0547 		-19.0004 		6.609
v 107.6563 		-19.0003 		6.6091
v 88.9077 		2.2729 		8.8841
v 88.9358 		2.2754 		8.7831
v 147.817 		5.9993 		6.6091
v 88.9078 		2.2967 		8.7868
v 146.2093 		-2.835 		10.8281
v 89.0986 		-5.4458 		9.8541
v 88.7222 		2.3724 		8.8002
v 88.6861 		2.3871 		8.8028
v 88.6861 		2.3603 		8.9121
v 147.3369 		-6.8267 		7.6851
v 89.2446 		-5.5859 		9.9831
v 146.4482 		-3.286 		10.7481
v 146.4476 		-2.8342 		10.7971
v 147.368 		-7.0764 		7.1301
v 147.3682 		-7.0639 		7.7051
v 89.3678 		-6.816 		8.8261
v 147.3363 		-7.3009 		7.7261
v 170.001 		-29.4843 		27.0001
v 169.4231 		-29.4843 		27.0001
v 147.3365 		-7.3148 		7.1201
v 168.8691 		-28.8958 		31.8441
v 168.8684 		-23.5026 		32.1181
v 168.8689 		-23.5026 		30.399
v 145.7978 		-3.3329 		11.0131
v 168.8684 		-23.5026 		32.5021
v 168.8684 		-20.8473 		32.5021
v 168.8684 		-17.0028 		32.5021
v 168.8685 		-18.5948 		32.5021
v 88.6865 		0.4988 		8.805
v 88.9083 		-6.0666 		8.5541
v 88.5127 		0.5979 		8.4872
v 88.6865 		0.621 		8.4912
v 168.8692 		-29.3485 		29.5671
v 168.869 		-23.5026 		28.7974
v 147.2444 		-7.5223 		7.7451
v 88.9077 		-5.8767 		8.9851
v 145.9881 		-3.3072 		10.8691
v 147.2445 		-7.5362 		7.1101
v 168.8681 		-29.5007 		27.2501
v 88.7426 		0.6441 		8.4953
v 168.8682 		-23.5026 		27.2501
v 168.8682 		-29.4843 		27.0001
v 146.2097 		-3.2913 		10.7781
v 168.8689 		-29.4843 		27.0001
v 147.0989 		-7.7123 		7.7621
v 146.2101 		-3.7373 		10.6691
v 89.0983 		-6.2039 		8.6041
v 147.0986 		-7.7271 		7.1021
v 168.8692 		-29.4843 		27.0001
v 89.0985 		-6.0065 		9.053
v 89.3686 		1.3044 		9.181
v 89.3366 		1.5201 		9.282
v 168.8704 		-29.4843 		27.0001
v 146.4475 		-7.9803 		7.7861
v 146.4481 		-7.9956 		7.0901
v 88.6858 		-6.1085 		8.0821
v 59.8709 		-5.9992 		6.514
v 50.9388 		-5.9995 		6.514
v 59.1639 		-27.6258 		6.514
v 88.6861 		-5.98 		8.5221
v 61.0079 		-26.0093 		6.514
v 62.6251 		-24.1644 		6.514
v 63.9874 		-22.126 		6.514
v 168.8684 		-28.1497 		34.0431
v 89.0979 		0.4786 		9.336
v 168.8682 		-27.1224 		36.1251
v 65.0724 		-19.926 		6.514
v 65.3868 		-19.0004 		6.514
v 146.9074 		-7.8579 		7.7751
v 61.3671 		-13.5004 		6.514
v 61.3756 		-13.6316 		6.514
v 61.4009 		-13.7597 		6.514
v 61.4433 		-13.8836 		6.514
v 61.5009 		-14.0012 		6.514
v 61.5737 		-14.1102 		6.514
v 168.8685 		-25.8323 		38.0561
v 168.8682 		-24.3017 		39.8011
v 146.908 		-7.8732 		7.0951
v 61.617 		-14.1594 		6.514
v 145.5595 		-3.4048 		11.4191
v 88.9082 		-6.1987 		8.1021
v 61.3695 		-13.4639 		6.514
v 61.867 		-12.6331 		6.514
v 61.7581 		-12.7059 		6.514
v 61.6601 		-12.7918 		6.514
v 145.6515 		-3.3661 		11.2011
v 146.6855 		-7.9495 		7.7831
v 61.5739 		-12.8913 		6.514
v 61.5012 		-12.9995 		6.514
v 61.4428 		-13.117 		6.514
v 61.401 		-13.2416 		6.514
v 61.3756 		-13.3697 		6.514
v 146.6861 		-7.9648 		7.0911
v 89.0989 		-6.341 		8.133
v 61.6604 		-14.2087 		6.514
v 61.7585 		-14.2952 		6.514
v 61.8676 		-14.3684 		6.514
v 61.9856 		-14.426 		6.514
v 62.1097 		-14.4686 		6.514
v 62.2378 		-14.494 		6.514
v 168.869 		-22.5558 		41.3321
v 168.8686 		-20.6253 		42.6221
v 62.3685 		-14.5025 		6.514
v 89.2451 		-6.5272 		8.174
v 168.8687 		-18.5435 		43.6491
v 62.4997 		-14.494 		6.514
v 62.6174 		-14.4708 		6.514
v 145.559 		-2.2786 		11.9411
v 62.6278 		-14.4687 		6.514
v 62.7517 		-14.4263 		6.514
v 62.8693 		-14.3687 		6.514
v 89.3361 		-6.7441 		8.2221
v 62.9788 		-14.2951 		6.514
v 145.5588 		-2.884 		11.9541
v 63.0768 		-14.2092 		6.514
v 63.1638 		-14.1102 		6.514
v 146.2095 		-7.9116 		6.6091
v 146.2129 		-7.9121 		6.6091
v 63.2356 		-14.0015 		6.514
v 63.2941 		-13.884 		6.514
v 146.2808 		-7.9211 		6.6091
v 145.5279 		-2.2989 		11.7041
v 89.245 		0.3345 		9.8541
v 63.3367 		-13.7599 		6.514
v 146.0501 		-7.8449 		6.6091
v 63.3621 		-13.6318 		6.514
v 145.9876 		-7.8192 		6.6091
v 63.3706 		-13.5011 		6.514
v 145.8001 		-7.6749 		6.6091
v 89.2449 		0.639 		9.4381
v 145.7974 		-7.6728 		6.6091
v 145.5276 		-2.8743 		11.7161
v 145.8454 		-7.71 		6.6091
v 145.6819 		-7.5211 		6.6091
v 145.6512 		-7.4811 		6.6091
v 145.5596 		-7.2594 		6.6091
v 145.5591 		-7.258 		6.6091
v 145.5733 		-7.2926 		6.6091
v 89.2449 		-6.3834 		8.6691
v 145.5528 		-7.2101 		6.6091
v 89.3363 		-6.5914 		8.745
v 145.559 		-2.8634 		11.4781
v 145.7978 		-6.373 		6.6711
v 145.7977 		-6.3578 		6.6091
v 145.7113 		-6.4734 		6.6091
v 145.8143 		-6.3447 		6.6091
v 89.3365 		0.5044 		9.9961
v 89.336 		0.8264 		9.5571
v 145.5587 		-2.3198 		11.4671
v 145.8143 		-6.3447 		6.6091
v 145.9883 		-6.2292 		6.6971
v 145.9881 		-6.2076 		6.6091
v 145.825 		-6.3363 		6.6091
v 146.0232 		-6.1926 		6.6091
v 146.0232 		-6.1926 		6.6091
v 89.3371 		-6.7952 		9.4631
v 146.0336 		-6.1882 		6.6091
v 145.5589 		-6.78 		6.6091
v 89.3683 		1.0276 		9.685
v 145.5583 		-6.784 		6.6091
v 145.6509 		-2.8533 		11.2571
v 145.5581 		-6.7856 		6.6091
v 145.5354 		-6.9622 		6.6091
v 145.6511 		-6.5612 		6.6381
v 145.6511 		-6.554 		6.6091
v 145.5807 		-6.7274 		6.6091
v 145.6513 		-2.3388 		11.2451
v 145.6547 		-6.5491 		6.6091
v 145.6548 		-6.5491 		6.6091
v 88.9082 		-5.6322 		9.3881
v 145.6607 		-6.5412 		6.6091
v 89.3369 		1.2281 		9.8131
v 145.5308 		-7.0415 		6.6091
v 145.528 		-7.0198 		6.6091
v 89.0986 		-5.7526 		9.4721
v 146.2098 		-6.189 		7.1691
v 146.4481 		-1.5316 		12.5151
v 146.2099 		-6.1787 		7.6281
v 147.0981 		-1.5891 		12.2511
v 89.2453 		-6.1757 		9.1411
v 89.2446 		-5.9087 		9.581
v 146.9083 		-0.9049 		12.2041
v 146.2097 		-7.9641 		7.0911
v 146.908 		-1.5574 		12.3941
v 89.2449 		1.7213 		9.375
v 145.9878 		-7.873 		7.0951
v 89.2444 		1.416 		9.9321
v 146.686 		-1.5375 		12.4841
v 145.7974 		-7.7262 		7.1021
v 89.3361 		-6.0903 		9.708
v 145.6508 		-7.5365 		7.1101
v 89.3682 		-6.2854 		9.8451
v 145.5592 		-7.3146 		7.1201
v 146.4484 		-0.863 		12.3201
v 146.21 		-0.8741 		12.2901
v 89.0988 		1.8936 		9.456
v 89.0986 		1.5766 		10.0351
v 146.21 		-7.9493 		7.7831
v 145.9876 		-0.9057 		12.2041
v 145.9881 		-7.8582 		7.7751
v 89.3364 		-6.372 		9.243
v 88.9085 		2.0265 		9.5181
v 145.7972 		-7.7123 		7.7621
v 146.6861 		-0.8734 		12.2901
v 89.3681 		-6.5841 		9.3531
v 88.9075 		1.6997 		10.1131
v 145.6506 		-7.5226 		7.7451
v 89.3371 		-6.4804 		9.9811
v 88.6858 		2.11 		9.556
v 146.2094 		-2.2215 		12.5891
v 146.4478 		-2.2185 		12.6201
v 145.559 		-7.3007 		7.7261
v 89.2445 		-6.6624 		10.109
v 147.0986 		-2.242 		12.3521
v 145.5594 		-6.839 		7.1401
v 145.5596 		-6.8265 		7.6851
v 89.3676 		-6.9768 		8.2741
v 89.3365 		0.1287 		10.3891
v 145.6505 		-6.6171 		7.1501
v 166.9101 		-19.0001 		6.6091
v 145.651 		-6.6059 		7.6651
v 89.3366 		-7.0397 		8.9081
v 89.3365 		-7.2085 		8.3261
v 145.7973 		-6.4267 		7.1581
v 89.3676 		0.2893 		10.5651
v 145.7973 		-6.4164 		7.6491
v 89.2445 		-7.2472 		8.984
v 89.2448 		-7.4254 		8.374
v 89.3679 		0.6878 		10.1491
v 145.9879 		-6.2806 		7.1651
v 89.0983 		-7.4264 		9.049
v 145.988 		-6.2703 		7.6361
v 89.0982 		-7.6114 		8.415
v 89.3364 		0.8699 		10.3021
v 89.3369 		0.4502 		10.7401
v 88.9082 		-7.7543 		8.4461
v 145.5277 		-7.0635 		7.7051
v 89.2453 		1.0398 		10.4451
v 145.5275 		-7.0761 		7.1301
v 89.2447 		0.6001 		10.9041
v 146.908 		-2.2295 		12.4981
v 89.0982 		0.7289 		11.045
v 88.2095 		-7.8439 		8.4661
v 88.4479 		-7.8754 		8.4731
v 146.6864 		-2.2213 		12.5891
v 88.448 		1.8034 		10.18
v 146.9077 		-2.8394 		10.9201
v 88.2098 		1.3682 		10.721
v 88.4475 		1.3923 		10.741
v 147.0986 		-2.8452 		11.0661
v 87.988 		-7.7542 		8.4461
v 146.21 		-1.5382 		12.4841
v 89.0983 		1.1861 		10.5671
v 87.7974 		-7.4269 		9.049
v 145.9878 		-1.5572 		12.3941
v 87.7973 		-7.6119 		8.415
v 88.9074 		1.2976 		10.661
v 145.9878 		-2.2294 		12.4981
v 147.245 		-2.3386 		11.2451
v 145.7972 		-1.5895 		12.2511
v 88.6857 		1.7769 		10.163
v 145.7969 		-2.242 		12.3521
v 88.6862 		1.3676 		10.721
v 147.3365 		-2.3191 		11.4671
v 88.6859 		-7.8446 		8.4661
v 147.3675 		-2.2988 		11.7041
v 146.2098 		-2.9134 		12.6041
v 146.4484 		-2.9139 		12.6361
v 88.2104 		0.89 		11.22
v 88.4474 		0.911 		11.243
v 147.3368 		-2.2779 		11.9411
v 89.2442 		-6.9919 		9.5651
v 147.2442 		-2.2589 		12.1621
v 59.8709 		-19.0005 		6.609
v 59.8709 		-5.9992 		6.609
v 145.9884 		-2.9087 		12.5121
v 59.8709 		-20.0015 		6.514
v 88.9076 		-7.5644 		9.0991
v 59.8709 		-19.0005 		6.514
v 88.908 		0.8273 		11.152
v 145.7974 		-2.903 		12.3661
v 38.3747 		-28.9883 		6.514
v 40.5747 		-30.0733 		6.514
v 42.8964 		-30.8618 		6.514
v 45.3025 		-31.3407 		6.514
v 47.75 		-31.5007 		6.514
v 50.1974 		-31.34 		6.514
v 52.6029 		-30.8615 		6.514
v 88.21 		-7.3719 		9.7631
v 88.4481 		-7.3998 		9.7781
v 54.9249 		-30.0737 		6.514
v 145.651 		-2.8937 		12.1761
v 57.1246 		-28.9882 		6.514
v 88.6859 		0.8898 		11.2201
v 47.7497 		5.9991 		6.514
v 45.3023 		5.8384 		6.514
v 42.8968 		5.3599 		6.514
v 40.5749 		4.5721 		6.514
v 38.3743 		3.4871 		6.514
v 36.335 		2.1246 		6.514
v 146.6858 		-2.9127 		12.6041
v 50.2558 		-5.9995 		6.514
v 87.988 		-7.2911 		9.721
v 34.4918 		0.5076 		6.514
v 32.8743 		-1.3359 		6.514
v 31.5115 		-3.3751 		6.514
v 30.4274 		-5.5756 		6.514
v 29.6384 		-7.8982 		6.514
v 29.16 		-10.3034 		6.514
v 29 		-12.751 		6.514
v 32.3662 		-13.5007 		6.514
v 32.3752 		-13.6311 		6.514
v 32.4008 		-13.7605 		6.514
v 32.8674 		-12.6331 		6.514
v 32.7585 		-12.7059 		6.514
v 88.2092 		2.3602 		8.9121
v 88.4481 		2.3905 		8.9211
v 88.4481 		2.4181 		8.8082
v 88.2481 		2.392 		8.8036
v 32.66 		-12.7926 		6.514
v 32.5735 		-12.8907 		6.514
v 89.098 		-7.1609 		9.6531
v 32.5011 		-13.0003 		6.514
v 32.4432 		-13.1169 		6.514
v 32.4006 		-13.241 		6.514
v 32.3747 		-13.37 		6.514
v 88.2092 		2.387 		8.8028
v 88.9073 		-7.2908 		9.721
v 32.4432 		-13.8844 		6.514
v 32.5008 		-14.002 		6.514
v 32.5736 		-14.111 		6.514
v 32.6603 		-14.2095 		6.514
v 87.9875 		2.2967 		8.7868
v 87.9875 		2.273 		8.8841
v 32.7589 		-14.2951 		6.514
v 88.0202 		2.3102 		8.7892
v 32.868 		-14.3683 		6.514
v 32.9846 		-14.4263 		6.514
v 33.1092 		-14.468 		6.514
v 88.6855 		-7.3721 		9.7631
v 33.2382 		-14.4939 		6.514
v 33.369 		-14.5024 		6.514
v 87.8206 		2.1704 		8.7645
v 88.6865 		-7.6507 		9.1301
v 33.4993 		-14.4934 		6.514
v 33.6282 		-14.4687 		6.514
v 33.7522 		-14.4262 		6.514
v 33.8697 		-14.3686 		6.514
v 147.2441 		-2.854 		11.2571
v 33.9787 		-14.2959 		6.514
v 34.0772 		-14.2091 		6.514
v 88.4878 		2.4129 		8.8073
v 34.1629 		-14.1105 		6.514
v 34.2361 		-14.0014 		6.514
v 34.2945 		-13.884 		6.514
v 147.3363 		-2.8636 		11.4781
v 34.3362 		-13.7594 		6.514
v 34.3616 		-13.6313 		6.514
v 34.3701 		-13.5005 		6.514
v 33.109 		-12.5331 		6.514
v 32.985 		-12.5755 		6.514
v 88.2095 		-7.6509 		9.1301
v 147.3685 		-2.8738 		11.7161
v 34.3616 		-13.3693 		6.514
v 88.4481 		-7.6801 		9.1411
v 34.3364 		-13.2413 		6.514
v 34.2939 		-13.1173 		6.514
v 34.2364 		-12.9997 		6.514
v 34.1636 		-12.8907 		6.514
v 34.0768 		-12.7923 		6.514
v 87.9874 		-7.5643 		9.0991
v 147.3362 		-2.8842 		11.9541
v 33.9787 		-12.7057 		6.514
v 33.8691 		-12.6334 		6.514
v 33.7517 		-12.575 		6.514
v 33.6285 		-12.5328 		6.514
v 33.4995 		-12.507 		6.514
v 33.3687 		-12.4985 		6.514
v 87.7972 		2.1337 		8.84
v 87.7972 		2.1528 		8.7614
v 147.245 		-4.347 		10.8911
v 87.6504 		1.9513 		8.7831
v 87.6634 		1.9814 		8.7312
v 87.6504 		1.9647 		8.7283
v 147.337 		-4.4404 		11.0931
v 87.5594 		1.7397 		8.7161
v 87.5635 		1.7559 		8.6914
v 89.2449 		-5.2138 		10.3391
v 87.5594 		1.7461 		8.6897
v 146.6861 		-3.292 		10.7781
v 146.9083 		-3.3074 		10.8691
v 89.337 		-5.7496 		10.133
v 87.5312 		1.5387 		8.6531
v 146.2095 		-3.6003 		12.5291
v 89.3365 		-5.3564 		10.5091
v 147.0982 		-3.3333 		11.0131
v 87.5276 		1.5116 		8.6483
v 145.9878 		-3.584 		12.4381
v 87.5278 		1.51 		8.6481
v 87.559 		1.2731 		8.6063
v 89.3366 		-4.9175 		10.831
v 146.4475 		-3.728 		10.6391
v 87.5658 		1.2568 		8.6034
v 145.7974 		-3.559 		12.2941
v 146.6856 		-3.7375 		10.6691
v 89.3681 		-5.5098 		10.691
v 89.3677 		-5.0454 		11.0321
v 88.2097 		2.1094 		9.556
v 88.4476 		2.1379 		9.5701
v 33.2375 		-12.507 		6.514
v 146.9076 		-4.2043 		10.5861
v 146.9077 		-3.7655 		10.7571
v 147.2443 		-6.5273 		8.1741
v 89.3365 		-5.6631 		10.874
v 35.8665 		-6 		6.514
v 147.2446 		-6.3827 		8.6691
v 35.8665 		-20.0023 		6.514
v 36.3354 		-27.6255 		6.514
v 29.1598 		-15.1979 		6.514
v 29.6383 		-17.6034 		6.514
v 30.4269 		-19.9258 		6.514
v 31.5116 		-22.125 		6.514
v 32.8749 		-24.1648 		6.514
v 34.4914 		-26.0089 		6.514
v 147.0987 		-4.2665 		10.7191
v 147.0989 		-3.8093 		10.8961
v 147.3367 		-6.7438 		8.2221
v 147.3364 		-6.592 		8.7451
v 179.3521 		-13.1529 		5.5001
v 89.3365 		-5.1737 		11.2331
v 147.2446 		-3.8665 		11.0781
v 89.2448 		-5.293 		11.4201
v 147.3684 		-6.8158 		8.8261
v 89.0985 		-5.3952 		11.5801
v 147.3364 		-6.3726 		9.2431
v 147.3682 		-4.0054 		11.5171
v 88.9082 		-5.4737 		11.704
v 147.3677 		-6.5833 		9.3531
v 147.3364 		-4.0758 		11.7441
v 147.3678 		-6.2847 		9.8451
v 89.3674 		-5.9253 		10.2941
v 179.3522 		-20.2528 		5.5001
v 89.3368 		-6.1011 		10.454
v 147.2452 		-3.3659 		11.2011
v 87.9878 		2.0258 		9.5181
v 87.9881 		1.6993 		10.1131
v 89.2445 		-5.8053 		11.0441
v 89.2448 		-6.2638 		10.6041
v 147.3363 		-6.4805 		9.9811
v 87.797 		1.8936 		9.456
v 147.3363 		-6.7953 		9.4631
v 147.245 		-6.6621 		10.1091
v 87.6511 		1.7211 		9.375
v 89.0983 		-6.405 		10.7331
v 146.2099 		-4.9379 		10.0111
v 87.7977 		1.5761 		10.0351
v 146.4473 		-4.9182 		9.9871
v 87.6507 		1.4157 		9.9321
v 88.9078 		-6.5121 		10.8321
v 179.352 		0.9656 		5.5001
v 179.352 		4.701 		5.5001
v 147.3368 		-3.405 		11.4191
v 87.5593 		1.5203 		9.282
v 146.6863 		-4.9386 		10.0111
v 146.9077 		-5.3373 		9.7551
v 147.3678 		-3.4456 		11.6541
v 87.5596 		1.2283 		9.8131
v 89.0981 		-5.9281 		11.1901
v 147.3361 		-3.4874 		11.8881
v 87.5276 		1.3038 		9.181
v 146.9081 		-4.9974 		10.0811
v 88.9083 		-6.0218 		11.3021
v 147.2441 		-3.5261 		12.1071
v 147.0983 		-5.4451 		9.8541
v 88.6863 		-6.0812 		11.372
v 88.2102 		1.7771 		10.163
v 179.352 		-3.6169 		5.5001
v 87.9881 		1.2972 		10.661
v 88.4482 		-6.6036 		10.915
v 87.7974 		1.1856 		10.567
v 146.6863 		-5.7956 		8.9431
v 88.2095 		-7.0132 		10.355
v 146.9078 		-5.8773 		8.9851
v 89.0985 		-6.8188 		10.2181
v 147.3366 		-3.9334 		11.2901
v 87.7975 		0.7146 		8.9061
v 147.0986 		-6.0071 		9.0531
v 88.9079 		-6.9384 		10.3021
v 87.7972 		0.8599 		8.5334
v 146.2094 		-6.1084 		8.0821
v 88.6862 		-6.5809 		10.8941
v 87.9877 		0.5817 		8.844
v 87.8354 		0.8304 		8.5282
v 87.9879 		0.7128 		8.5074
v 146.4483 		-6.0781 		8.0751
v 147.2443 		-4.1432 		11.9561
v 146.4482 		-5.9505 		8.5121
v 178.928 		5.9991 		5.5001
v 178.7732 		5.9991 		5.5001
v 178.7732 		5.9991 		5.588
v 179.3683 		5.9991 		5.2501
v 147.0981 		-4.2006 		12.1371
v 179.3235 		5.9991 		5.9351
v 179.3683 		5.9991 		5.5001
v 179.3519 		5.9991 		5.5001
v 179.3519 		5.9991 		5.5001
v 179.338 		5.9991 		5.7135
v 146.6859 		-6.1091 		8.0821
v 179.3235 		5.9991 		5.9351
v 179.2429 		5.9991 		6.3395
v 146.4479 		-3.6053 		12.5601
v 146.6862 		-5.9806 		8.5221
v 147.2443 		-2.8943 		12.1761
v 179.1892 		5.9993 		3.8911
v 178.9689 		5.9999 		3.2411
v 147.0983 		-3.5585 		12.2941
v 146.9074 		-6.1988 		8.1021
v 179.3235 		5.9991 		4.5651
v 146.9075 		-6.0667 		8.5541
v 147.0983 		-2.9025 		12.3661
v 146.908 		-3.5841 		12.4381
v 179.3519 		5.6717 		5.5001
v 146.9077 		-2.9084 		12.5121
v 147.098 		-6.3411 		8.1331
v 177.831 		5.9991 		1.5381
v 177.3143 		5.9996 		1.0851
v 176.7433 		5.9998 		0.7031
v 176.1276 		6 		0.4001
v 175.4769 		5.9993 		0.1791
v 146.4481 		-5.7678 		8.9281
v 178.2837 		5.9992 		2.0541
v 147.0983 		-6.2046 		8.6041
v 146.6864 		-3.6001 		12.5291
v 178.6653 		5.9993 		2.6251
v 145.9875 		-5.8771 		8.9851
v 147.3677 		1.5121 		8.6484
v 147.3641 		1.5394 		8.6533
v 147.3676 		1.5134 		8.6487
v 146.2098 		-5.9799 		8.5221
v 146.2098 		-5.795 		8.9431
v 147.3364 		1.7466 		8.6898
v 147.3364 		1.7402 		8.7161
v 147.3378 		1.7362 		8.688
v 147.2447 		1.9518 		8.7831
v 147.2528 		1.9458 		8.7249
v 147.2447 		1.9651 		8.7284
v 146.6855 		-5.5574 		9.3351
v 147.2445 		1.0505 		8.567
v 175.7027 		5.9993 		6.0241
v 175.3804 		5.9993 		5.7932
v 88.2096 		0.4986 		8.805
v 146.9082 		-5.6328 		9.3881
v 175.3804 		5.9993 		5.7549
v 175.9423 		5.9993 		5.84
v 147.3365 		1.0886 		9.0801
v 88.0425 		0.6902 		8.5035
v 176.0183 		5.9991 		5.5001
v 175.3803 		5.9991 		5.5001
v 147.2549 		1.0758 		8.5715
v 176.8085 		5.9992 		5.971
v 178.3805 		5.9991 		5.811
v 88.2096 		0.6208 		8.4912
v 147.0982 		-5.7518 		9.4721
v 147.3368 		1.2732 		8.6063
v 88.4477 		0.4708 		8.7921
v 147.3386 		1.2872 		8.6088
v 88.2742 		0.6124 		8.4897
v 147.2451 		-5.9085 		9.5811
v 88.4476 		0.5895 		8.4857
v 146.6859 		-5.2703 		9.6931
v 88.6859 		0.0063 		9.5781
v 88.6854 		0.2776 		9.208
v 146.9076 		0.5822 		8.8441
v 146.7419 		0.6442 		8.4953
v 146.9078 		0.7134 		8.5075
v 174.8039 		5.9998 		0.0451
v 147.2446 		-5.5865 		9.9831
v 89.0983 		-0.1501 		10.0851
v 174.1187 		5.9991 		0.0001
v 147.3366 		-6.0901 		9.7081
v 147.0984 		0.7144 		8.9061
v 146.9489 		0.7449 		8.5131
v 147.0982 		0.8598 		8.5334
v 88.9084 		0.0768 		9.637
v 174.6156 		5.9993 		6.4499
v 174.7223 		5.9992 		5.5001
v 88.9075 		0.3554 		9.2571
v 175.3127 		5.9993 		5.7447
v 174.8916 		5.9992 		5.5001
v 147.2447 		0.8878 		8.9861
v 175.0515 		5.9991 		5.5001
v 147.1227 		0.8918 		8.539
v 147.3372 		1.5203 		9.2821
v 89.0982 		0.1889 		9.7311
v 147.2449 		1.7207 		9.3751
v 88.4482 		-0.3326 		9.887
v 147.0987 		1.576 		10.0351
v 174.2223 		5.9992 		5.5001
v 88.4482 		-0.0178 		9.558
v 174.5517 		5.9991 		5.5001
v 174.4714 		5.9991 		5.5001
v 174.3105 		5.9991 		5.5001
v 174.263 		5.9991 		5.5001
v 147.3674 		1.0275 		9.6851
v 174.4445 		5.9991 		5.5001
v 174.4163 		5.9991 		5.5001
v 174.3236 		5.9991 		5.5001
v 88.6857 		-0.3108 		9.9101
v 147.3678 		1.3042 		9.1811
v 174.3687 		5.9991 		5.5001
v 88.9078 		-0.2492 		9.9771
v 147.3366 		1.2288 		9.8131
v 147.2445 		1.4153 		9.9321
v 87.6517 		0.6396 		9.4381
v 87.7975 		0.479 		9.336
v 147.0984 		0.4789 		9.3361
v 147.2446 		0.3352 		9.8541
v 147.2446 		0.6397 		9.4381
v 87.9881 		0.355 		9.2571
v 147.3371 		0.5047 		9.9961
v 147.3366 		0.8267 		9.5571
v 88.2099 		0.2779 		9.208
v 88.4476 		0.2513 		9.191
v 146.4481 		2.3898 		8.9211
v 146.448 		2.4175 		8.8082
v 147.0981 		2.1335 		8.8401
v 147.1161 		2.1297 		8.7574
v 147.0982 		2.1528 		8.7615
v 146.9082 		2.2968 		8.7869
v 146.9083 		2.2731 		8.8841
v 146.9363 		2.2757 		8.7831
v 146.6866 		2.3606 		8.9121
v 146.7225 		2.3726 		8.8002
v 146.6866 		2.3873 		8.8028
v 87.6512 		0.3343 		9.8541
v 146.488 		2.4124 		8.8073
v 146.2484 		2.3922 		8.8037
v 146.2097 		2.3871 		8.8028
v 146.2097 		2.3604 		8.9121
v 145.9877 		2.2962 		8.7868
v 145.9876 		2.2724 		8.8841
v 87.7974 		-0.1506 		10.0851
v 146.0203 		2.3096 		8.7891
v 87.7973 		0.1884 		9.7311
v 145.7973 		2.133 		8.8401
v 145.8207 		2.17 		8.7645
v 145.7973 		2.1523 		8.7614
v 87.9876 		-0.249 		9.9771
v 145.651 		1.965 		8.7283
v 145.6509 		1.9515 		8.7831
v 87.9882 		0.077 		9.637
v 145.664 		1.9816 		8.7313
v 145.5591 		1.7404 		8.7161
v 145.5632 		1.7566 		8.6916
v 145.559 		1.7468 		8.6898
v 88.2097 		-0.3114 		9.9101
v 145.5311 		1.5373 		8.6529
v 145.5277 		1.5111 		8.6483
v 88.2103 		0.0065 		9.5781
v 145.5279 		1.5095 		8.648
v 145.559 		1.2726 		8.6062
v 146.2094 		2.1101 		9.5561
v 146.4482 		2.1382 		9.5701
v 147.0984 		1.8944 		9.4561
v 146.9077 		2.0264 		9.5181
v 146.908 		1.6999 		10.1131
v 89.2449 		-0.8638 		10.8151
v 146.6858 		2.1094 		9.5561
v 89.3366 		-0.7606 		11.012
v 89.3678 		-0.6507 		11.224
v 145.9878 		1.7001 		10.1131
v 89.3366 		-0.5412 		11.435
v 145.9875 		2.0265 		9.5181
v 145.7975 		1.8939 		9.4561
v 145.7969 		1.576 		10.0351
v 145.6517 		1.7213 		9.3751
v 88.9077 		-1.9024 		10.838
v 145.6512 		1.416 		9.9321
v 88.9085 		-1.4502 		10.706
v 145.5594 		1.5196 		9.2821
v 145.5282 		1.3041 		9.1811
v 147.3365 		0.8692 		10.3021
v 89.0987 		-1.8715 		10.9811
v 147.2445 		1.0396 		10.4451
v 89.0987 		-1.4004 		10.844
v 89.0984 		-0.9521 		10.646
v 89.2449 		-1.3349 		11.023
v 89.337 		-1.2595 		11.2311
v 89.368 		-1.1782 		11.4551
v 89.3364 		-1.096 		11.6791
v 89.2449 		-1.0201 		11.8881
v 89.0987 		-0.9557 		12.0671
v 89.245 		-1.8302 		11.1671
v 89.3366 		-1.782 		11.3841
v 89.3684 		-1.7299 		11.616
v 89.3365 		-1.6786 		11.8491
v 89.2441 		-1.6309 		12.0651
# 2820 vertices

g group_0_6383466

usemtl color_6383466
s 0

f 4 	5 	3
f 2 	3 	5
f 1 	2 	5
f 8 	9 	10
f 9 	11 	10
f 8 	11 	9
f 13 	7 	12
f 6 	12 	7
f 7 	14 	15
f 16 	7 	15
f 18 	14 	7
f 13 	18 	7
f 1950 	1982 	26
f 37 	1946 	24
f 23 	242 	244
f 244 	246 	23
f 32 	2151 	22
f 246 	259 	23
f 32 	1120 	31
f 43 	29 	33
f 2650 	2651 	23
f 39 	34 	35
f 33 	29 	28
f 26 	24 	1950
f 23 	2652 	2699
f 764 	2149 	31
f 1143 	1142 	23
f 38 	1062 	27
f 31 	2151 	32
f 39 	35 	2805
f 1155 	1154 	23
f 1154 	235 	23
f 236 	242 	23
f 23 	1151 	1153
f 2341 	41 	30
f 45 	43 	33
f 2641 	23 	2624
f 2702 	1522 	23
f 23 	1158 	1155
f 1157 	1156 	23
f 48 	43 	45
f 1156 	1158 	23
f 1153 	1157 	23
f 2699 	2702 	23
f 2651 	2652 	23
f 2648 	23 	2654
f 44 	1002 	42
f 50 	44 	21
f 25 	50 	21
f 48 	45 	49
f 54 	50 	25
f 102 	54 	25
f 60 	52 	59
f 61 	52 	60
f 58 	59 	52
f 62 	55 	1043
f 69 	52 	80
f 67 	80 	52
f 2721 	23 	65
f 71 	147 	55
f 71 	55 	76
f 76 	55 	62
f 30 	70 	20
f 23 	61 	60
f 60 	79 	23
f 77 	74 	135
f 76 	81 	71
f 59 	79 	60
f 135 	74 	73
f 67 	65 	23
f 85 	64 	84
f 68 	84 	64
f 89 	81 	76
f 83 	2082 	95
f 88 	64 	87
f 66 	68 	64
f 86 	442 	85
f 90 	87 	64
f 64 	88 	96
f 64 	96 	93
f 93 	66 	64
f 318 	82 	91
f 83 	95 	98
f 103 	63 	100
f 25 	2789 	102
f 105 	106 	63
f 110 	63 	109
f 106 	109 	63
f 95 	461 	98
f 112 	63 	111
f 110 	111 	63
f 114 	63 	112
f 94 	91 	82
f 61 	115 	52
f 69 	58 	52
f 121 	113 	120
f 122 	113 	121
f 119 	120 	113
f 23 	115 	61
f 77 	102 	92
f 127 	101 	91
f 52 	115 	134
f 128 	134 	115
f 74 	77 	92
f 128 	115 	23
f 127 	91 	94
f 64 	6 	132
f 101 	127 	139
f 90 	64 	132
f 134 	175 	52
f 136 	127 	94
f 116 	107 	123
f 128 	23 	134
f 142 	7 	141
f 141 	7 	140
f 143 	144 	7
f 144 	149 	7
f 6 	7 	150
f 147 	116 	123
f 151 	135 	73
f 55 	147 	123
f 2179 	139 	164
f 158 	168 	240
f 158 	157 	23
f 157 	52 	162
f 55 	123 	1043
f 2663 	147 	71
f 162 	23 	157
f 164 	139 	127
f 136 	72 	164
f 168 	184 	240
f 170 	240 	169
f 164 	127 	136
f 158 	23 	168
f 134 	174 	175
f 162 	52 	175
f 134 	23 	174
f 175 	174 	23
f 54 	102 	203
f 162 	175 	23
f 102 	77 	203
f 169 	23 	170
f 249 	218 	23
f 169 	240 	184
f 169 	184 	23
f 249 	23 	247
f 195 	187 	168
f 187 	195 	23
f 184 	187 	23
f 23 	259 	261
f 180 	192 	185
f 191 	72 	136
f 193 	197 	168
f 168 	194 	195
f 184 	168 	187
f 189 	192 	180
f 168 	23 	193
f 23 	195 	194
f 194 	168 	197
f 217 	72 	191
f 193 	23 	197
f 75 	72 	217
f 194 	197 	23
f 199 	192 	189
f 192 	199 	2168
f 189 	198 	199
f 77 	135 	1447
f 204 	191 	186
f 204 	217 	191
f 230 	199 	198
f 206 	6 	205
f 207 	6 	206
f 204 	186 	190
f 157 	158 	240
f 210 	6 	209
f 209 	6 	207
f 46 	167 	208
f 204 	190 	28
f 213 	214 	6
f 214 	220 	6
f 154 	205 	6
f 170 	23 	218
f 221 	222 	6
f 220 	221 	6
f 167 	225 	208
f 183 	225 	167
f 219 	232 	211
f 229 	211 	232
f 28 	29 	204
f 232 	233 	229
f 204 	29 	217
f 236 	23 	235
f 269 	75 	217
f 252 	240 	218
f 241 	225 	183
f 233 	2697 	229
f 218 	240 	170
f 52 	157 	240
f 131 	132 	6
f 222 	131 	6
f 188 	241 	183
f 2210 	2192 	230
f 256 	7 	255
f 255 	7 	251
f 114 	251 	63
f 249 	252 	218
f 2210 	230 	239
f 196 	260 	188
f 257 	7 	256
f 258 	7 	257
f 261 	247 	23
f 260 	241 	188
f 262 	7 	258
f 263 	7 	262
f 202 	260 	196
f 140 	7 	271
f 202 	1504 	260
f 267 	7 	263
f 2575 	272 	2572
f 269 	217 	29
f 43 	269 	29
f 2575 	280 	272
f 271 	7 	267
f 149 	150 	7
f 154 	6 	153
f 153 	6 	150
f 210 	213 	6
f 142 	143 	7
f 63 	251 	7
f 229 	266 	211
f 280 	198 	272
f 198 	189 	272
f 445 	63 	453
f 7 	16 	63
f 456 	68 	455
f 66 	455 	68
f 2293 	269 	43
f 66 	93 	458
f 284 	285 	2702
f 459 	84 	68
f 456 	459 	68
f 287 	198 	280
f 460 	85 	459
f 84 	459 	85
f 266 	250 	211
f 283 	287 	280
f 285 	288 	2702
f 287 	230 	198
f 294 	283 	291
f 287 	283 	294
f 305 	282 	78
f 309 	305 	78
f 274 	289 	299
f 132 	470 	90
f 299 	289 	292
f 293 	290 	949
f 287 	294 	239
f 292 	289 	266
f 202 	273 	295
f 239 	230 	287
f 296 	82 	290
f 202 	196 	273
f 141 	498 	142
f 178 	296 	293
f 275 	295 	273
f 239 	294 	226
f 296 	290 	293
f 298 	2627 	297
f 292 	266 	229
f 502 	508 	142
f 302 	94 	296
f 94 	82 	296
f 149 	513 	150
f 300 	2392 	282
f 153 	517 	154
f 303 	295 	275
f 513 	516 	150
f 302 	296 	178
f 452 	301 	226
f 186 	302 	178
f 154 	519 	205
f 94 	302 	136
f 300 	303 	275
f 206 	534 	207
f 191 	136 	302
f 191 	302 	186
f 301 	2321 	226
f 534 	206 	533
f 535 	538 	207
f 282 	305 	300
f 560 	300 	305
f 178 	1015 	1021
f 541 	542 	213
f 210 	544 	213
f 186 	178 	1021
f 220 	545 	221
f 560 	303 	300
f 221 	549 	222
f 548 	222 	549
f 549 	221 	547
f 2326 	304 	308
f 222 	469 	131
f 548 	469 	222
f 306 	404 	713
f 586 	100 	99
f 78 	83 	309
f 311 	310 	365
f 585 	588 	97
f 586 	591 	100
f 595 	104 	103
f 314 	312 	306
f 83 	98 	309
f 583 	573 	309
f 105 	599 	106
f 315 	308 	307
f 104 	601 	105
f 98 	583 	309
f 595 	601 	104
f 317 	310 	311
f 313 	315 	307
f 106 	607 	109
f 318 	317 	311
f 742 	314 	306
f 613 	112 	614
f 111 	614 	112
f 110 	615 	111
f 319 	315 	313
f 321 	312 	314
f 317 	327 	1797
f 327 	317 	318
f 112 	613 	114
f 318 	444 	82
f 622 	623 	257
f 318 	311 	444
f 256 	624 	257
f 627 	629 	262
f 258 	627 	262
f 323 	320 	316
f 327 	318 	91
f 101 	327 	91
f 271 	495 	140
f 82 	444 	290
f 411 	320 	334
f 649 	12 	64
f 56 	337 	338
f 56 	338 	57
f 340 	769 	339
f 334 	320 	323
f 47 	334 	323
f 346 	343 	326
f 410 	442 	86
f 769 	284 	2702
f 347 	390 	336
f 358 	343 	346
f 348 	286 	769
f 284 	769 	286
f 344 	347 	336
f 340 	348 	769
f 352 	442 	350
f 353 	442 	352
f 351 	334 	47
f 51 	351 	47
f 370 	358 	346
f 53 	2809 	51
f 362 	442 	361
f 349 	442 	363
f 370 	346 	355
f 363 	442 	362
f 361 	442 	418
f 365 	364 	344
f 383 	321 	314
f 1843 	347 	364
f 364 	347 	344
f 371 	367 	527
f 374 	375 	769
f 365 	344 	491
f 339 	769 	375
f 371 	379 	367
f 289 	377 	383
f 310 	364 	365
f 377 	321 	383
f 266 	383 	250
f 383 	314 	250
f 386 	384 	378
f 381 	379 	371
f 388 	374 	769
f 555 	341 	486
f 336 	390 	380
f 390 	382 	380
f 501 	381 	371
f 289 	274 	377
f 289 	383 	266
f 390 	1922 	382
f 393 	379 	381
f 393 	381 	320
f 460 	279 	462
f 2344 	384 	403
f 465 	281 	467
f 386 	326 	403
f 406 	577 	409
f 349 	350 	442
f 987 	1097 	406
f 316 	320 	381
f 403 	384 	386
f 409 	408 	396
f 413 	442 	412
f 414 	442 	413
f 404 	312 	1119
f 343 	403 	326
f 418 	442 	417
f 416 	442 	414
f 412 	442 	410
f 312 	404 	306
f 417 	442 	416
f 360 	420 	443
f 406 	409 	421
f 421 	437 	406
f 396 	421 	409
f 411 	393 	320
f 424 	365 	491
f 422 	443 	420
f 428 	443 	427
f 427 	443 	425
f 424 	311 	365
f 431 	443 	428
f 422 	425 	443
f 419 	319 	313
f 433 	443 	432
f 434 	443 	433
f 435 	419 	378
f 436 	438 	443
f 444 	424 	426
f 437 	448 	406
f 319 	419 	435
f 437 	421 	396
f 438 	97 	443
f 97 	99 	443
f 431 	432 	443
f 99 	100 	443
f 424 	415 	426
f 63 	443 	100
f 434 	436 	443
f 105 	63 	104
f 104 	63 	103
f 424 	444 	311
f 384 	435 	378
f 1211 	426 	415
f 64 	85 	442
f 442 	353 	354
f 356 	443 	354
f 357 	443 	356
f 360 	443 	359
f 359 	443 	357
f 442 	354 	443
f 446 	63 	445
f 63 	446 	449
f 63 	449 	443
f 396 	448 	437
f 451 	452 	450
f 426 	290 	444
f 16 	453 	63
f 430 	2750 	439
f 439 	2669 	440
f 226 	294 	452
f 447 	2669 	454
f 211 	457 	219
f 455 	66 	458
f 441 	451 	450
f 949 	290 	426
f 452 	451 	301
f 457 	454 	2669
f 85 	462 	463
f 85 	463 	86
f 219 	457 	2669
f 447 	440 	2669
f 462 	85 	460
f 108 	461 	95
f 465 	467 	86
f 131 	468 	132
f 470 	132 	468
f 472 	474 	406
f 475 	88 	473
f 87 	473 	88
f 474 	472 	396
f 470 	473 	90
f 87 	90 	473
f 479 	96 	475
f 88 	475 	96
f 93 	480 	458
f 476 	642 	423
f 125 	478 	108
f 93 	96 	480
f 479 	480 	96
f 461 	478 	518
f 485 	350 	349
f 430 	481 	429
f 478 	461 	108
f 503 	499 	133
f 471 	483 	477
f 125 	482 	478
f 354 	500 	356
f 451 	441 	489
f 471 	402 	483
f 342 	485 	486
f 145 	482 	125
f 499 	503 	356
f 507 	506 	359
f 489 	441 	484
f 342 	345 	485
f 336 	477 	483
f 481 	699 	476
f 491 	483 	402
f 145 	487 	482
f 344 	483 	491
f 423 	429 	476
f 481 	476 	429
f 491 	402 	415
f 130 	499 	500
f 497 	129 	500
f 141 	140 	498
f 498 	140 	494
f 371 	487 	501
f 502 	142 	498
f 430 	439 	481
f 496 	481 	439
f 483 	344 	336
f 130 	133 	499
f 143 	504 	505
f 144 	143 	505
f 304 	301 	451
f 504 	143 	508
f 424 	491 	415
f 143 	142 	508
f 489 	304 	451
f 380 	464 	477
f 487 	2765 	501
f 510 	484 	1396
f 506 	137 	511
f 149 	512 	513
f 316 	381 	501
f 380 	2377 	464
f 149 	144 	512
f 512 	144 	505
f 477 	336 	380
f 153 	516 	517
f 484 	510 	307
f 373 	570 	566
f 153 	150 	516
f 489 	484 	307
f 308 	304 	489
f 154 	517 	519
f 576 	570 	373
f 307 	308 	489
f 373 	376 	576
f 361 	418 	552
f 558 	604 	171
f 551 	553 	361
f 482 	521 	478
f 555 	486 	363
f 313 	510 	598
f 313 	307 	510
f 521 	518 	478
f 410 	556 	412
f 633 	865 	524
f 529 	526 	530
f 49 	524 	532
f 526 	529 	528
f 270 	146 	495
f 526 	531 	530
f 412 	559 	413
f 529 	530 	531
f 487 	527 	482
f 416 	566 	417
f 452 	294 	291
f 450 	452 	291
f 527 	521 	482
f 533 	205 	519
f 487 	371 	527
f 535 	207 	534
f 205 	533 	206
f 1507 	1504 	202
f 209 	207 	538
f 516 	385 	517
f 536 	606 	1471
f 536 	617 	606
f 209 	538 	539
f 210 	209 	539
f 214 	213 	542
f 385 	387 	519
f 517 	385 	519
f 543 	540 	536
f 541 	213 	544
f 537 	532 	880
f 544 	210 	539
f 540 	617 	536
f 214 	542 	220
f 545 	220 	542
f 440 	496 	439
f 547 	221 	545
f 539 	398 	544
f 546 	537 	903
f 468 	131 	469
f 1507 	202 	295
f 360 	511 	420
f 295 	303 	1540
f 554 	341 	555
f 561 	540 	543
f 422 	558 	425
f 557 	425 	558
f 562 	427 	425
f 562 	425 	557
f 326 	540 	561
f 565 	428 	427
f 565 	427 	562
f 406 	448 	472
f 567 	561 	543
f 428 	569 	431
f 568 	431 	569
f 472 	448 	396
f 603 	303 	560
f 569 	428 	565
f 574 	1006 	572
f 572 	1011 	574
f 346 	326 	561
f 575 	432 	431
f 575 	431 	568
f 309 	573 	305
f 561 	355 	346
f 433 	579 	434
f 578 	434 	579
f 355 	561 	567
f 577 	580 	572
f 573 	560 	305
f 1065 	107 	567
f 432 	581 	433
f 579 	433 	581
f 572 	580 	1011
f 581 	432 	575
f 515 	389 	839
f 525 	515 	839
f 582 	436 	434
f 582 	434 	578
f 543 	1065 	567
f 436 	582 	438
f 584 	438 	582
f 398 	539 	538
f 45 	33 	514
f 514 	524 	45
f 584 	585 	438
f 97 	438 	585
f 116 	355 	567
f 398 	400 	544
f 99 	587 	586
f 107 	116 	567
f 524 	49 	45
f 587 	99 	588
f 839 	389 	399
f 99 	97 	588
f 461 	625 	98
f 103 	100 	591
f 594 	577 	593
f 577 	592 	593
f 590 	49 	532
f 549 	407 	548
f 595 	103 	591
f 625 	583 	98
f 596 	580 	406
f 537 	590 	532
f 597 	106 	599
f 325 	469 	324
f 165 	600 	511
f 577 	594 	408
f 408 	409 	577
f 625 	461 	518
f 1097 	596 	406
f 165 	166 	600
f 602 	600 	166
f 303 	603 	1540
f 599 	105 	601
f 602 	166 	604
f 607 	106 	597
f 166 	171 	604
f 608 	109 	607
f 606 	609 	589
f 611 	603 	560
f 109 	608 	110
f 610 	110 	608
f 611 	1210 	603
f 177 	568 	569
f 565 	176 	569
f 609 	598 	589
f 573 	611 	560
f 614 	111 	615
f 177 	179 	568
f 609 	419 	598
f 615 	110 	610
f 182 	181 	579
f 617 	609 	606
f 613 	618 	114
f 251 	114 	618
f 182 	579 	581
f 575 	179 	581
f 583 	619 	573
f 255 	251 	620
f 620 	251 	618
f 626 	612 	616
f 256 	255 	621
f 621 	255 	620
f 619 	611 	573
f 617 	378 	609
f 616 	612 	605
f 258 	257 	623
f 609 	378 	419
f 386 	378 	617
f 622 	257 	624
f 621 	624 	256
f 540 	386 	617
f 540 	326 	386
f 583 	628 	619
f 263 	262 	629
f 626 	616 	1014
f 258 	623 	627
f 396 	408 	594
f 224 	595 	591
f 630 	267 	263
f 630 	263 	629
f 625 	628 	583
f 580 	596 	1011
f 440 	447 	496
f 550 	496 	447
f 631 	271 	267
f 631 	267 	630
f 224 	228 	601
f 454 	550 	447
f 224 	601 	595
f 494 	140 	495
f 495 	271 	631
f 211 	250 	550
f 6 	64 	12
f 337 	442 	443
f 337 	443 	338
f 227 	231 	597
f 550 	454 	457
f 211 	550 	457
f 628 	625 	1304
f 423 	642 	429
f 463 	465 	86
f 625 	518 	1304
f 632 	633 	514
f 410 	86 	467
f 743 	634 	741
f 634 	743 	636
f 636 	638 	634
f 524 	514 	633
f 572 	1296 	577
f 248 	621 	620
f 488 	350 	485
f 637 	638 	636
f 637 	636 	639
f 352 	350 	490
f 490 	350 	488
f 466 	2804 	2783
f 2781 	2783 	2804
f 248 	253 	624
f 352 	493 	353
f 492 	353 	493
f 577 	634 	638
f 577 	638 	640
f 640 	760 	577
f 621 	248 	624
f 490 	493 	352
f 354 	353 	497
f 492 	497 	353
f 499 	356 	500
f 419 	313 	598
f 497 	500 	354
f 2783 	429 	642
f 630 	268 	631
f 357 	356 	503
f 631 	270 	495
f 360 	359 	506
f 357 	509 	359
f 507 	359 	509
f 11 	8 	1284
f 8 	12 	1284
f 509 	357 	503
f 506 	511 	360
f 649 	650 	12
f 551 	361 	552
f 362 	361 	553
f 646 	645 	641
f 554 	363 	362
f 554 	362 	553
f 652 	1021 	645
f 485 	349 	486
f 349 	363 	486
f 554 	555 	363
f 556 	410 	467
f 652 	645 	646
f 559 	412 	556
f 653 	643 	644
f 413 	564 	414
f 563 	414 	564
f 646 	612 	652
f 564 	413 	559
f 652 	658 	190
f 416 	414 	566
f 566 	414 	563
f 570 	417 	566
f 552 	418 	571
f 605 	612 	646
f 417 	576 	418
f 476 	656 	466
f 570 	576 	417
f 571 	418 	576
f 656 	682 	654
f 658 	652 	612
f 600 	420 	511
f 658 	28 	190
f 420 	600 	422
f 602 	422 	600
f 612 	626 	658
f 655 	657 	704
f 602 	604 	422
f 656 	654 	466
f 422 	604 	558
f 28 	658 	662
f 64 	442 	649
f 442 	337 	1288
f 337 	56 	1288
f 1031 	1881 	56
f 632 	662 	626
f 476 	699 	656
f 657 	655 	2504
f 666 	1018 	665
f 664 	665 	1018
f 666 	686 	1018
f 660 	665 	664
f 662 	658 	626
f 514 	33 	662
f 40 	668 	669
f 660 	666 	665
f 33 	28 	662
f 1018 	672 	671
f 632 	514 	662
f 664 	671 	660
f 661 	660 	671
f 850 	663 	2508
f 670 	661 	671
f 40 	1041 	668
f 2633 	661 	672
f 670 	672 	661
f 675 	1407 	648
f 867 	663 	850
f 678 	677 	660
f 680 	660 	677
f 654 	675 	648
f 685 	666 	680
f 677 	676 	680
f 676 	696 	680
f 666 	685 	686
f 685 	680 	686
f 654 	682 	675
f 688 	674 	1068
f 692 	982 	673
f 686 	680 	689
f 702 	700 	1969
f 692 	673 	679
f 660 	680 	666
f 677 	678 	698
f 698 	705 	677
f 676 	677 	705
f 696 	676 	705
f 679 	643 	692
f 695 	681 	651
f 699 	694 	656
f 655 	695 	651
f 1957 	1969 	700
f 700 	690 	1957
f 697 	818 	698
f 707 	993 	692
f 694 	682 	656
f 1985 	1957 	38
f 1982 	1985 	38
f 38 	27 	1982
f 704 	981 	695
f 38 	690 	731
f 695 	655 	704
f 667 	725 	684
f 40 	669 	687
f 643 	679 	1191
f 684 	687 	667
f 669 	667 	687
f 710 	711 	709
f 712 	724 	711
f 653 	707 	643
f 735 	731 	700
f 712 	711 	807
f 732 	1080 	691
f 678 	2672 	697
f 716 	2672 	715
f 708 	704 	657
f 715 	817 	716
f 707 	692 	643
f 697 	698 	678
f 2560 	701 	706
f 663 	708 	657
f 818 	697 	716
f 1061 	26 	718
f 27 	718 	26
f 715 	714 	807
f 653 	659 	719
f 712 	2708 	723
f 1001 	708 	663
f 719 	835 	707
f 719 	707 	653
f 24 	1061 	717
f 26 	1061 	24
f 533 	519 	387
f 724 	712 	723
f 932 	710 	709
f 932 	724 	723
f 683 	684 	725
f 709 	711 	724
f 699 	713 	694
f 496 	730 	481
f 690 	700 	731
f 699 	730 	713
f 306 	713 	730
f 634 	736 	737
f 766 	733 	729
f 481 	730 	699
f 741 	634 	740
f 737 	739 	634
f 740 	634 	739
f 306 	730 	742
f 635 	636 	743
f 745 	746 	747
f 746 	748 	749
f 750 	747 	749
f 746 	749 	747
f 742 	730 	496
f 749 	751 	750
f 745 	747 	752
f 751 	752 	747
f 751 	747 	750
f 550 	742 	496
f 745 	758 	746
f 639 	757 	637
f 756 	637 	757
f 752 	758 	745
f 250 	314 	742
f 748 	746 	758
f 250 	742 	550
f 592 	577 	760
f 1120 	32 	763
f 37 	1060 	22
f 760 	839 	592
f 754 	744 	734
f 1635 	1059 	753
f 638 	839 	640
f 744 	768 	2594
f 31 	765 	764
f 765 	761 	764
f 759 	764 	761
f 636 	839 	639
f 22 	763 	32
f 729 	719 	659
f 648 	1407 	762
f 768 	651 	681
f 765 	31 	1120
f 729 	659 	766
f 681 	2594 	768
f 531 	526 	722
f 734 	2525 	754
f 654 	648 	2804
f 768 	744 	754
f 771 	772 	773
f 466 	654 	2804
f 778 	776 	777
f 2702 	722 	769
f 768 	2534 	651
f 766 	770 	733
f 1168 	388 	1174
f 694 	779 	682
f 777 	790 	781
f 787 	783 	790
f 775 	782 	777
f 780 	834 	778
f 790 	777 	782
f 738 	733 	770
f 784 	790 	783
f 786 	783 	787
f 785 	738 	770
f 2548 	2504 	655
f 781 	790 	789
f 784 	789 	790
f 694 	397 	779
f 713 	397 	694
f 404 	397 	713
f 798 	773 	795
f 788 	886 	774
f 753 	738 	785
f 724 	932 	709
f 803 	773 	802
f 800 	802 	773
f 797 	753 	785
f 689 	703 	1018
f 804 	773 	803
f 805 	773 	804
f 808 	773 	805
f 806 	807 	946
f 813 	773 	812
f 812 	773 	808
f 824 	703 	680
f 816 	810 	796
f 814 	773 	813
f 818 	716 	817
f 815 	773 	814
f 820 	773 	819
f 819 	773 	815
f 705 	891 	696
f 822 	696 	891
f 826 	773 	823
f 823 	820 	825
f 680 	822 	824
f 696 	822 	680
f 1635 	753 	797
f 828 	773 	826
f 821 	824 	822
f 830 	833 	773
f 828 	830 	773
f 820 	823 	773
f 821 	1018 	829
f 1018 	686 	689
f 821 	829 	824
f 829 	1018 	703
f 832 	773 	833
f 689 	680 	703
f 829 	703 	824
f 791 	834 	780
f 775 	777 	776
f 793 	773 	792
f 773 	834 	792
f 794 	773 	793
f 794 	795 	773
f 798 	800 	773
f 791 	792 	834
f 772 	834 	773
f 776 	778 	834
f 831 	809 	728
f 836 	777 	837
f 838 	778 	777
f 838 	777 	836
f 734 	831 	728
f 840 	780 	778
f 840 	778 	838
f 843 	780 	840
f 841 	810 	816
f 844 	781 	845
f 734 	744 	831
f 781 	844 	837
f 781 	837 	777
f 605 	646 	827
f 816 	846 	841
f 783 	848 	784
f 847 	784 	848
f 848 	783 	786
f 2587 	744 	2594
f 784 	847 	789
f 849 	789 	847
f 845 	781 	789
f 845 	789 	849
f 791 	852 	853
f 791 	853 	792
f 852 	791 	843
f 780 	843 	791
f 793 	856 	794
f 855 	794 	856
f 726 	1257 	851
f 856 	793 	792
f 856 	792 	853
f 854 	842 	835
f 858 	795 	794
f 858 	794 	855
f 1032 	726 	851
f 859 	798 	795
f 859 	795 	858
f 1035 	854 	835
f 861 	800 	798
f 861 	798 	859
f 839 	520 	522
f 862 	800 	861
f 800 	862 	802
f 864 	802 	862
f 866 	803 	802
f 866 	802 	864
f 863 	846 	913
f 867 	850 	857
f 839 	523 	520
f 868 	805 	804
f 868 	804 	869
f 839 	528 	523
f 803 	870 	804
f 869 	804 	870
f 839 	522 	525
f 870 	803 	866
f 839 	722 	526
f 532 	524 	865
f 872 	860 	767
f 873 	808 	805
f 873 	805 	868
f 839 	1174 	769
f 874 	812 	808
f 874 	808 	873
f 839 	1175 	1176
f 1001 	663 	867
f 812 	874 	813
f 875 	813 	874
f 774 	872 	767
f 877 	815 	814
f 877 	814 	878
f 867 	857 	882
f 839 	1181 	1182
f 876 	882 	857
f 813 	879 	814
f 878 	814 	879
f 992 	961 	871
f 879 	813 	875
f 872 	1071 	860
f 815 	877 	819
f 883 	819 	877
f 377 	881 	321
f 839 	1442 	1181
f 819 	883 	820
f 885 	820 	883
f 774 	886 	872
f 820 	887 	825
f 880 	532 	865
f 887 	820 	885
f 839 	1182 	1185
f 881 	1123 	321
f 880 	865 	1030
f 832 	771 	773
f 888 	832 	833
f 705 	698 	818
f 888 	889 	771
f 888 	771 	832
f 817 	905 	818
f 377 	796 	881
f 715 	807 	817
f 839 	1185 	1198
f 1018 	821 	892
f 904 	1018 	892
f 905 	1018 	904
f 891 	892 	821
f 821 	822 	891
f 890 	894 	876
f 884 	880 	1030
f 839 	1198 	1200
f 891 	818 	892
f 895 	749 	893
f 274 	796 	377
f 896 	886 	788
f 839 	1200 	1175
f 818 	891 	705
f 897 	749 	895
f 894 	882 	876
f 839 	1176 	1174
f 900 	1018 	899
f 898 	807 	899
f 816 	796 	274
f 839 	769 	722
f 801 	896 	788
f 899 	807 	900
f 806 	900 	807
f 898 	1018 	902
f 902 	1018 	905
f 903 	537 	880
f 817 	807 	902
f 898 	902 	807
f 901 	299 	2740
f 903 	880 	884
f 905 	904 	818
f 902 	905 	817
f 901 	816 	274
f 884 	842 	903
f 904 	892 	818
f 909 	776 	908
f 910 	776 	909
f 908 	776 	907
f 890 	1109 	894
f 901 	274 	299
f 922 	546 	903
f 911 	775 	910
f 913 	846 	901
f 846 	816 	901
f 915 	790 	914
f 749 	923 	776
f 906 	1109 	890
f 641 	896 	801
f 916 	917 	1018
f 918 	1018 	917
f 827 	641 	801
f 920 	790 	919
f 919 	790 	915
f 912 	775 	911
f 918 	917 	806
f 913 	901 	2740
f 993 	842 	884
f 917 	916 	806
f 827 	646 	641
f 787 	920 	921
f 787 	921 	786
f 916 	1018 	900
f 790 	920 	787
f 854 	922 	842
f 916 	900 	806
f 34 	863 	913
f 941 	945 	749
f 907 	776 	923
f 776 	910 	775
f 782 	775 	912
f 914 	790 	912
f 782 	912 	790
f 842 	922 	903
f 927 	749 	897
f 721 	720 	1408
f 924 	1408 	720
f 944 	943 	721
f 930 	749 	929
f 871 	34 	39
f 2524 	546 	922
f 871 	863 	34
f 934 	749 	933
f 933 	749 	930
f 871 	39 	992
f 935 	749 	934
f 928 	922 	854
f 952 	932 	953
f 992 	39 	42
f 936 	749 	935
f 937 	749 	936
f 927 	929 	749
f 944 	721 	1408
f 939 	749 	938
f 938 	749 	937
f 926 	925 	1126
f 940 	749 	939
f 941 	749 	940
f 723 	721 	943
f 942 	841 	846
f 723 	943 	932
f 923 	749 	945
f 710 	946 	711
f 863 	942 	846
f 711 	946 	807
f 871 	950 	863
f 948 	823 	947
f 825 	947 	823
f 932 	806 	946
f 710 	932 	946
f 951 	828 	948
f 823 	948 	826
f 942 	863 	950
f 1018 	918 	952
f 943 	1018 	953
f 957 	958 	833
f 826 	948 	828
f 949 	426 	1211
f 954 	833 	951
f 828 	951 	830
f 932 	943 	953
f 956 	955 	1344
f 888 	833 	958
f 1211 	977 	949
f 806 	932 	918
f 932 	952 	918
f 1169 	942 	950
f 961 	950 	871
f 959 	888 	958
f 960 	888 	959
f 962 	1801 	944
f 963 	888 	960
f 965 	888 	963
f 967 	748 	965
f 968 	748 	967
f 1190 	931 	964
f 969 	955 	956
f 971 	748 	968
f 956 	673 	969
f 973 	748 	972
f 972 	748 	971
f 975 	748 	973
f 976 	748 	975
f 839 	526 	528
f 978 	748 	976
f 1209 	1173 	961
f 979 	748 	978
f 974 	1209 	961
f 980 	749 	979
f 396 	839 	395
f 983 	749 	980
f 984 	749 	983
f 982 	969 	673
f 406 	994 	985
f 406 	985 	987
f 893 	749 	986
f 748 	979 	749
f 987 	985 	988
f 991 	985 	994
f 954 	957 	833
f 830 	951 	833
f 839 	399 	395
f 985 	991 	988
f 708 	990 	704
f 969 	982 	1030
f 839 	1458 	1459
f 888 	965 	748
f 692 	993 	982
f 981 	990 	2563
f 1085 	1084 	839
f 995 	996 	997
f 997 	994 	995
f 995 	994 	1101
f 994 	751 	749
f 988 	997 	996
f 998 	949 	977
f 982 	993 	884
f 988 	996 	995
f 884 	1030 	982
f 999 	758 	752
f 997 	1000 	991
f 991 	994 	997
f 704 	990 	981
f 1000 	997 	988
f 993 	707 	835
f 991 	1000 	988
f 842 	993 	835
f 839 	737 	736
f 992 	42 	1002
f 986 	749 	984
f 776 	834 	749
f 1016 	749 	834
f 994 	749 	1016
f 839 	636 	743
f 635 	743 	636
f 1004 	990 	708
f 839 	638 	637
f 757 	639 	839
f 1001 	1004 	708
f 641 	1003 	896
f 1007 	1006 	1186
f 998 	977 	970
f 839 	739 	737
f 974 	961 	992
f 574 	1008 	1009
f 574 	1009 	1006
f 1003 	998 	970
f 1099 	1096 	839
f 990 	1004 	2572
f 1011 	1008 	574
f 605 	1470 	616
f 50 	1010 	44
f 1012 	1001 	867
f 1002 	44 	1010
f 1096 	1095 	839
f 1095 	1104 	839
f 1003 	970 	896
f 1344 	955 	1013
f 1012 	1020 	1001
f 736 	1108 	839
f 1015 	293 	998
f 751 	994 	999
f 752 	751 	999
f 1004 	1001 	1020
f 293 	949 	998
f 839 	741 	740
f 1014 	616 	1005
f 1017 	1010 	50
f 743 	741 	839
f 445 	1018 	446
f 1029 	446 	1018
f 1015 	998 	1003
f 453 	1018 	445
f 178 	293 	1015
f 839 	740 	739
f 1013 	1014 	1005
f 1003 	645 	1015
f 54 	1017 	50
f 637 	756 	839
f 10 	13 	8
f 14 	18 	1018
f 12 	8 	13
f 10 	2627 	13
f 11 	647 	10
f 632 	626 	1014
f 593 	592 	839
f 16 	15 	14
f 16 	14 	1018
f 1019 	632 	1014
f 760 	640 	839
f 13 	1018 	18
f 641 	645 	1003
f 839 	756 	757
f 1013 	955 	1019
f 989 	1017 	54
f 453 	16 	1018
f 633 	632 	1019
f 1021 	1015 	645
f 1019 	1014 	1013
f 839 	1108 	1099
f 1022 	1020 	1012
f 647 	2627 	10
f 1020 	1022 	1177
f 1019 	1024 	633
f 190 	186 	1021
f 989 	1023 	1025
f 652 	190 	1021
f 969 	1024 	955
f 727 	1027 	1028
f 446 	1029 	449
f 839 	594 	593
f 396 	594 	839
f 24 	717 	37
f 755 	727 	1028
f 955 	1024 	1019
f 1030 	865 	1024
f 865 	633 	1024
f 727 	726 	1027
f 38 	731 	1062
f 1052 	1028 	1051
f 718 	27 	1062
f 969 	1030 	1024
f 22 	1947 	37
f 27 	26 	1982
f 1002 	974 	992
f 1027 	1051 	1028
f 1047 	1031 	57
f 1032 	1027 	726
f 443 	449 	1033
f 974 	1002 	1034
f 719 	729 	1035
f 835 	719 	1035
f 1010 	1034 	1002
f 2025 	2022 	338
f 338 	443 	2025
f 1057 	1027 	1032
f 1034 	2305 	974
f 1033 	1037 	443
f 1038 	1010 	1017
f 649 	442 	650
f 1035 	729 	1039
f 729 	733 	1039
f 1031 	1047 	1041
f 1040 	1032 	851
f 1038 	1034 	1010
f 1036 	123 	107
f 1039 	1042 	1035
f 1037 	1044 	443
f 1042 	854 	1035
f 1025 	1038 	1017
f 650 	442 	1288
f 1041 	1897 	1031
f 738 	1046 	733
f 1045 	2560 	706
f 123 	1036 	1043
f 687 	1880 	40
f 1039 	733 	1046
f 56 	57 	1031
f 755 	1045 	706
f 1025 	1017 	989
f 668 	1041 	1047
f 1808 	62 	1043
f 755 	1028 	1045
f 1048 	1039 	1046
f 799 	62 	1808
f 1051 	1078 	1052
f 1048 	1042 	1039
f 1053 	1049 	1123
f 1028 	1052 	1045
f 503 	133 	138
f 1055 	738 	753
f 690 	38 	1957
f 1046 	738 	1055
f 732 	691 	693
f 796 	1056 	881
f 1074 	1053 	1081
f 1057 	1051 	1027
f 735 	700 	702
f 1081 	1053 	1056
f 717 	1060 	37
f 753 	1059 	1055
f 1056 	1053 	881
f 1063 	1057 	1032
f 543 	1475 	1065
f 928 	854 	1042
f 810 	1064 	1056
f 1040 	1063 	1032
f 1042 	1066 	928
f 1067 	107 	1065
f 931 	1063 	1040
f 796 	810 	1056
f 1065 	1058 	1067
f 931 	1180 	1063
f 1066 	1042 	1048
f 1068 	1048 	1046
f 1052 	2598 	1045
f 1036 	107 	1067
f 1068 	674 	1048
f 1055 	1068 	1046
f 1048 	674 	1066
f 2553 	1066 	674
f 851 	860 	1040
f 1071 	1040 	860
f 1040 	1071 	931
f 610 	608 	234
f 718 	1062 	2118
f 1059 	1072 	1055
f 872 	886 	1073
f 1070 	1069 	1152
f 1072 	1068 	1055
f 693 	683 	1075
f 1073 	1071 	872
f 1072 	688 	1068
f 964 	931 	1071
f 1059 	1076 	1072
f 1073 	964 	1071
f 1076 	701 	1072
f 970 	1073 	886
f 1053 	1074 	1049
f 701 	688 	1072
f 970 	977 	1073
f 1070 	1074 	1734
f 886 	896 	970
f 706 	701 	1076
f 977 	964 	1073
f 725 	1075 	683
f 1075 	732 	693
f 1074 	1070 	1049
f 788 	774 	1077
f 702 	691 	1080
f 1081 	1079 	1074
f 1080 	735 	702
f 1011 	1097 	988
f 1264 	1128 	634
f 1087 	1093 	1085
f 1085 	634 	1084
f 1084 	634 	1083
f 504 	508 	155
f 735 	2121 	731
f 1006 	1009 	1186
f 1226 	1079 	1081
f 634 	1085 	1093
f 1202 	1310 	1110
f 1093 	1087 	839
f 1089 	1186 	1090
f 1083 	839 	1084
f 1007 	1186 	1089
f 1008 	1092 	1094
f 1008 	1094 	1009
f 1096 	634 	1095
f 1093 	1103 	634
f 1096 	1099 	634
f 1008 	1011 	1092
f 1064 	1081 	1056
f 577 	406 	580
f 1097 	987 	988
f 1099 	1108 	634
f 736 	634 	1108
f 596 	1097 	1011
f 1161 	1235 	1064
f 1100 	1011 	1101
f 882 	1012 	867
f 1101 	1011 	995
f 988 	995 	1011
f 1009 	1094 	1186
f 882 	1102 	1012
f 1085 	839 	1087
f 1100 	1101 	994
f 894 	1102 	882
f 1103 	1117 	634
f 1095 	634 	1104
f 1199 	1106 	1098
f 1117 	839 	1104
f 488 	485 	345
f 490 	488 	124
f 1022 	1012 	1102
f 994 	406 	999
f 1107 	1091 	1098
f 1110 	1111 	1202
f 1205 	1202 	1111
f 1112 	1111 	1110
f 1107 	1098 	1118
f 1093 	839 	1103
f 1113 	1102 	894
f 759 	1116 	1115
f 1118 	1098 	1106
f 1116 	759 	761
f 404 	1114 	397
f 527 	1106 	521
f 894 	1109 	1113
f 1104 	634 	1117
f 1114 	1141 	1105
f 1103 	839 	1117
f 1114 	1105 	397
f 1102 	1113 	1026
f 165 	511 	137
f 1026 	1022 	1102
f 966 	1121 	906
f 1121 	1109 	906
f 1109 	1122 	1113
f 564 	369 	368
f 1121 	1122 	1109
f 564 	559 	369
f 1049 	1070 	1152
f 404 	1119 	1114
f 1123 	1049 	1119
f 1088 	1122 	1121
f 1152 	1119 	1049
f 1127 	1128 	1264
f 1123 	1119 	312
f 759 	1115 	2146
f 321 	1123 	312
f 1116 	1124 	1115
f 771 	1115 	1124
f 881 	1053 	1123
f 926 	1126 	1125
f 1133 	634 	1128
f 1130 	634 	1129
f 1083 	634 	1130
f 1083 	1130 	839
f 1129 	839 	1130
f 1134 	839 	1129
f 763 	2200 	1120
f 1088 	1125 	1086
f 1127 	839 	1128
f 1134 	634 	1133
f 1129 	634 	1134
f 1132 	925 	1555
f 771 	122 	1115
f 839 	1134 	1133
f 1132 	1159 	925
f 1128 	839 	1133
f 1124 	772 	771
f 772 	1136 	834
f 1136 	772 	1138
f 772 	2141 	1138
f 542 	541 	401
f 1139 	1896 	1135
f 541 	544 	400
f 1139 	1135 	1607
f 1006 	1296 	572
f 1105 	1139 	1607
f 1142 	1143 	1144
f 1142 	1144 	1145
f 1146 	1147 	1148
f 1105 	1141 	1139
f 1149 	1146 	1148
f 1149 	288 	1146
f 1981 	1058 	1140
f 1917 	1069 	1687
f 1125 	966 	926
f 1145 	1151 	1142
f 1121 	966 	1125
f 1145 	1150 	1151
f 1153 	1151 	1150
f 1088 	1121 	1125
f 575 	568 	179
f 1119 	1152 	1114
f 1155 	1150 	1154
f 1155 	1158 	1150
f 1157 	1153 	1156
f 1153 	1150 	1156
f 122 	2146 	1115
f 122 	771 	889
f 1086 	1125 	1126
f 1152 	1069 	1141
f 182 	581 	179
f 1156 	1150 	1158
f 763 	22 	1060
f 240 	246 	1150
f 1150 	236 	235
f 1150 	235 	1154
f 1152 	1141 	1114
f 242 	1150 	244
f 236 	1150 	242
f 240 	252 	249
f 249 	247 	240
f 244 	1150 	246
f 925 	1159 	1126
f 247 	261 	240
f 246 	240 	259
f 2225 	2224 	1060
f 1160 	1086 	1126
f 1060 	717 	2225
f 259 	240 	261
f 1161 	1064 	810
f 286 	1146 	284
f 285 	284 	1146
f 1159 	1160 	1126
f 1136 	1138 	1016
f 834 	1136 	1016
f 288 	285 	1146
f 810 	841 	1161
f 339 	1165 	340
f 348 	1146 	286
f 1162 	1159 	1132
f 1033 	449 	1029
f 1163 	1240 	1161
f 348 	340 	1146
f 1037 	1033 	1029
f 374 	1165 	375
f 1044 	1037 	1029
f 375 	1165 	339
f 1137 	1162 	1132
f 1146 	340 	1165
f 388 	1165 	374
f 841 	1163 	1161
f 1162 	1164 	1159
f 1164 	1160 	1159
f 1699 	1700 	1166
f 1701 	1702 	1166
f 1146 	1165 	1167
f 942 	1163 	841
f 942 	1169 	1163
f 1016 	1628 	994
f 1111 	994 	1205
f 1162 	1137 	1172
f 1162 	1050 	1164
f 1172 	1050 	1162
f 898 	899 	1018
f 944 	1801 	943
f 952 	953 	1018
f 1018 	943 	1801
f 1054 	1172 	1140
f 1054 	1050 	1172
f 1054 	1140 	1058
f 623 	254 	264
f 1179 	956 	1107
f 1118 	1179 	1107
f 367 	1118 	1106
f 1082 	1222 	1078
f 1057 	1178 	1082
f 1179 	673 	956
f 1222 	1082 	1231
f 1178 	1057 	1063
f 1318 	1176 	1175
f 1231 	1082 	1178
f 1063 	1180 	1178
f 679 	673 	1179
f 1111 	1183 	994
f 1112 	1183 	1111
f 527 	367 	1106
f 1184 	1179 	1118
f 1110 	1090 	1186
f 1110 	1186 	1112
f 1184 	679 	1179
f 1092 	1188 	1187
f 1094 	1092 	1187
f 994 	1187 	1188
f 1184 	1118 	367
f 1092 	1011 	1188
f 1189 	1177 	1022
f 367 	379 	1184
f 994 	1188 	1100
f 1190 	1180 	931
f 1188 	1011 	1100
f 212 	216 	585
f 1184 	1191 	679
f 1187 	1186 	1094
f 994 	1183 	1192
f 1192 	1193 	994
f 1189 	283 	1177
f 379 	393 	1191
f 283 	280 	1177
f 1112 	1192 	1183
f 1194 	994 	1193
f 291 	283 	1189
f 1186 	1194 	1193
f 1186 	1193 	1192
f 1186 	1192 	1112
f 994 	1194 	1195
f 994 	1195 	1187
f 379 	1191 	1184
f 1195 	1194 	1186
f 644 	643 	1191
f 1187 	1195 	1186
f 393 	644 	1191
f 521 	1199 	518
f 1334 	1197 	1333
f 1007 	1296 	1006
f 1324 	1323 	1198
f 1302 	1197 	1334
f 1333 	1197 	1196
f 1007 	1089 	1296
f 1202 	1204 	1203
f 961 	1173 	950
f 1090 	1110 	1310
f 1202 	1205 	1204
f 1203 	1206 	1207
f 1205 	994 	1207
f 623 	622 	254
f 1173 	1169 	950
f 1204 	1207 	1206
f 1204 	1206 	1203
f 1205 	1207 	1208
f 1208 	1207 	1204
f 1205 	1208 	1204
f 402 	1180 	1190
f 1200 	1198 	1323
f 1173 	1254 	1169
f 1106 	1199 	521
f 1310 	1300 	1090
f 977 	1211 	964
f 1303 	1252 	1213
f 1213 	1214 	1303
f 964 	1211 	1190
f 415 	402 	1190
f 268 	630 	265
f 1347 	1338 	1182
f 1215 	1212 	1252
f 1218 	1216 	1217
f 1211 	415 	1190
f 1219 	1217 	1216
f 1221 	1219 	1216
f 1223 	1224 	1225
f 1223 	1225 	1216
f 1225 	1221 	1216
f 1227 	1224 	1223
f 1230 	1229 	1223
f 1223 	1232 	1230
f 1064 	1226 	1081
f 1234 	1233 	1232
f 1226 	1235 	2387
f 1222 	1231 	464
f 1229 	1227 	1223
f 1253 	1242 	1264
f 1235 	1226 	1064
f 1233 	1230 	1232
f 464 	2426 	1222
f 1236 	1234 	1232
f 471 	1178 	1180
f 471 	1231 	1178
f 1238 	1239 	1241
f 1238 	1241 	1232
f 477 	464 	1231
f 1241 	1236 	1232
f 471 	477 	1231
f 1246 	1264 	1243
f 1243 	1264 	1242
f 402 	471 	1180
f 1242 	839 	1243
f 1237 	1271 	1228
f 1244 	1239 	1238
f 1256 	1127 	1246
f 1247 	1245 	1238
f 1161 	1240 	1235
f 1248 	1247 	1238
f 1243 	839 	1246
f 1051 	1057 	1082
f 1245 	1244 	1238
f 1169 	1249 	1163
f 1051 	1082 	1078
f 1251 	1248 	1238
f 1240 	1163 	1249
f 1303 	1214 	1251
f 1212 	1213 	1252
f 801 	788 	1444
f 1249 	2394 	1240
f 1452 	1463 	827
f 1242 	1253 	839
f 1169 	1254 	1249
f 1452 	827 	801
f 1264 	1246 	1127
f 1330 	1331 	1402
f 839 	1127 	1256
f 460 	459 	279
f 1246 	839 	1256
f 1789 	1257 	1258
f 465 	463 	281
f 1098 	1091 	1250
f 727 	1258 	726
f 1199 	1098 	1250
f 281 	463 	279
f 1257 	726 	1258
f 2302 	1254 	1173
f 1279 	1280 	839
f 368 	563 	564
f 1210 	1220 	1261
f 1262 	1216 	1677
f 2317 	1038 	1025
f 1263 	1253 	1264
f 1025 	1023 	2318
f 1223 	1216 	1262
f 1261 	1259 	1210
f 1260 	851 	1257
f 1278 	839 	1263
f 1253 	1263 	839
f 1261 	1384 	1259
f 851 	1260 	860
f 1267 	1261 	1220
f 860 	1260 	767
f 634 	577 	1296
f 1264 	634 	1296
f 1228 	1267 	1220
f 1274 	1223 	1262
f 1278 	1264 	1279
f 1460 	1280 	1264
f 1274 	1262 	1266
f 1460 	1264 	1269
f 1270 	1460 	1269
f 1630 	1268 	1265
f 1269 	1349 	1270
f 1274 	1232 	1223
f 1269 	1272 	1349
f 1275 	1268 	1630
f 1228 	1271 	1267
f 755 	706 	1750
f 1274 	1282 	1232
f 401 	405 	542
f 1264 	1278 	1263
f 405 	407 	545
f 1282 	1274 	1276
f 1250 	1277 	1237
f 1271 	1277 	1436
f 1276 	1274 	1266
f 1258 	727 	1273
f 727 	755 	1273
f 839 	1278 	1279
f 1458 	839 	1280
f 1237 	1277 	1271
f 1282 	1238 	1232
f 12 	1288 	1284
f 647 	11 	1284
f 1460 	1270 	1283
f 1283 	1270 	1349
f 1250 	1091 	1277
f 1288 	1289 	1284
f 647 	1284 	999
f 1286 	1282 	1276
f 1349 	1272 	1285
f 1289 	1290 	1284
f 1291 	1284 	1290
f 1291 	1292 	1284
f 1287 	1284 	1292
f 1220 	1210 	611
f 2327 	2305 	1034
f 1295 	1280 	1460
f 1279 	1264 	1280
f 1220 	611 	619
f 2327 	1034 	1038
f 1282 	1303 	1238
f 1297 	1307 	1305
f 1299 	1305 	1307
f 1296 	1297 	1305
f 1305 	1285 	1296
f 1280 	1295 	1458
f 1297 	1296 	1309
f 1303 	1282 	1286
f 619 	628 	1228
f 1301 	1460 	1283
f 1026 	1189 	1022
f 1301 	1283 	1349
f 1228 	1220 	619
f 1296 	1300 	1309
f 1122 	1302 	1113
f 628 	1304 	1237
f 1269 	1264 	1296
f 1272 	1269 	1296
f 1285 	1272 	1296
f 1306 	1303 	1286
f 1237 	1228 	628
f 1305 	1299 	1349
f 1285 	1305 	1349
f 1307 	1297 	1309
f 769 	1174 	388
f 1302 	1026 	1113
f 159 	1308 	151
f 1089 	1090 	1296
f 1174 	1176 	1171
f 1300 	1310 	1309
f 1326 	1293 	1313
f 1293 	1307 	1313
f 1311 	1171 	1176
f 1170 	1174 	1171
f 1314 	1026 	1302
f 1238 	1303 	1251
f 1309 	1315 	1316
f 1309 	1316 	1313
f 1309 	1313 	1307
f 1170 	1168 	1174
f 1250 	1304 	1199
f 1309 	1317 	1315
f 1189 	1026 	1314
f 1250 	1237 	1304
f 1316 	1315 	1317
f 1306 	1286 	2217
f 1304 	518 	1199
f 1320 	1310 	1202
f 1300 	1296 	1090
f 1202 	1203 	1320
f 1197 	1302 	1122
f 1310 	1320 	1309
f 1326 	1328 	1293
f 1252 	1303 	1306
f 1306 	1255 	1252
f 1324 	1198 	1327
f 1316 	1326 	1313
f 159 	1380 	1308
f 1325 	1277 	1091
f 1309 	1320 	1317
f 1328 	1317 	1320
f 2227 	1255 	1306
f 1328 	1326 	1316
f 1328 	1316 	1317
f 1334 	1314 	1302
f 1252 	1402 	1331
f 1380 	159 	1321
f 1331 	1215 	1252
f 1185 	1336 	1327
f 1182 	1338 	1185
f 1332 	1337 	1335
f 1182 	1181 	1347
f 1343 	1298 	1307
f 1298 	1299 	1307
f 1013 	1325 	1344
f 1343 	1349 	1298
f 1445 	1455 	1350
f 1325 	1013 	1005
f 1350 	1345 	1445
f 1628 	1353 	1351
f 1344 	1325 	1091
f 1353 	1628 	1355
f 1107 	1344 	1091
f 1343 	1357 	1349
f 1362 	1293 	1366
f 1344 	1107 	956
f 1339 	762 	1407
f 1293 	1343 	1307
f 1378 	1379 	1376
f 1382 	1379 	1378
f 1422 	1801 	1404
f 1405 	1801 	1416
f 1259 	1384 	1938
f 1312 	1311 	1176
f 1383 	1584 	1387
f 1318 	1312 	1176
f 1400 	1389 	1388
f 1386 	1388 	1389
f 1390 	1386 	1389
f 1401 	1390 	1389
f 1175 	1319 	1318
f 1333 	441 	1334
f 1391 	1321 	1339
f 1175 	1200 	1319
f 1322 	1319 	1200
f 1392 	720 	1390
f 720 	721 	1390
f 1359 	1473 	1360
f 450 	1334 	441
f 1401 	1392 	1390
f 1201 	1396 	1196
f 1200 	1323 	1322
f 1380 	1321 	1391
f 1396 	1333 	1196
f 1261 	1267 	1397
f 1185 	1327 	1198
f 1374 	1628 	1377
f 1261 	1397 	1384
f 1399 	1401 	1400
f 1391 	1503 	1380
f 1351 	1377 	1628
f 1402 	1329 	1330
f 1389 	1400 	1401
f 1402 	1332 	1329
f 484 	441 	1333
f 1402 	1252 	1255
f 1403 	924 	1392
f 1405 	1406 	1404
f 1403 	1404 	1406
f 1406 	924 	1403
f 720 	1392 	924
f 1405 	1408 	1406
f 1411 	1402 	1255
f 924 	1406 	1408
f 1411 	1432 	1402
f 1339 	1414 	1391
f 1402 	1432 	1332
f 1405 	1416 	1408
f 1271 	1415 	1267
f 1412 	1413 	1628
f 1421 	1404 	1403
f 1339 	1407 	1414
f 1420 	1628 	1419
f 1417 	1628 	1420
f 1421 	1422 	1404
f 1401 	1421 	1403
f 1392 	1401 	1403
f 1423 	1628 	1426
f 1415 	1397 	1267
f 1434 	1429 	1801
f 1430 	1399 	1801
f 1399 	1430 	1401
f 1427 	1628 	1431
f 1428 	1628 	1427
f 1428 	1426 	1628
f 1431 	1628 	1374
f 1429 	1401 	1430
f 1430 	1801 	1429
f 1434 	1801 	1422
f 1429 	1434 	1421
f 1429 	1421 	1401
f 1425 	1432 	1411
f 1434 	1422 	1421
f 484 	1333 	1396
f 1438 	1801 	1437
f 1404 	1801 	1405
f 1416 	1801 	1438
f 1271 	1436 	1415
f 1416 	1438 	1408
f 1337 	1332 	1432
f 1438 	1437 	1408
f 1367 	1459 	1361
f 1201 	1439 	1396
f 1437 	1801 	962
f 1440 	1414 	1407
f 510 	1396 	1439
f 944 	1408 	962
f 1437 	962 	1408
f 675 	1440 	1407
f 1376 	1379 	1435
f 589 	598 	1439
f 1445 	1432 	1425
f 1005 	1470 	1436
f 1337 	1432 	1340
f 1382 	1458 	1379
f 598 	510 	1439
f 1577 	1440 	1585
f 1325 	1005 	1436
f 1340 	1432 	1445
f 1425 	1443 	1445
f 1277 	1325 	1436
f 1189 	1314 	291
f 675 	1585 	1440
f 1314 	450 	291
f 1336 	1185 	1338
f 682 	1585 	675
f 1342 	1347 	1181
f 450 	1314 	1334
f 1446 	1454 	1385
f 1077 	1444 	788
f 1341 	1342 	1181
f 1340 	1445 	1345
f 1388 	1448 	1400
f 1938 	1444 	1077
f 1352 	1341 	1181
f 1386 	1454 	1388
f 77 	1447 	203
f 989 	203 	1451
f 1356 	1352 	1442
f 1181 	1442 	1352
f 1641 	1453 	1446
f 801 	1444 	1452
f 1356 	1442 	1358
f 1441 	1358 	1442
f 1450 	1439 	1201
f 1386 	1385 	1454
f 1453 	1454 	1446
f 1441 	1459 	1367
f 989 	54 	203
f 1443 	1449 	1455
f 1455 	1445 	1443
f 1358 	1441 	1367
f 1441 	1442 	839
f 1346 	1455 	1348
f 1801 	1399 	1457
f 1164 	1050 	1456
f 1452 	1444 	1384
f 1447 	1451 	203
f 1454 	1457 	1448
f 1448 	1388 	1454
f 1346 	1350 	1455
f 1384 	1397 	1452
f 1450 	1164 	1456
f 1801 	1641 	1469
f 1295 	1460 	1461
f 989 	1451 	1023
f 1415 	1463 	1397
f 1641 	1801 	1453
f 1464 	1453 	1801
f 1465 	1460 	1301
f 1293 	1460 	1465
f 1453 	1464 	1454
f 1466 	1447 	135
f 1463 	1452 	1397
f 1466 	1467 	1447
f 1301 	1349 	1465
f 1801 	1457 	1464
f 1451 	1447 	1467
f 1456 	589 	1450
f 1464 	1457 	1454
f 151 	1466 	135
f 1462 	1473 	1449
f 1439 	1450 	589
f 1293 	1465 	1468
f 1468 	1357 	1293
f 1458 	1295 	1461
f 1470 	1463 	1415
f 1354 	1348 	1455
f 1471 	1456 	1050
f 1459 	1458 	1369
f 1436 	1470 	1415
f 1455 	1473 	1354
f 113 	1474 	1293
f 1265 	1023 	1451
f 1376 	1435 	1460
f 1461 	1460 	1472
f 1448 	1457 	1400
f 1400 	1457 	1399
f 1054 	1471 	1050
f 605 	1463 	1470
f 1458 	1461 	1472
f 1456 	606 	589
f 1463 	605 	827
f 1451 	1467 	1265
f 1441 	839 	1459
f 606 	1456 	1471
f 151 	1308 	1466
f 1476 	1467 	1466
f 1363 	1361 	1459
f 1058 	1475 	1054
f 1005 	616 	1470
f 1473 	1455 	1449
f 1369 	1363 	1459
f 1678 	1477 	1479
f 1475 	1471 	1054
f 1480 	1478 	1477
f 1372 	1369 	1458
f 1466 	1308 	1476
f 1478 	1479 	1477
f 1472 	1460 	1435
f 1475 	536 	1471
f 1483 	1480 	1477
f 1359 	1354 	1473
f 1435 	1379 	1458
f 1472 	1435 	1458
f 1382 	1372 	1458
f 1380 	1487 	1308
f 1486 	1483 	1477
f 543 	536 	1475
f 1165 	388 	1168
f 1166 	1165 	1170
f 1168 	1170 	1165
f 1166 	1170 	1171
f 1487 	1476 	1308
f 1485 	1486 	1477
f 1490 	1485 	1477
f 1489 	1473 	1462
f 1058 	1065 	1475
f 1311 	1166 	1171
f 1312 	1166 	1311
f 1312 	1318 	1166
f 1394 	1393 	1489
f 1318 	1319 	1166
f 1319 	1322 	1166
f 1323 	1166 	1322
f 1628 	1423 	1424
f 1424 	1419 	1628
f 1418 	1412 	1628
f 1413 	1409 	1628
f 1410 	1628 	1409
f 1433 	1628 	1410
f 1417 	1418 	1628
f 1462 	1484 	1489
f 1492 	1490 	1477
f 1477 	1482 	1492
f 1494 	1492 	1482
f 1323 	1324 	1166
f 1324 	1327 	1166
f 1393 	1360 	1473
f 1487 	1380 	1503
f 1498 	1494 	1983
f 1327 	1336 	1166
f 1336 	1338 	1166
f 1983 	1499 	1498
f 1489 	1395 	1394
f 1338 	1347 	1166
f 1347 	1342 	1166
f 1342 	1341 	1166
f 1473 	1489 	1393
f 1341 	1352 	1166
f 1502 	1500 	1293
f 1500 	1501 	1293
f 1496 	1293 	1501
f 1507 	1516 	1504
f 1166 	1352 	1356
f 1356 	1358 	1166
f 1628 	1508 	1293
f 1505 	1506 	1293
f 1506 	1502 	1293
f 1358 	1367 	1166
f 1361 	1363 	1166
f 1363 	1369 	1166
f 1369 	1372 	1166
f 1505 	1293 	1509
f 1489 	1398 	1395
f 1391 	1414 	1510
f 1596 	260 	1504
f 1504 	1523 	1596
f 1489 	1532 	1398
f 1382 	2343 	1372
f 1433 	1513 	1628
f 1628 	1513 	1511
f 1628 	1511 	1512
f 1510 	1503 	1391
f 1197 	1088 	1196
f 1378 	1376 	1382
f 1515 	117 	1518
f 1197 	1122 	1088
f 1376 	2343 	1382
f 117 	1519 	1517
f 1196 	1088 	1086
f 1514 	1527 	1520
f 1523 	1504 	1516
f 1519 	117 	1521
f 1201 	1196 	1086
f 1529 	1530 	1528
f 1526 	1528 	1530
f 1528 	1531 	1529
f 1527 	1532 	1520
f 117 	1533 	1524
f 1524 	1521 	117
f 1534 	1525 	1510
f 1551 	1554 	1526
f 1364 	1365 	1532
f 1201 	1086 	1160
f 1365 	1368 	1532
f 1535 	1533 	117
f 1450 	1201 	1160
f 1530 	1539 	1526
f 1536 	1526 	1539
f 1370 	1364 	1527
f 1527 	1364 	1532
f 1160 	1164 	1450
f 1544 	1541 	1615
f 1507 	295 	1540
f 1535 	117 	1538
f 1537 	1538 	117
f 1528 	1546 	1531
f 1527 	1514 	1559
f 1516 	1507 	1883
f 1545 	1537 	117
f 1548 	1545 	117
f 1550 	1526 	1549
f 1536 	1549 	1526
f 1551 	1526 	1550
f 1528 	1526 	1554
f 1547 	1548 	117
f 1534 	1510 	1414
f 1554 	1546 	1528
f 1540 	1883 	1507
f 1553 	1547 	117
f 1552 	1553 	117
f 1559 	1514 	1543
f 926 	1558 	925
f 1539 	1522 	1536
f 1145 	1522 	1539
f 1522 	1147 	1562
f 1525 	1534 	1131
f 1371 	1559 	1373
f 1564 	1522 	1562
f 1555 	925 	1558
f 1565 	1536 	1566
f 1440 	1534 	1414
f 1371 	1375 	1559
f 1559 	1375 	1527
f 1568 	1566 	1536
f 1568 	1536 	1522
f 1568 	1522 	1564
f 1375 	1370 	1527
f 1565 	1549 	1536
f 1907 	1540 	603
f 1563 	117 	1567
f 1569 	117 	1571
f 1567 	117 	1569
f 1584 	1543 	1570
f 603 	1210 	1907
f 1615 	1575 	1544
f 241 	1576 	225
f 1573 	113 	1572
f 1573 	1571 	113
f 240 	1588 	52
f 1579 	1572 	113
f 1578 	1579 	113
f 52 	1641 	1386
f 1583 	113 	1582
f 1589 	52 	1588
f 1577 	1131 	1534
f 1586 	113 	1591
f 1586 	1582 	113
f 1587 	1589 	1588
f 1584 	1559 	1543
f 1594 	1590 	113
f 906 	1574 	966
f 1615 	1595 	1575
f 1381 	1373 	1559
f 1590 	1591 	113
f 1383 	1381 	1584
f 1596 	1576 	241
f 1577 	1534 	1440
f 1593 	1594 	113
f 1386 	1390 	52
f 1559 	1584 	1381
f 1597 	1593 	113
f 1542 	1599 	1613
f 1542 	1613 	1541
f 1135 	1131 	1577
f 1598 	1597 	113
f 1600 	1598 	113
f 1613 	1615 	1541
f 260 	1596 	241
f 1581 	1601 	1626
f 1581 	1626 	1580
f 1600 	113 	1603
f 966 	1574 	1592
f 113 	1293 	1602
f 1596 	1604 	1576
f 1626 	1634 	1580
f 1556 	117 	1561
f 1606 	1643 	52
f 1606 	52 	1589
f 1911 	1584 	1570
f 1604 	1488 	1576
f 1589 	1587 	1606
f 1755 	1584 	1911
f 1610 	1608 	1609
f 1607 	1135 	1577
f 1611 	1609 	1608
f 1755 	1387 	1584
f 1616 	1627 	1615
f 1560 	1561 	117
f 1607 	1577 	1585
f 1558 	1592 	2656
f 1488 	1604 	1694
f 1599 	1614 	1613
f 1583 	1578 	113
f 1560 	117 	1563
f 1585 	779 	1607
f 113 	1571 	117
f 1558 	926 	1592
f 1617 	1613 	1618
f 926 	966 	1592
f 1523 	1604 	1596
f 1618 	1613 	1619
f 779 	1105 	1607
f 1614 	1619 	1613
f 1496 	1497 	1293
f 1509 	1293 	1508
f 1497 	1495 	1293
f 1493 	1293 	1495
f 1493 	1366 	1293
f 1605 	1602 	1293
f 1605 	1293 	1362
f 1602 	1603 	113
f 1694 	1604 	1659
f 1617 	1621 	1613
f 1615 	1613 	1621
f 682 	779 	1585
f 1622 	1615 	1621
f 1532 	1489 	1484
f 1622 	1623 	1616
f 1622 	1616 	1615
f 1105 	779 	397
f 1512 	1508 	1628
f 1623 	1624 	1616
f 1625 	1611 	1608
f 1520 	1532 	1484
f 1601 	1627 	1626
f 1627 	1616 	1626
f 1368 	1398 	1532
f 1556 	1557 	117
f 1557 	1552 	117
f 1517 	1518 	117
f 1355 	1628 	1515
f 117 	1515 	1628
f 1629 	1625 	1608
f 1476 	1630 	1467
f 1659 	1604 	1523
f 1631 	1632 	1629
f 1631 	1629 	1608
f 1385 	1386 	1641
f 1633 	1632 	1631
f 1630 	1265 	1467
f 124 	1816 	126
f 129 	126 	1816
f 1587 	1580 	1634
f 1636 	1637 	1638
f 1636 	1638 	1718
f 1638 	1639 	1718
f 1640 	1633 	1631
f 129 	1816 	130
f 130 	1816 	133
f 1641 	52 	1643
f 1664 	1660 	1643
f 133 	1816 	138
f 1487 	1644 	1476
f 1645 	1646 	1647
f 1645 	1647 	1631
f 1642 	1637 	1636
f 1648 	1642 	1636
f 1587 	1634 	1606
f 1643 	1606 	1634
f 1816 	1823 	138
f 1649 	1650 	1648
f 1649 	1648 	1636
f 1651 	1626 	1652
f 1653 	1650 	1649
f 1644 	1630 	1476
f 137 	138 	1823
f 1626 	1654 	1652
f 1616 	1624 	1626
f 1654 	1626 	1655
f 1634 	1626 	1651
f 1634 	1651 	1656
f 1657 	1653 	1649
f 1658 	1634 	1656
f 1644 	1275 	1630
f 270 	268 	1284
f 146 	270 	1284
f 1649 	1636 	1665
f 152 	148 	1284
f 1662 	1649 	1218
f 1216 	1218 	1649
f 1641 	1643 	1660
f 1662 	1657 	1649
f 148 	146 	1284
f 1663 	1644 	1487
f 160 	156 	1284
f 1634 	1658 	1643
f 1664 	1643 	1658
f 1647 	1640 	1631
f 1666 	1646 	1645
f 1595 	1615 	1612
f 1612 	1615 	1627
f 156 	155 	1284
f 1655 	1626 	1624
f 1487 	1503 	1663
f 1623 	1622 	1167
f 1167 	1621 	1618
f 1618 	1619 	1167
f 161 	160 	1284
f 1668 	1665 	1797
f 1529 	1145 	1530
f 1539 	1530 	1145
f 1635 	797 	811
f 1669 	1667 	1645
f 1645 	1670 	1669
f 811 	2820 	1671
f 1673 	1672 	1670
f 1167 	1614 	1546
f 1542 	1541 	1546
f 1541 	1544 	1546
f 1531 	1546 	1544
f 1503 	1510 	1674
f 1575 	1531 	1544
f 1674 	1663 	1503
f 1549 	1167 	1550
f 1551 	1550 	1167
f 1554 	1167 	1546
f 1551 	1167 	1554
f 1667 	1666 	1645
f 1668 	327 	101
f 166 	165 	1823
f 137 	1823 	165
f 1675 	1635 	811
f 1672 	1669 	1670
f 1676 	1673 	1670
f 811 	1671 	1675
f 1674 	1975 	1663
f 1167 	1564 	1562
f 1147 	1146 	1562
f 1167 	1562 	1146
f 1566 	1167 	1565
f 1564 	1167 	1568
f 1566 	1568 	1167
f 1670 	1645 	1772
f 1677 	1649 	1665
f 1565 	1167 	1549
f 173 	171 	1823
f 166 	1823 	171
f 1678 	1679 	1680
f 1678 	1680 	1670
f 1680 	1676 	1670
f 1677 	1665 	1668
f 1531 	1575 	1529
f 1529 	1575 	1150
f 1145 	1529 	1150
f 179 	177 	1823
f 177 	176 	1823
f 176 	173 	1823
f 1525 	1674 	1510
f 1681 	1679 	1678
f 1575 	1587 	1150
f 182 	179 	1823
f 1580 	1587 	1575
f 1575 	1595 	1580
f 1581 	1580 	1595
f 1216 	1649 	1677
f 201 	200 	1823
f 200 	181 	1823
f 181 	182 	1823
f 1488 	1685 	1481
f 240 	1150 	1587
f 1588 	240 	1587
f 1686 	1684 	1678
f 1542 	1546 	1599
f 216 	212 	1823
f 212 	201 	1823
f 1595 	1612 	1601
f 1595 	1601 	1581
f 101 	139 	1682
f 1599 	1546 	1614
f 216 	1823 	215
f 1801 	224 	1823
f 1671 	1481 	1685
f 1621 	1617 	1618
f 1801 	227 	228
f 1682 	1677 	1668
f 1684 	1681 	1678
f 1688 	1675 	1671
f 1614 	1167 	1619
f 1479 	1686 	1678
f 228 	224 	1801
f 223 	1823 	224
f 215 	1823 	223
f 1621 	1167 	1622
f 1623 	1167 	1624
f 1682 	1668 	101
f 1612 	1627 	1601
f 1266 	1262 	1682
f 1167 	1656 	1652
f 1652 	1654 	1167
f 1685 	1688 	1671
f 1262 	1677 	1682
f 1167 	1658 	1656
f 1651 	1652 	1656
f 139 	1266 	1682
f 1167 	2126 	1658
f 1645 	1631 	1690
f 238 	234 	1801
f 234 	231 	1801
f 227 	1801 	231
f 1660 	1664 	1658
f 1693 	1691 	1692
f 1917 	1687 	1683
f 237 	238 	1801
f 1695 	1692 	1691
f 1488 	1694 	1685
f 1696 	1818 	1687
f 243 	237 	1801
f 1654 	1655 	1167
f 1655 	1624 	1167
f 1697 	1695 	1691
f 248 	245 	1801
f 245 	243 	1801
f 1711 	1712 	1167
f 1167 	1713 	1698
f 1700 	1701 	1166
f 1167 	1166 	1702
f 1165 	1166 	1167
f 1702 	1704 	1167
f 254 	253 	1801
f 253 	248 	1801
f 1703 	1697 	1691
f 1704 	1707 	1167
f 1705 	1706 	1703
f 1705 	1703 	1691
f 1707 	1709 	1167
f 1708 	1706 	1705
f 1709 	1711 	1167
f 1710 	1685 	1694
f 264 	254 	1801
f 1713 	1167 	1712
f 1710 	1688 	1685
f 1801 	1284 	268
f 265 	264 	1801
f 1714 	1708 	1705
f 1696 	1687 	1069
f 268 	265 	1801
f 1718 	1719 	1720
f 1718 	1720 	1705
f 1721 	1716 	1661
f 1720 	1714 	1705
f 1818 	1696 	1729
f 1723 	1719 	1718
f 332 	1287 	276
f 1718 	1705 	1770
f 1726 	1728 	1700
f 1727 	1723 	1718
f 728 	809 	1716
f 277 	1287 	278
f 276 	1287 	277
f 1728 	1730 	1701
f 1070 	1696 	1069
f 279 	1287 	281
f 728 	1716 	1721
f 1731 	1732 	1701
f 281 	1287 	322
f 1718 	1639 	1727
f 1733 	1751 	1732
f 1738 	1751 	1736
f 1736 	1751 	1735
f 1928 	1835 	1739
f 1739 	1740 	1928
f 407 	405 	1284
f 1769 	1751 	1738
f 1771 	1751 	1769
f 324 	407 	1284
f 325 	324 	1284
f 1741 	1076 	1059
f 1754 	1729 	1734
f 1717 	1699 	1745
f 329 	328 	1287
f 1675 	1741 	1635
f 1284 	1287 	328
f 328 	325 	1284
f 1722 	1700 	1717
f 1725 	1726 	1700
f 1701 	1700 	1728
f 1744 	1745 	1699
f 1744 	1699 	1812
f 1734 	1729 	1696
f 279 	278 	1287
f 1741 	1059 	1635
f 1730 	1731 	1701
f 1732 	1751 	1701
f 1735 	1751 	1733
f 1724 	1725 	1700
f 1722 	1724 	1700
f 1746 	1748 	1691
f 1746 	1691 	1693
f 1741 	1749 	1750
f 330 	329 	1287
f 331 	330 	1287
f 332 	331 	1287
f 1699 	1717 	1700
f 1715 	1810 	1699
f 1743 	1841 	1748
f 1712 	1751 	1713
f 1712 	1711 	1751
f 1698 	1713 	1751
f 333 	1816 	335
f 1070 	1734 	1696
f 1751 	1711 	1709
f 1751 	1709 	1707
f 1751 	1707 	1704
f 1751 	1704 	1702
f 333 	376 	1816
f 341 	335 	1816
f 1757 	1758 	1166
f 1741 	1750 	1076
f 1758 	1759 	1166
f 1166 	1715 	1699
f 1759 	1760 	1166
f 1715 	1166 	1760
f 342 	341 	1816
f 345 	342 	1816
f 1734 	1079 	1754
f 124 	345 	1816
f 1750 	706 	1076
f 1928 	1740 	1764
f 1749 	1741 	1675
f 1767 	1813 	1766
f 366 	322 	1287
f 369 	366 	1287
f 1782 	1813 	1768
f 368 	369 	1287
f 372 	368 	1287
f 1750 	1749 	1273
f 1763 	1813 	1762
f 1765 	1813 	1763
f 1765 	1766 	1813
f 1813 	1751 	1762
f 1074 	1079 	1734
f 755 	1750 	1273
f 373 	1287 	376
f 373 	372 	1287
f 1287 	1816 	376
f 1273 	1749 	1839
f 1773 	1751 	1771
f 1772 	1645 	1690
f 1777 	1751 	1775
f 1775 	1751 	1773
f 1690 	1824 	1772
f 1284 	385 	163
f 1779 	1751 	1778
f 1688 	1839 	1749
f 1781 	1670 	1772
f 1780 	1762 	1751
f 385 	1284 	387
f 1258 	1273 	1839
f 392 	1284 	394
f 391 	1284 	392
f 1783 	1813 	1782
f 1877 	310 	1774
f 1785 	1813 	1783
f 398 	1284 	400
f 394 	1284 	398
f 1790 	1791 	1813
f 1786 	1257 	1789
f 1683 	1784 	1887
f 1791 	1793 	1813
f 317 	1774 	310
f 1757 	1813 	1793
f 1781 	1772 	1828
f 400 	1284 	401
f 1793 	1798 	1757
f 1792 	1718 	1770
f 1794 	1795 	1659
f 1636 	1718 	1792
f 1797 	1792 	1774
f 1758 	1757 	1798
f 1784 	1776 	1887
f 1800 	1758 	1799
f 1792 	1770 	1774
f 1670 	1781 	1678
f 1678 	1781 	1796
f 1665 	1636 	1792
f 401 	1284 	405
f 387 	1284 	391
f 1802 	1759 	1800
f 1806 	1715 	1805
f 1805 	1759 	1804
f 155 	152 	1284
f 163 	161 	1284
f 1781 	1832 	1796
f 1810 	1715 	1809
f 1803 	1784 	1683
f 1482 	1477 	1796
f 1811 	1808 	1756
f 1477 	1678 	1796
f 1043 	2009 	1808
f 1795 	1794 	1786
f 1801 	1469 	1284
f 113 	1284 	1474
f 1759 	1805 	1760
f 1715 	1760 	1805
f 1715 	1806 	1807
f 1715 	1807 	1809
f 1812 	1699 	1810
f 1808 	2009 	1756
f 1469 	1474 	1284
f 1683 	1687 	1803
f 1789 	1795 	1786
f 1822 	1814 	1813
f 1786 	1817 	1260
f 1767 	1768 	1813
f 1788 	1790 	1813
f 1799 	1758 	1798
f 1804 	1759 	1802
f 1758 	1800 	1759
f 1787 	1788 	1813
f 1785 	1787 	1813
f 1819 	1813 	1757
f 1820 	1813 	1819
f 1821 	1813 	1820
f 1822 	1813 	1821
f 1846 	1997 	1814
f 1811 	1756 	1620
f 799 	1808 	1811
f 1260 	1257 	1786
f 1620 	1661 	1811
f 2301 	2613 	1824
f 1811 	1716 	799
f 2618 	1824 	2613
f 1665 	1792 	1797
f 1786 	1794 	1817
f 1716 	809 	799
f 1827 	1888 	1826
f 1716 	1811 	1661
f 1825 	1817 	1794
f 317 	1797 	1774
f 1828 	1772 	1824
f 1818 	1815 	1803
f 1815 	2136 	1803
f 2370 	1815 	1818
f 1687 	1818 	1803
f 767 	1260 	1817
f 1817 	1830 	767
f 2370 	1818 	1729
f 327 	1668 	1797
f 2025 	443 	2026
f 1828 	1824 	2618
f 443 	1044 	2026
f 1832 	1781 	1828
f 1288 	56 	1881
f 1817 	1825 	1830
f 1832 	1828 	2631
f 2373 	2370 	1729
f 1830 	1077 	774
f 774 	767 	1830
f 1829 	1837 	1929
f 1882 	1897 	2021
f 1920 	1077 	1830
f 1838 	1796 	1832
f 1675 	1688 	1749
f 1737 	1739 	1835
f 669 	1833 	667
f 1482 	1796 	1838
f 1710 	1839 	1688
f 1491 	1482 	1838
f 1743 	1742 	1841
f 1841 	1742 	1835
f 667 	1833 	1281
f 1837 	1840 	1842
f 1742 	1737 	1835
f 1525 	1834 	2007
f 1691 	1748 	1841
f 1841 	1835 	1831
f 1843 	1841 	1831
f 668 	1047 	2021
f 1842 	1929 	1837
f 1131 	1834 	1525
f 1865 	1691 	1841
f 1258 	1839 	1789
f 1777 	1778 	1751
f 1779 	1780 	1751
f 1702 	1701 	1751
f 1845 	1499 	1983
f 347 	1843 	1831
f 1844 	1776 	1836
f 1694 	1659 	1795
f 1848 	1997 	1847
f 1849 	1997 	1848
f 1850 	1997 	1849
f 1851 	1997 	1850
f 1853 	1997 	1851
f 1854 	1997 	1853
f 1855 	1997 	1854
f 1694 	1795 	1710
f 2237 	1840 	1837
f 1167 	1698 	1858
f 1858 	1859 	1167
f 1789 	1839 	1710
f 1860 	1844 	1834
f 1859 	1861 	1167
f 2021 	1294 	668
f 1167 	1861 	1863
f 1862 	1863 	1861
f 1795 	1789 	1710
f 1523 	1516 	1866
f 1865 	1841 	1843
f 1871 	1751 	1870
f 1869 	1870 	1751
f 1872 	1751 	1871
f 1873 	1751 	1872
f 1862 	1751 	1873
f 1861 	1751 	1862
f 1859 	1751 	1861
f 1858 	1751 	1859
f 1698 	1751 	1858
f 1867 	1869 	1751
f 1523 	1866 	1659
f 1877 	1865 	1843
f 1868 	1842 	1840
f 1659 	1866 	1794
f 1860 	1834 	1131
f 1691 	1865 	1705
f 1770 	1705 	1865
f 2021 	2022 	1882
f 1877 	1770 	1865
f 1135 	1860 	1131
f 1888 	1889 	2026
f 1887 	1776 	1844
f 364 	310 	1877
f 1292 	1888 	1827
f 2026 	1826 	1888
f 1891 	1893 	1988
f 1291 	1290 	1888
f 1292 	1291 	1888
f 1860 	1887 	1844
f 1516 	1883 	1892
f 1889 	1888 	1288
f 1289 	1288 	1888
f 1290 	1289 	1888
f 1620 	1756 	1868
f 2003 	1987 	1876
f 1876 	1878 	2003
f 1874 	1876 	1987
f 1895 	1874 	1987
f 1877 	1843 	364
f 1892 	1866 	1516
f 1879 	1294 	1897
f 1774 	1770 	1877
f 1882 	1031 	1897
f 1881 	1889 	1288
f 1881 	1031 	1882
f 1794 	1866 	1825
f 1900 	2003 	1899
f 2203 	1620 	1868
f 1041 	40 	1879
f 1897 	1041 	1879
f 1901 	2002 	1900
f 1898 	1899 	2003
f 1878 	1898 	2003
f 1903 	2002 	1901
f 1866 	1892 	1825
f 1896 	1887 	1860
f 693 	691 	1966
f 687 	684 	1880
f 1879 	40 	1880
f 1907 	1883 	1540
f 1910 	1892 	1883
f 1997 	2002 	1909
f 2027 	1904 	1137
f 1875 	2059 	1281
f 1913 	1997 	1912
f 1896 	1860 	1135
f 1914 	1997 	1913
f 1909 	1912 	1997
f 1916 	1997 	1914
f 1883 	1907 	1910
f 1683 	1887 	1896
f 1911 	1570 	1902
f 1917 	1683 	1896
f 1752 	1753 	1911
f 1916 	1918 	1997
f 1919 	1997 	1918
f 1920 	1892 	1910
f 1911 	1753 	1755
f 1917 	1896 	1139
f 1921 	1997 	1919
f 382 	1922 	1902
f 1967 	1137 	1904
f 1920 	1825 	1892
f 1141 	1917 	1139
f 1997 	1921 	1923
f 1997 	1923 	1924
f 1928 	1902 	1922
f 1880 	1833 	1879
f 1927 	1997 	1926
f 1925 	1926 	1997
f 1920 	1830 	1825
f 1904 	1915 	1967
f 1141 	1069 	1917
f 1829 	1929 	1915
f 1294 	2021 	1897
f 1259 	1910 	1907
f 1833 	1880 	1281
f 1875 	1281 	1880
f 1884 	1885 	1989
f 1902 	1928 	1911
f 1761 	1752 	1911
f 1988 	1989 	1885
f 1885 	1886 	1988
f 1886 	1890 	1988
f 1890 	1891 	1988
f 1929 	1972 	1915
f 1254 	2396 	1249
f 1972 	1967 	1915
f 1934 	1986 	1933
f 1911 	1928 	1761
f 1764 	1761 	1928
f 1210 	1259 	1907
f 2396 	2394 	1249
f 1831 	390 	347
f 1935 	1986 	1934
f 1281 	2059 	725
f 1259 	1938 	1910
f 1831 	1922 	390
f 1939 	1986 	1937
f 1933 	1986 	1930
f 725 	667 	1281
f 1938 	1920 	1910
f 1929 	1842 	1936
f 1928 	1922 	1835
f 1941 	1986 	1940
f 1275 	1942 	1268
f 1938 	1077 	1920
f 1936 	1972 	1929
f 1835 	1922 	1831
f 1948 	1986 	1945
f 1949 	1986 	1948
f 2383 	1268 	1942
f 1931 	1989 	1951
f 1936 	1981 	1972
f 1950 	24 	1946
f 1384 	1444 	1938
f 1663 	1955 	1644
f 1946 	37 	1947
f 1747 	1936 	1842
f 1969 	1973 	702
f 1644 	1955 	1275
f 1868 	1747 	1842
f 1511 	941 	940
f 1960 	1942 	1275
f 1941 	1943 	1986
f 1943 	1944 	1986
f 1944 	1945 	1986
f 1949 	1951 	1986
f 1868 	1756 	1747
f 1813 	1814 	1997
f 1964 	1875 	684
f 1875 	1880 	684
f 1955 	1960 	1275
f 2014 	1984 	1952
f 1959 	2171 	1968
f 684 	683 	1964
f 1137 	1967 	1172
f 2178 	1970 	1971
f 1975 	1955 	1663
f 2171 	2201 	1974
f 1140 	1172 	1967
f 2155 	2154 	1952
f 1972 	1140 	1967
f 1966 	1964 	693
f 683 	693 	1964
f 908 	1409 	1413
f 1983 	1494 	1482
f 1924 	1925 	1997
f 1930 	1997 	1927
f 1997 	1930 	1986
f 1935 	1937 	1986
f 1939 	1940 	1986
f 1846 	1847 	1997
f 1140 	1972 	1981
f 2115 	2118 	1982
f 2109 	2590 	1963
f 1980 	2152 	2163
f 2003 	1900 	2002
f 1905 	2002 	1903
f 1908 	1909 	2002
f 1906 	1908 	2002
f 691 	702 	1961
f 1961 	1966 	691
f 1751 	1986 	1867
f 1973 	1961 	702
f 1991 	1067 	1981
f 1989 	1990 	1986
f 1992 	1986 	1990
f 1993 	1986 	1992
f 1994 	1986 	1993
f 1994 	1867 	1986
f 1986 	1951 	1989
f 1932 	1884 	1989
f 1932 	1989 	1931
f 1987 	1988 	1893
f 1987 	1893 	1894
f 1894 	1895 	1987
f 1946 	1947 	2225
f 1067 	1058 	1981
f 1996 	1997 	1855
f 1984 	2014 	1980
f 2115 	1982 	1950
f 1996 	1998 	1997
f 1998 	1999 	1997
f 1999 	2000 	1997
f 2000 	2001 	1997
f 1997 	2001 	2002
f 1905 	1906 	2002
f 1991 	1981 	1936
f 2118 	2119 	1985
f 1963 	1995 	2109
f 1036 	1067 	1991
f 1747 	1991 	1936
f 2059 	1875 	1964
f 1966 	2062 	1964
f 2059 	1964 	2062
f 2009 	1036 	1991
f 1961 	2053 	1966
f 1525 	2007 	1674
f 1431 	849 	847
f 2007 	2051 	1975
f 1973 	2052 	1961
f 1431 	1374 	849
f 2009 	1991 	1747
f 2005 	1995 	1963
f 2012 	1980 	2014
f 1969 	2121 	1973
f 1985 	1982 	2118
f 1756 	2009 	1747
f 2007 	1975 	1674
f 2014 	2017 	2012
f 2225 	2228 	1946
f 1879 	1833 	1294
f 1043 	1036 	2009
f 1881 	1882 	2022
f 1889 	2025 	2026
f 2028 	1826 	2026
f 2026 	2030 	2028
f 2022 	2025 	1881
f 1889 	1881 	2025
f 2017 	2037 	2012
f 1555 	2027 	1132
f 2036 	2030 	2026
f 2737 	2005 	2011
f 2037 	2038 	2034
f 2737 	2011 	2041
f 1833 	669 	1294
f 2042 	1955 	1975
f 2034 	2012 	2037
f 668 	1294 	669
f 2027 	1137 	1132
f 1915 	2527 	1829
f 1915 	1904 	2527
f 2042 	1960 	1955
f 1047 	57 	2022
f 2022 	2021 	1047
f 2041 	2011 	2526
f 2044 	2397 	2046
f 57 	338 	2022
f 2047 	2046 	2397
f 2055 	2034 	2038
f 2047 	2397 	2048
f 2048 	2397 	2049
f 2014 	2055 	2037
f 1044 	2036 	2026
f 2045 	2397 	2044
f 2043 	2067 	2041
f 2055 	2056 	2050
f 2057 	2054 	2398
f 2054 	2111 	2398
f 2058 	2057 	2398
f 2609 	2041 	2067
f 2051 	2042 	1975
f 2050 	2034 	2055
f 2065 	2398 	2045
f 2064 	2398 	2065
f 2062 	1966 	2053
f 2066 	2049 	2397
f 2068 	2066 	2397
f 2055 	2014 	2056
f 2071 	2397 	2072
f 2069 	2397 	2071
f 2053 	732 	2062
f 2073 	2397 	2074
f 2067 	2090 	2612
f 2043 	2090 	2067
f 2070 	2007 	1834
f 2074 	2397 	2075
f 2077 	2050 	2056
f 2075 	2397 	2076
f 1419 	915 	914
f 2078 	2076 	2122
f 1952 	2077 	2014
f 2077 	2056 	2014
f 2079 	2122 	2080
f 2081 	2122 	2083
f 2038 	2037 	2055
f 2037 	2017 	2014
f 2070 	2051 	2007
f 83 	78 	2603
f 2085 	2122 	2086
f 2088 	1962 	2090
f 735 	2052 	2121
f 1844 	1836 	2070
f 83 	2603 	2082
f 1965 	1952 	2154
f 1080 	2052 	735
f 2090 	2093 	2088
f 2091 	1737 	2094
f 2053 	2052 	1080
f 2094 	1737 	2095
f 1834 	1844 	2070
f 732 	2053 	1080
f 2096 	2095 	2120
f 2097 	2096 	2120
f 2099 	2101 	2102
f 732 	1075 	2062
f 2093 	2099 	2088
f 2102 	2088 	2099
f 2098 	2120 	2103
f 2059 	1075 	725
f 2092 	95 	2082
f 2062 	1075 	2059
f 2109 	2092 	2590
f 2107 	2106 	2398
f 2109 	108 	2092
f 2113 	2110 	2112
f 2108 	2107 	2398
f 2111 	2108 	2398
f 108 	95 	2092
f 2035 	1744 	2039
f 2089 	1764 	2116
f 2101 	2113 	2102
f 2112 	2102 	2113
f 2117 	1764 	2091
f 2116 	1764 	2117
f 1957 	1985 	2119
f 2106 	2105 	2398
f 2105 	2104 	2120
f 2104 	2103 	2120
f 2098 	2097 	2120
f 2120 	2398 	2105
f 1957 	2119 	1969
f 2121 	1969 	2119
f 2122 	1764 	2086
f 2084 	2122 	2085
f 2083 	2122 	2084
f 2123 	1365 	2122
f 2053 	1961 	2052
f 125 	108 	2109
f 1724 	1722 	2010
f 2110 	2125 	2112
f 2124 	2112 	2125
f 2121 	2052 	1973
f 2013 	1725 	2010
f 1724 	2010 	1725
f 1393 	1394 	2123
f 1725 	2013 	1726
f 2015 	1726 	2013
f 2125 	2127 	2124
f 2015 	2016 	1726
f 2114 	2128 	2166
f 1731 	1730 	2019
f 1212 	2126 	1213
f 1212 	1215 	2126
f 1215 	1331 	2126
f 2129 	48 	49
f 1061 	2228 	717
f 1731 	2019 	2020
f 2130 	2131 	2132
f 1331 	1330 	2126
f 2127 	2130 	2124
f 2132 	2124 	2130
f 718 	2115 	1061
f 2133 	1983 	1491
f 590 	2129 	49
f 2128 	2114 	1776
f 2115 	718 	2118
f 1983 	1482 	1491
f 2119 	1062 	731
f 1221 	2126 	1219
f 2133 	2137 	1983
f 2129 	590 	2134
f 2119 	2118 	1062
f 1776 	1784 	2128
f 2120 	1217 	2126
f 1224 	1227 	2126
f 1224 	2126 	1225
f 1219 	2126 	1217
f 1225 	2126 	1221
f 1735 	2024 	2029
f 2119 	731 	2121
f 1227 	1229 	2126
f 1735 	2029 	2031
f 2136 	2135 	2128
f 1983 	2137 	1845
f 1229 	1230 	2126
f 1233 	1234 	2126
f 1230 	1233 	2126
f 2136 	2128 	1784
f 1234 	1236 	2126
f 1845 	2137 	1852
f 1241 	1239 	2126
f 1236 	1241 	2126
f 1803 	2136 	1784
f 2137 	1856 	1852
f 2130 	2127 	2125
f 2110 	2113 	2125
f 2130 	2125 	2113
f 2130 	2113 	2101
f 2130 	2101 	2099
f 2130 	2099 	2093
f 2138 	2137 	2133
f 1244 	1245 	2126
f 1239 	1244 	2126
f 2006 	1717 	2004
f 1247 	1248 	2126
f 1247 	2126 	1245
f 1248 	1251 	2126
f 1213 	2126 	1214
f 1214 	2126 	1251
f 2189 	2187 	765
f 2133 	2550 	2138
f 1411 	1255 	2235
f 1330 	1329 	2126
f 2123 	2126 	1329
f 1329 	1332 	2123
f 2199 	2189 	765
f 1857 	1856 	2143
f 1337 	2123 	1332
f 1337 	1332 	1335
f 2550 	172 	2138
f 2123 	1337 	1340
f 1345 	2123 	1340
f 1350 	2123 	1345
f 2136 	1815 	2513
f 2140 	2138 	172
f 2123 	1350 	1346
f 2123 	1346 	1348
f 1348 	1354 	2123
f 2513 	2135 	2136
f 1359 	2123 	1354
f 1360 	2123 	1359
f 185 	2140 	172
f 1370 	2122 	1364
f 1364 	2122 	1365
f 1394 	1395 	2123
f 1365 	2123 	1368
f 1395 	1398 	2123
f 2162 	2142 	2141
f 2138 	2140 	2143
f 1371 	1373 	2122
f 1373 	1381 	2122
f 1375 	1371 	2122
f 1370 	1375 	2122
f 1383 	2122 	1381
f 1755 	2122 	1387
f 1383 	1387 	2122
f 2143 	2137 	2138
f 2145 	2146 	2144
f 2346 	2139 	2345
f 2137 	2143 	1856
f 1393 	2123 	1360
f 2145 	2187 	2148
f 2140 	185 	2158
f 1368 	2123 	1398
f 2008 	1722 	2006
f 1717 	2006 	1722
f 2183 	72 	75
f 2161 	2143 	2140
f 1719 	1723 	2120
f 2008 	2010 	1722
f 164 	72 	2183
f 1857 	2143 	1954
f 2148 	764 	2145
f 1637 	1642 	2120
f 2120 	1218 	1217
f 2158 	2161 	2140
f 2148 	2149 	764
f 2150 	22 	2151
f 2154 	2155 	2152
f 1642 	1648 	2120
f 2153 	2183 	75
f 2156 	2144 	2146
f 2156 	2146 	2157
f 2016 	1728 	1726
f 2120 	1648 	1650
f 1650 	1653 	2120
f 1728 	2016 	1730
f 2159 	2153 	75
f 1657 	1662 	1653
f 1218 	2120 	1662
f 2158 	185 	192
f 2160 	2147 	2100
f 2018 	2019 	1730
f 2100 	2114 	2160
f 2151 	31 	2149
f 1947 	22 	2150
f 2020 	1732 	1731
f 2024 	1733 	2020
f 1732 	2020 	1733
f 1721 	1661 	2147
f 2164 	2162 	2157
f 2156 	2157 	2162
f 2024 	1735 	1733
f 2147 	2160 	1721
f 2164 	118 	2165
f 2164 	2165 	2162
f 2031 	1736 	1735
f 2163 	2152 	2155
f 2143 	2161 	1954
f 2032 	1738 	2031
f 1736 	2031 	1738
f 2167 	2162 	2165
f 1864 	1954 	2161
f 1953 	1864 	2161
f 2090 	1962 	2154
f 2114 	2166 	2160
f 119 	118 	2164
f 2170 	2153 	2159
f 2032 	2033 	1738
f 2128 	2135 	2166
f 2169 	728 	1721
f 963 	960 	1579
f 1962 	1965 	2154
f 2040 	1744 	2035
f 734 	728 	2169
f 1984 	1980 	2163
f 2172 	2162 	2167
f 1717 	1745 	2004
f 2168 	2158 	192
f 2155 	1952 	2163
f 2171 	2161 	2158
f 2169 	1721 	2160
f 2163 	1952 	1984
f 1953 	2161 	1956
f 1956 	2161 	2171
f 119 	2164 	120
f 2157 	2146 	122
f 2146 	2145 	759
f 2168 	2171 	2158
f 2130 	2093 	2090
f 2160 	2166 	2169
f 2170 	2173 	2262
f 1958 	2171 	1959
f 1958 	1956 	2171
f 2170 	2159 	2173
f 2525 	2166 	2135
f 2018 	1730 	2016
f 2077 	1952 	2174
f 2173 	2159 	2293
f 1965 	2175 	1952
f 2174 	1952 	2175
f 2162 	2172 	2176
f 2192 	199 	230
f 2164 	2157 	122
f 120 	2164 	121
f 764 	759 	2145
f 2201 	2171 	2168
f 1965 	1962 	2175
f 2162 	772 	2156
f 1974 	1968 	2171
f 888 	748 	122
f 2156 	772 	1124
f 226 	2321 	2177
f 1124 	1116 	2156
f 2144 	2156 	1116
f 1776 	2114 	1836
f 2040 	1745 	1744
f 1266 	139 	2179
f 2040 	2004 	1745
f 2100 	1836 	2114
f 1276 	1266 	2179
f 1751 	2180 	2181
f 2162 	2141 	772
f 1813 	2402 	1751
f 2142 	2162 	2176
f 1814 	2182 	1846
f 1814 	2184 	2182
f 121 	2164 	122
f 1822 	2184 	1814
f 1821 	2185 	2184
f 1821 	2184 	1822
f 1820 	2186 	2185
f 1820 	2185 	1821
f 2144 	2187 	2145
f 1286 	1276 	2204
f 1819 	2190 	2186
f 1819 	2186 	1820
f 1757 	2191 	2190
f 1757 	2190 	1819
f 2120 	1653 	1662
f 199 	2192 	2168
f 1524 	1533 	861
f 2179 	164 	2183
f 2095 	1743 	2120
f 1692 	1695 	2120
f 2204 	1276 	2179
f 2012 	2188 	1980
f 1697 	2120 	1695
f 1703 	2120 	1697
f 1706 	2120 	1703
f 2149 	2148 	2189
f 2187 	2189 	2148
f 2150 	2151 	2200
f 2199 	2200 	2151
f 1706 	1708 	2120
f 1708 	1714 	2120
f 2201 	2168 	2192
f 1714 	1720 	2120
f 1720 	1719 	2120
f 2183 	2153 	2204
f 1868 	1840 	2203
f 1723 	1639 	2120
f 2204 	2179 	2183
f 1976 	1974 	2201
f 2151 	2149 	2199
f 2189 	2199 	2149
f 2201 	2192 	2216
f 2204 	2217 	1286
f 761 	2187 	1116
f 2216 	2192 	2210
f 1116 	2187 	2144
f 2153 	2217 	2204
f 761 	765 	2187
f 1639 	1638 	2120
f 1638 	1637 	2120
f 1978 	1977 	2216
f 1727 	1639 	1723
f 1120 	2199 	765
f 2153 	2170 	2217
f 2203 	2209 	1620
f 1739 	2091 	1740
f 1737 	2091 	1739
f 1742 	2095 	1737
f 1561 	887 	1556
f 2200 	2199 	1120
f 1743 	2095 	1742
f 1748 	2120 	1743
f 1746 	2120 	1748
f 1692 	2120 	1693
f 2201 	2216 	1977
f 1693 	2120 	1746
f 2209 	2147 	1661
f 1977 	1976 	2201
f 2224 	2225 	1947
f 2227 	1306 	2217
f 2177 	2210 	239
f 1661 	1620 	2209
f 2228 	2115 	1950
f 1752 	2122 	1753
f 1755 	1753 	2122
f 1761 	2122 	1752
f 2216 	2210 	2178
f 2178 	2210 	2177
f 2217 	2170 	2227
f 1950 	1946 	2228
f 1740 	2091 	1764
f 1761 	1764 	2122
f 2231 	1942 	1960
f 2177 	239 	226
f 2086 	1764 	2087
f 1061 	2115 	2228
f 2023 	1942 	2231
f 2087 	1764 	2089
f 1978 	2216 	1979
f 1573 	959 	958
f 2235 	1255 	2227
f 1947 	2150 	2224
f 2200 	2224 	2150
f 2023 	2231 	2237
f 2241 	2123 	2244
f 2224 	2200 	763
f 1979 	2178 	1971
f 2216 	2178 	1979
f 2237 	2415 	2023
f 2224 	763 	1060
f 2178 	2306 	2244
f 2245 	2231 	1960
f 2244 	1970 	2178
f 2228 	2225 	717
f 1583 	967 	965
f 2042 	2245 	1960
f 1138 	2141 	1016
f 2235 	2340 	1411
f 2142 	1628 	2141
f 2255 	2231 	2245
f 1016 	2141 	1628
f 118 	117 	2165
f 1628 	2165 	117
f 975 	1594 	1593
f 2165 	1628 	2167
f 2259 	2261 	2316
f 2259 	2316 	2260
f 2034 	2253 	2012
f 2167 	1628 	2172
f 2172 	1628 	2176
f 2231 	2255 	2237
f 2253 	2246 	2188
f 2170 	2262 	2227
f 2260 	2316 	2263
f 2296 	2263 	2316
f 2176 	1628 	2142
f 1287 	1827 	1816
f 2237 	2255 	1840
f 1827 	1826 	1816
f 2028 	1816 	1826
f 2235 	2227 	2262
f 1610 	1689 	1608
f 2264 	2235 	2262
f 1292 	1827 	1287
f 2188 	2012 	2253
f 2299 	1631 	1608
f 2265 	2203 	2255
f 2268 	2266 	2267
f 2203 	1840 	2255
f 2269 	2267 	2266
f 2265 	2255 	2245
f 1816 	2028 	1823
f 2028 	2030 	1823
f 2030 	2036 	1823
f 2271 	2270 	2253
f 2036 	1044 	1823
f 2273 	2269 	2266
f 1029 	1823 	1044
f 2265 	2209 	2203
f 2270 	2246 	2253
f 2139 	2340 	2264
f 2274 	2275 	2276
f 2274 	2276 	2266
f 2340 	2235 	2264
f 2276 	2273 	2266
f 1293 	1328 	1320
f 1203 	994 	1320
f 1320 	994 	1293
f 2277 	2275 	2274
f 2042 	2051 	2272
f 1207 	994 	1203
f 1293 	994 	1628
f 2034 	2271 	2253
f 2278 	2277 	2274
f 2265 	2245 	2272
f 2274 	1608 	2280
f 840 	1355 	843
f 1823 	1029 	1801
f 2274 	2280 	2278
f 2034 	2050 	2271
f 1689 	2280 	1608
f 1018 	1801 	1029
f 1608 	2274 	2353
f 2272 	2245 	2042
f 2279 	2345 	2328
f 1521 	859 	858
f 2362 	2338 	2283
f 2282 	2357 	2352
f 2283 	2285 	2362
f 2265 	2284 	2209
f 2362 	2285 	2286
f 2050 	2174 	2282
f 2287 	2288 	2289
f 2290 	2284 	2272
f 2291 	2288 	2287
f 269 	2293 	2159
f 2284 	2265 	2272
f 2282 	2271 	2050
f 1377 	837 	1374
f 2100 	2147 	2284
f 2294 	2292 	2287
f 75 	269 	2159
f 2147 	2209 	2284
f 2266 	2268 	2287
f 2292 	2291 	2287
f 2294 	2287 	2268
f 2077 	2174 	2050
f 2290 	2272 	2051
f 43 	48 	2293
f 2174 	2175 	2295
f 2266 	2287 	2342
f 1768 	2197 	2198
f 2070 	2290 	2051
f 2284 	2290 	2100
f 2298 	2173 	2293
f 2286 	2297 	2362
f 2100 	2290 	1836
f 1608 	2353 	2299
f 1836 	2290 	2070
f 1591 	1590 	972
f 975 	1593 	976
f 2298 	2293 	48
f 2301 	2299 	2355
f 2295 	2282 	2174
f 2303 	2262 	2173
f 1173 	1209 	2302
f 1690 	1631 	2299
f 2303 	2264 	2262
f 976 	1593 	978
f 1690 	2299 	2301
f 2357 	2282 	2295
f 2129 	2298 	48
f 1254 	2302 	2337
f 2193 	1762 	2205
f 1824 	1690 	2301
f 2306 	2178 	2177
f 2305 	1209 	974
f 983 	980 	1603
f 2298 	2303 	2173
f 2305 	2307 	1209
f 2307 	2302 	1209
f 2241 	2306 	2240
f 1790 	2222 	2223
f 2088 	2175 	1962
f 2241 	2244 	2306
f 2226 	1791 	2223
f 2308 	2175 	2088
f 2134 	2304 	2129
f 2303 	2298 	2304
f 2102 	2308 	2088
f 2248 	2240 	2306
f 2311 	2307 	2305
f 2306 	2309 	2248
f 2250 	2248 	2309
f 2256 	2309 	2312
f 2304 	2298 	2129
f 2250 	2309 	2256
f 2252 	2312 	2254
f 2313 	2324 	2304
f 2252 	2256 	2312
f 1553 	1552 	878
f 2368 	2311 	2334
f 2313 	2304 	2134
f 878 	879 	1553
f 2326 	2314 	2312
f 2257 	2254 	2312
f 2312 	2314 	2257
f 2258 	2257 	2314
f 2311 	2300 	2334
f 2317 	1025 	2318
f 2310 	2295 	2175
f 2261 	2314 	2316
f 2198 	2202 	1768
f 2218 	1782 	2202
f 2308 	2310 	2175
f 2261 	2258 	2314
f 2206 	1769 	2033
f 2112 	2319 	2102
f 2317 	2318 	2375
f 2319 	2308 	2102
f 2319 	2320 	2308
f 2211 	1775 	2208
f 1572 	959 	1573
f 2212 	1777 	2211
f 2320 	2310 	2308
f 1023 	1265 	2322
f 2322 	2318 	1023
f 2321 	2306 	2177
f 304 	2323 	301
f 2324 	2264 	2303
f 2323 	2321 	301
f 2320 	2376 	2310
f 1579 	1578 	963
f 1265 	1268 	2322
f 2324 	2139 	2264
f 2325 	2112 	2124
f 2324 	2303 	2304
f 2323 	2309 	2321
f 1785 	2219 	2220
f 2309 	2306 	2321
f 1785 	2220 	2221
f 2112 	2325 	2319
f 2327 	2311 	2305
f 304 	2326 	2323
f 2329 	2320 	2319
f 2328 	2139 	2324
f 2312 	2309 	2323
f 1790 	2223 	1791
f 2328 	2345 	2139
f 2326 	2312 	2323
f 1791 	2226 	2229
f 2328 	2324 	2313
f 2330 	308 	315
f 2232 	1798 	2230
f 2325 	2329 	2319
f 2315 	2328 	2313
f 2317 	2327 	1038
f 2331 	2315 	2564
f 2329 	2380 	2320
f 2300 	2311 	2327
f 2330 	2326 	308
f 1799 	2233 	2234
f 2320 	2380 	2376
f 2327 	2317 	2300
f 1802 	2234 	2236
f 2124 	2332 	2325
f 2330 	2314 	2326
f 1802 	2236 	2238
f 2333 	2334 	2300
f 2335 	2330 	315
f 1806 	2239 	2242
f 2243 	1807 	2242
f 1806 	2242 	1807
f 2279 	2315 	2331
f 2132 	2332 	2124
f 1547 	875 	874
f 2279 	2328 	2315
f 315 	319 	2335
f 1810 	2247 	2249
f 2335 	2316 	2330
f 2332 	2384 	2325
f 2249 	2251 	1810
f 1812 	1810 	2251
f 2330 	2316 	2314
f 2251 	2039 	1812
f 2384 	2329 	2325
f 2193 	2194 	1763
f 2194 	2195 	1763
f 2395 	2279 	2331
f 2281 	2283 	2338
f 2287 	2289 	2338
f 885 	1556 	887
f 2281 	2338 	2289
f 2396 	1254 	2337
f 1856 	2343 	1852
f 1775 	2211 	1777
f 2332 	2369 	2384
f 1777 	2212 	2213
f 384 	2339 	435
f 20 	2341 	30
f 1852 	2343 	1469
f 2340 	1425 	1411
f 1780 	2214 	2215
f 2344 	2342 	2339
f 2342 	2287 	2338
f 2342 	2338 	2339
f 2270 	2341 	2246
f 1783 	1782 	2219
f 2346 	2340 	2139
f 384 	2344 	2339
f 1425 	2340 	2346
f 1583 	1582 	967
f 2266 	2342 	2347
f 2344 	2347 	2342
f 1474 	1469 	2343
f 2341 	20 	2246
f 2348 	41 	2341
f 2233 	1799 	2232
f 2274 	2266 	2347
f 1669 	1672 	2126
f 1469 	2126 	1672
f 1479 	1478 	1469
f 1478 	1480 	1469
f 1485 	1490 	1469
f 1480 	1483 	1469
f 1483 	1486 	1469
f 2348 	2341 	2270
f 2350 	2351 	2345
f 2349 	403 	343
f 1485 	1469 	1486
f 1490 	1492 	1469
f 2348 	46 	41
f 948 	1560 	951
f 2347 	2344 	2349
f 1492 	1494 	1469
f 2351 	2346 	2345
f 2352 	2348 	2270
f 1443 	1425 	2346
f 2352 	2358 	2348
f 1494 	1498 	1469
f 1498 	1499 	1469
f 2349 	2344 	403
f 46 	2348 	2358
f 2353 	2274 	2347
f 1443 	2346 	2351
f 1666 	2126 	1646
f 1667 	2126 	1666
f 2271 	2352 	2270
f 1377 	836 	837
f 844 	1374 	837
f 1625 	2126 	1611
f 1609 	1611 	2126
f 2353 	2347 	2349
f 1377 	1351 	836
f 2350 	2356 	2351
f 1632 	2126 	1629
f 1632 	1633 	2126
f 2126 	1625 	1629
f 1647 	2126 	1640
f 1633 	1640 	2126
f 1646 	2126 	1647
f 2271 	2282 	2352
f 343 	358 	2355
f 2354 	2356 	2350
f 2357 	2358 	2352
f 2353 	2349 	2355
f 1669 	2126 	1667
f 1780 	2205 	1762
f 1672 	1673 	1469
f 1738 	2033 	1769
f 2355 	2349 	343
f 1673 	1676 	1469
f 2207 	1771 	2206
f 1769 	2206 	1771
f 2299 	2353 	2355
f 2356 	1449 	2351
f 1771 	2207 	2208
f 1443 	2351 	1449
f 1679 	1469 	1680
f 1679 	1681 	1469
f 2301 	2355 	358
f 1680 	1469 	1676
f 2359 	2356 	2354
f 2213 	1778 	1777
f 1681 	1684 	1469
f 2360 	2335 	319
f 1778 	2213 	2214
f 1479 	1469 	1686
f 1684 	1686 	1469
f 319 	435 	2360
f 2310 	2361 	2295
f 2215 	2205 	1780
f 1610 	1609 	2126
f 2361 	2357 	2295
f 1462 	1449 	2356
f 2360 	2362 	2335
f 1768 	2202 	1782
f 2363 	2358 	2357
f 1845 	1469 	1499
f 2359 	1462 	2356
f 2362 	2316 	2335
f 1857 	2343 	1856
f 1845 	1852 	1469
f 2361 	2363 	2357
f 2297 	2296 	2362
f 2296 	2316 	2362
f 2643 	2396 	2337
f 1954 	2343 	1857
f 2343 	1954 	1864
f 1953 	2343 	1864
f 2359 	2401 	2388
f 2302 	2364 	2337
f 1484 	1462 	2359
f 2343 	1953 	1956
f 1958 	2343 	1956
f 1959 	2343 	1958
f 1968 	2343 	1959
f 2338 	2362 	2360
f 2339 	2338 	2360
f 2302 	2307 	2364
f 2339 	2360 	435
f 2365 	2363 	2361
f 1788 	1787 	2222
f 1788 	2222 	1790
f 2307 	2368 	2364
f 1240 	2394 	2389
f 2307 	2311 	2368
f 1798 	1793 	2230
f 1798 	2232 	1799
f 2364 	2368 	2424
f 2371 	2372 	2369
f 2371 	2392 	2372
f 2238 	1804 	1802
f 1514 	2367 	2366
f 1804 	2238 	1805
f 2239 	1805 	2238
f 2370 	2373 	2519
f 1520 	2367 	1514
f 1806 	1805 	2239
f 1807 	2243 	2247
f 282 	2392 	2371
f 1729 	1754 	2373
f 1543 	1514 	2366
f 78 	282 	2601
f 2300 	2317 	2375
f 2374 	1543 	2366
f 1812 	2039 	1744
f 2361 	2310 	2376
f 1762 	2193 	1763
f 2375 	2333 	2300
f 1971 	2343 	1979
f 1970 	2123 	1971
f 1978 	2343 	1977
f 2195 	1765 	1763
f 2318 	2378 	2375
f 2376 	2365 	2361
f 1974 	2343 	1968
f 1976 	2343 	1974
f 2196 	1766 	1765
f 2195 	2196 	1765
f 1979 	2343 	1978
f 1977 	2343 	1976
f 2197 	1767 	1766
f 2197 	1766 	2196
f 1768 	1767 	2197
f 2472 	2373 	1754
f 2318 	2322 	2378
f 1754 	2382 	2472
f 2244 	2123 	1970
f 2240 	2123 	2241
f 2343 	1971 	2123
f 2240 	2248 	2123
f 2381 	2375 	2378
f 1570 	1543 	2374
f 2375 	2381 	2333
f 2250 	2123 	2248
f 2381 	2399 	2333
f 2256 	2252 	2123
f 2252 	2254 	2123
f 2257 	2123 	2254
f 2383 	2378 	2322
f 2250 	2256 	2123
f 2383 	2385 	2378
f 2123 	2257 	2258
f 2208 	1773 	1771
f 2261 	2123 	2258
f 2123 	2259 	2260
f 1773 	2208 	1775
f 2379 	1570 	2374
f 1226 	2382 	1079
f 2383 	2322 	1268
f 2259 	2123 	2261
f 382 	2379 	2377
f 2329 	2384 	2386
f 1778 	2214 	1779
f 2126 	2123 	2267
f 2267 	2269 	2126
f 2273 	2126 	2269
f 2378 	2385 	2381
f 1079 	2382 	1754
f 1779 	2214 	1780
f 2386 	2380 	2329
f 1902 	2379 	382
f 2273 	2276 	2126
f 380 	382 	2377
f 2404 	2381 	2385
f 2276 	2275 	2126
f 2275 	2277 	2126
f 2379 	1902 	1570
f 2218 	2219 	1782
f 2387 	2382 	1226
f 2386 	2417 	2380
f 2280 	1689 	2126
f 2023 	2385 	2383
f 2219 	1785 	1783
f 2126 	2277 	2278
f 2221 	1787 	1785
f 2278 	2280 	2126
f 1610 	2126 	1689
f 849 	1374 	845
f 2221 	2222 	1787
f 2369 	2372 	2384
f 1942 	2023 	2383
f 2372 	2386 	2384
f 2283 	2281 	2123
f 2281 	2289 	2123
f 2289 	2288 	2123
f 2359 	2388 	1484
f 1413 	1412 	909
f 2229 	1793 	1791
f 2389 	2387 	1235
f 2288 	2291 	2123
f 2291 	2292 	2123
f 908 	1413 	909
f 2334 	2390 	2391
f 2229 	2230 	1793
f 2292 	2294 	2123
f 2389 	1235 	1240
f 2294 	2268 	2123
f 2268 	2267 	2123
f 2392 	2393 	2372
f 2391 	2368 	2334
f 275 	273 	2393
f 1520 	2388 	2367
f 2234 	1800 	1799
f 1520 	1484 	2388
f 2296 	2123 	2263
f 2260 	2263 	2123
f 2123 	2296 	2297
f 2285 	2283 	2123
f 2297 	2286 	2123
f 1802 	1800 	2234
f 2392 	275 	2393
f 2285 	2123 	2286
f 2333 	2390 	2334
f 2081 	2080 	2122
f 2079 	2078 	2122
f 2073 	2072 	2397
f 2069 	2068 	2397
f 2122 	2076 	2397
f 300 	275 	2392
f 2120 	3 	2398
f 2 	2398 	3
f 2395 	2350 	2279
f 2397 	2045 	2398
f 2063 	2398 	2064
f 2063 	2061 	2398
f 2061 	2060 	2398
f 2060 	2058 	2398
f 167 	2358 	2363
f 920 	1426 	921
f 2247 	1809 	1807
f 2350 	2345 	2279
f 1810 	1809 	2247
f 2399 	2390 	2333
f 167 	46 	2358
f 2354 	2395 	2445
f 183 	167 	2363
f 1426 	1428 	921
f 786 	921 	1428
f 2354 	2350 	2395
f 183 	2363 	2365
f 1293 	1474 	1460
f 2400 	2402 	1813
f 1376 	1460 	1474
f 2380 	2403 	2376
f 2400 	1813 	2540
f 2401 	2354 	2445
f 2180 	1751 	2402
f 2401 	2359 	2354
f 1299 	1298 	1349
f 1854 	2406 	2405
f 1854 	2405 	1855
f 1853 	2407 	2406
f 1853 	2406 	1854
f 2404 	2399 	2381
f 1851 	2408 	2407
f 1851 	2407 	1853
f 2403 	2365 	2376
f 2527 	2521 	2399
f 1850 	2409 	2408
f 1850 	2408 	1851
f 1357 	1343 	1293
f 2409 	1850 	2410
f 1849 	2410 	1850
f 2404 	2527 	2399
f 1349 	1357 	1468
f 1349 	1468 	1465
f 1848 	2411 	2410
f 1848 	2410 	1849
f 1847 	2414 	2411
f 1847 	2411 	1848
f 1846 	2416 	2414
f 1846 	2414 	1847
f 2182 	2416 	1846
f 2385 	2415 	2404
f 1757 	1166 	2123
f 2343 	2123 	1166
f 2123 	2122 	1757
f 2191 	1757 	2122
f 2403 	188 	2365
f 188 	183 	2365
f 1862 	4 	1863
f 3 	1863 	4
f 1166 	1372 	2343
f 1367 	1361 	1166
f 4 	1862 	1873
f 4 	1873 	2418
f 2403 	2380 	2417
f 1873 	1872 	2419
f 1873 	2419 	2418
f 188 	2403 	196
f 1872 	1871 	2420
f 1872 	2420 	2419
f 1871 	1870 	2421
f 1871 	2421 	2420
f 2485 	2413 	2412
f 1870 	1869 	2422
f 1870 	2422 	2421
f 1869 	1867 	2423
f 1869 	2423 	2422
f 1474 	2343 	1376
f 2181 	2425 	1751
f 2427 	2423 	1994
f 1867 	1994 	2423
f 2397 	2402 	2191
f 2397 	2191 	2122
f 1994 	1993 	2428
f 1994 	2428 	2427
f 1993 	1992 	2429
f 1993 	2429 	2428
f 2429 	1992 	1990
f 2429 	1990 	2430
f 2417 	196 	2403
f 1990 	1989 	2431
f 1990 	2431 	2430
f 721 	52 	1390
f 1989 	1988 	2432
f 1989 	2432 	2431
f 2386 	2393 	2417
f 1988 	1987 	2433
f 1988 	2433 	2432
f 2393 	273 	2417
f 1987 	2542 	2433
f 2368 	2391 	2424
f 1385 	1641 	1446
f 2393 	2386 	2372
f 1660 	1469 	1641
f 464 	2377 	2426
f 2417 	273 	196
f 2126 	1167 	2120
f 1469 	1660 	2126
f 2441 	2442 	2440
f 2439 	2440 	2442
f 1660 	1658 	2126
f 2395 	2331 	2336
f 3 	2120 	1863
f 1167 	1863 	2120
f 2445 	2395 	2336
f 2193 	2045 	2044
f 2193 	2044 	2194
f 1521 	1524 	859
f 2194 	2044 	2046
f 2194 	2046 	2195
f 2440 	2475 	2441
f 2047 	2196 	2195
f 2047 	2195 	2046
f 2607 	2445 	2336
f 2048 	2197 	2196
f 2048 	2196 	2047
f 2442 	2450 	2439
f 2049 	2198 	2197
f 2049 	2197 	2048
f 2049 	2202 	2198
f 2205 	2045 	2193
f 1538 	1537 	869
f 2033 	2054 	2206
f 2206 	2054 	2057
f 2206 	2057 	2207
f 1538 	869 	870
f 866 	1535 	870
f 2607 	2451 	2445
f 2207 	2057 	2058
f 2207 	2058 	2208
f 2208 	2058 	2060
f 2208 	2060 	2211
f 2459 	2456 	2457
f 2211 	2060 	2061
f 2211 	2061 	2212
f 2401 	2445 	2451
f 2063 	2213 	2212
f 2063 	2212 	2061
f 2450 	2459 	2439
f 2457 	2439 	2459
f 2064 	2214 	2213
f 2064 	2213 	2063
f 2568 	2531 	2439
f 2065 	2215 	2214
f 2065 	2214 	2064
f 2467 	2451 	2463
f 2215 	2065 	2205
f 2045 	2205 	2065
f 2401 	2451 	2467
f 2066 	2218 	2202
f 2066 	2202 	2049
f 2068 	2219 	2218
f 2068 	2218 	2066
f 1547 	1553 	879
f 2456 	2466 	2457
f 2502 	2457 	2466
f 2219 	2068 	2069
f 2219 	2069 	2220
f 1547 	879 	875
f 2071 	2221 	2220
f 2071 	2220 	2069
f 2072 	2222 	2221
f 2072 	2221 	2071
f 2073 	2223 	2222
f 2073 	2222 	2072
f 2074 	2226 	2223
f 2074 	2223 	2073
f 2075 	2229 	2226
f 2075 	2226 	2074
f 1561 	1560 	947
f 2472 	2567 	2373
f 2075 	2230 	2229
f 1561 	947 	825
f 1561 	825 	887
f 2388 	2401 	2467
f 2076 	2232 	2230
f 2076 	2230 	2075
f 2078 	2233 	2232
f 2078 	2232 	2076
f 2413 	19 	17
f 2131 	2475 	2132
f 2440 	2132 	2475
f 2079 	2234 	2233
f 2079 	2233 	2078
f 2080 	2236 	2234
f 2080 	2234 	2079
f 19 	2413 	2463
f 2081 	2238 	2236
f 2081 	2236 	2080
f 2083 	2239 	2238
f 2083 	2238 	2081
f 2479 	2585 	2472
f 2239 	2083 	2084
f 2239 	2084 	2242
f 2387 	2479 	2382
f 2085 	2243 	2242
f 2085 	2242 	2084
f 2086 	2247 	2243
f 2086 	2243 	2085
f 2413 	2488 	2463
f 2087 	2249 	2247
f 2087 	2247 	2086
f 960 	959 	1572
f 2089 	2251 	2249
f 2089 	2249 	2087
f 2479 	2472 	2382
f 2388 	2467 	2367
f 2089 	2039 	2251
f 2004 	2091 	2006
f 2479 	2486 	2589
f 2006 	2091 	2094
f 2006 	2094 	2008
f 1572 	1579 	960
f 2008 	2094 	2095
f 2008 	2095 	2010
f 840 	838 	1353
f 2488 	2413 	2485
f 2389 	2486 	2387
f 2010 	2095 	2096
f 2010 	2096 	2013
f 2366 	2367 	2488
f 2013 	2096 	2097
f 2013 	2097 	2015
f 2015 	2097 	2098
f 2015 	2098 	2016
f 2103 	2018 	2016
f 2103 	2016 	2098
f 2485 	2366 	2488
f 2104 	2019 	2018
f 2104 	2018 	2103
f 2486 	2479 	2387
f 2494 	2485 	2412
f 2105 	2020 	2019
f 2105 	2019 	2104
f 2495 	2486 	2389
f 2366 	2485 	2374
f 2106 	2024 	2020
f 2106 	2020 	2105
f 2374 	2485 	2494
f 2107 	2029 	2024
f 2107 	2024 	2106
f 2412 	2426 	2494
f 2394 	2495 	2389
f 2108 	2031 	2029
f 2108 	2029 	2107
f 2440 	2532 	2132
f 2111 	2032 	2031
f 2111 	2031 	2108
f 2032 	2111 	2033
f 2054 	2033 	2111
f 2130 	2090 	2131
f 2475 	2090 	2441
f 2475 	2131 	2090
f 2442 	2441 	2090
f 2466 	2456 	2090
f 2456 	2459 	2090
f 2459 	2450 	2090
f 2442 	2090 	2450
f 2116 	2035 	2039
f 2116 	2039 	2089
f 2117 	2040 	2035
f 2117 	2035 	2116
f 2091 	2004 	2117
f 2040 	2117 	2004
f 2426 	2377 	2494
f 2425 	2181 	2
f 1 	2425 	2
f 2398 	2 	2181
f 2180 	2398 	2181
f 2402 	2397 	2180
f 2398 	2180 	2397
f 2466 	2503 	2502
f 2184 	2400 	2182
f 2540 	2182 	2400
f 2377 	2379 	2494
f 2184 	2185 	2400
f 2185 	2186 	2400
f 2186 	2190 	2400
f 2402 	2400 	2190
f 2402 	2190 	2191
f 2379 	2374 	2494
f 2407 	2408 	2540
f 2503 	2506 	2502
f 2505 	2502 	2506
f 2488 	2467 	2463
f 2549 	2554 	2504
f 2407 	2540 	2406
f 2409 	2540 	2408
f 2410 	2411 	2540
f 2416 	2540 	2414
f 2411 	2414 	2540
f 2182 	2540 	2416
f 2409 	2410 	2540
f 2506 	2507 	2505
f 2467 	2488 	2367
f 2422 	2423 	5
f 2423 	2427 	5
f 4 	2418 	5
f 2418 	2419 	5
f 2420 	5 	2419
f 113 	122 	748
f 758 	113 	748
f 999 	113 	758
f 2508 	657 	2504
f 113 	999 	1284
f 889 	888 	122
f 2435 	2542 	2436
f 2508 	2504 	2554
f 2507 	2510 	2505
f 2509 	2505 	2510
f 2437 	2484 	2431
f 2438 	2437 	2431
f 663 	657 	2508
f 2510 	2512 	2509
f 537 	546 	2511
f 2434 	2433 	2435
f 2447 	2446 	2432
f 2436 	2542 	2452
f 2514 	2513 	1815
f 2453 	2452 	2542
f 2511 	2134 	590
f 1815 	2370 	2514
f 2542 	2543 	2454
f 2453 	2542 	2454
f 590 	537 	2511
f 2503 	2466 	2090
f 2512 	2510 	2090
f 2510 	2507 	2090
f 2506 	2090 	2507
f 2506 	2503 	2090
f 2528 	2135 	2513
f 2455 	2454 	2543
f 2458 	2455 	2543
f 2461 	2460 	2543
f 2460 	2458 	2543
f 2505 	2509 	2586
f 2634 	2424 	2391
f 2515 	2313 	2134
f 2370 	2519 	2514
f 2535 	2528 	2513
f 2518 	2515 	2511
f 2512 	2516 	2509
f 2513 	2514 	2535
f 2509 	2593 	2586
f 2543 	2540 	2464
f 2517 	2391 	2390
f 2468 	2465 	2540
f 2515 	2134 	2511
f 2469 	2468 	2540
f 2519 	2549 	2514
f 2391 	2517 	2634
f 2516 	2520 	2593
f 2593 	2509 	2516
f 2469 	2540 	2470
f 2471 	2540 	2473
f 2518 	2511 	546
f 506 	507 	137
f 2474 	2473 	2540
f 2476 	2474 	2540
f 2011 	2522 	2523
f 2554 	2549 	2519
f 546 	2524 	2518
f 2517 	2521 	2027
f 2011 	2593 	2522
f 2519 	2567 	2554
f 2526 	2011 	2523
f 2027 	1555 	2517
f 2520 	2090 	2522
f 2169 	2525 	734
f 927 	1493 	1495
f 2517 	2390 	2521
f 2524 	2529 	2518
f 2533 	2501 	2430
f 2522 	2090 	2523
f 2390 	2399 	2521
f 922 	928 	2524
f 1904 	2027 	2521
f 2430 	2431 	2533
f 2483 	2533 	2431
f 2484 	2483 	2431
f 2521 	2527 	1904
f 2540 	2538 	2482
f 562 	557 	173
f 2525 	2169 	2166
f 2481 	2540 	2482
f 173 	176 	562
f 2516 	2090 	2520
f 2489 	2487 	2538
f 2528 	754 	2525
f 2043 	2041 	2526
f 2490 	2489 	2538
f 2491 	2490 	2538
f 2492 	2491 	2538
f 2526 	2090 	2043
f 2496 	2493 	2538
f 2493 	2492 	2538
f 2528 	2525 	2135
f 2530 	2529 	2524
f 1829 	2404 	2415
f 2526 	2523 	2090
f 2512 	2090 	2516
f 2497 	2538 	2498
f 2404 	1829 	2527
f 2440 	2531 	2532
f 2499 	2538 	2500
f 2415 	1837 	1829
f 2430 	2501 	2538
f 2500 	2538 	2501
f 2415 	2237 	1837
f 2421 	2422 	5
f 2534 	768 	754
f 2530 	2524 	928
f 2429 	2430 	2538
f 2499 	2498 	2538
f 2497 	2496 	2538
f 2535 	2534 	2528
f 2531 	2440 	2439
f 2420 	2421 	5
f 2385 	2023 	2415
f 2534 	754 	2528
f 2487 	2482 	2538
f 2480 	2540 	2481
f 2540 	2480 	2478
f 2540 	2478 	2477
f 2477 	2476 	2540
f 2548 	651 	2534
f 2133 	1491 	2536
f 591 	586 	223
f 2471 	2470 	2540
f 2462 	2543 	2464
f 2462 	2461 	2543
f 2465 	2464 	2540
f 2537 	2529 	2530
f 1 	5 	2538
f 2427 	2538 	5
f 2539 	2536 	2655
f 2449 	2448 	2433
f 2434 	2449 	2433
f 2448 	2447 	2433
f 2542 	2435 	2433
f 2432 	2433 	2447
f 2446 	2444 	2432
f 2444 	2443 	2432
f 2443 	2438 	2432
f 2431 	2432 	2438
f 2427 	2428 	2538
f 2429 	2538 	2428
f 2405 	2540 	2541
f 2406 	2540 	2405
f 2545 	2540 	2544
f 2546 	2540 	2545
f 2547 	2540 	2546
f 2541 	2540 	2547
f 2543 	2544 	2540
f 2548 	655 	651
f 874 	873 	1548
f 2133 	2536 	2550
f 2551 	2550 	2539
f 2504 	2548 	2549
f 2449 	1895 	2448
f 297 	2627 	2552
f 1895 	2449 	2434
f 2550 	2536 	2539
f 396 	2624 	2552
f 2530 	928 	1066
f 2531 	2568 	2569
f 620 	618 	245
f 2548 	2534 	2535
f 2568 	2439 	2457
f 2548 	2535 	2549
f 2551 	172 	2550
f 2637 	2641 	399
f 1899 	2452 	2453
f 1066 	2553 	2530
f 2549 	2535 	2514
f 2553 	2537 	2530
f 883 	877 	1557
f 688 	2555 	674
f 883 	1557 	1556
f 1906 	1905 	2461
f 674 	2555 	2553
f 2570 	2537 	2553
f 2556 	172 	2551
f 1906 	2461 	2462
f 522 	2648 	525
f 2554 	2608 	2508
f 2555 	2570 	2553
f 2557 	2555 	688
f 954 	951 	1567
f 180 	185 	2556
f 1912 	1909 	2465
f 2464 	2465 	1909
f 185 	172 	2556
f 701 	2557 	688
f 406 	2627 	999
f 502 	498 	152
f 504 	155 	156
f 406 	2552 	2627
f 701 	2560 	2557
f 2558 	2551 	36
f 152 	155 	502
f 2595 	2591 	2557
f 2595 	2557 	2560
f 857 	850 	2559
f 1045 	2598 	2560
f 333 	335 	551
f 2563 	2561 	2703
f 2562 	857 	2559
f 2556 	2558 	2561
f 2551 	2558 	2556
f 2564 	2315 	2515
f 2561 	2558 	2703
f 2315 	2313 	2515
f 345 	124 	488
f 2564 	2515 	2518
f 876 	857 	2562
f 2529 	2564 	2518
f 2565 	406 	474
f 2532 	2332 	2132
f 2566 	2529 	2537
f 2565 	474 	396
f 2619 	876 	2562
f 890 	876 	2619
f 2332 	2532 	2369
f 853 	852 	1515
f 2519 	2373 	2567
f 2566 	2564 	2529
f 2472 	2585 	2567
f 2654 	515 	525
f 2654 	525 	2648
f 2599 	2531 	2569
f 2570 	2571 	2537
f 2563 	2574 	2561
f 2571 	2566 	2537
f 523 	528 	2650
f 990 	2572 	2563
f 551 	552 	333
f 2457 	2502 	2573
f 2573 	2568 	2457
f 2572 	2574 	2563
f 2579 	2569 	2568
f 868 	1537 	1545
f 180 	2556 	2561
f 647 	999 	2627
f 2573 	2579 	2568
f 180 	2561 	2574
f 1020 	2575 	1004
f 160 	161 	512
f 2552 	406 	2565
f 1004 	2575 	2572
f 396 	2552 	2565
f 2502 	2576 	2573
f 2572 	272 	2574
f 189 	2574 	272
f 180 	2574 	189
f 2566 	2331 	2564
f 2505 	2576 	2502
f 516 	513 	163
f 2336 	2331 	2566
f 2336 	2566 	2571
f 1020 	1177 	2575
f 2434 	1874 	1895
f 1177 	280 	2575
f 2586 	2576 	2505
f 2578 	76 	62
f 533 	387 	391
f 2570 	2577 	2571
f 799 	2578 	62
f 2577 	2607 	2571
f 809 	2578 	799
f 2578 	89 	76
f 2571 	2607 	2336
f 2581 	2573 	2576
f 831 	2580 	809
f 2580 	89 	2578
f 2627 	2583 	2584
f 2581 	2579 	2573
f 2624 	2584 	2583
f 2581 	2082 	2579
f 2580 	2578 	809
f 2479 	2589 	2585
f 2582 	2611 	2577
f 2567 	2585 	2608
f 2587 	2693 	2580
f 1914 	2468 	2469
f 2608 	2554 	2567
f 2470 	1916 	2469
f 2590 	2581 	2576
f 2588 	2693 	2587
f 2559 	2585 	2589
f 2590 	2576 	2586
f 396 	395 	2624
f 2587 	2580 	831
f 2092 	2581 	2590
f 2562 	2559 	2589
f 2092 	2082 	2581
f 744 	2587 	831
f 2557 	2591 	2555
f 2594 	2588 	2587
f 2570 	2555 	2591
f 2589 	2592 	2562
f 2495 	2592 	2486
f 2593 	1963 	2586
f 2591 	2577 	2570
f 2597 	2686 	2588
f 2589 	2486 	2592
f 2586 	1963 	2590
f 1932 	2483 	2484
f 2437 	1884 	2484
f 2011 	2005 	2593
f 2591 	2582 	2577
f 2592 	2596 	2619
f 563 	368 	372
f 2005 	1963 	2593
f 2596 	2592 	2495
f 2595 	2582 	2591
f 2597 	2588 	2594
f 2520 	2522 	2593
f 2532 	2531 	2599
f 2597 	2594 	681
f 2598 	2595 	2560
f 298 	2600 	2627
f 571 	576 	376
f 2599 	2369 	2532
f 298 	297 	2624
f 297 	2552 	2624
f 2599 	2371 	2369
f 2601 	2371 	2599
f 2700 	2597 	681
f 2601 	282 	2371
f 455 	458 	276
f 2601 	2599 	2569
f 2602 	2598 	1052
f 480 	479 	332
f 1052 	1078 	2602
f 2579 	2603 	2569
f 2602 	1078 	2605
f 2601 	2569 	2603
f 2605 	17 	2602
f 2412 	2413 	17
f 81 	2604 	2653
f 78 	2601 	2603
f 2605 	2412 	17
f 2650 	2649 	523
f 948 	947 	1560
f 1078 	1222 	2605
f 2651 	2650 	528
f 547 	545 	407
f 528 	2652 	2651
f 2579 	2082 	2603
f 2605 	1222 	2426
f 2670 	2606 	2604
f 2426 	2412 	2605
f 324 	548 	407
f 1563 	951 	1560
f 2437 	2438 	1884
f 470 	325 	328
f 957 	954 	1569
f 2641 	2624 	395
f 475 	473 	330
f 395 	399 	2641
f 958 	957 	1571
f 2609 	2067 	2612
f 2608 	850 	2508
f 2577 	2611 	2607
f 958 	1571 	1573
f 2612 	2616 	2609
f 965 	963 	1578
f 2611 	2451 	2607
f 2615 	2609 	2616
f 2608 	2559 	850
f 2598 	2614 	2595
f 124 	126 	490
f 492 	493 	126
f 1899 	2453 	2454
f 2608 	2585 	2559
f 1901 	1900 	2455
f 129 	492 	126
f 2616 	2617 	2615
f 968 	1582 	971
f 1018 	13 	2627
f 2595 	2614 	2582
f 19 	2611 	2582
f 1591 	972 	971
f 2592 	2619 	2562
f 2627 	2600 	2583
f 117 	118 	113
f 2583 	2600 	2624
f 2600 	298 	2624
f 118 	119 	113
f 2614 	19 	2582
f 2616 	2090 	2617
f 2621 	2624 	2622
f 2611 	2463 	2451
f 2617 	2679 	2615
f 2625 	2619 	2596
f 2626 	2624 	2621
f 2626 	2621 	2623
f 2626 	2623 	2684
f 19 	2463 	2611
f 2627 	2628 	2629
f 2598 	2602 	2614
f 2630 	2632 	2627
f 2629 	2630 	2627
f 2602 	17 	2614
f 2628 	2624 	2629
f 19 	2614 	17
f 2625 	890 	2619
f 2626 	2630 	2629
f 2626 	2629 	2624
f 2684 	661 	2626
f 2631 	1828 	2618
f 2633 	1018 	2632
f 2625 	1574 	906
f 2631 	2618 	2620
f 906 	890 	2625
f 2632 	2626 	2633
f 661 	2633 	2626
f 1018 	2627 	2632
f 2517 	1555 	2634
f 2635 	2631 	2620
f 2632 	2630 	2626
f 1558 	2634 	1555
f 1417 	1420 	912
f 2640 	1832 	2631
f 664 	1018 	671
f 1838 	1832 	2640
f 2394 	2396 	2636
f 670 	671 	672
f 2633 	672 	1018
f 264 	627 	623
f 2636 	2495 	2394
f 1901 	2455 	1903
f 2458 	1903 	2455
f 2460 	1905 	2458
f 2640 	2631 	2635
f 2596 	2495 	2636
f 2625 	2596 	2639
f 2642 	2640 	2635
f 1914 	2469 	1916
f 2396 	2643 	2636
f 1916 	2470 	2471
f 2596 	2636 	2639
f 1919 	2471 	2473
f 2476 	1923 	2474
f 2476 	2477 	1923
f 2640 	2647 	1838
f 2647 	2640 	2642
f 2643 	2639 	2636
f 2644 	1574 	2639
f 1932 	2484 	1884
f 2625 	2639 	1574
f 934 	933 	1500
f 1933 	2487 	1934
f 2489 	1934 	2487
f 2647 	1491 	1838
f 1934 	2489 	2490
f 2628 	2627 	2645
f 2491 	1937 	2490
f 2646 	2643 	2337
f 2628 	2645 	2624
f 1937 	2491 	2492
f 1940 	2492 	2493
f 2496 	1941 	2493
f 1940 	2493 	1941
f 2655 	2647 	2642
f 1941 	2496 	2497
f 936 	935 	1506
f 2536 	1491 	2647
f 2501 	1949 	2500
f 2501 	2533 	1949
f 2655 	2536 	2647
f 2443 	2444 	1890
f 2446 	1891 	2444
f 2620 	2663 	2653
f 2620 	2662 	2663
f 908 	907 	1409
f 2635 	2620 	2653
f 161 	163 	513
f 2653 	2604 	2635
f 2642 	2635 	2604
f 2364 	2646 	2337
f 2642 	2604 	2606
f 2646 	2644 	2643
f 2644 	2639 	2643
f 919 	915 	1424
f 1592 	1574 	2644
f 2655 	2642 	2606
f 2610 	2655 	2606
f 554 	553 	341
f 2644 	2656 	1592
f 2364 	2424 	2646
f 937 	936 	1505
f 2424 	2656 	2646
f 1502 	1506 	935
f 2649 	2648 	522
f 2656 	2644 	2646
f 2539 	2655 	2610
f 938 	937 	1509
f 2551 	2539 	36
f 939 	938 	1508
f 2656 	2634 	1558
f 358 	2613 	2301
f 2656 	2424 	2634
f 2658 	370 	355
f 2487 	1933 	2482
f 138 	509 	503
f 358 	370 	2613
f 399 	389 	2638
f 2638 	2637 	399
f 276 	277 	455
f 147 	2658 	116
f 515 	2657 	389
f 2659 	2689 	2661
f 2665 	2716 	2660
f 2658 	355 	116
f 462 	279 	463
f 2662 	2613 	370
f 322 	467 	281
f 2662 	2618 	2613
f 2668 	2660 	2689
f 2663 	2662 	2658
f 1941 	2497 	1943
f 559 	556 	366
f 2666 	2664 	2665
f 2498 	1944 	2497
f 840 	1353 	1355
f 2662 	370 	2658
f 2660 	2666 	2665
f 1518 	1517 	856
f 2620 	2618 	2662
f 856 	853 	1518
f 1515 	1518 	853
f 2652 	528 	529
f 147 	2663 	2658
f 1951 	1949 	2533
f 552 	571 	333
f 1951 	2533 	2483
f 2664 	2668 	2665
f 2667 	2665 	2668
f 2638 	389 	2657
f 2435 	1876 	2434
f 1874 	2434 	1876
f 2716 	2665 	2718
f 515 	2654 	2657
f 1876 	2435 	2436
f 2653 	2663 	71
f 2668 	2669 	2667
f 1428 	1427 	848
f 330 	331 	475
f 522 	520 	2649
f 2718 	2665 	2667
f 1886 	1885 	2443
f 2653 	71 	81
f 520 	523 	2649
f 1886 	2443 	1890
f 1890 	2444 	1891
f 1891 	2446 	2447
f 866 	864 	1535
f 1894 	2447 	2448
f 2666 	2660 	2668
f 2664 	2666 	2668
f 2661 	2689 	2660
f 2604 	81 	2670
f 2699 	529 	531
f 391 	534 	533
f 1898 	1878 	2452
f 89 	2670 	81
f 2672 	660 	2673
f 2612 	2090 	2616
f 2622 	2680 	2621
f 2678 	2713 	2682
f 538 	394 	398
f 2606 	2670 	2675
f 52 	2711 	2621
f 2711 	660 	2676
f 2675 	2670 	2693
f 2674 	2615 	2679
f 1903 	2458 	1905
f 1598 	979 	1597
f 2681 	2621 	2680
f 2460 	2461 	1905
f 2683 	2623 	2677
f 2684 	2623 	2683
f 2621 	2677 	2623
f 2675 	2610 	2606
f 2679 	2685 	2674
f 1600 	980 	1598
f 2462 	1908 	1906
f 2680 	2622 	2624
f 2682 	2687 	2678
f 1600 	1603 	980
f 1908 	2462 	2464
f 983 	1603 	1602
f 2685 	2690 	2674
f 2677 	660 	2683
f 2671 	2669 	2682
f 2686 	2610 	2675
f 1912 	2465 	2468
f 2610 	36 	2539
f 2659 	2732 	2689
f 2732 	2678 	2689
f 328 	329 	470
f 2688 	2674 	2690
f 1918 	1916 	2471
f 36 	2610 	2686
f 2746 	2688 	2695
f 1918 	2471 	1919
f 2682 	2669 	2687
f 2689 	2687 	2669
f 2690 	2692 	2688
f 2474 	1921 	1919
f 2473 	2474 	1919
f 1923 	1921 	2474
f 2691 	36 	2686
f 1924 	1923 	2477
f 929 	927 	1497
f 2477 	2478 	1924
f 1925 	1924 	2478
f 2669 	2668 	2689
f 933 	930 	1501
f 2090 	2154 	2692
f 2685 	2679 	2090
f 2480 	1925 	2478
f 2691 	2703 	2558
f 502 	155 	508
f 2558 	36 	2691
f 2645 	2627 	2584
f 2695 	2688 	2152
f 1927 	1926 	2481
f 2645 	2584 	2624
f 1927 	2481 	1930
f 2482 	1930 	2481
f 2693 	2670 	89
f 2673 	715 	2672
f 716 	697 	2672
f 2152 	2688 	2154
f 2692 	2154 	2688
f 513 	512 	161
f 2711 	2673 	660
f 678 	660 	2672
f 1933 	1930 	2482
f 2580 	2693 	89
f 661 	2683 	660
f 2677 	2676 	660
f 512 	505 	160
f 2696 	292 	229
f 661 	2684 	2683
f 838 	836 	1351
f 2675 	2693 	2588
f 2690 	2090 	2692
f 2690 	2685 	2090
f 2679 	2617 	2090
f 535 	534 	392
f 232 	219 	2669
f 2490 	1935 	1934
f 1935 	2490 	1937
f 2697 	2698 	2696
f 2686 	2675 	2588
f 2696 	229 	2697
f 910 	909 	1412
f 1288 	12 	650
f 2597 	2700 	2691
f 529 	2699 	2652
f 2691 	2686 	2597
f 2701 	70 	53
f 2698 	2705 	2696
f 1943 	2497 	1944
f 2707 	2694 	2695
f 2498 	2499 	1944
f 1420 	1419 	914
f 1948 	1945 	2500
f 2697 	2669 	2698
f 722 	2702 	2699
f 914 	912 	1420
f 695 	2700 	681
f 1948 	2500 	1949
f 2704 	2696 	2705
f 2703 	2691 	2700
f 20 	70 	2701
f 920 	919 	1423
f 277 	456 	455
f 1144 	23 	1145
f 981 	2703 	2700
f 2702 	1148 	1147
f 2702 	1147 	1522
f 2436 	1878 	1876
f 920 	1423 	1426
f 2698 	2669 	2705
f 2436 	2452 	1878
f 459 	456 	278
f 981 	2563 	2703
f 2438 	1885 	1884
f 2705 	2706 	2704
f 847 	848 	1427
f 278 	279 	459
f 2700 	695 	981
f 2438 	2443 	1885
f 848 	786 	1428
f 1149 	1148 	2702
f 1431 	847 	1427
f 844 	845 	1374
f 1891 	2447 	1893
f 2699 	531 	722
f 2713 	2741 	2704
f 1893 	2447 	1894
f 2448 	1895 	1894
f 1410 	907 	1433
f 2706 	2715 	2704
f 288 	1149 	2702
f 723 	2708 	52
f 807 	2708 	712
f 366 	369 	559
f 2723 	52 	2709
f 2710 	2707 	2695
f 2708 	714 	2711
f 2673 	2711 	714
f 714 	715 	2673
f 52 	2708 	2711
f 1899 	1898 	2452
f 2713 	2704 	2715
f 1602 	984 	983
f 2454 	1900 	1899
f 2712 	2709 	52
f 2714 	2712 	2681
f 2621 	2681 	52
f 984 	1605 	986
f 2677 	2621 	2676
f 2676 	2621 	2711
f 2454 	2455 	1900
f 2717 	2701 	2707
f 376 	333 	571
f 984 	1602 	1605
f 52 	2681 	2712
f 893 	986 	1362
f 1605 	1362 	986
f 1366 	895 	1362
f 807 	714 	2708
f 2715 	2671 	2713
f 2717 	2707 	2710
f 893 	1362 	895
f 2717 	20 	2701
f 2671 	2682 	2713
f 332 	276 	480
f 1908 	2464 	1909
f 895 	1366 	897
f 2710 	2695 	2152
f 2715 	2706 	2669
f 2468 	1913 	1912
f 2697 	233 	2669
f 2671 	2715 	2669
f 2706 	2705 	2669
f 233 	232 	2669
f 1914 	1913 	2468
f 929 	1497 	1496
f 516 	163 	385
f 1495 	1497 	927
f 2661 	2660 	2716
f 2710 	2152 	1980
f 2661 	2716 	2659
f 391 	392 	534
f 1151 	23 	1142
f 1500 	1502 	935
f 1144 	1143 	23
f 2188 	2717 	2710
f 538 	535 	394
f 392 	394 	535
f 20 	2717 	2246
f 400 	401 	541
f 2480 	1926 	1925
f 2188 	2246 	2717
f 1522 	1145 	23
f 1980 	2188 	2710
f 2480 	2481 	1926
f 2721 	65 	52
f 545 	542 	405
f 2720 	2736 	2718
f 1931 	1951 	2483
f 721 	723 	52
f 1931 	2483 	1932
f 65 	67 	52
f 940 	939 	1512
f 547 	407 	549
f 2724 	2728 	52
f 2721 	52 	2726
f 2725 	2726 	52
f 2723 	2724 	52
f 945 	941 	1513
f 2728 	2724 	23
f 51 	47 	2731
f 2731 	2719 	2722
f 1937 	2492 	1939
f 473 	470 	329
f 47 	2719 	2731
f 1410 	1409 	907
f 1939 	2492 	1940
f 2729 	52 	2728
f 2729 	2733 	52
f 2725 	52 	2730
f 2724 	2723 	23
f 2729 	2728 	23
f 480 	276 	458
f 2678 	2727 	2744
f 277 	278 	456
f 2730 	52 	2733
f 2729 	23 	2733
f 1412 	1418 	910
f 911 	910 	1418
f 2499 	1945 	1944
f 2637 	2638 	23
f 1418 	1417 	911
f 912 	911 	1417
f 2499 	2500 	1945
f 23 	2641 	2637
f 23 	2648 	2649
f 2694 	2731 	2722
f 2732 	2727 	2678
f 556 	467 	322
f 2731 	2734 	51
f 2649 	2650 	23
f 1 	2538 	1986
f 322 	366 	556
f 2638 	2657 	23
f 1419 	1424 	915
f 2727 	2735 	2805
f 53 	51 	2734
f 1751 	1 	1986
f 2425 	1 	1751
f 1424 	1423 	919
f 1813 	1997 	2540
f 2687 	2689 	2678
f 2654 	23 	2657
f 2538 	2540 	1986
f 1997 	1986 	2540
f 566 	563 	372
f 2732 	2659 	2716
f 2735 	2727 	2732
f 2707 	2734 	2694
f 566 	372 	373
f 1987 	2003 	2542
f 2735 	2732 	2716
f 2003 	2002 	2543
f 2003 	2543 	2542
f 2734 	2731 	2694
f 2001 	2544 	2543
f 2001 	2543 	2002
f 2000 	2545 	2544
f 2000 	2544 	2001
f 1999 	2546 	2545
f 1999 	2545 	2000
f 1998 	2547 	2546
f 1998 	2546 	1999
f 2701 	53 	2734
f 2701 	2734 	2707
f 2718 	2736 	2716
f 2547 	1998 	2541
f 1996 	2541 	1998
f 1996 	1855 	2541
f 2405 	2541 	1855
f 2716 	2736 	2735
f 923 	945 	1433
f 2758 	1995 	2005
f 923 	1433 	907
f 1493 	897 	1366
f 468 	469 	325
f 548 	324 	469
f 2736 	2720 	21
f 1493 	927 	897
f 468 	325 	470
f 25 	21 	2720
f 2739 	299 	292
f 1496 	930 	929
f 2740 	299 	2739
f 2696 	2739 	292
f 329 	330 	473
f 2704 	2739 	2696
f 1496 	1501 	930
f 2738 	2041 	2609
f 2680 	23 	2681
f 1501 	1500 	933
f 331 	479 	475
f 2743 	913 	2740
f 331 	332 	479
f 2738 	2737 	2041
f 1500 	935 	934
f 2741 	2740 	2739
f 1506 	1505 	936
f 2742 	2774 	2738
f 2741 	2739 	2704
f 2742 	2738 	2609
f 2743 	34 	913
f 1505 	1509 	937
f 2744 	2743 	2741
f 1509 	1508 	938
f 2743 	2740 	2741
f 2615 	2742 	2609
f 1512 	1511 	940
f 2744 	2713 	2678
f 1508 	1512 	939
f 597 	599 	227
f 2745 	2742 	2615
f 2741 	2713 	2744
f 35 	34 	2743
f 599 	601 	228
f 1511 	1513 	941
f 2743 	2744 	35
f 2674 	2745 	2615
f 58 	23 	59
f 79 	59 	23
f 2727 	35 	2744
f 1513 	1433 	945
f 80 	67 	23
f 2723 	2709 	23
f 2748 	2760 	2747
f 2714 	23 	2712
f 2680 	2624 	23
f 2674 	2688 	2746
f 2749 	2667 	2750
f 2669 	2750 	2667
f 2714 	2681 	23
f 2709 	2712 	23
f 2669 	439 	2750
f 2750 	2751 	2749
f 2725 	23 	2726
f 2787 	2718 	2667
f 2753 	2754 	2752
f 2733 	23 	2730
f 2674 	2746 	2745
f 2721 	2726 	23
f 2695 	2694 	2746
f 2754 	2753 	2749
f 2751 	2754 	2749
f 2694 	2722 	2746
f 2725 	2730 	23
f 1538 	870 	1535
f 80 	23 	69
f 58 	69 	23
f 1545 	873 	868
f 2752 	2756 	2753
f 2755 	2753 	2756
f 1545 	1548 	873
f 2755 	2756 	2757
f 1995 	125 	2109
f 1548 	1547 	874
f 877 	878 	1552
f 2757 	2759 	2755
f 2747 	2755 	2759
f 2747 	2759 	2748
f 2737 	2758 	2005
f 1552 	1557 	877
f 2758 	145 	1995
f 1556 	885 	883
f 125 	1995 	145
f 2757 	2756 	429
f 2756 	2752 	429
f 2752 	2754 	429
f 2754 	2751 	429
f 2751 	2750 	429
f 430 	429 	2750
f 2765 	145 	2758
f 2760 	2761 	2762
f 584 	582 	201
f 2762 	2747 	2760
f 201 	212 	584
f 585 	584 	212
f 2766 	2763 	2764
f 587 	216 	215
f 2761 	2766 	2762
f 2764 	2762 	2766
f 587 	588 	216
f 1563 	1567 	951
f 2763 	2769 	2764
f 1567 	1569 	954
f 2767 	2737 	2738
f 2761 	2760 	429
f 2759 	2757 	429
f 1569 	1571 	957
f 2758 	2767 	2765
f 2748 	2759 	429
f 2769 	2763 	429
f 2780 	2778 	429
f 2760 	2748 	429
f 608 	607 	231
f 607 	597 	231
f 2768 	2764 	2769
f 231 	234 	608
f 2769 	2770 	2768
f 2767 	2758 	2737
f 2771 	501 	2765
f 238 	615 	234
f 2774 	2771 	2767
f 2775 	2772 	2773
f 968 	967 	1582
f 2770 	2775 	2768
f 2773 	2768 	2775
f 2771 	2765 	2767
f 2772 	2777 	2773
f 965 	1578 	1583
f 316 	2771 	2779
f 1586 	971 	1582
f 620 	245 	248
f 2779 	2771 	2774
f 1586 	1591 	971
f 2738 	2774 	2767
f 2766 	2761 	429
f 2763 	2766 	429
f 973 	972 	1590
f 2776 	2773 	2777
f 2775 	429 	2772
f 622 	624 	253
f 2777 	2778 	2776
f 629 	627 	265
f 975 	973 	1594
f 1590 	1594 	973
f 2778 	2780 	2776
f 978 	1593 	1597
f 2781 	2804 	2780
f 1597 	979 	978
f 979 	1598 	980
f 466 	2783 	2784
f 497 	492 	129
f 2719 	2779 	2782
f 1351 	1353 	838
f 2781 	2780 	2783
f 466 	2784 	642
f 2745 	2782 	2742
f 130 	500 	129
f 1355 	1515 	852
f 2784 	2783 	642
f 476 	466 	642
f 2782 	2779 	2774
f 852 	843 	1355
f 2775 	2770 	429
f 855 	856 	1517
f 429 	2783 	2780
f 2777 	2772 	429
f 2777 	429 	2778
f 2770 	2769 	429
f 2785 	2786 	2747
f 2782 	2774 	2742
f 858 	855 	1519
f 1517 	1519 	855
f 2755 	2747 	2786
f 2722 	2719 	2782
f 1519 	1521 	858
f 2785 	2747 	2762
f 2722 	2782 	2745
f 861 	859 	1524
f 557 	558 	171
f 2746 	2722 	2745
f 864 	862 	1533
f 171 	173 	557
f 487 	145 	2765
f 862 	861 	1533
f 176 	565 	562
f 2787 	2667 	2749
f 1533 	1535 	864
f 868 	869 	1537
f 177 	569 	176
f 316 	501 	2771
f 2720 	2718 	2787
f 2788 	2787 	2749
f 578 	579 	181
f 2719 	323 	2779
f 2753 	2788 	2749
f 2779 	323 	316
f 582 	578 	200
f 2788 	2789 	2787
f 47 	323 	2719
f 200 	201 	582
f 2787 	2789 	2720
f 2720 	2789 	25
f 585 	216 	588
f 2788 	2753 	2791
f 2790 	2809 	53
f 2755 	2791 	2753
f 2788 	2791 	92
f 70 	2790 	53
f 92 	2789 	2788
f 92 	102 	2789
f 2786 	2791 	2755
f 2792 	2790 	70
f 74 	2791 	2786
f 614 	615 	238
f 73 	74 	2786
f 30 	2792 	70
f 73 	2786 	2785
f 2794 	73 	2785
f 253 	254 	622
f 2793 	2792 	30
f 2794 	151 	73
f 264 	265 	627
f 2793 	30 	41
f 2794 	2798 	159
f 159 	151 	2794
f 265 	630 	629
f 2798 	1321 	159
f 2795 	2793 	41
f 270 	631 	268
f 494 	495 	146
f 74 	92 	2791
f 498 	494 	148
f 146 	148 	494
f 46 	2795 	41
f 148 	152 	498
f 2762 	2764 	2796
f 505 	504 	156
f 2796 	2785 	2762
f 46 	208 	2795
f 2794 	2785 	2796
f 208 	2814 	2795
f 2797 	2796 	2764
f 156 	160 	505
f 2768 	2797 	2764
f 181 	200 	578
f 2797 	2798 	2796
f 2796 	2798 	2794
f 2797 	2768 	2799
f 411 	644 	393
f 586 	587 	215
f 2800 	653 	644
f 2773 	2799 	2768
f 2799 	2801 	2797
f 215 	223 	586
f 2801 	2798 	2797
f 411 	2802 	2800
f 223 	224 	591
f 2801 	1321 	2798
f 228 	227 	599
f 2776 	2803 	2773
f 2800 	644 	411
f 659 	653 	2800
f 2803 	2799 	2773
f 238 	237 	614
f 613 	614 	237
f 659 	2800 	2806
f 610 	234 	615
f 2803 	762 	2799
f 243 	618 	237
f 613 	237 	618
f 2799 	762 	2801
f 243 	245 	618
f 1321 	2801 	1339
f 762 	1339 	2801
f 2802 	334 	351
f 2804 	2803 	2776
f 648 	762 	2803
f 2776 	2780 	2804
f 335 	553 	551
f 335 	341 	553
f 342 	486 	341
f 2804 	648 	2803
f 2727 	2805 	35
f 490 	126 	493
f 2802 	411 	334
f 2736 	2807 	2735
f 2808 	2806 	2802
f 138 	137 	507
f 2735 	2807 	2805
f 507 	509 	138
f 766 	659 	2806
f 2806 	2800 	2802
f 2807 	42 	2805
f 42 	39 	2805
f 21 	2807 	2736
f 21 	44 	2807
f 42 	2807 	44
f 2808 	2802 	351
f 2809 	2808 	351
f 2809 	351 	51
f 2816 	2808 	2810
f 2810 	2808 	2809
f 2790 	2810 	2809
f 2790 	2792 	2811
f 2810 	2790 	2811
f 2812 	2811 	2792
f 2793 	2812 	2792
f 2813 	2812 	2793
f 2795 	2813 	2793
f 2795 	2814 	2813
f 2814 	2820 	2813
f 208 	225 	2815
f 2815 	2814 	208
f 1481 	2814 	2815
f 2814 	1481 	2820
f 225 	1576 	2815
f 1576 	1488 	2815
f 1488 	1481 	2815
f 2806 	2816 	766
f 2816 	2806 	2808
f 2817 	770 	2816
f 770 	766 	2816
f 2817 	2816 	2810
f 785 	770 	2817
f 2811 	2817 	2810
f 2817 	2818 	785
f 2812 	2818 	2811
f 797 	785 	2818
f 2817 	2811 	2818
f 2812 	2819 	2818
f 2819 	797 	2818
f 2813 	2819 	2812
f 2820 	2819 	2813
f 2820 	811 	2819
f 811 	797 	2819
f 1481 	1671 	2820
# 5660 faces

 #end of obj_0

o obj_1
v 85.5081 		-100.981 		6.339
v 85.5081 		-100.981 		0.002
v 85.5081 		-82.961 		6.339
v 85.5081 		-82.961 		0.002
v 116.4991 		-87.21 		12.419
v 116.2611 		-87.235 		12.4
v 83.8821 		-83.038 		6.339
v 85.0581 		-82.961 		6.339
v 152.9271 		-93.954 		13.554
v 153.1181 		-94.027 		13.681
v 85.0581 		-82.961 		0.002
v 83.8821 		-83.038 		0.002
v 82.7261 		-83.268 		6.339
v 116.0391 		-87.308 		12.344
v 82.7261 		-83.268 		0.002
v 81.6101 		-83.647 		6.339
v 81.6101 		-83.647 		0.002
v 153.1181 		-94.592 		13.303
v 80.5531 		-84.169 		0.002
v 80.5531 		-84.169 		6.339
v 79.5731 		-84.823 		0.002
v 115.8481 		-87.424 		12.255
v 79.5731 		-84.823 		6.339
v 152.7811 		-93.859 		13.389
v 85.5081 		-82.9905 		6.339
v 85.5081 		-82.9905 		0.002
v 82.5541 		-89.717 		6.339
v 82.9351 		-89.462 		6.339
v 83.3471 		-89.259 		6.339
v 84.6881 		-88.993 		6.339
v 85.1461 		-89.023 		6.339
v 85.2674 		-89.047 		6.339
v 117.1491 		-87.424 		12.255
v 154.3751 		-93.399 		12.592
v 83.7811 		-89.112 		6.339
v 154.4671 		-87.146 		10.956
v 84.2311 		-89.023 		6.339
v 83.3471 		-95.737 		6.339
v 82.9351 		-95.535 		6.339
v 82.5541 		-95.28 		6.339
v 154.3751 		-86.7568 		10.5
v 154.4505 		-86.9492 		10.5
v 116.9591 		-87.308 		12.344
v 154.4671 		-86.9914 		10.5
v 154.3751 		-86.941 		11.041
v 85.2573 		-95.952 		6.339
v 85.1461 		-95.974 		6.339
v 84.6881 		-96.004 		6.339
v 84.2311 		-95.974 		6.339
v 83.7811 		-95.885 		6.339
v 116.7371 		-87.235 		12.4
v 82.2091 		-94.977 		6.339
v 81.9071 		-94.633 		6.339
v 81.6521 		-94.251 		6.339
v 81.4491 		-93.84 		6.339
v 154.3619 		-86.7386 		10.5
v 81.3021 		-93.406 		6.339
v 81.2131 		-92.956 		6.339
v 117.1491 		-91.919 		12.897
v 117.1491 		-92.4 		12.802
v 116.9591 		-91.9 		12.752
v 81.1831 		-92.498 		6.339
v 81.2131 		-92.041 		6.339
v 81.3021 		-91.591 		6.339
v 81.4491 		-91.157 		6.339
v 81.6521 		-90.745 		6.339
v 81.9071 		-90.364 		6.339
v 82.2091 		-90.019 		6.339
v 154.2291 		-86.5561 		10.5
v 154.2291 		-86.765 		11.114
v 117.2961 		-92.449 		12.986
v 117.2961 		-91.944 		13.086
v 83.5571 		-94.522 		4.15
v 83.5571 		-94.522 		0.002
v 154.2257 		-86.5534 		10.5
v 154.0381 		-86.629 		11.17
v 83.3061 		-94.355 		4.15
v 83.3061 		-94.355 		0.002
v 83.0791 		-94.155 		4.15
v 83.0791 		-94.155 		0.002
v 82.8791 		-93.928 		0.002
v 82.8791 		-93.928 		4.15
v 153.1181 		-86.629 		11.17
v 82.7111 		-93.677 		0.002
v 82.7111 		-93.677 		4.15
v 82.5781 		-93.406 		0.002
v 82.5781 		-93.406 		4.15
v 152.9271 		-86.765 		11.114
v 82.4811 		-93.12 		0.002
v 82.4811 		-93.12 		4.15
v 116.4991 		-92.33 		12.541
v 82.4221 		-92.823 		0.002
v 82.4221 		-92.823 		4.15
v 116.4991 		-91.884 		12.63
v 117.4191 		-90.291 		13.43
v 152.7811 		-86.941 		11.041
v 117.3871 		-90.229 		13.66
v 117.3871 		-89.655 		13.465
v 116.2611 		-95.624 		12.4
v 116.0391 		-95.103 		12.855
v 152.6891 		-87.146 		10.956
v 116.7371 		-92.338 		12.572
v 116.7371 		-91.888 		12.661
v 152.6581 		-87.366 		10.865
v 117.2961 		-90.172 		13.874
v 117.1491 		-90.123 		14.058
v 85.3101 		-94.753 		0.002
v 85.0131 		-94.812 		0.002
v 84.7121 		-94.832 		0.002
v 117.4191 		-88.319 		12.292
v 152.9271 		-86.5561 		10.5
v 84.4101 		-94.812 		0.002
v 84.1141 		-94.753 		0.002
v 83.8281 		-94.656 		0.002
v 117.3871 		-88.151 		12.46
v 152.7811 		-86.7568 		10.5
v 152.9239 		-86.5604 		10.5
v 85.3101 		-94.753 		3.633
v 85.0131 		-94.812 		3.633
v 152.6891 		-86.9914 		10.5
v 152.7702 		-86.7844 		10.5
v 84.7121 		-94.832 		3.633
v 84.4101 		-94.812 		3.633
v 116.4991 		-87.669 		12.942
v 84.2381 		-94.7777 		3.633
v 152.6581 		-87.2421 		10.5
v 152.6815 		-87.053 		10.5
v 117.2961 		-87.994 		12.617
v 117.2961 		-88.472 		13.036
v 84.2381 		-94.7777 		4.15
v 152.6891 		-87.4932 		10.5
v 152.6704 		-87.3419 		10.5
v 84.1141 		-94.753 		4.15
v 117.1491 		-87.859 		12.752
v 116.9591 		-90.085 		14.2
v 117.1491 		-88.356 		13.187
v 154.3751 		-87.7267 		10.5
v 154.3238 		-87.7973 		10.5
v 116.9591 		-87.756 		12.855
v 154.3751 		-88.018 		11.151
v 154.3751 		-87.791 		10.689
v 116.0391 		-90.085 		14.2
v 116.7371 		-87.691 		12.92
v 115.8481 		-90.123 		14.058
v 154.3751 		-92.937 		12.82
v 116.2611 		-87.691 		12.92
v 115.7021 		-90.172 		13.874
v 116.0391 		-87.756 		12.855
v 115.6101 		-89.655 		13.465
v 83.8281 		-94.656 		4.15
v 154.4671 		-93.51 		12.784
v 115.8481 		-87.859 		12.752
v 115.8481 		-88.356 		13.187
v 82.4021 		-92.522 		4.15
v 82.4021 		-92.522 		0.002
v 154.4671 		-93.021 		13.025
v 82.4221 		-92.22 		0.002
v 82.4221 		-92.22 		4.15
v 115.7021 		-88.472 		13.036
v 82.4811 		-91.924 		0.002
v 82.4811 		-91.924 		4.15
v 82.5781 		-91.638 		0.002
v 82.5781 		-91.638 		4.15
v 154.4981 		-93.629 		12.991
v 82.7111 		-91.367 		0.002
v 82.7111 		-91.367 		4.15
v 154.4232 		-87.6046 		10.5
v 154.4981 		-93.113 		13.245
v 154.4671 		-87.586 		10.773
v 82.8791 		-91.116 		0.002
v 82.8791 		-91.116 		4.15
v 115.7021 		-87.994 		12.617
v 116.9591 		-92.362 		12.66
v 83.0791 		-90.889 		0.002
v 83.0791 		-90.889 		4.15
v 153.3401 		-88.39 		10.936
v 115.6101 		-88.151 		12.46
v 83.3061 		-90.689 		0.002
v 83.3061 		-90.689 		4.15
v 83.5571 		-90.522 		0.002
v 115.6101 		-90.229 		13.66
v 83.5571 		-90.522 		4.15
v 153.5781 		-88.417 		10.921
v 115.5791 		-88.319 		12.292
v 115.6101 		-92.506 		13.2
v 84.7121 		-90.212 		0.002
v 85.0131 		-90.232 		0.002
v 85.3101 		-90.291 		0.002
v 153.8161 		-88.39 		10.936
v 115.5791 		-90.291 		13.43
v 115.7021 		-92.449 		12.986
v 116.2611 		-86.3121 		10.5
v 116.2787 		-86.3097 		10.5
v 116.2611 		-86.322 		10.55
v 116.4991 		-86.2804 		10.5
v 83.8281 		-90.388 		0.002
v 116.4991 		-86.292 		10.558
v 115.7021 		-91.944 		13.086
v 116.2611 		-86.545 		11.205
v 84.1141 		-90.291 		0.002
v 116.4991 		-86.516 		11.217
v 154.0381 		-88.31 		10.982
v 84.4101 		-90.232 		0.002
v 85.0131 		-90.232 		3.633
v 84.7121 		-90.212 		3.633
v 154.2291 		-88.184 		11.055
v 117.3871 		-89.349 		12.784
v 85.3101 		-90.291 		3.633
v 115.8481 		-92.4 		12.802
v 117.3871 		-88.897 		12.482
v 116.0391 		-86.4059 		10.5
v 116.0479 		-86.4021 		10.5
v 116.0391 		-86.411 		10.526
v 153.3401 		-92.772 		12.424
v 84.4101 		-90.232 		3.633
v 84.2381 		-90.2663 		3.633
v 153.3401 		-88.1785 		10.5
v 153.3266 		-88.1726 		10.5
v 115.9084 		-86.5075 		10.5
v 153.3401 		-88.187 		10.525
v 117.4191 		-89.23 		12.991
v 83.8281 		-90.388 		4.15
v 153.5781 		-92.76 		12.395
v 153.5781 		-88.2116 		10.5
v 153.5708 		-88.2106 		10.5
v 84.1141 		-90.291 		4.15
v 117.4191 		-88.752 		12.671
v 116.9591 		-86.4059 		10.5
v 153.5781 		-88.216 		10.513
v 116.9663 		-86.4115 		10.5
v 117.0891 		-86.5075 		10.5
v 84.2381 		-90.2663 		4.15
v 116.9591 		-86.411 		10.526
v 153.8161 		-92.772 		12.424
v 82.5541 		-89.717 		4.15
v 82.9351 		-89.462 		4.15
v 83.3471 		-89.259 		4.15
v 153.8161 		-88.1785 		10.5
v 153.8027 		-88.1803 		10.5
v 153.8161 		-88.187 		10.525
v 85.1461 		-89.023 		4.15
v 84.6881 		-88.993 		4.15
v 85.2674 		-89.047 		4.15
v 117.3871 		-88.607 		12.86
v 116.7371 		-86.3121 		10.5
v 116.7532 		-86.3189 		10.5
v 117.3871 		-89.111 		13.197
v 116.7371 		-86.322 		10.55
v 83.7811 		-89.112 		4.15
v 154.0381 		-88.0816 		10.5
v 154.0098 		-88.094 		10.5
v 84.2311 		-89.023 		4.15
v 84.2381 		-89.047 		4.15
v 115.8481 		-91.919 		12.897
v 116.7371 		-86.545 		11.205
v 154.0381 		-92.107 		14.332
v 116.5192 		-86.2831 		10.5
v 116.0391 		-91.9 		12.752
v 153.8161 		-92.119 		14.423
v 117.1491 		-89.556 		12.427
v 116.4991 		-86.823 		11.841
v 84.2381 		-89.047 		3.633
v 116.0391 		-92.362 		12.66
v 117.2961 		-89.46 		12.592
v 83.3471 		-95.737 		4.15
v 82.9351 		-95.535 		4.15
v 82.5541 		-95.28 		4.15
v 117.2961 		-89.032 		12.306
v 116.2611 		-92.338 		12.572
v 85.2573 		-95.952 		4.15
v 85.1461 		-95.974 		4.15
v 84.6881 		-96.004 		4.15
v 116.2611 		-91.888 		12.661
v 84.2311 		-95.974 		4.15
v 83.7811 		-95.885 		4.15
v 84.2381 		-95.952 		4.15
v 84.2381 		-95.952 		3.633
v 116.4991 		-89.312 		11.941
v 116.7371 		-89.293 		11.966
v 82.2091 		-94.977 		4.15
v 81.9071 		-94.633 		4.15
v 81.6521 		-94.251 		4.15
v 81.4491 		-93.84 		4.15
v 81.3021 		-93.406 		4.15
v 115.6101 		-88.607 		12.86
v 81.2131 		-92.956 		4.15
v 115.6101 		-89.111 		13.197
v 81.1831 		-92.498 		4.15
v 116.9591 		-89.237 		12.039
v 81.2131 		-92.041 		4.15
v 81.3021 		-91.591 		4.15
v 81.4491 		-91.157 		4.15
v 81.6521 		-90.745 		4.15
v 116.9591 		-88.883 		11.728
v 81.9071 		-90.364 		4.15
v 82.2091 		-90.019 		4.15
v 115.5791 		-89.23 		12.991
v 115.6101 		-89.349 		12.784
v 117.1491 		-89.148 		12.155
v 117.1491 		-88.779 		11.832
v 78.6871 		-85.6 		0.002
v 78.6871 		-85.6 		6.339
v 154.0381 		-88.102 		10.56
v 115.5791 		-88.752 		12.671
v 117.2961 		-88.645 		11.966
v 154.2291 		-87.9276 		10.5
v 154.185 		-87.9631 		10.5
v 154.2291 		-87.967 		10.616
v 115.6101 		-88.897 		12.482
v 116.4991 		-88.97 		11.641
v 116.4991 		-88.67 		11.299
v 115.7021 		-89.46 		12.592
v 115.7021 		-89.032 		12.306
v 152.6891 		-87.586 		10.773
v 116.7371 		-88.948 		11.663
v 115.8481 		-89.556 		12.427
v 116.7371 		-88.645 		11.318
v 152.7811 		-87.7267 		10.5
v 152.7408 		-87.6244 		10.5
v 152.7811 		-88.018 		11.151
v 152.7811 		-87.791 		10.689
v 117.3871 		-90.353 		13.2
v 117.3871 		-89.837 		13.025
v 115.7021 		-88.645 		11.966
v 152.9271 		-88.184 		11.055
v 117.4191 		-89.746 		13.245
v 115.8481 		-89.148 		12.155
v 115.8481 		-88.779 		11.832
v 152.9271 		-87.9276 		10.5
v 152.8863 		-87.8714 		10.5
v 152.9271 		-87.967 		10.616
v 117.1491 		-90.459 		12.802
v 154.0381 		-93.23 		12.301
v 154.0381 		-92.808 		12.509
v 117.2961 		-90.41 		12.986
v 154.4671 		-91.429 		13.342
v 117.2961 		-89.922 		12.82
v 154.4671 		-90.886 		13.306
v 154.2291 		-93.303 		12.427
v 154.4981 		-91.429 		13.58
v 154.2291 		-92.864 		12.644
v 154.4981 		-90.855 		13.542
v 116.4991 		-90.098 		12.395
v 152.6581 		-93.113 		13.245
v 154.4671 		-90.824 		13.778
v 152.6581 		-93.629 		12.991
v 116.7371 		-90.086 		12.424
v 154.4671 		-91.429 		13.818
v 77.9091 		-86.486 		0.002
v 77.9091 		-86.486 		6.339
v 77.2551 		-87.466 		0.002
v 77.2551 		-87.466 		6.339
v 76.7331 		-88.523 		0.002
v 76.7331 		-88.523 		6.339
v 76.3551 		-89.639 		0.002
v 76.3551 		-89.639 		6.339
v 76.1251 		-90.795 		0.002
v 76.1251 		-90.795 		6.339
v 76.0481 		-91.971 		0.002
v 76.0481 		-91.971 		6.339
v 116.9591 		-90.051 		12.509
v 76.1251 		-93.148 		6.339
v 76.1251 		-93.148 		0.002
v 76.3551 		-94.303 		0.002
v 76.3551 		-94.303 		6.339
v 76.7331 		-95.419 		0.002
v 76.7331 		-95.419 		6.339
v 77.2551 		-96.476 		0.002
v 77.2551 		-96.476 		6.339
v 152.6891 		-93.51 		12.784
v 152.6891 		-93.021 		13.025
v 116.0391 		-89.237 		12.039
v 77.9091 		-97.456 		0.002
v 77.9091 		-97.456 		6.339
v 116.0391 		-88.883 		11.728
v 78.6871 		-98.343 		0.002
v 78.6871 		-98.343 		6.339
v 79.5731 		-99.12 		0.002
v 79.5731 		-99.12 		6.339
v 80.5531 		-99.774 		0.002
v 80.5531 		-99.774 		6.339
v 116.9591 		-89.629 		12.301
v 81.6101 		-100.296 		0.002
v 81.6101 		-100.296 		6.339
v 82.7261 		-100.674 		0.002
v 82.7261 		-100.674 		6.339
v 83.8821 		-100.904 		0.002
v 83.8821 		-100.904 		6.339
v 85.0581 		-100.981 		0.002
v 85.0581 		-100.981 		6.339
v 85.5081 		-100.9515 		6.339
v 85.5081 		-100.9515 		0.002
v 152.7811 		-92.937 		12.82
v 116.0391 		-95.551 		12.344
v 116.2611 		-95.168 		12.92
v 91.2431 		-89.047 		6.339
v 95.8371 		-89.736 		6.339
v 96.0361 		-88.249 		6.339
v 91.2431 		-95.952 		6.339
v 154.3751 		-90.795 		13.998
v 117.1491 		-89.995 		12.644
v 153.1181 		-88.31 		10.982
v 117.3871 		-87.414 		11.5
v 154.3751 		-91.429 		14.04
v 85.5961 		-94.656 		0.002
v 115.8481 		-95 		12.752
v 152.7811 		-93.399 		12.592
v 116.2611 		-89.293 		11.966
v 115.8481 		-95.435 		12.255
v 87.0021 		-92.823 		0.002
v 153.1181 		-88.0816 		10.5
v 86.9431 		-93.12 		0.002
v 153.0901 		-88.059 		10.5
v 117.2961 		-87.222 		11.611
v 153.1181 		-88.102 		10.56
v 86.8461 		-93.406 		0.002
v 86.7121 		-93.677 		0.002
v 86.5441 		-93.928 		0.002
v 115.7021 		-94.865 		12.617
v 152.9271 		-93.303 		12.427
v 154.2291 		-90.77 		14.187
v 86.3451 		-94.155 		0.002
v 154.2291 		-91.429 		14.231
v 152.9271 		-92.864 		12.644
v 86.1181 		-94.355 		0.002
v 85.8671 		-94.522 		0.002
v 117.1491 		-87.057 		11.706
v 85.5961 		-94.656 		3.633
v 153.3401 		-90.061 		14.288
v 153.5781 		-90.053 		14.319
v 87.0021 		-92.823 		3.633
v 153.1181 		-93.23 		12.301
v 86.9431 		-93.12 		3.633
v 152.9271 		-90.77 		14.187
v 116.9591 		-86.93 		11.779
v 86.8461 		-93.406 		3.633
v 116.4991 		-90.529 		12.541
v 153.1181 		-92.808 		12.509
v 152.9271 		-91.429 		14.231
v 116.4991 		-93.547 		11.941
v 116.4991 		-93.169 		12.194
v 116.7371 		-86.851 		11.825
v 153.8161 		-90.061 		14.288
v 116.2611 		-88.948 		11.663
v 152.7811 		-90.795 		13.998
v 116.2611 		-88.645 		11.318
v 154.4671 		-93.748 		13.197
v 152.7811 		-91.429 		14.04
v 116.7371 		-93.566 		11.966
v 154.4671 		-94.252 		12.86
v 116.2611 		-86.851 		11.825
v 116.7371 		-93.184 		12.221
v 154.3751 		-89 		13.389
v 116.2611 		-89.675 		12.221
v 154.3751 		-94.387 		13.036
v 152.6891 		-90.824 		13.778
v 116.7371 		-90.521 		12.572
v 116.9591 		-93.622 		12.039
v 154.3751 		-93.827 		12.306
v 152.6891 		-91.429 		13.818
v 86.7121 		-93.677 		3.633
v 86.5441 		-93.928 		3.633
v 154.4671 		-93.962 		12.482
v 116.9591 		-90.497 		12.66
v 86.3451 		-94.155 		3.633
v 117.1491 		-93.711 		12.155
v 86.1181 		-94.355 		3.633
v 85.8671 		-94.522 		3.633
v 116.0391 		-86.93 		11.779
v 85.5961 		-90.388 		0.002
v 154.4981 		-94.54 		12.292
v 85.8671 		-90.522 		0.002
v 115.8481 		-93.711 		12.155
v 86.1181 		-90.689 		0.002
v 86.3451 		-90.889 		0.002
v 154.4981 		-94.107 		12.671
v 152.6581 		-90.855 		13.542
v 86.5441 		-91.116 		0.002
v 86.7121 		-91.367 		0.002
v 116.0391 		-93.622 		12.039
v 86.8461 		-91.638 		0.002
v 115.8481 		-87.057 		11.706
v 86.9431 		-91.924 		0.002
v 87.0021 		-92.22 		0.002
v 152.6581 		-91.429 		13.58
v 87.0221 		-92.522 		0.002
v 115.5791 		-89.746 		13.245
v 85.5961 		-90.388 		3.633
v 154.3751 		-89.57 		13.67
v 115.7021 		-87.222 		11.611
v 116.4991 		-89.69 		12.194
v 116.2611 		-93.566 		11.966
v 154.4671 		-94.708 		12.46
v 115.6101 		-90.353 		13.2
v 116.2611 		-93.184 		12.221
v 115.6101 		-89.837 		13.025
v 116.7371 		-89.675 		12.221
v 152.6891 		-91.429 		13.342
v 115.6101 		-87.414 		11.5
v 153.3401 		-88.786 		13.76
v 152.6891 		-90.886 		13.306
v 117.3871 		-94.73 		11.714
v 153.5781 		-88.77 		13.787
v 153.3401 		-89.406 		14.066
v 153.5781 		-89.394 		14.095
v 85.8671 		-90.522 		3.633
v 86.1181 		-90.689 		3.633
v 86.3451 		-90.889 		3.633
v 86.5441 		-91.116 		3.633
v 117.3871 		-88.488 		12.123
v 86.7121 		-91.367 		3.633
v 86.8461 		-91.638 		3.633
v 86.9431 		-91.924 		3.633
v 117.3871 		-88.129 		11.714
v 154.4671 		-91.972 		13.306
v 117.3871 		-87.826 		11.262
v 116.2611 		-92.798 		14.288
v 116.4991 		-92.806 		14.319
v 154.2291 		-89.497 		13.846
v 154.4981 		-92.568 		13.43
v 116.7371 		-92.798 		14.288
v 154.4981 		-92.003 		13.542
v 117.4191 		-87.94 		11.859
v 154.0381 		-89.441 		13.981
v 117.4191 		-87.62 		11.381
v 154.4671 		-92.035 		13.778
v 153.8161 		-88.786 		13.76
v 117.3871 		-93.204 		13.465
v 154.4671 		-92.629 		13.66
v 117.3871 		-87.751 		12.004
v 153.8161 		-89.406 		14.066
v 116.4991 		-93.465 		14.095
v 154.3751 		-92.064 		13.998
v 117.2961 		-93.289 		13.67
v 116.9591 		-88.572 		11.374
v 154.3751 		-92.687 		13.874
v 117.1491 		-92.736 		14.058
v 117.1491 		-88.456 		11.463
v 117.1491 		-93.362 		13.846
v 154.2291 		-88.905 		13.554
v 117.2961 		-88.305 		11.579
v 116.9591 		-92.774 		14.2
v 154.0381 		-88.832 		13.681
v 117.3871 		-94.371 		12.123
v 154.2291 		-92.088 		14.187
v 116.9591 		-93.976 		11.728
v 153.1181 		-88.832 		13.681
v 117.2961 		-87.575 		12.139
v 152.9271 		-92.088 		14.187
v 153.1181 		-89.441 		13.981
v 115.7021 		-87.575 		12.139
v 117.1491 		-94.08 		11.832
v 152.7811 		-92.064 		13.998
v 152.9271 		-88.905 		13.554
v 152.7811 		-92.687 		13.874
v 115.6101 		-87.751 		12.004
v 152.9271 		-89.497 		13.846
v 117.2961 		-94.214 		11.966
v 152.6891 		-92.035 		13.778
v 115.5791 		-87.94 		11.859
v 152.7811 		-89 		13.389
v 152.7811 		-89.57 		13.67
v 152.6891 		-92.629 		13.66
v 116.9591 		-93.418 		13.981
v 115.6101 		-88.488 		12.123
v 152.6581 		-92.003 		13.542
v 115.6101 		-88.129 		11.714
v 152.6581 		-92.568 		13.43
v 116.7371 		-93.453 		14.066
v 154.4981 		-90.291 		13.43
v 115.5791 		-87.62 		11.381
v 152.6891 		-91.972 		13.306
v 154.4671 		-89.655 		13.465
v 154.4671 		-90.229 		13.66
v 115.7021 		-90.41 		12.986
v 115.6101 		-87.827 		11.262
v 115.7021 		-89.922 		12.82
v 154.3751 		-90.172 		13.874
v 116.2611 		-93.453 		14.066
v 115.7021 		-88.305 		11.579
v 154.3751 		-91.429 		13.12
v 154.3751 		-90.915 		13.086
v 115.8481 		-90.459 		12.802
v 115.8481 		-88.456 		11.463
v 116.0391 		-88.572 		11.374
v 115.8481 		-89.995 		12.644
v 154.0381 		-91.429 		12.783
v 154.2291 		-90.123 		14.058
v 154.0381 		-90.959 		12.752
v 116.4991 		-93.889 		11.641
v 116.4991 		-93.9101 		11.617
v 154.0381 		-90.085 		14.2
v 116.0391 		-90.497 		12.66
v 116.0391 		-90.051 		12.509
v 117.3871 		-87.4932 		10.5
v 116.5168 		-93.9132 		11.617
v 116.7371 		-93.911 		11.663
v 116.7371 		-93.9514 		11.617
v 116.0391 		-89.629 		12.301
v 117.4191 		-87.2421 		10.5
v 117.3998 		-87.3931 		10.5
v 117.4191 		-87.366 		10.865
v 116.2611 		-90.521 		12.572
v 116.7724 		-93.9708 		11.617
v 116.9591 		-94.0735 		11.617
v 153.1181 		-90.085 		14.2
v 117.1491 		-94.2682 		11.617
v 117.0387 		-94.1549 		11.617
v 152.9271 		-90.123 		14.058
v 117.3871 		-86.9914 		10.5
v 116.2611 		-90.086 		12.424
v 117.41 		-87.1711 		10.5
v 117.274 		-94.4828 		11.617
v 117.3871 		-87.146 		10.956
v 117.2961 		-94.5206 		11.617
v 117.3217 		-94.6035 		11.617
v 152.7811 		-90.172 		13.874
v 116.4991 		-90.735 		14.455
v 116.4991 		-91.43 		14.5
v 152.6891 		-89.655 		13.465
v 152.6891 		-90.229 		13.66
v 115.6101 		-94.73 		11.714
v 116.0391 		-92.774 		14.2
v 117.2961 		-86.7568 		10.5
v 117.3707 		-86.9492 		10.5
v 117.2961 		-86.941 		11.041
v 116.0391 		-93.418 		13.981
v 152.6581 		-90.291 		13.43
v 154.2291 		-91.429 		12.929
v 117.1491 		-86.5561 		10.5
v 117.2828 		-86.7386 		10.5
v 117.1491 		-86.765 		11.114
v 154.2291 		-90.94 		12.897
v 115.8481 		-92.736 		14.058
v 117.1458 		-86.5534 		10.5
v 115.8481 		-93.362 		13.846
v 116.9591 		-86.63 		11.17
v 154.4671 		-89.349 		12.784
v 153.3401 		-91.429 		12.691
v 115.7021 		-93.289 		13.67
v 153.3401 		-90.971 		12.661
v 116.0391 		-86.63 		11.17
v 154.4981 		-89.23 		12.991
v 115.8481 		-86.765 		11.114
v 116.9591 		-90.751 		14.332
v 115.6101 		-93.204 		13.465
v 115.6101 		-94.371 		12.123
v 116.9591 		-91.43 		14.377
v 115.7021 		-86.941 		11.041
v 116.7371 		-90.739 		14.423
v 115.7021 		-94.214 		11.966
v 116.7371 		-91.43 		14.469
v 115.6101 		-87.146 		10.956
v 115.5791 		-87.366 		10.865
v 115.8481 		-94.08 		11.832
v 116.4991 		-94.089 		13.787
v 116.2611 		-90.739 		14.423
v 116.2611 		-91.43 		14.469
v 153.5781 		-91.429 		12.66
v 116.0391 		-93.976 		11.728
v 116.0391 		-90.751 		14.332
v 153.5781 		-90.975 		12.63
v 116.0391 		-91.43 		14.377
v 115.8481 		-86.5561 		10.5
v 87.0021 		-92.22 		3.633
v 87.0221 		-92.522 		3.633
v 153.8161 		-91.429 		12.691
v 153.8161 		-90.971 		12.661
v 116.4991 		-94.667 		13.401
v 115.6762 		-94.6035 		11.617
v 115.6957 		-94.5412 		11.617
v 154.4671 		-88.607 		12.86
v 115.7021 		-94.5206 		11.617
v 115.8481 		-94.2682 		11.617
v 154.4671 		-89.111 		13.197
v 91.2431 		-89.047 		3.633
v 115.8034 		-94.3451 		11.617
v 115.9377 		-94.1772 		11.617
v 116.0391 		-94.0735 		11.617
v 154.2291 		-94.503 		13.187
v 116.2611 		-93.911 		11.663
v 116.2611 		-93.9514 		11.617
v 116.0992 		-94.0404 		11.617
v 91.2431 		-95.952 		3.633
v 117.2961 		-93.859 		13.389
v 95.8371 		-89.736 		8.577
v 96.0361 		-88.249 		8.577
v 197.1141 		-101.838 		0
v 196.9901 		-101.9794 		0
v 116.2912 		-93.9461 		11.617
v 195.2791 		-103.8052 		6.542
v 195.7561 		-103.387 		6.542
v 197.1141 		-101.838 		6.542
v 195.7561 		-103.387 		0.002
v 196.9901 		-101.9794 		0.002
v 152.9271 		-94.503 		13.187
v 194.2071 		-104.745 		0.002
v 195.2791 		-103.8052 		6.498
v 194.2071 		-104.745 		6.498
v 192.4941 		-105.89 		6.498
v 192.4941 		-105.89 		0.002
v 117.3871 		-94.795 		11.617
v 190.6461 		-106.801 		6.498
v 190.6461 		-106.801 		0.002
v 188.6951 		-107.463 		6.498
v 188.6951 		-107.463 		0.002
v 186.6751 		-107.865 		6.498
v 186.6751 		-107.865 		0.002
v 117.4191 		-94.919 		11.859
v 117.4191 		-95.081 		11.617
v 117.3964 		-94.8783 		11.617
v 184.6191 		-108 		6.498
v 184.6191 		-108 		0.002
v 182.5631 		-107.865 		0.002
v 182.5631 		-107.865 		6.498
v 180.5431 		-107.463 		6.498
v 180.5431 		-107.463 		0.002
v 117.1491 		-93.954 		13.554
v 178.5921 		-106.801 		6.498
v 152.7811 		-94.387 		13.036
v 178.5921 		-106.801 		0.002
v 117.3871 		-95.108 		12.004
v 116.9591 		-94.027 		13.681
v 117.3975 		-95.2736 		11.617
v 117.3871 		-95.3668 		11.617
v 152.6891 		-93.748 		13.197
v 176.7441 		-105.89 		6.498
v 176.7441 		-105.89 		0.002
v 175.0311 		-104.745 		6.498
v 175.0311 		-104.745 		0.002
v 116.9591 		-94.592 		13.303
v 173.4821 		-103.387 		6.498
v 173.4821 		-103.387 		0.002
v 172.1241 		-101.838 		6.498
v 152.6891 		-94.252 		12.86
v 172.1241 		-101.838 		0.002
v 171.5513 		-100.981 		6.498
v 171.5513 		-100.981 		0.002
v 199.1701 		-98.277 		0
v 198.2591 		-100.125 		0
v 117.2961 		-95.284 		12.139
v 116.7371 		-94.073 		13.76
v 198.2591 		-100.125 		6.542
v 199.1701 		-98.277 		6.542
v 117.2975 		-95.6289 		11.617
v 117.2961 		-95.633 		11.617
v 116.7371 		-94.648 		13.376
v 117.2868 		-95.6474 		11.617
v 152.6891 		-94.708 		12.46
v 152.6581 		-94.107 		12.671
v 171.3341 		-96.781 		6.498
v 152.6581 		-94.54 		12.292
v 196.9901 		-82.5206 		0
v 116.2611 		-94.073 		13.76
v 197.1141 		-82.662 		0
v 194.2071 		-79.754 		0.002
v 195.7561 		-81.113 		0.002
v 116.2611 		-94.648 		13.376
v 196.9901 		-82.5206 		0.002
v 152.7811 		-91.429 		13.12
v 178.5921 		-77.699 		0.002
v 180.5431 		-77.036 		0.002
v 152.7811 		-90.915 		13.086
v 182.5631 		-76.634 		0.002
v 116.0391 		-94.027 		13.681
v 184.6191 		-76.5 		0.002
v 186.6751 		-76.634 		0.002
v 188.6951 		-77.036 		0.002
v 190.6461 		-77.699 		0.002
v 192.4941 		-78.61 		0.002
v 116.0391 		-94.592 		13.303
v 152.6891 		-93.962 		12.482
v 175.0311 		-79.754 		0.002
v 173.4821 		-81.113 		0.002
v 176.7441 		-78.61 		0.002
v 152.9271 		-91.429 		12.929
v 152.9271 		-90.94 		12.897
v 154.3751 		-89.46 		12.592
v 116.2611 		-92.12 		14.423
v 116.4991 		-92.124 		14.455
v 198.2591 		-84.375 		0
v 199.1701 		-86.222 		0
v 199.8321 		-88.173 		0
v 200.2341 		-90.194 		0
v 200.3691 		-92.25 		0
v 200.2341 		-94.305 		0
v 199.8321 		-96.326 		0
v 154.3751 		-89.032 		12.306
v 152.7811 		-93.827 		12.306
v 181.7741 		-94.642 		3.633
v 181.7741 		-94.642 		0.002
v 154.4671 		-88.897 		12.482
v 181.5031 		-94.509 		3.633
v 181.5031 		-94.509 		0.002
v 181.2521 		-94.341 		3.633
v 181.2521 		-94.341 		0.002
v 181.0251 		-94.142 		0.002
v 181.0251 		-94.142 		3.633
v 180.8261 		-93.914 		0.002
v 154.4981 		-88.752 		12.671
v 180.8261 		-93.914 		3.633
v 180.6581 		-93.663 		0.002
v 180.6581 		-93.663 		3.633
v 154.3751 		-94.865 		12.617
v 180.5241 		-93.392 		0.002
v 180.5241 		-93.392 		3.633
v 115.7021 		-95.284 		12.139
v 115.7021 		-86.7568 		10.5
v 115.8449 		-86.5604 		10.5
v 154.2291 		-89.555 		12.427
v 115.6101 		-95.108 		12.004
v 115.6101 		-86.9914 		10.5
v 115.6912 		-86.7844 		10.5
v 153.3401 		-95.168 		12.92
v 153.5781 		-95.19 		12.942
v 180.4271 		-93.106 		0.002
v 180.4271 		-93.106 		3.633
v 180.3681 		-92.81 		0.002
v 180.3681 		-92.81 		3.633
v 115.5791 		-94.919 		11.859
v 152.6891 		-88.607 		12.86
v 115.8481 		-93.954 		13.554
v 182.6581 		-94.818 		0.002
v 182.3571 		-94.798 		0.002
v 182.3571 		-94.798 		3.633
v 182.6581 		-94.818 		3.633
v 154.2291 		-95 		12.752
v 182.0601 		-94.739 		0.002
v 182.0601 		-94.739 		3.633
v 115.7021 		-93.859 		13.389
v 115.7021 		-95.633 		11.617
v 115.7034 		-95.6351 		11.617
v 154.0381 		-95.103 		12.855
v 115.7113 		-95.6474 		11.617
v 184.9481 		-92.81 		0.002
v 115.6101 		-95.3668 		11.617
v 115.6269 		-95.4155 		11.617
v 184.8891 		-93.106 		0.002
v 115.5791 		-95.081 		11.617
v 184.7921 		-93.392 		0.002
v 115.5908 		-95.1894 		11.617
v 184.6591 		-93.663 		0.002
v 117.3871 		-93.51 		12.784
v 153.8161 		-95.168 		12.92
v 184.4911 		-93.914 		0.002
v 117.3871 		-93.022 		13.025
v 152.6891 		-89.111 		13.197
v 153.1181 		-91.429 		12.783
v 117.4191 		-93.629 		12.991
v 153.1181 		-90.959 		12.752
v 152.6581 		-89.23 		12.991
v 117.4191 		-93.113 		13.245
v 153.3401 		-95.624 		12.4
v 153.5781 		-95.649 		12.419
v 154.3751 		-92.449 		12.986
v 154.3751 		-91.943 		13.086
v 117.2961 		-92.937 		12.82
v 154.2291 		-95.435 		12.255
v 154.0381 		-95.551 		12.344
v 154.4671 		-92.506 		13.2
v 153.8161 		-95.624 		12.4
v 116.4991 		-92.761 		12.395
v 116.7371 		-92.773 		12.424
v 154.0381 		-91.899 		12.752
v 153.1181 		-95.103 		12.855
v 153.1181 		-95.551 		12.344
v 152.9271 		-95 		12.752
v 154.2291 		-92.399 		12.802
v 154.2291 		-91.919 		12.897
v 152.9271 		-95.435 		12.255
v 116.9591 		-93.23 		12.301
v 152.7811 		-94.865 		12.617
v 116.9591 		-92.808 		12.509
v 153.3401 		-92.338 		12.572
v 153.3401 		-91.887 		12.661
v 153.5781 		-92.33 		12.541
v 153.3401 		-93.566 		11.966
v 153.5781 		-91.883 		12.63
v 117.1491 		-93.303 		12.427
v 117.1491 		-92.864 		12.644
v 153.3401 		-93.184 		12.221
v 116.0391 		-92.108 		14.332
v 153.5781 		-93.547 		11.941
v 153.5781 		-93.169 		12.194
v 116.9591 		-92.108 		14.332
v 153.8161 		-93.566 		11.966
v 153.8161 		-92.338 		12.572
v 115.5791 		-87.2421 		10.5
v 115.6025 		-87.053 		10.5
v 153.8161 		-93.184 		12.221
v 153.8161 		-91.887 		12.661
v 117.2961 		-93.399 		12.592
v 116.7371 		-92.12 		14.423
v 152.6891 		-89.349 		12.784
v 115.6101 		-87.4932 		10.5
v 115.5914 		-87.3419 		10.5
v 152.6581 		-88.752 		12.671
v 154.0381 		-93.622 		12.039
v 117.3871 		-91.43 		13.342
v 117.3771 		-88.3366 		10.5
v 152.6891 		-88.897 		12.482
v 154.0381 		-92.362 		12.66
v 117.3871 		-87.586 		10.773
v 115.5791 		-93.113 		13.245
v 117.3871 		-90.886 		13.306
v 115.5791 		-93.629 		12.991
v 152.7811 		-89.46 		12.592
v 154.2291 		-93.711 		12.155
v 152.7811 		-89.032 		12.306
v 117.4191 		-91.43 		13.58
v 117.4191 		-90.855 		13.542
v 152.6891 		-92.506 		13.2
v 152.9271 		-93.711 		12.155
v 152.9271 		-89.555 		12.427
v 153.1181 		-93.622 		12.039
v 115.6101 		-93.51 		12.784
v 152.7811 		-92.449 		12.986
v 115.6101 		-93.022 		13.025
v 117.3871 		-90.824 		13.778
v 152.7811 		-91.943 		13.086
v 154.3751 		-90.41 		12.986
v 117.3871 		-91.43 		13.818
v 154.3532 		-94.4828 		11.617
v 154.3751 		-89.922 		12.82
v 154.3751 		-94.214 		11.966
v 154.3751 		-94.5206 		11.617
v 154.401 		-94.6035 		11.617
v 152.9271 		-92.399 		12.802
v 152.9271 		-91.919 		12.897
v 115.7021 		-92.937 		12.82
v 154.4671 		-90.353 		13.2
v 154.4671 		-94.73 		11.714
v 154.4671 		-89.837 		13.025
v 117.2961 		-90.795 		13.998
v 117.2961 		-91.43 		14.04
v 153.1181 		-92.362 		12.66
v 153.1181 		-91.899 		12.752
v 117.1491 		-90.77 		14.187
v 184.2911 		-94.142 		0.002
v 154.4981 		-89.746 		13.245
v 117.1491 		-91.43 		14.231
v 115.7021 		-93.399 		12.592
v 184.0641 		-94.341 		0.002
v 154.4671 		-94.371 		12.123
v 183.8131 		-94.509 		0.002
v 183.5421 		-94.642 		0.002
v 183.2561 		-94.739 		0.002
v 115.8481 		-93.303 		12.427
v 182.9601 		-94.798 		0.002
v 182.9601 		-94.798 		3.633
v 183.1321 		-94.7637 		3.633
v 115.8481 		-92.864 		12.644
v 115.5917 		-94.9652 		11.617
v 115.8481 		-90.77 		14.187
v 115.6101 		-94.795 		11.617
v 115.6259 		-94.749 		11.617
v 154.3751 		-88.644 		11.966
v 115.8481 		-91.43 		14.231
v 154.2291 		-90.459 		12.802
v 116.4991 		-96.036 		11.841
v 116.0391 		-93.23 		12.301
v 115.7021 		-90.795 		13.998
v 153.3401 		-89.293 		11.966
v 116.0391 		-92.808 		12.509
v 153.3401 		-90.086 		12.424
v 116.4991 		-88.417 		10.921
v 116.4153 		-96.1339 		11.617
v 116.4991 		-96.1462 		11.617
v 115.7021 		-91.43 		14.04
v 117.1491 		-95.802 		11.706
v 117.1491 		-95.8459 		11.617
v 153.5781 		-89.312 		11.941
v 116.2611 		-92.773 		12.424
v 153.5781 		-90.098 		12.395
v 115.6101 		-90.824 		13.778
v 153.8161 		-89.293 		11.966
v 116.9591 		-95.929 		11.779
v 115.6101 		-91.43 		13.818
v 153.8161 		-90.086 		12.424
v 180.3481 		-92.508 		3.633
v 180.3481 		-92.508 		0.002
v 117.3871 		-93.962 		12.482
v 180.3681 		-92.207 		0.002
v 180.3681 		-92.207 		3.633
v 154.0381 		-89.237 		12.039
v 180.4271 		-91.91 		0.002
v 180.4271 		-91.91 		3.633
v 117.4191 		-94.54 		12.292
v 154.0381 		-90.051 		12.509
v 180.5241 		-91.624 		0.002
v 180.5241 		-91.624 		3.633
v 115.5791 		-90.855 		13.542
v 154.0381 		-88.883 		11.728
v 117.4191 		-94.107 		12.671
v 154.0381 		-89.628 		12.301
v 180.6581 		-91.353 		0.002
v 180.6581 		-91.353 		3.633
v 115.5791 		-91.43 		13.58
v 180.8261 		-91.102 		0.002
v 180.8261 		-91.102 		3.633
v 181.0251 		-90.875 		0.002
v 181.0251 		-90.875 		3.633
v 154.0381 		-93.976 		11.728
v 154.2291 		-89.148 		12.155
v 117.3871 		-93.748 		13.197
v 117.1175 		-95.8729 		11.617
v 154.2291 		-88.779 		11.832
v 117.3871 		-94.252 		12.86
v 116.9591 		-96.0088 		11.617
v 154.2291 		-94.08 		11.832
v 154.2291 		-89.995 		12.644
v 116.7371 		-96.008 		11.825
v 117.3871 		-94.708 		12.46
v 116.7371 		-96.1107 		11.617
v 116.8964 		-96.0377 		11.617
v 153.3401 		-88.948 		11.663
v 153.3401 		-90.521 		12.572
v 153.3401 		-88.645 		11.318
v 116.6557 		-96.1226 		11.617
v 153.3401 		-93.911 		11.663
v 153.3401 		-93.9514 		11.617
v 153.5781 		-90.529 		12.541
v 117.2961 		-93.827 		12.306
v 181.2521 		-90.676 		0.002
v 181.2521 		-90.676 		3.633
v 153.5781 		-93.889 		11.641
v 181.5031 		-90.508 		0.002
v 181.5031 		-90.508 		3.633
v 153.5781 		-93.9101 		11.617
v 153.3702 		-93.9461 		11.617
v 153.8161 		-90.521 		12.572
v 181.7741 		-90.374 		0.002
v 181.7741 		-90.374 		3.633
v 153.5958 		-93.9132 		11.617
v 115.6101 		-91.43 		13.342
v 154.0381 		-90.497 		12.66
v 153.8161 		-93.911 		11.663
v 153.8161 		-93.9514 		11.617
v 182.0601 		-90.277 		0.002
v 117.2961 		-94.387 		13.036
v 182.3571 		-90.218 		0.002
v 115.6101 		-90.886 		13.306
v 182.6581 		-90.198 		0.002
v 182.9601 		-90.218 		0.002
v 153.8514 		-93.9708 		11.617
v 117.1491 		-94.503 		13.187
v 183.2561 		-90.277 		0.002
v 154.0381 		-94.0735 		11.617
v 183.5421 		-90.374 		0.002
v 183.8131 		-90.508 		0.002
v 152.6581 		-89.746 		13.245
v 154.2291 		-94.2682 		11.617
v 154.1181 		-94.1549 		11.617
v 184.0641 		-90.676 		0.002
v 117.3871 		-91.973 		13.306
v 184.2911 		-90.875 		0.002
v 152.6891 		-90.353 		13.2
v 184.4911 		-91.102 		0.002
v 152.6891 		-89.837 		13.025
v 184.6591 		-91.353 		0.002
v 115.8481 		-94.503 		13.187
v 152.6891 		-94.73 		11.714
v 117.4191 		-92.568 		13.43
v 184.7921 		-91.624 		0.002
v 116.2611 		-96.008 		11.825
v 152.6891 		-94.371 		12.123
v 117.4191 		-92.004 		13.542
v 116.7371 		-88.39 		10.936
v 116.2611 		-96.1107 		11.617
v 152.7811 		-90.41 		12.986
v 116.0391 		-95.929 		11.779
v 152.7811 		-94.214 		11.966
v 116.9591 		-88.31 		10.982
v 152.7811 		-89.922 		12.82
v 153.5781 		-88.97 		11.641
v 184.8891 		-91.91 		0.002
v 184.9481 		-92.207 		0.002
v 153.5781 		-88.67 		11.299
v 184.9681 		-92.508 		0.002
v 152.9271 		-94.08 		11.832
v 152.9271 		-90.459 		12.802
v 182.0601 		-90.277 		3.633
v 182.3571 		-90.218 		3.633
v 115.7021 		-94.387 		13.036
v 182.6581 		-90.198 		3.633
v 116.1906 		-96.0782 		11.617
v 116.0391 		-96.0088 		11.617
v 153.8161 		-88.948 		11.663
v 115.8481 		-95.802 		11.706
v 153.1181 		-93.976 		11.728
v 152.9271 		-89.995 		12.644
v 153.8161 		-88.645 		11.318
v 115.8481 		-95.8459 		11.617
v 115.9926 		-95.9692 		11.617
v 115.6101 		-93.748 		13.197
v 115.8286 		-95.8175 		11.617
v 115.6101 		-94.252 		12.86
v 153.1181 		-90.497 		12.66
v 153.1181 		-90.051 		12.509
v 152.7552 		-94.6035 		11.617
v 182.9601 		-90.218 		3.633
v 152.7747 		-94.5412 		11.617
v 183.1321 		-90.2523 		3.633
v 152.7811 		-94.5206 		11.617
v 153.1181 		-89.628 		12.301
v 152.9271 		-94.2682 		11.617
v 152.7811 		-88.644 		11.966
v 152.8824 		-94.3451 		11.617
v 153.0168 		-94.1772 		11.617
v 153.1181 		-94.0735 		11.617
v 153.1782 		-94.0404 		11.617
v 152.9271 		-89.148 		12.155
v 152.9271 		-88.779 		11.832
v 117.1491 		-88.184 		11.055
v 153.3401 		-90.739 		14.423
v 153.5781 		-90.735 		14.455
v 154.4671 		-94.7948 		11.617
v 154.4761 		-94.8783 		11.617
v 153.3401 		-91.429 		14.469
v 153.1181 		-89.237 		12.039
v 154.4981 		-94.919 		11.859
v 154.4981 		-95.081 		11.617
v 183.1321 		-89.079 		3.633
v 153.5781 		-91.429 		14.5
v 153.1181 		-88.883 		11.728
v 117.2961 		-88.019 		11.151
v 154.4671 		-95.108 		12.004
v 117.2961 		-87.791 		10.689
v 154.4981 		-87.2421 		10.5
v 154.4772 		-95.2736 		11.617
v 152.6581 		-82.961 		10.5
v 154.0381 		-90.751 		14.332
v 154.4671 		-95.3668 		11.617
v 153.3401 		-88.211 		13.376
v 117.3871 		-92.035 		13.778
v 154.3751 		-95.284 		12.139
v 153.5781 		-88.192 		13.401
v 117.3871 		-92.63 		13.66
v 154.0381 		-91.429 		14.377
v 154.3765 		-95.6289 		11.617
v 154.3751 		-95.633 		11.617
v 153.1181 		-88.267 		13.303
v 116.4991 		-88.2116 		10.5
v 116.4918 		-88.2106 		10.5
v 153.8161 		-90.739 		14.423
v 154.3659 		-95.6474 		11.617
v 116.4991 		-88.216 		10.513
v 153.8161 		-91.429 		14.469
v 153.3401 		-89.674 		12.221
v 116.7371 		-88.1788 		10.5
v 116.7242 		-88.1806 		10.5
v 116.7371 		-88.187 		10.524
v 153.5781 		-89.69 		12.194
v 154.0381 		-88.267 		13.303
v 153.8161 		-89.674 		12.221
v 116.9591 		-88.0817 		10.5
v 116.9308 		-88.094 		10.5
v 153.1181 		-90.751 		14.332
v 116.9591 		-88.102 		10.56
v 153.1181 		-91.429 		14.377
v 153.8161 		-88.211 		13.376
v 117.1491 		-87.9276 		10.5
v 117.1052 		-87.9633 		10.5
v 117.1491 		-87.967 		10.616
v 153.3401 		-92.798 		14.288
v 153.5781 		-92.806 		14.319
v 153.3401 		-92.119 		14.423
v 153.5781 		-92.124 		14.455
v 152.7811 		-95.284 		12.139
v 152.7811 		-95.633 		11.617
v 152.7825 		-95.6351 		11.617
v 153.8161 		-92.798 		14.288
v 115.6101 		-94.708 		12.46
v 152.7903 		-95.6474 		11.617
v 153.1181 		-92.107 		14.332
v 153.3401 		-87.235 		12.4
v 153.5781 		-87.21 		12.419
v 152.6891 		-95.108 		12.004
v 183.1321 		-95.984 		3.633
v 152.6891 		-95.3668 		11.617
v 115.5791 		-94.107 		12.671
v 152.7059 		-95.4155 		11.617
v 152.6581 		-94.919 		11.859
v 115.5791 		-94.54 		12.292
v 154.4671 		-93.204 		13.465
v 152.6581 		-95.081 		11.617
v 152.6698 		-95.1894 		11.617
v 154.3751 		-93.289 		13.67
v 152.6891 		-94.7948 		11.617
v 152.6707 		-94.9648 		11.617
v 176.1271 		-89.079 		3.633
v 176.1271 		-95.984 		3.633
v 152.7049 		-94.749 		11.617
v 153.3401 		-93.453 		14.066
v 194.6288 		-80.124 		6.542
v 194.2071 		-79.754 		6.542
v 197.1141 		-82.662 		6.542
v 195.7561 		-81.113 		6.542
v 195.2791 		-80.6945 		6.542
v 115.6101 		-93.962 		12.482
v 153.5781 		-93.465 		14.095
v 192.4941 		-78.61 		6.542
v 190.6461 		-77.699 		6.542
v 188.6951 		-77.036 		6.542
v 186.6751 		-76.634 		6.542
v 184.6191 		-76.5 		6.542
v 182.5631 		-76.634 		6.542
v 180.5431 		-77.036 		6.542
v 178.5921 		-77.699 		6.542
v 176.7441 		-78.61 		6.542
v 175.0311 		-79.754 		6.542
v 174.6094 		-80.124 		6.542
v 194.6288 		-80.124 		6.498
v 195.2791 		-80.6945 		6.498
v 117.2961 		-92.064 		13.998
v 115.7021 		-93.827 		12.306
v 117.2961 		-92.687 		13.874
v 154.2291 		-92.736 		14.058
v 154.2291 		-93.362 		13.846
v 117.1491 		-92.089 		14.187
v 154.0381 		-92.774 		14.2
v 154.0381 		-93.418 		13.981
v 174.6094 		-80.124 		6.498
v 153.1181 		-87.308 		12.344
v 173.4821 		-81.113 		6.498
v 152.9271 		-87.424 		12.255
v 153.8161 		-93.453 		14.066
v 115.8481 		-92.089 		14.187
v 199.8321 		-96.326 		6.542
v 116.4991 		-95.19 		12.942
v 200.2341 		-94.305 		6.542
v 200.3691 		-92.25 		6.542
v 200.2341 		-90.194 		6.542
v 199.8321 		-88.173 		6.542
v 199.1701 		-86.222 		6.542
v 198.2591 		-84.375 		6.542
v 117.1491 		-95 		12.752
v 154.2291 		-87.424 		12.255
v 115.7021 		-92.064 		13.998
v 115.7021 		-92.687 		13.874
v 116.9591 		-95.103 		12.855
v 115.6101 		-92.035 		13.778
v 182.1078 		-89.079 		6.498
v 182.2241 		-89.056 		6.498
v 154.0381 		-87.308 		12.344
v 153.1181 		-92.774 		14.2
v 182.6821 		-89.026 		6.498
v 183.1391 		-89.056 		6.498
v 183.5891 		-89.145 		6.498
v 184.0231 		-89.293 		6.498
v 184.4351 		-89.496 		6.498
v 153.1181 		-93.418 		13.981
v 184.8161 		-89.75 		6.498
v 116.7371 		-95.168 		12.92
v 115.6101 		-92.63 		13.66
v 185.9211 		-93.873 		6.498
v 152.9271 		-92.736 		14.058
v 153.8161 		-87.235 		12.4
v 185.7181 		-94.285 		6.498
v 185.4631 		-94.666 		6.498
v 152.9271 		-93.362 		13.846
v 115.5791 		-92.004 		13.542
v 117.2961 		-87.7267 		10.5
v 117.2444 		-87.7973 		10.5
v 186.1581 		-92.989 		6.498
v 186.0681 		-93.439 		6.498
v 115.5791 		-92.568 		13.43
v 185.1611 		-90.053 		6.498
v 185.4631 		-90.398 		6.498
v 185.7181 		-90.779 		6.498
v 152.7811 		-93.289 		13.67
v 185.9211 		-91.19 		6.498
v 154.4981 		-88.319 		12.292
v 186.0681 		-91.624 		6.498
v 186.1581 		-92.074 		6.498
v 186.1881 		-92.532 		6.498
v 154.4671 		-88.151 		12.46
v 117.3437 		-87.6046 		10.5
v 152.6891 		-93.204 		13.465
v 115.6101 		-87.586 		10.773
v 182.6821 		-96.038 		6.498
v 182.2241 		-96.008 		6.498
v 115.6101 		-91.973 		13.306
v 154.3751 		-87.994 		12.617
v 182.1041 		-95.984 		6.498
v 185.1611 		-95.011 		6.498
v 154.3751 		-88.472 		13.036
v 184.8161 		-95.313 		6.498
v 184.4351 		-95.568 		6.498
v 184.0231 		-95.771 		6.498
v 183.5891 		-95.918 		6.498
v 115.7021 		-88.019 		11.151
v 183.1391 		-96.008 		6.498
v 115.7021 		-87.791 		10.689
v 116.9591 		-91.43 		12.783
v 154.3751 		-93.859 		13.389
v 116.9591 		-90.959 		12.752
v 153.3401 		-96.008 		11.825
v 184.9481 		-92.81 		4.15
v 115.8481 		-88.184 		11.055
v 153.5781 		-96.035 		11.841
v 153.4943 		-96.1333 		11.617
v 153.5781 		-96.1456 		11.617
v 184.8891 		-93.106 		4.15
v 153.3401 		-96.1107 		11.617
v 153.3401 		-94.073 		13.76
v 153.5781 		-94.089 		13.787
v 117.1491 		-91.43 		12.929
v 153.2696 		-96.0782 		11.617
v 117.1491 		-90.94 		12.897
v 154.2291 		-95.802 		11.706
v 116.0391 		-88.31 		10.982
v 154.2291 		-95.8459 		11.617
v 154.0381 		-95.929 		11.779
v 116.4991 		-95.649 		12.419
v 153.8161 		-94.073 		13.76
v 116.2611 		-88.39 		10.936
v 154.1974 		-95.8729 		11.617
v 154.0381 		-96.0088 		11.617
v 153.8161 		-96.008 		11.825
v 117.2961 		-91.43 		13.12
v 115.7021 		-87.7267 		10.5
v 115.6617 		-87.6244 		10.5
v 117.2961 		-94.865 		12.617
v 153.3401 		-94.648 		13.376
v 153.5781 		-94.667 		13.401
v 153.3401 		-87.691 		12.92
v 153.5781 		-87.668 		12.942
v 153.8161 		-96.1107 		11.617
v 153.9754 		-96.0377 		11.617
v 117.1491 		-95.435 		12.255
v 153.7347 		-96.1226 		11.617
v 115.8481 		-87.9276 		10.5
v 115.8073 		-87.8714 		10.5
v 115.8481 		-87.967 		10.616
v 116.9591 		-95.551 		12.344
v 154.2291 		-87.859 		12.752
v 153.1181 		-95.929 		11.779
v 154.2291 		-88.356 		13.187
v 153.1181 		-96.0088 		11.617
v 154.2291 		-93.954 		13.554
v 116.7371 		-95.624 		12.4
v 152.9271 		-95.802 		11.706
v 116.0391 		-88.0817 		10.5
v 116.0111 		-88.059 		10.5
v 116.0391 		-88.102 		10.56
v 152.9271 		-95.8459 		11.617
v 154.0381 		-87.756 		12.855
v 153.0716 		-95.9692 		11.617
v 154.0381 		-94.027 		13.681
v 152.9075 		-95.8175 		11.617
v 116.2611 		-88.1788 		10.5
v 154.0381 		-94.592 		13.303
v 116.2481 		-88.1732 		10.5
v 116.2611 		-88.187 		10.524
v 162.1831 		-82.961 		10.5
v 162.1831 		-82.961 		6.498
v 153.8161 		-87.691 		12.92
v 153.8161 		-94.648 		13.376
v 184.7921 		-93.392 		4.15
v 162.1831 		-100.981 		10.5
v 162.1831 		-100.981 		6.498
v 184.6591 		-93.663 		4.15
v 184.4911 		-93.914 		4.15
v 162.1831 		-95.5574 		6.498
v 162.1831 		-95.5574 		8.577
v 184.2911 		-94.142 		4.15
v 171.3341 		-96.781 		8.577
v 172.1241 		-82.662 		0.002
v 171.9242 		-82.961 		0.002
v 184.0641 		-94.341 		4.15
v 153.1181 		-87.756 		12.855
v 183.8131 		-94.509 		4.15
v 183.5421 		-94.642 		4.15
v 183.2561 		-94.739 		4.15
v 171.9242 		-82.961 		6.498
v 172.1241 		-82.662 		6.498
v 183.1321 		-94.7637 		4.15
v 152.9271 		-87.859 		12.752
v 171.3261 		-88.249 		6.498
v 171.4461 		-89.744 		6.498
v 171.3261 		-88.249 		8.648
v 171.4461 		-89.744 		8.648
v 152.9271 		-88.356 		13.187
v 162.1831 		-88.9873 		6.498
v 162.1831 		-88.9873 		8.648
v 152.7811 		-87.994 		12.617
v 116.2611 		-90.061 		14.288
v 116.4991 		-90.053 		14.319
v 162.1831 		-94.0439 		6.498
v 171.5331 		-95.294 		6.498
v 162.1831 		-90.492 		6.498
v 162.1831 		-90.492 		8.648
v 162.1831 		-94.0439 		8.577
v 171.5331 		-95.294 		8.577
v 152.7811 		-88.472 		13.036
v 105.8551 		-100.981 		10.5
v 105.8551 		-100.981 		6.339
v 105.8551 		-95.9888 		6.339
v 152.6891 		-88.151 		12.46
v 105.8551 		-95.9888 		8.648
v 105.8551 		-94.4841 		6.339
v 105.8551 		-94.4841 		8.648
v 183.2561 		-90.277 		4.15
v 183.1321 		-90.2523 		4.15
v 116.7371 		-90.061 		14.288
v 105.8551 		-82.961 		10.5
v 105.8551 		-82.961 		6.339
v 183.5421 		-90.374 		4.15
v 152.6581 		-88.319 		12.292
v 105.8551 		-89.562 		6.339
v 105.8551 		-89.562 		8.577
v 183.8131 		-90.508 		4.15
v 96.0441 		-96.781 		6.339
v 95.9241 		-95.286 		6.339
v 96.0441 		-96.781 		8.648
v 95.9241 		-95.286 		8.648
v 184.0641 		-90.676 		4.15
v 105.8551 		-91.0754 		6.339
v 184.2911 		-90.875 		4.15
v 153.3401 		-86.544 		11.205
v 105.8551 		-91.0754 		8.577
v 153.5781 		-86.516 		11.217
v 184.4911 		-91.102 		4.15
v 184.6591 		-91.353 		4.15
v 184.7921 		-91.624 		4.15
v 116.4991 		-88.77 		13.787
v 153.8161 		-86.544 		11.205
v 116.4991 		-89.394 		14.095
v 184.8891 		-91.91 		4.15
v 117.2961 		-90.915 		13.086
v 184.9481 		-92.207 		4.15
v 184.9681 		-92.508 		4.15
v 153.3401 		-86.3121 		10.5
v 153.3577 		-86.3097 		10.5
v 153.3401 		-86.322 		10.55
v 153.5781 		-86.2804 		10.5
v 182.2241 		-89.056 		4.15
v 182.1078 		-89.079 		4.15
v 117.1491 		-89.497 		13.846
v 153.5781 		-86.292 		10.558
v 116.4991 		-91.43 		12.66
v 182.6821 		-89.026 		4.15
v 183.1391 		-89.056 		4.15
v 183.5891 		-89.145 		4.15
v 153.1181 		-86.4058 		10.5
v 153.1269 		-86.4021 		10.5
v 184.0231 		-89.293 		4.15
v 153.1181 		-86.411 		10.526
v 184.4351 		-89.496 		4.15
v 116.4991 		-90.975 		12.63
v 116.9591 		-89.441 		13.981
v 184.8161 		-89.75 		4.15
v 183.1321 		-89.079 		4.15
v 152.9874 		-86.5075 		10.5
v 116.7371 		-91.43 		12.691
v 116.7371 		-88.786 		13.76
v 116.7371 		-90.971 		12.661
v 185.9211 		-93.873 		4.15
v 185.7181 		-94.285 		4.15
v 185.4631 		-94.666 		4.15
v 154.0381 		-86.4058 		10.5
v 154.0453 		-86.4115 		10.5
v 154.1688 		-86.5075 		10.5
v 186.1581 		-92.989 		4.15
v 116.7371 		-89.406 		14.066
v 154.0381 		-86.411 		10.526
v 186.0681 		-93.439 		4.15
v 185.1611 		-90.053 		4.15
v 185.4631 		-90.398 		4.15
v 185.7181 		-90.779 		4.15
v 185.9211 		-91.19 		4.15
v 153.8161 		-86.3121 		10.5
v 153.8322 		-86.3188 		10.5
v 186.0681 		-91.624 		4.15
v 153.8161 		-86.322 		10.55
v 186.1581 		-92.074 		4.15
v 186.1881 		-92.532 		4.15
v 115.7021 		-91.43 		13.12
v 115.7021 		-90.915 		13.086
v 153.5982 		-86.2831 		10.5
v 117.2961 		-89 		13.389
v 117.2961 		-89.57 		13.67
v 115.8481 		-91.43 		12.929
v 154.4671 		-87.414 		11.5
v 182.6821 		-96.038 		4.15
v 182.2241 		-96.008 		4.15
v 115.8481 		-90.94 		12.897
v 182.1041 		-95.984 		4.15
v 185.1611 		-95.011 		4.15
v 117.1491 		-88.905 		13.554
v 184.8161 		-95.313 		4.15
v 184.4351 		-95.568 		4.15
v 154.3751 		-87.222 		11.611
v 184.0231 		-95.771 		4.15
v 183.5891 		-95.918 		4.15
v 183.1391 		-96.008 		4.15
v 183.1321 		-95.984 		4.15
v 116.0391 		-91.43 		12.783
v 116.9591 		-88.832 		13.681
v 116.0391 		-90.959 		12.752
v 153.3401 		-86.85 		11.825
v 153.5781 		-86.823 		11.841
v 176.1271 		-95.984 		6.498
v 116.2611 		-91.43 		12.691
v 176.1271 		-89.079 		6.498
v 116.2611 		-90.971 		12.661
v 115.5791 		-82.961 		10.5
v 115.5791 		-100.981 		0.002
v 116.2611 		-88.786 		13.76
v 116.2611 		-89.406 		14.066
v 154.2291 		-87.057 		11.706
v 117.3871 		-92.506 		13.2
v 116.0391 		-88.832 		13.681
v 116.2611 		-88.211 		13.376
v 116.4991 		-88.192 		13.401
v 154.0381 		-86.93 		11.779
v 116.0391 		-89.441 		13.981
v 153.8161 		-86.85 		11.825
v 116.0391 		-88.267 		13.303
v 115.8481 		-88.905 		13.554
v 115.8481 		-89.497 		13.846
v 153.1181 		-86.93 		11.779
v 152.9271 		-87.057 		11.706
v 115.7021 		-89 		13.389
v 152.7811 		-87.222 		11.611
v 116.9591 		-88.267 		13.303
v 115.7021 		-89.57 		13.67
v 116.7371 		-88.211 		13.376
v 152.6891 		-87.414 		11.5
v 154.4671 		-88.487 		12.123
v 154.4671 		-88.129 		11.714
v 154.4981 		-87.94 		11.859
v 154.4671 		-87.751 		12.004
v 154.3751 		-87.575 		12.139
v 154.3751 		-88.305 		11.579
v 154.4671 		-87.826 		11.262
v 154.4981 		-87.62 		11.381
v 154.0381 		-88.572 		11.374
v 154.2291 		-88.456 		11.463
v 152.7811 		-87.575 		12.139
v 152.6891 		-87.751 		12.004
v 152.6581 		-87.94 		11.859
v 152.6891 		-88.487 		12.123
v 152.6891 		-88.129 		11.714
v 152.6581 		-87.62 		11.381
v 152.6891 		-87.826 		11.262
v 152.7811 		-88.305 		11.579
v 152.9271 		-88.456 		11.463
v 153.1181 		-88.572 		11.374
v 154.4671 		-87.4932 		10.5
v 154.4794 		-87.3931 		10.5
v 154.4981 		-87.366 		10.865
v 154.4893 		-87.1711 		10.5
# 1554 vertices

g group_1_6383466

usemtl color_6383466
s 0

f 4228 	2824 	2823
f 2825 	2826 	2966
f 2832 	2827 	2831
f 2825 	2966 	2944
f 2828 	2831 	2827
f 2833 	2827 	2835
f 2832 	2835 	2827
f 2833 	2837 	2836
f 2837 	2833 	2835
f 2840 	2836 	2839
f 2837 	2839 	2836
f 2839 	2841 	2843
f 2839 	2843 	2840
f 2828 	2845 	2846
f 2828 	2846 	2831
f 2829 	2844 	3540
f 2855 	2836 	2849
f 2857 	2850 	2827
f 2828 	2827 	2850
f 2833 	2836 	2855
f 2855 	2857 	2833
f 2827 	2833 	2857
f 2851 	2845 	2850
f 2852 	2845 	2851
f 2828 	2850 	2845
f 2859 	3201 	2858
f 2860 	3199 	2859
f 2865 	2856 	2864
f 2865 	2864 	2862
f 3206 	3208 	2869
f 2862 	2861 	2865
f 2858 	3204 	2870
f 2863 	2959 	2853
f 2869 	2870 	3206
f 3204 	3206 	2870
f 2873 	3197 	2872
f 2874 	3194 	2873
f 2872 	3199 	2860
f 2963 	2959 	2863
f 3176 	3178 	2884
f 2879 	2880 	2881
f 2876 	2890 	2861
f 3170 	3172 	2887
f 2887 	2888 	3170
f 3122 	3170 	2888
f 2888 	2847 	3122
f 2843 	3122 	2847
f 2847 	2848 	2843
f 2840 	2843 	2848
f 2891 	2880 	2879
f 2836 	2840 	2849
f 2848 	2849 	2840
f 2890 	2876 	2889
f 2875 	3189 	2874
f 2882 	2883 	3180
f 2865 	2861 	2890
f 2885 	2886 	3174
f 2886 	2887 	3172
f 3172 	3174 	2886
f 3174 	3176 	2885
f 2884 	2885 	3176
f 2876 	4176 	2889
f 2895 	4284 	2896
f 2897 	2893 	2894
f 2897 	2894 	2898
f 3087 	3086 	2897
f 2896 	2890 	2889
f 2896 	2889 	2895
f 3205 	3203 	2933
f 2892 	2891 	2879
f 2899 	2897 	2898
f 2899 	2898 	2900
f 4337 	2890 	2896
f 3100 	3087 	2899
f 2900 	2901 	2902
f 2900 	2902 	2899
f 2901 	2904 	2905
f 2901 	2905 	2902
f 2902 	3100 	2899
f 2905 	3101 	2902
f 4333 	2891 	2892
f 2904 	2906 	2907
f 2904 	2907 	2905
f 2900 	2898 	3198
f 2906 	2909 	2910
f 2906 	2910 	2907
f 2909 	2912 	2913
f 2909 	2913 	2910
f 2913 	3104 	2910
f 2916 	2908 	2937
f 2922 	2911 	2914
f 2923 	2922 	2914
f 2925 	2917 	2918
f 2923 	2914 	4262
f 2925 	2918 	4303
f 2917 	2925 	3754
f 3186 	3184 	2909
f 2906 	2904 	3188
f 2944 	2871 	2825
f 2963 	2871 	2944
f 2927 	3212 	2928
f 2929 	2928 	3209
f 4275 	2931 	2908
f 3209 	3207 	2929
f 2932 	2929 	3207
f 2937 	3720 	2936
f 2894 	2893 	2934
f 2908 	2931 	2937
f 2933 	2932 	3205
f 3203 	3200 	2934
f 2916 	2937 	2936
f 2935 	3064 	2930
f 2927 	2928 	2938
f 2939 	2938 	2928
f 3064 	3047 	2930
f 2939 	3097 	2938
f 2941 	3720 	2940
f 2936 	3720 	2941
f 2942 	2939 	2928
f 2942 	2928 	2929
f 2949 	3064 	2935
f 2942 	3097 	2939
f 2941 	2940 	2921
f 2929 	2932 	2942
f 2943 	2942 	2932
f 2948 	2949 	2935
f 2921 	2916 	2941
f 2936 	2941 	2916
f 2933 	2945 	2932
f 2943 	2932 	2945
f 2933 	2953 	2945
f 2940 	3720 	2947
f 2940 	2947 	2921
f 2924 	2921 	2947
f 2933 	2934 	2953
f 3097 	2943 	2945
f 2947 	2946 	2924
f 2951 	2952 	3720
f 2946 	3720 	2952
f 2926 	3758 	2925
f 2946 	2952 	2924
f 2956 	2949 	2948
f 2954 	2956 	2948
f 2957 	2958 	4181
f 2853 	2959 	2954
f 2959 	4347 	2954
f 2956 	2954 	4347
f 2960 	2961 	4357
f 2957 	2961 	2958
f 2963 	2863 	2871
f 2854 	3283 	3279
f 2971 	2854 	2965
f 3283 	2854 	2971
f 2950 	2945 	2953
f 2966 	4335 	2944
f 2967 	3782 	2964
f 2968 	2966 	2826
f 2970 	2953 	2934
f 3085 	3095 	2970
f 3096 	3097 	2950
f 2893 	2970 	2934
f 2893 	3085 	2970
f 2912 	2975 	2913
f 2974 	2913 	2975
f 2976 	2971 	2965
f 2974 	3106 	2913
f 2972 	2973 	2968
f 2975 	2977 	2978
f 2975 	2978 	2974
f 2979 	2973 	2972
f 2977 	2980 	2981
f 2977 	2981 	2978
f 2989 	2961 	2957
f 2980 	2982 	2983
f 2980 	2983 	2981
f 3105 	3107 	2979
f 2957 	2987 	2989
f 2982 	2985 	2986
f 2982 	2986 	2983
f 2984 	2971 	2976
f 2826 	2834 	2968
f 2988 	2984 	2976
f 2842 	2972 	2834
f 2985 	2990 	2991
f 2985 	2991 	2986
f 2972 	2968 	2834
f 4371 	2989 	2987
f 2992 	2972 	2842
f 2982 	3173 	2985
f 2980 	3175 	2982
f 2990 	2994 	2995
f 2990 	2995 	2991
f 4373 	2989 	4371
f 2992 	2979 	2972
f 2923 	2993 	2922
f 3105 	2992 	2997
f 2994 	2998 	2999
f 2994 	2999 	2995
f 2979 	2992 	3105
f 2999 	3116 	2995
f 2990 	3169 	2994
f 2985 	3171 	2990
f 2998 	3000 	3002
f 2998 	3002 	2999
f 3267 	2984 	2988
f 2994 	3121 	2998
f 3795 	3782 	2967
f 2967 	3001 	3795
f 3004 	3124 	2997
f 3007 	3008 	3028
f 3010 	3001 	2969
f 2832 	2831 	3006
f 3015 	3077 	4328
f 3012 	3014 	3013
f 3065 	4328 	3077
f 3121 	2841 	2998
f 3015 	3013 	3017
f 3014 	3017 	3013
f 3009 	3003 	3049
f 3019 	3021 	3017
f 2835 	3020 	2837
f 3035 	3036 	3023
f 3022 	3009 	3060
f 3023 	3006 	3035
f 3020 	2835 	3023
f 3014 	3019 	3017
f 3025 	3006 	3024
f 3007 	3024 	3006
f 3028 	3024 	3007
f 3031 	3033 	3032
f 4360 	3022 	3026
f 3012 	4328 	3032
f 3012 	3032 	3014
f 3033 	3014 	3032
f 3002 	3000 	3016
f 3020 	3046 	3016
f 3033 	3462 	3014
f 3046 	3020 	3036
f 3020 	3023 	3036
f 3037 	4181 	3045
f 3031 	4328 	3039
f 3073 	3052 	3036
f 3039 	3033 	3031
f 3059 	4181 	3058
f 3006 	3025 	3035
f 3464 	3462 	3033
f 3039 	3464 	3033
f 3016 	3042 	3002
f 3038 	3037 	3040
f 3069 	3057 	3042
f 3041 	3027 	3030
f 3045 	4181 	3044
f 3046 	3042 	3016
f 3003 	2996 	3040
f 3046 	3052 	3069
f 3047 	3041 	3030
f 3051 	3951 	3050
f 3036 	3052 	3046
f 3050 	3053 	3051
f 3073 	3069 	3052
f 3044 	3049 	3045
f 3042 	3046 	3069
f 3048 	3053 	3050
f 3049 	3003 	3040
f 3055 	2847 	3116
f 3056 	2848 	2847
f 3056 	2847 	3055
f 3037 	3045 	3040
f 3049 	3040 	3045
f 3057 	2849 	2848
f 3057 	2848 	3056
f 3069 	2849 	3057
f 3044 	4181 	3059
f 3071 	4181 	3070
f 3061 	2851 	2850
f 3061 	2850 	3062
f 3009 	3049 	3060
f 2851 	3061 	3063
f 2851 	3063 	2852
f 3044 	3059 	3049
f 3060 	3049 	3059
f 3710 	3043 	3054
f 3050 	3951 	3048
f 3058 	3060 	3059
f 3047 	3067 	3041
f 3048 	3066 	3053
f 3068 	3053 	3066
f 3069 	2855 	2849
f 3058 	4181 	3071
f 3072 	2857 	2855
f 3072 	2855 	3069
f 3075 	3053 	3068
f 2857 	3072 	2850
f 3062 	2850 	3072
f 3064 	3067 	3047
f 3029 	3011 	3018
f 3065 	3068 	3066
f 3073 	3063 	3061
f 3073 	3061 	3062
f 3073 	3062 	3072
f 3074 	3029 	3018
f 3065 	3077 	3068
f 3017 	3068 	3077
f 3017 	3077 	3015
f 3017 	3021 	3068
f 3021 	3075 	3068
f 3057 	3056 	3002
f 3055 	2999 	3056
f 3116 	2999 	3055
f 3002 	3056 	2999
f 3093 	3089 	3078
f 3072 	3069 	3073
f 3002 	3042 	3057
f 3036 	3035 	3082
f 3035 	3025 	3082
f 3082 	3025 	3024
f 3496 	3082 	3028
f 3007 	3006 	2846
f 3006 	3023 	2832
f 3029 	3784 	3772
f 3082 	3496 	3063
f 3073 	3082 	3063
f 3036 	3082 	3073
f 3074 	3078 	3083
f 3000 	2839 	3016
f 2832 	3023 	2835
f 3016 	2837 	3020
f 3083 	3784 	3029
f 2858 	3095 	3085
f 3083 	3029 	3074
f 2858 	3085 	3086
f 2858 	3086 	2859
f 2859 	3086 	3087
f 2859 	3087 	2860
f 3088 	3084 	3119
f 2860 	3087 	3100
f 2866 	3090 	3091
f 2866 	3091 	2867
f 3027 	3084 	3088
f 3089 	3083 	3078
f 2867 	3091 	3092
f 2867 	3092 	2868
f 3094 	2869 	3092
f 2868 	3092 	2869
f 2869 	3094 	3095
f 2869 	3095 	2870
f 2911 	3089 	3093
f 2870 	3095 	2858
f 3092 	3091 	3096
f 3090 	3096 	3091
f 2914 	2911 	3093
f 3085 	2893 	3086
f 2893 	2897 	3086
f 2897 	2899 	3087
f 2907 	3102 	2905
f 2910 	3103 	2907
f 3094 	3096 	3095
f 3092 	3096 	3094
f 3096 	2950 	3095
f 2953 	3095 	2950
f 2953 	2970 	3095
f 3030 	3027 	3088
f 2942 	2943 	3097
f 3030 	3088 	3125
f 3096 	3090 	3097
f 2945 	2950 	3097
f 2894 	2934 	3200
f 2934 	2933 	3203
f 3207 	3205 	2932
f 3099 	3317 	3098
f 3100 	2872 	2860
f 3101 	2873 	2872
f 3101 	2872 	3100
f 3102 	2874 	2873
f 3102 	2873 	3101
f 3098 	3130 	3099
f 3103 	2875 	2874
f 3103 	2874 	3102
f 3104 	2877 	2875
f 3104 	2875 	3103
f 3106 	2878 	2877
f 3106 	2877 	3104
f 3108 	2882 	3106
f 2878 	3106 	2882
f 3110 	2883 	2882
f 3110 	2882 	3108
f 3111 	2884 	2883
f 3111 	2883 	3110
f 3112 	2885 	2884
f 3112 	2884 	3111
f 3113 	2886 	2885
f 3113 	2885 	3112
f 3115 	2887 	2886
f 3115 	2886 	3113
f 3116 	2888 	2887
f 3116 	2887 	3115
f 3124 	3117 	3105
f 2847 	2888 	3116
f 3117 	3107 	3105
f 3119 	3109 	3114
f 3104 	2913 	3106
f 3102 	2907 	3103
f 3101 	2905 	3102
f 3100 	2902 	3101
f 3104 	3103 	2910
f 3080 	3109 	3119
f 3112 	3111 	2983
f 2981 	2983 	3111
f 2983 	2986 	3112
f 3110 	2981 	3111
f 3108 	2978 	3110
f 3106 	2974 	3108
f 2978 	3108 	2974
f 2981 	3110 	2978
f 3113 	3112 	2986
f 2986 	2991 	3113
f 3115 	3113 	2991
f 3116 	3115 	2991
f 2991 	2995 	3116
f 2839 	3000 	2841
f 2998 	2841 	3000
f 2977 	3177 	2980
f 3179 	3177 	2977
f 3179 	2977 	2975
f 2912 	3183 	2975
f 3196 	3193 	2901
f 3120 	3119 	3114
f 2898 	2894 	3200
f 3080 	3119 	3084
f 3122 	2843 	3121
f 2841 	3121 	2843
f 3060 	3123 	3022
f 3070 	3123 	3071
f 3088 	3119 	3120
f 3105 	2997 	3124
f 3058 	3071 	3060
f 3123 	3060 	3071
f 3125 	3088 	3120
f 3070 	4181 	3127
f 3126 	3127 	4181
f 3128 	3026 	3123
f 3026 	3022 	3123
f 3129 	3118 	3124
f 3118 	3117 	3124
f 3070 	3127 	3123
f 3128 	3123 	3127
f 3004 	3129 	3124
f 3126 	3128 	3127
f 2958 	3126 	4181
f 3026 	3128 	2960
f 2960 	3128 	2961
f 3135 	3099 	3130
f 3118 	3129 	3132
f 3128 	3126 	2961
f 2958 	2961 	3126
f 3135 	3130 	3131
f 3133 	3132 	3129
f 2951 	3134 	2952
f 3134 	4367 	2924
f 3134 	2924 	2952
f 3137 	3135 	3131
f 3139 	3720 	3138
f 3136 	3133 	3147
f 3099 	3135 	3109
f 3136 	3132 	3133
f 3109 	3135 	3114
f 3135 	3137 	3114
f 3141 	3145 	3140
f 3138 	3141 	3139
f 2951 	3720 	3139
f 3140 	3134 	3141
f 3120 	3114 	3355
f 4367 	3134 	3140
f 3120 	3355 	3358
f 2951 	3139 	3134
f 3141 	3134 	3139
f 3133 	3129 	3385
f 3143 	2915 	3142
f 3151 	3145 	3141
f 3147 	3133 	3144
f 3143 	3084 	3027
f 2915 	3143 	3146
f 3148 	3147 	3144
f 3041 	3146 	3027
f 3138 	3150 	3141
f 3146 	3143 	3027
f 3151 	3141 	3150
f 3720 	4181 	3231
f 3150 	3720 	3149
f 3138 	3720 	3150
f 3043 	3696 	3054
f 3154 	3153 	3054
f 3079 	3988 	3986
f 3154 	3054 	3707
f 3161 	3159 	3154
f 3159 	3728 	3153
f 3162 	3160 	3158
f 3159 	3153 	3154
f 3160 	3156 	3158
f 3143 	3142 	3157
f 3161 	2854 	3159
f 3142 	3155 	3157
f 3143 	3157 	3084
f 2965 	2854 	3161
f 3168 	3160 	3162
f 3165 	3168 	3162
f 3121 	3169 	3170
f 3121 	3170 	3122
f 3169 	3171 	3172
f 3169 	3172 	3170
f 3171 	3173 	3174
f 3171 	3174 	3172
f 3173 	3175 	3176
f 3173 	3176 	3174
f 3175 	3177 	3178
f 3175 	3178 	3176
f 3177 	3179 	3180
f 3177 	3180 	3178
f 3182 	3180 	3179
f 3182 	3179 	3183
f 3183 	3184 	3185
f 3183 	3185 	3182
f 3184 	3186 	3187
f 3184 	3187 	3185
f 3186 	3188 	3189
f 3186 	3189 	3187
f 3191 	3190 	3164
f 2883 	2884 	3178
f 3178 	3180 	2883
f 2878 	2882 	3182
f 3185 	3187 	2877
f 3194 	2874 	3189
f 3182 	3185 	2878
f 2877 	2878 	3185
f 2875 	2877 	3187
f 3189 	2875 	3187
f 3192 	3147 	3148
f 3190 	3166 	3164
f 3175 	2980 	3177
f 3173 	2982 	3175
f 3171 	2985 	3173
f 3169 	2990 	3171
f 3121 	2994 	3169
f 2837 	3016 	2839
f 2912 	2909 	3184
f 3184 	3183 	2912
f 3179 	2975 	3183
f 3194 	3189 	3193
f 3188 	3193 	3189
f 3195 	3192 	3148
f 3193 	3196 	3197
f 3193 	3197 	3194
f 3196 	3198 	3199
f 3196 	3199 	3197
f 3198 	3200 	3201
f 3198 	3201 	3199
f 3200 	3203 	3204
f 3200 	3204 	3201
f 3203 	3205 	3206
f 3203 	3206 	3204
f 3205 	3207 	3208
f 3205 	3208 	3206
f 3207 	3209 	3210
f 3207 	3210 	3208
f 3211 	3210 	3209
f 3211 	3209 	3212
f 3180 	3182 	2882
f 3197 	2873 	3194
f 3199 	2872 	3197
f 3201 	2859 	3199
f 3204 	2858 	3201
f 2868 	3210 	2867
f 2869 	3208 	2868
f 3210 	2868 	3208
f 3211 	2867 	3210
f 3181 	3221 	3152
f 3200 	3198 	2898
f 3198 	3196 	2900
f 2901 	2900 	3196
f 2904 	2901 	3193
f 3193 	3188 	2904
f 3188 	3186 	2906
f 2909 	2906 	3186
f 2824 	2846 	2845
f 2824 	2845 	2823
f 2821 	3211 	3212
f 2821 	3212 	2822
f 2920 	3214 	3215
f 3222 	3145 	3151
f 2852 	3216 	2845
f 3216 	3218 	2845
f 3217 	3218 	3216
f 2823 	2845 	3218
f 2823 	3218 	4228
f 2866 	2867 	3211
f 3150 	3149 	3151
f 3109 	3202 	3099
f 3216 	3219 	3217
f 2866 	3211 	3219
f 2821 	4234 	3211
f 3220 	3224 	3165
f 3224 	3168 	3165
f 3246 	3212 	3225
f 3151 	3235 	3222
f 3224 	3353 	3168
f 3225 	3212 	2927
f 3229 	3214 	2920
f 3213 	3227 	3191
f 3228 	3274 	3192
f 3227 	3609 	3190
f 3226 	3229 	2920
f 3228 	3192 	3195
f 3230 	3232 	3253
f 3233 	3720 	3231
f 3190 	3191 	3227
f 3234 	3223 	3434
f 3232 	3236 	3253
f 3368 	3223 	3234
f 2996 	3222 	3235
f 3231 	3235 	3233
f 3240 	3733 	3227
f 3098 	3264 	3130
f 3149 	3720 	3233
f 3238 	3242 	3285
f 3237 	4329 	3238
f 3236 	4329 	3237
f 3244 	3240 	3213
f 3241 	3243 	3220
f 3242 	3245 	3285
f 3238 	4329 	3242
f 3235 	3151 	3233
f 3149 	3233 	3151
f 3243 	3224 	3220
f 3245 	3246 	3288
f 3350 	3223 	3368
f 3239 	3627 	3226
f 3242 	4329 	3245
f 3040 	2996 	3235
f 3240 	3227 	3213
f 3246 	3225 	3288
f 3245 	3212 	3246
f 3221 	3181 	3202
f 3231 	3038 	3235
f 3040 	3235 	3038
f 3248 	3288 	3225
f 3735 	3733 	3240
f 3652 	3654 	3229
f 3959 	3243 	3241
f 3080 	3221 	3202
f 3225 	2927 	3248
f 2938 	3248 	2927
f 3157 	3155 	3221
f 2853 	3234 	3247
f 3155 	3152 	3221
f 2853 	3368 	3234
f 3306 	3230 	3251
f 3631 	3627 	3239
f 3109 	3080 	3202
f 3157 	3080 	3084
f 3230 	3253 	3251
f 3157 	3221 	3080
f 3256 	3253 	3236
f 3255 	3452 	3457
f 3252 	3240 	3244
f 3258 	3252 	3244
f 3452 	3255 	3247
f 2863 	2853 	3247
f 3697 	3252 	3701
f 3255 	2863 	3247
f 3258 	3244 	3748
f 3258 	3701 	3252
f 3701 	3258 	3034
f 3264 	3228 	3195
f 3098 	3228 	3264
f 3264 	3195 	3405
f 3259 	3254 	3268
f 3255 	3262 	2871
f 2971 	2984 	3296
f 2871 	2863 	3255
f 3283 	2971 	3296
f 3075 	3021 	3081
f 3075 	3081 	3262
f 2825 	2871 	3262
f 3130 	3264 	3266
f 3267 	3270 	2984
f 2825 	3262 	3081
f 3269 	3260 	3261
f 3271 	3081 	3021
f 3272 	3269 	3261
f 3270 	3296 	2984
f 3271 	3021 	3019
f 3266 	3131 	3130
f 3265 	3268 	3254
f 2826 	3081 	3271
f 3275 	3270 	3267
f 3275 	3624 	3270
f 3624 	3313 	3270
f 3278 	3269 	3272
f 3280 	3268 	3265
f 3277 	3257 	3163
f 3159 	2854 	3279
f 3276 	3280 	3265
f 3167 	3277 	3163
f 3236 	3237 	3256
f 3281 	3256 	3237
f 3253 	3504 	3251
f 3282 	3281 	3237
f 3282 	3237 	3238
f 3379 	3268 	3280
f 3238 	3285 	3282
f 3287 	3285 	3245
f 3287 	3504 	3285
f 3245 	3288 	3287
f 3288 	3248 	3504
f 3181 	3284 	3167
f 3282 	3285 	3504
f 3287 	3288 	3504
f 3028 	3008 	3290
f 3289 	3271 	3019
f 3292 	3294 	3326
f 3008 	3007 	2846
f 2834 	2826 	3271
f 3284 	3277 	3167
f 3294 	3292 	2846
f 3290 	3008 	2846
f 3292 	3290 	2846
f 3295 	3294 	2846
f 3289 	2834 	3271
f 3181 	3152 	3284
f 3295 	2846 	3298
f 3303 	3304 	3485
f 3301 	3299 	4329
f 3485 	3304 	3306
f 3276 	3297 	3305
f 3296 	3291 	3283
f 3303 	4329 	3304
f 3313 	3947 	3291
f 3306 	4329 	3230
f 3302 	2842 	3289
f 3290 	3308 	3028
f 2842 	2834 	3289
f 3305 	3280 	3276
f 3107 	3117 	3307
f 3163 	3274 	3311
f 3312 	3501 	3300
f 3313 	3291 	3296
f 3312 	3300 	3781
f 2842 	3302 	3371
f 3307 	3010 	2969
f 3228 	3311 	3274
f 3163 	3311 	3167
f 3313 	3296 	3270
f 3228 	3098 	3311
f 3316 	3314 	3307
f 3317 	3167 	3311
f 3315 	3312 	3781
f 3010 	3307 	3314
f 3315 	3781 	3784
f 3261 	3260 	3315
f 3260 	3312 	3315
f 3318 	3305 	3297
f 3321 	3318 	3297
f 3098 	3317 	3311
f 3316 	3307 	3117
f 3323 	3324 	3325
f 3308 	3290 	3326
f 3308 	3496 	3028
f 3326 	3290 	3292
f 3294 	3327 	3326
f 3295 	3328 	3327
f 3295 	3327 	3294
f 3327 	3496 	3326
f 3295 	3298 	3328
f 3329 	3328 	3298
f 3320 	3324 	3323
f 3331 	3329 	3298
f 3331 	3298 	3299
f 3030 	3330 	3047
f 3299 	3301 	3331
f 3332 	3331 	3301
f 3332 	3496 	3331
f 3202 	3181 	3317
f 3181 	3167 	3317
f 3321 	3580 	3318
f 3047 	3330 	2930
f 3317 	3099 	3202
f 2930 	3330 	3334
f 3447 	3399 	3337
f 3343 	2930 	3334
f 3339 	3309 	3273
f 3342 	3340 	3335
f 3343 	3334 	3336
f 3344 	3412 	3339
f 3342 	3335 	3156
f 3345 	3343 	3336
f 3389 	3341 	3352
f 3338 	3352 	3341
f 2935 	2930 	3343
f 3160 	3342 	3156
f 3168 	3346 	3160
f 3350 	2935 	3343
f 3160 	3346 	3342
f 3345 	3336 	3723
f 3342 	3349 	3340
f 3223 	3350 	3345
f 3350 	3343 	3345
f 3346 	3349 	3342
f 3168 	3353 	3346
f 3131 	3266 	4137
f 3355 	3114 	3137
f 3323 	3325 	3347
f 3346 	3356 	3349
f 3325 	3351 	3347
f 3355 	3137 	3888
f 3346 	3353 	3356
f 3323 	3957 	3320
f 3538 	3505 	3354
f 3358 	3125 	3120
f 3359 	3538 	3354
f 3330 	3030 	3125
f 3339 	3273 	3360
f 3333 	3332 	3301
f 3333 	3301 	3303
f 3331 	3496 	3329
f 3125 	3358 	3361
f 3344 	3339 	3360
f 3363 	3344 	3360
f 3361 	3358 	3934
f 3365 	3353 	3224
f 3347 	3351 	3363
f 3529 	3322 	3364
f 3243 	3365 	3224
f 3344 	3363 	3351
f 3334 	3330 	3361
f 3336 	3334 	3946
f 3330 	3125 	3361
f 3076 	3365 	3243
f 3410 	3312 	3260
f 3336 	3946 	3948
f 3269 	3278 	3366
f 3350 	3368 	2948
f 2948 	2935 	3350
f 3370 	3324 	3320
f 2853 	2954 	3368
f 2954 	2948 	3368
f 3367 	3370 	3320
f 3310 	3371 	3302
f 3268 	3373 	3259
f 3278 	3372 	3366
f 3259 	3373 	3369
f 3373 	3375 	3369
f 3372 	3278 	3286
f 2992 	2842 	3371
f 3310 	3376 	3371
f 3374 	3377 	3367
f 2997 	3371 	3376
f 3319 	3376 	3310
f 3377 	3370 	3367
f 3268 	3379 	3373
f 3371 	2997 	2992
f 3429 	3426 	3370
f 3383 	3373 	3379
f 3370 	3377 	3429
f 3378 	3372 	3286
f 3380 	3376 	3319
f 3378 	3364 	3322
f 3386 	3379 	3280
f 3378 	3843 	3364
f 3382 	3377 	3374
f 3374 	3381 	3382
f 3380 	3004 	3376
f 3383 	3375 	3373
f 3384 	3359 	3357
f 3004 	2997 	3376
f 3385 	3129 	3004
f 3362 	3384 	3357
f 3382 	3437 	3377
f 3387 	3385 	3380
f 3437 	3429 	3377
f 3280 	3305 	3386
f 3385 	3004 	3380
f 3440 	3382 	3381
f 3379 	3386 	3388
f 3144 	3133 	3385
f 3389 	3362 	3341
f 3379 	3388 	3383
f 3389 	3384 	3362
f 3144 	3387 	3400
f 3385 	3387 	3144
f 3390 	3162 	3751
f 3389 	3562 	3384
f 3158 	3751 	3162
f 3165 	3162 	3390
f 3118 	3316 	3117
f 3391 	3380 	3319
f 3318 	3392 	3305
f 3314 	3316 	3395
f 3397 	3395 	3316
f 3394 	3165 	3390
f 3392 	3386 	3305
f 3380 	3391 	3387
f 3387 	3391 	3396
f 3740 	3737 	3392
f 3393 	3398 	3394
f 3399 	3338 	3337
f 3393 	3309 	3398
f 3399 	3352 	3338
f 3220 	3394 	3398
f 3148 	3144 	3400
f 3400 	3387 	3396
f 3220 	3165 	3394
f 3402 	3401 	3453
f 3400 	3404 	3148
f 3408 	3398 	3309
f 3156 	3335 	3401
f 3402 	3156 	3401
f 3397 	3316 	3118
f 3403 	3395 	3397
f 3398 	3241 	3220
f 3406 	3403 	3397
f 3250 	3325 	3249
f 3158 	3156 	3402
f 3404 	3195 	3148
f 3249 	3325 	3324
f 3118 	3132 	3397
f 3195 	3404 	3405
f 3426 	3249 	3324
f 3406 	3397 	3132
f 3405 	3404 	4120
f 3413 	3403 	3406
f 3339 	3408 	3309
f 3266 	3264 	3405
f 3132 	3136 	3406
f 3398 	3408 	3241
f 3266 	4132 	4137
f 3339 	3412 	3408
f 3416 	3411 	3410
f 3952 	3408 	3412
f 3417 	3418 	3416
f 3417 	3416 	3410
f 3424 	3418 	3417
f 3423 	3413 	3414
f 3412 	3344 	3263
f 3503 	3510 	3424
f 3419 	3414 	3136
f 3263 	3965 	3412
f 3414 	3413 	3406
f 3269 	3417 	3260
f 3415 	3421 	3422
f 3351 	3263 	3344
f 3414 	3406 	3136
f 3965 	3952 	3412
f 3410 	3260 	3417
f 3421 	3420 	3422
f 3250 	3351 	3325
f 3250 	3263 	3351
f 3422 	3223 	3345
f 3414 	3431 	3423
f 3417 	3366 	3424
f 3424 	3366 	3425
f 3426 	3324 	3370
f 3493 	3497 	3433
f 3431 	3257 	3423
f 3269 	3366 	3417
f 3431 	3414 	3419
f 3419 	3136 	3147
f 3444 	3951 	3451
f 3444 	3445 	3951
f 3372 	3427 	3428
f 3372 	3428 	3366
f 3978 	3249 	3426
f 3192 	3419 	3147
f 3425 	3366 	3428
f 3432 	3951 	3430
f 3429 	3254 	3426
f 3427 	3372 	3433
f 3430 	3434 	3432
f 3378 	3435 	3433
f 3378 	3433 	3372
f 3431 	3419 	3274
f 3422 	3420 	3434
f 3434 	3420 	3432
f 3163 	3257 	3431
f 3223 	3422 	3434
f 3322 	3436 	3378
f 3435 	3378 	3436
f 3192 	3274 	3419
f 3163 	3431 	3274
f 3497 	3494 	3428
f 3491 	3493 	3433
f 3490 	3491 	3433
f 3435 	3490 	3433
f 3436 	3490 	3435
f 3265 	3254 	3429
f 3430 	3446 	3434
f 3437 	3265 	3429
f 3441 	3382 	3440
f 3409 	3407 	3488
f 3451 	3951 	3450
f 4328 	3048 	3951
f 3430 	3951 	3445
f 3441 	3437 	3382
f 3446 	3430 	3445
f 3276 	3265 	3437
f 3445 	3444 	3446
f 3449 	3407 	3409
f 3276 	3437 	3441
f 3234 	3434 	3446
f 3448 	3441 	3440
f 3443 	3447 	3337
f 3450 	3951 	3455
f 3455 	3951 	3051
f 3450 	3452 	3451
f 3447 	3585 	3399
f 3449 	3689 	3407
f 3574 	3399 	3585
f 3452 	3446 	3444
f 3452 	3444 	3451
f 3247 	3234 	3446
f 3446 	3452 	3247
f 3441 	3448 	3297
f 3297 	3276 	3441
f 3453 	3401 	3449
f 3321 	3297 	3448
f 3453 	3449 	3409
f 3454 	3456 	3443
f 3455 	3051 	3457
f 3053 	3457 	3051
f 3457 	3452 	3450
f 3457 	3450 	3455
f 3456 	3447 	3443
f 3642 	3585 	3447
f 3447 	3456 	3642
f 3053 	3075 	3457
f 3262 	3255 	3457
f 3454 	3460 	3456
f 3075 	3262 	3457
f 3462 	3019 	3014
f 3462 	3289 	3019
f 3466 	3460 	4060
f 3462 	3302 	3289
f 3442 	3467 	3490
f 3302 	3462 	3464
f 2955 	3470 	3465
f 3470 	3472 	3465
f 3469 	3310 	3464
f 3472 	3468 	3465
f 3310 	3302 	3464
f 3713 	3468 	3472
f 3469 	3633 	3473
f 3439 	3472 	3470
f 3319 	3469 	3473
f 3319 	3310 	3469
f 3438 	3439 	3470
f 3475 	3494 	3471
f 3439 	3600 	3472
f 3479 	3459 	3461
f 3475 	3471 	4036
f 4036 	3293 	3475
f 3391 	3473 	3474
f 3478 	3438 	3477
f 3391 	3319 	3473
f 3478 	3439 	3438
f 3482 	3479 	3461
f 3478 	3477 	3483
f 3481 	3483 	3477
f 3293 	3300 	3480
f 3498 	3475 	3499
f 4328 	4227 	3039
f 3293 	3480 	3475
f 3303 	3485 	3333
f 3486 	3485 	3306
f 3485 	3496 	3333
f 3486 	3496 	3485
f 3501 	3480 	3300
f 3251 	3486 	3306
f 3312 	3410 	3501
f 3574 	3476 	3352
f 3773 	3640 	3775
f 3326 	3496 	3308
f 3328 	3496 	3327
f 3024 	3028 	3082
f 3329 	3496 	3328
f 3333 	3496 	3332
f 3463 	3393 	3760
f 3496 	3216 	3063
f 2846 	3006 	2831
f 3491 	3490 	3467
f 3427 	3433 	3497
f 2852 	3063 	3216
f 3471 	3493 	3467
f 3491 	3467 	3493
f 3216 	3496 	3219
f 3471 	3494 	3497
f 3251 	3504 	3486
f 3281 	3504 	3256
f 3253 	3256 	3504
f 3282 	3504 	3281
f 3496 	3486 	3504
f 3497 	3493 	3471
f 3232 	4329 	3236
f 3306 	3304 	4329
f 3303 	3301 	4329
f 3232 	3230 	4329
f 3475 	3498 	3494
f 3299 	3298 	4329
f 3504 	3219 	3496
f 3393 	3463 	3495
f 3219 	3090 	2866
f 3480 	3499 	3475
f 3503 	3480 	3502
f 3501 	3502 	3480
f 3248 	2938 	3504
f 3097 	3504 	2938
f 3503 	3499 	3480
f 3097 	3090 	3504
f 3219 	3504 	3090
f 3209 	2928 	3212
f 3653 	3647 	3500
f 3503 	3424 	3499
f 3502 	3510 	3503
f 4329 	3212 	3245
f 3506 	3507 	3218
f 3506 	3218 	3217
f 3418 	3424 	3416
f 3500 	4173 	3653
f 3410 	3411 	3510
f 3410 	3510 	3501
f 3510 	3502 	3501
f 3513 	4018 	3512
f 3411 	3416 	3510
f 3495 	3492 	3273
f 3514 	3515 	3512
f 3516 	2830 	2829
f 3513 	3512 	3515
f 3509 	3508 	3515
f 3513 	3515 	3508
f 3517 	3518 	3519
f 3494 	3498 	3428
f 3428 	3427 	3497
f 3425 	3428 	3498
f 3424 	3425 	3498
f 3510 	3416 	3424
f 3498 	3499 	3424
f 3512 	3511 	3518
f 3517 	3514 	3518
f 3512 	3518 	3514
f 3516 	2838 	2830
f 3519 	3520 	3521
f 3519 	3521 	3517
f 3520 	3523 	3524
f 3520 	3524 	3521
f 3505 	3348 	3354
f 3523 	3525 	3526
f 3523 	3526 	3524
f 3525 	3527 	3528
f 3525 	3528 	3526
f 3529 	3530 	3531
f 3527 	3532 	3533
f 3527 	3533 	3528
f 3534 	3533 	3532
f 3534 	3532 	3535
f 3531 	3522 	3322
f 3535 	3536 	3537
f 3535 	3537 	3534
f 3536 	3539 	3541
f 3536 	3541 	3537
f 2829 	3540 	3516
f 3531 	3530 	3776
f 3544 	3776 	3530
f 3529 	3531 	3322
f 4108 	4109 	3520
f 3519 	4108 	3520
f 3518 	4106 	3519
f 3522 	3531 	3776
f 3526 	3528 	3767
f 3769 	3767 	3528
f 3528 	3533 	3769
f 3643 	3769 	3533
f 3534 	3643 	3533
f 3537 	3644 	3534
f 3543 	3359 	3384
f 3544 	3530 	3529
f 3544 	3545 	3661
f 3359 	3543 	3538
f 3548 	3541 	3547
f 3539 	3547 	3541
f 3547 	3549 	3550
f 3547 	3550 	3548
f 3542 	3545 	3544
f 3542 	3544 	3529
f 3549 	3552 	3553
f 3549 	3553 	3550
f 3552 	3554 	3556
f 3552 	3556 	3553
f 3555 	3540 	2844
f 3554 	3557 	3558
f 3554 	3558 	3556
f 3565 	3545 	3542
f 3273 	3309 	3495
f 3549 	4105 	3552
f 3547 	4105 	3549
f 3539 	4105 	3547
f 3536 	4105 	3539
f 2844 	3546 	3555
f 3309 	3393 	3495
f 3616 	3614 	3550
f 3550 	3553 	3616
f 3556 	3617 	3553
f 3565 	3661 	3545
f 3558 	3557 	4182
f 3543 	3551 	3538
f 3560 	3508 	3559
f 3509 	3606 	3508
f 3436 	3322 	3522
f 3562 	3543 	3384
f 3563 	4017 	3513
f 3564 	4017 	3563
f 3561 	3566 	3565
f 3561 	3565 	3542
f 3567 	3543 	3562
f 3543 	3567 	3551
f 3566 	3561 	3568
f 3790 	3568 	3561
f 3487 	3479 	3482
f 3559 	3607 	3564
f 3564 	3563 	3560
f 3564 	3560 	3559
f 3476 	3562 	3389
f 3563 	3513 	3508
f 3563 	3508 	3560
f 3476 	3489 	3562
f 4109 	4110 	3523
f 3555 	3569 	3540
f 3476 	3389 	3352
f 3487 	3482 	3488
f 3546 	3570 	3555
f 3562 	3489 	3567
f 3554 	4324 	3557
f 3552 	4324 	3554
f 3557 	3571 	4182
f 4185 	4182 	3571
f 3488 	3482 	3842
f 3166 	3570 	3546
f 3407 	3487 	3488
f 3601 	3509 	3575
f 3574 	3352 	3399
f 3570 	3572 	3555
f 3578 	3489 	3476
f 3577 	4018 	3579
f 4017 	3575 	3579
f 3573 	3579 	3575
f 3476 	3574 	3578
f 4017 	3601 	3575
f 3569 	3555 	3572
f 3591 	3578 	3574
f 3583 	3580 	3321
f 3588 	3589 	3869
f 3589 	3590 	3870
f 3874 	3870 	3590
f 3876 	3874 	3576
f 3577 	3876 	3576
f 3585 	3591 	3574
f 3583 	3321 	3877
f 3360 	3273 	4107
f 4045 	3594 	4189
f 3583 	3597 	3596
f 3592 	3570 	3166
f 3599 	3600 	3439
f 3596 	3580 	3583
f 3603 	3509 	3602
f 3604 	3509 	3603
f 3605 	3509 	3604
f 3606 	3509 	3605
f 3607 	3508 	3606
f 3559 	3508 	3607
f 3601 	3602 	3509
f 3573 	3575 	3509
f 3592 	3166 	3190
f 3602 	4054 	3603
f 4054 	3604 	3603
f 3662 	3660 	3515
f 3190 	3609 	3592
f 3579 	3573 	3515
f 3509 	3515 	3573
f 3612 	3458 	3608
f 3227 	3733 	3609
f 3613 	3610 	3611
f 3613 	3611 	3614
f 3615 	3613 	3614
f 3615 	3614 	3616
f 3613 	4012 	3610
f 3458 	3598 	3608
f 3541 	3548 	3611
f 3616 	3617 	3618
f 3616 	3618 	3615
f 3776 	3490 	3522
f 3565 	3566 	3661
f 3568 	3661 	3566
f 3463 	3458 	3612
f 3617 	3619 	3621
f 3617 	3621 	3618
f 3612 	3620 	3463
f 3548 	3550 	3614
f 3614 	3611 	3548
f 2919 	3214 	3891
f 3619 	3622 	3623
f 3619 	3623 	3621
f 3495 	3463 	3620
f 3622 	3625 	3626
f 3622 	3626 	3623
f 3039 	3484 	3464
f 3627 	3229 	3226
f 3492 	3495 	3620
f 3627 	3651 	3229
f 3652 	3229 	3651
f 3484 	3039 	4227
f 3628 	3629 	4227
f 3469 	3464 	3629
f 3484 	3629 	3464
f 3628 	3469 	3629
f 3618 	4012 	3615
f 3616 	3553 	3617
f 3625 	3636 	3637
f 3625 	3637 	3626
f 3623 	4012 	3621
f 3631 	3656 	3627
f 3598 	3744 	3630
f 3622 	3619 	3558
f 3657 	3651 	3627
f 3636 	3638 	3639
f 3636 	3639 	3637
f 3637 	3639 	4012
f 3800 	3639 	3638
f 3639 	3800 	4012
f 4011 	4012 	3800
f 3638 	3636 	3558
f 3643 	3644 	3645
f 3643 	3645 	3646
f 3634 	3685 	3686
f 3275 	3500 	3647
f 3640 	3659 	3631
f 3644 	3648 	3649
f 3644 	3649 	3645
f 3645 	3649 	3999
f 3773 	3659 	3640
f 3610 	3649 	3611
f 3648 	3611 	3649
f 3647 	3624 	3275
f 3442 	3775 	3640
f 3610 	4012 	3649
f 3460 	3650 	3456
f 3648 	3541 	3611
f 3642 	3456 	3650
f 3909 	3229 	3654
f 3657 	3627 	3656
f 3650 	3904 	3642
f 3655 	3658 	4124
f 3915 	3650 	3460
f 3658 	3660 	4124
f 3661 	3631 	3659
f 3653 	3679 	3647
f 3668 	3596 	3597
f 4173 	3664 	3653
f 3653 	3664 	3681
f 3679 	3653 	3681
f 3667 	4216 	3641
f 3381 	4216 	3667
f 3381 	3667 	3440
f 3670 	3668 	3597
f 3671 	3667 	3641
f 3669 	3663 	3666
f 3667 	3871 	3440
f 3672 	3669 	3666
f 3635 	3673 	3674
f 3633 	3628 	4227
f 3633 	3632 	3473
f 3459 	3668 	3670
f 3461 	3459 	3670
f 3628 	3633 	3469
f 3673 	3635 	3634
f 3672 	3666 	4333
f 3825 	3669 	3672
f 3688 	3675 	2965
f 2965 	3161 	3688
f 3348 	3825 	3672
f 3673 	3634 	3686
f 2976 	2965 	3675
f 3680 	2976 	3675
f 3663 	3712 	3677
f 3401 	3676 	3449
f 3676 	3675 	3689
f 3678 	3624 	3647
f 2891 	3677 	2880
f 3666 	3663 	3677
f 3680 	2988 	2976
f 3676 	3680 	3675
f 3678 	3647 	3679
f 3676 	3689 	3449
f 3676 	3335 	3680
f 3666 	3677 	2891
f 2891 	4333 	3666
f 3680 	3340 	2988
f 3682 	3261 	3793
f 3340 	3680 	3335
f 3674 	3664 	3635
f 3682 	3793 	3089
f 3664 	3674 	3681
f 3272 	3261 	3682
f 4121 	4140 	3681
f 2911 	3682 	3089
f 3401 	3335 	3676
f 3674 	4121 	3681
f 3487 	3407 	3684
f 2922 	3683 	2911
f 3682 	3683 	3272
f 3687 	2838 	3516
f 3691 	3278 	3272
f 3722 	3684 	3688
f 3685 	2838 	3687
f 3286 	3278 	3691
f 3689 	3688 	3684
f 3690 	3686 	3685
f 3691 	3699 	3286
f 3687 	3690 	3685
f 3683 	3682 	2911
f 3407 	3689 	3684
f 4163 	3686 	3690
f 3691 	3272 	3683
f 3675 	3688 	3689
f 3692 	3687 	3516
f 3692 	3989 	3687
f 3693 	3691 	3683
f 3692 	3516 	3540
f 3694 	3034 	3756
f 3034 	3258 	3756
f 3690 	3687 	3989
f 3043 	3034 	3694
f 3695 	3694 	3757
f 3569 	3692 	3540
f 3694 	3696 	3043
f 3569 	3998 	3692
f 3693 	3683 	2922
f 3696 	3694 	3695
f 3699 	3691 	3693
f 3673 	4118 	3674
f 3459 	3695 	3668
f 4118 	4121 	3674
f 2993 	3693 	2922
f 3700 	3699 	3693
f 3439 	3478 	3599
f 3599 	3337 	3600
f 3696 	3707 	3054
f 3337 	3338 	3600
f 3702 	3478 	3483
f 3703 	3697 	3701
f 3707 	3696 	3698
f 3599 	3478 	3702
f 3704 	3703 	3701
f 3479 	3698 	3459
f 3696 	3695 	3698
f 3712 	3699 	3700
f 3443 	3337 	3599
f 3702 	3483 	4048
f 3704 	3701 	3034
f 3043 	3704 	3034
f 3698 	3695 	3459
f 3704 	3706 	3703
f 3632 	3709 	3473
f 3474 	3473 	3709
f 3711 	3707 	3698
f 3693 	2993 	3700
f 3468 	3713 	3705
f 3709 	3708 	3474
f 3716 	4227 	3715
f 4100 	3716 	3715
f 3700 	3677 	3712
f 3708 	4227 	3716
f 3341 	3362 	3705
f 3708 	3716 	3474
f 3710 	3706 	3704
f 3713 	3341 	3705
f 3711 	3698 	3479
f 3722 	3154 	3707
f 3713 	3472 	3600
f 3722 	3707 	3711
f 3717 	3671 	3641
f 3338 	3341 	3713
f 3600 	3338 	3713
f 3704 	3043 	3710
f 3460 	3466 	3915
f 3487 	3711 	3479
f 3721 	3714 	3717
f 3714 	3671 	3717
f 3718 	3710 	3153
f 3711 	3684 	3722
f 3718 	3706 	3710
f 3161 	3154 	3722
f 3726 	3466 	3724
f 3153 	3728 	3718
f 3722 	3688 	3161
f 3054 	3153 	3710
f 3887 	3719 	3730
f 3714 	3721 	3727
f 3729 	3727 	3721
f 3726 	3915 	3466
f 3729 	3734 	3727
f 3731 	3730 	3725
f 3684 	3711 	3487
f 3730 	3719 	3725
f 3191 	3388 	3732
f 3386 	3392 	3732
f 3734 	3729 	3932
f 3735 	3240 	3252
f 3386 	3732 	3388
f 3742 	3730 	3731
f 3737 	3213 	3732
f 3213 	3191 	3732
f 3738 	3736 	3724
f 3737 	3732 	3392
f 3736 	3726 	3724
f 3739 	3731 	2915
f 3244 	3213 	3737
f 3739 	3742 	3731
f 3252 	3697 	3735
f 2917 	3739 	2915
f 3738 	3762 	3736
f 3740 	3392 	3318
f 3745 	3746 	3743
f 3318 	3580 	3740
f 3158 	3402 	3741
f 3746 	3745 	3747
f 3748 	3244 	3737
f 2917 	3754 	3739
f 3754 	3755 	3739
f 4002 	4000 	3938
f 3749 	3748 	3740
f 3742 	3739 	3755
f 3751 	3741 	3744
f 3750 	3762 	3738
f 3279 	3745 	3728
f 3748 	3737 	3740
f 3011 	3750 	3005
f 3158 	3741 	3751
f 3875 	4141 	3719
f 3752 	3747 	3745
f 3725 	3719 	4251
f 3830 	3728 	3745
f 3155 	3725 	4251
f 3750 	3738 	3005
f 3580 	3749 	3740
f 3753 	3751 	3744
f 3745 	3764 	3752
f 3596 	3749 	3580
f 3756 	3258 	3748
f 3768 	3762 	3750
f 3757 	3756 	3749
f 3753 	3744 	3598
f 3390 	3751 	3753
f 3458 	3753 	3598
f 3665 	3759 	4187
f 2925 	3758 	3754
f 3753 	3760 	3390
f 3752 	3764 	3941
f 3758 	3761 	3754
f 3463 	3760 	3458
f 3759 	3763 	4187
f 3662 	3515 	3665
f 3279 	3728 	3159
f 3761 	3755 	3754
f 4040 	4035 	3755
f 3760 	3753 	3458
f 3756 	3748 	3749
f 3764 	3745 	3279
f 3761 	4040 	3755
f 3283 	3764 	3279
f 3465 	3758 	2926
f 3766 	3767 	4195
f 3291 	3941 	3764
f 3668 	3757 	3596
f 3468 	3761 	3758
f 3517 	3521 	3763
f 3763 	3759 	3517
f 3631 	3661 	3656
f 3770 	3771 	3769
f 3767 	3769 	3771
f 3947 	3941 	3291
f 3468 	3758 	3465
f 3757 	3749 	3596
f 3291 	3764 	3283
f 3694 	3756 	3757
f 3768 	3293 	3762
f 3773 	3544 	3659
f 3695 	3757 	3668
f 3608 	3598 	3824
f 3300 	3768 	3781
f 2964 	3774 	2962
f 3442 	3490 	3776
f 3293 	3768 	3300
f 3598 	3630 	3824
f 3781 	3768 	3772
f 3775 	3442 	3776
f 3011 	3029 	3772
f 3750 	3772 	3768
f 3393 	3394 	3760
f 3394 	3390 	3760
f 3568 	3654 	3652
f 3568 	3652 	3651
f 3568 	3651 	3657
f 3568 	3657 	3656
f 3568 	3656 	3661
f 3659 	3544 	3661
f 3775 	3544 	3773
f 3776 	3544 	3775
f 3436 	3522 	3490
f 3774 	3778 	3481
f 3336 	3948 	3723
f 3778 	3483 	3481
f 3772 	3750 	3011
f 3612 	3608 	3777
f 2964 	3782 	3774
f 3402 	3453 	3779
f 3422 	3345 	3723
f 3741 	3402 	3779
f 3422 	3723 	3415
f 3784 	3781 	3772
f 3780 	3885 	3787
f 3131 	4137 	3786
f 3780 	3787 	3788
f 3774 	3789 	3778
f 3836 	3783 	3945
f 3786 	3137 	3131
f 3940 	3945 	3783
f 3791 	3568 	3790
f 3774 	3782 	3789
f 3793 	3315 	3784
f 4198 	4195 	3771
f 3767 	3771 	4195
f 4059 	3778 	3789
f 3261 	3315 	3793
f 3789 	3782 	3798
f 3089 	3793 	3083
f 3795 	3798 	3782
f 3792 	3783 	3836
f 3769 	3643 	3646
f 3769 	3646 	3770
f 3796 	3975 	3792
f 3646 	3999 	3770
f 3793 	3784 	3083
f 3521 	3524 	3765
f 3799 	3851 	3794
f 3800 	3638 	3801
f 3801 	3803 	3804
f 3801 	3804 	3800
f 3818 	3798 	3795
f 3803 	3806 	3807
f 3803 	3807 	3804
f 3802 	3712 	3663
f 3808 	3529 	3364
f 3542 	3529 	3808
f 3806 	3810 	3811
f 3806 	3811 	3807
f 3808 	3364 	3802
f 3807 	4011 	3804
f 3803 	3801 	4190
f 3010 	3812 	3001
f 3814 	3808 	3802
f 3975 	3815 	3809
f 3810 	3816 	3817
f 3810 	3817 	3811
f 3001 	3812 	3795
f 3824 	3805 	3813
f 3816 	3819 	3820
f 3816 	3820 	3817
f 3809 	3799 	3975
f 3814 	3663 	3669
f 3697 	3703 	3846
f 3819 	3821 	3822
f 3819 	3822 	3820
f 3857 	3703 	3706
f 3630 	3805 	3824
f 3703 	3857 	3846
f 3831 	3809 	3815
f 3814 	3802 	3663
f 3718 	3823 	3706
f 3831 	3779 	3809
f 3826 	3791 	3790
f 3826 	3787 	3791
f 3827 	3824 	3813
f 3825 	3828 	3669
f 3805 	3815 	3796
f 3790 	3797 	3826
f 3829 	3826 	3797
f 3828 	3814 	3669
f 3833 	3808 	3814
f 3608 	3824 	3827
f 3830 	3823 	3718
f 3827 	3813 	4359
f 3828 	3833 	3814
f 3630 	3831 	3815
f 3744 	3741 	3831
f 3728 	3830 	3718
f 3833 	3542 	3808
f 3832 	3834 	3835
f 3832 	3835 	3797
f 3777 	3608 	3827
f 3831 	3630 	3744
f 3835 	3829 	3797
f 3805 	3630 	3815
f 3461 	3918 	3837
f 3828 	3825 	3860
f 3830 	3745 	3743
f 3482 	3461 	3837
f 3839 	3834 	3832
f 3792 	3836 	3895
f 3788 	3839 	3780
f 3839 	3832 	3780
f 3837 	3842 	3482
f 3810 	4190 	3816
f 3785 	3794 	3842
f 3712 	3843 	3699
f 3812 	3818 	3795
f 3821 	3844 	3845
f 3821 	3845 	3822
f 3697 	3840 	3735
f 3816 	4190 	3819
f 3378 	3286 	3843
f 3844 	3847 	3848
f 3844 	3848 	3845
f 3842 	3837 	3785
f 3846 	3849 	3850
f 3846 	3850 	3840
f 3819 	4190 	3821
f 3850 	3841 	3840
f 3851 	3488 	3842
f 3843 	3286 	3699
f 3847 	3852 	3853
f 3847 	3853 	3848
f 3845 	4011 	3822
f 3851 	3409 	3488
f 3697 	3846 	3840
f 3802 	3364 	3843
f 4189 	3594 	3821
f 3794 	3851 	3842
f 3802 	3843 	3712
f 3849 	3854 	3850
f 3853 	4011 	3848
f 3846 	3854 	3849
f 3825 	3348 	3505
f 3594 	3593 	3844
f 3857 	3858 	3854
f 3902 	3852 	3859
f 3855 	3818 	3812
f 3505 	3860 	3825
f 3858 	3865 	3854
f 3854 	3865 	3850
f 3809 	3856 	3799
f 3859 	3861 	3903
f 3859 	3903 	3902
f 3862 	3855 	3812
f 3852 	3847 	3595
f 3851 	3856 	3409
f 3857 	3854 	3846
f 3863 	3903 	3861
f 3856 	3453 	3409
f 3865 	3858 	3857
f 3595 	3581 	3852
f 3868 	3850 	3865
f 3862 	3812 	3010
f 3856 	3851 	3799
f 3779 	3453 	3856
f 3505 	3538 	3866
f 3582 	3584 	3861
f 3866 	3860 	3505
f 4299 	3855 	3862
f 3857 	3823 	3865
f 3865 	3823 	3868
f 3809 	3779 	3856
f 3314 	3862 	3010
f 3860 	3866 	4057
f 3779 	3831 	3741
f 3706 	3823 	3857
f 3864 	3863 	3586
f 3830 	3872 	3873
f 3830 	3873 	3823
f 3538 	3551 	3866
f 3873 	3868 	3823
f 3830 	3743 	3872
f 3871 	3667 	3671
f 3926 	3929 	3873
f 3841 	3850 	3868
f 4007 	4006 	3938
f 4000 	4007 	3938
f 3746 	3747 	4010
f 3889 	3568 	3787
f 3568 	3791 	3787
f 3788 	3787 	3826
f 3829 	3835 	3826
f 3835 	3839 	3826
f 3834 	3839 	3835
f 3788 	3826 	3839
f 3871 	3448 	3440
f 3870 	3869 	3589
f 3448 	3877 	3321
f 3590 	3576 	3874
f 3879 	3877 	3871
f 4333 	3883 	3672
f 3881 	3585 	3642
f 3877 	3448 	3871
f 3881 	3591 	3585
f 3879 	3871 	3671
f 4333 	3875 	3883
f 3887 	3883 	3875
f 3592 	3886 	3570
f 3348 	3672 	3883
f 3886 	3882 	3572
f 3714 	3879 	3671
f 3889 	3787 	3885
f 3890 	3583 	3877
f 3137 	3786 	3888
f 3886 	3572 	3570
f 3719 	3887 	3875
f 3890 	3877 	3879
f 2919 	3891 	3885
f 3893 	3355 	3888
f 3894 	3890 	3879
f 3609 	3892 	3592
f 3878 	3876 	3577
f 3597 	3583 	3890
f 3796 	3792 	3895
f 3880 	3878 	3579
f 3577 	3579 	3878
f 3838 	3895 	3836
f 3884 	3880 	3579
f 3592 	3892 	3886
f 3900 	3926 	3892
f 3899 	3655 	4253
f 3894 	3879 	3714
f 3899 	3897 	3579
f 3890 	3901 	3597
f 3902 	3853 	3852
f 3670 	3597 	3901
f 3226 	3591 	3881
f 3901 	3890 	3894
f 3900 	3892 	3609
f 3900 	3929 	3926
f 3895 	3838 	3898
f 3226 	2920 	3591
f 4011 	3902 	3943
f 3908 	3796 	3895
f 3733 	3900 	3609
f 3642 	3904 	3881
f 3906 	3889 	3885
f 3908 	3805 	3796
f 3918 	3670 	3901
f 3910 	3930 	3900
f 3898 	3838 	2996
f 3906 	3885 	3907
f 3891 	3907 	3885
f 3894 	3714 	3727
f 3909 	3891 	3214
f 3909 	3913 	3891
f 3881 	3239 	3226
f 3912 	3908 	3898
f 3907 	3891 	3914
f 3229 	3909 	3214
f 3910 	3733 	3735
f 3908 	3895 	3898
f 3914 	3891 	3913
f 3805 	3908 	3813
f 3734 	3911 	3727
f 3908 	3912 	3813
f 3904 	3239 	3881
f 3733 	3910 	3900
f 3911 	3901 	3894
f 3916 	3913 	3909
f 3654 	3916 	3909
f 3650 	3917 	3904
f 3911 	3894 	3727
f 3882 	4009 	4003
f 3889 	3906 	3568
f 3906 	3907 	3568
f 3914 	3568 	3907
f 3914 	3913 	3568
f 3916 	3568 	3913
f 3654 	3568 	3916
f 3461 	3670 	3918
f 3650 	3915 	3917
f 3919 	3918 	3911
f 4217 	4329 	4181
f 3905 	3903 	3863
f 3920 	4013 	3882
f 3918 	3901 	3911
f 3905 	3943 	3903
f 3905 	3863 	3921
f 3864 	3921 	3863
f 3882 	3886 	3920
f 3922 	3920 	3886
f 3873 	3872 	3928
f 3921 	3864 	3923
f 3867 	3923 	3864
f 3919 	3837 	3918
f 3729 	3721 	4364
f 3922 	3886 	3924
f 3886 	3892 	3924
f 3919 	3734 	3925
f 3892 	3926 	3928
f 3729 	4364 	3927
f 3928 	3924 	3892
f 3919 	3911 	3734
f 3868 	3873 	3929
f 3869 	4229 	3867
f 3919 	3785 	3837
f 3929 	3900 	3930
f 3925 	3785 	3919
f 3893 	3888 	3972
f 4229 	3869 	4233
f 3870 	4233 	3869
f 3925 	3734 	3932
f 3931 	3910 	3841
f 3840 	3841 	3910
f 3893 	3358 	3355
f 3931 	3930 	3910
f 3933 	3932 	3927
f 3930 	3931 	3868
f 3910 	3735 	3840
f 3932 	3729 	3927
f 3872 	3743 	3928
f 3928 	3926 	3873
f 3930 	3868 	3929
f 3841 	3868 	3931
f 3878 	4244 	3876
f 3936 	3250 	3935
f 3940 	3925 	3932
f 4244 	3878 	3880
f 3934 	3979 	3984
f 3250 	3936 	3263
f 4250 	4246 	3896
f 3893 	3934 	3358
f 4250 	3896 	3897
f 3747 	3752 	3937
f 3250 	3249 	3935
f 3934 	3893 	3979
f 3897 	3899 	4253
f 3752 	3938 	3937
f 3942 	3994 	3938
f 3935 	3939 	3936
f 3941 	3942 	3938
f 3752 	3941 	3938
f 3853 	3902 	4011
f 3903 	3943 	3902
f 3943 	3905 	3921
f 3943 	3921 	3923
f 3933 	3940 	3932
f 3944 	3936 	3939
f 3863 	3861 	3584
f 3861 	3859 	3582
f 3859 	3852 	3581
f 4011 	3943 	4259
f 3946 	3361 	3934
f 3584 	3586 	3863
f 4225 	3943 	3923
f 3987 	3944 	3939
f 3950 	3994 	3942
f 3249 	3978 	3935
f 3896 	3884 	3579
f 3587 	3588 	3867
f 3867 	3864 	3587
f 3869 	3867 	3588
f 3586 	3587 	3864
f 3980 	3939 	3935
f 3945 	3940 	3933
f 3933 	4369 	3945
f 3334 	3361 	3946
f 3950 	3942 	3941
f 2864 	4374 	4176
f 4372 	4371 	4176
f 4181 	4176 	4371
f 3953 	3994 	3950
f 3941 	3947 	3950
f 4254 	4255 	3951
f 3953 	3950 	3947
f 3241 	3408 	3952
f 3836 	3945 	4370
f 3730 	3742 	3955
f 3838 	3836 	4370
f 3956 	3947 	3313
f 3960 	3953 	3947
f 3956 	3960 	3947
f 3887 	3730 	3955
f 3313 	3624 	3956
f 3955 	3958 	3887
f 3954 	3320 	3957
f 3723 	3948 	4083
f 3961 	3994 	3960
f 3958 	3883 	3887
f 3952 	3959 	3241
f 3956 	3961 	3960
f 3348 	3883 	3958
f 3624 	3678 	3956
f 3076 	3243 	3959
f 3963 	4217 	3971
f 3964 	4172 	4217
f 4037 	3958 	3955
f 3961 	3956 	3966
f 3967 	3786 	4175
f 3952 	3965 	3968
f 3962 	3367 	3954
f 3367 	3320 	3954
f 3967 	4175 	3964
f 3952 	3968 	3959
f 3940 	3783 	3969
f 3079 	3076 	3959
f 3374 	3367 	3962
f 3964 	3963 	3967
f 3969 	3785 	3925
f 3971 	4217 	3970
f 3982 	3983 	3720
f 3969 	3925 	3940
f 3968 	3079 	3959
f 3888 	3786 	3967
f 3973 	3794 	3969
f 3743 	3746 	4010
f 3991 	3990 	3938
f 3990 	4002 	3938
f 3960 	3994 	3953
f 3966 	3994 	3961
f 3794 	3785 	3969
f 3936 	3965 	3263
f 3970 	3972 	3971
f 3944 	3968 	3965
f 3973 	3969 	3783
f 3972 	3888 	3967
f 3799 	3794 	3973
f 3792 	3973 	3783
f 3944 	3965 	3936
f 3944 	3988 	3968
f 3973 	3975 	3799
f 3963 	3971 	3967
f 3972 	3967 	3971
f 3988 	3079 	3968
f 4217 	3720 	3970
f 3977 	3970 	3720
f 3679 	4134 	3678
f 3979 	3893 	3972
f 3792 	3975 	3973
f 3970 	3977 	3972
f 3979 	3972 	3977
f 3978 	3980 	3935
f 3975 	3796 	3815
f 3976 	3979 	3977
f 3982 	3720 	4084
f 3347 	3363 	3974
f 3978 	3426 	3254
f 3038 	3231 	4181
f 3037 	3038 	4181
f 3254 	3259 	3978
f 3898 	2996 	3003
f 3259 	3980 	3978
f 3003 	3912 	3898
f 4010 	4009 	3743
f 3984 	3946 	3934
f 3982 	3984 	3983
f 3944 	3987 	3988
f 3976 	3720 	3983
f 3981 	3347 	3974
f 3987 	3985 	3988
f 3323 	3347 	3981
f 3991 	3690 	3990
f 3690 	3989 	3990
f 3985 	3986 	3988
f 3957 	3323 	3981
f 3994 	4163 	3690
f 3991 	3994 	3690
f 3079 	3992 	3076
f 3980 	3995 	3939
f 3514 	3517 	3759
f 3759 	3665 	3514
f 3514 	3665 	3515
f 3660 	3658 	3515
f 3658 	3655 	3515
f 3655 	3899 	3515
f 3579 	3515 	3899
f 3897 	3896 	3579
f 3904 	3993 	3239
f 3995 	3987 	3939
f 3917 	3993 	3904
f 3771 	3770 	3999
f 3646 	3645 	3999
f 3999 	3649 	4012
f 3613 	3615 	4012
f 3618 	3621 	4012
f 3623 	3626 	4012
f 3998 	3989 	3692
f 3079 	3986 	3992
f 3993 	3631 	3239
f 4002 	3989 	4000
f 3998 	4000 	3989
f 4001 	3917 	3915
f 3625 	3622 	3558
f 3617 	3556 	3619
f 3644 	3537 	3648
f 3767 	3766 	3526
f 3524 	3526 	3766
f 3643 	3534 	3644
f 4002 	3990 	3989
f 4003 	3998 	3569
f 3726 	4001 	3915
f 3999 	4198 	3771
f 3986 	4021 	3992
f 3980 	3369 	3995
f 3765 	3763 	3521
f 3766 	3765 	3524
f 3340 	3349 	4005
f 3980 	3259 	3369
f 3572 	4003 	3569
f 3917 	4001 	4004
f 3626 	3637 	4012
f 3800 	3804 	4011
f 3807 	3811 	4011
f 3811 	3817 	4011
f 3817 	3820 	4011
f 3820 	3822 	4011
f 3845 	3848 	4011
f 4005 	2988 	3340
f 4007 	3998 	4006
f 4003 	4006 	3998
f 4005 	3267 	2988
f 4007 	4000 	3998
f 3844 	3821 	3594
f 3806 	4190 	3810
f 3803 	4190 	3806
f 3558 	4190 	3801
f 3801 	3638 	3558
f 3636 	3625 	3558
f 3356 	4008 	3349
f 4004 	3993 	3917
f 4008 	4005 	3349
f 3640 	3631 	3993
f 3541 	3648 	3537
f 4010 	4003 	4009
f 4010 	4006 	4003
f 4063 	4326 	4259
f 3582 	3859 	3581
f 3882 	4013 	4009
f 3595 	3847 	3593
f 3558 	3619 	3556
f 3882 	4003 	3572
f 3922 	3924 	3743
f 4004 	3640 	3993
f 4189 	3821 	4190
f 3847 	3844 	3593
f 4004 	3442 	3640
f 4028 	4029 	4022
f 3985 	4014 	3986
f 4019 	3511 	4018
f 4020 	3467 	4001
f 4014 	4021 	3986
f 3467 	3442 	4004
f 4025 	4026 	4024
f 4023 	4024 	4026
f 4022 	4023 	4026
f 4022 	4026 	4027
f 4022 	4027 	4028
f 4015 	4016 	4029
f 4016 	4022 	4029
f 3348 	3958 	3354
f 4032 	4015 	4031
f 4030 	4031 	4015
f 4029 	4030 	4015
f 4004 	4001 	3467
f 4016 	3576 	4022
f 4015 	4033 	4016
f 4020 	4001 	3726
f 4034 	3576 	4033
f 4016 	4033 	3576
f 4020 	3471 	3467
f 4018 	3577 	4034
f 3576 	4034 	3577
f 4018 	4034 	4019
f 4072 	4014 	3985
f 3955 	3742 	4035
f 4017 	3579 	4018
f 4020 	3726 	3736
f 3742 	3755 	4035
f 4034 	3518 	4019
f 3581 	3595 	4029
f 3762 	4036 	3736
f 4036 	3471 	4020
f 4038 	3356 	3353
f 4029 	4028 	3582
f 4029 	3582 	3581
f 4038 	4039 	3356
f 3955 	4035 	4037
f 3584 	3582 	4027
f 4028 	4027 	3582
f 3365 	4038 	3353
f 4036 	4020 	3736
f 4037 	3354 	3958
f 4027 	4026 	3586
f 4027 	3586 	3584
f 3587 	3586 	4025
f 4026 	4025 	3586
f 3356 	4039 	4008
f 3762 	3293 	4036
f 4025 	4024 	3588
f 4025 	3588 	3587
f 3357 	4037 	4035
f 3589 	3588 	4023
f 4024 	4023 	3588
f 4022 	3590 	4023
f 3359 	4037 	3357
f 3076 	4041 	3365
f 4023 	3590 	3589
f 4038 	3365 	4041
f 4040 	3357 	4035
f 4022 	3576 	3590
f 4042 	4039 	4038
f 4043 	4033 	4015
f 3359 	3354 	4037
f 3567 	4074 	3551
f 4033 	4088 	4034
f 4041 	4042 	4038
f 3705 	3761 	3468
f 4031 	4043 	4032
f 3761 	3705 	4040
f 4031 	3593 	4043
f 3593 	3594 	4043
f 4045 	4043 	3594
f 3567 	3489 	4050
f 4031 	4030 	3595
f 4031 	3595 	3593
f 3705 	3362 	4040
f 4044 	4192 	3996
f 3362 	3357 	4040
f 4030 	4029 	3595
f 3992 	4041 	3076
f 3833 	3561 	3542
f 4015 	4032 	4043
f 4326 	4063 	4045
f 3599 	3702 	3443
f 3992 	4047 	4041
f 3489 	3215 	4050
f 4042 	4041 	4047
f 3564 	4049 	4051
f 3564 	4051 	4052
f 3564 	4052 	4053
f 3564 	4053 	4054
f 3564 	4054 	4055
f 3564 	4055 	4056
f 4018 	3513 	4017
f 4056 	4017 	3564
f 3511 	3512 	4018
f 3601 	4017 	4056
f 4048 	3483 	3778
f 3602 	3601 	4055
f 4056 	4055 	3601
f 3454 	3443 	3702
f 4055 	4054 	3602
f 3604 	4054 	4053
f 4048 	3454 	3702
f 4053 	4052 	3605
f 4053 	3605 	3604
f 4047 	4136 	4042
f 4051 	3606 	3605
f 4051 	3605 	4052
f 4048 	3778 	4059
f 4021 	4047 	3992
f 4051 	4049 	3607
f 4051 	3607 	3606
f 4059 	4060 	4048
f 4136 	4047 	4127
f 4049 	3564 	3607
f 4060 	3454 	4048
f 4021 	4127 	4047
f 3460 	3454 	4060
f 3511 	4019 	3518
f 3866 	4061 	4057
f 4062 	3789 	3798
f 3789 	4062 	4059
f 4066 	3987 	3995
f 3551 	4061 	3866
f 4069 	4033 	4068
f 3987 	4066 	3985
f 4073 	4033 	4071
f 4070 	4071 	4033
f 3985 	4066 	4072
f 4074 	4061 	3551
f 4074 	4162 	4061
f 4033 	4043 	4068
f 4070 	4033 	4069
f 4067 	4068 	4043
f 4065 	4168 	4058
f 4059 	4062 	4075
f 4077 	4066 	3995
f 4077 	4081 	4066
f 4075 	4060 	4059
f 3984 	3979 	3983
f 3369 	4077 	3995
f 3976 	3983 	3979
f 4075 	3466 	4060
f 4178 	4168 	4065
f 4082 	4062 	3798
f 4084 	3720 	4083
f 4078 	4178 	4065
f 4072 	4066 	4081
f 4086 	3518 	4085
f 3798 	3818 	4082
f 2829 	2830 	4072
f 4076 	3518 	4086
f 4079 	3518 	4076
f 3997 	4078 	4339
f 4087 	4075 	4062
f 3948 	4084 	4083
f 4081 	2829 	4072
f 4089 	4034 	4088
f 4088 	4033 	4073
f 3369 	3375 	4077
f 4091 	4081 	4077
f 3948 	3946 	3984
f 4082 	4087 	4062
f 3984 	3982 	3948
f 3982 	4084 	3948
f 4094 	4095 	4034
f 4077 	3375 	4091
f 3518 	4034 	4096
f 4090 	4092 	4034
f 4092 	4094 	4034
f 3720 	3951 	4083
f 4091 	2844 	4081
f 4089 	4090 	4034
f 4095 	4096 	4034
f 3518 	4096 	4085
f 4097 	4093 	4353
f 4081 	2844 	2829
f 4098 	4083 	3951
f 3375 	4099 	4091
f 4087 	3724 	4075
f 4083 	4098 	3723
f 3466 	4075 	3724
f 4098 	3415 	3723
f 4097 	3492 	4093
f 3492 	3620 	4093
f 3375 	3383 	4099
f 3396 	3391 	3474
f 4103 	3005 	4082
f 3546 	4091 	4099
f 3724 	4087 	3738
f 4105 	3536 	4102
f 4106 	3518 	4080
f 3005 	3738 	4087
f 4097 	4107 	3492
f 4108 	3519 	4106
f 4100 	3396 	3474
f 3523 	3520 	4109
f 3546 	2844 	4091
f 4087 	4082 	3005
f 3527 	3525 	4111
f 4104 	4107 	4097
f 4100 	3474 	3716
f 3164 	4099 	3383
f 3855 	4103 	3818
f 4080 	3518 	4079
f 4113 	4101 	3532
f 3532 	3527 	4113
f 3492 	4107 	3273
f 3400 	3396 	4112
f 4103 	4082 	3818
f 4112 	3404 	3400
f 3011 	3005 	4103
f 3164 	3383 	3388
f 3535 	3532 	4101
f 4102 	3535 	4101
f 4110 	4111 	3525
f 4111 	4113 	3527
f 3525 	3523 	4110
f 3018 	3011 	4103
f 3164 	3166 	4099
f 3166 	3546 	4099
f 4159 	4107 	4104
f 3855 	3018 	4103
f 4114 	4120 	4112
f 3191 	3164 	3388
f 4064 	4043 	4063
f 4064 	4067 	4043
f 2881 	4276 	4115
f 4006 	4010 	3938
f 3747 	3937 	4010
f 3937 	3938 	4010
f 4013 	3920 	3743
f 4009 	4013 	3743
f 3920 	3922 	3743
f 3924 	3928 	3743
f 4112 	4100 	4114
f 4005 	4116 	3267
f 3396 	4100 	4112
f 4131 	3966 	3956
f 4324 	3552 	4105
f 3535 	4102 	3536
f 4115 	4276 	4278
f 3404 	4112 	4120
f 4008 	4116 	4005
f 4117 	4115 	4278
f 4043 	4045 	4063
f 2879 	2881 	4115
f 3275 	3267 	4116
f 2879 	4115 	4128
f 3655 	4119 	4253
f 4008 	4161 	4116
f 4122 	4123 	4121
f 4124 	4119 	3655
f 4120 	4114 	4155
f 4161 	3500 	4116
f 4118 	4125 	4122
f 4118 	4122 	4121
f 2892 	2879 	4128
f 3275 	4116 	3500
f 4128 	4115 	4117
f 4014 	4126 	4021
f 4127 	4021 	4126
f 4120 	4132 	3405
f 3673 	4158 	4118
f 4129 	4125 	4118
f 4050 	4074 	3567
f 4132 	4120 	4155
f 4142 	4154 	4114
f 3266 	3405 	4132
f 3678 	4131 	3956
f 4131 	4133 	3966
f 4166 	4132 	4155
f 3284 	3152 	4130
f 4136 	4170 	4042
f 4117 	4130 	4128
f 4131 	3678 	4134
f 4138 	4133 	4131
f 4141 	2892 	4128
f 4139 	3994 	4138
f 3875 	2892 	4141
f 4134 	4139 	4138
f 4134 	4138 	4131
f 4135 	3885 	3780
f 3679 	4140 	4134
f 3284 	4130 	4117
f 4149 	4150 	4140
f 4139 	4134 	4150
f 4127 	4146 	4136
f 3679 	3681 	4140
f 4142 	4143 	4217
f 3860 	4144 	3828
f 4114 	4143 	4142
f 4159 	3360 	4107
f 3715 	4217 	4143
f 4145 	4146 	4127
f 4144 	3833 	3828
f 4147 	4148 	3997
f 4134 	4140 	4150
f 3715 	4143 	4100
f 4114 	4100 	4143
f 4121 	4152 	4140
f 4144 	3561 	3833
f 4126 	4145 	4127
f 4149 	4140 	4152
f 3996 	4147 	3997
f 3860 	4057 	4144
f 4147 	3954 	4148
f 4151 	3561 	4144
f 4155 	4114 	4154
f 4121 	4123 	4152
f 3634 	4146 	4145
f 3954 	3957 	4148
f 4142 	4217 	4154
f 4146 	3634 	3635
f 3996 	4192 	4147
f 4057 	4151 	4144
f 4147 	3962 	3954
f 4151 	3790 	3561
f 4061 	4156 	4057
f 4133 	3994 	3966
f 4138 	3994 	4133
f 4150 	3994 	4139
f 4129 	4160 	4150
f 4149 	4152 	4150
f 4152 	4122 	4150
f 4123 	4122 	4152
f 4122 	4125 	4150
f 4129 	4150 	4125
f 4158 	3673 	3686
f 4156 	4151 	4057
f 4058 	4157 	4355
f 4154 	4153 	4155
f 4174 	4164 	4217
f 4153 	4154 	4217
f 3963 	3964 	4217
f 4156 	3797 	4151
f 4145 	2838 	3685
f 3797 	3790 	4151
f 3634 	4145 	3685
f 4129 	4118 	4160
f 4158 	4160 	4118
f 4166 	4155 	4165
f 4153 	4165 	4155
f 3686 	4163 	4158
f 4159 	4104 	4157
f 4061 	4162 	4156
f 4165 	4153 	4217
f 4039 	4161 	4008
f 3832 	3797 	4156
f 4058 	4168 	4157
f 4169 	4158 	4167
f 4163 	4167 	4158
f 4162 	3832 	4156
f 4169 	4160 	4158
f 4135 	4074 	4050
f 4171 	4167 	4163
f 4042 	4170 	4039
f 4074 	4135 	4162
f 4165 	4164 	4166
f 4170 	4161 	4039
f 4163 	3994 	4171
f 3500 	4161 	4173
f 4174 	4217 	4172
f 4160 	4169 	4150
f 4169 	4167 	4150
f 4171 	4150 	4167
f 3994 	4150 	4171
f 3991 	3938 	3994
f 4135 	3780 	4162
f 4168 	3974 	4157
f 4166 	4137 	4132
f 4170 	4173 	4161
f 3780 	3832 	4162
f 3974 	4159 	4157
f 3974 	3363 	4159
f 3578 	3215 	3489
f 3363 	3360 	4159
f 4172 	4175 	4174
f 4176 	4206 	4177
f 2919 	4135 	4050
f 4136 	4179 	4170
f 2919 	3885 	4135
f 3660 	4180 	4124
f 4179 	4173 	4170
f 4050 	3215 	2919
f 3662 	4183 	4180
f 3662 	4180 	3660
f 4178 	3981 	4168
f 4179 	3664 	4173
f 4185 	4186 	4182
f 3981 	3974 	4168
f 4183 	3662 	4184
f 3665 	4184 	3662
f 4148 	4078 	3997
f 4146 	4179 	4136
f 4181 	4182 	4186
f 4148 	4178 	4078
f 3578 	3591 	2920
f 3635 	3664 	4179
f 4188 	4186 	4185
f 4188 	4185 	3571
f 4187 	4184 	3665
f 3957 	3981 	4178
f 4310 	4281 	4187
f 2920 	3215 	3578
f 4146 	3635 	4179
f 4178 	4148 	3957
f 2830 	4014 	4072
f 3215 	3214 	2919
f 3763 	4191 	4187
f 4197 	4045 	4189
f 2830 	4126 	4014
f 3765 	4193 	4191
f 3765 	4191 	3763
f 4193 	3765 	4194
f 3766 	4194 	3765
f 3962 	4147 	4192
f 2838 	4145 	4126
f 4195 	4194 	3766
f 4191 	4312 	4187
f 4196 	4197 	4189
f 4196 	4189 	4190
f 2838 	4126 	2830
f 4200 	4326 	4196
f 4197 	4196 	4326
f 4318 	4316 	4198
f 4194 	4315 	4193
f 4046 	4199 	4044
f 4177 	4196 	4190
f 4175 	4137 	4166
f 4195 	4198 	4316
f 4201 	4326 	4200
f 4196 	4177 	4200
f 4199 	4192 	4044
f 4202 	4203 	4201
f 4202 	4201 	4200
f 3962 	4192 	4204
f 4164 	4174 	4166
f 4175 	4166 	4174
f 3867 	4224 	3923
f 4200 	4177 	4205
f 4175 	3786 	4137
f 4199 	4204 	4192
f 4205 	4177 	4206
f 4200 	4205 	4206
f 4200 	4206 	4202
f 4204 	3374 	3962
f 3964 	4175 	4172
f 4207 	4199 	4046
f 4210 	4211 	4201
f 4210 	4201 	4212
f 4213 	4214 	4212
f 4214 	4213 	4181
f 4206 	4176 	4213
f 4210 	4212 	4214
f 4203 	4213 	4212
f 4203 	4212 	4201
f 4181 	4213 	4176
f 4233 	3870 	3874
f 4206 	4213 	4203
f 4206 	4203 	4202
f 4211 	4210 	4214
f 4211 	4214 	4215
f 4216 	4199 	4207
f 4186 	4214 	4181
f 4216 	4204 	4199
f 3438 	4209 	3477
f 4188 	4215 	4186
f 4214 	4186 	4215
f 3381 	4204 	4216
f 3884 	4246 	3880
f 3381 	3374 	4204
f 2821 	4218 	4234
f 4208 	3477 	4209
f 3884 	3896 	4246
f 4219 	4218 	4221
f 4217 	4221 	4218
f 4234 	4219 	4221
f 4234 	4221 	4236
f 3481 	3477 	4208
f 2962 	3481 	4208
f 4207 	4220 	3641
f 4217 	4242 	4223
f 3774 	3481 	2962
f 4225 	3923 	4224
f 3641 	4216 	4207
f 4223 	4221 	4217
f 2926 	2955 	3465
f 4223 	4237 	4221
f 4227 	4328 	4228
f 4229 	4224 	3867
f 3218 	4231 	4228
f 4228 	4231 	4232
f 4228 	4232 	4227
f 4274 	3943 	4225
f 4226 	3470 	2955
f 3507 	4232 	4231
f 3507 	4231 	3218
f 3717 	3641 	4220
f 4235 	3217 	3219
f 4234 	4235 	3219
f 3219 	3211 	4234
f 2822 	3212 	4329
f 4236 	4237 	4235
f 4236 	4235 	4234
f 4230 	3717 	4220
f 4329 	4218 	2822
f 2821 	2822 	4218
f 4233 	4268 	4229
f 3721 	3717 	4230
f 4219 	4234 	4218
f 3874 	4238 	4233
f 4209 	3438 	4226
f 3438 	3470 	4226
f 3217 	4235 	4239
f 4222 	4239 	4235
f 3876 	4240 	4238
f 3876 	4238 	3874
f 4329 	3298 	2846
f 3067 	2918 	3041
f 4223 	4242 	4222
f 4239 	4222 	4242
f 4240 	4273 	4238
f 4237 	4223 	4235
f 4222 	4235 	4223
f 4244 	4240 	3876
f 4236 	4221 	4237
f 4244 	4289 	4240
f 3217 	4239 	4242
f 3217 	4242 	3506
f 4245 	4244 	3880
f 4217 	4227 	4242
f 4232 	4242 	4227
f 4241 	4256 	2903
f 4242 	4232 	3506
f 3507 	3506 	4232
f 4245 	4290 	4244
f 3880 	4246 	4245
f 4141 	4128 	4130
f 4233 	4238 	4270
f 4246 	4291 	4245
f 4251 	4141 	4130
f 4248 	4339 	2896
f 4251 	3719 	4141
f 4252 	4250 	3897
f 4250 	4292 	4246
f 4251 	4130 	3152
f 4253 	4252 	3897
f 3155 	4251 	3152
f 4298 	4297 	4253
f 4209 	4249 	4208
f 4255 	4257 	3951
f 4257 	4301 	3951
f 4301 	4293 	3951
f 4254 	4256 	4255
f 4119 	4124 	4285
f 4176 	3951 	4282
f 4258 	4064 	4063
f 4258 	4063 	4259
f 3142 	3725 	3155
f 4255 	4256 	4261
f 4257 	4255 	4261
f 4263 	4067 	4064
f 4263 	4064 	4258
f 4262 	2914 	4325
f 4261 	4256 	4241
f 4067 	4263 	4068
f 4264 	4068 	4263
f 4241 	4243 	4261
f 4265 	4069 	4068
f 4265 	4068 	4264
f 4262 	4325 	4327
f 4254 	3951 	4267
f 4267 	3951 	4266
f 4268 	4070 	4069
f 4268 	4069 	4265
f 4254 	4267 	4256
f 4269 	4256 	4267
f 4270 	4071 	4070
f 4270 	4070 	4268
f 4271 	4262 	4327
f 4273 	4073 	4071
f 4273 	4071 	4270
f 4266 	4269 	4267
f 3951 	3720 	2931
f 4263 	4258 	4274
f 4259 	4274 	4258
f 4256 	4269 	2903
f 4272 	2955 	4260
f 4224 	4229 	4265
f 4274 	4225 	4265
f 4264 	4274 	4265
f 4263 	4274 	4264
f 4224 	4265 	4225
f 4268 	4265 	4229
f 4270 	4268 	4233
f 4270 	4238 	4273
f 4252 	4295 	4250
f 4271 	3423 	3257
f 4266 	3951 	4275
f 4275 	3951 	2931
f 2955 	2926 	4260
f 4275 	4269 	4266
f 3943 	4274 	4259
f 4271 	4278 	4276
f 2908 	2903 	4269
f 4276 	2923 	4262
f 4076 	4288 	4279
f 4275 	2908 	4269
f 4076 	4279 	4280
f 4076 	4280 	4079
f 4276 	4262 	4271
f 4079 	4280 	4281
f 4079 	4281 	4080
f 2895 	2889 	4176
f 2861 	4176 	2876
f 2861 	2862 	4176
f 4080 	4281 	4310
f 4282 	4283 	4176
f 4283 	4284 	4176
f 4284 	2895 	4176
f 4287 	4284 	4283
f 4288 	4086 	4085
f 4288 	4085 	4285
f 3277 	4278 	3257
f 4288 	4076 	4086
f 4073 	4273 	4088
f 4289 	4088 	4273
f 4282 	4287 	4283
f 4226 	2955 	4272
f 4290 	4089 	4088
f 4290 	4088 	4289
f 4291 	4090 	4089
f 4291 	4089 	4290
f 4286 	4226 	4272
f 4292 	4092 	4090
f 4292 	4090 	4291
f 4287 	2896 	4284
f 4278 	4271 	3257
f 4295 	4094 	4292
f 4092 	4292 	4094
f 4293 	4296 	4294
f 4094 	4295 	4297
f 4094 	4297 	4095
f 4095 	4297 	4298
f 4095 	4298 	4096
f 4117 	4278 	3277
f 4285 	4085 	4096
f 4285 	4096 	4298
f 3284 	4117 	3277
f 4247 	4249 	4277
f 4282 	4294 	4287
f 4296 	4287 	4294
f 4249 	4286 	4277
f 4248 	2896 	4287
f 3855 	4299 	3018
f 4288 	4285 	4124
f 4124 	4180 	4288
f 4285 	4298 	4119
f 4279 	4288 	4180
f 4292 	4250 	4295
f 4180 	4183 	4279
f 4280 	4279 	4183
f 4183 	4184 	4280
f 4281 	4280 	4184
f 4184 	4187 	4281
f 4193 	4313 	4191
f 4195 	4316 	4194
f 4209 	4286 	4249
f 4253 	4119 	4298
f 4287 	4296 	4248
f 4209 	4226 	4286
f 4294 	4282 	3951
f 4293 	4294 	3951
f 4291 	4246 	4292
f 4290 	4245 	4291
f 4289 	4244 	4290
f 4273 	4240 	4289
f 3074 	3018 	4299
f 4293 	4301 	4296
f 4261 	4296 	4301
f 3064 	4302 	3067
f 4248 	4296 	4243
f 4295 	4252 	4297
f 4252 	4253 	4297
f 4243 	4296 	4261
f 3395 	4300 	3314
f 4261 	4301 	4257
f 3064 	2949 	4302
f 4300 	4299 	3862
f 3074 	4299 	4304
f 4304 	4299 	4300
f 4300 	3862 	3314
f 4012 	4324 	4309
f 4302 	4303 	3067
f 3078 	3074 	4304
f 4306 	4307 	4102
f 4306 	4102 	4101
f 2918 	3067 	4303
f 4102 	4307 	4309
f 4102 	4309 	4105
f 4310 	4106 	4080
f 4311 	4302 	2949
f 4106 	4310 	4312
f 4106 	4312 	4108
f 4108 	4312 	4313
f 4108 	4313 	4109
f 4314 	4305 	2856
f 4109 	4313 	4315
f 4109 	4315 	4110
f 4355 	4305 	4314
f 4110 	4315 	4316
f 4110 	4316 	4111
f 4354 	4305 	4355
f 4111 	4316 	4317
f 4111 	4317 	4113
f 2865 	4314 	2856
f 3403 	4308 	3395
f 4113 	4317 	4306
f 4113 	4306 	4101
f 4308 	4304 	4300
f 4260 	4302 	4311
f 4318 	4309 	4307
f 4318 	4307 	4306
f 3078 	4304 	4319
f 4302 	4260 	4303
f 2926 	2925 	4303
f 4306 	4317 	4318
f 4317 	4316 	4318
f 4315 	4194 	4316
f 4313 	4193 	4315
f 4312 	4191 	4313
f 4310 	4187 	4312
f 4300 	3395 	4308
f 4260 	2926 	4303
f 3999 	4012 	4309
f 4318 	3999 	4309
f 3078 	4319 	3093
f 4319 	4304 	4308
f 4318 	4198 	3999
f 4332 	4058 	4314
f 4321 	4319 	4308
f 4105 	4309 	4324
f 4058 	4355 	4314
f 4011 	4259 	4326
f 4272 	4260 	4311
f 4322 	4323 	4243
f 4321 	4308 	3403
f 4319 	4325 	3093
f 4311 	4320 	4272
f 3571 	3557 	4324
f 3403 	3413 	4321
f 4241 	4322 	4243
f 4286 	4320 	4277
f 4045 	4197 	4326
f 4324 	4326 	4211
f 4272 	4320 	4286
f 3997 	4323 	3996
f 3997 	4339 	4323
f 4324 	4012 	4011
f 4324 	4011 	4326
f 4211 	4326 	4201
f 3571 	4324 	4211
f 4325 	4319 	4321
f 3996 	4323 	4322
f 4215 	4188 	4211
f 3571 	4211 	4188
f 3093 	4325 	2914
f 4247 	4277 	4349
f 3413 	3423 	4327
f 4164 	4165 	4217
f 3709 	4227 	3708
f 4217 	3715 	4227
f 3709 	3632 	4227
f 3632 	3633 	4227
f 3629 	3484 	4227
f 3031 	3032 	4328
f 4329 	4217 	4218
f 4325 	4321 	4327
f 2824 	4228 	4190
f 4328 	4190 	4228
f 2846 	2824 	4329
f 4182 	4181 	4329
f 3558 	4182 	4329
f 4327 	4321 	3413
f 4322 	4044 	3996
f 4190 	4328 	4177
f 4247 	4331 	4249
f 4332 	4314 	2865
f 4190 	4329 	2824
f 3558 	4329 	4190
f 2890 	4332 	2865
f 3423 	4271 	4327
f 4330 	4331 	4247
f 3065 	3066 	4328
f 3066 	3048 	4328
f 3951 	3432 	3420
f 3951 	3420 	3421
f 3421 	3415 	3951
f 3415 	4098 	3951
f 3976 	3977 	3720
f 4217 	4181 	3720
f 2946 	2947 	3720
f 2937 	2931 	3720
f 4176 	4177 	3951
f 3951 	4177 	4328
f 3875 	4333 	2892
f 4249 	4331 	4208
f 3012 	3013 	4328
f 3013 	3015 	4328
f 2944 	4335 	4336
f 4337 	4332 	2890
f 2963 	2944 	4336
f 4336 	4349 	2963
f 4338 	4331 	4330
f 4058 	4332 	4065
f 4336 	4247 	4349
f 4338 	2962 	4331
f 4208 	4331 	2962
f 4332 	4337 	4065
f 4330 	4334 	4338
f 4335 	4330 	4336
f 2881 	2993 	2923
f 3700 	2993 	2880
f 4339 	4337 	2896
f 4330 	4247 	4336
f 4078 	4065 	4337
f 2966 	4340 	4335
f 4337 	4339 	4078
f 3677 	3700 	2880
f 4248 	4243 	4323
f 2881 	2923 	4276
f 4341 	4342 	4334
f 4248 	4323 	4339
f 2966 	2968 	4340
f 2993 	2881 	2880
f 4340 	4334 	4335
f 4343 	4322 	4241
f 4334 	4330 	4335
f 4343 	4241 	2903
f 2968 	2973 	4340
f 4334 	4342 	4338
f 4341 	4334 	4340
f 4322 	4343 	4044
f 2964 	2962 	4338
f 2908 	4344 	2903
f 2973 	4341 	4340
f 4343 	2903 	4344
f 2964 	4338 	4342
f 4344 	4046 	4343
f 2979 	4345 	2973
f 4046 	4044 	4343
f 4311 	2949 	2956
f 4345 	4341 	2973
f 2916 	4346 	2908
f 4341 	4348 	4342
f 4346 	4344 	2908
f 4046 	4344 	4361
f 2956 	4347 	4320
f 4345 	4348 	4341
f 4320 	4311 	2956
f 2963 	4349 	2959
f 2921 	4350 	2916
f 4348 	2967 	4342
f 4350 	4346 	2916
f 4349 	4347 	2959
f 2964 	4342 	2967
f 4277 	4320 	4347
f 2979 	3107 	4345
f 4348 	4345 	2969
f 4349 	4277 	4347
f 4366 	2921 	2924
f 2969 	3001 	4348
f 4366 	4350 	2921
f 2969 	4345 	3107
f 3001 	2967 	4348
f 3307 	2969 	3107
f 2825 	3081 	2826
f 2915 	3731 	3142
f 3731 	3725 	3142
f 4351 	3612 	3777
f 3041 	2918 	3146
f 2918 	2917 	3146
f 4093 	3620 	4351
f 2915 	3146 	2917
f 3620 	3612 	4351
f 4093 	4351 	4352
f 4353 	4093 	4352
f 4354 	4353 	4358
f 4354 	4097 	4353
f 4354 	4355 	4104
f 4104 	4097 	4354
f 4157 	4104 	4355
f 2960 	4356 	3026
f 4351 	3777 	4356
f 4356 	4360 	3026
f 4352 	4351 	4356
f 4356 	2960 	4352
f 2960 	4357 	4352
f 4353 	4352 	4357
f 2989 	4357 	2961
f 4353 	4357 	4358
f 4358 	4357 	2989
f 4305 	4354 	4358
f 3838 	3222 	2996
f 3009 	3912 	3003
f 4359 	3813 	3912
f 3022 	4359 	3009
f 4359 	3912 	3009
f 4360 	3827 	4359
f 3777 	3827 	4360
f 4360 	4359 	3022
f 4360 	4356 	3777
f 4344 	4346 	4361
f 4361 	4207 	4046
f 4362 	4361 	4346
f 4207 	4361 	4220
f 4350 	4362 	4346
f 4362 	4220 	4361
f 4363 	4230 	4362
f 4230 	4220 	4362
f 4364 	3721 	4230
f 4365 	3927 	4364
f 4364 	4363 	4365
f 4364 	4230 	4363
f 4365 	4363 	4366
f 4363 	4362 	4350
f 4363 	4350 	4366
f 4367 	4365 	4366
f 4368 	3927 	4365
f 2924 	4367 	4366
f 4367 	4368 	4365
f 3140 	4368 	4367
f 3933 	3927 	4368
f 3933 	4368 	4369
f 4369 	4368 	3140
f 3140 	3145 	4369
f 3222 	4370 	3145
f 3945 	4369 	4370
f 4370 	4369 	3145
f 3222 	3838 	4370
f 2957 	4181 	2987
f 4371 	2987 	4181
f 4373 	4358 	2989
f 4373 	4371 	4372
f 4373 	4305 	4358
f 4372 	3949 	4373
f 3949 	4372 	4176
f 4373 	2856 	4305
f 2864 	4176 	2862
f 4374 	3949 	4176
f 2864 	2856 	4374
f 4373 	3949 	2856
f 2856 	3949 	4374
# 3112 faces

 #end of obj_1

o obj_2
v 171.8022 		-73.0798 		7.1391
v 172.9463 		-66.072 		3.5991
v 171.1921 		-73.5392 		7.1381
v 167.8755 		-71.8831 		0.0104
v 164.799 		-71.5981 		4.4699
v 166.6005 		-64.6761 		7.1697
v 166.2666 		-64.7283 		7.1696
v 167.7922 		-71.9567 		0.0103
v 111.8105 		-63.4564 		7.1696
v 112.3753 		-63.5312 		7.1695
v 171.7985 		-66.2771 		3.5976
v 165.7823 		-62.2173 		0.0459
v 168.8856 		-65.841 		7.1654
v 112.9438 		-63.5631 		7.1694
v 171.7899 		-72.8119 		3.5736
v 165.853 		-62.0585 		0.0463
v 171.7033 		-66.4045 		3.5973
v 171.7086 		-66.3875 		4.4893
v 167.1054 		-64.6909 		7.1697
v 168.1994 		-65.104 		7.1679
v 163.2658 		-70.5573 		4.473
v 167.9093 		-64.9309 		7.1683
v 163.2534 		-70.6381 		4.4728
v 167.5986 		-64.7985 		7.1695
v 171.3996 		-71.4465 		7.1455
v 171.2647 		-71.2642 		7.1459
v 171.6943 		-72.2138 		7.1429
v 110.7072 		-63.1761 		7.1711
v 171.7489 		-66.3132 		3.5975
v 165.9438 		-64.8277 		7.1694
v 165.851 		-62.1205 		0.0461
v 111.2535 		-63.3376 		7.1698
v 171.5511 		-71.7592 		7.1439
v 164.7297 		-71.611 		3.5778
v 164.82 		-71.5956 		3.5779
v 172.5987 		-64.0293 		7.1724
v 173.5581 		-64.072 		7.1724
v 167.7713 		-72.0653 		0.01
v 174.0481 		-64.1895 		7.1722
v 168.8235 		-62.5685 		7.1774
v 171.763 		-72.576 		7.1411
v 165.4967 		-65.062 		7.1679
v 173.072 		-64.0155 		7.1725
v 168.9741 		-62.4761 		7.1776
v 168.9525 		-62.5107 		7.1775
v 165.92 		-59.9314 		0.0538
v 166.2944 		-59.2798 		0.0562
v 163.2652 		-70.5954 		3.5819
v 167.0568 		-59.266 		0.0563
v 163.2556 		-70.5132 		3.5821
v 110.1746 		-62.9728 		7.1715
v 168.9374 		-62.5215 		6.2865
v 111.254 		-63.3114 		0.0379
v 172.1577 		-64.1397 		7.1722
v 111.811 		-63.4301 		0.0366
v 171.6666 		-72.0827 		3.5772
v 168.8237 		-62.5617 		5.3944
v 168.8036 		-62.5642 		6.2854
v 170.6239 		-70.2139 		7.1501
v 170.4769 		-70.4403 		7.1486
v 112.9443 		-63.5378 		0.0365
v 164.0263 		-61.6267 		0.0481
v 112.3758 		-63.506 		0.0365
v 165.8731 		-73.0975 		0.0067
v 171.3375 		-71.3378 		3.5798
v 163.8883 		-61.4483 		0.0485
v 163.6303 		-61.2167 		0.049
v 170.9527 		-69.7675 		7.1511
v 165.8792 		-73.3226 		0.0052
v 165.9193 		-73.5493 		0.0048
v 171.2652 		-71.2389 		0.013
v 163.2319 		-60.9528 		0.0505
v 171.8028 		-73.0536 		0.0071
v 166.0685 		-73.999 		0.0028
v 168.0788 		-62.3185 		7.1779
v 171.3447 		-62.3506 		3.6119
v 171.7227 		-72.3071 		0.0097
v 166.2288 		-74.3288 		0.0021
v 173.8035 		-64.1106 		3.6053
v 110.7077 		-63.1499 		0.0382
v 162.0372 		-72.996 		7.1388
v 162.0338 		-73.251 		7.1382
v 173.0723 		-64.0029 		3.6065
v 162.0878 		-72.5018 		7.1408
v 172.599 		-64.0167 		3.6064
v 110.1752 		-62.9476 		0.0386
v 168.8238 		-62.5548 		3.6114
v 170.4844 		-70.4737 		5.3656
v 172.2627 		-64.0859 		3.6053
v 168.8038 		-62.5574 		4.5024
v 162.6583 		-73.6889 		7.1363
v 171.5958 		-71.8418 		0.0117
v 166.0244 		-72.0437 		2.685
v 165.9551 		-71.9454 		2.6852
v 171.4243 		-62.1436 		7.1794
v 171.5355 		-61.6745 		7.1804
v 170.4793 		-70.4785 		6.2576
v 171.4533 		-71.5223 		0.0124
v 169.6168 		-61.2921 		7.1821
v 169.4052 		-61.5584 		7.1815
v 171.5895 		-60.9253 		7.184
v 165.2065 		-62.4255 		7.1775
v 171.3377 		-71.3252 		0.0128
v 170.7264 		-60.5773 		7.1847
v 170.2786 		-60.7945 		7.1842
v 165.9552 		-71.9415 		1.7932
v 170.492 		-70.3767 		6.2578
v 170.964 		-60.4874 		7.1849
v 171.1927 		-73.513 		0.0051
v 165.7473 		-62.2669 		7.1778
v 169.9741 		-60.9892 		7.1828
v 108.2472 		-61.7732 		7.176
v 109.1646 		-62.4472 		7.1736
v 108.6931 		-62.128 		7.1743
v 174.2972 		-64.8857 		0.0367
v 171.2133 		-69.387 		7.1529
v 166.0285 		-72.096 		0.0099
v 166.0102 		-71.9986 		0.9021
v 173.4486 		-65.7751 		0.0337
v 171.2135 		-69.3812 		5.3699
v 165.9869 		-71.9623 		0.0102
v 173.9832 		-65.2813 		0.0348
v 109.6598 		-62.7299 		7.172
v 165.9553 		-71.9386 		0.9022
v 171.1628 		-69.4163 		5.3699
v 165.7848 		-62.2379 		4.5039
v 171.179 		-69.4065 		6.2609
v 165.7848 		-62.2408 		5.3949
v 165.5441 		-71.8306 		0.0104
v 162.5067 		-71.4179 		7.1452
v 162.198 		-72.0326 		7.1428
v 164.6947 		-65.9142 		7.165
v 164.9889 		-65.5032 		7.1669
v 171.2136 		-69.3744 		3.5869
v 171.1792 		-69.3997 		4.4779
v 171.163 		-69.4095 		3.5869
v 167.6222 		-62.1725 		7.1791
v 171.7212 		-66.3529 		2.7064
v 171.7035 		-66.3977 		1.8143
v 164.2187 		-72.5916 		0.0077
v 167.6785 		-62.2175 		7.179
v 163.0113 		-73.5208 		0.0047
v 171.7142 		-66.3578 		1.8144
v 106.6357 		-61.5021 		7.1755
v 107.0606 		-61.5095 		7.1755
v 106.6357 		-61.5021 		7.1765
v 106.0608 		-61.4921 		7.1755
v 106.0608 		-61.4921 		7.1765
v 107.0606 		-61.5095 		7.1765
v 174.1458 		-69.73 		7.1523
v 174.3685 		-68.9998 		7.1549
v 167.5953 		-62.054 		7.1794
v 163.3442 		-73.3555 		0.005
v 173.7809 		-69.8357 		7.1511
v 107.8299 		-61.3848 		7.1768
v 167.6686 		-62.2085 		5.3951
v 167.6029 		-62.1323 		6.2872
v 167.5984 		-62.1093 		5.3963
v 163.6497 		-73.1608 		0.0055
v 164.6828 		-62.6335 		7.177
v 164.6007 		-62.638 		7.177
v 167.637 		-62.1849 		6.2871
v 163.9266 		-72.9406 		0.007
v 169.2131 		-66.7928 		7.1624
v 107.0702 		-60.9596 		7.1777
v 164.0874 		-72.7754 		0.0073
v 107.0867 		-60.0087 		7.1807
v 107.0869 		-60.0015 		5.1407
v 107.0703 		-60.9521 		5.1387
v 107.0702 		-60.9596 		7.1787
v 164.5273 		-62.6028 		7.1771
v 164.4881 		-62.5551 		7.1772
v 107.4441 		-60.9661 		7.1787
v 172.838 		-66.0905 		0.032
v 173.0513 		-66.0152 		0.0322
v 171.3533 		-69.3894 		7.1529
v 169.2164 		-67.298 		7.1603
v 167.7507 		-61.0526 		7.1825
v 167.7446 		-60.8274 		7.184
v 106.6452 		-60.9522 		7.1777
v 167.6715 		-60.4871 		7.1847
v 106.6618 		-60.0013 		7.1807
v 106.6619 		-59.9941 		5.1407
v 106.6454 		-60.9447 		5.1387
v 106.6452 		-60.9522 		7.1787
v 162.4083 		-71.5562 		7.1439
v 106.0703 		-60.9422 		7.1777
v 106.0869 		-59.9913 		7.1807
v 106.087 		-59.9841 		5.1407
v 106.0705 		-60.9347 		5.1387
v 171.3533 		-69.3894 		7.1529
v 171.3533 		-69.3894 		7.1529
v 164.5808 		-62.6308 		6.285
v 171.3533 		-69.3894 		7.1529
v 167.5544 		-60.151 		7.1865
v 171.7635 		-66.2849 		0.0316
v 167.3349 		-59.7132 		7.1874
v 168.6373 		-68.6761 		7.1553
v 162.4086 		-71.5426 		3.5779
v 163.2557 		-70.5074 		1.7991
v 168.1295 		-69.1183 		7.1533
v 172.2575 		-69.8462 		7.151
v 172.5882 		-69.926 		7.1508
v 171.7032 		-66.4129 		0.0313
v 163.2536 		-70.6284 		1.7979
v 167.8337 		-69.2822 		7.153
v 172.9368 		-69.95 		7.1508
v 167.5185 		-69.4038 		7.1527
v 162.2382 		-71.9097 		3.5771
v 163.2677 		-70.5676 		1.798
v 167.1901 		-69.4791 		7.1525
v 163.1454 		-63.7359 		7.1726
v 167.7449 		-60.8138 		3.617
v 106.0703 		-60.9422 		7.1787
v 162.6588 		-73.6627 		0.0044
v 167.6398 		-60.3609 		3.619
v 171.3146 		-69.3719 		6.261
v 163.248 		-70.4912 		2.6902
v 162.0343 		-73.2247 		0.0053
v 171.839 		-66.2522 		0.0316
v 164.6487 		-71.674 		0.0117
v 167.6167 		-62.1468 		4.0582
v 162.0561 		-72.72 		0.0073
v 164.7992 		-71.5855 		0.9029
v 165.019 		-71.6564 		0.0118
v 167.6856 		-62.213 		3.6121
v 172.4737 		-69.8974 		3.5849
v 164.7783 		-71.5812 		0.0119
v 164.7018 		-71.6109 		0.0118
v 163.1404 		-63.6738 		7.1727
v 172.1582 		-64.1144 		0.0392
v 174.0487 		-64.1643 		0.0392
v 173.6812 		-64.0719 		0.0394
v 173.1934 		-63.9994 		0.0395
v 163.1394 		-63.679 		5.3897
v 171.2112 		-64.6268 		1.8201
v 162.5073 		-71.3927 		0.0122
v 171.1701 		-64.63 		2.7121
v 163.1454 		-63.732 		6.2816
v 172.7164 		-63.9951 		0.0395
v 172.9371 		-69.9374 		3.5848
v 162.379 		-71.5785 		0.0118
v 173.1753 		-69.9256 		3.5849
v 162.2794 		-71.7858 		0.0103
v 171.2321 		-64.6281 		2.7121
v 162.1355 		-72.2374 		0.0094
v 163.1337 		-63.774 		4.0525
v 163.1443 		-63.7433 		3.6066
v 173.2895 		-68.0169 		7.158
v 108.2477 		-61.7469 		0.043
v 108.6936 		-62.1027 		0.0413
v 163.1233 		-63.6268 		4.4988
v 171.0946 		-64.5987 		2.7121
v 109.1651 		-62.422 		0.0407
v 109.6603 		-62.7036 		0.0391
v 171.1303 		-64.6164 		1.8201
v 171.5901 		-60.8991 		0.051
v 171.4248 		-62.1174 		0.0464
v 171.536 		-61.6483 		0.0484
v 163.1406 		-63.6641 		4.4977
v 173.8652 		-68.443 		7.1561
v 171.2706 		-64.6031 		0.0371
v 168.841 		-68.4066 		7.1559
v 171.1913 		-64.6227 		0.0371
v 166.5661 		-74.884 		7.133
v 167.3294 		-74.8703 		7.133
v 163.1933 		-70.4155 		0.0153
v 169.0042 		-68.1114 		7.1575
v 171.0948 		-64.5919 		0.9291
v 163.2208 		-70.674 		0.0148
v 171.0948 		-64.589 		0.0371
v 173.0306 		-67.8954 		7.1582
v 164.6009 		-62.6254 		3.61
v 163.2538 		-70.6216 		0.0149
v 163.2482 		-70.4815 		0.0152
v 169.1257 		-67.7955 		7.1582
v 172.8683 		-67.8475 		7.1583
v 166.3535 		-74.5693 		7.1336
v 167.3299 		-74.8451 		0.0001
v 166.5666 		-74.8578 		0
v 107.0611 		-61.4843 		0.0435
v 107.8304 		-61.3596 		0.0439
v 169.6972 		-72.6591 		7.1409
v 165.8525 		-62.0847 		7.1792
v 171.7221 		-67.5656 		7.1598
v 171.7389 		-67.0018 		7.162
v 169.9007 		-72.8617 		7.1404
v 165.8504 		-62.1467 		7.1791
v 163.6873 		-70.4241 		0.0153
v 170.0853 		-73.0059 		7.1401
v 165.8151 		-62.2201 		7.1779
v 170.391 		-73.1963 		7.1388
v 162.6573 		-64.4275 		7.1701
v 107.0611 		-61.4843 		0.0425
v 161.5214 		-64.4078 		7.1701
v 106.0613 		-61.4669 		0.0435
v 106.6362 		-61.4769 		0.0435
v 106.6362 		-61.4769 		0.0425
v 161.174 		-64.2603 		4.1704
v 161.1738 		-64.2707 		7.1703
v 171.1794 		-69.39 		1.8029
v 106.0613 		-61.4669 		0.0425
v 161.365 		-64.3186 		4.1702
v 169.7347 		-72.6892 		3.5748
v 107.4447 		-60.9399 		0.0457
v 166.5168 		-69.4914 		7.1525
v 165.8379 		-62.1787 		5.395
v 107.0707 		-60.9334 		0.0457
v 165.1647 		-68.8548 		7.1548
v 169.9938 		-72.9207 		3.5733
v 165.8505 		-62.1428 		6.2871
v 107.0872 		-59.9835 		0.0488
v 106.6623 		-59.9761 		0.0487
v 106.6458 		-60.926 		0.0457
v 106.0709 		-60.916 		0.0457
v 170.476 		-70.4409 		1.7996
v 106.0874 		-59.9661 		0.0487
v 171.8634 		-67.7211 		7.1585
v 171.7869 		-67.6907 		7.1586
v 105.7054 		-67.1477 		7.1564
v 165.6618 		-61.0893 		7.1824
v 165.7876 		-60.2943 		7.1851
v 166.1849 		-69.4266 		7.1526
v 170.4972 		-73.2435 		3.5727
v 103.649 		-65.5958 		7.1616
v 165.6767 		-60.7495 		7.1841
v 170.4849 		-70.3872 		0.9077
v 170.5048 		-70.3366 		0.0168
v 170.8486 		-69.8905 		0.0178
v 162.1695 		-62.6278 		7.1769
v 170.4761 		-70.4351 		0.0166
v 170.5266 		-70.5712 		7.1484
v 163.0332 		-63.917 		7.1722
v 162.3576 		-62.9111 		7.1753
v 169.1342 		-71.6212 		7.1451
v 104.3055 		-66.1513 		7.1595
v 171.8049 		-67.6942 		5.3756
v 170.3695 		-63.5091 		1.8244
v 169.5966 		-72.5223 		7.1412
v 171.7295 		-67.6028 		6.2678
v 161.992 		-62.1936 		7.1778
v 167.0562 		-59.2923 		7.1893
v 166.2939 		-59.305 		7.1892
v 170.492 		-70.4983 		0.9075
v 104.9926 		-66.6683 		7.1574
v 170.3674 		-63.63 		1.8242
v 166.0294 		-59.7355 		7.1873
v 165.8657 		-69.317 		7.1528
v 170.3554 		-63.5727 		2.7163
v 104.9931 		-66.6431 		0.0244
v 173.5854 		-68.1995 		3.5906
v 170.5004 		-70.5301 		4.4734
v 104.306 		-66.125 		0.0265
v 170.4921 		-70.4944 		0.0165
v 170.7474 		-64.0939 		0.0392
v 163.0967 		-63.604 		7.1729
v 103.6496 		-65.5705 		0.0287
v 165.6929 		-60.6221 		3.6173
v 165.66 		-60.8506 		3.6169
v 167.9626 		-73.3121 		7.1384
v 167.9615 		-73.086 		7.1389
v 167.7498 		-74.1065 		7.1357
v 170.3879 		-63.6596 		0.0411
v 167.9017 		-73.654 		7.1367
v 165.655 		-60.9645 		3.6166
v 105.7059 		-67.1225 		0.0234
v 167.5929 		-74.4398 		7.134
v 170.4025 		-63.4498 		0.0415
v 170.3582 		-63.5831 		0.0413
v 174.3691 		-68.9736 		0.022
v 174.2095 		-68.7758 		0.0224
v 165.8154 		-62.2075 		3.612
v 170.3613 		-63.5211 		0.0414
v 171.2139 		-69.3618 		0.02
v 171.1794 		-69.3871 		0.9119
v 171.151 		-69.4137 		0.0198
v 174.1464 		-69.7048 		0.0194
v 165.5654 		-69.1638 		7.1531
v 105.6358 		-61.4847 		7.1755
v 105.6358 		-61.4847 		7.1765
v 105.0609 		-61.4747 		7.1755
v 105.0609 		-61.4747 		7.1765
v 162.1165 		-62.5132 		3.6111
v 162.2863 		-62.8122 		3.6095
v 173.5385 		-69.8623 		0.019
v 165.8507 		-62.1326 		3.3891
v 165.8528 		-62.128 		4.9501
v 104.636 		-61.4673 		7.1755
v 104.636 		-61.4673 		7.1765
v 104.0611 		-61.4573 		7.1755
v 104.0611 		-61.4573 		7.1765
v 171.1171 		-62.7321 		0.0441
v 169.2229 		-67.2729 		0.0273
v 165.8259 		-60.1684 		3.6193
v 171.2942 		-62.4422 		0.0457
v 160.7675 		-64.2266 		7.1704
v 160.5574 		-64.229 		7.1704
v 167.797 		-73.9817 		3.5699
v 169.2288 		-66.9349 		0.029
v 159.6997 		-64.3761 		7.17
v 101.8722 		-63.7296 		7.1685
v 160.1305 		-64.2776 		7.1703
v 163.8052 		-61.394 		7.1816
v 172.2581 		-69.821 		0.019
v 163.4372 		-61.1046 		7.1822
v 172.474 		-69.8848 		0.0189
v 102.4299 		-64.3834 		7.1661
v 169.0604 		-71.5509 		7.1452
v 172.8194 		-69.9198 		0.0179
v 168.9204 		-71.5485 		7.1452
v 103.0232 		-65.0068 		7.1638
v 168.4158 		-71.7507 		7.1437
v 164.0257 		-61.6529 		7.1801
v 163.9623 		-61.5598 		7.1803
v 164.8292 		-68.4769 		7.1555
v 162.4301 		-60.637 		7.1842
v 161.8211 		-61.0965 		7.1821
v 161.8603 		-61.6003 		7.1801
v 103.6361 		-61.4499 		7.1755
v 164.4152 		-67.3825 		7.1599
v 103.6361 		-61.4499 		7.1765
v 103.0612 		-61.4399 		7.1755
v 103.0612 		-61.4399 		7.1765
v 164.5236 		-67.8765 		7.1578
v 162.9031 		-60.8133 		7.1828
v 164.4009 		-66.8772 		7.1619
v 102.6363 		-61.4326 		7.1755
v 163.9626 		-61.5472 		3.6143
v 102.6363 		-61.4326 		7.1764
v 102.0614 		-61.4226 		7.1754
v 102.0614 		-61.4226 		7.1764
v 169.1109 		-71.581 		5.3611
v 163.8881 		-61.4609 		3.6145
v 169.0605 		-71.547 		6.2532
v 163.7218 		-61.302 		3.6148
v 167.3562 		-69.4217 		0.0196
v 100.8683 		-62.3339 		7.1734
v 101.351 		-63.0454 		7.1709
v 163.3376 		-61.0252 		3.6164
v 169.1002 		-66.2736 		0.0314
v 167.8323 		-69.251 		0.02
v 168.8811 		-65.8177 		0.0324
v 101.6364 		-61.4152 		7.1754
v 167.7708 		-72.0915 		7.143
v 101.6364 		-61.4152 		7.1764
v 100.6366 		-61.3978 		7.1754
v 101.0615 		-61.4052 		7.1754
v 100.6366 		-61.3978 		7.1764
v 167.107 		-64.6587 		0.0368
v 168.2678 		-68.9955 		0.0216
v 101.0615 		-61.4052 		7.1764
v 166.7693 		-64.6408 		0.0368
v 167.8072 		-71.9562 		7.1433
v 100.4251 		-61.5971 		7.176
v 168.5812 		-65.4104 		0.0343
v 166.269 		-64.7081 		0.0366
v 168.5227 		-68.7739 		0.0221
v 164.4538 		-66.5431 		7.1627
v 171.3149 		-69.3592 		2.695
v 167.875 		-71.9093 		7.1434
v 105.6454 		-60.9348 		7.1777
v 105.6619 		-59.9839 		7.1807
v 171.3539 		-69.3632 		0.02
v 105.6621 		-59.9767 		5.1407
v 105.6455 		-60.9273 		5.1387
v 168.3341 		-65.1801 		0.0347
v 105.6454 		-60.9348 		7.1787
v 162.6578 		-64.4023 		0.0371
v 105.0705 		-60.9248 		7.1777
v 105.087 		-59.9739 		7.1807
v 105.0872 		-59.9667 		5.1407
v 105.0706 		-60.9173 		5.1387
v 105.0705 		-60.9248 		7.1787
v 161.522 		-64.3825 		0.0371
v 104.6455 		-60.9174 		7.1777
v 104.6621 		-59.9666 		7.1807
v 104.6622 		-59.9593 		5.1407
v 165.7892 		-64.8678 		0.0363
v 104.6457 		-60.9099 		5.1387
v 104.6455 		-60.9174 		7.1787
v 104.0706 		-60.9074 		7.1776
v 104.0872 		-59.9566 		7.1807
v 104.0873 		-59.9493 		5.1407
v 104.0708 		-60.8999 		5.1387
v 104.0706 		-60.9074 		7.1786
v 162.3581 		-62.8859 		0.0433
v 163.0972 		-63.5788 		0.0409
v 167.772 		-72.0227 		5.3601
v 162.0286 		-62.2821 		0.0456
v 167.7856 		-71.9869 		6.2512
v 165.1611 		-68.8335 		0.0218
v 165.4245 		-69.0461 		0.0213
v 162.1168 		-62.4996 		0.0442
v 168.0585 		-64.9863 		0.0361
v 103.6457 		-60.9 		7.1776
v 103.6622 		-59.9492 		7.1807
v 103.6624 		-59.942 		5.1407
v 165.4943 		-65.0317 		0.0359
v 103.6458 		-60.8925 		5.1386
v 167.598 		-64.7782 		0.0366
v 167.8387 		-71.9248 		6.2513
v 103.6457 		-60.9 		7.1786
v 103.0708 		-60.89 		7.1776
v 165.7135 		-69.2191 		0.02
v 103.0873 		-59.9392 		7.1807
v 103.0875 		-59.932 		5.1407
v 103.0709 		-60.8825 		5.1386
v 103.0708 		-60.89 		7.1786
v 165.2237 		-65.235 		0.0345
v 102.6458 		-60.8826 		7.1776
v 166.1875 		-69.3954 		0.0196
v 102.6624 		-59.9318 		7.1807
v 102.6625 		-59.9246 		5.1407
v 102.646 		-60.8751 		5.1386
v 102.6458 		-60.8826 		7.1786
v 167.8388 		-71.9219 		5.3603
v 168.8366 		-68.3773 		0.0239
v 173.1756 		-69.913 		0.0179
v 169.0714 		-67.9293 		0.0249
v 102.0709 		-60.8726 		7.1776
v 102.0875 		-59.9218 		7.1806
v 166.6851 		-69.4801 		0.0195
v 102.0876 		-59.9146 		5.1407
v 102.0711 		-60.8651 		5.1386
v 168.9033 		-62.5294 		1.8284
v 165.207 		-62.3993 		0.0445
v 102.0709 		-60.8726 		7.1786
v 167.0233 		-69.4739 		0.0195
v 162.8732 		-64.096 		0.0388
v 167.7721 		-72.0194 		4.2451
v 167.7941 		-71.9622 		4.4683
v 160.9738 		-64.213 		0.0384
v 168.9529 		-62.4952 		2.7195
v 101.646 		-60.8653 		7.1776
v 101.6592 		-60.1024 		7.18
v 168.7942 		-62.5357 		0.0444
v 160.5579 		-64.2038 		0.0384
v 101.6461 		-60.8615 		6.1626
v 101.646 		-60.8653 		7.1786
v 101.0711 		-60.8553 		7.1776
v 100.6461 		-60.8479 		7.1776
v 168.8852 		-62.5333 		0.0444
v 101.0843 		-60.0924 		7.18
v 100.6594 		-60.085 		7.18
v 100.6461 		-60.8479 		7.1786
v 160.131 		-64.2523 		0.0383
v 100.6462 		-60.8441 		6.1626
v 164.9855 		-65.4739 		0.0339
v 164.7828 		-65.7434 		0.0324
v 159.7003 		-64.3509 		0.0371
v 169.1701 		-67.607 		0.0266
v 167.8551 		-71.9063 		4.4684
v 100.0222 		-60.837 		7.1786
v 161.8216 		-61.0703 		0.0492
v 161.9016 		-61.8178 		0.0466
v 101.0712 		-60.8515 		6.1626
v 101.0711 		-60.8553 		7.1786
v 164.7382 		-68.309 		0.0239
v 164.5844 		-68.0083 		0.0245
v 162.4307 		-60.6108 		0.0512
v 169.0427 		-71.5338 		4.9162
v 164.9314 		-68.5864 		0.0223
v 162.7875 		-60.74 		0.0509
v 101.6625 		-59.9144 		7.1806
v 101.0876 		-59.9044 		7.1806
v 100.6627 		-59.897 		7.1806
v 168.9747 		-62.4498 		0.0446
v 169.1876 		-66.6001 		0.0298
v 173.8657 		-68.4167 		0.0241
v 164.4981 		-66.3546 		0.031
v 173.6814 		-68.2585 		0.0244
v 173.39 		-68.0534 		0.0249
v 164.3926 		-67.0198 		0.0286
v 168.9378 		-62.4992 		0.0445
v 165.8726 		-73.1227 		7.1387
v 165.8686 		-73.2356 		7.1384
v 165.9187 		-73.5756 		7.1377
v 166.119 		-74.1351 		7.1355
v 168.9378 		-62.5021 		0.9365
v 167.7765 		-71.996 		3.5772
v 167.8165 		-71.9367 		3.5773
v 164.4097 		-67.3572 		0.0269
v 164.6186 		-66.0386 		0.0317
v 164.4749 		-67.6894 		0.0262
v 105.6363 		-61.4595 		0.0435
v 105.0614 		-61.4495 		0.0435
v 105.6363 		-61.4595 		0.0425
v 105.0614 		-61.4495 		0.0425
v 151.3002 		-70.2047 		0.0152
v 151.3221 		-68.9451 		0.0197
v 151.3002 		-70.2047 		0.0152
v 148.9023 		-64.1883 		7.1699
v 148.798 		-70.1914 		7.1481
v 163.7916 		-64.422 		0.0371
v 104.6365 		-61.4421 		0.0435
v 148.9021 		-64.2043 		7.1689
v 148.798 		-70.1874 		7.1471
v 104.0616 		-61.4321 		0.0435
v 148.8205 		-68.9016 		0.0197
v 148.9029 		-64.1631 		0.0369
v 104.6365 		-61.4421 		0.0425
v 171.7298 		-67.5873 		1.8098
v 148.9026 		-64.1781 		0.0369
v 168.981 		-71.5199 		3.1333
v 138.4302 		-69.9809 		0.015
v 104.0616 		-61.4321 		0.0425
v 148.7985 		-70.1652 		0.0151
v 148.7986 		-70.1612 		0.0151
v 172.8689 		-67.8213 		0.0263
v 173.0837 		-67.8901 		0.0252
v 133.8932 		-69.9322 		7.1479
v 133.9976 		-63.9292 		7.1697
v 131.3032 		-69.857 		0.0149
v 131.3032 		-69.857 		0.0149
v 131.3251 		-68.5974 		0.0195
v 103.0237 		-64.9806 		0.0309
v 133.9157 		-68.6424 		0.0195
v 133.8938 		-69.902 		0.0149
v 133.9981 		-63.9039 		0.0367
v 102.4305 		-64.3582 		0.0332
v 133.8938 		-69.906 		0.0149
v 133.9973 		-63.9452 		7.1687
v 133.8933 		-69.9282 		7.1469
v 163.1321 		-63.6391 		2.7148
v 133.9979 		-63.9189 		0.0367
v 101.8728 		-63.7034 		0.0355
v 163.138 		-63.7603 		2.7145
v 169.735 		-72.6755 		0.0078
v 165.899 		-73.4496 		3.571
v 170.0858 		-72.9797 		0.0072
v 171.7394 		-66.9756 		0.0291
v 166.0261 		-73.8999 		3.57
v 171.7226 		-67.5394 		0.0269
v 112.9808 		-69.5446 		7.1477
v 170.3915 		-73.171 		0.0068
v 113.8393 		-69.5835 		7.1476
v 112.9813 		-69.5184 		0.0147
v 113.8398 		-69.5573 		0.0147
v 171.864 		-67.6948 		0.0266
v 103.0617 		-61.4147 		0.0435
v 103.6367 		-61.4247 		0.0435
v 103.6367 		-61.4247 		0.0425
v 170.9521 		-73.4308 		0.0053
v 171.7463 		-67.6178 		0.0267
v 166.0194 		-72.0401 		7.143
v 166.028 		-72.1222 		7.1428
v 103.0617 		-61.4147 		0.0425
v 110.4353 		-69.1493 		7.1494
v 171.0521 		-64.5695 		7.1702
v 171.7875 		-67.6645 		0.0266
v 111.2763 		-69.3269 		7.148
v 112.1251 		-69.4597 		7.1478
v 171.0943 		-64.6152 		7.1701
v 171.1697 		-64.6466 		7.17
v 102.6368 		-61.4073 		0.0435
v 168.2524 		-62.3463 		0.0458
v 165.9171 		-71.9433 		7.1432
v 102.0619 		-61.3973 		0.0435
v 102.6368 		-61.4073 		0.0425
v 165.3704 		-71.8038 		7.1435
v 102.0619 		-61.3973 		0.0425
v 164.5276 		-62.5863 		2.7191
v 164.642 		-62.6252 		2.719
v 169.4057 		-61.5332 		0.0486
v 170.4982 		-60.6541 		0.0515
v 101.3516 		-63.0192 		0.038
v 170.9646 		-60.4611 		0.0519
v 100.8689 		-62.3077 		0.0405
v 170.175 		-60.8315 		0.0511
v 163.1381 		-63.7564 		1.8235
v 101.637 		-61.3899 		0.0435
v 100.6371 		-61.3726 		0.0435
v 101.062 		-61.3799 		0.0435
v 171.2701 		-64.6293 		7.1701
v 100.4256 		-61.5709 		0.043
v 169.8765 		-61.0323 		0.0507
v 101.637 		-61.3899 		0.0425
v 100.6371 		-61.3726 		0.0425
v 101.062 		-61.3799 		0.0425
v 169.6968 		-61.1842 		0.0493
v 166.0242 		-72.0534 		5.36
v 165.9549 		-71.9551 		5.3602
v 110.4358 		-69.123 		0.0164
v 163.1481 		-63.6955 		1.8237
v 112.1257 		-69.4335 		0.0148
v 164.5723 		-62.6081 		1.827
v 165.9549 		-71.958 		6.2512
v 173.6347 		-65.6516 		7.167
v 164.6468 		-62.6185 		1.827
v 105.6624 		-59.9587 		0.0487
v 173.448 		-65.8013 		7.1657
v 105.6459 		-60.9086 		0.0457
v 174.2966 		-64.912 		7.1696
v 105.071 		-60.8986 		0.0457
v 111.2769 		-69.3017 		0.0161
v 173.8125 		-65.4866 		7.1674
v 105.0875 		-59.9487 		0.0487
v 170.5272 		-70.546 		0.0154
v 166.01 		-72.0103 		4.0221
v 165.9551 		-71.9483 		3.5772
v 104.6626 		-59.9413 		0.0487
v 104.6461 		-60.8912 		0.0457
v 174.0634 		-65.2119 		7.168
v 104.0712 		-60.8812 		0.0457
v 104.0877 		-59.9313 		0.0487
v 164.6423 		-62.6105 		0.044
v 164.0065 		-72.8832 		7.1401
v 164.2181 		-72.6169 		7.1407
v 163.7464 		-73.1167 		7.1386
v 163.0108 		-73.547 		7.1376
v 164.4887 		-62.5289 		0.0442
v 169.1347 		-71.595 		0.0121
v 169.5971 		-72.4971 		0.0092
v 103.6627 		-59.924 		0.0487
v 103.6462 		-60.8738 		0.0457
v 163.4478 		-73.3186 		7.1381
v 103.0713 		-60.8638 		0.0457
v 164.5812 		-62.6114 		0.936
v 103.0878 		-59.914 		0.0487
v 107.9879 		-68.3426 		7.152
v 108.7886 		-68.6566 		7.1503
v 109.6051 		-68.9248 		7.1498
v 102.6629 		-59.9066 		0.0487
v 102.6464 		-60.8564 		0.0457
v 164.5278 		-62.5765 		0.0441
v 171.0946 		-64.6016 		3.6041
v 102.0715 		-60.8464 		0.0457
v 102.088 		-59.8966 		0.0487
v 100.6632 		-59.8718 		0.0487
v 100.6467 		-60.8216 		0.0456
v 173.1518 		-65.9862 		7.1653
v 101.6631 		-59.8892 		0.0487
v 101.0881 		-59.8792 		0.0487
v 172.946 		-66.0846 		7.1651
v 101.6465 		-60.839 		0.0457
v 101.0716 		-60.829 		0.0456
v 106.4448 		-67.5877 		7.1545
v 172.8374 		-66.1168 		7.165
v 100.0228 		-60.8108 		0.0456
v 171.232 		-64.6349 		4.4951
v 107.206 		-67.987 		7.1527
v 163.6494 		-73.1734 		3.5725
v 170.3592 		-63.5783 		7.1743
v 170.7468 		-64.1201 		7.1721
v 170.3873 		-63.6858 		7.1731
v 164.0872 		-72.788 		3.5733
v 163.1459 		-63.7097 		0.0396
v 163.1196 		-63.7872 		0.0395
v 171.7134 		-66.3983 		7.1633
v 163.141 		-63.6486 		0.0408
v 171.7629 		-66.3111 		7.1645
v 164.686 		-71.6508 		7.1438
v 164.7987 		-71.6128 		7.1439
v 170.402 		-63.476 		7.1745
v 171.8385 		-66.2774 		7.1646
v 164.6481 		-71.7002 		7.1437
v 171.7802 		-66.2936 		5.3806
v 167.9621 		-73.0608 		0.0069
v 167.6484 		-74.3035 		0.0022
v 106.4454 		-67.5624 		0.0215
v 109.6056 		-68.8996 		0.0168
v 167.8742 		-73.7424 		0.0044
v 173.3511 		-65.853 		3.5996
v 107.9885 		-68.3174 		0.019
v 167.9472 		-73.4006 		0.0052
v 108.7891 		-68.6304 		0.0184
v 173.7244 		-65.5565 		3.6002
v 107.2066 		-67.9607 		0.0207
v 173.9829 		-65.2949 		3.6018
v 164.8098 		-71.6038 		5.286
v 164.8103 		-71.6048 		5.3909
v 165.785 		-62.2311 		2.7199
v 165.8381 		-62.169 		2.721
v 164.678 		-71.6528 		5.8068
v 167.5958 		-62.0278 		0.0464
v 167.7723 		-72.0101 		1.7931
v 167.6374 		-62.1655 		0.9371
v 167.7057 		-62.2067 		0.0461
v 167.594 		-62.0727 		0.9383
v 167.8391 		-71.9073 		1.3484
v 167.8552 		-71.9005 		2.6854
v 163.2656 		-70.567 		7.148
v 167.6375 		-62.1626 		0.0461
v 163.2203 		-70.6992 		7.1477
v 165.6623 		-61.063 		0.0494
v 165.7502 		-60.3815 		0.0519
v 167.7512 		-61.0274 		0.0506
v 165.6772 		-60.7233 		0.0511
v 167.7242 		-60.6878 		0.0513
v 169.0796 		-71.5408 		1.7952
v 167.597 		-60.2366 		0.0533
v 163.1928 		-70.4417 		7.1483
v 168.5884 		-71.6655 		0.0119
v 168.9511 		-71.5157 		0.0123
v 170.3663 		-63.6326 		5.3902
v 169.0022 		-71.5105 		0.9043
v 169.0798 		-71.534 		0.0122
v 163.2534 		-70.641 		5.3648
v 163.2555 		-70.52 		5.3651
v 170.3551 		-63.5853 		6.2823
v 167.3355 		-59.6869 		0.0554
v 163.265 		-70.6041 		6.2559
v 170.3692 		-63.5217 		5.3904
v 171.1166 		-62.7574 		7.1771
v 171.1851 		-62.6685 		7.1773
v 168.5766 		-65.4406 		7.1672
v 169.0384 		-66.1417 		7.1647
# 807 vertices

g group_2_6383466

usemtl color_6383466
s 0

f 5025 	4384 	4383
f 4380 	4381 	4830
f 4395 	4422 	4397
f 4405 	5147 	4390
f 4422 	4395 	4424
f 4403 	5131 	4392
f 4403 	4392 	4391
f 4409 	4379 	4408
f 4666 	4401 	4407
f 4375 	4389 	4415
f 4666 	4415 	4401
f 4430 	4407 	4401
f 4426 	4414 	4419
f 4427 	4402 	4406
f 4453 	4411 	4413
f 4445 	5072 	4400
f 4423 	4420 	4421
f 4401 	4415 	4430
f 4457 	4459 	4417
f 5175 	4420 	4423
f 4431 	4432 	4414
f 4414 	4426 	4431
f 4592 	4422 	4424
f 4427 	4429 	5057
f 4400 	4439 	4445
f 4400 	4399 	4439
f 4428 	4410 	4459
f 4440 	4441 	4809
f 4466 	4407 	4430
f 4419 	4418 	4426
f 5069 	5057 	4429
f 4457 	4417 	4411
f 4433 	4434 	4481
f 4462 	4481 	4434
f 4375 	4447 	4389
f 4471 	4462 	4434
f 4414 	4449 	4398
f 4414 	4432 	4449
f 4434 	4706 	4471
f 5069 	4429 	4437
f 4447 	4451 	4389
f 4384 	4437 	4383
f 4431 	4449 	4432
f 4929 	4937 	4446
f 4451 	4415 	4389
f 4388 	4435 	4384
f 4464 	4449 	4431
f 4430 	4415 	4451
f 4402 	4427 	4454
f 4438 	5132 	4443
f 4410 	4417 	4459
f 4430 	4451 	4466
f 4499 	4501 	4442
f 5136 	4448 	4444
f 4509 	4499 	4442
f 4653 	4654 	4452
f 5133 	4653 	4452
f 4605 	4463 	4459
f 4452 	4448 	5136
f 4449 	4464 	4461
f 5084 	4456 	4465
f 5133 	4452 	5136
f 4437 	4384 	4435
f 4443 	5139 	4444
f 4826 	4393 	4380
f 4383 	4437 	4429
f 4428 	4459 	4463
f 4830 	4381 	4404
f 4461 	4464 	4431
f 4461 	4431 	4426
f 4425 	4454 	4460
f 4399 	4407 	4466
f 4462 	4471 	4706
f 4466 	4472 	4399
f 4439 	4399 	4472
f 4472 	4477 	4439
f 4478 	4479 	4470
f 4477 	4445 	4439
f 4429 	4406 	4383
f 4482 	4478 	4470
f 4480 	4468 	4503
f 4380 	4484 	4381
f 4475 	4482 	4470
f 4406 	4429 	4427
f 5074 	4503 	4468
f 4470 	4479 	4469
f 4479 	4485 	4469
f 4402 	4454 	4425
f 4375 	4483 	4447
f 4476 	4404 	4381
f 4381 	4484 	4476
f 4469 	4485 	4473
f 4468 	4492 	4467
f 4467 	4492 	4491
f 5055 	4467 	4491
f 4438 	4491 	5132
f 4495 	4491 	4492
f 5095 	4402 	5094
f 4490 	4501 	4494
f 4495 	4492 	4498
f 4377 	4483 	4375
f 4492 	4468 	4480
f 4487 	5111 	4497
f 4492 	4480 	4498
f 4494 	4501 	4499
f 4418 	5178 	4474
f 4503 	4495 	4498
f 4425 	4460 	4497
f 4501 	4490 	4442
f 4493 	4608 	4496
f 4497 	4629 	4487
f 4412 	5132 	4491
f 4637 	4572 	4433
f 4502 	4500 	4484
f 5043 	4485 	4479
f 4433 	4572 	4434
f 4480 	4503 	4498
f 4433 	4442 	4637
f 4487 	4628 	4488
f 4483 	4451 	4447
f 4495 	4382 	4491
f 4412 	4491 	4382
f 4488 	4625 	4486
f 4489 	4496 	4606
f 4508 	4509 	4510
f 4442 	4703 	4750
f 4586 	4507 	4416
f 4515 	4511 	4380
f 4517 	4512 	4513
f 4393 	4449 	4515
f 4513 	4570 	4517
f 4509 	4494 	4499
f 4523 	4519 	4520
f 4518 	4520 	4519
f 4515 	4380 	4393
f 4442 	4750 	4509
f 4522 	4521 	4753
f 4529 	4547 	4523
f 4442 	4433 	4703
f 4547 	4544 	4523
f 4530 	4532 	4531
f 4533 	5116 	4527
f 4481 	4690 	4701
f 4486 	4529 	4719
f 4512 	4403 	4391
f 4719 	4488 	4486
f 4531 	4536 	4530
f 4530 	4536 	4515
f 4539 	4554 	4519
f 4542 	4557 	4541
f 4385 	4403 	4517
f 4543 	4542 	4541
f 4543 	4541 	4539
f 4512 	4517 	4403
f 4519 	4523 	4539
f 4544 	4539 	4523
f 4511 	4515 	4536
f 4536 	4531 	4511
f 4511 	4531 	4526
f 4548 	4549 	4376
f 4516 	4597 	4527
f 4539 	4544 	4547
f 4549 	4493 	5137
f 4526 	4531 	4532
f 4518 	4519 	4554
f 4554 	4539 	4556
f 4541 	4556 	4539
f 4557 	4556 	4541
f 4554 	4556 	4558
f 4557 	4558 	4556
f 4554 	4559 	4520
f 4554 	4520 	4518
f 4534 	4404 	4476
f 4409 	4408 	4598
f 4535 	4534 	4567
f 5037 	4567 	4534
f 4565 	4778 	4550
f 4778 	4576 	4550
f 4773 	4767 	4551
f 4565 	4550 	4566
f 4538 	4773 	4551
f 4565 	4566 	4568
f 5037 	4647 	4567
f 4505 	4560 	4573
f 4578 	4570 	4513
f 4616 	4618 	4573
f 4560 	4504 	4573
f 4567 	4545 	4535
f 4618 	4583 	4573
f 4590 	4569 	4555
f 4549 	4548 	4605
f 4581 	4528 	4635
f 4579 	4422 	4584
f 4707 	4507 	4586
f 4584 	4422 	4574
f 4576 	4601 	4577
f 4397 	4422 	4579
f 4573 	4583 	4505
f 4730 	4546 	4708
f 4564 	4563 	4562
f 4564 	4562 	4561
f 5161 	4587 	4552
f 4778 	4601 	4576
f 4521 	4522 	4561
f 4588 	4561 	4522
f 4553 	4587 	4555
f 4520 	4559 	4522
f 4588 	4522 	4559
f 4559 	4554 	4561
f 4559 	4561 	4588
f 4555 	4587 	4590
f 4558 	4564 	4561
f 4558 	4561 	4554
f 4553 	4552 	4587
f 4592 	4574 	4422
f 4591 	4509 	4508
f 4490 	4494 	4591
f 4591 	4494 	4509
f 4539 	4679 	4543
f 4465 	4456 	4589
f 4589 	4456 	4593
f 4490 	4591 	4550
f 4682 	4542 	4543
f 4688 	4558 	4557
f 4550 	4591 	4566
f 4512 	4578 	4513
f 4558 	4688 	4564
f 4568 	4778 	4565
f 4578 	4512 	4391
f 4596 	4532 	4530
f 4409 	4598 	4599
f 4615 	4528 	4581
f 4600 	4596 	4530
f 4535 	4604 	4586
f 4385 	4517 	4594
f 4517 	4570 	4594
f 4600 	4530 	4515
f 4545 	4546 	4730
f 4455 	4597 	4593
f 4575 	4434 	4572
f 4602 	4599 	4598
f 4594 	5129 	4385
f 5152 	4600 	4515
f 4615 	4577 	4601
f 4593 	4456 	4455
f 4603 	4602 	4598
f 4589 	4593 	4597
f 4748 	4591 	4508
f 4598 	4408 	4603
f 4597 	4516 	4589
f 4586 	4604 	4613
f 4545 	4604 	4535
f 4615 	4581 	4577
f 4413 	4606 	4453
f 4545 	4730 	4604
f 4453 	4606 	4607
f 4572 	4824 	4575
f 4411 	4453 	4608
f 4607 	4608 	4453
f 4609 	4613 	4604
f 4602 	4603 	4663
f 4637 	4442 	4490
f 4457 	4608 	4614
f 4611 	4573 	4504
f 4611 	4616 	4573
f 4459 	4457 	4614
f 4605 	4428 	4463
f 4614 	4605 	4459
f 4457 	4411 	4608
f 4831 	4824 	4572
f 4609 	4604 	4730
f 4612 	4619 	4610
f 4620 	4583 	4618
f 4413 	4489 	4606
f 4615 	4617 	4528
f 4408 	5148 	4603
f 4455 	4458 	4620
f 4607 	4496 	4608
f 4493 	4614 	4608
f 4621 	4609 	4622
f 4621 	4613 	4609
f 4496 	4607 	4606
f 4810 	4585 	4582
f 4609 	4634 	4622
f 4629 	5134 	4628
f 4622 	4634 	4626
f 4620 	4597 	4455
f 4549 	4614 	4493
f 5138 	4460 	4454
f 4458 	4505 	4620
f 4630 	4627 	4612
f 4549 	4605 	4614
f 4630 	4612 	4610
f 4595 	4648 	4663
f 4505 	4583 	4620
f 4595 	4663 	4603
f 5041 	4482 	4631
f 4609 	4730 	4626
f 4470 	4469 	4633
f 4632 	4633 	4469
f 4475 	4470 	4633
f 4525 	4635 	4524
f 4635 	4528 	4524
f 4626 	4634 	4609
f 4475 	4633 	4631
f 4514 	4611 	4595
f 4537 	4533 	4618
f 4428 	4605 	4636
f 4620 	4533 	4527
f 4605 	4548 	4636
f 4620 	4618 	4533
f 4540 	4537 	4618
f 4630 	4643 	4729
f 4616 	4540 	4618
f 4504 	5158 	4611
f 4597 	4620 	4527
f 4629 	4628 	4487
f 4642 	4637 	4490
f 4497 	4460 	4629
f 4616 	4611 	4514
f 4540 	4616 	4514
f 4490 	4650 	4642
f 4574 	4649 	4648
f 4625 	4488 	4628
f 4648 	4579 	4584
f 4648 	4584 	4574
f 4397 	4579 	4644
f 4486 	4625 	4624
f 4640 	4741 	4639
f 4486 	4624 	4529
f 5036 	4545 	4567
f 5036 	4567 	4647
f 4644 	4579 	4648
f 4654 	4639 	4652
f 4643 	4638 	4645
f 4581 	4623 	4577
f 4638 	4630 	4610
f 4659 	4551 	4650
f 4648 	4649 	4663
f 4646 	4651 	4576
f 4646 	4577 	4623
f 4639 	4654 	4640
f 4581 	4635 	4623
f 4553 	4555 	4700
f 4654 	4653 	4640
f 4630 	4638 	4643
f 4576 	4577 	4646
f 4642 	4891 	4637
f 4574 	4641 	4649
f 4658 	4662 	4526
f 4511 	4526 	4662
f 4592 	4424 	4641
f 4891 	4642 	4893
f 4696 	4700 	4555
f 4650 	4893 	4642
f 4526 	4695 	4658
f 4551 	4925 	4650
f 4925 	4551 	4767
f 4659 	4660 	4551
f 4638 	4610 	4636
f 4656 	4529 	4624
f 4641 	4574 	4592
f 4550 	4576 	4651
f 4842 	4968 	4641
f 4665 	4511 	4662
f 4506 	4507 	4667
f 4641 	4663 	4649
f 4375 	4415 	4666
f 4507 	4707 	4667
f 4619 	4636 	4610
f 4656 	4547 	4529
f 4666 	4377 	4375
f 4686 	4682 	4668
f 4611 	4644 	4595
f 4538 	4551 	4660
f 4595 	4644 	4648
f 4407 	4664 	4666
f 4658 	4685 	4662
f 4655 	4671 	4672
f 4655 	4672 	4668
f 4673 	4674 	4669
f 4665 	4484 	4380
f 4672 	4686 	4668
f 4665 	4502 	4484
f 4748 	4508 	4675
f 4691 	4689 	4676
f 4958 	4933 	4663
f 4750 	4675 	4508
f 4933 	4932 	4663
f 4510 	4750 	4508
f 4956 	4958 	4663
f 4670 	4959 	4676
f 4538 	4660 	5123
f 4665 	4380 	4511
f 4669 	4677 	4673
f 5019 	4827 	4585
f 4657 	4713 	4678
f 4547 	4679 	4539
f 4682 	4543 	4679
f 4679 	4656 	4655
f 4651 	4692 	4550
f 4681 	4502 	4665
f 4679 	4547 	4656
f 4682 	4679 	4655
f 4664 	4661 	4684
f 4638 	4636 	4594
f 4490 	4693 	4650
f 4682 	4686 	4542
f 4594 	4570 	4638
f 4655 	4668 	4682
f 4664 	4684 	4666
f 4681 	4665 	4685
f 4548 	4594 	4636
f 4557 	4687 	4688
f 4557 	4542 	4686
f 4557 	4686 	4687
f 4688 	4689 	4564
f 4671 	4670 	4689
f 4671 	4689 	4688
f 4671 	4688 	4672
f 4687 	4672 	4688
f 4686 	4672 	4687
f 4564 	4689 	4563
f 4691 	4563 	4689
f 4690 	4481 	4462
f 4670 	4676 	4689
f 4726 	4690 	4462
f 4665 	4662 	4685
f 4692 	4693 	4550
f 4691 	4676 	5064
f 4553 	4695 	4552
f 4377 	4666 	4698
f 4693 	4490 	4550
f 4553 	4700 	4695
f 4510 	4509 	4750
f 4848 	4669 	4667
f 4481 	4701 	4702
f 4702 	4433 	4481
f 4627 	4630 	4729
f 4669 	4848 	4677
f 4657 	4678 	4684
f 4684 	4661 	4657
f 4703 	4433 	4702
f 4552 	4695 	4526
f 4529 	4523 	4719
f 4705 	4702 	4701
f 4650 	4693 	4659
f 4782 	4706 	4434
f 4709 	4706 	4782
f 5007 	5005 	4659
f 4732 	4700 	4696
f 4693 	4692 	4711
f 4732 	4696 	4768
f 4709 	4400 	4706
f 4721 	4768 	4696
f 4400 	4713 	4657
f 4696 	4555 	4569
f 4693 	4714 	4659
f 4716 	4717 	4571
f 4657 	4399 	4400
f 4399 	4657 	4661
f 4664 	4407 	4661
f 4714 	4693 	4711
f 4720 	4712 	4723
f 4721 	4571 	4717
f 4661 	4407 	4399
f 4709 	4713 	4400
f 5072 	4706 	4400
f 4569 	4571 	4696
f 4571 	4721 	4696
f 4787 	4788 	4708
f 4708 	4860 	4730
f 4726 	4462 	4706
f 4420 	4721 	4717
f 5013 	4692 	4983
f 4651 	4983 	4692
f 4705 	4701 	4718
f 4718 	4701 	4690
f 4670 	4671 	4724
f 4586 	4613 	4707
f 4724 	4727 	4670
f 4728 	4705 	4718
f 4707 	4613 	4621
f 5087 	4713 	4709
f 4724 	4710 	4727
f 4643 	4645 	4729
f 4708 	4758 	4860
f 4623 	4635 	4725
f 4627 	4729 	5100
f 4741 	4640 	4653
f 4737 	5119 	4729
f 4733 	4739 	4700
f 4711 	4692 	5013
f 4695 	4700 	4739
f 4743 	4712 	4720
f 4690 	4726 	4718
f 4732 	4733 	4700
f 4699 	4727 	4710
f 4727 	4699 	4731
f 4738 	4736 	4772
f 4724 	4719 	4710
f 4724 	4740 	4719
f 4694 	4719 	4740
f 4758 	4708 	4704
f 4525 	4744 	4745
f 4754 	4756 	4699
f 4757 	4704 	4715
f 4712 	4747 	4742
f 4500 	4502 	4681
f 4522 	4719 	4520
f 4719 	4522 	4710
f 4635 	4525 	4745
f 4710 	4754 	4699
f 4712 	4743 	4747
f 4748 	4675 	4749
f 4523 	4520 	4719
f 4750 	4748 	4749
f 4744 	4525 	4524
f 4744 	4524 	4751
f 5034 	4697 	4722
f 4835 	4753 	4521
f 4761 	4760 	4746
f 4753 	4835 	4754
f 5156 	5127 	4752
f 4675 	4750 	4749
f 4683 	4865 	4936
f 4753 	4754 	4522
f 4720 	4737 	4743
f 4755 	4762 	4756
f 4704 	4757 	4758
f 4522 	4754 	4710
f 4746 	4500 	4761
f 4759 	4751 	4528
f 4500 	4681 	4761
f 4685 	4658 	4761
f 4761 	4681 	4685
f 4751 	4524 	4528
f 4658 	4760 	4761
f 4763 	4756 	4762
f 4891 	4750 	4703
f 4878 	4752 	4722
f 4885 	4878 	4722
f 4469 	4450 	4769
f 4736 	4741 	4772
f 4769 	4632 	4469
f 4866 	4865 	4683
f 4763 	4699 	4756
f 4683 	4752 	4866
f 4751 	4759 	4744
f 4744 	4759 	4745
f 4568 	4837 	4778
f 4885 	4722 	4697
f 4780 	4601 	4778
f 4772 	5136 	4738
f 4575 	4784 	4782
f 4780 	4783 	4601
f 4434 	4575 	4782
f 4785 	4763 	4765
f 4785 	4699 	4763
f 4765 	4781 	4785
f 4752 	4683 	5156
f 4575 	4580 	4784
f 4683 	5166 	5156
f 4708 	4546 	4787
f 4786 	4784 	4580
f 4777 	4708 	4788
f 4704 	4708 	4777
f 5166 	4683 	4789
f 4731 	4699 	4785
f 4793 	4869 	4795
f 4792 	4715 	4779
f 4777 	4807 	4809
f 4799 	4790 	4791
f 4764 	4793 	4765
f 4795 	4765 	4793
f 4799 	4791 	4792
f 4797 	4781 	4795
f 4765 	4795 	4781
f 4794 	4800 	4669
f 4799 	4792 	4779
f 4788 	4787 	4802
f 4801 	4884 	4803
f 4787 	4436 	4802
f 4807 	4802 	4436
f 4889 	4805 	4803
f 4928 	4791 	4934
f 4803 	4797 	4801
f 4796 	4801 	4797
f 4784 	4808 	4782
f 4803 	4805 	4812
f 4440 	4807 	4436
f 4669 	4800 	4667
f 4797 	4803 	4775
f 4868 	4394 	4396
f 4797 	4775 	4781
f 4812 	4775 	4803
f 4773 	4942 	4578
f 4802 	4807 	4777
f 4779 	4715 	4777
f 4958 	4794 	4798
f 4440 	4809 	4807
f 4810 	4582 	4815
f 4809 	4779 	4777
f 4709 	4808 	4806
f 4774 	5166 	4798
f 4779 	4809 	4813
f 4813 	4809 	4441
f 4782 	4808 	4709
f 4441 	4446 	4813
f 4815 	4582 	4580
f 4446 	4799 	4813
f 4936 	4789 	4683
f 4817 	4908 	4819
f 4799 	4779 	4813
f 4937 	4790 	4799
f 4815 	4580 	4575
f 4777 	4788 	4802
f 4794 	4774 	4798
f 4704 	4777 	4715
f 4824 	4815 	4575
f 4931 	4914 	4825
f 4776 	4774 	4794
f 4393 	4826 	4823
f 4913 	4931 	4825
f 4913 	4825 	4819
f 4580 	4582 	4786
f 4771 	4776 	4794
f 4770 	4771 	4794
f 4819 	4805 	4817
f 4804 	4817 	4805
f 4578 	4814 	4570
f 4821 	4820 	4822
f 4821 	4822 	4825
f 4794 	4674 	4770
f 4822 	4828 	4811
f 4794 	4669 	4674
f 4380 	4830 	4826
f 4667 	4832 	4506
f 4833 	4591 	4748
f 4811 	4819 	4825
f 4825 	4822 	4811
f 4570 	4814 	4638
f 4812 	4805 	4819
f 4812 	4819 	4811
f 4812 	4811 	5040
f 4645 	4638 	4814
f 4521 	4561 	4835
f 4833 	4566 	4591
f 4561 	4562 	4836
f 4561 	4836 	4835
f 4814 	4816 	4645
f 4790 	4937 	4934
f 4838 	4836 	4563
f 4562 	4563 	4836
f 4835 	4836 	4839
f 4838 	4839 	4836
f 4832 	4667 	4800
f 4754 	4835 	4841
f 4843 	4849 	4755
f 4844 	4849 	4843
f 4903 	4842 	4667
f 4845 	4851 	4844
f 4846 	4845 	4844
f 4846 	4844 	4843
f 4755 	4756 	4843
f 4847 	4843 	4756
f 4841 	4847 	4756
f 4841 	4756 	4754
f 4786 	4582 	4834
f 4841 	4835 	4843
f 4841 	4843 	4847
f 4729 	4816 	4829
f 4839 	4846 	4843
f 4839 	4843 	4835
f 4849 	4762 	4755
f 4844 	4850 	4849
f 4851 	4850 	4844
f 4705 	4824 	4702
f 4849 	4850 	4853
f 4851 	4853 	4850
f 4852 	4830 	4404
f 4582 	4585 	4834
f 4677 	4848 	4673
f 4944 	4506 	4832
f 4762 	4849 	4763
f 4854 	4763 	4849
f 4947 	4944 	4832
f 4855 	4869 	4764
f 4572 	4891 	4831
f 4667 	4842 	4848
f 4394 	4868 	4840
f 4856 	4869 	4855
f 4800 	4947 	4832
f 4834 	4585 	4827
f 4858 	4857 	4856
f 4858 	4856 	4855
f 4848 	4842 	4641
f 4764 	4765 	4855
f 4859 	4855 	4765
f 4854 	4859 	4765
f 4854 	4765 	4763
f 4663 	4641 	4968
f 4854 	4849 	4855
f 4854 	4855 	4859
f 4853 	4858 	4855
f 4853 	4855 	4849
f 4816 	4729 	4645
f 4730 	4860 	4861
f 4852 	4404 	4416
f 4691 	4838 	4563
f 4729 	4829 	4737
f 4840 	4737 	4829
f 4743 	4737 	4840
f 4818 	4862 	4864
f 4864 	4827 	4818
f 4793 	4764 	4869
f 4863 	4867 	4757
f 4869 	4856 	4870
f 4860 	4758 	4757
f 4871 	4870 	4857
f 4856 	4857 	4870
f 4416 	4872 	4852
f 4869 	4870 	4873
f 4871 	4873 	4870
f 4874 	4868 	4396
f 4876 	4795 	4869
f 4867 	4860 	4757
f 4877 	4884 	4796
f 4878 	4866 	4752
f 4879 	4884 	4877
f 4874 	4396 	4398
f 4880 	4887 	4879
f 4702 	4891 	4703
f 4881 	4880 	4879
f 4881 	4879 	4877
f 4702 	4831 	4891
f 4796 	4797 	4877
f 4882 	4877 	4797
f 4874 	4393 	4823
f 4815 	4824 	5168
f 4876 	4882 	4797
f 4876 	4797 	4795
f 4834 	4827 	4875
f 4783 	4615 	4601
f 4827 	4864 	4875
f 4874 	4398 	4393
f 4783 	4617 	4615
f 4883 	4872 	4416
f 4876 	4869 	4877
f 4876 	4877 	4882
f 4873 	4881 	4877
f 4873 	4877 	4869
f 4884 	4801 	4796
f 4879 	4886 	4884
f 4890 	4875 	4864
f 4887 	4886 	4879
f 4862 	4890 	4864
f 4884 	4886 	4888
f 4887 	4888 	4886
f 4810 	5167 	4378
f 4386 	4826 	4830
f 4730 	4861 	4626
f 4757 	4715 	4863
f 5152 	4874 	4823
f 4702 	4824 	4831
f 4893 	4750 	4891
f 4837 	4833 	4748
f 4568 	4833 	4837
f 4885 	4697 	4680
f 4572 	4637 	4891
f 4515 	4449 	5030
f 4833 	4568 	4566
f 4875 	4890 	4834
f 4826 	4386 	4405
f 4889 	4803 	4884
f 4826 	4405 	5157
f 4894 	4908 	4804
f 4617 	4783 	4892
f 4926 	4834 	4890
f 4896 	4885 	4680
f 4599 	4878 	4885
f 4441 	4440 	4867
f 4412 	4904 	4818
f 4899 	4910 	4461
f 4860 	4867 	4440
f 4461 	4910 	4449
f 4898 	4897 	4895
f 4898 	4895 	4894
f 4804 	4805 	4894
f 4901 	4894 	4805
f 4900 	5080 	4476
f 4805 	4889 	4901
f 4889 	4884 	4894
f 4889 	4894 	4901
f 4617 	4892 	4528
f 4888 	4898 	4894
f 4888 	4894 	4884
f 4476 	4484 	4900
f 4902 	4896 	4680
f 4667 	4707 	4903
f 4896 	4495 	4885
f 5080 	4852 	4872
f 4907 	4941 	4899
f 4900 	4830 	4852
f 4707 	5122 	4903
f 4426 	4899 	4461
f 4968 	4842 	4903
f 4899 	4426 	4907
f 4673 	4906 	4674
f 4528 	4892 	4759
f 4817 	4804 	4908
f 4908 	4894 	4909
f 4674 	4906 	4770
f 4890 	4904 	4905
f 4902 	4680 	4585
f 4909 	4912 	4908
f 4900 	4386 	4830
f 4911 	4920 	4771
f 4913 	4819 	4908
f 4906 	4911 	4771
f 4904 	4954 	4905
f 4820 	4821 	4915
f 4914 	4915 	4821
f 4917 	4918 	4915
f 4917 	4915 	4914
f 4904 	4890 	4862
f 4945 	4892 	4783
f 4906 	4771 	4770
f 4919 	4822 	4915
f 4883 	4416 	4507
f 4848 	4920 	4911
f 4892 	4943 	4759
f 4918 	4921 	4915
f 4878 	4602 	4866
f 4906 	4848 	4911
f 4883 	4507 	4922
f 4776 	4771 	4920
f 4822 	4820 	4915
f 4599 	4602 	4878
f 4840 	4910 	4916
f 4503 	4599 	4885
f 4507 	4923 	4922
f 4848 	4924 	4920
f 4925 	4893 	4650
f 4902 	4378 	4896
f 4810 	4902 	4585
f 4924 	4774 	4776
f 4923 	4507 	4506
f 4919 	4927 	4822
f 4382 	4495 	4896
f 4924 	4776 	4920
f 4783 	4780 	4946
f 4503 	4885 	4495
f 4955 	4926 	4905
f 4673 	4848 	4906
f 4927 	4828 	4822
f 4927 	4919 	4915
f 4602 	4663 	4866
f 4916 	4953 	4948
f 4926 	4890 	4905
f 4916 	4910 	4899
f 4791 	4928 	4792
f 4896 	4378 	4382
f 4930 	4917 	4914
f 4928 	4929 	4792
f 4863 	4715 	4792
f 4821 	4825 	4914
f 4810 	4378 	4902
f 4913 	4908 	4914
f 4913 	4914 	4931
f 4863 	4792 	4929
f 4932 	4933 	4789
f 4899 	4953 	4916
f 4912 	4930 	4914
f 4912 	4914 	4908
f 4790 	4934 	4791
f 4808 	4935 	4806
f 4909 	4938 	4912
f 4936 	4932 	4789
f 4935 	4808 	4784
f 4984 	4778 	4983
f 4446 	4937 	4799
f 4784 	4978 	4935
f 4748 	4750 	4893
f 4938 	4909 	4895
f 4894 	4895 	4909
f 4984 	4780 	4778
f 4917 	4939 	4940
f 4917 	4940 	4918
f 4941 	4953 	4899
f 4983 	4778 	4837
f 4895 	4897 	4938
f 4538 	4942 	4773
f 4418 	4474 	4941
f 4635 	4943 	4725
f 4725 	4943 	4945
f 4814 	4942 	4538
f 4917 	4930 	4939
f 4945 	4946 	4725
f 4814 	4578 	4942
f 4446 	4441 	4863
f 4921 	4918 	4940
f 4946 	4623 	4725
f 4446 	4863 	4929
f 4646 	4623 	4946
f 4939 	5107 	4940
f 4418 	4941 	4426
f 4929 	4928 	4934
f 5110 	5107 	4930
f 4939 	4930 	5107
f 4929 	4934 	4937
f 5113 	4927 	4915
f 4735 	4949 	4734
f 4951 	4734 	4950
f 4950 	4734 	4949
f 4867 	4863 	4441
f 4951 	4952 	4736
f 4915 	4921 	5113
f 4635 	4745 	4943
f 5110 	4930 	4912
f 4736 	4738 	4951
f 4652 	4639 	4741
f 4800 	4794 	4947
f 4724 	4655 	4656
f 4774 	4966 	4967
f 4945 	4783 	4946
f 4655 	4724 	4671
f 4956 	4947 	4794
f 5166 	4774 	4967
f 4892 	4945 	4943
f 4641 	4967 	4981
f 4727 	4731 	4959
f 4957 	4923 	4506
f 4969 	4960 	4731
f 4958 	4956 	4794
f 4904 	5150 	4954
f 4731 	4990 	4969
f 4745 	4759 	4943
f 4741 	4736 	4952
f 4652 	4741 	4952
f 4955 	4378 	4834
f 4959 	4670 	4727
f 4974 	4774 	4924
f 4941 	4948 	4953
f 4955 	5154 	5155
f 4641 	4964 	4924
f 4924 	4848 	4641
f 4959 	4961 	4676
f 4834 	4926 	4955
f 4840 	4868 	4910
f 4960 	5066 	4959
f 4974 	4924 	4964
f 4981 	4963 	4641
f 4646 	4946 	4984
f 4948 	4742 	4747
f 5064 	4961 	5066
f 4959 	5066 	4961
f 4948 	4941 	4742
f 4676 	4961 	5064
f 4957 	4968 	4923
f 4983 	4651 	4646
f 4968 	4883 	4922
f 4964 	4641 	4963
f 5154 	4955 	4954
f 4798 	4933 	4958
f 4506 	4944 	4957
f 4959 	4731 	4960
f 4774 	4974 	4966
f 4975 	4962 	4969
f 4960 	4969 	4962
f 4963 	4965 	4964
f 4905 	4954 	4955
f 4976 	4714 	4711
f 4711 	5024 	5018
f 4971 	4967 	4970
f 4967 	4966 	4970
f 4974 	4970 	4966
f 4862 	4818 	4904
f 4798 	4789 	4933
f 4990 	4972 	4969
f 5007 	4659 	4714
f 4973 	4974 	4964
f 4711 	5018 	4976
f 4972 	5076 	4969
f 4663 	4932 	4936
f 4974 	4973 	4977
f 5076 	4975 	4969
f 4965 	4979 	4973
f 4965 	4973 	4964
f 4951 	4738 	4734
f 4907 	4426 	4941
f 4981 	4982 	4963
f 4968 	4922 	4923
f 4971 	4982 	4981
f 4971 	4981 	4967
f 4963 	4982 	4979
f 4963 	4979 	4965
f 4968 	5080 	4883
f 4971 	4979 	4982
f 4974 	4977 	4970
f 4766 	4941 	5038
f 5016 	4980 	4972
f 4952 	4951 	5006
f 4968 	4944 	4947
f 4941 	4766 	4742
f 4951 	5003 	5006
f 4987 	4988 	4989
f 4978 	4784 	5168
f 4948 	4747 	4916
f 4983 	4646 	4984
f 4991 	4999 	4979
f 4979 	4987 	4991
f 4989 	4991 	4987
f 4951 	4950 	5003
f 4979 	4992 	4988
f 4979 	4988 	4987
f 4747 	4743 	4916
f 4957 	4944 	4968
f 4988 	5012 	4989
f 4990 	4994 	4972
f 4993 	4991 	4989
f 4947 	4663 	4968
f 5012 	4988 	4995
f 4992 	4995 	4988
f 4916 	4743 	4840
f 5012 	4995 	4985
f 4735 	5020 	4949
f 4663 	4865 	4866
f 4997 	4971 	4996
f 4970 	4996 	4971
f 4936 	4865 	4663
f 4977 	4979 	4999
f 4973 	4979 	4977
f 4780 	4984 	4946
f 4971 	4997 	4979
f 4992 	4979 	4997
f 4438 	4950 	4949
f 4999 	4996 	4977
f 4970 	4977 	4996
f 4994 	4775 	5000
f 4985 	4997 	4996
f 4993 	4986 	4996
f 4986 	4985 	4996
f 4947 	4956 	4663
f 4991 	4993 	4999
f 4998 	5044 	5001
f 4995 	4992 	4997
f 4995 	4997 	4985
f 4996 	4999 	4993
f 4731 	4785 	4990
f 5003 	4950 	4438
f 5004 	4684 	4678
f 4388 	5010 	4986
f 4443 	5003 	4438
f 5012 	4435 	4989
f 4993 	4989 	4435
f 4678 	5002 	5004
f 4443 	4444 	5003
f 5010 	5012 	4985
f 4435 	4388 	4993
f 4993 	4388 	4986
f 5123 	5005 	4578
f 5152 	4823 	4826
f 4660 	5005 	5123
f 4781 	4775 	4994
f 5006 	5003 	4444
f 5009 	4666 	4684
f 4660 	4659 	5005
f 4781 	4990 	4785
f 4444 	4448 	5006
f 5009 	4698 	4666
f 4452 	4952 	5006
f 4990 	4781 	4994
f 5004 	5009 	4684
f 4452 	4652 	4952
f 5001 	4621 	4622
f 4452 	4654 	4652
f 5001 	4622 	4998
f 5015 	4972 	4994
f 5014 	5015 	4994
f 4448 	4452 	5006
f 4998 	4622 	4626
f 5015 	5016 	4972
f 5026 	5011 	5008
f 5121 	5058 	4998
f 5007 	4976 	5018
f 5012 	5010 	5008
f 5012 	5008 	5011
f 5017 	4698 	5009
f 4827 	5019 	4818
f 5020 	4818 	5019
f 4402 	5095 	5096
f 4998 	4626 	4861
f 5096 	5022 	4406
f 5122 	4707 	4621
f 4994 	5000 	5014
f 5022 	4383 	4406
f 5014 	5000 	5029
f 4384 	5025 	5026
f 5014 	5029 	5021
f 4735 	4818 	5020
f 4874 	5030 	4910
f 4910 	4868 	4874
f 5031 	4585 	4680
f 5029 	5033 	5021
f 4680 	4697 	5031
f 5008 	4388 	5026
f 4476 	5080 	4534
f 5032 	5098 	5029
f 5008 	5010 	4388
f 4697 	5034 	5031
f 5029 	5098 	5033
f 5017 	4483 	4377
f 4787 	5085 	4436
f 5026 	4388 	4384
f 4826 	5157 	5152
f 4985 	4986 	5010
f 5029 	5040 	5032
f 4377 	4698 	5017
f 5032 	5045 	5035
f 5022 	5025 	4383
f 4449 	4910 	5030
f 5040 	5000 	4812
f 4775 	4812 	5000
f 4714 	4976 	5007
f 5036 	4546 	4545
f 5049 	5042 	4828
f 4811 	4828 	5042
f 4451 	5017 	5009
f 4811 	5042 	5040
f 5009 	4466 	4451
f 4478 	4482 	5039
f 5029 	5000 	5040
f 4483 	5017 	4451
f 4773 	5005 	4767
f 5039 	4482 	5041
f 4647 	5037 	5036
f 5045 	5032 	5040
f 5019 	4585 	5031
f 5007 	4767 	5005
f 5040 	5042 	5045
f 5096 	4406 	4402
f 5005 	4773 	4578
f 4538 	5123 	5181
f 5123 	5125 	5181
f 5046 	5047 	5042
f 5045 	5042 	5047
f 5058 	5121 	5044
f 5039 	5043 	4479
f 5042 	5049 	5046
f 4711 	5013 	5024
f 5057 	5069 	5022
f 5043 	5050 	4485
f 4438 	4949 	5020
f 5045 	5051 	5035
f 4748 	4893 	5018
f 5052 	5053 	5047
f 5052 	5047 	5046
f 5050 	5054 	4485
f 5046 	5104 	5052
f 4427 	5057 	5135
f 5056 	5061 	5031
f 4474 	4473 	5054
f 5044 	4998 	5058
f 5110 	5045 	5047
f 4767 	5007 	4925
f 4503 	5034 	4599
f 5110 	5047 	5053
f 4435 	5059 	4437
f 5054 	5038 	4474
f 5011 	5059 	4435
f 4748 	5024 	4837
f 5013 	4983 	4837
f 4485 	5054 	4473
f 5068 	4846 	4839
f 5114 	5028 	5048
f 4846 	5068 	4845
f 5071 	4845 	5068
f 5013 	4837 	5024
f 4851 	5076 	4853
f 5018 	5024 	4748
f 4787 	4546 	5085
f 5039 	4479 	4478
f 5018 	4893 	4925
f 4435 	5012 	5011
f 4853 	5076 	4858
f 5078 	4858 	5076
f 5018 	4925 	5007
f 5060 	5036 	5037
f 5069 	4437 	5059
f 5056 	5055 	5019
f 4858 	5078 	4857
f 5079 	5088 	4857
f 5061 	5056 	5019
f 4475 	4631 	4482
f 4838 	5064 	5066
f 4839 	4838 	5066
f 5061 	5019 	5031
f 4691 	5064 	4838
f 5019 	5055 	5020
f 5060 	5037 	5063
f 5026 	5059 	5011
f 4839 	5066 	5068
f 5067 	4413 	4411
f 5034 	4503 	5031
f 5066 	4960 	5068
f 5050 	4632 	4769
f 4534 	5063 	5037
f 5050 	5043 	4632
f 5043 	5039 	4633
f 5020 	4491 	4438
f 5071 	5068 	4962
f 4960 	4962 	5068
f 4467 	5055 	5073
f 4468 	4467 	5073
f 5071 	4962 	4975
f 5074 	5073 	5056
f 5036 	5085 	4546
f 4975 	5076 	5075
f 4851 	5075 	5076
f 5074 	5056 	5031
f 4445 	5086 	5072
f 4851 	4845 	5071
f 4851 	5071 	5075
f 4411 	4417 	5070
f 5071 	4975 	5075
f 4411 	5077 	5067
f 5036 	5060 	5099
f 4503 	5074 	5031
f 5076 	4972 	5078
f 5059 	5026 	5025
f 5034 	5127 	4599
f 5079 	4857 	5078
f 5079 	5078 	4980
f 4972 	4980 	5078
f 4411 	5070 	5077
f 5135 	4454 	4427
f 5020 	5055 	4491
f 4980 	5016 	5079
f 5072 	4728 	4718
f 4871 	5089 	4873
f 5073 	5055 	5056
f 4468 	5073 	5074
f 5080 	4872 	4883
f 5089 	5091 	4873
f 4881 	4873 	5091
f 5093 	4880 	5091
f 4881 	5091 	4880
f 4887 	5098 	4888
f 4887 	4880 	5097
f 5093 	5097 	4880
f 5072 	4718 	4706
f 5022 	5069 	5025
f 4888 	5098 	5101
f 4888 	5101 	4898
f 5101 	4897 	4898
f 4455 	4456 	5084
f 4718 	4726 	4706
f 5069 	5059 	5025
f 4709 	5086 	5087
f 5084 	4458 	4455
f 4871 	5088 	5089
f 4871 	4857 	5088
f 5084 	5090 	4458
f 4678 	4713 	5087
f 5080 	5060 	5063
f 5087 	5002 	4678
f 4488 	4694 	4487
f 5080 	5092 	5060
f 5015 	5014 	5091
f 5015 	5091 	5089
f 5119 	5117 	4394
f 5015 	5089 	5016
f 5088 	5016 	5089
f 4534 	5080 	5063
f 5088 	5079 	5016
f 4719 	4694 	4488
f 4900 	4852 	5080
f 5090 	4505 	4458
f 5090 	5083 	4505
f 5014 	5021 	5091
f 5093 	5091 	5021
f 5028 	4612 	5027
f 5033 	5097 	5021
f 5099 	5060 	5092
f 5028 	5114 	4612
f 5077 	5070 	5141
f 5033 	5098 	5097
f 4887 	5097 	5098
f 5099 	5085 	5036
f 5100 	4729 	5023
f 5098 	5032 	5101
f 5120 	5081 	5083
f 5093 	5021 	5097
f 5027 	4612 	5100
f 5102 	4897 	5101
f 4612 	4627 	5100
f 5086 	4728 	5072
f 5102 	5101 	5035
f 5032 	5035 	5101
f 5027 	5100 	5023
f 4445 	5002 	5087
f 5102 	5106 	4897
f 4417 	4410 	5062
f 5070 	4417 	5062
f 5106 	5102 	5051
f 5035 	5051 	5102
f 5104 	4921 	5103
f 4940 	5103 	4921
f 4633 	5041 	4631
f 4938 	4897 	5106
f 4410 	4428 	5105
f 5039 	5041 	4633
f 4516 	5084 	4589
f 4940 	5107 	5103
f 4428 	5108 	5105
f 5043 	4633 	4632
f 5109 	4912 	5106
f 4938 	5106 	4912
f 5065 	5062 	4410
f 4465 	4589 	5084
f 5105 	5065 	4410
f 5080 	5099 	5092
f 5090 	5084 	4516
f 5053 	5107 	5110
f 5048 	4636 	4619
f 5053 	5052 	5107
f 5111 	4487 	4694
f 4527 	5090 	4516
f 4619 	4612 	5114
f 4477 	5002 	4445
f 4921 	5104 	5113
f 4619 	5114 	5048
f 4912 	5109 	5110
f 5049 	5113 	5046
f 4472 	5002 	4477
f 5116 	5090 	4527
f 5046 	5113 	5104
f 4828 	4927 	5049
f 5113 	5049 	4927
f 5103 	5052 	5104
f 5044 	5121 	5122
f 4445 	5087 	5086
f 5045 	5110 	5109
f 5083 	5116 	5120
f 5045 	5109 	5051
f 5106 	5051 	5109
f 5083 	5090 	5116
f 4376 	4549 	5105
f 5120 	5116 	4533
f 4376 	5105 	5108
f 5001 	5044 	5122
f 4497 	5111 	5115
f 5103 	5107 	5052
f 5108 	5112 	4376
f 5001 	5122 	4621
f 4466 	5002 	4472
f 4537 	5120 	4533
f 5124 	5121 	4998
f 4537 	4540 	5120
f 4540 	4514 	5120
f 4514 	5082 	5120
f 5122 	5121 	4968
f 5082 	5081 	5120
f 5115 	5111 	5142
f 4428 	5112 	5108
f 5124 	4998 	4861
f 5048 	5129 	5112
f 4428 	5048 	5112
f 4860 	4440 	4436
f 4466 	5009 	5004
f 5048 	5125 	5129
f 5130 	5126 	5158
f 5134 	5142 	5111
f 5048 	5028 	5125
f 5115 	5142 	5138
f 4466 	5004 	5002
f 5094 	5115 	5138
f 5140 	5095 	5094
f 4735 	5132 	4818
f 4724 	4656 	4624
f 4769 	4766 	5038
f 4436 	5085 	4860
f 4403 	4385 	5129
f 4625 	4724 	4624
f 4722 	5127 	5034
f 4392 	5125 	5123
f 5038 	5054 	4769
f 5134 	4740 	4628
f 4391 	4392 	5123
f 5134 	5111 	4740
f 5054 	5050 	4769
f 5123 	4578 	4391
f 5133 	4741 	4653
f 5133 	4772 	4741
f 5125 	5131 	5129
f 4968 	4903 	5122
f 4552 	4526 	5149
f 4489 	4413 	5067
f 5124 	4861 	5099
f 5135 	5022 	5096
f 5133 	5136 	4772
f 5099 	4861 	5085
f 4552 	5149 	5161
f 4735 	4734 	5139
f 4860 	5085 	4861
f 5141 	5070 	5062
f 5140 	5138 	4454
f 5142 	5134 	4629
f 5137 	5141 	5062
f 5121 	5124 	5099
f 5065 	5137 	5062
f 4735 	5139 	5132
f 5138 	5142 	4460
f 5105 	5137 	5065
f 5099 	4968 	5121
f 5140 	5094 	5138
f 5139 	4734 	4738
f 5135 	5140 	4454
f 5141 	5137 	4493
f 5127 	4722 	4752
f 5099 	5080 	4968
f 5143 	5141 	4493
f 4738 	5136 	5139
f 5082 	4514 	5130
f 4595 	5130 	4514
f 5148 	5127 	5126
f 5142 	4629 	4460
f 4496 	5143 	4493
f 5145 	5148 	5144
f 4420 	5160 	4768
f 5077 	5141 	5143
f 4496 	4489 	5143
f 5139 	4443 	5132
f 5067 	5077 	5143
f 4600 	5151 	4596
f 5145 	5127 	5148
f 5143 	4489 	5067
f 4515 	5030 	5152
f 5095 	5140 	5135
f 5145 	5144 	4599
f 4599 	5144 	4409
f 5105 	4549 	5137
f 5145 	4599 	5127
f 5135 	5057 	5022
f 4532 	5149 	4526
f 5048 	4428 	4636
f 4625 	4628 	4740
f 5136 	4444 	5139
f 4724 	4625 	4740
f 4392 	5131 	5125
f 4694 	4740 	5111
f 4768 	4721 	4420
f 4403 	5129 	5131
f 5112 	4594 	4548
f 4595 	4603 	5130
f 4746 	5146 	4500
f 5095 	5135 	5096
f 5152 	5151 	4600
f 4594 	5112 	5129
f 5148 	5130 	4603
f 5038 	4941 	4474
f 4548 	4376 	5112
f 4425 	4497 	5115
f 4425 	5115 	5094
f 5132 	4412 	4818
f 4425 	5094 	4402
f 5147 	4760 	4390
f 4379 	5144 	5148
f 4760 	5147 	4746
f 5149 	5159 	5161
f 4408 	4379 	5148
f 5150 	4382 	5154
f 5152 	5030 	4874
f 4746 	5147 	5146
f 5154 	4954 	5150
f 5126 	5130 	5148
f 5157 	5149 	5151
f 5153 	4532 	4596
f 5082 	5130 	4504
f 5151 	5153 	4596
f 4390 	4760 	4658
f 5130 	5158 	4504
f 5149 	4532 	5153
f 5081 	5082 	4560
f 4717 	4421 	4420
f 4560 	5083 	5081
f 4378 	5155 	5154
f 5149 	5153 	5151
f 4505 	5083 	4560
f 4716 	4423 	4421
f 4955 	5155 	4378
f 4504 	4560 	5082
f 5126 	5127 	5156
f 4716 	4421 	4717
f 4382 	4378 	5154
f 4412 	4382 	5150
f 5152 	5157 	5151
f 4386 	4900 	4484
f 4405 	4390 	5149
f 5149 	5157 	4405
f 4390 	5159 	5149
f 4658 	4695 	4390
f 5159 	4390 	4695
f 5126 	5156 	5158
f 5150 	4904 	4412
f 5162 	4732 	4768
f 5162 	4733 	4732
f 4587 	5161 	5163
f 4644 	4611 	5158
f 5162 	4768 	5160
f 5164 	4978 	5170
f 5164 	5170 	5171
f 4590 	4587 	5163
f 5162 	5159 	4733
f 5164 	4935 	4978
f 5159 	4739 	4733
f 4695 	4739 	5159
f 5163 	5165 	4590
f 5161 	5162 	5163
f 4806 	4935 	5164
f 4590 	5165 	4569
f 4806 	5164 	5086
f 4806 	5086 	4709
f 5160 	5163 	5162
f 5159 	5162 	5161
f 5146 	5147 	4386
f 4500 	4386 	4484
f 4500 	5146 	4386
f 4420 	5175 	5165
f 4798 	5166 	4789
f 5167 	5168 	4784
f 4405 	4386 	5147
f 5160 	4420 	5165
f 4784 	4786 	5167
f 5163 	5160 	5165
f 4967 	4641 	5166
f 5172 	5173 	4395
f 4571 	4569 	5165
f 5172 	4397 	5158
f 4424 	5173 	5166
f 5166 	4641 	4424
f 5167 	4815 	5168
f 5166 	5173 	5156
f 5165 	5175 	4571
f 5117 	5169 	5174
f 5171 	5086 	5164
f 4424 	4395 	5173
f 4423 	4716 	5175
f 4728 	5086 	5171
f 5158 	5156 	5176
f 5168 	5171 	5170
f 4571 	5175 	4716
f 5119 	5169 	5117
f 5176 	5172 	5158
f 5171 	4824 	4705
f 4644 	5158 	4397
f 4705 	4728 	5171
f 5172 	4395 	4397
f 5173 	5172 	5176
f 5168 	4824 	5171
f 4534 	4535 	4416
f 5176 	5156 	5173
f 4535 	4586 	4416
f 5168 	5170 	4978
f 4404 	4534 	4416
f 4409 	5144 	4379
f 5174 	5169 	5177
f 5174 	5177 	5117
f 5117 	5177 	5128
f 5167 	4810 	4815
f 5179 	4473 	4474
f 5167 	4786 	4378
f 4786 	4834 	4378
f 5179 	4474 	5178
f 5179 	4469 	4473
f 5179 	4450 	4469
f 4418 	4419 	5128
f 5178 	4418 	5128
f 5117 	5128 	4419
f 4419 	4414 	5117
f 4729 	5119 	5118
f 5023 	4729 	5118
f 5178 	5128 	4742
f 4742 	4766 	5178
f 5178 	4766 	5179
f 4766 	4769 	5179
f 4769 	4450 	5179
f 4723 	4712 	5177
f 4723 	5177 	4720
f 4737 	5169 	5119
f 4720 	5177 	5169
f 5169 	4737 	4720
f 5128 	4712 	4742
f 5177 	4712 	5128
f 4396 	4414 	4398
f 4393 	4398 	4449
f 4396 	4394 	4414
f 5119 	5180 	5118
f 5180 	5119 	4394
f 5181 	5027 	5023
f 5181 	5028 	5027
f 5125 	5028 	5181
f 4387 	5118 	5180
f 4829 	4816 	5180
f 4816 	4387 	5180
f 4840 	4829 	5180
f 4394 	4840 	5180
f 5117 	4414 	4394
f 5181 	5023 	4387
f 4814 	4538 	5181
f 5118 	4387 	5023
f 5181 	4816 	4814
f 4816 	5181 	4387
# 1614 faces

 #end of obj_2

o obj_3
v 108.5685 		-24.9115 		1.117
v 109.0912 		-24.8864 		1.1171
v 109.0216 		-28.8857 		1.1085
v 108.0537 		-25.0046 		1.1168
v 107.5554 		-25.1642 		1.1164
v 107.0821 		-25.3874 		1.1159
v 106.6421 		-25.6705 		1.1153
v 106.2428 		-26.0086 		1.1145
v 105.891 		-26.3959 		1.1137
v 105.5928 		-26.8258 		1.1128
v 105.3533 		-27.291 		1.1118
v 105.1765 		-27.7834 		1.1107
v 105.0655 		-28.2948 		1.1096
v 105.0222 		-28.8162 		1.1085
v 105.0474 		-29.3388 		1.1074
v 105.1405 		-29.8537 		1.1063
v 105.3 		-30.352 		1.1052
v 105.5233 		-30.8252 		1.1042
v 105.8063 		-31.2652 		1.1033
v 106.1444 		-31.6646 		1.1025
v 106.5318 		-32.0163 		1.1017
v 106.9617 		-32.3145 		1.1011
v 107.4269 		-32.5541 		1.1006
v 107.9193 		-32.7308 		1.1003
v 108.4306 		-32.8418 		1.1001
v 108.9521 		-32.8851 		1.1
v 109.4747 		-32.86 		1.1001
v 109.9896 		-32.7668 		1.1003
v 110.4879 		-32.6073 		1.1007
v 110.9611 		-32.3841 		1.1012
v 111.4011 		-32.101 		1.1018
v 111.8004 		-31.7629 		1.1025
v 112.1522 		-31.3756 		1.1034
v 112.4504 		-30.9457 		1.1043
v 112.69 		-30.4805 		1.1053
v 112.8667 		-29.988 		1.1064
v 112.9777 		-29.4767 		1.1075
v 113.021 		-28.9553 		1.1086
v 112.9959 		-28.4327 		1.1097
v 112.9027 		-27.9178 		1.1108
v 112.7432 		-27.4195 		1.1119
v 112.52 		-26.9463 		1.1129
v 112.2369 		-26.5062 		1.1138
v 111.8988 		-26.1069 		1.1146
v 111.5115 		-25.7551 		1.1153
v 111.0815 		-25.4569 		1.116
v 110.6164 		-25.2174 		1.1164
v 110.1239 		-25.0406 		1.1168
v 109.6126 		-24.9296 		1.117
v 109.0912 		-24.884 		0.0171
v 108.5686 		-24.9091 		0.017
v 109.0217 		-28.8834 		0.0085
v 108.0537 		-25.0023 		0.0168
v 107.5554 		-25.1618 		0.0164
v 107.0822 		-25.385 		0.0159
v 106.6422 		-25.6681 		0.0153
v 106.2428 		-26.0062 		0.0145
v 105.8911 		-26.3935 		0.0137
v 105.5929 		-26.8235 		0.0128
v 105.3533 		-27.2886 		0.0118
v 105.1766 		-27.7811 		0.0107
v 105.0656 		-28.2924 		0.0096
v 105.0223 		-28.8138 		0.0085
v 105.0474 		-29.3365 		0.0074
v 105.1406 		-29.8513 		0.0063
v 105.3001 		-30.3496 		0.0052
v 105.5233 		-30.8229 		0.0042
v 105.8064 		-31.2629 		0.0033
v 106.1445 		-31.6622 		0.0025
v 106.5318 		-32.014 		0.0017
v 106.9617 		-32.3122 		0.0011
v 107.4269 		-32.5517 		0.0006
v 107.9194 		-32.7285 		0.0003
v 108.4307 		-32.8395 		0.0001
v 108.9521 		-32.8828 		0
v 109.4747 		-32.8576 		0.0001
v 109.9896 		-32.7645 		0.0003
v 110.4879 		-32.605 		0.0007
v 110.9611 		-32.3817 		0.0012
v 111.4012 		-32.0987 		0.0018
v 111.8005 		-31.7606 		0.0025
v 112.1523 		-31.3732 		0.0034
v 112.4505 		-30.9433 		0.0043
v 112.69 		-30.4781 		0.0053
v 112.8668 		-29.9857 		0.0064
v 112.9778 		-29.4744 		0.0075
v 113.0211 		-28.9529 		0.0086
v 112.9959 		-28.4303 		0.0097
v 112.9028 		-27.9154 		0.0108
v 112.7432 		-27.4171 		0.0119
v 112.52 		-26.9439 		0.0129
v 112.2369 		-26.5039 		0.0138
v 111.8988 		-26.1046 		0.0146
v 111.5115 		-25.7528 		0.0153
v 111.0816 		-25.4546 		0.016
v 110.6164 		-25.2151 		0.0164
v 110.124 		-25.0383 		0.0168
v 109.6126 		-24.9273 		0.017
# 98 vertices

g group_3_6383466

usemtl color_6383466
s 0

f 5183 	5182 	5184
f 5182 	5185 	5184
f 5185 	5186 	5184
f 5186 	5187 	5184
f 5187 	5188 	5184
f 5188 	5189 	5184
f 5189 	5190 	5184
f 5190 	5191 	5184
f 5191 	5192 	5184
f 5192 	5193 	5184
f 5193 	5194 	5184
f 5194 	5195 	5184
f 5195 	5196 	5184
f 5196 	5197 	5184
f 5197 	5198 	5184
f 5198 	5199 	5184
f 5199 	5200 	5184
f 5200 	5201 	5184
f 5201 	5202 	5184
f 5202 	5203 	5184
f 5203 	5204 	5184
f 5204 	5205 	5184
f 5205 	5206 	5184
f 5206 	5207 	5184
f 5207 	5208 	5184
f 5208 	5209 	5184
f 5209 	5210 	5184
f 5210 	5211 	5184
f 5211 	5212 	5184
f 5212 	5213 	5184
f 5213 	5214 	5184
f 5214 	5215 	5184
f 5215 	5216 	5184
f 5216 	5217 	5184
f 5217 	5218 	5184
f 5218 	5219 	5184
f 5219 	5220 	5184
f 5220 	5221 	5184
f 5221 	5222 	5184
f 5222 	5223 	5184
f 5223 	5224 	5184
f 5224 	5225 	5184
f 5225 	5226 	5184
f 5226 	5227 	5184
f 5227 	5228 	5184
f 5228 	5229 	5184
f 5229 	5230 	5184
f 5230 	5183 	5184
f 5232 	5231 	5233
f 5234 	5232 	5233
f 5235 	5234 	5233
f 5236 	5235 	5233
f 5237 	5236 	5233
f 5238 	5237 	5233
f 5239 	5238 	5233
f 5240 	5239 	5233
f 5241 	5240 	5233
f 5242 	5241 	5233
f 5243 	5242 	5233
f 5244 	5243 	5233
f 5245 	5244 	5233
f 5246 	5245 	5233
f 5247 	5246 	5233
f 5248 	5247 	5233
f 5249 	5248 	5233
f 5250 	5249 	5233
f 5251 	5250 	5233
f 5252 	5251 	5233
f 5253 	5252 	5233
f 5254 	5253 	5233
f 5255 	5254 	5233
f 5256 	5255 	5233
f 5257 	5256 	5233
f 5258 	5257 	5233
f 5259 	5258 	5233
f 5260 	5259 	5233
f 5261 	5260 	5233
f 5262 	5261 	5233
f 5263 	5262 	5233
f 5264 	5263 	5233
f 5265 	5264 	5233
f 5266 	5265 	5233
f 5267 	5266 	5233
f 5268 	5267 	5233
f 5269 	5268 	5233
f 5270 	5269 	5233
f 5271 	5270 	5233
f 5272 	5271 	5233
f 5273 	5272 	5233
f 5274 	5273 	5233
f 5275 	5274 	5233
f 5276 	5275 	5233
f 5277 	5276 	5233
f 5278 	5277 	5233
f 5279 	5278 	5233
f 5231 	5279 	5233
f 5182 	5183 	5182
f 5185 	5182 	5185
f 5186 	5185 	5186
f 5187 	5186 	5187
f 5188 	5187 	5188
f 5189 	5188 	5189
f 5190 	5189 	5190
f 5191 	5190 	5191
f 5192 	5191 	5192
f 5193 	5192 	5193
f 5194 	5193 	5194
f 5195 	5194 	5195
f 5196 	5195 	5196
f 5197 	5196 	5197
f 5198 	5197 	5198
f 5199 	5198 	5199
f 5200 	5199 	5200
f 5201 	5200 	5201
f 5202 	5201 	5202
f 5203 	5202 	5203
f 5204 	5203 	5204
f 5205 	5204 	5205
f 5206 	5205 	5206
f 5207 	5206 	5207
f 5208 	5207 	5208
f 5209 	5208 	5209
f 5210 	5209 	5210
f 5211 	5210 	5211
f 5212 	5211 	5212
f 5213 	5212 	5213
f 5214 	5213 	5214
f 5215 	5214 	5215
f 5216 	5215 	5216
f 5217 	5216 	5217
f 5218 	5217 	5218
f 5219 	5218 	5219
f 5220 	5219 	5220
f 5221 	5220 	5221
f 5222 	5221 	5222
f 5223 	5222 	5223
f 5224 	5223 	5224
f 5225 	5224 	5225
f 5226 	5225 	5226
f 5227 	5226 	5227
f 5228 	5227 	5228
f 5229 	5228 	5229
f 5230 	5229 	5230
f 5183 	5230 	5183
f 5182 	5183 	5232
f 5232 	5183 	5231
f 5185 	5182 	5234
f 5234 	5182 	5232
f 5186 	5185 	5235
f 5235 	5185 	5234
f 5187 	5186 	5236
f 5236 	5186 	5235
f 5188 	5187 	5237
f 5237 	5187 	5236
f 5189 	5188 	5238
f 5238 	5188 	5237
f 5190 	5189 	5239
f 5239 	5189 	5238
f 5191 	5190 	5240
f 5240 	5190 	5239
f 5192 	5191 	5241
f 5241 	5191 	5240
f 5193 	5192 	5242
f 5242 	5192 	5241
f 5194 	5193 	5243
f 5243 	5193 	5242
f 5195 	5194 	5244
f 5244 	5194 	5243
f 5196 	5195 	5245
f 5245 	5195 	5244
f 5197 	5196 	5246
f 5246 	5196 	5245
f 5198 	5197 	5247
f 5247 	5197 	5246
f 5199 	5198 	5248
f 5248 	5198 	5247
f 5200 	5199 	5249
f 5249 	5199 	5248
f 5201 	5200 	5250
f 5250 	5200 	5249
f 5202 	5201 	5251
f 5251 	5201 	5250
f 5203 	5202 	5252
f 5252 	5202 	5251
f 5204 	5203 	5253
f 5253 	5203 	5252
f 5205 	5204 	5254
f 5254 	5204 	5253
f 5206 	5205 	5255
f 5255 	5205 	5254
f 5207 	5206 	5256
f 5256 	5206 	5255
f 5208 	5207 	5257
f 5257 	5207 	5256
f 5209 	5208 	5258
f 5258 	5208 	5257
f 5210 	5209 	5259
f 5259 	5209 	5258
f 5211 	5210 	5260
f 5260 	5210 	5259
f 5212 	5211 	5261
f 5261 	5211 	5260
f 5213 	5212 	5262
f 5262 	5212 	5261
f 5214 	5213 	5263
f 5263 	5213 	5262
f 5215 	5214 	5264
f 5264 	5214 	5263
f 5216 	5215 	5265
f 5265 	5215 	5264
f 5217 	5216 	5266
f 5266 	5216 	5265
f 5218 	5217 	5267
f 5267 	5217 	5266
f 5219 	5218 	5268
f 5268 	5218 	5267
f 5220 	5219 	5269
f 5269 	5219 	5268
f 5221 	5220 	5270
f 5270 	5220 	5269
f 5222 	5221 	5271
f 5271 	5221 	5270
f 5223 	5222 	5272
f 5272 	5222 	5271
f 5224 	5223 	5273
f 5273 	5223 	5272
f 5225 	5224 	5274
f 5274 	5224 	5273
f 5226 	5225 	5275
f 5275 	5225 	5274
f 5227 	5226 	5276
f 5276 	5226 	5275
f 5228 	5227 	5277
f 5277 	5227 	5276
f 5229 	5228 	5278
f 5278 	5228 	5277
f 5230 	5229 	5279
f 5279 	5229 	5278
f 5183 	5230 	5231
f 5231 	5230 	5279
f 5232 	5231 	5232
f 5234 	5232 	5234
f 5235 	5234 	5235
f 5236 	5235 	5236
f 5237 	5236 	5237
f 5238 	5237 	5238
f 5239 	5238 	5239
f 5240 	5239 	5240
f 5241 	5240 	5241
f 5242 	5241 	5242
f 5243 	5242 	5243
f 5244 	5243 	5244
f 5245 	5244 	5245
f 5246 	5245 	5246
f 5247 	5246 	5247
f 5248 	5247 	5248
f 5249 	5248 	5249
f 5250 	5249 	5250
f 5251 	5250 	5251
f 5252 	5251 	5252
f 5253 	5252 	5253
f 5254 	5253 	5254
f 5255 	5254 	5255
f 5256 	5255 	5256
f 5257 	5256 	5257
f 5258 	5257 	5258
f 5259 	5258 	5259
f 5260 	5259 	5260
f 5261 	5260 	5261
f 5262 	5261 	5262
f 5263 	5262 	5263
f 5264 	5263 	5264
f 5265 	5264 	5265
f 5266 	5265 	5266
f 5267 	5266 	5267
f 5268 	5267 	5268
f 5269 	5268 	5269
f 5270 	5269 	5270
f 5271 	5270 	5271
f 5272 	5271 	5272
f 5273 	5272 	5273
f 5274 	5273 	5274
f 5275 	5274 	5275
f 5276 	5275 	5276
f 5277 	5276 	5277
f 5278 	5277 	5278
f 5279 	5278 	5279
f 5231 	5279 	5231
# 288 faces

 #end of obj_3

o obj_4
v 126.5321 		-33.013 		6.919
v 131.0821 		-26.456 		5.805
v 131.0821 		-26.453 		6.905
v 131.7391 		-28.16 		0.003
v 131.6231 		-27.988 		0.002
v 126.9621 		-33.313 		5.82
v 126.5321 		-33.015 		5.819
v 131.4951 		-27.823 		0.002
v 130.6161 		-26.216 		5.804
v 126.8651 		-30.298 		0.0074
v 126.8651 		-30.298 		0.0074
v 126.7181 		-31.93 		0.011
v 126.9621 		-33.311 		6.92
v 126.8621 		-30.2799 		0.0074
v 126.8474 		-30.1911 		0.007
v 129.6131 		-25.928 		5.804
v 129.0911 		-25.885 		5.804
v 126.8651 		-30.298 		0.007
v 131.8441 		-28.34 		0.003
v 130.1241 		-26.039 		5.804
v 126.8797 		-30.3602 		0.0074
v 126.8651 		-30.298 		0.0074
v 126.0921 		-30.858 		0.009
v 126.1661 		-31.052 		0.009
v 126.9561 		-29.785 		0.0064
v 126.9861 		-29.787 		0.0064
v 128.9706 		-29.6244 		0.0056
v 128.9731 		-29.5888 		0.0055
v 126.2521 		-31.242 		0.01
v 128.9627 		-29.609 		0.0055
v 126.3511 		-31.425 		0.01
v 128.9692 		-29.6217 		0.0055
v 126.4621 		-31.602 		0.01
v 128.9763 		-29.5813 		0.0055
v 128.98 		-29.5527 		0.0054
v 126.5851 		-31.77 		0.011
v 128.9384 		-29.561 		0.0054
v 129.0911 		-25.883 		6.904
v 128.9878 		-29.5384 		0.0054
v 128.992 		-29.5193 		0.0054
v 128.8867 		-29.4595 		0.0052
v 130.1241 		-26.037 		6.904
v 129.0049 		-29.4966 		0.0053
v 130.6161 		-26.214 		6.904
v 129.0078 		-29.4855 		0.0053
v 128.5335 		-28.761 		0.0038
v 128.8862 		-29.4586 		0.0052
v 129.6131 		-25.926 		6.904
v 129.5461 		-30.3085 		0.0071
v 129.5332 		-30.297 		0.007
v 131.2041 		-32.157 		0.011
v 129.0275 		-29.4585 		0.0053
v 129.0282 		-29.4565 		0.0053
v 129.0341 		-29.4489 		0.0053
v 131.9371 		-28.527 		0.003
v 132.0181 		-28.719 		0.004
v 129.4599 		-30.297 		0.0071
v 129.5461 		-30.3992 		0.0073
v 130.1421 		-32.801 		0.013
v 130.3351 		-32.723 		0.012
v 130.5231 		-32.634 		0.012
v 130.7051 		-32.532 		0.012
v 130.8801 		-32.418 		0.012
v 131.0461 		-32.293 		0.012
v 128.0467 		-31.833 		7.0903
v 128.0823 		-31.8515 		7.0903
v 128.0851 		-31.8529 		7.0903
v 128.0541 		-26.003 		5.804
v 127.5551 		-26.163 		5.804
v 128.5691 		-25.91 		5.804
v 125.9221 		-29.835 		0.007
v 125.9291 		-30.043 		0.007
v 125.9491 		-30.25 		0.007
v 126.8621 		-32.066 		7.091
v 125.9831 		-30.456 		0.008
v 126.0311 		-30.658 		0.008
v 127.0821 		-26.386 		5.805
v 128.0963 		-31.8579 		7.0903
v 128.1528 		-31.8826 		7.0903
v 128.2196 		-31.9119 		7.0903
v 129.1221 		-32.987 		0.013
v 127.0821 		-26.384 		6.905
v 129.2627 		-30.3547 		0.0072
v 129.3649 		-30.6428 		0.0079
v 129.3301 		-32.977 		0.013
v 129.4239 		-30.809 		0.0083
v 129.5371 		-32.953 		0.013
v 128.2889 		-31.937 		7.0903
v 128.356 		-31.9612 		7.0903
v 128.3581 		-31.9619 		7.0903
v 128.5691 		-25.908 		6.904
v 129.7421 		-32.916 		0.013
v 128.9326 		-29.6747 		0.0057
v 128.894 		-29.6111 		0.0055
v 128.9326 		-29.6747 		0.0057
v 129.9441 		-32.865 		0.013
v 128.8588 		-29.5529 		0.0054
v 129.2421 		-30.297 		0.0071
v 129.255 		-30.3332 		0.0072
v 128.2336 		-31.917 		7.0903
v 128.7424 		-29.3601 		0.0051
v 128.0541 		-26.001 		6.904
v 131.3571 		-27.667 		0.002
v 127.5551 		-26.16 		6.904
v 128.505 		-28.9669 		0.0044
v 129.2982 		-30.297 		0.007
v 129.2901 		-30.2831 		0.0069
v 128.3808 		-28.761 		0.004
v 128.3744 		-31.9667 		7.0903
v 128.4294 		-31.9825 		7.0906
v 128.4939 		-32.0013 		7.0909
v 128.4996 		-32.0029 		7.0909
v 129.3172 		-30.1038 		0.0066
v 129.2901 		-30.0899 		0.0066
v 128.5179 		-32.0069 		7.091
v 128.5713 		-29.4465 		0.0052
v 126.6421 		-26.669 		5.805
v 128.0101 		-28.9573 		0.0042
v 126.6421 		-26.667 		6.905
v 128.6153 		-29.4953 		0.0053
v 128.5714 		-32.0185 		7.091
v 128.6431 		-32.0344 		7.091
v 125.8911 		-27.394 		5.807
v 131.3531 		-31.9987 		5.8163
v 131.3262 		-32.025 		5.8164
v 129.5461 		-30.0949 		0.0065
v 129.4197 		-30.0564 		0.0065
v 125.8911 		-27.392 		6.907
v 131.3494 		-32 		6.9163
v 129.2901 		-29.9883 		0.0063
v 131.3531 		-31.9964 		6.9163
v 129.3707 		-29.8871 		0.0061
v 129.3383 		-29.8911 		0.0061
v 132.2371 		-27.505 		5.807
v 129.5461 		-29.9012 		0.0062
v 132.2371 		-27.502 		6.907
v 129.4451 		-29.785 		0.0059
v 129.3797 		-29.8067 		0.006
v 131.2081 		-27.521 		0.001
v 128.9339 		-29.6802 		0.0057
v 131.4888 		-31.8464 		5.8159
v 131.4671 		-31.8708 		5.816
v 128.936 		-29.689 		0.0057
v 131.4919 		-31.8429 		5.8159
v 128.0502 		-28.761 		0.004
v 128.5794 		-29.318 		0.005
v 128.8596 		-29.6122 		0.0056
v 128.937 		-29.6932 		0.0057
v 131.4886 		-31.8442 		6.9159
v 131.492 		-31.8404 		6.9159
v 129.3244 		-29.785 		0.0059
v 130.7101 		-27.146 		0.001
v 130.5281 		-27.043 		0
v 128.0961 		-32.833 		0.013
v 130.1471 		-26.876 		0
v 128.2961 		-32.891 		0.013
v 126.0941 		-28.812 		0.004
v 130.3401 		-26.953 		0
v 128.5001 		-32.935 		0.013
v 128.7061 		-32.966 		0.013
v 131.4886 		-31.8442 		6.9159
v 129.338 		-29.8912 		0.0061
v 129.5461 		-29.932 		0.0062
v 128.9141 		-32.984 		0.013
v 126.0321 		-29.011 		0.005
v 125.9841 		-29.214 		0.005
v 128.6176 		-29.4978 		0.0053
v 125.9501 		-29.419 		0.006
v 125.9291 		-29.626 		0.006
v 128.8612 		-29.7135 		0.0058
v 128.6893 		-29.5774 		0.0056
v 128.0101 		-29.2327 		0.0049
v 128.7003 		-29.6265 		0.0056
v 128.8667 		-29.7213 		0.0058
v 129.2901 		-29.9387 		0.0062
v 129.2933 		-29.9387 		0.0062
v 128.7164 		-32.0455 		7.091
v 128.7886 		-32.0559 		7.091
v 129.2948 		-29.9382 		0.0062
v 129.2901 		-29.9367 		0.0062
v 130.1471 		-26.876 		0
v 130.1471 		-26.876 		0
v 130.1471 		-26.876 		0
v 129.3873 		-30.0766 		0.0065
v 129.5461 		-30.1961 		0.0068
v 128.7507 		-29.7264 		0.0058
v 128.0101 		-29.3912 		0.0053
v 129.2901 		-30.0036 		0.0064
v 128.7513 		-29.7268 		0.0058
v 128.0101 		-29.5185 		0.0055
v 128.3301 		-29.6149 		0.0057
v 128.7858 		-29.7522 		0.0059
v 127.0141 		-32.223 		0.012
v 127.1771 		-32.353 		0.012
v 127.3471 		-32.473 		0.012
v 127.5251 		-32.582 		0.012
v 130.8841 		-27.26 		0.001
v 130.7101 		-27.146 		0.001
v 130.7101 		-27.146 		0.001
v 127.7101 		-32.678 		0.013
v 127.9001 		-32.762 		0.013
v 130.7101 		-27.146 		0.001
v 128.4585 		-29.7132 		0.0058
v 128.0101 		-29.6005 		0.0057
v 129.2901 		-30.0955 		0.0066
v 128.0101 		-29.6948 		0.006
v 128.6321 		-29.7781 		0.006
v 129.1556 		-30.041 		0.0064
v 128.6633 		-32.0375 		7.091
v 131.0501 		-27.385 		0.001
v 128.8619 		-32.0625 		7.091
v 128.935 		-32.0689 		7.091
v 128.9351 		-32.0689 		7.091
v 126.7211 		-27.74 		0.002
v 126.5881 		-27.9 		0.002
v 128.8108 		-32.0579 		7.091
v 126.4651 		-28.069 		0.003
v 126.3541 		-28.245 		0.003
v 126.1681 		-28.617 		0.004
v 128.9595 		-32.0693 		7.091
v 126.2551 		-28.428 		0.004
v 129.0094 		-32.0699 		7.091
v 129.0341 		-32.0703 		7.091
v 128.2156 		-28.1322 		0.0026
v 128.3138 		-28.3266 		0.0029
v 129.3351 		-26.698 		0
v 129.1271 		-26.687 		0
v 128.0778 		-27.8593 		0.002
v 129.5421 		-26.722 		0
v 126.9861 		-30.6824 		7.0881
v 126.9899 		-30.6927 		7.0882
v 129.7471 		-26.76 		0
v 129.9491 		-26.811 		0
v 129.7471 		-26.76 		0
v 129.7471 		-26.76 		0
v 129.7471 		-26.76 		0
v 128.0775 		-27.8595 		0.002
v 126.9946 		-30.7049 		7.0882
v 129.2004 		-30.1302 		0.0066
v 129.1967 		-30.1269 		0.0066
v 128.074 		-27.8613 		0.002
v 127.0512 		-30.8293 		7.0882
v 127.0556 		-30.8389 		7.0882
v 128.0666 		-27.8652 		0.0021
v 129.1934 		-30.124 		0.0066
v 129.1893 		-30.1204 		0.0066
v 131.6201 		-31.6787 		5.8155
v 131.5968 		-31.7084 		5.8156
v 128.0584 		-27.8694 		0.0021
v 128.055 		-27.8711 		0.0021
v 127.1217 		-30.9608 		7.0889
v 131.6169 		-31.6804 		6.9156
v 131.6201 		-31.6764 		6.9155
v 127.1256 		-30.9679 		7.0889
v 128.0401 		-27.8789 		0.0022
v 129.7471 		-26.76 		0.0002
v 129.7471 		-26.76 		0.0002
v 129.7471 		-26.76 		0.0002
v 129.7471 		-26.76 		0.0002
v 129.7471 		-26.76 		0.0002
v 129.7471 		-26.76 		0.0002
v 126.1441 		-32.663 		5.818
v 126.7181 		-31.9177 		5.8164
v 126.6941 		-31.8889 		5.8163
v 131.7328 		-31.513 		5.8152
v 131.716 		-31.5377 		5.8152
v 129.1842 		-30.1159 		0.0066
v 131.7371 		-31.5067 		5.8151
v 129.1842 		-30.1159 		0.0066
v 131.8001 		-32.761 		5.818
v 131.2049 		-32.1447 		5.8167
v 131.1764 		-32.1692 		5.8168
v 128.0339 		-27.8821 		0.0022
v 127.2006 		-31.0875 		7.0889
v 127.2041 		-31.0929 		7.0889
v 128.0196 		-27.8895 		0.0023
v 127.1647 		-31.0307 		7.0889
v 127.2006 		-31.0874 		7.0889
v 132.1521 		-32.374 		5.817
v 126.1451 		-32.661 		6.918
v 131.7329 		-31.5105 		6.9152
v 131.7342 		-31.5086 		6.9152
v 131.7371 		-31.5044 		6.9151
v 129.2874 		-30.0885 		0.0066
v 129.2818 		-30.0856 		0.0066
v 132.1521 		-32.372 		6.917
v 128.0101 		-28.1463 		0.0028
v 131.8011 		-32.759 		6.918
v 126.7148 		-31.9114 		6.9163
v 128.0101 		-28.7188 		0.0039
v 126.7181 		-31.9154 		6.9164
v 128.0208 		-28.73 		0.0039
v 128.0101 		-27.8945 		0.0024
v 131.2012 		-32.1457 		6.9167
v 131.205 		-32.1424 		6.9167
v 131.8421 		-31.3267 		5.8148
v 131.8232 		-31.3591 		5.8148
v 127.7848 		-28.761 		0.0039
v 127.1835 		-28.761 		0.0041
v 129.1798 		-30.112 		0.0066
v 131.8395 		-31.3288 		6.9148
v 131.8421 		-31.3244 		6.9148
v 127.2882 		-31.2087 		7.0889
v 127.0571 		-28.866 		0.004
v 127.2906 		-31.2119 		7.0889
v 126.8129 		-32.0172 		5.8166
v 127.2478 		-31.1527 		7.0889
v 127.0571 		-28.866 		0.004
v 127.0571 		-28.866 		0.004
v 126.8134 		-32.0154 		6.9166
v 127.0571 		-28.866 		0.004
v 129.1783 		-30.1107 		0.0066
v 129.1768 		-30.1094 		0.0066
v 127.9999 		-29.3866 		0.0053
v 127.0217 		-28.9436 		0.0046
v 126.9861 		-29.2098 		0.005
v 131.931 		-31.1489 		5.8144
v 131.9351 		-31.1407 		5.8144
v 126.9861 		-29.3432 		0.0053
v 126.9861 		-29.5577 		0.006
v 131.9308 		-31.1469 		6.9144
v 131.2049 		-32.1447 		5.8167
v 131.9351 		-31.1384 		6.9144
v 131.2052 		-32.1422 		6.9167
v 129.1752 		-30.108 		0.0066
v 127.0571 		-28.866 		0.0046
v 127.0728 		-28.837 		0.0046
v 127.114 		-28.761 		0.0042
v 127.0571 		-28.866 		0.0046
v 129.1221 		-32.9747 		5.819
v 129.1221 		-32.9724 		6.919
v 127.9571 		-27.922 		0.002
v 128.1011 		-26.84 		0
v 127.3811 		-31.3207 		7.0896
v 127.3835 		-31.3236 		7.0896
v 128.3021 		-26.783 		0
v 129.1743 		-30.1072 		0.0066
v 129.1842 		-30.1347 		0.0067
v 132.0161 		-30.9487 		5.814
v 132.0015 		-30.9833 		5.814
v 128.5051 		-26.738 		0
v 132.0141 		-30.9511 		6.914
v 132.0161 		-30.9464 		6.914
v 127.3846 		-31.3249 		7.0896
v 128.7111 		-26.708 		0
v 127.8969 		-27.9586 		0.0025
v 128.5051 		-26.738 		0
v 128.5051 		-26.738 		0
v 128.5051 		-26.738 		0
v 127.5409 		-28.225 		0.003
v 127.3871 		-28.381 		0.003
v 127.4881 		-28.274 		0.003
v 129.3301 		-32.9647 		5.819
v 129.3301 		-32.9624 		6.919
v 129.2537 		-29.9692 		0.0063
v 129.244 		-29.968 		0.0063
v 128.9191 		-26.691 		0
v 127.5398 		-28.2261 		0.003
v 129.2088 		-29.9111 		0.0061
v 129.2077 		-29.9113 		0.0062
v 129.2752 		-29.932 		0.0062
v 129.1846 		-29.8945 		0.0061
v 132.0807 		-30.7614 		5.8136
v 132.0718 		-30.7872 		5.8136
v 129.5371 		-32.9407 		5.8187
v 129.3726 		-32.9598 		5.819
v 132.0841 		-30.7517 		5.8136
v 129.3726 		-32.9574 		6.919
v 132.0824 		-30.7542 		6.9136
v 132.0841 		-30.7494 		6.9136
v 127.5365 		-28.2291 		0.003
v 127.4353 		-31.3782 		7.0896
v 127.4856 		-31.4314 		7.0896
v 129.2418 		-29.7851 		0.0059
v 129.2322 		-29.7917 		0.0059
v 127.4881 		-28.274 		0.003
v 129.2575 		-29.785 		0.0059
v 127.4881 		-28.274 		0.003
v 129.2421 		-29.785 		0.0059
v 127.4881 		-28.274 		0.003
v 129.5371 		-32.9384 		6.9187
v 127.9051 		-26.911 		0
v 127.7151 		-26.994 		0
v 127.7151 		-26.994 		0
v 127.7151 		-26.994 		0
v 127.7151 		-26.994 		0
v 127.1811 		-27.318 		0.001
v 127.0191 		-27.448 		0.001
v 127.3708 		-28.4002 		0.0032
v 129.7421 		-32.9037 		5.8183
v 127.0191 		-27.448 		0.001
v 127.0191 		-27.448 		0.001
v 127.0191 		-27.448 		0.001
v 132.0809 		-30.7587 		6.9136
v 127.3521 		-27.198 		0.001
v 129.2542 		-29.7986 		0.0059
v 127.1309 		-28.731 		0.004
v 127.1271 		-28.737 		0.004
v 127.5301 		-27.09 		0.001
v 129.0481 		-29.832 		14.106
v 127.13 		-28.7324 		0.004
v 127.5398 		-31.4816 		7.0896
v 127.5896 		-31.5269 		7.0896
v 127.5941 		-31.5309 		7.0896
v 129.7421 		-32.9014 		6.9183
v 127.1271 		-28.737 		0.004
v 132.1389 		-30.5507 		5.8132
v 132.1292 		-30.5869 		5.8132
v 132.1377 		-30.5533 		6.9132
v 132.139 		-30.5484 		6.9132
v 129.7733 		-32.8958 		5.8182
v 129.2075 		-29.9113 		0.0062
v 129.2605 		-29.9392 		0.0062
v 129.2864 		-29.9355 		0.0062
v 129.9441 		-32.8527 		5.8182
v 129.9077 		-32.8619 		5.8182
v 127.4865 		-31.4323 		7.0896
v 129.7732 		-32.8935 		6.9182
v 129.9391 		-32.8516 		6.9182
v 129.9441 		-32.8504 		6.9182
v 125.9221 		-29.8219 		5.812
v 125.9222 		-29.8143 		6.912
v 125.9221 		-29.8194 		6.912
v 129.2429 		-29.9679 		0.0063
v 132.1779 		-30.3555 		5.8128
v 132.1725 		-30.3826 		5.8129
v 127.597 		-31.5333 		7.0896
v 127.6518 		-31.5776 		7.0896
v 129.2423 		-29.9678 		0.0063
v 127.7086 		-31.6239 		7.0896
v 132.1799 		-30.3457 		5.8128
v 127.4881 		-28.274 		0.0032
v 127.514 		-28.25 		0.0032
v 129.1621 		-29.9243 		0.0062
v 132.179 		-30.3484 		6.9128
v 132.18 		-30.3434 		6.9128
v 127.3871 		-28.381 		0.0032
v 127.3871 		-28.381 		0.0032
v 127.4111 		-28.3555 		0.0032
v 127.4881 		-28.274 		0.0032
v 125.9291 		-30.0307 		5.8124
v 125.9278 		-29.9933 		5.8123
v 126.8651 		-27.589 		0.002
v 127.3838 		-28.3848 		0.0032
v 127.3871 		-28.381 		0.0032
v 127.7129 		-31.627 		7.0896
v 127.8286 		-31.7079 		7.0903
v 125.9289 		-30.0232 		6.9124
v 125.9291 		-30.0284 		6.9124
v 129.0774 		-26.6757 		5.8056
v 129.1279 		-26.6747 		5.8056
v 132.178 		-30.3535 		6.9128
v 129.0774 		-26.6733 		6.9056
v 129.128 		-26.6724 		6.9056
v 127.8354 		-31.7121 		7.0903
v 127.9571 		-27.922 		0.0025
v 127.9881 		-27.9059 		0.0025
v 125.9224 		-29.8305 		5.812
v 125.9224 		-29.8278 		6.912
v 127.9546 		-31.7849 		7.0903
v 131.8991 		-27.106 		5.806
v 131.5121 		-26.754 		5.805
v 132.202 		-30.1768 		5.8125
v 128.0198 		-31.8191 		7.0903
v 132.2071 		-30.1397 		5.8124
v 132.2064 		-30.1425 		6.9124
v 132.2071 		-30.1374 		6.9124
v 125.9495 		-30.2342 		5.8128
v 125.9463 		-30.2004 		5.8127
v 125.9499 		-30.2377 		5.8128
v 128.0101 		-31.814 		7.0903
v 130.1421 		-32.7879 		5.8182
v 130.1064 		-32.7994 		5.8182
v 127.9632 		-31.7894 		7.0903
v 131.8991 		-27.103 		6.906
v 131.5121 		-26.751 		6.905
v 125.9497 		-30.2321 		6.9128
v 125.95 		-30.2354 		6.9128
v 125.9495 		-30.2303 		6.9128
v 127.9571 		-27.922 		0.0025
v 126.8234 		-29.8199 		7.086
v 126.8226 		-29.8449 		7.0861
v 126.8246 		-29.785 		7.086
v 131.2081 		-27.5087 		5.8068
v 131.2349 		-27.535 		5.8069
v 132.2205 		-29.94 		5.812
v 131.2117 		-27.51 		6.9068
v 131.2081 		-27.5064 		6.9068
v 132.2211 		-29.9317 		5.812
v 129.0582 		-29.913 		0.0061
v 132.2205 		-29.938 		6.912
v 132.2211 		-29.9294 		6.912
v 126.9264 		-29.1918 		0.005
v 126.8263 		-29.9692 		7.0867
v 126.8246 		-29.9187 		7.0865
v 129.0694 		-29.913 		0.0061
v 125.9839 		-30.4437 		5.8132
v 125.9778 		-30.4066 		5.8131
v 130.1372 		-32.787 		6.9182
v 130.1421 		-32.7854 		6.9182
v 126.8268 		-29.9838 		7.0867
v 126.8271 		-29.9919 		7.0867
v 129.0981 		-29.8854 		0.0061
v 125.9832 		-30.4363 		6.9132
v 125.984 		-30.4414 		6.9132
v 126.9001 		-29.278 		0.005
v 129.0981 		-29.8637 		0.006
v 126.9262 		-29.1921 		0.005
v 131.0509 		-27.3727 		5.8064
v 131.0793 		-27.3972 		5.8065
v 131.0549 		-27.3737 		6.9064
v 131.051 		-27.3704 		6.9064
v 126.8396 		-30.1174 		7.0867
v 126.8416 		-30.1379 		7.0867
v 126.0276 		-30.6309 		5.8135
v 126.0224 		-30.6093 		5.8135
v 126.8346 		-30.0652 		7.0867
v 130.3359 		-32.7107 		5.8182
v 130.3012 		-32.7247 		5.8182
v 126.8903 		-29.3192 		0.0053
v 126.0311 		-30.6457 		5.8136
v 126.8465 		-29.539 		0.006
v 126.0299 		-30.6384 		6.9136
v 126.0311 		-30.6434 		6.9136
v 126.8421 		-29.566 		0.006
v 126.8298 		-29.6865 		0.006
v 126.8271 		-29.713 		0.006
v 126.8249 		-29.7762 		0.0064
v 132.2219 		-29.7237 		5.8116
v 132.2219 		-29.7611 		5.8117
v 126.8271 		-29.713 		0.0061
v 132.222 		-29.7265 		6.9116
v 132.222 		-29.7214 		6.9116
v 126.8626 		-30.265 		7.0867
v 126.8653 		-30.2813 		7.0868
v 126.8656 		-30.2829 		7.0868
v 126.9001 		-29.278 		0.0053
v 131.0315 		-27.3582 		5.8064
v 126.9088 		-29.2492 		0.0053
v 130.8841 		-27.2477 		5.8063
v 130.9139 		-27.2702 		5.8063
v 131.0313 		-27.3556 		6.9064
v 130.8881 		-27.2484 		6.9063
v 130.8841 		-27.2454 		6.9063
v 130.3313 		-32.7103 		6.9182
v 130.336 		-32.7084 		6.9182
v 126.0277 		-30.6289 		6.9135
v 126.8826 		-30.3547 		7.0872
v 126.8956 		-30.4097 		7.0874
v 129.0471 		-29.862 		0.006
v 126.8996 		-30.4264 		7.0874
v 132.2081 		-29.5157 		5.8112
v 132.2084 		-29.5208 		5.8112
v 130.1626 		-32.7797 		5.8182
v 126.9383 		-30.5532 		7.0874
v 126.9426 		-30.5669 		7.0875
v 132.2104 		-29.5531 		5.8113
v 126.0921 		-30.8457 		5.8144
v 126.0811 		-30.8097 		5.8143
v 132.2084 		-29.5188 		6.9112
v 130.1625 		-32.7773 		6.9182
v 126.0906 		-30.8385 		6.9144
v 132.2084 		-29.5185 		6.9112
v 126.0921 		-30.8434 		6.9144
v 126.9212 		-30.4972 		7.0874
v 132.2081 		-29.5134 		6.9112
v 130.7101 		-27.1337 		5.8063
v 130.7101 		-27.1314 		6.9063
v 130.5239 		-32.6217 		5.8182
v 130.5289 		-27.0307 		5.806
v 130.5616 		-27.0492 		5.8061
v 130.524 		-32.6194 		6.9182
v 132.1809 		-29.3087 		5.8108
v 132.1859 		-29.346 		5.8109
v 132.1817 		-29.3115 		6.9108
v 132.181 		-29.3064 		6.9108
v 130.5335 		-27.0309 		6.906
v 130.529 		-27.0284 		6.906
v 126.1661 		-31.0397 		5.8151
v 126.1561 		-31.0136 		5.8151
v 126.1528 		-31.0048 		5.815
v 128.3421 		-27.737 		7.0818
v 128.2542 		-27.7688 		7.0818
v 126.1642 		-31.0326 		6.9151
v 126.1661 		-31.0374 		6.9151
v 128.2236 		-27.7799 		7.0818
v 130.6838 		-27.1188 		5.8064
v 130.6836 		-27.1163 		6.9064
v 130.3409 		-26.9407 		5.8056
v 132.1399 		-29.1047 		5.8104
v 132.1402 		-29.1063 		5.8104
v 132.1473 		-29.1414 		5.8105
v 132.141 		-29.1074 		6.9104
v 132.1404 		-29.1042 		6.9104
v 132.14 		-29.1024 		6.9104
v 130.341 		-26.9384 		6.9056
v 126.156 		-31.0109 		6.9151
v 128.1194 		-27.8255 		7.0818
v 128.0886 		-27.8389 		7.0818
v 130.307 		-26.9272 		5.8056
v 130.1471 		-26.8637 		5.8055
v 130.1818 		-26.8776 		5.8055
v 130.3071 		-26.9249 		6.9056
v 130.1518 		-26.8633 		6.9055
v 130.1471 		-26.8614 		6.9055
v 130.7051 		-32.5197 		5.8179
v 130.6723 		-32.5381 		5.818
v 126.2529 		-31.2297 		5.8155
v 126.2374 		-31.1955 		5.8155
v 126.2509 		-31.2227 		6.9155
v 126.253 		-31.2274 		6.9155
v 130.5355 		-32.6151 		5.8182
v 132.0948 		-28.9399 		5.8101
v 132.0851 		-28.9037 		5.81
v 132.0864 		-28.9063 		6.91
v 132.0851 		-28.9014 		6.91
v 126.8619 		-32.0687 		5.8167
v 126.8361 		-32.0415 		5.8167
v 126.8585 		-32.0627 		6.9167
v 126.862 		-32.0664 		6.9167
v 127.9884 		-27.8909 		7.0818
v 127.9576 		-27.9069 		7.0818
v 129.9491 		-26.7987 		5.8056
v 129.9847 		-26.8104 		5.8055
v 129.9539 		-26.798 		6.9056
v 129.9491 		-26.7964 		6.9056
v 131.2431 		-29.467 		14.106
v 131.2621 		-29.613 		14.106
v 131.2721 		-29.76 		14.106
v 126.3519 		-31.4127 		5.8158
v 126.3341 		-31.3798 		5.8158
v 131.1751 		-29.181 		14.105
v 131.2141 		-29.323 		14.105
v 131.1281 		-29.042 		14.105
v 132.0181 		-28.7067 		5.8096
v 132.0301 		-28.7421 		5.8097
v 132.0197 		-28.7092 		6.9096
v 132.0181 		-28.7044 		6.9096
v 126.3496 		-31.4059 		6.9158
v 126.352 		-31.4104 		6.9158
v 127.8402 		-27.978 		7.0819
v 127.8361 		-27.9805 		7.0819
v 127.8321 		-27.9829 		7.0819
v 127.8509 		-27.9715 		7.0818
v 126.8296 		-27.6142 		5.8073
v 127.8517 		-27.971 		7.0818
v 126.8294 		-27.612 		6.9073
v 127.8619 		-27.9648 		7.0818
v 127.8943 		-27.9451 		7.0818
v 129.7471 		-26.7477 		5.8055
v 129.9092 		-26.7886 		5.8056
v 130.5358 		-32.6128 		6.9182
v 129.9093 		-26.7863 		6.9056
v 129.7471 		-26.7454 		6.9055
v 130.7006 		-32.5199 		6.9179
v 130.7051 		-32.5174 		6.9179
v 131.0051 		-28.774 		14.104
v 131.0711 		-28.906 		14.104
v 126.3318 		-31.3756 		5.8158
v 126.3318 		-31.3729 		6.9158
v 127.8944 		-27.945 		7.0818
v 129.0826 		-32.0709 		7.091
v 129.5429 		-26.7097 		5.8056
v 129.5798 		-26.7165 		5.8056
v 129.5481 		-26.7083 		6.9056
v 129.543 		-26.7074 		6.9056
v 127.824 		-27.9886 		7.082
v 127.7718 		-28.0251 		7.0823
v 127.74 		-28.0472 		7.0825
v 131.9379 		-28.5147 		5.8092
v 131.9525 		-28.5492 		5.8093
v 131.94 		-28.5171 		6.9092
v 131.938 		-28.5124 		6.9092
v 126.4629 		-31.5889 		5.8159
v 126.4429 		-31.557 		5.8159
v 130.9311 		-28.647 		14.104
v 130.8801 		-32.4057 		5.8175
v 130.8486 		-32.4262 		5.8176
v 127.7116 		-28.0669 		7.0825
v 130.8491 		-28.525 		14.104
v 130.6611 		-28.299 		14.103
v 130.7591 		-28.409 		14.103
v 130.5561 		-28.196 		14.103
v 130.8758 		-32.4062 		6.9175
v 130.8801 		-32.4034 		6.9175
v 130.4451 		-28.1 		14.103
v 126.4603 		-31.582 		6.9159
v 126.463 		-31.5864 		6.9159
v 130.2041 		-27.931 		14.102
v 130.3271 		-28.011 		14.102
v 130.0761 		-27.858 		14.102
v 129.108 		-32.0697 		7.091
v 129.2296 		-32.0639 		7.091
v 129.3359 		-26.6857 		5.8056
v 129.4971 		-26.7044 		5.8056
v 132.017 		-28.7041 		5.8096
v 129.4971 		-26.702 		6.9056
v 132.0171 		-28.702 		6.9096
v 129.336 		-26.6834 		6.9056
v 131.0469 		-32.2807 		5.8171
v 131.017 		-32.3032 		5.8172
v 127.6242 		-28.1368 		7.0825
v 131.043 		-32.2814 		6.9171
v 131.047 		-32.2784 		6.9171
v 127.5966 		-28.1589 		7.0825
v 130.8848 		-32.4021 		5.8175
v 127.5119 		-28.2373 		7.0825
v 127.4886 		-28.2589 		7.0826
v 126.5851 		-31.7577 		5.816
v 126.5629 		-31.7275 		5.8159
v 129.2563 		-32.0608 		7.091
v 129.3741 		-32.0471 		7.091
v 129.3756 		-32.0469 		7.091
v 130.885 		-32.3996 		6.9175
v 126.582 		-31.7512 		6.9159
v 126.5851 		-31.7554 		6.916
v 127.5144 		-28.2351 		7.0825
v 128.9191 		-26.6787 		5.8056
v 128.9565 		-26.678 		5.8056
v 127.4373 		-28.3122 		7.083
v 127.4113 		-28.3398 		7.0832
v 128.9242 		-26.6763 		6.9056
v 128.9191 		-26.6764 		6.9056
v 126.5518 		-31.7121 		5.8158
v 126.5518 		-31.7094 		6.9158
v 127.3962 		-28.3557 		7.0832
v 127.3871 		-28.3654 		7.0832
v 129.4036 		-32.0419 		7.091
v 129.4479 		-32.0339 		7.091
v 129.5201 		-32.0209 		7.091
v 127.3149 		-28.4516 		7.0832
v 127.3399 		-28.4222 		7.0832
v 128.7119 		-26.6957 		5.8056
v 128.7493 		-26.6926 		5.8056
v 127.2926 		-28.4779 		7.0832
v 129.5919 		-32.0029 		7.0908
v 129.6626 		-31.9849 		7.0904
v 128.7171 		-26.693 		6.9056
v 128.712 		-26.6934 		6.9056
v 127.0149 		-32.2107 		5.8172
v 126.9874 		-32.1852 		5.8171
v 126.5881 		-27.8877 		5.808
v 126.612 		-27.8589 		5.8079
v 129.5493 		-32.0136 		7.091
v 129.5537 		-32.0125 		7.091
v 129.5637 		-32.0099 		7.0909
v 129.5783 		-32.0063 		7.0908
v 127.0113 		-32.2049 		6.9171
v 127.015 		-32.2084 		6.9172
v 131.8449 		-28.3277 		5.8088
v 127.2247 		-28.5712 		7.0832
v 127.2101 		-28.5914 		7.0833
v 127.2061 		-28.5969 		7.0833
v 131.845 		-28.3254 		6.9088
v 129.9431 		-27.795 		14.102
v 127.2263 		-28.5689 		7.0832
v 127.2489 		-28.5377 		7.0832
v 129.8071 		-27.74 		14.102
v 129.6924 		-31.9751 		7.0903
v 129.8026 		-31.9389 		7.0903
v 126.5913 		-27.8814 		6.908
v 126.5881 		-27.8854 		6.908
v 128.5059 		-26.7257 		5.8056
v 128.6595 		-26.7033 		5.8056
v 131.7399 		-28.1477 		5.8084
v 131.7588 		-28.1801 		5.8085
v 129.8326 		-31.9271 		7.0903
v 129.9303 		-31.8886 		7.0903
v 129.9396 		-31.8849 		7.0903
v 128.6595 		-26.701 		6.9056
v 131.7426 		-28.1498 		6.9084
v 131.74 		-28.1454 		6.9084
v 128.506 		-26.7234 		6.9056
v 128.9351 		-32.054 		14.111
v 128.7891 		-32.041 		14.111
v 129.9695 		-31.8704 		7.0903
v 130.0058 		-31.8528 		7.0903
v 127.1771 		-32.3407 		5.8175
v 127.1477 		-32.3173 		5.8175
v 130.0477 		-31.833 		7.0903
v 126.2431 		-27.007 		5.806
v 127.1731 		-32.3352 		6.9175
v 127.1771 		-32.3384 		6.9175
v 128.6431 		-32.019 		14.111
v 127.1669 		-28.6597 		7.0837
v 127.1456 		-28.6934 		7.0839
v 126.2431 		-27.005 		6.906
v 128.5001 		-31.988 		14.111
v 127.1276 		-28.7219 		7.0839
v 131.8412 		-28.3213 		5.8088
v 126.4659 		-28.0559 		5.8084
v 126.488 		-28.0255 		5.8083
v 126.5602 		-27.9261 		5.8081
v 131.8414 		-28.3192 		6.9088
v 126.56 		-27.924 		6.9081
v 126.4691 		-28.0493 		6.9084
v 126.466 		-28.0534 		6.9084
v 127.1106 		-32.2875 		5.8174
v 128.3581 		-31.947 		14.111
v 127.1108 		-32.2852 		6.9174
v 128.3021 		-26.7707 		5.8056
v 128.3386 		-26.7626 		5.8056
v 127.0732 		-28.8221 		7.0839
v 127.0576 		-28.8509 		7.084
v 128.3071 		-26.7673 		6.9056
v 128.3021 		-26.7684 		6.9056
v 128.2201 		-31.897 		14.111
v 127.3471 		-32.4607 		5.8179
v 127.3165 		-32.4391 		5.8179
v 127.3429 		-32.4554 		6.9179
v 127.3471 		-32.4584 		6.9179
v 126.3541 		-28.2327 		5.8088
v 126.374 		-28.201 		5.8087
v 131.6231 		-27.9757 		5.808
v 131.6439 		-28.0067 		5.8081
v 126.3568 		-28.226 		6.9088
v 127.0264 		-28.9182 		7.0844
v 126.3541 		-28.2304 		6.9088
v 127.0095 		-28.9554 		7.0846
v 131.6259 		-27.9776 		6.908
v 131.6231 		-27.9734 		6.908
v 126.9961 		-28.9849 		7.0846
v 128.0851 		-31.838 		14.111
v 131.0821 		-30.7449 		7.0881
v 131.1261 		-30.6399 		7.0876
v 126.9861 		-29.0113 		7.0846
v 126.2551 		-28.4157 		5.8092
v 126.2729 		-28.3828 		5.8091
v 128.1019 		-26.8277 		5.8056
v 128.1381 		-26.8174 		5.8056
v 128.2493 		-26.7857 		5.8056
v 126.2575 		-28.4089 		6.9092
v 126.2551 		-28.4134 		6.9092
v 131.1364 		-30.61 		7.0874
v 131.1741 		-30.5009 		7.0874
v 131.4951 		-27.8107 		5.8076
v 131.615 		-27.9653 		5.808
v 131.6148 		-27.9627 		6.908
v 127.5251 		-32.5689 		5.8182
v 131.4951 		-27.8084 		6.9076
v 127.493 		-32.5493 		5.8182
v 127.4402 		-32.5172 		5.8181
v 127.4403 		-32.5149 		6.9181
v 127.5207 		-32.5637 		6.9182
v 127.5251 		-32.5664 		6.9182
v 126.97 		-29.0537 		7.0846
v 126.9547 		-29.0931 		7.0846
v 128.2492 		-26.7834 		6.9056
v 126.9436 		-29.1219 		7.0846
v 128.107 		-26.824 		6.9056
v 128.102 		-26.8254 		6.9056
v 126.3343 		-28.2693 		5.8089
v 126.3341 		-28.2672 		6.9089
v 127.7101 		-32.6657 		5.8182
v 127.6768 		-32.6484 		5.8182
v 126.909 		-29.2353 		7.0846
v 126.9006 		-29.2629 		7.0847
v 126.1681 		-28.6047 		5.8096
v 126.1837 		-28.5707 		5.8095
v 131.3571 		-27.6547 		5.8072
v 131.3819 		-27.6828 		5.8073
v 126.1702 		-28.5977 		6.9096
v 126.1681 		-28.6024 		6.9096
v 126.9094 		-29.2341 		7.0846
v 127.7055 		-32.661 		6.9182
v 127.7101 		-32.6634 		6.9182
v 131.1937 		-30.4296 		7.0872
v 131.2126 		-30.3589 		7.0868
v 126.8732 		-29.3782 		7.0853
v 127.9059 		-26.8987 		5.8056
v 131.3605 		-27.6562 		6.9072
v 131.3571 		-27.6524 		6.9072
v 126.8666 		-29.4059 		7.0853
v 131.1822 		-30.4713 		7.0874
v 126.8465 		-29.524 		7.0853
v 126.8434 		-29.543 		7.0854
v 126.8421 		-29.5509 		7.0854
v 126.854 		-29.4787 		7.0853
v 127.906 		-26.8964 		6.9056
v 126.0941 		-28.7997 		5.81
v 126.1552 		-28.6385 		5.8097
v 126.1554 		-28.6358 		6.9097
v 126.0941 		-28.7974 		6.91
v 131.344 		-27.6419 		5.8072
v 131.3438 		-27.6394 		6.9072
v 126.835 		-29.6247 		7.0858
v 126.8303 		-29.6715 		7.086
v 126.8276 		-29.6979 		7.086
v 131.0821 		-29.639 		0.006
v 131.2583 		-29.6216 		0.006
v 131.2219 		-29.3966 		0.0053
v 131.0821 		-29.4266 		0.0053
v 127.7963 		-32.7036 		5.8181
v 131.3531 		-31.996 		7.091
v 131.2131 		-29.353 		0.005
v 127.9009 		-32.7497 		5.8182
v 127.8667 		-32.7346 		5.8182
v 131.0821 		-29.3035 		0.0051
v 131.1921 		-29.2745 		0.005
v 131.4921 		-31.84 		7.09
v 127.7962 		-32.7012 		6.9181
v 127.8964 		-32.7453 		6.9182
v 127.901 		-32.7474 		6.9182
v 127.7151 		-26.9817 		5.8059
v 127.7493 		-26.9668 		5.8058
v 131.6201 		-31.676 		7.09
v 131.9351 		-31.138 		7.089
v 131.8421 		-31.324 		7.089
v 126.0329 		-28.9987 		5.8104
v 126.044 		-28.9629 		5.8103
v 127.7197 		-26.9773 		6.9059
v 127.7151 		-26.9794 		6.9059
v 126.0346 		-28.9915 		6.9104
v 126.033 		-28.9964 		6.9104
v 131.7371 		-31.504 		7.089
v 131.2131 		-29.353 		0.0053
v 131.2131 		-29.353 		0.0053
v 132.0161 		-30.946 		7.088
v 128.0969 		-32.8207 		5.8182
v 131.2084 		-29.3355 		0.0053
v 131.2131 		-29.353 		0.0053
v 131.2184 		-30.33 		7.0867
v 131.2416 		-30.2149 		7.0867
v 131.2611 		-29.643 		0.006
v 131.2707 		-29.785 		0.006
v 128.097 		-32.8184 		6.9182
v 130.0581 		-29.6464 		0.0057
v 131.2455 		-30.1863 		7.0867
v 131.2606 		-30.0762 		7.0867
v 131.2616 		-30.0689 		7.0867
v 130.0581 		-29.5738 		0.0055
v 130.534 		-29.1814 		0.0045
v 130.0581 		-29.4155 		0.0051
v 130.0581 		-29.3926 		0.005
v 128.2969 		-32.8787 		5.8184
v 128.2609 		-32.8683 		5.8183
v 128.2921 		-32.8749 		6.9184
v 130.4128 		-28.761 		0.0038
v 128.297 		-32.8764 		6.9184
v 130.0581 		-29.0491 		0.0044
v 130.0581 		-28.8554 		0.0041
v 125.9849 		-29.2017 		5.8108
v 130.1542 		-28.761 		0.0039
v 125.9935 		-29.1652 		5.8107
v 126.0266 		-29.0255 		5.8104
v 126.0266 		-29.0235 		6.9104
v 125.9862 		-29.1944 		6.9108
v 125.985 		-29.1994 		6.9108
v 128.1733 		-32.8429 		5.8182
v 132.0841 		-30.749 		7.088
v 132.2071 		-30.137 		7.087
v 132.1801 		-30.343 		7.087
v 128.1734 		-32.8405 		6.9182
v 130.7778 		-28.4644 		0.0032
v 127.854 		-26.9212 		5.8056
v 130.7581 		-28.439 		0.003
v 127.8542 		-26.9189 		6.9056
v 130.6272 		-28.2968 		0.003
v 132.1391 		-30.548 		7.087
v 130.3879 		-28.0876 		0.0025
v 130.0581 		-28.5275 		0.0034
v 132.2211 		-29.929 		7.086
v 131.2632 		-30.0421 		7.0867
v 131.2632 		-30.0415 		7.0867
v 131.2661 		-29.9951 		7.0865
v 131.2711 		-29.9219 		7.0861
v 128.5001 		-32.9227 		5.8188
v 128.4634 		-32.9148 		5.8187
v 128.4951 		-32.9193 		6.9188
v 128.5001 		-32.9204 		6.9188
v 125.9501 		-29.4067 		5.8112
v 127.5301 		-27.0777 		5.8063
v 127.5633 		-27.0604 		5.8063
v 125.9562 		-29.3698 		5.8111
v 127.5346 		-27.073 		6.9063
v 125.9509 		-29.3993 		6.9112
v 127.5301 		-27.0754 		6.9063
v 125.9501 		-29.4044 		6.9112
v 131.2716 		-29.8481 		7.086
v 131.2712 		-29.8967 		7.086
v 128.7061 		-32.9537 		5.819
v 128.5666 		-32.9327 		5.8189
v 128.5667 		-32.9304 		6.9189
v 128.7061 		-32.9514 		6.919
v 130.0581 		-31.8281 		7.0903
v 130.0721 		-31.8214 		7.0903
v 132.2221 		-29.721 		7.086
v 132.1811 		-29.306 		7.085
v 132.2081 		-29.513 		7.085
v 132.0851 		-28.901 		7.084
v 132.1401 		-29.102 		7.084
v 129.0861 		-27.6219 		7.0811
v 129.0341 		-27.6227 		7.0811
v 128.9141 		-32.9717 		5.819
v 127.3521 		-27.1857 		5.8064
v 130.3261 		-28.041 		0.002
v 130.0581 		-28.0174 		0.0022
v 130.1163 		-27.9115 		0.002
v 127.4819 		-27.1069 		5.8064
v 130.2031 		-27.961 		0.002
v 128.9141 		-32.9694 		6.919
v 127.4818 		-27.1047 		6.9064
v 130.1182 		-27.9126 		0.002
v 128.9655 		-27.6236 		7.0811
v 125.9291 		-29.6137 		5.8116
v 125.9328 		-29.5764 		5.8115
v 127.3521 		-27.1834 		6.9064
v 125.9482 		-29.4248 		5.8112
v 128.9397 		-27.6239 		7.0811
v 128.9391 		-27.6239 		7.0811
v 125.9482 		-29.4228 		6.9112
v 130.3261 		-28.041 		0.0025
v 130.3319 		-28.0454 		0.0025
v 125.9296 		-29.6063 		6.9116
v 125.9291 		-29.6114 		6.9116
v 130.2031 		-27.961 		0.0025
v 130.2109 		-27.9661 		0.0025
v 128.968 		-32.9725 		5.8189
v 128.968 		-32.9701 		6.919
v 130.6601 		-28.329 		0.003
v 130.6278 		-28.2974 		0.003
v 130.7581 		-28.439 		0.0032
v 131.9381 		-28.512 		7.083
v 132.0181 		-28.704 		7.083
v 131.8451 		-28.325 		7.083
v 131.6231 		-27.973 		7.082
v 131.7401 		-28.145 		7.082
v 130.6601 		-28.329 		0.0032
v 130.7563 		-28.437 		0.0032
v 131.4951 		-27.808 		7.082
v 131.2051 		-32.142 		7.091
v 130.66 		-28.329 		0.0032
v 127.1811 		-27.3057 		5.8065
v 127.2118 		-27.2841 		5.8064
v 129.5461 		-29.7447 		0.0058
v 127.1853 		-27.3004 		6.9064
v 127.1811 		-27.3034 		6.9065
v 125.9233 		-29.7843 		5.8119
v 130.7051 		-32.517 		7.092
v 130.5241 		-32.619 		7.092
v 128.8658 		-27.63 		7.0811
v 128.8206 		-27.6337 		7.0811
v 129.7296 		-29.5771 		0.0055
v 128.7926 		-27.6359 		7.0811
v 130.3361 		-32.708 		7.092
v 129.2956 		-29.7482 		0.0058
v 130.1421 		-32.785 		7.092
v 129.585 		-29.6025 		0.0055
v 127.1386 		-27.3398 		5.8065
v 130.1368 		-31.7853 		7.0903
v 130.2006 		-31.7489 		7.0903
v 131.0471 		-32.278 		7.091
v 127.0191 		-27.4357 		5.8067
v 127.1385 		-27.3376 		6.9065
v 127.0191 		-27.4334 		6.9067
v 130.8801 		-32.403 		7.091
v 128.6625 		-27.6555 		7.0812
v 128.6466 		-27.6579 		7.0812
v 131.3571 		-27.652 		7.081
v 129.5461 		-29.4651 		0.0052
v 128.6718 		-27.6541 		7.0811
v 128.6763 		-27.6535 		7.0811
v 129.5686 		-29.5514 		0.0055
v 129.5765 		-29.5646 		0.0055
v 129.5712 		-29.5788 		0.0055
v 129.2901 		-29.673 		0.0057
v 129.227 		-29.7242 		0.0058
v 128.5743 		-27.6735 		7.0816
v 128.5329 		-27.6825 		7.0818
v 129.7421 		-32.901 		7.093
v 129.5371 		-32.938 		7.093
v 128.5051 		-27.6885 		7.0818
v 128.5031 		-27.6889 		7.0818
v 126.8651 		-27.5767 		5.8072
v 126.8928 		-27.5513 		5.8071
v 129.5461 		-29.3579 		0.005
v 129.3301 		-32.962 		7.093
v 126.8689 		-27.5709 		6.9071
v 126.8651 		-27.5744 		6.9072
v 129.8829 		-28.761 		0.0039
v 129.5461 		-29.2103 		0.0048
v 126.7219 		-27.7277 		5.8076
v 126.7478 		-27.7005 		5.8075
v 129.1221 		-32.972 		7.093
v 126.7256 		-27.7217 		6.9076
v 126.722 		-27.7254 		6.9076
v 129.2901 		-29.6091 		0.0055
v 129.499 		-29.273 		0.0049
v 129.2901 		-29.5516 		0.0054
v 128.4323 		-27.7095 		7.0818
v 128.3924 		-27.721 		7.0818
v 128.3616 		-27.7299 		7.0818
v 129.2075 		-29.6901 		0.0057
v 129.2239 		-29.6399 		0.0056
v 129.9441 		-32.85 		7.092
v 129.1996 		-29.6842 		0.0057
v 129.206 		-29.6895 		0.0057
v 128.2971 		-32.876 		7.093
v 128.0971 		-32.818 		7.092
v 128.9141 		-32.969 		7.093
v 128.7061 		-32.951 		7.093
v 129.5461 		-28.9485 		0.0041
v 129.6491 		-28.761 		0.0037
v 128.5001 		-32.92 		7.093
v 129.3366 		-29.3293 		0.0049
v 129.3676 		-29.273 		0.0048
v 130.1017 		-31.8049 		7.0903
v 129.2901 		-29.3267 		0.0049
v 129.298 		-29.3232 		0.0049
v 129.3209 		-29.3362 		0.0049
v 130.2288 		-31.7306 		7.0902
v 129.0797 		-29.3974 		0.0052
v 129.086 		-29.3983 		0.0052
v 129.1107 		-29.3756 		0.0051
v 130.2325 		-31.7282 		7.0902
v 129.1203 		-29.3766 		0.0051
v 129.1448 		-29.3547 		0.0051
v 129.1577 		-29.3567 		0.0051
v 129.1811 		-29.3402 		0.005
v 131.2081 		-27.506 		7.081
v 126.7181 		-31.915 		7.091
v 129.1969 		-29.3444 		0.005
v 129.2192 		-29.3292 		0.005
v 129.752 		-27.737 		7.0815
v 129.7338 		-27.731 		7.0814
v 129.6832 		-27.7144 		7.0811
v 129.6666 		-27.7089 		7.0811
v 129.2382 		-29.3353 		0.005
v 129.2583 		-29.3241 		0.005
v 130.3236 		-31.6689 		7.0897
v 129.2804 		-29.3309 		0.005
v 131.0511 		-27.37 		7.081
v 126.1661 		-31.037 		7.089
v 126.0921 		-30.843 		7.088
v 129.0521 		-29.4257 		0.0052
v 126.3521 		-31.41 		7.09
v 130.7101 		-27.131 		7.08
v 130.8841 		-27.245 		7.08
v 129.0547 		-29.4254 		0.0052
v 130.5291 		-27.028 		7.08
v 126.2531 		-31.227 		7.089
v 130.3411 		-26.938 		7.08
v 126.5851 		-31.755 		7.09
v 130.1471 		-26.861 		7.08
v 129.5427 		-27.6778 		7.0811
v 130.3515 		-31.6481 		7.0895
v 126.4631 		-31.586 		7.09
v 130.4377 		-31.5838 		7.0895
v 130.4416 		-31.5809 		7.0895
v 129.525 		-27.6733 		7.0811
v 129.5236 		-27.6729 		7.0811
v 129.4508 		-27.6594 		7.0811
v 129.4008 		-27.65 		7.0811
v 129.3791 		-27.6459 		7.0811
v 127.3471 		-32.458 		7.092
v 127.1771 		-32.338 		7.091
v 130.4683 		-31.5579 		7.0895
v 130.4973 		-31.5327 		7.0895
v 130.5531 		-31.4849 		7.0895
v 127.9011 		-32.747 		7.092
v 127.7101 		-32.663 		7.092
v 127.5251 		-32.566 		7.092
v 129.2566 		-27.6317 		7.0811
v 129.2331 		-27.6289 		7.0811
v 129.0812 		-32.0322 		0.0109
v 129.0341 		-32.0348 		0.0109
v 129.1281 		-26.672 		7.079
v 129.7471 		-26.745 		7.079
v 129.9491 		-26.796 		7.079
v 129.5431 		-26.707 		7.079
v 130.5784 		-31.4601 		7.0895
v 130.6581 		-31.3819 		7.0895
v 129.1115 		-27.6231 		7.0811
v 129.3361 		-26.683 		7.079
v 129.9401 		-31.87 		14.111
v 129.8031 		-31.924 		14.111
v 129.1047 		-31.8947 		0.0106
v 129.6631 		-31.97 		14.111
v 127.0151 		-32.208 		7.091
v 129.2139 		-31.8938 		0.0106
v 125.9291 		-30.028 		7.087
v 125.9221 		-29.819 		7.086
v 129.5201 		-32.006 		14.111
v 126.0311 		-30.643 		7.088
v 125.9841 		-30.441 		7.087
v 128.3021 		-26.768 		7.08
v 128.1021 		-26.825 		7.08
v 129.3761 		-32.032 		14.111
v 130.7073 		-31.3267 		7.0893
v 130.7556 		-31.2719 		7.089
v 125.9501 		-30.235 		7.087
v 129.2192 		-31.833 		0.0104
v 128.9191 		-26.676 		7.079
v 129.2301 		-32.049 		14.111
v 130.6815 		-31.3556 		7.0895
v 130.6838 		-31.3531 		7.0895
v 130.6886 		-31.3477 		7.0895
v 128.7121 		-26.693 		7.079
v 129.0831 		-32.056 		14.111
v 128.5061 		-26.723 		7.079
v 130.7775 		-31.2439 		7.0888
v 130.8428 		-31.1608 		7.0888
v 130.8466 		-31.1559 		7.0888
v 125.9851 		-29.199 		7.085
v 127.1811 		-27.303 		7.081
v 125.9291 		-29.611 		7.086
v 125.9501 		-29.404 		7.085
v 130.866 		-31.1271 		7.0888
v 127.0191 		-27.433 		7.081
v 132.4501 		-31.944 		5.816
v 127.9061 		-26.896 		7.08
v 130.8877 		-31.0947 		7.0886
v 130.9291 		-31.0339 		7.0883
v 132.4511 		-31.942 		6.916
v 127.9551 		-31.77 		14.111
v 127.8291 		-31.693 		14.11
v 127.7151 		-26.979 		7.08
v 127.7091 		-31.609 		14.11
v 131.1968 		-30.4309 		0.0074
v 131.0821 		-30.4005 		0.0073
v 131.2121 		-30.374 		0.007
v 131.0821 		-30.2333 		0.0069
v 131.2344 		-30.2632 		0.007
v 127.5301 		-27.075 		7.08
v 127.5941 		-31.516 		14.11
v 127.3521 		-27.183 		7.08
v 131.2669 		-29.9978 		0.0064
v 131.0821 		-29.9917 		0.0064
v 130.9667 		-30.9702 		7.0881
v 131.2711 		-29.937 		0.006
v 130.9999 		-30.9133 		7.0881
v 131.0036 		-30.9069 		7.0881
v 131.2711 		-29.79 		0.006
v 131.2711 		-29.9117 		0.006
v 126.0941 		-28.797 		7.084
v 131.2711 		-29.937 		0.0061
v 126.0331 		-28.996 		7.084
v 131.2711 		-29.937 		0.0061
v 132.6901 		-31.479 		5.815
v 132.8671 		-30.987 		5.814
v 132.9781 		-30.475 		5.813
v 133.0211 		-29.954 		5.812
v 131.2121 		-30.374 		0.0074
v 131.2179 		-30.3451 		0.0074
v 130.9463 		-31.0047 		7.0881
v 126.8651 		-27.574 		7.081
v 131.1261 		-30.655 		0.008
v 133.0211 		-29.952 		6.912
v 131.0821 		-30.5821 		0.0079
v 131.1434 		-30.6047 		0.008
v 132.9781 		-30.473 		6.913
v 125.8061 		-32.264 		5.817
v 132.8671 		-30.984 		6.914
v 125.8061 		-32.261 		6.917
v 131.0183 		-30.8772 		7.0881
v 131.0362 		-30.8412 		7.0881
v 131.0691 		-30.7759 		7.0881
v 132.6901 		-31.477 		6.915
v 125.0221 		-29.815 		5.812
v 131.1261 		-30.655 		0.0081
v 125.0471 		-30.337 		5.813
v 131.0821 		-30.76 		0.0081
v 125.1411 		-30.852 		5.814
v 125.5231 		-31.824 		5.817
v 131.137 		-30.6233 		0.0081
v 125.3001 		-31.351 		5.816
v 131.1364 		-30.6251 		0.0081
v 125.3001 		-31.348 		6.916
v 125.1411 		-30.85 		6.914
v 126.3541 		-28.23 		7.083
v 125.5231 		-31.821 		6.917
v 126.1681 		-28.602 		7.084
v 126.2551 		-28.413 		7.083
v 127.0561 		-30.824 		14.109
v 127.3851 		-31.31 		14.11
v 130.7039 		-31.345 		0.0095
v 130.5701 		-31.2251 		0.0092
v 127.2911 		-31.197 		14.109
v 130.7551 		-31.287 		0.009
v 127.4861 		-31.416 		14.11
v 130.6981 		-31.0634 		0.0088
v 130.8442 		-31.1734 		0.009
v 129.5998 		-29.785 		0.006
v 129.5461 		-29.7563 		0.0058
v 129.505 		-29.7651 		0.0059
v 125.0221 		-29.812 		6.912
v 127.2041 		-31.078 		14.109
v 125.0471 		-30.335 		6.913
v 130.5701 		-30.967 		0.0085
v 126.5881 		-27.885 		7.082
v 129.5461 		-29.7089 		0.0058
v 129.556 		-29.7063 		0.0058
v 129.637 		-29.6226 		0.0056
v 126.4661 		-28.053 		7.082
v 129.5461 		-29.66 		0.0057
v 130.7551 		-31.287 		0.0095
v 129.2901 		-29.7764 		0.0059
v 129.2901 		-29.7653 		0.0059
v 130.7787 		-31.2569 		0.0095
v 130.7765 		-31.2596 		0.0095
v 127.1261 		-30.953 		14.109
v 132.5201 		-27.945 		5.808
v 132.7431 		-28.418 		5.809
v 129.5461 		-29.5387 		0.0055
v 129.5648 		-29.5272 		0.0054
v 132.9031 		-28.916 		5.81
v 129.5611 		-29.5387 		0.0055
v 125.0661 		-29.293 		5.811
v 129.2901 		-29.6957 		0.0057
v 131.0818 		-30.7456 		7.0881
v 130.1676 		-31.7825 		0.0103
v 130.0581 		-31.5953 		0.0098
v 125.1771 		-28.782 		5.81
v 129.2219 		-29.7284 		0.0058
v 132.9961 		-29.431 		5.811
v 129.2008 		-29.7505 		0.0058
v 130.2001 		-31.764 		0.01
v 125.3531 		-28.29 		5.809
v 130.1054 		-30.809 		0.0083
v 129.1932 		-29.6809 		0.0057
v 129.1971 		-29.682 		0.0057
v 126.7221 		-27.725 		7.082
v 132.9961 		-29.429 		6.911
v 132.9031 		-28.914 		6.91
v 131.2716 		-29.7749 		7.086
v 125.5931 		-27.824 		5.808
v 132.7431 		-28.416 		6.909
v 132.5201 		-27.943 		6.908
v 131.1741 		-30.486 		14.108
v 130.3602 		-30.809 		0.0082
v 131.1261 		-30.625 		14.108
v 131.4011 		-33.1 		5.819
v 130.3231 		-31.684 		0.01
v 131.4011 		-33.097 		6.919
v 131.2621 		-30.054 		14.107
v 131.2421 		-30.2 		14.107
v 130.4411 		-31.596 		0.01
v 130.0581 		-31.0079 		0.0087
v 126.9951 		-30.69 		14.108
v 130.5059 		-31.5405 		0.01
v 131.2131 		-30.344 		14.107
v 131.2711 		-29.907 		14.106
v 129.4751 		-33.859 		5.821
v 129.9901 		-33.765 		5.82
v 130.2001 		-31.764 		0.0103
v 130.4881 		-33.606 		5.82
v 130.9611 		-33.383 		5.82
v 131.3531 		-32.011 		0.011
v 131.4911 		-31.856 		0.011
v 125.5931 		-27.822 		6.908
v 125.3531 		-28.287 		6.909
v 129.4751 		-33.856 		6.921
v 130.2285 		-31.7455 		0.0102
v 130.9611 		-33.38 		6.92
v 130.4881 		-33.604 		6.92
v 125.1771 		-28.78 		6.91
v 131.6201 		-31.691 		0.01
v 130.3231 		-31.684 		0.0102
v 131.7371 		-31.519 		0.01
v 131.8421 		-31.339 		0.009
v 125.0661 		-29.291 		6.911
v 131.9351 		-31.153 		0.009
v 129.9901 		-33.763 		6.92
v 130.6581 		-31.367 		14.11
v 132.0161 		-30.961 		0.009
v 131.0041 		-30.892 		14.109
v 130.9291 		-31.019 		14.109
v 126.8231 		-29.83 		14.107
v 126.9001 		-30.411 		14.108
v 126.8661 		-30.268 		14.107
v 126.9431 		-30.552 		14.108
v 130.8471 		-31.141 		14.109
v 130.3512 		-31.663 		0.0102
v 130.4411 		-31.596 		0.0102
v 130.4411 		-31.596 		0.0102
v 126.8421 		-30.123 		14.107
v 130.7561 		-31.257 		14.109
v 130.4877 		-31.556 		0.0101
v 130.4773 		-31.565 		0.0102
v 126.8271 		-29.977 		14.107
v 130.4708 		-31.5705 		0.0102
v 131.27 		-29.7515 		7.086
v 130.4676 		-31.5733 		0.0102
v 130.4411 		-31.596 		0.0102
v 126.8611 		-32.081 		0.011
v 128.0929 		-31.8714 		0.011
v 128.1111 		-31.833 		0.0109
v 128.2191 		-31.927 		0.011
v 131.2616 		-29.6279 		7.0854
v 128.3581 		-31.977 		0.011
v 128.4991 		-32.018 		0.011
v 128.6431 		-32.05 		0.011
v 128.7881 		-32.071 		0.011
v 128.9351 		-32.084 		0.011
v 128.9615 		-32.0389 		0.0109
v 130.0581 		-30.7667 		0.0082
v 128.952 		-32.0842 		0.011
v 130.0721 		-31.806 		14.111
v 131.0619 		-30.8051 		0.0081
v 130.0581 		-30.3344 		0.0071
v 131.2588 		-29.6066 		7.0853
v 131.2426 		-29.4819 		7.0853
v 130.5531 		-31.47 		14.11
v 131.0691 		-30.791 		0.008
v 130.4421 		-31.566 		14.11
v 130.0581 		-30.1287 		0.0067
v 128.2191 		-31.927 		0.011
v 128.0961 		-31.8728 		0.011
v 130.0581 		-30.0324 		0.0065
v 130.3801 		-29.9684 		0.0064
v 128.2327 		-31.9319 		0.011
v 128.2191 		-31.927 		0.011
v 128.3581 		-31.977 		0.011
v 130.0581 		-29.9425 		0.0063
v 128.3581 		-31.977 		0.011
v 130.3241 		-31.654 		14.11
v 128.3735 		-31.9815 		0.011
v 128.3581 		-31.977 		0.011
v 132.0841 		-30.764 		0.008
v 128.4991 		-32.018 		0.011
v 128.4991 		-32.018 		0.011
v 132.1381 		-30.563 		0.008
v 132.1791 		-30.358 		0.007
v 132.2071 		-30.152 		0.007
v 132.2211 		-29.944 		0.006
v 130.2011 		-31.734 		14.11
v 131.2386 		-29.4625 		7.0853
v 128.5169 		-32.022 		0.011
v 128.4991 		-32.018 		0.011
v 128.6431 		-32.05 		0.011
v 127.4271 		-33.553 		5.82
v 128.6629 		-32.0529 		0.011
v 128.6431 		-32.05 		0.011
v 127.9191 		-33.729 		5.82
v 131.2151 		-29.3455 		7.0847
v 131.2136 		-29.3379 		7.0847
v 128.7881 		-32.071 		0.011
v 128.4311 		-33.84 		5.821
v 128.9521 		-33.884 		5.821
v 128.8105 		-32.073 		0.011
v 128.7881 		-32.071 		0.011
v 128.9351 		-32.084 		0.011
v 128.9351 		-32.084 		0.011
v 128.9351 		-32.084 		0.011
v 128.0101 		-30.9946 		0.0088
v 128.1774 		-30.809 		0.0083
v 128.4593 		-30.809 		0.0082
v 128.0101 		-31.5189 		0.0098
v 131.2088 		-29.3206 		7.0846
v 131.194 		-29.2666 		7.0846
v 131.1751 		-29.1959 		7.0846
v 128.5951 		-30.809 		0.0084
v 128.5388 		-30.297 		0.0071
v 128.5221 		-30.311 		0.0072
v 128.5221 		-30.4269 		0.0074
v 128.6392 		-30.297 		0.0071
v 131.0691 		-30.761 		14.108
v 128.7833 		-30.297 		0.007
v 128.5221 		-30.7098 		0.008
v 128.7408 		-30.5006 		0.0076
v 128.8371 		-30.297 		0.0071
v 131.1515 		-29.1262 		7.0843
v 131.1276 		-29.0569 		7.084
v 128.4311 		-33.838 		6.921
v 127.9191 		-33.727 		6.92
v 128.9521 		-33.881 		6.921
v 131.17 		-29.1808 		7.0846
v 128.7988 		-30.08 		0.0066
v 128.7781 		-30.0973 		0.0066
v 128.8597 		-30.0521 		0.0065
v 128.8495 		-30.041 		0.0065
v 128.8455 		-30.041 		0.0065
v 128.8601 		-30.0522 		0.0065
v 128.7781 		-30.1431 		0.0067
v 131.1222 		-29.0441 		7.0839
v 131.0821 		-28.9484 		7.0839
v 127.4271 		-33.55 		6.92
v 128.9452 		-30.041 		0.0065
v 128.9581 		-30.041 		0.0064
v 130.0581 		-30.2041 		0.007
v 131.0734 		-28.9278 		7.0839
v 131.0706 		-28.9209 		7.0839
v 131.0691 		-30.791 		0.0081
v 131.0817 		-30.7608 		0.0081
v 130.0581 		-30.5815 		0.0077
v 129.598 		-30.809 		0.0081
v 132.2081 		-29.528 		0.006
v 132.1801 		-29.321 		0.005
v 132.1391 		-29.117 		0.005
v 132.0851 		-28.916 		0.004
v 131.0656 		-28.9109 		7.0839
v 131.0374 		-28.8547 		7.0839
v 131.0051 		-28.7889 		7.0839
v 128.9636 		-30.0295 		0.0064
v 128.9532 		-30.0283 		0.0064
v 129.2279 		-31.7335 		0.0102
v 129.3238 		-31.7182 		0.0102
v 132.2211 		-29.736 		0.006
v 128.2241 		-27.765 		14.102
v 129.8908 		-30.809 		0.0083
v 128.0891 		-27.824 		14.102
v 129.3296 		-31.563 		0.0099
v 131.0005 		-28.7811 		7.0839
v 129.4157 		-31.5561 		0.0099
v 126.9961 		-28.97 		14.105
v 129.4066 		-31.3743 		0.0095
v 130.9311 		-28.6619 		7.0833
v 127.0581 		-28.836 		14.104
v 129.4753 		-31.3506 		0.0095
v 129.3907 		-31.0568 		0.0088
v 129.4531 		-31.1601 		0.0091
v 130.8899 		-28.6007 		7.0832
v 130.8486 		-28.5399 		7.0832
v 129.5009 		-31.1196 		0.009
v 127.7121 		-28.052 		14.103
v 127.2931 		-28.463 		14.104
v 127.2061 		-28.582 		14.104
v 129.474 		-30.9503 		0.0086
v 127.1281 		-28.707 		14.104
v 129.5461 		-30.7202 		0.0079
v 127.5971 		-28.144 		14.103
v 129.8829 		-30.6098 		0.0078
v 127.4891 		-28.244 		14.103
v 127.3871 		-28.35 		14.103
v 130.9272 		-28.6561 		7.0832
v 129.5496 		-30.0959 		0.0065
v 129.7793 		-30.0547 		0.0065
v 129.5542 		-30.0176 		0.0065
v 130.8459 		-28.5365 		7.0832
v 130.7586 		-28.4239 		7.0832
v 130.0308 		-30.027 		0.0064
v 127.9581 		-27.892 		14.102
v 127.8321 		-27.968 		14.102
v 129.5519 		-30.0172 		0.0065
v 130.7568 		-28.4219 		7.0832
v 129.6018 		-30.4653 		0.0075
v 126.8671 		-29.391 		14.106
v 126.8281 		-29.683 		14.106
v 126.8421 		-29.536 		14.106
v 130.6606 		-28.3139 		7.0825
v 126.9441 		-29.107 		14.105
v 126.9011 		-29.248 		14.105
v 129.4178 		-30.5011 		0.0074
v 130.6605 		-28.3138 		7.0825
v 130.557 		-28.2123 		7.0825
v 129.0861 		-27.607 		14.102
v 130.5556 		-28.2109 		7.0825
v 129.6671 		-27.694 		14.102
v 129.5241 		-27.658 		14.102
v 129.3791 		-27.631 		14.102
v 129.2331 		-27.614 		14.102
v 129.4066 		-30.4818 		0.0074
v 128.9391 		-27.609 		14.102
v 128.7931 		-27.621 		14.102
v 128.6471 		-27.643 		14.102
v 128.5031 		-27.674 		14.102
v 128.3621 		-27.715 		14.102
v 130.4478 		-28.1178 		7.0825
v 130.4446 		-28.1149 		7.0825
v 128.8968 		-29.8602 		0.0061
v 128.7781 		-29.8577 		0.0061
v 128.7987 		-29.8782 		0.0061
v 128.9011 		-29.8619 		0.0061
v 128.7781 		-29.8815 		0.0061
v 130.3322 		-28.0302 		7.0818
v 130.3266 		-28.0259 		7.0818
v 128.8478 		-30.0391 		0.0065
v 128.7781 		-29.9264 		0.0062
v 128.7611 		-29.8574 		0.0061
v 128.5221 		-29.8525 		0.0062
v 128.5221 		-29.9225 		0.0062
v 128.5221 		-29.9669 		0.0062
v 128.5369 		-29.9815 		0.0064
v 128.5221 		-29.9849 		0.0064
v 128.5221 		-30.0124 		0.0065
v 128.6659 		-29.9649 		0.0064
v 130.2113 		-27.951 		7.0818
v 128.5699 		-30.1301 		0.0067
v 128.5564 		-30.1063 		0.0067
v 128.5221 		-30.123 		0.0068
v 130.2036 		-27.9459 		7.0818
v 128.5664 		-30.1424 		0.0068
v 128.584 		-30.1671 		0.0067
v 128.5221 		-30.2104 		0.0069
v 128.0101 		-29.8421 		0.0063
v 130.0857 		-27.8787 		7.0818
v 128.2142 		-29.9719 		0.0064
v 128.0101 		-30.0046 		0.0065
v 130.0756 		-27.8729 		7.0818
v 128.0101 		-30.1019 		0.0067
v 128.0101 		-30.1815 		0.007
v 128.0101 		-30.3705 		0.0075
v 128.2493 		-30.4013 		0.0073
v 128.0101 		-30.5689 		0.0077
v 128.0101 		-30.7384 		0.0082
v 130.0581 		-27.8647 		7.0818
v 127.4981 		-30.9275 		0.0085
v 127.6673 		-30.809 		0.0083
v 129.9551 		-27.8159 		7.0818
v 127.9255 		-30.809 		0.0084
v 127.4981 		-31.1659 		0.0093
v 129.9426 		-27.8099 		7.0818
v 127.5493 		-31.5054 		0.01
v 127.5941 		-31.546 		0.01
v 127.7081 		-31.639 		0.01
v 127.8281 		-31.723 		0.01
v 127.8662 		-31.7463 		0.0103
v 127.5941 		-31.546 		0.0103
v 127.5941 		-31.546 		0.0103
v 127.7081 		-31.639 		0.0103
v 127.5964 		-31.5479 		0.0103
v 127.5941 		-31.546 		0.0103
v 127.7125 		-31.6421 		0.0103
v 127.8281 		-31.723 		0.0103
v 127.8351 		-31.7273 		0.0103
v 127.0566 		-30.809 		0.0087
v 127.0383 		-30.8172 		0.0087
v 127.2163 		-31.1249 		0.009
v 127.2901 		-31.227 		0.009
v 127.3453 		-31.2934 		0.0096
v 129.8207 		-27.7607 		7.0818
v 129.8066 		-27.7549 		7.0817
v 127.2901 		-31.227 		0.0096
v 127.2878 		-31.2238 		0.0096
v 127.0346 		-30.809 		0.0087
v 127.7185 		-29.8361 		0.0064
v 126.9861 		-30.1689 		0.0069
v 126.9861 		-30.3359 		0.0074
v 126.9861 		-30.5196 		0.0079
v 126.9941 		-30.72 		0.008
v 127.7146 		-30.5133 		0.0079
v 126.9895 		-30.7077 		0.0082
v 126.9861 		-30.6988 		0.0082
v 126.9941 		-30.72 		0.0082
v 126.9287 		-30.5385 		0.008
v 126.9421 		-30.582 		0.008
v 126.9421 		-30.582 		0.0081
v 126.9378 		-30.5682 		0.0081
# 1638 vertices

g group_4_6383466

usemtl color_6383466
s 0

f 5289 	5293 	5290
f 6094 	5283 	5284
f 5297 	5289 	5290
f 5297 	5290 	5293
f 5293 	5294 	5297
f 5285 	5292 	5280
f 5289 	5297 	5301
f 5327 	5295 	5296
f 5280 	5286 	5285
f 5301 	5297 	5300
f 5288 	5881 	5880
f 5662 	5306 	5311
f 5997 	5349 	5296
f 5311 	5309 	5662
f 5829 	5336 	5337
f 5323 	5288 	5299
f 5315 	5291 	5543
f 5299 	5295 	5321
f 5295 	5327 	5321
f 6116 	6093 	5284
f 5296 	5317 	5327
f 5325 	5326 	5829
f 5282 	5281 	5323
f 5358 	5357 	6440
f 5370 	5317 	5296
f 6440 	5346 	5345
f 6440 	5357 	5346
f 5345 	5344 	6440
f 5316 	5309 	5829
f 5288 	5323 	5281
f 5299 	5321 	5323
f 5829 	5326 	5320
f 5320 	5316 	5829
f 5283 	6044 	6045
f 5310 	5910 	5308
f 5306 	5307 	5829
f 5307 	5313 	5829
f 5284 	5287 	6116
f 5382 	6140 	5287
f 5291 	5542 	5543
f 5314 	5318 	5829
f 5829 	5313 	5314
f 5300 	5355 	5354
f 5340 	5848 	5797
f 5355 	6914 	5302
f 5344 	5345 	6102
f 6102 	5743 	5344
f 5551 	5343 	5330
f 6439 	5359 	5358
f 6439 	5379 	5359
f 6102 	5346 	5357
f 6674 	6445 	5360
f 6045 	5298 	5283
f 6471 	6775 	5364
f 5367 	6439 	6378
f 6378 	5369 	5368
f 6378 	5368 	5367
f 6002 	6001 	5317
f 5331 	5322 	5324
f 5667 	5666 	5376
f 5775 	5362 	5363
f 5376 	5373 	5667
f 6078 	5367 	5368
f 5339 	5362 	5378
f 5287 	6140 	6115
f 5380 	5376 	5666
f 5666 	5384 	5380
f 5775 	5377 	5378
f 5372 	5374 	5426
f 5378 	5362 	5775
f 6307 	6311 	5382
f 6086 	5359 	5379
f 6086 	5379 	5367
f 6377 	5390 	5389
f 6377 	5391 	5390
f 6377 	5394 	5391
f 5389 	5388 	6378
f 5386 	5487 	5385
f 6377 	6383 	5400
f 5645 	5364 	5366
f 5388 	5369 	6378
f 5296 	5349 	5370
f 5349 	5347 	5381
f 5381 	5370 	5349
f 5669 	5644 	5366
f 5302 	5837 	5838
f 5329 	5330 	5392
f 5383 	5347 	5348
f 5383 	5381 	5347
f 5361 	5383 	5348
f 5361 	5348 	5356
f 5752 	5375 	5338
f 5399 	5446 	5496
f 6383 	5401 	5400
f 5829 	5392 	5393
f 5356 	5396 	5398
f 5398 	5361 	5356
f 5777 	5352 	5354
f 5404 	5403 	5549
f 6558 	5329 	5392
f 5392 	5829 	6558
f 5328 	5329 	6558
f 5405 	6638 	5406
f 6638 	6636 	5406
f 6636 	5409 	5406
f 5838 	5355 	5302
f 5829 	5449 	5395
f 5399 	5395 	5449
f 5409 	5634 	6805
f 5405 	5406 	5409
f 5798 	5338 	5339
f 5797 	5339 	5340
f 5611 	5829 	5372
f 5611 	5372 	5373
f 5372 	5829 	5374
f 5411 	5412 	5786
f 5611 	5373 	5376
f 6509 	5414 	5411
f 5611 	5380 	5384
f 5416 	6562 	5417
f 5420 	5558 	5421
f 5558 	5549 	5403
f 5374 	5419 	5426
f 5418 	5763 	5764
f 5423 	5558 	5420
f 5667 	5372 	5425
f 5372 	5426 	5425
f 5422 	5427 	5426
f 5419 	5422 	5426
f 5429 	5428 	5565
f 5428 	5440 	5565
f 5565 	5440 	5410
f 5764 	5382 	5418
f 5631 	5424 	5425
f 6509 	5786 	5417
f 6628 	5423 	5420
f 5441 	5412 	5442
f 5786 	5412 	5441
f 5497 	5496 	5450
f 5804 	5448 	5447
f 5449 	5453 	5452
f 6173 	5410 	5440
f 5455 	5454 	5693
f 5496 	5446 	5450
f 6380 	5457 	5456
f 5456 	6383 	6380
f 5458 	5455 	5459
f 5459 	5455 	5693
f 5445 	5801 	5447
f 5458 	5459 	5641
f 5434 	5460 	5461
f 6813 	6759 	5692
f 6297 	6273 	5443
f 5829 	5677 	5451
f 5462 	5460 	5434
f 5454 	5455 	6813
f 5461 	5460 	5462
f 5634 	6636 	5464
f 5463 	5467 	5634
f 5464 	5829 	5463
f 5465 	5436 	5466
f 5444 	5436 	5772
f 5772 	5787 	5444
f 5464 	5463 	5634
f 5436 	5465 	5470
f 5470 	5469 	5436
f 5436 	6159 	6160
f 5468 	5471 	5470
f 5465 	5468 	5470
f 5484 	5393 	5392
f 5336 	5484 	5392
f 5470 	5829 	5785
f 5785 	5469 	5470
f 6223 	5444 	5445
f 5477 	5431 	5478
f 5482 	5785 	5829
f 5477 	5476 	5431
f 5481 	5478 	5431
f 5481 	5431 	5432
f 5482 	5486 	5485
f 5484 	5336 	5829
f 5434 	5461 	5437
f 5483 	5785 	5482
f 5456 	5488 	6383
f 5477 	5478 	5481
f 5401 	6383 	5488
f 6160 	5498 	5436
f 5385 	5339 	5386
f 5465 	5829 	5468
f 6253 	5445 	5447
f 5491 	5490 	6379
f 5492 	5491 	6379
f 5450 	5446 	5449
f 5446 	5399 	5449
f 6287 	6250 	5447
f 6285 	5447 	5448
f 6053 	5490 	5491
f 5419 	5374 	5829
f 5422 	5419 	5829
f 5490 	5495 	6380
f 5307 	5306 	5662
f 5457 	6380 	5495
f 5309 	5316 	5662
f 5481 	5846 	5477
f 5320 	5662 	5316
f 5612 	5615 	5319
f 5501 	5499 	6379
f 6379 	5502 	5501
f 6379 	5499 	5492
f 5504 	5503 	5662
f 5662 	5320 	5326
f 5615 	5620 	5324
f 6053 	5492 	5499
f 5880 	5461 	5462
f 5662 	5325 	5504
f 5620 	5332 	5331
f 6414 	5333 	5624
f 6160 	6137 	5498
f 5515 	5511 	5508
f 5511 	5513 	5514
f 5611 	5507 	5503
f 5611 	5503 	5504
f 6120 	5474 	5475
f 5515 	5513 	5511
f 5520 	5516 	5507
f 5507 	5611 	5520
f 5617 	5519 	5518
f 5617 	5524 	5519
f 5386 	5339 	5518
f 5617 	5525 	5524
f 6215 	5433 	5435
f 5510 	6618 	5509
f 5950 	5335 	5334
f 5523 	5520 	5611
f 5518 	5519 	5487
f 6415 	5530 	5522
f 5975 	5914 	5335
f 5386 	5518 	5487
f 5298 	5949 	5334
f 6261 	6246 	5438
f 6072 	6021 	5494
f 5443 	6273 	5439
f 6071 	5494 	5496
f 6458 	5682 	5681
f 5611 	5529 	5528
f 5528 	5523 	5611
f 6094 	6044 	5283
f 5566 	5625 	5611
f 6107 	5497 	5500
f 5617 	5546 	5525
f 5377 	5617 	5518
f 6138 	5500 	5498
f 5524 	5487 	5519
f 5662 	5516 	5520
f 5524 	5525 	5487
f 6553 	6618 	5521
f 6618 	5517 	5521
f 6489 	5526 	5545
f 5423 	5527 	5558
f 5609 	5360 	5364
f 6422 	6400 	5584
f 6189 	5436 	5444
f 5373 	5372 	5667
f 6224 	6188 	5444
f 5561 	5560 	6493
f 5514 	5513 	5515
f 5445 	6221 	6223
f 5512 	5434 	6408
f 6493 	5560 	5532
f 5565 	6493 	5532
f 5532 	5531 	5565
f 5531 	5429 	5565
f 5375 	5695 	5371
f 5586 	5554 	6426
f 5515 	5535 	5514
f 6415 	6426 	5556
f 6410 	6408 	5434
f 5662 	5523 	5528
f 5350 	5700 	6317
f 5611 	5555 	5552
f 5514 	5535 	5512
f 5511 	5514 	5512
f 6580 	6553 	5530
f 5424 	5571 	5667
f 5536 	5535 	5515
f 5536 	5537 	5535
f 5462 	5434 	5512
f 6553 	5522 	5530
f 5538 	5512 	5539
f 5539 	5512 	5537
f 5537 	5512 	5535
f 5540 	5539 	5515
f 5515 	5539 	5536
f 5536 	5539 	5537
f 5539 	5540 	5538
f 5343 	5980 	5342
f 5662 	5507 	5516
f 5544 	6489 	5545
f 5558 	5527 	5526
f 5662 	5528 	5529
f 5543 	5542 	5541
f 5576 	5575 	6489
f 5547 	6489 	5544
f 5534 	5552 	5678
f 6020 	5286 	5541
f 5617 	5548 	5546
f 5378 	5377 	5518
f 5678 	5529 	5534
f 5586 	6426 	6422
f 6422 	5582 	5586
f 5554 	5553 	6426
f 5551 	5550 	5549
f 5979 	5549 	6611
f 6426 	5553 	5557
f 5557 	5556 	6426
f 5552 	5534 	5611
f 5525 	5546 	5487
f 5621 	5602 	6537
f 5899 	5898 	5559
f 5403 	5421 	5558
f 5580 	5562 	6493
f 5581 	5580 	6493
f 6493 	5562 	5561
f 6185 	5532 	5560
f 5666 	5674 	5384
f 5566 	5387 	5674
f 5674 	5387 	5384
f 5540 	5515 	5508
f 5995 	5994 	6533
f 5568 	5559 	5570
f 5425 	5424 	5667
f 5410 	5567 	5565
f 5410 	5408 	5567
f 5557 	5553 	6566
f 5556 	5557 	6566
f 5376 	5380 	5611
f 5384 	5387 	5611
f 5678 	5552 	5555
f 5563 	5393 	5484
f 5484 	5564 	5563
f 5555 	5572 	5678
f 5829 	5393 	5563
f 5280 	5541 	5286
f 5545 	6638 	5544
f 6638 	5547 	5544
f 5829 	5563 	5564
f 5559 	5541 	5280
f 5567 	5573 	5983
f 5573 	5567 	5574
f 5397 	5577 	5630
f 5564 	5484 	5829
f 5571 	5424 	5631
f 5395 	5494 	5397
f 5397 	5494 	5577
f 5496 	5494 	5395
f 6580 	5533 	5556
f 5497 	5449 	5451
f 5452 	5451 	5449
f 5617 	5579 	5548
f 5395 	5399 	5496
f 6493 	6537 	5581
f 5549 	5567 	6611
f 6400 	5613 	5584
f 5677 	5829 	5583
f 5593 	5594 	5583
f 5487 	5546 	5548
f 5592 	5604 	5487
f 5565 	5567 	5549
f 5565 	5549 	5558
f 5590 	5588 	5583
f 5590 	5583 	5594
f 5578 	5451 	5677
f 5585 	5541 	5542
f 5897 	5541 	5585
f 6489 	5547 	5576
f 5606 	5588 	5587
f 5607 	5685 	5677
f 5559 	5898 	5589
f 5559 	5589 	5570
f 5588 	5590 	5587
f 5353 	5589 	5898
f 5330 	5550 	5551
f 5617 	5592 	5591
f 5617 	5591 	5579
f 5593 	5466 	5436
f 5436 	5498 	5593
f 5585 	5542 	5291
f 5897 	5585 	5291
f 5979 	5551 	5549
f 5593 	5498 	5594
f 5983 	5982 	6613
f 5436 	5469 	5595
f 6400 	5570 	5589
f 5487 	5579 	5591
f 5487 	5548 	5579
f 5595 	5469 	5785
f 5596 	6518 	5575
f 5487 	5591 	5592
f 5597 	6518 	5596
f 5598 	5483 	5445
f 5445 	5483 	5482
f 5686 	5705 	6520
f 5445 	5482 	5485
f 5485 	5599 	5445
f 5819 	5476 	5477
f 5805 	5599 	5485
f 5850 	5481 	5432
f 5601 	5549 	5550
f 5866 	5846 	5481
f 6537 	6532 	5622
f 5602 	5600 	6537
f 5483 	5598 	5785
f 5600 	5581 	6537
f 5567 	5408 	5603
f 5466 	5593 	5583
f 5465 	5466 	5583
f 5583 	5829 	5465
f 5567 	5603 	5574
f 5617 	5604 	5592
f 5497 	5685 	5607
f 5354 	5776 	5777
f 5583 	5588 	5606
f 5587 	5605 	5606
f 5601 	5550 	5330
f 5487 	5604 	5616
f 5605 	5608 	5500
f 6557 	5586 	5582
f 5608 	5590 	5594
f 6310 	5574 	5603
f 6639 	6641 	5596
f 5500 	5606 	5605
f 5587 	5590 	5605
f 5605 	5590 	5608
f 5973 	5505 	5506
f 5630 	5829 	5395
f 5395 	5397 	5630
f 6641 	5597 	5596
f 6631 	5633 	5610
f 6793 	5775 	5363
f 6400 	5614 	5613
f 5584 	5582 	6422
f 5569 	5667 	5571
f 5617 	5616 	5604
f 5726 	5725 	6435
f 6518 	5619 	5618
f 6518 	5597 	5619
f 6458 	6435 	5707
f 5615 	5628 	5620
f 5622 	5621 	6537
f 6623 	6622 	5644
f 5625 	5566 	5674
f 5620 	5626 	5627
f 5620 	5627 	5624
f 5628 	5626 	5620
f 5667 	5569 	5629
f 5616 	5617 	5775
f 5597 	6641 	5619
f 5613 	5614 	6554
f 5617 	5377 	5775
f 5829 	5630 	5631
f 6622 	5609 	5632
f 5577 	5668 	5630
f 5610 	6745 	6631
f 6631 	5647 	5633
f 5631 	5630 	5657
f 5627 	5626 	5628
f 5467 	5635 	5634
f 6022 	5493 	5494
f 5409 	6636 	5634
f 5723 	5724 	5630
f 5629 	5569 	5631
f 5569 	5571 	5631
f 5614 	5623 	6554
f 5660 	5647 	6631
f 5713 	5782 	5634
f 5634 	5635 	5713
f 6805 	5405 	5409
f 5638 	5692 	5639
f 5364 	5632 	5609
f 6109 	5615 	5612
f 5640 	5692 	5638
f 5637 	5629 	5631
f 5642 	6519 	5643
f 5638 	5639 	5641
f 5630 	5659 	5657
f 5646 	6519 	5642
f 5630 	5724 	5716
f 5998 	5506 	5636
f 5739 	5734 	6434
f 5640 	5638 	5641
f 6013 	5997 	5636
f 6013 	5636 	5624
f 6532 	5688 	5649
f 5649 	5648 	6532
f 5353 	5696 	5652
f 5353 	5652 	5651
f 5656 	5654 	5653
f 5655 	5631 	5657
f 6110 	6080 	5615
f 6634 	5778 	5699
f 5712 	5650 	5631
f 5650 	5637 	5631
f 5612 	6108 	6109
f 5684 	5660 	6642
f 5717 	5718 	5630
f 5651 	6554 	5623
f 5718 	5659 	5630
f 5643 	6698 	5642
f 5366 	5644 	5645
f 5662 	5663 	5661
f 5661 	5663 	5664
f 6325 	5658 	5653
f 5665 	5663 	5662
f 5645 	5632 	5364
f 5663 	5665 	5664
f 5313 	5307 	5661
f 6698 	5646 	5642
f 5655 	5657 	5659
f 5668 	5577 	5494
f 6622 	5645 	5644
f 5670 	5666 	5671
f 5671 	5666 	5667
f 5672 	5671 	5667
f 5618 	5643 	6519
f 5671 	5672 	5670
f 5648 	5673 	6532
f 5578 	5676 	5497
f 5451 	5578 	5497
f 5673 	5622 	6532
f 5675 	5654 	5656
f 6643 	5679 	6682
f 5676 	5578 	5677
f 5707 	5706 	6458
f 5677 	5685 	5680
f 5680 	5676 	5677
f 5681 	5353 	6458
f 6458 	5683 	5682
f 6458 	5706 	5683
f 6197 	5622 	5673
f 6519 	5687 	5686
f 6643 	6656 	5679
f 5710 	6520 	5704
f 5606 	5607 	5583
f 5607 	5677 	5583
f 6149 	5612 	5661
f 6108 	5612 	6149
f 6645 	5679 	6646
f 5366 	5371 	5669
f 5678 	5665 	5662
f 6736 	5679 	6645
f 6646 	5679 	6651
f 5691 	5639 	5692
f 5885 	6611 	6626
f 6504 	5682 	5683
f 5454 	5692 	5693
f 5693 	5692 	5640
f 6504 	5681 	5682
f 6623 	5695 	5694
f 6623 	5690 	5695
f 6651 	5679 	6656
f 5681 	5696 	5353
f 6626 	5886 	5885
f 5687 	6701 	5686
f 5651 	6400 	5353
f 5641 	5639 	5691
f 6608 	5679 	6610
f 5825 	5824 	6634
f 5693 	5640 	5641
f 6620 	5679 	6608
f 5646 	5687 	6519
f 5459 	5693 	5641
f 6610 	5679 	6736
f 5698 	5697 	6642
f 5699 	5698 	6642
f 5448 	6284 	6285
f 6614 	5679 	6615
f 6759 	6526 	5692
f 6621 	5679 	6614
f 6559 	5652 	5696
f 6559 	5696 	5681
f 5697 	5684 	6642
f 6081 	5628 	5615
f 5448 	6317 	6284
f 5646 	6698 	5687
f 6615 	5679 	6620
f 5467 	5703 	5635
f 6435 	6434 	5726
f 5711 	5718 	5493
f 5750 	5753 	6441
f 5913 	5679 	5911
f 6317 	5448 	5350
f 6520 	5705 	5704
f 5955 	5679 	5936
f 5493 	5718 	5717
f 6234 	6149 	5661
f 5708 	5703 	5467
f 6435 	5709 	5707
f 6435 	5725 	5709
f 5702 	6461 	5701
f 5722 	5712 	5711
f 5959 	5679 	5955
f 5629 	5637 	5722
f 5665 	6183 	5664
f 6530 	5715 	5714
f 5745 	5715 	6530
f 5655 	5711 	5712
f 5631 	5655 	5712
f 5713 	5708 	5467
f 5467 	5463 	5713
f 5668 	5494 	5723
f 5969 	5679 	5965
f 6278 	6251 	5678
f 5716 	5723 	5494
f 5717 	5716 	5494
f 5961 	5679 	5959
f 5720 	6538 	5721
f 6504 	5683 	5706
f 5912 	5679 	5906
f 5659 	5718 	5719
f 5630 	5716 	5717
f 5711 	5719 	5718
f 5655 	5659 	5711
f 5711 	5659 	5719
f 5724 	5723 	5716
f 5672 	5667 	5722
f 6434 	5734 	5726
f 5630 	5668 	5723
f 6434 	6441 	5739
f 5732 	5317 	6001
f 5721 	5350 	5351
f 6520 	6519 	5686
f 5729 	5296 	5730
f 5714 	5731 	6530
f 6647 	5679 	6817
f 5611 	5387 	5566
f 6648 	5679 	6649
f 5731 	5689 	6530
f 5317 	5732 	5733
f 5978 	5317 	5733
f 6553 	5679 	6618
f 5678 	5625 	5674
f 5625 	5678 	5735
f 5735 	5678 	5736
f 5351 	5720 	5721
f 6554 	5679 	6557
f 5737 	6538 	5700
f 5721 	6538 	5737
f 5678 	5572 	5736
f 5730 	5506 	5729
f 5686 	6701 	5705
f 6494 	5679 	6495
f 5738 	5702 	6565
f 5728 	5727 	6565
f 5727 	5738 	6565
f 5729 	5506 	5998
f 5690 	5371 	5695
f 5690 	5669 	5371
f 6349 	5684 	5697
f 6454 	5679 	6455
f 5350 	5737 	5700
f 5755 	5754 	5740
f 6238 	5689 	5731
f 5737 	5350 	5721
f 6440 	5344 	5743
f 6441 	6440 	5743
f 6461 	5702 	5738
f 6455 	5679 	6457
f 5740 	5754 	5415
f 5415 	5413 	5740
f 6530 	5746 	5745
f 6527 	5770 	5746
f 5740 	5741 	5755
f 5747 	6540 	5748
f 6540 	6538 	5720
f 5749 	6540 	5747
f 6457 	5679 	6462
f 5375 	5694 	5695
f 6542 	5837 	6545
f 5282 	5867 	5847
f 5751 	6625 	5752
f 6625 	5694 	5752
f 6462 	5679 	6467
f 5743 	5750 	6441
f 5282 	5847 	5823
f 5822 	5821 	5755
f 6441 	5753 	5739
f 6626 	6625 	5797
f 5281 	5282 	5755
f 5784 	5783 	6567
f 5757 	5756 	6567
f 6467 	5679 	6473
f 5534 	5529 	5611
f 5758 	5728 	6567
f 6567 	5756 	5758
f 5572 	5555 	5611
f 5736 	5572 	5611
f 5755 	5741 	5281
f 5611 	5735 	5736
f 6473 	5679 	6478
f 5720 	5351 	5748
f 6494 	5753 	5750
f 5625 	5735 	5759
f 5846 	5866 	5281
f 5281 	5741 	5819
f 6494 	5739 	5753
f 5611 	5625 	5759
f 6478 	5679 	6053
f 5635 	5703 	5713
f 5703 	5708 	5713
f 5352 	5747 	5748
f 5759 	5735 	5611
f 5764 	5763 	5740
f 5740 	6163 	5764
f 5352 	5749 	5747
f 5754 	5767 	5766
f 5755 	5790 	5767
f 5608 	5594 	5498
f 5498 	5500 	5608
f 6053 	5679 	6054
f 5849 	5868 	5288
f 5772 	5436 	5595
f 5607 	5606 	5500
f 5717 	5494 	5493
f 5823 	5755 	5282
f 5748 	5351 	5352
f 5856 	5867 	5282
f 5857 	5856 	5282
f 5711 	5493 	5722
f 5791 	5755 	5821
f 6054 	5679 	6063
f 5450 	5449 	5497
f 6470 	5758 	5756
f 5774 	5761 	6461
f 6460 	5773 	5774
f 6063 	5679 	6067
f 5607 	5500 	5497
f 5497 	5680 	5685
f 5676 	5680 	5497
f 6540 	5777 	5776
f 6540 	5749 	5777
f 6067 	5679 	6078
f 6634 	5779 	5778
f 6078 	5679 	6086
f 6704 	5768 	5765
f 6470 	5792 	5796
f 5781 	5780 	6460
f 5935 	5934 	6633
f 6086 	5679 	6102
f 5889 	5864 	6547
f 6102 	5679 	6494
f 5752 	5694 	5375
f 5773 	5780 	6659
f 6495 	5679 	6497
f 6567 	6548 	5784
f 5772 	5595 	5785
f 6659 	5774 	5773
f 5740 	5763 	5741
f 6497 	5679 	6504
f 5818 	5444 	5787
f 5817 	5741 	5788
f 5788 	5741 	5789
f 6521 	5765 	5768
f 5749 	5352 	5777
f 6504 	5679 	6559
f 5281 	5850 	5849
f 6374 	5699 	5778
f 5778 	6326 	6374
f 5812 	5811 	6527
f 5820 	5819 	5741
f 6559 	5679 	6554
f 5614 	6400 	5623
f 5752 	5338 	5751
f 6557 	5679 	6566
f 5533 	5530 	6415
f 6566 	5679 	6580
f 5755 	5791 	5790
f 6580 	5679 	6553
f 6326 	5778 	5779
f 6618 	5679 	6650
f 6650 	5679 	6648
f 5789 	5418 	5489
f 5794 	6542 	5795
f 6649 	5679 	6655
f 5489 	5788 	5789
f 5818 	5787 	5785
f 5787 	5772 	5785
f 5763 	5789 	5741
f 6655 	5679 	6659
f 5888 	5887 	6543
f 5767 	5754 	5755
f 5799 	5598 	5445
f 5800 	6542 	5794
f 6655 	5796 	5792
f 5445 	5599 	5801
f 6818 	6817 	5679
f 5841 	5803 	6548
f 5803 	5802 	6548
f 5805 	5448 	5804
f 5447 	5801 	5804
f 6820 	5679 	6784
f 5801 	5599 	5804
f 5485 	5806 	5805
f 5805 	5804 	5599
f 5522 	6420 	6415
f 6816 	5679 	6821
f 5807 	5350 	5448
f 5810 	5807 	5448
f 5807 	5806 	5304
f 6905 	5305 	5806
f 5305 	5304 	5806
f 6821 	5679 	6820
f 5809 	5808 	6521
f 5556 	5533 	6415
f 6796 	5679 	6795
f 5448 	5805 	5810
f 6527 	6602 	5812
f 6602 	5839 	5812
f 5810 	5805 	5806
f 6798 	5679 	6796
f 6464 	6463 	5827
f 6463 	5828 	5827
f 5815 	5814 	6464
f 5814 	5813 	6464
f 5807 	5810 	5806
f 5785 	5598 	5799
f 5509 	5835 	6413
f 6399 	5767 	5790
f 5816 	5799 	5444
f 5799 	5445 	5444
f 6800 	5679 	6794
f 5763 	5418 	5789
f 5829 	5441 	5442
f 6463 	6413 	5844
f 5813 	5793 	6464
f 6411 	6399 	5790
f 5444 	5818 	5816
f 5355 	5800 	5794
f 5795 	5354 	5355
f 5785 	5816 	5818
f 5679 	6825 	6832
f 5829 	5691 	5692
f 5741 	5817 	5820
f 5816 	5785 	5799
f 5355 	5794 	5795
f 5755 	5823 	5822
f 6649 	5793 	5813
f 5798 	5797 	6625
f 5522 	5521 	6420
f 5776 	5795 	6542
f 5282 	5323 	5857
f 6633 	5825 	6634
f 6784 	5679 	6787
f 5802 	5826 	6548
f 5784 	6548 	5826
f 6787 	5679 	6798
f 5817 	5788 	5489
f 5489 	5820 	5817
f 6420 	5521 	5517
f 6413 	5834 	5844
f 5821 	5822 	6417
f 6411 	5791 	5821
f 5416 	5417 	5829
f 6833 	5679 	6832
f 5776 	5354 	5795
f 5339 	5797 	5798
f 6648 	5827 	5828
f 6346 	6593 	5829
f 5476 	5819 	5820
f 6795 	5679 	6803
f 6585 	5893 	6582
f 6803 	5679 	6802
f 5543 	5541 	6531
f 5820 	5489 	5476
f 5831 	6594 	5832
f 6417 	5822 	5823
f 5751 	5833 	6625
f 6418 	6392 	5829
f 6834 	5679 	6833
f 6413 	6412 	5509
f 5832 	6594 	5836
f 6594 	6521 	5808
f 5798 	6625 	5833
f 5837 	5860 	6545
f 6542 	5838 	5837
f 6542 	5800 	5838
f 5824 	5840 	6634
f 5517 	6412 	6420
f 5868 	5879 	5288
f 6392 	6395 	5829
f 6547 	5843 	5841
f 5779 	6634 	5840
f 5880 	5299 	5288
f 5854 	5845 	6602
f 5855 	5854 	6602
f 6602 	6603 	5855
f 5845 	5842 	6602
f 6650 	5844 	5834
f 6395 	6397 	5829
f 5864 	5863 	6547
f 5281 	5819 	5846
f 5833 	5751 	5338
f 6397 	6401 	5829
f 5338 	5798 	5833
f 5839 	5842 	6268
f 5919 	5918 	6550
f 6777 	5836 	5808
f 6401 	6407 	5829
f 6836 	5679 	6835
f 5800 	5355 	5838
f 6407 	6410 	5829
f 6266 	5812 	5839
f 6326 	5779 	5840
f 5477 	5846 	5819
f 6648 	5830 	5844
f 6387 	6389 	5829
f 6268 	5842 	5845
f 6766 	5832 	5836
f 5847 	6416 	6417
f 6412 	5510 	5509
f 5886 	6626 	5891
f 5517 	5510 	6412
f 6417 	5823 	5847
f 6766 	5831 	5832
f 5836 	6777 	6766
f 5891 	6626 	5848
f 5848 	6626 	5797
f 6780 	5679 	6778
f 5510 	5517 	6618
f 5281 	5866 	5850
f 5851 	5825 	6633
f 5902 	5930 	5299
f 6811 	5679 	6780
f 6650 	5835 	5509
f 6299 	6235 	5829
f 6794 	5679 	6812
f 6594 	5853 	5852
f 6342 	6344 	5829
f 6812 	5679 	6811
f 5907 	5906 	5679
f 5911 	5679 	5912
f 5850 	5432 	5849
f 5858 	5888 	6545
f 5858 	6545 	5859
f 5936 	5679 	5937
f 5859 	6545 	5860
f 5960 	5679 	5961
f 6550 	5890 	5889
f 5962 	5679 	5960
f 5831 	5853 	6594
f 5965 	5679 	5962
f 5650 	5712 	5722
f 5309 	5311 	5829
f 5968 	5679 	5969
f 5831 	6766 	5853
f 5860 	5302 	5303
f 6419 	6416 	5867
f 5481 	5850 	5866
f 5970 	5679 	5968
f 6034 	5679 	5970
f 6037 	5679 	6034
f 5867 	6416 	5847
f 6836 	6371 	5861
f 6827 	5679 	6037
f 5949 	6029 	6581
f 5869 	6585 	5870
f 5288 	5281 	5849
f 5303 	5858 	5859
f 5319 	5322 	5829
f 5870 	6585 	5871
f 6585 	5852 	5871
f 6603 	5873 	5872
f 5872 	5855 	6603
f 6829 	5679 	6828
f 5895 	5894 	6603
f 5894 	5874 	6603
f 5874 	5873 	6603
f 5549 	5601 	5404
f 5303 	5859 	5860
f 5952 	5951 	6606
f 6830 	5679 	6829
f 5933 	5932 	5321
f 5323 	5875 	5857
f 5876 	5843 	6547
f 5322 	5331 	5829
f 6825 	5679 	6830
f 5863 	5876 	6547
f 6413 	5843 	5876
f 5937 	5679 	5913
f 5940 	5901 	6503
f 6505 	5927 	5928
f 5437 	5868 	5432
f 6768 	5869 	5870
f 5868 	5849 	5432
f 6419 	5857 	6421
f 5333 	6418 	5829
f 5837 	5302 	5860
f 5631 	5425 	5829
f 5857 	5875 	6421
f 5425 	5426 	5829
f 6778 	5865 	5877
f 5426 	5427 	5829
f 5929 	5299 	5930
f 6780 	6778 	5877
f 5288 	5879 	5881
f 6324 	5825 	5851
f 5451 	5452 	5829
f 5323 	5321 	5884
f 5884 	5883 	5323
f 5883 	5882 	5323
f 5938 	6543 	5887
f 6543 	6545 	5888
f 5452 	5453 	5829
f 5933 	5321 	5327
f 5882 	5875 	5323
f 6550 	5939 	5890
f 5330 	5404 	5601
f 5879 	5868 	5437
f 5470 	5471 	5829
f 6550 	6533 	5966
f 5437 	5881 	5879
f 6770 	6771 	5937
f 6585 	5869 	5892
f 6585 	5892 	5893
f 6484 	5948 	5947
f 6841 	6842 	5829
f 6603 	6606 	5895
f 5541 	5897 	5896
f 6421 	5875 	5882
f 5461 	5880 	5881
f 5881 	5437 	5461
f 5878 	6503 	5900
f 5858 	5303 	5888
f 6854 	6855 	5829
f 6503 	6505 	5940
f 5901 	5900 	6503
f 5925 	5927 	6505
f 6909 	6915 	5829
f 5888 	5303 	5308
f 5299 	5903 	5902
f 5299 	5880 	5903
f 5321 	5905 	5904
f 5321 	5932 	5905
f 5353 	5898 	5899
f 5308 	5887 	5888
f 6750 	6846 	5829
f 5897 	5291 	6664
f 6811 	6780 	5900
f 5900 	6780 	5878
f 6664 	5896 	5897
f 5903 	5462 	5512
f 6484 	5947 	5946
f 5909 	5954 	6543
f 6543 	5938 	5910
f 5512 	5902 	5903
f 6885 	6884 	5829
f 5413 	6581 	6044
f 5914 	6582 	5915
f 6582 	5893 	5915
f 5904 	5884 	5321
f 6606 	5917 	5916
f 5916 	5895 	6606
f 6533 	5967 	5966
f 5966 	5919 	6550
f 6606 	6607 	5952
f 6669 	6667 	5829
f 6505 	5946 	5922
f 5922 	5921 	6505
f 6607 	5415 	6051
f 5921 	5920 	6505
f 5462 	5903 	5880
f 5910 	5310 	5909
f 5920 	5923 	6505
f 6670 	6669 	5829
f 5923 	5925 	6505
f 6671 	6670 	5829
f 5915 	5335 	5914
f 6672 	6671 	5829
f 5942 	5974 	5295
f 5929 	5943 	5295
f 6633 	5931 	5851
f 6673 	6672 	5829
f 5920 	5921 	6812
f 5944 	5327 	5945
f 5327 	5944 	5933
f 5923 	5920 	6812
f 5934 	5931 	6633
f 5925 	5923 	6812
f 5930 	5902 	5512
f 5538 	5929 	5930
f 5927 	5925 	6812
f 5930 	5512 	5538
f 5340 	5891 	5848
f 6812 	5928 	5927
f 5340 	5886 	5891
f 6448 	5905 	5932
f 6319 	5851 	5931
f 6505 	5928 	5940
f 5972 	5971 	6363
f 6363 	5941 	5502
f 6363 	5971 	5941
f 6811 	5901 	5940
f 5973 	5730 	5296
f 5973 	5295 	5974
f 5295 	5943 	5942
f 5295 	5299 	5929
f 5886 	5340 	5341
f 5502 	5941 	6478
f 5308 	5910 	5938
f 6478 	5501 	5502
f 5937 	6771 	5936
f 5943 	5540 	5508
f 5938 	5887 	5308
f 5508 	5942 	5943
f 5341 	5885 	5886
f 5408 	6173 	6310
f 6582 	5950 	5949
f 6755 	5937 	5913
f 6420 	5890 	5939
f 6601 	6569 	6011
f 6036 	6014 	6569
f 6531 	6543 	5954
f 5910 	5909 	6543
f 5956 	6611 	5957
f 6611 	5885 	5957
f 6488 	5981 	5958
f 5540 	5929 	5538
f 5334 	5949 	5950
f 6812 	5922 	5946
f 6613 	5964 	5963
f 5963 	5935 	6613
f 5929 	5540 	5943
f 5954 	5909 	5310
f 6794 	5947 	5948
f 5885 	5341 	5957
f 6302 	5951 	5952
f 5296 	5295 	5973
f 5975 	5950 	6582
f 6025 	6024 	6349
f 5975 	6582 	5914
f 5976 	5945 	5327
f 5977 	5917 	6606
f 5951 	5977 	6606
f 5986 	5996 	6525
f 5978 	5976 	5327
f 5957 	5341 	5342
f 5974 	5942 	5508
f 5971 	5972 	6473
f 5342 	5956 	5957
f 6478 	5941 	5971
f 5335 	5950 	5975
f 6303 	5917 	5977
f 6014 	6010 	6569
f 5974 	5508 	5505
f 5505 	5973 	5974
f 6789 	5769 	5829
f 5312 	5953 	5954
f 5958 	6484 	6488
f 5954 	5310 	5312
f 5976 	6453 	6449
f 6449 	5945 	5976
f 6793 	6789 	5829
f 6782 	6786 	5955
f 6488 	6525 	5984
f 5775 	6793 	5829
f 5978 	6453 	5976
f 6794 	5958 	5981
f 5616 	5775 	5829
f 5967 	6426 	5966
f 5327 	5317 	5978
f 5343 	5979 	5980
f 6737 	6885 	5829
f 6427 	6335 	6331
f 5506 	5730 	5973
f 6846 	6898 	5829
f 5985 	6611 	5956
f 6023 	6349 	6024
f 6601 	6000 	5999
f 5999 	5987 	6525
f 6611 	5985 	5980
f 6531 	5989 	5988
f 5992 	5991 	6350
f 5991 	5990 	6356
f 6613 	5567 	5983
f 5982 	5993 	6613
f 6453 	5978 	5733
f 6847 	6851 	5829
f 5993 	5964 	6613
f 5568 	5995 	6533
f 5990 	5972 	6356
f 6006 	6005 	6601
f 5985 	5956 	5342
f 5679 	6621 	5908
f 6326 	6324 	6047
f 5342 	5980 	5985
f 5989 	5312 	5315
f 5987 	5986 	6525
f 6525 	5996 	5984
f 5989 	5315 	5988
f 6335 	5964 	5993
f 5296 	5998 	5997
f 6473 	5972 	5990
f 6611 	5980 	5979
f 6802 	6800 	5996
f 5616 	5829 	5487
f 5348 	6184 	6183
f 6800 	5984 	5996
f 6331 	5983 	5573
f 5713 	5829 	5782
f 5317 	5370 	6002
f 6064 	6032 	6549
f 5953 	6003 	6531
f 5441 	5829 	5786
f 5551 	5979 	5343
f 5989 	6531 	6003
f 5994 	6004 	6533
f 6011 	6006 	6601
f 6569 	6010 	6011
f 5653 	5654 	5829
f 5967 	6533 	6004
f 6422 	6426 	6004
f 6593 	6595 	5829
f 5989 	6003 	5312
f 6349 	6009 	6008
f 6349 	6023 	6009
f 6350 	6349 	6008
f 6008 	6007 	6350
f 6275 	6599 	5829
f 6003 	5953 	5312
f 6007 	5992 	6350
f 6349 	6026 	6025
f 6588 	6586 	5829
f 6056 	6055 	6324
f 5636 	5997 	5998
f 6586 	6342 	5829
f 6039 	6038 	6374
f 5654 	5675 	5829
f 6006 	6803 	6005
f 5675 	5430 	5829
f 5786 	5829 	5417
f 6426 	5967 	6004
f 6803 	6000 	6005
f 6803 	5999 	6000
f 6810 	5641 	5829
f 6531 	5988 	5543
f 6027 	5899 	5559
f 5296 	5729 	5998
f 6533 	5559 	5568
f 6318 	6330 	6329
f 5442 	6810 	5829
f 6526 	5782 	5829
f 6802 	5987 	5999
f 5641 	5691 	5829
f 5692 	6526 	5829
f 5732 	6001 	6472
f 6446 	5733 	5732
f 6331 	6428 	6427
f 6062 	6061 	5280
f 5543 	5988 	5315
f 6043 	5349 	6012
f 5349 	6013 	6012
f 5349 	5997 	6013
f 6059 	6324 	6319
f 5713 	5463 	5829
f 5541 	5896 	6020
f 6569 	6573 	6036
f 5829 	6612 	5487
f 5559 	5280 	6027
f 6374 	6016 	6015
f 6374 	6038 	6016
f 6017 	6002 	5370
f 6018 	6017 	5370
f 5370 	6049 	6018
f 5829 	6616 	6612
f 5402 	6071 	6070
f 6019 	6077 	5286
f 5286 	6020 	6019
f 6016 	6457 	6015
f 6052 	6049 	5370
f 6795 	6011 	6010
f 6087 	6121 	5285
f 6130 	6129 	5381
f 6303 	5977 	5951
f 6015 	6026 	6349
f 6349 	6374 	6015
f 6045 	6044 	6581
f 6025 	6026 	6457
f 6581 	6582 	5949
f 6462 	6009 	6023
f 5396 	6060 	5398
f 6549 	6065 	6064
f 6573 	6032 	6031
f 6031 	6030 	6573
f 6462 	6023 	6024
f 6026 	6015 	6457
f 6033 	5952 	6607
f 6462 	6024 	6025
f 5280 	6028 	6027
f 5353 	5899 	6027
f 6030 	6035 	6573
f 6059 	6056 	6324
f 6573 	6035 	6036
f 6048 	6047 	6324
f 6013 	5624 	6012
f 5402 	6022 	6021
f 5298 	6029 	5949
f 6664 	6020 	5896
f 5347 	6109 	6108
f 6041 	6040 	5407
f 6457 	6016 	6038
f 5347 	5349 	6042
f 5349 	6043 	6042
f 6075 	6074 	5407
f 6033 	6302 	5952
f 6030 	6031 	6796
f 5740 	5413 	6115
f 6265 	6264 	6319
f 6319 	6264 	6059
f 6796 	6036 	6035
f 6035 	6030 	6796
f 6324 	6055 	6048
f 5472 	6019 	6020
f 6099 	6051 	5415
f 6454 	6455 	6046
f 6191 	6190 	5383
f 6119 	6117 	5415
f 6710 	6176 	6175
f 6455 	6039 	6046
f 5494 	6021 	6022
f 6795 	6014 	6036
f 6052 	5370 	5381
f 5381 	5383 	6130
f 6129 	6127 	5381
f 6088 	6087 	5285
f 6058 	6057 	5286
f 5286 	6077 	6058
f 6089 	6062 	5280
f 5292 	6123 	6122
f 6454 	6055 	6056
f 6096 	6083 	6552
f 6060 	6066 	5398
f 6056 	6059 	6677
f 6552 	6082 	6068
f 5400 	6063 	6067
f 6058 	5472 	5473
f 6045 	6581 	6069
f 6069 	6581 	6029
f 6043 	6012 	5624
f 5624 	5627 	6043
f 6070 	6605 	5402
f 6071 	5402 	6072
f 5456 	6054 	6063
f 6072 	5402 	6021
f 5473 	6057 	6058
f 6073 	6033 	6607
f 6074 	6041 	5407
f 5627 	6042 	6043
f 6477 	6018 	6049
f 5407 	6629 	6076
f 6076 	6075 	5407
f 6798 	6064 	6065
f 6629 	6630 	6112
f 6306 	6304 	6073
f 6061 	6079 	5280
f 6028 	5280 	6079
f 6110 	5347 	6080
f 6080 	5347 	6081
f 5347 	6042 	6081
f 5494 	6071 	6072
f 6569 	6041 	6074
f 6077 	6019 	5472
f 6183 	6252 	5356
f 6551 	6098 	6096
f 6077 	5472 	6058
f 5298 	6045 	6069
f 6069 	6029 	5298
f 6054 	5495 	5490
f 5496 	6070 	6071
f 6304 	6033 	6073
f 6710 	6172 	6176
f 5381 	6085 	6084
f 5381 	6127 	6085
f 6120 	5285 	6121
f 5285 	5286 	6088
f 5286 	6057 	6088
f 6078 	5389 	6067
f 5292 	6122 	6090
f 6090 	6089 	5292
f 6787 	6798 	6082
f 6798 	6068 	6082
f 6138 	6137 	6597
f 6605 	6092 	6091
f 6605 	6070 	6092
f 5292 	6124 	6123
f 6093 	5413 	6094
f 6044 	6094 	5413
f 6096 	6552 	6551
f 6629 	6097 	6095
f 5415 	6100 	6099
f 5415 	6117 	6100
f 6101 	6098 	6551
f 5402 	5407 	6066
f 6092 	5496 	5497
f 5497 	6091 	6092
f 6104 	6103 	6186
f 6306 	6051 	6099
f 6101 	6784 	6098
f 6784 	6096 	6098
f 5474 	6087 	6088
f 6095 	6076 	6629
f 5615 	6080 	6081
f 5390 	5391 	6067
f 6088 	5473 	5474
f 5280 	5292 	6089
f 5456 	5457 	6054
f 6070 	5496 	6092
f 5284 	6093 	6094
f 6787 	6083 	6096
f 5381 	6084 	6052
f 5491 	5492 	6053
f 5490 	6053 	6054
f 6305 	6099 	6100
f 6096 	6784 	6787
f 6081 	6042 	5628
f 5628 	6042 	5627
f 5473 	6088 	6057
f 6197 	6113 	6104
f 6186 	6197 	6104
f 6105 	6101 	6551
f 6107 	6106 	6605
f 6131 	6107 	6605
f 6108 	6149 	5348
f 5347 	6110 	6109
f 6115 	5413 	6116
f 6141 	6112 	6630
f 6229 	6153 	6114
f 6116 	5413 	6093
f 5357 	5358 	6102
f 6102 	5358 	6086
f 6162 	6161 	6630
f 6146 	6229 	6238
f 5358 	5359 	6086
f 6078 	5368 	5369
f 6610 	6104 	6113
f 6120 	6118 	5285
f 6313 	6312 	5396
f 5367 	6078 	6086
f 6078 	5369 	5388
f 5388 	5389 	6078
f 6083 	6082 	6552
f 5383 	5361 	6191
f 5287 	6115 	6116
f 5390 	6067 	5389
f 6067 	5391 	5394
f 6067 	5394 	5400
f 6756 	6744 	6182
f 5400 	5401 	6063
f 6514 	6126 	6125
f 6514 	6125 	6105
f 6756 	6180 	6145
f 5500 	6106 	6107
f 6483 	6148 	6136
f 6190 	6236 	5383
f 6063 	5401 	5488
f 5488 	5456 	6063
f 6158 	6130 	5383
f 5474 	6120 	6121
f 6121 	6087 	5474
f 6305 	6100 	6117
f 6054 	5457 	5495
f 5501 	6478 	6053
f 6053 	5499 	5501
f 6032 	6573 	6549
f 6131 	6605 	6091
f 6132 	6097 	6629
f 6068 	6065 	6549
f 6549 	6552 	6068
f 6111 	6132 	6629
f 5497 	6131 	6091
f 5497 	6107 	6131
f 6120 	5475 	6118
f 6132 	6111 	6552
f 6066 	6060 	5402
f 6784 	6101 	6105
f 6126 	6128 	6820
f 5615 	6109 	6110
f 6820 	6125 	6126
f 5285 	6118 	6134
f 6134 	6710 	5285
f 6106 	6138 	6597
f 6597 	6605 	6106
f 6135 	6143 	6516
f 6136 	6135 	6516
f 6630 	6142 	6141
f 6139 	6163 	5740
f 6140 	6139 	5740
f 6115 	6140 	5740
f 6143 	6128 	6516
f 6143 	6135 	6821
f 6820 	6128 	6143
f 6202 	6201 	6238
f 6051 	6050 	6607
f 6238 	6201 	6147
f 6147 	6146 	6238
f 6106 	5500 	6138
f 5348 	5347 	6108
f 6134 	5475 	5479
f 5754 	6119 	5415
f 5754 	6150 	6119
f 5754 	6151 	6150
f 6483 	6486 	6157
f 6312 	6328 	5396
f 6147 	6620 	6146
f 6821 	6136 	6148
f 6114 	6197 	6229
f 6146 	6153 	6229
f 6608 	6114 	6153
f 5479 	6133 	6134
f 6486 	6485 	6165
f 6165 	6156 	6486
f 5498 	6137 	6138
f 5382 	6139 	6140
f 6338 	6150 	6151
f 5829 	6325 	5653
f 6286 	5361 	5398
f 6592 	6223 	6221
f 6154 	6155 	6818
f 5383 	6236 	6158
f 6159 	6597 	6160
f 6160 	6597 	6137
f 6818 	6157 	6154
f 6161 	6142 	6630
f 6060 	6362 	6361
f 6635 	6192 	6162
f 6630 	6635 	6162
f 5754 	6164 	6151
f 5766 	6164 	5754
f 5475 	6134 	6118
f 6485 	6166 	6165
f 5382 	5764 	6163
f 6163 	6139 	5382
f 6485 	5762 	6167
f 6338 	6151 	6164
f 6767 	6169 	6168
f 6767 	6766 	6169
f 6170 	6171 	6174
f 6817 	6165 	6166
f 6768 	6199 	6178
f 6178 	6177 	6769
f 5410 	6173 	5408
f 5440 	6179 	6173
f 6182 	6181 	6756
f 6205 	6182 	6744
f 6179 	5428 	5429
f 5479 	6172 	6133
f 5440 	5428 	6179
f 6817 	6167 	5762
f 5479 	6176 	6172
f 5531 	6185 	6179
f 5356 	6252 	6251
f 6286 	6281 	5361
f 6342 	6584 	5283
f 6592 	6159 	6189
f 6103 	6589 	6186
f 5480 	6175 	6176
f 5521 	5522 	6553
f 6635 	6193 	6192
f 6635 	6225 	6193
f 6178 	6174 	6177
f 5530 	5533 	6580
f 6176 	5479 	5480
f 6226 	6225 	6635
f 5553 	5554 	6566
f 6195 	6768 	6196
f 6196 	6768 	6170
f 6174 	6195 	6196
f 6196 	6170 	6174
f 6608 	6153 	6146
f 6159 	5436 	6189
f 6713 	6175 	6198
f 6178 	6769 	6768
f 5554 	5586 	6566
f 6199 	6768 	6200
f 6200 	6768 	6195
f 6200 	6195 	6174
f 6231 	6207 	6202
f 6238 	6231 	6202
f 6200 	6174 	6199
f 6199 	6174 	6178
f 5621 	6197 	6186
f 6203 	6169 	6766
f 6777 	6204 	6203
f 6557 	5584 	5613
f 6168 	6169 	6203
f 6203 	6204 	6168
f 6206 	6171 	6767
f 6179 	5429 	5531
f 6230 	6209 	6208
f 6171 	6206 	6174
f 5480 	5433 	6198
f 6230 	6243 	6242
f 6769 	6177 	6210
f 5560 	5561 	6194
f 6194 	6185 	5560
f 6198 	6175 	5480
f 5335 	6211 	5334
f 5335 	6212 	6211
f 6572 	5335 	6769
f 6497 	5709 	5725
f 5726 	6495 	6497
f 6211 	6212 	6325
f 5600 	5602 	6186
f 6186 	6187 	5600
f 6495 	5734 	5739
f 6495 	5726 	5734
f 5334 	6211 	6213
f 6213 	6327 	5334
f 5444 	6188 	6189
f 6615 	6207 	6208
f 6215 	6214 	6713
f 5345 	5346 	6102
f 6102 	6494 	5750
f 5750 	5743 	6102
f 6216 	6232 	6744
f 6218 	6216 	6744
f 5284 	6219 	6217
f 5762 	5760 	6647
f 5780 	5781 	6659
f 5532 	6185 	5531
f 5334 	6327 	6343
f 6353 	5924 	6060
f 5761 	5774 	6647
f 5781 	5796 	6659
f 5562 	6194 	5561
f 6217 	6219 	6235
f 5435 	6214 	6215
f 5581 	6187 	5580
f 6587 	6592 	6221
f 6223 	6592 	6224
f 6222 	6220 	5418
f 6187 	6194 	5580
f 5580 	6194 	5562
f 6224 	6592 	6188
f 6299 	6220 	6222
f 6187 	5581 	5600
f 5828 	5830 	6648
f 5602 	5621 	6186
f 6227 	6226 	6635
f 6197 	5621 	5622
f 6213 	6211 	6325
f 6184 	5661 	5664
f 6229 	6197 	5673
f 6174 	6210 	6177
f 6713 	6198 	6228
f 5664 	6183 	6184
f 6114 	6113 	6197
f 5444 	6223 	6224
f 6215 	6713 	6228
f 5283 	6584 	5284
f 6231 	6230 	6208
f 6208 	6207 	6231
f 6496 	6190 	6191
f 6217 	6233 	5284
f 6233 	5287 	5284
f 5877 	5878 	6780
f 6232 	6205 	6744
f 6149 	6234 	5348
f 5283 	5298 	6343
f 6184 	5348 	6234
f 6215 	6228 	5433
f 6235 	6233 	6217
f 6237 	6222 	5418
f 6228 	6198 	5433
f 6812 	6811 	5940
f 6615 	6202 	6207
f 6242 	6209 	6230
f 5948 	5958 	6794
f 6244 	6230 	6241
f 6244 	6243 	6230
f 6378 	6205 	6232
f 5981 	5984 	6800
f 6800 	6794 	5981
f 6241 	6245 	6244
f 6184 	6234 	5661
f 6802 	5996 	5986
f 6236 	6190 	6496
f 6249 	6248 	6743
f 6743 	6262 	6249
f 6490 	6158 	6236
f 6614 	6209 	6242
f 6241 	6230 	5770
f 5770 	5771 	6241
f 6614 	6242 	6243
f 5673 	5648 	6229
f 6010 	6014 	6795
f 6247 	5435 	5438
f 6031 	6032 	6796
f 6251 	6278 	5356
f 5356 	5348 	6183
f 6587 	6253 	6250
f 6587 	6221 	6253
f 5438 	6246 	6247
f 5361 	6281 	6256
f 6255 	6640 	6257
f 6640 	6290 	6257
f 6258 	6259 	6241
f 6032 	6064 	6796
f 5745 	6230 	6231
f 6259 	6245 	6241
f 6065 	6068 	6798
f 5447 	6250 	6253
f 6082 	6083 	6787
f 6060 	5924 	6362
f 5649 	6229 	5648
f 6214 	5435 	6247
f 6784 	6105 	6125
f 6238 	5688 	5689
f 6238 	6229 	5688
f 5688 	6229 	5649
f 5715 	6231 	5714
f 6135 	6136 	6821
f 6816 	6821 	6148
f 5731 	6231 	6238
f 6252 	5665 	5678
f 6260 	6717 	6261
f 5731 	5714 	6231
f 6261 	6717 	6246
f 5678 	6251 	6252
f 6231 	5715 	5745
f 6816 	6152 	6157
f 6230 	5745 	5746
f 6166 	6167 	6817
f 6230 	5746 	5770
f 5361 	6256 	6254
f 6647 	6817 	5762
f 5760 	5761 	6647
f 6254 	6191 	5361
f 6451 	6450 	6310
f 5438 	5439 	6261
f 6258 	6241 	6266
f 5439 	6260 	6261
f 6486 	6255 	6257
f 6331 	6310 	6437
f 6255 	6227 	6640
f 6472 	6283 	6272
f 6272 	6271 	6446
f 6383 	6249 	6262
f 6252 	6183 	5665
f 5445 	6253 	6221
f 6496 	6191 	6254
f 6240 	6239 	5489
f 6718 	6717 	6260
f 6274 	5396 	5356
f 6239 	6240 	6275
f 6483 	6227 	6255
f 6255 	6486 	6483
f 6277 	6279 	6276
f 6280 	6263 	6745
f 6277 	6282 	6279
f 5872 	6270 	6267
f 6334 	6333 	5398
f 6270 	5894 	6269
f 6587 	6285 	6284
f 6587 	6287 	6285
f 5439 	6273 	6260
f 6286 	5398 	6315
f 6287 	6587 	6250
f 6472 	6477 	6320
f 6289 	6288 	6472
f 5476 	5489 	6239
f 5812 	6266 	5811
f 6477 	6479 	6323
f 6640 	6565 	6294
f 5701 	6294 	6565
f 6293 	6290 	6640
f 6066 	6357 	6334
f 6275 	6291 	6292
f 6292 	6239 	6275
f 5431 	6296 	6295
f 5447 	6285 	6287
f 6241 	5771 	5811
f 5811 	6266 	6241
f 5839 	6268 	6266
f 6279 	6295 	6296
f 6275 	6279 	6296
f 6296 	6291 	6275
f 5610 	6298 	6745
f 6282 	6295 	6279
f 6267 	5854 	5855
f 6278 	5674 	6274
f 6298 	6280 	6745
f 6299 	6222 	6237
f 6267 	6268 	5854
f 5854 	6268 	5845
f 6270 	5872 	5873
f 5873 	5874 	6270
f 5382 	6300 	6237
f 5382 	6311 	6300
f 6486 	6257 	6290
f 6300 	6299 	6237
f 5443 	5360 	6297
f 6267 	5855 	5872
f 5894 	6270 	5874
f 5678 	5674 	6278
f 5895 	6269 	5894
f 6308 	6307 	5382
f 6269 	5895 	5916
f 5287 	6301 	6308
f 5287 	6233 	6301
f 6301 	6233 	6235
f 6297 	5360 	5609
f 5382 	5287 	6308
f 6503 	6256 	6281
f 6832 	6825 	6272
f 6299 	6307 	6308
f 6235 	6299 	6308
f 6308 	6301 	6235
f 6310 	5603 	5408
f 6825 	6271 	6272
f 6283 	6288 	6832
f 6274 	6313 	5396
f 5356 	6278 	6274
f 6272 	6283 	6832
f 6299 	6300 	6311
f 6311 	6307 	6299
f 5574 	6310 	5573
f 6347 	6337 	6479
f 6352 	6348 	6465
f 6563 	6206 	6767
f 6206 	6563 	6314
f 6314 	6563 	6564
f 5398 	6316 	6315
f 5398 	6333 	6316
f 6303 	5951 	6302
f 6329 	6319 	6318
f 6314 	6564 	5416
f 6479 	6337 	6336
f 6354 	6353 	6060
f 6571 	6570 	6769
f 6477 	6321 	6320
f 6336 	6340 	6479
f 6340 	6341 	6479
f 6479 	6341 	6323
f 5958 	5948 	6484
f 6212 	6322 	6325
f 6322 	6572 	6574
f 6565 	5702 	5701
f 6119 	6150 	6309
f 5674 	6313 	6274
f 5963 	6335 	6318
f 5917 	6303 	5916
f 6047 	6046 	6326
f 6325 	6577 	5658
f 6269 	5916 	6303
f 6496 	6503 	5878
f 6318 	6335 	6409
f 5666 	6312 	6313
f 6033 	6304 	6302
f 6313 	5674 	5666
f 6306 	6050 	6051
f 6677 	6059 	6264
f 6073 	6050 	6306
f 6318 	5935 	5963
f 6833 	6320 	6321
f 6099 	6305 	6306
f 6485 	6294 	5701
f 6437 	6436 	6331
f 6060 	5396 	6332
f 6394 	6390 	6318
f 5573 	6310 	6331
f 6309 	6305 	6117
f 6117 	6119 	6309
f 6465 	6348 	6347
f 6479 	6465 	6347
f 6800 	6802 	5679
f 6371 	6370 	6466
f 6496 	5877 	5865
f 6584 	6583 	5284
f 6219 	5284 	6339
f 6066 	5407 	6365
f 5825 	6324 	5824
f 5283 	6343 	6342
f 6150 	6338 	6309
f 6324 	6326 	5840
f 5840 	5824 	6324
f 6327 	6344 	6343
f 6399 	6338 	6164
f 5851 	6319 	6324
f 6328 	6312 	5666
f 5666 	5670 	6328
f 6237 	5418 	5382
f 6339 	5284 	6345
f 6318 	6319 	5931
f 5931 	5934 	6318
f 5670 	6332 	6328
f 6583 	6588 	6593
f 5934 	5935 	6318
f 5946 	6505 	6484
f 5432 	6282 	6277
f 5431 	6295 	6282
f 6385 	6384 	5432
f 6060 	6361 	5402
f 6345 	5284 	6346
f 6346 	5284 	6593
f 6291 	6296 	5431
f 6235 	6219 	6339
f 5964 	6335 	5963
f 6341 	6340 	6834
f 6834 	6833 	6341
f 6239 	6292 	5476
f 5983 	6331 	5982
f 5829 	6235 	6339
f 6022 	5402 	6361
f 6833 	6323 	6341
f 6331 	6335 	5993
f 5993 	5982 	6331
f 6369 	6352 	6465
f 6465 	6466 	6369
f 6352 	6351 	6348
f 6339 	6345 	5829
f 6466 	6490 	5861
f 6332 	6354 	6060
f 5865 	5862 	6490
f 5991 	6356 	6350
f 5418 	6220 	6355
f 6358 	6066 	5926
f 6066 	6358 	6357
f 6359 	5489 	6360
f 6367 	6360 	5489
f 6375 	6600 	5489
f 5722 	6353 	6354
f 6348 	6352 	6835
f 6835 	6347 	6348
f 5972 	6363 	6356
f 5926 	6066 	6364
f 6365 	6364 	6066
f 6351 	6352 	6348
f 6384 	6388 	5437
f 6355 	6366 	5418
f 6363 	5610 	5633
f 5489 	6600 	6368
f 5924 	5722 	6362
f 6350 	6356 	5647
f 5647 	5660 	6350
f 6834 	6337 	6347
f 5660 	5684 	6349
f 6466 	6370 	6369
f 6354 	5672 	5722
f 6372 	5418 	6366
f 5861 	6371 	6466
f 5502 	6379 	6363
f 6525 	6358 	5926
f 5661 	5314 	5313
f 6368 	6600 	6373
f 5503 	5507 	5662
f 6326 	6046 	6039
f 6326 	6039 	6374
f 5396 	6328 	6332
f 6362 	5722 	5493
f 5493 	6361 	6362
f 5489 	5418 	6372
f 6376 	6375 	5489
f 6372 	6376 	5489
f 5529 	5678 	5662
f 5326 	5325 	5662
f 6334 	5398 	6066
f 6836 	6369 	6370
f 6368 	6367 	5489
f 6371 	6836 	6370
f 6365 	6601 	6364
f 5610 	6363 	6298
f 6379 	6280 	6298
f 6490 	5862 	5861
f 6275 	6359 	6360
f 5633 	6356 	6363
f 6836 	5861 	5862
f 5862 	6778 	6836
f 6356 	5633 	5647
f 5407 	6040 	6365
f 6275 	6367 	6368
f 6349 	6350 	5660
f 6040 	6569 	6601
f 6374 	6349 	5697
f 5697 	5698 	6374
f 5670 	5672 	6354
f 6275 	6368 	6373
f 5699 	6374 	5698
f 6354 	6332 	5670
f 6377 	5389 	6378
f 5722 	5667 	5629
f 6338 	6814 	6309
f 6275 	6360 	6367
f 5490 	6380 	6379
f 5432 	6382 	6381
f 5637 	5650 	5722
f 6329 	6386 	6319
f 6263 	6280 	6379
f 6319 	6386 	6265
f 6298 	6363 	6379
f 6388 	6384 	6389
f 6282 	5432 	5431
f 5400 	5394 	6377
f 6390 	6330 	6318
f 6022 	6361 	5493
f 6393 	6392 	6391
f 6409 	6394 	6318
f 5476 	6292 	6291
f 5431 	5476 	6291
f 6393 	6396 	6395
f 5924 	6353 	5722
f 6179 	6468 	6173
f 6393 	6391 	5506
f 5506 	5505 	6393
f 5508 	6398 	6397
f 6421 	6423 	6881
f 6396 	6393 	5505
f 5505 	5508 	6396
f 6481 	6480 	6179
f 5367 	5379 	6439
f 6397 	6396 	5508
f 6398 	6402 	6401
f 6448 	6404 	6403
f 6403 	6901 	6423
f 6164 	5766 	6399
f 5570 	6400 	5568
f 5767 	6399 	5766
f 6447 	6424 	6406
f 6402 	5512 	6408
f 6408 	6407 	6402
f 6449 	6432 	6431
f 6429 	6424 	6447
f 6422 	5995 	5568
f 5434 	5437 	6388
f 5589 	5353 	6400
f 6705 	6330 	6390
f 5506 	6391 	5636
f 5661 	5307 	5662
f 6705 	6390 	6394
f 5661 	5612 	5314
f 5358 	6440 	6439
f 5636 	6391 	6418
f 6403 	6404 	6827
f 5432 	6381 	6385
f 5319 	5318 	5612
f 5318 	5314 	5612
f 6310 	6450 	6438
f 5651 	5623 	6400
f 5568 	6400 	6422
f 5322 	5319 	5615
f 5324 	5322 	5615
f 6331 	6436 	6428
f 6427 	6425 	6335
f 6447 	6430 	6429
f 6431 	6430 	6447
f 5620 	5624 	5332
f 5331 	5324 	5620
f 6379 	6380 	6263
f 5508 	5511 	6398
f 5333 	5332 	5624
f 6425 	6409 	6335
f 6402 	6398 	5511
f 5939 	5918 	6415
f 6377 	6216 	6218
f 6424 	6429 	6828
f 6377 	6378 	6232
f 6232 	6216 	6377
f 6383 	6248 	6249
f 6388 	6387 	5434
f 6218 	6248 	6377
f 6377 	6248 	6383
f 6004 	5994 	6422
f 6838 	6837 	6411
f 6684 	6695 	6425
f 6827 	6406 	6424
f 5791 	6411 	5790
f 6380 	6383 	6262
f 6262 	6263 	6380
f 5437 	5432 	6384
f 6695 	6409 	6425
f 5624 	5636 	6414
f 6453 	6442 	6433
f 5864 	6412 	5863
f 6310 	6173 	6451
f 5821 	6417 	6411
f 5876 	5863 	6412
f 5889 	6420 	6412
f 6412 	5864 	5889
f 6310 	6438 	6437
f 5662 	5520 	5523
f 5856 	5857 	6419
f 6179 	6469 	6468
f 5919 	6415 	5918
f 5867 	5856 	6419
f 6420 	5939 	6415
f 6391 	6392 	6418
f 6829 	6431 	6432
f 5966 	6426 	6415
f 6182 	6205 	6378
f 5882 	5883 	6423
f 6421 	5882 	6423
f 6423 	5883 	5884
f 6395 	6392 	6393
f 6443 	6442 	6453
f 6881 	6878 	6421
f 6442 	6443 	6830
f 6448 	6405 	6404
f 6456 	5360 	6444
f 6444 	5360 	6445
f 5843 	6413 	5841
f 5364 	5360 	6459
f 6448 	6447 	6406
f 6406 	6405 	6448
f 6682 	6437 	6438
f 6829 	6433 	6442
f 6431 	6447 	6449
f 6452 	6446 	6271
f 6449 	6453 	6433
f 6433 	6432 	6449
f 6412 	6413 	5876
f 6443 	6453 	6446
f 6446 	6452 	6443
f 5889 	5890 	6420
f 6452 	6271 	6825
f 6830 	6443 	6452
f 6179 	6185 	6481
f 6452 	6825 	6830
f 6415 	5919 	5966
f 6403 	6423 	6448
f 5732 	6472 	6446
f 6422 	5994 	5995
f 5905 	6448 	5904
f 6423 	5884 	5904
f 6423 	5904 	6448
f 6447 	6448 	5932
f 5932 	5933 	6447
f 5360 	6456 	6459
f 5944 	5945 	6449
f 5774 	6461 	6460
f 5761 	5760 	6461
f 6449 	6447 	5944
f 5944 	6447 	5933
f 5827 	5815 	6464
f 6456 	6444 	5829
f 6173 	6476 	6475
f 6453 	5733 	6446
f 6089 	6434 	6435
f 6459 	6456 	5829
f 5835 	5834 	6413
f 6122 	6123 	6441
f 5844 	5830 	6463
f 5830 	5828 	6463
f 6194 	6492 	6491
f 6144 	6440 	6441
f 6179 	6480 	6469
f 6180 	6439 	6440
f 5793 	5792 	6470
f 6470 	6464 	5793
f 6663 	5343 	5342
f 6378 	6439 	6182
f 5364 	6459 	6471
f 6463 	5803 	5841
f 5796 	6460 	6470
f 6776 	5366 	6775
f 5364 	6775 	5366
f 6272 	6446 	6472
f 5796 	5781 	6460
f 5780 	5773 	6460
f 6469 	6656 	6468
f 6079 	6435 	6458
f 6173 	6474 	6451
f 6783 	6785 	5371
f 5758 	6470 	6460
f 6460 	5728 	5758
f 6475 	6474 	6173
f 6173 	6468 	6476
f 6127 	6466 	6465
f 6122 	6441 	6434
f 5783 	6464 	6470
f 6038 	6039 	6455
f 6441 	6123 	6124
f 6047 	6048 	6454
f 6643 	6451 	6474
f 6320 	6289 	6472
f 6288 	6283 	6472
f 5826 	6463 	6464
f 5371 	5366 	6783
f 6643 	6474 	6475
f 5762 	6485 	6461
f 5991 	5992 	6467
f 6467 	6473 	5990
f 6643 	6475 	6476
f 6476 	6468 	6656
f 6008 	6462 	6467
f 6396 	6397 	6395
f 6027 	6458 	5353
f 6185 	6482 	6481
f 6185 	6487 	6482
f 5728 	6460 	5727
f 5738 	5727 	6460
f 6027 	6028 	6458
f 6323 	6321 	6477
f 6460 	6461 	5738
f 6061 	6062 	6435
f 6002 	6472 	6001
f 6401 	6397 	6398
f 6046 	6047 	6454
f 6458 	6028 	6079
f 6079 	6061 	6435
f 6491 	6487 	6185
f 5756 	5757 	6470
f 6434 	6089 	6090
f 6435 	6062 	6089
f 6477 	6472 	6017
f 6017 	6472 	6002
f 6470 	5757 	5783
f 6477 	6017 	6018
f 6402 	6407 	6401
f 6434 	6090 	6122
f 6479 	6477 	6049
f 6049 	6052 	6479
f 5784 	6464 	5783
f 6085 	6465 	6084
f 6463 	5802 	5803
f 6479 	6052 	6084
f 6145 	6440 	6144
f 6464 	5784 	5826
f 5826 	5802 	6463
f 5971 	6473 	6478
f 6084 	6465 	6479
f 6410 	6407 	6408
f 5841 	6413 	6463
f 6127 	6129 	6466
f 6465 	6085 	6127
f 6441 	6124 	6144
f 6467 	5990 	5991
f 6466 	6129 	6130
f 6389 	6387 	6388
f 6467 	5992 	6007
f 6467 	6007 	6008
f 6180 	6181 	6439
f 6440 	6145 	6180
f 6136 	6516 	6483
f 6009 	6462 	6008
f 6439 	6181 	6182
f 6155 	6154 	6486
f 6156 	6155 	6486
f 5829 	6410 	6387
f 6166 	6485 	6167
f 6461 	5760 	5762
f 6382 	6279 	6381
f 6187 	6510 	6508
f 5526 	6489 	5558
f 6279 	5829 	6384
f 6385 	6381 	6279
f 6025 	6457 	6462
f 5375 	5371 	6785
f 6194 	6524 	6492
f 6455 	6457 	6038
f 5679 	6647 	6659
f 6384 	5829 	6389
f 6651 	6482 	6487
f 6056 	6677 	6454
f 5865 	6490 	6496
f 6505 	6286 	6315
f 6384 	6385 	6279
f 6498 	6522 	6701
f 6698 	6499 	6498
f 6152 	6148 	6483
f 6157 	6152 	6483
f 6486 	6154 	6157
f 6498 	6499 	6500
f 5878 	5877 	6496
f 6502 	6501 	6702
f 6493 	5565 	5558
f 6703 	6507 	6506
f 6535 	6534 	6187
f 6689 	6703 	6702
f 6493 	5558 	6489
f 6316 	6484 	6315
f 6290 	6293 	6485
f 6509 	6506 	6507
f 6511 	6510 	6187
f 6187 	6534 	6511
f 6194 	6187 	6508
f 6333 	6334 	6488
f 6333 	6488 	6484
f 6704 	6513 	6512
f 6777 	6512 	6204
f 5829 	6279 	6275
f 6168 	6204 	6512
f 6168 	6512 	6513
f 6562 	6168 	6513
f 6105 	6551 	6514
f 6704 	6703 	6506
f 6600 	6375 	5829
f 6375 	6376 	5829
f 6130 	6158 	6490
f 6490 	6466 	6130
f 6515 	6506 	6509
f 6515 	6517 	6704
f 5575 	6518 	6489
f 6225 	6226 	6483
f 6236 	6496 	6490
f 6517 	6509 	6513
f 6506 	6515 	6704
f 5618 	6519 	6518
f 6503 	6254 	6256
f 6299 	6355 	6220
f 6517 	6515 	6509
f 6510 	6511 	6645
f 6503 	6496 	6254
f 6500 	6501 	6502
f 6299 	6366 	6355
f 6505 	6281 	6286
f 6702 	6701 	6502
f 6281 	6505 	6503
f 6366 	6299 	5829
f 6523 	6701 	6522
f 6315 	6484 	6505
f 5744 	5765 	6521
f 6521 	6520 	5744
f 5742 	5744 	6520
f 6520 	5710 	5742
f 6522 	6498 	6500
f 6372 	5829 	6376
f 6701 	6523 	6502
f 6485 	5701 	6461
f 6484 	6316 	6333
f 6510 	6645 	6508
f 5768 	5809 	6521
f 5829 	6372 	6366
f 6500 	6502 	6523
f 6523 	6522 	6500
f 6357 	6525 	6488
f 6508 	6524 	6194
f 6128 	6126 	6514
f 6514 	6516 	6128
f 6491 	6185 	6194
f 5811 	5771 	6527
f 5771 	5770 	6527
f 5984 	5981 	6488
f 6529 	6528 	6698
f 6358 	6525 	6357
f 5746 	6530 	6527
f 6514 	6162 	6192
f 6526 	6528 	6529
f 6193 	6516 	6192
f 6488 	6334 	6357
f 6646 	6524 	6508
f 6226 	6227 	6483
f 6343 	6344 	6342
f 6646 	6492 	6524
f 5954 	5953 	6531
f 5689 	5688 	6532
f 6532 	6530 	5689
f 6678 	6762 	6641
f 6535 	6187 	6186
f 6186 	6536 	6535
f 6213 	6325 	6327
f 6551 	6142 	6161
f 6555 	6575 	6628
f 6504 	5707 	6497
f 6533 	6531 	5559
f 6192 	6516 	6514
f 6245 	6621 	6244
f 6327 	6325 	6344
f 5559 	6531 	5541
f 5739 	6494 	6495
f 6258 	5908 	6621
f 6259 	6258 	6621
f 5700 	6538 	6317
f 6483 	6516 	6225
f 6516 	6193 	6225
f 5720 	5748 	6540
f 6644 	6641 	6539
f 6641 	6541 	6539
f 6325 	5829 	6344
f 5776 	6542 	6540
f 6521 	6594 	6602
f 6539 	6541 	6526
f 6644 	6546 	6544
f 6644 	6544 	6529
f 6210 	6174 	6314
f 6485 	6486 	6290
f 5829 	5430 	6314
f 5706 	5707 	6504
f 6294 	6485 	6293
f 6526 	6529 	6544
f 6497 	5707 	5709
f 6526 	6544 	6546
f 6546 	6539 	6526
f 6497 	5725 	5726
f 6547 	5841 	6548
f 5889 	6547 	6550
f 5330 	5343 	6619
f 5918 	5939 	6550
f 6628 	6627 	6555
f 6627 	6556 	6555
f 5332 	5333 	5829
f 6520 	6521 	6527
f 6543 	6531 	6533
f 6161 	6162 	6514
f 6602 	6527 	6521
f 6558 	6555 	6556
f 6418 	5333 	6414
f 5829 	5331 	5332
f 6636 	6561 	6560
f 6564 	6767 	6168
f 6168 	6562 	6564
f 6767 	6564 	6563
f 6537 	6518 	6532
f 6554 	5651 	6559
f 6562 	5416 	6564
f 6545 	6543 	6550
f 5652 	6559 	5651
f 6533 	6550 	6543
f 6552 	6141 	6551
f 6314 	6174 	6206
f 6561 	6558 	6560
f 5829 	6314 	5416
f 6567 	5783 	5757
f 6161 	6514 	6551
f 6769 	6210 	6571
f 6567 	6540 	6542
f 6561 	6636 	6628
f 6005 	6000 	6601
f 6493 	6489 	6537
f 6212 	5335 	6322
f 6322 	5335 	6572
f 6628 	6579 	6578
f 6534 	6535 	6645
f 6489 	6518 	6537
f 6769 	6574 	6572
f 6097 	6549 	6095
f 6579 	6628 	6575
f 5653 	6769 	6570
f 6570 	6576 	5653
f 6575 	6555 	6558
f 6532 	6518 	6519
f 5658 	6577 	6769
f 6577 	6574 	6769
f 5728 	6565 	6567
f 6530 	6519 	6520
f 5656 	5653 	6576
f 6628 	6578 	6561
f 6530 	6532 	6519
f 6132 	6552 	6549
f 6769 	5653 	5658
f 6527 	6530 	6520
f 6645 	6511 	6534
f 6574 	6325 	6322
f 6142 	6551 	6141
f 6540 	6567 	6538
f 6558 	6561 	6578
f 6579 	6575 	6558
f 6565 	6538 	6567
f 5556 	6566 	6580
f 6558 	6578 	6579
f 6542 	6548 	6567
f 6548 	6542 	6547
f 6041 	6569 	6040
f 6325 	6574 	6577
f 6547 	6542 	6545
f 6557 	5613 	6554
f 6550 	6547 	6545
f 6074 	6075 	6573
f 6573 	6569 	6074
f 6342 	6586 	6584
f 6076 	6573 	6075
f 6284 	6317 	6538
f 6284 	6538 	6587
f 6589 	6536 	6186
f 5681 	6504 	6559
f 5340 	6591 	6590
f 5341 	5340 	6590
f 6095 	6549 	6573
f 6573 	6076 	6095
f 6588 	6595 	6593
f 6593 	5284 	6583
f 5852 	6585 	6594
f 6111 	6112 	6552
f 6603 	6594 	6585
f 6596 	6590 	6591
f 6606 	6603 	6585
f 6549 	6097 	6132
f 6345 	6346 	5829
f 6112 	6141 	6552
f 6736 	6536 	6589
f 6189 	6188 	6592
f 6159 	6592 	6597
f 5330 	6801 	6627
f 6627 	6598 	6556
f 5808 	5836 	6594
f 6373 	6600 	6599
f 6736 	6589 	6103
f 6566 	5586 	6557
f 5999 	6525 	6601
f 5842 	5839 	6602
f 6604 	6258 	6266
f 6661 	6604 	6266
f 5582 	5584 	6557
f 6536 	6736 	6535
f 6275 	6373 	6599
f 5926 	6364 	6601
f 6601 	6525 	5926
f 6636 	6560 	6568
f 6599 	6600 	5829
f 6601 	6365 	6040
f 5829 	6609 	6568
f 6603 	6602 	6594
f 6584 	6586 	6583
f 6619 	6617 	5330
f 6585 	6582 	6606
f 6586 	6588 	6583
f 6582 	6581 	6607
f 6607 	6606 	6582
f 6611 	5567 	6613
f 5935 	6633 	6613
f 6597 	6630 	6605
f 6607 	6581 	5415
f 5829 	6595 	6588
f 6619 	6616 	6617
f 6050 	6073 	6607
f 5669 	5690 	6623
f 5644 	5669 	6623
f 5413 	5415 	6581
f 6538 	6565 	6587
f 6613 	6626 	6611
f 6590 	6624 	5341
f 6624 	6632 	5341
f 5694 	6625 	6623
f 6570 	6571 	5675
f 5675 	6576 	6570
f 5342 	5341 	6637
f 6637 	6652 	5342
f 5675 	5656 	6576
f 6314 	6571 	6210
f 6624 	6590 	6596
f 6627 	5403 	5404
f 5404 	5330 	6627
f 6103 	6104 	6610
f 6571 	6314 	5430
f 5430 	5675 	6571
f 6113 	6608 	6610
f 5421 	6627 	6628
f 5420 	5421 	6628
f 5632 	5645 	6622
f 5421 	5403 	6627
f 6240 	5489 	6359
f 5527 	5423 	6628
f 5343 	6657 	6619
f 6112 	6111 	6629
f 6201 	6202 	6615
f 6615 	6620 	6201
f 6275 	6240 	6359
f 5341 	6632 	6637
f 5432 	6276 	6382
f 5432 	6277 	6276
f 6614 	6244 	6621
f 6227 	6635 	6640
f 5342 	6652 	6653
f 6632 	6596 	6612
f 6632 	6624 	6596
f 5699 	6642 	6634
f 6678 	6641 	6639
f 6294 	6293 	6640
f 6605 	6629 	5407
f 6637 	6632 	6612
f 6642 	6623 	6625
f 6634 	6625 	6633
f 5512 	6402 	5511
f 6633 	6625 	6626
f 6630 	6629 	6605
f 6658 	6657 	5343
f 6630 	6597 	6635
f 6592 	6635 	6597
f 6387 	6410 	5434
f 6587 	6640 	6635
f 6635 	6592 	6587
f 6755 	6754 	6303
f 6487 	6491 	6646
f 6653 	6652 	6654
f 6587 	6565 	6640
f 6418 	6414 	5636
f 6714 	6706 	6267
f 5402 	6605 	5407
f 6668 	6661 	6266
f 6279 	6382 	6276
f 6649 	6655 	5793
f 6652 	6612 	6616
f 6638 	5545 	6636
f 5827 	6648 	6649
f 6652 	6637 	6612
f 6809 	6305 	6309
f 6616 	6653 	6652
f 6654 	6652 	6653
f 6889 	6892 	5473
f 6648 	5844 	6650
f 6660 	6658 	5343
f 6893 	6894 	5474
f 5474 	6886 	5475
f 6659 	5796 	6655
f 6644 	5618 	5619
f 6660 	5343 	6662
f 5792 	5793 	6655
f 6681 	6268 	6267
f 6662 	5343 	6663
f 5342 	6653 	6663
f 6663 	6653 	6616
f 6450 	6643 	6682
f 5472 	6020 	6664
f 6741 	6269 	6303
f 6303 	6742 	6741
f 5475 	6666 	6665
f 5479 	5475 	6665
f 6657 	6616 	6619
f 6665 	6666 	6667
f 6266 	6268 	6668
f 6616 	6657 	6658
f 6616 	6658 	6660
f 6616 	6660 	6662
f 6616 	6662 	6663
f 6492 	6646 	6491
f 6598 	6627 	6675
f 6674 	5443 	6676
f 5360 	5443 	6674
f 6598 	6675 	6558
f 6676 	6673 	6674
f 6558 	6556 	6598
f 5774 	6659 	6647
f 6674 	5829 	6445
f 6445 	5829 	6444
f 5619 	6641 	6644
f 6686 	6690 	5480
f 5479 	6687 	6686
f 6535 	6736 	6645
f 6661 	6668 	5907
f 6661 	5907 	5908
f 5433 	5480 	6692
f 6692 	6696 	5433
f 6638 	6805 	6639
f 6699 	5435 	5433
f 5908 	6604 	6661
f 5813 	5814 	6649
f 5618 	6644 	5643
f 6678 	6639 	6679
f 6679 	6639 	6805
f 5814 	5815 	6649
f 6267 	6706 	6681
f 6681 	6680 	6268
f 5479 	6665 	6687
f 6649 	5815 	5827
f 6683 	6678 	6679
f 5545 	5526 	6636
f 5834 	5835 	6650
f 6759 	6806 	6698
f 6698 	6806 	6685
f 6685 	6499 	6698
f 6686 	5480 	5479
f 5480 	6690 	6692
f 5576 	6638 	6639
f 5509 	6618 	6650
f 6699 	6707 	5435
f 6267 	6270 	6714
f 6680 	6668 	6268
f 6501 	6688 	6702
f 5862 	5865 	6778
f 5596 	5575 	6639
f 6437 	6682 	6684
f 6667 	6686 	6687
f 6687 	6665 	6667
f 6507 	6703 	6689
f 6692 	6690 	6694
f 6702 	6693 	6689
f 5433 	6696 	6699
f 5438 	5435 	6709
f 6709 	6711 	5438
f 6509 	6507 	6689
f 6689 	6693 	6509
f 6716 	5439 	5438
f 6669 	6692 	6694
f 6691 	6667 	6690
f 6690 	6667 	6669
f 6694 	6690 	6669
f 5660 	6631 	6642
f 6686 	6691 	6690
f 6686 	6667 	6691
f 6697 	6696 	6692
f 6529 	6698 	6644
f 6699 	6696 	6700
f 5907 	6680 	6681
f 5907 	6668 	6680
f 6623 	6642 	6622
f 6631 	6622 	6642
f 6692 	6669 	6697
f 6625 	6634 	6642
f 6670 	6699 	6700
f 6681 	5906 	5907
f 6517 	6513 	6704
f 6697 	6669 	6696
f 6696 	6669 	6670
f 6696 	6670 	6700
f 6512 	6777 	6704
f 6708 	6707 	6699
f 5435 	6707 	6709
f 5438 	6711 	6716
f 6613 	6633 	6626
f 6699 	6670 	6708
f 6708 	6670 	6707
f 6134 	6133 	6710
f 6671 	6709 	6707
f 6707 	6670 	6671
f 6303 	6754 	6742
f 6175 	6713 	6710
f 6716 	6719 	5439
f 6270 	6715 	6714
f 6712 	6671 	6711
f 6711 	6671 	6672
f 5999 	6803 	6802
f 6703 	5742 	6702
f 6273 	6297 	6718
f 6260 	6273 	6718
f 6716 	6711 	6672
f 6709 	6712 	6711
f 6709 	6671 	6712
f 6718 	6297 	5609
f 5609 	6622 	6718
f 6720 	6719 	6716
f 6721 	6676 	5443
f 5443 	5439 	6721
f 5439 	6719 	6721
f 6721 	6719 	6722
f 6673 	6721 	6722
f 6720 	6672 	6719
f 6719 	6672 	6673
f 6722 	6719 	6673
f 6706 	6714 	5912
f 5912 	5906 	6706
f 6701 	6698 	6498
f 6246 	6717 	6247
f 6717 	6713 	6214
f 6214 	6247 	6717
f 6716 	6672 	6720
f 6723 	6676 	6721
f 6721 	6673 	6723
f 6723 	6673 	6676
f 6386 	6329 	6677
f 6677 	6329 	6705
f 6714 	6715 	5912
f 6681 	6706 	5906
f 6724 	6664 	6725
f 6394 	6409 	6695
f 6724 	6725 	6883
f 6425 	6427 	6684
f 6427 	6428 	6684
f 6727 	6726 	5475
f 6756 	5285 	6710
f 6684 	6436 	6437
f 6269 	6730 	6729
f 6270 	6269 	6729
f 6729 	6728 	6270
f 5475 	6731 	6666
f 6731 	6667 	6666
f 6744 	6713 	6717
f 6771 	6302 	6304
f 6728 	6715 	6270
f 6698 	5643 	6644
f 6133 	6172 	6710
f 6701 	5687 	6698
f 5912 	6728 	6729
f 5912 	6715 	6728
f 6732 	5291 	6733
f 6729 	5911 	5912
f 6753 	5829 	6883
f 5911 	6729 	6730
f 6818 	6156 	6165
f 5475 	6738 	6737
f 6737 	6773 	5475
f 6731 	5475 	6739
f 6758 	6740 	5475
f 6740 	6739 	5475
f 5765 	6703 	6704
f 6739 	6667 	6731
f 5809 	5768 	6704
f 6760 	6755 	6302
f 6303 	6302 	6755
f 6539 	6546 	6644
f 6742 	5913 	6741
f 5679 	6816 	6818
f 6218 	6744 	6743
f 6743 	6248 	6218
f 6898 	6732 	6733
f 6702 	5704 	5705
f 6730 	6269 	6746
f 5742 	5710 	6702
f 6741 	6746 	6269
f 6751 	6750 	6749
f 6749 	6747 	6751
f 6749 	6752 	6747
f 5913 	5911 	6741
f 6746 	6741 	5911
f 6745 	6263 	6743
f 6263 	6262 	6743
f 5911 	6730 	6746
f 6717 	6745 	6743
f 6749 	5829 	6752
f 6777 	5808 	5809
f 6883 	6735 	6753
f 6753 	6752 	5829
f 6745 	6718 	6622
f 5527 	6628 	6636
f 6181 	6180 	6756
f 6757 	6773 	6737
f 6755 	6760 	5937
f 5527 	6636 	5526
f 5475 	6773 	6758
f 6500 	6688 	6501
f 5829 	6739 	6740
f 6740 	6758 	5829
f 5576 	6639 	5575
f 6745 	6717 	6718
f 5829 	6667 	6739
f 6698 	6528 	6759
f 5547 	6638 	5576
f 6622 	6631 	6745
f 6756 	6145 	6144
f 6526 	6759 	6528
f 6302 	6761 	6760
f 6302 	6770 	6761
f 6144 	5292 	6756
f 5292 	6144 	6124
f 6771 	6770 	6302
f 6762 	6678 	6683
f 5292 	5285 	6756
f 6791 	6804 	6306
f 6641 	6762 	6763
f 6541 	6641 	6763
f 6710 	6713 	6744
f 6309 	6814 	6809
f 6526 	6541 	6763
f 6683 	6526 	6763
f 6763 	6762 	6683
f 6756 	6710 	6744
f 6717 	6743 	6744
f 6411 	6837 	6399
f 6636 	6568 	6609
f 5829 	5464 	6764
f 5705 	6701 	6702
f 6702 	5710 	5704
f 6786 	6304 	6306
f 5339 	6831 	5340
f 5829 	6757 	6737
f 6799 	6765 	5340
f 6765 	6591 	5340
f 6591 	6765 	6596
f 5829 	6774 	6757
f 6703 	5744 	5742
f 6751 	6747 	6898
f 5765 	5744 	6703
f 6760 	6761 	5937
f 6754 	6755 	5913
f 6674 	6673 	5829
f 5913 	6742 	6754
f 5334 	6343 	5298
f 6304 	6772 	6771
f 6304 	6782 	6772
f 5908 	5907 	5679
f 6768 	6767 	6170
f 6171 	6170 	6767
f 6774 	6773 	6757
f 6677 	5679 	6454
f 5679 	6677 	6705
f 5335 	5915 	6769
f 6786 	6782 	6304
f 6203 	6766 	6777
f 5679 	6836 	6778
f 6774 	5829 	6773
f 5330 	6617 	6779
f 5809 	6704 	6777
f 5937 	6761 	6770
f 6758 	6773 	5829
f 5936 	6771 	6772
f 5853 	6766 	6767
f 6767 	5852 	5853
f 6471 	6459 	5829
f 5871 	6767 	6768
f 5829 	6775 	6471
f 5829 	6776 	6775
f 6768 	5870 	5871
f 6682 	5679 	6684
f 5871 	5852 	6767
f 6781 	5366 	6776
f 5892 	5869 	6768
f 5679 	6695 	6684
f 6769 	5893 	5892
f 5892 	6768 	6769
f 6705 	6695 	5679
f 6783 	5366 	6781
f 6305 	6792 	6791
f 6769 	5915 	5893
f 6781 	5829 	5769
f 5769 	6783 	6781
f 6781 	6776 	5829
f 5955 	5936 	6782
f 5375 	6785 	6788
f 5936 	6772 	6782
f 6789 	6785 	5769
f 6785 	6783 	5769
f 6788 	6785 	6789
f 6790 	5375 	6788
f 6791 	6306 	6305
f 6790 	6793 	5338
f 5338 	5375 	6790
f 6125 	6820 	6784
f 6793 	6790 	6789
f 6790 	6788 	6789
f 6845 	6417 	6416
f 5339 	5338 	6797
f 6797 	5338 	6793
f 5363 	5365 	6793
f 5365 	6797 	6793
f 6306 	6804 	6786
f 6822 	6799 	5340
f 6596 	6765 	6799
f 5392 	5330 	5337
f 5337 	5336 	5392
f 6815 	5337 	5330
f 6796 	6064 	6798
f 5330 	5329 	5328
f 5328 	6801 	5330
f 6675 	6627 	6801
f 5959 	6791 	6792
f 6558 	6675 	6801
f 6558 	6801 	5328
f 6011 	6795 	6803
f 5955 	6786 	6804
f 6638 	5405 	6805
f 5634 	5782 	6805
f 6791 	5959 	5955
f 6805 	5782 	6683
f 6683 	6679 	6805
f 6759 	6807 	6806
f 5955 	6804 	6791
f 6808 	6792 	6305
f 6500 	6685 	6806
f 5458 	5641 	6806
f 6807 	6813 	5458
f 6795 	6036 	6796
f 6809 	6808 	6305
f 6499 	6685 	6500
f 6806 	5641 	6500
f 6702 	6688 	6810
f 6810 	5442 	5411
f 5442 	5412 	5411
f 6837 	6826 	6399
f 6702 	5411 	5414
f 5414 	6693 	6702
f 6812 	5946 	5947
f 6693 	5414 	6509
f 5411 	5786 	6509
f 5417 	6562 	6509
f 6513 	6509 	6562
f 6417 	6838 	6411
f 6810 	6688 	6500
f 6808 	5961 	5959
f 6500 	5641 	6810
f 5411 	6702 	6810
f 5959 	6792 	6808
f 5900 	5901 	6811
f 5921 	5922 	6812
f 6683 	5782 	6526
f 6813 	6807 	6759
f 6808 	6809 	5961
f 6806 	6807 	5458
f 5940 	5928 	6812
f 5947 	6794 	6812
f 5455 	5458 	6813
f 5692 	5454 	6813
f 5986 	5987 	6802
f 5829 	6560 	6558
f 6399 	6824 	6823
f 6609 	6764 	6636
f 6764 	5464 	6636
f 6826 	6824 	6399
f 6568 	6560 	5829
f 6764 	6609 	5829
f 6803 	6006 	6011
f 6860 	6856 	6416
f 6779 	6815 	5330
f 6875 	6419 	6421
f 6616 	5829 	6815
f 6779 	6617 	6616
f 6616 	6815 	6779
f 6338 	6823 	6819
f 6814 	6338 	6819
f 5337 	6815 	5829
f 5363 	5362 	5339
f 5504 	5829 	5611
f 6814 	6819 	5960
f 5829 	5504 	5325
f 5960 	5961 	6814
f 5340 	6831 	6822
f 6157 	6818 	6816
f 6596 	6831 	5385
f 5385 	5487 	6596
f 6596 	6799 	6822
f 6143 	6821 	6820
f 5961 	6809 	6814
f 6148 	6152 	6816
f 6612 	6596 	5487
f 6155 	6156 	6818
f 5306 	5829 	5311
f 6818 	6165 	6817
f 6823 	6338 	6399
f 5679 	6827 	6828
f 5518 	5339 	5378
f 5365 	5363 	5339
f 5829 	5318 	5319
f 6865 	6860 	6416
f 5339 	5385 	6831
f 6405 	6406 	6827
f 6828 	6429 	6430
f 6797 	5365 	5339
f 6424 	6828 	6827
f 6829 	6828 	6431
f 6431 	6828 	6430
f 6432 	6433 	6829
f 6442 	6830 	6829
f 6822 	6831 	6596
f 6823 	6824 	5960
f 5679 	6834 	6835
f 6288 	6289 	6832
f 6833 	6832 	6320
f 6320 	6832 	6289
f 6321 	6323 	6833
f 6340 	6336 	6834
f 6336 	6337 	6834
f 6824 	5962 	5960
f 6835 	6834 	6347
f 6835 	6352 	6369
f 6369 	6836 	6835
f 5960 	6819 	6823
f 6826 	5962 	6824
f 5829 	5427 	5422
f 6837 	6838 	5965
f 5962 	6837 	5965
f 5453 	5449 	5829
f 5486 	5829 	5806
f 6839 	5352 	6840
f 6839 	6842 	6841
f 6841 	5352 	6839
f 6837 	5962 	6826
f 6841 	6843 	5352
f 6843 	6841 	5829
f 6416 	6856 	6845
f 6845 	6844 	6417
f 6870 	6854 	5829
f 6857 	6858 	5829
f 6875 	6868 	6419
f 6846 	6750 	6751
f 6844 	6838 	6417
f 5829 	6749 	6750
f 6884 	6883 	5829
f 6846 	6751 	6898
f 5829 	6855 	6847
f 6842 	6839 	5829
f 6840 	6848 	5806
f 6838 	6844 	5969
f 5969 	5965 	6838
f 5468 	5829 	5471
f 5485 	5486 	5806
f 6848 	6840 	5352
f 6843 	6850 	5352
f 6850 	6843 	5829
f 6852 	5355 	6853
f 6852 	6855 	6854
f 6870 	5355 	6852
f 6844 	6845 	5969
f 5829 	6915 	6870
f 6859 	6858 	6857
f 6871 	6859 	6857
f 5310 	6857 	6861
f 6861 	5312 	5310
f 5829 	6861 	6857
f 6862 	6861 	5829
f 5829 	6872 	6863
f 6863 	6862 	5829
f 6898 	6872 	5829
f 6732 	6748 	5291
f 5291 	6748 	6747
f 5969 	6856 	5968
f 6664 	5291 	6747
f 6664 	6752 	6753
f 6883 	6734 	6735
f 6747 	6748 	6898
f 6748 	6732 	6898
f 6858 	6859 	6909
f 5829 	6858 	6909
f 6853 	6851 	6852
f 6855 	6852 	6851
f 6851 	6847 	6855
f 5806 	6848 	6849
f 6839 	6840 	5806
f 5806 	5829 	6839
f 6856 	6860 	5968
f 6856 	5969 	6845
f 5486 	5482 	5829
f 6905 	6864 	5351
f 6416 	6419 	6865
f 6866 	6850 	5829
f 6851 	5297 	6867
f 6867 	6866 	6851
f 6851 	6866 	5829
f 6421 	6878 	6875
f 6868 	6865 	6419
f 6869 	6853 	5355
f 6852 	6854 	6870
f 6857 	5310 	6871
f 6865 	6868 	5970
f 6861 	6862 	5312
f 6863 	6872 	5312
f 5312 	6862 	6863
f 6872 	6873 	5312
f 6873 	6872 	6898
f 5291 	6874 	6733
f 6734 	6725 	6664
f 6735 	6734 	6664
f 6753 	6735 	6664
f 6883 	6725 	6734
f 5970 	5968 	6865
f 6726 	6738 	5475
f 6885 	6737 	6738
f 6898 	6733 	6874
f 6871 	6909 	6859
f 5968 	6860 	6865
f 6851 	6853 	6869
f 6869 	5297 	6851
f 5806 	6849 	6864
f 6876 	6877 	6898
f 6880 	6879 	5291
f 6747 	6752 	6664
f 6664 	6724 	6882
f 6883 	6882 	6724
f 6878 	6881 	6034
f 6886 	6727 	5475
f 6726 	6727 	6885
f 6738 	6726 	6885
f 6727 	6886 	6885
f 5472 	6890 	6889
f 6893 	5474 	5473
f 6886 	5474 	6894
f 6887 	6890 	6888
f 6883 	6887 	6888
f 6888 	6882 	6883
f 5473 	6892 	6893
f 6890 	6887 	6891
f 6887 	6883 	6891
f 6891 	6883 	6890
f 6884 	6889 	6890
f 6890 	6883 	6884
f 6884 	6885 	6892
f 6892 	6889 	6884
f 6893 	6892 	6885
f 6894 	6893 	6885
f 6886 	6894 	6885
f 5970 	6868 	6875
f 6879 	6880 	6898
f 5970 	6875 	6878
f 6878 	6034 	5970
f 6895 	5308 	6896
f 6876 	6897 	5312
f 6877 	6876 	5312
f 6898 	6897 	6876
f 5315 	6902 	6899
f 6899 	6880 	5291
f 6882 	6888 	5472
f 6900 	6881 	6423
f 5473 	5472 	6889
f 6888 	6890 	5472
f 5472 	6664 	6882
f 6901 	6900 	6423
f 6899 	6898 	6880
f 6034 	6881 	6900
f 6900 	6037 	6034
f 5315 	5312 	6897
f 6899 	5291 	5315
f 5315 	6903 	6902
f 6898 	6902 	6903
f 6903 	6897 	6898
f 6899 	6902 	6898
f 6900 	6901 	6037
f 5351 	5350 	6905
f 6864 	6849 	5351
f 6866 	6867 	5352
f 6905 	5350 	5305
f 6827 	6404 	6405
f 6850 	6866 	5352
f 6906 	6867 	5297
f 6827 	6037 	6403
f 5355 	6907 	6869
f 6908 	6870 	6915
f 5310 	6910 	6871
f 5310 	5308 	6910
f 6910 	5308 	6895
f 6037 	6901 	6403
f 6877 	5312 	6873
f 6877 	6873 	6898
f 6879 	6874 	5291
f 6610 	6736 	6103
f 6898 	6874 	6879
f 6113 	6114 	6608
f 6895 	6896 	6909
f 6910 	6895 	6909
f 6909 	6871 	6910
f 6146 	6620 	6608
f 6913 	6904 	5303
f 5303 	6911 	6913
f 6912 	6909 	6911
f 6620 	6147 	6201
f 6909 	6913 	6911
f 6208 	6209 	6614
f 6909 	6896 	6904
f 6904 	6913 	6909
f 6208 	6614 	6615
f 6907 	5297 	6869
f 6243 	6244 	6614
f 6905 	5806 	6864
f 6849 	6848 	5351
f 5352 	5351 	6848
f 5294 	5352 	6906
f 6867 	6906 	5352
f 6604 	5908 	6258
f 5807 	5304 	5350
f 5304 	5305 	5350
f 6621 	6245 	6259
f 5354 	5352 	5294
f 6454 	6048 	6055
f 5294 	5293 	5354
f 5297 	5294 	6906
f 5354 	5301 	5300
f 5300 	6907 	5355
f 6264 	6265 	6677
f 6870 	6908 	5355
f 6908 	6914 	5355
f 6914 	6908 	6915
f 6330 	6705 	6329
f 6677 	6265 	6386
f 6695 	6705 	6394
f 6897 	6903 	5315
f 6904 	6896 	5308
f 5308 	5303 	6904
f 6684 	6428 	6436
f 6912 	6911 	5303
f 6916 	6912 	5303
f 6916 	5302 	6917
f 6917 	5302 	6914
f 6915 	6916 	6917
f 6917 	6914 	6915
f 5303 	5302 	6916
f 6682 	6438 	6450
f 6450 	6451 	6643
f 6915 	6909 	6912
f 6912 	6916 	6915
f 5300 	5297 	6907
f 5289 	5301 	5354
f 6476 	6656 	6643
f 5354 	5293 	5289
f 6481 	6482 	6651
f 6480 	6481 	6651
f 6480 	6651 	6656
f 6656 	6469 	6480
f 6646 	6651 	6487
f 6508 	6645 	6646
# 3272 faces

 #end of obj_4

o obj_5
v 98.2812 		-43.708 		0.051
v 99.1312 		-43.606 		0.051
v 155.7382 		-46.117 		0.681
v 151.8132 		-46.46 		0.68
v 152.0232 		-46.182 		0.681
v 152.0232 		-46.1842 		1.8068
v 154.9112 		-50.1135 		5.015
v 155.1222 		-50.0154 		5.015
v 152.0232 		-46.1828 		1.1044
v 155.4832 		-45.879 		0.682
v 156.2092 		-52.227 		3.603
v 154.8062 		-50.1624 		5.015
v 99.9862 		-43.551 		0.051
v 100.8422 		-43.543 		0.051
v 157.2612 		-51.49 		3.604
v 147.4642 		-44.429 		7.1859
v 156.1952 		-52.304 		2.265
v 153.1502 		-41.766 		0.058
v 151.7021 		-48.9881 		4.498
v 147.5452 		-43.7 		7.188
v 151.6086 		-48.8052 		4.498
v 91.3252 		-53.374 		0.03
v 151.8848 		-49.2838 		4.498
v 151.9672 		-49.4012 		4.498
v 90.7502 		-53.364 		0.03
v 151.7672 		-49.1162 		4.498
v 152.0096 		-46.201 		1.1042
v 91.7502 		-53.381 		0.03
v 99.1312 		-43.622 		7.186
v 99.9852 		-43.567 		7.186
v 152.1072 		-49.5512 		4.498
v 152.2052 		-49.6562 		4.498
v 151.9652 		-46.234 		1.104
v 100.8422 		-43.558 		7.186
v 156.2152 		-52.217 		2.711
v 152.3168 		-49.7468 		4.498
v 91.7562 		-53.031 		0.029
v 152.4762 		-49.8756 		4.498
v 91.7562 		-53.031 		0.03
v 156.0272 		-46.549 		0.681
v 147.4612 		-43.456 		7.188
v 91.3312 		-53.024 		0.029
v 156.1372 		-46.686 		0.68
v 91.3312 		-53.024 		0.03
v 155.9582 		-46.387 		0.681
v 155.8292 		-46.267 		0.681
v 151.9774 		-46.2436 		1.1038
v 90.7562 		-53.014 		0.029
v 152.6521 		-49.9816 		4.498
v 90.7562 		-53.014 		0.03
v 147.8702 		-44.376 		7.186
v 147.8756 		-44.429 		7.1859
v 152.7752 		-50.0552 		4.498
v 98.2802 		-43.723 		7.185
v 153.0962 		-50.1912 		4.498
v 155.8292 		-46.266 		0.048
v 151.7778 		-46.5263 		1.772
v 157.2612 		-51.483 		0.037
v 151.7839 		-46.5154 		1.8091
v 151.8023 		-46.4807 		1.1011
v 151.7949 		-46.494 		1.1009
v 156.0272 		-46.548 		0.047
v 157.1842 		-51.51 		0.037
v 89.7502 		-53.346 		0.03
v 90.3252 		-53.356 		0.03
v 151.6442 		-46.765 		0.68
v 151.5032 		-47.266 		0.679
v 151.6042 		-46.936 		0.679
v 89.7562 		-52.996 		0.029
v 151.5192 		-47.09 		0.679
v 151.4412 		-47.43 		0.678
v 151.4492 		-47.606 		0.678
v 154.5792 		-42.945 		7.19
v 154.6372 		-42.925 		7.19
v 94.1802 		-44.911 		7.183
v 151.6042 		-46.935 		0.046
v 97.4372 		-43.871 		7.185
v 151.4492 		-47.604 		0.045
v 95.7802 		-44.302 		7.184
v 94.9722 		-44.585 		7.183
v 96.6032 		-44.064 		7.184
v 154.7182 		-42.81 		7.19
v 151.5032 		-47.264 		0.046
v 147.9252 		-44.429 		7.1859
v 147.9319 		-44.429 		7.1859
v 147.9411 		-44.429 		7.1859
v 147.9535 		-44.429 		7.1859
v 147.9698 		-44.429 		7.1859
v 148.4242 		-42.886 		7.19
v 147.9202 		-42.847 		7.19
v 151.6604 		-46.7367 		1.0983
v 95.7802 		-44.287 		0.049
v 96.6032 		-44.049 		0.05
v 97.4372 		-43.855 		0.05
v 157.2402 		-51.488 		1.821
v 90.3312 		-53.006 		0.03
v 90.3312 		-53.006 		0.029
v 151.8132 		-46.4617 		1.465
v 94.1802 		-44.896 		0.048
v 94.9722 		-44.569 		0.049
v 151.8132 		-46.4609 		1.1013
v 160.0742 		-44.576 		7.187
v 89.7562 		-52.996 		0.03
v 159.4422 		-43.096 		7.19
v 160.2002 		-44.368 		7.187
v 160.4162 		-43.921 		7.188
v 160.5072 		-43.683 		7.188
v 160.0692 		-43.058 		7.19
v 154.6852 		-42.885 		7.19
v 154.7182 		-42.81 		7.19
v 154.7182 		-42.81 		7.19
v 151.7919 		-46.501 		1.8579
v 151.4102 		-47.777 		0.678
v 151.4852 		-48.292 		0.677
v 151.4432 		-47.95 		0.677
v 151.4292 		-48.125 		0.677
v 154.7182 		-42.81 		7.19
v 151.4952 		-48.468 		0.676
v 151.5742 		-48.625 		0.676
v 91.7352 		-54.23 		0.027
v 157.2612 		-51.485 		0.929
v 91.3102 		-54.223 		0.027
v 151.7882 		-46.49 		1.101
v 151.4432 		-47.949 		0.044
v 98.5442 		-49.613 		7.173
v 151.5752 		-48.623 		0.043
v 90.7352 		-54.213 		0.027
v 147.4642 		-44.429 		4.498
v 159.8602 		-44.86 		7.186
v 99.1392 		-49.55 		7.173
v 99.7382 		-49.537 		7.173
v 89.7362 		-54.196 		0.027
v 151.4852 		-48.291 		0.044
v 157.3022 		-51.489 		1.821
v 147.5452 		-43.694 		4.187
v 153.3712 		-42.913 		7.19
v 147.8712 		-44.37 		4.186
v 159.4362 		-45.242 		7.185
v 159.6192 		-45.11 		7.185
v 157.4826 		-47.3599 		7.1805
v 153.3072 		-42.861 		7.19
v 90.3112 		-54.206 		0.027
v 156.7372 		-51.854 		0.036
v 156.2612 		-52.156 		0.036
v 156.2112 		-52.359 		0.035
v 153.3072 		-42.861 		7.19
v 153.3072 		-42.861 		7.19
v 160.0052 		-44.658 		0.052
v 97.9552 		-49.723 		7.172
v 159.4422 		-43.081 		0.055
v 153.3072 		-42.861 		7.19
v 160.0692 		-43.043 		0.055
v 160.2572 		-44.243 		0.053
v 160.5072 		-43.668 		0.054
v 86.3702 		-52.514 		7.166
v 153.8142 		-42.906 		7.19
v 86.7592 		-51.752 		7.168
v 87.1892 		-51.012 		7.169
v 157.4916 		-47.4049 		7.1804
v 157.4952 		-47.423 		7.1804
v 153.2762 		-42.785 		7.19
v 157.3524 		-46.8171 		7.1814
v 157.4454 		-47.174 		7.1804
v 150.5692 		-44.158 		2.505
v 158.7682 		-46.949 		7.181
v 153.2862 		-42.823 		6.298
v 158.8412 		-47.033 		7.181
v 87.7502 		-53.327 		7.163
v 157.4952 		-48.338 		7.1784
v 149.1322 		-43.046 		3.622
v 153.3912 		-42.917 		6.298
v 157.5003 		-48.2607 		7.1786
v 160.0742 		-44.568 		3.619
v 156.2002 		-52.241 		1.373
v 87.6782 		-53.3256 		7.163
v 158.9412 		-47.051 		7.181
v 157.5038 		-48.2076 		7.1786
v 87.6782 		-53.3258 		7.163
v 87.748 		-53.327 		7.163
v 87.7481 		-53.327 		7.163
v 87.7491 		-53.327 		7.163
v 87.7491 		-53.327 		7.163
v 150.5182 		-44.161 		3.62
v 159.4362 		-45.226 		0.05
v 156.2312 		-52.186 		0.927
v 88.3252 		-53.337 		7.163
v 157.5252 		-47.881 		7.1794
v 159.7022 		-45.015 		0.051
v 150.6192 		-44.148 		3.62
v 156.2442 		-52.172 		1.819
v 153.2556 		-44.429 		7.1864
v 155.2552 		-49.891 		0.673
v 153.4399 		-44.429 		7.1869
v 153.4618 		-44.4247 		7.1869
v 155.1222 		-50.006 		0.673
v 157.4753 		-48.4374 		7.1781
v 154.3593 		-44.3973 		7.187
v 154.9542 		-50.058 		0.673
v 157.4384 		-48.6219 		7.1775
v 154.8062 		-50.153 		0.673
v 159.5312 		-45.174 		3.618
v 156.6682 		-53.263 		0.033
v 149.3492 		-43.127 		0.054
v 149.7352 		-43.368 		0.054
v 155.2552 		-49.89 		0.04
v 159.6192 		-45.103 		3.618
v 154.9542 		-50.057 		0.04
v 89.3252 		-53.354 		7.163
v 159.7852 		-44.942 		3.618
v 156.7672 		-53.824 		0.032
v 156.7462 		-54.3 		0.031
v 153.6745 		-44.3976 		7.1869
v 153.8459 		-44.3864 		7.187
v 150.6192 		-44.144 		1.836
v 150.5802 		-44.158 		1.836
v 161.6882 		-48.351 		7.179
v 161.7022 		-47.589 		7.18
v 161.2812 		-47.31 		7.181
v 154.0192 		-44.375 		7.187
v 156.6572 		-54.785 		0.03
v 154.0545 		-44.3773 		7.187
v 160.2812 		-46.922 		7.182
v 159.9422 		-46.895 		7.182
v 157.4106 		-47 		7.1809
v 154.2972 		-50.259 		0.673
v 88.7502 		-53.344 		7.163
v 154.4732 		-50.255 		0.673
v 161.2582 		-48.615 		7.178
v 154.6322 		-50.181 		0.673
v 158.7682 		-46.949 		7.1809
v 158.7682 		-46.949 		7.1809
v 154.6322 		-50.18 		0.04
v 160.7312 		-47.049 		7.181
v 150.4282 		-44.106 		0.052
v 154.2972 		-50.258 		0.039
v 150.6362 		-44.129 		0.052
v 89.3102 		-54.203 		7.162
v 158.7682 		-46.949 		7.1809
v 88.3102 		-54.186 		7.162
v 88.7352 		-54.193 		7.162
v 161.7022 		-47.589 		7.1794
v 157.4052 		-46.973 		7.181
v 161.7022 		-47.589 		7.1794
v 161.7022 		-47.589 		7.1794
v 151.0832 		-43.784 		0.053
v 87.7352 		-54.176 		7.162
v 158.8412 		-47.031 		6.289
v 158.7692 		-46.956 		5.398
v 157.4952 		-48.338 		5.015
v 157.5252 		-47.881 		5.015
v 157.4952 		-47.423 		5.015
v 157.4052 		-46.973 		5.015
v 156.2442 		-48.7253 		5.015
v 153.2712 		-50.205 		0.673
v 156.3822 		-48.1622 		5.015
v 153.4332 		-50.273 		0.672
v 156.3462 		-48.3923 		5.015
v 153.9532 		-50.289 		0.672
v 159.5212 		-50.756 		7.173
v 156.4042 		-47.8152 		5.015
v 156.4066 		-47.6993 		5.015
v 153.6092 		-50.271 		0.672
v 156.4002 		-48.0473 		5.015
v 87.3112 		-54.169 		7.162
v 156.3785 		-47.4686 		5.015
v 160.8132 		-48.819 		7.178
v 150.4782 		-44.143 		0.944
v 153.6092 		-50.27 		0.039
v 153.9532 		-50.288 		0.039
v 159.9052 		-48.983 		7.177
v 156.3035 		-47.1286 		5.015
v 86.7362 		-54.159 		7.162
v 156.2736 		-47.0163 		5.015
v 160.3592 		-48.952 		7.177
v 86.3112 		-54.151 		7.162
v 156.3642 		-47.3533 		5.015
v 156.1829 		-46.8023 		5.015
v 153.2712 		-50.204 		0.04
v 158.5702 		-49.438 		7.176
v 86.0222 		-53.297 		7.164
v 150.5592 		-44.156 		0.052
v 158.7352 		-48.889 		7.177
v 150.4972 		-44.15 		0.052
v 156.7462 		-54.3 		0.0311
v 156.7462 		-54.3 		0.0311
v 158.8102 		-48.807 		7.177
v 161.4942 		-47.435 		3.613
v 161.2812 		-47.302 		3.613
v 150.5992 		-44.149 		0.944
v 158.9112 		-48.793 		7.177
v 156.7462 		-54.3 		0.0311
v 156.7462 		-54.3 		0.0311
v 86.3252 		-53.302 		7.163
v 157.3145 		-49.0558 		7.1765
v 160.3942 		-46.934 		3.614
v 156.7462 		-54.3 		0.0312
v 156.7462 		-54.3 		0.0312
v 156.7462 		-54.3 		0.0312
v 87.3252 		-53.319 		7.163
v 160.0542 		-46.884 		3.614
v 157.3746 		-48.8784 		7.1771
v 156.7462 		-54.3 		0.0312
v 157.4052 		-48.788 		7.1772
v 148.4242 		-42.879 		3.622
v 86.7502 		-53.309 		7.163
v 156.7632 		-53.715 		3.6
v 156.7322 		-53.486 		3.6
v 97.9552 		-49.707 		0.038
v 159.9422 		-46.88 		0.047
v 98.5442 		-49.597 		0.038
v 161.0642 		-47.177 		0.046
v 99.1392 		-49.535 		0.038
v 161.2582 		-48.6 		0.043
v 147.7502 		-44.146 		0.052
v 148.6672 		-42.912 		0.055
v 147.8712 		-44.361 		0.052
v 99.7382 		-49.521 		0.038
v 147.5932 		-43.803 		0.053
v 148.2992 		-42.858 		0.055
v 87.1892 		-50.996 		0.034
v 147.9212 		-42.832 		0.055
v 155.5312 		-55.129 		0.029
v 156.5522 		-55.15 		0.029
v 154.1282 		-50.31 		0.672
v 155.8222 		-55.373 		0.029
v 153.7792 		-50.316 		0.672
v 158.4412 		-50.156 		7.175
v 158.3572 		-50.044 		7.175
v 154.5132 		-52.808 		7.169
v 158.3622 		-49.962 		7.175
v 149.0182 		-43.003 		0.055
v 154.4482 		-52.756 		7.169
v 153.5612 		-44.405 		7.1869
v 154.4352 		-51.3597 		7.1718
v 154.2409 		-51.3725 		7.1718
v 154.3882 		-52.743 		7.169
v 154.9262 		-44.494 		7.1864
v 154.0192 		-51.387 		7.1718
v 153.8765 		-51.3777 		7.1718
v 154.7842 		-44.4659 		7.1865
v 154.0748 		-51.3834 		7.1718
v 154.0052 		-52.763 		7.169
v 153.2612 		-52.724 		7.169
v 153.5572 		-51.3562 		7.1719
v 153.4462 		-51.334 		7.1719
v 153.3593 		-51.334 		7.1719
v 154.7589 		-44.4609 		7.1865
v 153.5612 		-51.357 		7.1719
v 86.3702 		-52.499 		0.031
v 86.7592 		-51.737 		0.033
v 154.4762 		-44.405 		7.1867
v 154.5661 		-44.4228 		7.1864
v 147.4612 		-43.441 		0.054
v 161.6892 		-48.336 		0.044
v 95.7472 		-50.623 		7.17
v 96.8142 		-50.083 		7.172
v 154.4617 		-51.358 		7.1718
v 96.2702 		-50.331 		7.171
v 160.3942 		-46.927 		0.047
v 161.7022 		-47.573 		0.046
v 154.4762 		-51.357 		7.1718
v 159.3422 		-50.618 		7.174
v 154.9262 		-51.267 		7.172
v 155.2557 		-51.1554 		7.1722
v 153.2922 		-42.83 		4.96
v 153.2202 		-52.727 		6.277
v 142.9742 		-44.2909 		7.186
v 147.4642 		-50.3664 		7.174
v 147.4642 		-50.1813 		7.1744
v 153.3352 		-42.888 		5.406
v 89.3252 		-53.339 		0.03
v 88.7512 		-53.329 		0.03
v 152.3562 		-49.739 		0.674
v 153.3912 		-42.915 		5.406
v 152.2052 		-49.648 		0.674
v 153.3912 		-42.913 		4.291
v 158.3702 		-50.081 		6.283
v 152.3562 		-49.738 		0.04
v 154.5232 		-52.82 		4.493
v 148.4762 		-50.3784 		4.498
v 147.4642 		-50.3608 		4.498
v 154.4292 		-52.744 		4.493
v 154.4842 		-52.774 		5.385
v 160.8442 		-47.075 		0.047
v 89.3322 		-52.989 		0.029
v 148.3593 		-50.4434 		4.498
v 88.7572 		-52.979 		0.029
v 97.3772 		-49.88 		7.172
v 148.2727 		-50.4955 		4.498
v 148.1652 		-50.5899 		4.498
v 148.0865 		-50.6634 		4.498
v 148.004 		-50.7672 		4.498
v 154.4692 		-44.429 		4.498
v 158.4072 		-50.129 		5.391
v 154.4692 		-44.429 		5.015
v 89.3322 		-52.989 		0.03
v 154.0192 		-44.375 		5.015
v 88.7572 		-52.979 		0.03
v 148.0352 		-50.704 		0.038
v 154.9262 		-44.494 		5.015
v 154.4762 		-44.405 		5.015
v 148.4762 		-50.369 		0.039
v 158.7752 		-48.826 		5.394
v 153.4399 		-44.429 		5.015
v 158.3542 		-50.004 		5.614
v 153.5612 		-44.405 		5.015
v 151.6092 		-48.797 		0.675
v 151.4297 		-44.429 		7.1865
v 151.8872 		-49.237 		0.675
v 151.7092 		-48.942 		0.675
v 151.7672 		-49.108 		0.675
v 151.5578 		-44.429 		7.1867
v 96.2702 		-50.316 		0.036
v 97.3782 		-49.865 		0.037
v 151.6232 		-43.395 		7.189
v 87.7512 		-53.311 		0.029
v 152.3608 		-44.429 		7.1861
v 152.4075 		-44.429 		7.1865
v 151.7092 		-48.94 		0.042
v 159.5212 		-50.748 		3.606
v 159.4352 		-50.674 		3.606
v 151.8872 		-49.235 		0.042
v 154.4692 		-51.334 		4.498
v 153.4462 		-51.334 		5.015
v 151.6092 		-43.295 		7.189
v 154.4692 		-51.334 		5.015
v 153.5612 		-51.357 		5.015
v 88.3262 		-53.321 		0.03
v 154.0192 		-51.387 		5.015
v 154.4762 		-51.357 		5.015
v 154.9262 		-51.267 		5.015
v 160.0182 		-48.983 		3.61
v 160.1312 		-48.977 		3.61
v 87.7572 		-52.962 		0.029
v 152.1139 		-51.334 		7.1716
v 151.947 		-51.334 		7.1715
v 151.8014 		-51.334 		7.1717
v 151.2972 		-51.334 		7.1719
v 88.3322 		-52.972 		0.029
v 151.2046 		-51.334 		7.1718
v 160.4732 		-48.916 		3.61
v 151.5422 		-43.51 		7.188
v 151.957 		-44.429 		7.1864
v 88.3322 		-52.972 		0.03
v 148.2452 		-50.508 		0.039
v 158.8102 		-48.802 		4.502
v 152.1691 		-51.334 		7.1717
v 153.1705 		-51.334 		7.1718
v 153.1314 		-51.334 		7.1718
v 87.7572 		-52.962 		0.03
v 153.1752 		-52.752 		7.169
v 152.1271 		-44.429 		7.1862
v 151.5892 		-43.47 		7.188
v 152.1664 		-44.429 		7.1862
v 96.8152 		-50.068 		0.037
v 158.7482 		-48.855 		4.502
v 160.9252 		-48.757 		0.043
v 151.6232 		-43.39 		4.513
v 160.5872 		-48.88 		0.043
v 157.4052 		-48.788 		5.015
v 151.9672 		-49.393 		0.674
v 152.1042 		-49.504 		0.674
v 160.2452 		-48.953 		0.043
v 155.3172 		-49.8885 		5.015
v 155.4146 		-49.8253 		5.015
v 153.1132 		-52.817 		6.277
v 155.5908 		-49.6725 		5.015
v 152.1042 		-49.503 		0.041
v 151.4532 		-52.292 		7.17
v 155.6782 		-49.5964 		5.015
v 151.4702 		-52.191 		7.17
v 155.7543 		-49.5089 		5.015
v 155.9066 		-49.3334 		5.015
v 160.0182 		-48.975 		0.043
v 155.1972 		-45.6883 		5.015
v 155.9697 		-49.2363 		5.015
v 156.0966 		-49.0413 		5.015
v 160.9252 		-48.757 		0.0435
v 155.0938 		-45.6356 		5.015
v 154.8865 		-45.5303 		5.015
v 151.4382 		-52.116 		7.17
v 160.9252 		-48.757 		0.0435
v 156.1953 		-48.8304 		5.015
v 160.9252 		-48.757 		0.0435
v 154.6673 		-45.4544 		5.015
v 157.2582 		-49.222 		7.1762
v 157.2208 		-49.298 		7.1761
v 154.5572 		-45.4163 		5.015
v 154.4692 		-45.3983 		4.498
v 154.356 		-45.3765 		4.498
v 160.9252 		-48.757 		0.0435
v 154.4692 		-45.3994 		5.015
v 157.1375 		-49.4669 		7.1761
v 160.9252 		-48.757 		0.0435
v 160.9252 		-48.757 		0.0435
v 157.0552 		-49.634 		7.1755
v 157.0356 		-49.6633 		7.1755
v 157.057 		-49.6304 		7.1755
v 154.2142 		-45.3492 		4.498
v 159.9062 		-48.968 		0.043
v 156.8002 		-50.015 		7.1748
v 156.5268 		-50.3273 		7.1742
v 152.4762 		-49.868 		0.673
v 153.8662 		-45.3302 		4.498
v 152.9452 		-50.093 		0.673
v 152.6382 		-49.937 		0.673
v 89.3112 		-54.188 		0.027
v 152.7752 		-50.047 		0.673
v 153.0962 		-50.183 		0.673
v 153.662 		-45.3484 		4.498
v 88.7362 		-54.178 		0.027
v 156.4982 		-50.36 		7.1742
v 156.3904 		-50.4544 		7.1742
v 87.7362 		-54.161 		0.027
v 156.1532 		-50.662 		7.1734
v 156.0142 		-50.7551 		7.1732
v 88.3112 		-54.171 		0.027
v 151.4592 		-52.15 		6.278
v 156.2458 		-50.581 		7.1736
v 153.3191 		-45.407 		4.498
v 152.6382 		-49.935 		0.04
v 153.5186 		-45.3612 		4.498
v 152.9452 		-50.092 		0.04
v 153.1182 		-52.806 		4.939
v 95.7472 		-50.608 		0.036
v 152.9879 		-45.5126 		4.498
v 152.8532 		-45.5642 		4.498
v 153.1786 		-45.4392 		4.498
v 159.0812 		-43.16 		7.19
v 87.3262 		-53.304 		0.029
v 152.5482 		-45.7332 		4.498
v 150.9442 		-51.769 		7.171
v 152.4334 		-45.82 		4.498
v 151.4692 		-52.238 		4.94
v 158.2372 		-43.531 		7.189
v 151.4392 		-52.11 		4.495
v 151.4672 		-52.165 		4.494
v 152.2696 		-45.9432 		4.498
v 158.5272 		-43.353 		7.189
v 150.3922 		-51.38 		7.172
v 150.5638 		-51.334 		7.1712
v 156.1532 		-50.662 		5.015
v 150.4289 		-51.334 		7.1721
v 152.1252 		-46.0876 		4.498
v 156.4982 		-50.36 		5.015
v 150.3037 		-51.334 		7.1721
v 156.8002 		-50.015 		5.015
v 157.0552 		-49.634 		5.015
v 157.2582 		-49.222 		5.015
v 151.4392 		-52.112 		5.386
v 151.8999 		-46.3534 		4.498
v 152.0232 		-46.1896 		4.498
v 86.7512 		-53.294 		0.029
v 93.9402 		-52.163 		0.032
v 94.3432 		-51.721 		0.033
v 151.714 		-46.6473 		4.498
v 94.7802 		-51.312 		0.034
v 151.8132 		-46.4682 		4.498
v 150.1424 		-51.334 		7.1713
v 95.2492 		-50.94 		0.035
v 150.3002 		-51.424 		7.171
v 154.5432 		-52.884 		7.169
v 154.6702 		-53.888 		7.166
v 154.7182 		-54.05 		7.166
v 154.9022 		-54.41 		7.165
v 158.7172 		-46.729 		0.047
v 154.6962 		-42.86 		3.623
v 157.5192 		-44.245 		7.187
v 87.3322 		-52.954 		0.029
v 87.3322 		-52.954 		0.03
v 94.7802 		-51.327 		7.169
v 95.2492 		-50.955 		7.17
v 157.4482 		-44.286 		7.187
v 157.3102 		-44.26 		7.187
v 86.7572 		-52.944 		0.029
v 94.3422 		-51.736 		7.168
v 150.5092 		-51.409 		7.171
v 157.3462 		-44.278 		6.295
v 155.1852 		-54.793 		7.164
v 150.582 		-51.334 		7.1712
v 158.8412 		-47.018 		0.047
v 153.2922 		-42.826 		3.177
v 153.3212 		-42.867 		2.731
v 158.9412 		-47.036 		0.047
v 93.9392 		-52.178 		7.167
v 86.7572 		-52.944 		0.03
v 153.3912 		-42.909 		2.731
v 153.3532 		-42.895 		3.622
v 158.7812 		-46.962 		0.047
v 86.3262 		-53.287 		0.029
v 86.0232 		-53.281 		0.029
v 91.2252 		-46.615 		0.044
v 91.9282 		-46.125 		0.045
v 86.3322 		-52.937 		0.029
v 86.3322 		-52.937 		0.03
v 92.6562 		-45.675 		0.046
v 93.4082 		-45.264 		0.047
v 153.1012 		-52.859 		7.169
v 156.3812 		-43.553 		7.189
v 154.6712 		-42.885 		0.055
v 154.7192 		-42.795 		0.055
v 152.8102 		-54.172 		7.166
v 155.3602 		-44.642 		7.1862
v 154.5592 		-42.93 		0.055
v 152.6242 		-54.468 		7.165
v 87.3112 		-54.153 		0.027
v 156.8762 		-43.9 		7.188
v 152.9402 		-53.858 		7.166
v 91.2252 		-46.63 		7.179
v 93.4072 		-45.28 		7.182
v 92.6562 		-45.69 		7.181
v 91.9282 		-46.141 		7.18
v 149.5822 		-52.138 		7.17
v 149.2922 		-52.316 		7.169
v 156.3672 		-43.377 		7.189
v 158.7752 		-46.956 		1.384
v 86.7362 		-54.143 		0.027
v 86.3112 		-54.136 		0.027
v 156.3522 		-43.414 		6.297
v 158.8412 		-47.021 		1.83
v 118.3672 		-49.862 		7.195
v 118.4712 		-43.879 		7.217
v 138.4682 		-44.227 		7.217
v 138.3642 		-50.21 		7.196
v 137.7211 		-44.2152 		7.217
v 137.7203 		-44.207 		9.442
v 137.7212 		-44.2154 		7.217
v 137.8022 		-45.038 		9.442
v 137.8022 		-45.038 		7.2141
v 132.3617 		-50.1131 		9.513
v 132.5032 		-48.894 		9.513
v 132.4993 		-44.1156 		9.442
v 132.4998 		-44.1207 		8.0714
v 156.3932 		-43.568 		6.297
v 132.6392 		-45.546 		9.442
v 132.5001 		-44.1238 		7.217
v 132.6392 		-45.546 		7.212
v 137.5932 		-49.484 		9.513
v 137.5102 		-50.2034 		9.513
v 137.5397 		-49.9476 		7.1969
v 137.5932 		-49.484 		7.1985
v 152.3932 		-54.744 		7.164
v 135.2179 		-49.2087 		7.1993
v 90.5502 		-47.157 		7.178
v 132.8949 		-45.5209 		7.2121
v 158.8792 		-47.034 		0.938
v 156.3472 		-43.455 		6.297
v 133.3541 		-44.1388 		7.217
v 132.5647 		-48.3643 		7.2021
v 154.5992 		-42.928 		1.393
v 132.5032 		-48.894 		7.2002
v 132.3626 		-50.1056 		7.1957
v 132.9719 		-48.9483 		7.2
v 137.5111 		-50.1952 		7.196
v 156.3812 		-43.549 		5.405
v 89.9052 		-47.72 		7.176
v 132.3626 		-50.1056 		7.195
v 137.5111 		-50.1952 		7.195
v 153.3072 		-42.846 		0.055
v 153.2762 		-42.77 		0.055
v 150.3522 		-51.387 		5.388
v 153.3532 		-42.887 		0.055
v 152.1312 		-55.003 		7.164
v 151.7362 		-55.317 		7.163
v 155.3602 		-44.642 		5.015
v 158.4272 		-45.822 		7.184
v 158.4562 		-45.725 		7.184
v 159.7532 		-51.014 		7.173
v 156.4072 		-47.69 		0.678
v 153.4322 		-42.91 		0.055
v 158.5192 		-45.672 		7.184
v 156.2962 		-47.182 		0.679
v 153.9962 		-42.894 		0.055
v 150.4332 		-51.376 		5.388
v 156.3642 		-47.344 		0.679
v 156.3622 		-47.52 		0.678
v 154.4662 		-52.759 		3.601
v 154.4662 		-52.757 		2.71
v 159.8992 		-52.822 		7.169
v 160.0162 		-51.412 		7.172
v 154.5332 		-52.836 		3.601
v 153.2972 		-42.832 		1.839
v 160.3582 		-52.213 		7.17
v 153.3912 		-42.908 		1.839
v 89.9062 		-47.705 		0.042
v 90.5512 		-47.142 		0.043
v 148.7965 		-51.334 		7.1716
v 148.9522 		-51.334 		7.1715
v 158.6762 		-46.567 		7.182
v 148.6042 		-51.334 		7.1713
v 156.2962 		-47.18 		0.046
v 148.3165 		-51.334 		7.1711
v 148.0498 		-51.334 		7.1714
v 156.3622 		-47.518 		0.045
v 147.3132 		-51.986 		7.17
v 147.7502 		-52.611 		7.169
v 148.3772 		-52.573 		7.169
v 147.5062 		-51.52 		7.171
v 147.8486 		-51.334 		7.1715
v 147.611 		-51.334 		7.1714
v 147.9145 		-51.334 		7.1715
v 148.7382 		-52.509 		7.169
v 153.2402 		-52.716 		3.602
v 87.6592 		-50.296 		7.171
v 88.1672 		-49.607 		7.172
v 88.7122 		-48.947 		7.174
v 89.2922 		-48.317 		7.175
v 158.5042 		-46.052 		7.183
v 151.6232 		-43.386 		2.73
v 151.5892 		-43.462 		3.621
v 151.6252 		-43.347 		3.621
v 154.4662 		-52.752 		0.034
v 160.0762 		-51.502 		0.037
v 159.8912 		-51.191 		0.038
v 159.6012 		-50.823 		0.039
v 156.1842 		-46.856 		0.68
v 154.5132 		-52.792 		0.034
v 160.3592 		-52.198 		0.036
v 156.2742 		-47.007 		0.68
v 151.5892 		-43.46 		2.729
v 156.0832 		-40.352 		7.195
v 156.9702 		-41.456 		7.193
v 156.9232 		-41.091 		7.194
v 149.0753 		-51.334 		7.1718
v 158.4272 		-45.819 		5.4
v 89.2922 		-48.302 		0.04
v 156.8052 		-40.601 		7.195
v 88.1672 		-49.592 		0.037
v 158.4562 		-45.721 		5.4
v 154.5332 		-52.832 		1.818
v 154.4292 		-52.738 		1.595
v 154.4662 		-52.754 		0.926
v 151.6232 		-43.38 		0.054
v 151.6092 		-43.279 		0.054
v 156.1842 		-46.855 		0.047
v 158.4462 		-45.737 		4.508
v 155.2702 		-41.108 		7.194
v 156.1842 		-46.855 		0.047
v 88.7122 		-48.932 		0.039
v 155.5992 		-40.751 		7.194
v 156.1842 		-46.855 		0.047
v 156.1842 		-46.855 		0.047
v 151.5892 		-43.454 		0.054
v 147.8584 		-50.9297 		4.498
v 147.7721 		-51.0517 		4.498
v 147.699 		-51.166 		4.498
v 153.5432 		-52.727 		0.034
v 87.6592 		-50.281 		0.036
v 147.6043 		-51.334 		4.498
v 156.3462 		-48.383 		0.677
v 156.3502 		-48.207 		0.677
v 156.4002 		-48.038 		0.677
v 156.3802 		-47.864 		0.678
v 159.8992 		-52.807 		0.034
v 159.6452 		-52.794 		0.034
v 156.0172 		-46.496 		5.015
v 155.9576 		-46.3963 		5.015
v 156.1372 		-46.6953 		5.015
v 150.8962 		-54.578 		7.165
v 155.8116 		-46.2157 		5.015
v 156.2442 		-48.716 		0.676
v 150.9642 		-53.179 		7.168
v 155.7382 		-46.1257 		5.015
v 93.5742 		-52.652 		7.166
v 150.8932 		-53.393 		7.167
v 150.8372 		-53.853 		7.166
v 155.6532 		-46.0463 		5.015
v 155.4832 		-45.8883 		5.015
v 156.2722 		-48.542 		0.676
v 153.2412 		-52.711 		0.926
v 155.2926 		-45.7551 		5.015
v 155.5057 		-44.7137 		7.1861
v 155.6891 		-44.804 		7.1861
v 157.1466 		-46.313 		7.1829
v 153.2402 		-52.712 		1.818
v 156.2722 		-48.541 		0.043
v 156.3502 		-48.205 		0.044
v 153.1182 		-52.802 		3.155
v 155.7722 		-44.845 		7.186
v 155.9071 		-44.9349 		7.1857
v 156.3802 		-47.862 		0.045
v 156.8552 		-42.491 		7.191
v 156.9262 		-42.277 		7.191
v 156.9742 		-41.933 		7.192
v 151.6112 		-43.421 		0.946
v 153.2102 		-52.722 		2.487
v 156.4131 		-45.3272 		7.1847
v 156.4514 		-45.3609 		7.1847
v 151.0142 		-55.069 		7.164
v 156.9373 		-45.9513 		7.1834
v 156.9629 		-45.9897 		7.1835
v 92.8972 		-53.409 		7.164
v 92.9682 		-53.387 		7.164
v 93.0352 		-53.356 		7.164
v 151.5762 		-43.474 		1.837
v 151.4702 		-52.184 		3.603
v 93.1552 		-53.269 		7.165
v 149.1892 		-52.358 		3.602
v 93.2472 		-53.153 		7.165
v 156.8002 		-45.746 		7.1839
v 160.2762 		-51.965 		3.603
v 156.4982 		-45.402 		7.1846
v 151.6112 		-43.423 		1.838
v 151.4262 		-52.092 		3.603
v 159.9572 		-51.298 		3.605
v 159.6812 		-50.914 		3.606
v 157.0621 		-46.142 		7.1829
v 150.3722 		-51.379 		4.05
v 157.2742 		-46.5862 		7.1819
v 157.2582 		-46.539 		7.182
v 151.6252 		-43.343 		1.838
v 157.1947 		-46.4105 		7.1824
v 150.3332 		-51.389 		2.712
v 153.1822 		-52.729 		0.034
v 157.0552 		-46.128 		7.1829
v 150.4732 		-51.38 		2.712
v 157.3222 		-51.504 		7.172
v 157.3922 		-51.548 		7.172
v 153.1342 		-52.768 		0.034
v 156.2633 		-45.1957 		7.1847
v 92.6962 		-53.417 		7.163
v 92.6692 		-53.412 		7.164
v 92.6692 		-53.412 		7.163
v 92.7502 		-53.422 		7.164
v 153.1012 		-52.844 		0.034
v 150.9442 		-51.754 		0.036
v 150.4722 		-51.379 		0.037
v 92.3252 		-53.406 		7.163
v 150.3722 		-51.368 		0.037
v 156.1532 		-45.099 		7.185
v 156.0747 		-45.0467 		7.1851
v 153.1642 		-52.743 		1.818
v 157.3222 		-51.504 		7.172
v 157.3222 		-51.504 		7.172
v 157.3922 		-51.548 		7.1719
v 157.3922 		-51.548 		7.1719
v 151.4102 		-52.072 		0.035
v 157.3222 		-51.504 		7.172
v 157.3222 		-51.504 		7.172
v 157.2582 		-46.539 		5.015
v 157.3222 		-51.504 		7.172
v 157.3922 		-51.548 		7.1719
v 151.4702 		-52.176 		0.035
v 157.0552 		-46.128 		5.015
v 156.8002 		-45.746 		5.015
v 156.4982 		-45.402 		5.015
v 154.7142 		-45.486 		0.683
v 155.0312 		-45.621 		0.682
v 156.1532 		-45.099 		5.015
v 154.8872 		-45.521 		0.683
v 154.3812 		-45.397 		0.683
v 155.7722 		-44.845 		5.015
v 154.5572 		-45.407 		0.683
v 150.3012 		-51.409 		0.037
v 157.3922 		-51.548 		7.1717
v 155.1972 		-45.679 		0.682
v 150.3012 		-51.409 		0.0371
v 158.7362 		-48.868 		2.718
v 150.3012 		-51.409 		0.0371
v 150.3012 		-51.409 		0.0371
v 155.0312 		-45.62 		0.049
v 151.4532 		-52.277 		0.035
v 158.7362 		-48.87 		3.61
v 154.3812 		-45.396 		0.05
v 154.7142 		-45.485 		0.05
v 157.3462 		-44.27 		2.728
v 157.4862 		-44.261 		2.728
v 92.7232 		-53.42 		7.163
v 150.3012 		-51.409 		0.0371
v 158.6312 		-43.296 		3.622
v 150.3012 		-51.409 		0.0371
v 158.3262 		-43.455 		3.622
v 92.7502 		-53.422 		7.163
v 150.3012 		-51.409 		0.0371
v 151.4682 		-52.242 		1.819
v 151.4392 		-52.105 		1.819
v 151.4672 		-52.16 		1.819
v 151.4592 		-52.138 		0.927
v 158.7912 		-48.807 		2.718
v 157.4482 		-44.277 		2.728
v 158.8402 		-48.787 		1.827
v 158.7482 		-48.849 		1.826
v 159.3202 		-43.105 		3.622
v 154.7382 		-54.088 		0.031
v 154.6702 		-53.873 		0.032
v 158.9662 		-43.184 		3.622
v 158.3682 		-52.473 		7.17
v 158.0852 		-52.286 		7.17
v 155.1862 		-54.777 		0.03
v 150.4742 		-51.376 		0.929
v 92.3102 		-54.256 		7.162
v 158.2372 		-43.516 		0.054
v 92.7352 		-54.263 		7.162
v 158.6882 		-52.615 		7.169
v 159.0342 		-52.714 		7.169
v 158.6312 		-43.288 		0.055
v 159.0822 		-43.144 		0.055
v 150.4542 		-51.37 		1.821
v 154.5442 		-52.869 		0.034
v 150.4132 		-51.366 		1.821
v 158.9112 		-48.778 		0.043
v 154.9022 		-54.394 		0.031
v 158.5112 		-49.594 		0.041
v 150.3532 		-51.379 		1.821
v 157.4482 		-44.271 		0.052
v 149.2932 		-52.3 		0.035
v 153.2533 		-45.4163 		1.7389
v 158.8102 		-48.792 		0.043
v 153.2317 		-45.4209 		1.6044
v 153.4236 		-45.3758 		1.1094
v 157.3102 		-44.245 		0.052
v 153.2523 		-45.4152 		1.1099
v 149.5832 		-52.123 		0.035
v 93.1652 		-53.255 		4.786
v 158.7362 		-48.862 		0.043
v 157.5192 		-44.23 		0.053
v 157.3412 		-51.507 		4.496
v 152.9402 		-53.843 		0.032
v 152.8102 		-54.157 		0.031
v 91.3252 		-53.389 		7.163
v 153.2502 		-45.407 		1.11
v 152.4752 		-54.64 		0.03
v 157.3272 		-44.261 		1.836
v 148.8532 		-52.463 		0.035
v 148.5002 		-52.542 		0.034
v 147.8152 		-50.981 		0.038
v 147.6202 		-51.286 		0.037
v 157.4372 		-44.274 		1.836
v 147.7512 		-52.596 		0.034
v 147.3132 		-51.971 		0.035
v 158.7602 		-48.83 		0.935
v 148.0052 		-52.592 		0.034
v 158.7912 		-48.803 		0.935
v 91.7502 		-53.396 		7.163
v 158.7362 		-48.864 		0.935
v 157.2612 		-51.498 		7.172
v 154.0392 		-45.355 		0.683
v 90.7502 		-53.379 		7.163
v 154.2142 		-45.341 		0.683
v 153.8662 		-45.322 		0.683
v 154.0392 		-45.354 		0.05
v 156.3772 		-43.536 		3.844
v 155.8562 		-50.8608 		7.1732
v 156.3942 		-43.559 		2.283
v 155.3602 		-51.12 		7.1722
v 155.4298 		-51.0857 		7.1722
v 155.4615 		-51.0701 		7.1722
v 152.6902 		-54.363 		3.598
v 155.6331 		-50.9856 		7.1728
v 156.8762 		-43.885 		0.053
v 158.3602 		-49.988 		0.04
v 155.7722 		-50.917 		7.173
v 153.6942 		-45.361 		0.683
v 153.3542 		-45.415 		0.683
v 156.3672 		-43.362 		0.054
v 156.3612 		-43.502 		0.054
v 159.3432 		-50.603 		0.039
v 153.5192 		-45.353 		0.683
v 153.3542 		-45.414 		0.05
v 153.6952 		-45.36 		0.05
v 158.3802 		-50.086 		0.04
v 155.5092 		-40.828 		3.627
v 155.3442 		-41.007 		3.627
v 152.2212 		-54.903 		0.029
v 157.2202 		-51.505 		6.28
v 151.7362 		-55.302 		0.029
v 90.3252 		-53.371 		7.163
v 89.7502 		-53.361 		7.163
v 151.1322 		-40.99 		7.194
v 156.8972 		-42.379 		3.624
v 151.1522 		-42.391 		7.191
v 151.0882 		-42.175 		7.191
v 156.9272 		-42.269 		3.624
v 156.7372 		-51.87 		7.171
v 151.0522 		-41.83 		7.192
v 156.9662 		-42.042 		3.624
v 156.2102 		-52.375 		7.17
v 156.2092 		-52.234 		7.17
v 156.9802 		-41.569 		3.625
v 156.4102 		-43.567 		0.054
v 90.3102 		-54.221 		7.162
v 90.7352 		-54.228 		7.162
v 89.7352 		-54.211 		7.162
v 148.8532 		-52.47 		3.602
v 156.3502 		-43.464 		0.946
v 156.0842 		-40.337 		0.061
v 91.7352 		-54.246 		7.162
v 152.9597 		-45.5185 		2.2447
v 91.3102 		-54.238 		7.162
v 158.4412 		-50.141 		0.04
v 151.1522 		-42.376 		0.056
v 151.1102 		-41.096 		0.059
v 156.8052 		-40.585 		0.06
v 156.9422 		-41.198 		0.059
v 156.2602 		-52.171 		7.17
v 158.4272 		-45.813 		2.725
v 151.0542 		-41.578 		0.058
v 155.2702 		-41.092 		0.059
v 151.0722 		-42.046 		0.057
v 150.9642 		-53.163 		0.033
v 150.8732 		-53.491 		0.032
v 150.8392 		-53.958 		0.031
v 158.4842 		-45.685 		2.725
v 150.8602 		-54.319 		0.031
v 158.4282 		-45.836 		3.616
v 152.6802 		-45.6559 		2.5433
v 152.4192 		-45.8269 		2.7505
v 152.3395 		-45.8861 		2.3029
v 156.1962 		-52.272 		6.278
v 152.1994 		-46.0096 		2.5466
v 151.1332 		-40.983 		3.626
v 150.9222 		-54.685 		0.03
v 152.182 		-46.0273 		2.7048
v 152.1404 		-46.0684 		2.4601
v 150.8542 		-53.612 		3.599
v 158.5192 		-45.657 		0.05
v 155.5992 		-40.736 		0.06
v 151.0882 		-41.225 		3.626
v 156.1492 		-48.864 		0.676
v 155.9822 		-49.165 		0.675
v 151.9413 		-46.2939 		2.2749
v 151.9668 		-46.2605 		2.4278
v 151.0482 		-41.705 		3.625
v 156.1952 		-52.309 		4.494
v 151.0882 		-42.167 		3.624
v 151.9718 		-46.2539 		2.4562
v 150.8372 		-53.846 		3.599
v 156.0972 		-49.032 		0.675
v 150.8962 		-54.57 		3.597
v 158.4272 		-45.807 		0.049
v 149.7342 		-43.383 		7.189
v 158.5702 		-46.206 		0.048
v 153.0252 		-45.516 		0.683
v 149.1312 		-43.054 		7.189
v 155.9822 		-49.164 		0.042
v 153.1792 		-45.431 		0.683
v 149.4512 		-43.196 		7.189
v 157.2202 		-51.503 		5.388
v 156.1492 		-48.863 		0.043
v 152.8532 		-45.556 		0.682
v 157.2402 		-51.494 		4.496
v 152.7122 		-45.662 		0.682
v 151.0152 		-55.053 		0.029
v 152.7122 		-45.66 		0.049
v 158.4462 		-45.728 		0.049
v 153.0252 		-45.515 		0.05
v 135.8635 		-50.1497 		0.0386
v 135.9035 		-47.8498 		0.0436
v 135.9677 		-44.1538 		0.0516
v 138.3646 		-50.1912 		7.1737
v 138.3963 		-48.3646 		7.1777
v 156.2312 		-52.194 		4.495
v 138.3642 		-50.2082 		7.1737
v 137.5111 		-50.1951 		7.1737
v 158.4282 		-45.83 		0.941
v 150.4972 		-44.165 		7.187
v 150.6477 		-44.429 		7.1864
v 150.5792 		-44.169 		7.187
v 156.2092 		-52.231 		5.386
v 156.8562 		-42.475 		0.056
v 158.4282 		-45.832 		1.833
v 138.4682 		-44.2269 		7.186
v 150.7184 		-44.429 		7.1864
v 135.9671 		-44.1834 		7.186
v 150.4272 		-44.122 		7.187
v 135.9674 		-44.1692 		7.186
v 156.9812 		-41.681 		0.058
v 156.9462 		-42.148 		0.057
v 135.9676 		-44.1595 		2.6561
v 150.4272 		-44.122 		7.187
v 150.4272 		-44.122 		7.187
v 135.9675 		-44.1654 		5.2959
v 138.3644 		-50.2059 		6.0778
v 155.9072 		-49.324 		0.675
v 137.5092 		-50.212 		7.099
v 137.5112 		-50.1948 		7.099
v 134.7822 		-50.1473 		7.099
v 157.2812 		-51.493 		5.388
v 153.1418 		-45.447 		1.4303
v 152.8532 		-45.558 		1.5935
v 155.5312 		-49.684 		0.674
v 150.4272 		-44.122 		7.187
v 155.3602 		-51.12 		5.015
v 153.1578 		-45.4401 		1.1099
v 135.8631 		-50.1625 		6.1096
v 152.9598 		-45.5161 		1.1098
v 152.8532 		-45.5569 		1.1095
v 155.7722 		-50.917 		5.015
v 155.7742 		-49.44 		0.674
v 150.7645 		-44.429 		7.1865
v 155.6782 		-49.587 		0.674
v 151.0822 		-43.8 		7.188
v 135.8633 		-50.1553 		2.6945
v 156.6682 		-53.278 		7.168
v 150.8261 		-44.429 		7.1864
v 156.7672 		-53.839 		7.167
v 153.1791 		-45.4322 		1.2606
v 155.7742 		-49.439 		0.041
v 153.1791 		-45.4319 		1.11
v 156.7462 		-54.316 		7.166
v 135.9677 		-44.1575 		0.086
v 135.8636 		-50.1405 		0.064
v 135.8635 		-50.1437 		0.9561
v 156.6872 		-54.679 		7.165
v 155.5312 		-49.682 		0.041
v 132.3626 		-50.1052 		7.099
v 132.3607 		-50.1217 		7.099
v 133.0863 		-50.1178 		7.099
v 93.5742 		-52.637 		0.031
v 155.0102 		-41.497 		7.193
v 120.9989 		-47.5817 		0.0436
v 120.9587 		-49.8905 		0.0386
v 154.8792 		-41.811 		7.192
v 121.0629 		-43.8943 		0.0516
v 118.4712 		-43.8789 		7.186
v 118.4156 		-47.0792 		7.179
v 152.9542 		-45.502 		1.11
v 121.0622 		-43.924 		7.186
v 121.0624 		-43.9099 		7.186
v 152.6824 		-45.6516 		1.1087
v 121.0626 		-43.9019 		3.5802
v 121.0627 		-43.9 		2.6491
v 121.0625 		-43.9055 		5.3
v 155.5942 		-46.015 		0.682
v 155.3272 		-45.798 		0.682
v 120.4747 		-49.8959 		6.4435
v 120.9581 		-49.9043 		6.4375
v 120.9585 		-49.8965 		2.7052
v 120.9582 		-49.9029 		5.7567
v 120.9589 		-49.8811 		0.064
v 121.0629 		-43.8981 		0.086
v 155.3272 		-45.797 		0.049
v 120.9581 		-49.9037 		6.2711
v 120.9582 		-49.9018 		5.7563
v 121.0624 		-43.9108 		3.5834
v 155.4152 		-49.816 		0.674
v 153.1502 		-41.781 		7.192
v 153.0312 		-41.462 		7.193
v 155.5942 		-46.014 		0.049
v 152.7842 		-41.064 		7.194
v 155.5312 		-55.144 		7.164
v 155.8222 		-55.388 		7.163
v 156.5522 		-55.165 		7.164
v 152.6732 		-45.635 		1.109
v 118.3672 		-49.8608 		7.173
v 118.3673 		-49.8594 		6.4698
v 158.2672 		-52.412 		3.602
v 158.4702 		-52.52 		3.602
v 152.4232 		-45.849 		0.682
v 150.5992 		-44.159 		5.403
v 152.2702 		-45.935 		0.682
v 152.5482 		-45.725 		0.682
v 150.4972 		-44.162 		5.403
v 157.3602 		-51.514 		3.604
v 152.4232 		-45.848 		0.049
v 157.3112 		-51.495 		2.712
v 92.8042 		-53.414 		3.597
v 150.5592 		-44.165 		4.511
v 93.1652 		-53.25 		2.408
v 152.5482 		-45.7274 		1.8021
v 159.1522 		-52.734 		3.602
v 152.5482 		-45.7259 		1.1084
v 93.0592 		-53.333 		2.408
v 151.4208 		-47.9897 		4.498
v 151.4286 		-48.1332 		4.498
v 150.6192 		-44.15 		4.511
v 92.9362 		-53.388 		2.408
v 151.4558 		-48.2746 		4.498
v 151.4952 		-48.4756 		4.498
v 151.5422 		-48.6112 		4.498
v 152.4238 		-45.8199 		1.1077
v 152.2884 		-45.9222 		1.1067
v 93.2472 		-53.138 		0.03
v 158.0852 		-52.271 		0.035
v 151.9972 		-40.281 		7.195
v 93.0862 		-53.31 		0.03
v 151.2672 		-40.504 		7.195
v 159.1532 		-52.727 		0.034
v 151.6442 		-46.7732 		4.498
v 152.27 		-45.9376 		1.9039
v 151.5708 		-46.9641 		4.498
v 152.2701 		-45.9359 		1.1066
v 151.5192 		-47.0982 		4.498
v 151.4728 		-47.298 		4.498
v 151.423 		-47.6421 		4.498
v 151.4102 		-47.7852 		4.498
v 151.4406 		-47.4382 		4.498
v 92.7502 		-53.407 		0.03
v 153.2349 		-50.2283 		4.498
v 153.4332 		-50.2812 		4.498
v 152.4112 		-45.803 		1.108
v 153.7792 		-50.3242 		4.498
v 92.3252 		-53.391 		0.03
v 154.3306 		-50.2859 		4.498
v 154.4692 		-50.2638 		4.498
v 154.4692 		-50.2649 		5.015
v 154.4725 		-50.2644 		5.015
v 154.1282 		-50.3182 		4.498
v 92.7562 		-53.049 		0.03
v 92.7562 		-53.049 		0.029
v 92.3312 		-53.041 		0.03
v 152.2541 		-45.952 		1.1064
v 157.3922 		-51.532 		0.037
v 92.3312 		-53.041 		0.029
v 154.6956 		-50.1962 		5.015
v 158.8022 		-52.636 		0.035
v 152.4682 		-40.697 		7.194
v 92.7352 		-54.248 		0.027
v 92.3102 		-54.24 		0.027
v 151.9372 		-46.335 		0.681
v 152.1632 		-46.075 		0.681
v 151.7492 		-46.624 		0.68
v 151.7492 		-46.623 		0.047
v 152.1632 		-46.074 		0.048
v 151.9372 		-46.334 		0.048
v 155.0102 		-41.482 		0.058
v 154.8802 		-41.796 		0.058
v 156.1972 		-52.328 		3.602
v 152.1879 		-46.0182 		1.1057
v 155.1952 		-41.193 		3.626
v 152.1742 		-46.004 		1.106
v 155.0642 		-41.388 		3.626
v 157.2012 		-51.506 		3.604
v 154.9552 		-41.591 		3.625
v 154.9112 		-41.695 		3.625
v 156.2442 		-52.176 		3.603
v 151.1932 		-40.74 		3.627
v 153.1222 		-41.664 		3.625
v 153.0822 		-41.558 		3.625
v 152.8562 		-41.152 		3.626
v 153.0312 		-41.447 		0.058
v 151.2682 		-40.489 		0.06
v 152.7852 		-41.049 		0.059
v 151.9982 		-40.266 		0.061
v 152.4682 		-40.681 		0.06
v 151.1932 		-40.732 		0.06
# 1236 vertices

g group_5_6383466

usemtl color_6383466
s 0

f 6929 	8122 	7348
f 8122 	8114 	7348
f 6924 	6929 	8000
f 7348 	8000 	6929
f 6938 	7297 	6936
f 6922 	6926 	6944
f 6943 	6936 	7297
f 6940 	6943 	7297
f 8138 	6923 	6950
f 6941 	6940 	7297
f 7048 	6951 	6947
f 6958 	7052 	6937
f 6962 	6957 	6960
f 6949 	6948 	7297
f 6961 	6956 	6954
f 6961 	6954 	6959
f 7297 	6953 	6949
f 6928 	6934 	6952
f 6952 	6934 	7091
f 6962 	6963 	6957
f 6948 	6941 	7297
f 6968 	6933 	6969
f 7013 	6967 	6965
f 6933 	7045 	6969
f 6944 	6926 	6950
f 8136 	8138 	6926
f 6955 	6953 	7297
f 6964 	6944 	6950
f 6950 	6926 	8138
f 6945 	6954 	6956
f 6946 	6947 	6930
f 6966 	7297 	6970
f 6955 	7297 	6966
f 6961 	6959 	6939
f 6977 	6978 	6921
f 6967 	6942 	6965
f 6930 	6919 	6946
f 6947 	6951 	6931
f 8040 	8038 	6951
f 7307 	7308 	6970
f 6939 	6942 	6961
f 6968 	6969 	7001
f 8118 	6945 	6956
f 6967 	6961 	6942
f 7002 	6968 	7001
f 6968 	7006 	6937
f 7002 	7003 	6968
f 7004 	7005 	6968
f 6973 	6979 	6957
f 6973 	6957 	6963
f 7005 	7973 	6968
f 7006 	6968 	7951
f 7954 	7951 	6968
f 6968 	7948 	7954
f 7003 	7004 	6968
f 6984 	6985 	6987
f 6988 	6984 	6987
f 6971 	6919 	6918
f 6971 	6946 	6919
f 6989 	6984 	6988
f 6985 	6984 	7000
f 6947 	6931 	6930
f 6989 	6995 	6984
f 6985 	6983 	6987
f 7257 	6991 	7264
f 6969 	7045 	7001
f 6918 	6994 	6971
f 6993 	6985 	7000
f 7000 	6984 	6995
f 7006 	7007 	6958
f 6937 	7006 	6958
f 6974 	8096 	7008
f 7974 	7973 	7005
f 6983 	7008 	8096
f 6983 	6921 	7008
f 6978 	7008 	6921
f 7008 	7040 	6974
f 8096 	8098 	6983
f 8098 	6987 	6983
f 6988 	8102 	7030
f 7013 	6965 	7014
f 6918 	7011 	6994
f 6987 	8101 	6988
f 7014 	6965 	7044
f 6921 	6964 	7018
f 6988 	8104 	8102
f 7022 	7023 	7021
f 7024 	7025 	7021
f 6982 	6981 	7013
f 7023 	7024 	7021
f 7018 	6964 	6950
f 6999 	7027 	7028
f 6992 	7017 	7016
f 6989 	6988 	7030
f 6997 	7017 	6992
f 7029 	7015 	7475
f 6996 	7017 	6997
f 6999 	7028 	7484
f 7009 	7017 	6996
f 7033 	7031 	7032
f 7034 	7028 	7027
f 7010 	7009 	6996
f 7005 	7045 	7974
f 7004 	7045 	7005
f 6921 	7018 	6977
f 7031 	7033 	7035
f 7035 	7036 	7031
f 7019 	7022 	7446
f 7656 	7013 	7020
f 7527 	6992 	7016
f 6942 	7044 	6965
f 7013 	7014 	6982
f 7020 	7645 	7656
f 6981 	6986 	7020
f 7032 	7030 	7033
f 7010 	6996 	6998
f 7020 	7013 	6981
f 7011 	7010 	6998
f 7002 	7045 	7003
f 7001 	7045 	7002
f 6945 	7037 	6954
f 7034 	7484 	7028
f 6998 	6994 	7011
f 7051 	7012 	7038
f 7032 	6989 	7030
f 6950 	7015 	7040
f 7029 	7040 	7015
f 6959 	7039 	6939
f 7019 	7090 	7022
f 7029 	6976 	7040
f 6974 	7040 	6976
f 7039 	6959 	7037
f 6954 	7037 	6959
f 6978 	6977 	7040
f 6977 	7018 	7040
f 6950 	7040 	7018
f 7047 	7048 	6946
f 8073 	7012 	7051
f 6947 	6946 	7048
f 7008 	6978 	7040
f 6981 	7049 	6986
f 7047 	6946 	6971
f 7986 	7989 	7054
f 7019 	7046 	7090
f 7126 	7090 	7046
f 6971 	6994 	7042
f 7004 	7003 	7045
f 6980 	7038 	7012
f 7014 	7059 	6982
f 6975 	7038 	6980
f 6971 	7042 	7047
f 7041 	6989 	7032
f 7054 	6968 	6937
f 6989 	7041 	6995
f 7014 	7044 	7059
f 7041 	7032 	7050
f 7031 	7050 	7032
f 7126 	7046 	7056
f 7052 	7054 	6937
f 7031 	7036 	7043
f 7063 	7083 	7058
f 7056 	7055 	7123
f 7064 	7063 	7058
f 7050 	7031 	7043
f 7058 	7083 	7078
f 7063 	7064 	7068
f 7067 	7069 	7070
f 7069 	7071 	7070
f 7030 	8081 	7033
f 8082 	7033 	8081
f 7319 	6995 	7041
f 7138 	6990 	7073
f 7067 	7070 	7065
f 8082 	8085 	7033
f 7061 	7062 	7634
f 7504 	7293 	7073
f 7084 	7082 	7076
f 8086 	8087 	7035
f 7104 	7084 	7077
f 7076 	7077 	7084
f 7057 	7168 	7076
f 7069 	7067 	7025
f 7025 	7024 	7069
f 8103 	7030 	8102
f 7071 	7069 	7024
f 8081 	7030 	8103
f 7065 	7070 	7090
f 7080 	7057 	7082
f 7057 	7076 	7082
f 7587 	7504 	7073
f 7067 	7021 	7025
f 7089 	7086 	7199
f 7053 	7073 	7088
f 6934 	8135 	7062
f 7126 	7065 	7090
f 7088 	7058 	7053
f 7091 	6934 	7062
f 7095 	7096 	7097
f 7095 	7097 	7197
f 7199 	7203 	7089
f 7098 	7097 	7096
f 7098 	7096 	7099
f 7070 	7022 	7090
f 7085 	7098 	7099
f 7070 	7023 	7022
f 7094 	7166 	7089
f 7092 	7085 	7099
f 7092 	7099 	7096
f 7092 	7096 	7095
f 8143 	6952 	7061
f 7070 	7071 	7023
f 7058 	7088 	7064
f 7071 	7024 	7023
f 7107 	6952 	7091
f 7144 	8114 	8122
f 7104 	7094 	7203
f 7104 	7203 	7084
f 7102 	7061 	7107
f 7102 	7107 	7091
f 7061 	6952 	7107
f 7081 	7100 	7106
f 7111 	7053 	7110
f 7108 	7110 	7053
f 7091 	7061 	7102
f 7086 	7113 	7199
f 7061 	7091 	7062
f 7138 	7114 	6990
f 7117 	7112 	7115
f 7109 	7115 	7112
f 7097 	7098 	7103
f 7097 	7103 	7197
f 7101 	7118 	7055
f 7085 	7103 	7098
f 7105 	7118 	7101
f 7105 	7123 	7118
f 7105 	7126 	7123
f 7199 	7113 	7116
f 7126 	7105 	7065
f 7062 	7119 	7802
f 7157 	7143 	7103
f 7087 	7120 	7248
f 7377 	7116 	7166
f 7086 	7166 	7113
f 7056 	7123 	7126
f 7131 	7132 	7081
f 7055 	7118 	7123
f 7115 	7109 	7124
f 7122 	7124 	7109
f 7086 	7089 	7166
f 7130 	7073 	7129
f 7053 	7129 	7073
f 7168 	7104 	7077
f 7134 	7135 	7133
f 7077 	7076 	7168
f 7080 	7168 	7057
f 7138 	7073 	7136
f 7130 	7136 	7073
f 8122 	6929 	7117
f 6924 	6925 	7112
f 6929 	6924 	7117
f 7112 	7117 	6924
f 7104 	7167 	7094
f 7112 	6925 	7381
f 7082 	7141 	7080
f 7146 	7142 	7144
f 7147 	7148 	7082
f 7144 	7117 	7146
f 7115 	7146 	7117
f 7133 	7135 	7145
f 7164 	7147 	7082
f 7125 	7154 	7900
f 7150 	7212 	7139
f 7141 	7169 	7080
f 7147 	7155 	7148
f 7145 	7135 	7150
f 7103 	7156 	7157
f 7606 	7159 	7141
f 7175 	7142 	7152
f 7079 	7159 	7606
f 7149 	7142 	7146
f 7160 	7161 	7134
f 7149 	7152 	7142
f 7134 	7271 	7160
f 7124 	7149 	7115
f 7146 	7115 	7149
f 7085 	7092 	7163
f 7148 	7483 	7082
f 7158 	7161 	7160
f 7164 	7082 	7084
f 7148 	7155 	7165
f 7117 	7144 	8122
f 7134 	7158 	7204
f 7153 	7198 	7206
f 7147 	7165 	7155
f 7131 	7081 	7153
f 7164 	7165 	7147
f 7140 	7217 	7226
f 7061 	7149 	7124
f 7084 	7093 	7164
f 7627 	7162 	7359
f 7113 	7166 	7116
f 7434 	7157 	7156
f 7166 	7094 	7167
f 7167 	7104 	7168
f 7168 	7080 	7169
f 7159 	7169 	7141
f 7271 	7158 	7160
f 7243 	8107 	8109
f 7079 	7169 	7159
f 7241 	7243 	8115
f 7168 	7169 	7193
f 7188 	7193 	7169
f 7153 	7081 	7106
f 7134 	7133 	7271
f 7289 	7125 	7143
f 7241 	7142 	7175
f 7466 	7377 	7170
f 7179 	7243 	7175
f 7173 	7243 	7179
f 7174 	7170 	7377
f 7186 	7179 	7175
f 7377 	7166 	7174
f 7173 	7179 	7171
f 7172 	7174 	7166
f 7183 	7145 	7150
f 7180 	7172 	7166
f 7140 	7187 	7139
f 7150 	7139 	7191
f 7187 	7191 	7139
f 7166 	7167 	7180
f 7178 	7177 	7167
f 7177 	7180 	7167
f 7184 	7081 	7132
f 7184 	8070 	7100
f 7184 	7100 	7081
f 7169 	7757 	7190
f 7190 	7188 	7169
f 7182 	7178 	7168
f 7183 	7150 	7191
f 7153 	7206 	7131
f 7195 	7422 	7171
f 7171 	7179 	7195
f 7185 	7195 	7179
f 7179 	7186 	7185
f 7116 	7220 	7199
f 7186 	7175 	7152
f 7183 	7191 	7358
f 8013 	7201 	7128
f 7191 	7187 	7350
f 7201 	7202 	7128
f 7140 	7207 	7187
f 7197 	7216 	7095
f 7140 	7093 	7207
f 7094 	7089 	7203
f 7200 	7151 	7184
f 7198 	7200 	7184
f 7198 	7184 	7206
f 7206 	7184 	7132
f 7206 	7132 	7131
f 7203 	7207 	7084
f 7119 	7224 	7223
f 7119 	7223 	7127
f 7739 	7197 	7125
f 7202 	7201 	7208
f 7202 	7208 	7209
f 7210 	7192 	7189
f 7213 	7209 	7208
f 7213 	7208 	7214
f 7211 	7403 	7196
f 7214 	7208 	7215
f 7201 	7215 	7208
f 7216 	7181 	7163
f 7201 	8013 	7215
f 7216 	7163 	7092
f 7209 	7213 	7219
f 7209 	7219 	7202
f 7140 	7139 	7217
f 7219 	7128 	7202
f 7139 	7212 	7217
f 7218 	7211 	7196
f 7092 	7095 	7216
f 7218 	7196 	7220
f 7143 	7125 	7197
f 7213 	7214 	7215
f 7213 	7215 	7219
f 7197 	7103 	7143
f 7199 	7220 	7196
f 7447 	7216 	7470
f 7134 	7204 	7205
f 7270 	7052 	6958
f 7205 	7135 	7134
f 7270 	7007 	7238
f 7270 	6958 	7007
f 7210 	7189 	7222
f 7127 	8013 	7128
f 7222 	7216 	7197
f 7210 	7222 	7197
f 7466 	7211 	7377
f 7220 	7377 	7218
f 7222 	7189 	7470
f 7207 	7093 	7084
f 7011 	7227 	7225
f 7197 	7739 	7072
f 6919 	7229 	6918
f 7219 	7215 	7128
f 7227 	6918 	7229
f 6919 	6930 	7234
f 6930 	6931 	7234
f 7235 	7236 	7232
f 7238 	7235 	7270
f 7238 	7236 	7235
f 7229 	6919 	7234
f 6931 	8028 	7234
f 7137 	7239 	7128
f 7242 	7239 	7137
f 7241 	7144 	7142
f 7271 	7230 	7228
f 7231 	7235 	7232
f 7241 	7175 	7243
f 7240 	7242 	7137
f 7052 	7270 	7235
f 7377 	7220 	7116
f 7151 	7233 	7121
f 7243 	7173 	8107
f 8058 	7239 	7242
f 7151 	7200 	7233
f 7233 	7120 	7121
f 7130 	7129 	7323
f 7232 	7248 	7231
f 7233 	7231 	7248
f 7138 	7314 	7114
f 7136 	7314 	7138
f 7734 	7244 	7245
f 7221 	7232 	7236
f 7129 	7053 	7250
f 7111 	7250 	7053
f 7251 	7252 	7253
f 7258 	7255 	7259
f 7259 	7255 	7256
f 7233 	7248 	7120
f 7257 	7254 	6991
f 7011 	6918 	7227
f 7228 	7374 	7301
f 7263 	7260 	7262
f 7261 	7262 	7260
f 7248 	7232 	7221
f 7227 	7042 	7225
f 6990 	7264 	6991
f 7260 	7256 	7265
f 7260 	7265 	7261
f 7256 	7260 	7259
f 7259 	7253 	7258
f 6990 	7268 	7269
f 7252 	7258 	7253
f 7114 	7268 	6990
f 7229 	7047 	7227
f 7110 	7108 	7321
f 7196 	7403 	7247
f 7966 	7986 	7233
f 7250 	7323 	7129
f 7233 	7986 	7054
f 7048 	7047 	7229
f 7323 	7250 	7111
f 7323 	7111 	7321
f 7110 	7321 	7111
f 7233 	7054 	7231
f 7262 	7341 	7263
f 7229 	7234 	7048
f 7314 	7318 	7114
f 7054 	7052 	7235
f 7262 	7261 	7341
f 7271 	7228 	7277
f 7227 	7047 	7042
f 7247 	7415 	7245
f 7255 	7346 	7256
f 7235 	7231 	7054
f 7225 	7042 	7066
f 7264 	6990 	7269
f 7251 	7347 	7252
f 7074 	7267 	7072
f 7074 	7237 	7267
f 7048 	7234 	8045
f 7074 	7075 	7237
f 7323 	7314 	7130
f 7136 	7130 	7314
f 7265 	7344 	7261
f 7268 	7114 	7318
f 7582 	7520 	7317
f 7266 	7072 	7267
f 7249 	7274 	7253
f 7087 	7248 	7221
f 7317 	7254 	7257
f 7317 	7257 	7264
f 7317 	7264 	7318
f 7268 	7318 	7269
f 7269 	7318 	7264
f 7226 	7391 	7417
f 7238 	7006 	7221
f 7253 	7274 	7251
f 7288 	7154 	7125
f 7238 	7007 	7006
f 7236 	7238 	7221
f 7233 	8130 	6993
f 7143 	7157 	7289
f 7333 	7163 	7431
f 7163 	7523 	7431
f 7294 	7245 	7244
f 7026 	6999 	7484
f 7000 	7233 	6993
f 7026 	7484 	6991
f 7233 	7200 	8130
f 7125 	7289 	7288
f 7418 	7245 	7414
f 7333 	7345 	7103
f 7274 	7249 	7278
f 7280 	7278 	7249
f 7186 	7152 	7629
f 7083 	7287 	7282
f 7163 	7181 	7523
f 7063 	7068 	7083
f 6968 	7284 	6933
f 7064 	7088 	7291
f 7989 	7284 	7054
f 7226 	7276 	7380
f 7291 	7293 	7287
f 7189 	7535 	7534
f 6968 	7054 	7284
f 7189 	7192 	7535
f 7328 	6936 	6943
f 7287 	7083 	7068
f 6943 	6940 	7328
f 7291 	7287 	7064
f 7287 	7068 	7064
f 7300 	7249 	7299
f 7292 	6948 	6949
f 7341 	7261 	7344
f 6953 	7292 	6949
f 7346 	7344 	7256
f 7265 	7256 	7344
f 7424 	7154 	7288
f 7505 	7282 	7293
f 7282 	7287 	7293
f 7255 	7258 	7346
f 7258 	7252 	7346
f 7347 	7251 	7274
f 7278 	7347 	7274
f 7347 	7278 	7348
f 7280 	7348 	7278
f 7337 	7279 	7176
f 7862 	8000 	7281
f 7280 	7281 	7348
f 7244 	7311 	7294
f 7293 	7504 	7505
f 7298 	7286 	7285
f 7247 	7245 	7322
f 7245 	7294 	7322
f 7291 	7073 	7293
f 7249 	7300 	7296
f 7296 	7246 	7249
f 7424 	7302 	7049
f 7296 	7300 	7299
f 8087 	8086 	7297
f 7291 	7088 	7073
f 7301 	7374 	7376
f 7045 	6933 	7286
f 7273 	6992 	7275
f 7302 	7313 	6986
f 7020 	6986 	7313
f 6986 	7049 	7302
f 7045 	7286 	7298
f 7042 	6994 	7066
f 7305 	7066 	6996
f 6996 	6997 	7305
f 7066 	6994 	6998
f 6998 	6996 	7066
f 7273 	6997 	6992
f 7295 	7385 	7290
f 7273 	7305 	6997
f 6938 	8087 	7297
f 7294 	7311 	7878
f 7295 	7290 	7423
f 7318 	7314 	7312
f 6972 	6970 	7661
f 7297 	7303 	6970
f 7303 	7306 	6970
f 7307 	6970 	7306
f 7378 	6948 	7292
f 7376 	7276 	7301
f 7277 	7204 	7158
f 7205 	7204 	7228
f 7318 	7312 	7317
f 7083 	7282 	7078
f 7315 	7304 	7361
f 6995 	7319 	7233
f 7277 	7228 	7204
f 7205 	7228 	7135
f 7320 	7199 	7373
f 7199 	7780 	7373
f 7228 	7301 	7150
f 7135 	7228 	7150
f 7645 	7020 	7313
f 7212 	7150 	7301
f 6941 	7378 	6940
f 7212 	7301 	7276
f 7226 	7217 	7212
f 7312 	7321 	7310
f 6948 	7378 	6941
f 7276 	7226 	7212
f 7321 	7312 	7323
f 7314 	7323 	7312
f 7289 	7304 	7315
f 7036 	7035 	7324
f 7326 	7327 	7328
f 7324 	7328 	7327
f 7158 	7271 	7277
f 7313 	7302 	7288
f 7329 	8009 	7325
f 7302 	7424 	7288
f 7199 	7320 	7203
f 7289 	7315 	7288
f 7313 	7288 	7315
f 7036 	7324 	7327
f 7230 	7271 	7133
f 7335 	7332 	7334
f 7203 	7320 	7363
f 7085 	7163 	7333
f 7230 	7133 	7145
f 7108 	7053 	7335
f 7332 	7335 	7053
f 7249 	7253 	7299
f 7103 	7345 	7156
f 7342 	7078 	8054
f 7620 	7260 	7283
f 7053 	7058 	7332
f 7279 	7337 	7338
f 7343 	7340 	7341
f 7340 	7666 	7341
f 7085 	7333 	7103
f 7585 	7337 	7176
f 7043 	7336 	7319
f 7058 	7078 	7342
f 7346 	7252 	7347
f 7346 	7343 	7344
f 7347 	7343 	7346
f 7341 	7344 	7343
f 7058 	7342 	7332
f 7319 	7041 	7050
f 6995 	7233 	7000
f 7348 	7343 	7347
f 7036 	7336 	7043
f 7358 	7191 	7350
f 7036 	7327 	7336
f 7207 	7417 	7187
f 7326 	7339 	7327
f 7336 	7327 	7339
f 7334 	7371 	7321
f 7304 	7428 	7356
f 7359 	7329 	7360
f 7379 	7339 	7326
f 7354 	7341 	7355
f 7355 	7341 	7357
f 7353 	7341 	7354
f 7352 	7341 	7353
f 7304 	7356 	7361
f 7263 	7365 	7260
f 6936 	7328 	7324
f 7319 	7823 	7362
f 7319 	8010 	7964
f 7364 	7341 	7352
f 7366 	7341 	7364
f 7365 	7341 	7366
f 7263 	7341 	7365
f 7666 	7497 	7341
f 7319 	7362 	7303
f 7333 	7351 	7367
f 7362 	7307 	7306
f 7324 	6938 	6936
f 7360 	7369 	7359
f 7333 	7367 	7361
f 7434 	7345 	7356
f 7332 	7370 	7334
f 7370 	7332 	7375
f 7368 	7260 	7366
f 7260 	7365 	7366
f 7371 	7370 	7369
f 7359 	7369 	7370
f 7412 	7145 	7183
f 7325 	8012 	7321
f 7360 	7329 	7321
f 7225 	7009 	7010
f 7371 	7334 	7370
f 7350 	7187 	7349
f 7363 	7320 	7373
f 7225 	7331 	7009
f 7746 	7771 	7319
f 7319 	7050 	7043
f 7388 	7368 	7364
f 7225 	7066 	7331
f 7230 	7374 	7228
f 7441 	7283 	7368
f 7297 	7298 	7319
f 7375 	7342 	7628
f 7378 	7326 	7328
f 7441 	7368 	7383
f 7775 	7796 	7363
f 7319 	7303 	7297
f 7306 	7303 	7362
f 7368 	7283 	7260
f 7375 	7332 	7342
f 7378 	7292 	7379
f 7290 	7379 	7292
f 7193 	7182 	7168
f 7307 	7362 	7316
f 7372 	7330 	7016
f 7290 	7385 	7379
f 7276 	7376 	7380
f 7370 	7627 	7359
f 7378 	7379 	7326
f 7298 	7990 	7319
f 6925 	6924 	8000
f 7329 	7325 	7321
f 8000 	8005 	6925
f 7308 	7307 	7316
f 7226 	7380 	7391
f 7310 	7321 	7045
f 7335 	7321 	7108
f 7335 	7334 	7321
f 7371 	7369 	7321
f 7369 	7360 	7321
f 7316 	7309 	7308
f 7331 	7372 	7017
f 7459 	7462 	7384
f 7382 	7381 	7459
f 7381 	6925 	8005
f 7339 	7379 	7385
f 7017 	7009 	7331
f 7010 	7011 	7225
f 7408 	7183 	7395
f 7352 	7353 	7398
f 7968 	7967 	7286
f 7374 	7358 	7376
f 7328 	6940 	7378
f 7345 	7361 	7356
f 7354 	7398 	7353
f 7145 	7412 	7230
f 7374 	7230 	7399
f 7393 	7390 	7464
f 7390 	7389 	7464
f 7387 	7462 	7389
f 7016 	7017 	7372
f 7399 	7395 	7374
f 7395 	7399 	7401
f 7367 	7237 	7361
f 7464 	7465 	7393
f 7396 	7392 	7769
f 7404 	7247 	7403
f 7398 	7388 	7352
f 7364 	7352 	7388
f 6933 	7284 	7286
f 7397 	7396 	7582
f 7769 	7582 	7396
f 7515 	7368 	7388
f 7183 	7358 	7374
f 7386 	7515 	7388
f 7319 	7336 	7339
f 7374 	7395 	7183
f 7285 	7990 	7298
f 7409 	7406 	7405
f 7401 	7411 	7408
f 7401 	7408 	7395
f 7410 	7247 	7404
f 7267 	7237 	7367
f 7399 	7412 	7411
f 7399 	7411 	7401
f 7399 	7230 	7412
f 7414 	7245 	7413
f 7413 	7245 	7415
f 7408 	7411 	7412
f 7409 	7312 	7406
f 7380 	7350 	7349
f 7582 	7317 	7397
f 7292 	7420 	7290
f 7333 	7361 	7345
f 7380 	7349 	7391
f 7406 	7310 	7407
f 7420 	7425 	7423
f 7451 	7386 	7388
f 7366 	7364 	7368
f 7422 	7423 	7425
f 7425 	7426 	7422
f 7426 	7171 	7422
f 7409 	7405 	7312
f 7418 	7464 	7419
f 7426 	7173 	7171
f 7465 	7464 	7414
f 7413 	7465 	7414
f 7465 	7413 	7415
f 7416 	7407 	7310
f 7514 	7330 	7442
f 7289 	7428 	7304
f 7428 	7289 	7157
f 7430 	7853 	7429
f 7419 	7429 	7853
f 7402 	7397 	7317
f 7333 	7431 	7351
f 7290 	7420 	7423
f 7421 	7416 	7310
f 7345 	7434 	7156
f 7273 	7275 	7372
f 7433 	7891 	7432
f 7338 	7337 	7632
f 7436 	7432 	7853
f 7157 	7434 	7428
f 7434 	7356 	7428
f 7421 	7310 	7427
f 7417 	7349 	7187
f 7310 	7406 	7312
f 7398 	7435 	7388
f 7417 	7391 	7349
f 7507 	7192 	7210
f 7331 	7305 	7372
f 7432 	7459 	7433
f 7438 	7422 	7440
f 7045 	7445 	7310
f 7437 	7310 	7445
f 7439 	7310 	7437
f 7427 	7310 	7439
f 7358 	7350 	7380
f 7436 	7853 	7430
f 7438 	7423 	7422
f 7380 	7376 	7358
f 7183 	7408 	7412
f 7508 	7507 	7210
f 7436 	7430 	7459
f 7462 	7459 	7430
f 7429 	7462 	7430
f 7429 	7419 	7462
f 7410 	7415 	7247
f 7021 	7446 	7022
f 7181 	7216 	7447
f 7438 	7295 	7423
f 7181 	7447 	7523
f 7445 	7045 	7443
f 7486 	7523 	7447
f 7273 	7372 	7305
f 7195 	7440 	7422
f 7444 	7443 	7045
f 6953 	6955 	7420
f 7462 	7419 	7464
f 7292 	6953 	7420
f 7451 	7453 	7454
f 7418 	7414 	7464
f 7272 	7442 	7330
f 7420 	6955 	6966
f 7466 	7465 	7410
f 7404 	7466 	7410
f 7403 	7466 	7404
f 7451 	7467 	7453
f 6970 	7425 	6966
f 7448 	7444 	7045
f 7420 	6966 	7425
f 7457 	7494 	7460
f 7066 	7305 	7331
f 7451 	7435 	7467
f 7432 	7436 	7459
f 7460 	7463 	7457
f 7451 	7388 	7435
f 7450 	7448 	7045
f 7372 	7275 	7330
f 7415 	7410 	7465
f 7440 	7754 	7438
f 7218 	7377 	7211
f 7211 	7466 	7403
f 7275 	7272 	7330
f 7939 	7468 	7475
f 7189 	7534 	7470
f 7464 	7389 	7462
f 7466 	7394 	7465
f 7167 	7168 	7178
f 7394 	7393 	7465
f 7170 	7400 	7466
f 7394 	7466 	7400
f 7425 	6970 	7426
f 7452 	7456 	7789
f 7461 	7455 	7045
f 7450 	7045 	7455
f 6972 	7426 	6970
f 7787 	7456 	7446
f 7453 	7713 	7454
f 7469 	7045 	7468
f 8109 	8107 	7340
f 6976 	7029 	7473
f 7164 	7537 	7165
f 8098 	8096 	7045
f 7475 	7045 	7473
f 7468 	7045 	7475
f 7469 	7461 	7045
f 7463 	7478 	7457
f 7478 	7463 	7476
f 7442 	7477 	7510
f 7222 	7470 	7216
f 7019 	7456 	7046
f 7442 	7272 	7477
f 7019 	7446 	7456
f 7472 	7488 	7493
f 7497 	7666 	7458
f 7474 	7488 	7472
f 7452 	7485 	7588
f 7493 	7502 	7472
f 7487 	7486 	7447
f 7526 	7488 	7489
f 7486 	7367 	7351
f 7487 	7367 	7486
f 7431 	7523 	7351
f 7483 	7608 	7949
f 7355 	7357 	7449
f 7458 	7460 	7494
f 7494 	7497 	7458
f 7487 	7447 	7470
f 7477 	7272 	7489
f 7267 	7367 	7487
f 7490 	7495 	7491
f 7470 	7492 	7503
f 7784 	7490 	7485
f 7503 	7266 	7267
f 7499 	7505 	7500
f 7226 	7501 	7140
f 7487 	7470 	7503
f 7499 	7282 	7505
f 7474 	7477 	7488
f 7487 	7503 	7267
f 7500 	7505 	7504
f 7476 	7463 	7666
f 7460 	7666 	7463
f 7357 	7497 	7449
f 7504 	7601 	7500
f 7494 	7449 	7497
f 7456 	7813 	7789
f 7479 	7816 	7480
f 7535 	7511 	7534
f 7489 	7488 	7477
f 7471 	7472 	7502
f 7511 	7507 	7512
f 7567 	6990 	6991
f 7512 	7507 	7508
f 7495 	7490 	7784
f 7197 	7508 	7210
f 7442 	7510 	7513
f 7512 	7503 	7511
f 7492 	7511 	7503
f 7078 	7282 	7499
f 7513 	7514 	7442
f 7246 	7296 	7479
f 7803 	7021 	7800
f 7296 	7598 	7479
f 7514 	7016 	7330
f 7721 	7453 	7449
f 7601 	7504 	7587
f 7803 	7446 	7021
f 7508 	7266 	7512
f 7506 	7498 	7698
f 7016 	7514 	7527
f 7689 	7516 	7520
f 7494 	7457 	7591
f 6991 	7254 	7516
f 7254 	7520 	7516
f 7512 	7266 	7503
f 7508 	7072 	7266
f 7704 	7705 	7491
f 7529 	7513 	7510
f 7460 	7458 	7666
f 7197 	7072 	7508
f 7513 	7527 	7514
f 7872 	7517 	7518
f 7533 	7563 	7498
f 7501 	7498 	7563
f 7357 	7341 	7497
f 6972 	8106 	7426
f 7272 	7527 	7528
f 7354 	7355 	7398
f 7355 	7449 	7398
f 7698 	7611 	7506
f 7438 	7743 	7295
f 7275 	7527 	7272
f 7530 	7604 	7531
f 7275 	6992 	7527
f 7148 	7533 	7483
f 7034 	7027 	7518
f 7386 	7525 	7515
f 7532 	6999 	7026
f 7483 	7533 	7506
f 7527 	7513 	7528
f 7486 	7351 	7523
f 7470 	7534 	7492
f 7368 	7515 	7383
f 7516 	7532 	7026
f 7498 	7506 	7533
f 7026 	6991 	7516
f 7507 	7535 	7192
f 7515 	7441 	7383
f 7511 	7535 	7507
f 7533 	7537 	7563
f 7449 	7435 	7398
f 7492 	7534 	7511
f 7526 	7510 	7509
f 7148 	7165 	7533
f 7478 	7476 	7530
f 7158 	7134 	7161
f 7529 	7510 	7526
f 7529 	7528 	7513
f 7386 	7679 	7525
f 7541 	7968 	7540
f 7093 	7140 	7501
f 7542 	7543 	7544
f 7544 	7543 	7545
f 7544 	7545 	7546
f 7861 	7859 	7524
f 7548 	7568 	7547
f 7519 	7682 	7522
f 7522 	7682 	7683
f 7533 	7165 	7537
f 7524 	7897 	7861
f 7519 	7525 	7682
f 7552 	7549 	7550
f 7553 	7554 	7550
f 7552 	7550 	7554
f 7992 	7571 	7556
f 7555 	7556 	7557
f 7555 	7557 	7558
f 7560 	7570 	7548
f 7548 	7555 	7560
f 7558 	7560 	7555
f 7555 	7548 	7556
f 7547 	7556 	7548
f 7164 	7501 	7537
f 7683 	7559 	7522
f 7524 	7551 	7516
f 7554 	7562 	7552
f 7093 	7501 	7164
f 7546 	7545 	7562
f 7552 	7562 	7545
f 7516 	7536 	7532
f 7543 	7549 	7552
f 7543 	7552 	7545
f 7526 	7561 	7488
f 7543 	7542 	7565
f 7543 	7565 	7550
f 7543 	7550 	7549
f 7550 	7565 	7553
f 7516 	7902 	7564
f 7516 	7564 	7536
f 7540 	7542 	7544
f 7540 	7544 	7546
f 7558 	7541 	7546
f 7540 	7546 	7541
f 7467 	7435 	7449
f 7566 	7554 	7539
f 7554 	7553 	7539
f 7540 	7539 	7553
f 7560 	7562 	7566
f 7537 	7501 	7563
f 7449 	7453 	7467
f 7521 	7590 	6990
f 7557 	7541 	7558
f 7226 	7818 	7501
f 7528 	7529 	7272
f 7558 	7546 	7560
f 7562 	7560 	7546
f 7554 	7566 	7562
f 7689 	7520 	7582
f 7542 	7540 	7565
f 7553 	7565 	7540
f 7272 	7529 	7489
f 7521 	6990 	7567
f 7501 	7818 	7498
f 7569 	7547 	7568
f 8024 	7547 	7569
f 7254 	7317 	7520
f 7489 	7529 	7526
f 7484 	7567 	6991
f 7679 	7682 	7525
f 7557 	7556 	7571
f 7517 	7567 	7484
f 7568 	7548 	7570
f 7569 	7568 	7538
f 7568 	7566 	7538
f 7539 	7538 	7566
f 7484 	7518 	7517
f 7560 	7566 	7570
f 7568 	7570 	7566
f 7571 	7541 	7557
f 7525 	7519 	7835
f 7517 	7521 	7567
f 7516 	7572 	7902
f 7518 	7484 	7034
f 7569 	7574 	8024
f 7575 	7571 	7992
f 7859 	7572 	7524
f 8024 	7992 	7547
f 8043 	8044 	7538
f 7551 	7524 	7572
f 7591 	7457 	7578
f 7170 	7174 	7678
f 7516 	7551 	7572
f 7828 	7867 	7491
f 7667 	7678 	7174
f 7172 	7667 	7174
f 7571 	7575 	7541
f 7578 	7457 	7478
f 7509 	7561 	7526
f 7744 	7295 	7743
f 7576 	7577 	7599
f 7744 	7339 	7385
f 7599 	7579 	7576
f 7636 	7190 	7194
f 7176 	7804 	7585
f 7707 	7708 	7584
f 7494 	7591 	7733
f 7073 	7590 	7587
f 6990 	7590 	7073
f 7662 	7340 	7661
f 7592 	7589 	7593
f 7598 	7296 	7594
f 7661 	7340 	6972
f 7606 	7625 	7079
f 7299 	7594 	7296
f 7592 	7593 	7586
f 7599 	7601 	7579
f 7596 	7600 	7597
f 7601 	7599 	7500
f 7509 	7474 	7603
f 7605 	7604 	7530
f 7816 	7479 	7598
f 7509 	7510 	7477
f 7607 	7531 	7604
f 7141 	7082 	7606
f 7595 	7594 	7299
f 7605 	7666 	7604
f 7609 	7610 	7531
f 7612 	7613 	7614
f 7474 	7509 	7477
f 7499 	7500 	7599
f 7561 	7509 	7603
f 7577 	7499 	7599
f 7615 	7612 	7614
f 7726 	7625 	7727
f 7577 	7078 	7499
f 7593 	7589 	7611
f 7579 	7601 	7587
f 7608 	7611 	7589
f 7587 	7590 	7877
f 7659 	7608 	7589
f 7615 	7614 	7617
f 7616 	7617 	7614
f 7603 	7573 	7561
f 7610 	7618 	7619
f 7531 	7610 	7619
f 7452 	7588 	7055
f 7618 	7616 	7614
f 7618 	7614 	7619
f 7573 	7603 	7602
f 7586 	7178 	7182
f 7456 	7452 	7056
f 7056 	7046 	7456
f 7193 	7592 	7182
f 7056 	7452 	7055
f 7586 	7182 	7592
f 7521 	7858 	7590
f 7588 	7485 	7584
f 7681 	7624 	7623
f 7726 	7079 	7625
f 7190 	7636 	7188
f 7664 	7185 	7186
f 7729 	7727 	7625
f 7188 	7592 	7193
f 7664 	7186 	7629
f 7723 	7585 	7597
f 7597 	7600 	7718
f 7483 	7611 	7608
f 7573 	7602 	7624
f 7618 	7666 	7616
f 7610 	7666 	7618
f 7609 	7666 	7610
f 7584 	7485 	7490
f 7483 	7506 	7611
f 7627 	7628 	7626
f 7061 	7629 	7149
f 7531 	7607 	7609
f 7627 	7370 	7375
f 7627 	7375 	7628
f 7062 	7802 	7816
f 7698 	7498 	7825
f 7634 	7062 	7816
f 7152 	7149 	7629
f 7082 	7483 	7606
f 7636 	7633 	7589
f 7979 	7981 	7540
f 7637 	7626 	7720
f 7627 	7626 	7637
f 7633 	6960 	6957
f 7645 	7665 	7622
f 7623 	7656 	7622
f 6960 	7633 	7636
f 7629 	7061 	7634
f 7652 	7659 	7633
f 7604 	7666 	7607
f 7607 	7666 	7609
f 7641 	7666 	7605
f 7633 	6957 	6979
f 7530 	7641 	7605
f 6979 	7652 	7633
f 7476 	7641 	7530
f 7642 	7584 	7583
f 7647 	7648 	7649
f 7636 	7589 	7592
f 7646 	7584 	7642
f 7665 	7645 	7313
f 7647 	7595 	7648
f 7608 	7659 	7655
f 7608 	7655 	7652
f 6967 	7656 	7643
f 7643 	8116 	8118
f 7657 	7654 	7639
f 7642 	7653 	7646
f 7652 	7655 	7658
f 7901 	7619 	7614
f 7634 	7647 	7649
f 7589 	7633 	7659
f 7647 	7594 	7595
f 7655 	7659 	7658
f 7647 	7598 	7594
f 7640 	7657 	7639
f 7583 	7625 	7642
f 7644 	7657 	7640
f 7659 	7652 	7658
f 7634 	7649 	7629
f 7644 	7638 	7657
f 7629 	7649 	7648
f 7629 	7648 	7664
f 7625 	7606 	7483
f 7650 	7651 	7576
f 7592 	7188 	7636
f 7648 	7595 	7299
f 7651 	7577 	7576
f 7643 	7624 	7602
f 7650 	7576 	7579
f 7665 	7361 	7237
f 7617 	7666 	7615
f 7313 	7315 	7665
f 7584 	7646 	7588
f 7663 	7844 	7666
f 7844 	7615 	7666
f 7588 	7646 	7933
f 7315 	7361 	7665
f 7844 	7612 	7615
f 7667 	7669 	7668
f 7075 	7621 	7665
f 7342 	7651 	7628
f 7663 	7340 	7662
f 7666 	7340 	7663
f 7237 	7075 	7665
f 7669 	7670 	7668
f 7630 	7635 	7671
f 7621 	7622 	7665
f 7645 	7622 	7656
f 7476 	7666 	7641
f 7617 	7616 	7666
f 7643 	7656 	7624
f 7623 	7624 	7656
f 7586 	7670 	7669
f 7671 	7672 	7630
f 7194 	7190 	7757
f 7648 	7299 	7664
f 7593 	7670 	7586
f 7581 	7580 	7676
f 7621 	7075 	7739
f 7757 	7761 	7194
f 7676 	7706 	7581
f 6935 	7577 	7651
f 7342 	7908 	7651
f 7664 	7260 	7620
f 7253 	7259 	7664
f 7673 	7675 	7761
f 7675 	7194 	7761
f 7259 	7260 	7664
f 7683 	7676 	7580
f 7668 	7686 	7667
f 7493 	7488 	7561
f 7299 	7253 	7664
f 7620 	7703 	7664
f 7761 	7762 	7673
f 7687 	7692 	7703
f 7681 	7502 	7624
f 7763 	7766 	7684
f 7677 	7674 	7762
f 7674 	7673 	7762
f 7678 	7667 	7686
f 7683 	7580 	7559
f 7623 	7622 	7681
f 7493 	7561 	7573
f 7631 	7722 	7630
f 7516 	7689 	7690
f 7631 	7723 	7722
f 7573 	7624 	7502
f 7687 	7664 	7692
f 7664 	7703 	7692
f 7493 	7573 	7502
f 7716 	7681 	7622
f 7441 	7695 	7620
f 7524 	7516 	7697
f 7620 	7283 	7441
f 7690 	7696 	7516
f 7696 	7697 	7516
f 7162 	7660 	7961
f 7696 	7769 	7697
f 7700 	7701 	8027
f 7690 	7689 	7769
f 7582 	7769 	7689
f 7706 	7676 	7946
f 7701 	7639 	7654
f 7654 	8027 	7701
f 7695 	7749 	7620
f 7490 	7491 	7705
f 7695 	7441 	7515
f 7706 	7960 	7883
f 7693 	7956 	7686
f 7883 	7581 	7706
f 7946 	7960 	7706
f 7583 	7584 	7708
f 7597 	7630 	7722
f 7724 	7691 	7583
f 7729 	7625 	7583
f 7720 	7712 	7637
f 7451 	7454 	7713
f 7686 	7668 	7694
f 7713 	7792 	7451
f 7702 	7712 	7720
f 7831 	7714 	7711
f 7694 	7693 	7686
f 7702 	7650 	7660
f 7762 	7761 	7707
f 7831 	7716 	7714
f 7718 	7600 	7635
f 7728 	7650 	7702
f 7718 	7635 	7630
f 7707 	7584 	7717
f 7717 	7490 	7719
f 7793 	7713 	7721
f 7531 	7619 	7715
f 7705 	7719 	7490
f 7453 	7721 	7713
f 7490 	7717 	7584
f 7720 	7626 	7728
f 7632 	7723 	7631
f 7728 	7626 	7628
f 7668 	7670 	7694
f 7698 	7694 	7670
f 7632 	7337 	7723
f 7611 	7698 	7593
f 7670 	7593 	7698
f 7728 	7702 	7720
f 7591 	7725 	7733
f 7725 	7730 	7733
f 7585 	7723 	7337
f 7195 	7754 	7440
f 7597 	7722 	7723
f 7195 	7760 	7754
f 7726 	7757 	7079
f 7591 	7578 	7725
f 7710 	7622 	7709
f 7725 	7578 	7478
f 7651 	7728 	7628
f 8090 	7681 	7716
f 7597 	7718 	7630
f 7596 	7671 	7600
f 7180 	7669 	7172
f 7691 	7729 	7583
f 7650 	7728 	7651
f 7600 	7671 	7635
f 7622 	7714 	7716
f 7672 	7671 	7596
f 7761 	7757 	7691
f 7724 	7761 	7691
f 7622 	7711 	7714
f 7724 	7583 	7732
f 7583 	7708 	7732
f 7185 	7664 	7731
f 7622 	7710 	7711
f 7195 	7731 	7760
f 7729 	7691 	7757
f 7732 	7761 	7724
f 7177 	7178 	7586
f 7735 	7244 	7734
f 7717 	7762 	7707
f 7669 	7177 	7586
f 7752 	7772 	7735
f 7622 	7621 	7739
f 7735 	7753 	7752
f 7667 	7172 	7669
f 7733 	7815 	7807
f 7704 	7737 	7763
f 7766 	7763 	7737
f 7734 	7751 	7735
f 7702 	7660 	7162
f 7738 	7739 	7740
f 7245 	7853 	7734
f 7738 	7741 	7739
f 7731 	7195 	7185
f 7737 	7704 	7491
f 7177 	7669 	7180
f 7727 	7757 	7726
f 7169 	7079 	7757
f 7709 	7622 	7741
f 7712 	7702 	7162
f 7708 	7707 	7761
f 7162 	7627 	7637
f 7700 	7699 	7890
f 7719 	7763 	7717
f 7712 	7162 	7637
f 7745 	7740 	7739
f 7687 	7703 	7749
f 7737 	7491 	7747
f 7392 	7773 	7688
f 7749 	7731 	7687
f 7396 	7397 	7767
f 7748 	7747 	7524
f 7491 	7524 	7747
f 7832 	7694 	7698
f 7687 	7731 	7664
f 7767 	7773 	7396
f 7392 	7396 	7773
f 7825 	7832 	7698
f 7402 	7767 	7397
f 7727 	7729 	7757
f 7731 	7695 	7736
f 7405 	7770 	7402
f 7732 	7708 	7761
f 7703 	7620 	7749
f 7762 	7717 	7763
f 7695 	7731 	7749
f 7407 	7770 	7406
f 7734 	7750 	7751
f 7747 	7766 	7737
f 7416 	7856 	7407
f 7766 	7747 	7748
f 7856 	7416 	7421
f 7695 	7742 	7736
f 7834 	7753 	7751
f 7524 	7697 	7748
f 7755 	7751 	7750
f 7755 	7750 	7756
f 7755 	7756 	7758
f 7752 	7753 	7759
f 7907 	7244 	7279
f 7419 	7853 	7418
f 7746 	7339 	7744
f 7743 	7438 	7754
f 7719 	7705 	7763
f 7705 	7704 	7763
f 7767 	7764 	7765
f 7739 	7074 	7072
f 7767 	7770 	7764
f 7748 	7697 	7766
f 7769 	7766 	7697
f 7746 	7319 	7339
f 7754 	7793 	7721
f 7768 	7764 	7770
f 7449 	7754 	7721
f 7696 	7690 	7769
f 7739 	7075 	7074
f 8091 	7805 	7735
f 7244 	7907 	7311
f 7767 	7765 	7773
f 7312 	7405 	7317
f 7392 	7688 	7769
f 7685 	7766 	7688
f 7680 	7677 	7763
f 7684 	7680 	7763
f 7762 	7763 	7677
f 7685 	7684 	7766
f 7769 	7688 	7766
f 7405 	7402 	7317
f 7752 	7759 	7772
f 6927 	7773 	8042
f 7753 	7735 	7751
f 7771 	7746 	7776
f 7776 	7777 	7771
f 7834 	7751 	7755
f 7771 	7777 	7774
f 7731 	7736 	7760
f 7759 	7753 	7834
f 7244 	7805 	7279
f 7774 	7777 	7776
f 7779 	7742 	7835
f 7778 	7765 	7782
f 7622 	7739 	7741
f 7199 	7820 	7780
f 7779 	7760 	7736
f 7585 	7804 	7811
f 7765 	7764 	7782
f 7760 	7779 	7792
f 7783 	7784 	7797
f 7805 	7176 	7279
f 7785 	7741 	7738
f 7785 	7790 	7741
f 7786 	7771 	7774
f 7779 	7736 	7742
f 7776 	7788 	7786
f 7776 	7786 	7774
f 7776 	7746 	7788
f 7452 	7789 	7809
f 7385 	7295 	7744
f 7786 	7788 	7791
f 7451 	7792 	7386
f 7713 	7793 	7794
f 7363 	7780 	7775
f 7794 	7795 	7760
f 7787 	7446 	7803
f 7794 	7793 	7795
f 7491 	7783 	7840
f 7781 	7782 	7768
f 7764 	7768 	7782
f 7744 	7494 	7733
f 7491 	7495 	7783
f 7733 	7807 	7744
f 7854 	7781 	7768
f 7743 	7494 	7744
f 7783 	7495 	7784
f 7363 	7373 	7780
f 7744 	7807 	7821
f 7810 	7738 	7740
f 7760 	7792 	7794
f 7791 	7771 	7786
f 7772 	8091 	7735
f 7840 	7828 	7491
f 7792 	7713 	7794
f 7798 	7799 	7848
f 7767 	7402 	7770
f 7848 	7850 	7798
f 7386 	7792 	7779
f 7995 	7755 	7758
f 7798 	7775 	7799
f 7754 	7760 	7795
f 7798 	7796 	7775
f 7449 	7494 	7743
f 7793 	7754 	7795
f 7818 	7207 	7798
f 7119 	7801 	7802
f 7478 	7530 	7771
f 7821 	7746 	7744
f 7405 	7406 	7770
f 7207 	7203 	7798
f 7813 	7787 	7803
f 7798 	7203 	7363
f 7239 	8058 	7806
f 7798 	7363 	7796
f 7821 	7817 	7733
f 7785 	7738 	7810
f 7785 	7810 	7790
f 7805 	7244 	7735
f 7800 	7021 	7067
f 7239 	7806 	7128
f 7127 	7128 	7806
f 7745 	7808 	7740
f 7805 	7804 	7176
f 7811 	7812 	7585
f 7813 	7814 	7065
f 7812 	7596 	7597
f 7814 	7067 	7065
f 7407 	7856 	7770
f 7814 	7800 	7067
f 7740 	7808 	7810
f 7812 	7597 	7585
f 7801 	7119 	7819
f 7814 	7803 	7800
f 7814 	7813 	7803
f 7745 	8110 	7808
f 7807 	7815 	7821
f 7815 	7733 	7817
f 7127 	7806 	7819
f 7790 	7810 	8105
f 7771 	7725 	7478
f 7521 	7517 	7782
f 7771 	7791 	7725
f 7730 	7725 	7791
f 7804 	8065 	7811
f 7119 	7127 	7819
f 7733 	7730 	7821
f 7790 	8105 	8074
f 7789 	7813 	7809
f 7782 	7781 	7521
f 7817 	7821 	7815
f 7456 	7787 	7813
f 7746 	7821 	7788
f 7802 	7480 	7816
f 7802 	7481 	7480
f 7481 	7802 	7801
f 7821 	7730 	7791
f 7821 	7791 	7788
f 7439 	7875 	7427
f 7818 	7825 	7498
f 7482 	7819 	7806
f 7445 	7824 	7437
f 7711 	8080 	7831
f 7832 	7693 	7694
f 7820 	7693 	7832
f 7835 	7917 	7779
f 7933 	7809 	7101
f 7482 	7481 	7819
f 7801 	7819 	7481
f 8090 	7716 	7831
f 7875 	7439 	7437
f 7809 	7933 	7833
f 7598 	7647 	7816
f 7743 	7754 	7449
f 7105 	7813 	7065
f 7771 	7530 	7830
f 7125 	7900 	7885
f 7806 	7496 	7482
f 7813 	7105 	7809
f 7452 	7809 	7833
f 7530 	7531 	7823
f 7531 	7715 	7823
f 7806 	8058 	7496
f 7816 	7647 	7634
f 7823 	7830 	7530
f 7835 	7836 	7917
f 7838 	7827 	7824
f 8095 	8078 	7811
f 7826 	8014 	7838
f 7838 	7824 	7826
f 7362 	7823 	7316
f 7226 	7417 	7818
f 7841 	7842 	7843
f 7842 	7844 	7843
f 7827 	7838 	7829
f 7846 	7847 	7844
f 7485 	7452 	7833
f 7417 	7207 	7818
f 7845 	7784 	7833
f 7849 	7846 	7844
f 7845 	7797 	7784
f 7904 	7851 	7837
f 7848 	7799 	7852
f 7797 	7845 	7783
f 7822 	7828 	7840
f 7739 	7837 	7851
f 7818 	7798 	7825
f 7783 	7845 	7822
f 7842 	7849 	7844
f 7783 	7822 	7840
f 7245 	7418 	7853
f 7579 	7587 	7876
f 7833 	7822 	7845
f 7825 	7798 	7850
f 7485 	7833 	7784
f 7770 	7856 	7768
f 7850 	7848 	7825
f 7825 	7848 	7832
f 7832 	7848 	7852
f 7536 	7564 	7902
f 7854 	7768 	7856
f 7857 	7854 	7856
f 7853 	7432 	7891
f 7820 	7852 	7799
f 7196 	7820 	7199
f 7247 	7820 	7196
f 7820 	7775 	7780
f 7855 	7837 	7739
f 7781 	7854 	7858
f 7820 	7799 	7775
f 7852 	7820 	7832
f 7316 	7823 	7843
f 7281 	7895 	7862
f 7515 	7525 	7742
f 7841 	7843 	7823
f 7421 	7857 	7856
f 7525 	7835 	7742
f 7532 	7536 	7902
f 7895 	7912 	7863
f 7836 	7865 	7839
f 7864 	7866 	8000
f 7836 	7519 	7865
f 7857 	7421 	7427
f 7519 	7836 	7835
f 7820 	7956 	7693
f 7519 	7522 	7865
f 7839 	7865 	7559
f 7427 	7875 	7857
f 7781 	7858 	7521
f 7864 	7912 	7866
f 7866 	7912 	7869
f 7875 	7870 	7857
f 7875 	7871 	7870
f 7854 	7857 	7870
f 7873 	7517 	7872
f 7843 	7844 	7663
f 8005 	8000 	7866
f 7869 	8005 	7866
f 7522 	7559 	7865
f 7869 	7860 	8005
f 7459 	8005 	7433
f 7742 	7695 	7515
f 7874 	8091 	7907
f 7881 	7839 	7559
f 7849 	7613 	7846
f 7739 	7851 	7745
f 7881 	7883 	7960
f 7654 	7657 	7880
f 7960 	7929 	7881
f 7657 	7879 	7880
f 7881 	7559 	7580
f 7580 	7581 	7881
f 7853 	7891 	7882
f 7581 	7883 	7881
f 7877 	7858 	7854
f 7853 	7882 	7750
f 7734 	7853 	7750
f 7882 	7756 	7750
f 7870 	7877 	7854
f 7995 	7758 	7756
f 7877 	7870 	7876
f 7876 	7870 	7871
f 7950 	7963 	7871
f 7862 	7863 	8000
f 7863 	7864 	8000
f 7820 	7247 	7868
f 7739 	7884 	7855
f 7900 	6981 	7885
f 7872 	7902 	7873
f 7860 	7433 	8005
f 6982 	7898 	7884
f 7873 	7782 	7517
f 7437 	7827 	7875
f 6981 	6982 	7885
f 7891 	7433 	7860
f 7739 	7885 	7884
f 7894 	7895 	7246
f 7896 	7701 	7893
f 8134 	7872 	7518
f 7739 	7125 	7885
f 7246 	7479 	7894
f 7612 	7844 	7847
f 7319 	7830 	7823
f 7524 	7867 	7897
f 7892 	7935 	7940
f 7701 	7896 	7639
f 7590 	7858 	7877
f 7524 	7491 	7867
f 7319 	7771 	7830
f 7884 	7898 	7899
f 7587 	7877 	7876
f 7897 	7782 	7873
f 7895 	7249 	7246
f 7765 	8042 	7773
f 7841 	7901 	7842
f 7701 	7700 	7893
f 7715 	7841 	7823
f 7889 	7942 	7888
f 7778 	8049 	7765
f 8042 	7765 	8049
f 7700 	7890 	7893
f 7889 	7892 	7942
f 7902 	7897 	7873
f 7688 	7773 	6927
f 7699 	7887 	7890
f 7715 	7901 	7841
f 7897 	7859 	7861
f 7855 	7884 	7899
f 7715 	7619 	7901
f 7902 	7572 	7859
f 7294 	7878 	7868
f 7892 	7886 	7935
f 7837 	7906 	7904
f 7281 	7280 	7895
f 7322 	7294 	7868
f 7901 	7614 	7842
f 7249 	7895 	7280
f 7902 	7859 	7897
f 7849 	7842 	7614
f 7863 	7862 	7895
f 7613 	7849 	7614
f 7872 	7977 	7532
f 7613 	7612 	7846
f 7864 	7863 	7912
f 7872 	7532 	7902
f 7846 	7612 	7847
f 7101 	7055 	7588
f 7309 	7843 	7661
f 7843 	7662 	7661
f 7907 	7279 	7874
f 7309 	7316 	7843
f 7662 	7843 	7663
f 7338 	7632 	7874
f 7874 	7279 	7338
f 7894 	7062 	8135
f 7836 	7918 	7917
f 7910 	7911 	7903
f 7839 	7919 	7836
f 7919 	7918 	7836
f 7860 	7869 	7891
f 7907 	7878 	7311
f 7912 	7891 	7869
f 7247 	7322 	7868
f 7839 	7921 	7919
f 7443 	7444 	7905
f 7827 	7437 	7824
f 7941 	7926 	7894
f 7926 	7895 	7894
f 7922 	7962 	7653
f 7653 	7642 	7922
f 7444 	7448 	7923
f 7894 	8135 	7941
f 7945 	7991 	7393
f 7625 	7922 	7642
f 7909 	7928 	8144
f 7682 	7917 	7918
f 7678 	7400 	7170
f 7955 	7882 	7891
f 7448 	7450 	7924
f 7925 	7924 	7450
f 6939 	7906 	7837
f 7450 	7455 	7925
f 7895 	7926 	7976
f 7914 	7916 	7940
f 8138 	8108 	8097
f 6942 	7855 	7899
f 7921 	7839 	7881
f 7049 	6981 	7900
f 7881 	7929 	7921
f 7455 	7461 	7927
f 7424 	7900 	7154
f 7915 	7934 	7984
f 7917 	7386 	7779
f 7059 	7898 	6982
f 7909 	7935 	7928
f 7386 	7917 	7679
f 7927 	7461 	7930
f 7461 	7469 	7930
f 7931 	7930 	7469
f 7917 	7682 	7679
f 7930 	8138 	7927
f 7898 	7059 	7899
f 7931 	8138 	7930
f 7934 	7911 	7984
f 7105 	7101 	7809
f 7059 	7044 	7899
f 7912 	7895 	7969
f 7911 	7934 	7903
f 7935 	7886 	7928
f 7837 	7855 	6939
f 6942 	6939 	7855
f 7909 	7914 	7935
f 7678 	7936 	7945
f 7938 	7939 	7475
f 7914 	7940 	7935
f 7686 	7936 	7678
f 8011 	7062 	7894
f 7933 	7822 	7833
f 7469 	7943 	6923
f 7918 	7932 	7682
f 7468 	7943 	7469
f 7939 	7943 	7468
f 7892 	7940 	7942
f 7943 	6950 	6923
f 7944 	7932 	7918
f 6950 	7938 	7015
f 7916 	7942 	7940
f 7991 	7937 	8006
f 7945 	7936 	7937
f 7919 	7944 	7918
f 7101 	7588 	7933
f 7916 	7908 	7942
f 7939 	7938 	6950
f 7939 	6950 	7943
f 7888 	7942 	7908
f 7946 	7683 	7944
f 8096 	6974 	6976
f 7646 	7920 	7933
f 7910 	7903 	7638
f 7475 	7473 	7029
f 7676 	7683 	7946
f 7991 	7945 	7937
f 7638 	7644 	7910
f 7652 	7949 	7608
f 7875 	7953 	7871
f 7919 	7921 	7946
f 7950 	7871 	7953
f 7652 	7947 	7949
f 7946 	7944 	7919
f 7921 	7929 	7946
f 7910 	7640 	7911
f 7957 	7950 	7953
f 7949 	7913 	7922
f 7903 	7934 	7638
f 7944 	7683 	7932
f 7972 	7949 	7947
f 7952 	7937 	7956
f 7915 	7879 	7934
f 7959 	7950 	7957
f 7683 	7682 	7932
f 7949 	7625 	7483
f 7955 	7891 	8140
f 7915 	7880 	7879
f 7756 	7882 	7955
f 7880 	7915 	8137
f 7963 	7660 	7876
f 7006 	7951 	7221
f 7876 	7871 	7963
f 7960 	7946 	7929
f 7657 	7934 	7879
f 7936 	7956 	7937
f 7319 	7964 	7965
f 7933 	7962 	7822
f 7087 	7951 	7954
f 7965 	7966 	7233
f 7233 	7319 	7965
f 7657 	7638 	7934
f 7912 	7060 	7891
f 7936 	7686 	7956
f 7541 	7967 	7968
f 7979 	7540 	7968
f 7541 	7990 	7970
f 7541 	7970 	7967
f 7945 	7393 	7394
f 7575 	7992 	7971
f 6968 	7982 	7948
f 7933 	7920 	7962
f 7639 	7984 	7911
f 7962 	7972 	7947
f 7963 	7950 	7961
f 7639 	7911 	7640
f 7962 	7922 	7913
f 7961 	7950 	7959
f 7962 	7920 	7646
f 7575 	7971 	7541
f 7971 	7993 	7541
f 7910 	7644 	7640
f 7895 	7976 	7969
f 7962 	7646 	7653
f 7970 	7285 	7967
f 7285 	7286 	7967
f 7962 	7978 	7972
f 8134 	8133 	7977
f 7969 	7976 	7941
f 7913 	7978 	7962
f 7975 	7973 	7974
f 7975 	7974 	7980
f 7945 	7394 	7400
f 7985 	8133 	7915
f 7981 	8035 	7540
f 7826 	7824 	7445
f 7956 	7868 	7952
f 7981 	7979 	7983
f 7926 	7941 	7976
f 7945 	7400 	7678
f 7979 	7968 	7284
f 7872 	8134 	7977
f 7978 	7913 	7949
f 7982 	6968 	7973
f 7968 	7286 	7284
f 7983 	7979 	7284
f 7915 	7984 	7985
f 7875 	7827 	7953
f 7829 	7953 	7827
f 7983 	7284 	7989
f 7972 	7978 	7949
f 7834 	7958 	6932
f 7982 	7987 	7988
f 7820 	7868 	7956
f 7973 	7987 	7982
f 7989 	7981 	7983
f 7922 	7625 	7949
f 7992 	7993 	7971
f 7994 	7993 	7992
f 7834 	7755 	7995
f 7905 	7996 	7443
f 7995 	7756 	7955
f 7995 	7955 	7958
f 7937 	7952 	8006
f 7997 	7905 	7444
f 7958 	7834 	7995
f 8002 	7990 	7993
f 7541 	7993 	7990
f 7999 	7988 	7987
f 7348 	7281 	8000
f 7636 	7194 	6960
f 7675 	6960 	7194
f 7994 	8002 	7993
f 8010 	7319 	7990
f 7970 	7990 	7285
f 6960 	7673 	6962
f 7674 	6962 	7673
f 8002 	8010 	7990
f 7977 	7699 	7532
f 6960 	7675 	7673
f 7980 	8007 	7975
f 8004 	7957 	8003
f 7387 	7384 	7462
f 7384 	7382 	7459
f 8005 	7459 	7381
f 8008 	7991 	8006
f 7977 	7887 	7699
f 7480 	7481 	8011
f 7677 	6962 	7674
f 7985 	7887 	7977
f 8012 	8009 	7975
f 7325 	8009 	8012
f 7482 	8013 	8011
f 8001 	8003 	7953
f 7953 	8003 	7957
f 8008 	8006 	7998
f 8021 	7496 	8058
f 7984 	7893 	7985
f 8014 	7826 	7445
f 7329 	7359 	8009
f 7496 	8017 	8013
f 7639 	7896 	7984
f 8025 	8020 	7994
f 7953 	7829 	8016
f 8049 	7897 	7867
f 8010 	8020 	7964
f 7964 	8019 	7965
f 8019 	8018 	7965
f 7966 	7965 	8018
f 7962 	6973 	7822
f 8002 	8020 	8010
f 8110 	7745 	7851
f 8020 	8019 	7964
f 8017 	7496 	8021
f 7989 	7986 	7981
f 8018 	7981 	7986
f 7966 	8018 	7986
f 8048 	8018 	8047
f 7884 	7885 	6982
f 8016 	7829 	7838
f 7985 	7890 	7887
f 7574 	8023 	8024
f 7643 	6956 	6961
f 8014 	7445 	7996
f 7643 	8118 	6956
f 7443 	7996 	7445
f 7893 	7890 	7985
f 8023 	8025 	8024
f 7897 	8049 	7778
f 7482 	7496 	8013
f 6967 	7643 	6961
f 7992 	8024 	7994
f 8025 	7994 	8024
f 7984 	7896 	7893
f 7778 	7782 	7897
f 8022 	7109 	7998
f 7556 	7547 	7992
f 8016 	8001 	7953
f 7574 	8044 	8023
f 8015 	8022 	7998
f 7947 	6979 	6973
f 8002 	7994 	8020
f 8050 	8020 	8023
f 8015 	7998 	8006
f 8025 	8023 	8020
f 7471 	8026 	7643
f 7652 	6979 	7947
f 7481 	7482 	8011
f 8015 	8006 	7952
f 8050 	8051 	8020
f 8019 	8020 	8047
f 8083 	8067 	8009
f 8011 	7894 	7480
f 8014 	7996 	8034
f 8034 	7996 	7905
f 7106 	8083 	8009
f 8048 	8052 	8018
f 7539 	7540 	8035
f 8018 	8052 	7981
f 6973 	7962 	7947
f 8027 	8030 	7700
f 7905 	7997 	8034
f 8034 	7838 	8014
f 7828 	7822 	6973
f 7539 	8032 	8033
f 7389 	7390 	7991
f 7574 	7569 	8044
f 7569 	7538 	8044
f 8030 	6999 	7532
f 7387 	7389 	8008
f 7991 	8008 	7389
f 8013 	7127 	7223
f 8003 	8034 	8004
f 8007 	8012 	7975
f 7539 	8035 	8032
f 6951 	8033 	8032
f 6951 	8032 	8036
f 8035 	8036 	8032
f 7680 	6920 	7677
f 6962 	7677 	6920
f 8003 	8001 	8034
f 8001 	8016 	8034
f 7838 	8034 	8016
f 8030 	7532 	7699
f 8011 	8013 	7223
f 7685 	6927 	7684
f 7923 	7997 	7444
f 6920 	7680 	7684
f 6927 	6920 	7684
f 7685 	7688 	6927
f 7894 	7479 	7480
f 6920 	8041 	6963
f 7390 	7393 	7991
f 7699 	7700 	8030
f 6927 	8041 	6920
f 8009 	8067 	7975
f 6931 	8039 	8031
f 8004 	8037 	7957
f 6999 	8030 	7027
f 6951 	8036 	8040
f 8041 	6927 	8042
f 7128 	8021 	7137
f 7215 	8013 	8017
f 8017 	8021 	7215
f 8027 	8142 	8030
f 8015 	7952 	7868
f 8027 	8141 	8142
f 8044 	8043 	8046
f 8043 	8063 	8046
f 8045 	8046 	8063
f 7876 	7660 	7650
f 7579 	7876 	7650
f 7119 	8011 	7224
f 6920 	6963 	6962
f 8012 	8007 	7321
f 7961 	7660 	7963
f 8019 	8047 	8018
f 8050 	8023 	8044
f 7223 	7224 	8011
f 8047 	8020 	8051
f 7828 	6973 	8056
f 7878 	8015 	7868
f 8035 	7981 	8052
f 8041 	8056 	6963
f 7128 	7215 	8021
f 7998 	7109 	8053
f 7045 	7321 	8007
f 8047 	8028 	8048
f 8029 	8028 	8047
f 8028 	8031 	8048
f 8061 	8034 	7997
f 8061 	7997 	7923
f 8008 	7998 	8053
f 8047 	8051 	8045
f 8047 	8045 	8029
f 8046 	8045 	8051
f 7923 	8077 	8061
f 8048 	8039 	8052
f 8031 	8039 	8048
f 8038 	8052 	8039
f 8053 	7109 	7112
f 8046 	8050 	8044
f 8021 	8059 	8060
f 7980 	7974 	7045
f 8007 	7980 	7045
f 7828 	8056 	7867
f 8051 	8050 	8046
f 8038 	8040 	8052
f 8052 	8040 	8035
f 8035 	8040 	8036
f 7153 	8009 	7162
f 8059 	7240 	8060
f 7162 	8009 	7359
f 8056 	8049 	7867
f 8059 	8021 	8058
f 8037 	8004 	8061
f 8034 	8061 	8004
f 7121 	7948 	7982
f 8063 	7538 	8062
f 8033 	8062 	7538
f 7539 	8033 	7538
f 7137 	8060 	7240
f 6973 	6963 	8056
f 7121 	7954 	7948
f 8056 	8041 	8042
f 8056 	8042 	8049
f 8060 	7137 	8021
f 8022 	7122 	7109
f 7151 	7121 	7982
f 7242 	7240 	8059
f 8054 	7888 	7342
f 7382 	8053 	7381
f 7112 	7381 	8053
f 7087 	7221 	7951
f 8055 	7889 	8054
f 7087 	7954 	7120
f 8062 	8033 	7048
f 6951 	7048 	8033
f 8055 	7892 	7889
f 7602 	7603 	7472
f 8130 	7200 	7198
f 7603 	7474 	7472
f 8057 	7892 	8055
f 8053 	7382 	7384
f 8059 	8058 	7242
f 7643 	8026 	8116
f 7954 	7121 	7120
f 7061 	7124 	7122
f 8132 	7198 	7153
f 6967 	7013 	7656
f 8043 	7538 	8063
f 7387 	8008 	7384
f 8063 	8062 	7048
f 8045 	8063 	7048
f 7384 	8008 	8053
f 7471 	7502 	8026
f 7122 	8022 	7060
f 7472 	7471 	7602
f 8029 	8045 	7234
f 7061 	7122 	7060
f 7957 	8069 	7959
f 7643 	7602 	7471
f 8026 	7502 	7681
f 8066 	7959 	8069
f 8015 	7878 	6975
f 8026 	7681 	8090
f 6931 	8031 	8028
f 8068 	8066 	8069
f 8105 	7810 	8125
f 8064 	8065 	7804
f 8029 	7234 	8028
f 7804 	7805 	8064
f 8071 	6932 	8073
f 7759 	7834 	8071
f 7834 	6932 	8071
f 8074 	7709 	7741
f 6932 	7012 	8073
f 8074 	7710 	7709
f 8075 	8083 	7106
f 7790 	8074 	7741
f 8067 	8070 	7973
f 8075 	8070 	8067
f 7051 	8120 	8073
f 8075 	8067 	8083
f 6980 	8015 	6975
f 7959 	8066 	7961
f 8080 	7711 	8074
f 8074 	7711 	7710
f 8066 	8072 	7961
f 7759 	8071 	7772
f 7060 	8022 	6980
f 8077 	7923 	7448
f 8067 	7973 	7975
f 8022 	8015 	6980
f 6951 	8038 	6931
f 8039 	6931 	8038
f 7153 	7106 	8009
f 7812 	7811 	8078
f 7831 	8080 	8076
f 8079 	8069 	8037
f 8076 	8080 	8093
f 8080 	8084 	8093
f 8085 	8086 	7035
f 7957 	8037 	8069
f 7035 	7033 	8085
f 8074 	8084 	8080
f 8081 	8103 	7297
f 8078 	7596 	7812
f 7324 	7035 	8087
f 7924 	8077 	7448
f 8078 	7672 	7596
f 6938 	7324 	8087
f 8089 	8068 	8088
f 7831 	8076 	8090
f 8076 	8093 	8090
f 7999 	7987 	7184
f 7987 	8070 	7184
f 8085 	8082 	7297
f 8079 	8088 	8069
f 8068 	8069 	8088
f 8096 	6976 	7473
f 7988 	7999 	7151
f 7988 	7151 	7982
f 8097 	7925 	7455
f 7473 	7045 	8096
f 7999 	7184 	7151
f 8084 	8074 	8093
f 6987 	8098 	8100
f 8075 	7100 	8070
f 8100 	8101 	6987
f 8116 	8090 	8093
f 8093 	8105 	8116
f 8070 	7987 	7973
f 8089 	8099 	8068
f 8104 	6988 	8101
f 8090 	8116 	8026
f 8091 	7632 	7631
f 8098 	7045 	8100
f 8075 	7106 	7100
f 8095 	8123 	7631
f 8101 	8100 	7045
f 7630 	8095 	7631
f 7630 	7672 	8095
f 8104 	7045 	8102
f 8104 	8101 	7045
f 8077 	7924 	8108
f 7808 	8110 	8126
f 8086 	8085 	7297
f 8082 	8081 	7297
f 8103 	7045 	7297
f 7298 	7297 	7045
f 8103 	8102 	7045
f 8106 	8107 	7173
f 8061 	8077 	8108
f 7173 	7426 	8106
f 8105 	8093 	8074
f 7924 	7925 	8108
f 7309 	7661 	6970
f 7308 	7309 	6970
f 7631 	8123 	8091
f 8099 	8089 	8108
f 8088 	8108 	8089
f 8107 	8106 	7340
f 8117 	8125 	8126
f 8112 	7144 	8111
f 7851 	6945 	8110
f 7241 	8111 	7144
f 8113 	8114 	8112
f 7144 	8112 	8114
f 8088 	8079 	8108
f 8061 	8108 	8079
f 8061 	8079 	8037
f 8115 	7243 	8109
f 8106 	6972 	7340
f 7241 	8115 	8111
f 7927 	8097 	7455
f 8115 	7340 	8111
f 8117 	8116 	8105
f 8110 	6945 	8118
f 7343 	8113 	7340
f 8121 	8126 	8110
f 8120 	7907 	8091
f 8112 	8111 	7340
f 8110 	8118 	8121
f 8119 	8068 	8099
f 8113 	7343 	8114
f 8118 	8116 	8117
f 8118 	8117 	8121
f 8117 	8126 	8121
f 8115 	8109 	7340
f 8105 	8125 	8117
f 7892 	8124 	7886
f 8112 	7340 	8113
f 8124 	8092 	8094
f 7343 	7348 	8114
f 8094 	7886 	8124
f 7810 	7808 	8126
f 8125 	7810 	8126
f 7162 	7961 	8072
f 7904 	7037 	6945
f 7851 	7904 	6945
f 7039 	7906 	6939
f 7927 	8138 	8097
f 7039 	7037 	7904
f 7906 	7039 	7904
f 7899 	7044 	6942
f 8108 	8138 	8099
f 7900 	7424 	7049
f 8057 	8124 	7892
f 7874 	7632 	8091
f 7772 	8120 	8091
f 7928 	7886 	8094
f 8091 	8064 	7805
f 7162 	8072 	7153
f 7925 	8097 	8108
f 8119 	8099 	8138
f 6922 	8127 	8128
f 6921 	8127 	6922
f 6983 	8129 	6921
f 7878 	8120 	6975
f 6983 	6985 	8129
f 8054 	7889 	7888
f 6921 	8129 	8127
f 7342 	7888 	7908
f 7928 	8094 	8144
f 6985 	8130 	8129
f 8068 	6922 	8128
f 8068 	8128 	8066
f 7878 	7907 	8120
f 8131 	8132 	7153
f 8065 	8064 	8091
f 7153 	8072 	8131
f 8091 	8123 	8065
f 8131 	8072 	8128
f 8066 	8128 	8072
f 8120 	7772 	8071
f 8123 	7811 	8065
f 8078 	8095 	7672
f 8123 	8095 	7811
f 8120 	7038 	6975
f 8133 	7985 	7977
f 8071 	8073 	8120
f 8127 	8132 	8128
f 7051 	7038 	8120
f 8130 	7198 	8132
f 7060 	6980 	7891
f 8131 	8128 	8132
f 8130 	8132 	8129
f 8127 	8129 	8132
f 6985 	6993 	8130
f 8011 	7119 	7062
f 6923 	7931 	7469
f 8119 	8136 	8068
f 6934 	6928 	8135
f 8133 	8134 	8141
f 6926 	6922 	8136
f 8068 	8136 	6922
f 6928 	7941 	8135
f 8030 	8134 	7027
f 8134 	7518 	7027
f 6923 	8138 	7931
f 8139 	8137 	8133
f 8119 	8138 	8136
f 8140 	7012 	6932
f 7955 	6932 	7958
f 8137 	7915 	8133
f 7955 	8140 	6932
f 8133 	8141 	8139
f 7475 	7015 	7938
f 6980 	7012 	8140
f 8134 	8142 	8141
f 8134 	8030 	8142
f 6944 	6964 	6922
f 8140 	7891 	6980
f 7061 	7060 	7912
f 6921 	6922 	6964
f 8143 	6928 	6952
f 8139 	8141 	8027
f 8143 	7912 	7969
f 8143 	7969 	6928
f 8139 	8027 	7654
f 8139 	7654 	8137
f 6928 	7969 	7941
f 7880 	8137 	7654
f 7061 	7912 	8143
f 6935 	7078 	7577
f 7078 	6935 	8054
f 8054 	6935 	8145
f 6935 	8148 	8145
f 8148 	8146 	8145
f 8055 	8146 	8147
f 8055 	8054 	8146
f 8057 	8055 	8147
f 8054 	8145 	8146
f 6935 	7908 	8148
f 8149 	8151 	8152
f 8153 	8149 	8152
f 8092 	8151 	8149
f 8152 	7909 	8153
f 7909 	8152 	7914
f 7914 	8152 	8150
f 8152 	8057 	8150
f 8152 	8151 	8092
f 8148 	7908 	7916
f 8148 	8147 	8146
f 8150 	8147 	8148
f 8057 	8147 	8150
f 6935 	7651 	7908
f 7916 	7914 	8150
f 8144 	8149 	8153
f 8094 	8149 	8144
f 8092 	8149 	8094
f 7909 	8144 	8153
f 8148 	7916 	8150
f 8124 	8057 	8152
f 8152 	8092 	8124
# 2472 faces

 #end of obj_5

o obj_6
v 76.3681 		-39.616 		18.877
v 61.8081 		-68.772 		6.029
v 61.7952 		-68.7682 		0.0318
v 61.7951 		-68.772 		0.0318
v 76.2958 		-45.615 		18.877
v 76.2958 		-45.615 		18.8724
v 76.2961 		-45.615 		18.877
v 56.894 		-45.372 		8.3139
v 57.0081 		-45.3734 		8.27
v 57.112 		-45.3747 		8.2397
v 57.2381 		-45.3763 		8.203
v 76.2958 		-45.615 		18.8816
v 76.2958 		-45.615 		18.8816
v 40.3811 		-39.164 		3.077
v 44.8611 		-61.518 		6.066
v 44.8611 		-61.518 		6.066
v 44.8611 		-61.518 		6.066
v 61.8033 		-68.2981 		0.0319
v 56.2293 		-45.3637 		9.1857
v 56.1915 		-45.3632 		9.0668
v 56.1811 		-45.3631 		9.001
v 56.1991 		-45.3633 		8.881
v 76.2959 		-45.6024 		18.8816
v 56.2531 		-45.364 		8.763
v 56.2928 		-45.3645 		8.7115
v 71.3973 		-62.4889 		0.0116
v 45.1678 		-62.1699 		6.0653
v 56.3972 		-45.3658 		8.6002
v 56.5332 		-45.3675 		8.4958
v 56.6176 		-45.3686 		8.4405
v 56.7003 		-45.3696 		8.3994
v 76.3651 		-39.8408 		18.8816
v 47.0411 		-37.054 		20.532
v 47.1621 		-37.055 		19.037
v 56.1915 		-45.3634 		9.0668
v 56.1811 		-45.3633 		9.001
v 40.3708 		-40.8785 		7.7911
v 45.1162 		-62.7443 		6.0654
v 40.9171 		-37.072 		14.333
v 40.8992 		-39.1709 		14.333
v 71.4061 		-62.4537 		0.0116
v 41.2796 		-39.1757 		14.2822
v 71.3852 		-62.5371 		0.0116
v 45.0561 		-62.872 		6.0655
v 47.2481 		-37.127 		13.487
v 47.23 		-39.2503 		13.487
v 62.1457 		-71.3412 		0.0308
v 63.0796 		-71.3575 		0.0292
v 71.3744 		-62.5813 		0.0117
v 44.8164 		-63.1288 		6.066
v 56.1996 		-45.3633 		9.121
v 56.1996 		-45.3635 		9.121
v 41.3855 		-45.1778 		13.3213
v 76.365 		-39.8442 		18.8724
v 40.3626 		-40.887 		4.096
v 40.3635 		-40.8701 		4.4149
v 76.3691 		-39.616 		19.5
v 76.2971 		-45.615 		19.5
v 56.2292 		-45.3639 		9.1857
v 40.363 		-40.9233 		4.4665
v 47.0491 		-37.125 		12
v 40.7181 		-37.07 		12.846
v 69.8041 		-37.253 		20.532
v 69.6831 		-37.252 		19.037
v 71.4541 		-62.3316 		0.0115
v 40.3781 		-39.436 		1.929
v 40.3841 		-39.208 		3.077
v 40.3803 		-39.48 		3.077
v 69.6633 		-39.5319 		19.037
v 69.7019 		-39.5324 		19.5143
v 69.7019 		-39.5324 		19.5143
v 43.8671 		-63.3454 		6.068
v 40.3831 		-39.234 		2.685
v 69.7019 		-39.5325 		19.5143
v 69.766 		-39.5333 		20.3069
v 59.4971 		-42.5474 		0.0458
v 69.7842 		-39.5335 		20.532
v 40.3844 		-39.208 		3.077
v 44.103 		-63.4 		6.0675
v 73.9061 		-45.586 		27.382
v 44.1031 		-63.4 		6.0675
v 55.4011 		-42.4762 		0.0525
v 44.4391 		-63.347 		6.0668
v 74.9411 		-45.599 		25.386
v 40.3811 		-39.31 		2.3
v 47.2091 		-42.3336 		0.0661
v 76.2958 		-45.615 		18.8867
v 57.2381 		-45.3765 		8.203
v 45.4081 		-42.3023 		0.069
v 40.3851 		-39.208 		3.077
v 71.4764 		-62.292 		0.0114
v 57.112 		-45.3749 		8.2397
v 57.0081 		-45.3736 		8.27
v 71.0561 		-45.55 		30.909
v 45.6911 		-67.185 		6.064
v 40.3898 		-39.2081 		3.077
v 63.5931 		-56.2696 		6.0266
v 46.4045 		-68.0796 		0.0647
v 46.4182 		-67.2926 		0.0647
v 45.3443 		-66.1459 		6.0648
v 72.6031 		-45.569 		29.234
v 43.5684 		-67.1483 		6.0685
v 71.5174 		-62.2177 		0.0113
v 76.3678 		-39.616 		18.8724
v 40.3609 		-40.8757 		3.2309
v 76.3678 		-39.616 		18.877
v 40.3611 		-40.8612 		3.2541
v 66.7281 		-58.561 		6.0197
v 76.3678 		-39.616 		18.8816
v 56.894 		-45.3722 		8.3139
v 40.361 		-40.8774 		3.3074
v 40.3617 		-40.8851 		3.6607
v 46.4101 		-68.504 		6.062
v 40.3633 		-40.7966 		3.8919
v 76.3676 		-39.6285 		18.8724
v 40.3626 		-40.8873 		4.0903
v 56.8245 		-45.3712 		8.3406
v 76.3681 		-39.616 		19.0286
v 56.8001 		-45.3709 		8.35
v 46.3971 		-68.504 		0.0647
v 56.8001 		-45.371 		8.35
v 71.5442 		-62.1807 		0.0112
v 71.5951 		-62.1116 		0.0111
v 67.6354 		-56.3394 		0.0198
v 67.9799 		-56.0753 		0.0191
v 40.3601 		-40.9272 		3.1486
v 67.2565 		-56.3328 		0.0207
v 66.2596 		-56.3155 		0.0228
v 65.3514 		-56.2997 		0.0247
v 56.7003 		-45.3698 		8.3994
v 56.6176 		-45.3688 		8.4405
v 40.3604 		-40.9009 		3.077
v 76.3511 		-39.6155 		11.016
v 63.5931 		-56.2691 		0.0284
v 76.1471 		-45.614 		21.096
v 40.361 		-40.893 		3.3591
v 65.1878 		-56.2968 		0.0251
v 76.2954 		-45.615 		18.8867
v 40.3609 		-40.9126 		3.4239
v 40.3614 		-40.9014 		3.6183
v 75.6931 		-45.608 		23.278
v 46.2056 		-71.064 		0.0651
v 64.7109 		-56.2886 		0.0263
v 64.298 		-56.2814 		0.0272
v 63.7307 		-56.2715 		0.0283
v 63.5931 		-56.2691 		0.0285
v 76.2543 		-45.6145 		19.5001
v 56.5332 		-45.3677 		8.4958
v 45.0854 		-65.038 		6.0654
v 64.513 		-56.2851 		0.0268
v 40.3571 		-40.708 		0.479
v 76.2191 		-39.614 		21.096
v 76.3438 		-39.6157 		19.2397
v 76.3262 		-39.6155 		19.5001
v 56.4641 		-45.3666 		8.541
v 40.3621 		-40.382 		0.697
v 41.32 		-67.1093 		6.0732
v 41.5677 		-66.2699 		6.0728
v 40.9032 		-66.4122 		6.0742
v 40.4921 		-67.095 		6.075
v 40.3711 		-39.828 		1.25
v 41.9314 		-67.1199 		6.072
v 56.4641 		-45.3668 		8.541
v 41.3411 		-67.1097 		6.0732
v 40.3671 		-40.087 		0.955
v 71.6861 		-62.0176 		0.0109
v 40.3751 		-39.61 		1.577
v 60.4861 		-56.2155 		6.0333
v 62.0263 		-56.2423 		6.03
v 40.0199 		-59.6275 		0.0789
v 56.3972 		-45.366 		8.6002
v 62.0231 		-56.424 		6.03
v 59.0458 		-56.3724 		0.0381
v 60.9097 		-56.4048 		0.0341
v 55.7755 		-56.3155 		0.0454
v 56.4746 		-56.3277 		0.0437
v 40.0354 		-58.7326 		0.0788
v 56.3416 		-45.3651 		8.649
v 57.1441 		-56.3393 		0.0425
v 56.3416 		-45.3653 		8.649
v 59.6637 		-56.3832 		0.037
v 57.7917 		-56.3506 		0.0409
v 58.4236 		-56.3616 		0.0395
v 60.2835 		-56.3939 		0.0356
v 56.2531 		-45.3642 		8.763
v 56.2928 		-45.3647 		8.7115
v 61.5487 		-56.416 		0.033
v 40.0047 		-60.4988 		0.0785
v 76.2543 		-45.6073 		19.5001
v 71.1281 		-39.55 		30.909
v 76.2745 		-43.9299 		19.5001
v 39.9603 		-63.0535 		0.0789
v 39.9455 		-63.9095 		0.0785
v 73.9771 		-39.586 		27.382
v 71.3931 		-63.0124 		0.0116
v 71.3814 		-62.9716 		0.0116
v 75.0131 		-39.599 		25.386
v 39.9899 		-61.3556 		0.0789
v 39.9751 		-62.2042 		0.0789
v 56.1991 		-45.3635 		8.881
v 76.0914 		-45.6125 		16.4428
v 71.3745 		-62.9267 		0.0116
v 71.3621 		-62.8427 		0.0117
v 75.7641 		-39.608 		23.278
v 75.989 		-39.6112 		20.031
v 72.848 		-39.5719 		20.2846
v 57.0212 		-45.3736 		9.7314
v 57.3776 		-45.3781 		9.8235
v 57.2417 		-45.3764 		9.795
v 57.1378 		-45.3751 		9.7652
v 40.3441 		-42.214 		6.079
v 39.8987 		-66.6042 		0.0789
v 57.0111 		-45.3735 		9.7285
v 39.9303 		-64.7808 		0.0789
v 39.9148 		-65.6765 		0.0788
v 56.9167 		-45.3723 		9.6928
v 56.7204 		-45.3699 		9.6088
v 75.9349 		-39.6105 		19.3619
v 56.5506 		-45.3677 		9.5143
v 56.4661 		-45.3667 		9.46
v 56.4106 		-45.366 		9.4117
v 56.3029 		-45.3646 		9.301
v 56.2541 		-45.364 		9.239
v 56.2541 		-45.3642 		9.239
v 75.868 		-39.6097 		18.536
v 76.1061 		-39.6125 		12.847
v 76.0968 		-39.6124 		12.9159
v 56.3029 		-45.3648 		9.301
v 40.3377 		-42.214 		3.136
v 40.3311 		-42.214 		0.079
v 71.3614 		-62.797 		0.0117
v 72.6751 		-39.57 		29.234
v 76.1261 		-37.379 		12.846
v 75.9271 		-37.377 		14.333
v 40.4921 		-67.095 		6.075
v 56.3431 		-45.3651 		9.3525
v 40.5024 		-66.5004 		6.075
v 56.3431 		-45.3653 		9.3525
v 43.5818 		-42.2705 		0.072
v 43.1131 		-42.2658 		0.073
v 45.7945 		-61.2643 		6.064
v 40.3361 		-42.208 		0.077
v 45.7189 		-65.5932 		6.064
v 56.4661 		-45.3669 		9.46
v 56.4106 		-45.3662 		9.4117
v 45.717 		-65.7053 		6.064
v 71.3594 		-62.7116 		0.0117
v 40.3357 		-42.2379 		0.079
v 40.3357 		-42.2391 		0.079
v 40.336 		-42.2141 		0.079
v 45.7072 		-66.2634 		6.0637
v 45.7005 		-66.6474 		6.0638
v 40.3368 		-42.2391 		0.079
v 75.9071 		-39.61 		14.333
v 45.6957 		-66.9234 		6.0639
v 45.6911 		-67.1847 		6.0638
v 45.6911 		-67.185 		6.0638
v 75.8821 		-67.841 		0.0019
v 45.7291 		-65.0117 		6.0637
v 40.3374 		-42.2391 		0.079
v 45.7237 		-65.3163 		6.0636
v 40.3377 		-42.2391 		0.079
v 60.6289 		-56.2177 		0.0346
v 40.3398 		-42.2391 		0.079
v 61.0649 		-56.2252 		0.0339
v 60.9543 		-56.2233 		0.0341
v 43.0918 		-42.2656 		0.0731
v 60.7005 		-56.2189 		0.0346
v 59.2789 		-56.1942 		0.0377
v 59.0352 		-56.19 		0.0381
v 75.8495 		-69.7151 		0.0015
v 42.7673 		-62.169 		0.0729
v 42.7771 		-62.0836 		0.0728
v 75.8663 		-68.7445 		0.0021
v 75.8311 		-70.7708 		0.0022
v 55.4011 		-56.1269 		0.0457
v 75.8173 		-71.5702 		0.002
v 71.7219 		-61.9891 		0.0108
v 58.411 		-56.1791 		0.0395
v 56.5506 		-45.368 		9.5143
v 42.7624 		-62.2143 		0.0729
v 56.6201 		-45.3686 		9.5595
v 56.6201 		-45.3688 		9.5595
v 71.7765 		-61.9453 		0.0107
v 42.7882 		-62.0394 		0.0728
v 71.7851 		-39.5585 		20.3704
v 75.8301 		-71.58 		5.999
v 56.7204 		-45.3701 		9.6088
v 75.8171 		-71.579 		0.002
v 42.8084 		-61.9566 		0.0728
v 75.799 		-71.5787 		0.0021
v 70.8819 		-39.5472 		20.4434
v 56.8026 		-45.3709 		9.6495
v 56.8026 		-45.3711 		9.6495
v 42.8564 		-61.8346 		0.0727
v 72.8024 		-63.6565 		0.0085
v 72.7001 		-63.7017 		0.0087
v 76.0091 		-37.307 		20.031
v 75.1736 		-71.5678 		0.0033
v 57.0111 		-45.3737 		9.7285
v 56.9167 		-45.3725 		9.6928
v 72.5741 		-63.7376 		0.009
v 42.8784 		-61.7946 		0.0727
v 42.9201 		-61.7197 		0.0726
v 62.0133 		-56.2417 		0.032
v 61.6122 		-56.2347 		0.0329
v 40.3156 		-45.1642 		6.0787
v 40.351 		-42.2168 		6.079
v 44.0361 		-45.211 		8.597
v 44.3197 		-45.2145 		8.29
v 45.784 		-45.2329 		9.8596
v 42.7341 		-45.195 		10.449
v 57.2416 		-45.3766 		9.795
v 60.3096 		-56.2121 		0.0355
v 59.6715 		-56.201 		0.037
v 57.1378 		-45.3753 		9.7652
v 58.3946 		-56.1789 		0.0396
v 56.9921 		-56.1545 		0.0428
v 56.3881 		-56.144 		0.0439
v 41.6981 		-45.182 		12.445
v 72.4441 		-63.7566 		0.0093
v 44.0361 		-45.2109 		8.597
v 44.0361 		-45.2109 		8.597
v 55.6684 		-56.1315 		0.0456
v 55.4011 		-56.1269 		0.0461
v 42.7342 		-45.1947 		10.4489
v 42.7341 		-45.1947 		10.449
v 41.6981 		-45.1817 		12.445
v 41.6982 		-45.1817 		12.4449
v 69.929 		-71.4766 		0.0145
v 68.5547 		-71.4527 		0.0174
v 57.3776 		-45.3783 		9.8235
v 57.7441 		-56.1676 		0.0411
v 57.0417 		-56.1554 		0.0427
v 40.3431 		-45.1645 		6.0787
v 42.253 		-45.1885 		6.0746
v 46.1857 		-45.2378 		6.0663
v 72.3131 		-63.7597 		0.0096
v 57.0773 		-56.156 		0.0426
v 67.913 		-45.5104 		6.8534
v 63.1156 		-45.4502 		7.9019
v 61.6979 		-45.4324 		6.8948
v 51.8061 		-45.3084 		8.2968
v 49.3006 		-45.2772 		14.0158
v 47.7656 		-45.2579 		14.8067
v 58.176 		-45.3879 		9.9123
v 72.1831 		-63.7447 		0.0098
v 58.0241 		-45.386 		9.9085
v 57.9013 		-45.3845 		9.8981
v 57.6343 		-45.3812 		9.8683
v 57.4901 		-45.3794 		9.8475
v 40.7002 		-39.1683 		12.8469
v 41.3521 		-39.1765 		12.7598
v 47.031 		-39.2477 		12
v 62.0263 		-56.2423 		6.03
v 58.452 		-45.3914 		9.9111
v 62.0101 		-56.424 		0.0319
v 57.4866 		-45.3793 		8.149
v 57.3501 		-45.3779 		8.1786
v 57.605 		-45.3808 		8.1314
v 57.8715 		-45.3841 		8.0992
v 58.1448 		-45.3875 		8.0824
v 58.2965 		-45.3894 		8.0775
v 72.1389 		-63.7335 		0.0099
v 40.351 		-42.2141 		6.079
v 58.2966 		-45.3894 		8.0775
v 58.4218 		-45.391 		8.0806
v 57.4901 		-45.3797 		9.8475
v 62.0133 		-56.2417 		0.032
v 72.0561 		-63.7133 		0.0101
v 57.6343 		-45.3816 		9.8683
v 57.7527 		-45.3827 		9.8855
v 61.9822 		-58.0273 		0.0317
v 57.7526 		-45.383 		9.8855
v 62.0023 		-56.8724 		0.0319
v 72.0136 		-63.6969 		0.0102
v 71.9341 		-63.6656 		0.0103
v 45.835 		-39.2627 		3.0653
v 43.1131 		-39.2354 		3.0711
v 58.0241 		-45.3864 		9.9085
v 57.9013 		-45.3849 		9.8981
v 63.0141 		-56.2595 		6.0279
v 76.3151 		-42.84 		0.002
v 76.3281 		-42.84 		6.002
v 76.1341 		-53.964 		6.002
v 69.2357 		-45.527 		6.2429
v 76.3051 		-42.569 		0
v 58.176 		-45.3884 		9.9123
v 58.3005 		-45.3895 		9.9154
v 58.3007 		-45.3895 		9.9155
v 71.8191 		-63.6016 		0.0106
v 63.391 		-56.2656 		0.0289
v 62.9929 		-56.2587 		0.0297
v 58.3006 		-45.3899 		9.9155
v 62.5779 		-56.2515 		0.0306
v 58.452 		-45.3918 		9.9111
v 69.5772 		-39.5305 		13.487
v 69.5886 		-39.5307 		13.4023
v 69.6793 		-39.5318 		12.7209
v 69.259 		-39.5266 		12.9516
v 69.6852 		-39.5319 		12.6763
v 58.4217 		-45.3914 		8.0806
v 58.2966 		-45.3898 		8.0775
v 69.698 		-39.5321 		12.5808
v 40.3618 		-41.0487 		4.5881
v 40.3621 		-41.0944 		5.0058
v 40.3654 		-40.9698 		5.8034
v 40.3654 		-40.9697 		5.8036
v 62.2893 		-56.2465 		0.0313
v 40.3641 		-41.06 		5.848
v 58.1447 		-45.3879 		8.0824
v 58.0201 		-45.3863 		8.086
v 57.8715 		-45.3845 		8.0992
v 57.7486 		-45.3829 		8.11
v 40.3591 		-41.432 		5.974
v 57.605 		-45.3811 		8.1314
v 57.4866 		-45.3796 		8.149
v 73.3151 		-63.0637 		0.0075
v 40.3644 		-41.06 		5.848
v 40.3644 		-41.06 		5.848
v 69.7752 		-39.533 		12.0009
v 69.7753 		-39.533 		12
v 58.5766 		-45.3934 		9.907
v 76.2816 		-44.5235 		6.002
v 76.2685 		-45.615 		6.002
v 40.3629 		-41.1915 		5.8925
v 58.8486 		-45.3968 		9.883
v 76.3018 		-42.8395 		6.0021
v 59.1106 		-45.4001 		9.844
v 59.3586 		-45.4032 		9.79
v 76.1341 		-45.6133 		6.0023
v 68.7388 		-45.5208 		6.0181
v 69.5489 		-45.5309 		6.0164
v 59.4848 		-45.4048 		9.7533
v 68.5574 		-45.5185 		6.0185
v 69.7274 		-45.5331 		6.016
v 47.5086 		-56.1716 		0.0629
v 59.46 		-45.4044 		8.2283
v 73.3057 		-63.0875 		0.0075
v 70.5185 		-45.543 		6.0143
v 59.3557 		-45.4031 		8.198
v 49.0197 		-56.1979 		0.0598
v 59.2191 		-45.4014 		8.1689
v 59.1071 		-45.4 		8.1455
v 73.2671 		-63.1856 		0.0076
v 50.3223 		-56.2206 		0.0568
v 51.4651 		-56.2405 		0.0542
v 40.3602 		-41.432 		5.974
v 52.4844 		-56.2582 		0.0525
v 53.4072 		-56.2743 		0.0505
v 76.3521 		-39.798 		4.148
v 76.3511 		-39.971 		4.5
v 58.0201 		-45.3859 		8.086
v 40.3591 		-41.528 		5.9932
v 58.9634 		-45.3982 		8.1246
v 58.8447 		-45.3967 		8.1075
v 54.253 		-56.289 		0.0483
v 55.0385 		-56.3027 		0.0468
v 76.3451 		-40.448 		5.121
v 76.3421 		-40.743 		5.38
v 76.3381 		-41.069 		5.598
v 76.3331 		-41.421 		5.772
v 58.6955 		-45.3948 		8.0948
v 58.5731 		-45.3933 		8.0845
v 40.3541 		-41.816 		6.051
v 73.2451 		-63.2253 		0.0076
v 73.2034 		-63.2997 		0.0077
v 60.3981 		-45.4162 		9.112
v 68.9157 		-39.522 		5.1595
v 54.9096 		-56.1183 		0.0471
v 60.408 		-45.4163 		9.0462
v 60.4156 		-45.4164 		8.992
v 40.3491 		-42.208 		6.077
v 69.8334 		-39.5335 		5.8406
v 52.0715 		-56.069 		0.0527
v 60.4052 		-45.4163 		8.9262
v 60.3971 		-45.4162 		8.872
v 54.1009 		-56.1043 		0.0487
v 60.3431 		-45.4155 		8.754
v 57.7487 		-45.3826 		8.11
v 60.2943 		-45.4149 		8.6915
v 60.2541 		-45.4144 		8.6405
v 76.3481 		-40.189 		4.826
v 53.2302 		-56.0892 		0.0509
v 60.1866 		-45.4135 		8.5818
v 52.2801 		-56.0727 		0.0529
v 60.1311 		-45.4128 		8.533
v 51.2307 		-56.0544 		0.0547
v 60.0466 		-45.4118 		8.4782
v 59.9771 		-45.4109 		8.4335
v 40.3587 		-41.5635 		6.0004
v 59.7941 		-45.4086 		8.3435
v 50.0543 		-56.034 		0.0574
v 59.5861 		-45.406 		8.2645
v 48.3064 		-56.0036 		0.0613
v 47.2091 		-55.9846 		0.0635
v 40.349 		-42.2141 		6.0766
v 40.3444 		-42.2141 		4.096
v 40.3511 		-42.208 		6.077
v 40.351 		-42.2141 		6.0766
v 59.5891 		-45.4061 		9.723
v 40.3558 		-41.816 		6.051
v 48.7134 		-56.0107 		0.0605
v 40.3558 		-41.816 		6.051
v 59.7032 		-45.4075 		9.6791
v 59.7971 		-45.4087 		9.643
v 70.9156 		-39.547 		3.4362
v 68.3985 		-39.5155 		3.4096
v 59.8974 		-45.4099 		9.5931
v 59.9796 		-45.411 		9.5525
v 60.0636 		-45.412 		9.4976
v 60.1331 		-45.4129 		9.452
v 71.3409 		-42.7535 		0.0262
v 60.2551 		-45.4144 		9.344
v 60.3441 		-45.4155 		9.23
v 76.3343 		-39.7978 		4.148
v 76.3343 		-39.7978 		4.148
v 76.3344 		-39.7801 		4.096
v 42.9472 		-61.6831 		0.0725
v 42.9981 		-61.6146 		0.0724
v 60.5171 		-45.4177 		10.2669
v 59.46 		-45.4042 		8.2283
v 59.4848 		-45.4046 		9.7533
v 59.3586 		-45.403 		9.79
v 59.1106 		-45.3998 		9.844
v 58.8486 		-45.3965 		9.883
v 58.5766 		-45.393 		9.907
v 76.333 		-39.9708 		4.5
v 76.3343 		-39.7979 		4.1482
v 46.1699 		-55.9665 		6.064
v 46.719 		-55.976 		6.0628
v 46.7473 		-55.9765 		6.0627
v 58.6955 		-45.3945 		8.0948
v 58.8447 		-45.3964 		8.1075
v 58.9634 		-45.3979 		8.1246
v 46.6251 		-56.156 		6.063
v 59.1071 		-45.3997 		8.1455
v 59.2191 		-45.4012 		8.1689
v 46.0938 		-55.9652 		6.0641
v 76.3311 		-40.1888 		4.826
v 76.333 		-39.9709 		4.5002
v 43.0298 		-61.5819 		0.0724
v 40.3594 		-40.972 		3.077
v 76.3286 		-40.4478 		5.121
v 43.0668 		-61.5437 		0.0723
v 51.7713 		-45.3082 		14.3034
v 43.0891 		-61.5206 		0.0722
v 76.3256 		-40.7428 		5.38
v 73.1254 		-63.4056 		0.0078
v 76.3222 		-41.0688 		5.598
v 76.3222 		-41.0688 		5.598
v 76.3183 		-41.4208 		5.772
v 76.3222 		-41.069 		5.5981
v 73.0344 		-63.4996 		0.008
v 47.2091 		-45.2506 		6.0642
v 46.6121 		-56.156 		0.0647
v 47.9733 		-45.2602 		6.0626
v 76.3171 		-41.528 		5.8083
v 67.3391 		-45.504 		33.619
v 65.2321 		-45.477 		34.607
v 71.2419 		-53.9971 		0.0123
v 70.7031 		-53.9878 		0.0134
v 76.3118 		-42.8398 		5.0541
v 76.3099 		-42.8398 		4.096
v 43.0834 		-62.995 		0.0722
v 43.0596 		-62.9719 		0.0723
v 76.3181 		-42.569 		6
v 47.1578 		-55.9837 		0.0636
v 72.9986 		-63.5282 		0.0081
v 43.0221 		-62.9356 		0.0723
v 76.314 		-42.8398 		5.982
v 46.6153 		-55.9743 		0.0648
v 70.939 		-56.3967 		0.0129
v 68.6096 		-56.3563 		0.0178
v 71.2365 		-54.6005 		0.0123
v 71.2218 		-56.2453 		0.0123
v 56.0091 		-45.362 		35.775
v 76.3231 		-42.177 		5.974
v 46.5788 		-58.0709 		0.0648
v 46.5914 		-57.343 		0.0647
v 70.573 		-56.3904 		0.0137
v 46.6051 		-56.5565 		0.0647
v 68.6696 		-56.3573 		0.0177
v 58.3561 		-45.391 		35.915
v 72.9321 		-63.5816 		0.0082
v 76.3281 		-41.793 		5.898
v 63.0071 		-45.449 		35.326
v 76.3135 		-42.8397 		5.982
v 60.7021 		-45.42 		35.765
v 42.9939 		-62.8998 		0.0724
v 76.3121 		-42.8397 		5.982
v 72.8931 		-63.605 		0.0083
v 72.8201 		-63.6487 		0.0084
v 42.9404 		-62.8333 		0.0725
v 69.6191 		-56.3738 		0.0159
v 76.3017 		-42.8395 		5.9821
v 76.305 		-42.5689 		6
v 42.9167 		-62.7943 		0.0726
v 42.8724 		-62.7206 		0.0726
v 76.3017 		-42.8395 		5.9821
v 51.4741 		-45.305 		34.636
v 76.3141 		-41.7929 		5.898
v 53.7021 		-45.333 		35.346
v 45.3118 		-55.9516 		0.0675
v 45.2913 		-55.9513 		0.0675
v 59.3557 		-45.4029 		8.198
v 76.3097 		-42.1769 		5.974
v 76.3141 		-41.793 		5.8981
v 66.7281 		-58.561 		6.02
v 40.3426 		-42.2141 		3.328
v 76.3501 		-39.671 		2.223
v 76.3521 		-39.595 		2.608
v 68.5539 		-61.1459 		6.0156
v 69.2921 		-45.528 		32.379
v 76.3531 		-39.671 		3.776
v 40.3423 		-42.2141 		3.2141
v 40.3423 		-42.2141 		3.2
v 73.0402 		-62.0253 		0.008
v 73.1014 		-62.0846 		0.0079
v 70.1758 		-64.0455 		6.0117
v 76.3531 		-39.569 		3
v 76.3531 		-39.595 		3.391
v 58.5731 		-45.3929 		8.0845
v 68.5781 		-64.948 		6.015
v 73.1296 		-62.1202 		0.0079
v 60.4052 		-45.4162 		8.9262
v 60.4156 		-45.4163 		8.992
v 60.408 		-45.4162 		9.0462
v 60.3981 		-45.4161 		9.112
v 59.7699 		-45.4082 		8.3342
v 59.7941 		-45.4085 		8.3435
v 59.9771 		-45.4108 		8.4335
v 60.0466 		-45.4117 		8.4782
v 60.1866 		-45.4134 		8.5818
v 60.2541 		-45.4143 		8.6405
v 60.2943 		-45.4148 		8.6915
v 60.3431 		-45.4154 		8.754
v 59.5861 		-45.4058 		8.2645
v 40.3421 		-42.2141 		3.136
v 40.3421 		-42.208 		3.077
v 42.8204 		-62.6006 		0.0728
v 60.3971 		-45.4161 		8.872
v 76.3351 		-39.6708 		3.776
v 76.3351 		-39.615 		3.4934
v 42.8075 		-62.5568 		0.0728
v 42.7841 		-62.4746 		0.0728
v 76.1341 		-39.6125 		3.4913
v 42.7775 		-62.4294 		0.0728
v 76.3097 		-42.8398 		4.0111
v 76.309 		-42.8398 		3.6535
v 42.7644 		-62.3453 		0.0729
v 76.3081 		-42.8398 		3.3529
v 76.308 		-42.8398 		3.2708
v 76.3079 		-42.8398 		3.2077
v 76.3078 		-42.8398 		3.1563
v 76.3077 		-42.8398 		3.1122
v 60.1311 		-45.4127 		8.533
v 76.3075 		-42.8398 		3.0725
v 76.3075 		-42.8398 		3.072
v 42.763 		-62.2527 		0.0729
v 76.3084 		-42.8398 		3.4689
v 69.5961 		-37.322 		13.487
v 69.7951 		-37.324 		12
v 44.1024 		-63.2037 		0.0699
v 69.5773 		-39.5305 		13.487
v 40.3421 		-42.2141 		3.1231
v 40.342 		-42.2141 		3.0917
v 40.3421 		-42.2141 		3.0997
v 43.9764 		-63.2406 		0.0701
v 40.342 		-42.2141 		3.0817
v 40.342 		-42.2141 		3.0795
v 40.342 		-42.2141 		3.0797
v 60.3441 		-45.4154 		9.23
v 60.2551 		-45.4143 		9.344
v 60.1331 		-45.4128 		9.452
v 60.0636 		-45.4119 		9.4976
v 59.8974 		-45.4098 		9.5931
v 59.7032 		-45.4074 		9.6791
v 59.5891 		-45.4059 		9.723
v 59.5792 		-45.4058 		9.7259
v 43.9312 		-63.2473 		0.0702
v 40.342 		-42.2141 		3.0849
v 40.342 		-42.2141 		3.0875
v 43.8471 		-63.2597 		0.0704
v 40.342 		-42.2141 		3.0805
v 67.1521 		-59.3889 		6.0189
v 67.0809 		-59.7719 		6.019
v 40.342 		-42.2141 		3.0762
v 40.342 		-42.2141 		3.0778
v 40.342 		-42.2141 		3.0786
v 59.7971 		-45.4085 		9.643
v 43.7161 		-63.2626 		0.0707
v 40.342 		-42.2141 		3.077
v 75.339 		-39.603 		18.5787
v 40.342 		-42.2141 		3.0735
v 40.342 		-42.2141 		3.0745
v 66.7038 		-59.96 		6.0198
v 40.342 		-42.2141 		3.072
v 40.342 		-42.2141 		3.0723
v 66.7181 		-59.138 		6.0199
v 75.3385 		-39.603 		18.5788
v 66.7113 		-59.5272 		6.0198
v 59.9796 		-45.4108 		9.5525
v 43.6708 		-63.2574 		0.0708
v 73.1831 		-62.1866 		0.0078
v 43.5854 		-63.2477 		0.071
v 43.4584 		-63.2157 		0.0713
v 73.2068 		-62.2256 		0.0077
v 73.2504 		-62.2986 		0.0077
v 43.3364 		-63.1676 		0.0715
v 71.4587 		-71.5032 		0.0111
v 43.2214 		-63.1047 		0.0718
v 40.342 		-42.2141 		3.0754
v 57.0465 		-39.3735 		8.2829
v 43.1164 		-63.0266 		0.0721
v 73.1872 		-71.5333 		0.0072
v 56.8427 		-39.3709 		8.3645
v 56.6892 		-39.3689 		8.4408
v 56.6644 		-39.3686 		8.4571
v 56.5164 		-39.3668 		8.5584
v 56.3989 		-39.3653 		8.6674
v 56.3251 		-39.3644 		8.763
v 56.2711 		-39.3637 		8.881
v 56.2531 		-39.3635 		9.001
v 56.2561 		-39.3635 		9.0204
v 56.28 		-39.3638 		9.14
v 57.0801 		-39.3739 		8.27
v 57.3101 		-39.3768 		8.203
v 57.2729 		-39.3764 		8.2138
v 56.2561 		-39.3633 		9.0204
v 56.2531 		-39.3633 		9.001
v 44.7421 		-62.0476 		0.0686
v 40.342 		-42.2141 		3.0831
v 56.2712 		-39.3637 		9.121
v 56.2712 		-39.3635 		9.121
v 58.8546 		-45.3967 		18.7043
v 58.7322 		-45.3952 		18.6888
v 44.749 		-62.0929 		0.0686
v 44.7614 		-62.1777 		0.0686
v 56.28 		-39.3636 		9.14
v 40.342 		-42.2141 		3.0709
v 40.342 		-42.2141 		3.0543
v 40.342 		-42.2141 		3.0577
v 73.2685 		-62.3408 		0.0076
v 57.3101 		-39.3765 		8.203
v 58.3133 		-45.3899 		18.9646
v 40.342 		-42.2141 		3.0501
v 58.3202 		-45.39 		18.9836
v 44.7621 		-62.2233 		0.0686
v 58.3443 		-45.3903 		18.9545
v 40.342 		-42.2141 		3.0665
v 40.342 		-42.2141 		3.0691
v 58.351 		-45.3904 		18.9853
v 57.273 		-39.3761 		8.2138
v 40.342 		-42.2141 		3.0622
v 57.0801 		-39.3736 		8.27
v 73.3031 		-62.4196 		0.0076
v 58.3447 		-45.3903 		19.001
v 44.7636 		-62.2875 		0.0685
v 44.7641 		-62.3086 		0.0685
v 58.3353 		-45.3902 		19.0225
v 40.34 		-42.2141 		2.048
v 40.3419 		-42.2141 		3.01
v 58.3753 		-45.3907 		18.945
v 57.0465 		-39.3732 		8.2829
v 76.3111 		-42.569 		3
v 58.3633 		-45.3905 		18.968
v 44.7491 		-62.4387 		0.0686
v 58.3768 		-45.3907 		18.9684
v 73.5434 		-67.6694 		6.0045
v 73.316 		-62.4635 		0.0075
v 58.4357 		-45.3914 		18.9985
v 73.3208 		-62.4804 		0.0075
v 56.8961 		-39.3715 		8.3408
v 73.9882 		-67.6772 		6.0035
v 73.8 		-67.6739 		6.0036
v 74.2801 		-67.6823 		6.0028
v 56.8721 		-39.3712 		8.35
v 74.1132 		-67.6794 		6.003
v 73.3394 		-62.5456 		0.0075
v 40.3419 		-42.2141 		3.0349
v 74.3211 		-67.683 		6.0027
v 56.8721 		-39.371 		8.35
v 40.342 		-42.2141 		3.0625
v 58.1164 		-45.3875 		18.9671
v 56.8427 		-39.3707 		8.3645
v 58.2079 		-45.3886 		18.9968
v 56.6892 		-39.3688 		8.4408
v 40.342 		-42.2141 		3.0623
v 58.275 		-45.3894 		18.9708
v 40.3419 		-42.2141 		3.0308
v 58.2951 		-45.3897 		18.9724
v 58.2482 		-45.3891 		19.0334
v 44.7383 		-62.4829 		0.0686
v 44.7174 		-62.5657 		0.0687
v 58.305 		-45.3898 		18.9686
v 71.3673 		-67.6315 		6.0091
v 74.3211 		-67.683 		6.003
v 56.6644 		-39.3684 		8.4571
v 56.5361 		-39.367 		8.541
v 44.6694 		-62.6876 		0.0688
v 57.8363 		-45.3839 		19.3745
v 56.5361 		-39.3668 		8.541
v 58.3793 		-45.3907 		18.9381
v 56.5164 		-39.3666 		8.5584
v 44.6471 		-62.7277 		0.0688
v 58.4257 		-45.3913 		18.9415
v 58.398 		-45.391 		18.9245
v 58.4249 		-45.3913 		18.8882
v 44.6061 		-62.8027 		0.0689
v 56.4132 		-39.3655 		8.649
v 57.5078 		-45.3798 		18.8156
v 56.4132 		-39.3653 		8.649
v 44.5793 		-62.8392 		0.069
v 44.5284 		-62.9076 		0.0691
v 56.3251 		-39.3642 		8.763
v 56.3989 		-39.3651 		8.6674
v 57.4349 		-45.3789 		19.0271
v 73.346 		-62.5906 		0.0075
v 44.5032 		-62.934 		0.0691
v 44.4374 		-63.0026 		0.0693
v 56.2711 		-39.3635 		8.881
v 40.3521 		-41.06 		0.305
v 40.3471 		-41.431 		0.179
v 73.3591 		-62.6747 		0.0074
v 57.0927 		-39.3741 		9.7316
v 57.1204 		-39.3745 		9.7397
v 44.4016 		-63.0308 		0.0693
v 56.3261 		-39.3644 		9.239
v 56.3404 		-39.3646 		9.2572
v 56.4349 		-39.3658 		9.3703
v 56.5381 		-39.3671 		9.46
v 56.5629 		-39.3674 		9.476
v 56.7216 		-39.3694 		9.5744
v 56.9078 		-39.3718 		9.6626
v 57.0831 		-39.374 		9.7288
v 57.3132 		-39.3769 		9.795
v 57.3533 		-39.3774 		9.8034
v 73.3611 		-62.8056 		0.0074
v 56.3261 		-39.3642 		9.239
v 44.3351 		-63.0843 		0.0694
v 73.8691 		-45.585 		10.382
v 74.9141 		-45.598 		12.374
v 56.3404 		-39.3644 		9.2572
v 73.5712 		-45.5811 		9.9623
v 56.4151 		-39.3655 		9.3528
v 56.4151 		-39.3653 		9.3528
v 73.8691 		-45.5848 		10.382
v 73.8691 		-45.5848 		10.382
v 44.2961 		-63.108 		0.0695
v 44.2224 		-63.1516 		0.0696
v 56.5381 		-39.3669 		9.46
v 56.4349 		-39.3656 		9.3703
v 74.9141 		-45.5979 		12.374
v 74.9141 		-45.5979 		12.374
v 56.5629 		-39.3672 		9.476
v 73.3562 		-62.8509 		0.0074
v 73.3464 		-62.9356 		0.0075
v 40.3411 		-41.816 		0.102
v 56.6921 		-39.369 		9.5598
v 56.6921 		-39.3688 		9.5598
v 75.1078 		-39.5996 		12.7134
v 74.9851 		-39.598 		12.374
v 74.3733 		-39.5904 		12.6152
v 56.7216 		-39.3692 		9.5744
v 73.9411 		-39.585 		10.382
v 70.7542 		-39.5452 		12.131
v 66.7554 		-65.3514 		6.0189
v 66.6079 		-65.4835 		6.0192
v 70.6883 		-39.5444 		12.1222
v 66.5971 		-66.109 		6.0192
v 56.8742 		-39.3713 		9.6498
v 66.5988 		-66.0083 		6.0192
v 56.8742 		-39.3711 		9.6498
v 43.1249 		-61.4921 		0.0721
v 57.0831 		-39.3737 		9.7288
v 56.9078 		-39.3715 		9.6626
v 73.3263 		-39.5775 		9.5157
v 70.302 		-39.5396 		12.0705
v 74.9851 		-39.5984 		12.374
v 43.1914 		-61.4387 		0.072
v 75.1078 		-39.5999 		12.7134
v 73.3353 		-62.9802 		0.0075
v 74.985 		-39.5984 		12.3739
v 73.9411 		-39.5852 		10.382
v 73.941 		-39.5852 		10.3819
v 43.3034 		-61.3707 		0.0717
v 57.3132 		-39.3766 		9.795
v 57.1204 		-39.3742 		9.7397
v 71.7218 		-39.5573 		7.5599
v 56.5001 		-45.3672 		19.5424
v 71.0771 		-39.549 		6.868
v 66.7197 		-59.044 		6.0196
v 66.7064 		-59.8101 		6.0197
v 71.0771 		-39.5492 		6.868
v 57.2778 		-45.3769 		19.5407
v 71.077 		-39.5492 		6.868
v 57.3533 		-39.3771 		9.8034
v 43.4234 		-61.3186 		0.0714
v 75.3788 		-39.6033 		12.7497
v 75.4 		-39.6036 		12.7525
v 43.5494 		-61.2826 		0.0711
v 71.7884 		-61.9356 		0.0107
v 74.8017 		-45.5966 		6.0052
v 57.5621 		-39.3801 		9.8478
v 57.6045 		-39.3806 		9.854
v 57.868 		-39.384 		9.8896
v 58.0961 		-39.3869 		9.9088
v 58.1408 		-39.3875 		9.91
v 43.6794 		-61.2626 		0.0708
v 58.4168 		-39.391 		9.9145
v 58.3681 		-39.3904 		8.0778
v 58.3235 		-39.3898 		8.0793
v 58.0483 		-39.3863 		8.0899
v 43.8104 		-61.2607 		0.0705
v 57.7779 		-39.3828 		8.1163
v 57.5582 		-39.38 		8.149
v 57.5181 		-39.3795 		8.1577
v 52.5273 		-45.3175 		18.9276
v 58.3682 		-39.3904 		8.0778
v 71.8274 		-61.9123 		0.0106
v 71.9011 		-61.8687 		0.0105
v 57.5621 		-39.3797 		9.8478
v 43.8557 		-61.2659 		0.0704
v 57.6045 		-39.3803 		9.854
v 74.6492 		-39.5939 		3.4756
v 71.7851 		-39.5579 		3.4453
v 43.9404 		-61.2757 		0.0703
v 57.8242 		-39.3835 		9.8858
v 57.8242 		-39.383 		9.8858
v 71.7851 		-42.7612 		0.0255
v 58.0961 		-39.3865 		9.9088
v 43.9847 		-61.2864 		0.0702
v 44.0674 		-61.3066 		0.07
v 57.868 		-39.3836 		9.8896
v 60.6752 		-45.4196 		16.025
v 60.6737 		-45.4195 		16.0016
v 60.6705 		-45.4195 		16.0998
v 60.6722 		-45.4195 		15.9791
v 58.1408 		-39.387 		9.91
v 72.0211 		-61.8157 		0.0102
v 56.135 		-45.3627 		15.427
v 56.1129 		-45.3625 		15.5378
v 56.232 		-45.364 		15.141
v 56.3654 		-45.3656 		14.87
v 56.3152 		-45.365 		14.9715
v 44.1894 		-61.3547 		0.0697
v 56.5334 		-45.3678 		14.619
v 56.4705 		-45.367 		14.713
v 56.7324 		-45.3702 		14.391
v 44.3044 		-61.4186 		0.0695
v 72.1471 		-61.7796 		0.01
v 56.96 		-45.3731 		14.192
v 56.875 		-45.372 		14.2666
v 57.211 		-45.3763 		14.024
v 57.3804 		-45.3784 		13.9409
v 66.6085 		-65.453 		6.0192
v 44.341 		-61.4455 		0.0695
v 58.6673 		-45.3945 		13.735
v 76.3074 		-42.8398 		3
v 58.554 		-45.3931 		13.7275
v 76.3074 		-42.8398 		2.9643
v 76.3073 		-42.8398 		2.9388
v 76.3075 		-42.8398 		3.0356
v 44.4094 		-61.4957 		0.0693
v 76.3073 		-42.8398 		2.9274
v 66.5978 		-66.0665 		6.0191
v 57.482 		-45.3796 		13.891
v 76.3072 		-42.8398 		2.8878
v 57.768 		-45.3832 		13.794
v 57.6607 		-45.3819 		13.8304
v 76.307 		-42.8398 		2.84
v 76.307 		-42.8398 		2.816
v 58.0643 		-45.3869 		13.735
v 57.953 		-45.3855 		13.7571
v 72.1923 		-61.773 		0.0099
v 76.3071 		-42.8398 		2.8528
v 58.366 		-45.3907 		13.715
v 44.4422 		-61.5273 		0.0693
v 58.253 		-45.3893 		13.7225
v 76.307 		-42.8398 		2.8437
v 57.211 		-45.3761 		18.025
v 57.3126 		-45.3774 		18.0752
v 56.96 		-45.373 		17.857
v 56.7324 		-45.3702 		17.658
v 56.8174 		-45.3712 		17.7325
v 44.5041 		-61.5866 		0.0692
v 72.2764 		-61.7607 		0.0097
v 76.3069 		-42.8398 		2.7654
v 56.5334 		-45.3677 		17.431
v 76.3069 		-42.8398 		2.7291
v 56.3654 		-45.3656 		17.18
v 56.4283 		-45.3664 		17.274
v 56.232 		-45.3639 		16.909
v 56.2822 		-45.3645 		17.0105
v 56.135 		-45.3627 		16.623
v 44.5415 		-61.6338 		0.0691
v 44.5854 		-61.6897 		0.069
v 56.0981 		-45.3623 		16.4372
v 44.5326 		-61.6225 		0.0691
v 58.6673 		-45.3944 		18.315
v 76.3069 		-42.8398 		2.726
v 58.366 		-45.3906 		18.335
v 76.307 		-42.8398 		2.7923
v 58.4793 		-45.392 		18.3275
v 72.4074 		-61.7577 		0.0094
v 58.0643 		-45.3868 		18.315
v 58.1772 		-45.3882 		18.3225
v 61.9501 		-59.8685 		0.0317
v 57.768 		-45.3831 		18.256
v 57.8793 		-45.3845 		18.2781
v 57.482 		-45.3795 		18.159
v 57.5892 		-45.3809 		18.1954
v 61.9581 		-59.413 		0.0319
v 76.3066 		-42.8398 		2.6471
v 76.3065 		-42.8398 		2.56
v 61.9683 		-58.8246 		0.0318
v 76.3064 		-42.8398 		2.5311
v 76.3061 		-42.8398 		2.3462
v 44.6534 		-61.8017 		0.0688
v 76.3056 		-42.8398 		2.048
v 74.6989 		-57.3829 		6.0029
v 74.2328 		-58.6917 		6.0035
v 76.3211 		-41.421 		0.228
v 44.7054 		-61.9216 		0.0687
v 76.3271 		-41.069 		0.402
v 72.4527 		-61.7629 		0.0093
v 76.3321 		-40.743 		0.62
v 76.3401 		-40.189 		1.174
v 76.3441 		-39.971 		1.5
v 76.3471 		-39.797 		1.852
v 58.372 		-39.3905 		9.9158
v 58.3722 		-39.3905 		9.9158
v 58.3722 		-39.3899 		9.9158
v 44.718 		-61.9655 		0.0687
v 58.4168 		-39.3905 		9.9145
v 72.5381 		-61.7727 		0.0092
v 76.3361 		-40.448 		0.879
v 40.1061 		-55.861 		6.078
v 61.9116 		-62.0795 		0.0317
v 61.9096 		-62.1967 		0.0317
v 61.9057 		-62.4213 		0.0317
v 61.9038 		-62.5309 		0.0317
v 72.5823 		-61.7834 		0.0091
v 61.9076 		-62.3102 		0.0317
v 72.6651 		-61.8043 		0.0089
v 61.9019 		-62.6401 		0.0317
v 74.6971 		-56.4628 		6.0028
v 61.9 		-62.7497 		0.0317
v 61.898 		-62.8608 		0.0317
v 73.991 		-58.6875 		6.0041
v 61.896 		-62.9743 		0.0317
v 61.894 		-63.0915 		0.0317
v 61.8919 		-63.2136 		0.0317
v 73.3609 		-58.6766 		6.0054
v 61.8896 		-63.3419 		0.0317
v 61.8873 		-63.4782 		0.0317
v 43.996 		-55.9288 		0.0703
v 74.7069 		-56.4629 		6.0028
v 43.1131 		-55.9134 		0.0722
v 73.6333 		-58.6813 		6.0048
v 61.934 		-60.7936 		0.0317
v 61.9267 		-61.2116 		0.0317
v 61.9237 		-61.3869 		0.0317
v 61.9438 		-60.2342 		0.0317
v 61.9385 		-60.5369 		0.0317
v 74.3573 		-58.6939 		6.0032
v 74.4771 		-58.696 		6.003
v 74.4771 		-58.696 		6.003
v 74.287 		-58.6927 		6.0033
v 61.9301 		-61.0158 		0.0318
v 73.8588 		-58.6852 		6.0041
v 61.9209 		-61.5462 		0.0317
v 58.3682 		-39.3898 		8.0778
v 61.9184 		-61.6927 		0.0317
v 61.916 		-61.8292 		0.0317
v 61.9138 		-61.9575 		0.0317
v 58.3235 		-39.3892 		8.0793
v 72.1166 		-54.0124 		0.0105
v 71.7851 		-54.0066 		0.0112
v 58.0921 		-39.3868 		8.086
v 74.235 		-54.9113 		0.0059
v 58.0921 		-39.3863 		8.086
v 71.7851 		-56.1607 		0.0111
v 74.2216 		-56.4538 		0.0061
v 72.7491 		-56.4282 		0.0092
v 71.7851 		-56.4114 		0.0111
v 43.1131 		-55.9133 		6.0705
v 74.2375 		-54.6302 		0.006
v 76.3056 		-42.8398 		2.0227
v 71.7851 		-55.9436 		0.0111
v 76.3055 		-42.8398 		1.9888
v 71.7851 		-54.2339 		0.0111
v 76.3111 		-42.177 		0.026
v 72.7076 		-61.821 		0.0088
v 58.9633 		-45.3982 		13.794
v 59.2499 		-45.4018 		13.891
v 59.1425 		-45.4004 		13.8546
v 59.4191 		-45.4039 		13.9741
v 76.3054 		-42.8398 		1.9523
v 59.2499 		-45.4017 		18.159
v 59.3517 		-45.4029 		18.1087
v 58.9633 		-45.3981 		18.256
v 59.0707 		-45.3994 		18.2196
v 72.7871 		-61.8516 		0.0086
v 59.5209 		-45.4052 		14.024
v 76.3161 		-41.792 		0.102
v 71.6172 		-54.0037 		0.0115
v 59.7719 		-45.4083 		14.192
v 40.1401 		-53.456 		6.077
v 59.9989 		-45.4111 		14.391
v 71.7629 		-54.0062 		0.0111
v 40.0515 		-57.8043 		0.0789
v 60.1983 		-45.4136 		14.619
v 60.1231 		-45.4127 		14.5333
v 40.0684 		-56.8339 		0.0792
v 71.3096 		-56.4032 		0.0121
v 60.3659 		-45.4157 		14.87
v 60.3031 		-45.4149 		14.7757
v 40.1271 		-53.456 		0.0787
v 40.1259 		-53.526 		0.0787
v 40.1053 		-54.7106 		0.0787
v 40.0862 		-55.8071 		0.0789
v 72.8271 		-61.8739 		0.0085
v 72.861 		-61.893 		0.0084
v 72.9014 		-61.9156 		0.0083
v 60.4999 		-45.4174 		15.141
v 40.148 		-53.4582 		6.077
v 40.148 		-53.4593 		6.077
v 76.3035 		-42.8398 		0.9405
v 60.4999 		-45.4173 		16.909
v 60.3659 		-45.4157 		17.18
v 60.1983 		-45.4136 		17.431
v 60.261 		-45.4143 		17.3366
v 40.1478 		-53.4709 		6.077
v 40.1477 		-53.4729 		6.077
v 59.9989 		-45.411 		17.658
v 60.0741 		-45.412 		17.5727
v 41.2385 		-55.8807 		6.0745
v 41.3908 		-55.8833 		6.0742
v 59.7719 		-45.4082 		17.857
v 76.3016 		-42.8398 		0.018
v 40.1477 		-53.473 		6.077
v 74.4771 		-58.696 		6.003
v 59.5209 		-45.4051 		18.025
v 76.3011 		-42.8398 		0.018
v 41.2274 		-55.8805 		6.0745
v 58.0483 		-39.3858 		8.0899
v 76.2991 		-42.8397 		0.018
v 40.1477 		-53.477 		6.077
v 40.1477 		-53.4778 		6.077
v 40.1477 		-53.4738 		6.077
v 40.9806 		-55.8762 		6.075
v 41.0115 		-55.8767 		6.0749
v 41.1794 		-55.8797 		6.0746
v 61.8847 		-63.6247 		0.0316
v 61.8819 		-63.7841 		0.0317
v 57.8202 		-39.3834 		8.11
v 40.1061 		-55.861 		6.0768
v 40.1476 		-53.479 		6.077
v 61.8789 		-63.9594 		0.0317
v 57.8202 		-39.3829 		8.11
v 40.1071 		-55.861 		6.0768
v 40.113 		-55.8611 		6.0768
v 40.9339 		-55.8754 		6.0751
v 76.1341 		-42.8368 		0.0183
v 57.778 		-39.3824 		8.1163
v 57.5582 		-39.3796 		8.149
v 60.5969 		-45.4186 		15.427
v 60.6559 		-45.4193 		15.723
v 60.6337 		-45.419 		15.6117
v 72.938 		-61.9428 		0.0082
v 60.6677 		-45.4195 		15.9114
v 60.6559 		-45.4193 		16.326
v 60.6634 		-45.4194 		16.2128
v 57.5181 		-39.3791 		8.1577
v 40.148 		-53.4561 		6.077
v 40.148 		-53.4571 		6.077
v 40.1477 		-53.4747 		6.077
v 41.1261 		-55.8787 		6.0746
v 60.5969 		-45.4186 		16.623
v 60.6191 		-45.4188 		16.5113
v 73.0071 		-61.9937 		0.0081
v 58.6482 		-39.3939 		9.907
v 58.9202 		-39.3972 		9.883
v 59.1822 		-39.4005 		9.844
v 40.1382 		-53.4561 		1.1355
v 59.4302 		-39.4035 		9.79
v 59.4674 		-39.404 		9.7792
v 59.4272 		-39.4035 		8.198
v 40.1359 		-53.4561 		0.0787
v 40.1359 		-53.4561 		0.0795
v 40.1359 		-53.4561 		0.094
v 74.0252 		-59.202 		6.0039
v 59.387 		-39.403 		8.1894
v 59.1791 		-39.4004 		8.1458
v 59.1368 		-39.3999 		8.1397
v 58.9162 		-39.3971 		8.1078
v 58.8723 		-39.3966 		8.1041
v 58.6005 		-39.3932 		8.0837
v 73.4346 		-59.8634 		6.0051
v 72.7622 		-61.8373 		6.0067
v 58.6482 		-39.3934 		9.907
v 72.8001 		-61.8519 		6.0065
v 72.8076 		-61.8562 		6.0065
v 72.8622 		-61.8868 		6.0062
v 58.9202 		-39.3968 		9.883
v 40.0941 		-55.861 		0.078
v 72.5948 		-61.7839 		6.0068
v 72.6781 		-61.8049 		6.0067
v 40.1346 		-53.5301 		0.0787
v 72.6861 		-61.808 		6.0067
v 40.114 		-54.7142 		0.0787
v 43.067 		-55.9126 		0.0723
v 40.095 		-55.8101 		0.0788
v 40.2485 		-55.8637 		0.0785
v 72.1561 		-63.795 		6.008
v 72.6989 		-63.706 		6.0067
v 72.5871 		-63.7379 		6.0068
v 72.533 		-63.7458 		6.0068
v 72.7131 		-63.7019 		6.0067
v 40.0941 		-55.861 		0.0789
v 40.0941 		-55.8591 		0.0789
v 72.8153 		-63.6568 		6.0063
v 40.0941 		-55.861 		0.0789
v 56.076 		-45.362 		16.326
v 56.056 		-45.3617 		16.025
v 72.2379 		-63.7498 		6.0076
v 56.076 		-45.362 		15.723
v 72.3019 		-63.7571 		6.0073
v 72.2379 		-63.7498 		6.0074
v 72.1561 		-63.795 		6.0076
v 75.8096 		-39.6087 		12.8073
v 72.1561 		-63.795 		6.0076
v 71.9655 		-63.8392 		6.008
v 73.2262 		-67.1269 		6.0053
v 73.4217 		-66.4768 		6.0049
v 73.4907 		-65.6971 		6.0048
v 71.3041 		-61.789 		6.01
v 71.5126 		-61.7259 		6.009
v 71.304 		-61.789 		6.0095
v 71.3041 		-61.789 		6.0095
v 71.3041 		-61.789 		6.0095
v 75.8811 		-39.6093 		3.4886
v 71.2691 		-63.78 		6.01
v 70.7771 		-63.321 		6.011
v 70.7961 		-62.231 		6.011
v 70.6661 		-62.999 		6.011
v 58.4281 		-39.391 		35.915
v 67.4111 		-39.504 		33.619
v 70.6481 		-62.66 		6.011
v 75.8811 		-42.8324 		0.0187
v 56.0811 		-39.362 		35.775
v 51.5461 		-39.305 		34.636
v 53.7741 		-39.333 		35.346
v 69.3631 		-39.528 		32.379
v 71.0009 		-63.5919 		6.01
v 71.6345 		-63.8406 		6.0087
v 71.2691 		-63.78 		6.0094
v 71.2691 		-63.78 		6.0094
v 70.9831 		-63.5751 		6.01
v 70.7771 		-63.321 		6.0105
v 67.959 		-39.5104 		15.1439
v 70.7961 		-62.231 		6.0105
v 70.7961 		-62.231 		6.0105
v 67.8204 		-39.5084 		9.9609
v 70.7961 		-62.231 		6.0105
v 64.0317 		-39.4609 		9.6324
v 70.7961 		-62.231 		6.0105
v 70.6481 		-62.66 		6.0108
v 70.6481 		-62.66 		6.0108
v 59.1822 		-39.4001 		9.844
v 76.1071 		-54.89 		0.0022
v 76.1211 		-54.082 		0.002
v 70.6661 		-62.999 		6.0107
v 76.0887 		-55.9454 		0.0022
v 76.0719 		-56.9156 		0.0021
v 70.6661 		-62.999 		6.0107
v 76.0414 		-58.6698 		0.0022
v 76.0562 		-57.8196 		0.0019
v 64.983 		-39.4732 		19.5244
v 59.4302 		-39.4032 		9.79
v 70.6643 		-62.9655 		6.0107
v 76.1341 		-54.082 		6
v 51.8234 		-39.3081 		19.5526
v 59.4674 		-39.4036 		9.7792
v 61.8755 		-64.1553 		0.0317
v 61.8716 		-64.3775 		0.0317
v 61.8671 		-64.6342 		0.0317
v 61.8619 		-64.9368 		0.0317
v 45.0751 		-61.782 		6.066
v 61.8555 		-65.3025 		0.0317
v 61.8476 		-65.7578 		0.0317
v 59.4272 		-39.4031 		8.198
v 71.7261 		-63.5239 		6.0085
v 71.6321 		-63.4329 		6.0087
v 59.3871 		-39.4026 		8.1894
v 59.1791 		-39.4 		8.1458
v 71.6267 		-63.4262 		6.0087
v 71.5501 		-63.3309 		6.0089
v 61.8373 		-66.3459 		0.0318
v 43.6777 		-61.2652 		6.069
v 43.6921 		-61.2629 		6.069
v 43.8231 		-61.2609 		6.0687
v 61.8235 		-67.1434 		0.0317
v 43.8317 		-61.2619 		6.0687
v 76.0902 		-56.4821 		5.9999
v 71.5456 		-63.3235 		6.0089
v 43.895 		-61.2692 		6.0686
v 76.1319 		-54.0876 		6
v 71.4831 		-63.2189 		6.009
v 76.1319 		-54.0872 		6
v 76.1319 		-54.087 		6
v 76.1319 		-54.0869 		6
v 76.0901 		-56.487 		6.002
v 44.1411 		-61.221 		6.068
v 76.0901 		-56.487 		5.9999
v 76.0901 		-56.486 		5.9999
v 59.1368 		-39.3994 		8.1397
v 58.9162 		-39.3967 		8.1078
v 71.4796 		-63.2109 		6.009
v 71.4301 		-63.0979 		6.0091
v 75.0959 		-56.4697 		6.0021
v 75.1044 		-56.4698 		6.002
v 75.1481 		-56.4706 		6.0018
v 75.1604 		-56.4708 		6.0018
v 75.1639 		-56.4709 		6.0018
v 75.2134 		-56.4717 		6.0017
v 58.8723 		-39.3961 		8.1041
v 58.6451 		-39.3938 		8.0848
v 71.3731 		-62.7033 		6.0093
v 71.3871 		-62.5819 		6.0092
v 58.6451 		-39.3933 		8.0848
v 44.8611 		-61.518 		6.066
v 71.3892 		-62.5735 		6.0092
v 71.4191 		-62.4539 		6.0092
v 58.6005 		-39.3927 		8.0837
v 71.4671 		-62.3319 		6.0091
v 71.4713 		-62.3244 		6.0091
v 76.1319 		-54.0869 		6
v 71.5301 		-62.2179 		6.009
v 76.132 		-54.0823 		6
v 76.132 		-54.082 		6
v 71.5352 		-62.2109 		6.0089
v 71.6081 		-62.1119 		6.0088
v 75.0838 		-56.4695 		6.0021
v 71.6991 		-62.0179 		6.0086
v 44.4751 		-61.286 		6.067
v 71.7059 		-62.0125 		6.0086
v 60.4701 		-39.4165 		9.112
v 60.473 		-39.4165 		9.0926
v 60.4872 		-39.4167 		8.992
v 60.4842 		-39.4167 		8.9726
v 76.132 		-54.0866 		6
v 60.4151 		-39.4158 		8.754
v 76.132 		-54.0855 		6
v 60.4007 		-39.4156 		8.7356
v 60.3261 		-39.4147 		8.6408
v 71.3941 		-62.9719 		6.0092
v 60.3062 		-39.4144 		8.6236
v 60.1782 		-39.4128 		8.5169
v 60.0491 		-39.4112 		8.4338
v 59.8661 		-39.4089 		8.3438
v 59.8415 		-39.4086 		8.3345
v 71.3928 		-62.9634 		6.0092
v 75.021 		-56.4684 		6.0021
v 71.3751 		-62.8429 		6.0093
v 71.3721 		-62.7119 		6.0093
v 59.6581 		-39.4063 		8.2648
v 59.621 		-39.4058 		8.2542
v 76.132 		-54.0865 		6
v 76.132 		-54.0859 		6
v 60.4701 		-39.4162 		9.112
v 74.8383 		-56.4652 		6.0025
v 75.0092 		-56.4682 		6.0021
v 71.3749 		-62.8343 		6.0093
v 60.473 		-39.4162 		9.0926
v 60.4872 		-39.4164 		8.992
v 71.6876 		-61.8196 		6.0086
v 43.2041 		-61.4389 		6.0696
v 60.4842 		-39.4164 		8.9726
v 43.3161 		-61.3709 		6.0693
v 60.4691 		-39.4165 		8.872
v 43.3323 		-61.3639 		6.0692
v 76.132 		-54.0861 		6
v 72.4571 		-63.7569 		6.007
v 60.4691 		-39.4162 		8.872
v 74.9027 		-56.4663 		6.0023
v 74.9875 		-56.4678 		6.0021
v 72.3261 		-63.7599 		6.0073
v 60.4151 		-39.4155 		8.754
v 72.1961 		-63.7449 		6.0075
v 60.4007 		-39.4153 		8.7356
v 43.2753 		-61.1594 		6.0693
v 60.3261 		-39.4144 		8.6408
v 72.1877 		-63.7428 		6.0075
v 76.132 		-54.082 		6
v 60.3062 		-39.4141 		8.6236
v 72.0691 		-63.7139 		6.0078
v 72.061 		-63.7108 		6.0078
v 71.9471 		-63.6659 		6.008
v 60.2031 		-39.4131 		8.533
v 60.2031 		-39.4128 		8.533
v 43.3645 		-61.35 		6.0691
v 43.4361 		-61.3189 		6.0691
v 60.1782 		-39.4125 		8.5169
v 43.5621 		-61.2829 		6.0691
v 60.0491 		-39.4109 		8.4338
v 76.1319 		-54.0874 		6
v 71.8321 		-63.6019 		6.0083
v 75.177 		-56.4711 		6.0017
v 59.8661 		-39.4086 		8.3438
v 59.6581 		-39.406 		8.2648
v 76.132 		-54.0863 		6
v 74.9551 		-56.4673 		6.0021
v 71.8251 		-63.5968 		6.0083
v 43.895 		-61.2692 		6.068
v 59.621 		-39.4055 		8.2542
v 73.3281 		-63.0639 		6.0052
v 44.0132 		-61.2461 		6.0678
v 73.2801 		-63.1859 		6.0053
v 73.2759 		-63.1935 		6.0053
v 76.132 		-54.082 		6
v 73.2161 		-63.2999 		6.0054
v 73.1381 		-63.4059 		6.0056
v 73.0471 		-63.4999 		6.0058
v 76.1297 		-54.082 		4.9446
v 46.5557 		-59.3968 		0.0648
v 73.0403 		-63.5053 		6.0058
v 72.9451 		-63.5819 		6.006
v 76.12 		-54.082 		0.094
v 76.1199 		-54.082 		0.0052
v 46.5669 		-58.7525 		0.065
v 76.1198 		-54.082 		0.0029
v 76.1198 		-54.082 		0.002
v 72.9377 		-63.5863 		6.006
v 72.8331 		-63.6489 		6.0062
v 59.6508 		-39.4063 		9.726
v 59.6611 		-39.4064 		9.723
v 59.6946 		-39.4068 		9.7101
v 59.8986 		-39.4094 		9.6283
v 60.0759 		-39.4116 		9.5367
v 60.2051 		-39.4132 		9.452
v 60.3271 		-39.4147 		9.344
v 75.8696 		-54.0776 		0.0025
v 60.4161 		-39.4158 		9.23
v 75.2881 		-54.0675 		0.0038
v 75.4774 		-54.0708 		0.0033
v 73.1141 		-62.0849 		6.0057
v 73.1195 		-62.0917 		6.0057
v 59.6611 		-39.4061 		9.723
v 73.1961 		-62.1869 		6.0055
v 45.0561 		-62.872 		6.066
v 73.2005 		-62.1943 		6.0055
v 73.2631 		-62.2989 		6.0054
v 73.2666 		-62.3069 		6.0054
v 73.3161 		-62.4199 		6.0053
v 59.6946 		-39.4065 		9.7101
v 73.3185 		-62.4282 		6.0053
v 73.3521 		-62.5459 		6.0052
v 59.8691 		-39.409 		9.643
v 59.8691 		-39.4087 		9.643
v 76.0781 		-56.486 		0.0022
v 76.0781 		-56.486 		0.002
v 76.0781 		-56.486 		0.0022
v 73.3534 		-62.5544 		6.0052
v 73.3721 		-62.6749 		6.0051
v 59.8986 		-39.409 		9.6283
v 76.1058 		-54.8906 		0.0022
v 76.0875 		-55.9458 		0.0022
v 73.3741 		-62.8059 		6.0051
v 44.4391 		-63.347 		6.067
v 73.3731 		-62.8145 		6.0051
v 73.3591 		-62.9359 		6.0052
v 60.0512 		-39.4113 		9.5528
v 76.0771 		-56.486 		0.0022
v 60.0512 		-39.411 		9.5528
v 74.7782 		-56.4634 		0.0049
v 73.357 		-62.9444 		6.0052
v 44.1031 		-63.4 		6.068
v 60.2051 		-39.4129 		9.452
v 46.5245 		-61.1856 		0.0645
v 60.0759 		-39.4113 		9.5367
v 71.8011 		-61.9359 		6.0084
v 46.5146 		-61.7544 		0.0648
v 71.8085 		-61.9315 		6.0084
v 71.9141 		-61.8689 		6.0082
v 46.5346 		-60.6071 		0.0648
v 60.3271 		-39.4144 		9.344
v 46.5449 		-60.013 		0.0648
v 72.0341 		-61.8159 		6.0079
v 60.4161 		-39.4155 		9.23
v 72.1601 		-61.7799 		6.0077
v 72.1686 		-61.7787 		6.0077
v 56.9736 		-42.1571 		14.2048
v 72.2891 		-61.7609 		6.0074
v 56.9882 		-42.1572 		14.192
v 57.2392 		-42.1594 		14.024
v 43.1291 		-63.0269 		6.0696
v 72.4201 		-61.7579 		6.0071
v 43.1229 		-63.0209 		6.0696
v 72.4287 		-61.7589 		6.0071
v 72.5511 		-61.7729 		6.0069
v 56.108 		-42.1495 		16.3452
v 56.1042 		-42.1495 		16.326
v 72.5594 		-61.775 		6.0068
v 46.475 		-64.0283 		0.0648
v 46.4851 		-63.4499 		0.0645
v 46.495 		-62.8816 		0.0648
v 72.9141 		-61.9159 		6.0061
v 46.5048 		-62.3177 		0.0648
v 72.9211 		-61.9211 		6.0061
v 73.0201 		-61.9939 		6.0059
v 73.0263 		-61.9999 		6.0059
v 46.4427 		-65.8832 		0.0645
v 39.9553 		-64.056 		6.0764
v 46.4309 		-66.5648 		0.0648
v 46.4539 		-65.2388 		0.0648
v 42.9856 		-61.6493 		6.0703
v 43.0111 		-61.6149 		6.0702
v 76.0273 		-59.4779 		0.0016
v 46.4647 		-64.623 		0.0648
v 43.0171 		-61.6087 		6.0702
v 42.8817 		-61.8122 		6.0704
v 42.9331 		-61.7199 		6.0703
v 42.9382 		-61.713 		6.0703
v 76.0139 		-60.2542 		0.0016
v 75.988 		-61.7421 		0.0018
v 75.9754 		-62.4687 		0.0019
v 76.0008 		-61.0062 		0.0021
v 75.9628 		-63.1917 		0.0019
v 56.1042 		-42.1495 		15.723
v 75.9502 		-63.9183 		0.0018
v 56.1594 		-42.15 		15.4461
v 56.1632 		-42.15 		15.427
v 56.2602 		-42.1508 		15.141
v 56.3846 		-42.1519 		14.8875
v 56.3933 		-42.152 		14.87
v 56.5504 		-42.1534 		14.6352
v 56.5613 		-42.1535 		14.619
v 56.7603 		-42.1552 		14.391
v 58.6758 		-42.1719 		13.7337
v 58.6953 		-42.1721 		13.735
v 58.8041 		-42.173 		13.7567
v 57.4928 		-42.1616 		13.8996
v 57.5102 		-42.1617 		13.891
v 74.3302 		-67.1608 		6.0025
v 57.7778 		-42.1641 		13.8003
v 57.7962 		-42.1642 		13.794
v 74.3267 		-67.3602 		6.0025
v 58.0731 		-42.1666 		13.7388
v 58.0923 		-42.1668 		13.735
v 58.3942 		-42.1694 		13.715
v 58.3748 		-42.1693 		13.7163
v 57.2567 		-42.1595 		18.0337
v 57.2392 		-42.1594 		18.025
v 56.9882 		-42.1572 		17.857
v 56.7749 		-42.1553 		17.6708
v 56.7603 		-42.1552 		17.658
v 56.5613 		-42.1535 		17.431
v 56.4041 		-42.1521 		17.1962
v 56.3933 		-42.152 		17.18
v 56.2689 		-42.1509 		16.9265
v 56.2602 		-42.1508 		16.909
v 56.1632 		-42.15 		16.623
v 58.8041 		-42.173 		18.2933
v 58.6953 		-42.1721 		18.315
v 58.4137 		-42.1696 		18.3337
v 58.3942 		-42.1694 		18.335
v 58.1117 		-42.167 		18.3163
v 58.0923 		-42.1668 		18.315
v 75.9374 		-64.6542 		0.0021
v 75.8968 		-66.9912 		0.0022
v 57.8154 		-42.1644 		18.2598
v 75.9109 		-66.1825 		0.0016
v 57.7962 		-42.1642 		18.256
v 75.9243 		-65.4063 		0.0016
v 57.5287 		-42.1619 		18.1653
v 57.5102 		-42.1617 		18.159
v 58.8041 		-42.173 		12.65
v 58.429 		-39.3907 		12.544
v 58.6311 		-39.3932 		12.5573
v 57.5873 		-39.3802 		12.65
v 57.7209 		-39.3818 		12.6236
v 57.971 		-39.385 		12.574
v 58.8865 		-39.3965 		12.574
v 59.0854 		-39.3989 		12.6133
v 59.2704 		-39.4013 		12.65
v 64.983 		-39.4729 		12.65
v 47.0311 		-39.2477 		12.0009
v 75.6741 		-45.608 		14.478
v 47.2091 		-39.25 		13.3311
v 75.6741 		-45.6073 		14.478
v 75.6741 		-45.6073 		14.4782
v 40.4161 		-39.165 		19.577
v 75.7461 		-39.608 		14.479
v 75.6825 		-39.6072 		14.303
v 75.5237 		-39.6052 		14.2818
v 75.802 		-39.6087 		14.7424
v 51.8234 		-39.3079 		12.65
v 75.7461 		-39.608 		14.479
v 75.7461 		-39.608 		14.479
v 75.6825 		-39.6072 		14.303
v 75.7095 		-39.6075 		14.3066
v 42.9851 		-62.8736 		6.0702
v 42.9531 		-62.8339 		6.0702
v 42.9486 		-62.8265 		6.0702
v 42.8851 		-62.7209 		6.0703
v 58.4281 		-39.3915 		35.915
v 58.4281 		-39.3915 		35.915
v 42.8826 		-62.7151 		6.0703
v 65.3041 		-39.478 		34.607
v 40.3431 		-45.165 		18.954
v 40.344 		-45.14 		18.9448
v 40.3437 		-45.165 		18.9448
v 40.3919 		-41.0968 		18.954
v 40.3465 		-44.9351 		18.9448
v 40.3438 		-45.165 		18.9632
v 40.3464 		-44.9418 		18.9632
v 43.0351 		-62.9359 		6.07
v 40.3451 		-45.165 		19.577
v 43.0297 		-62.9291 		6.07
v 75.8881 		-37.306 		18.536
v 60.7741 		-39.421 		35.765
v 63.0791 		-39.45 		35.326
v 40.4921 		-45.167 		16.734
v 58.4281 		-39.3915 		35.915
v 40.4498 		-45.1663 		20.4422
v 42.8331 		-62.6009 		6.0704
v 42.8307 		-62.5926 		6.0704
v 42.7971 		-62.4749 		6.0705
v 40.3864 		-45.1655 		19.5579
v 42.7958 		-62.4664 		6.0705
v 40.4921 		-45.1667 		16.734
v 40.4921 		-45.1667 		16.7339
v 42.776 		-62.2063 		6.0706
v 42.7901 		-62.0839 		6.0705
v 42.7751 		-62.2149 		6.0706
v 40.6748 		-45.169 		15.8565
v 42.7922 		-62.0756 		6.0705
v 42.8691 		-61.8349 		6.0704
v 67.3022 		-71.4309 		0.02
v 42.8733 		-61.8273 		6.0704
v 65.0678 		-71.3921 		0.025
v 66.1464 		-71.4108 		0.0223
v 64.0499 		-71.3743 		0.0269
v 40.5021 		-45.167 		21.172
v 40.3878 		-45.1655 		19.5769
v 40.5741 		-39.167 		21.172
v 40.8547 		-39.1705 		19.5761
v 40.8547 		-39.1705 		19.5761
v 40.8639 		-39.1706 		19.4619
v 40.9382 		-39.1715 		18.536
v 42.7771 		-62.3459 		6.0706
v 40.7209 		-39.1686 		13.0016
v 40.8182 		-39.1701 		20.031
v 40.8547 		-39.1705 		19.5761
v 40.4597 		-39.1656 		19.5769
v 42.8211 		-61.9569 		6.0705
v 40.4597 		-39.1728 		19.5769
v 40.8371 		-37 		20.031
v 40.9571 		-37.001 		18.536
v 64.983 		-39.4735 		19.555
v 63.6168 		-39.4564 		19.555
v 54.8056 		-68.6503 		0.0468
v 64.983 		-39.4735 		19.5244
v 40.9651 		-45.173 		23.352
v 54.0176 		-68.6366 		0.0484
v 53.1681 		-68.6218 		0.0501
v 52.2415 		-68.6057 		0.0521
v 51.2183 		-68.5879 		0.0543
v 50.0708 		-68.5679 		0.0569
v 48.7639 		-68.5452 		0.0594
v 47.2471 		-68.5188 		0.063
v 61.3421 		-68.7641 		0.0326
v 60.7007 		-68.753 		0.0341
v 61.7904 		-68.7719 		0.0318
v 60.0719 		-68.742 		0.0356
v 59.4496 		-68.7312 		0.0366
v 58.8293 		-68.7204 		0.0381
v 58.2044 		-68.7095 		0.0395
v 57.57 		-68.6985 		0.0406
v 56.9199 		-68.6871 		0.0421
v 56.2478 		-68.6754 		0.0437
v 55.5457 		-68.6632 		0.045
v 43.1021 		-61.5209 		6.0699
v 71.7825 		-63.5745 		0.0106
v 43.1089 		-61.5155 		6.0699
v 71.7782 		-63.5713 		0.0106
v 71.7134 		-63.5237 		0.0108
v 64.9591 		-42.227 		19.555
v 41.7971 		-39.183 		25.457
v 71.6194 		-63.4326 		0.011
v 41.7261 		-45.182 		25.456
v 41.6708 		-39.1808 		20.0999
v 41.0371 		-39.173 		23.352
v 71.5909 		-63.3971 		0.0111
v 71.5374 		-63.3307 		0.0112
v 53.9484 		-71.1987 		0.0483
v 54.9413 		-71.2159 		0.0465
v 52.9017 		-71.1805 		0.0509
v 47.8285 		-71.0922 		0.0615
v 49.2755 		-71.1174 		0.0583
v 50.586 		-71.1402 		0.0556
v 51.7874 		-71.1611 		0.0531
v 61.2386 		-71.3254 		0.0329
v 60.3493 		-71.31 		0.035
v 57.7084 		-71.2641 		0.0405
v 58.592 		-71.2794 		0.0385
v 59.4693 		-71.2947 		0.0365
v 71.5137 		-63.2913 		0.0113
v 71.4701 		-63.2183 		0.0114
v 55.8918 		-71.2325 		0.0442
v 56.8112 		-71.2485 		0.0421
v 41.4672 		-39.1781 		18.5787
v 71.452 		-63.1765 		0.0114
v 71.4174 		-63.0976 		0.0115
v 41.6714 		-39.1808 		20.0999
v 71.3647 		-62.666 		0.0117
v 59.5675 		-39.4057 		19.555
v 60.9361 		-39.4228 		19.555
v 60.0327 		-39.4115 		19.555
v 41.4677 		-39.1782 		18.5788
v 58.7831 		-39.3959 		19.555
v 58.9119 		-39.3975 		19.555
v 59.0697 		-39.3995 		19.555
v 39.8818 		-67.5747 		0.0784
v 59.2757 		-39.4021 		19.555
v 58.5736 		-39.3933 		19.555
v 58.4815 		-39.3921 		19.555
v 57.5743 		-40.8979 		12.65
v 58.6726 		-39.3945 		19.555
v 57.5677 		-41.6446 		12.65
v 40.4921 		-67.095 		6.075
v 57.9611 		-41.6481 		12.65
v 43.9531 		-61.2759 		6.0679
v 43.9615 		-61.278 		6.0679
v 43.9898 		-61.2849 		6.0678
v 58.8041 		-42.1725 		12.65
v 58.3925 		-39.391 		19.555
v 45.5827 		-60.6912 		6.0645
v 57.5145 		-39.38 		19.555
v 57.8749 		-39.3845 		19.555
v 57.7182 		-39.3826 		19.555
v 45.0751 		-61.782 		6.0655
v 58.4091 		-41.652 		12.544
v 58.1129 		-39.3875 		19.555
v 58.0029 		-39.3861 		19.555
v 45.0751 		-61.7821 		6.0655
v 57.9511 		-41.648 		12.574
v 58.2115 		-39.3887 		19.555
v 58.3035 		-39.3899 		19.555
v 44.3573 		-71.0319 		0.0687
v 44.4751 		-61.286 		6.0668
v 44.1411 		-61.221 		6.0675
v 44.1151 		-63.2039 		6.0675
v 43.9891 		-63.2409 		6.0677
v 58.8041 		-42.1725 		13.7567
v 43.9805 		-63.2422 		6.0678
v 44.6219 		-63.2615 		6.0664
v 39.8351 		-70.954 		6.076
v 58.8041 		-42.1725 		18.2933
v 43.8601 		-63.2599 		6.068
v 39.8231 		-70.953 		0.0787
v 43.7291 		-63.2629 		6.0683
v 43.137 		-63.0328 		6.0696
v 57.2267 		-39.3764 		19.555
v 58.9913 		-42.1742 		13.794
v 43.7205 		-63.2619 		6.0683
v 42.2122 		-70.9945 		0.0737
v 59.2598 		-42.1766 		13.8847
v 59.2782 		-42.1767 		13.891
v 43.5981 		-63.2479 		6.0686
v 43.4711 		-63.2159 		6.0688
v 59.2957 		-42.1769 		18.1504
v 59.2782 		-42.1767 		18.159
v 39.8232 		-70.9451 		0.0787
v 59.0097 		-42.1743 		18.2497
v 58.9913 		-42.1742 		18.256
v 43.3491 		-63.1679 		6.0691
v 43.2341 		-63.1049 		6.0693
v 59.5318 		-42.179 		14.0154
v 59.5492 		-42.1791 		14.024
v 55.8913 		-39.3596 		19.555
v 59.8002 		-42.1813 		14.192
v 56.77 		-39.3707 		19.555
v 44.7551 		-62.0479 		6.0662
v 60.0272 		-42.1833 		14.391
v 44.7564 		-62.0565 		6.0662
v 44.7741 		-62.1779 		6.0661
v 60.2134 		-42.185 		14.6043
v 60.2263 		-42.1851 		14.619
v 60.3835 		-42.1865 		14.8538
v 60.3942 		-42.1866 		14.87
v 39.864 		-68.6014 		0.0789
v 39.8449 		-69.6976 		0.0787
v 39.8243 		-70.8831 		0.0787
v 58.8041 		-42.173 		19.555
v 44.7743 		-62.1866 		6.0661
v 58.8041 		-42.1725 		19.555
v 44.7771 		-62.3089 		6.0661
v 44.7621 		-62.4389 		6.0661
v 60.3942 		-42.1866 		17.18
v 60.2371 		-42.1852 		17.4148
v 60.2263 		-42.1851 		17.431
v 44.76 		-62.4473 		6.0661
v 60.0401 		-42.1835 		17.6434
v 60.0272 		-42.1833 		17.658
v 44.7301 		-62.5659 		6.0662
v 57.1796 		-45.3757 		19.5409
v 59.8002 		-42.1813 		17.857
v 44.6821 		-62.6879 		6.0663
v 59.5492 		-42.1791 		18.025
v 56.7297 		-45.3701 		19.5419
v 44.6779 		-62.6955 		6.0663
v 44.6191 		-62.8029 		6.0664
v 44.614 		-62.8099 		6.0664
v 44.5411 		-62.9079 		6.0666
v 44.4501 		-63.0029 		6.0668
v 44.4433 		-63.0083 		6.0668
v 44.3481 		-63.0849 		6.067
v 41.2576 		-67.1082 		6.0733
v 44.2351 		-63.1519 		6.0672
v 44.3407 		-63.0894 		6.067
v 53.3445 		-39.3276 		19.555
v 51.8234 		-39.3084 		19.555
v 51.8234 		-39.3084 		19.5526
v 41.514 		-67.1127 		6.0726
v 41.7532 		-67.1168 		6.072
v 44.0801 		-61.3069 		6.0676
v 44.2021 		-61.3549 		6.0674
v 44.3171 		-61.4189 		6.0671
v 51.7991 		-42.112 		19.555
v 44.3241 		-61.424 		6.0671
v 71.7851 		-64.1238 		0.0109
v 44.4221 		-61.4959 		6.0669
v 44.4283 		-61.5019 		6.0669
v 44.5171 		-61.5869 		6.0667
v 44.5225 		-61.5937 		6.0667
v 44.5981 		-61.6899 		6.0665
v 44.6661 		-61.8019 		6.0664
v 44.7181 		-61.9219 		6.0663
v 44.7205 		-61.9302 		6.0662
v 57.3501 		-45.3777 		8.1786
v 71.5075 		-39.5546 		13.745
v 75.3 		-39.6024 		14.5931
v 69.9343 		-39.535 		13.5347
v 59.2505 		-41.6594 		12.65
v 58.8571 		-41.6559 		12.65
v 58.8671 		-41.656 		12.574
v 60.5282 		-42.1878 		15.141
v 60.6252 		-42.1886 		15.427
v 60.6804 		-42.1891 		15.7039
v 60.6842 		-42.1892 		15.723
v 60.702 		-42.1893 		16.0055
v 60.7033 		-42.1893 		16.025
v 47.4051 		-45.254 		32.426
v 60.6855 		-42.1892 		16.3066
v 60.6842 		-42.1892 		16.326
v 60.629 		-42.1887 		16.6038
v 60.6252 		-42.1886 		16.623
v 60.5282 		-42.1878 		16.909
v 49.3631 		-45.278 		33.657
v 64.9591 		-42.227 		12.65
v 47.4771 		-39.254 		32.426
v 47.1004 		-39.2488 		19.5627
v 47.1004 		-39.2488 		19.5627
v 56.0842 		-42.1493 		16.025
v 47.143 		-39.2494 		19.037
v 49.4351 		-39.279 		33.657
v 51.7991 		-42.112 		12.65
v 63.9313 		-45.4605 		6.0284
v 64.3526 		-45.4657 		6.0275
v 63.5931 		-45.4562 		6.0291
v 68.3662 		-45.5161 		6.0189
v 61.9402 		-45.4355 		6.0327
v 60.6636 		-45.4194 		6.0354
v 50.4322 		-45.2912 		6.0573
v 51.0296 		-45.2986 		6.056
v 49.9074 		-45.2845 		6.0584
v 60.4885 		-45.4172 		6.0358
v 55.4011 		-45.3534 		6.0467
v 47.1004 		-39.249 		19.5627
v 47.0364 		-39.2482 		20.3537
v 47.022 		-39.2481 		20.532
v 68.2774 		-39.5139 		3.4083
v 67.6891 		-39.5066 		3.3873
v 44.0801 		-45.212 		29.295
v 45.6341 		-45.231 		30.963
v 44.1521 		-39.212 		29.295
v 67.3481 		-39.502 		4.174
v 42.8421 		-39.196 		27.449
v 67.3481 		-39.5023 		4.174
v 45.7061 		-39.232 		30.963
v 66.0446 		-39.4859 		3.5695
v 66.1235 		-39.4869 		3.3316
v 42.7701 		-45.195 		27.449
v 46.1712 		-39.2374 		20.4633
v 45.5534 		-45.2303 		17.1732
v 57.9154 		-39.3839 		3.0394
v 57.9148 		-39.3839 		3.0395
v 55.4011 		-39.3587 		3.0448
v 54.4811 		-39.3409 		5.2254
v 51.3051 		-39.3176 		3.0536
v 55.3676 		-39.352 		3.547
v 54.0025 		-39.3348 		3.5499
v 53.8155 		-39.3325 		3.5503
v 47.2091 		-39.2765 		3.0624
# 1908 vertices

g group_6_6383466

usemtl color_6383466
s 0

f 8158 	8159 	8160
f 8163 	8164 	8363
f 9997 	8361 	8164
f 8160 	8165 	8166
f 8160 	8166 	8158
f 8168 	8169 	8170
f 8157 	8155 	8156
f 8207 	8160 	8159
f 8176 	8165 	8160
f 8204 	8184 	8172
f 8174 	8184 	8173
f 8175 	8184 	8174
f 8177 	8184 	8175
f 8178 	8184 	8177
f 8331 	8181 	8178
f 8308 	8182 	8181
f 8184 	8178 	8183
f 8184 	8272 	8370
f 8270 	8369 	8272
f 8249 	8243 	8167
f 8220 	8167 	8231
f 8221 	8167 	8220
f 8176 	8160 	8185
f 8154 	8185 	8160
f 8190 	9748 	8167
f 8192 	8193 	8195
f 8198 	8192 	8195
f 8198 	8195 	8199
f 8188 	8189 	8173
f 8174 	8173 	8189
f 8173 	8184 	8204
f 8267 	8269 	8167
f 8201 	9914 	8200
f 8208 	8209 	8167
f 8160 	8207 	8154
f 8167 	8209 	8559
f 8213 	8559 	8209
f 8205 	8188 	8204
f 8173 	8204 	8188
f 8190 	8167 	8561
f 8180 	9955 	8191
f 8215 	8192 	8214
f 8198 	8214 	8192
f 8202 	9872 	9196
f 8377 	8212 	8172
f 8222 	8223 	8217
f 8223 	8224 	8217
f 8216 	8217 	8224
f 8204 	8172 	8212
f 8666 	8536 	8229
f 9916 	9918 	8225
f 8220 	8226 	8221
f 8230 	8216 	8228
f 8216 	8224 	8228
f 8227 	8228 	8224
f 8157 	8201 	8200
f 8229 	8536 	8235
f 8220 	8231 	8226
f 8171 	9799 	8201
f 8212 	8205 	8204
f 8235 	8536 	8239
f 8240 	8159 	8158
f 8240 	8158 	8166
f 8240 	8166 	8165
f 8231 	8167 	8243
f 8242 	8239 	8536
f 8156 	8201 	8157
f 8171 	8201 	8156
f 8231 	8243 	8226
f 8159 	8240 	8578
f 8165 	8176 	8240
f 8578 	8577 	8159
f 8245 	8163 	8246
f 8162 	8246 	8163
f 8211 	8240 	8176
f 8176 	8185 	8211
f 8210 	8211 	8185
f 8248 	8399 	8253
f 8248 	8253 	8255
f 8243 	8249 	8226
f 8207 	8159 	8577
f 8164 	8245 	8241
f 8259 	8154 	8257
f 8260 	8167 	8258
f 8264 	8289 	8167
f 8164 	8163 	8245
f 8259 	8262 	8154
f 8185 	8154 	8262
f 8162 	8263 	8246
f 8260 	8264 	8167
f 8289 	8292 	8167
f 8167 	8265 	8267
f 8293 	8793 	8265
f 8268 	8257 	8154
f 8154 	8207 	8268
f 8161 	8263 	8162
f 8208 	8167 	8269
f 8244 	8218 	9195
f 8218 	8194 	9195
f 8179 	9195 	8194
f 8185 	8271 	8210
f 8271 	8262 	8259
f 8271 	8259 	8257
f 8161 	8270 	8263
f 8252 	8266 	8251
f 8274 	8263 	8270
f 8262 	8271 	8185
f 8266 	8273 	8251
f 8274 	8270 	8272
f 8279 	8258 	8167
f 8279 	8167 	8696
f 8281 	8282 	8280
f 8277 	8280 	8282
f 8277 	8282 	8287
f 8268 	8207 	8286
f 8577 	8286 	8207
f 8167 	8221 	8285
f 8167 	8285 	8696
f 8276 	9498 	8275
f 8283 	8184 	8284
f 8279 	8793 	8258
f 8286 	8271 	8257
f 8257 	8268 	8286
f 8183 	8284 	8184
f 8287 	8282 	8290
f 8290 	8296 	8287
f 8273 	9923 	8251
f 9827 	9923 	8273
f 8285 	8221 	8226
f 8265 	8167 	8293
f 8293 	8167 	8292
f 8272 	8184 	8283
f 8296 	8297 	8287
f 8287 	8297 	8298
f 8287 	8298 	8299
f 8288 	8291 	8300
f 8342 	8288 	8300
f 9170 	8526 	8298
f 8264 	8793 	8289
f 8298 	8297 	9170
f 8283 	8274 	8272
f 8278 	9265 	8277
f 8291 	8354 	8240
f 9494 	8256 	9497
f 8284 	8183 	8301
f 8277 	9215 	8280
f 8211 	8300 	8291
f 8211 	8291 	8240
f 8296 	8303 	8297
f 8253 	8399 	8302
f 9826 	9906 	9827
f 8182 	8301 	8183
f 8305 	8307 	8306
f 8295 	9825 	9855
f 8182 	8183 	8178
f 8282 	9162 	8290
f 8310 	8311 	8312
f 8310 	8312 	8313
f 9825 	8295 	9826
f 8301 	8182 	8316
f 8275 	8256 	9195
f 8256 	8244 	9195
f 8308 	8316 	8182
f 9192 	8685 	8322
f 8322 	8321 	8325
f 8237 	8233 	8957
f 8324 	8316 	8181
f 8308 	8181 	8316
f 8210 	8306 	8307
f 8961 	8288 	8960
f 8271 	8306 	8210
f 8276 	8275 	9195
f 8181 	8182 	8178
f 8181 	8331 	8324
f 8379 	8380 	8271
f 8286 	8379 	8271
f 8332 	8325 	8329
f 8335 	8336 	8325
f 8326 	8325 	8336
f 8334 	8325 	8326
f 8333 	8324 	8331
f 8337 	8325 	8334
f 8294 	8237 	8960
f 8957 	8960 	8237
f 8338 	8339 	8177
f 8178 	8177 	8339
f 8339 	8333 	8178
f 8288 	8342 	8344
f 8288 	8344 	8305
f 8319 	8276 	9195
f 8307 	8305 	8344
f 8307 	8344 	8210
f 8351 	9263 	8341
f 8345 	9263 	8352
f 8351 	8352 	9263
f 8331 	8178 	8333
f 8211 	8210 	8344
f 8342 	8211 	8344
f 8211 	8342 	8300
f 8338 	8177 	8353
f 8175 	8353 	8177
f 8353 	8175 	8189
f 8175 	8174 	8189
f 8323 	8341 	9263
f 8359 	8439 	8305
f 9744 	9747 	8354
f 8578 	8240 	8354
f 8161 	8162 	8360
f 8363 	8360 	8163
f 8162 	8163 	8360
f 8270 	8161 	8360
f 8354 	9747 	8578
f 8371 	8358 	8306
f 8305 	8306 	8358
f 8358 	8359 	8305
f 8365 	9263 	8368
f 8370 	8272 	8446
f 8435 	8184 	8370
f 8373 	8184 	8372
f 8446 	8272 	8369
f 8374 	8184 	8373
f 8366 	8369 	8270
f 8389 	8184 	8374
f 8376 	8184 	8375
f 8172 	8184 	8376
f 8360 	8366 	8270
f 8357 	8305 	8445
f 8367 	8368 	9263
f 8346 	8367 	9263
f 8345 	8346 	9263
f 8306 	8271 	8371
f 8378 	8371 	8271
f 8376 	8377 	8172
f 9875 	8350 	9874
f 8355 	8349 	9200
f 8348 	9200 	8349
f 8377 	8376 	8381
f 8407 	9752 	8271
f 8380 	8407 	8271
f 8445 	8230 	8357
f 8381 	8376 	8375
f 8383 	9340 	8382
f 9361 	9344 	8383
f 8375 	8184 	8389
f 8379 	8386 	8380
f 8387 	8380 	8386
f 9445 	9446 	8325
f 8390 	8388 	8313
f 8395 	8392 	8393
f 8391 	8381 	8389
f 8375 	8389 	8381
f 8399 	8404 	8266
f 8401 	8395 	8402
f 8374 	8373 	8398
f 8401 	8403 	8395
f 8397 	8398 	8373
f 8402 	8395 	8406
f 8378 	8271 	9752
f 8410 	8266 	8409
f 8387 	8407 	8380
f 8254 	8385 	8343
f 8412 	8414 	8266
f 8406 	8395 	8413
f 8396 	8266 	8414
f 8389 	8374 	8391
f 9670 	8266 	8252
f 9200 	9196 	8400
f 8398 	8391 	8374
f 8394 	8396 	8412
f 8395 	8415 	8413
f 8332 	8335 	8325
f 8325 	8337 	8327
f 8327 	8340 	8325
f 8404 	8399 	8405
f 8248 	8405 	8399
f 8415 	8395 	8417
f 8420 	8417 	8395
f 8405 	8248 	8408
f 8458 	8418 	8419
f 8458 	8419 	8416
f 8409 	8408 	8248
f 8340 	8327 	8418
f 8419 	8418 	8327
f 8412 	8396 	8414
f 8347 	8237 	8350
f 8248 	8410 	8409
f 8393 	8420 	8395
f 8416 	8419 	8421
f 8421 	8467 	8416
f 8416 	8422 	8423
f 8416 	8423 	8429
f 8400 	8384 	9200
f 8356 	9200 	8384
f 8355 	9200 	8356
f 8326 	8423 	8422
f 8326 	8422 	8334
f 8411 	9437 	8427
f 8427 	9437 	8424
f 8343 	8247 	8254
f 8424 	9437 	8428
f 8385 	8233 	8347
f 8433 	8397 	8372
f 8373 	8372 	8397
f 8254 	8233 	8385
f 8372 	8184 	8435
f 8233 	8237 	8347
f 8239 	8242 	8540
f 8431 	8437 	9637
f 8395 	8540 	8392
f 8436 	8433 	8435
f 8372 	8435 	8433
f 8445 	8305 	8439
f 8402 	8383 	8401
f 8403 	8401 	8383
f 9056 	9637 	8437
f 8294 	8357 	8350
f 8413 	8415 	9361
f 8442 	8430 	8440
f 8237 	8294 	8350
f 9361 	8383 	8402
f 8294 	8288 	8357
f 8319 	9195 	8431
f 8437 	8431 	9195
f 8435 	8370 	8436
f 8357 	8288 	8305
f 8442 	8440 	8444
f 8441 	8436 	8370
f 8425 	8352 	8426
f 9195 	9198 	8437
f 8230 	9817 	8357
f 8406 	8413 	9361
f 9914 	8444 	8440
f 8447 	8441 	8446
f 8370 	8446 	8441
f 8451 	8216 	8359
f 8444 	9914 	8452
f 8451 	8359 	8358
f 8402 	8406 	9361
f 8393 	9361 	8420
f 8454 	8369 	8453
f 8230 	8445 	8216
f 8366 	8453 	8369
f 8359 	8216 	8439
f 8445 	8439 	8216
f 8415 	8417 	9361
f 8429 	8423 	8432
f 8432 	8471 	8429
f 8417 	8420 	9361
f 8392 	9361 	8393
f 8438 	8351 	8443
f 8326 	8336 	8423
f 8454 	8447 	8369
f 9361 	8392 	8536
f 8421 	8419 	8327
f 8418 	8458 	8459
f 8190 	8518 	9770
f 8446 	8369 	8447
f 8418 	8459 	8340
f 8464 	8462 	8463
f 8468 	8416 	8467
f 8422 	8416 	8468
f 8422 	8468 	8334
f 8363 	8466 	8469
f 9686 	9725 	8449
f 8432 	8470 	8471
f 8472 	8429 	8471
f 8362 	8466 	8363
f 8329 	8472 	8471
f 9539 	9373 	8474
f 8366 	8360 	8453
f 8475 	8463 	8462
f 8462 	8476 	8475
f 8923 	8950 	8440
f 8429 	8472 	8477
f 8478 	8429 	8477
f 8469 	8453 	8360
f 8479 	8476 	8462
f 8479 	8462 	8465
f 8440 	8928 	8929
f 8465 	8480 	8479
f 8478 	8477 	8328
f 8363 	8469 	8360
f 8440 	8930 	8932
f 8473 	8481 	8482
f 8329 	8328 	8472
f 8477 	8472 	8328
f 8482 	8480 	8465
f 8482 	8465 	8473
f 8440 	8932 	8928
f 8336 	8470 	8432
f 8432 	8423 	8336
f 8466 	8362 	8485
f 8440 	8929 	8923
f 8470 	8486 	8487
f 8470 	8487 	8471
f 8483 	9914 	8484
f 8463 	8475 	8489
f 8277 	8287 	8278
f 8628 	8536 	8429
f 8455 	8450 	9725
f 8329 	8471 	8332
f 8487 	8332 	8471
f 8490 	8464 	8463
f 8489 	8490 	8463
f 8361 	8485 	8362
f 8335 	8486 	8470
f 8335 	8470 	8336
f 8486 	8492 	8487
f 8479 	8480 	8488
f 8475 	8476 	8489
f 8487 	8492 	8332
f 8335 	8332 	8486
f 8492 	8486 	8332
f 8480 	8482 	8460
f 8460 	8488 	8480
f 8495 	10027 	8494
f 8468 	8467 	8337
f 8468 	8337 	8334
f 8482 	8481 	8460
f 8327 	8337 	8421
f 8467 	8421 	8337
f 8458 	8510 	8459
f 8455 	9725 	8474
f 8450 	8449 	9725
f 8430 	8444 	8428
f 8442 	8444 	8430
f 8452 	8428 	8444
f 8525 	8503 	8633
f 8504 	8361 	8511
f 9997 	8511 	8361
f 8513 	8633 	8503
f 8362 	8164 	8361
f 8633 	8514 	8525
f 8496 	10031 	10032
f 8322 	8508 	9192
f 8461 	8364 	8460
f 9192 	8460 	8364
f 8508 	8322 	8325
f 8460 	9192 	8488
f 8464 	8497 	8465
f 8430 	9437 	8440
f 8491 	8474 	9988
f 8514 	8606 	8502
f 8502 	8525 	8514
f 8501 	8502 	8606
f 8499 	8501 	8515
f 8542 	8499 	8516
f 8325 	8340 	8510
f 8461 	9770 	8518
f 8512 	8241 	10035
f 8284 	8301 	10035
f 8333 	8339 	10035
f 8519 	8543 	8516
f 8520 	8543 	8519
f 8542 	8516 	8543
f 8429 	8536 	8416
f 8461 	8518 	8364
f 8205 	8496 	8188
f 8521 	8485 	8504
f 8361 	8504 	8485
f 8601 	8607 	8190
f 8655 	8657 	8190
f 8245 	10035 	8241
f 8522 	8510 	8458
f 8340 	8459 	8510
f 8524 	8521 	8503
f 8504 	8503 	8521
f 8263 	10035 	8246
f 8274 	10035 	8263
f 8511 	8513 	8503
f 8491 	9988 	8500
f 8284 	10035 	8283
f 8274 	8283 	10035
f 8245 	8246 	10035
f 8316 	10035 	8301
f 8503 	8525 	8527
f 8503 	8527 	8524
f 8531 	10061 	8226
f 8324 	10035 	8316
f 9726 	9437 	8411
f 8339 	8338 	8496
f 8496 	10035 	8339
f 8526 	8325 	8528
f 8533 	8534 	8501
f 8430 	8428 	9437
f 8353 	8496 	8338
f 8502 	8501 	8534
f 8189 	8496 	8353
f 8188 	8496 	8189
f 8377 	8699 	8212
f 8535 	8250 	9192
f 8508 	8535 	9192
f 8391 	8699 	8381
f 8381 	8699 	8377
f 8397 	8699 	8398
f 8538 	9580 	8537
f 8325 	8535 	8508
f 8212 	8699 	8205
f 8398 	8699 	8391
f 8527 	8525 	8534
f 8536 	8803 	8537
f 8717 	8716 	8537
f 8436 	8699 	8433
f 8433 	8699 	8397
f 8502 	8534 	8525
f 8855 	8325 	9047
f 8447 	8699 	8441
f 8250 	8535 	9046
f 8325 	9046 	8535
f 8453 	8699 	8454
f 8501 	8499 	8533
f 8441 	8699 	8436
f 8536 	8715 	8287
f 8541 	8533 	8499
f 8469 	8699 	8453
f 8466 	8699 	8469
f 8529 	8523 	9988
f 8523 	8517 	9988
f 8500 	9988 	8517
f 8546 	8287 	8545
f 8416 	8287 	8546
f 8521 	8699 	8485
f 8485 	8699 	8466
f 8447 	8454 	8699
f 8526 	8546 	8545
f 8545 	8299 	8526
f 8541 	8542 	8547
f 8416 	8536 	8287
f 8527 	8699 	8524
f 8543 	8547 	8542
f 8499 	8542 	8541
f 8593 	9057 	8998
f 8416 	8546 	8548
f 8548 	8562 	8416
f 8534 	8699 	8527
f 8533 	8699 	8534
f 8521 	8524 	8699
f 8526 	8528 	8546
f 8530 	8529 	9988
f 8552 	8553 	8551
f 8550 	8551 	8553
f 8553 	9416 	8550
f 8547 	8699 	8541
f 8541 	8699 	8533
f 8552 	8554 	8553
f 8299 	8545 	8287
f 8299 	8298 	8526
f 8576 	8580 	8699
f 8549 	8699 	8547
f 8303 	9170 	8297
f 8554 	8557 	8553
f 8213 	8558 	8559
f 8560 	8167 	8559
f 8561 	8167 	8560
f 8561 	8573 	8190
f 8522 	8458 	8416
f 8562 	8522 	8416
f 8556 	10034 	8555
f 8560 	8563 	8561
f 8528 	8510 	8562
f 8522 	8562 	8510
f 8565 	10035 	8564
f 8548 	8546 	8528
f 8562 	8548 	8528
f 8560 	8559 	8563
f 8509 	8549 	8543
f 8547 	8543 	8549
f 8567 	10035 	8566
f 8530 	9988 	8544
f 9840 	8544 	9988
f 8570 	10035 	8569
f 8520 	8519 	8555
f 8581 	8286 	8577
f 8572 	8573 	8561
f 8573 	8579 	8190
f 8572 	8561 	8563
f 8557 	8574 	9419
f 8574 	8575 	9419
f 9043 	9419 	8575
f 8563 	8573 	8572
f 8556 	8555 	8519
f 8549 	8576 	8699
f 8582 	8674 	8580
f 8321 	8689 	8325
f 8563 	8568 	8579
f 8563 	8579 	8573
f 8581 	8750 	8286
f 8539 	8585 	8586
f 8585 	8493 	8588
f 8587 	8674 	8583
f 8539 	8586 	8589
f 8578 	8537 	8577
f 8538 	8537 	8578
f 8537 	8581 	8577
f 8601 	8190 	8579
f 8556 	8516 	8564
f 8600 	8689 	8599
f 8602 	8689 	8600
f 8538 	8578 	8584
f 8596 	10034 	8594
f 8519 	8516 	8556
f 8515 	8564 	8516
f 8568 	8601 	8579
f 8595 	8599 	8689
f 8597 	10034 	8596
f 8515 	8516 	8499
f 8598 	9574 	8592
f 8611 	8325 	8610
f 8568 	8607 	8601
f 8591 	10034 	8647
f 8515 	8606 	8564
f 8565 	8564 	8606
f 8608 	10034 	8597
f 8609 	10034 	8608
f 8602 	8603 	8689
f 8603 	8610 	8689
f 8328 	8325 	8611
f 8689 	8610 	8325
f 8328 	8329 	8325
f 8571 	8592 	9572
f 8617 	10034 	8616
f 8586 	8585 	8538
f 8585 	8588 	8538
f 10028 	10026 	8538
f 8606 	8514 	8566
f 8697 	8613 	8612
f 8623 	8631 	8429
f 8478 	8623 	8429
f 8606 	8566 	8565
f 8625 	8494 	8624
f 8611 	8623 	8478
f 8611 	8478 	8328
f 8568 	8618 	8644
f 8621 	8624 	8494
f 8629 	8494 	8625
f 8630 	8494 	8629
f 8628 	8429 	8631
f 8626 	8652 	8618
f 8632 	8494 	8630
f 8606 	8515 	8501
f 8610 	8631 	8623
f 8610 	8623 	8611
f 8514 	8633 	8566
f 8634 	8495 	8632
f 8635 	8495 	8634
f 8655 	8190 	8644
f 8655 	8618 	8657
f 8627 	8660 	8622
f 8638 	8495 	8635
f 8639 	8628 	8637
f 8641 	8628 	8639
f 8631 	8637 	8628
f 9050 	9048 	9079
f 8644 	8190 	8607
f 8567 	8566 	8633
f 8600 	8641 	8639
f 8600 	8639 	8602
f 8640 	8495 	8638
f 8569 	8513 	8570
f 8644 	8607 	8568
f 8644 	8618 	8655
f 8704 	8703 	8614
f 8619 	9575 	8598
f 8642 	8495 	8640
f 8645 	10034 	8643
f 8646 	8628 	8641
f 8628 	8646 	8648
f 8649 	8721 	8648
f 8613 	8701 	8614
f 8650 	8626 	8651
f 8594 	10034 	8591
f 8647 	10034 	8645
f 8570 	8513 	8511
f 8653 	8518 	8652
f 8649 	8648 	8590
f 8649 	8590 	8721
f 8652 	8626 	8653
f 8650 	8653 	8626
f 8633 	8513 	8567
f 8599 	8646 	8641
f 8599 	8641 	8600
f 8657 	8652 	8190
f 8656 	8648 	8646
f 8705 	8711 	8615
f 8569 	8567 	8513
f 8658 	8674 	8654
f 8659 	8674 	8658
f 8587 	8654 	8674
f 8590 	8648 	8595
f 8656 	8595 	8648
f 8599 	8595 	8646
f 8656 	8646 	8595
f 8663 	8674 	8662
f 8659 	8662 	8674
f 8604 	8682 	8605
f 8603 	8602 	8637
f 8639 	8637 	8602
f 8661 	8660 	8775
f 8518 	8190 	8652
f 8610 	8603 	8631
f 8637 	8631 	8603
f 8657 	8618 	8652
f 8229 	8235 	8540
f 8636 	8693 	8612
f 8665 	8674 	8664
f 8448 	8351 	8456
f 8443 	8351 	8448
f 8286 	8669 	8670
f 8671 	8286 	8670
f 8621 	8494 	8668
f 8167 	8532 	8249
f 8511 	8512 	8570
f 8226 	8249 	8532
f 8532 	8531 	8226
f 8669 	8604 	8670
f 8699 	8580 	8674
f 8582 	8583 	8674
f 8664 	8674 	8663
f 8667 	8674 	8665
f 8267 	8265 	8793
f 8675 	8677 	8759
f 8676 	8677 	8675
f 8678 	8691 	8677
f 8680 	8687 	8679
f 8680 	8509 	8520
f 8543 	8520 	8509
f 8679 	8690 	8678
f 8682 	8286 	8681
f 8669 	8286 	8682
f 9192 	8683 	8684
f 9192 	8684 	8685
f 8321 	8322 	8685
f 8667 	8668 	8674
f 8643 	8495 	8642
f 8494 	8674 	8668
f 8682 	8604 	8669
f 8321 	8685 	8689
f 8776 	8680 	8520
f 8687 	8680 	8686
f 8688 	8679 	8687
f 8690 	8679 	8688
f 8691 	8678 	8690
f 8759 	8677 	8691
f 8689 	8685 	8684
f 8267 	8793 	8269
f 8681 	8605 	8682
f 8683 	8689 	8684
f 8495 	8643 	10030
f 8683 	9192 	8692
f 8680 	8576 	8549
f 8694 	8286 	8693
f 8672 	8457 	8351
f 8457 	8456 	8351
f 8549 	8509 	8680
f 10026 	8493 	8494
f 8605 	8694 	8636
f 8693 	8636 	8694
f 8692 	9469 	8683
f 8681 	8286 	8694
f 8580 	8576 	8679
f 8680 	8679 	8576
f 8616 	10034 	8609
f 10035 	10034 	8564
f 8565 	8566 	10035
f 8567 	8569 	10035
f 8570 	8512 	10035
f 8556 	8564 	10034
f 8673 	8695 	9676
f 8605 	8681 	8694
f 8693 	8286 	8697
f 8697 	8612 	8693
f 8679 	8678 	8580
f 8582 	8580 	8678
f 8697 	8286 	8701
f 8496 	8205 	8699
f 8698 	9839 	8695
f 8700 	9839 	8698
f 8697 	8701 	8613
f 8598 	8592 	9686
f 9684 	9686 	8592
f 8620 	8619 	9686
f 8324 	8333 	10035
f 8285 	8226 	8696
f 8755 	8711 	8286
f 8704 	8286 	8703
f 8701 	8286 	8704
f 8699 	8497 	8496
f 8351 	8698 	8695
f 8673 	8351 	8695
f 8672 	8351 	8673
f 8351 	8341 	8698
f 8704 	8614 	8701
f 8464 	8496 	8497
f 8706 	8286 	8705
f 8703 	8286 	8706
f 8497 	8699 	8498
f 8699 	10052 	8498
f 8614 	8703 	8706
f 8619 	8598 	9686
f 8593 	8589 	8538
f 8496 	10032 	10035
f 8536 	8628 	9361
f 8708 	8710 	8464
f 8710 	10033 	8464
f 8595 	8689 	8590
f 8705 	8615 	8706
f 8614 	8706 	8615
f 8708 	8464 	8490
f 8709 	8590 	8689
f 8707 	9579 	8702
f 8278 	8287 	8715
f 8716 	8717 	8919
f 8702 	8620 	9686
f 9265 	8715 	8714
f 8628 	8648 	8721
f 8919 	8720 	8716
f 8721 	8725 	8628
f 8718 	8719 	9654
f 8590 	8709 	8721
f 8725 	8721 	8709
f 8726 	8727 	8728
f 8726 	8728 	8729
f 8733 	8735 	8689
f 8709 	8689 	8735
f 8726 	8734 	8736
f 8726 	8736 	8727
f 8750 	8753 	8720
f 8728 	8727 	9265
f 9215 	9265 	8727
f 8736 	9224 	8727
f 8748 	9224 	8736
f 9652 	8868 	9654
f 8744 	8741 	8720
f 8696 	8793 	8279
f 9215 	8277 	9265
f 8718 	8346 	8719
f 8713 	9765 	8740
f 8729 	9601 	8726
f 8734 	8726 	9216
f 8583 	8582 	8677
f 8678 	8677 	8582
f 8707 	8702 	9686
f 8724 	8720 	8741
f 8615 	8711 	8739
f 8734 	8748 	8736
f 8742 	9763 	8737
f 8587 	8583 	8676
f 8676 	8583 	8677
f 8269 	8793 	8208
f 8731 	8760 	8720
f 8740 	9778 	8742
f 8743 	8723 	8345
f 8719 	8345 	8723
f 8715 	9265 	8278
f 8750 	8760 	8286
f 8749 	8750 	8581
f 8734 	9216 	8748
f 8744 	8720 	8753
f 8209 	8793 	8213
f 8737 	9763 	8730
f 8753 	8750 	8749
f 8705 	8286 	8711
f 8628 	8757 	9361
f 8725 	8757 	8628
f 8725 	8709 	8757
f 8735 	8757 	8709
f 8755 	8739 	8711
f 8758 	9361 	8757
f 8733 	8757 	8735
f 8739 	8761 	8731
f 8761 	8760 	8731
f 8591 	8675 	8594
f 8761 	8755 	8286
f 8759 	8594 	8675
f 8596 	8691 	8597
f 8626 	8793 	8651
f 8755 	8761 	8739
f 8738 	9686 	8745
f 8760 	8761 	8286
f 8597 	8691 	8690
f 8750 	8720 	8760
f 8740 	8911 	8713
f 8691 	8596 	8759
f 8594 	8759 	8596
f 9686 	8449 	8746
f 9686 	8746 	8745
f 8763 	8651 	8793
f 8687 	8609 	8608
f 8688 	8687 	8608
f 8690 	8688 	8597
f 8608 	8597 	8688
f 8254 	8925 	8233
f 8687 	8686 	8609
f 8922 	8925 	8247
f 8616 	8609 	8686
f 8686 	8680 	8776
f 8773 	9399 	8777
f 8686 	8776 	8616
f 9021 	9022 	9401
f 8617 	8616 	8776
f 8776 	8520 	8617
f 8260 	8793 	8264
f 8917 	8957 	8233
f 8775 	8797 	8768
f 8777 	9398 	8773
f 8555 	8617 	8520
f 8559 	8793 	8563
f 8780 	8781 	8779
f 8826 	8827 	8789
f 8795 	8779 	8790
f 8786 	8810 	8828
f 8810 	8787 	8828
f 8827 	8828 	8787
f 8787 	8788 	8827
f 8788 	8789 	8827
f 8781 	8782 	8789
f 8790 	8781 	8789
f 8783 	8833 	8791
f 8675 	8791 	8833
f 8768 	8671 	8604
f 8769 	8763 	8793
f 8770 	8769 	8793
f 8737 	8730 	8901
f 8899 	8901 	8730
f 8781 	8780 	8624
f 8624 	8780 	8625
f 8747 	8743 	8345
f 8671 	8796 	8286
f 8621 	8782 	8781
f 8621 	8781 	8624
f 8260 	8258 	8793
f 8906 	8713 	8911
f 8903 	8920 	8712
f 8209 	8208 	8793
f 8780 	8629 	8625
f 8779 	8629 	8780
f 8779 	8781 	8790
f 8752 	8751 	8345
f 8751 	8747 	8345
f 8793 	8568 	8563
f 8901 	8914 	8737
f 8797 	8286 	8796
f 8325 	8853 	9046
f 8629 	8779 	8630
f 8793 	8618 	8568
f 8630 	8779 	8795
f 8630 	8795 	8632
f 8796 	8768 	8797
f 8797 	8775 	8800
f 8250 	9046 	8261
f 8868 	8346 	8718
f 8790 	8632 	8795
f 8670 	8604 	8671
f 8352 	8804 	8345
f 8634 	8789 	8635
f 8796 	8671 	8768
f 8793 	8314 	8318
f 8899 	8730 	8949
f 8635 	8789 	8788
f 8949 	8756 	8945
f 8793 	8219 	8320
f 8919 	8717 	8802
f 8632 	8790 	8634
f 8789 	8634 	8790
f 8292 	8289 	8793
f 8635 	8788 	8638
f 8793 	8696 	8226
f 8787 	8638 	8788
f 8798 	8345 	8799
f 8794 	8345 	8798
f 8752 	8345 	8794
f 8782 	8826 	8789
f 8811 	8812 	8919
f 8767 	8712 	8920
f 8810 	8640 	8787
f 8638 	8787 	8640
f 8742 	8914 	8740
f 8793 	8293 	8292
f 8809 	8811 	8919
f 8642 	8786 	8643
f 8434 	9791 	8813
f 8785 	8643 	8786
f 8920 	8922 	8767
f 8247 	8767 	8922
f 8793 	8559 	8558
f 8724 	8716 	8720
f 8510 	8528 	8325
f 8558 	8213 	8793
f 8642 	8640 	8810
f 8642 	8810 	8786
f 8813 	8804 	8352
f 8801 	8345 	8804
f 8799 	8345 	8801
f 8793 	8226 	8238
f 8643 	8785 	8784
f 8643 	8784 	8645
f 8793 	8238 	8219
f 8713 	8906 	8712
f 8352 	8351 	8426
f 8425 	8434 	8352
f 8813 	8352 	8434
f 8793 	8320 	8314
f 8784 	8783 	8645
f 8647 	8645 	8783
f 8647 	8783 	8791
f 8816 	8551 	8815
f 8550 	8815 	8551
f 9416 	8818 	8550
f 8793 	8626 	8618
f 8675 	8591 	8647
f 8675 	8647 	8791
f 8819 	8792 	8793
f 8792 	8770 	8793
f 8550 	8818 	8815
f 9046 	8762 	8261
f 8793 	8820 	8821
f 10000 	8815 	8818
f 8793 	8824 	8825
f 8828 	8829 	8786
f 8829 	8856 	8786
f 8785 	8786 	8856
f 8856 	8830 	8785
f 8844 	8784 	8830
f 8832 	8783 	8831
f 8833 	8783 	8832
f 8783 	8784 	8831
f 8822 	8817 	9661
f 8833 	8676 	8675
f 8793 	8835 	8836
f 8676 	8833 	8587
f 8832 	8654 	8833
f 8587 	8833 	8654
f 8552 	8816 	8554
f 8575 	8574 	8816
f 8816 	8552 	8551
f 8793 	8825 	8838
f 8557 	8816 	8574
f 8554 	8816 	8557
f 8832 	8831 	8654
f 8658 	8654 	8831
f 8837 	8834 	9661
f 8834 	8822 	9661
f 8793 	8842 	8843
f 8831 	8784 	8844
f 8793 	8841 	8846
f 8762 	8850 	8839
f 8793 	8848 	8849
f 8659 	8658 	8844
f 8831 	8844 	8658
f 8850 	8840 	8839
f 8852 	8793 	8851
f 8894 	8851 	8793
f 8830 	8662 	8659
f 8378 	9752 	8847
f 8853 	8325 	8855
f 8844 	8830 	8659
f 8784 	8785 	8830
f 8254 	8247 	8925
f 8663 	8662 	8856
f 8830 	8856 	8662
f 9918 	8845 	9922
f 8665 	8664 	8828
f 8756 	8949 	8730
f 8829 	8828 	8664
f 8895 	8896 	8793
f 8934 	8900 	8793
f 8856 	8829 	8663
f 8664 	8663 	8829
f 8793 	8904 	8905
f 8665 	8828 	8827
f 8665 	8827 	8667
f 8778 	8772 	9681
f 8772 	8771 	9681
f 8667 	8827 	8826
f 8667 	8826 	8668
f 8395 	8915 	8793
f 8668 	8826 	8782
f 8668 	8782 	8621
f 8793 	8944 	8934
f 8860 	8859 	8346
f 8859 	8857 	8346
f 8937 	8904 	8793
f 8793 	8905 	8894
f 9933 	9927 	8863
f 8793 	8852 	8848
f 8793 	8849 	8866
f 8864 	8869 	9914
f 8793 	8908 	8942
f 8483 	8864 	9914
f 8754 	8945 	8756
f 8916 	8944 	8793
f 8863 	8860 	8346
f 8452 	9914 	8869
f 9652 	9919 	8868
f 8793 	8942 	8937
f 8877 	8878 	8876
f 8887 	8879 	8875
f 8879 	8982 	8875
f 8982 	8983 	8875
f 8983 	8999 	8874
f 8964 	8874 	8999
f 8873 	8964 	8999
f 8999 	8984 	8873
f 8984 	8985 	8873
f 8903 	8712 	8906
f 8793 	8866 	8841
f 8793 	8846 	8842
f 8927 	8979 	8867
f 8867 	8979 	8880
f 8793 	8843 	8824
f 8911 	8740 	8914
f 8793 	8838 	8823
f 8882 	8880 	8979
f 8863 	8346 	8865
f 8793 	8836 	8820
f 8793 	8823 	8886
f 8878 	8877 	8883
f 8884 	8883 	8877
f 8985 	8986 	8873
f 8793 	8886 	8835
f 8793 	8821 	8819
f 8935 	8930 	8440
f 8887 	8878 	8888
f 8883 	8888 	8878
f 8908 	8793 	8896
f 8861 	8858 	9681
f 8858 	8778 	9681
f 9441 	9440 	8864
f 8483 	9441 	8864
f 8879 	8887 	8888
f 8879 	8888 	8893
f 8793 	8977 	9012
f 9664 	8892 	9638
f 8881 	9071 	8898
f 8895 	8793 	8900
f 8880 	8882 	8909
f 9012 	8395 	8793
f 8907 	8909 	8882
f 8916 	8793 	8915
f 8882 	8881 	8907
f 8898 	8907 	8881
f 9664 	8902 	8892
f 8891 	9638 	8892
f 8867 	8880 	8918
f 8897 	8862 	9681
f 8862 	8861 	9681
f 8909 	8918 	8880
f 8917 	8233 	8925
f 8875 	8876 	8878
f 8867 	8918 	8927
f 8918 	8936 	8927
f 8742 	8737 	8914
f 8931 	8927 	8936
f 8802 	8803 	8919
f 8805 	8806 	8919
f 8939 	8941 	8870
f 8871 	8870 	8941
f 8912 	9664 	8913
f 8806 	8807 	8919
f 8808 	8809 	8919
f 8924 	9681 	8926
f 9113 	9115 	8919
f 8926 	9682 	8933
f 8870 	8931 	8939
f 8936 	8939 	8931
f 9117 	9113 	8919
f 8951 	8950 	8923
f 8951 	8923 	8928
f 8929 	8928 	8923
f 8932 	8930 	8951
f 8932 	8951 	8928
f 8872 	8871 	8952
f 8941 	8952 	8871
f 8935 	8951 	8930
f 9664 	9662 	8921
f 8921 	8913 	9664
f 8878 	8887 	8875
f 8953 	8872 	8956
f 9142 	9144 	8919
f 8952 	8956 	8872
f 8947 	8921 	9662
f 8853 	8855 	8762
f 8850 	8762 	8855
f 8855 	9047 	8850
f 8953 	8956 	8958
f 8873 	8953 	8958
f 8874 	8875 	8983
f 9134 	9126 	8919
f 8959 	8954 	9662
f 8954 	8948 	9662
f 9389 	8950 	8951
f 8964 	8958 	8966
f 9157 	9142 	8919
f 8964 	8873 	8958
f 9400 	9392 	8840
f 8910 	9681 	8924
f 8897 	9681 	8910
f 8938 	9820 	8971
f 8970 	8969 	8875
f 8970 	8875 	8874
f 9354 	9204 	8839
f 9144 	9155 	8919
f 9022 	9021 	8850
f 9122 	9130 	8919
f 8964 	8966 	8874
f 8970 	8874 	8966
f 8963 	8959 	9662
f 9130 	9134 	8919
f 8975 	8876 	8969
f 8733 	8689 	8732
f 8974 	9972 	8973
f 8969 	8876 	8875
f 9972 	9971 	8973
f 8884 	8876 	8975
f 8807 	8808 	8919
f 8877 	8876 	8884
f 8814 	8805 	8919
f 8968 	8967 	9662
f 8967 	8963 	9662
f 8853 	8762 	9046
f 9071 	8881 	8991
f 8991 	9058 	9071
f 8803 	8814 	8919
f 8309 	8304 	8793
f 8309 	8793 	8318
f 8732 	8689 	9586
f 8945 	8754 	8946
f 9177 	9179 	8919
f 8953 	8873 	8986
f 8872 	8953 	8986
f 8986 	9013 	8872
f 8870 	8871 	9013
f 9013 	8987 	8870
f 8987 	9025 	8870
f 8931 	8870 	8988
f 8927 	8988 	8989
f 8927 	8989 	8979
f 9311 	9069 	9082
f 9067 	9311 	9082
f 8919 	8604 	8605
f 8881 	8882 	8991
f 8612 	8613 	8919
f 8982 	8879 	8993
f 8613 	8614 	8919
f 8981 	9973 	8974
f 9242 	9232 	8536
f 9233 	9261 	8536
f 8893 	8993 	8879
f 8731 	8720 	8919
f 8997 	8982 	8993
f 8739 	8731 	8919
f 8983 	8982 	8997
f 8615 	8739 	8919
f 8974 	8973 	9661
f 9662 	9661 	8973
f 8871 	8872 	9013
f 8614 	8615 	8919
f 8973 	8968 	9662
f 8995 	9001 	8996
f 9008 	8996 	9001
f 8999 	8983 	9000
f 8766 	9400 	8840
f 8636 	8612 	8919
f 8995 	9002 	9001
f 8995 	8998 	9002
f 8997 	9000 	8983
f 8605 	8636 	8919
f 9005 	8985 	9006
f 9007 	8996 	9008
f 8318 	9181 	8309
f 9006 	8985 	8984
f 9179 	9181 	8919
f 9182 	9183 	8919
f 9184 	8764 	8919
f 8764 	8765 	8919
f 8984 	8999 	9006
f 8972 	8933 	9682
f 8972 	9682 	8978
f 9000 	9006 	8999
f 8584 	8578 	9002
f 9021 	9404 	8766
f 8584 	9002 	8998
f 9007 	9008 	8578
f 8777 	9399 	9026
f 9005 	9009 	8986
f 9005 	8986 	8985
f 8976 	8793 	8304
f 8768 	8604 	8919
f 9008 	9001 	8578
f 9001 	9002 	8578
f 9025 	8988 	8870
f 8994 	8981 	9661
f 8981 	8974 	9661
f 8765 	8774 	8919
f 8775 	8768 	8919
f 8539 	8589 	8998
f 8589 	8593 	8998
f 9013 	8986 	9014
f 9009 	9014 	8986
f 8777 	9024 	9398
f 9398 	9024 	8155
f 9015 	9016 	9017
f 8774 	8775 	8919
f 9020 	9017 	9019
f 9016 	9019 	9017
f 9183 	9184 	8919
f 8155 	9401 	9022
f 9023 	9020 	9031
f 9019 	9031 	9020
f 9191 	9182 	8919
f 9399 	8155 	9026
f 9181 	9191 	8919
f 9004 	9003 	9661
f 8817 	9004 	9661
f 9003 	8994 	9661
f 9014 	9018 	9013
f 8987 	9013 	9018
f 8919 	9260 	9177
f 8927 	8931 	8988
f 8403 	8915 	8395
f 9016 	9037 	9019
f 9025 	8987 	9027
f 9393 	9354 	8839
f 8976 	8977 	8793
f 9018 	9027 	8987
f 9029 	8988 	9030
f 9032 	9023 	9031
f 8988 	9029 	8989
f 9015 	9035 	9033
f 9016 	9015 	9033
f 8978 	9682 	8992
f 8840 	8850 	8766
f 9033 	9037 	9016
f 9037 	9038 	9019
f 8766 	8850 	9021
f 8988 	9025 	9030
f 9026 	9024 	8777
f 8943 	10010 	8955
f 9038 	9039 	9019
f 9027 	9030 	9025
f 8940 	8955 	10041
f 9019 	9039 	9031
f 8980 	9042 	8990
f 9041 	8990 	9042
f 8938 	9044 	9820
f 9042 	8980 	8979
f 9042 	8979 	9029
f 9043 	9048 	9045
f 8940 	10041 	9049
f 9029 	8979 	8989
f 9048 	9050 	9045
f 9045 	9050 	8627
f 8998 	8995 	8890
f 8571 	9572 	9036
f 8990 	9041 	8991
f 9051 	8991 	9041
f 9028 	8700 	8341
f 9031 	9039 	9397
f 9032 	9031 	9043
f 9032 	9043 	8575
f 9033 	9035 	8286
f 9039 	9038 	9397
f 9054 	8286 	9053
f 9053 	8286 	9035
f 9037 	8286 	9038
f 9033 	8286 	9037
f 8943 	8946 	10010
f 8286 	9397 	9038
f 9239 	9226 	9217
f 9040 	9034 	8341
f 9034 	9028 	8341
f 9076 	9058 	9051
f 9684 	8592 	8571
f 9011 	9010 	9684
f 9010 	8992 	9684
f 9043 	9031 	9079
f 8965 	9779 	10052
f 9048 	9043 	9079
f 9219 	8281 	8280
f 8584 	8998 	9057
f 9082 	9060 	9067
f 9060 	9061 	9067
f 9061 	9062 	9067
f 9066 	9234 	9062
f 9062 	9185 	9066
f 9065 	9066 	9185
f 8627 	9050 	8660
f 9185 	9186 	9065
f 9337 	9353 	9064
f 9338 	9351 	9337
f 8589 	8586 	8538
f 9055 	9052 	8341
f 9052 	9040 	8341
f 9058 	9059 	9069
f 8980 	8990 	8882
f 9069 	9070 	9058
f 8979 	8980 	8882
f 8990 	8991 	8882
f 9063 	9055 	8341
f 9080 	9050 	9079
f 8965 	9072 	9779
f 9247 	8919 	8540
f 8991 	9051 	9058
f 9260 	8919 	9247
f 9078 	9059 	9076
f 9076 	9059 	9058
f 9079 	8775 	9080
f 9234 	9067 	9062
f 9083 	9059 	9078
f 9082 	9059 	9083
f 9077 	9068 	9635
f 8341 	9635 	9068
f 9063 	8341 	9068
f 8996 	9744 	8889
f 9061 	9060 	9085
f 9088 	9085 	9060
f 9089 	9090 	8539
f 9091 	9089 	8539
f 9090 	8585 	8539
f 9074 	9639 	9056
f 9060 	9082 	9088
f 9083 	9088 	9082
f 8493 	9090 	9092
f 9090 	8493 	8585
f 9074 	9056 	9198
f 9092 	9090 	10008
f 9099 	9097 	8699
f 9984 	9983 	9100
f 8518 	8653 	8650
f 8650 	8651 	8364
f 8518 	8650 	8364
f 8392 	8242 	8536
f 9075 	9074 	9198
f 9087 	9635 	9100
f 9024 	9120 	8155
f 9100 	9104 	9984
f 9022 	9110 	8155
f 8699 	8674 	9108
f 9106 	9107 	8699
f 8660 	9050 	9080
f 8382 	8364 	8651
f 9116 	8919 	9115
f 9119 	9122 	8919
f 9120 	9026 	8155
f 9105 	9094 	9198
f 9094 	9075 	9198
f 9157 	8919 	9126
f 9125 	9126 	9134
f 8661 	8622 	8660
f 9124 	9121 	8674
f 9121 	9109 	8674
f 8660 	9080 	8775
f 9104 	9100 	9635
f 9116 	9119 	8919
f 8651 	8763 	8382
f 8382 	8769 	8770
f 8792 	8382 	8770
f 8666 	8229 	8540
f 9127 	9128 	8674
f 9123 	9124 	8674
f 9128 	9123 	8674
f 8769 	8382 	8763
f 8919 	8812 	9117
f 9136 	8965 	9135
f 9135 	8965 	9137
f 9139 	9137 	10052
f 9138 	9139 	10052
f 8792 	8819 	8382
f 8825 	8824 	8382
f 8843 	8842 	8382
f 9143 	9138 	10052
f 9146 	9143 	10052
f 9118 	9111 	9635
f 9111 	9104 	9635
f 9147 	9148 	10052
f 9151 	9993 	9150
f 9168 	8919 	9155
f 9153 	9150 	9992
f 8821 	8820 	8382
f 8821 	8382 	8819
f 9683 	9141 	9198
f 9150 	9638 	9151
f 9638 	9150 	9635
f 8820 	8836 	8382
f 8836 	8835 	8382
f 8823 	8838 	8382
f 9163 	8965 	9166
f 8843 	8382 	8824
f 8841 	8866 	8382
f 8382 	8852 	8851
f 9153 	9992 	9140
f 9165 	8965 	9136
f 9166 	8965 	9165
f 9168 	9169 	8919
f 8835 	8886 	8382
f 8825 	8382 	8838
f 9170 	9167 	8325
f 8842 	8846 	8382
f 9167 	9162 	8325
f 9171 	9172 	8919
f 9132 	9635 	9140
f 9118 	9635 	9132
f 9153 	9635 	9150
f 8666 	9084 	8536
f 8841 	8382 	8846
f 8526 	9170 	8325
f 9174 	8919 	9172
f 8852 	8382 	8848
f 8849 	8848 	8382
f 8849 	8382 	8866
f 9156 	9158 	8962
f 8823 	8382 	8886
f 8945 	9160 	8949
f 8303 	8296 	9167
f 8851 	8894 	8382
f 8896 	8895 	8382
f 8901 	8899 	8903
f 8901 	8903 	8906
f 8901 	8906 	8911
f 8901 	8911 	8914
f 9169 	9171 	8919
f 9167 	8290 	9162
f 9140 	9635 	9153
f 9105 	9198 	9129
f 8894 	8905 	8382
f 8899 	9160 	8903
f 8905 	8904 	8382
f 8904 	8937 	8382
f 8900 	8382 	8895
f 8900 	8934 	8382
f 9215 	8727 	9224
f 9062 	9061 	9093
f 9085 	9093 	9061
f 8922 	8920 	8917
f 8920 	8903 	8917
f 9162 	8282 	8281
f 8903 	9160 	8917
f 8896 	8382 	8908
f 8937 	8942 	8382
f 8917 	8925 	8922
f 9064 	9065 	9186
f 9173 	9151 	9638
f 8916 	8915 	8382
f 8383 	8382 	8915
f 8908 	8382 	8942
f 8899 	8949 	9160
f 8916 	8382 	8944
f 9186 	9185 	9187
f 9093 	9187 	9185
f 9093 	9185 	9062
f 9160 	8940 	8938
f 8940 	9049 	8938
f 8940 	9160 	8943
f 8303 	9167 	9170
f 8934 	8944 	8382
f 9189 	9337 	9064
f 8296 	8290 	9167
f 8915 	8403 	8383
f 8946 	8943 	8945
f 8943 	9160 	8945
f 8280 	9215 	9219
f 9064 	9186 	9189
f 9655 	9180 	9656
f 8943 	8955 	8940
f 8488 	9192 	8489
f 8917 	9160 	8957
f 9180 	9159 	9683
f 9141 	9683 	9159
f 8885 	9188 	9638
f 9178 	9638 	9188
f 9178 	9173 	9638
f 8960 	8957 	8961
f 9160 	8961 	8957
f 9192 	9201 	9468
f 9194 	9198 	8325
f 8961 	9160 	8962
f 9196 	8325 	9195
f 9200 	8325 	9196
f 9198 	9195 	8325
f 9202 	8325 	9200
f 9203 	8325 	9202
f 9207 	8325 	9206
f 9205 	9206 	8325
f 8250 	8261 	9201
f 9161 	9156 	8962
f 9213 	9361 	9211
f 9201 	9212 	9468
f 9213 	9211 	8733
f 9203 	9205 	8325
f 9210 	8325 	9209
f 9212 	9201 	9214
f 9208 	9214 	9201
f 9207 	9209 	8325
f 9162 	9218 	8325
f 8325 	9218 	9219
f 9222 	9481 	9221
f 8965 	9164 	8938
f 9187 	9189 	9186
f 8325 	9219 	9215
f 9224 	8325 	9215
f 9217 	8325 	9216
f 9226 	8325 	9217
f 9568 	9541 	9225
f 8965 	8938 	8971
f 9224 	9216 	8325
f 9228 	8325 	9226
f 9230 	9193 	8325
f 9229 	9230 	8325
f 9231 	9065 	9227
f 8714 	8715 	8536
f 9233 	8536 	9232
f 9193 	9194 	8325
f 9228 	9229 	8325
f 9066 	9065 	9231
f 9073 	9227 	9065
f 9059 	9082 	9069
f 9235 	9617 	9237
f 8938 	9049 	9044
f 9241 	8692 	9192
f 9240 	9270 	9239
f 9238 	9239 	9270
f 9237 	9270 	9601
f 9246 	9232 	9244
f 9242 	9244 	9232
f 9148 	9145 	10052
f 9145 	9146 	10052
f 8890 	8962 	9158
f 9154 	8890 	9158
f 9161 	8962 	9160
f 9160 	8938 	9164
f 9164 	8965 	9163
f 9243 	9245 	8919
f 9243 	8919 	9174
f 9241 	9469 	8692
f 9197 	9190 	9683
f 9180 	9683 	9190
f 9133 	9127 	8674
f 9131 	9133 	8674
f 9242 	9601 	9244
f 9114 	9131 	8674
f 9112 	9114 	8674
f 9238 	9226 	9239
f 9248 	9365 	9199
f 8723 	9773 	8719
f 9112 	8674 	9249
f 9253 	8919 	9245
f 9361 	8758 	9211
f 9255 	9298 	8890
f 9255 	8890 	9254
f 9057 	8593 	8538
f 8758 	8757 	8733
f 9211 	8758 	8733
f 9254 	8890 	9257
f 9256 	9257 	8890
f 9154 	9256 	8890
f 9369 	9367 	8732
f 9357 	9355 	9258
f 9201 	9192 	8250
f 9208 	9201 	8261
f 8714 	8536 	9261
f 9248 	9258 	9355
f 9250 	8674 	9252
f 9259 	9252 	8674
f 9262 	9259 	8674
f 9232 	9265 	9233
f 9261 	9265 	8714
f 9233 	9265 	9261
f 8493 	9264 	8674
f 9262 	8674 	9264
f 9248 	9199 	9683
f 9199 	9197 	9683
f 9275 	9276 	9263
f 9269 	9263 	9276
f 9275 	9263 	9274
f 9268 	9264 	8493
f 9270 	9216 	9601
f 9269 	9266 	9263
f 9267 	9268 	8493
f 9272 	9267 	8493
f 9240 	9217 	9270
f 9239 	9217 	9240
f 9279 	9663 	9278
f 9281 	9282 	9192
f 9282 	9288 	9192
f 9296 	9303 	9289
f 9253 	9283 	8919
f 9246 	9244 	8728
f 8729 	8728 	9244
f 8281 	9218 	9162
f 9246 	8728 	9265
f 9246 	9265 	9232
f 9218 	8281 	9219
f 9292 	9293 	9192
f 9317 	9318 	9192
f 9916 	8834 	8837
f 9192 	9316 	9317
f 9244 	9601 	8729
f 9263 	9282 	9281
f 9285 	8998 	9287
f 9289 	9192 	9288
f 8748 	9216 	9224
f 9916 	8837 	9918
f 8845 	9918 	8837
f 9293 	9241 	9192
f 9226 	9631 	9228
f 9263 	9289 	9288
f 9286 	8998 	9291
f 9286 	9287 	8998
f 9291 	8998 	9290
f 9332 	9303 	9305
f 9303 	9304 	9192
f 9927 	9926 	8860
f 9283 	9295 	8540
f 9283 	8540 	8919
f 9223 	9176 	9220
f 9176 	9297 	9220
f 9221 	9220 	9297
f 9294 	9290 	8998
f 9204 	9208 	8261
f 8540 	9295 	9299
f 9300 	9192 	9306
f 9292 	9192 	9300
f 9204 	9214 	9208
f 8860 	8863 	9927
f 8998 	8890 	9294
f 9298 	9294 	8890
f 9225 	9214 	9204
f 9192 	9312 	9316
f 9263 	9296 	9289
f 9547 	9292 	9300
f 9231 	9236 	9066
f 9234 	9066 	9236
f 9263 	9288 	9282
f 8354 	8291 	8962
f 8962 	8890 	8889
f 9204 	8261 	8762
f 9299 	9302 	8540
f 9319 	8540 	9302
f 9304 	9313 	9192
f 9296 	9305 	9303
f 9308 	9300 	9307
f 9306 	9307 	9300
f 9263 	9304 	9303
f 9067 	9234 	9301
f 9236 	9301 	9234
f 9271 	9272 	8493
f 9250 	9251 	8674
f 9070 	9071 	9058
f 9312 	9192 	9313
f 9251 	9249 	8674
f 9314 	9440 	8325
f 9301 	9315 	9067
f 9311 	9067 	9315
f 9306 	9192 	9318
f 9297 	9222 	9221
f 9443 	8325 	9442
f 9310 	8325 	9309
f 9210 	9309 	8325
f 9070 	9069 	9321
f 9263 	9313 	9304
f 9320 	9321 	9069
f 9263 	9305 	9296
f 9258 	9248 	9683
f 9258 	9683 	9277
f 9308 	9547 	9300
f 9322 	9280 	8493
f 9280 	9271 	8493
f 9313 	9263 	9312
f 9069 	9311 	9320
f 9324 	8493 	9323
f 9326 	9323 	8493
f 9312 	9669 	9316
f 9315 	9320 	9311
f 8716 	8724 	8537
f 9192 	8364 	9281
f 9331 	9281 	9330
f 8741 	8537 	8724
f 9263 	9281 	9331
f 8537 	8741 	8744
f 9329 	8898 	9071
f 9330 	9263 	9331
f 8537 	8744 	8753
f 9192 	9289 	9303
f 9071 	9070 	9329
f 9328 	8998 	9327
f 9307 	9333 	9308
f 8537 	8753 	8749
f 8537 	8749 	8581
f 9263 	9303 	9332
f 9321 	9329 	9070
f 8802 	8537 	8803
f 8809 	8808 	8536
f 8717 	8537 	8802
f 8811 	8809 	8812
f 9263 	9332 	9305
f 9228 	9430 	9433
f 8803 	8536 	8814
f 8805 	8814 	8536
f 8806 	8805 	8536
f 9308 	9333 	9547
f 9330 	9281 	8364
f 9340 	9330 	8364
f 8806 	8536 	8807
f 9113 	9117 	8536
f 9342 	9348 	9341
f 9341 	9348 	9339
f 9339 	9350 	9338
f 9343 	9348 	9342
f 9349 	9339 	9348
f 9353 	9337 	9483
f 9344 	9361 	9364
f 9345 	8383 	9344
f 9346 	8383 	9345
f 9346 	9340 	8383
f 8364 	8382 	9340
f 8807 	8536 	8808
f 9175 	9355 	9176
f 9354 	9355 	9204
f 8998 	9284 	9334
f 9344 	9273 	9345
f 9350 	9339 	9349
f 9352 	9337 	9351
f 9351 	9338 	9350
f 9483 	9337 	9352
f 9065 	9064 	9073
f 9273 	9346 	9345
f 9117 	8812 	8536
f 8809 	8536 	8812
f 9115 	9113 	8536
f 9157 	9126 	8536
f 9346 	9273 	9340
f 9273 	9263 	9340
f 9330 	9340 	9263
f 9356 	9337 	9189
f 9115 	8536 	9116
f 9119 	8536 	9122
f 8998 	9285 	9284
f 9325 	9279 	9681
f 9278 	9681 	9279
f 9116 	8536 	9119
f 9359 	9347 	9358
f 9347 	9176 	9355
f 9358 	9347 	9357
f 9277 	9683 	9278
f 9360 	9338 	9356
f 9130 	8536 	9134
f 9126 	9134 	8536
f 9122 	8536 	9130
f 9357 	9347 	9355
f 8718 	9654 	8868
f 9157 	8536 	9142
f 9144 	9142 	8536
f 9368 	9366 	9361
f 9168 	9155 	8536
f 9125 	9134 	9126
f 8892 	9943 	8891
f 9942 	8891 	9943
f 9175 	9204 	9355
f 9213 	9367 	9361
f 9144 	8536 	9155
f 9327 	8998 	9335
f 9335 	8998 	9334
f 9940 	8885 	9942
f 8891 	9942 	8885
f 9344 	9364 	9274
f 9344 	9274 	9273
f 9245 	9243 	8536
f 9172 	8536 	9174
f 8902 	9952 	8892
f 9362 	9363 	9354
f 9363 	9365 	9354
f 9365 	9355 	9354
f 9169 	8536 	9171
f 9172 	9171 	8536
f 9169 	9168 	8536
f 8913 	9954 	8912
f 8912 	9954 	8902
f 9364 	9361 	9366
f 9092 	9326 	8493
f 9367 	9369 	9361
f 9174 	8536 	9243
f 9283 	9253 	8536
f 9366 	9275 	9364
f 9274 	9364 	9275
f 9245 	8536 	9253
f 8733 	9367 	9213
f 9361 	9375 	9376
f 9375 	9361 	9369
f 9283 	8536 	9295
f 9361 	9376 	9368
f 9324 	9322 	8493
f 9299 	9295 	8536
f 9965 	9962 	8954
f 9666 	9336 	9667
f 9373 	9391 	9372
f 9302 	9299 	8536
f 8771 	9336 	9681
f 9336 	9325 	9681
f 9371 	9372 	9391
f 9319 	9302 	8536
f 9681 	9278 	9683
f 9368 	9276 	9366
f 9275 	9366 	9276
f 9319 	9405 	8540
f 9371 	9391 	9374
f 8733 	8732 	9367
f 9970 	8963 	8967
f 8998 	9328 	9091
f 9091 	8539 	8998
f 9378 	9375 	9369
f 9374 	9391 	9377
f 8994 	9974 	8981
f 9973 	8981 	9974
f 9004 	9976 	9003
f 8218 	9491 	8194
f 9276 	9368 	9376
f 9276 	9376 	9375
f 9276 	9375 	9269
f 9269 	9375 	9378
f 9378 	9369 	9269
f 9152 	9149 	8699
f 9497 	8275 	9498
f 9380 	9379 	8699
f 9381 	9370 	9390
f 9383 	9381 	9390
f 9370 	9381 	9385
f 9384 	9385 	9381
f 9095 	8699 	9097
f 9098 	9099 	8699
f 9386 	8286 	9054
f 8379 	8286 	9386
f 9370 	9385 	9387
f 9102 	9098 	8699
f 9102 	8699 	9101
f 9381 	9383 	9384
f 9370 	9387 	9388
f 9108 	9106 	8699
f 10052 	8699 	9149
f 9390 	9370 	9388
f 8584 	9057 	8538
f 8797 	8800 	8286
f 9379 	9152 	8699
f 10052 	9137 	8965
f 9983 	9086 	9087
f 8839 	9392 	9393
f 8965 	8971 	9072
f 9369 	8732 	9269
f 8839 	8840 	9392
f 9149 	9147 	10052
f 9669 	9312 	9263
f 9103 	9101 	8699
f 9109 	9108 	8674
f 9397 	8286 	8800
f 9400 	9394 	9392
f 9392 	9394 	9395
f 9104 	9985 	9984
f 9392 	9395 	9396
f 9392 	9396 	9393
f 8800 	8775 	9397
f 9989 	9111 	9118
f 9333 	9307 	9547
f 9398 	9412 	9413
f 9991 	9140 	9992
f 9096 	8699 	9095
f 9096 	9382 	8699
f 9382 	9380 	8699
f 9669 	9812 	9317
f 9316 	9669 	9317
f 9994 	9151 	9173
f 9107 	9103 	8699
f 9994 	9173 	9995
f 9401 	8155 	9399
f 8689 	8683 	9469
f 8491 	9543 	8474
f 9404 	9021 	9401
f 9545 	9384 	8500
f 9405 	9084 	8540
f 9545 	8500 	9549
f 8517 	9549 	8500
f 9266 	8330 	9263
f 8323 	9263 	8330
f 8523 	9552 	8517
f 9273 	9274 	9263
f 9780 	9762 	9402
f 9678 	8456 	8457
f 9293 	9469 	9241
f 9673 	9672 	8673
f 8238 	8226 	8764
f 9678 	8457 	9679
f 9079 	9031 	9397
f 8620 	9577 	8619
f 9408 	8756 	9406
f 9079 	9397 	8775
f 9398 	9389 	9411
f 9084 	8666 	8540
f 9411 	9412 	9398
f 8722 	9582 	8707
f 9398 	9413 	9410
f 9761 	8751 	8752
f 8350 	9875 	8347
f 8773 	9414 	9399
f 9414 	9415 	9399
f 9428 	9399 	9415
f 8772 	9602 	8771
f 9761 	8752 	9764
f 9181 	9179 	8309
f 9409 	8247 	8343
f 9603 	8778 	9605
f 9404 	9400 	8766
f 9417 	9418 	9400
f 9418 	9420 	9400
f 8861 	9607 	8858
f 9422 	9417 	9400
f 9976 	9004 	9909
f 9501 	8689 	9469
f 8822 	9910 	8817
f 8924 	8926 	9612
f 9045 	9419 	9043
f 9319 	8536 	9405
f 9337 	9356 	9338
f 9400 	9404 	9422
f 9423 	9422 	9404
f 9610 	8910 	9612
f 9405 	8536 	9084
f 9424 	9423 	9404
f 9339 	9338 	9425
f 9401 	9399 	9428
f 9437 	9426 	9427
f 9360 	9425 	9338
f 9045 	8627 	9419
f 9401 	9428 	9431
f 9430 	9429 	9437
f 9429 	9426 	9437
f 9435 	9339 	9425
f 9401 	9431 	9436
f 9424 	9404 	9436
f 9404 	9401 	9436
f 9341 	9339 	9435
f 9433 	9430 	9437
f 8978 	8992 	9620
f 9394 	9400 	9420
f 9547 	9307 	9306
f 9342 	9341 	9439
f 9435 	9439 	9341
f 9398 	8950 	9389
f 8936 	8918 	10056
f 9624 	8992 	9626
f 9794 	9317 	9812
f 8773 	9398 	9410
f 9441 	8325 	9440
f 9442 	8325 	9441
f 8884 	9753 	8883
f 9584 	9580 	9427
f 9437 	9427 	9580
f 9604 	9591 	9439
f 9445 	8325 	9443
f 9622 	9588 	9426
f 9329 	9321 	10058
f 9429 	9622 	9426
f 9075 	9640 	9074
f 9449 	9412 	9448
f 9310 	9314 	8325
f 9454 	9458 	8325
f 9450 	9451 	9348
f 9349 	9348 	9451
f 8909 	10056 	8918
f 8907 	8898 	10058
f 8898 	9329 	10058
f 9459 	9293 	9457
f 9452 	9412 	9449
f 9453 	9412 	9452
f 8939 	10056 	8941
f 9446 	9454 	8325
f 9462 	9293 	9459
f 9463 	9562 	9468
f 9466 	9468 	9465
f 9467 	9493 	9468
f 9466 	9467 	9468
f 9460 	9463 	9468
f 8857 	9922 	8845
f 8936 	10056 	8939
f 9456 	9293 	9455
f 9457 	9293 	9456
f 9469 	9293 	9462
f 9292 	9455 	9293
f 8859 	9926 	8857
f 9348 	9343 	9450
f 9460 	9468 	9471
f 9470 	9471 	9468
f 9461 	9410 	9453
f 8958 	8956 	10056
f 8956 	8952 	10056
f 8941 	10056 	8952
f 9447 	9450 	9343
f 9474 	9414 	9464
f 9464 	9410 	9461
f 9472 	9473 	9350
f 9351 	9350 	9473
f 9350 	9349 	9472
f 9451 	9472 	9349
f 9468 	9476 	9477
f 9468 	9477 	9478
f 9468 	9478 	9479
f 9468 	9479 	9480
f 9468 	9480 	9481
f 9470 	9468 	9481
f 9466 	9437 	9467
f 9475 	9415 	9474
f 9482 	9352 	9351
f 9473 	9482 	9351
f 9476 	9175 	9477
f 9653 	9159 	9655
f 9073 	9064 	9353
f 9465 	9437 	9466
f 9483 	9352 	9486
f 9477 	9175 	9478
f 9482 	9486 	9352
f 9478 	9175 	9479
f 9176 	9223 	9175
f 9073 	9353 	9227
f 8689 	9487 	9444
f 9488 	9436 	9485
f 9489 	9436 	9488
f 9490 	9227 	9353
f 9894 	8394 	8689
f 9491 	9436 	9489
f 9479 	9175 	9480
f 9353 	9483 	9490
f 8689 	9444 	9894
f 9494 	9436 	9492
f 8538 	9468 	9493
f 9493 	9509 	8538
f 8538 	9495 	9496
f 9497 	9532 	9494
f 9498 	9532 	9497
f 9492 	9436 	9491
f 9486 	9490 	9483
f 9468 	9527 	9476
f 9493 	9467 	9437
f 9500 	9532 	9498
f 8689 	9501 	9487
f 9476 	9499 	9175
f 9499 	9519 	9175
f 9047 	8325 	9110
f 9437 	9496 	9495
f 9277 	9358 	9258
f 9637 	9532 	9502
f 9493 	9507 	9509
f 9495 	8538 	9509
f 9505 	9506 	9504
f 9536 	9508 	9506
f 9504 	9506 	9508
f 9510 	9511 	9504
f 9511 	9513 	9504
f 9513 	9555 	9504
f 9503 	9504 	9555
f 9515 	9595 	9514
f 9517 	9594 	9516
f 9516 	9595 	9515
f 9446 	9798 	9454
f 9476 	9527 	9499
f 8959 	9968 	8954
f 9507 	9493 	9437
f 9520 	9436 	9518
f 9501 	9907 	9487
f 9519 	9528 	9175
f 9487 	8168 	9444
f 9495 	9509 	9437
f 9343 	9342 	9523
f 9342 	9591 	9523
f 9522 	9523 	9591
f 8968 	9971 	8967
f 9521 	9484 	9436
f 9484 	9485 	9436
f 9507 	9525 	9509
f 9503 	9645 	9526
f 9487 	8169 	8168
f 9468 	9212 	9527
f 9541 	9528 	9527
f 9499 	9527 	9519
f 9436 	9520 	9529
f 9436 	9529 	9521
f 9530 	9531 	9504
f 9505 	9504 	9531
f 9524 	9507 	9437
f 9526 	9530 	9503
f 9504 	9503 	9530
f 9204 	9175 	9225
f 9542 	9568 	9175
f 9509 	9525 	9437
f 9534 	9506 	9505
f 9534 	9505 	9531
f 9214 	9527 	9212
f 9502 	9532 	9500
f 9436 	9494 	9532
f 9508 	9510 	9504
f 9972 	8974 	9973
f 9533 	9535 	9547
f 9547 	9535 	9537
f 9507 	9567 	9525
f 9524 	9567 	9507
f 9534 	9540 	9506
f 9536 	9506 	9540
f 9519 	9527 	9528
f 9542 	9528 	9541
f 9536 	9540 	9508
f 9544 	9508 	9540
f 9225 	9175 	9568
f 9525 	9538 	9437
f 9546 	9548 	9510
f 9511 	9510 	9548
f 9214 	9225 	9527
f 9546 	9510 	9508
f 9546 	9508 	9544
f 8256 	9494 	8244
f 9551 	9513 	9511
f 9551 	9511 	9548
f 9437 	9550 	9496
f 9514 	9596 	9555
f 9437 	9463 	9460
f 9437 	9460 	9471
f 9437 	9471 	9470
f 9437 	9470 	8440
f 9549 	9385 	9545
f 9551 	9556 	9513
f 9555 	9513 	9556
f 9553 	9388 	9552
f 9549 	9552 	9385
f 9515 	9514 	9559
f 9515 	9559 	9561
f 9533 	9028 	9034
f 9481 	9222 	9470
f 9220 	9221 	9481
f 9799 	9458 	9797
f 9454 	9797 	9458
f 9465 	9468 	9562
f 9455 	9292 	9560
f 9480 	9564 	9481
f 9555 	9556 	9514
f 9559 	9514 	9556
f 9437 	9465 	9562
f 9558 	9560 	9547
f 8319 	9500 	8276
f 9554 	9388 	9553
f 9385 	9552 	9387
f 9515 	9561 	9516
f 9565 	9516 	9561
f 9223 	9564 	9175
f 9480 	9175 	9564
f 9557 	9558 	9547
f 9538 	9525 	9567
f 9516 	9565 	9517
f 9566 	9517 	9565
f 9547 	9560 	9292
f 9541 	9568 	9542
f 9522 	9517 	9566
f 9567 	9524 	9437
f 9412 	9411 	9448
f 9528 	9542 	9175
f 9573 	9462 	9570
f 9068 	9457 	9063
f 9538 	9567 	9437
f 9908 	9469 	9573
f 9469 	9462 	9573
f 9574 	9391 	9572
f 9541 	9527 	9225
f 9571 	9523 	9566
f 8411 	9210 	9209
f 9550 	9576 	8538
f 9550 	8538 	9496
f 9566 	9523 	9522
f 9055 	9560 	9558
f 9576 	9550 	9437
f 9575 	9391 	9574
f 9437 	9562 	9463
f 9055 	9063 	9560
f 9343 	9523 	9447
f 9577 	9391 	9575
f 9578 	9391 	9577
f 9223 	9220 	9564
f 9481 	9564 	9220
f 9571 	9447 	9523
f 9579 	9391 	9578
f 9576 	9580 	8538
f 8536 	8537 	9580
f 9583 	9391 	9582
f 9582 	9391 	9579
f 9584 	8536 	9580
f 9585 	8536 	9584
f 9587 	8536 	9585
f 9588 	8536 	9587
f 9570 	9462 	9459
f 9517 	9591 	9592
f 9517 	9592 	9593
f 9593 	9614 	9517
f 9628 	9516 	9594
f 9596 	9514 	9595
f 9597 	9555 	9596
f 9599 	9555 	9597
f 9503 	9555 	9599
f 9590 	9391 	9589
f 9087 	9100 	9983
f 8536 	9598 	9600
f 9242 	8536 	9600
f 9517 	9522 	9591
f 9641 	9643 	8689
f 9377 	9391 	9590
f 9583 	9589 	9391
f 9587 	9427 	9588
f 9601 	9600 	9598
f 9111 	9987 	9104
f 9605 	9347 	9603
f 9111 	9989 	9987
f 9604 	9592 	9591
f 9342 	9439 	9591
f 9585 	9427 	9587
f 8356 	9520 	8355
f 9607 	9347 	9605
f 9584 	9427 	9585
f 8355 	9518 	8349
f 9437 	9580 	9576
f 9612 	9297 	9610
f 9991 	9132 	9140
f 9611 	9593 	9592
f 9611 	9592 	9604
f 9594 	9517 	9614
f 9613 	9619 	9297
f 8191 	8197 	9606
f 9615 	9614 	9593
f 9615 	9593 	9611
f 9616 	9617 	9618
f 9620 	9624 	9297
f 9594 	9614 	9621
f 9623 	9618 	9622
f 9588 	9622 	9618
f 9588 	9618 	9617
f 9588 	9617 	8536
f 9619 	9620 	9297
f 9624 	9626 	8951
f 9615 	9621 	9614
f 9270 	9237 	9617
f 9617 	9235 	9598
f 9617 	9598 	8536
f 9595 	9516 	9628
f 9178 	9995 	9173
f 9617 	9616 	9629
f 9627 	8951 	9626
f 9630 	9628 	9594
f 9630 	9594 	9621
f 9374 	9377 	8450
f 9188 	9996 	9178
f 9995 	9178 	9996
f 9631 	9270 	9629
f 9238 	9270 	9631
f 9617 	9629 	9270
f 9572 	8951 	9632
f 9627 	9632 	8951
f 9634 	9596 	9595
f 9634 	9595 	9636
f 8885 	9940 	9188
f 9427 	9426 	9588
f 8253 	8302 	9633
f 9235 	9237 	9601
f 9598 	9235 	9601
f 9630 	9636 	9628
f 9595 	9628 	9636
f 9641 	8689 	9635
f 9539 	8474 	9543
f 9640 	9532 	9639
f 9642 	9597 	9596
f 9642 	9596 	9634
f 9581 	8689 	9643
f 9586 	8689 	9581
f 9638 	9635 	8689
f 8266 	9664 	8689
f 9600 	9601 	9242
f 9216 	8726 	9601
f 9354 	9532 	9644
f 9597 	9642 	9599
f 9645 	9599 	9642
f 9662 	9664 	8266
f 9429 	9623 	9622
f 9646 	9354 	9644
f 9637 	9639 	9532
f 9503 	9599 	9645
f 8255 	8253 	9633
f 9238 	9631 	9226
f 9649 	9354 	9647
f 9646 	9647 	9354
f 9640 	9644 	9532
f 9430 	9616 	9618
f 9623 	9429 	9618
f 9430 	9618 	9429
f 9650 	9651 	10024
f 8530 	9554 	8529
f 9653 	9354 	9649
f 9616 	9430 	9629
f 9629 	9430 	9631
f 9430 	9228 	9631
f 9699 	10024 	9698
f 9651 	9698 	10024
f 9362 	9354 	9659
f 9656 	9659 	9354
f 9655 	9656 	9354
f 9662 	8266 	9661
f 8672 	8673 	9672
f 9638 	8689 	9664
f 10056 	8970 	8966
f 8966 	8958 	10056
f 9359 	9663 	9347
f 8507 	8975 	10056
f 10056 	8969 	8970
f 9666 	9347 	9665
f 9663 	9665 	9347
f 9432 	9433 	9437
f 8883 	9753 	8888
f 8975 	8507 	8884
f 8969 	10056 	8975
f 8893 	8888 	9753
f 9602 	9347 	9667
f 9666 	9667 	9347
f 9608 	9347 	9607
f 9613 	9297 	9612
f 9602 	9603 	9347
f 8234 	8232 	9633
f 8993 	8893 	9753
f 9005 	9006 	9753
f 8234 	9633 	8236
f 9625 	8236 	9633
f 9579 	8707 	9582
f 9655 	9354 	9653
f 9633 	8232 	8225
f 9006 	9000 	9753
f 9000 	8997 	9753
f 8997 	8993 	9753
f 8738 	9583 	8722
f 8746 	9590 	8745
f 9014 	9009 	9753
f 9009 	9005 	9753
f 9583 	8738 	9589
f 9347 	9610 	9297
f 9609 	9610 	9347
f 9608 	9609 	9347
f 9263 	9930 	9669
f 9027 	9018 	9753
f 9018 	9014 	9753
f 9760 	8751 	9761
f 9671 	8266 	9668
f 9760 	8747 	8751
f 9029 	9030 	9736
f 9030 	9027 	9736
f 9753 	9736 	9027
f 8951 	9297 	9624
f 9675 	8266 	9671
f 9660 	8266 	9675
f 9673 	9676 	9306
f 9306 	9676 	9839
f 8778 	9603 	8772
f 9051 	9041 	9736
f 9041 	9042 	9736
f 9042 	9029 	9736
f 9539 	9543 	9391
f 9543 	9383 	9391
f 9390 	9391 	9383
f 9373 	9539 	9391
f 9660 	9661 	8266
f 9673 	9306 	9672
f 9670 	9668 	8266
f 9607 	8861 	9608
f 9076 	9051 	9736
f 8951 	9572 	9391
f 9384 	9545 	9385
f 9605 	8858 	9607
f 9736 	9737 	9078
f 9078 	9076 	9736
f 9563 	9411 	9554
f 9388 	9554 	9411
f 9387 	9552 	9388
f 9083 	9078 	9737
f 9737 	9738 	9083
f 9679 	9672 	9318
f 8951 	9390 	9389
f 9306 	9318 	9672
f 8933 	9613 	8926
f 9388 	9411 	9390
f 9677 	9678 	9318
f 9678 	9679 	9318
f 9674 	9432 	9437
f 9909 	8817 	9910
f 9390 	8951 	9391
f 9490 	9486 	10054
f 9681 	9683 	9437
f 9683 	9680 	9437
f 9680 	9674 	9437
f 8834 	9912 	8822
f 9563 	9569 	9411
f 9569 	9448 	9411
f 9619 	8972 	9620
f 9684 	9682 	9437
f 9682 	9681 	9437
f 9389 	9390 	9411
f 9315 	10054 	9320
f 9301 	10054 	9315
f 9022 	8850 	9047
f 9110 	9022 	9047
f 9686 	9684 	9437
f 9624 	9620 	8992
f 9414 	8773 	9410
f 9728 	9730 	9437
f 9026 	9120 	9024
f 9320 	10054 	9321
f 9691 	10024 	9690
f 9412 	9453 	9413
f 9922 	8857 	9926
f 9189 	9734 	9356
f 9410 	9464 	9414
f 9431 	9428 	9518
f 9436 	9431 	9518
f 8859 	8860 	9926
f 9650 	10024 	9648
f 9694 	9648 	10024
f 9475 	9512 	9415
f 9414 	9474 	9415
f 9428 	9415 	9512
f 9413 	9453 	9410
f 9512 	9518 	9428
f 9933 	8863 	8865
f 9696 	9733 	9695
f 9739 	9740 	9425
f 9740 	9741 	9425
f 9697 	9733 	9696
f 8440 	9470 	9700
f 8428 	9310 	8424
f 9309 	8424 	9310
f 9644 	9640 	9094
f 9447 	9571 	10054
f 8440 	9700 	9703
f 9646 	9644 	9105
f 9702 	9733 	9701
f 8440 	9703 	8935
f 9129 	9647 	9105
f 9451 	9450 	10054
f 9450 	9447 	10054
f 9704 	9733 	9702
f 9705 	9733 	9704
f 9699 	9701 	10024
f 8951 	9222 	9297
f 8951 	9700 	9222
f 9210 	8427 	9309
f 8892 	9952 	9943
f 9653 	9649 	9159
f 9310 	8428 	9314
f 8452 	9314 	8428
f 9707 	9733 	9705
f 9706 	9733 	9707
f 8935 	9703 	8951
f 9482 	9473 	10054
f 9473 	9472 	10054
f 9486 	9482 	10054
f 9440 	9314 	8869
f 9728 	9206 	9730
f 9709 	9986 	9708
f 9571 	9566 	10054
f 9565 	10048 	9566
f 9700 	8951 	9703
f 9190 	9656 	9180
f 8948 	9962 	8947
f 9711 	9986 	9710
f 9712 	9986 	9711
f 9710 	9986 	9709
f 9526 	9421 	9530
f 8947 	9959 	8921
f 9955 	8921 	9959
f 9713 	9986 	9712
f 9530 	9421 	9531
f 9714 	9986 	9713
f 9715 	9986 	9714
f 9716 	9986 	9715
f 9965 	8954 	9968
f 9228 	9433 	9229
f 9421 	10048 	9540
f 8963 	9969 	8959
f 9551 	10048 	9556
f 9548 	10048 	9551
f 9721 	9951 	9720
f 9556 	10048 	9559
f 9433 	9432 	9229
f 9729 	9951 	9727
f 9724 	9727 	9951
f 9686 	9437 	9725
f 10048 	10054 	9566
f 9730 	9725 	9437
f 9732 	9986 	9731
f 9726 	9728 	9437
f 9732 	9708 	9986
f 9435 	9425 	9741
f 9719 	9720 	9951
f 9951 	9721 	9722
f 9951 	9722 	9723
f 9723 	9724 	9951
f 9729 	9731 	9951
f 9986 	9951 	9731
f 9988 	8474 	9725
f 9695 	9733 	9706
f 10024 	9701 	9733
f 9630 	9741 	9636
f 9621 	9741 	9630
f 9615 	9741 	9621
f 9439 	9435 	9741
f 8196 	9489 	9488
f 9216 	9270 	9217
f 9636 	9741 	9634
f 8196 	9488 	8202
f 9485 	8202 	9488
f 9642 	9634 	9421
f 9093 	9085 	9738
f 9097 	9689 	9095
f 9360 	9356 	9739
f 9691 	9690 	9098
f 9099 	9098 	9690
f 9187 	9093 	9738
f 9099 	9690 	9689
f 9099 	9689 	9097
f 9693 	9692 	9101
f 8275 	9497 	8256
f 9102 	9691 	9098
f 9734 	9735 	9356
f 9735 	9739 	9356
f 9189 	9187 	9734
f 9738 	9734 	9187
f 9077 	9459 	9068
f 9103 	9694 	9101
f 9889 	9570 	9081
f 9502 	8319 	8431
f 9648 	9694 	9107
f 9421 	9634 	9741
f 9611 	9604 	9741
f 9106 	9648 	9107
f 9108 	9651 	9106
f 9651 	9108 	9109
f 9611 	9741 	9615
f 9604 	9439 	9741
f 9360 	9739 	9425
f 9586 	9269 	8732
f 9850 	9452 	9846
f 9372 	8455 	9373
f 9706 	9131 	9114
f 8367 	9660 	9675
f 9383 	8491 	9384
f 9543 	8491 	9383
f 9561 	10048 	9565
f 9559 	10048 	9561
f 9546 	10048 	9548
f 9544 	10048 	9546
f 9534 	9421 	9540
f 9540 	10048 	9544
f 9645 	9421 	9526
f 9645 	9642 	9421
f 9742 	9421 	9741
f 9531 	9421 	9534
f 8224 	8223 	9434
f 8223 	8222 	9434
f 9992 	9150 	9993
f 9386 	9054 	8816
f 9661 	9660 	8346
f 9127 	9704 	9128
f 8198 	9745 	8214
f 9742 	9434 	9416
f 8854 	9999 	8222
f 8816 	8386 	9386
f 8379 	9386 	8386
f 9704 	9702 	9128
f 8553 	9419 	9742
f 8222 	9416 	9434
f 8553 	9742 	9416
f 8199 	9745 	8198
f 9707 	9705 	9133
f 9421 	9742 	9419
f 8553 	8557 	9419
f 9743 	8214 	9745
f 8507 	8214 	9743
f 9744 	9746 	9747
f 8190 	9769 	9748
f 8400 	9484 	9521
f 9706 	9707 	9131
f 9133 	9131 	9707
f 8627 	8622 	9419
f 9529 	8384 	9521
f 9748 	8505 	8167
f 9746 	8578 	9747
f 8449 	8450 	9377
f 9751 	9749 	9750
f 10054 	10058 	9321
f 9236 	10054 	9301
f 9231 	9227 	10054
f 9472 	9451 	10054
f 9227 	9490 	10054
f 9749 	9755 	9750
f 9752 	9749 	9999
f 9774 	9748 	9769
f 9770 	9769 	8190
f 9752 	9754 	9749
f 9085 	9088 	9738
f 9088 	9083 	9738
f 9756 	9750 	9755
f 8673 	9676 	9673
f 9754 	9755 	9749
f 9999 	8847 	9752
f 8500 	9384 	8491
f 8407 	9757 	9755
f 8407 	9755 	9754
f 9752 	8407 	9754
f 9756 	9755 	9757
f 9589 	8745 	9590
f 8199 	9753 	9745
f 9753 	8884 	8507
f 9761 	8311 	9760
f 9743 	9753 	8507
f 9745 	9753 	9743
f 9804 	9805 	9748
f 9806 	8193 	9748
f 9760 	8311 	9759
f 9762 	9763 	9402
f 8311 	9758 	9759
f 9764 	8311 	9761
f 9679 	8672 	9672
f 9590 	8746 	9377
f 9751 	9750 	8387
f 9750 	9757 	8387
f 8407 	8387 	9757
f 8672 	9679 	8457
f 9757 	9750 	9756
f 9767 	9768 	9766
f 9676 	8695 	9839
f 9769 	9770 	9766
f 9767 	9766 	9770
f 9772 	9766 	9771
f 9769 	9766 	9772
f 9007 	8578 	9746
f 9403 	9765 	8712
f 9765 	8713 	8712
f 9572 	8592 	9574
f 8386 	8816 	8387
f 9772 	9774 	9769
f 8451 	8371 	9776
f 8598 	9575 	9574
f 9770 	8460 	9767
f 8378 	9776 	8371
f 8358 	8371 	8451
f 9772 	9771 	9774
f 9883 	9402 	9777
f 9768 	9767 	8460
f 9770 	8461 	8460
f 8742 	9402 	9763
f 8794 	9764 	8752
f 9763 	9762 	9780
f 9781 	9785 	9771
f 9781 	9771 	9766
f 9784 	9669 	9783
f 9783 	9669 	9782
f 9782 	9669 	9764
f 9602 	8772 	9603
f 9786 	9669 	9784
f 9402 	8742 	9777
f 9779 	9787 	9788
f 8858 	9605 	8778
f 9777 	8742 	9778
f 8862 	9608 	8861
f 9779 	9788 	9792
f 9778 	8740 	9765
f 9807 	8813 	9791
f 8869 	8864 	9440
f 9766 	9768 	9779
f 9787 	9779 	9768
f 8452 	8869 	9314
f 9807 	9669 	9786
f 8483 	9442 	9441
f 8730 	9780 	9406
f 9402 	9406 	9780
f 9780 	8730 	9763
f 8897 	9609 	8862
f 8483 	8484 	9442
f 9443 	9442 	8484
f 9443 	8484 	9445
f 9795 	9445 	8484
f 9445 	9795 	9446
f 9798 	9446 	9795
f 9407 	8754 	9408
f 9774 	9771 	9785
f 9795 	8484 	9914
f 9797 	9914 	9799
f 9710 	9709 	9137
f 8460 	9787 	9768
f 9799 	9914 	8201
f 9798 	9795 	9914
f 8730 	9406 	8756
f 9659 	9197 	9362
f 9797 	9798 	9914
f 8206 	9792 	8460
f 9139 	9710 	9137
f 9398 	8155 	8950
f 8440 	8950 	8155
f 9788 	9787 	8460
f 8754 	9407 	10023
f 9713 	9712 	9143
f 9626 	9010 	9627
f 9011 	9627 	9010
f 8756 	9408 	8754
f 9713 	9143 	9146
f 9010 	9626 	8992
f 9365 	9248 	9355
f 9715 	9714 	9145
f 9877 	9403 	9878
f 9409 	9878 	9403
f 8343 	9879 	9409
f 9785 	9781 	9801
f 9800 	9802 	9781
f 9716 	9715 	9148
f 9145 	9148 	9715
f 9502 	8431 	9637
f 9785 	9801 	9774
f 9996 	9188 	9940
f 9716 	9148 	9147
f 9881 	8385 	9873
f 8347 	9873 	8385
f 9056 	9639 	9637
f 8156 	8155 	8325
f 9873 	8347 	9875
f 9718 	9717 	9149
f 9075 	9094 	9640
f 8385 	9881 	8343
f 9748 	9803 	9804
f 9094 	9105 	9644
f 8171 	8325 	9458
f 9806 	9748 	9805
f 8156 	8325 	8171
f 9791 	9669 	9807
f 9868 	9876 	8195
f 8505 	9748 	9808
f 9810 	9811 	9809
f 9811 	9802 	9809
f 9959 	8947 	9962
f 9802 	9813 	9781
f 9801 	9781 	9813
f 8767 	9409 	9403
f 9396 	9532 	9393
f 9354 	9393 	9532
f 9396 	9395 	9532
f 9811 	9813 	9802
f 9403 	8712 	8767
f 8762 	8839 	9204
f 8155 	9110 	8325
f 8247 	9409 	8767
f 9803 	9748 	9810
f 9811 	9810 	9748
f 9812 	9669 	9793
f 9677 	9317 	9796
f 9813 	9811 	9748
f 9813 	9774 	9801
f 9458 	9799 	8171
f 9796 	9317 	9794
f 9748 	9774 	9813
f 9797 	9454 	9798
f 9806 	9805 	9815
f 9793 	9669 	9790
f 9318 	9317 	9677
f 9176 	9347 	9297
f 9663 	9359 	9278
f 9814 	9815 	9805
f 8357 	9874 	8350
f 8311 	9764 	9669
f 9791 	9789 	9669
f 9790 	9669 	9789
f 9814 	9805 	9804
f 9814 	9804 	9803
f 8228 	9816 	9817
f 9357 	9258 	9358
f 9803 	9810 	9809
f 9803 	9809 	9814
f 9819 	9816 	8227
f 9816 	8228 	8227
f 9822 	8266 	9821
f 9823 	8266 	9822
f 9825 	8266 	9824
f 9823 	9824 	8266
f 9825 	9826 	8266
f 9818 	9821 	8266
f 9654 	9773 	8317
f 9827 	8266 	9826
f 9394 	9532 	9395
f 9665 	9325 	9666
f 9837 	9838 	8266
f 8273 	8266 	9827
f 9420 	9418 	9394
f 9775 	8317 	9773
f 9829 	8266 	9828
f 9831 	8266 	9829
f 8228 	9817 	8230
f 9874 	8357 	9817
f 9003 	9977 	8994
f 9436 	9532 	9418
f 9436 	9418 	9417
f 9436 	9417 	9422
f 9436 	9422 	9423
f 9424 	9436 	9423
f 9833 	8266 	9832
f 9832 	8266 	9831
f 9834 	8266 	9833
f 9816 	9844 	9817
f 8817 	9909 	9004
f 9418 	9532 	9394
f 9836 	8266 	9835
f 9835 	8266 	9834
f 9837 	8266 	9836
f 9222 	9700 	9470
f 9843 	9846 	9448
f 9818 	8266 	9838
f 9830 	9828 	8266
f 8971 	9820 	9800
f 9040 	9535 	9034
f 9306 	9839 	9841
f 9563 	8544 	9569
f 9558 	9557 	9052
f 9851 	9461 	9453
f 9823 	9822 	9857
f 9781 	9072 	9800
f 9843 	9448 	9842
f 9821 	9858 	9822
f 9857 	9822 	9858
f 8747 	9758 	8743
f 9874 	9817 	9844
f 9816 	9819 	9844
f 9718 	9149 	9152
f 9818 	9854 	9821
f 9448 	9569 	9842
f 9722 	9721 	9156
f 9403 	9877 	9765
f 9161 	9722 	9156
f 9885 	9778 	9765
f 9489 	8194 	9491
f 9860 	9831 	9829
f 9729 	9727 	9163
f 8244 	9492 	8218
f 9491 	8218 	9492
f 9847 	9849 	9820
f 9860 	9863 	9831
f 8244 	9494 	9492
f 9847 	9845 	9849
f 9731 	9729 	9166
f 9449 	9448 	9846
f 9732 	9731 	9165
f 9406 	9402 	9905
f 9809 	9802 	9848
f 9840 	9988 	9842
f 9732 	9165 	9136
f 9802 	9849 	10051
f 9937 	9978 	9849
f 9893 	9905 	9402
f 9846 	9843 	9202
f 9842 	9202 	9843
f 8266 	8155 	9830
f 8157 	9830 	8155
f 9800 	9820 	9849
f 9106 	9650 	9648
f 9106 	9651 	9650
f 9475 	8348 	9512
f 9802 	9800 	9849
f 9453 	9850 	9851
f 9796 	8456 	9677
f 9698 	9651 	9109
f 9518 	8355 	9520
f 9853 	9866 	9914
f 9794 	8448 	9796
f 8349 	9518 	9512
f 9905 	9904 	9406
f 8384 	9529 	8356
f 9857 	9858 	9914
f 9854 	9852 	9914
f 9858 	9854 	9914
f 9852 	9853 	9914
f 9901 	9896 	10023
f 9809 	9848 	9814
f 9871 	9814 	9848
f 9914 	9860 	9859
f 8200 	9914 	9859
f 9863 	9860 	9914
f 9096 	9687 	9685
f 9685 	9382 	9096
f 9867 	9861 	9914
f 9861 	9862 	9914
f 9866 	9867 	9914
f 9862 	9863 	9914
f 9688 	9687 	9095
f 9096 	9095 	9687
f 9865 	9464 	9864
f 8455 	9372 	8450
f 9885 	9765 	9877
f 9856 	9857 	9914
f 9855 	9856 	9914
f 9878 	9409 	9879
f 9689 	9688 	9095
f 9461 	9864 	9464
f 9914 	8440 	8155
f 9868 	9806 	9815
f 9851 	9864 	9461
f 9824 	9855 	9825
f 9547 	9306 	9533
f 9841 	9533 	9306
f 9823 	9856 	9824
f 9855 	9824 	9856
f 8343 	9881 	9879
f 9102 	9101 	9692
f 9549 	8517 	9552
f 9852 	9818 	9838
f 9102 	9692 	9691
f 8186 	9815 	9814
f 9837 	9853 	9838
f 9693 	9101 	9694
f 9856 	9823 	9857
f 8523 	8529 	9553
f 9103 	9107 	9694
f 9854 	9818 	9852
f 8192 	8215 	9808
f 9808 	8215 	8505
f 9563 	8530 	8544
f 9695 	9706 	9114
f 9853 	9837 	9866
f 9851 	9850 	9202
f 9850 	9846 	9202
f 9782 	9764 	8794
f 9852 	9838 	9853
f 9840 	9569 	8544
f 9840 	9842 	9569
f 8476 	8479 	8489
f 8488 	8489 	8479
f 8798 	9783 	8794
f 9858 	9821 	9854
f 9792 	9788 	8460
f 9869 	9474 	9865
f 10022 	9438 	8199
f 9808 	9748 	8193
f 9889 	9081 	9890
f 9086 	9890 	9081
f 9837 	9836 	9866
f 9835 	9867 	9836
f 9866 	9836 	9867
f 9833 	9862 	9834
f 9861 	9834 	9862
f 9475 	9869 	9870
f 9832 	9863 	9833
f 9862 	9833 	9863
f 8200 	9859 	9828
f 9829 	9828 	9859
f 9865 	9864 	9202
f 9864 	9851 	9202
f 9104 	9987 	9985
f 9828 	9830 	8200
f 9582 	8722 	9583
f 9860 	9829 	9859
f 9112 	9696 	9695
f 9112 	9695 	9114
f 8157 	8200 	9830
f 9832 	9831 	9863
f 9407 	9408 	9900
f 8745 	9589 	8738
f 9834 	9861 	9835
f 9867 	9835 	9861
f 8349 	9512 	8348
f 9109 	9121 	9698
f 9699 	9698 	9121
f 9124 	9123 	9701
f 9702 	9701 	9123
f 9121 	9124 	9699
f 9701 	9699 	9124
f 9870 	8348 	9475
f 9127 	9705 	9704
f 9123 	9128 	9702
f 9127 	9133 	9705
f 9709 	9708 	9135
f 9136 	9135 	9708
f 9869 	9202 	9870
f 9865 	9202 	9869
f 9200 	8348 	9202
f 9135 	9137 	9709
f 9848 	9802 	9871
f 9711 	9139 	9138
f 9711 	9138 	9712
f 9139 	9711 	9710
f 9138 	9143 	9712
f 9939 	9937 	9845
f 9146 	9714 	9713
f 8202 	9485 	9872
f 9146 	9145 	9714
f 9609 	8897 	9610
f 9132 	9990 	9118
f 9484 	9872 	9485
f 9875 	9874 	9953
f 9844 	9953 	9874
f 9716 	9147 	9717
f 8924 	9612 	8910
f 9147 	9149 	9717
f 8972 	9619 	8933
f 9484 	8400 	9872
f 9914 	8388 	9669
f 8978 	9620 	8972
f 9873 	9875 	9953
f 9718 	9152 	9657
f 9766 	9072 	9781
f 9720 	9719 	9154
f 9158 	9156 	9721
f 9872 	8400 	9196
f 9721 	9720 	9158
f 9154 	9158 	9720
f 8186 	8187 	9815
f 9881 	9873 	9953
f 9789 	8425 	9790
f 8426 	9790 	8425
f 9723 	9161 	9160
f 9723 	9160 	9724
f 9808 	8193 	8192
f 8194 	9489 	8179
f 8425 	9789 	8434
f 9791 	8434 	9789
f 9161 	9723 	9722
f 9489 	8196 	8179
f 9975 	9887 	9914
f 8390 	9669 	8388
f 9160 	9164 	9724
f 9727 	9724 	9164
f 9790 	8426 	9793
f 8438 	9793 	8426
f 9164 	9163 	9727
f 9639 	9074 	9640
f 9793 	8438 	9812
f 8443 	9812 	8438
f 9948 	9263 	9880
f 9794 	9812 	8448
f 9163 	9166 	9729
f 8312 	8311 	9669
f 8390 	8312 	9669
f 9166 	9165 	9731
f 9879 	9881 	9953
f 9646 	9105 	9647
f 8365 	9880 	9263
f 8443 	8448 	9812
f 9625 	8302 	9913
f 9141 	9649 	9129
f 9732 	9136 	9708
f 9625 	9633 	8302
f 9678 	9677 	8456
f 8456 	9796 	8448
f 9778 	9882 	9777
f 9883 	9777 	9882
f 9363 	9362 	9199
f 9197 	9659 	9190
f 9199 	9365 	9363
f 9537 	9557 	9547
f 9878 	9879 	9953
f 9884 	10024 	9886
f 9325 	9665 	9279
f 9886 	9733 	9888
f 10002 	9888 	9892
f 9778 	9885 	9882
f 9336 	9666 	9325
f 9839 	8700 	9841
f 8771 	9667 	9336
f 9028 	9841 	8700
f 9882 	9885 	9953
f 9885 	9877 	9953
f 9877 	9878 	9953
f 9892 	9888 	9733
f 10024 	9733 	9886
f 9890 	9891 	9573
f 9889 	9890 	9573
f 9570 	9889 	9573
f 9893 	9883 	9953
f 9452 	9850 	9453
f 9449 	9846 	9452
f 9670 	9948 	9880
f 9893 	9402 	9883
f 9884 	9737 	9736
f 9464 	9865 	9474
f 8743 	9775 	8723
f 8390 	8313 	8312
f 9869 	9475 	9474
f 9903 	9738 	9884
f 8412 	8266 	8394
f 8394 	8266 	8689
f 9759 	9758 	8747
f 9775 	8743 	9758
f 9444 	9898 	9902
f 9949 	8252 	8251
f 8180 	9444 	9902
f 9886 	9903 	9884
f 8170 	9487 	9907
f 9444 	8168 	9898
f 9408 	9904 	9900
f 9759 	8747 	9760
f 8170 	8169 	9487
f 9498 	8276 	9500
f 9883 	9882 	9953
f 9888 	9903 	9886
f 8319 	9502 	9500
f 9783 	8798 	9784
f 8799 	9784 	8798
f 9408 	9406 	9904
f 10002 	9899 	9888
f 9782 	8794 	9783
f 9904 	9905 	9953
f 9905 	9893 	9953
f 8295 	9914 	9906
f 9888 	9899 	9903
f 9907 	9501 	9908
f 9501 	9469 	9908
f 9520 	8356 	9529
f 9784 	8799 	9786
f 8801 	9786 	8799
f 8295 	9855 	9914
f 9735 	9734 	9899
f 8400 	9521 	8384
f 9444 	8180 	9894
f 8804 	9807 	8801
f 8801 	9807 	9786
f 9739 	9735 	10003
f 8746 	8449 	9377
f 9901 	9900 	9953
f 9896 	9901 	9953
f 9374 	8450 	9371
f 9371 	8450 	9372
f 8455 	8474 	9373
f 9737 	9884 	9738
f 9900 	9904 	9953
f 8804 	8813 	9807
f 9738 	9903 	9734
f 9906 	9826 	8295
f 9899 	9734 	9903
f 8251 	9950 	9949
f 9553 	8529 	9554
f 9697 	9911 	9733
f 9895 	9897 	9953
f 9897 	9896 	9953
f 9923 	9827 	9906
f 8523 	9553 	9552
f 9910 	8822 	9912
f 8251 	9923 	9950
f 9554 	8530 	9563
f 8834 	9916 	9912
f 9951 	9953 	9719
f 9915 	9719 	9953
f 9575 	8619 	9577
f 9733 	9911 	9892
f 8702 	9578 	8620
f 9577 	8620 	9578
f 8317 	9919 	9652
f 8702 	9579 	9578
f 9923 	9906 	9914
f 9917 	9923 	9914
f 9925 	9935 	9892
f 9914 	9669 	9930
f 9932 	9953 	9931
f 9929 	9953 	9928
f 9917 	9914 	9930
f 9915 	9953 	9932
f 8865 	9934 	9933
f 9929 	9931 	9953
f 9920 	9895 	9953
f 9934 	8865 	9919
f 8865 	8868 	9919
f 9936 	10017 	9935
f 10017 	9892 	9935
f 9654 	8719 	9773
f 9608 	8862 	9609
f 8910 	9610 	8897
f 9914 	8155 	8266
f 9612 	8926 	9613
f 9986 	9937 	9953
f 9913 	8236 	9625
f 9982 	9981 	9914
f 8933 	9619 	9613
f 9945 	10017 	9944
f 9939 	9953 	9937
f 9930 	9923 	9917
f 9930 	9263 	9950
f 9949 	9950 	9263
f 9946 	10017 	9945
f 9947 	10017 	9946
f 8203 	8399 	9606
f 9036 	9632 	9011
f 9627 	9011 	9632
f 9948 	9949 	9263
f 9036 	9572 	9632
f 9952 	8902 	9954
f 9951 	9986 	9953
f 9920 	9953 	9939
f 8197 	8203 	9606
f 9758 	8310 	9914
f 9975 	9914 	8310
f 9652 	9654 	8317
f 8913 	8921 	9954
f 9955 	9954 	8921
f 9647 	9129 	9649
f 9049 	10041 	9963
f 9141 	9159 	9649
f 8948 	8954 	9962
f 9180 	9655 	9159
f 9981 	8317 	9914
f 9197 	9199 	9362
f 9773 	8723 	9775
f 9928 	9953 	9966
f 9968 	8959 	9969
f 9656 	9190 	9659
f 8311 	8310 	9758
f 9911 	9921 	9892
f 9924 	9925 	9892
f 9938 	10017 	9936
f 9970 	8967 	9971
f 8191 	9606 	8396
f 9277 	9278 	9359
f 9358 	9277 	9359
f 9670 	8252 	9948
f 9696 	9112 	9697
f 9249 	9697 	9112
f 9896 	9897 	10018
f 9970 	9969 	8963
f 9407 	9900 	9901
f 9279 	9665 	9663
f 10018 	10023 	9896
f 8968 	8973 	9971
f 9667 	8771 	9602
f 8315 	9633 	8225
f 9950 	9923 	9930
f 8266 	9606 	8399
f 9887 	8313 	8388
f 8266 	8396 	9606
f 9003 	9976 	9977
f 9633 	9914 	8255
f 8266 	8255 	9914
f 9931 	9929 	9257
f 9914 	8317 	9758
f 8317 	9775 	9758
f 9982 	9914 	8315
f 9633 	8315 	9914
f 9683 	9198 	9194
f 9974 	8994 	9977
f 9931 	9257 	9256
f 8388 	9914 	9887
f 8404 	8405 	8266
f 9719 	9932 	9256
f 8266 	8405 	8408
f 9533 	9841 	9028
f 9894 	8180 	8394
f 8396 	8394 	8191
f 9980 	10036 	9979
f 9978 	9979 	10037
f 8408 	8409 	8266
f 8255 	8266 	8410
f 9935 	9252 	9259
f 9533 	9034 	9535
f 8203 	8302 	8399
f 10038 	9849 	9978
f 10037 	10038 	9978
f 9040 	9052 	9557
f 9537 	9040 	9557
f 9535 	9040 	9537
f 9230 	9229 	9432
f 9432 	9674 	9230
f 9918 	9922 	8315
f 9055 	9558 	9052
f 9944 	9941 	9268
f 8317 	8315 	9934
f 9682 	8926 	9681
f 9455 	9560 	9063
f 9456 	9455 	9063
f 9944 	9268 	9267
f 8248 	8255 	8410
f 9457 	9456 	9063
f 9194 	9193 	9680
f 9674 	9680 	9193
f 9947 	9946 	9271
f 9910 	8232 	9909
f 9975 	8310 	8313
f 9975 	8313 	9887
f 9457 	9068 	9459
f 8317 	9981 	8315
f 9946 	9945 	9272
f 9459 	9077 	9570
f 9081 	9570 	9077
f 9982 	8315 	9981
f 8571 	9036 	9684
f 9036 	9011 	9684
f 9684 	8992 	9682
f 9680 	9683 	9194
f 8232 	8234 	9909
f 9912 	8232 	9910
f 8232 	9912 	8225
f 9916 	8225 	9912
f 9983 	9891 	9086
f 9890 	9086 	9891
f 9280 	10004 	9271
f 8234 	8236 	9909
f 8738 	8722 	9686
f 8722 	8707 	9686
f 9922 	9926 	8315
f 9926 	9927 	8315
f 9927 	9933 	8315
f 9933 	9934 	8315
f 9193 	9230 	9674
f 9919 	8317 	9934
f 9284 	9285 	10015
f 9956 	10015 	9285
f 8225 	9918 	8315
f 9287 	9956 	9285
f 9942 	8180 	9940
f 9943 	8180 	9942
f 9206 	9728 	9207
f 9958 	9957 	9286
f 8180 	9943 	9952
f 8180 	9952 	9954
f 9979 	9978 	9986
f 9937 	9986 	9978
f 9730 	9205 	9988
f 9954 	9955 	8180
f 9207 	9726 	9209
f 9989 	9118 	9990
f 9959 	8191 	9955
f 9958 	9286 	9291
f 9962 	8191 	9959
f 8197 	8191 	9965
f 8411 	8427 	9210
f 8227 	8224 	9819
f 9434 	9819 	8224
f 9726 	9207 	9728
f 9968 	8197 	9965
f 9990 	9132 	9991
f 9971 	8203 	9970
f 9970 	8203 	9969
f 9962 	9965 	8191
f 9966 	9964 	9298
f 9913 	8203 	9972
f 9969 	8197 	9968
f 9730 	9988 	9725
f 9298 	9255 	9966
f 8424 	9309 	8427
f 9993 	9151 	9994
f 9911 	9697 	9921
f 9249 	9921 	9697
f 8236 	9913 	9974
f 9973 	9974 	9913
f 9205 	9730 	9206
f 9250 	9925 	9924
f 9250 	9924 	9251
f 9203 	9988 	9205
f 9434 	9742 	9819
f 9249 	9251 	9921
f 9924 	9921 	9251
f 9977 	8236 	9974
f 9976 	8236 	9977
f 9979 	9986 	9980
f 9986 	10024 	9980
f 8197 	9969 	8203
f 8302 	8203 	9913
f 9250 	9252 	9925
f 9935 	9925 	9252
f 8411 	9209 	9726
f 9976 	9909 	8236
f 9972 	9973 	9913
f 9971 	9972 	8203
f 9967 	9044 	9963
f 9049 	9963 	9044
f 9929 	9928 	9254
f 9255 	9254 	9928
f 9988 	9203 	9842
f 9202 	9842 	9203
f 9891 	9983 	9573
f 8503 	8504 	8511
f 8362 	8363 	8164
f 9086 	9081 	9635
f 9196 	9195 	8179
f 9983 	9984 	9908
f 9573 	9983 	9908
f 8512 	9997 	8241
f 9985 	9907 	9984
f 9254 	9257 	9929
f 9987 	9989 	9907
f 9989 	9990 	9907
f 9931 	9256 	9932
f 9056 	8437 	9198
f 9129 	9198 	9141
f 8170 	9907 	9991
f 9990 	9991 	9907
f 8164 	8241 	9997
f 8179 	8196 	9196
f 8196 	8202 	9196
f 9086 	9635 	9087
f 9081 	9077 	9635
f 8700 	8698 	8341
f 9256 	9154 	9719
f 9915 	9932 	9719
f 9641 	8323 	9643
f 9992 	9993 	8170
f 9992 	8170 	9991
f 9994 	8170 	9993
f 9259 	9936 	9935
f 9870 	9202 	8348
f 9997 	8512 	8511
f 9994 	9995 	9898
f 8170 	9994 	9898
f 9936 	9259 	9938
f 9262 	9938 	9259
f 9908 	9984 	9907
f 9940 	9902 	9996
f 9996 	9902 	9995
f 9264 	9941 	9262
f 9017 	8816 	9015
f 9020 	9023 	8816
f 9017 	9020 	8816
f 8180 	9902 	9940
f 9023 	9032 	8816
f 9938 	9262 	9941
f 9985 	9987 	9907
f 9995 	9902 	9898
f 9264 	9268 	9941
f 8341 	9641 	9635
f 8575 	8816 	9032
f 8191 	8394 	8180
f 9054 	9053 	8816
f 9267 	9945 	9944
f 9035 	9015 	9053
f 8816 	9053 	9015
f 9898 	8168 	8170
f 9272 	9271 	9946
f 8996 	9007 	9744
f 9267 	9272 	9945
f 8948 	8947 	9662
f 9947 	9271 	10004
f 8912 	8902 	9664
f 8885 	9638 	8891
f 8962 	9744 	8354
f 8890 	8995 	8889
f 8962 	8889 	9744
f 9287 	9957 	9956
f 8961 	8962 	8291
f 9287 	9286 	9957
f 9269 	9586 	9266
f 9416 	9999 	9998
f 9751 	9998 	9999
f 9749 	9751 	9999
f 8818 	9416 	10000
f 9998 	10000 	9416
f 9266 	9581 	8330
f 9643 	8330 	9581
f 9291 	9290 	9960
f 9961 	9960 	9290
f 9291 	9960 	9958
f 8847 	9999 	8854
f 9416 	8222 	9999
f 9581 	9266 	9586
f 10000 	8387 	8815
f 9290 	9294 	9961
f 9964 	9961 	9294
f 8387 	8816 	8815
f 8387 	10000 	9998
f 8387 	9998 	9751
f 9294 	9298 	9964
f 8996 	8889 	8995
f 9255 	9928 	9966
f 8865 	8346 	8868
f 8345 	8719 	8346
f 8845 	8837 	8346
f 8845 	8346 	8857
f 9661 	8346 	8837
f 9746 	9744 	9007
f 9880 	8365 	9668
f 9668 	9670 	9880
f 9776 	8378 	8847
f 8847 	8854 	9776
f 9671 	9668 	8365
f 9776 	8854 	8217
f 8222 	8217 	8854
f 9949 	9948 	8252
f 8294 	8960 	8288
f 8288 	8961 	8291
f 8365 	8368 	9671
f 8217 	8216 	9776
f 8451 	9776 	8216
f 8367 	8346 	9660
f 8323 	9641 	8341
f 10017 	10001 	9892
f 9892 	10001 	10002
f 10017 	9742 	10001
f 8368 	8367 	9675
f 9741 	10001 	9742
f 9675 	9671 	8368
f 8438 	8426 	8351
f 9899 	10003 	9735
f 8330 	9643 	8323
f 10003 	10001 	9740
f 9739 	10003 	9740
f 10002 	10003 	9899
f 8214 	8507 	8506
f 8462 	8464 	8465
f 10001 	10003 	10002
f 8206 	8481 	8473
f 9741 	9740 	10001
f 8206 	8460 	8481
f 10004 	10017 	9947
f 8215 	8214 	8506
f 8505 	8215 	8506
f 9941 	9944 	10017
f 10006 	10007 	10017
f 10007 	10008 	10017
f 9806 	9868 	8193
f 9844 	10017 	10009
f 10008 	10009 	10017
f 10004 	10005 	10017
f 10012 	9844 	10011
f 10014 	9844 	10013
f 8946 	8754 	10016
f 9958 	9844 	9957
f 9957 	9844 	9956
f 9961 	9964 	9844
f 9964 	9966 	9844
f 9953 	9844 	9966
f 9963 	10041 	10050
f 10005 	10006 	10017
f 10009 	10011 	9844
f 10012 	10013 	9844
f 9844 	10014 	10015
f 10015 	9956 	9844
f 9958 	9960 	9844
f 9960 	9961 	9844
f 9938 	9941 	10017
f 9921 	9924 	9892
f 9322 	10005 	9280
f 10004 	9280 	10005
f 9324 	10005 	9322
f 10010 	8946 	10016
f 10007 	10006 	9323
f 10008 	10007 	9326
f 9323 	9326 	10007
f 9326 	9092 	10008
f 9089 	10008 	9090
f 9327 	10011 	9328
f 10011 	10009 	9328
f 10014 	10013 	9334
f 10013 	10012 	9335
f 10015 	10014 	9284
f 9334 	9284 	10014
f 8955 	10010 	10042
f 9324 	10006 	10005
f 9324 	9323 	10006
f 9089 	10009 	10008
f 9327 	10012 	10011
f 9089 	9091 	10009
f 9091 	9328 	10009
f 9327 	9335 	10012
f 9335 	9334 	10013
f 9844 	9819 	10017
f 10017 	9819 	9742
f 10019 	9438 	10020
f 9753 	8199 	9438
f 10020 	9438 	10022
f 10023 	9407 	9901
f 9685 	10024 	10021
f 9688 	10024 	9687
f 9690 	10024 	9689
f 9692 	9693 	10024
f 8754 	10023 	10016
f 9693 	9694 	10024
f 9657 	9986 	9718
f 9717 	9986 	9716
f 9895 	9920 	10043
f 9897 	9895 	10047
f 9718 	9986 	9717
f 9658 	9986 	9657
f 10024 	9986 	10021
f 9685 	9687 	10024
f 9688 	9689 	10024
f 9691 	9692 	10024
f 9658 	10021 	9986
f 10047 	10018 	9897
f 9658 	9657 	9379
f 9152 	9379 	9657
f 9379 	9380 	9658
f 10021 	9658 	9380
f 9382 	9685 	9380
f 10018 	10016 	10023
f 10021 	9380 	9685
f 9884 	9753 	10024
f 9884 	9736 	9753
f 9753 	9980 	10024
f 9438 	9980 	9753
f 8710 	8708 	9192
f 8710 	9192 	9468
f 10010 	10016 	10018
f 8489 	9192 	8490
f 8708 	8490 	9192
f 8494 	10025 	10026
f 10025 	8494 	10027
f 8588 	8493 	10028
f 8495 	10029 	10027
f 10029 	8495 	10030
f 10033 	10031 	8496
f 9963 	10050 	9967
f 8674 	8494 	8493
f 10028 	8493 	10026
f 9967 	9847 	9044
f 8617 	8555 	10034
f 8494 	8632 	8495
f 10030 	8643 	10034
f 8496 	8464 	10033
f 9421 	9419 	8622
f 10049 	10054 	10048
f 9231 	10054 	9236
f 8505 	8506 	8167
f 8588 	10028 	8538
f 10025 	10027 	9468
f 10043 	10047 	9895
f 10025 	9468 	10026
f 9468 	8538 	10026
f 10027 	10029 	9468
f 10029 	10030 	9468
f 10032 	9468 	10035
f 10035 	9468 	10034
f 10034 	9468 	10030
f 10032 	10031 	9468
f 10031 	10033 	9468
f 9468 	10033 	8710
f 10037 	9979 	10036
f 9845 	10045 	9939
f 8765 	8764 	8226
f 8226 	10053 	8765
f 10040 	10046 	10039
f 10019 	10036 	9980
f 8775 	8774 	10039
f 9438 	10019 	9980
f 10039 	8622 	8661
f 10039 	8661 	8775
f 10020 	8187 	10019
f 8186 	10019 	8187
f 10022 	8187 	10020
f 10019 	8186 	10037
f 8186 	10038 	10037
f 10036 	10019 	10037
f 10042 	10041 	8955
f 9820 	9044 	9847
f 9421 	8622 	10044
f 10045 	10043 	9920
f 10044 	10048 	9421
f 10044 	8622 	10046
f 8622 	10039 	10046
f 9920 	9939 	10045
f 10044 	10046 	10048
f 10048 	10046 	10049
f 10040 	10049 	10046
f 10047 	10010 	10018
f 10040 	10039 	8774
f 10054 	10049 	8774
f 10040 	8774 	10049
f 9847 	9967 	10050
f 8977 	9260 	9247
f 8977 	8976 	9260
f 9847 	10050 	9845
f 10050 	10045 	9845
f 10050 	10041 	10045
f 10041 	10043 	10045
f 10043 	10042 	10047
f 10042 	10043 	10041
f 10047 	10042 	10010
f 8765 	10053 	8774
f 8909 	8907 	10058
f 9802 	10051 	9871
f 10051 	9849 	10038
f 9849 	9845 	9937
f 8186 	9814 	9871
f 8540 	9012 	9247
f 9871 	10051 	8186
f 8977 	9247 	9012
f 8186 	10051 	10038
f 8304 	9179 	9177
f 8465 	8497 	8498
f 8473 	8465 	8498
f 8498 	8206 	8473
f 10052 	9779 	9792
f 9792 	8206 	10052
f 8498 	10052 	8206
f 8971 	9800 	9072
f 10053 	8167 	10054
f 9072 	9766 	9779
f 10053 	10055 	8167
f 10053 	8226 	10055
f 10054 	8774 	10053
f 8195 	8193 	9868
f 8199 	8195 	9876
f 9876 	10022 	8199
f 10022 	9876 	8187
f 9868 	9815 	9876
f 9876 	9815 	8187
f 8235 	8239 	8540
f 8318 	8314 	9191
f 8320 	8219 	9183
f 8238 	8764 	9184
f 10058 	10059 	10056
f 10056 	10060 	8507
f 8167 	10055 	10057
f 8226 	10057 	10055
f 10059 	10060 	10056
f 10058 	10060 	10059
f 10056 	8909 	10058
f 10060 	8167 	8507
f 10058 	10054 	10060
f 8167 	10060 	10054
f 8976 	8304 	9177
f 8304 	8309 	9179
f 8318 	9191 	9181
f 8507 	8167 	8506
f 10061 	8167 	10057
f 8226 	10061 	10057
f 8242 	8392 	8540
f 9177 	9260 	8976
f 9182 	9191 	8314
f 8320 	9182 	8314
f 9183 	9182 	8320
f 9184 	9183 	8219
f 9184 	8219 	8238
f 8167 	10061 	8531
f 8531 	8532 	8167
f 9012 	8540 	8395
# 3828 faces

 #end of obj_6

