# Object Export From Tinkercad Server 2015

mtllib obj.mtl

o obj_0
v 175.8136 		195 		27
v 175.83 		195 		27.25
v 175.678 		195 		29.567
v 175.225 		195 		31.844
v 170.333 		195 		32.503
v 170.333 		195 		27
v 170.919 		211.809 		9.081
v 171.135 		211.841 		9.181
v 174.479 		195 		34.043
v 173.452 		195 		36.125
v 172.162 		195 		38.056
v 170.631 		195 		39.801
v 168.886 		195 		41.332
v 166.955 		195 		42.622
v 170.858 		211.841 		9.686
v 169.298 		211.571 		10.392
v 164.873 		195 		43.649
v 167.572 		211.718 		12.162
v 162.674 		195 		44.396
v 160.397 		195 		44.849
v 158.08 		195 		45
v 155.763 		195 		44.849
v 153.486 		195 		44.396
v 151.287 		195 		43.649
v 166.936 		211.718 		12.176
v 169.68 		211.571 		10.086
v 140.33 		203.962 		1.538
v 140.33 		204.415 		2.054
v 146.328 		195 		27
v 146.328 		195 		32.503
v 140.935 		195 		31.844
v 140.482 		195 		29.567
v 140.33 		195 		27.25
v 140.3464 		195 		27
v 140.33 		204.797 		2.625
v 149.205 		195 		42.622
v 147.274 		195 		41.332
v 145.529 		195 		39.801
v 143.998 		195 		38.056
v 142.708 		195 		36.125
v 141.681 		195 		34.043
v 162.622 		210.032 		8.326
v 143.035 		195 		26.258
v 143.121 		195 		26.357
v 143.22 		195 		26.443
v 143.329 		195 		26.516
v 143.446 		195 		26.574
v 143.571 		195 		26.616
v 167.552 		211.809 		11.941
v 169.214 		211.381 		10.273
v 143.699 		195 		26.642
v 143.83 		195 		26.651
v 140.33 		205.1 		3.241
v 140.33 		205.321 		3.892
v 162.839 		211.718 		9.566
v 140.33 		205.455 		4.565
v 169.582 		211.381 		9.978
v 140.33 		205.5 		5.25
v 140.33 		205.4836 		5.5
v 140.33 		205.5 		5.5
v 165.484 		210.124 		10.892
v 140.33 		200.25 		0
v 140.33 		200.935 		0.045
v 162.583 		211.718 		8.984
v 172.2177 		211.159 		8.8027
v 172.191 		211.159 		8.912
v 172.2228 		211.1202 		8.8036
v 155.83 		205.5 		0
v 155.83 		205.5 		5.25
v 155.83 		205.5 		5.5
v 143.961 		195 		26.642
v 144.089 		195 		26.616
v 169.52 		211.159 		9.91
v 166.946 		211.809 		11.955
v 155.83 		201.344 		0.1263
v 155.83 		201.609 		0.179
v 155.83 		202.259 		0.4
v 163.036 		211.809 		9.463
v 142.828 		195 		25.648
v 142.836 		195 		25.779
v 155.83 		202.875 		0.704
v 155.83 		203.446 		1.085
v 142.862 		195 		25.907
v 155.83 		203.962 		1.538
v 142.904 		195 		26.032
v 171.94 		211.159 		9.557
v 155.83 		204.415 		2.054
v 142.962 		195 		26.149
v 155.83 		204.797 		2.625
v 155.83 		205.1 		3.241
v 162.791 		211.809 		8.908
v 155.83 		205.321 		3.892
v 142.904 		195 		25.264
v 155.83 		205.455 		4.565
v 142.862 		195 		25.389
v 169.498 		210.921 		9.887
v 155.83 		205.4836 		5.5
v 142.836 		195 		25.517
v 155.83 		200 		0
v 155.83 		200 		0.0164
v 155.83 		200.25 		0
v 155.83 		200.935 		0.045
v 144.089 		195 		24.68
v 143.961 		195 		24.654
v 172.103 		211.381 		8.885
v 172.1405 		211.348 		8.789
v 175.83 		200 		0.0164
v 175.83 		200 		0
v 143.83 		195 		24.646
v 157.08 		213.869 		0
v 143.699 		195 		24.654
v 143.571 		195 		24.68
v 163.247 		211.841 		9.353
v 143.446 		195 		24.722
v 172.1271 		211.381 		8.7867
v 143.329 		195 		24.78
v 171.857 		211.381 		9.518
v 143.22 		195 		24.853
v 163.015 		211.841 		8.827
v 166.634 		216.5007 		0
v 168.494 		217.744 		0
v 143.121 		195 		24.939
v 169.52 		210.683 		9.91
v 170.338 		219.361 		0
v 143.035 		195 		25.038
v 167.609 		211.159 		12.59
v 171.955 		221.205 		0
v 173.318 		223.244 		0
v 142.962 		195 		25.147
v 174.403 		225.444 		0
v 175.191 		227.766 		0
v 175.67 		230.172 		0
v 175.8018 		232.187 		0
v 175.83 		232.187 		0
v 167.612 		210.921 		12.621
v 168.494 		247.494 		0
v 170.338 		245.877 		0
v 171.955 		244.033 		0
v 173.318 		241.994 		0
v 165.39 		210.032 		11.093
v 174.403 		239.794 		0
v 175.191 		237.472 		0
v 175.67 		235.066 		0
v 175.83 		232.619 		0
v 167.601 		211.381 		12.498
v 144.214 		195 		26.574
v 144.331 		195 		26.516
v 144.44 		195 		26.443
v 144.539 		195 		26.357
v 144.625 		195 		26.258
v 171.964 		211.571 		8.841
v 144.698 		195 		26.149
v 144.756 		195 		26.032
v 144.798 		195 		25.907
v 167.588 		211.571 		12.352
v 144.824 		195 		25.779
v 164.785 		210.001 		11.032
v 144.833 		195 		25.648
v 144.824 		195 		25.517
v 144.798 		195 		25.389
v 163.458 		211.809 		9.243
v 165.289 		210.001 		11.309
v 144.756 		195 		25.264
v 144.698 		195 		25.147
v 144.625 		195 		25.038
v 144.539 		195 		24.939
v 144.44 		195 		24.853
v 144.331 		195 		24.78
v 144.214 		195 		24.722
v 172.035 		195 		26.258
v 172.121 		195 		26.357
v 172.221 		210.921 		8.922
v 167.609 		210.683 		12.59
v 172.2488 		210.921 		8.8081
v 172.22 		195 		26.443
v 171.969 		210.921 		9.57
v 172.329 		195 		26.516
v 172.446 		195 		26.574
v 172.571 		195 		26.616
v 172.699 		195 		26.642
v 165.189 		210.032 		11.525
v 171.828 		195 		25.648
v 171.836 		195 		25.779
v 171.862 		195 		25.907
v 171.904 		195 		26.032
v 171.962 		195 		26.149
v 162.54 		211.381 		9.721
v 171.904 		195 		25.264
v 172.2177 		210.683 		8.8027
v 172.191 		210.683 		8.912
v 171.862 		195 		25.389
v 172.2031 		210.6469 		8.8001
v 171.836 		195 		25.517
v 164.657 		210.032 		11.233
v 172.699 		195 		24.654
v 171.94 		210.683 		9.557
v 172.571 		195 		24.68
v 172.446 		195 		24.722
v 172.329 		195 		24.78
v 172.22 		195 		24.853
v 162.67 		211.571 		9.654
v 166.918 		211.159 		12.605
v 172.121 		195 		24.939
v 165.095 		210.124 		11.726
v 166.916 		210.921 		12.636
v 172.035 		195 		25.038
v 171.962 		195 		25.147
v 172.2436 		210.8809 		8.8072
v 172.83 		195 		26.651
v 172.961 		195 		26.642
v 166.922 		211.381 		12.513
v 173.089 		195 		26.616
v 173.214 		195 		26.574
v 173.331 		195 		26.516
v 173.44 		195 		26.443
v 173.539 		195 		26.357
v 173.625 		195 		26.258
v 168.879 		211.571 		10.647
v 173.698 		195 		26.149
v 166.928 		211.571 		12.367
v 173.756 		195 		26.032
v 173.798 		195 		25.907
v 173.824 		195 		25.779
v 171.964 		210.27 		8.841
v 173.833 		195 		25.648
v 163.458 		210.032 		9.243
v 173.824 		195 		25.517
v 168.811 		211.381 		10.517
v 173.798 		195 		25.389
v 173.756 		195 		25.264
v 173.698 		195 		25.147
v 173.625 		195 		25.038
v 173.539 		195 		24.939
v 166.918 		210.683 		12.605
v 173.44 		195 		24.853
v 173.331 		195 		24.78
v 172.103 		210.461 		8.885
v 173.214 		195 		24.722
v 173.089 		195 		24.68
v 172.961 		195 		24.654
v 172.1271 		210.461 		8.7867
v 172.83 		195 		24.646
v 171.857 		210.461 		9.518
v 163.247 		210.001 		9.353
v 170.333 		195 		18.998
v 175.83 		195 		18.998
v 167.552 		210.032 		11.941
v 146.328 		195 		18.998
v 166.305 		211.718 		12.107
v 165.687 		211.718 		11.956
v 168.769 		211.159 		10.436
v 166.946 		210.032 		11.955
v 171.724 		211.571 		9.456
v 163.015 		210.001 		8.827
v 169.162 		211.159 		10.197
v 166.343 		211.809 		11.889
v 167.572 		210.124 		12.162
v 175.83 		195 		27
v 140.33 		195 		27
v 170.333 		205.5 		27
v 170.333 		205.5 		32.503
v 175.225 		205.5 		31.844
v 175.678 		205.5 		29.567
v 175.83 		205.5 		27.25
v 175.8136 		205.5 		27
v 163.833 		244.503 		0
v 142.205 		244.033 		0
v 149.828 		244.503 		0
v 166.955 		205.5 		42.622
v 168.886 		205.5 		41.332
v 170.631 		205.5 		39.801
v 172.162 		205.5 		38.056
v 173.452 		205.5 		36.125
v 174.479 		205.5 		34.043
v 168.755 		210.921 		10.408
v 166.936 		210.124 		12.176
v 151.287 		205.5 		43.649
v 170.919 		210.032 		9.081
v 153.486 		205.5 		44.396
v 155.763 		205.5 		44.849
v 158.08 		205.5 		45
v 155.535 		246.39 		0
v 160.397 		205.5 		44.849
v 166.225 		210.921 		12.56
v 166.23 		211.159 		12.529
v 162.674 		205.5 		44.396
v 164.873 		205.5 		43.649
v 155.621 		246.291 		0
v 140.3464 		205.5 		27
v 140.33 		205.5 		27.25
v 140.482 		205.5 		29.567
v 140.935 		205.5 		31.844
v 146.328 		205.5 		32.503
v 146.328 		205.5 		27
v 155.72 		246.205 		0
v 141.681 		205.5 		34.043
v 142.708 		205.5 		36.125
v 143.998 		205.5 		38.056
v 145.529 		205.5 		39.801
v 147.274 		205.5 		41.332
v 149.205 		205.5 		42.622
v 155.829 		246.132 		0
v 143.035 		205.5 		26.258
v 155.946 		246.074 		0
v 143.121 		205.5 		26.357
v 156.071 		246.032 		0
v 143.22 		205.5 		26.443
v 167.588 		210.27 		12.352
v 143.329 		205.5 		26.516
v 156.199 		246.006 		0
v 170.858 		210.001 		9.686
v 143.446 		205.5 		26.574
v 156.33 		245.998 		0
v 143.571 		205.5 		26.616
v 166.928 		210.27 		12.367
v 143.699 		205.5 		26.642
v 143.83 		205.5 		26.651
v 155.404 		247.384 		0
v 143.961 		205.5 		26.642
v 144.089 		205.5 		26.616
v 166.246 		211.381 		12.439
v 155.362 		247.259 		0
v 171.135 		210.001 		9.181
v 155.336 		247.131 		0
v 142.836 		205.5 		25.779
v 142.828 		205.5 		25.648
v 142.862 		205.5 		25.907
v 155.328 		247 		0
v 142.904 		205.5 		26.032
v 155.336 		246.869 		0
v 142.962 		205.5 		26.149
v 155.362 		246.741 		0
v 167.601 		210.461 		12.498
v 142.904 		205.5 		25.264
v 155.404 		246.616 		0
v 142.862 		205.5 		25.389
v 155.462 		246.499 		0
v 142.836 		205.5 		25.517
v 166.922 		210.461 		12.513
v 166.272 		211.571 		12.295
v 144.089 		205.5 		24.68
v 165.63 		211.571 		12.138
v 143.961 		205.5 		24.654
v 156.33 		248.003 		0
v 156.199 		247.994 		0
v 143.83 		205.5 		24.646
v 156.071 		247.968 		0
v 143.699 		205.5 		24.654
v 143.571 		205.5 		24.68
v 155.946 		247.926 		0
v 171.351 		210.032 		9.282
v 143.446 		205.5 		24.722
v 143.329 		205.5 		24.78
v 155.829 		247.868 		0
v 143.22 		205.5 		24.853
v 155.72 		247.795 		0
v 143.121 		205.5 		24.939
v 143.035 		205.5 		25.038
v 155.621 		247.709 		0
v 142.962 		205.5 		25.147
v 155.535 		247.61 		0
v 155.462 		247.501 		0
v 144.214 		205.5 		26.574
v 144.331 		205.5 		26.516
v 144.44 		205.5 		26.443
v 144.539 		205.5 		26.357
v 144.625 		205.5 		26.258
v 144.698 		205.5 		26.149
v 166.23 		210.683 		12.529
v 144.756 		205.5 		26.032
v 156.461 		246.006 		0
v 144.798 		205.5 		25.907
v 144.824 		205.5 		25.779
v 156.589 		246.032 		0
v 144.833 		205.5 		25.648
v 171.552 		210.124 		9.376
v 156.714 		246.074 		0
v 144.824 		205.5 		25.517
v 144.798 		205.5 		25.389
v 156.831 		246.132 		0
v 144.756 		205.5 		25.264
v 144.698 		205.5 		25.147
v 156.94 		246.205 		0
v 144.625 		205.5 		25.038
v 144.539 		205.5 		24.939
v 144.44 		205.5 		24.853
v 144.331 		205.5 		24.78
v 144.214 		205.5 		24.722
v 157.039 		246.291 		0
v 157.125 		246.39 		0
v 169.144 		210.921 		10.172
v 172.035 		205.5 		26.258
v 172.121 		205.5 		26.357
v 172.22 		205.5 		26.443
v 157.198 		246.499 		0
v 171.724 		210.27 		9.456
v 172.329 		205.5 		26.516
v 157.256 		246.616 		0
v 172.446 		205.5 		26.574
v 172.571 		205.5 		26.616
v 157.298 		246.741 		0
v 172.699 		205.5 		26.642
v 157.324 		246.869 		0
v 171.836 		205.5 		25.779
v 157.333 		247 		0
v 171.828 		205.5 		25.648
v 171.862 		205.5 		25.907
v 157.324 		247.131 		0
v 171.904 		205.5 		26.032
v 157.298 		247.259 		0
v 171.962 		205.5 		26.149
v 157.256 		247.384 		0
v 171.904 		205.5 		25.264
v 166.343 		210.032 		11.889
v 171.862 		205.5 		25.389
v 171.836 		205.5 		25.517
v 168.769 		210.683 		10.436
v 157.198 		247.501 		0
v 157.125 		247.61 		0
v 172.699 		205.5 		24.654
v 172.571 		205.5 		24.68
v 166.305 		210.124 		12.107
v 165.687 		210.124 		11.956
v 157.039 		247.709 		0
v 172.446 		205.5 		24.722
v 169.162 		210.683 		10.197
v 156.94 		247.795 		0
v 172.329 		205.5 		24.78
v 172.22 		205.5 		24.853
v 156.831 		247.868 		0
v 172.121 		205.5 		24.939
v 156.714 		247.926 		0
v 172.035 		205.5 		25.038
v 156.589 		247.968 		0
v 171.962 		205.5 		25.147
v 156.461 		247.994 		0
v 170.6902 		211.571 		8.5332
v 172.83 		205.5 		26.651
v 172.961 		205.5 		26.642
v 173.089 		205.5 		26.616
v 173.214 		205.5 		26.574
v 173.331 		205.5 		26.516
v 173.44 		205.5 		26.443
v 173.539 		205.5 		26.357
v 173.625 		205.5 		26.258
v 170.661 		211.533 		8.528
v 169.214 		210.461 		10.273
v 157.08 		251.369 		0
v 159.527 		251.208 		0
v 161.933 		250.73 		0
v 164.255 		249.942 		0
v 166.455 		248.857 		0
v 170.5434 		211.381 		8.5073
v 169.582 		210.461 		9.978
v 173.698 		205.5 		26.149
v 165.63 		210.27 		12.138
v 173.756 		205.5 		26.032
v 173.798 		205.5 		25.907
v 145.666 		247.494 		0
v 147.705 		248.857 		0
v 149.905 		249.942 		0
v 152.227 		250.73 		0
v 154.633 		251.208 		0
v 173.824 		205.5 		25.779
v 173.833 		205.5 		25.648
v 166.272 		210.27 		12.295
v 173.824 		205.5 		25.517
v 143.822 		245.877 		0
v 173.798 		205.5 		25.389
v 173.756 		205.5 		25.264
v 170.5207 		211.3266 		8.5033
v 170.4519 		211.159 		8.4912
v 163.036 		210.032 		9.463
v 138.969 		227.766 		0
v 138.49 		230.172 		0
v 138.33 		232.619 		0
v 138.49 		235.066 		0
v 138.969 		237.472 		0
v 139.757 		239.794 		0
v 140.842 		241.994 		0
v 159.527 		214.029 		0
v 161.933 		214.508 		0
v 164.255 		215.296 		0
v 162.791 		210.032 		8.908
v 166.455 		216.381 		0
v 155.83 		213.9507 		0
v 163.833 		220.498 		0
v 149.828 		220.498 		0
v 142.205 		221.205 		0
v 140.842 		223.244 		0
v 139.757 		225.444 		0
v 169.298 		210.27 		10.392
v 155.404 		217.616 		0
v 169.68 		210.27 		10.086
v 166.246 		210.461 		12.439
v 155.462 		217.499 		0
v 155.535 		217.39 		0
v 162.839 		210.124 		9.566
v 155.621 		217.291 		0
v 170.4434 		211.0948 		8.4897
v 162.583 		210.124 		8.984
v 155.72 		217.205 		0
v 155.829 		217.132 		0
v 155.946 		217.074 		0
v 156.071 		217.032 		0
v 156.199 		217.006 		0
v 156.33 		216.998 		0
v 155.621 		218.709 		0
v 170.4203 		210.921 		8.4856
v 155.535 		218.61 		0
v 173.698 		205.5 		25.147
v 173.625 		205.5 		25.038
v 155.462 		218.501 		0
v 173.539 		205.5 		24.939
v 162.67 		210.27 		9.654
v 155.404 		218.384 		0
v 173.44 		205.5 		24.853
v 173.331 		205.5 		24.78
v 155.362 		218.259 		0
v 173.214 		205.5 		24.722
v 170.4288 		210.8563 		8.4871
v 170.4519 		210.683 		8.4912
v 173.089 		205.5 		24.68
v 155.336 		218.131 		0
v 172.961 		205.5 		24.654
v 172.83 		205.5 		24.646
v 155.328 		218 		0
v 155.336 		217.869 		0
v 175.83 		205.5 		24.646
v 155.362 		217.741 		0
v 165.558 		211.159 		12.365
v 156.33 		219.003 		0
v 156.199 		218.994 		0
v 156.071 		218.968 		0
v 165.549 		210.921 		12.395
v 155.946 		218.926 		0
v 169.407 		210.124 		10.549
v 170.333 		205.5 		18.998
v 155.829 		218.868 		0
v 155.72 		218.795 		0
v 146.328 		205.5 		18.998
v 140.33 		205.5 		12.636
v 165.586 		211.381 		12.277
v 170.4751 		210.6271 		8.4953
v 156.461 		217.006 		0
v 175.83 		205.5 		27
v 156.589 		217.032 		0
v 140.33 		205.5 		27
v 156.714 		217.074 		0
v 169.535 		210.032 		10.73
v 156.831 		217.132 		0
v 156.94 		217.205 		0
v 157.039 		217.291 		0
v 157.125 		217.39 		0
v 157.198 		217.499 		0
v 170.5434 		210.461 		8.5073
v 157.256 		217.616 		0
v 168.811 		210.461 		10.517
v 165.558 		210.683 		12.365
v 157.298 		217.741 		0
v 157.324 		217.869 		0
v 170.5748 		210.4199 		8.5129
v 170.6902 		210.27 		8.5332
v 157.333 		218 		0
v 157.324 		218.131 		0
v 157.298 		218.259 		0
v 157.256 		218.384 		0
v 157.198 		218.501 		0
v 157.125 		218.61 		0
v 157.039 		218.709 		0
v 170.7222 		210.2456 		8.5388
v 156.94 		218.795 		0
v 168.879 		210.27 		10.647
v 156.831 		218.868 		0
v 156.714 		218.926 		0
v 164.914 		211.159 		12.114
v 164.901 		210.921 		12.143
v 156.589 		218.968 		0
v 168.967 		210.124 		10.816
v 156.461 		218.994 		0
v 170.657 		211.809 		9.558
v 155.328 		220.498 		0
v 164.953 		211.381 		12.031
v 169.392 		211.718 		11.632
v 145.666 		217.744 		0
v 143.822 		219.361 		0
v 163.562 		211.4572 		6.61
v 163.6223 		211.381 		6.61
v 163.601 		211.381 		6.697
v 154.633 		214.029 		0
v 152.227 		214.508 		0
v 149.905 		215.296 		0
v 147.705 		216.381 		0
v 163.6369 		211.3468 		6.61
v 165.014 		211.571 		11.898
v 163.6369 		211.3468 		6.61
v 169.289 		211.809 		11.435
v 163.6415 		211.3361 		6.61
v 175.8018 		232.187 		6.514
v 163.7172 		211.159 		6.61
v 175.83 		232.619 		6.514
v 168.734 		211.809 		11.679
v 175.67 		235.066 		6.514
v 163.692 		211.159 		6.713
v 175.191 		237.472 		6.514
v 174.403 		239.794 		6.514
v 163.7239 		211.1096 		6.61
v 173.318 		241.994 		6.514
v 171.955 		244.033 		6.514
v 169.671 		211.841 		10.925
v 170.338 		245.877 		6.514
v 164.914 		210.683 		12.114
v 168.494 		247.494 		6.514
v 163.7239 		211.1096 		6.61
v 169.179 		211.841 		11.224
v 166.455 		248.857 		6.514
v 163.7248 		211.1029 		6.61
v 163.729 		211.072 		6.61
v 164.255 		249.942 		6.514
v 161.933 		250.73 		6.514
v 159.527 		251.208 		6.514
v 157.08 		251.369 		6.514
v 163.7494 		210.921 		6.61
v 154.633 		251.208 		6.514
v 163.723 		210.921 		6.718
v 152.227 		250.73 		6.514
v 170.47 		211.718 		9.438
v 163.7421 		210.8667 		6.61
v 149.905 		249.942 		6.514
v 147.705 		248.857 		6.514
v 145.666 		247.494 		6.514
v 170.718 		211.718 		8.987
v 165.014 		210.27 		11.898
v 143.822 		245.877 		6.514
v 142.205 		244.033 		6.514
v 163.7421 		210.8667 		6.61
v 163.833 		244.503 		6.514
v 149.828 		244.503 		6.514
v 163.7417 		210.864 		6.61
v 163.7172 		210.683 		6.61
v 163.692 		210.683 		6.713
v 162.54 		210.461 		9.721
v 155.535 		246.39 		6.514
v 165.586 		210.461 		12.277
v 163.6972 		210.6362 		6.61
v 155.621 		246.291 		6.514
v 155.72 		246.205 		6.514
v 164.953 		210.461 		12.031
v 155.829 		246.132 		6.514
v 163.6972 		210.6361 		6.61
v 155.946 		246.074 		6.514
v 163.6966 		210.6348 		6.61
v 163.6646 		210.56 		6.61
v 156.071 		246.032 		6.514
v 156.199 		246.006 		6.514
v 156.33 		245.998 		6.514
v 163.6223 		210.461 		6.61
v 162.175 		211.584 		6.61
v 162.3093 		211.6871 		6.61
v 162.3495 		211.718 		6.61
v 163.601 		210.461 		6.697
v 163.5972 		210.429 		6.61
v 155.404 		247.384 		6.514
v 162.5368 		211.7947 		6.61
v 162.538 		211.7952 		6.61
v 169.069 		211.809 		11.013
v 155.362 		247.259 		6.514
v 163.5971 		210.4289 		6.61
v 155.336 		247.131 		6.514
v 161.9092 		211.0875 		6.61
v 161.9185 		211.1582 		6.61
v 161.9186 		211.159 		6.61
v 163.566 		211.718 		10.605
v 155.328 		247 		6.514
v 163.5963 		210.4279 		6.61
v 163.562 		210.3843 		6.61
v 155.336 		246.869 		6.514
v 155.362 		246.741 		6.514
v 161.9072 		211.072 		6.61
v 161.9851 		211.3182 		6.61
v 162.0111 		211.3806 		6.61
v 162.0112 		211.381 		6.61
v 155.404 		246.616 		6.514
v 155.462 		246.499 		6.514
v 163.73 		211.809 		10.455
v 156.199 		247.994 		6.514
v 156.33 		248.003 		6.514
v 156.071 		247.968 		6.514
v 155.946 		247.926 		6.514
v 163.642 		211.159 		7.169
v 155.829 		247.868 		6.514
v 155.72 		247.795 		6.514
v 163.652 		211.159 		7.628
v 155.621 		247.709 		6.514
v 169.48 		211.571 		11.801
v 170.309 		211.571 		9.336
v 155.535 		247.61 		6.514
v 155.462 		247.501 		6.514
v 170.545 		211.571 		8.906
v 156.461 		246.006 		6.514
v 163.673 		210.921 		7.171
v 156.589 		246.032 		6.514
v 156.714 		246.074 		6.514
v 156.831 		246.132 		6.514
v 163.683 		210.921 		7.625
v 156.94 		246.205 		6.514
v 170.413 		211.381 		8.844
v 169.671 		210.001 		10.925
v 157.039 		246.291 		6.514
v 157.125 		246.39 		6.514
v 157.198 		246.499 		6.514
v 164.321 		211.841 		10.692
v 157.256 		246.616 		6.514
v 163.905 		211.841 		10.294
v 157.298 		246.741 		6.514
v 169.289 		210.032 		11.435
v 157.324 		246.869 		6.514
v 157.333 		247 		6.514
v 157.324 		247.131 		6.514
v 169.392 		210.124 		11.632
v 157.298 		247.259 		6.514
v 170.329 		211.159 		8.806
v 157.256 		247.384 		6.514
v 163.642 		210.683 		7.169
v 163.652 		210.683 		7.628
v 157.198 		247.501 		6.514
v 169.48 		210.27 		11.801
v 157.125 		247.61 		6.514
v 157.039 		247.709 		6.514
v 156.94 		247.795 		6.514
v 170.301 		210.921 		8.792
v 156.831 		247.868 		6.514
v 156.714 		247.926 		6.514
v 156.589 		247.968 		6.514
v 156.461 		247.994 		6.514
v 170.329 		210.683 		8.806
v 170.019 		211.571 		9.731
v 162.121 		211.5231 		6.61
v 162.158 		211.571 		6.61
v 169.069 		210.032 		11.013
v 169.907 		211.381 		9.637
v 170.186 		211.381 		9.258
v 161.8878 		210.921 		6.61
v 169.179 		210.001 		11.224
v 161.9461 		210.6169 		6.61
v 161.9192 		210.6814 		6.61
v 161.9186 		210.683 		6.61
v 163.1105 		211.7843 		6.61
v 163.2768 		211.718 		6.61
v 163.27 		211.718 		6.638
v 163.2813 		211.7146 		6.61
v 168.734 		210.032 		11.679
v 163.05 		211.809 		6.61
v 163.1087 		211.785 		6.61
v 163.2813 		211.7146 		6.61
v 169.837 		211.159 		9.578
v 170.109 		211.159 		9.208
v 163.2892 		211.7087 		6.61
v 163.4548 		211.584 		6.61
v 162.5716 		211.8089 		6.61
v 162.5718 		211.809 		6.61
v 164.081 		211.809 		10.133
v 161.9699 		210.56 		6.61
v 164.474 		211.809 		10.509
v 169.813 		210.921 		9.558
v 161.8973 		210.8485 		6.61
v 162.538 		210.046 		6.61
v 162.3951 		210.1052 		6.61
v 162.3495 		210.124 		6.61
v 170.082 		210.921 		9.191
v 168.81 		211.718 		11.888
v 162.2052 		210.2339 		6.61
v 162.158 		210.27 		6.61
v 162.7896 		211.8381 		6.61
v 162.8111 		211.841 		6.61
v 162.8114 		211.841 		6.61
v 162.0521 		210.4078 		6.61
v 162.0112 		210.461 		6.61
v 169.59 		211.159 		12.012
v 163.0454 		211.8096 		6.61
v 163.0499 		211.809 		6.61
v 169.604 		210.921 		12.04
v 164.245 		211.718 		9.983
v 169.837 		210.683 		9.578
v 169.547 		211.381 		11.931
v 163.472 		211.571 		6.61
v 163.457 		211.571 		6.671
v 163.4849 		211.5546 		6.61
v 163.485 		211.5546 		6.61
v 162.308 		211.718 		7.746
v 163.4932 		211.5442 		6.61
v 169.59 		210.683 		12.012
v 162.294 		211.718 		7.11
v 163.472 		210.27 		6.61
v 163.457 		210.27 		6.671
v 170.109 		210.683 		9.208
v 163.4525 		210.2555 		6.61
v 164.385 		211.571 		9.854
v 163.4525 		210.2554 		6.61
v 163.4496 		210.2533 		6.61
v 163.2768 		210.124 		6.61
v 163.27 		210.124 		6.638
v 162.529 		211.809 		7.726
v 168.957 		211.159 		12.291
v 163.2688 		210.1208 		6.61
v 162.516 		211.809 		7.12
v 168.967 		210.921 		12.32
v 163.2688 		210.1208 		6.61
v 164.385 		210.27 		9.854
v 168.925 		211.381 		12.204
v 163.2656 		210.1195 		6.61
v 163.1087 		210.0562 		6.61
v 163.054 		210.0337 		6.61
v 163.05 		210.032 		6.61
v 161.866 		211.159 		7.092
v 161.835 		210.921 		7.09
v 168.875 		211.571 		12.067
v 164.245 		210.124 		9.983
v 163.0499 		210.032 		6.61
v 161.958 		211.381 		7.096
v 162.8324 		210.0037 		6.61
v 162.8114 		210.001 		6.61
v 168.957 		210.683 		12.291
v 162.104 		211.571 		7.102
v 164.081 		210.032 		10.133
v 162.6081 		210.0273 		6.61
v 162.5718 		210.032 		6.61
v 164.474 		210.032 		10.509
v 170.413 		210.461 		8.844
v 168.81 		210.124 		11.888
v 162.767 		211.841 		7.706
v 164.321 		210.001 		10.692
v 168.875 		210.27 		12.067
v 162.754 		211.841 		7.13
v 169.547 		210.461 		11.931
v 168.925 		210.461 		12.204
v 162.992 		211.809 		7.141
v 163.004 		211.809 		7.685
v 163.905 		210.001 		10.294
v 168.38 		211.381 		10.707
v 161.866 		210.683 		7.092
v 163.73 		210.032 		10.455
v 163.214 		211.718 		7.151
v 167.908 		211.159 		10.749
v 163.566 		210.124 		10.605
v 163.225 		211.718 		7.666
v 168.349 		211.159 		10.62
v 170.309 		210.27 		9.336
v 170.545 		210.27 		8.906
v 162.529 		210.032 		7.726
v 164.538 		211.718 		11.42
v 162.516 		210.032 		7.12
v 164.025 		211.718 		11.044
v 167.901 		210.921 		10.718
v 170.47 		210.124 		9.438
v 164.168 		211.809 		10.874
v 170.718 		210.124 		8.987
v 168.338 		210.921 		10.591
v 162.308 		210.124 		7.746
v 162.294 		210.124 		7.11
v 167.908 		210.683 		10.749
v 164.308 		211.159 		11.782
v 170.657 		210.032 		9.558
v 164.291 		210.921 		11.808
v 168.349 		210.683 		10.62
v 164.357 		211.381 		11.704
v 169.907 		210.461 		9.637
v 170.186 		210.461 		9.258
v 162.104 		210.27 		7.102
v 164.435 		211.571 		11.581
v 168.38 		210.461 		10.707
v 161.958 		210.461 		7.096
v 164.308 		210.683 		11.782
v 170.019 		210.27 		9.731
v 168.152 		211.809 		11.849
v 162.405 		211.718 		8.374
v 163.75 		211.159 		11.373
v 163.73 		210.921 		11.397
v 163.404 		211.571 		7.159
v 168.653 		211.841 		11.456
v 168.1 		211.841 		11.617
v 163.415 		211.571 		7.649
v 163.809 		211.381 		11.302
v 163.55 		211.381 		7.165
v 163.56 		211.381 		7.636
v 168.049 		211.809 		11.384
v 168.571 		211.809 		11.232
v 163.903 		211.571 		11.19
v 161.986 		211.159 		8.467
v 163.55 		210.461 		7.165
v 163.56 		210.461 		7.636
v 161.881 		211.159 		7.783
v 163.75 		210.683 		11.373
v 168.001 		211.718 		11.167
v 162.076 		211.381 		8.447
v 168.495 		211.718 		11.023
v 161.973 		211.381 		7.775
v 163.404 		210.27 		7.159
v 163.415 		210.27 		7.649
v 162.219 		211.571 		8.415
v 162.118 		211.571 		7.762
v 164.168 		210.032 		10.874
v 164.538 		210.124 		11.42
v 164.025 		210.124 		11.044
v 163.214 		210.124 		7.151
v 163.225 		210.124 		7.666
v 161.956 		210.921 		8.473
v 161.85 		210.921 		7.786
v 161.986 		210.683 		8.467
v 164.435 		210.27 		11.581
v 162.992 		210.032 		7.141
v 163.903 		210.27 		11.19
v 163.004 		210.032 		7.685
v 164.357 		210.461 		11.704
v 162.754 		210.001 		7.13
v 163.809 		210.461 		11.302
v 162.767 		210.001 		7.706
v 163.168 		211.718 		10.109
v 163.35 		211.809 		9.982
v 163.626 		211.571 		8.604
v 163.545 		211.841 		9.845
v 171.246 		211.718 		9.933
v 170.87 		211.718 		10.445
v 162.817 		211.159 		10.355
v 171.059 		211.809 		9.814
v 162.792 		210.921 		10.373
v 163.632 		211.381 		8.102
v 162.893 		211.381 		10.302
v 163.764 		211.381 		8.554
v 163.318 		211.381 		10.832
v 163.426 		211.571 		10.733
v 163.722 		211.159 		8.082
v 171.608 		211.159 		10.163
v 163.012 		211.571 		10.218
v 163.85 		211.159 		8.523
v 171.634 		210.921 		10.18
v 171.53 		211.381 		10.114
v 171.407 		211.571 		10.035
v 163.752 		210.921 		8.075
v 163.88 		210.921 		8.512
v 171.608 		210.683 		10.163
v 161.881 		210.683 		7.783
v 162.817 		210.683 		10.355
v 162.405 		210.124 		8.374
v 162.219 		210.27 		8.415
v 162.118 		210.27 		7.762
v 163.545 		210.001 		9.845
v 162.076 		210.461 		8.447
v 161.973 		210.461 		7.775
v 163.35 		210.032 		9.982
v 162.458 		211.159 		9.764
v 162.431 		210.921 		9.778
v 162.18 		211.159 		9.131
v 162.15 		210.921 		9.141
v 163.722 		210.683 		8.082
v 163.168 		210.124 		10.109
v 162.266 		211.381 		9.099
v 163.426 		210.27 		10.733
v 163.012 		210.27 		10.218
v 162.404 		211.571 		9.049
v 163.318 		210.461 		10.832
v 162.893 		210.461 		10.302
v 162.458 		210.683 		9.764
v 162.18 		210.683 		9.131
v 163.85 		210.683 		8.523
v 162.404 		210.27 		9.049
v 163.632 		210.461 		8.102
v 163.764 		210.461 		8.554
v 162.266 		210.461 		9.099
v 163.626 		210.27 		8.604
v 163.74 		211.809 		9.709
v 163.655 		211.718 		9.141
v 166.539 		211.159 		10.779
v 163.922 		211.718 		9.581
v 166.544 		210.921 		10.748
v 163.25 		211.159 		10.894
v 163.227 		210.921 		10.916
v 166.539 		210.683 		10.779
v 140.33 		195 		8.5016
v 171.199 		211.159 		10.721
v 171.223 		210.921 		10.741
v 140.33 		200 		10.4836
v 140.33 		199.565 		10.455
v 140.33 		198.891 		10.321
v 140.33 		198.241 		10.101
v 140.33 		197.625 		9.797
v 140.33 		197.054 		9.415
v 140.33 		196.538 		8.963
v 140.33 		196.085 		8.446
v 140.33 		195.703 		7.875
v 140.33 		195.4 		7.259
v 140.33 		195.179 		6.609
v 140.33 		195.1601 		6.514
v 175.83 		199.565 		10.455
v 175.83 		200 		10.4836
v 171.128 		211.381 		10.662
v 175.83 		198.891 		10.321
v 175.83 		198.241 		10.101
v 175.83 		197.625 		9.797
v 175.83 		197.054 		9.415
v 163.25 		210.683 		10.894
v 175.83 		196.538 		8.963
v 175.83 		196.085 		8.446
v 175.83 		195.703 		7.875
v 175.83 		195.4 		7.259
v 175.83 		195.179 		6.609
v 175.83 		195.1601 		6.514
v 175.83 		200 		6.61
v 140.33 		200.25 		10.5
v 165.626 		211.381 		10.587
v 175.83 		200.25 		10.5
v 164.078 		211.571 		9.472
v 166.065 		211.381 		10.757
v 140.33 		205.3207 		6.61
v 140.33 		205.1 		7.259
v 140.33 		204.797 		7.875
v 140.33 		204.415 		8.446
v 140.33 		203.962 		8.963
v 140.33 		203.446 		9.415
v 140.33 		202.875 		9.797
v 164.198 		211.381 		9.388
v 140.33 		202.259 		10.101
v 140.33 		201.609 		10.321
v 140.33 		201.344 		10.3737
v 164.493 		211.381 		9.756
v 140.33 		200.935 		10.455
v 140.842 		241.994 		6.514
v 165.665 		211.159 		10.503
v 139.757 		239.794 		6.514
v 138.969 		237.472 		6.514
v 138.49 		235.066 		6.514
v 166.093 		211.159 		10.67
v 138.33 		232.619 		6.514
v 138.49 		230.172 		6.514
v 175.83 		205.5 		6.61
v 138.969 		227.766 		6.514
v 155.83 		205.5 		6.61
v 163.833 		232.187 		6.514
v 171.016 		211.571 		10.568
v 175.83 		205.1 		7.259
v 175.83 		205.3207 		6.61
v 175.83 		204.797 		7.875
v 139.757 		225.444 		6.514
v 175.83 		204.415 		8.446
v 175.83 		203.962 		8.963
v 140.842 		223.244 		6.514
v 175.83 		203.446 		9.415
v 142.205 		221.205 		6.514
v 175.83 		202.875 		9.797
v 175.83 		202.259 		10.101
v 175.83 		201.609 		10.321
v 143.822 		219.361 		6.514
v 175.83 		201.344 		10.3737
v 145.666 		217.744 		6.514
v 147.705 		216.381 		6.514
v 175.83 		200.935 		10.455
v 149.905 		215.296 		6.514
v 171.199 		210.683 		10.721
v 152.227 		214.508 		6.514
v 154.633 		214.029 		6.514
v 155.83 		210.001 		6.61
v 155.83 		213.9507 		6.514
v 163.833 		220.498 		6.514
v 140.33 		205.3399 		6.514
v 140.33 		205.321 		6.609
v 149.828 		220.498 		6.514
v 155.83 		220.498 		6.514
v 155.404 		217.616 		6.514
v 171.059 		210.032 		9.814
v 155.946 		217.074 		6.61
v 155.83 		217.1315 		6.61
v 155.462 		217.499 		6.514
v 156.071 		217.032 		6.61
v 156.199 		217.006 		6.61
v 156.33 		216.998 		6.61
v 155.535 		217.39 		6.514
v 156.199 		218.994 		6.61
v 156.33 		219.003 		6.61
v 156.071 		218.968 		6.61
v 155.621 		217.291 		6.514
v 155.946 		218.926 		6.61
v 155.83 		218.8685 		6.61
v 155.72 		217.205 		6.514
v 155.829 		217.132 		6.514
v 156.461 		217.006 		6.61
v 156.589 		217.032 		6.61
v 156.714 		217.074 		6.61
v 155.946 		217.074 		6.514
v 156.831 		217.132 		6.61
v 155.83 		217.1315 		6.514
v 171.246 		210.124 		9.933
v 156.94 		217.205 		6.61
v 157.039 		217.291 		6.61
v 157.125 		217.39 		6.61
v 156.071 		217.032 		6.514
v 157.198 		217.499 		6.61
v 164.273 		211.159 		9.335
v 157.256 		217.616 		6.61
v 156.199 		217.006 		6.514
v 170.87 		210.124 		10.445
v 157.298 		217.741 		6.61
v 157.324 		217.869 		6.61
v 156.33 		216.998 		6.514
v 157.333 		218 		6.61
v 164.561 		211.159 		9.694
v 157.324 		218.131 		6.61
v 157.298 		218.259 		6.61
v 156.394 		217.0019 		6.514
v 157.256 		218.384 		6.61
v 157.198 		218.501 		6.61
v 157.125 		218.61 		6.61
v 155.621 		218.709 		6.514
v 157.039 		218.709 		6.61
v 155.535 		218.61 		6.514
v 156.94 		218.795 		6.61
v 156.831 		218.868 		6.61
v 155.462 		218.501 		6.514
v 156.714 		218.926 		6.61
v 156.589 		218.968 		6.61
v 156.461 		218.994 		6.61
v 155.404 		218.384 		6.514
v 165.678 		210.921 		10.475
v 155.362 		218.259 		6.514
v 155.336 		218.131 		6.514
v 155.83 		220.498 		6.61
v 155.328 		218 		6.514
v 167.96 		211.571 		10.981
v 155.336 		217.869 		6.514
v 171.407 		210.27 		10.035
v 168.43 		211.571 		10.844
v 155.362 		217.741 		6.514
v 156.199 		218.994 		6.514
v 156.33 		219.003 		6.514
v 155.83 		218.8685 		6.514
v 171.016 		210.27 		10.568
v 156.071 		218.968 		6.514
v 155.946 		218.926 		6.514
v 155.829 		218.868 		6.514
v 167.928 		211.381 		10.839
v 155.72 		218.795 		6.514
v 171.53 		210.461 		10.114
v 156.394 		218.9986 		6.514
v 171.128 		210.461 		10.662
v 156.461 		217.006 		6.514
v 156.589 		217.032 		6.514
v 156.714 		217.074 		6.514
v 156.831 		217.132 		6.514
v 168.43 		210.27 		10.844
v 156.94 		217.205 		6.514
v 157.039 		217.291 		6.514
v 166.102 		210.921 		10.64
v 157.125 		217.39 		6.514
v 157.198 		217.499 		6.514
v 168.495 		210.124 		11.023
v 157.256 		217.616 		6.514
v 157.2936 		217.728 		6.514
v 157.298 		217.741 		6.514
v 157.324 		217.869 		6.514
v 165.665 		210.683 		10.503
v 157.333 		218 		6.514
v 166.093 		210.683 		10.67
v 157.324 		218.131 		6.514
v 168.571 		210.032 		11.232
v 157.298 		218.259 		6.514
v 157.256 		218.384 		6.514
v 157.198 		218.501 		6.514
v 170.742 		210.921 		11.244
v 157.125 		218.61 		6.514
v 157.039 		218.709 		6.514
v 168.653 		210.001 		11.456
v 156.94 		218.795 		6.514
v 156.831 		218.868 		6.514
v 156.714 		218.926 		6.514
v 156.589 		218.968 		6.514
v 156.461 		218.994 		6.514
v 163.833 		232.187 		6.61
v 175.83 		232.187 		6.61
v 163.833 		220.498 		6.61
v 164.299 		210.921 		9.317
v 165.626 		210.461 		10.587
v 164.584 		210.921 		9.672
v 167.928 		210.461 		10.839
v 166.065 		210.461 		10.757
v 171.782 		211.718 		8.783
v 171.8121 		211.7049 		8.7311
v 171.7954 		211.718 		8.7282
v 167.96 		210.27 		10.981
v 164.273 		210.683 		9.335
v 165.754 		211.809 		11.744
v 164.561 		210.683 		9.694
v 166.385 		211.841 		11.654
v 171.57 		211.809 		8.717
v 171.5869 		211.8048 		8.6914
v 165.826 		211.841 		11.517
v 168.001 		210.124 		11.167
v 171.5768 		211.809 		8.6896
v 171.3669 		211.8376 		8.6526
v 168.049 		210.032 		11.384
v 171.3418 		211.841 		8.6482
v 168.1 		210.001 		11.617
v 171.1032 		211.809 		8.6061
v 171.3402 		211.8408 		8.6479
v 171.087 		211.8024 		8.6032
v 170.8817 		211.718 		8.567
v 170.7 		211.809 		10.303
v 170.8551 		211.6976 		8.5623
v 170.281 		211.809 		10.741
v 163.824 		211.571 		9.053
v 168.152 		210.032 		11.849
v 170.518 		211.841 		10.15
v 170.12 		211.841 		10.565
v 166.995 		211.159 		10.829
v 167.454 		211.159 		10.819
v 175.83 		195 		5.5
v 163.954 		211.381 		8.985
v 169.959 		211.809 		10.39
v 164.035 		211.159 		8.943
v 166.997 		210.921 		10.797
v 140.33 		195 		5.5
v 170.335 		211.809 		9.997
v 167.452 		210.921 		10.788
v 164.063 		210.921 		8.929
v 166.426 		211.809 		11.42
v 165.897 		211.809 		11.29
v 164.035 		210.683 		8.943
v 166.995 		210.683 		10.829
v 140.33 		195.0303 		5.712
v 140.33 		195.0164 		5.5
v 167.454 		210.683 		10.819
v 169.809 		211.718 		10.226
v 140.33 		199.565 		0.045
v 140.33 		198.891 		0.179
v 140.33 		198.241 		0.4
v 140.33 		197.625 		0.704
v 140.33 		197.054 		1.085
v 140.33 		196.538 		1.538
v 140.33 		196.085 		2.054
v 140.33 		195.703 		2.625
v 140.33 		195.4 		3.241
v 140.33 		195.179 		3.892
v 140.33 		195.045 		4.565
v 140.33 		195 		5.25
v 170.165 		211.718 		9.854
v 140.33 		195.045 		5.936
v 163.954 		210.461 		8.985
v 175.83 		195.0164 		5.5
v 175.83 		195.0303 		5.712
v 175.83 		199.565 		0.045
v 164.198 		210.461 		9.388
v 175.83 		195 		5.25
v 175.83 		195.045 		4.565
v 175.83 		195.179 		3.892
v 175.83 		195.4 		3.241
v 175.83 		195.703 		2.625
v 175.83 		196.085 		2.054
v 175.83 		196.538 		1.538
v 167.532 		211.841 		11.704
v 175.83 		197.054 		1.085
v 175.83 		197.625 		0.704
v 175.83 		198.241 		0.4
v 175.83 		198.891 		0.179
v 175.83 		195.045 		5.936
v 166.957 		211.841 		11.717
v 164.493 		210.461 		9.756
v 166.464 		211.718 		11.201
v 171.9835 		211.571 		8.7614
v 172.0013 		211.5474 		8.7645
v 165.964 		211.718 		11.079
v 170.335 		210.032 		9.997
v 166.967 		211.809 		11.479
v 163.824 		210.27 		9.053
v 167.511 		211.809 		11.467
v 171.7761 		210.1158 		8.7248
v 171.7954 		210.124 		8.7282
v 171.782 		210.124 		8.783
v 171.9835 		210.27 		8.7614
v 170.518 		210.001 		10.15
v 171.9602 		210.2519 		8.7572
v 163.655 		210.124 		9.141
v 172.1057 		210.4326 		8.7829
v 166.977 		211.718 		11.257
v 170.7 		210.032 		10.303
v 167.492 		211.718 		11.246
v 170.281 		210.032 		10.741
v 170.8817 		210.124 		8.567
v 164.078 		210.27 		9.472
v 166.985 		211.571 		11.067
v 170.9066 		210.1137 		8.5714
v 167.475 		211.571 		11.056
v 169.809 		210.124 		10.226
v 170.165 		210.124 		9.854
v 171.1032 		210.032 		8.6061
v 166.991 		211.381 		10.921
v 167.462 		211.381 		10.91
v 171.1171 		210.0302 		8.6085
v 169.959 		210.032 		10.39
v 171.3418 		210.001 		8.6482
v 163.922 		210.124 		9.581
v 171.3669 		210.0043 		8.6526
v 171.3431 		210.0012 		8.6484
v 166.498 		211.571 		11.013
v 163.74 		210.032 		9.709
v 170.12 		210.001 		10.565
v 166.021 		211.571 		10.897
v 171.57 		210.032 		8.717
v 167.462 		210.461 		10.91
v 171.5658 		210.0306 		8.6877
v 171.5768 		210.032 		8.6896
v 162.622 		211.809 		8.326
v 167.475 		210.27 		11.056
v 162.854 		211.841 		8.274
v 170.431 		211.718 		10.904
v 169.935 		211.718 		11.302
v 171.552 		211.718 		9.376
v 167.492 		210.124 		11.246
v 171.351 		211.809 		9.282
v 167.511 		210.032 		11.467
v 169.808 		211.809 		11.12
v 163.087 		211.809 		8.223
v 163.239 		211.809 		8.745
v 167.532 		210.001 		11.704
v 170.72 		211.159 		11.221
v 166.523 		211.381 		10.869
v 163.303 		211.718 		8.175
v 170.658 		211.381 		11.153
v 166.991 		210.461 		10.921
v 163.447 		211.718 		8.669
v 170.56 		211.571 		11.045
v 166.985 		210.27 		11.067
v 166.523 		210.461 		10.869
v 166.498 		210.27 		11.013
v 170.72 		210.683 		11.221
v 166.977 		210.124 		11.257
v 163.489 		211.571 		8.134
v 166.464 		210.124 		11.201
v 166.426 		210.032 		11.42
v 166.967 		210.032 		11.479
v 163.489 		210.27 		8.134
v 170.181 		211.159 		11.653
v 170.199 		210.921 		11.679
v 166.385 		210.001 		11.654
v 170.128 		211.381 		11.578
v 166.957 		210.001 		11.717
v 163.303 		210.124 		8.175
v 163.447 		210.124 		8.669
v 170.044 		211.571 		11.458
v 168.2 		211.718 		12.066
v 166.021 		210.27 		10.897
v 165.964 		210.124 		11.079
v 170.181 		210.683 		11.653
v 163.087 		210.032 		8.223
v 168.293 		211.159 		12.484
v 168.3 		210.921 		12.515
v 163.239 		210.032 		8.745
v 165.897 		210.032 		11.29
v 168.273 		211.381 		12.395
v 165.826 		210.001 		11.517
v 162.854 		210.001 		8.274
v 168.241 		211.571 		12.252
v 165.754 		210.032 		11.744
v 169.808 		210.032 		11.12
v 170.431 		210.124 		10.904
v 169.935 		210.124 		11.302
v 168.293 		210.683 		12.484
v 164.913 		211.809 		10.831
v 140.33 		205.4697 		5.712
v 140.33 		203.446 		1.085
v 140.33 		202.875 		0.704
v 140.33 		202.259 		0.4
v 140.33 		201.609 		0.179
v 140.33 		205.455 		5.936
v 164.617 		211.718 		10.339
v 170.56 		210.27 		11.045
v 165.032 		211.718 		10.644
v 168.2 		210.124 		12.066
v 170.044 		210.27 		11.458
v 168.241 		210.27 		12.252
v 168.273 		210.461 		12.395
v 170.658 		210.461 		11.153
v 170.128 		210.461 		11.578
v 165.135 		211.571 		10.483
v 165.564 		211.571 		10.719
v 165.213 		211.381 		10.36
v 169.535 		211.809 		10.73
v 165.263 		211.159 		10.282
v 168.967 		211.718 		10.816
v 169.407 		211.718 		10.549
v 165.279 		210.921 		10.256
v 165.263 		210.683 		10.282
v 164.739 		211.571 		10.193
v 164.833 		211.381 		10.081
v 164.892 		211.159 		10.011
v 164.912 		210.921 		9.987
v 164.892 		210.683 		10.011
v 164.833 		210.461 		10.081
v 165.213 		210.461 		10.36
v 164.739 		210.27 		10.193
v 165.135 		210.27 		10.483
v 165.564 		210.27 		10.719
v 164.617 		210.124 		10.339
v 165.032 		210.124 		10.644
v 164.913 		210.032 		10.831
v 165.095 		211.718 		11.726
v 165.189 		211.809 		11.525
v 164.657 		211.809 		11.233
v 165.289 		211.841 		11.309
v 164.785 		211.841 		11.032
v 165.39 		211.809 		11.093
v 165.484 		211.718 		10.892
# 1409 vertices

g group_0_6383466

usemtl color_6383466
s 0

f 3 	4 	6
f 5 	6 	4
f 2 	3 	6
f 1 	2 	6
f 4 	9 	5
f 9 	10 	5
f 5 	10 	11
f 12 	30 	11
f 13 	30 	12
f 14 	30 	13
f 17 	30 	14
f 5 	11 	30
f 30 	17 	19
f 30 	19 	20
f 30 	20 	21
f 30 	21 	22
f 30 	22 	23
f 30 	23 	24
f 29 	30 	31
f 29 	31 	32
f 29 	32 	33
f 29 	33 	34
f 27 	28 	84
f 24 	36 	30
f 36 	37 	30
f 37 	38 	30
f 38 	39 	30
f 39 	40 	30
f 40 	41 	30
f 31 	30 	41
f 44 	34 	43
f 45 	34 	44
f 46 	34 	45
f 47 	34 	46
f 51 	34 	48
f 48 	34 	47
f 53 	54 	92
f 50 	16 	26
f 54 	56 	92
f 57 	50 	26
f 7 	1201 	1203
f 632 	7 	1203
f 66 	67 	65
f 52 	34 	51
f 69 	1061 	94
f 70 	1061 	69
f 72 	29 	71
f 68 	75 	76
f 77 	68 	76
f 77 	81 	68
f 49 	74 	18
f 81 	82 	68
f 82 	84 	68
f 84 	87 	68
f 25 	18 	74
f 89 	486 	87
f 85 	34 	83
f 90 	486 	89
f 92 	94 	486
f 1061 	486 	94
f 90 	92 	486
f 78 	91 	55
f 95 	34 	93
f 69 	97 	70
f 98 	34 	95
f 91 	64 	55
f 99 	100 	101
f 79 	34 	98
f 75 	68 	102
f 101 	102 	68
f 65 	106 	66
f 105 	66 	106
f 109 	248 	104
f 105 	117 	66
f 486 	110 	68
f 110 	481 	68
f 91 	1309 	64
f 68 	87 	486
f 106 	115 	105
f 78 	119 	91
f 121 	124 	108
f 120 	121 	108
f 124 	127 	108
f 125 	979 	122
f 128 	130 	108
f 127 	128 	108
f 129 	979 	125
f 117 	86 	66
f 130 	131 	108
f 131 	132 	108
f 108 	132 	134
f 133 	134 	132
f 113 	119 	78
f 979 	129 	93
f 146 	29 	72
f 147 	29 	146
f 148 	29 	147
f 149 	29 	148
f 150 	29 	149
f 115 	1267 	105
f 153 	29 	152
f 150 	152 	29
f 154 	29 	153
f 29 	154 	156
f 158 	159 	29
f 248 	29 	160
f 162 	157 	140
f 163 	248 	160
f 163 	164 	248
f 165 	248 	164
f 166 	248 	165
f 167 	248 	166
f 168 	248 	167
f 169 	248 	168
f 103 	248 	169
f 104 	248 	103
f 18 	25 	155
f 106 	65 	67
f 171 	6 	170
f 174 	67 	172
f 66 	172 	67
f 175 	6 	171
f 86 	176 	172
f 177 	6 	175
f 178 	6 	177
f 194 	162 	181
f 86 	172 	66
f 185 	6 	184
f 170 	6 	186
f 190 	192 	189
f 234 	333 	173
f 191 	245 	188
f 245 	191 	6
f 194 	157 	162
f 126 	202 	135
f 194 	902 	157
f 206 	245 	203
f 202 	205 	135
f 189 	208 	190
f 172 	190 	208
f 172 	176 	190
f 188 	245 	207
f 172 	208 	174
f 55 	64 	201
f 145 	211 	126
f 64 	960 	201
f 213 	1 	212
f 176 	196 	190
f 211 	202 	126
f 214 	1 	213
f 902 	194 	904
f 215 	1 	214
f 210 	212 	1
f 216 	1 	215
f 176 	936 	196
f 217 	1 	216
f 219 	1 	217
f 174 	208 	67
f 106 	208 	189
f 106 	189 	192
f 155 	220 	145
f 221 	1 	219
f 220 	211 	145
f 222 	1 	221
f 223 	1 	222
f 225 	227 	1
f 220 	340 	211
f 246 	1 	229
f 227 	229 	1
f 155 	25 	220
f 230 	246 	229
f 231 	246 	230
f 233 	246 	232
f 232 	246 	231
f 235 	246 	233
f 50 	228 	16
f 236 	246 	235
f 238 	239 	246
f 237 	243 	224
f 239 	240 	246
f 240 	242 	246
f 245 	246 	242
f 254 	226 	244
f 223 	225 	1
f 258 	1 	246
f 205 	234 	173
f 205 	284 	234
f 206 	207 	245
f 193 	6 	191
f 182 	6 	193
f 6 	182 	183
f 6 	183 	184
f 186 	6 	185
f 179 	6 	178
f 180 	6 	179
f 205 	173 	135
f 159 	160 	29
f 156 	158 	29
f 190 	237 	192
f 241 	192 	237
f 236 	238 	246
f 242 	195 	245
f 245 	195 	197
f 197 	198 	245
f 198 	199 	245
f 245 	199 	200
f 200 	203 	245
f 196 	243 	237
f 190 	196 	237
f 228 	218 	16
f 251 	847 	228
f 192 	241 	106
f 484 	254 	244
f 25 	249 	220
f 253 	117 	105
f 50 	251 	228
f 151 	253 	105
f 248 	109 	111
f 112 	979 	111
f 114 	979 	112
f 118 	979 	116
f 116 	979 	114
f 122 	979 	118
f 248 	111 	979
f 255 	251 	50
f 245 	248 	1214
f 249 	1189 	250
f 93 	34 	979
f 80 	34 	79
f 83 	34 	80
f 88 	34 	85
f 43 	34 	88
f 249 	256 	1189
f 6 	180 	209
f 209 	210 	1
f 6 	209 	1
f 255 	275 	251
f 52 	71 	29
f 29 	34 	52
f 259 	979 	34
f 57 	255 	50
f 138 	266 	137
f 139 	266 	138
f 141 	266 	139
f 142 	266 	141
f 143 	266 	142
f 144 	266 	143
f 133 	266 	144
f 132 	266 	133
f 131 	266 	132
f 130 	266 	131
f 128 	266 	130
f 127 	266 	128
f 120 	485 	487
f 124 	266 	127
f 136 	137 	266
f 256 	249 	25
f 260 	261 	262
f 260 	262 	263
f 260 	263 	264
f 260 	264 	265
f 124 	487 	266
f 25 	74 	256
f 269 	270 	261
f 270 	271 	261
f 271 	272 	261
f 272 	273 	261
f 273 	274 	261
f 262 	261 	274
f 57 	73 	255
f 480 	267 	268
f 276 	252 	247
f 1191 	256 	74
f 279 	261 	277
f 280 	261 	279
f 281 	261 	280
f 293 	298 	261
f 261 	281 	283
f 261 	283 	286
f 261 	286 	287
f 261 	287 	269
f 291 	292 	294
f 293 	294 	292
f 290 	291 	294
f 289 	290 	294
f 257 	276 	247
f 295 	268 	288
f 292 	296 	293
f 296 	297 	293
f 297 	298 	293
f 299 	261 	298
f 300 	261 	299
f 301 	261 	300
f 277 	261 	301
f 288 	268 	282
f 302 	268 	295
f 304 	268 	302
f 285 	284 	205
f 306 	268 	304
f 307 	305 	289
f 309 	307 	289
f 310 	268 	306
f 312 	309 	289
f 289 	316 	314
f 314 	312 	289
f 202 	285 	205
f 308 	315 	257
f 317 	316 	289
f 328 	268 	461
f 315 	276 	257
f 294 	320 	319
f 460 	461 	268
f 459 	460 	268
f 325 	326 	289
f 329 	327 	289
f 211 	321 	202
f 332 	268 	330
f 330 	268 	328
f 331 	289 	303
f 305 	303 	289
f 331 	329 	289
f 335 	268 	332
f 323 	311 	278
f 333 	308 	1377
f 337 	268 	335
f 321 	285 	202
f 548 	289 	542
f 339 	315 	308
f 334 	542 	289
f 282 	268 	337
f 321 	340 	342
f 341 	388 	541
f 308 	333 	339
f 347 	463 	345
f 344 	345 	448
f 348 	346 	542
f 350 	463 	347
f 349 	348 	542
f 340 	321 	211
f 352 	349 	542
f 353 	352 	542
f 357 	355 	542
f 461 	462 	318
f 340 	249 	250
f 358 	357 	542
f 250 	342 	340
f 323 	1297 	351
f 1300 	351 	1297
f 334 	360 	542
f 358 	542 	360
f 294 	363 	320
f 322 	324 	461
f 356 	463 	354
f 323 	1069 	311
f 324 	328 	461
f 318 	322 	461
f 365 	294 	366
f 339 	333 	234
f 220 	249 	340
f 366 	294 	367
f 368 	367 	294
f 370 	368 	294
f 372 	370 	294
f 373 	372 	294
f 375 	294 	378
f 381 	541 	382
f 386 	541 	387
f 383 	266 	380
f 391 	275 	255
f 343 	341 	541
f 388 	387 	541
f 390 	266 	389
f 376 	1275 	396
f 394 	393 	260
f 393 	392 	260
f 398 	266 	395
f 397 	394 	260
f 369 	339 	234
f 399 	397 	260
f 224 	396 	1275
f 401 	266 	398
f 400 	260 	402
f 405 	266 	403
f 403 	266 	401
f 369 	284 	535
f 391 	255 	73
f 407 	260 	409
f 234 	284 	369
f 411 	260 	392
f 411 	409 	260
f 224 	243 	396
f 412 	450 	410
f 96 	391 	73
f 413 	538 	415
f 538 	260 	415
f 243 	1141 	396
f 426 	417 	391
f 414 	422 	423
f 430 	432 	449
f 431 	429 	538
f 123 	426 	96
f 417 	275 	391
f 433 	431 	538
f 426 	391 	96
f 439 	265 	440
f 390 	395 	266
f 266 	405 	408
f 410 	450 	408
f 418 	450 	412
f 424 	449 	419
f 419 	449 	418
f 427 	430 	449
f 448 	449 	432
f 434 	448 	432
f 436 	448 	434
f 266 	408 	450
f 440 	265 	441
f 441 	265 	442
f 442 	265 	443
f 276 	422 	252
f 344 	448 	436
f 354 	463 	350
f 359 	462 	356
f 424 	427 	449
f 449 	450 	418
f 450 	451 	266
f 451 	452 	266
f 136 	266 	452
f 444 	265 	445
f 252 	422 	414
f 454 	447 	123
f 422 	456 	423
f 448 	345 	463
f 362 	318 	462
f 361 	362 	462
f 359 	361 	462
f 463 	356 	462
f 455 	265 	457
f 457 	265 	458
f 458 	265 	464
f 465 	529 	467
f 267 	468 	268
f 468 	459 	268
f 310 	313 	268
f 266 	268 	313
f 374 	266 	371
f 313 	371 	266
f 266 	374 	377
f 377 	380 	266
f 383 	389 	266
f 422 	466 	456
f 476 	268 	475
f 477 	268 	476
f 478 	268 	477
f 479 	268 	478
f 480 	268 	479
f 474 	475 	268
f 488 	489 	268
f 101 	68 	108
f 482 	108 	481
f 485 	120 	108
f 473 	484 	244
f 276 	466 	422
f 315 	466 	276
f 466 	644 	456
f 490 	268 	489
f 491 	268 	490
f 474 	268 	491
f 496 	591 	493
f 466 	495 	644
f 447 	454 	492
f 497 	591 	496
f 397 	177 	175
f 499 	591 	497
f 502 	591 	499
f 473 	501 	484
f 339 	495 	315
f 503 	590 	502
f 504 	590 	503
f 498 	501 	473
f 494 	492 	454
f 506 	486 	505
f 505 	590 	504
f 495 	466 	315
f 471 	1193 	472
f 495 	369 	559
f 472 	500 	722
f 469 	529 	470
f 559 	644 	495
f 510 	488 	508
f 470 	529 	511
f 369 	495 	339
f 511 	529 	512
f 509 	521 	731
f 516 	519 	488
f 513 	516 	488
f 514 	512 	529
f 517 	514 	529
f 519 	524 	488
f 342 	250 	1403
f 518 	517 	529
f 966 	501 	498
f 592 	488 	527
f 520 	518 	538
f 523 	520 	538
f 524 	527 	488
f 945 	501 	966
f 500 	472 	1193
f 500 	1193 	509
f 530 	592 	528
f 528 	592 	527
f 529 	538 	518
f 529 	469 	467
f 464 	265 	465
f 445 	265 	455
f 465 	265 	529
f 966 	498 	515
f 493 	591 	530
f 400 	399 	260
f 404 	260 	407
f 406 	416 	260
f 416 	415 	260
f 404 	406 	260
f 285 	531 	284
f 386 	385 	541
f 385 	384 	541
f 384 	382 	541
f 381 	379 	541
f 378 	294 	379
f 541 	379 	294
f 375 	373 	294
f 531 	535 	284
f 537 	492 	494
f 413 	435 	538
f 435 	433 	538
f 425 	421 	538
f 429 	428 	538
f 425 	538 	428
f 421 	420 	538
f 420 	526 	538
f 526 	525 	538
f 525 	523 	538
f 355 	353 	542
f 541 	542 	346
f 346 	343 	541
f 529 	1035 	538
f 535 	531 	576
f 508 	582 	540
f 539 	540 	582
f 543 	531 	285
f 327 	325 	289
f 338 	336 	289
f 326 	338 	289
f 336 	334 	289
f 443 	265 	444
f 546 	529 	265
f 438 	265 	439
f 260 	265 	438
f 438 	402 	260
f 321 	543 	285
f 547 	110 	545
f 365 	364 	294
f 294 	364 	363
f 319 	317 	294
f 294 	317 	289
f 13 	270 	269
f 13 	269 	14
f 521 	509 	1193
f 12 	271 	270
f 12 	270 	13
f 11 	272 	271
f 11 	271 	12
f 552 	553 	481
f 10 	273 	272
f 10 	272 	11
f 544 	522 	1193
f 321 	342 	543
f 9 	274 	273
f 9 	273 	10
f 551 	481 	549
f 446 	1193 	453
f 274 	9 	262
f 4 	262 	9
f 3 	263 	262
f 3 	262 	4
f 555 	557 	482
f 2 	264 	263
f 2 	263 	3
f 1 	265 	264
f 1 	264 	2
f 6 	5 	261
f 6 	261 	260
f 23 	279 	277
f 23 	277 	24
f 22 	280 	279
f 22 	279 	23
f 447 	558 	426
f 21 	281 	280
f 21 	280 	22
f 20 	283 	281
f 20 	281 	21
f 566 	487 	565
f 565 	487 	564
f 19 	286 	283
f 19 	283 	20
f 17 	287 	286
f 17 	286 	19
f 558 	417 	426
f 269 	287 	17
f 269 	17 	14
f 293 	261 	5
f 293 	5 	30
f 290 	33 	32
f 290 	32 	291
f 522 	521 	1193
f 32 	31 	292
f 32 	292 	291
f 568 	487 	567
f 369 	535 	559
f 292 	31 	41
f 292 	41 	296
f 41 	40 	297
f 41 	297 	296
f 40 	39 	298
f 40 	298 	297
f 562 	106 	563
f 556 	106 	562
f 39 	38 	299
f 39 	299 	298
f 447 	426 	123
f 37 	300 	299
f 37 	299 	38
f 36 	301 	300
f 36 	300 	37
f 574 	487 	572
f 277 	301 	36
f 277 	36 	24
f 573 	558 	447
f 289 	34 	33
f 289 	33 	290
f 293 	30 	29
f 293 	29 	294
f 492 	573 	447
f 535 	576 	577
f 578 	582 	575
f 265 	1 	258
f 265 	258 	546
f 548 	259 	34
f 548 	34 	289
f 577 	559 	535
f 982 	259 	1009
f 537 	579 	492
f 546 	258 	529
f 246 	529 	258
f 246 	995 	529
f 1011 	1056 	529
f 482 	561 	487
f 483 	482 	487
f 567 	487 	566
f 485 	483 	487
f 570 	487 	569
f 569 	487 	568
f 572 	487 	570
f 575 	487 	574
f 580 	582 	578
f 121 	120 	487
f 492 	579 	573
f 532 	582 	580
f 533 	582 	532
f 536 	582 	534
f 533 	534 	582
f 536 	539 	582
f 582 	487 	575
f 124 	121 	487
f 583 	531 	543
f 579 	537 	740
f 592 	530 	591
f 510 	513 	488
f 586 	488 	585
f 489 	488 	586
f 582 	508 	488
f 594 	596 	1177
f 588 	594 	1177
f 587 	588 	1177
f 583 	576 	531
f 587 	589 	588
f 589 	594 	588
f 591 	502 	590
f 593 	488 	592
f 590 	505 	486
f 585 	488 	593
f 506 	507 	486
f 110 	486 	507
f 110 	507 	545
f 549 	110 	547
f 554 	555 	481
f 482 	481 	555
f 557 	560 	482
f 564 	487 	561
f 560 	561 	482
f 553 	554 	481
f 551 	552 	481
f 110 	549 	481
f 1177 	1035 	134
f 595 	583 	543
f 596 	598 	1177
f 596 	594 	589
f 342 	595 	543
f 597 	602 	584
f 134 	133 	599
f 1035 	1177 	600
f 600 	607 	1035
f 598 	600 	1177
f 144 	601 	599
f 144 	599 	133
f 589 	598 	596
f 143 	603 	601
f 143 	601 	144
f 604 	600 	598
f 142 	605 	603
f 142 	603 	143
f 1403 	595 	342
f 141 	606 	605
f 141 	605 	142
f 607 	614 	1035
f 604 	607 	600
f 139 	608 	606
f 139 	606 	141
f 1403 	851 	595
f 138 	609 	608
f 138 	608 	139
f 137 	611 	609
f 137 	609 	138
f 598 	589 	604
f 137 	136 	613
f 137 	613 	611
f 614 	607 	604
f 136 	616 	613
f 615 	1318 	610
f 136 	452 	616
f 618 	1035 	617
f 614 	617 	1035
f 452 	451 	619
f 452 	619 	616
f 615 	597 	1318
f 617 	614 	604
f 451 	450 	620
f 451 	620 	619
f 618 	617 	604
f 7 	581 	8
f 450 	449 	621
f 450 	621 	620
f 449 	448 	622
f 449 	622 	621
f 624 	622 	448
f 559 	577 	612
f 581 	15 	8
f 628 	636 	1035
f 623 	628 	1035
f 1035 	618 	623
f 624 	448 	463
f 463 	462 	626
f 463 	626 	624
f 604 	625 	618
f 462 	461 	629
f 462 	629 	626
f 625 	628 	623
f 461 	460 	630
f 461 	630 	629
f 460 	459 	631
f 460 	631 	630
f 1360 	423 	204
f 459 	634 	631
f 632 	627 	7
f 634 	459 	468
f 633 	204 	423
f 623 	618 	625
f 468 	267 	635
f 468 	635 	634
f 636 	628 	625
f 267 	480 	1027
f 267 	1027 	635
f 627 	581 	7
f 640 	645 	1035
f 639 	640 	1035
f 636 	639 	1035
f 456 	633 	423
f 638 	268 	637
f 266 	637 	268
f 641 	640 	639
f 641 	639 	625
f 633 	910 	204
f 639 	636 	625
f 645 	650 	1035
f 632 	696 	627
f 641 	645 	640
f 456 	644 	648
f 650 	652 	1035
f 641 	650 	645
f 737 	627 	696
f 615 	880 	597
f 648 	633 	456
f 914 	910 	633
f 652 	641 	653
f 661 	653 	641
f 653 	1035 	652
f 652 	650 	641
f 648 	914 	633
f 880 	602 	597
f 653 	657 	1035
f 657 	662 	1035
f 612 	648 	644
f 1098 	1096 	664
f 664 	665 	1098
f 653 	661 	657
f 662 	668 	1035
f 661 	662 	657
f 559 	612 	644
f 760 	761 	1098
f 668 	675 	1035
f 665 	760 	1098
f 661 	668 	662
f 1061 	670 	671
f 1061 	671 	672
f 666 	610 	1384
f 675 	676 	1035
f 794 	1035 	676
f 675 	661 	676
f 795 	676 	661
f 679 	670 	1061
f 675 	668 	661
f 666 	615 	610
f 680 	1086 	672
f 681 	1086 	680
f 1094 	1093 	660
f 604 	589 	884
f 604 	884 	690
f 690 	625 	604
f 701 	625 	690
f 701 	641 	625
f 699 	696 	632
f 701 	690 	693
f 699 	742 	696
f 699 	632 	1206
f 1206 	437 	699
f 242 	526 	420
f 815 	820 	680
f 708 	744 	550
f 701 	693 	705
f 178 	177 	399
f 724 	641 	701
f 178 	399 	400
f 437 	446 	699
f 707 	699 	446
f 404 	183 	182
f 453 	707 	446
f 725 	724 	705
f 722 	471 	472
f 724 	661 	641
f 724 	701 	705
f 722 	707 	471
f 193 	415 	416
f 453 	471 	707
f 731 	770 	722
f 500 	731 	722
f 500 	509 	731
f 522 	736 	521
f 736 	796 	731
f 736 	731 	521
f 522 	544 	736
f 737 	1243 	627
f 1096 	1094 	660
f 660 	664 	1096
f 327 	329 	83
f 824 	739 	738
f 739 	824 	658
f 659 	658 	824
f 550 	740 	537
f 696 	742 	741
f 1061 	743 	679
f 741 	57 	737
f 743 	816 	679
f 747 	1061 	746
f 741 	737 	696
f 841 	747 	746
f 550 	744 	740
f 749 	751 	1178
f 748 	749 	1178
f 1177 	1178 	751
f 748 	750 	749
f 716 	744 	708
f 751 	755 	1177
f 755 	758 	1177
f 742 	756 	741
f 751 	749 	750
f 744 	716 	752
f 458 	222 	457
f 707 	742 	699
f 748 	754 	750
f 755 	751 	750
f 465 	223 	464
f 753 	837 	754
f 757 	756 	742
f 759 	1177 	758
f 759 	786 	1177
f 787 	759 	758
f 787 	758 	750
f 758 	755 	750
f 720 	833 	830
f 757 	742 	707
f 722 	757 	707
f 1178 	1101 	761
f 1101 	1098 	761
f 778 	872 	763
f 743 	1061 	766
f 766 	747 	841
f 762 	971 	714
f 841 	816 	766
f 765 	756 	757
f 769 	772 	1037
f 757 	770 	765
f 771 	695 	584
f 773 	777 	1037
f 777 	778 	1037
f 771 	817 	695
f 664 	806 	665
f 772 	773 	1037
f 764 	762 	712
f 775 	776 	774
f 776 	780 	1178
f 761 	774 	1178
f 762 	714 	712
f 602 	771 	584
f 778 	763 	1037
f 763 	745 	1037
f 1061 	1037 	745
f 766 	1061 	747
f 775 	774 	776
f 869 	872 	777
f 754 	748 	1178
f 781 	753 	1178
f 770 	757 	722
f 783 	974 	762
f 754 	1178 	753
f 788 	789 	1177
f 786 	788 	1177
f 787 	786 	759
f 789 	791 	1177
f 787 	788 	786
f 783 	762 	764
f 787 	789 	788
f 785 	695 	817
f 587 	1177 	791
f 791 	789 	787
f 167 	166 	386
f 791 	787 	587
f 589 	587 	787
f 794 	797 	1035
f 796 	784 	770
f 43 	303 	44
f 795 	794 	676
f 797 	799 	1035
f 801 	1035 	800
f 795 	797 	794
f 795 	799 	797
f 782 	807 	792
f 800 	1035 	799
f 801 	805 	1035
f 805 	808 	1035
f 798 	783 	1372
f 795 	800 	799
f 660 	659 	793
f 434 	733 	734
f 800 	802 	801
f 804 	782 	779
f 803 	790 	876
f 806 	793 	790
f 802 	805 	801
f 664 	793 	806
f 660 	793 	664
f 804 	807 	782
f 803 	806 	790
f 800 	795 	802
f 808 	805 	802
f 810 	804 	779
f 416 	182 	193
f 813 	1035 	812
f 814 	1035 	813
f 785 	810 	779
f 812 	811 	802
f 1035 	808 	811
f 811 	808 	802
f 425 	198 	197
f 802 	905 	812
f 670 	815 	671
f 785 	817 	810
f 1035 	814 	819
f 672 	671 	815
f 815 	670 	816
f 1359 	1356 	810
f 670 	679 	816
f 911 	819 	814
f 821 	822 	1035
f 1037 	1035 	822
f 810 	817 	1359
f 784 	765 	770
f 433 	435 	206
f 207 	206 	435
f 771 	1347 	817
f 680 	672 	815
f 681 	680 	820
f 682 	681 	820
f 731 	796 	770
f 821 	819 	911
f 792 	807 	823
f 827 	767 	1037
f 767 	768 	1037
f 825 	818 	1400
f 826 	827 	1037
f 828 	825 	1400
f 868 	736 	829
f 736 	868 	796
f 716 	720 	830
f 828 	839 	825
f 768 	769 	1037
f 830 	752 	716
f 760 	665 	806
f 761 	760 	806
f 544 	829 	736
f 831 	834 	803
f 833 	720 	727
f 157 	832 	1402
f 803 	834 	806
f 512 	232 	231
f 774 	761 	806
f 836 	727 	835
f 836 	833 	727
f 806 	834 	774
f 239 	523 	240
f 776 	774 	834
f 682 	820 	738
f 776 	834 	780
f 835 	792 	823
f 837 	781 	780
f 837 	780 	834
f 823 	836 	835
f 837 	753 	781
f 1364 	1378 	836
f 838 	837 	831
f 836 	823 	1364
f 738 	820 	824
f 750 	754 	837
f 837 	834 	831
f 659 	824 	793
f 832 	839 	828
f 525 	526 	240
f 842 	839 	832
f 218 	840 	1130
f 839 	842 	950
f 843 	750 	837
f 218 	228 	840
f 843 	787 	750
f 846 	843 	838
f 746 	745 	841
f 843 	837 	838
f 816 	841 	942
f 845 	956 	842
f 556 	829 	544
f 904 	958 	845
f 743 	766 	816
f 363 	364 	146
f 434 	734 	735
f 847 	854 	844
f 563 	849 	562
f 849 	848 	829
f 407 	409 	184
f 847 	844 	840
f 643 	646 	288
f 855 	848 	849
f 647 	295 	646
f 288 	646 	295
f 847 	840 	228
f 556 	562 	829
f 849 	829 	562
f 856 	853 	851
f 857 	855 	849
f 858 	854 	847
f 856 	685 	853
f 673 	853 	685
f 860 	850 	859
f 852 	850 	860
f 863 	855 	857
f 858 	847 	251
f 203 	431 	206
f 712 	856 	1405
f 714 	685 	856
f 712 	714 	856
f 861 	854 	858
f 768 	767 	852
f 251 	275 	858
f 852 	860 	768
f 769 	768 	860
f 563 	571 	849
f 857 	849 	571
f 647 	649 	295
f 302 	295 	649
f 316 	51 	48
f 862 	864 	577
f 651 	302 	649
f 278 	863 	857
f 275 	417 	865
f 310 	655 	656
f 311 	863 	278
f 861 	858 	865
f 362 	698 	318
f 865 	858 	275
f 329 	88 	85
f 318 	663 	667
f 303 	43 	88
f 868 	867 	796
f 871 	1182 	865
f 223 	458 	464
f 867 	784 	796
f 869 	860 	859
f 595 	870 	583
f 871 	865 	417
f 772 	860 	869
f 871 	417 	558
f 866 	583 	870
f 227 	467 	469
f 769 	860 	772
f 868 	874 	867
f 870 	888 	866
f 869 	773 	772
f 595 	851 	870
f 851 	853 	870
f 511 	512 	231
f 235 	514 	517
f 517 	236 	235
f 558 	573 	1148
f 778 	777 	872
f 777 	773 	869
f 874 	868 	848
f 558 	1148 	871
f 893 	914 	873
f 949 	841 	872
f 841 	745 	872
f 848 	1291 	874
f 365 	148 	364
f 841 	949 	942
f 745 	763 	872
f 877 	878 	864
f 829 	848 	868
f 879 	787 	843
f 879 	843 	846
f 855 	1291 	848
f 881 	875 	602
f 873 	864 	878
f 882 	879 	846
f 878 	893 	873
f 756 	73 	741
f 787 	879 	589
f 602 	880 	881
f 862 	877 	864
f 73 	57 	741
f 756 	765 	96
f 73 	756 	96
f 765 	123 	96
f 877 	862 	883
f 765 	784 	123
f 884 	589 	879
f 885 	884 	882
f 454 	123 	784
f 866 	883 	862
f 784 	867 	454
f 881 	1257 	875
f 884 	879 	882
f 885 	690 	884
f 885 	882 	1334
f 880 	886 	881
f 866 	888 	883
f 693 	690 	885
f 890 	661 	724
f 666 	887 	615
f 891 	890 	725
f 887 	886 	880
f 890 	795 	661
f 870 	853 	888
f 890 	724 	725
f 853 	673 	888
f 887 	880 	615
f 894 	1283 	886
f 216 	444 	445
f 894 	886 	887
f 795 	890 	898
f 892 	889 	897
f 897 	889 	895
f 898 	890 	891
f 898 	905 	802
f 802 	795 	898
f 1386 	896 	666
f 669 	674 	328
f 897 	820 	892
f 896 	894 	887
f 328 	674 	677
f 820 	815 	892
f 813 	812 	905
f 335 	678 	683
f 900 	901 	895
f 335 	683 	684
f 901 	897 	895
f 824 	820 	897
f 902 	832 	157
f 898 	891 	899
f 345 	344 	686
f 901 	824 	897
f 832 	902 	842
f 905 	898 	899
f 790 	901 	900
f 903 	194 	181
f 793 	901 	790
f 903 	904 	194
f 204 	903 	181
f 876 	790 	900
f 824 	901 	793
f 356 	354 	692
f 906 	905 	899
f 694 	359 	692
f 908 	907 	892
f 362 	361 	698
f 663 	318 	698
f 889 	892 	907
f 908 	892 	815
f 911 	814 	813
f 904 	845 	902
f 815 	816 	908
f 845 	842 	902
f 911 	813 	905
f 702 	374 	700
f 905 	906 	911
f 377 	374 	703
f 702 	703 	374
f 380 	377 	704
f 204 	910 	903
f 912 	904 	903
f 380 	704 	706
f 913 	911 	906
f 910 	912 	903
f 822 	821 	915
f 958 	904 	912
f 713 	398 	711
f 911 	915 	821
f 914 	916 	910
f 401 	398 	715
f 713 	715 	398
f 916 	912 	910
f 715 	717 	401
f 403 	401 	717
f 717 	718 	403
f 405 	403 	718
f 913 	915 	911
f 405 	718 	719
f 915 	826 	822
f 915 	913 	917
f 893 	916 	914
f 728 	419 	726
f 419 	728 	729
f 427 	730 	430
f 430 	732 	733
f 931 	673 	918
f 852 	915 	917
f 850 	852 	917
f 309 	46 	45
f 735 	436 	434
f 47 	46 	309
f 827 	826 	852
f 915 	852 	826
f 919 	673 	685
f 827 	852 	767
f 316 	317 	51
f 918 	673 	919
f 78 	55 	918
f 919 	78 	918
f 921 	919 	685
f 651 	304 	302
f 714 	921 	685
f 327 	83 	80
f 651 	654 	304
f 306 	304 	654
f 85 	83 	329
f 921 	113 	919
f 655 	310 	654
f 919 	113 	78
f 227 	465 	467
f 921 	971 	161
f 161 	113 	921
f 971 	921 	714
f 98 	338 	79
f 346 	109 	104
f 927 	693 	885
f 928 	924 	976
f 187 	924 	928
f 687 	686 	344
f 125 	358 	129
f 927 	920 	929
f 350 	688 	689
f 691 	354 	689
f 86 	933 	176
f 149 	148 	365
f 931 	934 	930
f 356 	692 	359
f 693 	927 	932
f 933 	936 	176
f 934 	928 	930
f 361 	359 	697
f 929 	932 	927
f 367 	152 	150
f 201 	187 	928
f 939 	705 	932
f 373 	156 	154
f 231 	470 	511
f 932 	929 	935
f 937 	933 	86
f 373 	375 	156
f 687 	344 	735
f 379 	160 	159
f 937 	86 	117
f 379 	163 	160
f 996 	933 	937
f 520 	238 	236
f 117 	253 	938
f 384 	165 	164
f 239 	520 	523
f 937 	117 	938
f 385 	166 	165
f 525 	240 	523
f 385 	386 	166
f 705 	693 	932
f 709 	389 	706
f 167 	386 	168
f 939 	725 	705
f 939 	932 	935
f 389 	709 	390
f 935 	940 	939
f 710 	711 	390
f 922 	923 	938
f 45 	44 	307
f 305 	307 	44
f 394 	397 	175
f 201 	928 	934
f 45 	307 	309
f 918 	934 	931
f 918 	55 	934
f 907 	908 	909
f 184 	183 	407
f 934 	55 	201
f 908 	942 	909
f 721 	410 	719
f 816 	942 	908
f 484 	944 	42
f 859 	850 	42
f 42 	944 	859
f 95 	338 	98
f 197 	420 	421
f 169 	341 	103
f 926 	943 	1001
f 103 	341 	104
f 945 	946 	944
f 433 	206 	431
f 952 	963 	943
f 944 	946 	859
f 926 	952 	943
f 859 	946 	869
f 1302 	947 	244
f 244 	947 	473
f 353 	355 	116
f 946 	945 	949
f 839 	947 	825
f 949 	945 	948
f 118 	355 	122
f 357 	358 	122
f 872 	946 	949
f 947 	1302 	825
f 872 	869 	946
f 360 	93 	129
f 216 	443 	444
f 306 	654 	310
f 147 	146 	364
f 909 	942 	948
f 313 	310 	656
f 147 	364 	148
f 947 	839 	950
f 942 	949 	948
f 367 	150 	149
f 64 	876 	960
f 667 	322 	318
f 876 	900 	960
f 64 	1309 	876
f 322 	667 	669
f 322 	669 	324
f 372 	154 	153
f 324 	669 	328
f 154 	372 	373
f 953 	954 	952
f 955 	725 	939
f 951 	953 	952
f 473 	947 	950
f 842 	956 	950
f 643 	282 	684
f 498 	950 	956
f 953 	889 	954
f 889 	907 	954
f 345 	686 	688
f 924 	187 	951
f 473 	950 	498
f 187 	957 	951
f 350 	689 	354
f 957 	953 	951
f 691 	692 	354
f 895 	889 	953
f 845 	958 	959
f 895 	953 	957
f 694 	697 	359
f 960 	957 	187
f 697 	698 	361
f 175 	393 	394
f 900 	957 	960
f 959 	956 	845
f 201 	960 	187
f 52 	51 	317
f 959 	515 	956
f 180 	400 	402
f 52 	317 	71
f 319 	71 	317
f 515 	498 	956
f 180 	402 	438
f 957 	900 	895
f 319 	72 	71
f 404 	182 	406
f 962 	959 	958
f 642 	959 	962
f 326 	80 	79
f 703 	704 	377
f 961 	962 	958
f 383 	380 	706
f 207 	435 	413
f 383 	706 	389
f 710 	390 	709
f 959 	642 	515
f 416 	406 	182
f 961 	943 	962
f 963 	642 	962
f 197 	421 	425
f 964 	642 	963
f 431 	203 	429
f 965 	955 	940
f 955 	939 	940
f 346 	111 	109
f 719 	408 	405
f 954 	963 	952
f 408 	719 	410
f 410 	721 	723
f 114 	352 	116
f 118 	116 	355
f 726 	418 	723
f 963 	954 	964
f 357 	122 	355
f 907 	909 	964
f 412 	723 	418
f 964 	954 	907
f 419 	418 	726
f 484 	501 	944
f 363 	146 	72
f 730 	427 	729
f 891 	725 	955
f 955 	967 	891
f 732 	430 	730
f 945 	944 	501
f 967 	955 	965
f 642 	969 	515
f 968 	967 	965
f 436 	735 	344
f 969 	966 	515
f 948 	945 	966
f 158 	156 	375
f 337 	684 	282
f 158 	375 	159
f 966 	969 	948
f 643 	288 	282
f 159 	378 	379
f 964 	969 	642
f 518 	236 	517
f 520 	236 	518
f 964 	909 	969
f 909 	948 	969
f 242 	240 	526
f 245 	6 	260
f 245 	260 	538
f 294 	29 	541
f 245 	538 	541
f 245 	541 	248
f 305 	44 	303
f 248 	541 	29
f 972 	161 	971
f 983 	984 	259
f 47 	309 	312
f 971 	974 	972
f 328 	677 	330
f 47 	312 	48
f 330 	677 	678
f 330 	678 	332
f 943 	963 	962
f 332 	678 	335
f 976 	977 	878
f 335 	684 	337
f 979 	1214 	248
f 345 	688 	347
f 1161 	975 	978
f 877 	976 	878
f 347 	688 	350
f 88 	329 	331
f 196 	941 	243
f 331 	303 	88
f 941 	1141 	243
f 79 	338 	326
f 924 	977 	976
f 926 	977 	924
f 169 	388 	341
f 196 	936 	941
f 883 	930 	877
f 930 	976 	877
f 700 	371 	656
f 313 	656 	371
f 374 	371 	700
f 112 	111 	349
f 246 	245 	1214
f 936 	980 	981
f 112 	349 	114
f 984 	985 	259
f 930 	928 	976
f 985 	986 	259
f 986 	987 	259
f 979 	259 	988
f 931 	930 	883
f 987 	988 	259
f 988 	989 	979
f 989 	990 	979
f 883 	888 	931
f 990 	991 	979
f 991 	992 	979
f 125 	122 	358
f 992 	993 	979
f 933 	980 	936
f 673 	931 	888
f 360 	129 	358
f 711 	395 	390
f 916 	961 	912
f 991 	1368 	992
f 990 	1368 	991
f 989 	1368 	990
f 988 	1368 	989
f 987 	1368 	988
f 986 	1368 	987
f 985 	1368 	986
f 982 	1009 	1019
f 984 	1368 	985
f 398 	395 	711
f 1011 	529 	995
f 994 	995 	246
f 994 	246 	997
f 933 	996 	980
f 997 	246 	998
f 366 	149 	365
f 958 	912 	961
f 996 	1325 	980
f 998 	246 	999
f 1003 	1002 	246
f 149 	366 	367
f 999 	246 	1000
f 1000 	246 	1002
f 1001 	961 	916
f 1003 	246 	1004
f 1004 	246 	1005
f 1006 	1005 	246
f 1001 	916 	893
f 971 	762 	974
f 995 	994 	1008
f 994 	997 	1008
f 997 	998 	1008
f 998 	999 	1008
f 999 	1000 	1008
f 1000 	1002 	1008
f 1002 	1003 	1008
f 1003 	1004 	1008
f 1004 	1005 	1008
f 1005 	1006 	1008
f 1006 	1007 	1008
f 723 	412 	410
f 1035 	1037 	538
f 542 	541 	1037
f 1208 	972 	974
f 1015 	1016 	542
f 542 	1023 	548
f 1026 	548 	1024
f 548 	1009 	259
f 982 	983 	259
f 1009 	548 	1026
f 1012 	974 	783
f 529 	1047 	1045
f 1014 	1015 	542
f 729 	424 	419
f 1016 	1017 	542
f 1017 	1018 	542
f 424 	729 	427
f 1018 	1019 	542
f 1020 	542 	1019
f 1022 	542 	1020
f 1012 	783 	798
f 430 	733 	432
f 1022 	1023 	542
f 1024 	548 	1023
f 432 	733 	434
f 168 	387 	169
f 798 	1025 	1021
f 1022 	1020 	1023
f 1020 	1019 	1023
f 1024 	1023 	1019
f 1018 	984 	1019
f 1017 	984 	1018
f 1016 	984 	1017
f 1015 	984 	1016
f 1014 	984 	1015
f 480 	479 	1029
f 480 	1029 	1027
f 479 	478 	1030
f 479 	1030 	1029
f 478 	477 	1031
f 478 	1031 	1030
f 1032 	1028 	1013
f 1024 	1019 	1026
f 1026 	1019 	1009
f 983 	982 	1019
f 477 	476 	1033
f 477 	1033 	1031
f 1021 	1012 	798
f 1033 	476 	1034
f 475 	1034 	476
f 541 	538 	1037
f 475 	474 	1036
f 475 	1036 	1034
f 1028 	1010 	1013
f 70 	60 	1037
f 529 	1040 	1035
f 637 	266 	1038
f 266 	487 	1038
f 961 	1001 	943
f 1039 	996 	937
f 1035 	1040 	1041
f 488 	268 	1066
f 638 	1066 	268
f 1040 	529 	1042
f 1043 	1036 	491
f 474 	491 	1036
f 1042 	529 	1044
f 529 	1049 	1047
f 1044 	529 	1045
f 977 	893 	878
f 491 	490 	1046
f 491 	1046 	1043
f 938 	1039 	937
f 490 	489 	1048
f 490 	1048 	1046
f 1001 	893 	977
f 1049 	529 	1050
f 1050 	529 	1051
f 586 	1052 	489
f 1048 	489 	1052
f 1053 	1051 	529
f 926 	1001 	977
f 585 	1054 	1052
f 585 	1052 	586
f 1039 	938 	923
f 862 	577 	576
f 1044 	1008 	1042
f 1047 	1008 	1045
f 1049 	1008 	1047
f 1040 	1042 	1008
f 1045 	1008 	1044
f 1050 	1008 	1049
f 1051 	1008 	1050
f 1053 	1008 	1051
f 1054 	585 	1055
f 593 	1055 	585
f 1056 	1053 	529
f 592 	1057 	1055
f 592 	1055 	593
f 591 	1059 	1057
f 591 	1057 	592
f 866 	862 	576
f 1056 	1008 	1053
f 1011 	1008 	1056
f 995 	1008 	1011
f 1041 	1040 	1008
f 590 	1060 	1059
f 590 	1059 	591
f 866 	576 	583
f 93 	360 	334
f 486 	1062 	1060
f 486 	1060 	590
f 612 	873 	648
f 941 	936 	981
f 811 	812 	1035
f 819 	821 	1035
f 822 	826 	1037
f 334 	336 	93
f 1063 	1038 	487
f 981 	1058 	941
f 914 	648 	873
f 1014 	542 	1065
f 1064 	1065 	542
f 864 	873 	612
f 984 	983 	1019
f 984 	1014 	1065
f 582 	1067 	487
f 1066 	1067 	582
f 1063 	487 	1067
f 612 	577 	864
f 1066 	582 	488
f 951 	926 	924
f 952 	926 	951
f 1061 	70 	1037
f 107 	1035 	1041
f 107 	1041 	1008
f 1073 	1070 	1061
f 1071 	1061 	1070
f 1074 	1073 	1061
f 1069 	323 	351
f 1079 	1125 	1081
f 1025 	1097 	1021
f 1069 	1282 	311
f 1089 	1087 	682
f 1091 	1069 	351
f 1100 	1282 	1069
f 1091 	1100 	1069
f 376 	1091 	351
f 1093 	1092 	739
f 658 	659 	1093
f 1101 	1178 	1102
f 1105 	1097 	1025
f 1104 	1178 	1106
f 1032 	1122 	1028
f 1109 	1178 	1110
f 1323 	1032 	1013
f 896 	887 	666
f 1113 	1178 	1115
f 1115 	1178 	1116
f 1116 	1178 	1118
f 1323 	973 	1032
f 1119 	1118 	1125
f 1120 	1119 	1125
f 1127 	894 	896
f 605 	1038 	603
f 606 	1038 	605
f 608 	1038 	606
f 609 	1038 	608
f 601 	603 	1038
f 1111 	1178 	1113
f 1125 	1118 	1178
f 1111 	1110 	1178
f 1178 	1109 	1107
f 1178 	1107 	1106
f 1102 	1178 	1104
f 659 	660 	1093
f 1386 	1130 	896
f 1027 	1066 	635
f 1082 	1081 	1125
f 1079 	1077 	1125
f 1077 	1078 	1125
f 1078 	1120 	1125
f 1129 	376 	396
f 739 	658 	1093
f 1092 	1089 	739
f 682 	738 	1089
f 738 	739 	1089
f 1087 	1086 	682
f 1061 	672 	1086
f 1085 	1061 	1086
f 1075 	1061 	1085
f 1075 	1074 	1061
f 682 	1086 	681
f 745 	746 	1061
f 1130 	1127 	896
f 1071 	1090 	1062
f 643 	684 	638
f 385 	165 	384
f 646 	643 	638
f 647 	646 	638
f 1129 	1091 	376
f 651 	649 	638
f 649 	647 	638
f 654 	651 	638
f 655 	654 	638
f 1129 	1135 	1091
f 1082 	1067 	1134
f 1135 	1100 	1091
f 1082 	1125 	1067
f 1062 	486 	1061
f 1071 	1062 	1061
f 663 	698 	626
f 1070 	1088 	1090
f 1070 	1090 	1071
f 626 	629 	663
f 1139 	1294 	1127
f 396 	1141 	1129
f 1073 	1095 	1088
f 1073 	1088 	1070
f 1074 	1099 	1095
f 1074 	1095 	1073
f 1139 	1127 	1130
f 1099 	1074 	1075
f 1099 	1075 	1103
f 678 	677 	638
f 630 	638 	629
f 1139 	1130 	840
f 677 	674 	638
f 1075 	1108 	1103
f 1141 	1143 	1129
f 1077 	1132 	1133
f 1077 	1133 	1078
f 844 	1213 	1139
f 1143 	1135 	1129
f 684 	683 	638
f 683 	678 	638
f 840 	844 	1139
f 1079 	1136 	1132
f 1079 	1132 	1077
f 1081 	1137 	1136
f 1081 	1136 	1079
f 1134 	1137 	1081
f 1134 	1081 	1082
f 622 	624 	686
f 1142 	1120 	1078
f 1142 	1078 	1133
f 1085 	1144 	1108
f 1085 	1108 	1075
f 688 	686 	624
f 941 	1058 	1141
f 1086 	1145 	1144
f 1086 	1144 	1085
f 689 	688 	624
f 1087 	1146 	1145
f 1087 	1145 	1086
f 1143 	1141 	1058
f 692 	691 	624
f 1089 	1147 	1146
f 1089 	1146 	1087
f 1151 	1122 	1032
f 1092 	1149 	1147
f 1092 	1147 	1089
f 1093 	1150 	1149
f 1093 	1149 	1092
f 1094 	1152 	1150
f 1094 	1150 	1093
f 694 	692 	626
f 624 	626 	692
f 1096 	1153 	1152
f 1096 	1152 	1094
f 1151 	1032 	973
f 1098 	1155 	1153
f 1098 	1153 	1096
f 698 	697 	626
f 697 	694 	626
f 1154 	573 	579
f 1098 	1156 	1155
f 656 	637 	700
f 1148 	1154 	1195
f 1101 	1157 	1156
f 1101 	1156 	1098
f 637 	702 	700
f 975 	1151 	973
f 348 	111 	346
f 1102 	1158 	1157
f 1102 	1157 	1101
f 111 	348 	349
f 1158 	1102 	1104
f 1158 	1104 	1160
f 703 	702 	637
f 1154 	1148 	573
f 1161 	1159 	1151
f 349 	352 	114
f 1106 	1162 	1160
f 1106 	1160 	1104
f 704 	703 	637
f 353 	116 	352
f 1107 	1164 	1162
f 1107 	1162 	1106
f 706 	704 	637
f 1058 	1332 	1143
f 709 	706 	637
f 1109 	1165 	1164
f 1109 	1164 	1107
f 579 	1163 	1154
f 1110 	1166 	1165
f 1110 	1165 	1109
f 710 	709 	637
f 1111 	1168 	1166
f 1111 	1166 	1110
f 740 	1163 	579
f 1113 	1169 	1168
f 1113 	1168 	1111
f 1159 	1122 	1151
f 1170 	1200 	1163
f 711 	710 	637
f 1113 	1171 	1169
f 713 	711 	637
f 1171 	1113 	1115
f 713 	637 	715
f 715 	637 	717
f 1171 	1115 	1116
f 1171 	1116 	1172
f 1170 	1163 	740
f 1172 	1116 	1118
f 1172 	1118 	1173
f 717 	637 	718
f 1173 	1118 	1119
f 1173 	1119 	1174
f 744 	1170 	740
f 719 	718 	619
f 1120 	1175 	1174
f 1120 	1174 	1119
f 752 	1170 	744
f 975 	1161 	1151
f 1120 	1142 	1175
f 134 	599 	1177
f 1176 	1177 	599
f 1038 	1176 	599
f 153 	152 	370
f 1176 	1178 	1177
f 153 	370 	372
f 1161 	978 	1183
f 752 	1209 	1170
f 774 	776 	1178
f 780 	781 	1178
f 107 	134 	1035
f 1179 	1097 	1105
f 159 	375 	378
f 1063 	1178 	1176
f 1038 	1063 	1176
f 1180 	1159 	1161
f 1067 	1125 	1063
f 1178 	1063 	1125
f 1105 	1181 	1179
f 108 	134 	107
f 1183 	1180 	1161
f 1182 	1306 	861
f 1183 	1399 	1180
f 721 	719 	620
f 619 	620 	719
f 1184 	151 	1185
f 1183 	978 	1330
f 1185 	1186 	1184
f 1182 	861 	865
f 723 	721 	620
f 1348 	1399 	1183
f 502 	1080 	1083
f 729 	728 	621
f 1186 	1193 	1184
f 730 	729 	621
f 1084 	502 	1083
f 1183 	1330 	1348
f 1148 	1187 	871
f 732 	730 	621
f 1190 	1188 	1181
f 621 	622 	733
f 734 	733 	622
f 1188 	1179 	1181
f 1192 	1184 	1193
f 1187 	1182 	871
f 620 	621 	726
f 726 	723 	620
f 616 	619 	637
f 619 	718 	637
f 256 	1191 	1194
f 1194 	1189 	256
f 1193 	1196 	1192
f 1148 	1195 	1187
f 691 	689 	624
f 686 	687 	622
f 687 	735 	622
f 735 	734 	622
f 733 	732 	621
f 1196 	1197 	1192
f 616 	637 	613
f 728 	726 	621
f 1058 	981 	1167
f 980 	1322 	981
f 1163 	1198 	1154
f 629 	638 	674
f 674 	669 	629
f 669 	667 	629
f 667 	663 	629
f 631 	638 	630
f 634 	638 	631
f 637 	656 	638
f 656 	655 	638
f 1066 	638 	635
f 524 	519 	1124
f 980 	1325 	1322
f 7 	8 	1202
f 1199 	1202 	8
f 637 	1038 	611
f 611 	613 	637
f 1198 	1195 	1154
f 609 	611 	1038
f 599 	601 	1038
f 1202 	1201 	7
f 634 	635 	638
f 1066 	1027 	1029
f 1066 	1029 	1030
f 1066 	1030 	1031
f 1066 	1031 	1033
f 1066 	1033 	1034
f 1036 	1043 	1066
f 1034 	1036 	1066
f 1043 	1046 	1066
f 1046 	1048 	1066
f 1199 	1197 	1202
f 163 	381 	164
f 1068 	1059 	1072
f 1197 	1196 	1203
f 1201 	1202 	1203
f 1060 	1083 	1059
f 1072 	1059 	1076
f 1076 	1059 	1080
f 1062 	1090 	1060
f 1080 	1059 	1083
f 1083 	1060 	1084
f 388 	169 	387
f 1084 	1060 	1090
f 1167 	1332 	1058
f 632 	1203 	1204
f 1144 	545 	1108
f 1312 	1039 	923
f 1112 	1140 	1066
f 1206 	1204 	1193
f 1203 	1193 	1204
f 925 	1205 	922
f 1114 	1112 	1066
f 48 	312 	314
f 632 	1204 	1206
f 1205 	923 	922
f 1114 	1066 	1117
f 1121 	1117 	1066
f 48 	314 	316
f 1123 	1121 	1066
f 1124 	1123 	1066
f 320 	72 	319
f 1163 	1200 	1198
f 1205 	1207 	923
f 972 	1208 	920
f 1126 	1066 	1128
f 325 	80 	326
f 1131 	1128 	1059
f 1068 	1131 	1059
f 1208 	974 	1012
f 325 	327 	80
f 1170 	1209 	1200
f 1210 	1205 	925
f 1067 	1140 	1138
f 1067 	1138 	1134
f 1211 	1207 	1205
f 929 	920 	1208
f 1067 	1066 	1140
f 1202 	1197 	1203
f 752 	1375 	1209
f 95 	93 	336
f 1205 	1210 	1211
f 336 	338 	95
f 446 	437 	1193
f 1126 	1124 	1066
f 1059 	1128 	1066
f 1048 	1052 	1066
f 1052 	1054 	1066
f 1054 	1055 	1066
f 104 	341 	343
f 1055 	1057 	1066
f 1059 	1066 	1057
f 104 	343 	346
f 1213 	1212 	1294
f 975 	973 	1212
f 929 	1215 	935
f 1012 	1021 	1215
f 1215 	929 	1208
f 1215 	1208 	1012
f 1219 	1214 	979
f 1217 	935 	1215
f 1216 	1211 	1210
f 363 	72 	320
f 570 	1168 	1169
f 1210 	1220 	1216
f 1218 	978 	975
f 570 	1169 	1171
f 1221 	1218 	1213
f 1217 	1215 	1021
f 1189 	1194 	1406
f 1218 	975 	1212
f 1406 	1404 	1189
f 1218 	1212 	1213
f 1021 	1097 	1217
f 368 	152 	367
f 1222 	940 	1217
f 370 	152 	368
f 581 	1220 	15
f 940 	935 	1217
f 1221 	1226 	1218
f 1222 	1217 	1097
f 844 	1221 	1213
f 965 	940 	1222
f 978 	1218 	1226
f 1179 	1222 	1097
f 844 	854 	1221
f 381 	163 	379
f 1210 	15 	1220
f 1188 	1225 	1179
f 382 	164 	381
f 1227 	1228 	1219
f 164 	382 	384
f 965 	1222 	1225
f 1233 	1368 	1232
f 1234 	1368 	1233
f 1231 	1232 	1368
f 1235 	1368 	1234
f 1236 	1368 	1235
f 1237 	1368 	1236
f 1238 	1368 	1237
f 1239 	1368 	1238
f 1240 	1368 	1239
f 1241 	1368 	1240
f 1242 	1368 	1241
f 1228 	1368 	1242
f 1227 	1368 	1228
f 62 	1231 	1368
f 1225 	1222 	1179
f 861 	1229 	854
f 168 	386 	387
f 1243 	1230 	1220
f 968 	965 	1225
f 1229 	1226 	1221
f 1244 	1227 	979
f 993 	1244 	979
f 1219 	979 	1227
f 1188 	1245 	1225
f 1230 	1216 	1220
f 1368 	1227 	1244
f 1368 	1244 	993
f 993 	992 	1368
f 1088 	504 	1090
f 1229 	1221 	854
f 186 	411 	170
f 1247 	1214 	1246
f 1225 	1245 	968
f 393 	171 	392
f 170 	392 	171
f 1245 	970 	968
f 393 	175 	171
f 1249 	1245 	1188
f 1246 	1250 	1008
f 107 	1008 	1248
f 1250 	1251 	1008
f 1251 	1252 	1008
f 1252 	1253 	1008
f 1253 	1254 	1008
f 1254 	1255 	1008
f 1255 	1256 	1008
f 1256 	1258 	1008
f 1258 	1259 	1008
f 1259 	1260 	1008
f 1260 	1261 	1008
f 1248 	1008 	1261
f 397 	399 	177
f 1243 	1220 	581
f 400 	179 	178
f 246 	1214 	1262
f 1006 	246 	1007
f 1262 	1007 	246
f 1247 	1262 	1214
f 180 	179 	400
f 438 	209 	180
f 627 	1243 	581
f 1263 	74 	49
f 1223 	1224 	1191
f 404 	407 	183
f 49 	1257 	1263
f 26 	1230 	1243
f 184 	409 	185
f 186 	185 	411
f 409 	411 	185
f 392 	170 	411
f 1224 	1194 	1191
f 1190 	1264 	1249
f 415 	191 	413
f 188 	413 	191
f 1185 	1266 	544
f 1193 	1203 	1196
f 1267 	115 	544
f 1271 	970 	1245
f 191 	415 	193
f 1243 	737 	26
f 737 	57 	26
f 1267 	1266 	151
f 1268 	1409 	1224
f 151 	105 	1267
f 1263 	1191 	74
f 420 	197 	195
f 1247 	1246 	1008
f 1262 	1247 	1008
f 1007 	1262 	1008
f 1249 	1188 	1190
f 198 	425 	428
f 198 	428 	199
f 429 	200 	428
f 199 	428 	200
f 1271 	1245 	1249
f 1272 	1270 	1257
f 429 	203 	200
f 863 	1269 	855
f 1223 	1191 	1263
f 1266 	1267 	544
f 115 	106 	544
f 556 	544 	106
f 106 	67 	208
f 1270 	1223 	1263
f 1273 	1274 	1275
f 1270 	1263 	1257
f 1345 	1271 	1279
f 188 	207 	413
f 1265 	1223 	1270
f 855 	1269 	1291
f 209 	438 	210
f 439 	210 	438
f 440 	212 	210
f 440 	210 	439
f 1272 	1257 	881
f 1278 	1276 	224
f 1231 	100 	1248
f 212 	440 	213
f 441 	213 	440
f 1274 	1278 	1275
f 224 	1275 	1278
f 213 	441 	214
f 442 	214 	441
f 1281 	1270 	1272
f 443 	215 	214
f 442 	443 	214
f 863 	1277 	1269
f 881 	886 	1272
f 1276 	1280 	224
f 237 	224 	1280
f 1280 	241 	237
f 107 	1248 	100
f 1281 	1265 	1270
f 1277 	863 	311
f 241 	1280 	106
f 1280 	1276 	106
f 1278 	106 	1276
f 1278 	1274 	106
f 1273 	106 	1274
f 1283 	1281 	1272
f 311 	1282 	1277
f 1282 	1284 	1277
f 1206 	1193 	437
f 524 	1124 	1126
f 471 	453 	1193
f 1186 	1185 	544
f 1234 	1259 	1258
f 1279 	1298 	226
f 1193 	1186 	544
f 1219 	1246 	1214
f 857 	571 	1285
f 1286 	1271 	1249
f 1283 	1272 	886
f 216 	215 	443
f 1234 	1260 	1259
f 445 	217 	216
f 1362 	1282 	1100
f 1231 	1248 	1261
f 445 	455 	217
f 1284 	1282 	1362
f 1281 	1283 	1287
f 219 	217 	455
f 1250 	1241 	1251
f 219 	455 	221
f 457 	221 	455
f 1252 	1251 	1241
f 894 	1127 	1289
f 221 	457 	222
f 458 	223 	222
f 1138 	1140 	540
f 223 	465 	225
f 465 	227 	225
f 1289 	1283 	894
f 1268 	1224 	1223
f 469 	229 	227
f 874 	494 	867
f 1301 	1281 	1287
f 278 	857 	1288
f 1285 	1288 	857
f 469 	470 	229
f 230 	229 	470
f 1133 	532 	1142
f 1223 	1265 	1268
f 470 	231 	230
f 494 	454 	867
f 512 	514 	232
f 233 	232 	514
f 1301 	1265 	1281
f 571 	106 	1285
f 1290 	537 	494
f 514 	235 	233
f 550 	537 	1290
f 1291 	1290 	874
f 1289 	1287 	1283
f 238 	520 	239
f 1238 	1255 	1254
f 1297 	1295 	106
f 1293 	1287 	1289
f 1288 	1292 	278
f 553 	552 	1150
f 1290 	494 	874
f 1292 	1295 	278
f 1293 	1323 	1287
f 1152 	554 	1150
f 195 	242 	420
f 1288 	106 	1292
f 1286 	1249 	1264
f 1286 	1279 	1271
f 1294 	1212 	1293
f 1295 	323 	278
f 809 	1286 	1264
f 1296 	550 	1290
f 1294 	1293 	1289
f 1295 	1292 	106
f 1250 	1242 	1241
f 1293 	1212 	973
f 1294 	1289 	1127
f 1254 	1253 	1238
f 323 	1295 	1297
f 1296 	1290 	1291
f 1235 	1258 	1256
f 1258 	1235 	1234
f 1269 	1296 	1291
f 1139 	1213 	1294
f 809 	818 	1298
f 1265 	1304 	1268
f 1298 	1279 	1286
f 1265 	1301 	1304
f 1298 	1286 	809
f 1297 	106 	1300
f 1302 	226 	1298
f 1305 	351 	1299
f 1302 	244 	226
f 1326 	1226 	1229
f 1302 	1298 	818
f 1242 	1250 	1246
f 1299 	1307 	1305
f 1277 	1303 	1269
f 825 	1302 	818
f 1307 	1299 	106
f 1307 	1308 	1305
f 1260 	1232 	1261
f 1296 	1269 	1303
f 1300 	1299 	351
f 1232 	1231 	1261
f 1277 	1284 	1303
f 1306 	1229 	861
f 1308 	1273 	1305
f 1275 	1305 	1273
f 803 	876 	1309
f 376 	351 	1305
f 1361 	1303 	1284
f 1252 	1240 	1253
f 1305 	1275 	376
f 1238 	1253 	1239
f 1237 	1255 	1238
f 1236 	1256 	1237
f 1310 	1306 	1182
f 1299 	1300 	106
f 571 	563 	106
f 1288 	1285 	106
f 1273 	1308 	106
f 1308 	1307 	106
f 1311 	91 	119
f 1256 	1236 	1235
f 1266 	1185 	151
f 1310 	1182 	1187
f 1131 	1068 	530
f 1314 	151 	1184
f 253 	151 	1314
f 496 	493 	1072
f 1311 	1309 	91
f 922 	938 	253
f 1252 	1241 	1240
f 497 	496 	1076
f 1309 	831 	803
f 1314 	922 	253
f 1239 	1253 	1240
f 1315 	1310 	1187
f 1184 	1192 	1316
f 1195 	1315 	1187
f 831 	1309 	1311
f 1255 	1237 	1256
f 1316 	1314 	1184
f 1207 	1312 	923
f 1318 	1313 	1312
f 1260 	1234 	1233
f 838 	831 	1311
f 925 	1314 	1316
f 1318 	597 	1313
f 1233 	1232 	1260
f 1198 	1317 	1195
f 1319 	838 	1311
f 925 	922 	1314
f 1312 	1207 	1318
f 1192 	8 	1316
f 1313 	597 	584
f 1319 	1311 	119
f 1228 	1246 	1219
f 1099 	506 	1095
f 1242 	1246 	1228
f 1317 	1315 	1195
f 8 	1197 	1199
f 119 	1320 	1319
f 100 	99 	107
f 108 	107 	99
f 610 	1207 	1211
f 1192 	1197 	8
f 545 	507 	1108
f 1318 	1207 	610
f 8 	15 	1316
f 161 	1320 	113
f 1200 	1321 	1198
f 1322 	1167 	981
f 846 	838 	1319
f 15 	925 	1316
f 1321 	1317 	1198
f 1322 	1339 	1167
f 1301 	1287 	1323
f 1117 	1121 	516
f 1320 	119 	113
f 1200 	247 	1321
f 1210 	925 	15
f 1324 	846 	1319
f 247 	252 	1321
f 1123 	519 	1121
f 516 	1121 	519
f 1013 	1010 	1304
f 1167 	1339 	1340
f 1123 	1124 	519
f 1301 	1323 	1013
f 1324 	1319 	1320
f 1226 	1326 	1330
f 882 	846 	1324
f 1327 	1324 	1320
f 1128 	528 	1126
f 1301 	1013 	1304
f 1306 	1326 	1229
f 1293 	973 	1323
f 528 	1128 	530
f 1039 	1328 	996
f 161 	1327 	1320
f 493 	530 	1068
f 1328 	1325 	996
f 1310 	1329 	1306
f 1226 	1330 	978
f 1328 	1346 	1325
f 972 	1327 	161
f 1039 	1312 	1328
f 1312 	1313 	1328
f 1326 	1306 	1329
f 1313 	1346 	1328
f 1138 	539 	1134
f 1326 	1331 	1330
f 1334 	1324 	1327
f 1329 	1331 	1326
f 972 	920 	1327
f 540 	1140 	1112
f 1315 	1333 	1310
f 1327 	920 	1334
f 1331 	1329 	1335
f 1335 	1329 	1333
f 1334 	882 	1324
f 1349 	1331 	1335
f 1333 	1329 	1310
f 927 	885 	1334
f 920 	927 	1334
f 1340 	1350 	1332
f 1335 	1333 	1336
f 1337 	1336 	1333
f 1332 	1167 	1340
f 899 	891 	967
f 1147 	551 	1146
f 1338 	906 	899
f 1337 	1333 	1315
f 970 	1338 	968
f 552 	551 	1149
f 1339 	779 	1340
f 1338 	899 	967
f 1317 	1337 	1315
f 779 	782 	1340
f 1338 	967 	968
f 1343 	1341 	1337
f 1336 	1337 	1341
f 1342 	1322 	1325
f 554 	1152 	1153
f 1344 	906 	1338
f 1339 	1322 	1342
f 1337 	1317 	1343
f 1344 	1338 	970
f 1336 	1341 	1357
f 1321 	1343 	1317
f 1157 	560 	1156
f 1342 	785 	1339
f 1360 	1357 	1341
f 785 	779 	1339
f 1321 	252 	1343
f 906 	1344 	913
f 1346 	1342 	1325
f 1360 	1341 	414
f 252 	414 	1343
f 1158 	561 	1157
f 1341 	1343 	414
f 561 	1158 	1160
f 1347 	1359 	817
f 1346 	695 	1342
f 565 	1160 	1162
f 1345 	1344 	970
f 1347 	18 	1359
f 695 	785 	1342
f 913 	1344 	1351
f 875 	771 	602
f 565 	1162 	1164
f 875 	1347 	771
f 1351 	1344 	1345
f 1331 	1348 	1330
f 584 	695 	1346
f 49 	1347 	875
f 49 	18 	1347
f 1313 	584 	1346
f 1349 	61 	1348
f 1271 	1345 	970
f 875 	1257 	49
f 61 	1399 	1348
f 1352 	1353 	807
f 1168 	569 	1166
f 1354 	1351 	1345
f 140 	61 	1349
f 570 	569 	1168
f 1331 	1349 	1348
f 804 	1352 	807
f 1351 	1358 	917
f 1355 	140 	1349
f 917 	913 	1351
f 1352 	126 	1353
f 1336 	1355 	1335
f 135 	1353 	126
f 792 	1380 	1350
f 226 	1354 	1279
f 810 	1356 	804
f 575 	1173 	1174
f 1356 	1352 	804
f 1340 	782 	1350
f 1355 	1349 	1335
f 145 	126 	1352
f 162 	140 	1355
f 1358 	1351 	1354
f 1355 	1357 	162
f 1350 	782 	792
f 1354 	1345 	1279
f 1336 	1357 	1355
f 145 	1352 	1356
f 1296 	1303 	708
f 1354 	254 	1358
f 708 	550 	1296
f 155 	145 	1356
f 1361 	708 	1303
f 254 	42 	1358
f 181 	162 	1357
f 1359 	155 	1356
f 1084 	503 	502
f 1361 	716 	708
f 1357 	1360 	181
f 917 	1358 	850
f 1360 	414 	423
f 155 	1359 	18
f 1084 	1090 	503
f 254 	1354 	226
f 204 	181 	1360
f 505 	504 	1095
f 850 	1358 	42
f 1284 	1362 	1363
f 99 	101 	108
f 68 	481 	108
f 483 	108 	482
f 485 	108 	483
f 254 	484 	42
f 505 	1095 	506
f 1366 	60 	59
f 1361 	1284 	1363
f 59 	58 	984
f 58 	56 	984
f 56 	54 	984
f 54 	53 	984
f 53 	35 	984
f 35 	28 	984
f 28 	27 	984
f 27 	1367 	984
f 1368 	984 	1367
f 1370 	63 	1369
f 1353 	823 	807
f 542 	60 	1371
f 1366 	1371 	60
f 542 	1371 	1064
f 1353 	1364 	823
f 1363 	720 	1361
f 135 	173 	1364
f 1366 	59 	984
f 1371 	1366 	984
f 1065 	1064 	984
f 720 	716 	1361
f 135 	1364 	1353
f 1368 	1369 	63
f 1368 	63 	62
f 1100 	1135 	1373
f 1374 	1372 	1365
f 1200 	1209 	247
f 1064 	1371 	984
f 1372 	783 	764
f 830 	1375 	752
f 1372 	764 	1365
f 542 	1037 	60
f 257 	247 	1209
f 1373 	1362 	1100
f 1376 	1363 	1362
f 1209 	1375 	257
f 1390 	1372 	1374
f 1375 	830 	1377
f 833 	1377 	830
f 1377 	308 	1375
f 308 	257 	1375
f 833 	836 	1378
f 84 	28 	87
f 1376 	1362 	1373
f 89 	87 	35
f 28 	35 	87
f 1378 	1377 	833
f 35 	53 	90
f 35 	90 	89
f 333 	1377 	1378
f 1376 	727 	1363
f 53 	92 	90
f 798 	1372 	1390
f 92 	56 	94
f 727 	720 	1363
f 69 	94 	58
f 56 	58 	94
f 1378 	1364 	173
f 1135 	1379 	1373
f 59 	60 	97
f 70 	97 	60
f 173 	333 	1378
f 1379 	1380 	1373
f 533 	1133 	1132
f 69 	58 	97
f 59 	97 	58
f 62 	101 	100
f 100 	1231 	62
f 1136 	534 	1132
f 102 	101 	62
f 1135 	1143 	1379
f 102 	63 	75
f 536 	534 	1137
f 1409 	1268 	1382
f 102 	62 	63
f 1370 	75 	63
f 1137 	1134 	536
f 76 	75 	1370
f 1373 	1380 	1376
f 1370 	1369 	77
f 1370 	77 	76
f 1382 	1381 	1409
f 835 	727 	1376
f 81 	77 	1368
f 1369 	1368 	77
f 1368 	1367 	82
f 1368 	82 	81
f 84 	82 	27
f 1367 	27 	82
f 1383 	1391 	1381
f 1382 	1383 	1381
f 1380 	835 	1376
f 1143 	1332 	1379
f 1304 	1382 	1268
f 1350 	1380 	1379
f 1147 	1149 	551
f 1010 	1383 	1382
f 1350 	1379 	1332
f 1149 	1150 	552
f 792 	835 	1380
f 553 	1150 	554
f 1304 	1010 	1382
f 1392 	1383 	1385
f 1384 	610 	1211
f 1385 	1010 	1028
f 666 	1384 	1386
f 1216 	1384 	1211
f 1385 	1383 	1010
f 1387 	1386 	1384
f 1388 	1385 	1028
f 1028 	1122 	1388
f 1384 	1216 	1387
f 1230 	1387 	1216
f 218 	1130 	1386
f 1122 	1159 	1389
f 1386 	1387 	218
f 570 	1171 	572
f 16 	218 	1387
f 1122 	1389 	1388
f 572 	1171 	1172
f 1230 	16 	1387
f 1172 	1173 	575
f 1396 	1389 	1159
f 1230 	26 	16
f 1390 	1025 	798
f 1374 	1381 	1390
f 1068 	1072 	493
f 1072 	1076 	496
f 497 	1076 	1080
f 1390 	1391 	1025
f 506 	1099 	1103
f 1390 	1381 	1391
f 1391 	1392 	1105
f 1105 	1025 	1391
f 1383 	1392 	1391
f 1392 	1181 	1105
f 524 	1126 	527
f 527 	1126 	528
f 1131 	530 	1128
f 1393 	1190 	1181
f 1388 	1393 	1385
f 533 	1132 	534
f 1392 	1393 	1181
f 1136 	1137 	534
f 536 	1134 	539
f 1138 	540 	539
f 1393 	1392 	1385
f 1394 	1190 	1393
f 545 	1144 	1145
f 1394 	1393 	1388
f 1394 	1264 	1190
f 1388 	1389 	1394
f 1153 	555 	554
f 1153 	1155 	555
f 557 	555 	1155
f 1155 	1156 	557
f 560 	557 	1156
f 560 	1157 	561
f 564 	561 	1160
f 565 	564 	1160
f 567 	566 	1165
f 1166 	568 	1165
f 1396 	1395 	1389
f 1264 	1394 	1395
f 1394 	1389 	1395
f 809 	1264 	1395
f 1397 	818 	809
f 497 	1080 	499
f 502 	499 	1080
f 503 	1090 	504
f 1180 	1396 	1159
f 1088 	1095 	504
f 1397 	809 	1395
f 506 	1103 	507
f 1396 	1397 	1395
f 1103 	1108 	507
f 1114 	510 	1112
f 508 	1112 	510
f 510 	1114 	1117
f 510 	1117 	513
f 513 	1117 	516
f 1400 	818 	1397
f 1180 	1399 	1398
f 1398 	1397 	1396
f 1133 	533 	532
f 1398 	1396 	1180
f 540 	1112 	508
f 580 	1142 	532
f 1175 	1142 	580
f 1145 	547 	545
f 1400 	1397 	1398
f 547 	1145 	549
f 1146 	549 	1145
f 551 	549 	1146
f 1401 	1400 	1398
f 1164 	566 	565
f 1164 	1165 	566
f 567 	1165 	568
f 1401 	1398 	1399
f 1166 	569 	568
f 1399 	61 	1401
f 828 	1400 	1401
f 572 	1172 	574
f 574 	1172 	575
f 575 	1174 	578
f 1175 	580 	1174
f 578 	1174 	580
f 140 	1402 	61
f 1402 	828 	1401
f 1402 	1401 	61
f 828 	1402 	832
f 140 	157 	1402
f 1404 	250 	1189
f 1404 	1403 	250
f 1404 	1405 	1403
f 1405 	851 	1403
f 1405 	856 	851
f 1404 	1407 	1405
f 712 	1405 	1407
f 1406 	1407 	1404
f 1365 	764 	1407
f 764 	712 	1407
f 1224 	1408 	1194
f 1365 	1407 	1406
f 1408 	1365 	1406
f 1408 	1406 	1194
f 1374 	1365 	1408
f 1409 	1381 	1374
f 1409 	1374 	1408
f 1224 	1409 	1408
# 2838 faces

 #end of obj_0

o obj_1
v 264.61 		135.8042 		7.1391
v 260.6833 		137.0009 		0.0104
v 257.6068 		137.2859 		4.4699
v 263.9999 		135.3448 		7.1381
v 265.7541 		142.812 		3.5991
v 260.6 		136.9273 		0.0103
v 259.4083 		144.2079 		7.1697
v 259.0744 		144.1557 		7.1696
v 264.6063 		142.6069 		3.5976
v 204.6183 		145.4277 		7.1696
v 205.1831 		145.3528 		7.1695
v 264.5111 		142.4795 		3.5973
v 205.7516 		145.3209 		7.1694
v 264.5164 		142.4965 		4.4893
v 264.5977 		136.0721 		3.5736
v 259.9132 		144.1931 		7.1697
v 260.5791 		136.8187 		0.01
v 256.0736 		138.3267 		4.473
v 256.0612 		138.2459 		4.4728
v 264.2074 		137.4375 		7.1455
v 264.0725 		137.6198 		7.1459
v 264.5567 		142.5708 		3.5975
v 264.5021 		136.6702 		7.1429
v 203.515 		145.7079 		7.1711
v 258.5901 		146.6667 		0.0459
v 258.7516 		144.0563 		7.1694
v 204.0612 		145.5464 		7.1698
v 257.5375 		137.273 		3.5778
v 257.6278 		137.2885 		3.5779
v 258.6608 		146.8255 		0.0463
v 265.4065 		144.8547 		7.1724
v 264.3589 		137.1248 		7.1439
v 266.3659 		144.812 		7.1724
v 266.8559 		144.6945 		7.1722
v 264.5708 		136.308 		7.1411
v 265.8798 		144.8685 		7.1725
v 258.3045 		143.822 		7.1679
v 261.6934 		143.043 		7.1654
v 263.4317 		138.6701 		7.1501
v 256.073 		138.2886 		3.5819
v 256.0634 		138.3708 		3.5821
v 261.0071 		143.78 		7.1679
v 263.2847 		138.4437 		7.1486
v 260.7171 		143.9531 		7.1683
v 260.4064 		144.0855 		7.1695
v 264.9655 		144.7443 		7.1722
v 264.4744 		136.8013 		3.5772
v 263.7605 		139.1165 		7.1511
v 258.0143 		146.4585 		7.1775
v 202.9824 		145.9112 		7.1715
v 258.6809 		135.7865 		0.0067
v 264.1453 		137.5462 		3.5798
v 258.5551 		146.6171 		7.1778
v 258.687 		135.5614 		0.0052
v 258.7271 		135.3347 		0.0048
v 264.073 		137.6451 		0.013
v 264.6106 		135.8304 		0.0071
v 204.0618 		145.5726 		0.0379
v 204.6188 		145.4539 		0.0366
v 264.1525 		146.5334 		3.6119
v 258.8763 		134.885 		0.0028
v 264.5305 		136.5769 		0.0097
v 205.7521 		145.3462 		0.0365
v 259.0366 		134.5552 		0.0021
v 205.1836 		145.378 		0.0365
v 266.6113 		144.7734 		3.6053
v 261.6313 		146.3155 		7.1774
v 265.8801 		144.8811 		3.6065
v 261.7819 		146.4079 		7.1776
v 261.7603 		146.3733 		7.1775
v 265.4068 		144.8673 		3.6064
v 263.2922 		138.4103 		5.3656
v 265.0705 		144.7981 		3.6053
v 264.4036 		137.0422 		0.0117
v 258.5926 		146.6461 		4.5039
v 258.6588 		146.7635 		0.0461
v 264.2611 		137.3617 		0.0124
v 258.5926 		146.6432 		5.3949
v 264.2321 		146.7404 		7.1794
v 264.1455 		137.5588 		0.0128
v 263.2871 		138.4055 		6.2576
v 264.3433 		147.2095 		7.1804
v 264.3973 		147.9587 		7.184
v 258.8322 		136.8403 		2.685
v 258.7629 		136.9386 		2.6852
v 264.0005 		135.371 		0.0051
v 263.2998 		138.5073 		6.2578
v 203.5155 		145.7341 		0.0382
v 258.763 		136.9425 		1.7932
v 258.7278 		148.9526 		0.0538
v 202.983 		145.9364 		0.0386
v 259.1022 		149.6042 		0.0562
v 257.5025 		142.9698 		7.165
v 257.7967 		143.3808 		7.1669
v 261.7452 		146.3625 		6.2865
v 261.6315 		146.3224 		5.3944
v 261.6114 		146.3198 		6.2854
v 259.8646 		149.618 		0.0563
v 258.8363 		136.788 		0.0099
v 258.818 		136.8854 		0.9021
v 258.7947 		136.9217 		0.0102
v 258.7631 		136.9454 		0.9022
v 256.8341 		147.2573 		0.0481
v 258.3519 		137.0534 		0.0104
v 264.0211 		139.497 		7.1529
v 260.8866 		146.5655 		7.1779
v 256.6961 		147.4357 		0.0485
v 256.4381 		147.6673 		0.049
v 267.1049 		143.9983 		0.0367
v 201.055 		147.1108 		7.176
v 264.0213 		139.5028 		5.3699
v 201.9724 		146.4368 		7.1736
v 201.5009 		146.756 		7.1743
v 256.0397 		147.9312 		0.0505
v 266.2564 		143.1089 		0.0337
v 263.9706 		139.4677 		5.3699
v 266.791 		143.6027 		0.0348
v 263.9868 		139.4775 		6.2609
v 202.4676 		146.1541 		7.172
v 257.0265 		136.2924 		0.0077
v 266.9536 		139.154 		7.1523
v 267.1763 		139.8842 		7.1549
v 254.845 		135.888 		7.1388
v 254.8416 		135.633 		7.1382
v 255.8191 		135.3632 		0.0047
v 266.5887 		139.0483 		7.1511
v 264.529 		142.5311 		2.7064
v 254.8956 		136.3822 		7.1408
v 264.5113 		142.4863 		1.8143
v 255.466 		135.1951 		7.1363
v 256.152 		135.5285 		0.005
v 264.5219 		142.5262 		1.8144
v 256.4575 		135.7232 		0.0055
v 264.1611 		139.4946 		7.1529
v 256.7343 		135.9434 		0.007
v 256.8952 		136.1086 		0.0073
v 257.4906 		146.2505 		7.177
v 257.4085 		146.246 		7.177
v 257.3351 		146.2812 		7.1771
v 257.2959 		146.3289 		7.1772
v 265.6458 		142.7935 		0.032
v 264.0214 		139.5096 		3.5869
v 265.8591 		142.8688 		0.0322
v 263.987 		139.4843 		4.4779
v 263.9708 		139.4745 		3.5869
v 264.1611 		139.4946 		7.1529
v 255.3145 		137.4661 		7.1452
v 264.1611 		139.4946 		7.1529
v 264.1611 		139.4946 		7.1529
v 255.0058 		136.8514 		7.1428
v 265.0653 		139.0378 		7.151
v 265.396 		138.958 		7.1508
v 265.7446 		138.934 		7.1508
v 264.5713 		142.5991 		0.0316
v 255.2161 		137.3278 		7.1439
v 199.4435 		147.3819 		7.1755
v 199.8684 		147.3745 		7.1755
v 256.0635 		138.3766 		1.7991
v 199.4435 		147.3819 		7.1765
v 264.511 		142.4711 		0.0313
v 198.8686 		147.3919 		7.1755
v 256.0614 		138.2556 		1.7979
v 198.8686 		147.3919 		7.1765
v 257.3886 		146.2532 		6.285
v 199.8684 		147.3745 		7.1765
v 264.1224 		139.5121 		6.261
v 256.0755 		138.3164 		1.798
v 200.6377 		147.4992 		7.1768
v 255.2164 		137.3414 		3.5779
v 255.9532 		145.1481 		7.1726
v 255.046 		136.9743 		3.5771
v 199.878 		147.9244 		7.1777
v 265.2815 		138.9866 		3.5849
v 199.8945 		148.8753 		7.1807
v 199.8946 		148.8825 		5.1407
v 199.8781 		147.9319 		5.1387
v 264.6468 		142.6318 		0.0316
v 199.878 		147.9244 		7.1787
v 256.0558 		138.3928 		2.6902
v 200.2519 		147.9179 		7.1787
v 261.6316 		146.3292 		3.6114
v 257.4565 		137.21 		0.0117
v 261.6115 		146.3266 		4.5024
v 257.607 		137.2985 		0.9029
v 257.8268 		137.2276 		0.0118
v 257.5861 		137.3028 		0.0119
v 199.453 		147.9318 		7.1777
v 199.4696 		148.8827 		7.1807
v 199.4697 		148.8899 		5.1407
v 199.4532 		147.9393 		5.1387
v 199.453 		147.9318 		7.1787
v 257.5096 		137.2731 		0.0118
v 264.966 		144.7696 		0.0392
v 198.8781 		147.9418 		7.1777
v 266.8565 		144.7197 		0.0392
v 198.8946 		148.8927 		7.1807
v 198.8948 		148.8999 		5.1407
v 266.489 		144.8121 		0.0394
v 198.8783 		147.9493 		5.1387
v 198.8781 		147.9418 		7.1787
v 266.0012 		144.8846 		0.0395
v 255.4666 		135.2213 		0.0044
v 265.7449 		138.9466 		3.5848
v 265.5242 		144.8889 		0.0395
v 265.9831 		138.9584 		3.5849
v 255.9482 		145.2102 		7.1727
v 201.0555 		147.1371 		0.043
v 201.5014 		146.7813 		0.0413
v 262.0209 		142.0912 		7.1624
v 201.9729 		146.462 		0.0407
v 202.4681 		146.1804 		0.0391
v 266.0973 		140.8671 		7.158
v 262.4246 		147.5919 		7.1821
v 266.6729 		140.441 		7.1561
v 262.213 		147.3256 		7.1815
v 263.5342 		148.3068 		7.1847
v 263.0864 		148.0895 		7.1842
v 262.0242 		141.586 		7.1603
v 263.7718 		148.3966 		7.1849
v 264.3979 		147.9849 		0.051
v 264.2326 		146.7666 		0.0464
v 264.3438 		147.2357 		0.0484
v 262.7819 		147.8948 		7.1828
v 265.8383 		140.9886 		7.1582
v 265.6761 		141.0365 		7.1583
v 259.3739 		134 		7.133
v 260.1372 		134.0137 		7.133
v 259.1613 		134.3147 		7.1336
v 256.0011 		138.4685 		0.0153
v 256.0286 		138.21 		0.0148
v 260.1377 		134.039 		0.0001
v 256.0616 		138.2624 		0.0149
v 259.3744 		134.0262 		0
v 256.056 		138.4026 		0.0152
v 261.4451 		140.2079 		7.1553
v 260.9373 		139.7657 		7.1533
v 199.8689 		147.3997 		0.0435
v 200.6382 		147.5244 		0.0439
v 262.505 		136.2249 		7.1409
v 254.8421 		135.6593 		0.0053
v 262.7085 		136.0223 		7.1404
v 260.6415 		139.6018 		7.153
v 264.5299 		141.3184 		7.1598
v 254.8639 		136.164 		0.0073
v 262.893 		135.8781 		7.1401
v 264.5467 		141.8822 		7.162
v 260.3263 		139.4802 		7.1527
v 263.1988 		135.6877 		7.1388
v 199.8689 		147.3997 		0.0425
v 198.8691 		147.4171 		0.0435
v 199.444 		147.4071 		0.0435
v 199.444 		147.4071 		0.0425
v 260.43 		146.7115 		7.1791
v 198.8691 		147.4171 		0.0425
v 200.2524 		147.9441 		0.0457
v 255.9472 		145.205 		5.3897
v 260.4863 		146.6665 		7.179
v 199.8785 		147.9507 		0.0457
v 262.5425 		136.1948 		3.5748
v 255.9532 		145.152 		6.2816
v 256.4951 		138.4599 		0.0153
v 255.315 		137.4913 		0.0122
v 199.895 		148.9005 		0.0488
v 199.4701 		148.9079 		0.0487
v 199.4536 		147.958 		0.0457
v 255.1868 		137.3055 		0.0118
v 262.8016 		135.9633 		3.5733
v 260.4031 		146.83 		7.1794
v 198.8787 		147.968 		0.0457
v 255.0872 		137.0982 		0.0103
v 198.8952 		148.9179 		0.0487
v 255.9415 		145.11 		4.0525
v 255.9521 		145.1407 		3.6066
v 260.4764 		146.6755 		5.3951
v 260.4107 		146.7517 		6.2872
v 198.5132 		141.7363 		7.1564
v 260.4061 		146.7747 		5.3963
v 254.9433 		136.6466 		0.0094
v 255.9311 		145.2572 		4.4988
v 196.4568 		143.2882 		7.1616
v 260.4448 		146.6991 		6.2871
v 259.3246 		139.3926 		7.1525
v 263.305 		135.6405 		3.5727
v 257.9725 		140.0292 		7.1548
v 255.9484 		145.2199 		4.4977
v 258.9927 		139.4574 		7.1526
v 197.1133 		142.7327 		7.1595
v 263.3344 		138.3128 		7.1484
v 257.4087 		146.2586 		3.61
v 261.942 		137.2628 		7.1451
v 197.8004 		142.2157 		7.1574
v 264.6712 		141.1629 		7.1585
v 264.5947 		141.1933 		7.1586
v 262.4044 		136.3617 		7.1412
v 258.6735 		139.567 		7.1528
v 260.5585 		147.8314 		7.1825
v 260.5524 		148.0566 		7.184
v 260.4793 		148.3969 		7.1847
v 259.9979 		139.4049 		7.1525
v 255.4651 		144.4565 		7.1701
v 197.8009 		142.2409 		0.0244
v 254.3292 		144.4762 		7.1701
v 197.1138 		142.759 		0.0265
v 253.9818 		144.6237 		4.1704
v 253.9816 		144.6133 		7.1703
v 263.3082 		138.3539 		4.4734
v 254.1728 		144.5654 		4.1702
v 264.6127 		141.1898 		5.3756
v 264.5372 		141.2812 		6.2678
v 260.3622 		148.733 		7.1865
v 260.1427 		149.1708 		7.1874
v 258.6603 		146.7993 		7.1792
v 260.7704 		135.572 		7.1384
v 260.7693 		135.798 		7.1389
v 260.5576 		134.7775 		7.1357
v 258.6582 		146.7373 		7.1791
v 260.7095 		135.23 		7.1367
v 258.6229 		146.6639 		7.1779
v 260.4007 		134.4442 		7.134
v 196.4574 		143.3135 		0.0287
v 266.3932 		140.6846 		3.5906
v 260.5527 		148.0702 		3.617
v 258.3732 		139.7202 		7.1531
v 260.4476 		148.5231 		3.619
v 198.5137 		141.7615 		0.0234
v 258.6457 		146.7053 		5.395
v 258.6583 		146.7412 		6.2871
v 260.4245 		146.7373 		4.0582
v 260.6048 		134.9023 		3.5699
v 260.4934 		146.671 		3.6121
v 267.1769 		139.9104 		0.022
v 267.0173 		140.1082 		0.0224
v 258.4696 		147.7947 		7.1824
v 261.8682 		137.3331 		7.1452
v 258.5954 		148.5897 		7.1851
v 261.7282 		137.3356 		7.1452
v 198.4436 		147.3993 		7.1755
v 198.4436 		147.3993 		7.1765
v 258.4845 		148.1345 		7.1841
v 197.8687 		147.4093 		7.1755
v 197.8687 		147.4093 		7.1765
v 264.019 		144.2572 		1.8201
v 261.2236 		137.1333 		7.1437
v 263.9779 		144.254 		2.7121
v 266.9542 		139.1792 		0.0194
v 197.4438 		147.4167 		7.1755
v 197.4438 		147.4167 		7.1765
v 196.8689 		147.4267 		7.1755
v 196.8689 		147.4267 		7.1765
v 266.3463 		139.0217 		0.019
v 264.0399 		144.2559 		2.7121
v 194.68 		145.1544 		7.1685
v 263.9024 		144.2853 		2.7121
v 263.9381 		144.2676 		1.8201
v 254.9773 		146.2562 		7.1769
v 261.9187 		137.303 		5.3611
v 261.8683 		137.337 		6.2532
v 259.864 		149.5917 		7.1893
v 259.1017 		149.579 		7.1892
v 195.2377 		144.5006 		7.1661
v 255.841 		144.967 		7.1722
v 255.1654 		145.9729 		7.1753
v 195.831 		143.8772 		7.1638
v 258.8372 		149.1485 		7.1873
v 264.0784 		144.2809 		0.0371
v 254.7998 		146.6904 		7.1778
v 263.999 		144.2613 		0.0371
v 260.5786 		136.7925 		7.143
v 263.9026 		144.2921 		0.9291
v 263.9026 		144.295 		0.0371
v 196.4439 		147.4341 		7.1755
v 261.6488 		140.4774 		7.1559
v 196.4439 		147.4341 		7.1765
v 195.869 		147.4441 		7.1755
v 195.869 		147.4441 		7.1765
v 261.812 		140.7726 		7.1575
v 260.6149 		136.9279 		7.1433
v 261.9335 		141.0885 		7.1582
v 195.4441 		147.4515 		7.1755
v 195.4441 		147.4514 		7.1764
v 194.8692 		147.4614 		7.1754
v 194.8692 		147.4614 		7.1764
v 260.6828 		136.9747 		7.1434
v 265.0658 		139.063 		0.019
v 265.2818 		138.9992 		0.0189
v 193.6761 		146.5501 		7.1734
v 265.6272 		138.9642 		0.0179
v 194.1588 		145.8386 		7.1709
v 255.9044 		145.28 		7.1729
v 194.4442 		147.4688 		7.1754
v 194.4442 		147.4688 		7.1764
v 258.5007 		148.2619 		3.6173
v 258.4678 		148.0334 		3.6169
v 260.5798 		136.8613 		5.3601
v 193.4444 		147.4862 		7.1754
v 193.8693 		147.4788 		7.1754
v 193.4444 		147.4862 		7.1764
v 260.5934 		136.8971 		6.2512
v 258.4628 		147.9195 		3.6166
v 193.8693 		147.4788 		7.1764
v 263.9872 		139.494 		1.8029
v 260.6465 		136.9592 		6.2513
v 257.637 		140.4071 		7.1555
v 264.0217 		139.5222 		0.02
v 264.1227 		139.5248 		2.695
v 257.223 		141.5015 		7.1599
v 193.2329 		147.2869 		7.176
v 258.6232 		146.6765 		3.612
v 264.1617 		139.5208 		0.02
v 254.9243 		146.3708 		3.6111
v 263.2838 		138.4431 		1.7996
v 255.0941 		146.0718 		3.6095
v 198.4532 		147.9492 		7.1777
v 198.4697 		148.9001 		7.1807
v 198.4699 		148.9073 		5.1407
v 198.4533 		147.9567 		5.1387
v 198.4532 		147.9492 		7.1787
v 260.6466 		136.9621 		5.3603
v 197.8783 		147.9592 		7.1777
v 197.8948 		148.9101 		7.1807
v 197.895 		148.9173 		5.1407
v 258.6585 		146.7514 		3.3891
v 197.8784 		147.9667 		5.1387
v 197.8783 		147.9592 		7.1787
v 197.4533 		147.9666 		7.1777
v 197.4699 		148.9174 		7.1807
v 258.6606 		146.756 		4.9501
v 197.47 		148.9247 		5.1407
v 197.4535 		147.9741 		5.1387
v 197.4533 		147.9666 		7.1787
v 196.8784 		147.9766 		7.1776
v 196.895 		148.9274 		7.1807
v 196.8951 		148.9347 		5.1407
v 196.8786 		147.9841 		5.1387
v 196.8784 		147.9766 		7.1786
v 253.5753 		144.6574 		7.1704
v 253.3652 		144.655 		7.1704
v 265.9834 		138.971 		0.0179
v 258.6336 		148.7156 		3.6193
v 252.5075 		144.5079 		7.17
v 260.5799 		136.8646 		4.2451
v 252.9383 		144.6064 		7.1703
v 260.6019 		136.9218 		4.4683
v 196.4535 		147.984 		7.1776
v 196.47 		148.9348 		7.1807
v 196.4702 		148.942 		5.1407
v 256.613 		147.49 		7.1816
v 196.4536 		147.9915 		5.1386
v 196.4535 		147.984 		7.1786
v 256.245 		147.7794 		7.1822
v 195.8786 		147.994 		7.1776
v 195.8951 		148.9448 		7.1807
v 195.8953 		148.952 		5.1407
v 195.8787 		148.0015 		5.1386
v 195.8786 		147.994 		7.1786
v 195.4536 		148.0014 		7.1776
v 195.4702 		148.9522 		7.1807
v 195.4703 		148.9594 		5.1407
v 195.4538 		148.0089 		5.1386
v 256.8335 		147.2311 		7.1801
v 260.6629 		136.9777 		4.4684
v 195.4536 		148.0014 		7.1786
v 256.7701 		147.3242 		7.1803
v 194.8787 		148.0114 		7.1776
v 194.8953 		148.9622 		7.1806
v 194.8954 		148.9694 		5.1407
v 194.8789 		148.0189 		5.1386
v 257.3314 		141.0075 		7.1578
v 194.8787 		148.0114 		7.1786
v 257.2087 		142.0068 		7.1619
v 255.2379 		148.247 		7.1842
v 254.6289 		147.7875 		7.1821
v 256.7704 		147.3368 		3.6143
v 254.6681 		147.2838 		7.1801
v 256.6959 		147.4231 		3.6145
v 194.4538 		148.0188 		7.1776
v 194.467 		148.7816 		7.18
v 194.4539 		148.0225 		6.1626
v 255.7109 		148.0707 		7.1828
v 194.4538 		148.0187 		7.1786
v 256.5296 		147.582 		3.6148
v 193.8789 		148.0287 		7.1776
v 193.4539 		148.0361 		7.1776
v 193.8921 		148.7916 		7.18
v 193.4672 		148.799 		7.18
v 193.4539 		148.0361 		7.1786
v 193.454 		148.0399 		6.1626
v 192.83 		148.047 		7.1786
v 256.1454 		147.8588 		3.6164
v 193.8789 		148.0325 		6.1626
v 193.8789 		148.0287 		7.1786
v 266.6735 		140.4673 		0.0241
v 257.2616 		142.3409 		7.1627
v 266.4892 		140.6255 		0.0244
v 266.1977 		140.8306 		0.0249
v 194.4703 		148.9696 		7.1806
v 193.8954 		148.9796 		7.1806
v 193.4705 		148.987 		7.1806
v 263.1773 		145.375 		1.8244
v 263.2927 		138.4968 		0.9077
v 263.3126 		138.5474 		0.0168
v 263.6564 		138.9935 		0.0178
v 257.9689 		140.0505 		0.0218
v 258.2323 		139.8379 		0.0213
v 263.1752 		145.254 		1.8242
v 198.4441 		147.4245 		0.0435
v 263.2839 		138.4489 		0.0166
v 197.8692 		147.4345 		0.0435
v 198.4441 		147.4245 		0.0425
v 263.2998 		138.3857 		0.9075
v 197.8692 		147.4345 		0.0425
v 258.5213 		139.6649 		0.02
v 263.2999 		138.3896 		0.0165
v 197.4443 		147.4419 		0.0435
v 196.8694 		147.4519 		0.0435
v 197.4443 		147.4419 		0.0425
v 264.5376 		141.2967 		1.8098
v 258.9953 		139.4886 		0.0196
v 196.8694 		147.4519 		0.0425
v 263.1632 		145.3113 		2.7163
v 265.6767 		141.0627 		0.0263
v 265.8915 		140.9939 		0.0252
v 259.9148 		144.2253 		0.0368
v 195.8315 		143.9034 		0.0309
v 259.5771 		144.2432 		0.0368
v 195.2383 		144.5258 		0.0332
v 259.0768 		144.1759 		0.0366
v 194.6806 		145.1806 		0.0355
v 261.8505 		137.3502 		4.9162
v 264.5472 		141.9084 		0.0291
v 264.5304 		141.3446 		0.0269
v 259.4929 		139.4039 		0.0195
v 263.9872 		139.4969 		0.9119
v 264.6718 		141.1892 		0.0266
v 263.9588 		139.4703 		0.0198
v 258.597 		144.0162 		0.0363
v 264.5541 		141.2662 		0.0267
v 255.4656 		144.4817 		0.0371
v 260.5843 		136.888 		3.5772
v 260.6243 		136.9473 		3.5773
v 264.5953 		141.2195 		0.0266
v 254.3298 		144.5015 		0.0371
v 259.8311 		139.4101 		0.0195
v 263.5552 		144.7901 		0.0392
v 258.3021 		143.8523 		0.0359
v 195.8695 		147.4693 		0.0435
v 196.4444 		147.4593 		0.0435
v 196.4444 		147.4593 		0.0425
v 195.8695 		147.4693 		0.0425
v 258.0315 		143.649 		0.0345
v 263.1957 		145.2244 		0.0411
v 262.0307 		141.6111 		0.0273
v 195.4446 		147.4767 		0.0435
v 194.8697 		147.4867 		0.0435
v 195.4446 		147.4767 		0.0425
v 261.7888 		137.3641 		3.1333
v 194.8697 		147.4867 		0.0425
v 255.1659 		145.9981 		0.0433
v 255.905 		145.3052 		0.0409
v 262.0366 		141.9491 		0.029
v 254.8364 		146.602 		0.0456
v 263.2103 		145.4342 		0.0415
v 254.9246 		146.3844 		0.0442
v 262.5428 		136.2085 		0.0078
v 263.166 		145.3009 		0.0413
v 262.8936 		135.9043 		0.0072
v 258.0148 		146.4847 		0.0445
v 194.1594 		145.8648 		0.038
v 193.6767 		146.5763 		0.0405
v 263.1691 		145.3629 		0.0414
v 257.546 		140.575 		0.0239
v 257.3922 		140.8757 		0.0245
v 194.4448 		147.4941 		0.0435
v 257.7392 		140.2976 		0.0223
v 193.4449 		147.5114 		0.0435
v 193.8698 		147.5041 		0.0435
v 193.2334 		147.3131 		0.043
v 194.4448 		147.4941 		0.0425
v 193.4449 		147.5114 		0.0425
v 193.8698 		147.5041 		0.0425
v 257.7933 		143.4101 		0.0339
v 257.5906 		143.1406 		0.0324
v 257.3059 		142.5294 		0.031
v 263.1993 		135.713 		0.0068
v 260.164 		139.4623 		0.0196
v 257.2003 		141.8642 		0.0286
v 260.6401 		139.633 		0.02
v 198.4702 		148.9253 		0.0487
v 198.4537 		147.9754 		0.0457
v 257.2175 		141.5268 		0.0269
v 197.8788 		147.9854 		0.0457
v 261.0756 		139.8885 		0.0216
v 257.4264 		142.8454 		0.0317
v 197.8953 		148.9353 		0.0487
v 257.2827 		141.1946 		0.0262
v 197.4704 		148.9427 		0.0487
v 197.4539 		147.9928 		0.0457
v 261.3305 		140.1101 		0.0221
v 196.879 		148.0028 		0.0457
v 263.9249 		146.1519 		0.0441
v 266.4425 		143.2324 		7.167
v 256.5994 		144.462 		0.0371
v 196.8955 		148.9527 		0.0487
v 266.2558 		143.0827 		7.1657
v 267.1044 		143.972 		7.1696
v 264.102 		146.4418 		0.0457
v 266.6203 		143.3974 		7.1674
v 196.4705 		148.96 		0.0487
v 196.454 		148.0102 		0.0457
v 266.8711 		143.6721 		7.168
v 195.8791 		148.0202 		0.0457
v 255.9399 		145.2449 		2.7148
v 255.9458 		145.1237 		2.7145
v 195.8956 		148.97 		0.0487
v 195.4707 		148.9774 		0.0487
v 195.4542 		148.0276 		0.0457
v 263.7599 		135.4532 		0.0053
v 194.8793 		148.0376 		0.0457
v 194.8958 		148.9874 		0.0487
v 263.8599 		144.3145 		7.1702
v 257.3354 		146.2977 		2.7191
v 257.4498 		146.2588 		2.719
v 193.471 		149.0122 		0.0487
v 193.4545 		148.0624 		0.0456
v 263.9021 		144.2688 		7.1701
v 194.4708 		148.9948 		0.0487
v 193.8959 		149.0048 		0.0487
v 263.9775 		144.2375 		7.17
v 194.4543 		148.045 		0.0457
v 193.8794 		148.055 		0.0456
v 192.8306 		148.0732 		0.0456
v 265.9596 		142.8978 		7.1653
v 265.7538 		142.7994 		7.1651
v 255.9459 		145.1276 		1.8235
v 265.6452 		142.7672 		7.165
v 263.335 		138.338 		0.0154
v 261.6444 		140.5067 		0.0239
v 264.5212 		142.4857 		7.1633
v 261.8792 		140.9547 		0.0249
v 264.5707 		142.5729 		7.1645
v 255.681 		144.788 		0.0388
v 261.9779 		141.277 		0.0266
v 264.0779 		144.2547 		7.1701
v 253.7816 		144.671 		0.0384
v 261.9425 		137.289 		0.0121
v 262.4049 		136.3869 		0.0092
v 253.3657 		144.6802 		0.0384
v 261.908 		142.6104 		0.0314
v 261.6889 		143.0663 		0.0324
v 252.9388 		144.6317 		0.0383
v 252.5081 		144.5331 		0.0371
v 261.9954 		142.2839 		0.0298
v 254.6294 		147.8137 		0.0492
v 261.389 		143.4736 		0.0343
v 254.7094 		147.0662 		0.0466
v 258.6804 		135.7613 		7.1387
v 258.6764 		135.6484 		7.1384
v 258.7265 		135.3084 		7.1377
v 258.9268 		134.7489 		7.1355
v 255.2385 		148.2732 		0.0512
v 264.6463 		142.6066 		7.1646
v 255.5953 		148.144 		0.0509
v 264.588 		142.5904 		5.3806
v 258.7068 		135.4344 		3.571
v 266.1589 		143.031 		3.5996
v 266.5322 		143.3275 		3.6002
v 258.8339 		134.9841 		3.57
v 263.9024 		144.2824 		3.6041
v 260.7699 		135.8232 		0.0069
v 261.1419 		143.7039 		0.0347
v 260.4562 		134.5805 		0.0022
v 264.0398 		144.2491 		4.4951
v 258.8272 		136.8439 		7.143
v 258.8358 		136.7618 		7.1428
v 255.9559 		145.1885 		1.8237
v 260.682 		135.1416 		0.0044
v 263.167 		145.3057 		7.1743
v 263.5546 		144.7639 		7.1721
v 263.1951 		145.1982 		7.1731
v 260.755 		135.4834 		0.0052
v 266.7907 		143.5891 		3.6018
v 258.7249 		136.9407 		7.1432
v 257.3801 		146.2759 		1.827
v 258.1782 		137.0802 		7.1435
v 257.4546 		146.2655 		1.827
v 263.2098 		145.408 		7.1745
v 260.8663 		143.8977 		0.0361
v 260.4058 		144.1058 		0.0366
v 257.4501 		146.2735 		0.044
v 263.1741 		145.2514 		5.3902
v 263.1629 		145.2987 		6.2823
v 260.5801 		136.8739 		1.7931
v 257.2964 		146.3551 		0.0442
v 257.389 		146.2726 		0.936
v 263.177 		145.3623 		5.3904
v 260.6469 		136.9767 		1.3484
v 257.3356 		146.3075 		0.0441
v 260.663 		136.9835 		2.6854
v 261.7111 		146.3546 		1.8284
v 263.9244 		146.1267 		7.1771
v 263.9929 		146.2155 		7.1773
v 261.8874 		137.3432 		1.7952
v 261.7607 		146.3888 		2.7195
v 255.9537 		145.1743 		0.0396
v 255.9274 		145.0968 		0.0395
v 258.832 		136.8306 		5.36
v 261.602 		146.3483 		0.0444
v 258.7627 		136.9289 		5.3602
v 261.693 		146.3507 		0.0444
v 255.9488 		145.2354 		0.0408
v 261.3962 		137.2185 		0.0119
v 261.7589 		137.3683 		0.0123
v 261.81 		137.3735 		0.9043
v 261.8876 		137.35 		0.0122
v 258.7627 		136.926 		6.2512
v 258.8178 		136.8737 		4.0221
v 258.7629 		136.9357 		3.5772
v 261.7825 		146.4342 		0.0446
v 261.3843 		143.4434 		7.1672
v 256.8143 		136.0008 		7.1401
v 257.0259 		136.2672 		7.1407
v 256.5542 		135.7673 		7.1386
v 261.7456 		146.3848 		0.0445
v 255.8186 		135.337 		7.1376
v 261.7456 		146.3819 		0.9365
v 256.2556 		135.5654 		7.1381
v 261.8462 		142.7423 		7.1647
v 258.5928 		146.6529 		2.7199
v 258.6459 		146.715 		2.721
v 244.108 		138.6793 		0.0152
v 244.1299 		139.9389 		0.0197
v 244.108 		138.6793 		0.0152
v 241.7101 		144.6957 		7.1699
v 241.6058 		138.6926 		7.1481
v 241.7099 		144.6797 		7.1689
v 241.6058 		138.6966 		7.1471
v 241.6283 		139.9824 		0.0197
v 241.7107 		144.7209 		0.0369
v 241.7104 		144.7059 		0.0369
v 241.6063 		138.7188 		0.0151
v 241.6064 		138.7228 		0.0151
v 258.4701 		147.821 		0.0494
v 226.701 		138.9518 		7.1479
v 226.8054 		144.9548 		7.1697
v 224.111 		139.027 		0.0149
v 258.558 		148.5025 		0.0519
v 224.111 		139.027 		0.0149
v 224.1329 		140.2866 		0.0195
v 226.7235 		140.2416 		0.0195
v 226.7016 		138.982 		0.0149
v 256.4572 		135.7106 		3.5725
v 258.485 		148.1607 		0.0511
v 226.8059 		144.9801 		0.0367
v 226.7016 		138.978 		0.0149
v 256.895 		136.096 		3.5733
v 226.8051 		144.9388 		7.1687
v 226.7011 		138.9558 		7.1469
v 226.8057 		144.9651 		0.0367
v 257.4938 		137.2332 		7.1438
v 257.6065 		137.2712 		7.1439
v 205.7886 		139.3394 		7.1477
v 206.647 		139.3005 		7.1476
v 205.7891 		139.3656 		0.0147
v 206.6476 		139.3267 		0.0147
v 257.4559 		137.1838 		7.1437
v 203.2431 		139.7347 		7.1494
v 204.0841 		139.5571 		7.148
v 204.9329 		139.4243 		7.1478
v 257.6176 		137.2802 		5.286
v 257.6181 		137.2792 		5.3909
v 261.0602 		146.5377 		0.0458
v 262.2135 		147.3508 		0.0486
v 203.2436 		139.761 		0.0164
v 257.4858 		137.2312 		5.8068
v 263.306 		148.2299 		0.0515
v 204.9335 		139.4505 		0.0148
v 263.7724 		148.4229 		0.0519
v 262.9828 		148.0525 		0.0511
v 262.6843 		147.8517 		0.0507
v 262.5046 		147.6998 		0.0493
v 204.0847 		139.5823 		0.0161
v 256.0734 		138.317 		7.148
v 256.0281 		138.1848 		7.1477
v 256.0006 		138.4423 		7.1483
v 200.7957 		140.5414 		7.152
v 201.5964 		140.2274 		7.1503
v 202.4129 		139.9592 		7.1498
v 256.0612 		138.243 		5.3648
v 256.0633 		138.364 		5.3651
v 199.2526 		141.2963 		7.1545
v 200.0138 		140.897 		7.1527
v 256.0728 		138.2799 		6.2559
v 260.4036 		146.8562 		0.0464
v 260.4452 		146.7186 		0.9371
v 260.5135 		146.6773 		0.0461
v 260.4018 		146.8113 		0.9383
v 260.4453 		146.7215 		0.0461
v 260.559 		147.8566 		0.0506
v 260.5319 		148.1962 		0.0513
v 260.4048 		148.6474 		0.0533
v 199.2532 		141.3216 		0.0215
v 202.4134 		139.9844 		0.0168
v 200.7963 		140.5666 		0.019
v 201.5969 		140.2537 		0.0184
v 200.0144 		140.9233 		0.0207
v 260.1433 		149.1971 		0.0554
# 806 vertices

g group_1_6383466

usemtl color_6383466
s 0

f 2176 	1420 	1419
f 1934 	1425 	1416
f 1936 	1934 	1416
f 1416 	1417 	1936
f 1427 	1449 	1428
f 1449 	1427 	1450
f 1431 	2072 	1423
f 1431 	1423 	1421
f 1936 	1417 	1435
f 1438 	1412 	1437
f 1657 	1432 	1441
f 1410 	1424 	1444
f 1657 	1444 	1432
f 1456 	1441 	1432
f 1934 	1932 	1425
f 1475 	1442 	1443
f 1959 	1954 	1446
f 1432 	1444 	1456
f 1588 	1449 	1450
f 1448 	1452 	1496
f 1467 	1433 	1436
f 1481 	1496 	1452
f 1416 	1462 	1417
f 1490 	1481 	1452
f 1452 	1697 	1490
f 1455 	1440 	1480
f 1430 	1461 	1465
f 1430 	1429 	1461
f 1458 	1435 	1417
f 1483 	1441 	1456
f 1417 	1462 	1458
f 2097 	1453 	1454
f 1410 	1466 	1424
f 1467 	1468 	2182
f 1466 	1471 	1424
f 1471 	1444 	1424
f 2190 	2182 	1468
f 1525 	1527 	1457
f 1553 	1525 	1457
f 1480 	1440 	1445
f 1480 	1445 	1477
f 1456 	1444 	1471
f 1445 	1442 	1477
f 1602 	1482 	1480
f 1460 	2078 	1463
f 1456 	1471 	1483
f 2085 	1470 	1464
f 2190 	1468 	1474
f 1640 	1642 	1473
f 2080 	1640 	1473
f 1473 	1470 	2085
f 1455 	1480 	1482
f 2080 	1473 	2085
f 1429 	1441 	1483
f 1463 	2089 	1464
f 1485 	2138 	1439
f 1483 	1486 	1429
f 1461 	1429 	1486
f 1486 	1489 	1461
f 1489 	1465 	1461
f 1439 	2202 	1485
f 1420 	1474 	1419
f 1487 	1484 	1462
f 1422 	1472 	1420
f 1410 	1495 	1466
f 1504 	1476 	1479
f 1498 	1494 	1513
f 1433 	1467 	1497
f 2126 	1513 	1494
f 1413 	1495 	1410
f 1505 	1506 	1476
f 1474 	1420 	1472
f 1476 	1504 	1505
f 1503 	1446 	1579
f 1419 	1474 	1468
f 1959 	1446 	1503
f 1494 	1509 	1493
f 1493 	1509 	1508
f 1459 	1497 	1500
f 2115 	1493 	1508
f 1460 	1508 	2078
f 1507 	1499 	1501
f 1510 	1508 	1509
f 2215 	1499 	1507
f 1510 	1509 	1511
f 1479 	1478 	1504
f 1509 	1494 	1498
f 1468 	1436 	1419
f 1509 	1498 	1511
f 1416 	1666 	1662
f 1436 	1468 	1467
f 1513 	1510 	1511
f 1476 	1515 	1454
f 1476 	1506 	1515
f 1426 	2078 	1508
f 1433 	1497 	1459
f 1495 	1471 	1466
f 1516 	1517 	1890
f 1514 	1527 	1520
f 1498 	1513 	1511
f 1520 	1527 	1525
f 1510 	1415 	1508
f 1426 	1508 	1415
f 2195 	1433 	2194
f 1527 	1514 	1457
f 1521 	2199 	1528
f 1610 	1526 	1524
f 1781 	1644 	1448
f 2064 	2071 	1523
f 1459 	1500 	1528
f 1518 	1526 	1604
f 1448 	1644 	1452
f 1448 	1457 	1781
f 1528 	1620 	1521
f 2133 	1533 	1539
f 1541 	1536 	1538
f 1538 	1563 	1541
f 1505 	1515 	1506
f 1592 	1590 	1515
f 1431 	1421 	1536
f 1418 	1431 	1541
f 1431 	1536 	1541
f 1653 	1540 	1534
f 1787 	1785 	1514
f 1550 	1552 	1414
f 1551 	1553 	1554
f 1552 	1524 	2074
f 1555 	1543 	1557
f 1555 	1557 	1558
f 1521 	1619 	1522
f 1438 	1437 	1593
f 1522 	1617 	1519
f 1562 	1535 	1623
f 1458 	1546 	1435
f 1547 	1546 	1573
f 1560 	1582 	1561
f 2031 	1573 	1546
f 1543 	1793 	1560
f 1569 	1563 	1538
f 1793 	1582 	1560
f 1574 	1566 	1568
f 1565 	1568 	1566
f 1552 	1550 	1602
f 1572 	1570 	1746
f 2031 	1698 	1573
f 1514 	1520 	1575
f 1571 	1449 	1576
f 1514 	1575 	1543
f 1576 	1449 	1567
f 1543 	1575 	1557
f 1577 	1589 	1574
f 1428 	1449 	1571
f 1589 	1587 	1574
f 1578 	1556 	1671
f 1573 	1548 	1547
f 1558 	1543 	1555
f 1519 	1577 	1700
f 1559 	1564 	1578
f 1700 	1522 	1519
f 1564 	1556 	1578
f 1612 	1535 	1562
f 1770 	1503 	1579
f 1581 	1596 	1566
f 1798 	1549 	1771
f 1592 	1515 	1505
f 1588 	1567 	1449
f 1584 	1598 	1583
f 1536 	1569 	1538
f 1585 	1584 	1583
f 1585 	1583 	1581
f 1566 	1574 	1581
f 1587 	1581 	1574
f 1612 	1561 	1582
f 1569 	1536 	1421
f 1553 	1551 	1575
f 1418 	1541 	1586
f 1551 	1813 	1575
f 1541 	1563 	1586
f 1581 	1587 	1589
f 1813 	1814 	1575
f 1586 	2070 	1418
f 1575 	1520 	1553
f 1438 	1593 	1594
f 1553 	1520 	1525
f 1814 	1557 	1575
f 1612 	1562 	1561
f 1565 	1566 	1596
f 1595 	1594 	1593
f 1596 	1581 	1597
f 1583 	1597 	1581
f 1590 	1592 	1505
f 1598 	1597 	1583
f 1596 	1597 	1599
f 1598 	1599 	1597
f 1596 	1600 	1568
f 1596 	1568 	1565
f 1601 	1595 	1593
f 1578 	1580 	1559
f 1443 	1604 	1475
f 1608 	1606 	1605
f 1608 	1605 	1603
f 1593 	1437 	1601
f 1475 	1604 	1607
f 1570 	1572 	1603
f 1609 	1603 	1572
f 1477 	1442 	1610
f 1442 	1475 	1610
f 1568 	1600 	1572
f 1609 	1572 	1600
f 1548 	1549 	1798
f 1600 	1596 	1603
f 1600 	1603 	1609
f 1607 	1610 	1475
f 1599 	1608 	1603
f 1599 	1603 	1596
f 1820 	1481 	1715
f 1581 	1664 	1585
f 1477 	1610 	1613
f 1480 	1477 	1613
f 1615 	1579 	1547
f 1667 	1584 	1585
f 1457 	1448 	1911
f 1674 	1599 	1598
f 1602 	1455 	1482
f 1595 	1601 	1670
f 1579 	1615 	1669
f 1496 	1820 	1909
f 1599 	1674 	1608
f 1548 	1615 	1547
f 1613 	1602 	1480
f 1921 	1594 	1595
f 1548 	1798 	1615
f 1590 	1505 	1504
f 1443 	1518 	1604
f 1607 	1526 	1610
f 1612 	1614 	1535
f 1620 	2210 	1619
f 1613 	1610 	1524
f 1531 	1623 	1530
f 2212 	1500 	1497
f 1437 	2183 	1601
f 1623 	1535 	1530
f 1526 	1607 	1604
f 1552 	1613 	1524
f 1625 	1626 	1491
f 1552 	1602 	1613
f 1628 	1625 	1491
f 1492 	1628 	1491
f 2186 	1628 	1629
f 1631 	1492 	1491
f 1591 	1641 	1670
f 1491 	1488 	1631
f 1491 	1626 	1488
f 1591 	1670 	1601
f 1630 	1631 	1488
f 1626 	1632 	1488
f 1631 	1629 	1492
f 2188 	2187 	1630
f 1620 	1619 	1521
f 1528 	1500 	1620
f 1488 	1632 	1622
f 2187 	1631 	1630
f 1617 	1522 	1619
f 1636 	1728 	1635
f 1519 	1617 	1616
f 1519 	1616 	1577
f 1642 	1635 	1637
f 1618 	1969 	1627
f 1562 	1621 	1561
f 1635 	1642 	1636
f 1633 	1634 	1560
f 1642 	1640 	1636
f 1643 	1641 	1567
f 1633 	1561 	1621
f 1641 	1571 	1576
f 1641 	1576 	1567
f 1562 	1623 	1621
f 1560 	1561 	1633
f 1428 	1571 	1639
f 1478 	2109 	1624
f 1639 	1571 	1641
f 1671 	1639 	1591
f 2184 	1625 	1628
f 1639 	1641 	1591
f 1543 	1560 	1634
f 1539 	1533 	1611
f 1641 	1643 	1670
f 2184 	1628 	2186
f 1611 	1533 	1649
f 2187 	1632 	1626
f 1647 	1577 	1616
f 1930 	1634 	1633
f 1652 	1655 	1627
f 1567 	1638 	1643
f 1647 	1589 	1577
f 1410 	1444 	1657
f 1657 	1413 	1410
f 1672 	1667 	1658
f 1649 	1532 	1653
f 1492 	1629 	1628
f 1646 	1660 	1661
f 1646 	1661 	1658
f 1441 	1654 	1657
f 1649 	1533 	1532
f 1588 	1450 	1638
f 1611 	1649 	1653
f 1661 	1672 	1658
f 1653 	1534 	1611
f 1680 	1678 	1663
f 1618 	1627 	1655
f 1659 	1915 	1663
f 1655 	2047 	1618
f 1589 	1664 	1581
f 1667 	1585 	1664
f 1664 	1647 	1646
f 1567 	1588 	1638
f 1664 	1589 	1647
f 1667 	1664 	1646
f 1665 	1669 	1615
f 1648 	1703 	1668
f 1425 	1515 	1666
f 1667 	1672 	1584
f 1646 	1658 	1667
f 1638 	1670 	1643
f 1598 	1673 	1674
f 1598 	1584 	1672
f 1598 	1672 	1673
f 1654 	1650 	1676
f 1666 	1416 	1425
f 1578 	1671 	1675
f 1674 	1678 	1608
f 1660 	1659 	1678
f 1660 	1678 	1674
f 1660 	1674 	1661
f 1673 	1661 	1674
f 1672 	1661 	1673
f 1654 	1676 	1657
f 1679 	1578 	1675
f 1608 	1678 	1606
f 1680 	1606 	1678
f 1721 	1725 	1677
f 1665 	1615 	1798
f 1659 	1663 	1678
f 1578 	1679 	1580
f 1680 	1663 	1997
f 1683 	1686 	1684
f 1679 	1687 	1580
f 2004 	1981 	1670
f 1681 	1665 	1682
f 1981 	1980 	1670
f 1687 	1532 	1537
f 1681 	1669 	1665
f 1999 	2004 	1670
f 1684 	1690 	1683
f 1665 	1694 	1682
f 1683 	1690 	1666
f 1682 	1694 	1688
f 1687 	1653 	1532
f 1413 	1657 	1692
f 1665 	1798 	1688
f 1537 	1559 	1687
f 1577 	1574 	1700
f 1666 	1690 	1662
f 1559 	1580 	1687
f 1688 	1694 	1665
f 1701 	1543 	1634
f 1648 	1668 	1676
f 1676 	1650 	1648
f 1529 	1671 	1591
f 1544 	1542 	1679
f 1743 	1697 	1452
f 1699 	1697 	1743
f 1687 	1542 	1540
f 1687 	1679 	1542
f 1545 	1544 	1679
f 2030 	1548 	1573
f 1543 	1701 	1702
f 1699 	1430 	1697
f 1675 	1545 	1679
f 1653 	1687 	1540
f 1662 	1690 	1684
f 1430 	1703 	1648
f 1662 	1684 	1677
f 1648 	1429 	1430
f 1675 	1671 	1529
f 1429 	1648 	1650
f 1545 	1675 	1529
f 1702 	1514 	1543
f 1654 	1441 	1650
f 1634 	1930 	1701
f 1677 	1684 	1686
f 1787 	1514 	1702
f 1650 	1441 	1429
f 1502 	1503 	1709
f 1503 	1770 	1709
f 1699 	1703 	1430
f 1702 	1652 	1787
f 2030 	1573 	1698
f 1659 	1660 	1710
f 1710 	1712 	1659
f 1710 	1696 	1712
f 1481 	1490 	1697
f 1713 	1714 	1711
f 1940 	1939 	1652
f 1697 	1715 	1481
f 1662 	1677 	1725
f 1702 	1701 	1717
f 1711 	1716 	1713
f 2055 	1703 	1699
f 1718 	1652 	1702
f 1744 	1748 	1707
f 1721 	1677 	1742
f 1742 	1677 	1705
f 1717 	1718 	1702
f 1733 	1719 	1707
f 1645 	1452 	1644
f 1728 	1636 	1640
f 1725 	1727 	1662
f 1701 	1943 	1717
f 1721 	1836 	1736
f 1943 	1701 	1930
f 1721 	1736 	1725
f 2093 	1695 	1704
f 2207 	1731 	1705
f 1727 	1462 	1416
f 1726 	1724 	1738
f 1706 	1731 	1707
f 1727 	1487 	1462
f 1707 	1731 	1733
f 2191 	2169 	1732
f 1706 	1705 	1731
f 1693 	1912 	1983
f 1662 	1727 	1416
f 1689 	1712 	1696
f 1621 	1623 	1730
f 1735 	1487 	1727
f 1712 	1689 	1729
f 1710 	1700 	1696
f 1710 	1734 	1700
f 1685 	1700 	1734
f 1737 	1686 	1683
f 1718 	1940 	1652
f 1735 	1727 	1736
f 1747 	1750 	1689
f 1739 	1737 	1683
f 1724 	1728 	1738
f 1739 	1683 	1666
f 1572 	1700 	1568
f 2204 	1739 	1666
f 1700 	1572 	1696
f 1727 	1725 	1736
f 1696 	1747 	1689
f 1574 	1568 	1700
f 1738 	2085 	1726
f 1706 	1742 	1705
f 1531 	1740 	1741
f 1745 	1743 	1645
f 1822 	1746 	1570
f 1452 	1645 	1743
f 1746 	1822 	1747
f 1706 	1707 	1748
f 1748 	1742 	1706
f 1746 	1747 	1572
f 1623 	1531 	1741
f 1745 	1645 	1651
f 1749 	1755 	1750
f 1740 	1531 	1530
f 1740 	1530 	1754
f 1572 	1747 	1696
f 1752 	1745 	1651
f 1644 	2001 	1645
f 1781 	1457 	1514
f 1756 	1750 	1755
f 1753 	1760 	1751
f 1708 	1994 	1952
f 1759 	1754 	1535
f 1756 	1689 	1750
f 1996 	1656 	1651
f 2007 	2001 	1644
f 1801 	1748 	1744
f 1801 	1744 	1848
f 1763 	1762 	1753
f 1763 	1753 	1751
f 1744 	1707 	1719
f 1767 	1768 	1720
f 1745 	1766 	1743
f 1994 	1708 	1656
f 1772 	1756 	1758
f 1773 	1720 	1768
f 1772 	1689 	1756
f 1758 	1769 	1772
f 1996 	1651 	1645
f 1699 	1766 	1765
f 1602 	1774 	1455
f 1645 	2001 	1996
f 1602 	1550 	1774
f 1719 	1720 	1744
f 1921 	1732 	1704
f 1927 	1921 	1704
f 1720 	1773 	1744
f 1743 	1766 	1699
f 1763 	1778 	1953
f 1729 	1689 	1772
f 2047 	2136 	1618
f 1780 	1853 	1782
f 1848 	1744 	1773
f 1757 	1780 	1758
f 1782 	1758 	1780
f 1651 	1656 	1752
f 1754 	1530 	1535
f 1784 	1769 	1782
f 1758 	1782 	1769
f 1785 	1781 	1514
f 1778 	1776 	1779
f 1776 	1763 	1751
f 1788 	1865 	1789
f 1871 	1791 	1789
f 1763 	1776 	1778
f 1789 	1784 	1788
f 1783 	1788 	1784
f 1869 	1872 	1771
f 1771 	1967 	1798
f 1789 	1791 	1797
f 1784 	1789 	1761
f 1652 	1627 	1787
f 1754 	1759 	1740
f 1740 	1759 	1741
f 1784 	1761 	1769
f 1543 	1558 	1793
f 1797 	1761 	1789
f 1579 	1669 	1770
f 1794 	1582 	1793
f 1777 	1807 	1786
f 1794 	1796 	1582
f 1752 	1656 	1792
f 2046 	1781 	1785
f 1771 	1821 	1967
f 1786 	2082 	1777
f 2083 	1723 	1777
f 1787 	2048 	1785
f 1913 	1912 	1693
f 1786 	1708 	2082
f 1799 	1885 	1800
f 1776 	1751 	1774
f 1693 	1732 	1913
f 1656 	1708 	1792
f 1708 	1786 	1792
f 1927 	1704 	1695
f 1760 	1774 	1751
f 1708 	1952 	1691
f 1803 	1807 	1777
f 1732 	1693 	2191
f 1900 	1891 	1809
f 1802 	1808 	1748
f 1821 	1771 	1764
f 1889 	1900 	1809
f 1889 	1809 	1800
f 1813 	1551 	1810
f 1693 	2193 	2191
f 1800 	1791 	1799
f 1790 	1799 	1791
f 1944 	1810 	1551
f 1819 	1764 	1775
f 1827 	1792 	1811
f 1805 	1804 	1806
f 1805 	1806 	1809
f 1742 	1748 	1808
f 1554 	1944 	1551
f 1801 	1802 	1748
f 2193 	1693 	1812
f 1870 	1792 	1827
f 1806 	1816 	1795
f 1795 	1800 	1809
f 1809 	1806 	1795
f 1797 	1791 	1800
f 1792 	1786 	1811
f 1797 	1800 	1795
f 1484 	1487 	1735
f 1786 	1807 	1811
f 1818 	1793 	1558
f 1796 	1612 	1582
f 1797 	1795 	1977
f 1481 	1820 	1496
f 1796 	1614 	1612
f 1827 	1811 	1807
f 1570 	1603 	1822
f 1803 	1827 	1807
f 1603 	1605 	1823
f 1603 	1823 	1822
f 1764 	1819 	1821
f 1824 	1823 	1606
f 1605 	1606 	1823
f 1822 	1823 	1825
f 1824 	1825 	1823
f 1836 	1831 	1817
f 1747 	1822 	1826
f 1828 	1834 	1749
f 1829 	1834 	1828
f 1830 	1837 	1829
f 1832 	1830 	1829
f 1832 	1829 	1828
f 1749 	1750 	1828
f 1833 	1828 	1750
f 1826 	1833 	1750
f 1826 	1750 	1747
f 1826 	1822 	1828
f 1826 	1828 	1833
f 1825 	1832 	1828
f 1825 	1828 	1822
f 1834 	1755 	1749
f 1829 	1835 	1834
f 1817 	1484 	1836
f 1837 	1835 	1829
f 1834 	1835 	1838
f 1837 	1838 	1835
f 1484 	1735 	1836
f 1770 	1669 	1681
f 1755 	1834 	1756
f 1839 	1756 	1834
f 1818 	1814 	1813
f 1840 	1853 	1757
f 1841 	1853 	1840
f 1836 	1735 	1736
f 1558 	1814 	1818
f 1843 	1842 	1841
f 1843 	1841 	1840
f 1814 	1558 	1557
f 1831 	1836 	1721
f 1757 	1758 	1840
f 1844 	1840 	1758
f 1499 	1773 	1768
f 1839 	1844 	1758
f 1839 	1758 	1756
f 1839 	1834 	1840
f 1839 	1840 	1844
f 1847 	1614 	1796
f 1838 	1843 	1840
f 1838 	1840 	1834
f 2161 	1801 	1848
f 1680 	1824 	1606
f 2161 	1848 	2155
f 1780 	1757 	1853
f 1827 	1850 	1852
f 1853 	1841 	1854
f 1855 	1854 	1842
f 1841 	1842 	1854
f 1853 	1854 	1857
f 1855 	1857 	1854
f 1614 	1847 	1535
f 1858 	1782 	1853
f 1860 	1865 	1783
f 1861 	1865 	1860
f 1850 	1948 	1852
f 1862 	1867 	1861
f 1863 	1862 	1861
f 1863 	1861 	1860
f 1850 	1827 	1803
f 1783 	1784 	1860
f 1864 	1860 	1784
f 1858 	1864 	1784
f 1858 	1784 	1782
f 1858 	1853 	1860
f 1858 	1860 	1864
f 1857 	1863 	1860
f 1857 	1860 	1853
f 1535 	1847 	1759
f 1865 	1788 	1783
f 1861 	1866 	1865
f 1867 	1866 	1861
f 1865 	1866 	1868
f 1867 	1868 	1866
f 1771 	1549 	1869
f 1871 	1789 	1865
f 1949 	1870 	1852
f 1873 	1885 	1790
f 1847 	1901 	1759
f 1870 	1827 	1852
f 1876 	1875 	1874
f 1876 	1874 	1873
f 1790 	1791 	1873
f 1878 	1873 	1791
f 1856 	1884 	1890
f 2060 	1849 	1851
f 1791 	1871 	1878
f 2060 	1851 	2059
f 1871 	1865 	1873
f 1871 	1873 	1878
f 1868 	1876 	1873
f 1868 	1873 	1865
f 1856 	1771 	1872
f 1879 	1711 	1815
f 1764 	1771 	1856
f 1872 	1869 	1882
f 1512 	1882 	1869
f 1799 	1790 	1885
f 1884 	1882 	1512
f 1883 	1775 	1859
f 1885 	1873 	1886
f 1886 	1887 	1885
f 1879 	1709 	1711
f 1888 	1880 	1881
f 1516 	1884 	1512
f 1889 	1800 	1885
f 1804 	1805 	1892
f 1891 	1892 	1805
f 1893 	1894 	1892
f 1893 	1892 	1891
f 1888 	1881 	1883
f 1895 	1806 	1892
f 1882 	1884 	1856
f 1894 	1896 	1892
f 2004 	1815 	1877
f 1806 	1804 	1892
f 1516 	1890 	1884
f 1859 	1888 	1883
f 1895 	1897 	1806
f 1849 	2193 	1877
f 1890 	1859 	1856
f 1897 	1816 	1806
f 1897 	1895 	1892
f 1794 	1793 	1931
f 1983 	1812 	1693
f 1776 	1774 	1586
f 1586 	1563 	1776
f 1931 	1904 	1794
f 1877 	1815 	1849
f 1899 	1893 	1891
f 1550 	1586 	1774
f 1930 	1793 	1818
f 1805 	1809 	1891
f 1889 	1885 	1891
f 1889 	1891 	1900
f 1815 	1851 	1849
f 1887 	1899 	1891
f 1887 	1891 	1885
f 1846 	1851 	1815
f 1886 	1905 	1887
f 1845 	1846 	1815
f 1815 	1714 	1845
f 1623 	1901 	1730
f 1815 	1711 	1714
f 1730 	1901 	1903
f 1709 	1902 	1502
f 1903 	1904 	1730
f 1905 	1886 	1874
f 1873 	1874 	1886
f 1893 	1906 	1907
f 1893 	1907 	1894
f 1904 	1621 	1730
f 1709 	1879 	1902
f 1633 	1621 	1904
f 1874 	1875 	1905
f 1762 	1763 	1953
f 1893 	1899 	1906
f 1896 	1894 	1907
f 1906 	2036 	1907
f 1623 	1741 	1901
f 2039 	2036 	1899
f 1906 	1899 	2036
f 1903 	1847 	1796
f 2040 	1897 	1892
f 1892 	1896 	2040
f 1992 	1502 	1902
f 2039 	1899 	1887
f 1995 	1992 	1902
f 1847 	1903 	1901
f 1710 	1646 	1647
f 1646 	1710 	1660
f 1554 	1553 	1944
f 1904 	1903 	1796
f 1496 	1909 	1910
f 1712 	1729 	1915
f 1910 	1448 	1496
f 1923 	1917 	1729
f 1741 	1759 	1901
f 1729 	1933 	1923
f 1655 	1652 	1939
f 1911 	1448 	1910
f 1915 	1659 	1712
f 1916 	1910 	1909
f 1915 	1918 	1663
f 1904 	1931 	1633
f 1917 	1998 	1915
f 1633 	1931 	1930
f 1997 	1918 	1998
f 1915 	1998 	1918
f 2062 	1881 	2069
f 1663 	1918 	1997
f 1916 	1909 	1919
f 1914 	1908 	1929
f 1921 	1913 	1732
f 1919 	1909 	1820
f 1915 	1729 	1917
f 1926 	1718 	1717
f 1925 	1920 	1923
f 1917 	1923 	1920
f 1922 	1916 	1919
f 1933 	1924 	1923
f 1924 	2006 	1923
f 2006 	1925 	1923
f 1859 	1890 	1898
f 1898 	1890 	1517
f 1517 	1523 	1898
f 1717 	1943 	1950
f 1957 	1928 	1924
f 1856 	1872 	1882
f 1933 	1935 	1924
f 1931 	1793 	1930
f 1850 	1803 	1777
f 1794 	1904 	1796
f 1859 	1775 	1856
f 1935 	1761 	1937
f 1766 	1938 	1765
f 1919 	1820 	1715
f 1938 	1766 	1745
f 1729 	1772 	1933
f 1745 	1965 	1938
f 1919 	1715 	1697
f 1764 	1856 	1775
f 1927 	1695 	1691
f 1888 	1898 	1523
f 1941 	1927 	1691
f 1813 	1810 	1942
f 1594 	1921 	1927
f 1944 	1813 	1942
f 1945 	1936 	1435
f 1880 	2071 	2069
f 2071 	1880 	1888
f 1898 	1888 	1859
f 1946 	1940 	1926
f 2050 	1947 	1709
f 1934 	1485 	2206
f 1944 	1457 	1911
f 1946 	1926 	1717
f 1553 	1457 	1944
f 1810 	1944 	1942
f 1952 	1941 	1691
f 1945 	1435 	1446
f 1941 	1510 	1927
f 1769 	1761 	1935
f 1951 	2060 	2059
f 1769 	1933 	1772
f 1850 	2101 	1948
f 1951 	1711 	1947
f 1933 	1769 	1935
f 1716 	1951 	1713
f 1947 	2011 	1638
f 2046 	1944 	1911
f 1446 	1954 	1945
f 1956 	1924 	1935
f 1955 	1956 	1935
f 1949 	2105 	2107
f 1956 	1957 	1924
f 1778 	1779 	1953
f 1910 	2046 	1911
f 1792 	1870 	1949
f 1935 	1937 	1955
f 1934 	2204 	1932
f 1762 	1953 	2077
f 2105 	1949 	1948
f 1955 	1937 	1962
f 1934 	2206 	2204
f 1955 	1962 	1958
f 1513 	1594 	1927
f 1852 	1948 	1949
f 1777 	1426 	1850
f 1709 	1947 	1711
f 1960 	2088 	1953
f 1962 	1964 	1958
f 1717 	1950 	1946
f 1963 	2025 	1962
f 1962 	2025 	1964
f 1711 	1951 	1716
f 1798 	1967 	1968
f 1627 	1969 	1961
f 1965 	1745 	2121
f 1962 	1977 	1963
f 1963 	1982 	1966
f 1970 	1972 	1819
f 1974 	1908 	1914
f 1967 	1821 	1819
f 1977 	1937 	1797
f 1761 	1797 	1937
f 1941 	1415 	1510
f 1975 	1676 	1668
f 1513 	1927 	1510
f 1986 	1978 	1816
f 1795 	1816 	1978
f 1795 	1978 	1977
f 1595 	1670 	1913
f 1962 	1937 	1977
f 1595 	1913 	1921
f 1982 	1963 	1977
f 1977 	1978 	1982
f 1458 	1462 	1976
f 1434 	1462 	1484
f 1908 	1979 	1971
f 1954 	2098 	1945
f 1980 	1981 	1812
f 1976 	1936 	1945
f 1434 	1485 	1934
f 1908 	1974 	1979
f 1984 	1985 	1978
f 1982 	1978 	1985
f 1940 	1718 	1926
f 1983 	1980 	1812
f 1978 	1986 	1984
f 1934 	1936 	1434
f 1969 	1939 	1961
f 1982 	1987 	1966
f 1988 	1989 	1985
f 1988 	1985 	1984
f 1668 	1973 	1975
f 1939 	1969 	1569
f 1940 	1961 	1939
f 1984 	2033 	1988
f 1503 	1990 	1959
f 2039 	1982 	1985
f 1991 	1990 	1503
f 1993 	1657 	1676
f 1946 	2051 	1940
f 1993 	1692 	1657
f 2039 	1985 	1989
f 1975 	1993 	1676
f 1502 	1991 	1503
f 1994 	1656 	1996
f 2000 	1832 	1825
f 1832 	2000 	1830
f 2003 	1830 	2000
f 1837 	2006 	1838
f 1838 	2006 	1843
f 2008 	1843 	2006
f 1995 	1902 	1879
f 1843 	2008 	1842
f 2012 	2017 	1842
f 1914 	1960 	1974
f 1824 	1997 	1998
f 1825 	1824 	1998
f 1680 	1997 	1824
f 1995 	1879 	1815
f 1961 	1940 	2051
f 1825 	1998 	2000
f 1998 	1917 	2000
f 1999 	1995 	1815
f 1953 	2063 	1960
f 2003 	2000 	1920
f 1917 	1920 	2000
f 1991 	1502 	2002
f 2004 	1999 	1815
f 1950 	1818 	1813
f 1818 	1943 	1930
f 2003 	1920 	1925
f 1925 	2006 	2005
f 1837 	2005 	2006
f 1818 	1950 	1943
f 1837 	1830 	2003
f 1837 	2003 	2005
f 2003 	1925 	2005
f 1946 	1950 	1813
f 2006 	1924 	2008
f 1992 	2002 	1502
f 2012 	1842 	2008
f 2012 	2008 	1928
f 1924 	1928 	2008
f 1877 	1981 	2004
f 2014 	1443 	1442
f 1928 	1957 	2012
f 1855 	2018 	1857
f 2011 	1947 	2050
f 1488 	1469 	2015
f 2018 	2020 	1857
f 1863 	1857 	2020
f 1877 	1812 	1981
f 2023 	1862 	2020
f 1863 	2020 	1862
f 2015 	1630 	1488
f 1991 	2002 	2011
f 1867 	2025 	1868
f 1867 	1862 	2024
f 2023 	2024 	1862
f 1670 	1980 	1983
f 1990 	1991 	2011
f 1868 	2025 	2027
f 1868 	2027 	1876
f 2011 	1992 	1995
f 2027 	1875 	1876
f 1670 	1912 	1913
f 1415 	1941 	1411
f 1983 	1912 	1670
f 1855 	2017 	2018
f 1442 	1445 	2016
f 2002 	1992 	2011
f 1855 	1842 	2017
f 1959 	1990 	2011
f 1442 	2019 	2014
f 1995 	1999 	1670
f 1670 	2011 	1995
f 1956 	1955 	2020
f 1956 	2020 	2018
f 1670 	1638 	2011
f 1951 	1947 	1638
f 1956 	2018 	1957
f 2017 	1957 	2018
f 1972 	1967 	1819
f 2017 	2012 	1957
f 1644 	2046 	2007
f 1955 	1958 	2020
f 2023 	2020 	1958
f 2021 	2043 	2022
f 1442 	2016 	2019
f 1964 	2024 	1958
f 1964 	2025 	2024
f 1867 	2024 	2025
f 2026 	1692 	1993
f 2021 	2084 	2043
f 2022 	1681 	1682
f 2022 	1682 	2021
f 2021 	1682 	1688
f 2021 	1688 	1968
f 1798 	1968 	1688
f 2025 	1963 	2027
f 1411 	1941 	1952
f 2023 	1958 	2024
f 2028 	1875 	2027
f 2026 	1495 	1413
f 2028 	2027 	1966
f 1963 	1966 	2027
f 2102 	1512 	1869
f 2028 	2035 	1875
f 2035 	2028 	1987
f 1966 	1987 	2028
f 2033 	1896 	2032
f 1907 	2032 	1896
f 1413 	1692 	2026
f 1905 	1875 	2035
f 1907 	2036 	2032
f 2038 	1887 	2035
f 1905 	2035 	1887
f 1989 	2036 	2039
f 2030 	1549 	1548
f 1989 	1988 	2036
f 1910 	2007 	2046
f 1445 	1440 	2010
f 2001 	2121 	1996
f 1896 	2033 	2040
f 1471 	2026 	1993
f 2016 	1445 	2010
f 1887 	2038 	2039
f 1986 	2040 	1984
f 1993 	1483 	1471
f 1698 	2031 	2030
f 1984 	2040 	2033
f 1495 	2026 	1471
f 1952 	1994 	1411
f 1816 	1897 	1986
f 2040 	1986 	1897
f 1440 	1455 	2041
f 2032 	1988 	2033
f 1455 	2042 	2041
f 1982 	2039 	2038
f 2013 	2010 	1440
f 2121 	2120 	1996
f 1982 	2038 	1987
f 2035 	1987 	2038
f 2041 	2013 	1440
f 1819 	1775 	1970
f 2120 	1994 	1996
f 2032 	2036 	1988
f 1916 	2001 	1910
f 1910 	2001 	2007
f 1697 	1430 	2045
f 1465 	2045 	1430
f 1517 	1516 	1972
f 1414 	1552 	2041
f 1644 	1781 	2046
f 1465 	2054 	2045
f 1414 	2041 	2042
f 2042 	2044 	1414
f 1967 	1972 	1516
f 2096 	1451 	1453
f 2048 	2046 	1785
f 1655 	1939 	2047
f 2136 	2047 	2049
f 2045 	1922 	1919
f 1709 	1770 	2050
f 2045 	1919 	1697
f 1455 	2044 	2042
f 2114 	2050 	1770
f 2051 	2048 	1787
f 2048 	2051 	1946
f 1713 	2053 	1714
f 1699 	2054 	2055
f 2048 	1944 	2046
f 1714 	2053 	1845
f 2051 	1787 	1627
f 1668 	1703 	2055
f 2056 	2059 	1846
f 2055 	1973 	1668
f 2053 	2056 	1846
f 1846 	1845 	2053
f 1973 	2055 	1465
f 2049 	2037 	2136
f 1951 	2059 	2056
f 1961 	2051 	1627
f 2053 	1951 	2056
f 2048 	1946 	1813
f 1813 	1944 	2048
f 1618 	2061 	1969
f 1851 	1846 	2059
f 1713 	1951 	2053
f 1618 	2057 	2061
f 1638 	2140 	2060
f 1951 	1638 	2060
f 2057 	1569 	2061
f 1569 	2057 	1563
f 1569 	1969 	2061
f 1881 	2062 	1883
f 2128 	2063 	2058
f 2062 	2064 	1883
f 1563 	2057 	1776
f 1723 	2065 	1722
f 2067 	1722 	2066
f 2066 	1722 	2065
f 1970 	1775 	1883
f 2067 	2068 	1724
f 1970 	1883 	2064
f 2058 	1447 	2128
f 1724 	1726 	2067
f 1880 	2069 	1881
f 1637 	1635 	1728
f 1489 	1973 	1465
f 2044 	2052 	2070
f 1728 	1724 	2068
f 1888 	1523 	2071
f 1637 	1728 	2068
f 1486 	1973 	1489
f 2052 	2044 	1455
f 2052 	2049 	2070
f 1465 	2055 	2054
f 2067 	1726 	1722
f 2081 	2037 	2052
f 2052 	2037 	2049
f 2068 	2067 	2076
f 2067 	2073 	2076
f 1483 	1973 	1486
f 2072 	1431 	2070
f 2067 	2066 	2073
f 1523 	1517 	1970
f 2001 	1916 	2123
f 1922 	2045 	2054
f 1523 	1970 	2064
f 1431 	1418 	2070
f 2064 	2062 	2069
f 2064 	2069 	2071
f 1423 	2049 	2047
f 1723 	2083 	2065
f 1421 	1423 	2047
f 1972 	1970 	1517
f 2047 	1569 	1421
f 2047 	1939 	1569
f 1760 	2081 	2052
f 1460 	2066 	2065
f 2149 	1638 	2143
f 2088 	2086 	1451
f 2049 	2072 	2070
f 2142 	2143 	1849
f 2014 	1518 	1443
f 2073 	2066 	1460
f 2193 	1849 	2143
f 2052 	1455 	1774
f 1638 	2149 	2139
f 1483 	1993 	1975
f 1463 	2073 	1460
f 2193 	2143 	1638
f 1463 	1464 	2073
f 2037 	1753 	2034
f 2075 	2016 	2010
f 1483 	1975 	1973
f 1753 	2037 	2081
f 1779 	1776 	2057
f 2054 	2123 	1922
f 2076 	2073 	1464
f 1464 	1470 	2076
f 2123 	1916 	1922
f 2057 	2058 	1779
f 2077 	1953 	2029
f 1473 	2068 	2076
f 1473 	1637 	2068
f 2034 	1753 	2077
f 1723 	2078 	1777
f 1753 	1762 	2077
f 1473 	1642 	1637
f 2034 	2077 	2029
f 1470 	1473 	2076
f 2052 	1774 	1760
f 2080 	1728 	1640
f 2083 	1777 	2082
f 1760 	1753 	2081
f 2063 	1953 	2058
f 2084 	2021 	2113
f 2080 	1738 	1728
f 2074 	2075 	2010
f 2043 	2084 	2113
f 2013 	2074 	2010
f 2041 	2074 	2013
f 1953 	1779 	2058
f 2080 	2085 	1738
f 2098 	1546 	1458
f 1723 	1722 	2089
f 2075 	2074 	1524
f 2090 	2075 	1524
f 1869 	1549 	2102
f 2091 	1708 	1691
f 1691 	1695 	2091
f 1723 	2089 	2078
f 1695 	2093 	2091
f 2089 	1722 	1726
f 1451 	2096 	2079
f 1726 	2085 	2089
f 2092 	2031 	2094
f 1546 	2094 	2031
f 2089 	1463 	2078
f 2030 	2031 	2092
f 2030 	2102 	1549
f 2079 	1960 	2063
f 1974 	1960 	2079
f 2030 	2092 	2106
f 2075 	2090 	2019
f 2085 	1464 	2089
f 2016 	2075 	2019
f 1526 	2090 	1524
f 1453 	2097 	2096
f 1526 	1518 	2090
f 2014 	2019 	2090
f 2098 	1954 	1959
f 2090 	1518 	2014
f 2097 	1425 	1932
f 2041 	1552 	2074
f 2078 	1426 	1777
f 2097 	1454 	1425
f 1423 	2072 	2049
f 2086 	2099 	2100
f 2101 	1415 	2105
f 2098 	2092 	2094
f 2098 	2103 	2092
f 2105 	1948 	2101
f 1546 	2098 	2094
f 2088 	2099 	2086
f 2044 	1586 	1550
f 1976 	1945 	2098
f 1586 	2044 	2070
f 1458 	1976 	2098
f 1411 	1792 	1949
f 1550 	1414 	2044
f 2103 	2106 	2092
f 1666 	1515 	2180
f 2106 	2102 	2030
f 2100 	2099 	2104
f 1411 	2107 	2105
f 2100 	2104 	2086
f 2086 	2104 	2095
f 1949 	2107 	1411
f 2108 	2116 	1590
f 2110 	1622 	1624
f 1415 	1411 	2105
f 1426 	1415 	2101
f 1590 	2116 	1515
f 2110 	1624 	2109
f 2082 	1708 	2091
f 2101 	1850 	1426
f 2103 	2098 	2106
f 2110 	1488 	1622
f 2110 	1469 	1488
f 2108 	1504 	2112
f 2111 	1965 	2122
f 2112 	2127 	2108
f 2111 	2122 	2123
f 1504 	2108 	1590
f 2111 	1938 	1965
f 2098 	2011 	2106
f 1460 	2065 	2083
f 2043 	2113 	2114
f 1765 	1938 	2111
f 2022 	2043 	2114
f 1765 	2111 	2054
f 2126 	2117 	2091
f 1765 	2054 	1699
f 2022 	2114 	1681
f 1513 	2093 	1594
f 2119 	2113 	2021
f 1478 	1479 	2095
f 2109 	1478 	2095
f 2086 	2095 	1479
f 1479 	1476 	2086
f 1953 	2088 	2087
f 2120 	2121 	1745
f 2029 	1953 	2087
f 1745 	1752 	2120
f 2119 	2021 	1968
f 2117 	2115 	2082
f 2091 	2117 	2124
f 2124 	2117 	2082
f 2109 	2095 	1971
f 1967 	1516 	1512
f 2091 	2124 	2082
f 1971 	2009 	2109
f 2082 	2115 	2083
f 2118 	2116 	2108
f 2109 	2009 	2110
f 1967 	1512 	2102
f 2093 	1513 	2091
f 2009 	2015 	2110
f 2123 	2054 	2111
f 2015 	1469 	2110
f 1770 	1681 	2114
f 2113 	2011 	2114
f 2083 	1508 	1460
f 2121 	2123 	2122
f 1493 	2115 	2125
f 2108 	2134 	2118
f 1929 	1908 	2104
f 1494 	1493 	2125
f 2126 	2125 	2117
f 1929 	2104 	1914
f 1960 	2099 	2088
f 2121 	2122 	1965
f 1914 	2104 	2099
f 1513 	2126 	2091
f 2116 	2118 	2079
f 2099 	1960 	1914
f 2095 	1908 	1971
f 2104 	1908 	2095
f 2001 	2123 	2121
f 2011 	2113 	2106
f 1453 	1476 	1454
f 2011 	2050 	2114
f 2083 	2115 	1508
f 2119 	1968 	2106
f 2125 	2115 	2117
f 1624 	2127 	1478
f 1994 	2120 	1411
f 2106 	1968 	2102
f 1425 	1454 	1515
f 1494 	2125 	2126
f 1967 	2102 	1968
f 2120 	1752 	1411
f 1752 	1792 	1411
f 2113 	2119 	2106
f 1504 	1478 	2127
f 2131 	2164 	2129
f 2011 	2098 	1959
f 1532 	1533 	2133
f 1453 	1451 	1476
f 2133 	1537 	1532
f 2088 	2128 	2087
f 2151 	1439 	1742
f 2132 	2118 	2134
f 2133 	2135 	1537
f 1499 	2155 	1848
f 2128 	2088 	1451
f 1849 	2060 	2147
f 2135 	1559 	1537
f 2151 	1808 	1802
f 2135 	2131 	1559
f 1848 	1773 	1499
f 2139 	2140 	1638
f 1817 	2137 	1484
f 1434 	1484 	2137
f 1849 	2147 	2142
f 2147 	2060 	2140
f 2138 	1831 	1439
f 1831 	2138 	1817
f 2139 	2141 	2140
f 1817 	2138 	2137
f 2136 	2034 	2029
f 2136 	2037 	2034
f 2145 	2143 	2144
f 2143 	2142 	2144
f 2146 	2147 	2140
f 2147 	2146 	2148
f 1439 	1831 	1721
f 2141 	2146 	2140
f 2167 	2148 	2146
f 1768 	1501 	1499
f 2149 	2150 	2139
f 1507 	1501 	1767
f 1611 	1534 	2133
f 2215 	1507 	1767
f 2145 	2150 	2149
f 2145 	2149 	2143
f 1767 	1501 	1768
f 2139 	2150 	2159
f 2139 	2159 	2141
f 2133 	1539 	1611
f 2145 	2159 	2150
f 1936 	1976 	1434
f 2135 	2133 	1534
f 2142 	2147 	2144
f 2148 	2144 	2147
f 1976 	1462 	1434
f 1447 	2087 	2128
f 2167 	2144 	2148
f 1721 	1742 	1439
f 1534 	1540 	2135
f 2154 	2156 	2157
f 2167 	2146 	2158
f 2141 	2154 	2158
f 2157 	2158 	2154
f 2159 	2156 	2154
f 2159 	2154 	2141
f 2079 	2063 	2128
f 2156 	2173 	2157
f 2173 	1472 	2157
f 1451 	2079 	2128
f 2160 	2135 	1540
f 2161 	1802 	1801
f 2162 	2158 	2157
f 2086 	1476 	1451
f 2173 	2156 	2163
f 2159 	2163 	2156
f 1540 	1542 	2160
f 2163 	2152 	2173
f 2161 	2151 	1802
f 2144 	2165 	2166
f 2144 	2166 	2145
f 2136 	2029 	1447
f 1742 	1808 	2151
f 2141 	2158 	2146
f 2164 	2131 	2160
f 2166 	2159 	2145
f 2131 	2135 	2160
f 2144 	2167 	2165
f 2164 	2160 	1542
f 2152 	2166 	2165
f 2152 	2165 	2153
f 2158 	2162 	2167
f 2136 	1447 	2058
f 2163 	2159 	2166
f 2163 	2166 	2152
f 2087 	1447 	2029
f 2137 	2138 	1434
f 2165 	2167 	2162
f 2165 	2162 	2153
f 2136 	2057 	1618
f 1544 	2164 	1542
f 2136 	2058 	2057
f 1544 	1545 	2164
f 2162 	2157 	1472
f 1545 	1529 	2164
f 2138 	1485 	1434
f 1529 	2130 	2164
f 2130 	2129 	2164
f 1472 	1422 	2162
f 2153 	2162 	1422
f 2134 	2127 	2132
f 2152 	2153 	2171
f 2116 	2079 	2096
f 2118 	2132 	1979
f 2177 	2172 	2170
f 2173 	2171 	2170
f 2173 	2170 	2172
f 2152 	2171 	2173
f 1433 	2195 	2196
f 2196 	2175 	1436
f 2175 	1419 	1436
f 1420 	2176 	2177
f 2127 	2134 	2108
f 1504 	2127 	2112
f 1704 	2169 	2093
f 1979 	2132 	1971
f 2132 	2127 	1971
f 2170 	1422 	2177
f 2009 	1971 	2127
f 2170 	2171 	1422
f 1979 	1974 	2118
f 2177 	1422 	1420
f 2009 	2127 	2181
f 1422 	2171 	2153
f 2118 	1974 	2079
f 2175 	2176 	1419
f 2116 	2096 	2097
f 2169 	1704 	1732
f 2130 	1529 	2174
f 1591 	2174 	1529
f 2183 	2169 	2168
f 2179 	2183 	2178
f 2196 	1436 	1433
f 2116 	2097 	2180
f 2179 	2178 	1594
f 1594 	2178 	1438
f 2179 	1594 	2169
f 2182 	2190 	2175
f 2093 	2169 	1594
f 2180 	1515 	2116
f 1591 	1601 	2174
f 1467 	2182 	2211
f 2183 	2174 	1601
f 1412 	2178 	2183
f 2179 	2169 	2183
f 1472 	2185 	1474
f 1437 	1412 	2183
f 2172 	2185 	1472
f 2168 	2174 	2183
f 1626 	2184 	2187
f 2173 	2172 	1472
f 2187 	2188 	1632
f 2190 	1474 	2185
f 2130 	2174 	1556
f 2129 	2130 	1564
f 2177 	2185 	2172
f 1564 	2131 	2129
f 2188 	2189 	1632
f 1559 	2131 	1564
f 2189 	1624 	1622
f 1556 	1564 	2130
f 2168 	2169 	2191
f 2189 	2181 	1624
f 1632 	2189 	1622
f 1625 	2184 	1626
f 2185 	2177 	2176
f 2192 	2168 	2191
f 2168 	2192 	2174
f 2211 	1497 	1467
f 1639 	1671 	2192
f 2187 	2184 	1631
f 1631 	2186 	1629
f 2175 	2190 	2176
f 2184 	2186 	1631
f 2192 	1556 	2174
f 2190 	2185 	2176
f 2015 	2009 	2181
f 2181 	2189 	2015
f 1522 	1685 	1521
f 2189 	2188 	2015
f 2191 	2201 	2192
f 2188 	1630 	2015
f 1700 	1685 	1522
f 1705 	1677 	2202
f 1877 	2193 	1812
f 1705 	2202 	2207
f 2208 	1731 	2207
f 1556 	2192 	1671
f 2197 	2198 	1427
f 2197 	1428 	2192
f 1450 	2198 	2193
f 2193 	1638 	1450
f 2193 	2198 	2191
f 1739 	2203 	1737
f 2199 	1521 	1685
f 1666 	2180 	2204
f 1450 	1427 	2198
f 1686 	2202 	1677
f 2192 	1428 	1639
f 2197 	1427 	1428
f 2198 	2197 	2201
f 1528 	2199 	2200
f 1767 	1720 	2215
f 2201 	2191 	2198
f 2192 	2201 	2197
f 2181 	2127 	1624
f 1438 	2178 	1412
f 2204 	2180 	2097
f 2200 	2199 	2214
f 2205 	1686 	1737
f 2203 	2205 	1737
f 2202 	1686 	2205
f 2202 	2205 	2203
f 2206 	1485 	2202
f 2202 	1439 	2151
f 1739 	2204 	2203
f 2206 	2202 	2203
f 2204 	2206 	2203
f 2210 	2214 	2199
f 2200 	2214 	2212
f 2204 	2097 	1932
f 2194 	2200 	2212
f 2213 	2195 	2194
f 1733 	1731 	2208
f 1710 	1647 	1616
f 1617 	1710 	1616
f 2209 	1733 	2208
f 2210 	1734 	1619
f 2210 	2199 	1734
f 1733 	2209 	1719
f 2211 	2175 	2196
f 2155 	2208 	2161
f 1499 	2215 	2209
f 2155 	1499 	2209
f 2213 	2212 	1497
f 2155 	2209 	2208
f 2214 	2210 	1620
f 2202 	2151 	2207
f 2207 	2161 	2208
f 2212 	2214 	1500
f 2161 	2207 	2151
f 1720 	1719 	2209
f 2213 	2194 	2212
f 2211 	2213 	1497
f 1720 	2209 	2215
f 1546 	1547 	1446
f 2214 	1620 	1500
f 1547 	1579 	1446
f 1446 	1435 	1546
f 2195 	2213 	2211
f 2211 	2182 	2175
f 1617 	1619 	1734
f 1710 	1617 	1734
f 1685 	1734 	2199
f 2195 	2211 	2196
f 1459 	1528 	2200
f 1459 	2200 	2194
f 1459 	2194 	1433
# 1612 faces

 #end of obj_1

o obj_2
v 201.3763 		183.9725 		1.117
v 201.899 		183.9977 		1.1171
v 201.8294 		179.9983 		1.1085
v 200.8615 		183.8794 		1.1168
v 200.3632 		183.7198 		1.1164
v 199.8899 		183.4966 		1.1159
v 199.4499 		183.2135 		1.1153
v 199.0506 		182.8754 		1.1145
v 198.6988 		182.4881 		1.1137
v 198.4006 		182.0582 		1.1128
v 198.1611 		181.593 		1.1118
v 197.9843 		181.1006 		1.1107
v 197.8733 		180.5892 		1.1096
v 197.83 		180.0678 		1.1085
v 197.8552 		179.5452 		1.1074
v 197.9483 		179.0303 		1.1063
v 198.1078 		178.532 		1.1052
v 198.3311 		178.0588 		1.1042
v 198.6141 		177.6188 		1.1033
v 198.9522 		177.2194 		1.1025
v 199.3396 		176.8677 		1.1017
v 199.7695 		176.5695 		1.1011
v 200.2347 		176.3299 		1.1006
v 200.7271 		176.1532 		1.1003
v 201.2384 		176.0422 		1.1001
v 201.7599 		175.9989 		1.1
v 202.2825 		176.024 		1.1001
v 202.7974 		176.1172 		1.1003
v 203.2957 		176.2767 		1.1007
v 203.7689 		176.4999 		1.1012
v 204.2089 		176.783 		1.1018
v 204.6082 		177.1211 		1.1025
v 204.96 		177.5084 		1.1034
v 205.2582 		177.9383 		1.1043
v 205.4978 		178.4035 		1.1053
v 205.6745 		178.896 		1.1064
v 205.7855 		179.4073 		1.1075
v 205.8288 		179.9287 		1.1086
v 205.8037 		180.4513 		1.1097
v 205.7105 		180.9662 		1.1108
v 205.551 		181.4645 		1.1119
v 205.3278 		181.9377 		1.1129
v 205.0447 		182.3778 		1.1138
v 204.7066 		182.7771 		1.1146
v 204.3193 		183.1289 		1.1153
v 203.8893 		183.4271 		1.116
v 203.4242 		183.6666 		1.1164
v 202.9317 		183.8434 		1.1168
v 202.4204 		183.9544 		1.117
v 201.899 		184 		0.0171
v 201.3764 		183.9749 		0.017
v 201.8295 		180.0006 		0.0085
v 200.8615 		183.8817 		0.0168
v 200.3632 		183.7222 		0.0164
v 199.89 		183.499 		0.0159
v 199.45 		183.2159 		0.0153
v 199.0506 		182.8778 		0.0145
v 198.6989 		182.4905 		0.0137
v 198.4007 		182.0605 		0.0128
v 198.1611 		181.5954 		0.0118
v 197.9843 		181.1029 		0.0107
v 197.8734 		180.5916 		0.0096
v 197.8301 		180.0702 		0.0085
v 197.8552 		179.5475 		0.0074
v 197.9483 		179.0327 		0.0063
v 198.1079 		178.5344 		0.0052
v 198.3311 		178.0611 		0.0042
v 198.6142 		177.6211 		0.0033
v 198.9523 		177.2218 		0.0025
v 199.3396 		176.87 		0.0017
v 199.7695 		176.5718 		0.0011
v 200.2347 		176.3323 		0.0006
v 200.7272 		176.1555 		0.0003
v 201.2385 		176.0445 		0.0001
v 201.7599 		176.0012 		0
v 202.2825 		176.0264 		0.0001
v 202.7974 		176.1195 		0.0003
v 203.2957 		176.279 		0.0007
v 203.7689 		176.5023 		0.0012
v 204.209 		176.7854 		0.0018
v 204.6083 		177.1234 		0.0025
v 204.9601 		177.5108 		0.0034
v 205.2583 		177.9407 		0.0043
v 205.4978 		178.4059 		0.0053
v 205.6746 		178.8983 		0.0064
v 205.7856 		179.4096 		0.0075
v 205.8289 		179.9311 		0.0086
v 205.8037 		180.4537 		0.0097
v 205.7106 		180.9686 		0.0108
v 205.551 		181.4669 		0.0119
v 205.3278 		181.9401 		0.0129
v 205.0447 		182.3801 		0.0138
v 204.7066 		182.7794 		0.0146
v 204.3193 		183.1312 		0.0153
v 203.8894 		183.4294 		0.016
v 203.4242 		183.669 		0.0164
v 202.9318 		183.8457 		0.0168
v 202.4204 		183.9567 		0.017
# 98 vertices

g group_2_6383466

usemtl color_6383466
s 0

f 2217 	2216 	2218
f 2216 	2219 	2218
f 2219 	2220 	2218
f 2220 	2221 	2218
f 2221 	2222 	2218
f 2222 	2223 	2218
f 2223 	2224 	2218
f 2224 	2225 	2218
f 2225 	2226 	2218
f 2226 	2227 	2218
f 2227 	2228 	2218
f 2228 	2229 	2218
f 2229 	2230 	2218
f 2230 	2231 	2218
f 2231 	2232 	2218
f 2232 	2233 	2218
f 2233 	2234 	2218
f 2234 	2235 	2218
f 2235 	2236 	2218
f 2236 	2237 	2218
f 2237 	2238 	2218
f 2238 	2239 	2218
f 2239 	2240 	2218
f 2240 	2241 	2218
f 2241 	2242 	2218
f 2242 	2243 	2218
f 2243 	2244 	2218
f 2244 	2245 	2218
f 2245 	2246 	2218
f 2246 	2247 	2218
f 2247 	2248 	2218
f 2248 	2249 	2218
f 2249 	2250 	2218
f 2250 	2251 	2218
f 2251 	2252 	2218
f 2252 	2253 	2218
f 2253 	2254 	2218
f 2254 	2255 	2218
f 2255 	2256 	2218
f 2256 	2257 	2218
f 2257 	2258 	2218
f 2258 	2259 	2218
f 2259 	2260 	2218
f 2260 	2261 	2218
f 2261 	2262 	2218
f 2262 	2263 	2218
f 2263 	2264 	2218
f 2264 	2217 	2218
f 2266 	2265 	2267
f 2268 	2266 	2267
f 2269 	2268 	2267
f 2270 	2269 	2267
f 2271 	2270 	2267
f 2272 	2271 	2267
f 2273 	2272 	2267
f 2274 	2273 	2267
f 2275 	2274 	2267
f 2276 	2275 	2267
f 2277 	2276 	2267
f 2278 	2277 	2267
f 2279 	2278 	2267
f 2280 	2279 	2267
f 2281 	2280 	2267
f 2282 	2281 	2267
f 2283 	2282 	2267
f 2284 	2283 	2267
f 2285 	2284 	2267
f 2286 	2285 	2267
f 2287 	2286 	2267
f 2288 	2287 	2267
f 2289 	2288 	2267
f 2290 	2289 	2267
f 2291 	2290 	2267
f 2292 	2291 	2267
f 2293 	2292 	2267
f 2294 	2293 	2267
f 2295 	2294 	2267
f 2296 	2295 	2267
f 2297 	2296 	2267
f 2298 	2297 	2267
f 2299 	2298 	2267
f 2300 	2299 	2267
f 2301 	2300 	2267
f 2302 	2301 	2267
f 2303 	2302 	2267
f 2304 	2303 	2267
f 2305 	2304 	2267
f 2306 	2305 	2267
f 2307 	2306 	2267
f 2308 	2307 	2267
f 2309 	2308 	2267
f 2310 	2309 	2267
f 2311 	2310 	2267
f 2312 	2311 	2267
f 2313 	2312 	2267
f 2265 	2313 	2267
f 2216 	2217 	2216
f 2219 	2216 	2219
f 2220 	2219 	2220
f 2221 	2220 	2221
f 2222 	2221 	2222
f 2223 	2222 	2223
f 2224 	2223 	2224
f 2225 	2224 	2225
f 2226 	2225 	2226
f 2227 	2226 	2227
f 2228 	2227 	2228
f 2229 	2228 	2229
f 2230 	2229 	2230
f 2231 	2230 	2231
f 2232 	2231 	2232
f 2233 	2232 	2233
f 2234 	2233 	2234
f 2235 	2234 	2235
f 2236 	2235 	2236
f 2237 	2236 	2237
f 2238 	2237 	2238
f 2239 	2238 	2239
f 2240 	2239 	2240
f 2241 	2240 	2241
f 2242 	2241 	2242
f 2243 	2242 	2243
f 2244 	2243 	2244
f 2245 	2244 	2245
f 2246 	2245 	2246
f 2247 	2246 	2247
f 2248 	2247 	2248
f 2249 	2248 	2249
f 2250 	2249 	2250
f 2251 	2250 	2251
f 2252 	2251 	2252
f 2253 	2252 	2253
f 2254 	2253 	2254
f 2255 	2254 	2255
f 2256 	2255 	2256
f 2257 	2256 	2257
f 2258 	2257 	2258
f 2259 	2258 	2259
f 2260 	2259 	2260
f 2261 	2260 	2261
f 2262 	2261 	2262
f 2263 	2262 	2263
f 2264 	2263 	2264
f 2217 	2264 	2217
f 2216 	2217 	2266
f 2266 	2217 	2265
f 2219 	2216 	2268
f 2268 	2216 	2266
f 2220 	2219 	2269
f 2269 	2219 	2268
f 2221 	2220 	2270
f 2270 	2220 	2269
f 2222 	2221 	2271
f 2271 	2221 	2270
f 2223 	2222 	2272
f 2272 	2222 	2271
f 2224 	2223 	2273
f 2273 	2223 	2272
f 2225 	2224 	2274
f 2274 	2224 	2273
f 2226 	2225 	2275
f 2275 	2225 	2274
f 2227 	2226 	2276
f 2276 	2226 	2275
f 2228 	2227 	2277
f 2277 	2227 	2276
f 2229 	2228 	2278
f 2278 	2228 	2277
f 2230 	2229 	2279
f 2279 	2229 	2278
f 2231 	2230 	2280
f 2280 	2230 	2279
f 2232 	2231 	2281
f 2281 	2231 	2280
f 2233 	2232 	2282
f 2282 	2232 	2281
f 2234 	2233 	2283
f 2283 	2233 	2282
f 2235 	2234 	2284
f 2284 	2234 	2283
f 2236 	2235 	2285
f 2285 	2235 	2284
f 2237 	2236 	2286
f 2286 	2236 	2285
f 2238 	2237 	2287
f 2287 	2237 	2286
f 2239 	2238 	2288
f 2288 	2238 	2287
f 2240 	2239 	2289
f 2289 	2239 	2288
f 2241 	2240 	2290
f 2290 	2240 	2289
f 2242 	2241 	2291
f 2291 	2241 	2290
f 2243 	2242 	2292
f 2292 	2242 	2291
f 2244 	2243 	2293
f 2293 	2243 	2292
f 2245 	2244 	2294
f 2294 	2244 	2293
f 2246 	2245 	2295
f 2295 	2245 	2294
f 2247 	2246 	2296
f 2296 	2246 	2295
f 2248 	2247 	2297
f 2297 	2247 	2296
f 2249 	2248 	2298
f 2298 	2248 	2297
f 2250 	2249 	2299
f 2299 	2249 	2298
f 2251 	2250 	2300
f 2300 	2250 	2299
f 2252 	2251 	2301
f 2301 	2251 	2300
f 2253 	2252 	2302
f 2302 	2252 	2301
f 2254 	2253 	2303
f 2303 	2253 	2302
f 2255 	2254 	2304
f 2304 	2254 	2303
f 2256 	2255 	2305
f 2305 	2255 	2304
f 2257 	2256 	2306
f 2306 	2256 	2305
f 2258 	2257 	2307
f 2307 	2257 	2306
f 2259 	2258 	2308
f 2308 	2258 	2307
f 2260 	2259 	2309
f 2309 	2259 	2308
f 2261 	2260 	2310
f 2310 	2260 	2309
f 2262 	2261 	2311
f 2311 	2261 	2310
f 2263 	2262 	2312
f 2312 	2262 	2311
f 2264 	2263 	2313
f 2313 	2263 	2312
f 2217 	2264 	2265
f 2265 	2264 	2313
f 2266 	2265 	2266
f 2268 	2266 	2268
f 2269 	2268 	2269
f 2270 	2269 	2270
f 2271 	2270 	2271
f 2272 	2271 	2272
f 2273 	2272 	2273
f 2274 	2273 	2274
f 2275 	2274 	2275
f 2276 	2275 	2276
f 2277 	2276 	2277
f 2278 	2277 	2278
f 2279 	2278 	2279
f 2280 	2279 	2280
f 2281 	2280 	2281
f 2282 	2281 	2282
f 2283 	2282 	2283
f 2284 	2283 	2284
f 2285 	2284 	2285
f 2286 	2285 	2286
f 2287 	2286 	2287
f 2288 	2287 	2288
f 2289 	2288 	2289
f 2290 	2289 	2290
f 2291 	2290 	2291
f 2292 	2291 	2292
f 2293 	2292 	2293
f 2294 	2293 	2294
f 2295 	2294 	2295
f 2296 	2295 	2296
f 2297 	2296 	2297
f 2298 	2297 	2298
f 2299 	2298 	2299
f 2300 	2299 	2300
f 2301 	2300 	2301
f 2302 	2301 	2302
f 2303 	2302 	2303
f 2304 	2303 	2304
f 2305 	2304 	2305
f 2306 	2305 	2306
f 2307 	2306 	2307
f 2308 	2307 	2308
f 2309 	2308 	2309
f 2310 	2309 	2310
f 2311 	2310 	2311
f 2312 	2311 	2312
f 2313 	2312 	2313
f 2265 	2313 	2265
# 288 faces

 #end of obj_2

o obj_3
v 182.83 		280.483 		17.873
v 219.977 		280.4838 		14.241
v 220.094 		280.4838 		14.299
v 220.347 		286.4838 		12.379
v 220.3006 		286.4838 		12.3884
v 219.868 		280.4838 		14.168
v 219.769 		280.4838 		14.082
v 182.8956 		215.988 		0
v 184.125 		208.494 		0
v 183.41 		210.6 		0
v 182.976 		212.781 		0
v 219.683 		280.4838 		13.983
v 214.553 		206.5 		0
v 213.318 		204.651 		0
v 211.852 		202.979 		0
v 219.61 		280.4838 		13.874
v 219.4754 		286.4838 		13.373
v 219.552 		280.4838 		13.757
v 189.482 		201.513 		0
v 187.81 		202.979 		0
v 186.344 		204.651 		0
v 185.108 		206.5 		0
v 210.18 		201.513 		0
v 220.1393 		286.4838 		14.3142
v 208.331 		200.277 		0
v 219.51 		280.4838 		13.632
v 206.336 		199.294 		0
v 204.231 		198.579 		0
v 202.05 		198.145 		0
v 199.831 		198 		0
v 197.612 		198.145 		0
v 195.431 		198.579 		0
v 193.325 		199.294 		0
v 191.331 		200.277 		0
v 219.484 		280.4838 		13.504
v 220.094 		286.4838 		14.299
v 219.4811 		280.4838 		13.4611
v 219.4757 		280.4838 		13.373
v 215.537 		208.494 		6
v 216.252 		210.6 		6
v 216.685 		212.781 		6
v 216.831 		215 		6
v 216.7659 		215.989 		6
v 219.977 		286.4838 		14.241
v 196.341 		211.803 		6
v 196.371 		212.261 		6
v 196.395 		212.381 		6
v 220.478 		280.4838 		12.37
v 219.868 		286.4838 		14.168
v 220.609 		280.4838 		12.379
v 219.769 		286.4838 		14.082
v 220.651 		280.4838 		12.3875
v 219.683 		286.4838 		13.983
v 220.7377 		280.4838 		12.405
v 182.83 		286.483 		17.873
v 220.862 		280.4838 		12.447
v 219.61 		286.4838 		13.874
v 220.7787 		280.4838 		12.4188
v 219.552 		286.4838 		13.757
v 219.51 		286.4838 		13.632
v 182.83 		286.483 		3
v 220.979 		280.4838 		12.505
v 203.3 		212.3773 		6
v 203.323 		212.261 		6
v 219.484 		286.4838 		13.504
v 182.83 		286.458 		2.608
v 221.088 		280.4838 		12.578
v 182.83 		286.381 		2.224
v 182.83 		286.255 		1.852
v 182.83 		286.081 		1.5
v 203.353 		211.803 		6
v 182.83 		285.863 		1.174
v 182.83 		285.605 		0.879
v 182.83 		285.31 		0.62
v 219.4783 		286.4838 		13.4205
v 221.187 		280.4838 		12.664
v 221.273 		280.4838 		12.763
v 182.83 		284.983 		0.402
v 182.83 		284.631 		0.228
v 182.83 		284.26 		0.102
v 182.83 		283.875 		0.026
v 182.83 		283.483 		0
v 182.83 		283.092 		0.026
v 198.506 		208.564 		6
v 182.83 		283 		0.0442
v 182.83 		282.707 		0.102
v 221.346 		280.4838 		12.872
v 182.83 		282.335 		0.228
v 182.83 		281.983 		0.402
v 182.83 		281.657 		0.62
v 220.478 		286.4838 		12.37
v 182.83 		281.362 		0.879
v 182.83 		281.103 		1.174
v 198.094 		208.767 		6
v 221.404 		280.4838 		12.989
v 197.713 		209.022 		6
v 220.609 		286.4838 		12.379
v 197.368 		209.324 		6
v 221.446 		280.4838 		13.114
v 197.066 		209.669 		6
v 220.6906 		286.4838 		12.3956
v 196.811 		210.05 		6
v 221.404 		280.4838 		13.757
v 196.608 		210.462 		6
v 221.446 		280.4838 		13.632
v 220.7374 		286.4838 		12.405
v 196.461 		210.896 		6
v 221.346 		280.4838 		13.874
v 220.862 		286.4838 		12.447
v 220.8171 		286.4838 		12.4318
v 221.273 		280.4838 		13.983
v 182.83 		280.483 		3
v 221.187 		280.4838 		14.082
v 221.088 		280.4838 		14.168
v 182.83 		280.885 		1.5
v 220.979 		280.4838 		14.241
v 182.83 		280.712 		1.852
v 182.83 		280.586 		2.224
v 182.83 		280.509 		2.608
v 220.862 		280.4838 		14.299
v 220.979 		286.4838 		12.505
v 216.8307 		234.4617 		0
v 202.883 		210.05 		6
v 221.088 		286.4838 		12.578
v 202.629 		209.669 		6
v 191.609 		286.4832 		14.367
v 220.8211 		280.4838 		14.3128
v 221.187 		286.4838 		12.664
v 220.7377 		280.4838 		14.341
v 221.273 		286.4838 		12.763
v 220.6957 		280.4838 		14.3495
v 220.609 		280.4838 		14.367
v 221.346 		286.4838 		12.872
v 220.478 		280.4838 		14.375
v 221.404 		286.4838 		12.989
v 220.347 		280.4838 		14.367
v 220.3047 		280.4838 		14.3585
v 220.2187 		280.4838 		14.341
v 221.446 		286.4838 		13.114
v 221.404 		286.4838 		13.757
v 221.446 		286.4838 		13.632
v 202.326 		209.324 		6
v 221.472 		280.4838 		13.242
v 201.981 		209.022 		6
v 221.346 		286.4838 		13.874
v 221.4746 		280.4838 		13.2849
v 201.6 		208.767 		6
v 221.4807 		280.4838 		13.373
v 201.189 		208.564 		6
v 221.273 		286.4838 		13.983
v 221.472 		280.4838 		13.504
v 200.755 		208.417 		6
v 221.4781 		280.4838 		13.4159
v 200.305 		208.327 		6
v 221.187 		286.4838 		14.082
v 199.847 		208.297 		6
v 199.39 		208.327 		6
v 221.088 		286.4838 		14.168
v 198.94 		208.417 		6
v 193.828 		280.4832 		17.873
v 193.828 		280.4832 		7.37
v 220.979 		286.4838 		14.241
v 190.4786 		280.4832 		13.3301
v 203.234 		210.896 		6
v 190.4757 		280.4832 		13.373
v 203.086 		210.462 		6
v 220.862 		286.4838 		14.299
v 190.484 		280.4832 		13.242
v 190.51 		280.4832 		13.114
v 220.7823 		286.4838 		14.3258
v 196.371 		211.346 		6
v 190.552 		280.4832 		12.989
v 203.323 		211.346 		6
v 190.61 		280.4832 		12.872
v 220.7374 		286.4838 		14.341
v 190.683 		280.4832 		12.763
v 220.6558 		286.4838 		14.3576
v 220.609 		286.4838 		14.367
v 190.683 		280.4832 		13.983
v 190.61 		280.4832 		13.874
v 220.478 		286.4838 		14.375
v 190.552 		280.4832 		13.757
v 182.8956 		215.988 		6
v 182.976 		212.781 		6
v 220.347 		286.4838 		14.367
v 190.51 		280.4832 		13.632
v 183.41 		210.6 		6
v 184.125 		208.494 		6
v 190.484 		280.4832 		13.504
v 211.852 		202.979 		6
v 213.318 		204.651 		6
v 220.2648 		286.4838 		14.3504
v 214.553 		206.5 		6
v 220.2184 		286.4838 		14.341
v 190.4811 		280.4832 		13.4611
v 199.831 		198 		6
v 202.05 		198.145 		6
v 190.769 		280.4832 		12.664
v 204.231 		198.579 		6
v 206.336 		199.294 		6
v 208.331 		200.277 		6
v 210.18 		201.513 		6
v 190.868 		280.4832 		12.578
v 185.108 		206.5 		6
v 186.344 		204.651 		6
v 187.81 		202.979 		6
v 189.482 		201.513 		6
v 191.331 		200.277 		6
v 193.325 		199.294 		6
v 195.431 		198.579 		6
v 197.612 		198.145 		6
v 221.472 		286.4838 		13.242
v 216.7659 		215.989 		0
v 190.977 		280.4832 		12.505
v 216.831 		215 		0
v 216.685 		212.781 		0
v 221.4771 		286.4838 		13.3255
v 191.094 		280.4832 		12.447
v 216.252 		210.6 		0
v 215.537 		208.494 		0
v 191.2187 		280.4832 		12.405
v 221.4804 		286.4838 		13.373
v 191.1347 		280.4832 		12.4332
v 197.561 		211.827 		3.398
v 197.581 		212.128 		3.398
v 221.472 		286.4838 		13.504
v 221.4753 		286.4838 		13.4565
v 197.64 		212.425 		3.398
v 191.261 		280.4832 		12.3965
v 197.737 		212.711 		3.398
v 191.347 		280.4832 		12.379
v 197.87 		212.982 		3.398
v 198.038 		213.233 		3.398
v 191.478 		280.4832 		12.37
v 198.237 		213.46 		3.398
v 198.465 		213.659 		3.398
v 191.609 		280.4832 		12.379
v 198.716 		213.827 		3.398
v 191.651 		280.4832 		12.3875
v 228.2811 		280.5 		17.875
v 218.333 		280.5 		17.875
v 191.7377 		280.4832 		12.405
v 197.6153 		211.353 		3.398
v 197.581 		211.525 		3.398
v 218.333 		280.5 		20.375
v 198.987 		213.961 		3.398
v 199.273 		214.058 		3.398
v 189.494 		280.5 		34.71
v 191.862 		280.4832 		12.447
v 199.569 		214.117 		3.398
v 191.7787 		280.4832 		12.4188
v 191.731 		280.5 		36.672
v 199.871 		214.137 		3.398
v 200.172 		214.117 		3.398
v 194.205 		280.5 		38.325
v 200.469 		214.058 		3.398
v 196.874 		280.5 		39.641
v 200.755 		213.961 		3.398
v 191.979 		280.4832 		12.505
v 199.692 		280.5 		40.598
v 192.088 		280.4832 		12.578
v 202.611 		280.5 		41.178
v 201.026 		213.827 		3.398
v 205.58 		280.5 		41.373
v 192.187 		280.4832 		12.664
v 201.277 		213.659 		3.398
v 208.55 		280.5 		41.178
v 192.273 		280.4832 		12.763
v 201.504 		213.46 		3.398
v 192.346 		280.4832 		12.872
v 201.703 		213.233 		3.398
v 192.404 		280.4832 		12.989
v 201.871 		212.982 		3.398
v 192.446 		280.4832 		13.114
v 191.478 		286.4832 		14.375
v 192.472 		280.4832 		13.242
v 191.347 		286.4832 		14.367
v 191.2648 		286.4832 		14.3504
v 191.2184 		286.4832 		14.341
v 202.005 		212.711 		3.398
v 202.102 		212.425 		3.398
v 202.161 		212.128 		3.398
v 182.83 		280.5 		18.623
v 202.181 		211.827 		3.398
v 182.8792 		280.5 		17.875
v 202.161 		211.525 		3.398
v 183.025 		280.5 		21.592
v 202.1267 		211.353 		3.398
v 183.606 		280.5 		24.511
v 184.562 		280.5 		27.329
v 203.3 		211.353 		3.398
v 185.878 		280.5 		29.998
v 187.532 		280.5 		32.472
v 196.395 		211.353 		3.398
v 197.581 		212.128 		0
v 196.973 		233.434 		6
v 198.46 		233.236 		6
v 197.561 		211.827 		0
v 197.64 		212.425 		0
v 193.828 		286.4832 		7.37
v 197.737 		212.711 		0
v 197.87 		212.982 		0
v 190.4754 		286.4832 		13.373
v 198.038 		213.233 		0
v 190.4811 		286.4832 		13.2895
v 190.484 		286.4832 		13.242
v 198.237 		213.46 		0
v 190.51 		286.4832 		13.114
v 193.828 		280.5 		17.875
v 198.465 		213.659 		0
v 190.552 		286.4832 		12.989
v 193.828 		280.5 		20.375
v 198.716 		213.827 		0
v 190.61 		286.4832 		12.872
v 190.683 		286.4832 		12.763
v 216.83 		280.4837 		6
v 197.581 		211.525 		0
v 192.4746 		280.4832 		13.2849
v 198.987 		213.961 		0
v 191.1781 		280.4832 		14.3272
v 199.273 		214.058 		0
v 191.094 		280.4832 		14.299
v 190.683 		286.4832 		13.983
v 190.977 		280.4832 		14.241
v 199.569 		214.117 		0
v 190.61 		286.4832 		13.874
v 199.871 		214.137 		0
v 190.868 		280.4832 		14.168
v 190.552 		286.4832 		13.757
v 182.83 		280.483 		6
v 200.172 		214.117 		0
v 190.769 		280.4832 		14.082
v 190.51 		286.4832 		13.632
v 200.469 		214.058 		0
v 228.33 		285.31 		0.62
v 192.4807 		280.4832 		13.373
v 200.755 		213.961 		0
v 190.484 		286.4832 		13.504
v 192.472 		280.4832 		13.504
v 190.4783 		286.4832 		13.4205
v 192.4781 		280.4832 		13.4159
v 228.33 		285.605 		0.879
v 228.33 		285.864 		1.174
v 201.026 		213.827 		0
v 192.446 		280.4832 		13.632
v 228.33 		286.082 		1.5
v 190.769 		286.4832 		12.664
v 201.277 		213.659 		0
v 192.404 		280.4832 		13.757
v 192.346 		280.4832 		13.874
v 190.868 		286.4832 		12.578
v 201.504 		213.46 		0
v 228.33 		286.255 		1.852
v 192.273 		280.4832 		13.983
v 190.977 		286.4832 		12.505
v 201.703 		213.233 		0
v 192.187 		280.4832 		14.082
v 228.33 		286.381 		2.224
v 191.094 		286.4832 		12.447
v 201.871 		212.982 		0
v 192.088 		280.4832 		14.168
v 228.33 		286.458 		2.608
v 191.1731 		286.4832 		12.4202
v 191.2184 		286.4832 		12.405
v 202.005 		212.711 		0
v 191.979 		280.4832 		14.241
v 228.33 		286.484 		3
v 202.102 		212.425 		0
v 191.862 		280.4832 		14.299
v 202.161 		212.128 		0
v 191.8211 		280.4832 		14.3128
v 191.3006 		286.4832 		12.3884
v 201.81 		233.256 		6
v 191.347 		286.4832 		12.379
v 203.305 		233.376 		6
v 202.181 		211.827 		0
v 191.478 		286.4832 		12.37
v 191.7377 		280.4832 		14.341
v 202.161 		211.525 		0
v 191.609 		286.4832 		12.379
v 191.6957 		280.4832 		14.3495
v 191.609 		280.4832 		14.367
v 191.6906 		286.4832 		12.3956
v 191.7374 		286.4832 		12.405
v 191.478 		280.4832 		14.375
v 191.347 		280.4832 		14.367
v 191.3047 		280.4832 		14.3585
v 191.2187 		280.4832 		14.341
v 191.8171 		286.4832 		12.4318
v 191.862 		286.4832 		12.447
v 216.83 		283 		0
v 214.286 		280.5 		39.641
v 211.469 		280.5 		40.598
v 221.667 		280.5 		34.71
v 219.43 		280.5 		36.672
v 216.955 		280.5 		38.325
v 191.979 		286.4832 		12.505
v 192.088 		286.4832 		12.578
v 192.187 		286.4832 		12.664
v 228.33 		280.5 		18.623
v 228.136 		280.5 		21.592
v 227.555 		280.5 		24.511
v 226.599 		280.5 		27.329
v 225.282 		280.5 		29.998
v 223.629 		280.5 		32.472
v 192.273 		286.4832 		12.763
v 192.346 		286.4832 		12.872
v 192.404 		286.4832 		12.989
v 192.446 		286.4832 		13.114
v 192.472 		286.4832 		13.242
v 191.1393 		286.4832 		14.3142
v 191.094 		286.4832 		14.299
v 190.977 		286.4832 		14.241
v 190.868 		286.4832 		14.168
v 190.769 		286.4832 		14.082
v 196.395 		212.381 		3.915
v 228.33 		286.484 		17.873
v 192.4771 		286.4832 		13.3255
v 192.4804 		286.4832 		13.373
v 192.4753 		286.4832 		13.4565
v 192.472 		286.4832 		13.504
v 192.446 		286.4832 		13.632
v 192.404 		286.4832 		13.757
v 192.346 		286.4832 		13.874
v 228.33 		281.104 		1.174
v 192.273 		286.4832 		13.983
v 228.33 		281.362 		0.879
v 192.187 		286.4832 		14.082
v 196.395 		211.353 		3.915
v 228.33 		281.657 		0.62
v 192.088 		286.4832 		14.168
v 196.371 		212.261 		3.915
v 196.341 		211.803 		3.915
v 191.979 		286.4832 		14.241
v 228.33 		281.984 		0.402
v 191.862 		286.4832 		14.299
v 191.7823 		286.4832 		14.3258
v 228.33 		282.336 		0.228
v 203.3 		212.3773 		3.915
v 228.33 		282.707 		0.102
v 191.7374 		286.4832 		14.341
v 191.6558 		286.4832 		14.3576
v 203.3 		211.353 		3.915
v 228.33 		283.092 		0.026
v 203.323 		212.261 		3.915
v 203.353 		211.803 		3.915
v 228.33 		283.484 		0
v 218.333 		286.4838 		7.37
v 197.6153 		211.353 		3.915
v 228.33 		283.875 		0.026
v 202.1267 		211.353 		3.915
v 219.4811 		286.4838 		13.2895
v 219.484 		286.4838 		13.242
v 228.33 		284.26 		0.102
v 219.51 		286.4838 		13.114
v 228.33 		284.632 		0.228
v 219.552 		286.4838 		12.989
v 198.506 		208.564 		3.915
v 198.094 		208.767 		3.915
v 219.61 		286.4838 		12.872
v 228.33 		284.984 		0.402
v 197.713 		209.022 		3.915
v 219.683 		286.4838 		12.763
v 197.368 		209.324 		3.915
v 219.769 		286.4838 		12.664
v 197.066 		209.669 		3.915
v 219.868 		286.4838 		12.578
v 196.811 		210.05 		3.915
v 196.608 		210.462 		3.915
v 219.977 		286.4838 		12.505
v 196.461 		210.896 		3.915
v 228.33 		280.484 		3
v 220.094 		286.4838 		12.447
v 228.33 		280.509 		2.608
v 220.1731 		286.4838 		12.4202
v 220.2184 		286.4838 		12.405
v 202.883 		210.05 		3.915
v 228.33 		280.586 		2.224
v 202.629 		209.669 		3.915
v 228.33 		280.712 		1.852
v 202.326 		209.324 		3.915
v 228.33 		280.886 		1.5
v 201.981 		209.022 		3.915
v 182.83 		281.103 		1.174
v 182.83 		281.103 		1.174
v 182.83 		281.362 		0.879
v 201.6 		208.767 		3.915
v 201.189 		208.564 		3.915
v 200.755 		208.417 		3.915
v 182.83 		281.657 		0.62
v 200.305 		208.327 		3.915
v 199.847 		208.297 		3.915
v 182.83 		281.657 		0.62
v 199.39 		208.327 		3.915
v 182.83 		281.983 		0.402
v 198.94 		208.417 		3.915
v 193.828 		286.4832 		17.873
v 182.83 		282.335 		0.228
v 203.234 		210.896 		3.915
v 203.086 		210.462 		3.915
v 182.83 		283 		0
v 182.83 		282.335 		0.228
v 182.83 		282.707 		0.102
v 196.371 		211.346 		3.915
v 203.323 		211.346 		3.915
v 228.33 		280.484 		17.873
v 198.716 		209.826 		3.915
v 198.465 		209.994 		3.915
v 198.237 		210.194 		3.915
v 198.038 		210.421 		3.915
v 197.87 		210.672 		3.915
v 197.737 		210.943 		3.915
v 197.64 		211.229 		3.915
v 202.102 		211.229 		3.915
v 202.005 		210.943 		3.915
v 201.871 		210.672 		3.915
v 201.703 		210.421 		3.915
v 201.504 		210.194 		3.915
v 201.277 		209.994 		3.915
v 201.026 		209.826 		3.915
v 200.755 		209.693 		3.915
v 182.83 		280.483 		3
v 182.83 		280.483 		3
v 182.83 		280.509 		2.608
v 214.286 		286.5 		39.641
v 216.955 		286.5 		38.325
v 219.43 		286.5 		36.672
v 221.667 		286.5 		34.71
v 211.468 		286.5 		40.598
v 218.333 		286.5 		20.375
v 182.83 		280.586 		2.224
v 228.33 		286.5 		18.623
v 228.2811 		286.5 		17.875
v 218.333 		286.5 		17.875
v 182.83 		280.712 		1.852
v 223.629 		286.5 		32.472
v 225.282 		286.5 		29.998
v 226.599 		286.5 		27.329
v 227.555 		286.5 		24.511
v 228.136 		286.5 		21.592
v 205.58 		286.5 		41.373
v 208.55 		286.5 		41.178
v 189.494 		286.5 		34.71
v 191.731 		286.5 		36.672
v 194.205 		286.5 		38.325
v 182.83 		280.712 		1.852
v 196.874 		286.5 		39.641
v 182.83 		280.885 		1.5
v 199.692 		286.5 		40.598
v 202.611 		286.5 		41.178
v 193.828 		286.5 		20.375
v 182.83 		286.5 		18.623
v 183.025 		286.5 		21.592
v 183.606 		286.5 		24.511
v 184.562 		286.5 		27.329
v 185.878 		286.5 		29.998
v 187.532 		286.5 		32.472
v 200.469 		209.596 		3.915
v 193.828 		286.5 		17.875
v 196.973 		233.434 		8.342
v 182.8792 		286.5 		17.875
v 198.46 		233.236 		8.342
v 200.172 		209.537 		3.915
v 199.871 		209.517 		3.915
v 198.4264 		232.9844 		6
v 199.569 		209.537 		3.915
v 199.273 		209.596 		3.915
v 201.81 		233.256 		8.413
v 203.305 		233.376 		8.413
v 198.987 		209.693 		3.915
v 182.831 		215 		0
v 182.831 		215 		6
v 182.831 		215.988 		0
v 182.831 		215.988 		6
v 216.831 		215.989 		6
v 216.831 		215.989 		0
v 198.716 		209.826 		0
v 198.465 		209.994 		0
v 198.237 		210.194 		0
v 198.038 		210.421 		0
v 197.87 		210.672 		0
v 197.737 		210.943 		0
v 197.64 		211.229 		0
v 202.102 		211.229 		0
v 202.005 		210.943 		0
v 201.871 		210.672 		0
v 201.703 		210.421 		0
v 201.504 		210.194 		0
v 201.277 		209.994 		0
v 201.026 		209.826 		0
v 200.755 		209.693 		0
v 200.469 		209.596 		0
v 218.333 		286.4838 		17.873
v 200.172 		209.537 		0
v 199.871 		209.517 		0
v 199.569 		209.537 		0
v 199.273 		209.596 		0
v 198.987 		209.693 		0
v 196.395 		218.358 		6
v 203.3 		218.358 		6
v 204.13 		223.159 		6
v 202.635 		223.039 		6
v 203.3 		218.358 		3.398
v 196.395 		218.358 		3.398
v 204.13 		223.159 		8.413
v 202.635 		223.039 		8.413
v 197.085 		222.952 		6
v 195.598 		223.151 		6
v 197.085 		222.952 		8.342
v 195.598 		223.151 		8.342
v 201.8481 		232.7849 		6
v 218.333 		280.4838 		7.37
v 219.484 		280.4838 		13.242
v 219.51 		280.4838 		13.114
v 219.552 		280.4838 		12.989
v 219.61 		280.4838 		12.872
v 219.683 		280.4838 		12.763
v 219.769 		280.4838 		12.664
v 219.868 		280.4838 		12.578
v 219.977 		280.4838 		12.505
v 220.094 		280.4838 		12.447
v 220.2187 		280.4838 		12.405
v 220.1347 		280.4838 		12.4332
v 220.347 		280.4838 		12.379
v 220.261 		280.4838 		12.3965
v 219.4786 		280.4838 		13.3301
v 220.1781 		280.4838 		14.3272
v 216.83 		281.1037 		1.174
v 216.83 		281.362 		0.879
v 216.83 		281.2965 		0.9536
v 216.83 		281.657 		0.62
v 216.83 		281.9837 		0.402
v 216.83 		281.9014 		0.4571
v 216.83 		282.3357 		0.228
v 216.83 		282.707 		0.102
v 216.83 		282.613 		0.1338
v 216.83 		283 		0.0442
v 218.333 		280.4838 		17.873
v 216.83 		280.4837 		3
v 216.83 		280.509 		2.608
v 216.83 		280.5024 		2.7071
v 216.83 		280.586 		2.224
v 216.83 		280.712 		1.852
v 216.83 		280.8857 		1.5
v 216.83 		280.842 		1.589
# 645 vertices

g group_3_6383466

usemtl color_6383466
s 0

f 2374 	2314 	2368
f 2884 	2608 	2324
f 2328 	2899 	2327
f 2322 	2896 	2335
f 2333 	2893 	2332
f 2341 	2342 	2905
f 2907 	2905 	2342
f 2342 	2343 	2907
f 2909 	2908 	2343
f 2343 	2344 	2909
f 2344 	2345 	2910
f 2345 	2346 	2911
f 2890 	2911 	2346
f 2891 	2890 	2347
f 2332 	2891 	2347
f 2354 	2384 	2353
f 2355 	2377 	2354
f 2387 	2425 	2386
f 2374 	2379 	2425
f 2358 	2359 	2497
f 2885 	2497 	2359
f 2885 	2359 	2360
f 2381 	2425 	2379
f 2385 	2425 	2383
f 2386 	2425 	2385
f 2384 	2354 	2377
f 2377 	2355 	2376
f 2411 	2413 	2520
f 2393 	2394 	2392
f 2391 	2392 	2394
f 2391 	2394 	2395
f 2391 	2395 	2396
f 2391 	2396 	2398
f 2391 	2398 	2399
f 2391 	2399 	2401
f 2391 	2401 	2402
f 2391 	2402 	2403
f 2391 	2403 	2405
f 2391 	2405 	2406
f 2428 	2430 	2391
f 2406 	2428 	2391
f 2387 	2391 	2425
f 2518 	2519 	2415
f 2415 	2417 	2518
f 2381 	2382 	2425
f 2517 	2518 	2417
f 2314 	2374 	2425
f 2417 	2420 	2517
f 2500 	2501 	2484
f 2484 	2358 	2500
f 2431 	2391 	2430
f 2432 	2391 	2431
f 2425 	2391 	2432
f 2383 	2425 	2382
f 2887 	2835 	2886
f 2836 	2837 	2886
f 2497 	2500 	2358
f 2455 	2457 	2515
f 2460 	2462 	2513
f 2467 	2510 	2465
f 2465 	2512 	2462
f 2407 	2409 	2521
f 2522 	2523 	2397
f 2436 	2504 	2479
f 2515 	2503 	2438
f 2513 	2514 	2460
f 2512 	2513 	2462
f 2477 	2352 	2486
f 2486 	2353 	2384
f 2477 	2479 	2506
f 2356 	2376 	2355
f 2506 	2352 	2477
f 2469 	2509 	2467
f 2470 	2509 	2469
f 2457 	2460 	2514
f 2420 	2484 	2501
f 2501 	2517 	2420
f 2885 	2360 	2496
f 2520 	2521 	2409
f 2353 	2486 	2352
f 2506 	2479 	2504
f 2514 	2515 	2457
f 2438 	2455 	2515
f 2438 	2503 	2436
f 2504 	2436 	2503
f 2512 	2465 	2510
f 2519 	2520 	2413
f 2409 	2411 	2520
f 2521 	2522 	2407
f 2397 	2407 	2522
f 2472 	2397 	2523
f 2523 	2524 	2472
f 2510 	2467 	2509
f 2470 	2472 	2524
f 2509 	2470 	2524
f 2526 	2356 	2355
f 2526 	2355 	2528
f 2354 	2529 	2528
f 2354 	2528 	2355
f 2354 	2353 	2532
f 2354 	2532 	2529
f 2353 	2352 	2533
f 2353 	2533 	2532
f 2326 	2533 	2352
f 2917 	2607 	2541
f 2543 	2917 	2541
f 2545 	2917 	2543
f 2546 	2917 	2545
f 2548 	2917 	2546
f 2549 	2917 	2548
f 2551 	2917 	2549
f 2846 	2553 	2554
f 2625 	2843 	2558
f 2537 	2538 	2607
f 2560 	2917 	2559
f 2551 	2559 	2917
f 2563 	2566 	2917
f 2569 	2916 	2567
f 2566 	2567 	2916
f 2571 	2916 	2569
f 2579 	2916 	2576
f 2571 	2576 	2916
f 2582 	2916 	2579
f 2586 	2916 	2584
f 2594 	2916 	2593
f 2597 	2604 	2595
f 2600 	2866 	2596
f 2601 	2604 	2599
f 2602 	2866 	2600
f 2916 	2917 	2566
f 2582 	2584 	2916
f 2586 	2593 	2916
f 2595 	2604 	2594
f 2560 	2563 	2917
f 2916 	2594 	2604
f 2604 	2597 	2599
f 2606 	2870 	2605
f 2538 	2541 	2607
f 2557 	2537 	2607
f 2556 	2557 	2607
f 2608 	2538 	2537
f 2608 	2537 	2611
f 2561 	2870 	2606
f 2612 	2541 	2538
f 2612 	2538 	2608
f 2614 	2543 	2541
f 2614 	2541 	2612
f 2615 	2545 	2543
f 2615 	2543 	2614
f 2617 	2546 	2545
f 2617 	2545 	2615
f 2598 	2874 	2872
f 2620 	2548 	2546
f 2620 	2546 	2617
f 2872 	2622 	2598
f 2623 	2549 	2548
f 2623 	2548 	2620
f 2626 	2551 	2549
f 2626 	2549 	2623
f 2622 	2872 	2625
f 2630 	2557 	2556
f 2557 	2630 	2611
f 2557 	2611 	2537
f 2628 	2660 	2374
f 2639 	2368 	2636
f 2642 	2368 	2639
f 2646 	2368 	2642
f 2398 	2396 	2950
f 2653 	2368 	2651
f 2616 	2368 	2653
f 2664 	2668 	2374
f 2668 	2672 	2374
f 2672 	2676 	2374
f 2676 	2677 	2374
f 2677 	2685 	2374
f 2609 	2629 	2643
f 2887 	2496 	2643
f 2629 	2609 	2610
f 2878 	2924 	2610
f 2629 	2610 	2686
f 2629 	2686 	2688
f 2613 	2374 	2687
f 2685 	2687 	2374
f 2690 	2613 	2687
f 2551 	2626 	2559
f 2626 	2632 	2559
f 2634 	2560 	2559
f 2634 	2559 	2632
f 2560 	2634 	2563
f 2638 	2563 	2634
f 2563 	2638 	2640
f 2563 	2640 	2566
f 2660 	2664 	2374
f 2566 	2640 	2567
f 2644 	2567 	2640
f 2709 	2558 	2708
f 2705 	2558 	2709
f 2706 	2558 	2705
f 2715 	2716 	2558
f 2567 	2644 	2569
f 2647 	2569 	2644
f 2714 	2715 	2558
f 2706 	2580 	2558
f 2650 	2571 	2569
f 2650 	2569 	2647
f 2553 	2713 	2554
f 2558 	2554 	2713
f 2714 	2558 	2713
f 2717 	2718 	2558
f 2716 	2717 	2558
f 2718 	2707 	2558
f 2707 	2708 	2558
f 2719 	2613 	2712
f 2650 	2657 	2571
f 2576 	2571 	2657
f 2575 	2558 	2577
f 2573 	2558 	2575
f 2570 	2558 	2573
f 2606 	2625 	2561
f 2625 	2558 	2561
f 2568 	2558 	2570
f 2580 	2577 	2558
f 2576 	2657 	2579
f 2661 	2579 	2657
f 2568 	2565 	2558
f 2665 	2582 	2579
f 2665 	2579 	2661
f 2669 	2584 	2665
f 2582 	2665 	2584
f 2625 	2596 	2622
f 2565 	2561 	2558
f 2606 	2605 	2625
f 2605 	2603 	2625
f 2603 	2602 	2625
f 2602 	2600 	2625
f 2600 	2596 	2625
f 2598 	2622 	2596
f 2584 	2669 	2673
f 2584 	2673 	2586
f 2721 	2722 	2613
f 2678 	2593 	2673
f 2586 	2673 	2593
f 2723 	2613 	2722
f 2593 	2678 	2681
f 2593 	2681 	2594
f 2709 	2839 	2705
f 2708 	2839 	2709
f 2683 	2595 	2681
f 2594 	2681 	2595
f 2530 	2459 	2461
f 2726 	2368 	2725
f 2595 	2683 	2689
f 2595 	2689 	2597
f 2707 	2718 	2849
f 2727 	2368 	2726
f 2692 	2599 	2689
f 2597 	2689 	2599
f 2718 	2717 	2849
f 2853 	2715 	2714
f 2728 	2368 	2727
f 2714 	2713 	2845
f 2714 	2845 	2853
f 2731 	2613 	2723
f 2732 	2613 	2731
f 2846 	2845 	2553
f 2713 	2553 	2845
f 2735 	2810 	2734
f 2736 	2810 	2735
f 2757 	2950 	2396
f 2917 	2912 	2729
f 2741 	2810 	2739
f 2917 	2729 	2607
f 2607 	2729 	2742
f 2744 	2810 	2741
f 2745 	2359 	2358
f 2745 	2358 	2746
f 2747 	2810 	2744
f 2360 	2359 	2745
f 2360 	2745 	2729
f 2749 	2810 	2747
f 2746 	2742 	2745
f 2729 	2745 	2742
f 2754 	2810 	2750
f 2749 	2750 	2810
f 2376 	2913 	2752
f 2916 	2604 	2752
f 2756 	2752 	2604
f 2439 	2810 	2755
f 2752 	2758 	2377
f 2752 	2377 	2376
f 2759 	2384 	2377
f 2759 	2377 	2758
f 2754 	2755 	2810
f 2588 	2810 	2439
f 2384 	2759 	2818
f 2756 	2818 	2759
f 2756 	2759 	2758
f 2756 	2758 	2752
f 2756 	2604 	2764
f 2601 	2764 	2604
f 2742 	2762 	2556
f 2742 	2556 	2607
f 2397 	2809 	2771
f 2397 	2771 	2772
f 2397 	2772 	2407
f 2773 	2761 	2770
f 2407 	2772 	2775
f 2407 	2775 	2409
f 2777 	2411 	2775
f 2409 	2775 	2411
f 2768 	2770 	2761
f 2779 	2413 	2411
f 2779 	2411 	2777
f 2781 	2415 	2413
f 2781 	2413 	2779
f 2782 	2417 	2415
f 2782 	2415 	2781
f 2776 	2761 	2773
f 2784 	2420 	2417
f 2784 	2417 	2782
f 2786 	2761 	2783
f 2784 	2484 	2420
f 2788 	2761 	2786
f 2789 	2761 	2788
f 2778 	2761 	2776
f 2436 	2790 	2792
f 2436 	2792 	2438
f 2318 	2761 	2789
f 2438 	2792 	2794
f 2438 	2794 	2455
f 2317 	2761 	2318
f 2591 	2810 	2590
f 2886 	2861 	2798
f 2455 	2794 	2796
f 2455 	2796 	2457
f 2428 	2406 	2797
f 2799 	2803 	2886
f 2799 	2886 	2798
f 2457 	2796 	2800
f 2457 	2800 	2460
f 2798 	2406 	2405
f 2798 	2405 	2799
f 2460 	2800 	2801
f 2460 	2801 	2462
f 2725 	2368 	2724
f 2724 	2368 	2592
f 2591 	2592 	2810
f 2462 	2801 	2802
f 2462 	2802 	2465
f 2798 	2797 	2406
f 2803 	2808 	2886
f 2906 	2337 	2349
f 2465 	2802 	2804
f 2465 	2804 	2467
f 2590 	2810 	2588
f 2636 	2368 	2728
f 2799 	2405 	2803
f 2467 	2804 	2805
f 2467 	2805 	2469
f 2403 	2803 	2405
f 2469 	2805 	2807
f 2469 	2807 	2470
f 2803 	2806 	2808
f 2806 	2803 	2403
f 2470 	2807 	2809
f 2470 	2809 	2472
f 2733 	2810 	2732
f 2734 	2810 	2733
f 2739 	2810 	2737
f 2736 	2737 	2810
f 2613 	2732 	2810
f 2402 	2808 	2806
f 2402 	2806 	2403
f 2472 	2809 	2397
f 2372 	2906 	2370
f 2808 	2811 	2815
f 2815 	2816 	2886
f 2808 	2815 	2886
f 2477 	2818 	2812
f 2402 	2401 	2811
f 2402 	2811 	2808
f 2373 	2906 	2372
f 2364 	2906 	2362
f 2813 	2479 	2477
f 2813 	2477 	2812
f 2886 	2814 	2321
f 2613 	2690 	2693
f 2693 	2696 	2613
f 2613 	2696 	2697
f 2697 	2702 	2613
f 2710 	2613 	2703
f 2702 	2703 	2613
f 2711 	2712 	2613
f 2720 	2613 	2719
f 2721 	2613 	2720
f 2711 	2613 	2710
f 2886 	2816 	2814
f 2398 	2814 	2816
f 2378 	2906 	2373
f 2370 	2906 	2366
f 2790 	2436 	2479
f 2790 	2479 	2813
f 2814 	2398 	2704
f 2435 	2647 	2814
f 2817 	2484 	2784
f 2815 	2401 	2399
f 2815 	2399 	2816
f 2484 	2817 	2746
f 2484 	2746 	2358
f 2704 	2435 	2814
f 2388 	2330 	2906
f 2384 	2818 	2486
f 2815 	2811 	2401
f 2810 	2592 	2368
f 2646 	2651 	2368
f 2619 	2368 	2618
f 2618 	2368 	2616
f 2621 	2374 	2619
f 2627 	2374 	2624
f 2624 	2374 	2621
f 2368 	2619 	2374
f 2628 	2374 	2627
f 2404 	2410 	2761
f 2818 	2477 	2486
f 2419 	2680 	2414
f 2414 	2680 	2410
f 2399 	2398 	2816
f 2368 	2473 	2810
f 2378 	2348 	2350
f 2474 	2925 	2613
f 2821 	2772 	2820
f 2473 	2613 	2810
f 2671 	2785 	2666
f 2824 	2825 	2782
f 2781 	2779 	2823
f 2613 	2473 	2474
f 2410 	2404 	2363
f 2826 	2784 	2825
f 2363 	2365 	2410
f 2441 	2680 	2437
f 2655 	2656 	2791
f 2656 	2659 	2791
f 2787 	2791 	2659
f 2666 	2785 	2659
f 2675 	2785 	2671
f 2680 	2785 	2675
f 2784 	2826 	2762
f 2767 	2394 	2393
f 2443 	2680 	2441
f 2760 	2774 	2757
f 2763 	2767 	2774
f 2446 	2448 	2680
f 2774 	2769 	2391
f 2769 	2774 	2767
f 2760 	2763 	2774
f 2748 	2751 	2774
f 2648 	2655 	2791
f 2774 	2648 	2791
f 2738 	2740 	2774
f 2740 	2743 	2774
f 2748 	2774 	2743
f 2757 	2774 	2753
f 2751 	2753 	2774
f 2830 	2831 	2792
f 2794 	2792 	2831
f 2458 	2730 	2453
f 2425 	2643 	2314
f 2832 	2794 	2831
f 2468 	2730 	2463
f 2643 	2835 	2887
f 2833 	2796 	2832
f 2792 	2790 	2830
f 2471 	2730 	2468
f 2475 	2480 	2730
f 2834 	2800 	2833
f 2836 	2886 	2835
f 2480 	2483 	2730
f 2795 	2738 	2774
f 2425 	2835 	2643
f 2458 	2463 	2730
f 2793 	2795 	2774
f 2791 	2793 	2774
f 2819 	2785 	2730
f 2680 	2730 	2785
f 2787 	2659 	2785
f 2848 	2859 	2844
f 2837 	2844 	2886
f 2836 	2425 	2432
f 2836 	2432 	2837
f 2491 	2906 	2490
f 2841 	2849 	2864
f 2840 	2841 	2864
f 2839 	2840 	2864
f 2842 	2838 	2864
f 2836 	2835 	2425
f 2490 	2906 	2488
f 2906 	2730 	2488
f 2843 	2864 	2849
f 2855 	2842 	2864
f 2432 	2431 	2844
f 2432 	2844 	2837
f 2483 	2488 	2730
f 2494 	2906 	2491
f 2845 	2846 	2847
f 2845 	2847 	2843
f 2849 	2850 	2843
f 2850 	2851 	2843
f 2851 	2852 	2843
f 2852 	2853 	2843
f 2845 	2843 	2853
f 2844 	2430 	2848
f 2431 	2430 	2844
f 2505 	2906 	2498
f 2507 	2906 	2505
f 2838 	2839 	2864
f 2856 	2857 	2864
f 2857 	2858 	2864
f 2858 	2860 	2864
f 2860 	2862 	2864
f 2863 	2864 	2862
f 2854 	2864 	2863
f 2886 	2844 	2859
f 2886 	2859 	2861
f 2859 	2848 	2430
f 2854 	2855 	2864
f 2428 	2861 	2859
f 2428 	2859 	2430
f 2797 	2798 	2861
f 2871 	2801 	2834
f 2428 	2797 	2861
f 2867 	2868 	2864
f 2868 	2869 	2864
f 2869 	2870 	2864
f 2870 	2856 	2864
f 2866 	2867 	2864
f 2865 	2866 	2864
f 2865 	2864 	2872
f 2865 	2872 	2874
f 2873 	2875 	2610
f 2873 	2610 	2609
f 2842 	2706 	2705
f 2805 	2804 	2877
f 2876 	2802 	2871
f 2842 	2705 	2838
f 2839 	2838 	2705
f 2708 	2840 	2839
f 2875 	2878 	2610
f 2881 	2882 	2688
f 2881 	2688 	2686
f 2883 	2809 	2880
f 2321 	2612 	2884
f 2413 	2415 	2519
f 2324 	2497 	2884
f 2885 	2884 	2497
f 2820 	2771 	2883
f 2885 	2321 	2884
f 2897 	2692 	2533
f 2533 	2326 	2897
f 2898 	2897 	2326
f 2326 	2327 	2898
f 2611 	2324 	2608
f 2829 	2830 	2790
f 2790 	2813 	2829
f 2828 	2829 	2813
f 2813 	2812 	2828
f 2827 	2828 	2812
f 2614 	2321 	2615
f 2818 	2756 	2812
f 2764 	2827 	2812
f 2764 	2812 	2756
f 2615 	2321 	2617
f 2623 	2620 	2814
f 2321 	2814 	2620
f 2809 	2883 	2771
f 2771 	2820 	2772
f 2822 	2775 	2821
f 2784 	2782 	2825
f 2772 	2821 	2775
f 2696 	2693 	2552
f 2632 	2626 	2814
f 2632 	2814 	2634
f 2802 	2876 	2804
f 2801 	2871 	2802
f 2800 	2834 	2801
f 2796 	2833 	2800
f 2794 	2832 	2796
f 2876 	2877 	2804
f 2805 	2877 	2879
f 2880 	2807 	2879
f 2809 	2807 	2880
f 2805 	2879 	2807
f 2644 	2814 	2647
f 2782 	2781 	2824
f 2823 	2824 	2781
f 2822 	2823 	2779
f 2779 	2777 	2822
f 2775 	2822 	2777
f 2647 	2435 	2650
f 2650 	2435 	2657
f 2762 	2742 	2784
f 2817 	2784 	2742
f 2746 	2817 	2742
f 2820 	2911 	2890
f 2957 	2941 	2795
f 2820 	2890 	2891
f 2820 	2891 	2821
f 2657 	2435 	2661
f 2821 	2891 	2892
f 2821 	2892 	2822
f 2665 	2435 	2669
f 2893 	2823 	2822
f 2893 	2822 	2892
f 2669 	2435 	2673
f 2894 	2824 	2823
f 2894 	2823 	2893
f 2337 	2906 	2507
f 2349 	2357 	2906
f 2362 	2906 	2357
f 2366 	2906 	2364
f 2743 	2740 	2942
f 2895 	2825 	2824
f 2895 	2824 	2894
f 2678 	2526 	2681
f 2526 	2528 	2681
f 2525 	2680 	2452
f 2944 	2946 	2743
f 2683 	2681 	2528
f 2896 	2826 	2825
f 2896 	2825 	2895
f 2528 	2529 	2683
f 2826 	2896 	2556
f 2630 	2556 	2896
f 2448 	2452 	2680
f 2535 	2730 	2530
f 2530 	2730 	2525
f 2446 	2680 	2443
f 2945 	2947 	2748
f 2661 	2435 	2665
f 2626 	2623 	2814
f 2827 	2601 	2897
f 2948 	2753 	2949
f 2540 	2730 	2535
f 2678 	2673 	2526
f 2827 	2897 	2898
f 2827 	2898 	2828
f 2949 	2753 	2751
f 2617 	2321 	2620
f 2608 	2884 	2612
f 2612 	2321 	2614
f 2630 	2323 	2611
f 2828 	2898 	2899
f 2828 	2899 	2829
f 2454 	2453 	2730
f 2539 	2454 	2730
f 2730 	2540 	2539
f 2471 	2475 	2730
f 2324 	2611 	2323
f 2948 	2950 	2753
f 2829 	2899 	2900
f 2829 	2900 	2830
f 2906 	2494 	2498
f 2830 	2900 	2901
f 2830 	2901 	2831
f 2680 	2525 	2730
f 2831 	2901 	2902
f 2831 	2902 	2832
f 2832 	2902 	2903
f 2832 	2903 	2833
f 2891 	2332 	2892
f 2346 	2347 	2890
f 2833 	2903 	2904
f 2833 	2904 	2834
f 2893 	2333 	2894
f 2892 	2332 	2893
f 2423 	2680 	2419
f 2422 	2680 	2423
f 2437 	2680 	2434
f 2434 	2680 	2422
f 2761 	2410 	2680
f 2930 	2931 	2778
f 2834 	2904 	2905
f 2834 	2905 	2871
f 2894 	2334 	2895
f 2871 	2905 	2907
f 2871 	2907 	2876
f 2780 	2778 	2932
f 2876 	2907 	2908
f 2876 	2908 	2877
f 2378 	2388 	2906
f 2761 	2906 	2330
f 2766 	2761 	2765
f 2330 	2765 	2761
f 2768 	2761 	2766
f 2761 	2778 	2780
f 2780 	2783 	2761
f 2317 	2404 	2761
f 2877 	2908 	2909
f 2877 	2909 	2879
f 2879 	2909 	2910
f 2879 	2910 	2880
f 2899 	2328 	2900
f 2880 	2910 	2911
f 2880 	2911 	2883
f 2761 	2613 	2925
f 2883 	2911 	2820
f 2902 	2901 	2336
f 2951 	2906 	2925
f 2761 	2925 	2906
f 2532 	2533 	2692
f 2336 	2338 	2902
f 2762 	2826 	2556
f 2953 	2791 	2787
f 2338 	2340 	2903
f 2692 	2897 	2601
f 2764 	2601 	2827
f 2601 	2599 	2692
f 2335 	2517 	2322
f 2501 	2322 	2517
f 2905 	2904 	2341
f 2500 	2323 	2322
f 2500 	2322 	2501
f 2497 	2324 	2323
f 2497 	2323 	2500
f 2911 	2910 	2345
f 2910 	2909 	2344
f 2496 	2321 	2885
f 2352 	2506 	2326
f 2506 	2504 	2327
f 2506 	2327 	2326
f 2504 	2503 	2328
f 2504 	2328 	2327
f 2336 	2328 	2503
f 2901 	2900 	2336
f 2328 	2336 	2900
f 2898 	2327 	2899
f 2692 	2689 	2532
f 2689 	2683 	2529
f 2529 	2532 	2689
f 2343 	2509 	2524
f 2343 	2524 	2344
f 2524 	2523 	2345
f 2524 	2345 	2344
f 2340 	2341 	2904
f 2908 	2907 	2343
f 2904 	2903 	2340
f 2903 	2902 	2338
f 2523 	2522 	2346
f 2523 	2346 	2345
f 2522 	2521 	2347
f 2522 	2347 	2346
f 2323 	2630 	2322
f 2895 	2335 	2896
f 2896 	2322 	2630
f 2521 	2520 	2332
f 2521 	2332 	2347
f 2334 	2894 	2333
f 2335 	2895 	2334
f 2520 	2519 	2333
f 2520 	2333 	2332
f 2711 	2710 	2574
f 2518 	2334 	2333
f 2518 	2333 	2519
f 2517 	2335 	2334
f 2517 	2334 	2518
f 2503 	2515 	2336
f 2515 	2514 	2338
f 2515 	2338 	2336
f 2514 	2513 	2340
f 2514 	2340 	2338
f 2513 	2512 	2341
f 2513 	2341 	2340
f 2512 	2510 	2342
f 2512 	2342 	2341
f 2510 	2509 	2343
f 2510 	2343 	2342
f 2379 	2680 	2675
f 2886 	2321 	2496
f 2886 	2496 	2887
f 2888 	2356 	2526
f 2888 	2526 	2889
f 2915 	2920 	2913
f 2496 	2360 	2912
f 2376 	2356 	2913
f 2888 	2629 	2356
f 2707 	2841 	2840
f 2707 	2840 	2708
f 2707 	2849 	2841
f 2849 	2717 	2850
f 2851 	2850 	2716
f 2717 	2716 	2850
f 2852 	2851 	2715
f 2716 	2715 	2851
f 2715 	2853 	2852
f 2846 	2554 	2847
f 2361 	2363 	2404
f 2558 	2843 	2847
f 2558 	2847 	2554
f 2757 	2753 	2950
f 2870 	2561 	2856
f 2728 	2641 	2645
f 2565 	2857 	2856
f 2565 	2856 	2561
f 2857 	2565 	2858
f 2568 	2858 	2565
f 2570 	2860 	2858
f 2570 	2858 	2568
f 2860 	2570 	2862
f 2573 	2862 	2570
f 2575 	2863 	2862
f 2575 	2862 	2573
f 2920 	2921 	2912
f 2496 	2912 	2921
f 2912 	2913 	2920
f 2914 	2915 	2913
f 2913 	2356 	2914
f 2422 	2423 	2369
f 2863 	2575 	2854
f 2577 	2854 	2575
f 2634 	2814 	2638
f 2580 	2855 	2854
f 2580 	2854 	2577
f 2842 	2855 	2706
f 2394 	2767 	2763
f 2855 	2580 	2706
f 2526 	2673 	2435
f 2596 	2865 	2598
f 2874 	2598 	2865
f 2360 	2729 	2912
f 2866 	2865 	2596
f 2916 	2752 	2913
f 2602 	2867 	2866
f 2917 	2916 	2913
f 2917 	2913 	2912
f 2918 	2919 	2915
f 2918 	2915 	2914
f 2603 	2868 	2867
f 2603 	2867 	2602
f 2889 	2435 	2888
f 2629 	2888 	2435
f 2437 	2434 	2380
f 2914 	2356 	2688
f 2688 	2356 	2629
f 2889 	2526 	2435
f 2640 	2814 	2644
f 2868 	2603 	2869
f 2605 	2869 	2603
f 2882 	2918 	2914
f 2882 	2914 	2688
f 2437 	2380 	2389
f 2870 	2869 	2605
f 2921 	2609 	2496
f 2922 	2923 	2921
f 2922 	2921 	2920
f 2686 	2610 	2924
f 2952 	2954 	2785
f 2787 	2785 	2954
f 2609 	2643 	2496
f 2864 	2843 	2625
f 2609 	2921 	2923
f 2609 	2923 	2873
f 2625 	2872 	2864
f 2878 	2920 	2924
f 2915 	2924 	2920
f 2378 	2373 	2348
f 2643 	2629 	2474
f 2925 	2474 	2629
f 2920 	2878 	2922
f 2875 	2922 	2878
f 2638 	2814 	2640
f 2875 	2873 	2922
f 2923 	2922 	2873
f 2686 	2924 	2881
f 2924 	2915 	2919
f 2924 	2919 	2881
f 2918 	2882 	2919
f 2881 	2919 	2882
f 2929 	2928 	2925
f 2927 	2925 	2928
f 2930 	2929 	2925
f 2931 	2930 	2925
f 2655 	2386 	2656
f 2933 	2925 	2934
f 2932 	2925 	2933
f 2931 	2925 	2932
f 2935 	2925 	2938
f 2936 	2925 	2935
f 2934 	2925 	2936
f 2951 	2925 	2351
f 2451 	2951 	2940
f 2443 	2389 	2390
f 2443 	2390 	2446
f 2400 	2446 	2390
f 2316 	2951 	2315
f 2446 	2400 	2408
f 2319 	2315 	2951
f 2320 	2319 	2951
f 2408 	2448 	2446
f 2325 	2320 	2951
f 2453 	2418 	2416
f 2412 	2452 	2408
f 2329 	2325 	2951
f 2331 	2329 	2951
f 2339 	2331 	2951
f 2435 	2943 	2941
f 2941 	2957 	2435
f 2418 	2453 	2454
f 2350 	2951 	2351
f 2738 	2795 	2941
f 2463 	2421 	2424
f 2421 	2458 	2416
f 2348 	2339 	2951
f 2350 	2348 	2951
f 2435 	2942 	2943
f 2426 	2468 	2424
f 2463 	2424 	2468
f 2740 	2943 	2942
f 2427 	2471 	2426
f 2740 	2738 	2943
f 2941 	2943 	2738
f 2468 	2426 	2471
f 2365 	2785 	2367
f 2942 	2435 	2944
f 2429 	2475 	2427
f 2944 	2743 	2942
f 2480 	2475 	2433
f 2944 	2435 	2946
f 2946 	2435 	2945
f 2375 	2785 	2380
f 2693 	2690 	2550
f 2480 	2433 	2440
f 2480 	2440 	2483
f 2389 	2380 	2785
f 2748 	2743 	2946
f 2400 	2390 	2785
f 2390 	2389 	2785
f 2550 	2552 	2693
f 2946 	2945 	2748
f 2819 	2456 	2785
f 2945 	2435 	2947
f 2751 	2748 	2947
f 2416 	2819 	2421
f 2444 	2445 	2490
f 2435 	2704 	2948
f 2949 	2435 	2948
f 2950 	2948 	2704
f 2424 	2421 	2819
f 2491 	2490 	2445
f 2490 	2488 	2444
f 2424 	2819 	2426
f 2491 	2445 	2494
f 2427 	2426 	2819
f 2429 	2427 	2819
f 2949 	2947 	2435
f 2447 	2494 	2445
f 2951 	2442 	2819
f 2433 	2429 	2819
f 2751 	2947 	2949
f 2440 	2819 	2442
f 2433 	2819 	2440
f 2507 	2505 	2451
f 2450 	2451 	2505
f 2444 	2442 	2951
f 2445 	2444 	2951
f 2505 	2498 	2450
f 2447 	2951 	2449
f 2456 	2525 	2412
f 2951 	2450 	2449
f 2451 	2940 	2507
f 2456 	2459 	2525
f 2940 	2951 	2316
f 2450 	2951 	2451
f 2400 	2785 	2408
f 2530 	2525 	2459
f 2459 	2456 	2819
f 2412 	2785 	2456
f 2408 	2785 	2412
f 2461 	2819 	2466
f 2466 	2464 	2540
f 2539 	2540 	2464
f 2466 	2819 	2464
f 2416 	2418 	2819
f 2464 	2819 	2418
f 2760 	2395 	2763
f 2418 	2454 	2539
f 2447 	2445 	2951
f 2394 	2763 	2395
f 2461 	2459 	2819
f 2351 	2939 	2330
f 2375 	2369 	2785
f 2369 	2371 	2785
f 2371 	2367 	2785
f 2365 	2363 	2785
f 2361 	2925 	2363
f 2937 	2925 	2361
f 2539 	2464 	2418
f 2938 	2925 	2937
f 2927 	2926 	2925
f 2926 	2939 	2925
f 2939 	2351 	2925
f 2785 	2363 	2925
f 2768 	2926 	2927
f 2392 	2391 	2769
f 2478 	2314 	2476
f 2928 	2770 	2927
f 2768 	2927 	2770
f 2687 	2685 	2544
f 2925 	2629 	2785
f 2643 	2487 	2485
f 2928 	2773 	2770
f 2487 	2643 	2489
f 2511 	2489 	2643
f 2930 	2776 	2773
f 2776 	2930 	2778
f 2493 	2492 	2314
f 2952 	2785 	2629
f 2495 	2493 	2314
f 2952 	2629 	2435
f 2502 	2499 	2314
f 2499 	2495 	2314
f 2508 	2502 	2314
f 2931 	2932 	2778
f 2953 	2954 	2435
f 2934 	2786 	2783
f 2696 	2552 	2555
f 2787 	2954 	2953
f 2954 	2952 	2435
f 2932 	2933 	2780
f 2783 	2780 	2933
f 2527 	2643 	2531
f 2934 	2936 	2786
f 2958 	2956 	2435
f 2953 	2435 	2955
f 2783 	2933 	2934
f 2791 	2953 	2955
f 2534 	2536 	2643
f 2536 	2531 	2643
f 2955 	2435 	2956
f 2542 	2534 	2474
f 2643 	2474 	2534
f 2703 	2702 	2562
f 2793 	2955 	2956
f 2793 	2791 	2955
f 2552 	2550 	2474
f 2317 	2937 	2404
f 2958 	2435 	2957
f 2555 	2474 	2564
f 2935 	2938 	2789
f 2956 	2958 	2793
f 2795 	2793 	2958
f 2562 	2572 	2703
f 2795 	2958 	2957
f 2938 	2937 	2318
f 2317 	2318 	2937
f 2564 	2474 	2562
f 2474 	2572 	2562
f 2361 	2404 	2937
f 2578 	2712 	2574
f 2711 	2574 	2712
f 2940 	2316 	2337
f 2349 	2337 	2316
f 2574 	2474 	2578
f 2712 	2578 	2581
f 2583 	2581 	2474
f 2765 	2330 	2939
f 2587 	2585 	2474
f 2585 	2583 	2474
f 2316 	2357 	2349
f 2589 	2474 	2631
f 2589 	2587 	2474
f 2473 	2649 	2474
f 2721 	2720 	2585
f 2635 	2633 	2314
f 2637 	2635 	2314
f 2721 	2585 	2587
f 2645 	2641 	2314
f 2314 	2492 	2645
f 2383 	2659 	2656
f 2366 	2325 	2370
f 2315 	2357 	2316
f 2649 	2473 	2654
f 2370 	2329 	2372
f 2473 	2658 	2652
f 2379 	2675 	2671
f 2662 	2658 	2473
f 2663 	2662 	2473
f 2357 	2315 	2362
f 2319 	2362 	2315
f 2701 	2633 	2592
f 2724 	2592 	2633
f 2663 	2473 	2667
f 2374 	2680 	2379
f 2362 	2319 	2364
f 2320 	2364 	2319
f 2350 	2351 	2388
f 2330 	2388 	2351
f 2667 	2473 	2670
f 2633 	2635 	2724
f 2725 	2724 	2635
f 2679 	2674 	2473
f 2674 	2670 	2473
f 2350 	2388 	2378
f 2364 	2320 	2366
f 2325 	2366 	2320
f 2682 	2679 	2473
f 2637 	2726 	2635
f 2329 	2370 	2325
f 2691 	2684 	2473
f 2684 	2682 	2473
f 2694 	2691 	2473
f 2695 	2694 	2473
f 2372 	2329 	2331
f 2473 	2314 	2701
f 2365 	2414 	2410
f 2699 	2473 	2700
f 2372 	2331 	2373
f 2339 	2373 	2331
f 2367 	2419 	2414
f 2367 	2414 	2365
f 2700 	2473 	2701
f 2339 	2348 	2373
f 2371 	2369 	2423
f 2641 	2637 	2314
f 2633 	2701 	2314
f 2698 	2473 	2699
f 2698 	2695 	2473
f 2732 	2731 	2649
f 2367 	2371 	2419
f 2654 	2473 	2652
f 2631 	2474 	2649
f 2423 	2419 	2371
f 2734 	2733 	2652
f 2581 	2578 	2474
f 2572 	2474 	2574
f 2555 	2552 	2474
f 2550 	2547 	2474
f 2547 	2544 	2474
f 2544 	2542 	2474
f 2527 	2516 	2643
f 2369 	2375 	2422
f 2434 	2422 	2375
f 2591 	2590 	2700
f 2516 	2511 	2643
f 2482 	2481 	2643
f 2314 	2643 	2481
f 2476 	2314 	2481
f 2478 	2508 	2314
f 2485 	2482 	2643
f 2375 	2380 	2434
f 2734 	2652 	2735
f 2658 	2735 	2652
f 2392 	2769 	2393
f 2819 	2906 	2951
f 2730 	2906 	2819
f 2441 	2437 	2389
f 2393 	2769 	2767
f 2735 	2658 	2662
f 2443 	2441 	2389
f 2473 	2368 	2314
f 2761 	2680 	2613
f 2739 	2663 	2667
f 2448 	2408 	2452
f 2670 	2741 	2667
f 2648 	2391 	2387
f 2648 	2387 	2655
f 2386 	2655 	2387
f 2385 	2656 	2386
f 2453 	2416 	2458
f 2385 	2383 	2656
f 2929 	2773 	2928
f 2659 	2383 	2666
f 2463 	2458 	2421
f 2383 	2382 	2666
f 2666 	2382 	2671
f 2381 	2671 	2382
f 2773 	2929 	2930
f 2381 	2379 	2671
f 2489 	2511 	2660
f 2750 	2749 	2684
f 2374 	2613 	2680
f 2471 	2427 	2475
f 2398 	2950 	2704
f 2429 	2433 	2475
f 2750 	2684 	2691
f 2396 	2760 	2757
f 2440 	2442 	2483
f 2789 	2788 	2935
f 2935 	2788 	2936
f 2395 	2760 	2396
f 2439 	2755 	2695
f 2488 	2483 	2442
f 2788 	2786 	2936
f 2318 	2789 	2938
f 2698 	2588 	2695
f 2439 	2695 	2588
f 2442 	2444 	2488
f 2588 	2698 	2699
f 2391 	2648 	2774
f 2498 	2494 	2449
f 2447 	2449 	2494
f 2478 	2616 	2653
f 2592 	2591 	2701
f 2449 	2450 	2498
f 2765 	2939 	2926
f 2940 	2337 	2507
f 2525 	2452 	2412
f 2619 	2618 	2481
f 2461 	2535 	2530
f 2619 	2481 	2482
f 2540 	2535 	2466
f 2461 	2466 	2535
f 2624 	2482 	2485
f 2627 	2624 	2487
f 2485 	2487 	2624
f 2765 	2926 	2766
f 2627 	2487 	2489
f 2555 	2697 	2696
f 2766 	2926 	2768
f 2555 	2564 	2697
f 2564 	2562 	2702
f 2728 	2645 	2492
f 2702 	2697 	2564
f 2572 	2710 	2703
f 2639 	2492 	2493
f 2572 	2574 	2710
f 2493 	2495 	2639
f 2642 	2639 	2495
f 2581 	2719 	2712
f 2642 	2495 	2499
f 2719 	2581 	2720
f 2583 	2720 	2581
f 2583 	2585 	2720
f 2651 	2499 	2502
f 2723 	2722 	2589
f 2478 	2653 	2508
f 2589 	2631 	2723
f 2731 	2723 	2631
f 2502 	2508 	2651
f 2653 	2651 	2508
f 2511 	2516 	2660
f 2664 	2660 	2516
f 2527 	2668 	2516
f 2664 	2516 	2668
f 2527 	2531 	2668
f 2654 	2652 	2733
f 2733 	2732 	2654
f 2677 	2676 	2534
f 2534 	2542 	2677
f 2685 	2677 	2542
f 2736 	2662 	2737
f 2737 	2663 	2739
f 2542 	2544 	2685
f 2739 	2667 	2741
f 2741 	2670 	2674
f 2741 	2674 	2744
f 2744 	2674 	2747
f 2679 	2747 	2674
f 2682 	2749 	2679
f 2747 	2679 	2749
f 2687 	2544 	2547
f 2682 	2684 	2749
f 2754 	2750 	2691
f 2694 	2695 	2755
f 2755 	2754 	2694
f 2699 	2590 	2588
f 2700 	2701 	2591
f 2699 	2700 	2590
f 2476 	2618 	2616
f 2476 	2616 	2478
f 2476 	2481 	2618
f 2621 	2619 	2482
f 2621 	2482 	2624
f 2627 	2489 	2628
f 2628 	2489 	2660
f 2636 	2728 	2492
f 2636 	2492 	2639
f 2642 	2499 	2646
f 2646 	2499 	2651
f 2531 	2672 	2668
f 2536 	2534 	2676
f 2536 	2676 	2672
f 2531 	2536 	2672
f 2547 	2690 	2687
f 2547 	2550 	2690
f 2587 	2722 	2721
f 2587 	2589 	2722
f 2725 	2635 	2726
f 2637 	2641 	2726
f 2726 	2641 	2727
f 2727 	2641 	2728
f 2631 	2649 	2731
f 2649 	2654 	2732
f 2662 	2736 	2735
f 2663 	2737 	2662
f 2691 	2694 	2754
# 1294 faces

 #end of obj_3

o obj_4
v 191.089 		165.176 		0.051
v 191.939 		165.278 		0.051
v 248.546 		162.767 		0.681
v 244.621 		162.424 		0.68
v 244.831 		162.702 		0.681
v 247.719 		158.7705 		5.015
v 247.93 		158.8687 		5.015
v 244.831 		162.6998 		1.8068
v 248.291 		163.005 		0.682
v 244.831 		162.7012 		1.1044
v 240.272 		164.455 		7.1859
v 247.614 		158.7216 		5.015
v 192.794 		165.333 		0.051
v 249.017 		156.657 		3.603
v 193.65 		165.341 		0.051
v 250.069 		157.394 		3.604
v 240.353 		165.184 		7.188
v 240.269 		165.428 		7.188
v 244.8174 		162.683 		1.1042
v 244.5099 		159.8959 		4.498
v 249.003 		156.58 		2.265
v 184.133 		155.51 		0.03
v 244.4164 		160.0788 		4.498
v 240.678 		164.508 		7.186
v 183.558 		155.52 		0.03
v 240.6833 		164.455 		7.1859
v 244.6926 		159.6002 		4.498
v 244.775 		159.4828 		4.498
v 244.575 		159.7678 		4.498
v 244.773 		162.65 		1.104
v 244.915 		159.3328 		4.498
v 244.7852 		162.6404 		1.1038
v 245.013 		159.2278 		4.498
v 191.939 		165.262 		7.186
v 192.793 		165.317 		7.186
v 244.5856 		162.3577 		1.772
v 244.5917 		162.3686 		1.8091
v 244.6101 		162.4033 		1.1011
v 244.6027 		162.39 		1.1009
v 245.1246 		159.1372 		4.498
v 245.284 		159.0084 		4.498
v 249.023 		156.667 		2.711
v 193.65 		165.326 		7.186
v 244.621 		162.4223 		1.465
v 245.4599 		158.9024 		4.498
v 244.621 		162.4231 		1.1013
v 245.583 		158.8288 		4.498
v 184.558 		155.503 		0.03
v 245.904 		158.6928 		4.498
v 250.069 		157.401 		0.037
v 248.835 		162.335 		0.681
v 245.958 		167.118 		0.058
v 191.088 		165.161 		7.185
v 244.5997 		162.383 		1.8579
v 248.945 		162.198 		0.68
v 248.766 		162.497 		0.681
v 248.637 		162.617 		0.681
v 184.564 		155.853 		0.029
v 184.564 		155.853 		0.03
v 184.139 		155.86 		0.029
v 184.139 		155.86 		0.03
v 183.564 		155.87 		0.029
v 183.564 		155.87 		0.03
v 248.637 		162.618 		0.048
v 248.835 		162.336 		0.047
v 244.452 		162.119 		0.68
v 244.311 		161.618 		0.679
v 244.412 		161.948 		0.679
v 244.596 		162.394 		1.101
v 244.327 		161.794 		0.679
v 244.249 		161.454 		0.678
v 244.257 		161.278 		0.678
v 186.988 		163.973 		7.183
v 250.2904 		161.5241 		7.1805
v 182.558 		155.538 		0.03
v 190.245 		165.013 		7.185
v 250.2994 		161.4791 		7.1804
v 183.133 		155.528 		0.03
v 250.303 		161.461 		7.1804
v 188.588 		164.582 		7.184
v 249.992 		157.374 		0.037
v 187.78 		164.299 		7.183
v 189.411 		164.82 		7.184
v 250.1602 		162.0669 		7.1814
v 182.564 		155.888 		0.029
v 250.2532 		161.71 		7.1804
v 247.387 		165.939 		7.19
v 251.576 		161.935 		7.181
v 244.412 		161.949 		0.046
v 183.139 		155.878 		0.03
v 183.139 		155.878 		0.029
v 247.445 		165.959 		7.19
v 250.048 		157.396 		1.821
v 251.649 		161.851 		7.181
v 250.069 		157.399 		0.929
v 244.257 		161.28 		0.045
v 250.303 		160.546 		7.1784
v 250.3081 		160.6233 		7.1786
v 250.11 		157.395 		1.821
v 182.564 		155.888 		0.03
v 252.882 		164.308 		7.187
v 252.25 		165.788 		7.19
v 253.008 		164.516 		7.187
v 251.749 		161.833 		7.181
v 253.224 		164.963 		7.188
v 244.311 		161.62 		0.046
v 253.315 		165.201 		7.188
v 252.877 		165.826 		7.19
v 247.526 		166.074 		7.19
v 250.3116 		160.6764 		7.1786
v 249.545 		157.03 		0.036
v 247.493 		165.999 		7.19
v 247.526 		166.074 		7.19
v 247.526 		166.074 		7.19
v 249.069 		156.728 		0.036
v 249.019 		156.525 		0.035
v 247.526 		166.074 		7.19
v 250.333 		161.003 		7.1794
v 250.2831 		160.4466 		7.1781
v 244.4682 		162.1473 		1.0983
v 250.2462 		160.2621 		7.1775
v 246.179 		165.971 		7.19
v 184.543 		154.654 		0.027
v 240.733 		164.455 		7.1859
v 184.118 		154.661 		0.027
v 240.7397 		164.455 		7.1859
v 246.115 		166.023 		7.19
v 240.7489 		164.455 		7.1859
v 183.543 		154.671 		0.027
v 240.7613 		164.455 		7.1859
v 240.7776 		164.455 		7.1859
v 182.544 		154.688 		0.027
v 246.115 		166.023 		7.19
v 246.115 		166.023 		7.19
v 183.119 		154.678 		0.027
v 246.115 		166.023 		7.19
v 246.622 		165.978 		7.19
v 252.668 		164.024 		7.186
v 250.2184 		161.884 		7.1809
v 252.244 		163.642 		7.185
v 179.178 		156.37 		7.166
v 252.427 		163.774 		7.185
v 179.567 		157.132 		7.168
v 188.588 		164.597 		0.049
v 179.997 		157.872 		7.169
v 189.411 		164.835 		0.05
v 190.245 		165.029 		0.05
v 251.576 		161.935 		7.1809
v 251.576 		161.935 		7.1809
v 246.084 		166.099 		7.19
v 251.576 		161.935 		7.1809
v 252.813 		164.226 		0.052
v 252.25 		165.803 		0.055
v 244.218 		161.107 		0.678
v 252.877 		165.841 		0.055
v 253.065 		164.641 		0.053
v 250.213 		161.911 		7.181
v 246.094 		166.061 		6.298
v 244.293 		160.592 		0.677
v 253.315 		165.216 		0.054
v 244.251 		160.934 		0.677
v 244.237 		160.759 		0.677
v 244.303 		160.416 		0.676
v 244.382 		160.259 		0.676
v 241.232 		165.998 		7.19
v 246.199 		165.967 		6.298
v 240.728 		166.037 		7.19
v 186.988 		163.988 		0.048
v 180.558 		155.557 		7.163
v 187.78 		164.315 		0.049
v 180.486 		155.5584 		7.163
v 251.649 		161.853 		6.289
v 180.486 		155.5583 		7.163
v 180.5558 		155.557 		7.163
v 180.5559 		155.557 		7.163
v 180.5569 		155.557 		7.163
v 180.5569 		155.557 		7.163
v 251.577 		161.928 		5.398
v 181.133 		155.547 		7.163
v 246.0634 		164.455 		7.1864
v 246.2477 		164.455 		7.1869
v 246.2696 		164.4593 		7.1869
v 247.1671 		164.4867 		7.187
v 250.303 		160.546 		5.015
v 250.333 		161.003 		5.015
v 250.303 		161.461 		5.015
v 250.213 		161.911 		5.015
v 191.352 		159.271 		7.173
v 182.133 		155.53 		7.163
v 249.052 		160.1587 		5.015
v 191.947 		159.334 		7.173
v 192.546 		159.347 		7.173
v 246.4823 		164.4864 		7.1869
v 246.6537 		164.4977 		7.187
v 249.19 		160.7218 		5.015
v 249.154 		160.4917 		5.015
v 246.827 		164.509 		7.187
v 246.8623 		164.5067 		7.187
v 249.212 		161.0688 		5.015
v 249.2144 		161.1847 		5.015
v 249.208 		160.8367 		5.015
v 249.1863 		161.4155 		5.015
v 246.369 		164.479 		7.1869
v 252.882 		164.316 		3.619
v 190.763 		159.161 		7.172
v 249.1113 		161.7554 		5.015
v 249.0814 		161.8677 		5.015
v 181.558 		155.54 		7.163
v 249.172 		161.5307 		5.015
v 247.734 		164.39 		7.1864
v 247.592 		164.4181 		7.1865
v 248.9907 		162.0817 		5.015
v 247.5667 		164.4231 		7.1865
v 249.008 		156.643 		1.373
v 182.118 		154.681 		7.162
v 251.378 		159.446 		7.176
v 247.284 		164.479 		7.1867
v 247.3739 		164.4612 		7.1864
v 181.118 		154.698 		7.162
v 181.543 		154.691 		7.162
v 244.251 		160.935 		0.044
v 249.039 		156.698 		0.927
v 180.543 		154.708 		7.162
v 251.543 		159.995 		7.177
v 244.383 		160.261 		0.043
v 249.052 		156.712 		1.819
v 244.293 		160.593 		0.044
v 240.272 		164.455 		4.498
v 240.353 		165.19 		4.187
v 251.618 		160.077 		7.177
v 240.679 		164.514 		4.186
v 252.244 		163.658 		0.05
v 251.719 		160.091 		7.177
v 252.51 		163.869 		0.051
v 250.1223 		159.8282 		7.1765
v 252.339 		163.71 		3.618
v 250.1824 		160.0056 		7.1771
v 252.427 		163.781 		3.618
v 246.1 		166.054 		4.96
v 252.593 		163.942 		3.618
v 250.213 		160.096 		7.1772
v 180.119 		154.715 		7.162
v 254.496 		160.533 		7.179
v 254.51 		161.295 		7.18
v 254.089 		161.574 		7.181
v 246.143 		165.996 		5.406
v 249.476 		155.621 		0.033
v 179.544 		154.725 		7.162
v 179.119 		154.733 		7.162
v 190.763 		159.177 		0.038
v 249.575 		155.06 		0.032
v 253.089 		161.962 		7.182
v 252.75 		161.989 		7.182
v 249.554 		154.584 		0.031
v 246.199 		165.969 		5.406
v 246.199 		165.971 		4.291
v 178.83 		155.587 		7.164
v 249.465 		154.099 		0.03
v 249.554 		154.584 		0.0311
v 249.554 		154.584 		0.0311
v 254.066 		160.269 		7.178
v 251.249 		158.728 		7.175
v 253.539 		161.835 		7.181
v 251.165 		158.84 		7.175
v 251.17 		158.922 		7.175
v 247.277 		164.455 		4.498
v 247.277 		164.455 		5.015
v 191.352 		159.287 		0.038
v 243.377 		164.726 		2.505
v 246.827 		164.509 		5.015
v 249.554 		154.584 		0.0311
v 249.554 		154.584 		0.0311
v 247.734 		164.39 		5.015
v 249.554 		154.584 		0.0312
v 249.554 		154.584 		0.0312
v 247.284 		164.479 		5.015
v 249.554 		154.584 		0.0312
v 179.133 		155.582 		7.163
v 241.94 		165.838 		3.622
v 249.554 		154.584 		0.0312
v 180.133 		155.565 		7.163
v 191.947 		159.349 		0.038
v 246.2477 		164.455 		5.015
v 192.546 		159.363 		0.038
v 246.369 		164.479 		5.015
v 244.2375 		164.455 		7.1865
v 244.3656 		164.455 		7.1867
v 243.326 		164.723 		3.62
v 243.427 		164.736 		3.62
v 244.431 		165.489 		7.189
v 179.558 		155.575 		7.163
v 245.1686 		164.455 		7.1861
v 245.2153 		164.455 		7.1865
v 249.571 		155.169 		3.6
v 249.54 		155.398 		3.6
v 244.417 		165.589 		7.189
v 242.157 		165.757 		0.054
v 242.543 		165.516 		0.054
v 179.997 		157.888 		0.034
v 254.51 		161.295 		7.1794
v 248.339 		153.755 		0.029
v 249.36 		153.734 		0.029
v 254.51 		161.295 		7.1794
v 254.51 		161.295 		7.1794
v 248.63 		153.511 		0.029
v 243.427 		164.74 		1.836
v 243.388 		164.726 		1.836
v 244.35 		165.374 		7.188
v 244.7648 		164.455 		7.1864
v 252.15 		158.266 		7.174
v 244.9349 		164.455 		7.1862
v 244.397 		165.414 		7.188
v 248.063 		158.993 		0.673
v 247.93 		158.878 		0.673
v 247.762 		158.826 		0.673
v 244.9742 		164.455 		7.1862
v 247.614 		158.731 		0.673
v 248.063 		158.994 		0.04
v 247.762 		158.827 		0.04
v 243.236 		164.778 		0.052
v 244.431 		165.494 		4.513
v 243.444 		164.755 		0.052
v 188.555 		158.261 		7.17
v 189.622 		158.801 		7.172
v 189.078 		158.553 		7.171
v 179.178 		156.385 		0.031
v 179.567 		157.147 		0.033
v 251.178 		158.803 		6.283
v 243.891 		165.1 		0.053
v 247.321 		156.076 		7.169
v 247.256 		156.128 		7.169
v 248.005 		163.1957 		5.015
v 247.9016 		163.2484 		5.015
v 247.6943 		163.3537 		5.015
v 252.329 		158.128 		7.173
v 247.243 		157.5243 		7.1718
v 247.0487 		157.5116 		7.1718
v 247.196 		156.141 		7.169
v 247.4751 		163.4296 		5.015
v 246.827 		157.497 		7.1718
v 247.365 		163.4677 		5.015
v 247.277 		163.4857 		4.498
v 247.1638 		163.5075 		4.498
v 247.277 		163.4846 		5.015
v 251.215 		158.755 		5.391
v 246.6843 		157.5063 		7.1718
v 246.8826 		157.5006 		7.1718
v 246.813 		156.121 		7.169
v 190.185 		159.004 		7.172
v 246.069 		156.16 		7.169
v 247.022 		163.5348 		4.498
v 246.365 		157.5278 		7.1719
v 246.254 		157.55 		7.1719
v 246.1671 		157.55 		7.1719
v 246.369 		157.527 		7.1719
v 246.674 		163.5538 		4.498
v 247.105 		158.625 		0.673
v 246.4698 		163.5356 		4.498
v 251.583 		160.058 		5.394
v 247.281 		158.629 		0.673
v 247.44 		158.703 		0.673
v 247.44 		158.704 		0.04
v 247.105 		158.626 		0.039
v 246.1269 		163.477 		4.498
v 251.162 		158.88 		5.614
v 246.3264 		163.5228 		4.498
v 253.621 		160.065 		7.178
v 243.286 		164.741 		0.944
v 252.713 		159.901 		7.177
v 253.167 		159.932 		7.177
v 245.7957 		163.3714 		4.498
v 245.661 		163.3198 		4.498
v 245.9864 		163.4448 		4.498
v 245.356 		163.1508 		4.498
v 245.2412 		163.064 		4.498
v 245.0774 		162.9408 		4.498
v 182.133 		155.545 		0.03
v 244.933 		162.7964 		4.498
v 243.367 		164.728 		0.052
v 181.559 		155.555 		0.03
v 243.305 		164.734 		0.052
v 244.7077 		162.5306 		4.498
v 244.831 		162.6944 		4.498
v 251.618 		160.082 		4.502
v 182.14 		155.895 		0.029
v 244.5218 		162.2367 		4.498
v 244.621 		162.4158 		4.498
v 181.565 		155.905 		0.029
v 189.078 		158.568 		0.036
v 190.186 		159.019 		0.037
v 243.407 		164.735 		0.944
v 182.14 		155.895 		0.03
v 181.565 		155.905 		0.03
v 246.079 		158.679 		0.673
v 251.556 		160.029 		4.502
v 247.504 		166.024 		3.623
v 246.241 		158.611 		0.672
v 250.213 		160.096 		5.015
v 254.302 		161.449 		3.613
v 248.125 		158.9955 		5.015
v 246.1 		166.058 		3.177
v 248.2224 		159.0587 		5.015
v 246.129 		166.017 		2.731
v 248.3986 		159.2115 		5.015
v 248.486 		159.2877 		5.015
v 241.232 		166.005 		3.622
v 247.2695 		157.526 		7.1718
v 248.5621 		159.3751 		5.015
v 248.7144 		159.5507 		5.015
v 180.559 		155.573 		0.029
v 246.199 		165.975 		2.731
v 246.161 		165.989 		3.622
v 254.089 		161.582 		3.613
v 248.7775 		159.6477 		5.015
v 248.9044 		159.8427 		5.015
v 246.761 		158.595 		0.672
v 246.417 		158.613 		0.672
v 249.0031 		160.0536 		5.015
v 240.558 		164.738 		0.052
v 241.475 		165.972 		0.055
v 240.679 		164.523 		0.052
v 250.066 		159.662 		7.1762
v 250.0286 		159.586 		7.1761
v 181.134 		155.563 		0.03
v 240.401 		165.081 		0.053
v 241.107 		166.026 		0.055
v 240.729 		166.052 		0.055
v 253.202 		161.95 		3.614
v 246.417 		158.614 		0.039
v 246.761 		158.596 		0.039
v 249.9453 		159.4171 		7.1761
v 252.862 		162 		3.614
v 249.863 		159.25 		7.1755
v 249.8434 		159.2207 		7.1755
v 180.565 		155.922 		0.029
v 249.8648 		159.2536 		7.1755
v 249.608 		158.869 		7.1748
v 249.3346 		158.5567 		7.1742
v 181.14 		155.912 		0.029
v 181.14 		155.912 		0.03
v 247.479 		165.999 		0.055
v 247.527 		166.089 		0.055
v 247.284 		157.527 		7.1718
v 247.734 		157.617 		7.172
v 249.306 		158.524 		7.1742
v 249.1982 		158.4296 		7.1742
v 180.565 		155.922 		0.03
v 248.0635 		157.7286 		7.1722
v 247.367 		165.954 		0.055
v 248.961 		158.222 		7.1734
v 248.822 		158.1289 		7.1732
v 249.0536 		158.303 		7.1736
v 246.028 		156.157 		6.277
v 241.826 		165.881 		0.055
v 252.75 		162.004 		0.047
v 253.872 		161.707 		0.046
v 254.066 		160.284 		0.043
v 182.119 		154.696 		0.027
v 181.544 		154.706 		0.027
v 246.079 		158.68 		0.04
v 180.544 		154.723 		0.027
v 189.623 		158.816 		0.037
v 181.119 		154.713 		0.027
v 240.269 		165.443 		0.054
v 248.961 		158.222 		5.015
v 249.306 		158.524 		5.015
v 249.608 		158.869 		5.015
v 249.863 		159.25 		5.015
v 250.066 		159.662 		5.015
v 247.331 		156.064 		4.493
v 247.237 		156.14 		4.493
v 247.292 		156.11 		5.385
v 180.134 		155.58 		0.029
v 179.559 		155.59 		0.029
v 251.525 		162.155 		0.047
v 180.14 		155.93 		0.029
v 180.14 		155.93 		0.03
v 246.936 		158.574 		0.672
v 179.565 		155.94 		0.029
v 251.649 		161.866 		0.047
v 251.749 		161.848 		0.047
v 254.497 		160.548 		0.044
v 247.277 		157.55 		4.498
v 246.254 		157.55 		5.015
v 247.277 		157.55 		5.015
v 240.272 		158.5176 		7.174
v 240.272 		158.7027 		7.1744
v 246.369 		157.527 		5.015
v 179.565 		155.94 		0.03
v 251.589 		161.922 		0.047
v 247.407 		165.956 		1.393
v 246.827 		157.497 		5.015
v 246.587 		158.568 		0.672
v 179.134 		155.597 		0.029
v 253.202 		161.957 		0.047
v 178.831 		155.603 		0.029
v 247.284 		157.527 		5.015
v 247.734 		157.617 		5.015
v 246.115 		166.038 		0.055
v 246.084 		166.114 		0.055
v 244.9217 		157.55 		7.1716
v 244.7548 		157.55 		7.1715
v 244.6092 		157.55 		7.1717
v 179.14 		155.947 		0.029
v 244.105 		157.55 		7.1719
v 244.0124 		157.55 		7.1718
v 179.14 		155.947 		0.03
v 254.51 		161.311 		0.046
v 241.284 		158.5056 		4.498
v 240.272 		158.5232 		4.498
v 246.161 		165.997 		0.055
v 244.9769 		157.55 		7.1717
v 245.9783 		157.55 		7.1718
v 245.9392 		157.55 		7.1718
v 245.983 		156.132 		7.169
v 180.119 		154.731 		0.027
v 246.24 		165.974 		0.055
v 246.804 		165.99 		0.055
v 241.1671 		158.4406 		4.498
v 241.0805 		158.3885 		4.498
v 179.544 		154.741 		0.027
v 240.973 		158.2941 		4.498
v 240.8943 		158.2206 		4.498
v 251.583 		161.928 		1.384
v 179.119 		154.748 		0.027
v 240.8118 		158.1168 		4.498
v 211.175 		159.022 		7.195
v 211.279 		165.005 		7.217
v 231.276 		164.657 		7.217
v 231.172 		158.674 		7.196
v 230.5289 		164.6688 		7.217
v 230.5281 		164.677 		9.442
v 230.529 		164.6686 		7.217
v 251.649 		161.863 		1.83
v 230.61 		163.846 		9.442
v 230.61 		163.846 		7.2141
v 225.1695 		158.7709 		9.513
v 225.311 		159.99 		9.513
v 245.921 		156.067 		6.277
v 225.3071 		164.7684 		9.442
v 225.3076 		164.7633 		8.0714
v 225.447 		163.338 		9.442
v 225.3079 		164.7602 		7.217
v 225.447 		163.338 		7.212
v 244.261 		156.592 		7.17
v 230.401 		159.4 		9.513
v 230.318 		158.6806 		9.513
v 230.3475 		158.9364 		7.1969
v 230.401 		159.4 		7.1985
v 244.278 		156.693 		7.17
v 228.0257 		159.6753 		7.1993
v 188.555 		158.276 		0.036
v 225.7027 		163.3632 		7.2121
v 246.105 		166.052 		1.839
v 246.199 		165.976 		1.839
v 226.1619 		164.7452 		7.217
v 225.3725 		160.5197 		7.2021
v 244.246 		156.768 		7.17
v 251.687 		161.85 		0.938
v 253.652 		161.809 		0.047
v 225.311 		159.99 		7.2002
v 225.1703 		158.7784 		7.1957
v 240.843 		158.18 		0.038
v 241.284 		158.515 		0.039
v 186.748 		156.721 		0.032
v 187.151 		157.163 		0.033
v 187.588 		157.572 		0.034
v 188.057 		157.944 		0.035
v 245.164 		159.145 		0.674
v 245.013 		159.236 		0.674
v 187.588 		157.557 		7.169
v 188.057 		157.929 		7.17
v 244.267 		156.734 		6.278
v 249.215 		161.194 		0.678
v 245.164 		159.146 		0.04
v 187.15 		157.148 		7.168
v 249.104 		161.702 		0.679
v 249.172 		161.54 		0.679
v 249.17 		161.364 		0.678
v 241.053 		158.376 		0.039
v 186.747 		156.706 		7.167
v 252.329 		158.136 		3.606
v 252.243 		158.21 		3.606
v 244.431 		165.498 		2.73
v 244.397 		165.422 		3.621
v 249.104 		161.704 		0.046
v 249.17 		161.366 		0.045
v 244.433 		165.537 		3.621
v 252.826 		159.901 		3.61
v 252.939 		159.907 		3.61
v 245.926 		156.078 		4.939
v 244.417 		160.087 		0.675
v 244.695 		159.647 		0.675
v 244.517 		159.942 		0.675
v 244.575 		159.776 		0.675
v 253.281 		159.968 		3.61
v 244.517 		159.944 		0.042
v 244.277 		156.646 		4.94
v 244.695 		159.649 		0.042
v 244.247 		156.774 		4.495
v 244.275 		156.719 		4.494
v 244.397 		165.424 		2.729
v 253.733 		160.127 		0.043
v 184.033 		162.269 		0.044
v 253.395 		160.004 		0.043
v 184.736 		162.759 		0.045
v 225.7797 		159.9357 		7.2
v 230.3189 		158.6888 		7.196
v 253.053 		159.931 		0.043
v 225.1703 		158.7785 		7.195
v 244.431 		165.504 		0.054
v 244.417 		165.605 		0.054
v 243.752 		157.115 		7.171
v 185.464 		163.209 		0.046
v 186.216 		163.62 		0.047
v 243.2 		157.504 		7.172
v 252.826 		159.909 		0.043
v 243.3716 		157.55 		7.1712
v 243.2367 		157.55 		7.1721
v 243.1115 		157.55 		7.1721
v 244.397 		165.43 		0.054
v 253.733 		160.127 		0.0435
v 248.992 		162.028 		0.68
v 253.733 		160.127 		0.0435
v 253.733 		160.127 		0.0435
v 230.3189 		158.6889 		7.195
v 249.082 		161.877 		0.68
v 253.733 		160.127 		0.0435
v 248.891 		168.532 		7.195
v 253.733 		160.127 		0.0435
v 253.733 		160.127 		0.0435
v 242.9502 		157.55 		7.1713
v 249.778 		167.428 		7.193
v 249.731 		167.793 		7.194
v 243.108 		157.46 		7.171
v 252.714 		159.916 		0.043
v 249.613 		168.283 		7.195
v 248.992 		162.029 		0.047
v 248.992 		162.029 		0.047
v 248.992 		162.029 		0.047
v 248.992 		162.029 		0.047
v 244.247 		156.772 		5.386
v 184.033 		162.254 		7.179
v 186.215 		163.604 		7.182
v 185.464 		163.194 		7.181
v 243.317 		157.475 		7.171
v 184.736 		162.743 		7.18
v 243.3898 		157.55 		7.1712
v 249.154 		160.501 		0.677
v 249.158 		160.677 		0.677
v 249.208 		160.846 		0.677
v 244.775 		159.491 		0.674
v 249.188 		161.02 		0.678
v 244.912 		159.38 		0.674
v 244.912 		159.381 		0.041
v 248.078 		167.776 		7.194
v 244.419 		165.463 		0.946
v 248.407 		168.133 		7.194
v 251.889 		165.724 		7.19
v 249.052 		160.168 		0.676
v 249.08 		160.342 		0.676
v 251.045 		165.353 		7.189
v 251.335 		165.531 		7.189
v 247.351 		156 		7.169
v 247.478 		154.996 		7.166
v 247.526 		154.834 		7.166
v 247.71 		154.474 		7.165
v 244.384 		165.41 		1.837
v 249.08 		160.343 		0.043
v 249.158 		160.679 		0.044
v 249.188 		161.022 		0.045
v 244.419 		165.461 		1.838
v 244.433 		165.541 		1.838
v 245.284 		159.016 		0.673
v 249.663 		166.393 		7.191
v 245.753 		158.791 		0.673
v 250.327 		164.639 		7.187
v 245.446 		158.947 		0.673
v 249.734 		166.607 		7.191
v 249.782 		166.951 		7.192
v 245.583 		158.837 		0.673
v 245.904 		158.701 		0.673
v 242.39 		156.746 		7.17
v 250.256 		164.598 		7.187
v 250.118 		164.624 		7.187
v 242.1 		156.568 		7.169
v 250.154 		164.606 		6.295
v 245.446 		158.949 		0.04
v 245.753 		158.792 		0.04
v 247.993 		154.091 		7.164
v 183.358 		161.727 		7.178
v 247.522 		163.398 		0.683
v 247.839 		163.263 		0.682
v 247.695 		163.363 		0.683
v 248.317 		168.056 		3.627
v 243.16 		157.497 		5.388
v 182.713 		161.164 		7.176
v 247.189 		163.487 		0.683
v 247.365 		163.477 		0.683
v 248.152 		167.877 		3.627
v 248.005 		163.205 		0.682
v 245.909 		156.025 		7.169
v 245.618 		154.712 		7.166
v 247.839 		163.264 		0.049
v 249.705 		166.505 		3.624
v 243.241 		157.508 		5.388
v 245.432 		154.416 		7.165
v 247.189 		163.488 		0.05
v 247.522 		163.399 		0.05
v 249.735 		166.615 		3.624
v 245.748 		155.026 		7.166
v 249.774 		166.842 		3.624
v 249.189 		165.331 		7.189
v 248.168 		164.242 		7.1862
v 249.788 		167.315 		3.625
v 241.6042 		157.55 		7.1716
v 241.76 		157.55 		7.1715
v 241.412 		157.55 		7.1713
v 249.684 		164.984 		7.188
v 241.1243 		157.55 		7.1711
v 240.8576 		157.55 		7.1714
v 240.121 		156.898 		7.17
v 240.558 		156.273 		7.169
v 241.185 		156.311 		7.169
v 240.314 		157.364 		7.171
v 182.714 		161.179 		0.042
v 183.359 		161.742 		0.043
v 248.892 		168.547 		0.061
v 240.6564 		157.55 		7.1715
v 240.4188 		157.55 		7.1714
v 240.7223 		157.55 		7.1715
v 241.546 		156.375 		7.169
v 249.613 		168.299 		0.06
v 249.75 		167.686 		0.059
v 248.078 		167.792 		0.059
v 252.561 		157.87 		7.173
v 180.467 		158.588 		7.171
v 180.975 		159.277 		7.172
v 252.707 		156.062 		7.169
v 252.824 		157.472 		7.172
v 251.544 		160.016 		2.718
v 253.166 		156.671 		7.17
v 181.52 		159.937 		7.174
v 182.1 		160.567 		7.175
v 251.544 		160.014 		3.61
v 245.201 		154.14 		7.164
v 248.407 		168.148 		0.06
v 249.175 		165.507 		7.189
v 241.8831 		157.55 		7.1718
v 249.16 		165.47 		6.297
v 251.599 		160.077 		2.718
v 246.0611 		163.4678 		1.7389
v 249.201 		165.316 		6.297
v 246.0395 		163.4631 		1.6044
v 246.2314 		163.5082 		1.1094
v 251.648 		160.097 		1.827
v 251.556 		160.035 		1.826
v 246.0601 		163.4688 		1.1099
v 240.6662 		157.9543 		4.498
v 249.155 		165.429 		6.297
v 240.5799 		157.8324 		4.498
v 240.5068 		157.718 		4.498
v 182.1 		160.582 		0.04
v 240.4121 		157.55 		4.498
v 180.975 		159.292 		0.037
v 181.52 		159.952 		0.039
v 244.939 		153.881 		7.164
v 249.189 		165.335 		5.405
v 244.544 		153.567 		7.163
v 246.058 		163.477 		1.11
v 243.704 		154.306 		7.165
v 243.772 		155.705 		7.168
v 243.701 		155.491 		7.167
v 243.645 		155.031 		7.166
v 251.719 		160.106 		0.043
v 251.319 		159.29 		0.041
v 180.467 		158.603 		0.036
v 247.274 		156.125 		3.601
v 247.274 		156.127 		2.71
v 247.341 		156.048 		3.601
v 251.618 		160.092 		0.043
v 246.847 		163.529 		0.683
v 186.382 		156.232 		7.166
v 247.022 		163.543 		0.683
v 246.674 		163.562 		0.683
v 246.847 		163.53 		0.05
v 251.544 		160.022 		0.043
v 243.822 		153.815 		7.164
v 246.048 		156.168 		3.602
v 248.168 		164.242 		5.015
v 241.997 		156.526 		3.602
v 251.235 		163.062 		7.184
v 251.264 		163.159 		7.184
v 251.568 		160.054 		0.935
v 251.327 		163.212 		7.184
v 251.599 		160.081 		0.935
v 251.544 		160.02 		0.935
v 252.884 		157.382 		0.037
v 252.699 		157.693 		0.038
v 243.18 		157.505 		4.05
v 252.409 		158.061 		0.039
v 249.664 		166.409 		0.056
v 243.141 		157.495 		2.712
v 185.705 		155.475 		7.164
v 251.484 		162.317 		7.182
v 185.776 		155.497 		7.164
v 185.843 		155.528 		7.164
v 246.502 		163.523 		0.683
v 243.281 		157.504 		2.712
v 246.162 		163.469 		0.683
v 246.327 		163.531 		0.683
v 246.162 		163.47 		0.05
v 246.503 		163.524 		0.05
v 251.168 		158.896 		0.04
v 185.963 		155.615 		7.165
v 243.752 		157.13 		0.036
v 186.055 		155.731 		7.165
v 252.151 		158.281 		0.039
v 243.28 		157.505 		0.037
v 243.18 		157.516 		0.037
v 251.312 		162.832 		7.183
v 251.188 		158.798 		0.04
v 247.274 		156.132 		0.034
v 247.321 		156.092 		0.034
v 243.109 		157.475 		0.037
v 251.249 		158.743 		0.04
v 243.109 		157.475 		0.0371
v 243.109 		157.475 		0.0371
v 245.7675 		163.3655 		2.2447
v 243.109 		157.475 		0.0371
v 247.341 		156.052 		1.818
v 247.237 		156.146 		1.595
v 247.274 		156.13 		0.926
v 251.235 		163.065 		5.4
v 251.264 		163.163 		5.4
v 245.488 		163.2281 		2.5433
v 251.254 		163.147 		4.508
v 243.109 		157.475 		0.0371
v 243.109 		157.475 		0.0371
v 245.227 		163.0571 		2.7505
v 245.1473 		162.9979 		2.3029
v 243.109 		157.475 		0.0371
v 246.351 		156.157 		0.034
v 245.0072 		162.8744 		2.5466
v 244.9898 		162.8567 		2.7048
v 244.9482 		162.8156 		2.4601
v 244.7491 		162.5901 		2.2749
v 244.7746 		162.6235 		2.4278
v 248.825 		162.388 		5.015
v 248.7654 		162.4877 		5.015
v 248.945 		162.1887 		5.015
v 244.7796 		162.6301 		2.4562
v 248.6194 		162.6683 		5.015
v 248.546 		162.7583 		5.015
v 246.049 		156.173 		0.926
v 249.789 		167.203 		0.058
v 248.461 		162.8377 		5.015
v 248.291 		162.9957 		5.015
v 249.754 		166.736 		0.057
v 245.833 		163.368 		0.683
v 248.957 		160.02 		0.676
v 248.79 		159.719 		0.675
v 243.282 		157.508 		0.929
v 248.1004 		163.129 		5.015
v 245.987 		163.453 		0.683
v 248.3135 		164.1703 		7.1861
v 248.4969 		164.08 		7.1861
v 249.9544 		162.571 		7.1829
v 245.661 		163.328 		0.682
v 253.167 		156.686 		0.036
v 252.707 		156.077 		0.034
v 243.262 		157.514 		1.821
v 252.453 		156.09 		0.034
v 245.52 		163.222 		0.682
v 243.221 		157.518 		1.821
v 248.905 		159.852 		0.675
v 245.52 		163.224 		0.049
v 248.58 		164.039 		7.186
v 248.7149 		163.9491 		7.1857
v 245.833 		163.369 		0.05
v 243.161 		157.505 		1.821
v 248.79 		159.72 		0.042
v 248.957 		160.021 		0.043
v 249.2209 		163.5568 		7.1847
v 249.2592 		163.5231 		7.1847
v 246.048 		156.172 		1.818
v 242.101 		156.584 		0.035
v 249.7451 		162.9327 		7.1834
v 249.7707 		162.8943 		7.1835
v 245.926 		156.082 		3.155
v 185.504 		155.467 		7.163
v 185.477 		155.472 		7.164
v 185.477 		155.472 		7.163
v 242.391 		156.761 		0.035
v 185.558 		155.462 		7.164
v 185.133 		155.478 		7.163
v 246.018 		156.162 		2.487
v 249.608 		163.138 		7.1839
v 249.306 		163.482 		7.1846
v 253.084 		156.919 		3.603
v 252.765 		157.586 		3.605
v 252.489 		157.97 		3.606
v 249.8699 		162.742 		7.1829
v 248.715 		159.56 		0.675
v 248.339 		159.2 		0.674
v 241.661 		156.421 		0.035
v 241.308 		156.342 		0.034
v 240.623 		157.903 		0.038
v 240.428 		157.598 		0.037
v 240.559 		156.288 		0.034
v 240.121 		156.913 		0.035
v 248.582 		159.444 		0.674
v 248.486 		159.297 		0.674
v 244.278 		156.7 		3.603
v 240.813 		156.292 		0.034
v 245.9496 		163.437 		1.4303
v 248.582 		159.445 		0.041
v 245.661 		163.326 		1.5935
v 245.9656 		163.4439 		1.1099
v 245.7675 		163.3679 		1.1098
v 245.661 		163.3271 		1.1095
v 248.339 		159.202 		0.041
v 250.13 		157.38 		7.172
v 244.234 		156.792 		3.603
v 250.2 		157.336 		7.172
v 250.082 		162.2978 		7.1819
v 250.066 		162.345 		7.182
v 250.0025 		162.4735 		7.1824
v 185.531 		155.464 		7.163
v 249.863 		162.756 		7.1829
v 185.558 		155.462 		7.163
v 250.13 		157.38 		7.172
v 250.13 		157.38 		7.172
v 245.9869 		163.4518 		1.2606
v 250.2 		157.336 		7.1719
v 245.9869 		163.4521 		1.11
v 249.0711 		163.6883 		7.1847
v 245.99 		156.155 		0.034
v 250.2 		157.336 		7.1719
v 250.13 		157.38 		7.172
v 250.13 		157.38 		7.172
v 250.13 		157.38 		7.172
v 250.2 		157.336 		7.1719
v 245.942 		156.116 		0.034
v 248.961 		163.785 		7.185
v 248.8825 		163.8373 		7.1851
v 250.2 		157.336 		7.1717
v 248.223 		159.068 		0.674
v 250.066 		162.345 		5.015
v 249.863 		162.756 		5.015
v 185.118 		154.628 		7.162
v 249.608 		163.138 		5.015
v 249.306 		163.482 		5.015
v 185.543 		154.621 		7.162
v 248.961 		163.785 		5.015
v 248.58 		164.039 		5.015
v 245.909 		156.04 		0.034
v 241.661 		156.414 		3.602
v 250.154 		164.614 		2.728
v 250.294 		164.623 		2.728
v 245.762 		163.382 		1.11
v 245.972 		156.141 		1.818
v 251.439 		165.588 		3.622
v 251.134 		165.429 		3.622
v 245.4902 		163.2324 		1.1087
v 247.818 		167.387 		7.193
v 244.218 		156.812 		0.035
v 247.687 		167.073 		7.192
v 244.278 		156.708 		0.035
v 185.973 		155.629 		4.786
v 251.176 		156.411 		7.17
v 250.893 		156.598 		7.17
v 250.256 		164.607 		2.728
v 251.496 		156.269 		7.169
v 251.842 		156.17 		7.169
v 184.133 		155.495 		7.163
v 245.481 		163.249 		1.109
v 243.772 		155.721 		0.033
v 252.128 		165.779 		3.622
v 243.681 		155.393 		0.032
v 251.774 		165.7 		3.622
v 243.647 		154.926 		0.031
v 184.558 		155.488 		7.163
v 244.261 		156.607 		0.035
v 243.668 		154.565 		0.031
v 245.231 		163.035 		0.682
v 183.558 		155.505 		7.163
v 245.078 		162.949 		0.682
v 245.356 		163.159 		0.682
v 245.231 		163.036 		0.049
v 251.045 		165.368 		0.054
v 251.439 		165.596 		0.055
v 251.89 		165.74 		0.055
v 243.73 		154.199 		0.03
v 245.356 		163.1566 		1.8021
v 245.958 		167.103 		7.192
v 245.839 		167.422 		7.193
v 245.356 		163.1581 		1.1084
v 245.592 		167.82 		7.194
v 250.149 		157.377 		4.496
v 243.662 		155.272 		3.599
v 244.2286 		160.8943 		4.498
v 243.645 		155.038 		3.599
v 244.2364 		160.7508 		4.498
v 244.2636 		160.6094 		4.498
v 244.303 		160.4084 		4.498
v 245.2316 		163.0641 		1.1077
v 245.0962 		162.9618 		1.1067
v 243.704 		154.314 		3.597
v 244.35 		160.2728 		4.498
v 245.0778 		162.9464 		1.9039
v 245.0779 		162.9481 		1.1066
v 250.256 		164.613 		0.052
v 244.452 		162.1108 		4.498
v 244.3786 		161.9199 		4.498
v 244.327 		161.7858 		4.498
v 250.069 		157.386 		7.172
v 244.2806 		161.586 		4.498
v 245.219 		163.081 		1.108
v 250.118 		164.639 		0.052
v 243.823 		153.831 		0.029
v 244.2308 		161.2419 		4.498
v 244.218 		161.0988 		4.498
v 244.276 		156.642 		1.819
v 244.2484 		161.4458 		4.498
v 244.247 		156.779 		1.819
v 228.6712 		158.7343 		0.0386
v 228.7113 		161.0342 		0.0436
v 244.275 		156.724 		1.819
v 228.7755 		164.7302 		0.0516
v 248.664 		158.0232 		7.1732
v 231.1723 		158.6928 		7.1737
v 231.2041 		160.5194 		7.1777
v 245.0619 		162.932 		1.1064
v 244.267 		156.746 		0.927
v 231.172 		158.6758 		7.1737
v 230.3189 		158.6889 		7.1737
v 250.327 		164.654 		0.053
v 246.0427 		158.6557 		4.498
v 246.241 		158.6028 		4.498
v 231.276 		164.6571 		7.186
v 246.587 		158.5598 		4.498
v 228.7749 		164.7006 		7.186
v 228.7752 		164.7148 		7.186
v 247.1384 		158.5981 		4.498
v 247.277 		158.6202 		4.498
v 247.277 		158.6191 		5.015
v 247.2803 		158.6197 		5.015
v 250.135 		164.623 		1.836
v 246.936 		158.5658 		4.498
v 248.168 		157.764 		7.1722
v 244.805 		168.603 		7.195
v 244.075 		168.38 		7.195
v 248.2376 		157.7983 		7.1722
v 250.245 		164.61 		1.836
v 248.2693 		157.8139 		7.1722
v 247.5034 		158.6878 		5.015
v 248.4409 		157.8984 		7.1728
v 244.745 		162.549 		0.681
v 244.971 		162.809 		0.681
v 228.7754 		164.7245 		2.6561
v 228.7753 		164.7186 		5.2959
v 248.58 		157.967 		7.173
v 244.557 		162.26 		0.68
v 183.133 		155.513 		7.163
v 182.558 		155.523 		7.163
v 231.1722 		158.6781 		6.0778
v 230.317 		158.672 		7.099
v 230.319 		158.6892 		7.099
v 227.59 		158.7367 		7.099
v 249.185 		165.348 		3.844
v 228.6709 		158.7215 		6.1096
v 250.028 		157.379 		6.28
v 245.276 		168.187 		7.194
v 228.6711 		158.7287 		2.6945
v 244.557 		162.261 		0.047
v 249.202 		165.325 		2.283
v 244.971 		162.81 		0.048
v 228.7755 		164.7265 		0.086
v 228.6714 		158.7435 		0.064
v 228.6713 		158.7403 		0.9561
v 247.546 		154.796 		0.031
v 247.478 		155.011 		0.032
v 249.545 		157.014 		7.171
v 244.745 		162.55 		0.048
v 249.684 		164.999 		0.053
v 249.018 		156.509 		7.17
v 249.017 		156.65 		7.17
v 247.994 		154.107 		0.03
v 225.1704 		158.7788 		7.099
v 225.1685 		158.7624 		7.099
v 225.8941 		158.7662 		7.099
v 183.118 		154.663 		7.162
v 183.543 		154.656 		7.162
v 182.543 		154.673 		7.162
v 249.175 		165.522 		0.054
v 249.169 		165.382 		0.054
v 213.8067 		161.3023 		0.0436
v 213.7665 		158.9935 		0.0386
v 244.9957 		162.8658 		1.1057
v 184.543 		154.638 		7.162
v 213.8707 		164.9897 		0.0516
v 184.118 		154.646 		7.162
v 211.279 		165.0051 		7.186
v 211.2234 		161.8048 		7.179
v 247.352 		156.015 		0.034
v 213.8699 		164.96 		7.186
v 213.8702 		164.9741 		7.186
v 249.218 		165.317 		0.054
v 244.982 		162.88 		1.106
v 213.8704 		164.9821 		3.5802
v 213.8705 		164.984 		2.6491
v 213.8703 		164.9785 		5.3
v 249.068 		156.713 		7.17
v 213.2825 		158.9881 		6.4435
v 213.7659 		158.9797 		6.4375
v 213.7663 		158.9875 		2.7052
v 213.766 		158.9811 		5.7567
v 213.7667 		159.0029 		0.064
v 213.8707 		164.9859 		0.086
v 249.158 		165.42 		0.946
v 213.7659 		158.9803 		6.2711
v 213.766 		158.9822 		5.7563
v 213.8702 		164.9732 		3.5834
v 211.175 		159.0232 		7.173
v 211.1751 		159.0246 		6.4698
v 251.235 		163.071 		2.725
v 247.71 		154.49 		0.031
v 186.382 		156.247 		0.031
v 249.004 		156.612 		6.278
v 251.292 		163.199 		2.725
v 251.236 		163.048 		3.616
v 249.003 		156.575 		4.494
v 251.327 		163.227 		0.05
v 185.612 		155.47 		3.597
v 245.748 		155.041 		0.032
v 245.618 		154.727 		0.031
v 245.283 		154.244 		0.03
v 250.028 		157.381 		5.388
v 251.235 		163.077 		0.049
v 251.378 		162.678 		0.048
v 250.048 		157.39 		4.496
v 247.818 		167.402 		0.058
v 185.973 		155.634 		2.408
v 251.254 		163.156 		0.049
v 185.867 		155.551 		2.408
v 247.688 		167.088 		0.058
v 249.039 		156.69 		4.495
v 185.744 		155.496 		2.408
v 249.017 		156.653 		5.386
v 251.236 		163.054 		0.941
v 251.236 		163.052 		1.833
v 186.055 		155.746 		0.03
v 185.894 		155.574 		0.03
v 248.003 		167.691 		3.626
v 247.872 		167.496 		3.626
v 245.498 		154.521 		3.598
v 250.089 		157.391 		5.388
v 247.763 		167.293 		3.625
v 247.719 		167.189 		3.625
v 185.558 		155.477 		0.03
v 248.168 		157.764 		5.015
v 248.58 		157.967 		5.015
v 249.476 		155.606 		7.168
v 249.575 		155.045 		7.167
v 245.029 		153.981 		0.029
v 244.544 		153.582 		0.029
v 185.133 		155.493 		0.03
v 249.554 		154.568 		7.166
v 249.495 		154.205 		7.165
v 243.94 		167.894 		7.194
v 185.564 		155.835 		0.03
v 244.001 		168.144 		3.627
v 185.564 		155.835 		0.029
v 243.96 		166.493 		7.191
v 243.896 		166.709 		7.191
v 185.139 		155.843 		0.03
v 243.86 		167.054 		7.192
v 185.139 		155.843 		0.029
v 185.543 		154.636 		0.027
v 245.93 		167.22 		3.625
v 185.118 		154.644 		0.027
v 245.89 		167.326 		3.625
v 245.664 		167.732 		3.626
v 243.96 		166.508 		0.056
v 243.918 		167.788 		0.059
v 248.402 		162.869 		0.682
v 248.339 		153.74 		7.164
v 248.63 		153.496 		7.163
v 249.36 		153.719 		7.164
v 245.839 		167.437 		0.058
v 243.862 		167.306 		0.058
v 244.076 		168.395 		0.06
v 248.135 		163.086 		0.682
v 243.88 		166.838 		0.057
v 248.135 		163.087 		0.049
v 248.402 		162.87 		0.049
v 251.075 		156.472 		3.602
v 245.593 		167.835 		0.059
v 251.278 		156.364 		3.602
v 250.168 		157.37 		3.604
v 250.119 		157.389 		2.712
v 244.806 		168.618 		0.061
v 245.276 		168.203 		0.06
v 243.941 		167.901 		3.626
v 251.96 		156.15 		3.602
v 243.896 		167.659 		3.626
v 250.893 		156.613 		0.035
v 243.856 		167.179 		3.625
v 251.961 		156.157 		0.034
v 243.896 		166.717 		3.624
v 244.001 		168.152 		0.06
v 242.542 		165.501 		7.189
v 241.939 		165.83 		7.189
v 242.259 		165.688 		7.189
v 250.2 		157.352 		0.037
v 251.61 		156.248 		0.035
v 243.305 		164.719 		7.187
v 243.4555 		164.455 		7.1864
v 243.387 		164.715 		7.187
v 243.5262 		164.455 		7.1864
v 243.235 		164.762 		7.187
v 243.235 		164.762 		7.187
v 243.235 		164.762 		7.187
v 243.235 		164.762 		7.187
v 243.5723 		164.455 		7.1865
v 243.89 		165.084 		7.188
v 243.6339 		164.455 		7.1864
v 249.005 		156.556 		3.602
v 250.009 		157.378 		3.604
v 249.052 		156.708 		3.603
v 243.407 		164.725 		5.403
v 243.305 		164.722 		5.403
v 243.367 		164.719 		4.511
v 243.427 		164.734 		4.511
# 1235 vertices

g group_4_6383466

usemtl color_6383466
s 0

f 2970 	4015 	3456
f 4015 	4006 	3456
f 2964 	2970 	4120
f 3456 	4120 	2970
f 2976 	3187 	2975
f 2963 	2968 	2977
f 2982 	2969 	2984
f 4068 	2966 	2988
f 2969 	3186 	2984
f 2981 	3467 	2978
f 3027 	2988 	3002
f 2987 	2978 	3467
f 2985 	2987 	3467
f 3027 	3004 	2988
f 2977 	2968 	2988
f 4058 	4068 	2968
f 2990 	2977 	2988
f 2988 	2968 	4068
f 2986 	2985 	3467
f 2982 	2984 	3082
f 3084 	2982 	3082
f 2982 	3123 	2975
f 3084 	3086 	2982
f 3024 	2962 	3078
f 2996 	2997 	2962
f 3088 	3089 	2982
f 3150 	3001 	2993
f 2991 	2989 	3467
f 3467 	2998 	2991
f 2972 	2979 	3000
f 3089 	4176 	2982
f 3000 	2979 	3172
f 2989 	2986 	3467
f 3123 	2982 	4172
f 2990 	2962 	2963
f 2999 	2998 	3467
f 3467 	3477 	3003
f 2999 	3467 	3003
f 2990 	2988 	3004
f 2992 	2993 	2971
f 3014 	3009 	3013
f 3005 	3003 	3722
f 3002 	3345 	3012
f 2996 	2962 	3004
f 2971 	2960 	2992
f 3014 	3015 	3009
f 2993 	3001 	2973
f 4071 	4069 	3001
f 3019 	3017 	3016
f 3019 	3016 	3018
f 3048 	3021 	3020
f 3011 	2960 	2959
f 3011 	2992 	2960
f 3006 	3016 	3017
f 2993 	2973 	2971
f 3019 	3018 	2980
f 3021 	2983 	3020
f 3012 	3027 	3002
f 3025 	3026 	3028
f 2980 	2983 	3019
f 3012 	2995 	3027
f 2994 	3027 	2995
f 4135 	3006 	3017
f 3021 	3019 	2983
f 3022 	3023 	3009
f 3022 	3009 	3015
f 2997 	2996 	3027
f 2996 	3004 	3027
f 3029 	3025 	3028
f 3078 	2997 	3027
f 3030 	3025 	3029
f 3026 	3025 	3064
f 3052 	3046 	3035
f 3076 	3052 	3037
f 3035 	3037 	3052
f 3032 	3144 	3035
f 3026 	3024 	3028
f 3044 	3032 	3046
f 2959 	3034 	3011
f 3048 	3020 	3049
f 3049 	3020 	3087
f 3057 	3051 	3053
f 3032 	3035 	3046
f 3169 	3050 	3171
f 3056 	3055 	3182
f 4160 	3051 	3057
f 4173 	4172 	2982
f 3061 	3063 	3060
f 3039 	3053 	3051
f 3065 	3066 	3060
f 3030 	3054 	3025
f 3008 	3053 	3039
f 3182 	3188 	3056
f 3063 	3065 	3060
f 3036 	3033 	3048
f 3067 	3071 	3072
f 3068 	3142 	3056
f 3067 	3926 	3071
f 3067 	3072 	3354
f 4022 	3026 	4034
f 3075 	3072 	3071
f 3047 	3026 	3064
f 3064 	3025 	3054
f 2982 	4171 	4173
f 3076 	3068 	3188
f 3076 	3188 	3052
f 3086 	3088 	2982
f 3724 	3048 	3058
f 2995 	3972 	2994
f 2983 	3087 	3020
f 3048 	3049 	3036
f 3055 	3077 	3182
f 2994 	3972 	3078
f 3058 	3723 	3724
f 3073 	3074 	3782
f 3033 	3043 	3058
f 2997 	3078 	2962
f 3075 	3354 	3072
f 3058 	3048 	3033
f 3006 	3081 	3016
f 3182 	3077 	3079
f 3059 	3061 	3617
f 2984 	3186 	3082
f 3018 	3083 	2980
f 3356 	3079 	3142
f 3055 	3142 	3077
f 2994 	3078 	3027
f 3083 	3018 	3081
f 3016 	3081 	3018
f 3055 	3056 	3142
f 3972 	3973 	3024
f 3144 	3076 	3037
f 3973 	3028 	3024
f 3037 	3035 	3144
f 3044 	3144 	3032
f 3033 	3090 	3043
f 3091 	3116 	3085
f 3092 	3091 	3085
f 3049 	3093 	3036
f 3085 	3116 	3108
f 3091 	3092 	3094
f 3059 	3162 	3061
f 3049 	3087 	3093
f 3076 	3143 	3068
f 3156 	3045 	3095
f 3046 	3097 	3044
f 3369 	3214 	3095
f 3029 	3980 	3112
f 3059 	3096 	3162
f 3198 	3162 	3096
f 3028 	3976 	3029
f 3106 	3107 	3046
f 3130 	3106 	3046
f 3029 	3983 	3980
f 3198 	3096 	3100
f 3100 	3098 	3196
f 3097 	3145 	3044
f 3106 	3109 	3107
f 3763 	3115 	3097
f 3030 	3029 	3112
f 3111 	3113 	3114
f 3113 	3118 	3114
f 3042 	3115 	3763
f 3120 	3117 	3119
f 3475 	3369 	3095
f 3117 	3120 	3121
f 3111 	3114 	3110
f 3121 	3122 	3117
f 2959 	3105 	3034
f 3123 	3125 	2976
f 3080 	3095 	3124
f 2975 	3123 	2976
f 3124 	3085 	3080
f 3119 	3112 	3120
f 3031 	3128 	3126
f 4177 	4176 	3089
f 3040 	3128 	3031
f 3038 	3128 	3040
f 3131 	3132 	3133
f 3131 	3133 	3215
f 3085 	3124 	3092
f 3102 	3128 	3038
f 3107 	3433 	3046
f 3134 	3133 	3132
f 3134 	3132 	3135
f 3127 	3134 	3135
f 3130 	3046 	3052
f 3104 	3102 	3038
f 3129 	3127 	3135
f 3129 	3135 	3132
f 3129 	3132 	3131
f 3107 	3109 	3136
f 3113 	3111 	3066
f 3602 	3031 	3126
f 3106 	3136 	3109
f 3130 	3136 	3106
f 3140 	3080 	3139
f 3138 	3139 	3080
f 3052 	3062 	3130
f 3156 	3141 	3045
f 3104 	3038 	3041
f 3077 	3142 	3079
f 3105 	3104 	3041
f 3142 	3068 	3143
f 3041 	3034 	3105
f 3133 	3134 	3137
f 3133 	3137 	3215
f 3143 	3076 	3144
f 3127 	3137 	3134
f 3144 	3044 	3145
f 3115 	3145 	3097
f 3042 	3145 	3115
f 3066 	3065 	3113
f 3144 	3145 	3167
f 3164 	3167 	3145
f 3118 	3113 	3065
f 3178 	3166 	3137
f 3149 	3150 	2992
f 2993 	2992 	3150
f 3152 	3095 	3151
f 3080 	3151 	3095
f 3110 	3114 	3162
f 3149 	2992 	3011
f 3156 	3095 	3155
f 3152 	3155 	3095
f 3011 	3034 	3146
f 3427 	3356 	3148
f 3154 	3148 	3356
f 3011 	3146 	3149
f 3111 	3060 	3066
f 3356 	3142 	3154
f 3152 	3151 	3243
f 3156 	3228 	3141
f 3155 	3228 	3156
f 3153 	3154 	3142
f 3159 	3153 	3142
f 3089 	3186 	4177
f 3088 	3186 	3089
f 3151 	3080 	3161
f 3140 	3161 	3080
f 3142 	3143 	3159
f 3169 	3168 	3050
f 3158 	3157 	3143
f 3157 	3159 	3143
f 2979 	4187 	3074
f 3045 	3171 	3050
f 3145 	3907 	3165
f 3165 	3164 	3145
f 3160 	3158 	3144
f 3172 	2979 	3074
f 3147 	3173 	4053
f 3045 	3175 	3176
f 3198 	3110 	3162
f 3141 	3175 	3045
f 3139 	3138 	3241
f 3137 	3177 	3178
f 4189 	3000 	3073
f 3161 	3243 	3151
f 3119 	3030 	3112
f 3184 	3000 	3172
f 3243 	3161 	3140
f 3243 	3140 	3241
f 3139 	3241 	3140
f 3079 	3199 	3182
f 3084 	3186 	3086
f 3082 	3186 	3084
f 3228 	3234 	3141
f 3127 	3129 	3181
f 3171 	3045 	3176
f 3180 	3073 	3184
f 3180 	3184 	3172
f 3073 	3000 	3184
f 3243 	3228 	3152
f 3155 	3152 	3228
f 3068 	3056 	3188
f 3114 	3061 	3162
f 3175 	3141 	3234
f 3114 	3063 	3061
f 3114 	3118 	3063
f 3748 	3672 	3231
f 3118 	3065 	3063
f 3231 	3168 	3169
f 3231 	3169 	3171
f 3231 	3171 	3234
f 3175 	3234 	3176
f 3176 	3234 	3171
f 3179 	3030 	3119
f 3088 	3086 	3186
f 3030 	3179 	3054
f 3179 	3119 	3185
f 3117 	3185 	3119
f 3117 	3122 	3183
f 3188 	3191 	3052
f 3185 	3117 	3183
f 3189 	2982 	2975
f 3421 	3178 	3177
f 3070 	3067 	3354
f 3187 	3189 	2975
f 3112 	3960 	3120
f 3962 	3120 	3960
f 3070 	3354 	3050
f 3193 	3380 	3174
f 3190 	3194 	3098
f 3192 	3194 	3190
f 3192 	3196 	3194
f 3192 	3198 	3196
f 3195 	3193 	3174
f 3198 	3192 	3110
f 3338 	3147 	3166
f 3195 	3174 	3199
f 3182 	3199 	3174
f 3116 	3204 	3197
f 3100 	3196 	3198
f 3098 	3194 	3196
f 3091 	3094 	3116
f 3092 	3124 	3213
f 3202 	3203 	3201
f 3172 	3073 	3180
f 3213 	3214 	3204
f 3073 	3172 	3074
f 3204 	3116 	3094
f 3213 	3204 	3092
f 3204 	3094 	3092
f 3427 	3193 	3356
f 3199 	3356 	3195
f 3191 	3062 	3052
f 3074 	3205 	4041
f 3962 	3963 	3120
f 3370 	3197 	3214
f 3197 	3204 	3214
f 3211 	3062 	3191
f 3964 	3968 	3121
f 3214 	3369 	3370
f 4123 	3217 	3212
f 3213 	3095 	3214
f 3217 	3218 	3212
f 3981 	3112 	3980
f 3356 	3199 	3079
f 3201 	3203 	3219
f 3213 	3124 	3095
f 3960 	3112 	3981
f 3215 	3239 	3131
f 3219 	3203 	3221
f 3205 	3253 	3252
f 3205 	3252 	3209
f 3105 	3226 	3208
f 3218 	3217 	3229
f 3218 	3229 	3230
f 3234 	3228 	3225
f 3232 	3230 	3229
f 3232 	3229 	3233
f 3850 	3215 	3147
f 3233 	3229 	3235
f 3217 	3235 	3229
f 3217 	4123 	3235
f 3234 	3225 	3231
f 3236 	3207 	3206
f 3230 	3232 	3238
f 3230 	3238 	3218
f 3116 	3197 	3108
f 3238 	3212 	3218
f 3239 	3200 	3181
f 3239 	3181 	3129
f 3232 	3233 	3235
f 3232 	3235 	3238
f 2960 	3240 	2959
f 3318 	4006 	4015
f 3174 	3380 	3223
f 3226 	2959 	3240
f 3225 	3241 	3224
f 3129 	3131 	3239
f 2960 	2971 	3242
f 3166 	3147 	3215
f 2971 	2973 	3242
f 3215 	3137 	3166
f 3241 	3225 	3243
f 3228 	3243 	3225
f 3431 	3239 	3432
f 3240 	2960 	3242
f 3223 	3394 	3222
f 2973 	4056 	3242
f 3245 	4185 	3244
f 3236 	3206 	3249
f 3220 	3883 	3930
f 3251 	3248 	3250
f 3105 	2959 	3226
f 3209 	4123 	3212
f 3249 	3239 	3215
f 3138 	3080 	3251
f 3248 	3251 	3080
f 3236 	3249 	3215
f 3220 	3930 	3268
f 3249 	3206 	3432
f 3226 	3146 	3208
f 3227 	3246 	3247
f 3254 	3108 	3954
f 3215 	3850 	3099
f 3080 	3085 	3248
f 3240 	3149 	3226
f 3238 	3235 	3212
f 3085 	3108 	3254
f 3150 	3149 	3240
f 3085 	3254 	3248
f 3240 	3242 	3150
f 3261 	3262 	3202
f 3237 	3255 	3412
f 3202 	3440 	3261
f 3286 	3222 	3220
f 3216 	3259 	3212
f 3263 	3259 	3216
f 3264 	3265 	3227
f 3392 	3395 	3222
f 3975 	3222 	3395
f 3250 	3274 	3241
f 3258 	3262 	3261
f 3260 	3263 	3216
f 3266 	3245 	3267
f 3202 	3258 	3357
f 4146 	3259 	3263
f 3267 	3269 	3266
f 3248 	3270 	3250
f 3270 	3248 	3279
f 3226 	3149 	3146
f 3274 	3270 	3269
f 3266 	3269 	3270
f 3208 	3146 	3163
f 3275 	3272 	3273
f 3271 	3273 	3272
f 3244 	4186 	3241
f 3267 	3245 	3241
f 3274 	3250 	3270
f 3386 	3210 	3221
f 3150 	3242 	4075
f 3273 	3271 	3277
f 3276 	3277 	3271
f 3279 	3254 	3546
f 3279 	3248 	3254
f 4015 	2970 	3275
f 3440 	3258 	3261
f 3270 	3543 	3266
f 2964 	2965 	3272
f 2970 	2964 	3275
f 3272 	3275 	2964
f 3245 	3244 	3241
f 3223 	3222 	3323
f 3202 	3201 	3440
f 3222 	3286 	3323
f 3224 	3241 	3186
f 3251 	3241 	3138
f 3251 	3250 	3241
f 3274 	3269 	3241
f 3269 	3267 	3241
f 3101 	3285 	3099
f 3101 	3257 	3285
f 3101 	3103 	3257
f 3280 	3337 	3349
f 3294 	3295 	3296
f 3264 	3227 	3280
f 3291 	3290 	3914
f 3292 	3291 	3748
f 3914 	3748 	3291
f 3272 	2965 	3358
f 3282 	3031 	3283
f 3284 	3099 	3285
f 3302 	3300 	3299
f 3146 	3034 	3163
f 3305 	3298 	3306
f 3543 	3287 	3266
f 3306 	3298 	3304
f 3286 	3303 	3780
f 3307 	3163 	3038
f 3038 	3040 	3307
f 3303 	3286 	3220
f 3543 	3560 	3287
f 3335 	3173 	3147
f 3163 	3034 	3041
f 3312 	3308 	3311
f 3302 	3225 	3300
f 3041 	3038 	3163
f 3310 	3311 	3308
f 3748 	3231 	3292
f 3282 	3040 	3031
f 3166 	3178 	3338
f 3282 	3307 	3040
f 3300 	3224 	3301
f 3368 	3181 	3419
f 3302 	3299 	3225
f 3280 	3227 	3247
f 3181 	3474 	3419
f 3309 	3301 	3224
f 3319 	3315 	3318
f 3297 	3292 	3231
f 3317 	3182 	3353
f 3318 	3275 	3319
f 3273 	3319 	3275
f 3147 	3338 	3335
f 3182 	3703 	3353
f 3314 	3309 	3224
f 3368 	3382 	3137
f 3314 	3224 	3316
f 3224 	3300 	3225
f 3181 	3200 	3474
f 3325 	3219 	3221
f 3186 	3331 	3224
f 3322 	3224 	3331
f 3324 	3224 	3322
f 3316 	3224 	3324
f 3182 	3317 	3188
f 3211 	3327 	3210
f 3221 	3210 	3328
f 3374 	3315 	3321
f 3327 	3328 	3210
f 3320 	3315 	3319
f 3188 	3317 	3342
f 3206 	3483 	3479
f 3320 	3321 	3315
f 3211 	3191 	3327
f 3206 	3207 	3483
f 3277 	3320 	3273
f 3319 	3273 	3320
f 3326 	3227 	3265
f 3331 	3186 	3329
f 3326 	4191 	3246
f 3326 	3246 	3227
f 3330 	3329 	3186
f 3325 	3221 	3328
f 3280 	3349 	3264
f 3416 	3173 	3335
f 3308 	3304 	3313
f 3308 	3313 	3310
f 3332 	3330 	3186
f 3304 	3308 	3306
f 3275 	3318 	4015
f 4043 	3337 	3280
f 3333 	3332 	3186
f 3287 	3948 	3280
f 3306 	3296 	3305
f 3295 	3305 	3296
f 3191 	3188 	3714
f 3325 	3328 	3554
f 3416 	3343 	3090
f 3336 	3334 	3186
f 3333 	3186 	3334
f 3073 	3320 	3277
f 3343 	3350 	3043
f 3058 	3043 	3350
f 3339 	3278 	3326
f 3043 	3090 	3343
f 3337 	3339 	3326
f 3341 	3186 	3340
f 3337 	3326 	3349
f 3349 	3326 	3265
f 2995 	3012 	3344
f 3349 	3265 	3264
f 3451 	3998 	4000
f 3345 	3186 	3344
f 3340 	3186 	3345
f 3436 	3451 	4008
f 3341 	3336 	3186
f 3342 	3317 	3353
f 3351 	3346 	3398
f 3311 	3442 	3312
f 3311 	3310 	3442
f 3298 	3450 	3304
f 3294 	3455 	3295
f 3723 	3058 	3350
f 3699 	3709 	3342
f 3422 	3187 	2976
f 3167 	3160 	3144
f 3338 	3346 	3351
f 3313 	3446 	3310
f 3422 	3125 	3385
f 2965 	2964 	4120
f 3422 	2976 	3125
f 3289 	3365 	3296
f 3350 	3343 	3335
f 4120 	4121 	2965
f 3343 	3416 	3335
f 3338 	3351 	3335
f 3350 	3335 	3351
f 3296 	3365 	3294
f 3359 	3370 	3361
f 3127 	3181 	3368
f 3423 	3424 	3362
f 3360 	3358 	3423
f 3359 	3197 	3370
f 3361 	3370 	3369
f 3436 	3315 	3374
f 3137 	3382 	3177
f 3369 	3513 	3361
f 3372 	3367 	3425
f 3367 	3366 	3425
f 3363 	3424 	3366
f 3375 	3451 	3374
f 3355 	3451 	3375
f 3425 	3426 	3372
f 3388 	3375 	3374
f 3127 	3368 	3137
f 3383 	3384 	3378
f 3381 	3223 	3380
f 3355 	3375 	3352
f 3385 	3383 	3422
f 3386 	3221 	3518
f 3385 	3384 	3383
f 3449 	3045 	3050
f 3389 	3223 	3381
f 3392 	3222 	3391
f 3391 	3222 	3394
f 3211 	3210 	3390
f 3210 	3386 	3390
f 3108 	3197 	3359
f 3377 	3383 	3378
f 3346 	3417 	3397
f 3513 	3369 	3475
f 3187 	3422 	3383
f 3346 	3397 	3398
f 3202 	3357 	3371
f 3395 	3425 	3396
f 3371 	3203 	3202
f 3426 	3425 	3392
f 3391 	3426 	3392
f 3426 	3391 	3394
f 3368 	3393 	3405
f 3278 	3379 	3256
f 3404 	3975 	3403
f 3396 	3403 	3975
f 3368 	3405 	3398
f 3421 	3382 	3397
f 3382 	3398 	3397
f 3278 	3339 	3379
f 3365 	3289 	3401
f 3402 	3401 	3289
f 4054 	3399 	3400
f 3379 	3255 	3256
f 3405 	3257 	3398
f 3409 	4042 	3408
f 3410 	3408 	3975
f 3378 	3412 	3377
f 3379 	3377 	3412
f 3285 	3257 	3405
f 3408 	3423 	3409
f 3364 	3378 	3384
f 3075 	3071 	3400
f 3410 	3975 	3404
f 3368 	3398 	3382
f 3379 	3412 	3255
f 3410 	3404 	3423
f 3424 	3423 	3404
f 3403 	3424 	3404
f 3403 	3396 	3424
f 3338 	3417 	3346
f 3430 	3289 	3429
f 3389 	3394 	3223
f 3417 	3338 	3178
f 3412 	3378 	3364
f 3368 	3419 	3393
f 3442 	3310 	3446
f 3450 	3446 	3304
f 3313 	3304 	3446
f 3382 	3421 	3177
f 3424 	3396 	3425
f 3440 	3415 	3414
f 3208 	3102 	3104
f 3178 	3421 	3417
f 3395 	3392 	3425
f 3421 	3397 	3417
f 3298 	3305 	3450
f 3305 	3295 	3450
f 3455 	3294 	3365
f 3064 	3054 	3379
f 3427 	3426 	3389
f 3381 	3427 	3389
f 3380 	3427 	3381
f 3208 	3348 	3102
f 3401 	3455 	3365
f 3455 	3401 	3456
f 3402 	3456 	3401
f 3047 	3064 	3379
f 3208 	3163 	3348
f 3988 	4019 	3379
f 3408 	3410 	3423
f 4009 	4120 	3406
f 3402 	3406 	3456
f 3379 	3189 	3377
f 3452 	3207 	3236
f 3189 	3187 	3383
f 3394 	3389 	3426
f 3383 	3377 	3189
f 3195 	3356 	3193
f 3193 	3427 	3380
f 3454 	3452 	3236
f 3289 	3430 	3428
f 3428 	3288 	3289
f 3420 	3347 	3126
f 3428 	3430 	3429
f 3425 	3366 	3424
f 3427 	3373 	3426
f 3143 	3144 	3158
f 3373 	3372 	3426
f 3148 	3376 	3427
f 3373 	3427 	3376
f 3200 	3239 	3431
f 3418 	3634 	3352
f 3200 	3431 	3474
f 3237 	3412 	3364
f 3434 	3474 	3431
f 3352 	3375 	3418
f 3387 	3418 	3375
f 3375 	3388 	3387
f 3385 	3123 	3364
f 3206 	3479 	3432
f 3348 	3420 	3128
f 3388 	3374 	3321
f 3128 	3102 	3348
f 3385 	3125 	3123
f 3104 	3105 	3208
f 3492 	3136 	3130
f 3384 	3385 	3364
f 3379 	4034 	3047
f 3289 	3296 	3429
f 3249 	3432 	3239
f 4034 	3379 	3339
f 3435 	3434 	3431
f 3433 	3544 	4099
f 3434 	3405 	3393
f 3435 	3405 	3434
f 3419 	3474 	3393
f 3436 	3318 	3315
f 3126 	3128 	3420
f 4002 	3999 	2982
f 3435 	3431 	3432
f 3747 	3308 	3411
f 4002 	2982 	4020
f 3189 	3379 	4019
f 3189 	4020 	2982
f 3440 	3414 	3466
f 3285 	3405 	3435
f 4019 	4020 	3189
f 3443 	3441 	3442
f 3441 	3722 	3442
f 3432 	3437 	3447
f 3407 	3476 	3045
f 3447 	3284 	3285
f 3407 	3045 	3449
f 3435 	3432 	3447
f 3354 	3449 	3050
f 3435 	3447 	3285
f 3450 	3295 	3455
f 3399 	3449 	3354
f 3450 	3443 	3446
f 3455 	3443 	3450
f 3442 	3446 	3443
f 3436 	3374 	3451
f 3354 	3400 	3399
f 3449 	3399 	3407
f 3400 	3354 	3075
f 3483 	3462 	3479
f 3462 	3452 	3465
f 3456 	3443 	3455
f 3465 	3452 	3454
f 3215 	3454 	3236
f 3468 	3445 	3444
f 3465 	3447 	3462
f 3437 	3462 	3447
f 3461 	3442 	3463
f 3463 	3442 	3464
f 3460 	3442 	3461
f 3459 	3442 	3460
f 3312 	3471 	3308
f 3414 	3203 	3371
f 3454 	3284 	3465
f 3470 	3442 	3459
f 3472 	3442 	3470
f 3471 	3442 	3472
f 3312 	3442 	3471
f 3722 	3606 	3442
f 3457 	3458 	3512
f 3512 	3469 	3457
f 3465 	3284 	3447
f 3451 	3355 	3998
f 3454 	3099 	3284
f 3215 	3099 	3454
f 3473 	3308 	3472
f 3308 	3471 	3472
f 3968 	3964 	3467
f 3186 	2969 	3445
f 3573 	3347 	3510
f 3186 	3445 	3468
f 3508 	3473 	3470
f 3434 	3393 	3474
f 3432 	3479 	3437
f 3549 	3411 	3473
f 3107 	3482 	3433
f 3452 	3483 	3207
f 3282 	3283 	3420
f 3462 	3483 	3452
f 3549 	3473 	3497
f 3437 	3479 	3462
f 2981 	3968 	3467
f 3473 	3411 	3308
f 3438 	3448 	3482
f 3258 	3202 	3262
f 3488 	3991 	3487
f 3484 	3003 	3481
f 3997 	3007 	3441
f 3477 	3478 	3003
f 3480 	3481 	3003
f 3484 	3717 	3003
f 3489 	3490 	3491
f 3482 	3492 	3517
f 3095 	3476 	3475
f 3491 	3490 	3493
f 3491 	3493 	3494
f 3045 	3476 	3095
f 3496 	3519 	3495
f 3348 	3307 	3420
f 3414 	3371 	3357
f 3107 	3136 	3482
f 3500 	3498 	3499
f 3501 	3502 	3499
f 3500 	3499 	3502
f 3062 	3211 	3439
f 4026 	3566 	3505
f 3504 	3505 	3506
f 3504 	3506 	3507
f 3509 	3565 	3496
f 3496 	3504 	3509
f 3507 	3509 	3504
f 3504 	3496 	3505
f 3495 	3505 	3496
f 3439 	3492 	3130
f 3482 	3136 	3492
f 3502 	3511 	3500
f 3494 	3493 	3511
f 3500 	3511 	3493
f 3512 	3513 	3469
f 3490 	3498 	3500
f 3490 	3500 	3493
f 3448 	3433 	3482
f 3490 	3489 	3514
f 3490 	3514 	3499
f 3490 	3499 	3498
f 3499 	3514 	3501
f 3513 	3512 	3361
f 3487 	3489 	3491
f 3487 	3491 	3494
f 3507 	3488 	3494
f 3487 	3494 	3488
f 3459 	3460 	3516
f 3282 	3420 	3307
f 3515 	3502 	3486
f 3502 	3501 	3486
f 3487 	3486 	3501
f 3509 	3511 	3515
f 3062 	3439 	3130
f 3461 	3516 	3460
f 3438 	3482 	3517
f 3281 	3510 	3347
f 3439 	3438 	3517
f 3359 	3361 	3512
f 3439 	3517 	3492
f 3516 	3508 	3459
f 3470 	3459 	3508
f 3163 	3307 	3348
f 3458 	3359 	3512
f 3439 	3413 	3733
f 3660 	3473 	3508
f 3388 	3321 	3781
f 3506 	3488 	3507
f 3420 	3283 	3347
f 3733 	3438 	3439
f 3458 	3108 	3359
f 3518 	3414 	3561
f 3507 	3494 	3509
f 3511 	3509 	3494
f 3502 	3515 	3511
f 3489 	3487 	3514
f 3501 	3514 	3487
f 3518 	3561 	3563
f 3503 	3660 	3508
f 3469 	3513 	3475
f 3669 	3660 	3503
f 3283 	3281 	3347
f 3379 	3054 	3522
f 3179 	3522 	3054
f 3553 	2978 	2987
f 3563 	3453 	3518
f 2987 	2985 	3553
f 3148 	3154 	3618
f 3211 	3413 	3439
f 3466 	3357 	3258
f 3528 	2989 	2991
f 3607 	3618 	3154
f 3153 	3607 	3154
f 3556 	3503 	3508
f 2998 	3528 	2991
f 3510 	3526 	3564
f 3466 	3414 	3357
f 3472 	3470 	3473
f 3510 	3281 	3526
f 3524 	3529 	3534
f 3221 	3414 	3518
f 3525 	3529 	3524
f 3414 	3221 	3203
f 3534 	3539 	3524
f 3986 	3522 	3985
f 3386 	3518 	3453
f 3601 	3529 	3530
f 3413 	3390 	3386
f 3585 	3165 	3170
f 3453 	3413 	3386
f 3413 	3211 	3390
f 3522 	3179 	3185
f 3258 	3440 	3466
f 3379 	3522 	3986
f 3533 	3613 	3527
f 3407 	3744 	3476
f 3536 	3535 	3537
f 3533 	3527 	3636
f 3415 	3440 	3201
f 3526 	3281 	3530
f 3415 	3201 	3219
f 3610 	2989 	3528
f 3536 	3537 	3532
f 3522 	3845 	3538
f 3522 	4033 	3985
f 3522 	3538 	3477
f 3538 	3480 	3478
f 3268 	3541 	3776
f 3481 	3480 	3521
f 3540 	3541 	3268
f 3525 	3526 	3529
f 3293 	3540 	3268
f 2986 	3610 	2985
f 3543 	3546 	3542
f 3516 	3531 	3508
f 2989 	3610 	2986
f 3530 	3529 	3526
f 3543 	3270 	3279
f 3122 	3121 	3550
f 3778 	3783 	3522
f 3551 	3552 	3553
f 3550 	3553 	3552
f 3537 	3535 	3545
f 3543 	3279 	3546
f 3328 	3327 	3548
f 3544 	3545 	3535
f 3547 	3548 	3327
f 3599 	3544 	3535
f 3328 	3548 	3554
f 3467 	3468 	3522
f 3122 	3550 	3552
f 3522 	3477 	3467
f 3478 	3477 	3538
f 3532 	3158 	3160
f 3538 	3521 	3480
f 3167 	3536 	3160
f 3532 	3160 	3536
f 3556 	3558 	3559
f 3468 	4025 	3522
f 3523 	3524 	3539
f 3556 	3600 	3558
f 3560 	3542 	3630
f 3543 	3542 	3560
f 3415 	3561 	3414
f 3556 	3531 	3600
f 3165 	3585 	3164
f 3520 	3495 	3519
f 4049 	3495 	3520
f 3556 	3508 	3531
f 3506 	3505 	3566
f 3519 	3496 	3565
f 3164 	3536 	3167
f 3991 	3990 	3445
f 3520 	3519 	3485
f 3519 	3515 	3485
f 3486 	3485 	3515
f 3509 	3515 	3565
f 3519 	3565 	3515
f 2969 	3991 	3445
f 3567 	3453 	3563
f 3566 	3488 	3506
f 3433 	3545 	3544
f 3444 	4025 	3468
f 3545 	3433 	3448
f 3520 	3568 	4049
f 3510 	3564 	3572
f 3122 	3555 	3183
f 3572 	3573 	3510
f 3413 	3567 	3575
f 3122 	3552 	3555
f 3574 	3604 	3577
f 3573 	3126 	3347
f 3551 	3557 	3552
f 3555 	3552 	3557
f 3577 	3578 	3574
f 3557 	3612 	3613
f 3586 	3325 	3580
f 3557 	3551 	3612
f 3561 	3554 	3563
f 3219 	3589 	3415
f 3561 	3415 	3582
f 3126 	3573 	3602
f 3582 	3580 	3561
f 3580 	3582 	3583
f 3569 	3570 	3457
f 3453 	3567 	3413
f 3584 	3566 	4026
f 3570 	3458 	3457
f 2978 	3553 	3550
f 4049 	4026 	3495
f 3585 	3581 	3535
f 3569 	3457 	3469
f 3581 	3013 	3009
f 4073 	4074 	3485
f 3566 	3584 	3488
f 3550 	2981 	2978
f 3013 	3581 	3585
f 3325 	3554 	3561
f 3999 	4001 	3487
f 3596 	3599 	3581
f 3561 	3580 	3325
f 3583 	3588 	3586
f 3583 	3586 	3580
f 3581 	3009 	3023
f 3023 	3596 	3581
f 3582 	3589 	3588
f 3582 	3588 	3583
f 3254 	3570 	3546
f 3582 	3415 	3589
f 3586 	3588 	3589
f 3575 	3594 	3413
f 3585 	3535 	3536
f 3555 	3522 	3183
f 3544 	3599 	3597
f 3544 	3597 	3596
f 3578 	3593 	3574
f 3567 	3547 	3575
f 3522 	3185 	3183
f 3010 	3458 	3570
f 3593 	3578 	3590
f 3596 	3597 	3598
f 3579 	3615 	3569
f 3535 	3581 	3599
f 3589 	3325 	3586
f 3606 	3722 	3576
f 3597 	3599 	3598
f 3605 	3572 	3564
f 3572 	3602 	3573
f 3599 	3596 	3598
f 3536 	3164 	3585
f 3281 	3602 	3603
f 3522 	3555 	3557
f 3463 	3464 	3571
f 3576 	3577 	3604
f 3547 	3327 	3594
f 3283 	3602 	3281
f 3604 	3606 	3576
f 3283 	3031 	3602
f 3575 	3547 	3594
f 3610 	3551 	3553
f 3567 	3548 	3547
f 3607 	3609 	3608
f 3602 	3572 	3603
f 3610 	3528 	3612
f 3527 	3612 	3528
f 3287 	3579 	3835
f 3554 	3548 	3567
f 3527 	3613 	3612
f 3609 	3611 	3608
f 3567 	3563 	3554
f 3610 	3612 	3551
f 4143 	3570 	3254
f 3589 	3219 	3325
f 3532 	3611 	3609
f 3537 	3611 	3532
f 3579 	3287 	3615
f 3616 	3614 	3591
f 3060 	3617 	3061
f 3590 	3578 	3722
f 3577 	3722 	3578
f 3464 	3606 	3571
f 3604 	3571 	3606
f 3608 	3619 	3607
f 3592 	3616 	3591
f 3595 	3616 	3592
f 3595 	3587 	3616
f 3615 	3287 	3626
f 3618 	3607 	3619
f 3630 	3626 	3560
f 3601 	3564 	3562
f 3605 	3564 	3601
f 3605 	3603 	3572
f 3553 	2985 	3610
f 3882 	3558 	3571
f 3631 	3569 	3615
f 3620 	3621 	3922
f 3630 	3542 	3631
f 3631 	3542 	3546
f 3613 	3777 	3557
f 3921 	3621 	3617
f 3604 	3574 	3664
f 3631 	3615 	3630
f 3615 	3626 	3630
f 3577 	3576 	3722
f 3570 	3631 	3546
f 3627 	3841 	3619
f 3464 	3442 	3606
f 3059 	3621 	3096
f 3059 	3617 	3621
f 3528 	3632 	3527
f 3632 	3639 	3636
f 3620 	3635 	3753
f 3637 	3638 	3924
f 3569 	3631 	3570
f 3461 	3463 	3516
f 3463 	3571 	3516
f 3835 	3948 	3287
f 3634 	3636 	3639
f 3639 	3640 	3634
f 3640 	3352 	3634
f 3638 	3591 	3614
f 3640 	3355 	3352
f 3438 	3629 	3448
f 3614 	3924 	3638
f 3641 	3674 	3644
f 3619 	3608 	3628
f 3628 	3627 	3619
f 3527 	3632 	3636
f 3571 	3531 	3516
f 3593 	3590 	3641
f 3642 	3645 	3643
f 3608 	3611 	3628
f 3629 	3628 	3611
f 3918 	3642 	3635
f 3545 	3629 	3537
f 3611 	3537 	3629
f 3621 	3950 	3922
f 3159 	3609 	3153
f 3646 	3634 	3647
f 3600 	3531 	3571
f 3571 	3558 	3600
f 3646 	3636 	3634
f 3745 	3628 	3629
f 3626 	3287 	3560
f 3646 	3533 	3636
f 3291 	3292 	3652
f 3601 	3649 	3529
f 3652 	3659 	3291
f 3418 	3647 	3634
f 3297 	3652 	3292
f 2998 	2999 	3632
f 3299 	3657 	3297
f 3528 	2998 	3632
f 3301 	3657 	3300
f 3632 	2999 	3003
f 3622 	4064 	3623
f 3309 	3742 	3301
f 3603 	3605 	3281
f 3742 	3309 	3314
f 3005 	3639 	3003
f 3281 	3605 	3530
f 3668 	3670 	3637
f 3632 	3003 	3639
f 3530 	3605 	3601
f 3637 	3633 	3668
f 3664 	3574 	3654
f 3652 	3650 	3651
f 3652 	3657 	3650
f 3639 	3005 	3640
f 3656 	3650 	3657
f 3007 	3640 	3005
f 3654 	3574 	3593
f 3478 	3480 	3003
f 3288 	3428 	3622
f 3614 	3616 	3658
f 3428 	3738 	3622
f 3652 	3651 	3659
f 3616 	3653 	3658
f 2967 	3659 	4152
f 3645 	3642 	3918
f 3604 	3664 	3767
f 3662 	3651 	3667
f 3562 	3649 	3601
f 3651 	3650 	3667
f 3939 	3060 	3937
f 3719 	3003 	3717
f 3157 	3158 	3532
f 3939 	3617 	3060
f 3609 	3157 	3532
f 3607 	3153 	3609
f 3441 	3007 	3722
f 3673 	3638 	3670
f 3824 	3671 	3672
f 3050 	3168 	3671
f 3168 	3672 	3671
f 3157 	3609 	3159
f 3407 	3667 	3666
f 3627 	3628 	3745
f 3675 	3674 	3641
f 3842 	3843 	3643
f 3638 	3673 	3591
f 3676 	3644 	3674
f 3675 	3722 	3674
f 3666 	3667 	3656
f 3650 	3656 	3667
f 3678 	3679 	3644
f 3740 	3666 	3656
f 3680 	3681 	3682
f 3290 	3291 	3659
f 3683 	3680 	3682
f 3638 	3637 	3670
f 3739 	3629 	3438
f 3562 	3525 	3685
f 3633 	3663 	3668
f 3562 	3564 	3526
f 3739 	3745 	3629
f 3007 	3997 	3640
f 3652 	3297 	3657
f 3545 	3448 	3629
f 3525 	3562 	3526
f 3649 	3562 	3685
f 3683 	3682 	3688
f 3687 	3688 	3682
f 3679 	3689 	3690
f 3644 	3679 	3690
f 3689 	3687 	3682
f 3689 	3682 	3690
f 3686 	3691 	3692
f 3299 	3300 	3657
f 3667 	3407 	3399
f 3685 	3655 	3649
f 3655 	3685 	3684
f 3533 	3777 	3613
f 3301 	3742 	3657
f 3705 	3692 	3814
f 3473 	3660 	3497
f 3689 	3722 	3687
f 3679 	3722 	3689
f 3678 	3722 	3679
f 3644 	3676 	3678
f 3660 	3549 	3497
f 3705 	3686 	3692
f 3594 	3327 	3191
f 3594 	3191 	3733
f 3730 	3669 	3503
f 3591 	3814 	3692
f 3188 	3342 	3714
f 3697 	3700 	3698
f 3661 	3731 	3665
f 3741 	3702 	3701
f 3665 	3731 	3732
f 3661 	3669 	3731
f 3732 	3704 	3665
f 3587 	3686 	3705
f 3706 	3067 	3070
f 3674 	3722 	3676
f 3676 	3722 	3678
f 3707 	3722 	3675
f 3671 	3706 	3070
f 3655 	3684 	3702
f 3641 	3707 	3675
f 3814 	3693 	3705
f 3070 	3050 	3671
f 3590 	3707 	3641
f 3342 	3703 	3699
f 3714 	3342 	3709
f 3730 	3731 	3669
f 3699 	3714 	3709
f 4035 	4029 	3677
f 3342 	3353 	3703
f 3916 	3690 	3682
f 3324 	3769 	3316
f 3677 	4067 	4035
f 3669 	3661 	4094
f 3677 	3711 	3671
f 3331 	3710 	3322
f 3671 	3708 	3706
f 3723 	3735 	3696
f 3699 	3715 	3714
f 3701 	3724 	3696
f 3671 	4079 	3718
f 3671 	3718 	3708
f 3688 	3722 	3683
f 3733 	3191 	3714
f 3824 	3672 	3748
f 3769 	3324 	3322
f 3720 	3867 	3722
f 3867 	3683 	3722
f 3168 	3231 	3672
f 3867 	3680 	3683
f 3735 	3723 	3350
f 3021 	3724 	3721
f 3720 	3003 	3719
f 3722 	3003 	3720
f 3721 	4130 	4135
f 3590 	3722 	3707
f 3688 	3687 	3722
f 3671 	3726 	4079
f 3728 	3713 	3710
f 3727 	3725 	3729
f 3712 	3892 	3728
f 3728 	3710 	3712
f 3729 	3746 	3727
f 3732 	3729 	3725
f 3713 	3728 	3716
f 3721 	3702 	3684
f 3735 	3398 	3257
f 3732 	3725 	3704
f 3350 	3351 	3735
f 3351 	3398 	3735
f 3691 	3686 	3587
f 3587 	3595 	3691
f 3103 	3695 	3735
f 3699 	3703 	3734
f 3738 	3428 	3736
f 3257 	3103 	3735
f 3182 	3734 	3703
f 3429 	3736 	3428
f 3695 	3696 	3735
f 3723 	3696 	3724
f 3721 	3724 	3702
f 3701 	3702 	3724
f 3733 	3739 	3438
f 3695 	3103 	3850
f 4064 	3622 	3738
f 3469 	3475 	3770
f 3737 	3736 	3429
f 3657 	3742 	3656
f 3746 	3729 	3967
f 3740 	3656 	3742
f 3743 	3740 	3742
f 3534 	3529 	3649
f 3540 	3293 	3694
f 4029 	3726 	3677
f 3741 	3539 	3702
f 3701 	3696 	3741
f 3711 	3677 	3726
f 3534 	3649 	3655
f 3666 	3740 	3744
f 3746 	3979 	4125
f 3655 	3702 	3539
f 4125 	3727 	3746
f 3671 	3711 	3726
f 3967 	3979 	3746
f 3534 	3655 	3539
f 3978 	4044 	3643
f 3775 	3741 	3696
f 3314 	3743 	3742
f 3774 	3571 	3604
f 3691 	3592 	3692
f 3859 	3860 	3698
f 3698 	3756 	3859
f 3756 	3698 	3858
f 3733 	3413 	3594
f 3693 	3653 	3705
f 3698 	3700 	3858
f 3693 	3658 	3653
f 3831 	3829 	3697
f 3752 	3714 	3715
f 3644 	3690 	3749
f 3752 	3754 	3714
f 3846 	3847 	3751
f 3616 	3705 	3653
f 3752 	3715 	3755
f 3616 	3587 	3705
f 3733 	3714 	3739
f 3664 	3758 	3767
f 3739 	3714 	3754
f 3758 	3761 	3767
f 3591 	3692 	3592
f 3754 	3752 	3739
f 3739 	3752 	3745
f 3691 	3595 	3592
f 3745 	3752 	3755
f 3664 	3654 	3758
f 3763 	3779 	3042
f 3758 	3654 	3593
f 3734 	3755 	3715
f 3174 	3734 	3182
f 3743 	3314 	3316
f 3223 	3734 	3174
f 3316 	3769 	3743
f 3097 	3046 	3763
f 3734 	3715 	3699
f 3755 	3734 	3745
f 3666 	3744 	3407
f 3769 	3766 	3743
f 3769 	3768 	3766
f 3740 	3743 	3766
f 3627 	3745 	3734
f 3801 	3387 	3388
f 3884 	3779 	3885
f 3767 	3839 	3833
f 3801 	3388 	3781
f 3767 	3830 	3821
f 3771 	3476 	3744
f 3620 	3753 	3098
f 3928 	3773 	3765
f 3621 	3620 	3100
f 3100 	3096 	3621
f 3771 	3744 	3740
f 3928 	3775 	3773
f 3100 	3620 	3098
f 3766 	3771 	3740
f 3753 	3635 	3751
f 3771 	3766 	3770
f 3770 	3766 	3768
f 3073 	3781 	3320
f 3818 	3838 	3768
f 3884 	3042 	3779
f 3886 	3885 	3779
f 3322 	3713 	3769
f 3074 	4041 	4064
f 3782 	3074 	4064
f 3321 	3320 	3781
f 3751 	3635 	3642
f 3778 	3557 	3777
f 3475 	3476 	3771
f 3778 	3522 	3557
f 3771 	3770 	3475
f 3734 	3223 	3772
f 3286 	3780 	3772
f 3651 	4152 	3659
f 3781 	3073 	3782
f 3046 	3433 	3763
f 3662 	4154 	3651
f 4152 	3651 	4154
f 3268 	3776 	3784
f 3290 	3659 	3822
f 2967 	3822 	3659
f 3783 	3778 	3786
f 3786 	3788 	3783
f 3783 	3788 	3785
f 3789 	3790 	3791
f 3789 	3737 	3790
f 3329 	3330 	3787
f 3785 	3788 	3786
f 3713 	3322 	3710
f 3792 	3751 	3750
f 3220 	3268 	3784
f 3793 	3751 	3792
f 3782 	3789 	3791
f 3789 	3736 	3737
f 3789 	3738 	3736
f 3330 	3332 	3794
f 3796 	3783 	3785
f 3772 	3323 	3286
f 3792 	3795 	3793
f 3786 	3797 	3796
f 3786 	3796 	3785
f 3782 	3791 	3781
f 3781 	3791 	3790
f 3784 	3780 	3303
f 3786 	3778 	3797
f 3223 	3323 	3772
f 3332 	3333 	3798
f 3799 	3798 	3333
f 3781 	3790 	3801
f 3790 	3737 	3429
f 3220 	3784 	3303
f 3796 	3797 	3800
f 3333 	3334 	3799
f 3750 	3779 	3792
f 4068 	3977 	3969
f 3779 	3763 	3433
f 3777 	3604 	3767
f 3767 	3821 	3777
f 3334 	3336 	3802
f 3774 	3604 	3777
f 3834 	3862 	3372
f 3777 	3821 	3839
f 3802 	3336 	3803
f 3336 	3341 	3803
f 3804 	3803 	3341
f 3618 	3376 	3148
f 3751 	3793 	3753
f 3800 	3783 	3796
f 3753 	3793 	4092
f 3803 	4068 	3802
f 3804 	4068 	3803
f 3790 	3429 	3801
f 3340 	3345 	3806
f 3801 	3308 	3747
f 3170 	3165 	3907
f 3296 	3306 	3801
f 3341 	3810 	2966
f 3306 	3308 	3801
f 3907 	3908 	3170
f 3340 	3810 	3341
f 3806 	3810 	3340
f 3810 	2988 	2966
f 3593 	3641 	3783
f 2988 	3805 	3002
f 3839 	3778 	3777
f 3429 	3296 	3801
f 3806 	3805 	2988
f 3806 	2988 	3810
f 3747 	3855 	3801
f 3024 	3078 	3972
f 3807 	3809 	3908
f 3809 	3170 	3908
f 3805 	3806 	3345
f 3813 	3844 	3855
f 3345 	3344 	3012
f 3693 	3814 	3817
f 3908 	3910 	3807
f 3769 	3823 	3768
f 3911 	3913 	3815
f 3811 	3808 	3910
f 3808 	3807 	3910
f 3618 	3819 	3834
f 3814 	3670 	3817
f 3818 	3768 	3823
f 3619 	3819 	3618
f 3671 	3824 	3825
f 3827 	3818 	3823
f 3756 	3828 	3829
f 3862 	3820 	3870
f 3829 	3831 	3756
f 3821 	3830 	3839
f 3764 	3696 	3762
f 3832 	3818 	3827
f 3834 	3819 	3820
f 3830 	3767 	3833
f 3858 	3828 	3756
f 4111 	3741 	3775
f 3677 	3671 	3837
f 3838 	3579 	3770
f 3783 	3758 	3593
f 3825 	3836 	3671
f 3836 	3837 	3671
f 3770 	3768 	3838
f 3862 	3834 	3820
f 3783 	3800 	3758
f 3761 	3758 	3800
f 3767 	3761 	3839
f 3836 	3914 	3837
f 3825 	3824 	3914
f 3748 	3914 	3824
f 3696 	3773 	3775
f 3838 	3818 	3835
f 3835 	3818 	3832
f 3696 	3765 	3773
f 3833 	3839 	3830
f 3778 	3839 	3797
f 3757 	3859 	3756
f 3840 	3820 	3841
f 3757 	3860 	3859
f 3696 	3764 	3765
f 3839 	3761 	3800
f 3839 	3800 	3797
f 3813 	3801 	3844
f 3801 	3855 	3844
f 3642 	3643 	3843
f 3819 	3841 	3820
f 3696 	3695 	3850
f 3750 	3751 	3847
f 3819 	3619 	3841
f 3834 	3372 	3373
f 3849 	3850 	3851
f 3549 	3848 	3747
f 3849 	3853 	3850
f 3861 	3826 	3750
f 3747 	3411 	3549
f 3886 	3779 	3750
f 3762 	3696 	3853
f 3834 	3373 	3376
f 3841 	3772 	3840
f 3854 	3851 	3850
f 3910 	3908 	3846
f 3834 	3376 	3618
f 3858 	3700 	3828
f 3846 	3751 	3856
f 3856 	3642 	3857
f 3783 	3641 	3852
f 3843 	3857 	3642
f 3845 	3749 	3864
f 3641 	3644 	3845
f 3644 	3749 	3845
f 3642 	3856 	3751
f 3734 	3772 	3841
f 3845 	3852 	3641
f 3627 	3734 	3841
f 3848 	3549 	3660
f 3759 	3860 	3757
f 3712 	3710 	3331
f 3759 	3540 	3860
f 3776 	3541 	3759
f 3541 	3540 	3759
f 3820 	3840 	3870
f 3694 	3860 	3540
f 3538 	3845 	3521
f 3864 	3865 	3866
f 3769 	3713 	3823
f 3716 	3823 	3713
f 3865 	3867 	3866
f 3868 	3869 	3867
f 3694 	3698 	3860
f 3850 	3101 	3099
f 3871 	3862 	3870
f 3873 	3868 	3867
f 3556 	3559 	3872
f 3697 	3829 	3700
f 3871 	3870 	3863
f 3850 	3103 	3101
f 3787 	3874 	3329
f 3700 	3829 	3828
f 3876 	3787 	3330
f 3865 	3873 	3867
f 3558 	3872 	3559
f 3984 	3872 	3882
f 3220 	3222 	3881
f 3872 	3558 	3882
f 3220 	3881 	3883
f 3884 	3907 	3042
f 3893 	3905 	3883
f 3925 	3646 	3647
f 3883 	3897 	3893
f 3881 	3891 	3883
f 3696 	3850 	3853
f 3418 	3925 	3647
f 3880 	3271 	3863
f 3222 	3975 	3881
f 3521 	3845 	3866
f 3887 	3853 	3849
f 3826 	3886 	3750
f 3866 	3484 	3521
f 3887 	3889 	3853
f 3875 	3880 	3863
f 3774 	3777 	3533
f 3845 	3864 	3866
f 3875 	3863 	3870
f 3875 	3870 	3840
f 3908 	3907 	3826
f 3861 	3908 	3826
f 3861 	3750 	3888
f 3750 	3847 	3888
f 3774 	3533 	3646
f 3663 	3760 	3817
f 3366 	3367 	3862
f 3886 	3826 	3907
f 3888 	3908 	3861
f 3879 	3827 	3878
f 3363 	3366 	3871
f 3862 	3871 	3366
f 3856 	3910 	3846
f 3877 	3878 	3823
f 3823 	3878 	3827
f 3881 	3890 	3891
f 3842 	3895 	3911
f 3913 	3911 	3895
f 3892 	3712 	3331
f 3897 	3883 	3891
f 3912 	3849 	3851
f 3895 	3842 	3643
f 3866 	3867 	3720
f 3898 	3891 	3890
f 3898 	3890 	3899
f 3387 	3801 	3896
f 3898 	3899 	3900
f 3885 	3907 	3884
f 3145 	3042 	3907
f 3893 	3897 	3901
f 3367 	3372 	3862
f 3395 	3396 	3975
f 3847 	3846 	3908
f 3929 	3694 	3293
f 3418 	3896 	3927
f 3857 	3911 	3856
f 3875 	3840 	3772
f 3895 	3643 	3903
f 3873 	3681 	3868
f 3904 	3903 	3677
f 3643 	3677 	3903
f 3885 	3886 	3907
f 3888 	3847 	3908
f 3780 	3875 	3772
f 3823 	3716 	3894
f 3910 	3856 	3911
f 3863 	3271 	3906
f 3871 	3863 	3906
f 3903 	3913 	3895
f 3913 	3903 	3904
f 3893 	4159 	3905
f 3906 	3271 	3272
f 3897 	3891 	3898
f 3677 	3837 	3904
f 3901 	3897 	4159
f 3887 	3849 	3912
f 3887 	3912 	3889
f 3893 	3901 	4159
f 3894 	3716 	3728
f 3892 	3331 	3874
f 3329 	3874 	3331
f 3866 	3720 	3719
f 3854 	3909 	3851
f 3880 	3276 	3271
f 3857 	3843 	3911
f 3843 	3842 	3911
f 3360 	3906 	3358
f 3272 	3358 	3906
f 3904 	3837 	3913
f 3914 	3913 	3837
f 3694 	3929 	3932
f 3836 	3825 	3914
f 3293 	3268 	3930
f 3851 	3909 	3912
f 3906 	3360 	3362
f 3896 	3418 	3387
f 3905 	4166 	3883
f 3073 	3277 	3276
f 3854 	4126 	3909
f 3225 	3299 	3231
f 3290 	3822 	3914
f 3816 	3913 	3822
f 3812 	3811 	3911
f 3815 	3812 	3911
f 3910 	3911 	3811
f 3816 	3815 	3913
f 3914 	3822 	3913
f 3299 	3297 	3231
f 3906 	3362 	3871
f 3363 	3871 	3362
f 3276 	3880 	3069
f 4116 	3898 	3900
f 3894 	3877 	3823
f 3889 	3912 	4119
f 3680 	3867 	3869
f 3522 	3852 	3845
f 3663 	3633 	3760
f 3892 	3874 	3919
f 3919 	3874 	3787
f 3522 	3783 	3852
f 3813 	3855 	3920
f 3787 	3876 	3919
f 3920 	3896 	3813
f 3889 	4119 	4093
f 3663 	3817 	3668
f 3919 	3728 	3892
f 3817 	3670 	3668
f 3813 	3896 	3801
f 3917 	3918 	3931
f 3864 	3916 	3865
f 3896 	3848 	3902
f 3855 	3747 	3920
f 3814 	3673 	3670
f 3878 	3919 	3879
f 3814 	3591 	3673
f 3749 	3916 	3864
f 3920 	3747 	3848
f 3878 	3877 	3919
f 3877 	3894 	3919
f 3728 	3919 	3894
f 3920 	3848 	3896
f 3794 	3876 	3330
f 3620 	3922 	3949
f 3749 	3690 	3916
f 3916 	3682 	3865
f 3848 	3915 	3902
f 3924 	3926 	3637
f 3873 	3865 	3682
f 3879 	3923 	3827
f 3921 	3617 	3939
f 3681 	3873 	3682
f 3643 	3917 	4007
f 3681 	3680 	3868
f 3643 	3645 	3917
f 3765 	4104 	3928
f 3926 	3067 	3706
f 3917 	3645 	3918
f 3868 	3680 	3869
f 3770 	3579 	3569
f 3866 	3717 	3484
f 3469 	3770 	3569
f 3633 	3926 	3706
f 4111 	3775 	3928
f 3866 	3719 	3717
f 3835 	3579 	3838
f 3481 	3521 	3484
f 4007 	3978 	3643
f 3147 	4053 	4024
f 3930 	3929 	3293
f 3925 	3418 	3927
f 3935 	3919 	3876
f 3935 	3876 	3794
f 3932 	3933 	3694
f 3933 	3697 	3698
f 3794 	3953 	3935
f 3774 	3646 	3925
f 3933 	3698 	3694
f 3571 	3774 	3925
f 3925 	3984 	3882
f 3571 	3925 	3882
f 3923 	3879 	3935
f 3919 	3935 	3879
f 3073 	3276 	3069
f 3875 	3780 	3008
f 4059 	3941 	3934
f 3896 	3902 	3927
f 3942 	4094 	3936
f 3850 	3934 	3941
f 3883 	4166 	3930
f 3942 	3936 	3503
f 3637 	3926 	3633
f 3827 	3947 	3832
f 3944 	3832 	3947
f 3071 	3926 	4105
f 3950 	3921 	3939
f 3946 	3944 	3947
f 3926 	4118 	4105
f 3924 	4118 	3926
f 3937 	3060 	3111
f 4118 	3924 	4117
f 3940 	3961 	3938
f 4158 	3932 	3929
f 3945 	3934 	3850
f 4174 	4166 	3905
f 3950 	3951 	3110
f 3951 	3111 	3110
f 3832 	3944 	3835
f 3951 	3937 	3111
f 3951 	3939 	3937
f 3944 	3948 	3835
f 3951 	3950 	3939
f 3944 	4018 	3948
f 3953 	3794 	3332
f 3730 	3503 	3936
f 4094 	3942 	3915
f 3039 	3875 	3008
f 3956 	3947 	3923
f 3731 	3730 	3936
f 3936 	3938 	3731
f 3069 	3880 	3039
f 3827 	3923 	3947
f 3959 	3731 	3938
f 3880 	3875 	3039
f 3938 	3961 	3959
f 3798 	3953 	3332
f 3963 	3964 	3121
f 3966 	3946 	3965
f 3121 	3120 	3963
f 3967 	3732 	3961
f 3960 	3981 	3467
f 3954 	4133 	3254
f 3956 	3965 	3947
f 3946 	3947 	3965
f 3550 	3121 	3968
f 3958 	3897 	3898
f 3922 	3950 	3949
f 3969 	3799 	3334
f 3729 	3732 	3967
f 2981 	3550 	3968
f 4159 	3897 	3958
f 3940 	3943 	3967
f 3621 	3921 	3950
f 3943 	3952 	3967
f 3963 	3962 	3467
f 3966 	3970 	3946
f 3940 	3967 	3961
f 3972 	2995 	3344
f 3942 	3927 	3902
f 3344 	3186 	3972
f 3927 	3942 	3982
f 3973 	3972 	3186
f 3028 	3973 	3974
f 3953 	3798 	3977
f 3902 	3915 	3942
f 3732 	3959 	3961
f 3974 	3976 	3028
f 3732 	3731 	3959
f 3935 	3953 	3977
f 3983 	3029 	3976
f 3798 	3799 	3977
f 3974 	3973 	3186
f 3970 	3966 	3977
f 3965 	3977 	3966
f 3975 	3408 	4042
f 3979 	3967 	3952
f 3965 	3956 	3977
f 3935 	3977 	3956
f 3935 	3956 	3923
f 3976 	3974 	3186
f 3872 	3984 	3987
f 3379 	3986 	3988
f 3802 	3969 	3334
f 3983 	3186 	3980
f 3983 	3976 	3186
f 4092 	3949 	3190
f 3488 	3990 	3991
f 3999 	3487 	3991
f 3488 	4025 	3994
f 3488 	3994 	3990
f 3993 	3927 	3987
f 3987 	3984 	3993
f 3584 	4026 	3995
f 3949 	4092 	3996
f 3992 	3946 	3970
f 3964 	3963 	3467
f 3962 	3960 	3467
f 3981 	3186 	3467
f 3468 	3467 	3186
f 3981 	3980 	3186
f 3997 	3998 	3355
f 3192 	3950 	3110
f 3584 	3995 	3488
f 3995 	4027 	3488
f 3355 	3640 	3997
f 3950 	3192 	3949
f 3994 	3444 	3990
f 3444 	3445 	3990
f 3620 	3949 	3996
f 3987 	3927 	3982
f 4001 	4065 	3487
f 3998 	3997 	3441
f 3007 	3005 	3722
f 3982 	3503 	3556
f 4001 	3999 	4002
f 3802 	4068 	3969
f 3987 	3982 	3872
f 4004 	3318 	4003
f 3872 	3982 	3556
f 3977 	4068 	3970
f 3436 	4003 	3318
f 4005 	4006 	4004
f 3318 	4004 	4006
f 4008 	3451 	4000
f 3998 	3441 	4000
f 3406 	4046 	4009
f 3436 	4008 	4003
f 4008 	3441 	4003
f 3443 	4005 	3441
f 3635 	3620 	3996
f 4046 	4072 	4012
f 4013 	3918 	3996
f 4004 	4003 	3441
f 4014 	4016 	4120
f 2969 	2982 	3999
f 4005 	3443 	4006
f 3799 	3969 	3977
f 3991 	2969 	3999
f 3992 	3970 	4068
f 4008 	4000 	3441
f 3850 	3941 	3854
f 2963 	4017 	4018
f 4004 	3441 	4005
f 3443 	3456 	4006
f 2962 	4017 	2963
f 4014 	4072 	4016
f 4013 	3931 	3918
f 3024 	4022 	2962
f 4016 	4072 	4021
f 3024 	3026 	4022
f 3931 	4013 	3917
f 3971 	3978 	4007
f 3917 	4013 	3971
f 4020 	4001 	4002
f 2962 	4022 	4017
f 3917 	3971 	4007
f 4121 	4120 	4016
f 4021 	4121 	4016
f 3996 	3971 	4013
f 3954 	4141 	3955
f 3635 	3996 	3918
f 4026 	4027 	3995
f 4021 	3989 	4121
f 3423 	4121 	3409
f 4028 	4027 	4026
f 4079 	3708 	3718
f 4030 	4025 	4027
f 3488 	4027 	4025
f 4028 	4030 	4027
f 3946 	2963 	4018
f 3994 	4025 	3444
f 4032 	4010 	4011
f 4033 	3522 	4025
f 4030 	4033 	4025
f 3942 	3503 	3982
f 3946 	4018 	3944
f 3975 	4042 	4031
f 3850 	4023 	3945
f 3975 	4031 	3890
f 3881 	3975 	3890
f 3925 	3927 	3993
f 4053 	3033 	4024
f 3925 	3993 	3984
f 3036 	4051 	4023
f 4031 	3899 	3890
f 4116 	3900 	3899
f 4036 	3280 	3948
f 3033 	3036 	4024
f 4036 	3948 	4018
f 3850 	4024 	4023
f 4036 	4018 	4043
f 4009 	4012 	4120
f 4012 	4014 	4120
f 4050 	4039 	4028
f 4079 	3706 	3708
f 3337 	4034 	3339
f 3850 	3147 	4024
f 3706 	4054 	3760
f 3989 	3409 	4121
f 3205 	4040 	4041
f 3760 	3633 	3706
f 4033 	4039 	3985
f 3986 	3985 	4038
f 4038 	4037 	3986
f 3988 	3986 	4037
f 3706 	4079 	4054
f 4038 	3985 	4039
f 4030 	4039 	4033
f 4042 	3409 	3989
f 4020 	4019 	4001
f 4037 	4001 	4019
f 3988 	4037 	4019
f 4078 	4037 	4077
f 4017 	4043 	4018
f 4045 	4046 	3288
f 3568 	4048 	4049
f 3259 	4146 	4047
f 3288 	3622 	4045
f 4048 	4050 	4049
f 4023 	4051 	4052
f 4026 	4049 	4028
f 4050 	4028 	4049
f 3259 	4047 	3212
f 3505 	3495 	4026
f 4034 	3337 	4043
f 3209 	3212 	4047
f 3568 	4074 	4048
f 4030 	4028 	4039
f 4080 	4039 	4048
f 4050 	4048 	4039
f 4017 	4022 	4043
f 4034 	4043 	4022
f 4055 	3399 	4054
f 4080 	4081 	4039
f 4038 	4039 	4077
f 3026 	3047 	4034
f 4046 	3289 	3288
f 3945 	4023 	4052
f 4078 	4082 	4037
f 3486 	3487 	4065
f 4037 	4082 	4001
f 2966 	3804 	3341
f 3992 	4058 	3946
f 3934 	4061 	4059
f 4040 	3205 	4086
f 4054 	4079 	4055
f 3486 	4062 	4063
f 2968 	2963 	4058
f 3946 	4058 	2963
f 3568 	3520 	4074
f 3520 	3485 	4074
f 4036 	4043 	3280
f 3486 	4065 	4062
f 4055 	3667 	3399
f 3001 	4063 	4062
f 3001 	4062 	4066
f 4065 	4066 	4062
f 4136 	3957 	4032
f 3406 	3402 	4046
f 3289 	4046 	3402
f 2966 	4068 	3804
f 4012 	4009 	4046
f 3992 	4068 	4058
f 3677 	4044 	4067
f 4014 	4012 	4072
f 3677 	3643 	4044
f 2973 	4070 	4060
f 3001 	4066 	4071
f 4067 	3667 	4055
f 3002 	3805 	3345
f 2977 	2990 	2963
f 3004 	2962 	2990
f 4074 	4073 	4076
f 4073 	4084 	4076
f 4075 	4076 	4084
f 2980 	4061 	3934
f 4038 	4077 	4037
f 4080 	4048 	4074
f 4079 	4067 	4055
f 4077 	4039 	4081
f 4065 	4001 	4082
f 4067 	4029 	4035
f 2983 	3945 	4052
f 4077 	4056 	4078
f 4057 	4056 	4077
f 4056 	4060 	4078
f 4077 	4081 	4075
f 4077 	4075 	4057
f 4045 	3074 	4187
f 4076 	4075 	4081
f 4078 	4070 	4082
f 4060 	4070 	4078
f 4069 	4082 	4070
f 4076 	4080 	4074
f 4079 	3726 	4029
f 4081 	4080 	4076
f 4069 	4071 	4082
f 4082 	4071 	4065
f 4065 	4071 	4066
f 3090 	3033 	4053
f 3989 	4021 	4042
f 3416 	4053 	3173
f 4072 	4042 	4021
f 4084 	3485 	4083
f 4063 	4083 	3485
f 3486 	4063 	3485
f 4079 	4029 	4067
f 3093 	4051 	3036
f 4083 	4063 	3150
f 3001 	3150 	4063
f 4051 	3093 	4052
f 3093 	3087 	4052
f 4073 	3485 	4084
f 4091 	4088 	4045
f 4084 	4083 	3150
f 4075 	4084 	3150
f 3934 	3945 	2980
f 2983 	2980 	3945
f 4088 	4046 	4045
f 4057 	4075 	3242
f 3954 	3010 	4139
f 3190 	3098 	3753
f 2973 	4060 	4056
f 4045 	4187 	4091
f 4126 	3854 	3941
f 4057 	3242 	4056
f 4188 	4097 	4042
f 4023 	4024 	3036
f 4097 	4031 	4042
f 3721 	3017 	3019
f 3209 	4047 	4086
f 4042 	3039 	4188
f 3721 	4135 	3017
f 3021 	3721 	3019
f 3001 	4069 	2973
f 4070 	2973 	4069
f 4046 	4088 	4108
f 3205 	3209 	4086
f 3523 	4087 	3721
f 3684 	3685 	3524
f 3685 	3525 	3524
f 4041 	3623 	4064
f 4041 	3624 	3623
f 4090 	4103 	3795
f 3624 	4041 	4040
f 3795 	3792 	4090
f 3721 	4087 	4130
f 3779 	4090 	3792
f 3625 	4086 	4047
f 3021 	3048 	3724
f 4072 	4046 	4106
f 3523 	3539 	4087
f 4122 	3074 	4045
f 3524 	3523 	3684
f 3192 	3190 	3949
f 3721 	3684 	3523
f 3625 	3624 	4086
f 4087 	3539 	3741
f 4040 	4086 	3624
f 4087 	3741 	4111
f 3738 	3789 	4064
f 4092 	3971 	3996
f 4119 	3912 	4138
f 4047 	3648 	3625
f 3190 	3753 	4092
f 4047 	4146 	3648
f 4064 	3789 	3782
f 4094 	4095 	3936
f 4095 	3938 	3936
f 3793 	4089 	4092
f 4093 	3762 	3853
f 4093 	3764 	3762
f 4142 	3957 	3955
f 3889 	4093 	3853
f 4095 	4096 	3940
f 3596 	4099 	3544
f 3940 	3938 	4095
f 3954 	4139 	4141
f 3596 	4098 	4099
f 4105 	4101 	3760
f 4104 	3765 	4093
f 4101 	3693 	3817
f 4093 	3765 	3764
f 4099 	4085 	4090
f 4101 	3817 	3760
f 3899 	4031 	4097
f 4109 	4099 	4098
f 4099 	3779 	3433
f 4072 	3069 	4042
f 3928 	4104 	4102
f 4124 	3943 	4096
f 4102 	4104 	4112
f 3952 	3943 	4124
f 4104 	4107 	4112
f 4092 	4103 	3971
f 4105 	3760 	4054
f 4046 	4108 	4106
f 3704 	4096 	4115
f 4106 	4108 	4091
f 4092 	4089 	4103
f 4093 	4107 	4104
f 4103 	4109 	4098
f 4103 	4090 	4085
f 3943 	3940 	4096
f 4103 	4089 	3793
f 4088 	4091 	4108
f 3669 	4094 	3915
f 4103 	3793 	3795
f 4105 	4054 	3400
f 4103 	4110 	4109
f 4085 	4110 	4103
f 3928 	4102 	4111
f 4102 	4112 	4111
f 4105 	3400 	3071
f 3693 	4113 	3658
f 3660 	3669 	3915
f 4101 	4114 	4113
f 3958 	4100 	2974
f 4110 	4085 	4099
f 4117 	4114 	4101
f 4107 	4093 	4112
f 4096 	4095 	4115
f 4130 	4111 	4112
f 4112 	4119 	4130
f 3693 	4101 	4113
f 4109 	4110 	4099
f 3661 	4115 	4095
f 4111 	4130 	4087
f 3958 	3898 	4116
f 4105 	4118 	4117
f 4116 	3899 	4097
f 4094 	3661 	4095
f 4116 	4097 	4100
f 3661 	3665 	4115
f 4090 	3779 	4099
f 4100 	3958 	4116
f 3456 	3406 	4120
f 4101 	4105 	4117
f 3665 	3704 	4115
f 3915 	3848 	3660
f 3909 	4126 	4140
f 3363 	3362 	3424
f 3362 	3360 	3423
f 4121 	3423 	3358
f 3358 	2965 	4121
f 4124 	4096 	3704
f 3623 	3624 	4122
f 3585 	3170 	3013
f 3809 	3013 	3170
f 4114 	4117 	3924
f 3625 	4123 	4122
f 4119 	4112 	4093
f 3013 	3807 	3014
f 3808 	3014 	3807
f 4114 	3924 	3614
f 4128 	3648 	4146
f 4124 	4125 	3979
f 4113 	4114 	3614
f 4124 	3979 	3952
f 3013 	3809 	3807
f 3614 	3658 	4113
f 4124 	3704 	3725
f 3811 	3014 	3808
f 3725 	3727 	4124
f 3648 	4127 	4123
f 3727 	4125 	4124
f 3010 	3108 	3458
f 4132 	4138 	4140
f 3941 	3006 	4126
f 4127 	3648 	4128
f 3108 	3010 	3954
f 4154 	4067 	4044
f 4132 	4130 	4119
f 4103 	3022 	3971
f 3955 	4134 	3954
f 4126 	3006 	4135
f 3625 	3648 	4123
f 4134 	3955 	4136
f 4044 	3978 	4155
f 3957 	4136 	3955
f 4137 	4140 	4126
f 4129 	4136 	4032
f 4126 	4135 	4137
f 4032 	4011 	4129
f 4165 	4136 	4129
f 4067 	4154 	3662
f 4135 	4130 	4132
f 4135 	4132 	4137
f 3624 	3625 	4122
f 4132 	4140 	4137
f 4119 	4138 	4132
f 4122 	4045 	3623
f 3662 	3667 	4067
f 4098 	3023 	3022
f 3912 	3909 	4140
f 4138 	3912 	4140
f 4123 	3209 	3252
f 3596 	3023 	4098
f 4134 	4133 	3954
f 4122 	4123 	3252
f 3022 	4103 	4098
f 4059 	3081 	3006
f 3941 	4059 	3006
f 3955 	4141 	4142
f 4045 	3622 	3623
f 3978 	3971 	3022
f 3083 	4061 	2980
f 3083 	3081 	4059
f 3212 	4128 	3216
f 4061 	3083 	4059
f 4167 	4136 	4165
f 3235 	4123 	4127
f 4127 	4128 	3235
f 4052 	3087 	2983
f 4129 	4163 	4165
f 3205 	4122 	3253
f 3812 	2961 	3811
f 3014 	3811 	2961
f 4129 	4011 	4163
f 4053 	3416 	3090
f 3816 	2967 	3815
f 3252 	3253 	4122
f 2961 	3812 	3815
f 2967 	2961 	3815
f 3212 	3235 	4128
f 3816 	3822 	2967
f 2961 	4145 	3015
f 4128 	4147 	4148
f 3010 	4143 	4149
f 2967 	4145 	2961
f 4147 	3260 	4148
f 4145 	2967 	4152
f 4147 	4128 	4146
f 3216 	4148 	3260
f 4148 	3216 	4128
f 3263 	3260 	4147
f 2961 	3015 	3014
f 3978 	3022 	4155
f 4145 	4155 	3015
f 4147 	4146 	3263
f 4044 	4155 	4154
f 4151 	4161 	4162
f 4156 	4158 	3929
f 3022 	3015 	4155
f 3929 	3930 	4156
f 4155 	4145 	4152
f 4155 	4152 	4154
f 4159 	2974 	4160
f 4170 	4151 	4162
f 2974 	3051 	4160
f 4150 	4153 	4167
f 3057 	4174 	4160
f 4133 	4143 	3254
f 3905 	4159 	4174
f 4144 	4162 	4150
f 4144 	4163 	4131
f 3933 	3932 	4164
f 3932 	4168 	4164
f 4150 	4162 	4157
f 4151 	4010 	4161
f 4011 	4131 	4163
f 4162 	3957 	4157
f 4161 	4010 	4162
f 4164 	3697 	3933
f 4149 	4143 	4153
f 4139 	3010 	4149
f 4149 	4141 	4139
f 4149 	4142 	4141
f 3697 	4164 	3831
f 4165 	4163 	4144
f 4157 	4142 	4149
f 4144 	4150 	4165
f 4157 	3957 	4142
f 4150 	4167 	4165
f 3010 	3570 	4143
f 4153 	4150 	4157
f 4136 	4169 	4134
f 4136 	4167 	4169
f 4153 	4169 	4167
f 3784 	3776 	4166
f 4153 	4143 	4169
f 3759 	3757 	4166
f 4170 	4162 	4144
f 4133 	4134 	4169
f 4168 	4175 	3757
f 4144 	4131 	4170
f 4169 	4143 	4133
f 3756 	4168 	3757
f 4149 	4153 	4157
f 3756 	3831 	4168
f 4131 	4151 	4170
f 4151 	4131 	4011
f 4010 	4151 	4011
f 4032 	3957 	4162
f 3757 	4175 	4166
f 4162 	4010 	4032
f 3759 	4166 	3776
f 4158 	4166 	4175
f 4174 	3784 	4166
f 3123 	4172 	3364
f 3237 	4172 	4173
f 4171 	3256 	4173
f 2982 	4180 	4171
f 4178 	4176 	4177
f 4178 	4177 	4179
f 4180 	2982 	4176
f 4166 	4156 	3930
f 4158 	4156 	4166
f 4180 	4181 	4182
f 4176 	4181 	4180
f 3780 	4174 	3008
f 4183 	4182 	4181
f 4179 	4184 	4178
f 4186 	4185 	4178
f 3244 	4185 	4186
f 3245 	3266 	4185
f 3831 	4164 	4168
f 3780 	3784 	4174
f 4193 	4190 	4185
f 3247 	4193 	4185
f 4175 	3932 	4158
f 4184 	4186 	4178
f 4175 	4168 	3932
f 4174 	3053 	3008
f 4159 	4160 	4174
f 3057 	3053 	4174
f 3069 	3039 	4042
f 4185 	4190 	4178
f 4122 	3205 	3074
f 2979 	2972 	4187
f 4186 	4184 	3241
f 2972 	4091 	4187
f 3186 	3241 	4184
f 2974 	4159 	3958
f 4179 	4177 	3186
f 4184 	4179 	3186
f 4188 	3051 	2974
f 4097 	2974 	4100
f 3280 	4185 	3287
f 4097 	4188 	2974
f 3287 	4185 	3266
f 3039 	3051 	4188
f 3256 	4171 	4180
f 3278 	3256 	4180
f 3073 	3069 	4072
f 3237 	3364 	4172
f 3237 	4173 	3255
f 4173 	3256 	3255
f 4189 	2972 	3000
f 4189 	4072 	4106
f 4189 	4106 	2972
f 2972 	4106 	4091
f 3073 	4072 	4189
f 4192 	4193 	3247
f 4190 	4191 	4176
f 4192 	4191 	4190
f 4192 	4190 	4193
f 4190 	4176 	4178
f 3280 	3247 	4185
f 4183 	4181 	3326
f 4181 	4191 	3326
f 4182 	4183 	3278
f 4182 	3278 	4180
f 4183 	3326 	3278
f 4192 	3246 	4191
f 4191 	4181 	4176
f 4192 	3247 	3246
# 2470 faces

 #end of obj_4

o obj_5
v 105.095 		262.641 		12.465
v 101.977 		263.292 		13.265
v 103.723 		261.515 		12.925
v 103.382 		262.641 		11.728
v 98.877 		262.165 		14.131
v 99.556 		261.943 		14.265
v 103.685 		262.641 		11.383
v 102.361 		237.925 		0
v 102.584 		263.323 		13.31
v 105.022 		262.863 		12.409
v 102.492 		263.292 		13.09
v 97.622 		263.292 		12.525
v 103.858 		261.606 		13.101
v 98.368 		263.292 		12.547
v 101.903 		239.633 		0
v 98.223 		263.323 		12.736
v 102.071 		239.382 		0
v 97.79 		263.323 		12.357
v 104.906 		263.054 		12.32
v 102.205 		239.111 		0
v 102.302 		238.825 		0
v 102.361 		238.528 		0
v 102.381 		238.227 		0
v 96.2508 		262.7115 		11.682
v 96.2184 		262.641 		11.682
v 96.401 		262.863 		11.844
v 101.92 		263.2 		13.051
v 96.3608 		262.9095 		11.682
v 96.3209 		262.863 		11.682
v 97.761 		238.227 		0
v 96.4841 		263.054 		11.682
v 105.12 		262.403 		12.484
v 104.471 		261.753 		12.817
v 100.372 		235.937 		0
v 102.408 		263.2 		12.885
v 100.071 		235.917 		0
v 96.5125 		263.0735 		11.682
v 99.824 		263.292 		13.265
v 99.769 		235.937 		0
v 104.906 		261.753 		12.32
v 99.473 		235.996 		0
v 103.974 		261.753 		13.252
v 99.187 		236.093 		0
v 98.916 		236.226 		0
v 98.665 		236.394 		0
v 98.437 		236.594 		0
v 98.238 		236.821 		0
v 98.07 		237.072 		0
v 101.87 		263.054 		12.867
v 103.018 		262.403 		12.006
v 97.937 		237.343 		0
v 98.503 		263.2 		12.371
v 97.84 		237.629 		0
v 99.881 		263.2 		13.051
v 104.574 		261.943 		12.92
v 102.302 		237.629 		0
v 102.205 		237.343 		0
v 102.071 		237.072 		0
v 101.903 		236.821 		0
v 103.037 		262.165 		12.031
v 101.704 		236.594 		0
v 100.386 		263.2 		13.151
v 101.477 		236.394 		0
v 96.294 		262.403 		11.906
v 101.226 		236.226 		0
v 102.335 		263.054 		12.709
v 100.955 		236.093 		0
v 96.1958 		262.4868 		11.682
v 100.669 		235.996 		0
v 96.1838 		262.403 		11.682
v 96.4841 		261.753 		11.682
v 96.401 		261.943 		11.844
v 96.3209 		261.943 		11.682
v 104.639 		262.165 		12.985
v 96.4569 		261.7845 		11.682
v 99.93 		263.054 		12.867
v 103.093 		261.943 		12.104
v 103.807 		231.514 		0
v 102.691 		231.136 		0
v 101.535 		230.906 		0
v 100.359 		230.829 		0
v 99.182 		230.906 		0
v 98.027 		231.136 		0
v 96.911 		231.514 		0
v 96.321 		262.165 		11.89
v 100.411 		263.054 		12.962
v 105.022 		261.943 		12.409
v 103.447 		261.943 		11.793
v 95.853 		232.036 		0
v 94.874 		232.69 		0
v 93.987 		233.468 		0
v 93.21 		234.354 		0
v 92.556 		235.334 		0
v 92.034 		236.391 		0
v 91.655 		237.507 		0
v 91.426 		238.663 		0
v 91.348 		239.839 		0
v 98.437 		239.86 		0
v 96.2921 		262.0057 		11.682
v 101.704 		239.86 		0
v 104.661 		262.403 		13.007
v 96.2184 		262.165 		11.682
v 105.095 		262.165 		12.465
v 100.43 		262.863 		12.817
v 98.665 		240.059 		0
v 98.916 		240.227 		0
v 99.187 		240.361 		0
v 98.078 		261.515 		12.925
v 99.473 		240.458 		0
v 99.769 		240.517 		0
v 96.2068 		262.2464 		11.682
v 100.071 		240.537 		0
v 100.372 		240.517 		0
v 100.669 		240.458 		0
v 100.955 		240.361 		0
v 101.226 		240.227 		0
v 101.477 		240.059 		0
v 97.943 		261.606 		13.101
v 104.179 		261.515 		12.525
v 91.348 		269.047 		10.565
v 101.833 		262.863 		12.725
v 105.0879 		261.483 		10.565
v 99.968 		262.863 		12.725
v 97.827 		261.753 		13.252
v 102.279 		262.863 		12.574
v 109.369 		239.839 		0
v 109.369 		269.047 		10.565
v 84.867 		240.826 		0.065
v 85.529 		242.777 		0.065
v 104.336 		261.606 		12.682
v 86.44 		244.625 		0.065
v 87.585 		246.338 		0.065
v 88.943 		247.887 		0.065
v 105.0879 		263.323 		10.565
v 84.33 		236.75 		0.065
v 84.465 		238.806 		0.065
v 106.017 		262.641 		10.565
v 106.0193 		262.6233 		10.565
v 91.348 		239.839 		0.065
v 87.585 		227.162 		0.065
v 86.44 		228.875 		0.065
v 85.529 		230.723 		0.065
v 84.867 		232.674 		0.065
v 84.465 		234.694 		0.065
v 105.9242 		262.863 		10.565
v 105.9279 		262.8542 		10.565
v 99.992 		262.641 		12.637
v 90.492 		224.255 		0.065
v 88.943 		225.613 		0.065
v 88.5248 		226.09 		6.607
v 88.943 		225.613 		6.607
v 90.492 		224.255 		6.607
v 84.867 		240.826 		6.563
v 105.8219 		262.9937 		10.565
v 85.529 		242.777 		6.563
v 86.44 		244.625 		6.563
v 87.585 		246.338 		6.563
v 88.943 		247.887 		6.563
v 105.773 		263.054 		10.565
v 100.442 		262.641 		12.726
v 98.503 		261.606 		12.371
v 105.7686 		263.0572 		10.565
v 105.785 		262.641 		11.27
v 88.5248 		226.09 		6.563
v 87.585 		227.162 		6.563
v 86.44 		228.875 		6.563
v 85.529 		230.723 		6.563
v 105.5723 		263.2 		10.565
v 84.867 		232.674 		6.563
v 84.465 		234.694 		6.563
v 84.33 		236.75 		6.563
v 104.011 		261.483 		12.357
v 105.479 		262.641 		11.89
v 84.465 		238.806 		6.563
v 105.3387 		263.292 		10.565
v 105.5448 		263.2109 		10.565
v 100.43 		261.943 		12.817
v 105.277 		263.2996 		10.565
v 103.182 		261.753 		12.22
v 104.8369 		263.292 		10.565
v 104.9884 		263.3107 		10.565
v 105.4 		262.863 		11.844
v 103.551 		261.753 		11.897
v 113.72 		244.625 		0.065
v 114.631 		242.777 		0.065
v 115.293 		240.826 		0.065
v 109.369 		249.4449 		0.065
v 109.668 		249.245 		0.065
v 111.217 		247.887 		0.065
v 112.575 		246.338 		0.065
v 115.293 		232.674 		0.065
v 114.631 		230.723 		0.065
v 113.72 		228.875 		0.065
v 115.695 		238.806 		0.065
v 115.83 		236.75 		0.065
v 115.695 		234.694 		0.065
v 112.575 		227.162 		0.065
v 106.0495 		262.403 		10.565
v 109.369 		239.839 		0.065
v 111.217 		225.613 		0.065
v 109.668 		224.255 		0.065
v 105.273 		263.054 		11.771
v 103.219 		263.292 		13.262
v 115.293 		240.826 		6.607
v 114.631 		242.777 		6.607
v 113.72 		244.625 		6.607
v 112.575 		246.338 		6.607
v 112.206 		246.7589 		6.607
v 105.773 		261.753 		10.565
v 113.72 		228.875 		6.607
v 114.631 		230.723 		6.607
v 115.293 		232.674 		6.607
v 115.695 		234.694 		6.607
v 115.83 		236.75 		6.607
v 115.695 		238.806 		6.607
v 105.9242 		261.943 		10.565
v 112.206 		226.7411 		6.607
v 112.575 		227.162 		6.607
v 105.9185 		261.9358 		10.565
v 101.809 		262.641 		12.637
v 109.668 		224.255 		6.607
v 111.217 		225.613 		6.607
v 111.6352 		226.09 		6.607
v 105.8219 		261.813 		10.565
v 105.7757 		261.7563 		10.565
v 106.017 		262.165 		10.565
v 103.1 		263.323 		13.056
v 106.0102 		262.1489 		10.565
v 105.108 		263.2 		11.676
v 112.206 		246.7589 		6.563
v 106.0468 		262.3829 		10.565
v 111.217 		247.887 		6.563
v 102.243 		262.641 		12.489
v 103.685 		261.606 		12.031
v 109.369 		249.4449 		6.563
v 109.668 		249.245 		6.563
v 104.755 		263.2 		12.204
v 104.8369 		261.515 		10.565
v 104.7254 		261.5585 		10.565
v 99.93 		261.753 		12.867
v 100.411 		261.753 		12.962
v 105.3387 		261.515 		10.565
v 102.981 		263.292 		12.849
v 112.206 		226.7411 		6.563
v 111.6352 		226.09 		6.563
v 104.916 		263.292 		11.565
v 105.5723 		261.606 		10.565
v 105.3808 		261.5314 		10.565
v 105.5905 		261.6193 		10.565
v 104.937 		261.5022 		10.565
v 101.87 		261.753 		12.867
v 98.368 		261.515 		12.547
v 103.578 		263.323 		12.736
v 104.71 		263.323 		11.446
v 100.359 		230.829 		0.065
v 99.881 		261.606 		13.051
v 100.08 		221 		0.065
v 98.024 		221.135 		0.065
v 107.955 		223.11 		0.065
v 106.107 		222.199 		0.065
v 104.156 		221.537 		0.065
v 102.136 		221.135 		0.065
v 100.386 		261.606 		13.151
v 103.433 		263.292 		12.547
v 96.004 		221.537 		0.065
v 94.053 		222.199 		0.065
v 92.205 		223.11 		0.065
v 105.1589 		261.4921 		10.565
v 105.814 		262.403 		11.282
v 98.024 		221.135 		6.607
v 100.08 		221 		6.607
v 102.136 		221.135 		6.607
v 104.156 		221.537 		6.607
v 106.107 		222.199 		6.607
v 107.955 		223.11 		6.607
v 104.6033 		263.2 		10.565
v 104.7057 		263.2403 		10.565
v 92.205 		223.11 		6.607
v 94.053 		222.199 		6.607
v 96.004 		221.537 		6.607
v 103.36 		262.403 		11.706
v 105.785 		262.165 		11.27
v 102.87 		263.2 		12.657
v 103.66 		262.403 		11.364
v 103.298 		263.2 		12.371
v 97.622 		261.515 		12.525
v 99.824 		261.515 		13.265
v 104.864 		232.036 		0.065
v 105.506 		262.403 		11.906
v 104.864 		232.036 		0
v 103.382 		262.165 		11.728
v 105.844 		232.69 		0.065
v 102.774 		263.054 		12.492
v 105.844 		232.69 		0
v 103.685 		262.165 		11.383
v 106.73 		233.468 		0.065
v 97.79 		261.483 		12.357
v 104.916 		261.515 		11.565
v 106.73 		233.468 		0
v 107.507 		234.354 		0.065
v 98.223 		261.483 		12.736
v 107.507 		234.354 		0
v 101.92 		261.606 		13.051
v 108.161 		235.334 		0.065
v 108.161 		235.334 		0
v 105.108 		261.606 		11.676
v 108.683 		236.391 		0.065
v 102.701 		262.863 		12.366
v 100 		262.403 		12.606
v 108.683 		236.391 		0
v 109.062 		237.507 		0.065
v 102.408 		261.606 		12.885
v 100.446 		262.403 		12.695
v 109.062 		237.507 		0
v 109.291 		238.663 		0.065
v 109.291 		238.663 		0
v 104.755 		261.606 		12.204
v 102.981 		261.515 		12.849
v 105.273 		261.753 		11.771
v 104.4024 		263.054 		10.565
v 104.4586 		263.0948 		10.565
v 96.911 		231.514 		0.065
v 98.027 		231.136 		0.065
v 104.2483 		262.863 		10.565
v 104.271 		262.891 		10.565
v 99.182 		230.906 		0.065
v 104.1515 		262.641 		10.565
v 104.1574 		262.6545 		10.565
v 103.219 		261.515 		13.262
v 104.1184 		262.403 		10.565
v 101.535 		230.906 		0.065
v 104.1195 		262.4103 		10.565
v 105.4 		261.943 		11.844
v 104.1515 		262.165 		10.565
v 104.1496 		262.1784 		10.565
v 102.691 		231.136 		0.065
v 99.992 		262.165 		12.637
v 101.977 		261.515 		13.265
v 104.2483 		261.943 		10.565
v 104.2361 		261.9713 		10.565
v 103.807 		231.514 		0.065
v 104.4024 		261.753 		10.565
v 104.3667 		261.7969 		10.565
v 102.492 		261.515 		13.09
v 100.442 		262.165 		12.726
v 104.6033 		261.606 		10.565
v 104.5327 		261.6576 		10.565
v 105.479 		262.165 		11.89
v 96.548 		238.946 		6.563
v 103.453 		237.653 		6.563
v 100.405 		234.627 		6.563
v 99.947 		234.597 		6.563
v 99.49 		234.627 		6.563
v 99.04 		234.717 		6.563
v 98.606 		234.864 		6.563
v 98.194 		235.067 		6.563
v 97.813 		235.322 		6.563
v 101.801 		262.403 		12.606
v 91.348 		260.5229 		0
v 102.701 		261.943 		12.366
v 97.468 		235.624 		6.563
v 91.348 		269.047 		6.404
v 109.369 		269.047 		6.404
v 99.968 		261.943 		12.725
v 102.231 		262.403 		12.46
v 97.166 		235.969 		6.563
v 96.911 		236.35 		6.563
v 96.708 		236.762 		6.563
v 96.561 		237.196 		6.563
v 104.71 		261.483 		11.446
v 103.4235 		237.653 		6.563
v 103.423 		237.646 		6.563
v 103.055 		270.266 		8.842
v 101.568 		270.464 		8.842
v 101.568 		270.464 		6.5
v 103.055 		270.266 		6.5
v 102.774 		261.753 		12.492
v 103.334 		237.196 		6.563
v 103.186 		236.762 		6.563
v 97.162 		262.641 		12.985
v 102.983 		236.35 		6.563
v 102.729 		235.969 		6.563
v 102.426 		235.624 		6.563
v 102.081 		235.322 		6.563
v 101.7 		235.067 		6.563
v 96.706 		262.641 		12.465
v 101.289 		234.864 		6.563
v 100.855 		234.717 		6.563
v 96.723 		270.324 		6.5
v 98.218 		270.444 		6.5
v 98.218 		270.444 		8.913
v 106.007 		262.641 		10.615
v 101.809 		262.165 		12.637
v 102.87 		261.606 		12.657
v 97.8352 		237.653 		3.898
v 97.781 		237.925 		3.898
v 97.761 		238.227 		3.898
v 97.781 		238.528 		3.898
v 97.227 		262.863 		12.92
v 102.243 		262.165 		12.489
v 98.582 		263.292 		13.262
v 97.84 		238.825 		3.898
v 105.919 		262.863 		10.591
v 97.937 		239.111 		3.898
v 98.07 		239.382 		3.898
v 96.779 		262.863 		12.409
v 98.238 		239.633 		3.898
v 103.298 		261.606 		12.371
v 99.217 		263.323 		13.31
v 102.361 		237.925 		3.898
v 102.3068 		237.653 		3.898
v 98.701 		263.323 		13.056
v 101.903 		239.633 		3.898
v 103.433 		261.515 		12.547
v 102.071 		239.382 		3.898
v 97.33 		263.054 		12.817
v 102.205 		239.111 		3.898
v 102.302 		238.825 		3.898
v 96.723 		270.324 		8.913
v 102.361 		238.528 		3.898
v 102.381 		238.227 		3.898
v 101.833 		261.943 		12.725
v 104.864 		297.647 		0
v 105.844 		296.993 		0
v 106.73 		296.215 		0
v 107.507 		295.329 		0
v 108.161 		294.349 		0
v 108.683 		293.292 		0
v 109.062 		292.176 		0
v 109.291 		291.02 		0
v 109.369 		289.844 		0
v 109.3392 		289.394 		0
v 103.453 		237.653 		3.898
v 102.279 		261.943 		12.574
v 96.895 		263.054 		12.32
v 100.559 		289.483 		0
v 100.257 		289.463 		0
v 96.548 		237.653 		3.898
v 99.956 		289.483 		0
v 97.781 		237.925 		0
v 99.659 		289.542 		0
v 99.373 		289.639 		0
v 97.781 		238.528 		0
v 99.102 		289.773 		0
v 98.851 		289.941 		0
v 97.84 		238.825 		0
v 103.1 		261.483 		13.056
v 98.624 		290.14 		0
v 97.937 		239.111 		0
v 97.465 		263.2 		12.682
v 98.82 		263.292 		12.849
v 98.424 		290.367 		0
v 104.311 		263.2 		11.216
v 98.07 		239.382 		0
v 98.257 		290.618 		0
v 98.238 		239.633 		0
v 98.123 		290.889 		0
v 99.308 		263.292 		13.09
v 103.578 		261.483 		12.736
v 98.026 		291.175 		0
v 104.539 		263.2 		10.754
v 97.967 		291.472 		0
v 97.947 		291.773 		0
v 97.967 		292.075 		0
v 105.7 		262.863 		11.235
v 104.146 		263.054 		11.12
v 105.565 		263.054 		11.179
v 99.393 		263.2 		12.885
v 97.139 		262.403 		13.007
v 102.269 		262.641 		14.354
v 102.277 		262.403 		14.384
v 105.389 		263.2 		11.106
v 104.02 		262.863 		11.047
v 103.94 		262.641 		11.001
v 105.184 		263.292 		11.021
v 102.269 		262.165 		14.354
v 96.548 		238.946 		4.415
v 98.931 		263.2 		12.657
v 96.548 		237.653 		4.415
v 104.964 		263.323 		10.93
v 102.335 		261.753 		12.709
v 103.4235 		237.653 		4.415
v 99.026 		263.054 		12.492
v 102.488 		291.175 		0
v 102.391 		290.889 		0
v 97.8352 		237.653 		4.415
v 101.59 		262.641 		14.488
v 104.363 		263.054 		10.681
v 99.466 		263.054 		12.709
v 100.9 		262.641 		14.534
v 104.744 		263.292 		10.839
v 102.3068 		237.653 		4.415
v 104.228 		262.863 		10.625
v 102.584 		261.483 		13.31
v 101.578 		262.863 		14.397
v 104.143 		262.641 		10.59
v 100.9 		262.863 		14.442
v 100.405 		234.627 		4.415
v 99.099 		262.863 		12.366
v 99.947 		234.597 		4.415
v 99.49 		234.627 		4.415
v 99.04 		234.717 		4.415
v 98.606 		234.864 		4.415
v 99.522 		262.863 		12.574
v 100.9 		263.2 		13.185
v 98.194 		235.067 		4.415
v 97.813 		235.322 		4.415
v 97.468 		235.624 		4.415
v 101.414 		263.2 		13.151
v 97.166 		235.969 		4.415
v 97.33 		261.753 		12.817
v 96.911 		236.35 		4.415
v 103.913 		262.403 		10.986
v 96.708 		236.762 		4.415
v 96.561 		237.196 		4.415
v 103.423 		237.646 		4.415
v 99.557 		262.641 		12.489
v 103.334 		237.196 		4.415
v 97.227 		261.943 		12.92
v 103.186 		236.762 		4.415
v 102.983 		236.35 		4.415
v 102.729 		235.969 		4.415
v 103.94 		262.165 		11.001
v 102.426 		235.624 		4.415
v 102.081 		235.322 		4.415
v 101.7 		235.067 		4.415
v 100.9 		263.054 		12.994
v 101.289 		234.864 		4.415
v 100.855 		234.717 		4.415
v 101.39 		263.054 		12.962
v 106.038 		262.403 		10.623
v 97.162 		262.165 		12.985
v 100.372 		235.937 		4.415
v 99.393 		261.606 		12.885
v 104.02 		261.943 		11.047
v 102.258 		290.618 		0
v 102.09 		290.367 		0
v 101.89 		290.14 		0
v 101.663 		289.941 		0
v 101.412 		289.773 		0
v 101.141 		289.639 		0
v 98.82 		261.515 		12.849
v 100.855 		289.542 		0
v 99.308 		261.515 		13.09
v 104.146 		261.753 		11.12
v 105.919 		261.943 		10.591
v 102.547 		291.472 		0
v 102.567 		291.773 		0
v 100.9 		262.863 		12.848
v 102.547 		292.075 		0
v 101.37 		262.863 		12.817
v 106.007 		262.165 		10.615
v 96.681 		262.403 		12.484
v 98.026 		292.371 		0
v 104.311 		261.606 		11.216
v 98.123 		292.657 		0
v 98.582 		261.515 		13.262
v 100.9 		262.641 		12.756
v 98.257 		292.928 		0
v 97.465 		261.606 		12.682
v 98.424 		293.179 		0
v 101.358 		262.641 		12.726
v 102.09 		293.179 		0
v 104.539 		261.606 		10.754
v 102.258 		292.928 		0
v 102.391 		292.657 		0
v 104.744 		261.515 		10.839
v 102.488 		292.371 		0
v 99.569 		262.403 		12.46
v 98.624 		293.406 		0
v 96.895 		261.753 		12.32
v 98.851 		293.606 		0
v 99.102 		293.774 		0
v 99.373 		293.907 		0
v 99.659 		294.004 		0
v 99.557 		262.165 		12.489
v 105.184 		261.515 		11.021
v 99.956 		294.063 		0
v 96.779 		261.943 		12.409
v 100.257 		294.083 		0
v 100.559 		294.063 		0
v 100.855 		294.004 		0
v 101.141 		293.907 		0
v 101.412 		293.774 		0
v 105.389 		261.606 		11.106
v 101.663 		293.606 		0
v 100.9 		261.943 		12.848
v 101.89 		293.406 		0
v 96.706 		262.165 		12.465
v 101.595 		262.403 		14.52
v 100.9 		262.403 		14.565
v 101.37 		261.943 		12.817
v 98.027 		298.547 		0
v 99.182 		298.777 		0
v 105.565 		261.753 		11.179
v 100.359 		298.854 		0
v 101.535 		298.777 		0
v 102.691 		298.547 		0
v 103.807 		298.169 		0
v 101.578 		261.943 		14.397
v 96.911 		298.169 		0
v 91.3779 		289.394 		0
v 91.348 		289.844 		0
v 91.426 		291.02 		0
v 91.655 		292.176 		0
v 92.034 		293.292 		0
v 92.556 		294.349 		0
v 93.21 		295.329 		0
v 93.987 		296.215 		0
v 94.874 		296.993 		0
v 95.853 		297.647 		0
v 100.9 		261.943 		14.442
v 105.7 		261.943 		11.235
v 109.369 		289.394 		0
v 91.348 		289.394 		0
v 99.099 		261.943 		12.366
v 91.348 		289.394 		6.404
v 100.9 		261.753 		12.994
v 109.369 		289.394 		6.404
v 99.522 		261.943 		12.574
v 101.39 		261.753 		12.962
v 109.291 		291.02 		6.404
v 109.369 		289.844 		6.404
v 109.062 		292.176 		6.404
v 108.683 		293.292 		6.404
v 108.161 		294.349 		6.404
v 101.59 		262.165 		14.488
v 98.619 		263.054 		12.22
v 107.507 		295.329 		6.404
v 106.73 		296.215 		6.404
v 105.844 		296.993 		6.404
v 104.864 		297.647 		6.404
v 100.9 		262.165 		14.534
v 109.3392 		289.394 		6.404
v 98.708 		262.863 		12.104
v 103.807 		298.169 		6.404
v 104.114 		262.403 		10.578
v 102.691 		298.547 		6.404
v 101.535 		298.777 		6.404
v 100.9 		261.606 		13.185
v 99.026 		261.753 		12.492
v 104.143 		262.165 		10.59
v 100.359 		298.854 		6.404
v 99.466 		261.753 		12.709
v 104.964 		261.483 		10.93
v 99.182 		298.777 		6.404
v 101.414 		261.606 		13.151
v 98.764 		262.641 		12.031
v 98.027 		298.547 		6.404
v 96.911 		298.169 		6.404
v 99.145 		262.641 		12.286
v 103.886 		291.897 		6.404
v 103.856 		291.439 		6.404
v 103.78 		291.0547 		6.404
v 104.119 		262.641 		13.441
v 104.138 		262.403 		13.466
v 102.245 		262.863 		14.265
v 100.9 		262.403 		12.725
v 98.931 		261.606 		12.657
v 96.875 		292.347 		6.404
v 98.783 		262.403 		12.006
v 96.9046 		292.347 		6.404
v 96.905 		292.354 		6.404
v 96.994 		292.804 		6.404
v 97.142 		293.238 		6.404
v 99.161 		262.403 		12.259
v 102.207 		263.054 		14.124
v 97.344 		293.65 		6.404
v 101.354 		262.403 		12.695
v 97.599 		294.031 		6.404
v 97.902 		294.376 		6.404
v 98.246 		294.678 		6.404
v 98.628 		294.933 		6.404
v 99.039 		295.136 		6.404
v 99.473 		295.283 		6.404
v 104.063 		262.863 		13.368
v 99.923 		295.373 		6.404
v 100.381 		295.403 		6.404
v 103.62 		293.238 		6.404
v 103.767 		292.804 		6.404
v 103.856 		292.354 		6.404
v 100.9 		262.165 		12.756
v 100.838 		295.373 		6.404
v 98.764 		262.165 		12.031
v 101.358 		262.165 		12.726
v 98.701 		261.483 		13.056
v 104.228 		261.943 		10.625
v 101.288 		295.283 		6.404
v 101.722 		295.136 		6.404
v 102.134 		294.933 		6.404
v 102.515 		294.678 		6.404
v 99.145 		262.165 		12.286
v 102.86 		294.376 		6.404
v 103.162 		294.031 		6.404
v 103.417 		293.65 		6.404
v 99.217 		261.483 		13.31
v 104.363 		261.753 		10.681
v 104.063 		261.943 		13.368
v 100.559 		289.483 		3.898
v 100.257 		289.463 		3.898
v 99.956 		289.483 		3.898
v 99.659 		289.542 		3.898
v 99.373 		289.639 		3.898
v 104.119 		262.165 		13.441
v 99.102 		289.773 		3.898
v 98.851 		289.941 		3.898
v 98.708 		261.943 		12.104
v 98.624 		290.14 		3.898
v 98.257 		262.641 		13.825
v 98.424 		290.367 		3.898
v 104.579 		263.292 		12.069
v 98.257 		290.618 		3.898
v 97.682 		262.641 		13.441
v 98.123 		290.889 		3.898
v 100.071 		235.917 		4.415
v 98.026 		291.175 		3.898
v 99.769 		235.937 		4.415
v 99.473 		235.996 		4.415
v 97.967 		291.472 		3.898
v 102.655 		262.641 		12.286
v 99.187 		236.093 		4.415
v 97.947 		291.773 		3.898
v 98.916 		236.226 		4.415
v 97.967 		292.075 		3.898
v 98.303 		262.863 		13.746
v 104.39 		263.323 		11.924
v 98.665 		236.394 		4.415
v 98.0212 		292.347 		3.898
v 103.544 		262.641 		13.825
v 98.619 		261.753 		12.22
v 102.924 		262.641 		14.131
v 102.64 		262.403 		12.259
v 102.488 		291.175 		3.898
v 97.738 		262.863 		13.368
v 102.391 		290.889 		3.898
v 102.258 		290.618 		3.898
v 102.09 		290.367 		3.898
v 101.89 		290.14 		3.898
v 102.158 		263.2 		13.939
v 101.663 		289.941 		3.898
v 103.842 		263.292 		12.188
v 101.412 		289.773 		3.898
v 101.141 		289.639 		3.898
v 104.201 		263.292 		11.779
v 100.855 		289.542 		3.898
v 98.376 		263.054 		13.619
v 103.498 		262.863 		13.746
v 102.567 		291.773 		3.898
v 102.547 		291.472 		3.898
v 97.6 		263.292 		11.779
v 102.4928 		292.347 		3.898
v 102.547 		292.075 		3.898
v 102.1 		263.292 		13.725
v 102.889 		262.863 		14.046
v 103.78 		292.347 		3.898
v 97.958 		263.292 		12.188
v 98.437 		236.594 		4.415
v 98.471 		263.2 		13.454
v 98.238 		236.821 		4.415
v 98.07 		237.072 		4.415
v 102.039 		263.323 		13.495
v 97.937 		237.343 		4.415
v 103.425 		263.054 		13.619
v 97.84 		237.629 		4.415
v 102.655 		262.165 		12.286
v 102.302 		237.629 		4.415
v 102.833 		263.054 		13.911
v 102.205 		237.343 		4.415
v 102.071 		237.072 		4.415
v 101.903 		236.821 		4.415
v 98.241 		262.403 		13.852
v 101.704 		236.594 		4.415
v 100.21 		262.641 		14.488
v 100.206 		262.403 		14.52
v 96.875 		292.347 		3.898
v 101.477 		236.394 		4.415
v 101.226 		236.226 		4.415
v 100.955 		236.093 		4.415
v 100.669 		235.996 		4.415
v 104.503 		263.292 		11.327
v 99.532 		262.641 		14.354
v 103.33 		263.2 		13.454
v 99.524 		262.403 		14.384
v 102.76 		263.2 		13.735
v 102.1 		261.515 		13.725
v 97.663 		262.403 		13.466
v 104.025 		263.2 		11.644
v 100.222 		262.863 		14.397
v 98.115 		263.2 		12.031
v 102.675 		263.292 		13.53
v 102.158 		261.606 		13.939
v 98.471 		261.606 		13.454
v 103.874 		263.054 		11.528
v 102.207 		261.753 		14.124
v 103.758 		262.863 		11.439
v 98.25 		263.054 		11.897
v 98.376 		261.753 		13.619
v 103.56 		262.403 		13.852
v 102.936 		262.403 		14.16
v 100.222 		261.943 		14.397
v 98.354 		262.863 		11.793
v 102.245 		261.943 		14.265
v 100.21 		262.165 		14.488
v 102.833 		261.753 		13.911
v 99.532 		262.165 		14.354
v 102.889 		261.943 		14.046
v 103.842 		261.515 		12.188
v 102.039 		261.483 		13.495
v 104.201 		261.515 		11.779
v 103.544 		262.165 		13.825
v 102.924 		262.165 		14.131
v 100.241 		263.054 		14.252
v 104.579 		261.515 		12.069
v 99.594 		263.054 		14.124
v 101.559 		263.054 		14.252
v 100.9 		263.054 		14.296
v 100.266 		263.2 		14.063
v 99.643 		263.2 		13.939
v 103.758 		261.943 		11.439
v 101.535 		263.2 		14.063
v 102.675 		261.515 		13.53
v 100.9 		263.2 		14.105
v 100.295 		263.292 		13.843
v 103.33 		261.606 		13.454
v 103.874 		261.753 		11.528
v 102.76 		261.606 		13.735
v 104.025 		261.606 		11.644
v 101.506 		263.292 		13.843
v 103.425 		261.753 		13.619
v 97.5809 		263.2761 		11.682
v 100.9 		263.292 		13.883
v 97.7265 		263.2259 		11.682
v 98.303 		261.943 		13.746
v 97.7887 		263.2064 		11.682
v 97.8093 		263.2 		11.682
v 98.0618 		263.054 		11.682
v 97.738 		261.943 		13.368
v 97.9846 		263.0987 		11.682
v 98.1528 		262.9643 		11.682
v 103.498 		261.943 		13.746
v 98.2565 		262.863 		11.682
v 98.257 		262.165 		13.825
v 98.419 		262.641 		11.728
v 104.503 		261.515 		11.327
v 101.474 		263.323 		13.607
v 97.682 		262.165 		13.441
v 100.9 		263.323 		13.645
v 98.3786 		262.641 		11.682
v 98.2896 		262.8029 		11.682
v 104.39 		261.483 		11.924
v 100.9 		263.292 		13.407
v 98.3839 		262.6109 		11.682
v 104.639 		262.641 		12.985
v 99.7 		263.292 		13.725
v 101.443 		263.292 		13.371
v 104.574 		262.863 		12.92
v 103.685 		263.2 		12.031
v 98.354 		261.943 		11.793
v 91.426 		238.663 		0.065
v 103.182 		263.054 		12.22
v 104.471 		263.054 		12.817
v 103.551 		263.054 		11.897
v 91.655 		237.507 		0.065
v 103.974 		263.054 		13.252
v 97.827 		263.054 		13.252
v 92.034 		236.391 		0.065
v 92.556 		235.334 		0.065
v 101.506 		261.515 		13.843
v 98.25 		261.753 		11.897
v 93.21 		234.354 		0.065
v 103.858 		263.2 		13.101
v 100.9 		261.515 		13.883
v 93.987 		233.468 		0.065
v 94.874 		232.69 		0.065
v 103.093 		262.863 		12.104
v 101.535 		261.606 		14.063
v 103.723 		263.292 		12.925
v 97.943 		263.2 		13.101
v 98.115 		261.606 		12.031
v 95.853 		232.036 		0.065
v 103.447 		262.863 		11.793
v 96.441 		238.103 		6.563
v 96.471 		238.561 		6.563
v 100.9 		261.606 		14.105
v 96.471 		237.646 		6.563
v 101.559 		261.753 		14.252
v 98.078 		263.292 		12.925
v 103.78 		291.0547 		4.415
v 104.336 		263.2 		12.682
v 96.471 		238.561 		4.415
v 96.441 		238.103 		4.415
v 100.9 		261.753 		14.296
v 96.471 		237.646 		4.415
v 97.6 		261.515 		11.779
v 97.958 		261.515 		12.188
v 103.037 		262.641 		12.031
v 96.548 		244.658 		6.563
v 103.453 		244.658 		6.563
v 104.179 		263.292 		12.525
v 104.43 		249.459 		6.563
v 102.935 		249.339 		6.563
v 98.437 		239.86 		3.898
v 101.704 		239.86 		3.898
v 104.011 		263.323 		12.357
v 98.665 		240.059 		3.898
v 98.916 		240.227 		3.898
v 99.187 		240.361 		3.898
v 100.9 		261.515 		13.407
v 99.473 		240.458 		3.898
v 99.769 		240.517 		3.898
v 98.441 		262.403 		11.706
v 100.071 		240.537 		3.898
v 98.42 		262.403 		11.682
v 100.372 		240.517 		3.898
v 100.669 		240.458 		3.898
v 100.955 		240.361 		3.898
v 101.226 		240.227 		3.898
v 101.477 		240.059 		3.898
v 103.453 		244.658 		3.898
v 101.443 		261.515 		13.371
v 96.548 		244.658 		3.898
v 98.4169 		262.3853 		11.682
v 98.419 		262.165 		11.728
v 98.3786 		262.165 		11.682
v 104.43 		249.459 		8.913
v 102.935 		249.339 		8.913
v 109.369 		256.095 		10.565
v 109.369 		256.095 		0
v 98.3592 		262.1297 		11.682
v 109.369 		256.095 		6.563
v 103.78 		292.347 		4.415
v 100.326 		263.323 		13.607
v 103.856 		291.439 		4.415
v 103.8942 		256.095 		6.563
v 103.886 		291.897 		4.415
v 103.8942 		256.095 		8.913
v 98.2565 		261.943 		11.682
v 90.492 		249.245 		0.065
v 91.348 		249.8172 		0.065
v 99.762 		263.323 		13.495
v 90.492 		249.245 		6.563
v 91.348 		249.8172 		6.563
v 100.9 		261.483 		13.645
v 98.0618 		261.753 		11.682
v 96.9046 		292.347 		4.415
v 101.474 		261.483 		13.607
v 98.1752 		261.8634 		11.682
v 97.385 		249.252 		6.563
v 95.898 		249.451 		6.563
v 97.385 		249.252 		8.842
v 95.898 		249.451 		8.842
v 97.8472 		261.6281 		11.682
v 91.348 		256.095 		10.565
v 97.8093 		261.606 		11.682
v 91.348 		256.095 		6.563
v 98.0212 		292.347 		4.415
v 96.7864 		256.095 		6.563
v 97.7265 		261.5804 		11.682
v 96.7864 		256.095 		8.842
v 102.3895 		256.095 		6.563
v 98.2999 		256.095 		6.563
v 102.3895 		256.095 		8.913
v 98.2999 		256.095 		8.842
v 102.4928 		292.347 		4.415
v 100.357 		263.292 		13.371
v 96.905 		292.354 		4.415
v 96.994 		292.804 		4.415
v 97.142 		293.238 		4.415
v 97.344 		293.65 		4.415
v 97.599 		294.031 		4.415
v 97.902 		294.376 		4.415
v 98.246 		294.678 		4.415
v 98.628 		294.933 		4.415
v 99.039 		295.136 		4.415
v 99.473 		295.283 		4.415
v 99.923 		295.373 		4.415
v 100.381 		295.403 		4.415
v 103.62 		293.238 		4.415
v 103.767 		292.804 		4.415
v 103.856 		292.354 		4.415
v 100.838 		295.373 		4.415
v 101.288 		295.283 		4.415
v 101.722 		295.136 		4.415
v 100.357 		261.515 		13.371
v 102.134 		294.933 		4.415
v 102.515 		294.678 		4.415
v 102.86 		294.376 		4.415
v 103.162 		294.031 		4.415
v 103.417 		293.65 		4.415
v 98.026 		292.371 		4.415
v 98.123 		292.657 		4.415
v 98.257 		292.928 		4.415
v 98.424 		293.179 		4.415
v 102.09 		293.179 		4.415
v 97.046 		263.2 		12.204
v 102.258 		292.928 		4.415
v 102.391 		292.657 		4.415
v 102.488 		292.371 		4.415
v 98.624 		293.406 		4.415
v 100.295 		261.515 		13.843
v 98.851 		293.606 		4.415
v 99.102 		293.774 		4.415
v 97.222 		263.292 		12.069
v 99.373 		293.907 		4.415
v 99.659 		294.004 		4.415
v 99.956 		294.063 		4.415
v 100.257 		294.083 		4.415
v 100.559 		294.063 		4.415
v 100.855 		294.004 		4.415
v 99.7 		261.515 		13.725
v 101.141 		293.907 		4.415
v 101.412 		293.774 		4.415
v 101.663 		293.606 		4.415
v 101.89 		293.406 		4.415
v 97.411 		263.323 		11.924
v 100.266 		261.606 		14.063
v 99.643 		261.606 		13.939
v 96.528 		263.054 		11.771
v 96.697 		263.2 		11.682
v 96.6949 		263.1986 		11.682
v 96.6826 		263.1908 		11.682
v 100.241 		261.753 		14.252
v 96.9632 		263.292 		11.682
v 96.9145 		263.2752 		11.682
v 99.594 		261.753 		14.124
v 97.249 		263.323 		11.682
v 97.1406 		263.3113 		11.682
v 97.3648 		263.3104 		11.682
v 97.535 		263.292 		11.682
v 95.853 		297.647 		6.404
v 94.874 		296.993 		6.404
v 93.987 		296.215 		6.404
v 93.21 		295.329 		6.404
v 92.556 		294.349 		6.404
v 92.034 		293.292 		6.404
v 91.655 		292.176 		6.404
v 91.426 		291.02 		6.404
v 91.348 		289.844 		6.404
v 91.3779 		289.394 		6.404
v 99.762 		261.483 		13.495
v 103.78 		285.342 		6.404
v 96.875 		285.342 		6.404
v 103.78 		285.342 		3.898
v 96.875 		285.342 		3.898
v 97.222 		261.515 		12.069
v 100.326 		261.483 		13.607
v 95.898 		280.541 		8.913
v 97.393 		280.661 		8.913
v 97.393 		280.661 		6.5
v 95.898 		280.541 		6.5
v 102.943 		280.748 		8.842
v 104.43 		280.549 		8.842
v 104.43 		280.549 		6.5
v 102.943 		280.748 		6.5
v 97.046 		261.606 		12.204
v 98.877 		262.641 		14.131
v 99.556 		262.863 		14.265
v 98.912 		262.863 		14.046
v 97.535 		261.515 		11.682
v 97.4518 		261.5057 		11.682
v 98.968 		263.054 		13.911
v 97.0564 		261.5046 		11.682
v 96.9632 		261.515 		11.682
v 96.7011 		261.6046 		11.682
v 99.041 		263.2 		13.735
v 96.697 		261.606 		11.682
v 96.528 		261.753 		11.771
v 96.6826 		261.6153 		11.682
v 99.126 		263.292 		13.53
v 97.411 		261.483 		11.924
v 97.249 		261.483 		11.682
v 98.865 		262.403 		14.16
v 96.321 		262.641 		11.89
v 99.126 		261.515 		13.53
v 99.041 		261.606 		13.735
v 98.968 		261.753 		13.911
v 98.912 		261.943 		14.046
# 1077 vertices

g group_5_6383466

usemtl color_6383466
s 0

f 4204 	4195 	4202
f 4207 	4949 	4209
f 4964 	5035 	4198
f 4204 	4220 	4195
f 4212 	5054 	4203
f 4214 	4319 	4215
f 4213 	4319 	4214
f 4198 	5265 	4964
f 4509 	4507 	4216
f 4319 	4509 	4215
f 4221 	4222 	4219
f 4194 	4225 	4482
f 4228 	4220 	4204
f 4228 	4242 	4220
f 4221 	4230 	4217
f 4222 	4221 	4217
f 4230 	5214 	4217
f 4224 	4230 	4221
f 4220 	4242 	4723
f 4275 	4276 	4234
f 4236 	4234 	4276
f 4237 	4236 	4277
f 4259 	4242 	4228
f 4244 	4286 	4246
f 4226 	4248 	4891
f 4507 	4503 	4201
f 4252 	4487 	4254
f 4487 	4483 	4254
f 4256 	4254 	4483
f 4261 	4263 	4257
f 4255 	4269 	4247
f 4260 	4258 	4271
f 4235 	4226 	4891
f 4258 	4256 	4483
f 4250 	4495 	4251
f 4251 	4492 	4252
f 4238 	4237 	4282
f 4277 	4282 	4237
f 4276 	4277 	4236
f 4234 	4232 	4275
f 4232 	4229 	4275
f 4227 	4262 	4273
f 4262 	4260 	4272
f 4271 	4272 	4260
f 4483 	4271 	4258
f 4272 	4273 	4262
f 4265 	4266 	4268
f 4241 	4285 	4244
f 4270 	4553 	4253
f 4268 	4264 	5260
f 4273 	4274 	4227
f 4229 	4227 	4274
f 4274 	4275 	4229
f 4282 	4283 	4238
f 4239 	4238 	4283
f 4241 	4240 	4284
f 4279 	4269 	4255
f 4283 	4284 	4239
f 4240 	4239 	4284
f 4286 	4244 	4285
f 4285 	4241 	4284
f 4287 	4246 	4286
f 4288 	4633 	4287
f 4289 	4223 	4288
f 4292 	4266 	4265
f 4279 	4255 	4698
f 4280 	4248 	4233
f 4319 	4208 	5121
f 4292 	4278 	4295
f 4278 	4292 	4265
f 4293 	5121 	4208
f 4210 	4319 	4213
f 4248 	4280 	4267
f 4291 	4649 	4552
f 4257 	4304 	4278
f 4296 	4267 	4280
f 4299 	4552 	4300
f 4298 	4291 	4552
f 4300 	4552 	4302
f 4278 	4304 	4295
f 4302 	4552 	4303
f 4305 	5121 	4306
f 4294 	4267 	4296
f 4257 	4263 	4304
f 4307 	5121 	4308
f 4314 	4242 	4259
f 4309 	5121 	4310
f 4310 	5121 	4293
f 4218 	5214 	4261
f 4295 	5220 	4292
f 4304 	4263 	5214
f 4304 	5220 	4295
f 4261 	5214 	4263
f 4309 	4308 	5121
f 5121 	4307 	4306
f 4303 	4552 	4305
f 4210 	4208 	4319
f 4201 	4216 	4507
f 4269 	4697 	4682
f 4290 	4552 	4649
f 4290 	4636 	4289
f 4649 	4647 	4290
f 4269 	4316 	4697
f 4440 	4441 	5120
f 4196 	4365 	4312
f 4330 	4331 	4320
f 5120 	4320 	4391
f 4297 	4316 	4279
f 4325 	4332 	4324
f 4322 	4324 	4332
f 4326 	4332 	4325
f 4321 	4322 	4332
f 4374 	4320 	4373
f 4371 	4320 	4327
f 4206 	4196 	4312
f 4331 	4391 	4320
f 4338 	4339 	4320
f 4321 	4332 	4329
f 4332 	5052 	4329
f 4328 	4329 	5052
f 4336 	4337 	5059
f 5056 	5059 	4337
f 4328 	5056 	4337
f 4316 	4269 	4279
f 4338 	4320 	4347
f 4341 	4342 	5067
f 4333 	5066 	4342
f 4330 	4320 	4339
f 4323 	4206 	4312
f 4345 	4416 	4344
f 4471 	4416 	4345
f 4346 	4348 	4322
f 4346 	4322 	4321
f 4318 	4314 	4259
f 4348 	4349 	4324
f 4348 	4324 	4322
f 4347 	4320 	4352
f 4349 	4350 	4325
f 4349 	4325 	4324
f 4340 	4316 	4297
f 4226 	4510 	4233
f 4350 	4351 	4326
f 4350 	4326 	4325
f 4351 	5134 	4326
f 4353 	4340 	4297
f 4510 	4226 	4323
f 5075 	5076 	4367
f 4346 	4367 	5076
f 4367 	4364 	5075
f 4296 	4225 	4294
f 4235 	4206 	4323
f 4460 	4471 	4345
f 4460 	4345 	4341
f 4226 	4235 	4323
f 4345 	4344 	4342
f 4345 	4342 	4341
f 4357 	4358 	4333
f 4248 	4226 	4233
f 4355 	4320 	4361
f 4372 	4270 	4281
f 4333 	4342 	4357
f 4342 	4344 	4357
f 4343 	4357 	4344
f 4358 	4359 	4334
f 4358 	4334 	4333
f 4359 	4360 	4335
f 4359 	4335 	4334
f 4751 	4353 	4742
f 4361 	4320 	4369
f 4352 	4320 	4355
f 4360 	4362 	4336
f 4360 	4336 	4335
f 4281 	4270 	4484
f 4362 	4363 	4337
f 4362 	4337 	4336
f 4371 	4368 	4320
f 4363 	4364 	4328
f 4363 	4328 	4337
f 4364 	4367 	4329
f 4364 	4329 	4328
f 4369 	4320 	4368
f 4367 	4346 	4329
f 4321 	4329 	4346
f 4359 	4358 	4559
f 4554 	4559 	4358
f 4357 	4554 	4358
f 4281 	4484 	4488
f 4194 	4482 	4366
f 4332 	5132 	4290
f 4327 	4320 	4374
f 4376 	4372 	4281
f 4379 	4392 	4378
f 4469 	4470 	4313
f 4383 	4377 	4392
f 4382 	4383 	4392
f 4378 	4392 	4377
f 4381 	4382 	4392
f 4380 	4381 	4392
f 4356 	4375 	4366
f 4386 	4493 	4385
f 4385 	4497 	4384
f 4388 	4508 	4387
f 4389 	4504 	4388
f 4384 	4500 	4389
f 4203 	4194 	4366
f 4379 	4387 	4392
f 4390 	4489 	4386
f 4391 	4424 	5120
f 4419 	4421 	5120
f 4375 	4203 	4366
f 4400 	4403 	4399
f 4398 	4399 	4403
f 4397 	4398 	4403
f 4442 	5120 	4402
f 4401 	4410 	4400
f 4418 	4402 	5120
f 4403 	4404 	4405
f 4403 	4405 	4406
f 4403 	4406 	4407
f 4403 	4407 	4408
f 4408 	4397 	4403
f 4403 	4400 	4411
f 4410 	4411 	4400
f 5120 	4409 	4412
f 4412 	4417 	5120
f 4409 	5120 	4421
f 4415 	4416 	4414
f 4418 	5120 	4417
f 4395 	4212 	4375
f 4377 	4400 	4399
f 4399 	4398 	4378
f 4399 	4378 	4377
f 4398 	4397 	4379
f 4398 	4379 	4378
f 4212 	4203 	4375
f 4318 	4413 	4314
f 4400 	4423 	4401
f 4419 	5120 	4424
f 4400 	4383 	4423
f 4383 	4382 	4423
f 4425 	4423 	4382
f 4400 	4377 	4383
f 4428 	4429 	4381
f 4428 	4381 	4380
f 4395 	4430 	4212
f 4382 	4381 	4429
f 4382 	4429 	4425
f 4410 	4401 	4423
f 4428 	5091 	4429
f 4379 	4397 	4387
f 4408 	4387 	4397
f 4422 	4430 	4395
f 4407 	4388 	4387
f 4407 	4387 	4408
f 4406 	4389 	4388
f 4406 	4388 	4407
f 4426 	4413 	4318
f 4406 	4405 	4384
f 4406 	4384 	4389
f 4405 	4404 	4385
f 4405 	4385 	4384
f 4404 	4403 	4386
f 4404 	4386 	4385
f 4202 	4420 	4204
f 4434 	4433 	4370
f 4501 	4426 	4318
f 4436 	4204 	4420
f 4390 	4386 	4411
f 4386 	4403 	4411
f 4411 	4410 	4437
f 4438 	4390 	4437
f 4411 	4437 	4390
f 4416 	4415 	4438
f 4415 	4393 	4438
f 4390 	4438 	4393
f 4435 	4461 	5120
f 4415 	4414 	4394
f 4415 	4394 	4393
f 4904 	4430 	4422
f 4228 	4204 	4436
f 4423 	4437 	4410
f 4436 	4420 	4446
f 4442 	4440 	5120
f 4476 	4228 	4436
f 4392 	4319 	4380
f 4319 	5121 	4380
f 4453 	4454 	4529
f 4529 	4534 	4453
f 4394 	4481 	4393
f 5146 	5120 	4431
f 4524 	4529 	4454
f 4454 	4455 	4524
f 4448 	4524 	4455
f 4455 	4450 	4448
f 4451 	4519 	4450
f 4456 	4449 	4434
f 4335 	4336 	5060
f 4334 	4335 	5063
f 5067 	4342 	5066
f 4459 	4460 	4515
f 4441 	4435 	5120
f 4461 	4315 	5120
f 4457 	4436 	4446
f 5073 	4515 	4460
f 4334 	5066 	4333
f 4460 	4341 	5073
f 4449 	4433 	4434
f 4315 	4443 	5120
f 4443 	4431 	5120
f 4464 	4416 	4463
f 4343 	4344 	4416
f 4416 	4464 	4465
f 4416 	4465 	4466
f 4416 	4466 	4467
f 4416 	4467 	4468
f 4416 	4468 	4414
f 4470 	4373 	4313
f 4320 	4313 	4373
f 4446 	5097 	4457
f 4473 	4416 	4472
f 4463 	4416 	4473
f 4472 	4416 	4471
f 4197 	4474 	4243
f 4394 	4414 	4468
f 4394 	4468 	4452
f 4474 	4253 	4243
f 4468 	4467 	4453
f 4468 	4453 	4452
f 4467 	4466 	4454
f 4467 	4454 	4453
f 4474 	4197 	4200
f 4466 	4465 	4455
f 4466 	4455 	4454
f 4465 	4464 	4450
f 4465 	4450 	4455
f 4477 	4474 	4200
f 4450 	4464 	4463
f 4450 	4463 	4451
f 4436 	4457 	4476
f 4484 	4270 	4253
f 4343 	4416 	4438
f 4478 	4476 	4457
f 4458 	4451 	4473
f 4463 	4473 	4451
f 4259 	4228 	4476
f 4473 	4472 	4459
f 4473 	4459 	4458
f 4472 	4471 	4460
f 4472 	4460 	4459
f 4484 	4253 	4474
f 4482 	4475 	4462
f 4438 	4357 	4343
f 4366 	4462 	4356
f 4311 	4753 	4301
f 4390 	4393 	4485
f 4481 	4485 	4393
f 4486 	4259 	4476
f 4462 	4366 	4482
f 4479 	4301 	4753
f 4480 	4449 	4456
f 4271 	4483 	4481
f 5248 	5238 	4479
f 4485 	4489 	4390
f 4483 	4487 	4485
f 4483 	4485 	4481
f 4488 	4484 	4477
f 4493 	4386 	4489
f 4487 	4492 	4489
f 4487 	4489 	4485
f 4484 	4474 	4477
f 4486 	4476 	4478
f 4497 	4385 	4493
f 4494 	4490 	4445
f 4479 	4490 	4494
f 4318 	4259 	4486
f 4492 	4495 	4493
f 4492 	4493 	4489
f 4500 	4384 	4497
f 4501 	4486 	5053
f 4469 	4313 	4514
f 4495 	4498 	4497
f 4495 	4497 	4493
f 4504 	4389 	4500
f 4501 	4318 	4486
f 4498 	4503 	4500
f 4498 	4500 	4497
f 4503 	4507 	4504
f 4503 	4504 	4500
f 4502 	4762 	4340
f 4508 	4388 	4504
f 4392 	4387 	4508
f 4507 	4509 	4508
f 4507 	4508 	4504
f 4502 	4340 	4353
f 4510 	4491 	4499
f 4509 	4319 	4392
f 4509 	4392 	4508
f 4491 	4510 	5006
f 4301 	4494 	4879
f 4425 	5091 	4423
f 4429 	5091 	4425
f 4512 	4499 	4778
f 4514 	4313 	4513
f 4520 	4521 	4313
f 4516 	4519 	4458
f 4451 	4458 	4519
f 4233 	4499 	4512
f 4488 	5012 	4281
f 4518 	4313 	4517
f 4513 	4313 	4518
f 4276 	4516 	4515
f 4276 	4515 	4277
f 4448 	4450 	4519
f 4506 	4502 	4353
f 4499 	4233 	4510
f 4517 	4313 	4521
f 4275 	4519 	4516
f 4275 	4516 	4276
f 4376 	4281 	5012
f 4274 	4448 	4519
f 4274 	4519 	4275
f 4452 	4453 	4534
f 4520 	4313 	4525
f 4525 	4313 	4523
f 4273 	4524 	4448
f 4273 	4448 	4274
f 4528 	4523 	5146
f 4536 	4532 	5146
f 4531 	4496 	4505
f 4534 	4481 	4452
f 4313 	5146 	4523
f 4272 	4529 	4524
f 4272 	4524 	4273
f 4533 	4527 	5146
f 4530 	4502 	4506
f 4394 	4452 	4481
f 4280 	4233 	4512
f 4536 	5146 	4535
f 4538 	4530 	4506
f 4537 	4531 	4505
f 4532 	4533 	5146
f 4271 	4534 	4529
f 4271 	4529 	4272
f 4512 	4526 	4280
f 4540 	5146 	4539
f 4540 	4535 	5146
f 5017 	4522 	4196
f 4481 	4534 	4271
f 4539 	5146 	4432
f 4431 	4432 	5146
f 4475 	4541 	4806
f 4527 	4528 	5146
f 4296 	4526 	4541
f 4296 	4280 	4526
f 4482 	4541 	4475
f 4511 	4687 	4537
f 4225 	4541 	4482
f 4560 	4561 	4360
f 4552 	5148 	4555
f 4555 	5148 	4313
f 4556 	4320 	5123
f 5120 	5123 	4320
f 4558 	4551 	4426
f 4363 	4362 	4562
f 4561 	4562 	4362
f 4538 	4370 	4557
f 4562 	5078 	4363
f 4541 	4225 	4296
f 4551 	4413 	4426
f 4320 	4556 	4313
f 4556 	4555 	4313
f 4479 	4494 	4301
f 4566 	4567 	4568
f 4566 	4568 	4569
f 4564 	4565 	4543
f 4558 	4586 	4551
f 4566 	4569 	5246
f 4574 	4437 	4572
f 4575 	4437 	4574
f 4576 	4437 	4575
f 4270 	4372 	4570
f 4557 	4530 	4538
f 4572 	4437 	4571
f 4568 	4567 	5244
f 4437 	4423 	4543
f 4581 	4438 	4580
f 4580 	4438 	4578
f 4370 	4433 	4557
f 4568 	5247 	4569
f 4567 	4566 	5244
f 4543 	4565 	4571
f 4571 	4437 	4543
f 4577 	4438 	4576
f 4330 	4585 	4331
f 4270 	4570 	4553
f 4578 	4438 	4577
f 4547 	4357 	4546
f 4548 	4357 	4547
f 4548 	4549 	4357
f 4549 	4550 	4357
f 4550 	4554 	4357
f 4546 	4357 	4545
f 4544 	4545 	4438
f 4544 	4438 	4581
f 4437 	4576 	4438
f 4480 	5233 	4889
f 4588 	4589 	4631
f 4593 	4586 	4558
f 4339 	4338 	4596
f 4587 	4570 	4372
f 4573 	4599 	4579
f 4597 	5114 	4595
f 4601 	4587 	4372
f 4339 	4596 	4585
f 4330 	4339 	4585
f 4593 	4615 	4586
f 4658 	4356 	4585
f 4592 	4599 	4573
f 4601 	4372 	4376
f 4596 	4658 	4585
f 4347 	4596 	4338
f 4427 	4601 	4376
f 4352 	4660 	4347
f 5262 	4602 	4605
f 4511 	4601 	4607
f 4537 	4587 	4511
f 4582 	4583 	4584
f 4582 	4584 	4612
f 4613 	4626 	4611
f 4614 	4626 	4613
f 5000 	4607 	4427
f 4620 	4759 	4619
f 4621 	4761 	4620
f 4622 	4741 	4621
f 4623 	4740 	4622
f 4624 	4677 	4623
f 4625 	4677 	4624
f 4628 	4599 	4592
f 5112 	4611 	4626
f 4626 	4614 	4603
f 4626 	4603 	4604
f 4511 	4587 	4601
f 4631 	4589 	4590
f 4591 	4595 	4631
f 5114 	4631 	4595
f 4598 	5114 	4597
f 4590 	4591 	4631
f 4607 	4601 	4427
f 5121 	4552 	4630
f 4609 	4628 	4592
f 4511 	4607 	4640
f 4634 	4632 	4552
f 4640 	4687 	4511
f 4552 	4795 	4641
f 4651 	4644 	4602
f 4291 	5095 	4649
f 4607 	4652 	4640
f 4650 	4648 	4795
f 4643 	5188 	4609
f 4644 	4605 	4602
f 4588 	4633 	4589
f 4795 	4796 	4650
f 4633 	4223 	4589
f 4671 	4245 	4644
f 4590 	4223 	4591
f 4636 	4591 	4223
f 4665 	4660 	4355
f 4591 	4636 	4595
f 4639 	4595 	4636
f 4642 	4597 	4595
f 4642 	4595 	4639
f 4597 	4642 	4598
f 4647 	4598 	4642
f 5000 	4652 	4607
f 4649 	4600 	4598
f 4649 	4598 	4647
f 4356 	4658 	4375
f 4649 	5095 	4600
f 4652 	4365 	4196
f 4589 	4223 	4590
f 4640 	4652 	4522
f 4196 	4522 	4652
f 4659 	4646 	4654
f 4208 	5096 	4293
f 4660 	4658 	4596
f 4395 	4375 	4658
f 4247 	4661 	4231
f 4210 	4608 	4208
f 4213 	4608 	4210
f 4660 	4395 	4658
f 4661 	4651 	4231
f 4614 	4215 	4216
f 4663 	4680 	4664
f 4573 	4579 	4662
f 4603 	4614 	4201
f 4627 	4615 	4593
f 4603 	4201 	4604
f 5096 	4208 	4606
f 4666 	4681 	4686
f 4422 	4660 	4665
f 4606 	4208 	4608
f 4422 	4395 	4660
f 4213 	4610 	4608
f 4361 	4369 	4665
f 4668 	4665 	4369
f 4682 	4661 	4247
f 4610 	4213 	4214
f 4610 	4214 	4611
f 4439 	4665 	4668
f 4215 	4613 	4214
f 4611 	4214 	4613
f 4613 	4215 	4614
f 4644 	4207 	4605
f 4216 	4201 	4614
f 4627 	4444 	4615
f 4553 	4627 	4958
f 5114 	5090 	4670
f 4644 	4245 	4207
f 4667 	4666 	4686
f 4665 	4439 	4422
f 4674 	4444 	4627
f 4631 	5114 	4670
f 4672 	4631 	4670
f 4671 	4644 	4651
f 4542 	5083 	4670
f 4670 	5083 	4672
f 4661 	4671 	4651
f 5112 	4626 	4543
f 4553 	4958 	4253
f 4664 	4669 	5004
f 4654 	4470 	4469
f 4543 	4626 	4675
f 4543 	4675 	4564
f 4821 	4671 	4676
f 4674 	4627 	4553
f 4553 	4570 	4674
f 4679 	4588 	4631
f 4681 	4659 	4654
f 4469 	4514 	4654
f 4674 	4496 	4444
f 4676 	4671 	4661
f 4679 	4631 	4672
f 4681 	4666 	4659
f 4570 	4587 	4505
f 4681 	4654 	4514
f 4505 	4496 	4674
f 4673 	4447 	4668
f 4513 	4681 	4514
f 4685 	4675 	4604
f 4439 	4668 	4447
f 4505 	4674 	4570
f 4682 	4692 	4676
f 4513 	4518 	4681
f 4587 	4537 	4505
f 4247 	4269 	4682
f 4686 	4681 	4518
f 4537 	5001 	4531
f 4682 	4676 	4661
f 4517 	4686 	4518
f 4604 	4675 	4626
f 4684 	4673 	4374
f 4688 	4680 	4663
f 4690 	4683 	4680
f 4686 	4689 	4667
f 4544 	4722 	4691
f 4688 	4690 	4680
f 4544 	4691 	4693
f 4544 	4693 	4545
f 4520 	4689 	4521
f 4654 	4646 	4684
f 4545 	4693 	4694
f 4545 	4694 	4546
f 4546 	4694 	4695
f 4546 	4695 	4547
f 4547 	4695 	4696
f 4547 	4696 	4548
f 4660 	4596 	4347
f 4697 	4692 	4682
f 4548 	4696 	4699
f 4548 	4699 	4549
f 4549 	4699 	4700
f 4549 	4700 	4550
f 4686 	4521 	4689
f 4517 	4521 	4686
f 4352 	4355 	4660
f 4701 	4554 	4700
f 4550 	4700 	4554
f 5048 	4702 	4698
f 4554 	4701 	4559
f 4703 	4559 	4701
f 4355 	4361 	4665
f 4520 	4525 	4689
f 4705 	4560 	4559
f 4705 	4559 	4703
f 4311 	4317 	4704
f 4707 	4561 	4560
f 4707 	4560 	4705
f 4369 	4368 	4668
f 4708 	4562 	4561
f 4708 	4561 	4707
f 4704 	4753 	4311
f 4706 	4667 	4689
f 4368 	4371 	4668
f 4673 	4668 	4371
f 4195 	4220 	4702
f 4709 	4565 	4564
f 4709 	4564 	4675
f 4711 	4571 	4565
f 4711 	4565 	4709
f 4830 	4706 	4689
f 4713 	4572 	4571
f 4713 	4571 	4711
f 4712 	4704 	4317
f 4714 	4574 	4572
f 4714 	4572 	4713
f 4673 	4371 	4327
f 4715 	4575 	4574
f 4715 	4574 	4714
f 4340 	4710 	4316
f 4717 	4576 	4575
f 4715 	4717 	4575
f 4327 	4374 	4673
f 4718 	4577 	4576
f 4718 	4576 	4717
f 4374 	4373 	4684
f 4702 	5048 	4195
f 4719 	4578 	4577
f 4719 	4577 	4718
f 4470 	4684 	4373
f 4720 	4279 	4698
f 4721 	4580 	4578
f 4721 	4578 	4719
f 4720 	4297 	4279
f 4712 	4772 	4704
f 4710 	4697 	4316
f 4722 	4581 	4580
f 4722 	4580 	4721
f 4723 	4720 	4702
f 4470 	4654 	4684
f 4722 	4544 	4581
f 4585 	4724 	4331
f 4391 	4331 	4724
f 4716 	4706 	4830
f 4340 	4762 	4710
f 4720 	4698 	4702
f 4677 	4625 	4678
f 4727 	4837 	4433
f 4678 	4625 	4729
f 4729 	4625 	4730
f 4356 	4724 	4585
f 4716 	4835 	4728
f 4730 	4625 	4731
f 4220 	4723 	4702
f 4449 	4727 	4433
f 4724 	4356 	4462
f 4742 	4297 	4720
f 4732 	4731 	5121
f 4737 	4735 	4727
f 4409 	4739 	4412
f 4741 	4622 	4740
f 4740 	4623 	4677
f 4746 	4782 	4725
f 4739 	4417 	4412
f 4353 	4297 	4742
f 4742 	4720 	4723
f 4418 	4806 	4402
f 4744 	4742 	4723
f 4662 	4746 	4725
f 4733 	4732 	5121
f 5121 	4731 	4625
f 4743 	4621 	4741
f 4739 	4806 	4417
f 4737 	4879 	4735
f 4409 	4421 	4739
f 4745 	4739 	4421
f 4645 	4641 	4795
f 4641 	4638 	4552
f 4552 	4638 	4637
f 4635 	4552 	4637
f 4629 	5121 	4630
f 4736 	4734 	5121
f 4734 	4733 	5121
f 4736 	5121 	4629
f 4737 	4727 	4449
f 4662 	4579 	4746
f 4419 	4745 	4421
f 4796 	4797 	4653
f 4653 	4650 	4796
f 4797 	4798 	4655
f 4648 	4645 	4795
f 4480 	4737 	4449
f 4739 	4745 	4475
f 4625 	4807 	5121
f 4759 	4758 	4619
f 4723 	4242 	4744
f 4475 	4806 	4739
f 4480 	4889 	4737
f 4242 	4314 	4744
f 4655 	4653 	4797
f 4656 	4655 	4798
f 4724 	4424 	4391
f 4748 	4738 	4890
f 4744 	4755 	4751
f 4419 	4424 	4745
f 4724 	4745 	4424
f 4462 	4475 	4745
f 4751 	4742 	4744
f 4745 	4724 	4462
f 4311 	4301 	4750
f 4506 	4353 	4751
f 5248 	4479 	4753
f 4617 	4618 	4756
f 4759 	4620 	4761
f 4748 	4757 	5037
f 4761 	4621 	4743
f 4413 	4755 	4314
f 4757 	4748 	4890
f 4802 	4803 	4754
f 4763 	4804 	4765
f 4800 	4801 	4749
f 4753 	4704 	4764
f 4838 	4760 	4431
f 4766 	4794 	4767
f 4755 	4744 	4314
f 4786 	4787 	4768
f 4764 	4704 	4772
f 4773 	4789 	4774
f 4755 	4413 	4862
f 4776 	4775 	4791
f 4770 	4435 	4778
f 4499 	4491 	4770
f 4680 	4783 	4664
f 4499 	4770 	4778
f 4782 	4712 	4725
f 4777 	4776 	4792
f 4779 	4777 	4616
f 4792 	4616 	4777
f 4783 	4680 	4683
f 4783 	4683 	4784
f 4769 	4502 	4530
f 4791 	4792 	4776
f 4790 	4791 	4775
f 4790 	4775 	4774
f 4771 	4768 	4787
f 4771 	4789 	4773
f 4789 	4771 	4787
f 4790 	4774 	4789
f 4769 	4885 	4762
f 4712 	4782 	4772
f 4434 	4370 	4780
f 4756 	4781 	4617
f 4758 	4756 	4618
f 4616 	4617 	4781
f 4781 	4779 	4616
f 4618 	4619 	4758
f 4778 	4440 	4788
f 4768 	4767 	4786
f 4765 	4804 	4766
f 4798 	4799 	4657
f 4786 	4767 	4794
f 4278 	4772 	4782
f 4788 	4512 	4778
f 4434 	4780 	4811
f 4799 	4800 	4747
f 4749 	4747 	4800
f 4752 	4749 	4801
f 4801 	4802 	4752
f 4754 	4752 	4802
f 4763 	4754 	4803
f 4804 	4763 	4803
f 4794 	4766 	4804
f 4747 	4657 	4799
f 4788 	4402 	4806
f 4502 	4769 	4762
f 4657 	4656 	4798
f 4808 	4795 	4552
f 4418 	4417 	4806
f 4552 	4555 	4808
f 4813 	4809 	4769
f 4814 	4811 	4785
f 4526 	4788 	4806
f 4815 	4816 	4624
f 4815 	4624 	4623
f 4623 	4622 	4817
f 4623 	4817 	4815
f 4746 	4257 	4782
f 4526 	4512 	4788
f 4622 	4621 	4818
f 4622 	4818 	4817
f 4780 	4785 	4811
f 4621 	4620 	4819
f 4621 	4819 	4818
f 4620 	4619 	4822
f 4620 	4822 	4819
f 4541 	4526 	4806
f 4820 	4826 	4793
f 4618 	4823 	4822
f 4618 	4822 	4619
f 4826 	4805 	4793
f 4618 	4617 	4824
f 4618 	4824 	4823
f 4434 	4811 	4456
f 4617 	4616 	4825
f 4617 	4825 	4824
f 4821 	4989 	4245
f 4760 	4432 	4431
f 4816 	4827 	4625
f 4816 	4625 	4624
f 4821 	4245 	4671
f 4444 	4814 	4615
f 4813 	4769 	4530
f 4817 	4818 	4845
f 4874 	4845 	4818
f 4873 	4874 	4818
f 4819 	4873 	4818
f 4822 	4872 	4819
f 4823 	4888 	4822
f 4757 	4539 	4760
f 4833 	4456 	4811
f 4778 	4441 	4440
f 4616 	4792 	4825
f 4692 	4828 	4676
f 4441 	4778 	4435
f 4834 	4809 	4813
f 4829 	4825 	4792
f 4792 	4831 	4829
f 4830 	4689 	4525
f 4792 	4791 	4831
f 4442 	4402 	4788
f 4523 	4830 	4525
f 4814 	4785 	4615
f 4442 	4788 	4440
f 4557 	4813 	4530
f 4676 	4828 	4821
f 4790 	4832 	4831
f 4791 	4790 	4831
f 4832 	4789 	4836
f 4837 	4834 	4813
f 4833 	4811 	4814
f 4790 	4789 	4832
f 4838 	4563 	4760
f 4789 	4839 	4836
f 4814 	4840 	4833
f 4789 	4787 	4839
f 4315 	4838 	4443
f 4783 	4669 	4664
f 4839 	4786 	4842
f 4841 	5036 	4828
f 4787 	4786 	4839
f 4783 	4820 	4669
f 4784 	4826 	4820
f 4431 	4443 	4838
f 4834 	4852 	4354
f 4841 	4828 	4692
f 4794 	4843 	4786
f 4842 	4786 	4843
f 4496 	4840 	4444
f 4783 	4784 	4820
f 4852 	4834 	4837
f 4838 	4315 	4770
f 4563 	4838 	4491
f 5101 	4833 	4840
f 4433 	4837 	4557
f 4770 	4491 	4838
f 4435 	4770 	4461
f 4710 	4844 	4697
f 4840 	4814 	4444
f 4461 	4770 	4315
f 4844 	4841 	4692
f 4844 	4692 	4697
f 4663 	4664 	4992
f 4852 	4445 	4354
f 4816 	4815 	4847
f 4827 	4816 	4847
f 4845 	4846 	4817
f 4824 	4887 	4823
f 4813 	4557 	4837
f 4751 	4851 	4506
f 4857 	4853 	4856
f 4855 	4856 	4853
f 4688 	4663 	4850
f 4837 	4727 	4852
f 4859 	4854 	4844
f 4851 	4751 	4755
f 4863 	4864 	5224
f 4862 	4851 	4755
f 4854 	4841 	4844
f 4538 	4506 	4851
f 5223 	5224 	4864
f 4835 	4716 	4830
f 5224 	5225 	4863
f 4867 	4843 	4866
f 4868 	4842 	4867
f 4870 	4839 	4868
f 4865 	5223 	4864
f 4851 	4875 	4538
f 4527 	4835 	4528
f 4832 	4836 	4876
f 4859 	4844 	4710
f 4445 	4852 	4735
f 4851 	4862 	4875
f 4735 	4494 	4445
f 4413 	4551 	4862
f 4877 	4854 	4859
f 4735 	4852 	4727
f 4846 	4847 	4815
f 4815 	4817 	4846
f 4523 	4528 	4830
f 4835 	4830 	4528
f 4710 	4762 	4859
f 4862 	4878 	4875
f 4880 	4728 	4835
f 4735 	4879 	4494
f 4538 	4875 	4370
f 4527 	4533 	4835
f 4880 	4835 	4533
f 4956 	4940 	4869
f 4875 	4780 	4370
f 4532 	4880 	4533
f 4884 	4825 	4883
f 4888 	4823 	4887
f 4887 	4824 	4886
f 4880 	4890 	4738
f 4780 	4875 	4878
f 4872 	4822 	4888
f 4873 	4819 	4872
f 4738 	4728 	4880
f 4885 	4900 	4877
f 4551 	4586 	4878
f 4535 	4890 	4536
f 4843 	5223 	4866
f 4831 	4832 	4881
f 4881 	4882 	4831
f 4882 	4883 	4829
f 4825 	4829 	4883
f 4886 	4825 	4884
f 4829 	4831 	4882
f 4876 	4881 	4832
f 4871 	4876 	4836
f 4870 	4871 	4836
f 4836 	4839 	4870
f 4842 	4868 	4839
f 4843 	4867 	4842
f 4889 	4879 	4737
f 4825 	4886 	4824
f 4750 	4879 	4889
f 4885 	4877 	4859
f 4861 	4863 	5225
f 5225 	5226 	4861
f 4865 	4866 	5223
f 4532 	4536 	4880
f 4890 	4880 	4536
f 4878 	4862 	4551
f 4785 	4780 	4878
f 4893 	5236 	4892
f 4785 	4878 	4586
f 4895 	5237 	4894
f 4893 	4894 	5237
f 4896 	5237 	4895
f 4586 	4615 	4785
f 4267 	4897 	4248
f 4757 	4540 	4539
f 4898 	5237 	4896
f 4879 	4750 	4301
f 4899 	5237 	4898
f 4897 	4891 	4248
f 4885 	4859 	4762
f 4901 	5237 	4899
f 4903 	5237 	4901
f 4540 	4757 	4535
f 4890 	4535 	4757
f 4885 	4809 	4900
f 4905 	5237 	4903
f 4907 	5237 	4905
f 4432 	4760 	4539
f 4439 	4904 	4422
f 4294 	4849 	4267
f 4693 	4691 	4908
f 4968 	5237 	4909
f 4849 	4897 	4267
f 4696 	4695 	4914
f 4900 	4923 	5062
f 4915 	4968 	4912
f 4916 	4920 	4699
f 4923 	4900 	4809
f 4913 	4426 	4501
f 4848 	4922 	4849
f 4558 	4426 	4913
f 4769 	4809 	4885
f 4917 	4921 	4968
f 4991 	4849 	4922
f 4913 	4501 	5068
f 5249 	4918 	4902
f 4558 	4913 	4925
f 4927 	4906 	4902
f 4928 	5236 	4926
f 4923 	4809 	4834
f 5097 	4904 	4919
f 4929 	5236 	4928
f 4918 	4927 	4902
f 4834 	4354 	4923
f 4592 	4906 	4927
f 5236 	4929 	4930
f 4933 	5236 	4931
f 4937 	4934 	4919
f 4936 	5236 	4935
f 4663 	4992 	4924
f 4892 	5236 	4938
f 4936 	4938 	5236
f 4869 	4940 	4848
f 4934 	5097 	4919
f 5236 	4948 	4926
f 4941 	4942 	4948
f 4940 	4922 	4848
f 4947 	4924 	4922
f 4942 	4926 	4948
f 4931 	5236 	4930
f 4935 	5236 	4933
f 4945 	4941 	4948
f 4944 	4945 	4948
f 5237 	5236 	4893
f 4609 	4592 	4927
f 4947 	4922 	4940
f 4850 	4663 	4924
f 5089 	4925 	4913
f 4700 	4699 	4920
f 4593 	4558 	4925
f 4947 	4850 	4924
f 4243 	4925 	5089
f 4957 	4708 	4955
f 4956 	4960 	4940
f 4593 	4925 	4958
f 5050 	4478 	4934
f 4679 	4708 	4957
f 5050 	4934 	4937
f 4253 	4958 	4243
f 4672 	4708 	4679
f 4959 	4709 	4685
f 4958 	4925 	4243
f 4627 	4593 	4958
f 4715 	4714 	4963
f 4713 	4711 	4961
f 4919 	4904 	4439
f 4940 	4960 	4947
f 4963 	4965 	4715
f 4717 	4715 	4965
f 4195 	4954 	4202
f 4966 	4967 	4784
f 4909 	4912 	4968
f 4907 	4909 	5237
f 4917 	4968 	4915
f 4969 	4717 	4965
f 4966 	4974 	4967
f 4947 	4960 	4860
f 4826 	4784 	4967
f 4447 	4919 	4439
f 4971 	4972 	4721
f 4447 	4937 	4919
f 4860 	4850 	4947
f 4683 	4966 	4784
f 4726 	4722 	4972
f 4722 	4721 	4972
f 4970 	4718 	4969
f 4673 	4684 	4973
f 4635 	4896 	4634
f 4974 	4976 	4967
f 4956 	4977 	4960
f 4937 	4447 	4973
f 4714 	4713 	4962
f 4962 	4963 	4714
f 4961 	4962 	4713
f 4959 	4961 	4711
f 4709 	4959 	4711
f 4675 	4685 	4709
f 4964 	4906 	4979
f 4932 	4960 	4977
f 4973 	4447 	4673
f 4975 	4977 	4956
f 4683 	4690 	4981
f 4932 	4860 	4960
f 5014 	4978 	4687
f 4646 	4980 	4973
f 4943 	4211 	4949
f 4906 	4964 	4902
f 4949 	4211 	4209
f 4980 	4937 	4973
f 4981 	4966 	4683
f 5064 	4396 	4975
f 4983 	4977 	4975
f 5014 	4984 	4978
f 4684 	4646 	4973
f 4245 	4982 	4207
f 4396 	4983 	4975
f 4949 	4982 	5028
f 4983 	4946 	4977
f 4980 	4646 	4986
f 4946 	4932 	4977
f 4659 	4986 	4646
f 4982 	4949 	4207
f 5005 	4981 	4690
f 4202 	4954 	4983
f 4989 	5029 	4982
f 4985 	4311 	4750
f 4954 	4946 	4983
f 4637 	4896 	4635
f 4638 	4899 	4637
f 4989 	4982 	4245
f 4981 	5005 	5007
f 4924 	4992 	4991
f 4641 	4899 	4638
f 4666 	4988 	4659
f 4989 	5032 	5029
f 5079 	5069 	4984
f 4645 	4903 	4641
f 4903 	4645 	4905
f 4648 	4905 	4645
f 4984 	4987 	5079
f 4905 	4648 	4907
f 4650 	4907 	4648
f 4988 	4986 	4659
f 4653 	4907 	4650
f 4924 	4991 	4922
f 4828 	4994 	4821
f 4655 	4912 	4653
f 4994 	5034 	4989
f 4200 	4988 	4666
f 4695 	4694 	4911
f 4694 	4693 	4910
f 4908 	4910 	4693
f 4726 	4908 	4691
f 4722 	4726 	4691
f 4996 	4993 	4805
f 4656 	4912 	4655
f 4996 	4998 	4993
f 4995 	4793 	4987
f 4200 	4666 	4667
f 4910 	4911 	4694
f 4699 	4696 	4916
f 4950 	4700 	4920
f 4952 	4703 	4950
f 4953 	4705 	4952
f 4914 	4916 	4696
f 4911 	4914 	4695
f 5079 	4987 	4793
f 4826 	4996 	4805
f 4938 	4629 	4892
f 4719 	4971 	4721
f 4971 	4719 	4970
f 4718 	4970 	4719
f 4717 	4969 	4718
f 4892 	4629 	4630
f 4892 	4630 	4893
f 4700 	4950 	4701
f 4632 	4894 	4630
f 4893 	4630 	4894
f 4995 	4999 	4669
f 4998 	4199 	4993
f 4634 	4895 	4632
f 4894 	4632 	4895
f 4703 	4952 	4705
f 4707 	4705 	4953
f 4953 	4955 	4707
f 4701 	4950 	4703
f 4708 	4707 	4955
f 4820 	4793 	4995
f 4669 	4820 	4995
f 4895 	4634 	4896
f 4198 	4199 	4998
f 4995 	4987 	4997
f 4637 	4898 	4896
f 4999 	4995 	4997
f 4898 	4637 	4899
f 4992 	4664 	5004
f 4967 	4996 	4826
f 5000 	4427 	5020
f 4641 	4901 	4899
f 4976 	4998 	4996
f 4232 	4910 	4229
f 5002 	5000 	5020
f 4903 	4901 	4641
f 4687 	5001 	4537
f 4996 	4967 	4976
f 4914 	4234 	4236
f 5001 	5139 	4531
f 4976 	5265 	4998
f 4237 	4914 	4236
f 4653 	4909 	4907
f 5265 	4198 	4998
f 4653 	4912 	4909
f 4912 	4656 	4915
f 4687 	4978 	5001
f 4915 	4656 	4917
f 4657 	4917 	4656
f 4917 	4657 	4921
f 5004 	4669 	4999
f 4633 	4588 	4246
f 4678 	4729 	4929
f 4510 	4323 	5006
f 5008 	4688 	4850
f 4991 	4992 	5003
f 4323 	4312 	5006
f 4929 	4729 	4730
f 4860 	5008 	4850
f 4730 	4731 	4931
f 4706 	4477 	4667
f 4931 	4731 	4732
f 5008 	5009 	4688
f 4910 	4232 	4234
f 4732 	4733 	4935
f 5004 	5003 	4992
f 4200 	4667 	4477
f 5009 	4690 	4688
f 4935 	4733 	4734
f 4488 	4477 	4706
f 4734 	4736 	4938
f 4237 	4916 	4914
f 5011 	5007 	5005
f 4488 	4706 	4716
f 5009 	5005 	4690
f 4938 	4736 	4629
f 4916 	4237 	4238
f 4916 	4238 	4920
f 4239 	4950 	4238
f 4920 	4238 	4950
f 4932 	5013 	4860
f 5010 	5011 	5005
f 4728 	5012 	4716
f 4240 	4950 	4239
f 4687 	4640 	5014
f 5008 	4860 	5013
f 4741 	4945 	4743
f 5015 	5009 	5008
f 5015 	5010 	5009
f 4926 	4942 	4677
f 5005 	5009 	5010
f 4821 	4994 	4989
f 5012 	4488 	4716
f 5036 	5041 	4994
f 4679 	4957 	4588
f 5042 	5034 	4994
f 5047 	5010 	5016
f 4206 	5017 	4196
f 5018 	4376 	5012
f 5008 	5013 	5015
f 4828 	5036 	4994
f 4726 	4227 	4229
f 4726 	4229 	4908
f 5018 	5012 	4728
f 5019 	4522 	5017
f 4908 	4229 	4910
f 4738 	5018 	4728
f 5019 	5014 	4522
f 4910 	4234 	4911
f 4427 	5018 	5020
f 4911 	4234 	4914
f 5021 	5013 	4932
f 5019 	4984 	5014
f 4427 	4376 	5018
f 5015 	5013 	5024
f 5022 	5017 	4206
f 5021 	5024 	5013
f 4990 	4317 	4985
f 5022 	4997 	5017
f 5021 	4932 	4946
f 4317 	4311 	4985
f 5025 	5023 	4943
f 4206 	4235 	5022
f 4240 	4952 	4950
f 4748 	5020 	4738
f 4943 	4949 	5025
f 5027 	5025 	4949
f 4241 	4953 	4952
f 4241 	4952 	4240
f 4292 	5220 	4266
f 5027 	4268 	5025
f 4953 	4241 	4955
f 4244 	4955 	4241
f 4949 	5028 	5027
f 5024 	5016 	5015
f 5019 	5017 	4997
f 4246 	4957 	4955
f 4246 	4955 	4244
f 5030 	4317 	4990
f 5016 	5010 	5015
f 4982 	5029 	5031
f 4997 	4987 	5019
f 5030 	4712 	4317
f 4246 	4588 	4957
f 5031 	5028 	4982
f 4987 	4984 	5019
f 4201 	4249 	4604
f 5026 	5030 	4990
f 5020 	5018 	4738
f 4249 	4250 	4961
f 5032 	4268 	5029
f 4235 	4891 	5033
f 4961 	4250 	4251
f 5032 	4989 	5034
f 5035 	5026 	5270
f 5002 	5020 	4748
f 4235 	5033 	5022
f 5035 	5039 	5026
f 5039 	5030 	5026
f 4999 	4997 	5022
f 4678 	4928 	4677
f 4926 	4677 	4928
f 5002 	4748 	5037
f 5038 	5021 	4946
f 4928 	4678 	4929
f 4760 	5037 	4757
f 4999 	5022 	5033
f 4730 	4930 	4929
f 4260 	4262 	4972
f 4930 	4730 	4931
f 5038 	4946 	4954
f 4891 	5003 	5033
f 4227 	4972 	4262
f 4732 	4933 	4931
f 5038 	5040 	5021
f 4933 	4732 	4935
f 4249 	4959 	4604
f 4725 	4712 	5030
f 4935 	4734 	4936
f 4959 	4249 	4961
f 5039 	4725 	5030
f 4760 	4563 	5037
f 4897 	5003 	4891
f 4936 	4734 	4938
f 4252 	4963 	4251
f 4365 	4652 	5000
f 5040 	5024 	5021
f 5042 	4994 	5041
f 4365 	5000 	5002
f 5003 	5004 	5033
f 4254 	4965 	4252
f 4963 	4252 	4965
f 4965 	4254 	4256
f 5043 	4365 	5002
f 5004 	4999 	5033
f 4964 	4979 	5035
f 4991 	5003 	4897
f 4563 	5043 	5037
f 4979 	5039 	5035
f 4365 	5043 	4312
f 4897 	4849 	4991
f 5045 	4268 	5041
f 5042 	5041 	4268
f 5014 	4640 	4522
f 5043 	5002 	5037
f 5044 	5158 	5040
f 4563 	5006 	5043
f 5104 	5045 	5036
f 5125 	5133 	5016
f 4604 	4959 	4685
f 5045 	5041 	5036
f 4194 	5046 	4225
f 4312 	5043 	5006
f 5044 	5040 	5038
f 4294 	4225 	5046
f 5104 	5036 	4841
f 4961 	4251 	4962
f 4848 	4849 	4294
f 4563 	4491 	5006
f 5048 	5044 	5038
f 4962 	4251 	4963
f 5047 	5011 	5010
f 4848 	4294 	5046
f 5025 	4268 	5023
f 4268 	5027 	5028
f 4268 	5028 	5031
f 4268 	5031 	5029
f 5034 	5042 	4268
f 5032 	5034 	4268
f 4965 	4256 	4969
f 4573 	4662 	4979
f 4258 	4970 	4256
f 4969 	4256 	4970
f 5048 	5038 	4954
f 5049 	5046 	4194
f 4258 	4260 	4970
f 4970 	4260 	4971
f 4979 	4906 	4573
f 4869 	4848 	5046
f 5116 	4854 	4877
f 4980 	5050 	4937
f 4971 	4260 	4972
f 4195 	5048 	4954
f 4972 	4227 	4726
f 5049 	4869 	5046
f 5039 	4979 	4662
f 5059 	5060 	4336
f 5052 	5056 	4328
f 4662 	4725 	5039
f 5078 	5075 	4364
f 4289 	5052 	4332
f 4289 	4332 	4290
f 5055 	5053 	5050
f 5044 	4698 	4255
f 4900 	5051 	4877
f 5053 	4486 	4478
f 4573 	4906 	4592
f 5057 	4869 	5049
f 4289 	4288 	5056
f 4289 	5056 	5052
f 5060 	5063 	4335
f 5053 	4478 	5050
f 5048 	4698 	5044
f 4559 	4560 	4359
f 5058 	4918 	4939
f 4288 	4287 	5059
f 4288 	5059 	5056
f 5054 	5057 	5049
f 5066 	4334 	5063
f 4877 	5051 	5116
f 5068 	4501 	5053
f 4869 	5057 	4956
f 4287 	4286 	5060
f 4287 	5060 	5059
f 5051 	5062 	5140
f 5137 	5140 	5062
f 4918 	5058 	4927
f 4286 	4285 	5063
f 4286 	5063 	5060
f 5055 	5050 	4980
f 5064 	5057 	5054
f 5073 	4341 	5067
f 4515 	4516 	4459
f 5062 	5051 	4900
f 4285 	4284 	5066
f 4285 	5066 	5063
f 5064 	4975 	5057
f 5055 	4980 	4986
f 5058 	4609 	4927
f 4975 	4956 	5057
f 5145 	5137 	5062
f 4283 	5067 	5066
f 4283 	5066 	4284
f 5147 	5145 	5072
f 4939 	5071 	5058
f 5068 	5053 	5055
f 4643 	4609 	5058
f 5069 	4978 	4984
f 4282 	5073 	5067
f 4282 	5067 	4283
f 5055 	5074 	5068
f 4458 	4459 	4516
f 4396 	5064 	5070
f 5089 	4913 	5068
f 4923 	4354 	5072
f 4978 	5069 	5061
f 4951 	5071 	4939
f 4277 	4515 	5073
f 4277 	5073 	4282
f 5072 	5145 	5062
f 5069 	5077 	5061
f 5074 	5089 	5068
f 4446 	4420 	5070
f 5077 	5065 	5061
f 4420 	4396 	5070
f 4942 	4941 	4740
f 4741 	4740 	4941
f 4542 	5090 	4350
f 4194 	4203 	5049
f 4942 	4740 	4677
f 5074 	4986 	4988
f 5058 	5071 	4643
f 4362 	4360 	4561
f 4348 	4346 	4542
f 4349 	4348 	4542
f 4743 	4945 	4944
f 4438 	4545 	4357
f 4741 	4941 	4945
f 4203 	5054 	5049
f 5080 	5071 	4951
f 4364 	4363 	5078
f 4350 	4349 	4542
f 5076 	4542 	4346
f 4360 	4359 	4560
f 5083 	5076 	5075
f 5083 	5075 	5084
f 4212 	5082 	5054
f 5083 	4542 	5076
f 4951 	4594 	5080
f 5086 	5078 	4562
f 5086 	4562 	4708
f 5072 	5062 	4923
f 4212 	4430 	5082
f 5079 	5085 	5069
f 4986 	5074 	5055
f 5078 	5086 	5084
f 5078 	5084 	5075
f 5084 	4672 	5083
f 5086 	4672 	5084
f 4708 	4672 	5086
f 5085 	5077 	5069
f 5088 	5087 	5072
f 4351 	4350 	5090
f 5064 	5054 	5082
f 5215 	5077 	5085
f 5071 	5080 	4205
f 4543 	4423 	5091
f 5092 	5082 	4430
f 4197 	5089 	5074
f 5092 	5070 	5082
f 5087 	5151 	5072
f 5090 	5091 	5141
f 5141 	5142 	5090
f 5094 	5141 	5091
f 5093 	5094 	5091
f 4428 	5093 	5091
f 4209 	5080 	4594
f 4904 	5092 	4430
f 4805 	5085 	5079
f 4606 	5112 	5096
f 4805 	4993 	5085
f 4197 	4243 	5089
f 5064 	5082 	5070
f 4993 	5215 	5085
f 5088 	5072 	4354
f 4209 	4594 	4605
f 4197 	5074 	4988
f 4793 	4805 	5079
f 4610 	5112 	4608
f 4608 	5112 	4606
f 5097 	5092 	4904
f 4445 	5088 	4354
f 4200 	4197 	4988
f 5070 	5092 	4446
f 4611 	5112 	4610
f 4207 	4209 	4605
f 5099 	5100 	5114
f 5098 	5099 	5114
f 5102 	5103 	5114
f 4446 	5092 	5097
f 5103 	5105 	5114
f 5112 	5114 	5105
f 5100 	5102 	5114
f 5045 	5104 	5106
f 5108 	5112 	5107
f 5105 	5107 	5112
f 5109 	5112 	5108
f 5110 	5112 	5109
f 4268 	5045 	5106
f 5096 	5112 	5111
f 5111 	5112 	5110
f 5071 	4205 	4643
f 5113 	5101 	4840
f 5114 	4598 	4600
f 4600 	5095 	5114
f 5095 	5098 	5114
f 4457 	5097 	4934
f 4291 	4298 	5095
f 4268 	5106 	5115
f 4643 	4205 	5196
f 4478 	4457 	4934
f 4293 	5096 	4310
f 4854 	5104 	4841
f 5111 	4310 	5096
f 5115 	5106 	5104
f 5113 	4840 	4496
f 4298 	5098 	5095
f 4299 	5099 	5098
f 4299 	5098 	4298
f 5116 	5117 	5115
f 5116 	5115 	5104
f 4300 	5100 	5099
f 4300 	5099 	4299
f 4531 	5113 	4496
f 4302 	5102 	5100
f 4302 	5100 	4300
f 4303 	5103 	5102
f 4303 	5102 	4302
f 5103 	4303 	4305
f 5103 	4305 	5105
f 4306 	5107 	5105
f 4306 	5105 	4305
f 4307 	5108 	5107
f 4307 	5107 	4306
f 4308 	5109 	5108
f 4308 	5108 	4307
f 4309 	5110 	5109
f 4309 	5109 	4308
f 4310 	5111 	5110
f 4310 	5110 	4309
f 4209 	4211 	5080
f 5001 	4978 	5061
f 4542 	4670 	5090
f 5091 	5112 	4543
f 5090 	5114 	5112
f 5090 	5112 	5091
f 5061 	5139 	5001
f 5118 	5119 	5094
f 5118 	5094 	5093
f 4854 	5116 	5104
f 4211 	4205 	5080
f 5047 	5262 	5011
f 5122 	5117 	5116
f 5125 	5016 	5024
f 5236 	5234 	5081
f 4948 	5236 	5081
f 5124 	4948 	5081
f 5121 	5123 	4380
f 4428 	4380 	5123
f 5123 	5121 	4556
f 5061 	5065 	5139
f 4428 	5123 	5093
f 5127 	5093 	5123
f 5126 	4846 	4845
f 5126 	4845 	5128
f 5127 	5123 	5129
f 5120 	5129 	5123
f 5093 	5127 	5129
f 5093 	5129 	5118
f 5116 	5051 	5122
f 5122 	5051 	5130
f 4847 	4846 	5126
f 4847 	5126 	5081
f 5125 	5024 	5040
f 4299 	4298 	4552
f 5132 	4332 	5131
f 4326 	5131 	4332
f 5130 	5051 	5140
f 5016 	5133 	5047
f 5134 	5131 	4326
f 5122 	5151 	5117
f 5130 	5140 	5122
f 5128 	5124 	5126
f 5081 	5126 	5124
f 5134 	5135 	5132
f 5134 	5132 	5131
f 4552 	4290 	5132
f 5135 	5148 	5132
f 5139 	5136 	5113
f 4968 	5138 	4853
f 5134 	5090 	5135
f 5142 	5135 	5090
f 4351 	5090 	5134
f 5141 	5143 	5144
f 5141 	5144 	5142
f 5136 	5101 	5113
f 5149 	5138 	4921
f 5139 	5065 	5136
f 5140 	5137 	5145
f 4552 	5132 	5148
f 5148 	5135 	5150
f 5142 	5150 	5135
f 5252 	5151 	5087
f 5148 	5150 	5152
f 5152 	5156 	5146
f 5148 	5152 	5146
f 5144 	5152 	5150
f 5144 	5150 	5142
f 5087 	5253 	5252
f 5193 	5136 	5065
f 5154 	5094 	5153
f 5141 	5094 	5154
f 5155 	5156 	5153
f 5129 	5120 	5155
f 5120 	5146 	5155
f 5154 	5153 	5156
f 5147 	5072 	5151
f 4531 	5139 	5113
f 5141 	5154 	5156
f 5141 	5156 	5143
f 5156 	5155 	5146
f 5144 	5143 	5152
f 5156 	5152 	5143
f 5119 	5155 	5153
f 5119 	5153 	5094
f 4948 	5124 	4944
f 5157 	4944 	5124
f 5121 	4305 	4552
f 4968 	4921 	5138
f 4855 	4853 	5138
f 5151 	5252 	5115
f 5115 	5117 	5151
f 5140 	5145 	5122
f 5145 	5147 	5122
f 5151 	5122 	5147
f 5129 	5155 	5119
f 5129 	5119 	5118
f 5159 	4856 	4855
f 5159 	4855 	5138
f 5160 	4857 	4856
f 5160 	4856 	5159
f 4490 	5263 	5088
f 5161 	4858 	4857
f 5161 	4857 	5160
f 4396 	4202 	4983
f 5162 	4858 	5161
f 5162 	4861 	4858
f 5163 	4863 	4861
f 5163 	4861 	5162
f 5164 	4864 	4863
f 5164 	4863 	5163
f 4445 	4490 	5088
f 5158 	4231 	5125
f 5165 	4865 	4864
f 5165 	4864 	5164
f 4420 	4202 	4396
f 5166 	4866 	4865
f 5166 	4865 	5165
f 4231 	5133 	5125
f 5167 	4867 	4866
f 5167 	4866 	5166
f 5168 	4868 	4867
f 5168 	4867 	5167
f 5169 	4870 	4868
f 5169 	4868 	5168
f 5040 	5158 	5125
f 5170 	4871 	4870
f 5170 	4870 	5169
f 4247 	4231 	5158
f 4872 	5182 	5171
f 4255 	4247 	5158
f 4872 	5171 	5172
f 4872 	5172 	4873
f 4873 	5172 	5173
f 4873 	5173 	4874
f 5128 	4845 	5173
f 4874 	5173 	4845
f 4871 	5170 	4876
f 5174 	4876 	5170
f 5044 	4255 	5158
f 5175 	4881 	4876
f 5175 	4876 	5174
f 5176 	4882 	4881
f 5176 	4881 	5175
f 5178 	4883 	4882
f 5178 	4882 	5176
f 5179 	4884 	4883
f 5179 	4883 	5178
f 5180 	4886 	4884
f 5180 	4884 	5179
f 5181 	4887 	4886
f 5181 	4886 	5180
f 5182 	4888 	4887
f 5182 	4887 	5181
f 4219 	4599 	5211
f 5182 	4872 	4888
f 5101 	5177 	4833
f 5177 	4480 	4456
f 5184 	5160 	5183
f 5211 	4599 	4628
f 5186 	5162 	5185
f 5177 	4456 	4833
f 5184 	5185 	5161
f 4480 	5177 	5233
f 5189 	5182 	5187
f 5188 	4628 	4609
f 5157 	5172 	5191
f 5190 	5171 	5189
f 5213 	4628 	5212
f 5212 	4628 	5188
f 5124 	5172 	5157
f 5192 	5163 	5186
f 5213 	5214 	4628
f 5169 	5168 	5199
f 5194 	5164 	5192
f 5197 	5198 	5167
f 5170 	5169 	5200
f 4643 	5196 	5188
f 5175 	5174 	5202
f 5217 	5188 	5216
f 5196 	5216 	5188
f 5179 	5178 	5206
f 5217 	5212 	5188
f 5207 	5179 	5206
f 5187 	5181 	5207
f 5205 	5206 	5178
f 5181 	5180 	5207
f 5191 	5172 	5190
f 5208 	5196 	4205
f 5208 	5219 	5196
f 5199 	5200 	5169
f 5201 	5170 	5200
f 5198 	5199 	5168
f 5168 	5167 	5198
f 5167 	5166 	5197
f 5195 	5197 	5166
f 5194 	5195 	5165
f 5164 	5194 	5165
f 5202 	5204 	5175
f 5176 	5175 	5204
f 5178 	5176 	5205
f 5204 	5205 	5176
f 5201 	5202 	5174
f 5170 	5201 	5174
f 4211 	5208 	4205
f 5065 	5209 	5193
f 5171 	5190 	5172
f 5173 	5172 	5124
f 5182 	5189 	5171
f 5128 	5173 	5124
f 5210 	5203 	5193
f 5179 	5207 	5180
f 5181 	5187 	5182
f 5209 	5210 	5193
f 5160 	5159 	5183
f 5161 	5160 	5184
f 5149 	5183 	5159
f 5138 	5149 	5159
f 5065 	5077 	5209
f 5161 	5185 	5162
f 5162 	5186 	5163
f 5163 	5192 	5164
f 5166 	5165 	5195
f 5196 	5220 	5216
f 4657 	4747 	4921
f 4754 	5186 	4752
f 4943 	5208 	4211
f 4747 	5183 	4921
f 4749 	5184 	4747
f 5184 	4749 	5185
f 4752 	5185 	4749
f 5186 	5185 	4752
f 5192 	5186 	4754
f 5149 	4921 	5183
f 5184 	5183 	4747
f 4221 	4219 	4224
f 4219 	5211 	4224
f 5207 	4781 	4756
f 5211 	4628 	5214
f 5215 	5209 	5077
f 4759 	5190 	4758
f 4230 	4224 	5211
f 5214 	4230 	5211
f 5190 	4759 	4761
f 4743 	4944 	4761
f 5157 	5191 	4944
f 5215 	5218 	5209
f 4758 	5189 	4756
f 5187 	4756 	5189
f 5220 	5196 	5219
f 4758 	5190 	5189
f 5190 	4761 	5191
f 5218 	5210 	5209
f 4761 	4944 	5191
f 4754 	4763 	5192
f 5221 	5219 	5208
f 4765 	5194 	5192
f 4765 	5192 	4763
f 5221 	4268 	5219
f 4766 	5195 	5194
f 4766 	5194 	4765
f 4767 	5197 	5195
f 4767 	5195 	4766
f 4768 	5198 	5197
f 4768 	5197 	4767
f 4771 	5199 	5198
f 4771 	5198 	4768
f 5221 	5208 	5222
f 4943 	5222 	5208
f 5199 	4771 	4773
f 5199 	4773 	5200
f 4774 	5201 	5200
f 4774 	5200 	4773
f 5023 	5222 	4943
f 4775 	5202 	5201
f 4775 	5201 	4774
f 5023 	4268 	5222
f 4776 	5204 	5202
f 4776 	5202 	4775
f 4777 	5205 	5204
f 4777 	5204 	4776
f 4779 	5206 	5205
f 4779 	5205 	4777
f 4781 	5207 	5206
f 4781 	5206 	4779
f 5207 	4756 	5187
f 4199 	5215 	4993
f 4794 	4804 	5223
f 4794 	5223 	4843
f 4804 	4803 	5224
f 4804 	5224 	5223
f 4218 	4217 	5214
f 5213 	4304 	5214
f 5212 	4304 	5213
f 5217 	4304 	5212
f 5216 	4304 	5217
f 5220 	4304 	5216
f 5219 	4268 	5220
f 5222 	4268 	5221
f 4266 	5220 	4268
f 4803 	4802 	5225
f 4803 	5225 	5224
f 4802 	4801 	5226
f 4802 	5226 	5225
f 4801 	4800 	5227
f 4801 	5227 	5226
f 4800 	4799 	5228
f 4800 	5228 	5227
f 4799 	4798 	5229
f 4799 	5229 	5228
f 4798 	4797 	5230
f 4798 	5230 	5229
f 4797 	4796 	5231
f 4797 	5231 	5230
f 5232 	5231 	4796
f 5232 	4796 	4795
f 4746 	5266 	4257
f 5232 	5235 	4853
f 4858 	4861 	5226
f 5226 	5227 	4858
f 4857 	4858 	5227
f 4853 	4857 	5227
f 5227 	5228 	4853
f 5228 	5229 	4853
f 5229 	5230 	4853
f 5230 	5231 	4853
f 5232 	4853 	5231
f 4807 	4625 	4827
f 4807 	4827 	4812
f 4810 	5232 	4795
f 4810 	4795 	4808
f 4847 	5234 	4827
f 5267 	4889 	5233
f 4810 	4555 	5232
f 5235 	5232 	4555
f 5235 	4555 	5234
f 5234 	4556 	4827
f 4847 	5081 	5234
f 5235 	5237 	4968
f 5235 	4968 	4853
f 5234 	5236 	5237
f 5234 	5237 	5235
f 5240 	5241 	5242
f 5240 	5242 	5243
f 5239 	5233 	5177
f 4490 	4479 	5238
f 4810 	4808 	4555
f 5239 	5203 	5233
f 4556 	5234 	4555
f 5243 	4582 	4612
f 5243 	4612 	5240
f 4812 	4556 	4807
f 5267 	5233 	5203
f 5244 	5245 	5246
f 5244 	5246 	5247
f 5239 	5177 	5101
f 5121 	4807 	4556
f 4812 	4827 	4556
f 5245 	4566 	5246
f 4635 	4634 	4552
f 5247 	4568 	5244
f 5246 	4569 	5247
f 5136 	5239 	5101
f 4566 	5245 	5244
f 5241 	4584 	4583
f 5241 	4583 	5242
f 4632 	4630 	4552
f 5257 	5256 	5238
f 5243 	5242 	4582
f 5242 	4583 	4582
f 5241 	5240 	4612
f 5241 	4612 	4584
f 5146 	4313 	5148
f 5136 	5193 	5239
f 5193 	5203 	5239
f 4249 	4201 	4503
f 4498 	4249 	4503
f 4495 	4250 	4498
f 4492 	4251 	4495
f 4487 	4252 	4492
f 4249 	4498 	4250
f 4246 	4287 	4633
f 4633 	4288 	4223
f 4223 	4289 	4636
f 5257 	5238 	5248
f 4636 	4290 	4639
f 4753 	4764 	5248
f 4642 	4639 	4290
f 4647 	4642 	4290
f 4216 	4215 	4509
f 4764 	4772 	4265
f 5250 	4974 	4966
f 5251 	4974 	5250
f 4265 	5260 	4764
f 4981 	5250 	4966
f 4265 	4268 	5260
f 5251 	5249 	4974
f 4772 	4278 	4265
f 4257 	4278 	4782
f 5251 	4918 	5249
f 5087 	5263 	5253
f 5007 	5250 	4981
f 5254 	5251 	5250
f 5250 	5007 	5254
f 5251 	4939 	4918
f 5254 	4939 	5251
f 5257 	5259 	5115
f 5007 	5011 	5258
f 5259 	5257 	5248
f 5259 	5248 	5261
f 5260 	5261 	5248
f 5258 	5254 	5007
f 5261 	5115 	5259
f 4764 	5260 	5248
f 5254 	5258 	4951
f 5260 	4264 	5261
f 4951 	4939 	5254
f 5262 	5258 	5011
f 5262 	4594 	5258
f 5253 	5115 	5252
f 5253 	5264 	5115
f 5264 	5255 	5115
f 4268 	5115 	4264
f 4264 	5115 	5261
f 4951 	5258 	4594
f 5263 	5264 	5253
f 5133 	4602 	5047
f 4602 	5262 	5047
f 5255 	5256 	5115
f 5263 	5087 	5088
f 4605 	4594 	5262
f 5133 	4651 	4602
f 5238 	5263 	4490
f 4231 	4651 	5133
f 5264 	5263 	5255
f 5249 	5265 	4976
f 5263 	5238 	5255
f 5256 	5255 	5238
f 4902 	4964 	5265
f 5256 	5257 	5115
f 5266 	4746 	4579
f 5249 	4976 	4974
f 5265 	5249 	4902
f 4257 	5266 	4261
f 4218 	4261 	5266
f 4219 	5266 	4579
f 4219 	4222 	5266
f 4217 	4218 	5266
f 4599 	4219 	4579
f 4217 	5266 	4222
f 4889 	5267 	4750
f 5203 	5210 	5268
f 5268 	5267 	5203
f 4985 	4750 	5267
f 5268 	4985 	5267
f 5269 	5268 	5210
f 4990 	4985 	5268
f 5269 	4990 	5268
f 5218 	5269 	5210
f 4199 	5218 	5215
f 4199 	5270 	5218
f 5270 	5269 	5218
f 5269 	5270 	5026
f 5026 	4990 	5269
f 4198 	5270 	4199
f 5035 	5270 	4198
# 2150 faces

 #end of obj_5

o obj_6
v 136.443 		277.888 		25.326
v 140.943 		259.023 		24.2412
v 136.443 		259.023 		24.2412
v 136.443 		277.43 		25.356
v 136.443 		278.2714 		25.25
v 153.728 		292.946 		4.5
v 154.687 		262.546 		0
v 154.731 		262.675 		0
v 136.443 		259.272 		25.494
v 136.443 		259.7 		25.053
v 136.443 		259.7042 		25.0213
v 136.443 		259.8725 		18.5474
v 136.443 		259.818 		17.869
v 153.864 		263.972 		0
v 136.443 		259.8838 		18.6885
v 136.443 		259.938 		19.364
v 153.997 		263.946 		0
v 154.125 		263.902 		0
v 136.443 		276.973 		25.326
v 140.943 		259.272 		25.494
v 154.247 		263.842 		0
v 154.36 		263.767 		0
v 154.462 		263.677 		0
v 163.735 		292.427 		4.5
v 162.872 		293.411 		4.5
v 140.943 		287.7175 		32.809
v 154.73 		291.639 		0
v 139.095 		270.824 		25.25
v 154.687 		291.511 		0
v 136.443 		270.824 		25.25
v 154.627 		291.389 		0
v 134.151 		259.7 		25.054
v 134.151 		259.899 		23.567
v 161.888 		294.274 		4.5
v 160.8 		295.001 		4.5
v 139.095 		270.824 		18.345
v 159.626 		295.579 		4.5
v 158.387 		296 		4.5
v 154.551 		263.575 		0
v 136.443 		259.899 		23.567
v 136.443 		270.824 		18.345
v 136.443 		287.7175 		32.809
v 144.95 		296.25 		0
v 140.943 		296.25 		0.066
v 154.551 		291.276 		0
v 136.443 		288.925 		32.569
v 136.443 		259.693 		26.734
v 136.443 		260.271 		27.908
v 136.443 		259.8352 		25.0711
v 140.943 		288.925 		32.569
v 140.943 		260.271 		27.908
v 140.943 		259.693 		26.734
v 140.943 		279.252 		20.469
v 136.443 		283.984 		25.25
v 140.943 		279.053 		20.242
v 139.095 		283.984 		25.25
v 134.08 		259.938 		19.364
v 134.08 		259.818 		17.869
v 139.095 		279.252 		20.469
v 136.443 		267.5545 		32.809
v 136.443 		276.5887 		25.25
v 139.095 		279.053 		20.242
v 140.943 		279.651 		22.473
v 140.943 		279.71 		22.177
v 144.95 		296.273 		0
v 152.699 		291.773 		0
v 140.943 		279.729 		21.875
v 140.943 		279.71 		21.574
v 152.69 		291.908 		0
v 152.699 		292.043 		0
v 140.943 		279.651 		21.277
v 152.725 		292.177 		0
v 140.943 		279.553 		20.991
v 140.943 		279.42 		20.72
v 153.728 		292.946 		0
v 140.943 		279.053 		23.509
v 152.769 		292.305 		0
v 140.943 		279.252 		23.281
v 139.095 		279.651 		22.473
v 140.943 		279.42 		23.03
v 140.943 		279.553 		22.759
v 139.095 		279.71 		22.177
v 153.728 		263.981 		0
v 139.095 		279.729 		21.875
v 154.766 		262.943 		0
v 139.095 		279.71 		21.574
v 136.443 		266.023 		17.368
v 136.443 		266.143 		18.863
v 139.095 		279.651 		21.277
v 160.8 		260.271 		0
v 159.626 		259.693 		0
v 158.387 		259.272 		0
v 139.095 		279.553 		20.991
v 152.829 		292.427 		0
v 139.095 		279.42 		20.72
v 152.905 		292.54 		0
v 152.994 		292.642 		0
v 153.096 		292.731 		0
v 140.943 		267.5545 		32.809
v 153.209 		292.807 		0
v 139.095 		279.053 		23.509
v 153.331 		292.867 		0
v 153.459 		292.91 		0
v 139.095 		279.252 		23.281
v 153.592 		292.937 		0
v 139.095 		279.42 		23.03
v 139.095 		276.822 		19.644
v 140.943 		276.822 		19.644
v 139.095 		279.553 		22.759
v 139.095 		276.535 		19.741
v 140.943 		276.535 		19.741
v 139.095 		276.264 		19.875
v 140.943 		276.264 		19.875
v 136.443 		288.6008 		24.576
v 136.443 		288.778 		25.9
v 136.443 		288.7779 		25.899
v 139.095 		276.013 		20.043
v 140.943 		276.013 		20.043
v 136.443 		283.984 		18.345
v 136.443 		288.579 		24.413
v 139.095 		275.786 		20.242
v 140.943 		275.786 		20.242
v 153.728 		261.906 		0
v 164.462 		263.933 		0
v 139.095 		275.587 		20.469
v 163.735 		262.845 		0
v 140.943 		275.587 		20.469
v 162.872 		261.861 		0
v 161.888 		260.998 		0
v 152.69 		262.943 		0
v 139.095 		278.826 		20.043
v 140.943 		278.826 		20.043
v 140.943 		259.023 		4.5
v 139.095 		278.574 		19.875
v 140.943 		278.574 		19.875
v 153.728 		261.906 		4.5
v 153.593 		261.914 		4.5
v 139.095 		283.984 		18.345
v 153.46 		261.941 		4.5
v 139.095 		278.303 		19.741
v 140.943 		278.303 		19.741
v 153.331 		261.985 		4.5
v 153.209 		262.045 		4.5
v 139.095 		278.017 		19.644
v 140.943 		278.017 		19.644
v 153.096 		262.12 		4.5
v 154.73 		292.177 		0
v 152.994 		262.209 		4.5
v 154.757 		292.043 		0
v 152.905 		262.312 		4.5
v 139.095 		277.721 		19.585
v 140.943 		277.721 		19.585
v 152.829 		262.424 		4.5
v 154.766 		291.908 		0
v 154.757 		291.773 		0
v 139.095 		277.419 		19.565
v 134.151 		288.778 		25.9
v 140.943 		277.419 		19.565
v 152.769 		262.546 		4.5
v 134.151 		288.579 		24.413
v 152.726 		262.675 		4.5
v 152.699 		262.808 		4.5
v 153.863 		292.937 		0
v 156.8297 		296.273 		4.5
v 139.095 		277.118 		19.585
v 140.943 		277.118 		19.585
v 152.69 		262.943 		4.5
v 144.95 		296.273 		4.5
v 153.996 		292.91 		0
v 152.699 		263.079 		4.5
v 136.443 		296.273 		23.9377
v 140.943 		296.273 		23.9377
v 154.125 		292.867 		0
v 152.726 		263.212 		4.5
v 152.769 		263.34 		4.5
v 154.247 		292.807 		0
v 152.829 		263.462 		4.5
v 136.443 		296 		25.494
v 136.443 		295.1048 		25.0213
v 154.36 		292.731 		0
v 136.443 		295.109 		25.053
v 136.443 		295.579 		26.734
v 153.728 		263.981 		4.5
v 154.462 		292.642 		0
v 139.095 		275.419 		20.72
v 140.943 		275.419 		20.72
v 152.905 		263.575 		4.5
v 136.443 		294.9901 		17.8799
v 154.551 		292.54 		0
v 136.443 		294.991 		17.869
v 152.994 		263.677 		4.5
v 136.443 		294.9897 		17.8851
v 153.096 		263.767 		4.5
v 154.627 		292.427 		0
v 139.095 		275.285 		20.991
v 140.943 		275.285 		20.991
v 153.209 		263.842 		4.5
v 154.687 		292.305 		0
v 136.443 		294.87 		19.364
v 153.331 		263.902 		4.5
v 136.443 		296.255 		24.211
v 139.095 		275.188 		21.277
v 153.46 		263.946 		4.5
v 140.943 		275.188 		21.277
v 153.593 		263.972 		4.5
v 144.95 		296.25 		4.5
v 140.943 		296.25 		4.5
v 139.095 		275.129 		21.574
v 140.943 		275.129 		21.574
v 154.627 		262.424 		4.5
v 157.103 		296.255 		4.5
v 154.551 		262.312 		4.5
v 139.095 		275.109 		21.875
v 140.943 		275.109 		21.875
v 154.462 		262.209 		4.5
v 154.36 		262.12 		4.5
v 154.247 		262.045 		4.5
v 139.095 		275.129 		22.177
v 140.943 		275.129 		22.177
v 154.125 		261.985 		4.5
v 153.997 		261.941 		4.5
v 140.943 		296 		25.494
v 140.943 		295.579 		26.734
v 139.095 		275.188 		22.473
v 140.943 		275.188 		22.473
v 153.864 		261.914 		4.5
v 154.627 		263.462 		4.5
v 154.687 		263.34 		4.5
v 154.731 		263.212 		4.5
v 154.757 		263.079 		4.5
v 139.095 		275.285 		22.759
v 140.943 		275.285 		22.759
v 154.766 		262.943 		4.5
v 140.943 		296.255 		24.211
v 154.757 		262.808 		4.5
v 139.095 		275.419 		23.03
v 154.731 		262.675 		4.5
v 140.943 		275.419 		23.03
v 154.687 		262.546 		4.5
v 139.095 		275.587 		23.281
v 140.943 		275.587 		23.281
v 153.864 		263.972 		4.5
v 153.997 		263.946 		4.5
v 139.095 		275.786 		23.509
v 154.125 		263.902 		4.5
v 140.943 		275.786 		23.509
v 154.247 		263.842 		4.5
v 154.36 		263.767 		4.5
v 139.095 		276.013 		23.708
v 140.943 		276.013 		23.708
v 154.462 		263.677 		4.5
v 134.08 		294.991 		17.869
v 134.08 		294.87 		19.364
v 154.551 		263.575 		4.5
v 139.095 		276.264 		23.876
v 140.943 		276.264 		23.876
v 156.8297 		296.273 		0
v 154.766 		264.9901 		4.5
v 140.943 		296.273 		0.066
v 136.443 		296.273 		0.066
v 139.095 		276.535 		24.009
v 140.943 		276.535 		24.009
v 136.443 		294.1384 		17.8002
v 161.695 		265.223 		0
v 139.095 		276.822 		24.106
v 140.943 		276.822 		24.106
v 158.387 		259.272 		4.5
v 159.626 		259.693 		4.5
v 160.8 		260.271 		4.5
v 139.095 		277.419 		24.185
v 139.095 		277.721 		24.165
v 165.693 		267.5092 		0
v 140.943 		277.721 		24.165
v 165.462 		266.347 		0
v 140.943 		277.419 		24.185
v 165.041 		265.107 		0
v 162.872 		261.861 		4.5
v 163.735 		262.845 		4.5
v 164.462 		263.933 		4.5
v 147.19 		265.223 		0
v 161.888 		260.998 		4.5
v 139.095 		278.017 		24.106
v 140.943 		278.017 		24.106
v 161.695 		265.223 		4.5
v 139.095 		278.303 		24.009
v 140.943 		278.303 		24.009
v 139.095 		278.574 		23.876
v 140.943 		278.574 		23.876
v 153.593 		261.914 		0
v 153.46 		261.941 		0
v 139.095 		278.826 		23.708
v 140.943 		278.826 		23.708
v 153.331 		261.985 		0
v 165.041 		265.107 		4.5
v 165.462 		266.347 		4.5
v 165.693 		267.5092 		4.5
v 153.209 		262.045 		0
v 153.096 		262.12 		0
v 147.19 		265.223 		4.5
v 152.994 		262.209 		0
v 152.905 		262.312 		0
v 152.829 		262.424 		0
v 139.095 		277.118 		24.165
v 140.943 		277.118 		24.165
v 152.769 		262.546 		0
v 152.726 		262.675 		0
v 152.699 		262.808 		0
v 136.443 		294.1377 		17.8001
v 152.699 		263.079 		0
v 136.443 		294.342 		19.3214
v 136.443 		294.3414 		19.3213
v 152.726 		263.212 		0
v 138.578 		276.5887 		25.25
v 152.769 		263.34 		0
v 162.872 		293.411 		0
v 163.735 		292.427 		0
v 152.829 		263.462 		0
v 138.578 		277.888 		25.326
v 138.578 		277.43 		25.356
v 157.103 		296.255 		0
v 158.387 		296 		0
v 159.626 		295.579 		0
v 160.8 		295.001 		0
v 138.578 		278.2714 		25.25
v 161.888 		294.274 		0
v 152.905 		263.575 		0
v 152.994 		263.677 		0
v 153.096 		263.767 		0
v 153.209 		263.842 		0
v 152.829 		292.427 		4.5
v 136.443 		295.0451 		24.576
v 136.443 		294.91 		23.567
v 134.151 		294.91 		23.567
v 153.331 		263.902 		0
v 152.905 		292.54 		4.5
v 153.46 		263.946 		0
v 138.578 		276.973 		25.326
v 152.994 		292.642 		4.5
v 153.593 		263.972 		0
v 153.096 		292.731 		4.5
v 136.443 		290.165 		32.148
v 136.443 		291.339 		31.57
v 136.443 		292.427 		30.843
v 136.443 		293.411 		29.98
v 136.443 		294.274 		28.996
v 136.443 		295.001 		27.908
v 153.209 		292.807 		4.5
v 136.443 		294.9738 		25.0711
v 136.443 		289.152 		25.85
v 153.331 		292.867 		4.5
v 153.459 		292.91 		4.5
v 153.592 		292.937 		4.5
v 140.943 		295.001 		27.908
v 140.943 		294.274 		28.996
v 140.943 		293.411 		29.98
v 140.943 		292.427 		30.843
v 140.943 		291.339 		31.57
v 140.943 		290.165 		32.148
v 153.863 		292.937 		4.5
v 153.996 		292.91 		4.5
v 154.125 		292.867 		4.5
v 154.247 		292.807 		4.5
v 154.36 		292.731 		4.5
v 154.462 		292.642 		4.5
v 154.462 		291.174 		4.5
v 154.551 		292.54 		4.5
v 154.627 		292.427 		4.5
v 154.36 		291.085 		4.5
v 154.247 		291.009 		4.5
v 134.151 		295.109 		25.054
v 136.443 		294.5257 		23.6184
v 154.125 		290.949 		4.5
v 136.443 		288.666 		18.863
v 136.443 		288.786 		17.368
v 153.996 		290.906 		4.5
v 153.863 		290.879 		4.5
v 161.695 		289.728 		0
v 153.728 		290.87 		4.5
v 165.041 		290.165 		0
v 153.592 		290.879 		4.5
v 153.459 		290.906 		4.5
v 153.331 		290.949 		4.5
v 153.209 		291.009 		4.5
v 153.096 		291.085 		4.5
v 152.994 		291.174 		4.5
v 154.627 		262.424 		0
v 152.905 		291.276 		4.5
v 154.551 		262.312 		0
v 152.829 		291.389 		4.5
v 154.462 		262.209 		0
v 152.769 		291.511 		4.5
v 154.36 		262.12 		0
v 152.725 		291.639 		4.5
v 140.257 		259.023 		0.066
v 165.462 		288.925 		0
v 165.693 		287.7628 		0
v 154.247 		262.045 		0
v 136.443 		259.023 		0.066
v 152.699 		291.773 		4.5
v 134.08 		266.023 		17.368
v 154.125 		261.985 		0
v 147.19 		289.728 		0
v 136.443 		266.347 		32.569
v 152.69 		291.908 		4.5
v 153.997 		261.941 		0
v 136.443 		266.2082 		24.576
v 136.443 		266.0311 		25.899
v 136.443 		266.031 		25.9
v 152.699 		292.043 		4.5
v 136.443 		266.23 		24.413
v 153.864 		261.914 		0
v 140.943 		266.347 		32.569
v 152.725 		292.177 		4.5
v 161.695 		289.728 		4.5
v 154.627 		263.462 		0
v 152.769 		292.305 		4.5
v 134.151 		266.031 		25.9
v 154.687 		263.34 		0
v 134.151 		266.23 		24.413
v 165.693 		287.7628 		4.5
v 165.462 		288.925 		4.5
v 154.731 		263.212 		0
v 136.443 		260.4671 		19.3213
v 154.73 		292.177 		4.5
v 136.443 		260.4676 		19.3212
v 154.757 		263.079 		0
v 147.19 		289.728 		4.5
v 154.757 		292.043 		4.5
v 154.766 		291.908 		4.5
v 136.443 		260.998 		28.996
v 136.443 		261.861 		29.98
v 136.443 		262.845 		30.843
v 136.443 		263.933 		31.57
v 136.443 		265.107 		32.148
v 154.757 		262.808 		0
v 154.757 		291.773 		4.5
v 154.73 		291.639 		4.5
v 140.943 		265.107 		32.148
v 140.943 		263.933 		31.57
v 140.943 		262.845 		30.843
v 140.943 		261.861 		29.98
v 140.943 		260.998 		28.996
v 154.687 		291.511 		4.5
v 154.627 		291.389 		4.5
v 154.551 		291.276 		4.5
v 154.687 		292.305 		4.5
v 164.462 		291.339 		0
v 164.462 		291.339 		4.5
v 165.041 		290.165 		4.5
v 134.08 		288.666 		18.863
v 134.08 		288.786 		17.368
v 154.462 		291.174 		0
v 134.08 		266.143 		18.863
v 154.36 		291.085 		0
v 154.247 		291.009 		0
v 154.125 		290.949 		0
v 153.996 		290.906 		0
v 153.863 		290.879 		0
v 153.728 		290.87 		0
v 153.592 		290.879 		0
v 153.459 		290.906 		0
v 153.331 		290.949 		0
v 153.209 		291.009 		0
v 153.096 		291.085 		0
v 152.994 		291.174 		0
v 152.905 		291.276 		0
v 152.829 		291.389 		0
v 152.769 		291.511 		0
v 152.725 		291.639 		0
v 156.8448 		259 		0
v 156.8448 		259 		4.5
v 140.257 		259 		4.5
v 140.257 		259 		0
v 157.103 		259.017 		0
v 157.103 		259.017 		4.5
v 140.257 		259.023 		4.5
v 140.257 		296.25 		0
v 140.257 		296.25 		0.066
# 478 vertices

g group_6_6383466

usemtl color_6383466
s 0

f 5668 	5746 	5273
f 5275 	5594 	5271
f 5281 	5273 	5280
f 5282 	5283 	5273
f 5279 	5280 	5273
f 5282 	5273 	5285
f 5286 	5285 	5273
f 5273 	5283 	5668
f 5289 	5607 	5583
f 5434 	5438 	5621
f 5273 	5272 	5290
f 5273 	5290 	5279
f 5300 	5298 	5306
f 5302 	5303 	5281
f 5302 	5281 	5280
f 5308 	5481 	5637
f 5481 	5434 	5637
f 5636 	5637 	5434
f 5307 	5308 	5716
f 5273 	5281 	5310
f 5306 	5311 	5300
f 5477 	5697 	5476
f 5312 	5296 	5316
f 5303 	5310 	5281
f 5316 	5296 	5320
f 5318 	5678 	5317
f 5319 	5280 	5317
f 5279 	5317 	5280
f 5320 	5628 	5316
f 5320 	5351 	5628
f 5317 	5322 	5321
f 5317 	5321 	5318
f 5425 	5297 	5707
f 5322 	5317 	5290
f 5279 	5290 	5317
f 5297 	5299 	5707
f 5280 	5319 	5302
f 5584 	5445 	5444
f 5680 	5310 	5303
f 5584 	5587 	5445
f 5283 	5282 	5328
f 5327 	5328 	5282
f 5327 	5282 	5285
f 5327 	5285 	5286
f 5389 	5408 	5324
f 5323 	5329 	5332
f 5323 	5332 	5325
f 5337 	5442 	5334
f 5313 	5438 	5335
f 5329 	5408 	5332
f 5344 	5477 	5343
f 5323 	5477 	5344
f 5274 	5289 	5330
f 5350 	5351 	5296
f 5292 	5534 	5293
f 5346 	5348 	5296
f 5346 	5296 	5562
f 5333 	5349 	5352
f 5333 	5352 	5334
f 5331 	5330 	5289
f 5292 	5291 	5534
f 5534 	5291 	5288
f 5284 	5534 	5287
f 5288 	5287 	5534
f 5534 	5284 	5353
f 5609 	5550 	5353
f 5606 	5550 	5609
f 5625 	5626 	5333
f 5300 	5330 	5331
f 5334 	5352 	5354
f 5334 	5354 	5337
f 5348 	5350 	5296
f 5662 	5660 	5740
f 5705 	5355 	5361
f 5278 	5705 	5361
f 5360 	5361 	5355
f 5399 	5360 	5534
f 5293 	5534 	5309
f 5398 	5399 	5534
f 5673 	5330 	5300
f 5676 	5677 	5300
f 5354 	5356 	5338
f 5354 	5338 	5337
f 5320 	5296 	5351
f 5334 	5493 	5333
f 5338 	5442 	5337
f 5341 	5442 	5338
f 5343 	5477 	5341
f 5325 	5477 	5323
f 5311 	5680 	5300
f 5389 	5668 	5311
f 5357 	5358 	5311
f 5358 	5680 	5311
f 5356 	5359 	5341
f 5356 	5341 	5338
f 5625 	5333 	5624
f 5660 	5658 	5740
f 5362 	5744 	5656
f 5744 	5740 	5656
f 5658 	5656 	5740
f 5442 	5341 	5477
f 5359 	5363 	5343
f 5359 	5343 	5341
f 5330 	5312 	5274
f 5363 	5365 	5344
f 5363 	5344 	5343
f 5323 	5344 	5329
f 5365 	5329 	5344
f 5271 	5274 	5312
f 5296 	5312 	5369
f 5329 	5365 	5408
f 5330 	5369 	5312
f 5371 	5374 	5348
f 5371 	5348 	5346
f 5673 	5369 	5330
f 5374 	5376 	5350
f 5374 	5350 	5348
f 5376 	5379 	5351
f 5376 	5351 	5350
f 5378 	5377 	5380
f 5378 	5380 	5381
f 5371 	5326 	5374
f 5275 	5271 	5312
f 5324 	5275 	5312
f 5333 	5351 	5349
f 5379 	5349 	5351
f 5381 	5380 	5382
f 5381 	5382 	5383
f 5349 	5379 	5326
f 5376 	5326 	5379
f 5384 	5390 	5324
f 5385 	5324 	5312
f 5611 	5385 	5316
f 5316 	5385 	5312
f 5386 	5324 	5385
f 5384 	5324 	5386
f 5382 	5387 	5388
f 5382 	5388 	5383
f 5376 	5374 	5326
f 5643 	5389 	5390
f 5324 	5390 	5389
f 5387 	5391 	5392
f 5387 	5392 	5388
f 5391 	5395 	5397
f 5391 	5397 	5392
f 5387 	5306 	5391
f 5644 	5530 	5389
f 5368 	5610 	5367
f 5395 	5391 	5306
f 5402 	5325 	5401
f 5332 	5401 	5325
f 5365 	5363 	5408
f 5363 	5359 	5408
f 5359 	5356 	5408
f 5356 	5354 	5408
f 5326 	5408 	5354
f 5326 	5354 	5352
f 5352 	5349 	5326
f 5402 	5401 	5404
f 5402 	5404 	5405
f 5326 	5324 	5408
f 5373 	5621 	5372
f 5355 	5503 	5500
f 5401 	5332 	5408
f 5621 	5373 	5375
f 5404 	5410 	5411
f 5404 	5411 	5405
f 5412 	5403 	5409
f 5410 	5414 	5415
f 5410 	5415 	5411
f 5404 	5401 	5408
f 5418 	5403 	5416
f 5420 	5403 	5418
f 5416 	5403 	5413
f 5414 	5421 	5422
f 5414 	5422 	5415
f 5423 	5403 	5420
f 5410 	5404 	5408
f 5429 	5403 	5423
f 5385 	5427 	5386
f 5421 	5426 	5428
f 5421 	5428 	5422
f 5390 	5384 	5430
f 5427 	5430 	5384
f 5427 	5384 	5386
f 5421 	5414 	5408
f 5414 	5410 	5408
f 5432 	5403 	5431
f 5429 	5431 	5403
f 5426 	5435 	5436
f 5426 	5436 	5428
f 5437 	5403 	5432
f 5444 	5569 	5440
f 5529 	5530 	5442
f 5436 	5435 	5377
f 5436 	5377 	5378
f 5408 	5306 	5426
f 5448 	5471 	5451
f 5448 	5451 	5452
f 5447 	5569 	5445
f 5306 	5377 	5435
f 5456 	5397 	5455
f 5395 	5455 	5397
f 5458 	5441 	5460
f 5461 	5569 	5457
f 5306 	5455 	5395
f 5462 	5441 	5458
f 5463 	5569 	5461
f 5455 	5465 	5466
f 5455 	5466 	5456
f 5407 	5559 	5560
f 5407 	5560 	5409
f 5467 	5569 	5463
f 5470 	5569 	5467
f 5409 	5560 	5412
f 5469 	5441 	5462
f 5441 	5469 	5602
f 5601 	5471 	5602
f 5449 	5451 	5471
f 5441 	5602 	5471
f 5528 	5569 	5473
f 5465 	5472 	5474
f 5465 	5474 	5466
f 5530 	5460 	5441
f 5455 	5306 	5465
f 5475 	5528 	5473
f 5413 	5568 	5416
f 5453 	5528 	5475
f 5472 	5478 	5479
f 5472 	5479 	5474
f 5416 	5568 	5418
f 5698 	5694 	5419
f 5482 	5741 	5480
f 5476 	5608 	5438
f 5478 	5483 	5484
f 5478 	5484 	5479
f 5476 	5313 	5314
f 5476 	5314 	5477
f 5419 	5424 	5698
f 5313 	5476 	5438
f 5483 	5488 	5489
f 5483 	5489 	5484
f 5481 	5527 	5434
f 5485 	5741 	5482
f 5629 	5276 	5433
f 5487 	5741 	5486
f 5488 	5494 	5495
f 5488 	5495 	5489
f 5491 	5741 	5490
f 5496 	5741 	5491
f 5494 	5502 	5495
f 5498 	5539 	5497
f 5631 	5439 	5443
f 5499 	5539 	5498
f 5500 	5539 	5499
f 5432 	5400 	5437
f 5446 	5632 	5443
f 5494 	5501 	5502
f 5503 	5539 	5500
f 5440 	5437 	5400
f 5442 	5504 	5334
f 5501 	5506 	5508
f 5501 	5508 	5502
f 5442 	5477 	5529
f 5529 	5477 	5314
f 5509 	5537 	5507
f 5506 	5510 	5511
f 5506 	5511 	5508
f 5506 	5501 	5298
f 5494 	5298 	5501
f 5492 	5448 	5452
f 5492 	5452 	5493
f 5510 	5514 	5516
f 5510 	5516 	5511
f 5504 	5471 	5448
f 5504 	5448 	5492
f 5518 	5528 	5517
f 5515 	5528 	5513
f 5442 	5441 	5471
f 5442 	5471 	5504
f 5514 	5519 	5520
f 5514 	5520 	5516
f 5521 	5528 	5518
f 5597 	5461 	5457
f 5469 	5462 	5523
f 5522 	5523 	5462
f 5522 	5462 	5458
f 5522 	5458 	5460
f 5515 	5517 	5528
f 5510 	5506 	5298
f 5463 	5461 	5597
f 5519 	5525 	5526
f 5519 	5526 	5520
f 5497 	5528 	5524
f 5514 	5510 	5298
f 5335 	5438 	5527
f 5434 	5527 	5438
f 5512 	5528 	5453
f 5512 	5513 	5528
f 5470 	5473 	5569
f 5441 	5442 	5530
f 5525 	5531 	5532
f 5525 	5532 	5526
f 5460 	5530 	5533
f 5521 	5524 	5528
f 5528 	5497 	5539
f 5505 	5538 	5503
f 5507 	5538 	5505
f 5480 	5537 	5509
f 5486 	5741 	5485
f 5490 	5741 	5487
f 5539 	5551 	5528
f 5534 	5353 	5550
f 5531 	5535 	5536
f 5531 	5536 	5532
f 5672 	5313 	5339
f 5539 	5503 	5538
f 5745 	5480 	5741
f 5745 	5537 	5480
f 5542 	5544 	5534
f 5406 	5741 	5496
f 5407 	5741 	5406
f 5409 	5741 	5407
f 5413 	5403 	5412
f 5403 	5741 	5409
f 5540 	5541 	5543
f 5540 	5543 	5545
f 5544 	5546 	5534
f 5546 	5394 	5534
f 5396 	5534 	5394
f 5398 	5534 	5396
f 5549 	5554 	5548
f 5339 	5674 	5669
f 5541 	5552 	5553
f 5541 	5553 	5543
f 5547 	5548 	5554
f 5554 	5528 	5547
f 5551 	5547 	5528
f 5579 	5400 	5550
f 5573 	5298 	5540
f 5364 	5347 	5313
f 5342 	5340 	5313
f 5340 	5679 	5339
f 5552 	5555 	5556
f 5552 	5556 	5553
f 5440 	5569 	5437
f 5445 	5569 	5444
f 5457 	5569 	5447
f 5569 	5697 	5403
f 5554 	5569 	5528
f 5366 	5364 	5313
f 5555 	5557 	5558
f 5555 	5558 	5556
f 5406 	5393 	5559
f 5313 	5335 	5367
f 5554 	5566 	5684
f 5370 	5368 	5335
f 5368 	5367 	5335
f 5557 	5561 	5562
f 5557 	5562 	5558
f 5375 	5373 	5527
f 5372 	5370 	5335
f 5659 	5737 	5738
f 5690 	5684 	5566
f 5565 	5566 	5554
f 5564 	5565 	5554
f 5413 	5412 	5567
f 5561 	5371 	5562
f 5346 	5562 	5371
f 5549 	5564 	5554
f 5403 	5437 	5569
f 5595 	5647 	5424
f 5477 	5403 	5697
f 5557 	5326 	5561
f 5542 	5666 	5690
f 5371 	5561 	5326
f 5566 	5542 	5690
f 5345 	5527 	5433
f 5554 	5534 	5550
f 5554 	5550 	5569
f 5536 	5535 	5574
f 5573 	5574 	5535
f 5684 	5534 	5554
f 5565 	5544 	5542
f 5565 	5542 	5566
f 5450 	5527 	5454
f 5564 	5546 	5544
f 5564 	5544 	5565
f 5459 	5527 	5464
f 5454 	5527 	5459
f 5573 	5540 	5545
f 5573 	5545 	5574
f 5432 	5577 	5400
f 5564 	5394 	5546
f 5591 	5464 	5590
f 5464 	5591 	5468
f 5424 	5699 	5698
f 5721 	5522 	5578
f 5581 	5641 	5580
f 5569 	5550 	5697
f 5573 	5535 	5298
f 5706 	5699 	5425
f 5446 	5527 	5450
f 5443 	5527 	5446
f 5590 	5464 	5527
f 5439 	5527 	5443
f 5439 	5433 	5527
f 5375 	5527 	5345
f 5581 	5580 	5523
f 5532 	5536 	5369
f 5574 	5545 	5369
f 5706 	5425 	5707
f 5353 	5453 	5475
f 5589 	5274 	5588
f 5271 	5588 	5274
f 5464 	5637 	5459
f 5714 	5713 	5301
f 5594 	5588 	5271
f 5592 	5593 	5419
f 5419 	5417 	5592
f 5424 	5419 	5593
f 5595 	5424 	5593
f 5417 	5468 	5592
f 5591 	5592 	5468
f 5714 	5301 	5315
f 5660 	5485 	5482
f 5485 	5660 	5662
f 5485 	5662 	5486
f 5367 	5366 	5313
f 5340 	5339 	5313
f 5336 	5672 	5339
f 5373 	5372 	5335
f 5527 	5373 	5335
f 5326 	5594 	5324
f 5667 	5487 	5662
f 5486 	5662 	5487
f 5487 	5667 	5490
f 5602 	5603 	5601
f 5449 	5601 	5603
f 5608 	5476 	5605
f 5490 	5675 	5491
f 5681 	5496 	5675
f 5491 	5675 	5496
f 5610 	5438 	5608
f 5607 	5289 	5589
f 5274 	5589 	5289
f 5617 	5438 	5610
f 5681 	5393 	5496
f 5614 	5615 	5619
f 5615 	5616 	5619
f 5616 	5452 	5619
f 5618 	5619 	5452
f 5451 	5618 	5452
f 5613 	5614 	5619
f 5612 	5613 	5619
f 5619 	5385 	5611
f 5611 	5612 	5619
f 5424 	5425 	5699
f 5620 	5438 	5617
f 5594 	5607 	5588
f 5621 	5438 	5620
f 5605 	5476 	5600
f 5622 	5434 	5621
f 5299 	5713 	5707
f 5594 	5583 	5607
f 5589 	5588 	5607
f 5276 	5434 	5622
f 5626 	5627 	5333
f 5351 	5333 	5627
f 5628 	5351 	5627
f 5316 	5628 	5611
f 5630 	5434 	5629
f 5629 	5434 	5276
f 5315 	5715 	5714
f 5432 	5431 	5577
f 5555 	5326 	5557
f 5555 	5552 	5326
f 5541 	5540 	5326
f 5552 	5541 	5326
f 5326 	5540 	5298
f 5611 	5628 	5627
f 5611 	5627 	5612
f 5631 	5434 	5630
f 5612 	5627 	5626
f 5612 	5626 	5613
f 5715 	5315 	5635
f 5632 	5434 	5631
f 5613 	5626 	5625
f 5613 	5625 	5614
f 5298 	5583 	5326
f 5275 	5324 	5594
f 5355 	5705 	5503
f 5468 	5694 	5716
f 5624 	5615 	5614
f 5624 	5614 	5625
f 5633 	5434 	5632
f 5579 	5440 	5400
f 5623 	5616 	5615
f 5623 	5615 	5624
f 5535 	5531 	5298
f 5634 	5434 	5633
f 5579 	5582 	5440
f 5444 	5440 	5582
f 5636 	5434 	5634
f 5623 	5452 	5616
f 5594 	5326 	5583
f 5618 	5427 	5619
f 5385 	5619 	5427
f 5637 	5716 	5308
f 5444 	5582 	5584
f 5421 	5408 	5426
f 5435 	5426 	5306
f 5305 	5307 	5698
f 5725 	5639 	5638
f 5447 	5445 	5587
f 5640 	5427 	5618
f 5640 	5618 	5451
f 5353 	5284 	5453
f 5512 	5453 	5284
f 5382 	5306 	5387
f 5380 	5306 	5382
f 5380 	5377 	5306
f 5639 	5725 	5726
f 5639 	5726 	5642
f 5447 	5587 	5457
f 5311 	5408 	5389
f 5513 	5512 	5284
f 5727 	5645 	5726
f 5642 	5726 	5645
f 5668 	5389 	5530
f 5643 	5644 	5389
f 5298 	5300 	5583
f 5645 	5727 	5646
f 5291 	5517 	5515
f 5682 	5502 	5369
f 5457 	5587 	5596
f 5518 	5517 	5291
f 5596 	5597 	5457
f 5531 	5525 	5298
f 5519 	5298 	5525
f 5519 	5514 	5298
f 5488 	5483 	5298
f 5306 	5298 	5483
f 5478 	5472 	5306
f 5472 	5465 	5306
f 5483 	5478 	5306
f 5293 	5521 	5518
f 5331 	5583 	5300
f 5524 	5521 	5293
f 5463 	5597 	5598
f 5342 	5683 	5340
f 5650 	5731 	5651
f 5598 	5599 	5463
f 5467 	5463 	5599
f 5408 	5311 	5306
f 5651 	5731 	5652
f 5539 	5360 	5551
f 5467 	5599 	5470
f 5604 	5470 	5599
f 5494 	5488 	5298
f 5392 	5403 	5388
f 5538 	5361 	5360
f 5538 	5360 	5539
f 5604 	5606 	5470
f 5473 	5470 	5606
f 5537 	5362 	5361
f 5537 	5361 	5538
f 5683 	5342 	5347
f 5537 	5744 	5362
f 5473 	5606 	5475
f 5609 	5475 	5606
f 5403 	5392 	5397
f 5403 	5397 	5456
f 5403 	5456 	5466
f 5331 	5289 	5583
f 5549 	5394 	5564
f 5475 	5609 	5353
f 5548 	5396 	5394
f 5548 	5394 	5549
f 5547 	5398 	5396
f 5547 	5396 	5548
f 5405 	5477 	5402
f 5509 	5277 	5480
f 5547 	5399 	5398
f 5411 	5477 	5405
f 5477 	5325 	5402
f 5551 	5399 	5547
f 5480 	5656 	5658
f 5480 	5658 	5482
f 5422 	5477 	5415
f 5415 	5477 	5411
f 5360 	5399 	5551
f 5428 	5477 	5422
f 5482 	5658 	5660
f 5738 	5661 	5659
f 5663 	5661 	5738
f 5666 	5542 	5647
f 5665 	5666 	5647
f 5534 	5647 	5542
f 5357 	5283 	5328
f 5357 	5328 	5670
f 5667 	5671 	5490
f 5490 	5671 	5675
f 5677 	5678 	5300
f 5673 	5300 	5678
f 5676 	5300 	5680
f 5674 	5339 	5679
f 5340 	5683 	5679
f 5290 	5272 	5489
f 5489 	5495 	5290
f 5708 	5502 	5682
f 5484 	5489 	5272
f 5406 	5496 	5393
f 5673 	5682 	5369
f 5347 	5686 	5683
f 5673 	5708 	5682
f 5687 	5678 	5677
f 5345 	5433 	5276
f 5677 	5676 	5687
f 5689 	5687 	5676
f 5689 	5676 	5680
f 5690 	5691 	5684
f 5273 	5310 	5286
f 5508 	5369 	5502
f 5692 	5696 	5500
f 5693 	5286 	5310
f 5695 	5693 	5310
f 5500 	5696 	5355
f 5686 	5347 	5600
f 5364 	5600 	5347
f 5701 	5678 	5700
f 5702 	5678 	5701
f 5703 	5678 	5702
f 5704 	5678 	5703
f 5673 	5678 	5704
f 5318 	5700 	5678
f 5319 	5317 	5678
f 5502 	5710 	5495
f 5364 	5366 	5600
f 5605 	5600 	5366
f 5647 	5684 	5697
f 5647 	5697 	5672
f 5605 	5366 	5608
f 5367 	5608 	5366
f 5710 	5502 	5709
f 5711 	5495 	5710
f 5712 	5495 	5711
f 5532 	5369 	5526
f 5534 	5684 	5647
f 5509 	5507 	5277
f 5704 	5708 	5673
f 5367 	5610 	5608
f 5516 	5369 	5511
f 5299 	5301 	5713
f 5703 	5709 	5708
f 5703 	5708 	5704
f 5656 	5480 	5277
f 5610 	5368 	5370
f 5702 	5710 	5709
f 5702 	5709 	5703
f 5520 	5369 	5516
f 5666 	5665 	5691
f 5666 	5691 	5690
f 5701 	5711 	5710
f 5701 	5710 	5702
f 5620 	5370 	5372
f 5665 	5649 	5691
f 5700 	5712 	5711
f 5700 	5711 	5701
f 5553 	5296 	5543
f 5712 	5700 	5321
f 5318 	5321 	5700
f 5697 	5550 	5672
f 5687 	5319 	5678
f 5621 	5620 	5372
f 5687 	5302 	5319
f 5375 	5622 	5621
f 5623 	5333 	5493
f 5719 	5649 	5718
f 5518 	5291 	5292
f 5310 	5680 	5695
f 5358 	5695 	5680
f 5345 	5276 	5375
f 5622 	5375 	5276
f 5717 	5586 	5718
f 5748 	5747 	5664
f 5474 	5479 	5272
f 5748 	5664 	5668
f 5691 	5649 	5719
f 5694 	5468 	5417
f 5680 	5303 	5689
f 5720 	5721 	5644
f 5720 	5644 	5643
f 5524 	5293 	5309
f 5556 	5558 	5296
f 5403 	5474 	5272
f 5321 	5495 	5712
f 5578 	5530 	5644
f 5717 	5718 	5649
f 5302 	5687 	5303
f 5689 	5303 	5687
f 5417 	5419 	5694
f 5685 	5497 	5309
f 5286 	5693 	5327
f 5550 	5743 	5672
f 5693 	5695 	5327
f 5313 	5672 	5747
f 5743 	5747 	5672
f 5723 	5327 	5695
f 5723 	5695 	5358
f 5743 	5664 	5747
f 5479 	5484 	5272
f 5668 	5530 	5748
f 5497 	5685 	5688
f 5497 	5688 	5498
f 5327 	5723 	5328
f 5670 	5328 	5723
f 5578 	5644 	5721
f 5629 	5433 	5439
f 5499 	5498 	5692
f 5688 	5692 	5498
f 5724 	5647 	5725
f 5602 	5580 	5641
f 5643 	5390 	5581
f 5641 	5581 	5390
f 5726 	5725 	5647
f 5727 	5726 	5647
f 5499 	5692 	5500
f 5728 	5727 	5647
f 5643 	5581 	5720
f 5523 	5720 	5581
f 5633 	5632 	5450
f 5369 	5545 	5296
f 5556 	5296 	5553
f 5558 	5562 	5296
f 5523 	5522 	5720
f 5505 	5503 	5705
f 5430 	5603 	5641
f 5602 	5641 	5603
f 5733 	5672 	5734
f 5454 	5633 	5450
f 5543 	5296 	5545
f 5641 	5390 	5430
f 5278 	5507 	5705
f 5505 	5705 	5507
f 5672 	5735 	5734
f 5624 	5333 	5623
f 5278 	5277 	5507
f 5735 	5672 	5736
f 5737 	5736 	5672
f 5430 	5427 	5603
f 5640 	5603 	5427
f 5574 	5369 	5536
f 5670 	5723 	5358
f 5670 	5358 	5357
f 5738 	5737 	5672
f 5739 	5738 	5672
f 5436 	5403 	5428
f 5637 	5464 	5468
f 5425 	5424 	5647
f 5740 	5741 	5743
f 5742 	5743 	5741
f 5378 	5403 	5436
f 5383 	5403 	5381
f 5381 	5403 	5378
f 5383 	5388 	5403
f 5297 	5647 	5299
f 5513 	5284 	5287
f 5477 	5428 	5403
f 5301 	5299 	5647
f 5315 	5301 	5647
f 5315 	5647 	5722
f 5675 	5671 	5740
f 5287 	5288 	5513
f 5515 	5513 	5288
f 5717 	5647 	5586
f 5724 	5722 	5647
f 5585 	5647 	5595
f 5515 	5288 	5291
f 5672 	5733 	5732
f 5730 	5672 	5731
f 5732 	5731 	5672
f 5647 	5672 	5729
f 5729 	5728 	5647
f 5730 	5729 	5672
f 5665 	5647 	5649
f 5466 	5474 	5403
f 5322 	5290 	5495
f 5321 	5322 	5495
f 5511 	5369 	5508
f 5520 	5526 	5369
f 5717 	5649 	5647
f 5297 	5425 	5647
f 5518 	5292 	5293
f 5538 	5507 	5537
f 5638 	5684 	5635
f 5709 	5502 	5708
f 5631 	5443 	5632
f 5639 	5684 	5638
f 5741 	5403 	5742
f 5524 	5309 	5497
f 5746 	5742 	5403
f 5642 	5684 	5639
f 5743 	5742 	5664
f 5746 	5664 	5742
f 5446 	5450 	5632
f 5645 	5684 	5642
f 5745 	5744 	5537
f 5559 	5407 	5406
f 5741 	5740 	5744
f 5741 	5744 	5745
f 5454 	5634 	5633
f 5403 	5272 	5746
f 5272 	5273 	5746
f 5668 	5664 	5746
f 5412 	5560 	5563
f 5652 	5697 	5651
f 5634 	5454 	5459
f 5563 	5567 	5412
f 5653 	5697 	5652
f 5283 	5357 	5668
f 5357 	5311 	5668
f 5413 	5567 	5568
f 5654 	5697 	5653
f 5568 	5570 	5418
f 5657 	5697 	5655
f 5418 	5570 	5420
f 5571 	5420 	5570
f 5740 	5559 	5393
f 5659 	5697 	5657
f 5420 	5571 	5423
f 5572 	5423 	5571
f 5468 	5716 	5637
f 5429 	5423 	5572
f 5560 	5559 	5740
f 5669 	5674 	5697
f 5661 	5697 	5659
f 5575 	5429 	5572
f 5674 	5476 	5697
f 5568 	5567 	5743
f 5740 	5743 	5560
f 5429 	5575 	5431
f 5576 	5431 	5575
f 5563 	5560 	5743
f 5576 	5577 	5431
f 5686 	5476 	5683
f 5683 	5476 	5679
f 5567 	5563 	5743
f 5570 	5568 	5743
f 5572 	5571 	5743
f 5571 	5570 	5743
f 5295 	5304 	5684
f 5294 	5295 	5684
f 5743 	5576 	5575
f 5743 	5575 	5572
f 5707 	5684 	5706
f 5577 	5576 	5743
f 5400 	5577 	5743
f 5370 	5617 	5610
f 5635 	5684 	5715
f 5714 	5684 	5713
f 5714 	5715 	5684
f 5743 	5550 	5400
f 5620 	5617 	5370
f 5698 	5699 	5305
f 5579 	5550 	5582
f 5582 	5550 	5584
f 5587 	5584 	5550
f 5699 	5684 	5304
f 5706 	5684 	5699
f 5713 	5684 	5707
f 5646 	5684 	5645
f 5694 	5698 	5307
f 5718 	5294 	5684
f 5697 	5684 	5648
f 5697 	5648 	5650
f 5650 	5651 	5697
f 5655 	5697 	5654
f 5646 	5648 	5684
f 5718 	5684 	5719
f 5719 	5684 	5691
f 5587 	5550 	5596
f 5663 	5669 	5697
f 5679 	5476 	5674
f 5661 	5663 	5697
f 5439 	5630 	5629
f 5597 	5596 	5550
f 5722 	5635 	5315
f 5598 	5597 	5550
f 5635 	5722 	5724
f 5635 	5724 	5638
f 5631 	5630 	5439
f 5604 	5599 	5550
f 5599 	5598 	5550
f 5638 	5724 	5725
f 5606 	5604 	5550
f 5727 	5728 	5646
f 5729 	5648 	5728
f 5646 	5728 	5648
f 5648 	5729 	5730
f 5648 	5730 	5650
f 5459 	5636 	5634
f 5361 	5362 	5278
f 5650 	5730 	5731
f 5277 	5278 	5362
f 5731 	5732 	5652
f 5459 	5637 	5636
f 5656 	5277 	5362
f 5733 	5653 	5732
f 5652 	5732 	5653
f 5662 	5740 	5667
f 5653 	5733 	5734
f 5653 	5734 	5654
f 5671 	5667 	5740
f 5735 	5655 	5734
f 5654 	5734 	5655
f 5718 	5586 	5294
f 5294 	5586 	5585
f 5294 	5585 	5295
f 5657 	5655 	5736
f 5740 	5393 	5681
f 5681 	5675 	5740
f 5304 	5295 	5585
f 5737 	5657 	5736
f 5585 	5595 	5304
f 5663 	5738 	5739
f 5595 	5593 	5305
f 5595 	5305 	5304
f 5309 	5534 	5685
f 5663 	5739 	5669
f 5336 	5669 	5739
f 5593 	5592 	5307
f 5593 	5307 	5305
f 5336 	5339 	5669
f 5688 	5534 	5692
f 5685 	5534 	5688
f 5592 	5591 	5308
f 5592 	5308 	5307
f 5735 	5736 	5655
f 5692 	5534 	5696
f 5737 	5659 	5657
f 5481 	5308 	5590
f 5591 	5590 	5308
f 5360 	5355 	5534
f 5590 	5527 	5481
f 5696 	5534 	5355
f 5748 	5314 	5747
f 5313 	5747 	5314
f 5530 	5529 	5748
f 5314 	5748 	5529
f 5533 	5578 	5522
f 5460 	5533 	5522
f 5469 	5580 	5602
f 5523 	5580 	5469
f 5493 	5334 	5492
f 5721 	5720 	5522
f 5451 	5449 	5640
f 5603 	5640 	5449
f 5449 	5471 	5601
f 5492 	5334 	5504
f 5493 	5452 	5623
f 5533 	5530 	5578
f 5739 	5672 	5336
f 5586 	5647 	5585
f 5347 	5342 	5313
f 5716 	5694 	5307
f 5304 	5305 	5699
f 5600 	5476 	5686
# 968 faces

 #end of obj_6

o obj_7
v 125.83 		199.9928 		0
v 125.83 		199.992 		0
v 125.83 		199.9912 		0
v 125.8297 		199.998 		0
v 125.83 		199.998 		0
v 110.292 		146.1316 		8.72
v 110.2784 		146.1317 		8.7018
v 110.208 		146.1323 		8.607
v 110.092 		146.1334 		8.499
v 91.3598 		146.1035 		12.6239
v 96.4084 		146.2529 		11.994
v 96.518 		146.2519 		11.9803
v 125.384 		149 		0
v 91.3615 		146.297 		12.6239
v 110.0686 		146.1336 		8.4829
v 109.947 		146.1346 		8.399
v 109.9191 		146.1349 		8.3843
v 125.83 		199.9912 		6
v 125.83 		199.992 		6
v 109.774 		146.1361 		8.308
v 125.83 		199.9928 		6
v 125.83 		199.998 		6
v 125.8297 		199.998 		6
v 109.577 		146.1379 		8.229
v 109.5418 		146.1382 		8.2182
v 91.3623 		146.3912 		12.6239
v 91.3623 		146.3912 		12.6239
v 108.8768 		146.144 		9.846
v 109.1248 		146.1418 		9.808
v 91.3418 		144.0491 		12.6238
v 109.1627 		146.1415 		9.7993
v 96.901 		144 		11.93
v 109.359 		146.1398 		9.754
v 109.3942 		146.1395 		9.7433
v 109.577 		146.1379 		9.688
v 98.062 		152.239 		32.364
v 104.71 		146.1804 		3
v 104.701 		146.1805 		3
v 101.7936 		146.2058 		3
v 101.7919 		146.2059 		3
v 100.614 		146.2162 		3
v 125.384 		149 		6
v 125.3994 		150.7586 		5.4251
v 125.3935 		150.0896 		5.7918
v 106.6769 		152.1636 		14.406
v 125.4 		150.826 		5.38
v 125.4001 		150.8417 		5.3662
v 125.4043 		151.3145 		4.9006
v 106.5529 		152.1647 		14.5454
v 125.405 		151.38 		4.826
v 106.4755 		152.1654 		14.632
v 125.4052 		151.4247 		4.7592
v 125.4048 		151.38 		4.826
v 91.359 		146.323 		2.608
v 91.359 		146.323 		3.392
v 125.4048 		151.38 		4.826
v 108.0139 		152.152 		13.761
v 91.359 		146.297 		3
v 107.8307 		152.1536 		13.7962
v 107.7169 		152.1546 		13.818
v 125.4 		150.826 		5.38
v 107.5398 		152.1561 		13.876
v 107.4299 		152.1571 		13.912
v 125.4 		150.826 		5.38
v 107.1579 		152.1594 		14.043
v 107.0024 		152.1608 		14.1454
v 106.9055 		152.1616 		14.209
v 106.7642 		152.1629 		14.3305
v 108.739 		206.645 		0
v 91.388 		149.689 		0.026
v 108.609 		206.655 		0
v 108.48 		206.682 		0
v 108.7303 		152.1457 		13.7898
v 108.6169 		152.1467 		13.766
v 91.378 		148.521 		0.102
v 108.357 		206.725 		0
v 96.518 		146.2519 		3
v 108.239 		206.784 		0
v 108.4312 		152.1483 		13.7524
v 108.131 		206.858 		0
v 108.033 		206.945 		0
v 108.3159 		152.1493 		13.744
v 125.4052 		151.4247 		1.2408
v 107.948 		207.044 		0
v 125.405 		151.38 		1.174
v 107.876 		207.154 		0
v 91.375 		148.149 		0.228
v 106.3873 		152.1662 		17.3471
v 125.4048 		151.38 		1.174
v 106.4509 		152.1656 		17.444
v 125.4048 		151.38 		1.174
v 109.612 		207.139 		0
v 106.6479 		152.1639 		17.673
v 106.5724 		152.1646 		17.5853
v 109.538 		207.03 		0
v 109.451 		206.933 		0
v 125.4043 		151.3145 		1.0994
v 125.4001 		150.8417 		0.6338
v 109.352 		206.847 		0
v 125.4 		150.826 		0.62
v 109.242 		206.775 		0
v 125.3994 		150.7586 		0.5749
v 106.7873 		152.1627 		17.797
v 125.3935 		150.0896 		0.2082
v 109.124 		206.718 		0
v 91.385 		149.297 		0
v 106.8735 		152.1619 		17.874
v 108.999 		206.677 		0
v 108.87 		206.653 		0
v 107.1229 		152.1598 		18.044
v 107.0271 		152.1606 		17.9789
v 91.372 		147.797 		0.402
v 91.369 		147.471 		0.62
v 125.4 		150.826 		0.62
v 107.3929 		152.1574 		18.18
v 91.364 		146.917 		1.174
v 107.2894 		152.1583 		18.1279
v 91.362 		146.699 		1.5
v 107.6779 		152.1549 		18.28
v 107.9739 		152.1523 		18.341
v 125.384 		149 		5.11
v 125.3897 		149.6461 		5.9236
v 108.1602 		152.1507 		18.3552
v 125.391 		149.776 		5.898
v 108.2755 		152.1497 		18.364
v 108.4612 		152.1481 		18.3535
v 108.5769 		152.147 		18.347
v 95.8109 		146.2581 		3
v 125.3908 		149.776 		5.898
v 125.3908 		149.776 		5.898
v 91.831 		200.295 		0
v 115.88 		205.532 		0
v 94.183 		208.769 		0
v 95.434 		210.607 		0
v 110.4733 		152.1305 		15.299
v 110.4369 		152.1308 		15.189
v 101.876 		205.654 		0
v 125.36 		146.228 		4.148
v 125.36 		146.2247 		4.1382
v 125.3609 		146.3275 		4.096
v 91.8315 		200.295 		0
v 91.996 		202.506 		0
v 92.449 		204.684 		0
v 93.182 		206.783 		0
v 125.3615 		146.3991 		4.096
v 125.3601 		146.2362 		4.1646
v 125.36 		146.228 		4.148
v 108.746 		177.678 		0
v 97.5769 		152.2431 		17.4506
v 125.36 		146.228 		4.148
v 108.617 		177.654 		0
v 110.3561 		152.1315 		15.0206
v 108.486 		177.646 		0
v 110.3059 		152.1319 		14.916
v 108.355 		177.656 		0
v 108.227 		177.683 		0
v 110.1399 		152.1334 		14.664
v 108.103 		177.726 		0
v 107.986 		177.785 		0
v 109.9429 		152.1351 		14.435
v 107.877 		177.859 		0
v 109.774 		146.1361 		9.608
v 109.8041 		152.1363 		14.311
v 107.78 		177.946 		0
v 109.7175 		152.1371 		14.234
v 91.831 		200.295 		6
v 109.8019 		146.1359 		9.5935
v 107.694 		178.045 		0
v 109.947 		146.1346 		9.518
v 95.434 		210.607 		6
v 94.183 		208.769 		6
v 109.9704 		146.1344 		9.5019
v 107.622 		178.155 		0
v 110.092 		146.1334 		9.418
v 107.565 		178.273 		0
v 107.524 		178.398 		0
v 109.5633 		152.1384 		14.1291
v 93.182 		206.783 		6
v 107.5 		178.527 		0
v 92.449 		204.684 		6
v 91.996 		202.506 		6
v 91.8315 		200.295 		6
v 110.208 		146.1323 		9.31
v 110.2215 		146.1322 		9.2916
v 109.487 		178.509 		0
v 96.9235 		146.2484 		19.5
v 96.9712 		146.248 		18.968
v 109.461 		178.381 		0
v 109.417 		178.257 		0
v 125.374 		147.84 		3.4757
v 108.2628 		146.1493 		12.573
v 125.3825 		148.8244 		3.072
v 107.8048 		146.1533 		12.599
v 109.358 		178.14 		0
v 125.3825 		148.8291 		3.072
v 125.374 		147.84 		3.4888
v 109.285 		178.031 		0
v 107.6131 		146.155 		12.6352
v 107.4193 		146.1567 		12.6717
v 109.197 		177.934 		0
v 109.098 		177.848 		0
v 108.988 		177.776 		0
v 98.01 		146.239 		32.364
v 108.87 		177.719 		0
v 91.4113 		152.297 		3
v 108.7198 		146.1453 		12.607
v 91.4139 		152.297 		6
v 109.1011 		146.142 		12.686
v 93.4446 		152.2792 		10.8726
v 92.705 		152.286 		12.372
v 108.358 		146.1485 		9.877
v 114.8673 		146.0916 		12.737
v 112.71 		146.1105 		12.7179
v 92.7051 		152.2857 		12.3719
v 92.705 		152.2857 		12.372
v 114.8488 		146.0918 		14.8634
v 109.4679 		152.1393 		14.064
v 106.424 		146.1656 		8.72
v 106.508 		146.1649 		8.607
v 106.7464 		146.1628 		8.4151
v 109.3013 		152.1407 		13.9801
v 106.6474 		146.1637 		9.4341
v 106.624 		146.1639 		9.418
v 109.1979 		152.1416 		13.928
v 106.508 		146.1649 		9.31
v 106.424 		146.1657 		9.196
v 106.3812 		146.166 		9.097
v 106.373 		146.1661 		9.078
v 114.8078 		146.0922 		19.5
v 106.356 		146.1662 		8.958
v 106.4157 		146.1657 		8.739
v 106.373 		146.1658 		9.078
v 106.356 		146.166 		8.958
v 119.5162 		146.051 		19.5
v 109.0221 		152.1432 		13.8663
v 119.1922 		146.0539 		17.4506
v 119.4922 		146.0512 		19.165
v 106.3812 		146.1658 		9.097
v 108.9129 		152.1441 		13.828
v 118.0954 		146.0634 		14.844
v 106.424 		146.1654 		9.196
v 113.9916 		146.0993 		9.1197
v 96.293 		146.2539 		11.9111
v 93.636 		146.277 		10.377
v 93.8053 		146.2756 		10.1238
v 93.3762 		146.2794 		10.9043
v 106.508 		146.1647 		9.31
v 93.636 		146.2771 		10.377
v 93.636 		146.2771 		10.377
v 96.9212 		146.2484 		11.93
v 116.9674 		146.0733 		7.6571
v 91.3615 		146.297 		3
v 92.422 		146.2877 		3
v 116.2633 		146.0794 		3
v 115.993 		146.0818 		3.7281
v 116.998 		146.073 		3
v 106.624 		146.1637 		9.418
v 116.858 		146.0742 		4.155
v 112.2276 		146.1147 		4.4357
v 112.6754 		146.1108 		3.502
v 106.6474 		146.1634 		9.4341
v 108.358 		146.1485 		8.039
v 110.144 		146.1329 		5.3122
v 106.334 		146.1662 		3
v 108.806 		146.1446 		3
v 110.144 		146.1329 		3.502
v 107.492 		178.657 		0
v 107.502 		178.788 		0
v 107.529 		178.917 		0
v 108.8739 		152.1445 		18.29
v 107.572 		179.04 		0
v 105.951 		146.1695 		3
v 107.631 		179.157 		0
v 107.705 		179.266 		0
v 109.1609 		152.1419 		18.196
v 109.4329 		152.1396 		18.064
v 109.3287 		152.1405 		18.1146
v 106.7464 		146.1626 		8.4151
v 109.6855 		152.1374 		17.899
v 109.589 		152.1382 		17.9622
v 106.624 		146.1639 		8.499
v 106.624 		146.1637 		8.499
v 108.634 		179.641 		0
v 108.503 		179.651 		0
v 109.9145 		152.1354 		17.701
v 91.411 		152.271 		2.608
v 108.763 		179.615 		0
v 101.7083 		146.2066 		12.622
v 110.0385 		152.1343 		17.5622
v 101.6478 		146.2071 		19.5
v 107.792 		179.364 		0
v 110.1159 		152.1336 		17.476
v 106.508 		146.1647 		8.607
v 107.891 		179.449 		0
v 110.2207 		152.1327 		17.3218
v 101.6898 		146.2068 		14.7484
v 108.001 		179.521 		0
v 97.1062 		146.2468 		13.418
v 97.0987 		146.2469 		13.3582
v 96.9212 		146.2484 		11.93
v 108.119 		179.578 		0
v 108.244 		179.619 		0
v 108.373 		179.644 		0
v 114.864 		146.092 		34.583
v 110.2859 		152.1321 		17.226
v 91.4104 		152.195 		2.224
v 110.4219 		152.1309 		16.956
v 108.886 		179.571 		0
v 109.003 		179.512 		0
v 106.424 		146.1654 		8.72
v 109.112 		179.439 		0
v 116.91 		152.074 		33.6
v 91.411 		152.297 		3
v 106.4157 		146.1655 		8.739
v 91.411 		152.271 		2.608
v 108.2468 		148.8463 		18.364
v 106.373 		146.1661 		8.838
v 106.373 		146.1658 		8.838
v 91.4004 		151.0555 		0.5749
v 96.8372 		146.2495 		20.462
v 96.8434 		146.2494 		20.393
v 91.398 		150.797 		0.402
v 91.3907 		149.9494 		0.0774
v 91.395 		150.445 		0.228
v 125.384 		149 		3
v 91.3945 		150.3847 		0.2075
v 109.21 		179.351 		0
v 107.592 		146.1556 		9.808
v 109.295 		179.252 		0
v 91.3981 		150.797 		0.402
v 109.367 		179.142 		0
v 109.424 		179.024 		0
v 91.3951 		150.445 		0.228
v 109.465 		178.9 		0
v 109.49 		178.771 		0
v 96.9235 		146.2486 		19.5
v 109.497 		178.64 		0
v 107.824 		148.332 		12.599
v 109.497 		180.5817 		0
v 91.4086 		151.9882 		1.6885
v 115.662 		180.528 		0
v 91.4093 		152.069 		1.852
v 91.4093 		152.069 		1.852
v 101.657 		180.65 		0
v 107.357 		146.1576 		9.754
v 107.1486 		146.1594 		9.6909
v 106.9653 		146.1609 		8.2987
v 107.139 		146.1594 		8.229
v 107.139 		146.1594 		9.688
v 96.338 		146.254 		30.898
v 106.7977 		146.1624 		9.5325
v 106.7698 		146.1627 		9.518
v 106.7698 		146.1626 		8.399
v 106.914 		146.1614 		8.3227
v 106.942 		146.1611 		8.308
v 107.357 		146.1576 		8.162
v 107.592 		146.1556 		8.109
v 107.8334 		148.3319 		12.6752
v 106.7698 		146.1624 		9.518
v 108.282 		148.328 		12.573
v 108.739 		148.324 		12.607
v 96.39 		152.253 		30.898
v 108.2811 		148.328 		12.6785
v 106.7977 		146.1621 		9.5325
v 107.8815 		148.3315 		12.675
v 107.8815 		148.3315 		12.6756
v 106.942 		146.1612 		9.608
v 106.942 		146.1609 		9.608
v 108.7284 		148.3241 		12.6825
v 107.139 		146.1592 		9.688
v 118.759 		152.058 		32.364
v 125.3839 		148.992 		3.0033
v 125.3839 		148.992 		3.0034
v 107.357 		146.1572 		9.754
v 125.3828 		148.864 		3.0558
v 107.4381 		148.3354 		12.6717
v 125.3828 		148.864 		3.0573
v 107.592 		146.1552 		9.808
v 107.592 		146.1552 		8.109
v 107.357 		146.1572 		8.162
v 107.139 		146.1592 		8.229
v 106.942 		146.1609 		8.308
v 106.914 		146.1611 		8.3227
v 109.1202 		148.3214 		12.686
v 106.7698 		146.1624 		8.399
v 108.358 		146.149 		9.877
v 108.358 		146.149 		9.877
v 108.1391 		146.1509 		9.8711
v 108.097 		146.1512 		9.87
v 107.84 		146.1534 		9.846
v 108.736 		148.842 		12.683
v 108.4001 		146.1486 		9.8759
v 108.2869 		148.8459 		13.744
v 108.736 		148.8416 		12.683
v 107.84 		146.1534 		8.07
v 108.3158 		146.1494 		8.0403
v 108.358 		146.149 		8.039
v 108.358 		146.149 		8.039
v 107.886 		148.849 		12.6756
v 107.8866 		148.849 		12.6756
v 114.1151 		146.0984 		19.635
v 108.5777 		146.147 		8.0457
v 119.1922 		146.0539 		20.3034
v 108.6198 		146.1466 		8.047
v 119.5929 		146.0504 		20.5734
v 91.385 		149.297 		3
v 119.5992 		146.0503 		20.661
v 119.6888 		146.0496 		21.9133
v 114.8066 		146.0924 		19.641
v 107.84 		146.153 		9.846
v 114.8079 		146.0924 		19.5
v 119.5162 		146.0511 		19.5
v 119.5674 		146.0506 		20.2166
v 107.886 		148.849 		12.675
v 108.097 		146.1508 		9.87
v 108.1391 		146.1504 		9.8711
v 108.7287 		148.8417 		13.5204
v 108.4001 		146.1481 		9.8759
v 108.6198 		146.1466 		9.87
v 113.1429 		152.1067 		19.5
v 108.6198 		146.1462 		9.87
v 114.83 		148.789 		19.641
v 108.6198 		146.1462 		8.047
v 108.5777 		146.1466 		8.0457
v 106.139 		146.168 		35.732
v 108.358 		146.149 		35.877
v 108.3158 		146.1489 		8.0403
v 108.097 		146.1512 		8.047
v 108.097 		146.1508 		8.047
v 107.84 		146.153 		8.07
v 110.5539 		148.826 		16.375
v 108.411 		152.148 		35.877
v 110.63 		152.129 		35.732
v 96.817 		143.93 		20.462
v 112.81 		152.11 		35.298
v 96.951 		143.929 		18.968
v 108.8768 		146.1443 		8.07
v 109.321 		146.1403 		8.1534
v 109.359 		146.14 		8.162
v 109.359 		146.1398 		8.162
v 109.321 		146.1401 		8.1534
v 109.1248 		146.1421 		8.109
v 109.1248 		146.1418 		8.109
v 92.705 		152.286 		25.383
v 108.8768 		146.144 		8.07
v 103.958 		146.187 		35.298
v 91.991 		152.292 		23.277
v 110.343 		146.1313 		8.838
v 110.3581 		146.1312 		8.9386
v 110.3457 		146.1313 		9.0586
v 110.343 		146.1313 		9.078
v 110.3002 		146.1317 		9.177
v 110.292 		146.1318 		9.196
v 109.7508 		146.1364 		8.2987
v 109.774 		146.1362 		8.308
v 109.9191 		146.135 		8.3843
v 99.859 		146.223 		33.6
v 110.0686 		146.1337 		8.4829
v 110.092 		146.1335 		8.499
v 110.208 		146.1325 		8.607
v 110.2784 		146.1319 		8.7018
v 110.3347 		146.1314 		8.819
v 101.853 		146.206 		34.583
v 125.391 		149.776 		0.102
v 109.5418 		146.1383 		8.2182
v 109.577 		146.138 		8.229
v 101.905 		152.205 		34.583
v 93.636 		146.277 		27.377
v 110.292 		146.1316 		9.196
v 125.3897 		149.6461 		0.0764
v 110.5745 		148.8258 		16.0934
v 110.3002 		146.1315 		9.177
v 110.343 		146.1312 		9.078
v 110.5759 		148.8258 		16.074
v 125.3908 		149.776 		0.102
v 96.529 		146.2522 		20.4344
v 110.5589 		148.8259 		15.772
v 110.56 		148.8259 		15.7915
v 110.3457 		146.1311 		9.0586
v 96.518 		146.2523 		20.4334
v 125.36 		146.228 		1.852
v 110.3608 		146.1312 		8.958
v 110.3608 		146.131 		8.958
v 110.5065 		148.8264 		15.4951
v 125.374 		147.84 		5.11
v 110.5029 		148.8264 		15.476
v 110.3581 		146.131 		8.9386
v 92.653 		146.286 		25.383
v 110.343 		146.1312 		8.838
v 94.872 		146.267 		29.226
v 125.3737 		147.814 		5.11
v 125.3735 		147.7818 		5.11
v 125.358 		146 		5.11
v 110.3347 		146.1312 		8.819
v 110.4919 		148.8266 		16.671
v 125.3839 		148.992 		3
v 94.924 		152.266 		29.226
v 110.292 		146.1317 		8.72
v 110.5499 		148.8261 		16.3941
v 117.459 		214.788 		6
v 115.473 		215.789 		6
v 113.374 		216.522 		6
v 93.689 		152.277 		27.377
v 107.819 		207.272 		6
v 125.3828 		148.864 		3
v 107.778 		207.397 		6
v 107.753 		207.525 		6
v 107.746 		207.656 		6
v 125.374 		147.84 		3
v 110.5829 		152.1295 		16.375
v 107.756 		207.787 		6
v 107.782 		207.915 		6
v 110.5965 		152.1294 		16.1893
v 125.358 		146 		3
v 107.825 		208.039 		6
v 110.6049 		152.1293 		16.074
v 107.884 		208.156 		6
v 110.5944 		152.1294 		15.8877
v 110.5879 		152.1295 		15.772
v 125.289 		204.396 		0
v 125.704 		202.212 		0
v 125.704 		202.212 		6
v 108.757 		208.65 		6
v 109.947 		146.1347 		8.399
v 107.958 		208.265 		6
v 110.5533 		152.1298 		15.5894
v 108.046 		208.363 		6
v 124.8343 		152.005 		6
v 125.4073 		152 		6
v 108.145 		208.448 		6
v 110.5319 		152.13 		15.476
v 91.938 		146.292 		23.277
v 108.255 		208.52 		6
v 125.3548 		146 		5.11
v 125.3548 		146 		3
v 125.3554 		146 		3
v 125.3572 		146 		3
v 108.373 		208.577 		6
v 108.497 		208.618 		6
v 124.5655 		146.0069 		3
v 125.19 		146.0015 		3
v 110.5209 		152.1301 		16.671
v 108.626 		208.643 		6
v 110.5591 		152.1297 		16.4884
v 91.4904 		146.296 		19.9834
v 109.549 		208.251 		6
v 109.621 		208.141 		6
v 109.678 		208.023 		6
v 109.719 		207.899 		6
v 109.743 		207.77 		6
v 110.2215 		146.1324 		9.2916
v 110.208 		146.1325 		9.31
v 110.092 		146.1335 		9.418
v 109.9704 		146.1346 		9.5019
v 109.8019 		146.1361 		9.5935
v 109.751 		207.639 		6
v 109.774 		146.1363 		9.608
v 109.577 		146.138 		9.688
v 109.5675 		146.1381 		9.6909
v 109.741 		207.508 		6
v 109.714 		207.38 		6
v 109.3942 		146.1397 		9.7433
v 109.359 		146.14 		9.754
v 109.1627 		146.1417 		9.7993
v 109.1248 		146.1421 		9.808
v 109.671 		207.256 		6
v 108.8768 		146.1443 		9.846
v 108.888 		208.64 		6
v 109.016 		208.614 		6
v 109.14 		208.57 		6
v 109.257 		208.511 		6
v 109.365 		208.438 		6
v 109.463 		208.35 		6
v 108.979 		217.14 		6
v 114.891 		148.788 		12.737
v 91.36 		146.399 		2.224
v 111.196 		216.975 		6
v 109.947 		146.1348 		9.518
v 106.2768 		148.8636 		14.881
v 91.557 		152.296 		16.658
v 106.1408 		148.8648 		15.151
v 91.557 		152.2957 		16.658
v 106.0409 		148.8656 		15.437
v 106.0473 		148.8656 		15.4186
v 106.1167 		148.865 		15.22
v 91.991 		152.292 		14.477
v 106.4086 		152.1658 		8.958
v 106.4256 		152.1657 		9.078
v 93.9366 		152.2749 		14.9983
v 106.4536 		152.1654 		9.1427
v 106.4766 		152.1652 		9.196
v 106.5606 		152.1645 		9.31
v 106.6766 		152.1635 		9.418
v 106.7561 		152.1628 		9.4728
v 105.9829 		148.8661 		15.713
v 106.7425 		152.1629 		8.4538
v 106.5606 		152.1645 		8.607
v 106.4766 		152.1653 		8.72
v 106.4486 		152.1655 		8.7847
v 105.9789 		148.8662 		15.732
v 106.4256 		152.1658 		9.078
v 106.4086 		152.166 		8.958
v 106.4536 		152.1656 		9.1427
v 106.4766 		152.1654 		9.196
v 91.991 		152.2919 		14.477
v 91.991 		152.2919 		14.477
v 106.5606 		152.1647 		9.31
v 105.9569 		148.8663 		16.034
v 106.6766 		152.1637 		9.418
v 91.3884 		149.689 		0.026
v 106.7561 		152.1629 		9.4728
v 105.9739 		148.8662 		16.335
v 106.759 		217.014 		6
v 104.574 		216.599 		6
v 102.462 		215.902 		6
v 100.459 		214.936 		6
v 98.6 		213.717 		6
v 96.915 		212.266 		6
v 108.739 		206.645 		6
v 108.609 		206.655 		6
v 108.48 		206.682 		6
v 106.0272 		148.8657 		16.6128
v 108.357 		206.725 		6
v 106.0308 		148.8656 		16.632
v 106.7425 		152.1631 		8.4538
v 108.239 		206.784 		6
v 108.131 		206.858 		6
v 108.033 		206.945 		6
v 106.1249 		148.8648 		16.919
v 107.948 		207.044 		6
v 106.1188 		148.8648 		16.9005
v 107.876 		207.154 		6
v 91.382 		148.906 		0.026
v 109.612 		207.139 		6
v 109.538 		207.03 		6
v 106.2559 		148.8636 		17.191
v 109.451 		206.933 		6
v 109.352 		206.847 		6
v 109.242 		206.775 		6
v 109.124 		206.718 		6
v 108.999 		206.677 		6
v 108.87 		206.653 		6
v 107.746 		205.6029 		6
v 115.88 		205.532 		6
v 101.876 		205.654 		6
v 125.358 		146.026 		2.608
v 106.3055 		152.1669 		14.881
v 106.1695 		152.1681 		15.151
v 125.358 		146.102 		2.224
v 106.0699 		152.1689 		15.437
v 106.1078 		152.1686 		15.3274
v 106.0316 		152.1693 		15.619
v 106.0079 		152.1695 		15.732
v 105.9859 		152.1697 		16.034
v 106.0029 		152.1695 		16.335
v 107.78 		177.946 		6
v 91.361 		146.526 		1.852
v 125.377 		148.223 		0.102
v 125.38 		148.608 		0.026
v 107.694 		178.045 		6
v 125.374 		147.852 		0.228
v 107.622 		178.155 		6
v 106.038 		152.1692 		16.5182
v 107.565 		178.273 		6
v 106.0595 		152.169 		16.632
v 107.524 		178.398 		6
v 106.1539 		152.1682 		16.919
v 106.1175 		152.1685 		16.809
v 107.5 		178.527 		6
v 108.746 		177.678 		6
v 106.2849 		152.1671 		17.191
v 108.617 		177.654 		6
v 108.486 		177.646 		6
v 108.355 		177.656 		6
v 106.6766 		152.1635 		8.499
v 106.6766 		152.1637 		8.499
v 91.367 		147.176 		0.879
v 106.5606 		152.1647 		8.607
v 106.4766 		152.1654 		8.72
v 106.4486 		152.1656 		8.7847
v 106.4256 		152.1657 		8.838
v 106.4256 		152.1658 		8.838
v 107.1916 		152.159 		8.229
v 107.0182 		152.1606 		8.2985
v 107.2016 		152.1589 		9.691
v 107.4096 		152.157 		9.754
v 107.6446 		152.1549 		9.808
v 106.9946 		152.1608 		8.308
v 106.8997 		152.1616 		8.3579
v 106.822 		152.1623 		8.399
v 106.822 		152.1622 		9.518
v 106.9169 		152.1614 		9.5674
v 107.1916 		152.159 		9.688
v 107.6446 		152.1549 		8.109
v 107.4096 		152.157 		8.162
v 101.732 		148.903 		12.622
v 106.822 		152.1624 		9.518
v 101.6478 		146.2075 		19.5
v 106.9169 		152.1615 		9.5674
v 97.087 		143.999 		13.418
v 91.3615 		146.297 		18.4658
v 91.3615 		146.297 		14.1359
v 97.1062 		146.2468 		13.418
v 106.9946 		152.1607 		9.608
v 91.3623 		146.3909 		14.1359
v 91.3623 		146.3909 		18.4658
v 106.9946 		152.1609 		9.608
v 91.3412 		143.9779 		18.4658
v 107.1916 		152.1591 		9.688
v 91.4139 		152.297 		18.9215
v 108.227 		177.683 		6
v 94.104 		152.2735 		19.5
v 91.4139 		152.297 		18.8777
v 108.103 		177.726 		6
v 91.4139 		152.297 		18.9215
v 107.986 		177.785 		6
v 107.4096 		152.1572 		9.754
v 107.877 		177.859 		6
v 91.4139 		152.297 		18.8325
v 91.4139 		152.297 		18.8763
v 91.4139 		152.297 		18.8325
v 107.6446 		152.1552 		9.808
v 109.487 		178.509 		6
v 109.461 		178.381 		6
v 109.417 		178.257 		6
v 107.6446 		152.1552 		8.109
v 109.358 		178.14 		6
v 109.285 		178.031 		6
v 107.4096 		152.1572 		8.162
v 109.197 		177.934 		6
v 109.098 		177.848 		6
v 125.371 		147.5 		0.402
v 91.3623 		146.3908 		18.9512
v 108.988 		177.776 		6
v 125.363 		146.62 		1.174
v 108.87 		177.719 		6
v 125.361 		146.402 		1.5
v 91.3418 		144.0489 		14.1359
v 107.492 		178.657 		6
v 107.502 		178.788 		6
v 107.529 		178.917 		6
v 107.572 		179.04 		6
v 107.631 		179.157 		6
v 107.705 		179.266 		6
v 109.4901 		152.1386 		19.5
v 108.634 		179.641 		6
v 108.503 		179.651 		6
v 108.763 		179.615 		6
v 125.368 		147.174 		0.62
v 108.889 		152.1438 		19.5
v 125.365 		146.879 		0.879
v 109.2229 		152.1409 		19.5
v 107.792 		179.364 		6
v 110.7359 		152.1278 		19.5
v 109.9149 		152.1349 		19.5
v 91.3623 		146.3909 		13.9902
v 107.891 		179.449 		6
v 91.3418 		144.0492 		12.8042
v 108.001 		179.521 		6
v 109.034 		152.1426 		19.5
v 108.119 		179.578 		6
v 119.472 		143.732 		19.165
v 119.579 		143.731 		20.661
v 108.244 		179.619 		6
v 91.557 		152.296 		21.096
v 108.373 		179.644 		6
v 109.6028 		146.1381 		19.5957
v 109.9596 		146.1349 		19.5988
v 110.1035 		146.1337 		19.6
v 108.886 		179.571 		6
v 119.5773 		146.0505 		20.3541
v 109.003 		179.512 		6
v 91.504 		146.296 		21.096
v 109.112 		179.439 		6
v 91.431 		146.2965 		19.9781
v 91.4855 		146.296 		19.9829
v 109.21 		179.351 		6
v 111.0883 		146.1251 		19.6086
v 91.431 		146.297 		19.9781
v 123.133 		152.02 		27.377
v 109.295 		179.252 		6
v 109.367 		179.142 		6
v 109.424 		179.024 		6
v 109.465 		178.9 		6
v 108.9048 		146.1442 		19.5896
v 109.49 		178.771 		6
v 109.2911 		146.1408 		19.593
v 91.4318 		146.3901 		19.9781
v 124.064 		146.011 		25.383
v 109.497 		178.64 		6
v 91.3412 		143.9777 		19.9718
v 109.0721 		146.1428 		19.5911
v 101.657 		180.65 		6
v 115.662 		180.528 		6
v 91.3623 		146.3907 		19.9718
v 114.916 		152.092 		34.583
v 91.452 		152.2966 		19.5
v 91.4139 		152.297 		19.5
v 125.212 		146.001 		21.096
v 124.778 		146.005 		23.277
v 121.094 		146.0372 		20.5534
v 125.2675 		146.0006 		20.2529
v 91.4146 		147.9813 		19.5
v 91.4006 		146.3904 		19.5
v 117.3509 		152.0704 		6
v 118.6028 		152.0595 		6
v 113.7443 		152.1021 		6
v 114.5631 		152.0948 		6
v 91.3623 		146.3907 		19.5
v 107.1916 		152.1591 		8.229
v 91.3623 		146.3908 		18.9848
v 112.902 		152.1093 		6
v 106.192 		152.168 		35.732
v 106.9946 		152.1609 		8.308
v 106.8997 		152.1617 		8.3579
v 106.822 		152.1624 		8.399
v 119.711 		146.0493 		20.6529
v 121.0919 		146.0372 		20.5535
v 99.911 		152.223 		33.6
v 106.907 		152.1612 		19.5
v 107.933 		152.1522 		19.5
v 104.011 		152.187 		35.298
v 107.788 		152.1534 		19.5
v 123.08 		146.02 		27.377
v 108.0513 		152.1512 		19.5
v 108.2441 		152.1495 		19.5
v 108.1529 		152.1503 		19.5
v 108.329 		152.1487 		19.5
v 108.411 		152.148 		19.5
v 91.4085 		151.6739 		6
v 91.3929 		149.888 		6
v 107.8926 		152.1527 		9.846
v 91.3877 		149.298 		6
v 108.1496 		152.1504 		9.87
v 108.2927 		152.1491 		9.8738
v 108.4106 		152.148 		9.877
v 108.411 		152.148 		9.877
v 121.845 		146.031 		29.226
v 107.5991 		152.1551 		19.5
v 91.385 		149.297 		6
v 91.3877 		149.297 		6
v 91.3945 		150.3847 		5.7925
v 107.332 		152.1575 		19.5
v 120.379 		146.044 		30.898
v 91.3907 		149.9494 		5.9226
v 108.5537 		152.1468 		9.8732
v 91.395 		150.445 		5.772
v 108.493 		152.1473 		19.5
v 91.398 		150.797 		5.598
v 108.411 		152.148 		8.039
v 108.4106 		152.148 		8.039
v 108.2675 		152.1493 		8.0434
v 107.8926 		152.1527 		8.07
v 108.669 		152.1458 		19.5
v 108.5779 		152.1466 		19.5
v 91.4004 		151.0555 		5.4251
v 108.672 		152.1458 		8.047
v 108.5289 		152.147 		8.0426
v 91.4086 		151.9882 		4.3115
v 91.409 		152.069 		4.148
v 107.8926 		152.153 		9.846
v 91.4093 		152.069 		4.148
v 91.4093 		152.069 		4.148
v 112.3201 		152.1143 		9.4386
v 108.1496 		152.1508 		9.87
v 108.2927 		152.1495 		9.8738
v 108.4106 		152.1485 		9.877
v 91.41 		152.195 		3.776
v 91.3951 		150.445 		5.772
v 91.3951 		150.445 		5.772
v 91.41 		152.195 		2.224
v 121.897 		152.03 		29.226
v 91.3981 		150.797 		5.598
v 108.5537 		152.1472 		9.8732
v 124.116 		152.011 		25.383
v 108.672 		152.1458 		9.87
v 125.3888 		149.888 		6
v 108.6721 		152.1462 		9.87
v 108.7707 		152.1449 		19.5
v 91.409 		152.069 		1.852
v 91.411 		152.271 		3.392
v 120.431 		152.043 		30.898
v 112.7463 		152.1106 		6
v 106.6251 		152.1641 		6
v 125.3811 		149 		6
v 104.71 		152.1808 		6
v 105.951 		152.17 		6
v 106.334 		152.1666 		6
v 125.3811 		149 		6
v 125.3832 		148.9173 		5.11
v 102.7775 		152.1977 		9.1197
v 108.6721 		152.1462 		8.047
v 91.4104 		152.195 		3.776
v 91.4104 		152.195 		3.776
v 125.3764 		148.1262 		5.11
v 125.374 		147.852 		5.772
v 98.6736 		152.2336 		14.844
v 125.374 		147.84 		5.11
v 125.3816 		148.7656 		5.11
v 108.5289 		152.1475 		8.0426
v 108.4106 		152.1485 		8.039
v 91.411 		152.271 		3.392
v 100.9763 		152.2136 		6
v 101.6194 		152.2078 		6
v 101.8186 		152.2061 		6
v 101.8192 		152.2061 		6
v 104.701 		152.1809 		6
v 106.0861 		152.1684 		19.5
v 98.5301 		152.2349 		6
v 99.8017 		152.2237 		7.6571
v 108.2675 		152.1497 		8.0434
v 98.1517 		152.2381 		6
v 96.518 		152.2524 		6
v 108.1496 		152.1504 		8.047
v 91.375 		148.149 		5.772
v 91.378 		148.521 		5.898
v 108.1496 		152.1508 		8.047
v 107.8926 		152.153 		8.07
v 109.2827 		152.1405 		8.1329
v 108.929 		152.1436 		8.07
v 108.676 		148.842 		19.588
v 109.4116 		152.1394 		8.162
v 107.826 		148.8495 		19.58
v 107.8264 		148.8495 		19.58
v 108.676 		148.842 		19.5874
v 109.4116 		152.1398 		8.162
v 107.826 		148.8495 		19.5796
v 107.826 		148.85 		19.58
v 109.2827 		152.1409 		8.1329
v 109.177 		152.1414 		8.109
v 109.177 		152.1418 		8.109
v 108.929 		152.144 		8.07
v 125.2675 		146.0011 		20.2529
v 124.831 		152.005 		23.277
v 108.676 		148.8412 		19.5874
v 125.265 		152.001 		21.096
v 91.388 		149.689 		5.974
v 125.3789 		148.4343 		5.11
v 125.377 		148.223 		5.898
v 125.38 		148.608 		5.974
v 125.3812 		148.7219 		5.11
v 109.8037 		152.1361 		8.2988
v 110.3446 		152.1313 		9.196
v 110.3726 		152.1311 		9.1313
v 110.3956 		152.1309 		9.078
v 110.4049 		152.1308 		9.0122
v 110.4037 		152.1308 		8.8922
v 110.3956 		152.1309 		8.838
v 110.3676 		152.1312 		8.7733
v 110.2985 		152.1318 		8.658
v 110.2606 		152.1321 		8.607
v 110.1446 		152.1331 		8.499
v 110.0651 		152.1338 		8.4442
v 109.9047 		152.1352 		8.3491
v 109.8266 		152.1359 		8.308
v 109.6296 		152.1376 		8.229
v 109.5101 		152.1386 		8.1923
v 110.3446 		152.1316 		9.196
v 110.3726 		152.1314 		9.1313
v 110.3956 		152.1312 		9.078
v 107.1496 		146.1595 		19.5747
v 110.4049 		152.1311 		9.0122
v 125.371 		147.852 		5.772
v 125.371 		147.852 		5.772
v 107.6559 		146.1551 		19.5792
v 107.8182 		146.1537 		19.5806
v 110.413 		152.1308 		8.958
v 125.3709 		147.84 		5.7661
v 125.371 		147.8521 		5.772
v 110.413 		152.131 		8.958
v 125.3743 		148.223 		5.898
v 125.3743 		148.223 		5.898
v 110.4037 		152.1311 		8.8922
v 110.3956 		152.1312 		8.838
v 125.3743 		148.2231 		5.898
v 107.4454 		146.157 		19.5773
v 125.3776 		148.608 		5.974
v 125.3776 		148.608 		5.974
v 110.3676 		152.1314 		8.7733
v 108.1687 		146.1506 		19.5837
v 110.3446 		152.1314 		8.72
v 125.3727 		147.7015 		5.11
v 125.371 		147.5 		5.598
v 110.3446 		152.1316 		8.72
v 125.3737 		147.8047 		5.11
v 110.2985 		152.132 		8.658
v 110.2606 		152.1323 		8.607
v 108.2649 		146.1498 		19.5846
v 125.3698 		147.3811 		5.11
v 125.368 		147.174 		5.38
v 125.365 		146.879 		5.121
v 125.3651 		146.89 		5.11
v 108.358 		146.149 		19.5854
v 110.1446 		152.1334 		8.499
v 110.0651 		152.134 		8.4442
v 107.9512 		146.1525 		19.5818
v 125.3649 		146.8693 		5.11
v 125.3641 		146.8693 		5.11
v 108.0657 		146.1516 		19.5828
v 125.2683 		146.0947 		20.2529
v 125.3625 		146.879 		5.121
v 125.3624 		146.8694 		5.11
v 125.3651 		147.174 		5.38
v 125.3625 		146.879 		5.121
v 125.3679 		147.5 		5.598
v 91.362 		146.699 		4.5
v 91.364 		146.917 		4.826
v 125.3345 		143.6809 		20.2466
v 91.369 		147.471 		5.38
v 91.372 		147.797 		5.598
v 108.4514 		146.1482 		19.5862
v 108.7687 		146.1454 		19.5884
v 108.5483 		146.1473 		19.5871
v 125.3556 		146.0939 		20.2466
v 109.9996 		152.1346 		8.399
v 108.6523 		146.1464 		19.5875
v 108.6523 		146.1464 		19.5874
v 109.8266 		152.1361 		8.308
v 109.9047 		152.1354 		8.3491
v 119.297 		213.536 		0
v 120.956 		212.056 		0
v 109.6296 		152.1378 		8.229
v 108.6523 		146.1464 		19.588
v 120.956 		212.056 		6
v 119.297 		213.536 		6
v 109.51 		152.1389 		8.1923
v 108.929 		152.144 		9.846
v 109.177 		152.1418 		9.808
v 125.3536 		145.8586 		12.9405
v 125.3351 		143.7515 		12.9406
v 109.4116 		152.1398 		9.754
v 109.3059 		152.1407 		9.7784
v 125.3548 		146 		12.9405
v 125.2824 		146.0007 		12.9302
v 120.5872 		152.0421 		6
v 125.3556 		146.0936 		12.9405
v 109.6296 		152.1378 		9.688
v 109.5312 		152.1387 		9.7178
v 108.6667 		147.7802 		19.5874
v 109.9996 		152.1344 		8.399
v 125.3556 		146.0937 		13.9338
v 109.8266 		152.1361 		9.608
v 91.382 		148.906 		5.974
v 109.9996 		152.1346 		9.518
v 109.9215 		152.1353 		9.5586
v 105.799 		146.1713 		19.5627
v 113.374 		216.522 		0
v 115.473 		215.789 		0
v 117.459 		214.788 		0
v 118.707 		146.058 		5.39
v 118.9834 		146.0557 		5.6323
v 110.1446 		152.1334 		9.418
v 110.0791 		152.1339 		9.4632
v 107.819 		207.272 		0
v 118.707 		146.0581 		5.39
v 106.6838 		146.1636 		19.5706
v 107.778 		207.397 		0
v 110.2606 		152.1323 		9.31
v 107.753 		207.525 		0
v 119.6652 		146.0497 		12.129
v 119.4626 		146.0515 		13.5548
v 107.746 		207.656 		0
v 119.4542 		146.0516 		13.614
v 110.3067 		152.1319 		9.2475
v 106.4956 		146.1652 		19.5689
v 120.9623 		146.0384 		3
v 107.756 		207.787 		0
v 107.782 		207.915 		0
v 107.825 		208.039 		0
v 107.884 		208.156 		0
v 108.757 		208.65 		0
v 107.958 		208.265 		0
v 108.046 		208.363 		0
v 91.3884 		149.689 		5.974
v 91.3884 		149.689 		5.974
v 108.145 		208.448 		0
v 108.255 		208.52 		0
v 108.373 		208.577 		0
v 108.497 		208.618 		0
v 108.626 		208.643 		0
v 91.3776 		148.1468 		5.7709
v 91.3777 		148.149 		5.772
v 91.375 		147.84 		5.6193
v 109.549 		208.251 		0
v 91.3809 		148.5209 		5.898
v 109.621 		208.141 		0
v 91.3809 		148.521 		5.898
v 91.3809 		148.521 		5.898
v 109.678 		208.023 		0
v 109.719 		207.899 		0
v 91.3843 		148.906 		5.974
v 109.743 		207.77 		0
v 91.3843 		148.906 		5.974
v 91.3877 		149.2969 		6
v 109.751 		207.639 		0
v 109.741 		207.508 		0
v 109.714 		207.38 		0
v 91.361 		146.526 		4.148
v 109.671 		207.256 		0
v 91.367 		147.176 		5.121
v 108.888 		208.64 		0
v 109.016 		208.614 		0
v 109.14 		208.57 		0
v 109.257 		208.511 		0
v 109.365 		208.438 		0
v 109.463 		208.35 		0
v 91.3633 		146.5082 		4.096
v 91.3635 		146.526 		4.148
v 91.3635 		146.526 		4.148
v 108.979 		217.14 		0
v 111.196 		216.975 		0
v 96.915 		212.266 		0
v 98.6 		213.717 		0
v 100.459 		214.936 		0
v 102.462 		215.902 		0
v 104.574 		216.599 		0
v 106.759 		217.014 		0
v 109.6205 		152.1376 		9.6908
v 109.6296 		152.1376 		9.688
v 109.8266 		152.1358 		9.608
v 109.9215 		152.135 		9.5586
v 110.0791 		152.1337 		9.4632
v 110.1446 		152.1331 		9.418
v 110.2606 		152.1321 		9.31
v 110.3067 		152.1317 		9.2475
v 108.929 		152.1436 		9.846
v 109.177 		152.1414 		9.808
v 109.3059 		152.1403 		9.7784
v 109.4116 		152.1394 		9.754
v 109.5311 		152.1384 		9.7178
v 91.365 		146.699 		4.5
v 91.365 		146.699 		4.5
v 91.3669 		146.9169 		4.826
v 91.3669 		146.917 		4.826
v 109.9996 		152.1343 		9.518
v 91.3691 		147.176 		5.121
v 91.3691 		147.176 		5.121
v 103.3165 		146.193 		19.5408
v 91.3717 		147.471 		5.38
v 91.3717 		147.471 		5.38
v 91.3746 		147.797 		5.598
v 119.646 		143.801 		12.129
v 119.434 		143.803 		13.614
v 106.6479 		148.8603 		14.406
v 106.6626 		148.8602 		14.3933
v 101.6476 		146.2075 		19.526
v 119.4542 		146.0516 		13.614
v 106.4599 		148.862 		14.6174
v 103.6791 		152.1896 		19.5
v 125.3492 		146.0001 		18.7433
v 125.1719 		146.0016 		18.756
v 106.4468 		148.8621 		14.632
v 108.7058 		152.1459 		19.5
v 125.3492 		146.0001 		18.7433
v 125.3548 		146 		18.7429
v 125.3556 		146.094 		18.7429
v 101.671 		148.904 		19.526
v 101.671 		148.904 		19.526
v 122.407 		210.371 		0
v 123.626 		208.511 		0
v 107.9147 		152.1528 		12.6756
v 124.592 		206.508 		0
v 101.671 		148.904 		19.526
v 101.671 		148.904 		19.526
v 107.9849 		148.8486 		13.761
v 123.626 		208.511 		6
v 122.407 		210.371 		6
v 125.289 		204.396 		6
v 124.592 		206.508 		6
v 107.7071 		148.851 		13.8143
v 107.6879 		148.8512 		13.818
v 107.4009 		148.8537 		13.912
v 107.4194 		148.8536 		13.9059
v 123.133 		152.02 		10.377
v 107.501 		148.8528 		13.8792
v 123.3928 		152.0176 		10.9043
v 120.476 		152.0431 		11.9111
v 122.9638 		152.0214 		10.1238
v 123.133 		152.0199 		10.377
v 123.133 		152.0199 		10.377
v 107.1289 		148.8561 		14.043
v 124.064 		146.011 		12.372
v 106.8932 		148.8582 		14.1983
v 123.3245 		146.0178 		10.8726
v 124.064 		146.0113 		12.372
v 124.064 		146.0113 		12.3719
v 106.8768 		148.8583 		14.209
v 121.094 		146.0372 		3
v 108.5879 		148.8432 		13.766
v 108.607 		148.8431 		13.77
v 108.7264 		148.842 		13.795
v 108.7263 		148.8418 		13.795
v 108.3063 		148.8457 		13.7454
v 106.4112 		148.8622 		17.4277
v 106.4219 		148.8621 		17.444
v 106.6189 		148.8604 		17.673
v 106.6062 		148.8605 		17.6582
v 106.8303 		148.8585 		17.861
v 106.8448 		148.8583 		17.874
v 107.0939 		148.8561 		18.044
v 107.0778 		148.8563 		18.033
v 107.3639 		148.8537 		18.18
v 107.3465 		148.8539 		18.1712
v 107.6489 		148.8512 		18.28
v 124.201 		146.0098 		12.7759
v 123.3736 		146.0171 		12.6579
v 121.3532 		146.035 		12.3698
v 124.201 		146.0101 		12.7759
v 107.9449 		148.8489 		18.341
v 107.837 		148.8498 		18.3188
v 107.837 		148.8495 		18.3188
v 125.212 		146.001 		16.658
v 124.9151 		146.0039 		18.7745
v 108.2274 		148.8464 		18.3625
v 125.212 		146.0013 		16.658
v 122.8325 		146.0221 		14.9983
v 120.6525 		146.041 		13.7849
v 124.7411 		146.0053 		14.3682
v 124.778 		146.005 		14.477
v 119.6737 		146.0497 		13.6453
v 108.5284 		148.8438 		18.3481
v 100.6192 		152.2166 		19.5
v 124.778 		146.0051 		14.477
v 124.778 		146.0051 		14.477
v 108.5479 		148.8436 		18.347
v 124.7411 		146.0054 		14.3682
v 125.3548 		146 		14.4557
v 124.7568 		146.0052 		14.3704
v 125.3556 		146.0937 		14.4557
v 125.3351 		143.7517 		14.4558
v 109.6888 		148.8334 		14.234
v 109.7034 		148.8333 		14.247
v 125.3556 		146.0937 		14.351
v 109.4549 		148.8354 		14.075
v 109.4389 		148.8356 		14.064
v 125.3345 		143.681 		18.7429
v 109.1689 		148.8379 		13.928
v 109.1863 		148.8378 		13.9368
v 108.9023 		148.8402 		13.8344
v 109.1169 		148.8384 		13.9097
v 108.8839 		148.8404 		13.828
v 125.4073 		152 		19.5
v 110.4079 		148.8272 		15.189
v 110.414 		148.8272 		15.2075
v 125.3693 		152.0003 		19.5
v 110.4158 		148.8271 		15.2127
v 125.3544 		150.3157 		19.5
v 125.2767 		146.0946 		20.1256
v 125.3556 		146.0939 		20.1387
v 125.3178 		146.0943 		19.5
v 125.3556 		146.094 		19.5
v 125.3345 		143.681 		18.828
v 110.2853 		148.8283 		14.9336
v 110.2769 		148.8283 		14.916
v 110.1109 		148.8298 		14.664
v 109.9139 		148.8315 		14.435
v 110.2459 		148.8288 		17.2421
v 110.2569 		148.8287 		17.226
v 110.3929 		148.8275 		16.956
v 108.8449 		148.841 		18.29
v 109.1319 		148.8385 		18.196
v 91.36 		146.399 		3.776
v 109.4039 		148.8362 		18.064
v 109.3863 		148.8363 		18.0725
v 109.6568 		148.8339 		17.899
v 109.6406 		148.8341 		17.9096
v 109.8858 		148.8319 		17.701
v 110.0739 		148.8303 		17.4905
v 110.0869 		148.8302 		17.476
v 91.3627 		146.4352 		3.8822
v 91.3617 		146.323 		3.3919
v 91.3617 		146.323 		3.392
v 91.3623 		146.399 		3.776
v 91.3623 		146.399 		3.776
v 116.858 		146.074 		33.6
v 118.707 		146.058 		32.364
v 116.858 		146.074 		4.155
v 110.577 		146.129 		35.732
v 112.758 		146.11 		35.298
v 112.4777 		146.1125 		3.502
v 110.3823 		146.1308 		3.502
# 1281 vertices

g group_7_6383466

usemtl color_6383466
s 0

f 5753 	5749 	5752
f 6089 	5880 	5751
f 5755 	6007 	5754
f 5757 	6007 	5756
f 5760 	5780 	5759
f 5759 	5758 	5762
f 5763 	6007 	5757
f 5769 	6392 	5767
f 5767 	5750 	5749
f 5767 	5749 	5769
f 5766 	5751 	5750
f 5766 	5750 	5767
f 5796 	5801 	5766
f 5753 	5770 	5769
f 5753 	5769 	5749
f 6269 	6270 	5752
f 5771 	5752 	6270
f 5764 	6007 	5763
f 5773 	6011 	5772
f 5772 	6011 	5768
f 5955 	5774 	5775
f 5774 	5762 	5758
f 5774 	5758 	5775
f 5778 	5758 	5780
f 5781 	5956 	5779
f 5777 	5779 	5956
f 5752 	5771 	5770
f 5752 	5770 	5753
f 5783 	5956 	5782
f 5781 	5782 	5956
f 5770 	5771 	5769
f 5771 	6392 	5769
f 5788 	5802 	5787
f 5786 	5787 	5802
f 5789 	5802 	5788
f 5791 	5766 	5792
f 5812 	5795 	5809
f 5795 	5796 	5766
f 5801 	5804 	5766
f 5751 	5766 	5800
f 5798 	5801 	5796
f 5804 	5800 	5766
f 5800 	5804 	5798
f 5804 	5801 	5798
f 5791 	5809 	5766
f 5794 	5809 	5791
f 5766 	5809 	5795
f 5795 	5812 	5794
f 5812 	5809 	5794
f 5806 	7019 	5803
f 5878 	5792 	5877
f 6935 	6931 	5815
f 6937 	6938 	5822
f 5789 	5825 	5802
f 5822 	5827 	6937
f 6941 	6937 	5827
f 5831 	5837 	5751
f 5827 	5830 	6941
f 5839 	5845 	5837
f 5833 	5837 	5831
f 6943 	6942 	5838
f 5839 	5837 	5833
f 5842 	6943 	5838
f 5751 	5850 	5852
f 5852 	6223 	5751
f 5862 	5751 	5846
f 5850 	5751 	5862
f 5848 	5862 	5846
f 5850 	5862 	5848
f 5751 	5837 	5845
f 5846 	5751 	5845
f 5845 	5839 	5833
f 5790 	5869 	5870
f 5790 	5870 	5766
f 5802 	5825 	5876
f 5766 	5870 	5877
f 5872 	5877 	5870
f 5766 	5877 	5792
f 5878 	5877 	5872
f 5878 	5872 	5792
f 5887 	5888 	5886
f 5893 	5894 	5886
f 5886 	5895 	5887
f 5894 	5898 	5886
f 5881 	5918 	5882
f 5898 	5895 	5886
f 5918 	6366 	5882
f 5896 	5761 	5899
f 5929 	5890 	5889
f 5929 	5889 	5930
f 7002 	7001 	5902
f 5891 	5890 	5929
f 5879 	5930 	5889
f 5910 	5961 	5783
f 5915 	5961 	5910
f 5912 	5854 	5916
f 5920 	5961 	5917
f 5917 	5961 	5915
f 5923 	6092 	5924
f 5929 	6393 	5928
f 5930 	6393 	5929
f 5922 	5961 	5920
f 5881 	5892 	5919
f 5927 	5924 	6092
f 5918 	5881 	5919
f 5928 	5891 	5929
f 5938 	5940 	5886
f 5891 	5928 	5892
f 5926 	5892 	5928
f 5943 	5944 	5886
f 5926 	5919 	5892
f 5936 	6089 	5937
f 5914 	5930 	5879
f 5914 	5955 	6541
f 5995 	6005 	6036
f 5914 	5879 	5953
f 5953 	6650 	5914
f 5941 	5946 	6126
f 5946 	5947 	6126
f 6126 	6158 	5941
f 6158 	6163 	5941
f 6163 	6164 	5939
f 6166 	6169 	5954
f 5776 	5777 	5956
f 5931 	5961 	5922
f 5956 	5783 	5961
f 5957 	5962 	5958
f 5962 	5963 	5958
f 6029 	5968 	5971
f 5967 	6029 	5971
f 5971 	5973 	5967
f 5966 	5967 	5973
f 5974 	5979 	5973
f 5975 	5979 	5974
f 5976 	5979 	5975
f 5978 	6065 	5976
f 5966 	5973 	5979
f 5978 	5976 	5981
f 5980 	5981 	5976
f 5984 	5985 	5977
f 5982 	5977 	5985
f 5963 	6353 	5958
f 5977 	5988 	5984
f 5960 	5988 	5964
f 5977 	5964 	5988
f 5957 	6658 	6660
f 5949 	5761 	5950
f 6661 	5955 	5957
f 5999 	6808 	5990
f 5952 	5761 	5896
f 5950 	5761 	5952
f 5986 	5975 	5989
f 5974 	5989 	5975
f 6932 	6955 	6799
f 5955 	5963 	5962
f 5957 	5955 	5962
f 5986 	5980 	5975
f 5976 	5975 	5980
f 5991 	5992 	5993
f 5991 	5994 	5992
f 5989 	5974 	5995
f 5992 	5996 	5993
f 5994 	5997 	5992
f 5932 	5961 	5931
f 6217 	5961 	5932
f 5765 	6011 	5764
f 5768 	6011 	5765
f 5960 	5961 	5990
f 5997 	5996 	5992
f 5991 	5876 	5759
f 5991 	5993 	5876
f 6001 	5876 	5993
f 5993 	5996 	6000
f 6001 	5993 	6000
f 5760 	5759 	5876
f 5998 	5760 	5876
f 5762 	5994 	5991
f 5762 	5991 	5759
f 6003 	6008 	6002
f 5995 	5974 	5973
f 5996 	5997 	6000
f 5997 	5994 	6000
f 6814 	6006 	6004
f 5762 	6000 	5994
f 6003 	6002 	6006
f 6002 	6004 	6006
f 6803 	6006 	6814
f 5995 	5973 	6005
f 5971 	6005 	5973
f 6008 	6003 	6007
f 6013 	6002 	6008
f 6175 	6013 	6010
f 6127 	6012 	6178
f 6128 	6012 	6127
f 6011 	6010 	6013
f 6007 	5764 	6011
f 6014 	6011 	6013
f 6073 	5796 	5795
f 5798 	5796 	6073
f 6008 	6014 	6013
f 5800 	6073 	5831
f 6940 	6989 	6939
f 5787 	5981 	6036
f 6005 	6009 	6036
f 5854 	5879 	6092
f 6013 	6177 	6012
f 5970 	6009 	5971
f 6005 	5971 	6009
f 6019 	6092 	6021
f 5786 	6030 	5787
f 5989 	5995 	6036
f 5798 	6073 	5800
f 5889 	6092 	5879
f 6012 	6129 	6020
f 5970 	5971 	5968
f 6022 	6092 	6039
f 6021 	6092 	6022
f 6026 	5968 	6030
f 6032 	6087 	6031
f 6036 	5788 	5787
f 7016 	7015 	6037
f 6030 	5968 	6029
f 6031 	6087 	6035
f 7016 	6037 	6040
f 6029 	5967 	6030
f 5788 	6036 	5789
f 6046 	6047 	6036
f 6036 	6044 	6046
f 6047 	6048 	6036
f 6048 	5998 	6036
f 5789 	6036 	5998
f 5825 	5789 	5998
f 5876 	5825 	5998
f 6042 	6092 	6045
f 6049 	6045 	6092
f 7006 	7005 	6053
f 6049 	6092 	6050
f 6051 	6050 	6087
f 6041 	6030 	5967
f 7007 	7006 	6055
f 6058 	6041 	5966
f 5967 	5966 	6041
f 6628 	6619 	6091
f 5966 	6062 	6058
f 5879 	6054 	6063
f 5879 	6063 	5953
f 6034 	6061 	6063
f 5953 	6063 	6061
f 6973 	7008 	6676
f 6062 	5966 	5979
f 6063 	6054 	6034
f 5979 	5976 	6065
f 6062 	5979 	6066
f 5831 	6073 	5833
f 6069 	6886 	6068
f 6066 	5979 	6065
f 6071 	6074 	5879
f 6065 	5978 	5981
f 6019 	6490 	6017
f 5869 	6073 	5870
f 6066 	6065 	5981
f 6074 	6081 	5879
f 6073 	5872 	5870
f 6067 	5879 	6078
f 5792 	6073 	5791
f 6059 	6087 	6075
f 6077 	6075 	6089
f 6067 	6078 	6070
f 6073 	5794 	5791
f 6078 	5879 	6081
f 6079 	6077 	6089
f 6072 	6070 	6081
f 6078 	6081 	6070
f 6081 	6074 	6072
f 5879 	6067 	6088
f 6090 	5879 	6088
f 6082 	6080 	6089
f 6080 	6079 	6089
f 6057 	6087 	6059
f 6056 	6087 	6057
f 6089 	6075 	6087
f 6056 	6035 	6087
f 6032 	6051 	6087
f 5948 	5761 	5949
f 5945 	5942 	5761
f 5942 	5937 	5761
f 6089 	5761 	5937
f 5936 	5933 	6089
f 6089 	5933 	6085
f 6085 	6083 	6089
f 6083 	6082 	6089
f 6045 	6049 	6507
f 6054 	5879 	6091
f 6090 	6091 	5879
f 5909 	5854 	5912
f 5907 	5854 	5909
f 5906 	5854 	5907
f 5916 	5854 	5921
f 5854 	5906 	5904
f 5854 	5904 	5903
f 5761 	5854 	5901
f 5899 	5761 	5901
f 5945 	5761 	5948
f 6096 	6104 	6094
f 6095 	6096 	6094
f 6093 	6094 	6104
f 6087 	6050 	6092
f 6042 	6039 	6092
f 6092 	6019 	6017
f 6092 	6017 	6016
f 6092 	6016 	6015
f 6015 	5927 	6092
f 5921 	5854 	5923
f 6092 	5889 	5885
f 6907 	6908 	5880
f 5968 	6101 	6115
f 5970 	5968 	6100
f 6099 	6100 	5968
f 6101 	6102 	6115
f 6097 	6115 	6102
f 6102 	6103 	6097
f 6103 	6095 	6097
f 6094 	6097 	6095
f 6124 	6086 	6106
f 6076 	6093 	6105
f 6104 	6105 	6093
f 5850 	6073 	5852
f 6542 	6087 	6541
f 5852 	6073 	6212
f 6009 	5970 	6107
f 6001 	5802 	5876
f 6073 	6218 	6212
f 6100 	6107 	5970
f 6218 	6073 	5761
f 6111 	6113 	6108
f 6100 	6099 	6107
f 6106 	6086 	6113
f 6114 	6106 	6113
f 6108 	6113 	6086
f 6112 	6107 	6099
f 6114 	6147 	6106
f 6073 	5850 	5848
f 6099 	5968 	6115
f 6116 	6112 	6115
f 6073 	5795 	5794
f 6099 	6115 	6112
f 6108 	6117 	6111
f 6073 	5792 	5872
f 6117 	6108 	6109
f 6073 	5886 	6120
f 6073 	6121 	5886
f 6132 	6117 	6109
f 6115 	6097 	6116
f 6118 	6116 	6097
f 6097 	6094 	6118
f 5886 	6123 	6120
f 5947 	5946 	6124
f 6093 	6122 	6094
f 6122 	6118 	6094
f 6121 	6125 	5886
f 7023 	7024 	6060
f 6122 	6093 	6126
f 6073 	6397 	6229
f 7024 	6630 	6119
f 6093 	6076 	6126
f 6124 	6106 	6147
f 6126 	6076 	6158
f 6132 	6162 	6117
f 6475 	5942 	6476
f 6105 	6104 	6127
f 6128 	6127 	6104
f 6532 	6082 	6083
f 6129 	6128 	6096
f 6488 	6487 	6016
f 6147 	6444 	6124
f 6096 	6128 	6104
f 6129 	6095 	6130
f 6147 	6114 	6113
f 6096 	6095 	6129
f 6130 	6095 	6103
f 6111 	6117 	6162
f 5833 	6073 	5845
f 6031 	6494 	6032
f 6131 	6102 	6133
f 6132 	6109 	5956
f 5751 	5800 	5831
f 6494 	6031 	6035
f 6133 	6102 	6101
f 6130 	6103 	6131
f 6102 	6131 	6103
f 6098 	5784 	6110
f 5956 	5961 	6132
f 6133 	6101 	6026
f 5968 	6026 	6101
f 6076 	6105 	6138
f 6143 	6176 	6138
f 6137 	6138 	6176
f 6136 	6137 	6176
f 6515 	6572 	6586
f 6140 	6150 	6167
f 6141 	6913 	6139
f 6913 	6918 	6139
f 6522 	6059 	6525
f 6143 	6138 	6105
f 6135 	6136 	6144
f 6176 	6144 	6136
f 6134 	6144 	6145
f 6134 	6145 	6146
f 6142 	6139 	6148
f 6147 	6148 	6139
f 6151 	6156 	6149
f 6139 	6444 	6147
f 6150 	6140 	6146
f 6152 	6167 	6150
f 6153 	6155 	6151
f 6156 	6151 	6155
f 6142 	6162 	6323
f 6149 	6157 	6151
f 6151 	6157 	6159
f 6151 	6159 	6160
f 6161 	6151 	6160
f 6113 	6111 	6162
f 6076 	6138 	6158
f 6147 	6162 	6148
f 6148 	6162 	6142
f 6163 	6158 	6137
f 6138 	6137 	6158
f 6164 	6136 	5959
f 6113 	6162 	6147
f 5959 	6136 	6135
f 6142 	6165 	6139
f 6163 	6137 	6164
f 6136 	6164 	6137
f 6482 	5952 	6484
f 6165 	6142 	6323
f 6135 	6134 	5959
f 6323 	6162 	6132
f 6140 	6166 	6134
f 6166 	5959 	6134
f 6134 	6146 	6140
f 6166 	6140 	6169
f 6067 	6154 	6088
f 6462 	6459 	5906
f 6169 	6140 	6167
f 5776 	6167 	6315
f 6490 	6019 	6491
f 6444 	6036 	6124
f 6108 	6086 	5939
f 5941 	5939 	6086
f 6167 	5776 	6169
f 6021 	6022 	6491
f 6086 	5946 	5941
f 6408 	6404 	5916
f 6157 	6149 	6170
f 6086 	6124 	5946
f 5921 	6410 	5916
f 6193 	6152 	6171
f 6072 	6074 	6154
f 6150 	6146 	6172
f 6010 	6172 	6146
f 6010 	6146 	6145
f 6150 	6172 	6171
f 6088 	6154 	6628
f 6414 	5924 	5927
f 6109 	6108 	5954
f 5939 	5954 	6108
f 6171 	6152 	6150
f 5956 	6109 	5954
f 6034 	6154 	6061
f 6010 	6145 	6175
f 6323 	6132 	5961
f 6144 	6175 	6145
f 6538 	6085 	5933
f 6134 	6135 	6144
f 6472 	5933 	5936
f 6175 	6144 	6177
f 5937 	6473 	5936
f 6472 	5936 	6473
f 6177 	6144 	6176
f 6098 	5951 	5784
f 6143 	6178 	6176
f 6177 	6176 	6178
f 6475 	6473 	5942
f 5937 	5942 	6473
f 5945 	6476 	5942
f 6143 	6105 	6178
f 6476 	5945 	5948
f 6073 	5846 	5845
f 6127 	6178 	6105
f 6479 	5948 	5949
f 5846 	6073 	5848
f 5950 	6482 	5949
f 6479 	5949 	6482
f 6184 	5934 	6182
f 5935 	5934 	6184
f 6185 	6315 	6152
f 6190 	6315 	6185
f 6482 	5950 	5952
f 6068 	6182 	6069
f 6182 	5934 	6069
f 6084 	6069 	5934
f 6180 	6174 	6181
f 6188 	6187 	6189
f 6417 	5927 	6487
f 6015 	6487 	5927
f 6186 	6189 	6187
f 6186 	6312 	6190
f 7026 	6181 	6174
f 6015 	6016 	6487
f 6189 	6186 	6191
f 6190 	6191 	6186
f 6488 	6016 	6017
f 6181 	7026 	6183
f 7027 	6183 	7026
f 6190 	6185 	6191
f 6193 	6191 	6185
f 6123 	5886 	5940
f 6492 	6491 	6022
f 6125 	5943 	5886
f 6039 	6492 	6022
f 6193 	6185 	6152
f 6173 	6180 	6561
f 6180 	6173 	6174
f 5938 	5886 	5888
f 5944 	5893 	5886
f 6173 	6194 	6728
f 6656 	6195 	6192
f 6518 	6035 	6056
f 6200 	6201 	6204
f 6201 	6299 	6204
f 6198 	6199 	6204
f 6299 	6300 	6204
f 6230 	6198 	6204
f 6197 	6230 	6204
f 6272 	6210 	6204
f 6196 	6197 	6204
f 6207 	6210 	6206
f 6208 	6210 	6207
f 6209 	6210 	6208
f 6196 	6204 	6210
f 6187 	6310 	6186
f 6202 	6307 	6214
f 6507 	6042 	6045
f 6236 	6804 	6216
f 5932 	6299 	6217
f 6261 	6219 	6179
f 6261 	6179 	6258
f 5751 	6218 	5761
f 6261 	6264 	6219
f 6200 	6199 	6220
f 6221 	6220 	6199
f 6218 	5751 	6223
f 6194 	6173 	6570
f 6212 	6223 	5852
f 6224 	6068 	6280
f 6266 	6267 	6226
f 6220 	6217 	6201
f 6220 	6201 	6200
f 6223 	6212 	6218
f 6225 	6170 	6226
f 6056 	6057 	6518
f 6520 	6518 	6057
f 6228 	6224 	6521
f 6221 	6199 	6227
f 6198 	6227 	6199
f 6520 	6057 	6522
f 6059 	6522 	6057
f 6199 	6200 	6204
f 6075 	6525 	6059
f 6222 	6170 	6219
f 6170 	6222 	6226
f 6230 	6231 	6198
f 6227 	6198 	6231
f 6233 	6239 	5944
f 6530 	6077 	6079
f 6235 	6197 	6237
f 6241 	6262 	5887
f 6154 	6405 	6324
f 6237 	6197 	6196
f 6530 	6079 	6531
f 6080 	6531 	6079
f 6225 	6232 	6170
f 6234 	6170 	6232
f 6241 	5894 	6240
f 5894 	5893 	6240
f 5893 	5944 	6240
f 6239 	6240 	5944
f 6532 	6531 	6082
f 6080 	6082 	6531
f 5887 	5895 	6241
f 6241 	5895 	5898
f 6241 	5898 	5894
f 6216 	6251 	6236
f 6262 	6257 	5938
f 6083 	6085 	6538
f 6230 	6197 	6235
f 6230 	6235 	6231
f 5943 	5869 	5944
f 5943 	6125 	5869
f 6233 	5944 	5869
f 6992 	6323 	6994
f 6237 	6196 	6242
f 6098 	6110 	6238
f 5885 	6393 	6092
f 6210 	6242 	6196
f 6244 	6073 	6120
f 6246 	6210 	6209
f 6210 	6246 	6242
f 6250 	6320 	6249
f 6125 	6121 	5869
f 6073 	5869 	6121
f 5754 	6242 	6246
f 6253 	6244 	6120
f 6253 	6120 	6123
f 6256 	6259 	6393
f 6245 	6238 	6110
f 6179 	6170 	6247
f 6243 	6247 	6170
f 6365 	6393 	6259
f 6208 	5756 	6209
f 5755 	6209 	5756
f 6259 	6260 	6365
f 6123 	5940 	6253
f 6257 	6253 	5940
f 5940 	5938 	6257
f 6179 	6247 	6258
f 6154 	6074 	6071
f 6280 	6236 	6192
f 5755 	5754 	6209
f 6263 	6265 	6365
f 6364 	6365 	6265
f 5938 	5888 	6262
f 5888 	5887 	6262
f 6222 	6219 	6264
f 6209 	5754 	6246
f 6265 	6273 	6364
f 6225 	6226 	6267
f 6207 	5757 	6208
f 5756 	6208 	5757
f 5752 	5749 	5880
f 5749 	5750 	5880
f 5750 	5751 	5880
f 6251 	6192 	6236
f 6206 	5763 	6207
f 5757 	6207 	5763
f 6216 	6238 	6245
f 6206 	6210 	6272
f 6264 	6266 	6222
f 6226 	6222 	6266
f 6270 	6269 	6268
f 6245 	6251 	6216
f 6272 	5764 	6206
f 5763 	6206 	5764
f 6273 	6275 	6364
f 6267 	6274 	6225
f 6232 	6225 	6274
f 5766 	5767 	6392
f 6270 	6392 	5771
f 6203 	5768 	6204
f 5765 	6204 	5768
f 6232 	6274 	6279
f 6232 	6279 	6234
f 6224 	6280 	6521
f 5764 	6272 	5765
f 6276 	6926 	6277
f 6204 	5765 	6272
f 6283 	6284 	6282
f 6284 	6285 	6282
f 6241 	6282 	6285
f 6262 	6241 	6285
f 5883 	6234 	6279
f 5768 	6203 	6202
f 5768 	6202 	5772
f 6281 	6286 	6362
f 5772 	6202 	6214
f 6361 	6362 	6286
f 6292 	6258 	6247
f 6271 	6322 	6291
f 6291 	6361 	6287
f 5772 	6214 	5773
f 6521 	6293 	6228
f 6290 	6292 	6243
f 6247 	6243 	6292
f 6213 	5773 	6214
f 6214 	6307 	6213
f 6296 	6297 	6773
f 6179 	6219 	6170
f 6187 	6188 	6213
f 5773 	6213 	6188
f 6170 	6994 	6323
f 6298 	6772 	6297
f 6772 	6773 	6297
f 6304 	6772 	6298
f 6495 	6051 	6032
f 6203 	6204 	6302
f 6302 	6326 	6203
f 6301 	6302 	6204
f 6326 	6303 	6203
f 6202 	6203 	6303
f 6305 	6202 	6303
f 6306 	6202 	6305
f 6307 	6202 	6306
f 6300 	6301 	6204
f 6073 	6409 	6406
f 6073 	6480 	6409
f 6312 	6186 	6311
f 6313 	6190 	6312
f 6315 	6190 	6313
f 6311 	6186 	6310
f 6167 	6152 	6315
f 6187 	6213 	6310
f 6307 	6310 	6213
f 6314 	6392 	6309
f 6073 	6229 	6485
f 6525 	6075 	6077
f 6313 	5777 	6315
f 5776 	6315 	5777
f 6250 	6325 	6318
f 6073 	6244 	6394
f 5779 	6312 	5781
f 6320 	6250 	6319
f 6073 	6485 	6483
f 6311 	5781 	6312
f 6394 	6397 	6073
f 5777 	6313 	5779
f 6321 	6249 	6320
f 6294 	6249 	6321
f 6295 	6248 	6294
f 5779 	6313 	6312
f 6073 	6497 	6480
f 5782 	6310 	6307
f 6306 	5783 	6307
f 5782 	6307 	5783
f 6483 	6499 	6073
f 6361 	6291 	6322
f 6322 	6271 	6316
f 6317 	6325 	6316
f 6319 	6250 	6318
f 6073 	6499 	6497
f 6310 	5782 	6311
f 5781 	6311 	5782
f 6317 	6318 	6325
f 6308 	6392 	6304
f 6309 	6392 	6308
f 6249 	6294 	6248
f 6322 	6316 	6325
f 5783 	6306 	6305
f 5910 	5783 	6305
f 5923 	6412 	6410
f 5910 	6303 	5915
f 6323 	5964 	6170
f 5923 	6414 	6412
f 6303 	5910 	6305
f 5806 	5802 	6000
f 5961 	5960 	6323
f 6303 	6326 	5915
f 6280 	6192 	6195
f 5917 	5915 	6326
f 5960 	5964 	6323
f 5952 	6418 	6484
f 6301 	5922 	6302
f 5920 	6302 	5922
f 6244 	6253 	6394
f 6228 	6182 	6224
f 6068 	6224 	6182
f 5917 	6326 	5920
f 5977 	6159 	5964
f 6157 	6170 	6159
f 6159 	6170 	5964
f 6000 	5802 	6001
f 6293 	6539 	6228
f 6154 	6067 	6070
f 6328 	6467 	5897
f 6302 	5920 	6326
f 6301 	6300 	5922
f 5922 	6300 	5931
f 6462 	5907 	6464
f 6328 	6334 	6330
f 6327 	6395 	6329
f 6464 	5907 	6466
f 6300 	6299 	5931
f 6329 	6444 	6327
f 5932 	5931 	6299
f 6471 	5933 	6472
f 6201 	6217 	6299
f 6399 	6333 	6396
f 6329 	6396 	6333
f 6329 	6333 	6444
f 6905 	6444 	6333
f 5897 	6337 	6328
f 6334 	6328 	6337
f 6905 	6333 	6332
f 6331 	6905 	6332
f 6398 	6400 	6331
f 6354 	6330 	6334
f 6338 	6339 	6423
f 6340 	6341 	6423
f 6339 	6340 	6423
f 6344 	6423 	6341
f 6342 	6344 	6341
f 6423 	6345 	6338
f 6345 	6346 	6338
f 6347 	6338 	6346
f 6347 	6429 	6336
f 5948 	6478 	6476
f 6400 	6401 	6343
f 6335 	6350 	6336
f 6349 	6336 	6350
f 6478 	5948 	6479
f 6351 	6352 	6338
f 6339 	6338 	6352
f 6354 	6334 	6353
f 6336 	6349 	6338
f 6351 	6338 	6349
f 6905 	6331 	6343
f 6348 	6905 	6343
f 6339 	6352 	6340
f 6355 	6340 	6352
f 6071 	5879 	6358
f 5854 	6358 	5879
f 6340 	6355 	6341
f 6357 	6341 	6355
f 6356 	6905 	6348
f 5955 	6330 	6354
f 6358 	5854 	5818
f 6360 	6905 	6356
f 6260 	6263 	6365
f 6363 	6364 	6275
f 6278 	6281 	6363
f 6362 	6363 	6281
f 6286 	6287 	6361
f 6275 	6278 	6363
f 6254 	6255 	6393
f 6366 	5918 	6393
f 5919 	6393 	5918
f 5926 	6393 	5919
f 6366 	6393 	6365
f 6017 	6489 	6488
f 6215 	6567 	6205
f 6359 	6342 	6357
f 6211 	6215 	6205
f 6489 	6017 	6490
f 6341 	6357 	6342
f 6021 	6491 	6019
f 6194 	6570 	6211
f 6360 	6370 	6905
f 6372 	6905 	6370
f 6561 	6570 	6173
f 6376 	6391 	6375
f 6378 	6393 	6376
f 6416 	6415 	6379
f 6374 	6375 	6391
f 6070 	6072 	6154
f 6032 	6494 	6495
f 6173 	6736 	6174
f 6252 	6254 	6393
f 6380 	6252 	6393
f 6381 	5823 	6154
f 6383 	6392 	6382
f 6382 	6392 	6314
f 6419 	6384 	6377
f 6039 	6501 	6492
f 6385 	6392 	6383
f 5836 	6384 	6419
f 6253 	6257 	6394
f 6039 	6042 	6501
f 6505 	6501 	6042
f 6388 	6392 	6387
f 6507 	6505 	6042
f 6390 	6391 	6389
f 6773 	6248 	6296
f 6386 	6392 	6385
f 6387 	6392 	6386
f 6391 	6392 	6389
f 6772 	6304 	6392
f 6512 	6509 	6050
f 6512 	6050 	6514
f 6051 	6514 	6050
f 6396 	6329 	6395
f 6388 	6389 	6392
f 6391 	6390 	6367
f 6391 	6367 	6368
f 6391 	6368 	6369
f 6391 	6369 	6371
f 6374 	6391 	6371
f 6761 	6771 	7027
f 6154 	5854 	6381
f 6542 	5766 	6392
f 6514 	6051 	6495
f 6399 	6398 	6332
f 6331 	6332 	6398
f 6391 	6376 	6393
f 6255 	6256 	6393
f 6378 	6380 	6393
f 6332 	6333 	6399
f 6035 	6518 	6496
f 5926 	5928 	6393
f 6343 	6331 	6400
f 6249 	6796 	6250
f 6796 	6249 	6248
f 6577 	6576 	6180
f 6356 	6348 	6402
f 6257 	6262 	6394
f 6262 	6285 	6394
f 6325 	6858 	6322
f 6360 	6356 	6403
f 6402 	6403 	6356
f 6181 	6596 	6180
f 6077 	6529 	6525
f 6529 	6077 	6530
f 6183 	6603 	6181
f 6596 	6181 	6603
f 6119 	6498 	6060
f 6284 	6283 	6394
f 6285 	6284 	6394
f 6381 	6407 	5823
f 6630 	6508 	6119
f 6362 	6864 	6363
f 6348 	6343 	6401
f 6864 	6362 	6361
f 6361 	6322 	6865
f 6858 	6865 	6322
f 5933 	6471 	6538
f 6348 	6401 	6402
f 6283 	6289 	6394
f 6211 	6747 	6194
f 6728 	6194 	6747
f 6406 	6407 	6073
f 5951 	6714 	6205
f 6403 	6411 	6360
f 6370 	6360 	6411
f 6413 	6372 	6370
f 6413 	6370 	6411
f 6377 	6379 	6415
f 6110 	5784 	6571
f 6413 	6416 	6372
f 6379 	6372 	6416
f 6215 	6570 	6575
f 6377 	6415 	6419
f 6420 	5901 	6421
f 6421 	5901 	6422
f 6571 	6587 	6110
f 6245 	6110 	6587
f 6336 	6338 	6347
f 6407 	5761 	6073
f 6423 	6373 	6424
f 5947 	6124 	6036
f 6423 	6344 	6373
f 6345 	6423 	6426
f 6424 	6426 	6423
f 6427 	6346 	6345
f 6427 	6345 	6426
f 6346 	6427 	6347
f 6428 	6347 	6427
f 6335 	6336 	6429
f 7027 	7026 	6761
f 6428 	6430 	6347
f 6429 	6347 	6430
f 6540 	6535 	6592
f 6592 	7024 	6540
f 6350 	6335 	6429
f 6350 	6429 	6430
f 6409 	5860 	5835
f 6432 	6433 	6431
f 6442 	6443 	6434
f 6435 	6442 	6434
f 6439 	6440 	6438
f 6344 	6342 	6438
f 6342 	6439 	6438
f 6437 	6438 	6440
f 6436 	6437 	6440
f 6440 	6452 	6436
f 6432 	6436 	6452
f 6432 	6441 	6433
f 6372 	6379 	6905
f 6905 	6379 	6377
f 6377 	6384 	6905
f 6431 	6433 	6443
f 6433 	6434 	6443
f 6645 	6337 	5897
f 6493 	6528 	6503
f 6508 	6630 	6500
f 6342 	6359 	6439
f 6445 	6439 	6359
f 6444 	6906 	6044
f 6906 	6446 	6044
f 6038 	6044 	6446
f 6498 	6119 	6508
f 6036 	6444 	6044
f 6353 	5955 	6354
f 6602 	6544 	6627
f 5780 	6047 	6448
f 6440 	6439 	6447
f 6445 	6447 	6439
f 6448 	6047 	6046
f 5935 	6449 	6450
f 5935 	6450 	6451
f 6441 	6432 	6452
f 6449 	6454 	6450
f 6453 	6450 	6454
f 6454 	6469 	6453
f 6449 	5935 	6456
f 6184 	6456 	5935
f 6455 	6452 	6447
f 6440 	6447 	6452
f 6569 	6571 	5784
f 6567 	6569 	5784
f 6173 	6728 	6736
f 6741 	6174 	6736
f 6461 	6458 	6460
f 6452 	6455 	6441
f 6457 	6441 	6455
f 6468 	6460 	5897
f 6463 	6458 	6461
f 6205 	6744 	6211
f 6747 	6211 	6744
f 6465 	6434 	6433
f 6465 	6433 	6457
f 6046 	6044 	5935
f 6451 	6046 	5935
f 5934 	5935 	6038
f 6044 	6038 	5935
f 6457 	6433 	6441
f 6468 	5897 	6467
f 6328 	6330 	6469
f 6328 	6469 	6467
f 6434 	6465 	6435
f 6470 	6435 	6465
f 6469 	6468 	6467
f 6567 	5784 	6205
f 5951 	6205 	5784
f 6098 	6713 	5951
f 6609 	6580 	6470
f 6468 	6461 	6460
f 6469 	6330 	5955
f 6474 	6477 	6442
f 6443 	6442 	6477
f 6567 	6573 	6569
f 6845 	6314 	6309
f 6481 	6559 	6463
f 6468 	6469 	6481
f 6463 	6461 	6481
f 6461 	6468 	6481
f 6454 	6481 	6469
f 5955 	5775 	6469
f 6182 	6539 	6184
f 6068 	6886 	6280
f 6454 	6449 	6481
f 6575 	6573 	6215
f 6709 	6238 	6216
f 6794 	6236 	6280
f 5958 	6645 	5957
f 6334 	6337 	5958
f 6180 	6596 	6577
f 6587 	6591 	6245
f 6320 	6319 	6853
f 6645 	5958 	6337
f 6334 	5958 	6353
f 6035 	6496 	6494
f 6446 	6084 	6038
f 5957 	6645 	6658
f 6060 	6498 	6627
f 6353 	5963 	5955
f 6623 	6502 	6503
f 6450 	6486 	6451
f 6504 	6469 	5775
f 6453 	6469 	6504
f 6448 	6451 	6486
f 6046 	6451 	6448
f 6486 	6506 	6448
f 6486 	6450 	6506
f 6448 	6506 	5778
f 6448 	5778 	5780
f 6048 	5780 	5998
f 6506 	6504 	5758
f 5778 	6506 	5758
f 6450 	6504 	6506
f 6453 	6504 	6450
f 5775 	5758 	6504
f 5780 	6048 	6047
f 6049 	6509 	6507
f 6049 	6050 	6509
f 6153 	6519 	6511
f 6510 	6511 	6161
f 6519 	6161 	6511
f 6161 	5982 	6510
f 5985 	6510 	5982
f 6523 	6524 	6521
f 6524 	6293 	6521
f 6511 	6155 	6153
f 6526 	6149 	6156
f 6161 	6160 	5982
f 6521 	6527 	6523
f 6517 	6787 	6526
f 6532 	6083 	6534
f 6521 	6513 	6551
f 6521 	6536 	6527
f 6535 	6515 	6586
f 6083 	6538 	6534
f 6586 	6592 	6535
f 6541 	6092 	6393
f 6535 	6787 	6515
f 6540 	6787 	6535
f 6527 	6543 	6523
f 6539 	6523 	6543
f 6543 	6527 	6536
f 6516 	6787 	6517
f 6602 	6183 	6544
f 6060 	6627 	6544
f 6289 	6288 	6394
f 6287 	6827 	6828
f 6183 	6052 	6544
f 6052 	6060 	6544
f 6458 	6463 	6513
f 6540 	6533 	6787
f 6760 	6787 	6533
f 6547 	6549 	6550
f 6545 	6551 	6513
f 6536 	6521 	6551
f 6552 	6536 	6551
f 6783 	6542 	6554
f 6545 	6546 	6551
f 6557 	6551 	6546
f 6476 	6478 	6553
f 6681 	6547 	6550
f 6552 	6551 	6557
f 6477 	6558 	6431
f 6517 	6526 	6537
f 6557 	6543 	6552
f 6536 	6552 	6543
f 6431 	6443 	6477
f 6570 	6561 	6574
f 6431 	6558 	6432
f 6562 	6432 	6558
f 6557 	6559 	6539
f 6543 	6557 	6539
f 6456 	6539 	6559
f 6572 	6517 	6537
f 6436 	6432 	6562
f 6156 	6537 	6526
f 6438 	6563 	6564
f 6656 	6897 	6195
f 6548 	6537 	6156
f 6149 	6526 	6170
f 6526 	6787 	6170
f 6437 	6563 	6438
f 6521 	6195 	6513
f 6547 	6548 	6566
f 6566 	6549 	6547
f 6437 	6436 	6563
f 6280 	6195 	6521
f 6562 	6563 	6436
f 6515 	6516 	6572
f 6574 	6575 	6570
f 6576 	6574 	6561
f 6438 	6564 	6344
f 6215 	6211 	6570
f 5914 	6588 	5955
f 6373 	6344 	6564
f 6567 	6215 	6573
f 6524 	6539 	6293
f 6523 	6539 	6524
f 5955 	6588 	6578
f 6182 	6228 	6539
f 6579 	6578 	6588
f 6600 	6662 	6583
f 6599 	6600 	6583
f 6583 	6584 	6599
f 6598 	6599 	6584
f 6598 	6584 	6585
f 6589 	6581 	6588
f 6581 	6579 	6588
f 6458 	6513 	6460
f 5914 	6590 	6593
f 6561 	6180 	6576
f 6594 	6606 	6585
f 6624 	6605 	6594
f 6606 	6594 	6605
f 6545 	6513 	6463
f 6603 	6183 	6602
f 6463 	6546 	6545
f 6463 	6559 	6546
f 6557 	6546 	6559
f 6580 	6582 	6662
f 6662 	6601 	6580
f 6435 	6580 	6442
f 6582 	6583 	6662
f 6456 	6184 	6539
f 6559 	6481 	6456
f 6481 	6449 	6456
f 6598 	6585 	6606
f 6604 	5914 	6607
f 6435 	6470 	6580
f 5914 	6610 	6611
f 5914 	6611 	6607
f 6608 	6611 	6610
f 6582 	6580 	6613
f 6609 	6613 	6580
f 6608 	6607 	6611
f 6615 	6584 	6614
f 6583 	6614 	6584
f 6614 	6583 	6613
f 6617 	6618 	6621
f 6590 	5914 	6618
f 6595 	6590 	6618
f 6613 	6583 	6582
f 6618 	6617 	6595
f 5914 	6621 	6618
f 6500 	6620 	6493
f 6528 	6493 	6620
f 6617 	6621 	6597
f 6617 	6597 	6595
f 6604 	6621 	5914
f 6594 	6585 	6622
f 6615 	6622 	6585
f 6615 	6585 	6584
f 6621 	6604 	6597
f 6054 	6619 	6034
f 5914 	6593 	6822
f 6626 	6624 	6622
f 6623 	6503 	6528
f 6625 	5766 	6277
f 6610 	6642 	6608
f 6641 	6629 	6616
f 6625 	6633 	5766
f 6624 	6594 	6622
f 6071 	6358 	5818
f 5790 	5766 	6637
f 6612 	6556 	6555
f 6500 	6630 	6620
f 6560 	6418 	6631
f 6586 	6620 	6592
f 6637 	5766 	6633
f 6420 	6421 	6631
f 6650 	5953 	6061
f 6650 	6061 	6629
f 6638 	5869 	5790
f 6688 	6647 	5790
f 6555 	6560 	6612
f 6631 	6612 	6560
f 5914 	6641 	6610
f 6642 	6610 	6641
f 6643 	6644 	6646
f 6638 	5790 	6647
f 6616 	6608 	6642
f 6649 	6599 	6648
f 6641 	6616 	6642
f 6320 	6853 	6321
f 6641 	5914 	6650
f 6599 	6598 	6606
f 6599 	6606 	6648
f 6653 	6541 	6652
f 6634 	6654 	6655
f 6641 	6650 	6629
f 6648 	6606 	6640
f 6639 	6652 	6651
f 6651 	6541 	6657
f 6090 	6628 	6091
f 6640 	6606 	6605
f 6251 	6245 	6591
f 6651 	6657 	6658
f 6639 	6651 	6658
f 6054 	6091 	6619
f 6090 	6088 	6628
f 6657 	6660 	6658
f 6649 	6659 	6600
f 6649 	6600 	6599
f 6601 	6442 	6580
f 6660 	6657 	6541
f 6662 	6600 	6665
f 6659 	6665 	6600
f 6351 	6639 	6352
f 6349 	6639 	6351
f 6666 	6601 	6665
f 6662 	6665 	6601
f 6355 	6639 	6357
f 6352 	6639 	6355
f 6623 	6572 	6537
f 6263 	6817 	6265
f 6442 	6601 	6474
f 6666 	6474 	6601
f 7024 	6592 	6630
f 6909 	6359 	6357
f 6668 	6874 	6678
f 6605 	6874 	6668
f 6630 	6592 	6620
f 6669 	6672 	6673
f 6586 	6572 	6528
f 6912 	6905 	6671
f 6672 	6912 	6671
f 6586 	6528 	6620
f 6969 	6973 	6676
f 6623 	6528 	6572
f 6830 	6833 	6663
f 6671 	6676 	6672
f 6426 	6424 	6634
f 6427 	6426 	6634
f 6677 	6667 	6674
f 6672 	6676 	6673
f 6670 	6674 	6667
f 6675 	6676 	6671
f 6682 	6623 	6537
f 6156 	6566 	6548
f 6827 	6287 	6286
f 6635 	6634 	6424
f 6678 	6667 	6679
f 6677 	6679 	6667
f 6430 	6428 	6639
f 6349 	6350 	6639
f 6428 	6427 	6639
f 6634 	6639 	6427
f 6669 	6912 	6672
f 6668 	6678 	6680
f 6673 	6683 	6669
f 6679 	6680 	6678
f 6909 	6445 	6359
f 6294 	6832 	6295
f 6668 	6680 	6605
f 6676 	6170 	6673
f 6295 	6834 	6837
f 6447 	6445 	6909
f 6640 	6605 	6680
f 6637 	6726 	5790
f 6455 	6447 	6909
f 6643 	6686 	6687
f 6643 	6687 	6644
f 6457 	6455 	6909
f 6588 	6823 	6685
f 6688 	6689 	6647
f 6682 	6548 	6684
f 6547 	6684 	6548
f 6686 	6689 	6688
f 6686 	6688 	6687
f 6866 	6867 	6690
f 6692 	6702 	6691
f 6693 	6702 	6692
f 6694 	6702 	6693
f 6715 	6702 	6694
f 6696 	6702 	6695
f 6697 	6702 	6696
f 6729 	6702 	6697
f 6698 	6702 	6729
f 6699 	6700 	6698
f 6701 	6698 	6700
f 6701 	6788 	6698
f 6702 	6703 	6868
f 6690 	6868 	6703
f 6465 	6457 	6909
f 6470 	6465 	6909
f 6844 	6308 	6304
f 6537 	6548 	6682
f 6844 	6845 	6308
f 6787 	6669 	6683
f 6670 	6877 	6705
f 6670 	6667 	6877
f 6704 	6705 	6866
f 6624 	6874 	6605
f 6690 	6704 	6866
f 7008 	7009 	6676
f 6064 	6969 	6676
f 6693 	6692 	6707
f 6693 	6707 	6708
f 6787 	6683 	6170
f 6683 	6673 	6170
f 6725 	6723 	6688
f 6692 	6691 	6706
f 6692 	6706 	6707
f 6693 	6708 	6694
f 6710 	6694 	6708
f 6644 	6711 	6712
f 6695 	6702 	6715
f 6632 	6636 	6562
f 6851 	6318 	6317
f 6712 	6716 	6644
f 6715 	6694 	6710
f 6715 	6710 	6718
f 6717 	6711 	6644
f 6477 	6632 	6558
f 6852 	6319 	6851
f 6318 	6851 	6319
f 6687 	6719 	6720
f 6687 	6720 	6717
f 6696 	6695 	6721
f 6696 	6721 	6722
f 6564 	6635 	6373
f 6424 	6373 	6635
f 6635 	6564 	6563
f 6644 	6687 	6717
f 6852 	6853 	6319
f 6713 	6669 	6714
f 6723 	6719 	6687
f 6558 	6632 	6562
f 6715 	6718 	6695
f 6721 	6695 	6718
f 6687 	6688 	6723
f 6688 	5790 	6726
f 6696 	6722 	6697
f 6727 	6697 	6722
f 6832 	6294 	6321
f 6726 	6725 	6688
f 6730 	6240 	6731
f 6729 	6697 	6727
f 6729 	6727 	6732
f 6733 	6644 	6240
f 6613 	6609 	6909
f 6470 	6909 	6609
f 6734 	6735 	6698
f 6699 	6698 	6735
f 6615 	6909 	6622
f 6739 	6740 	6738
f 6737 	6738 	6740
f 6807 	6255 	6254
f 6731 	6738 	6737
f 6731 	6737 	6730
f 6622 	6909 	6626
f 6729 	6732 	6698
f 6734 	6698 	6732
f 6731 	6240 	6644
f 6644 	6733 	6646
f 6807 	6256 	6255
f 6742 	6700 	6699
f 6742 	6699 	6735
f 6700 	6742 	6701
f 6743 	6701 	6742
f 6640 	6680 	6632
f 6716 	6753 	6731
f 6644 	6716 	6731
f 6740 	6739 	6745
f 6259 	6815 	6260
f 6649 	6648 	6632
f 6744 	6205 	6714
f 6739 	6746 	6745
f 6659 	6649 	6632
f 6666 	6632 	6474
f 6995 	6684 	6547
f 6681 	6748 	6547
f 6995 	6547 	6748
f 6747 	6744 	6669
f 6750 	6746 	6749
f 6739 	6749 	6746
f 6738 	6751 	6752
f 6739 	6738 	6752
f 6677 	6674 	6631
f 6752 	6749 	6739
f 6156 	6155 	6565
f 6565 	6566 	6156
f 6751 	6738 	6753
f 6731 	6753 	6738
f 6679 	6677 	6631
f 6680 	6679 	6631
f 6502 	6623 	6682
f 6744 	6714 	6669
f 6724 	6669 	6713
f 6638 	6686 	5869
f 5869 	6643 	6646
f 5869 	6646 	6233
f 6684 	6168 	6682
f 6638 	6647 	6686
f 6643 	5869 	6686
f 6647 	6689 	6686
f 6612 	6707 	6706
f 6730 	6737 	6241
f 6240 	6730 	6241
f 6239 	6733 	6240
f 6740 	6745 	6737
f 6612 	6708 	6707
f 6709 	6804 	6669
f 6737 	6745 	6241
f 6550 	6549 	6756
f 6233 	6646 	6733
f 6233 	6733 	6239
f 6511 	6756 	6549
f 6745 	6746 	6241
f 6756 	6762 	6550
f 6718 	6612 	6721
f 6710 	6612 	6718
f 6612 	6631 	6722
f 6612 	6722 	6721
f 6282 	6241 	6746
f 6750 	6282 	6746
f 6052 	6764 	6760
f 6511 	6566 	6565
f 6765 	6787 	6760
f 6282 	6749 	6781
f 6749 	6752 	6781
f 6723 	6725 	6784
f 6990 	6637 	6633
f 6990 	6633 	6625
f 6990 	6625 	6277
f 6727 	6722 	6631
f 6889 	6758 	6888
f 6549 	6566 	6511
f 6716 	6712 	6711
f 6719 	6723 	6784
f 6711 	6719 	6784
f 6748 	6681 	6762
f 6711 	6717 	6720
f 6711 	6720 	6719
f 6550 	6762 	6681
f 6726 	6637 	6784
f 6725 	6726 	6784
f 6735 	6734 	6631
f 6734 	6732 	6631
f 6565 	6155 	6511
f 6765 	6760 	6764
f 6754 	6879 	6880
f 6990 	6784 	6637
f 6754 	6846 	6879
f 6787 	6765 	6764
f 6750 	6749 	6282
f 6743 	6742 	6631
f 6754 	6881 	6755
f 6516 	6515 	6787
f 6763 	6743 	6631
f 6766 	6767 	6631
f 6295 	6296 	6248
f 6764 	6052 	6771
f 6052 	7027 	6771
f 6753 	6716 	6784
f 6751 	6753 	6781
f 6752 	6751 	6781
f 6674 	6774 	6631
f 6774 	6770 	6631
f 6770 	6766 	6631
f 6767 	6763 	6631
f 6270 	6916 	6392
f 6728 	6747 	6669
f 6716 	6711 	6784
f 6248 	6773 	6768
f 6772 	6769 	6768
f 6772 	6768 	6773
f 6775 	6626 	6909
f 6781 	6753 	6784
f 6669 	6771 	6761
f 6669 	6761 	6759
f 6669 	6759 	6741
f 6741 	6736 	6669
f 6736 	6728 	6669
f 6782 	6781 	6777
f 6702 	6698 	6788
f 5822 	5821 	6776
f 6909 	5822 	6776
f 6764 	6771 	6787
f 6669 	6787 	6771
f 6784 	6990 	6789
f 6783 	6554 	6925
f 6743 	6763 	6701
f 6788 	6701 	6763
f 6965 	6964 	5988
f 6789 	6778 	6777
f 6789 	6777 	6781
f 6789 	6781 	6784
f 6767 	6766 	6702
f 6703 	6702 	6766
f 6780 	6776 	5983
f 5987 	5983 	6776
f 6702 	6788 	6767
f 6798 	6803 	6799
f 6709 	6216 	6804
f 6779 	6780 	5972
f 5983 	5972 	6780
f 6830 	6663 	6829
f 6663 	6758 	6831
f 6889 	6831 	6758
f 5988 	5960 	6811
f 6809 	6811 	5960
f 6808 	6809 	5960
f 5960 	5990 	6808
f 6706 	6812 	6612
f 6812 	6806 	6612
f 5972 	5969 	6785
f 6936 	6932 	6814
f 6804 	6236 	6813
f 6794 	6813 	6236
f 6836 	6839 	6664
f 6791 	6664 	6839
f 6803 	6814 	6799
f 6841 	6791 	6839
f 6813 	6669 	6804
f 6841 	6842 	6791
f 6282 	6932 	6936
f 6805 	5885 	6807
f 6802 	5885 	6805
f 5793 	6639 	5797
f 6831 	6829 	6663
f 6815 	6810 	6860
f 5799 	5797 	6639
f 6823 	5914 	6822
f 6818 	6817 	6861
f 5805 	6909 	5807
f 6822 	6685 	6823
f 6823 	6588 	5914
f 6861 	6862 	6818
f 6820 	6818 	6862
f 6821 	6820 	6862
f 6862 	6863 	6821
f 6593 	6685 	6822
f 6824 	6821 	6863
f 6816 	6817 	6260
f 6827 	6865 	6828
f 5793 	5816 	6639
f 6664 	6663 	6833
f 6834 	6832 	6797
f 6664 	6833 	6835
f 6664 	6835 	6836
f 5816 	5815 	6639
f 5815 	5814 	6639
f 5813 	6639 	5814
f 6837 	6834 	6797
f 6797 	6768 	6837
f 6588 	6842 	6589
f 6838 	6837 	6768
f 6588 	6791 	6842
f 5822 	6909 	5827
f 5969 	5965 	6785
f 6824 	6278 	6275
f 6419 	6970 	5836
f 6278 	6824 	6281
f 6825 	6281 	6824
f 6844 	6843 	5880
f 6825 	6286 	6281
f 6819 	6828 	6858
f 5838 	6970 	5842
f 5842 	6970 	5841
f 5841 	6970 	5851
f 6828 	6291 	6287
f 6885 	6887 	6848
f 6828 	6271 	6291
f 6858 	6859 	6849
f 5855 	6970 	5859
f 5851 	6970 	5855
f 6757 	6888 	6758
f 6859 	6795 	6851
f 6852 	6795 	6853
f 5858 	6970 	5865
f 5859 	6970 	5858
f 6794 	6886 	6912
f 6295 	6837 	6296
f 5865 	6970 	5863
f 6846 	6855 	6856
f 6724 	6709 	6669
f 6296 	6837 	6297
f 6763 	6767 	6788
f 5867 	6901 	5868
f 5871 	5868 	6901
f 6770 	6704 	6690
f 6703 	6766 	6690
f 6770 	6690 	6766
f 5873 	6901 	5874
f 6853 	6796 	6854
f 6854 	6796 	6832
f 5874 	6901 	5875
f 6774 	6705 	6770
f 6850 	6849 	6859
f 6849 	6819 	6858
f 6865 	6858 	6828
f 6851 	6850 	6859
f 6704 	6770 	6705
f 6678 	6875 	6667
f 6843 	6840 	5880
f 6768 	5880 	6840
f 6840 	6838 	6768
f 6796 	6853 	6795
f 6852 	6851 	6795
f 6797 	6832 	6796
f 6674 	6670 	6774
f 6670 	6705 	6774
f 5884 	5883 	6925
f 6825 	6824 	6863
f 6863 	6864 	6825
f 6826 	6825 	6864
f 6864 	6865 	6826
f 6827 	6826 	6865
f 6817 	6816 	6861
f 6860 	6861 	6816
f 6816 	6815 	6860
f 5885 	6860 	6810
f 6807 	5885 	6810
f 5882 	5885 	5881
f 6857 	6846 	6856
f 6869 	6702 	6868
f 6867 	6868 	6690
f 6870 	6702 	6883
f 6883 	6702 	6869
f 6872 	6702 	6871
f 6871 	6702 	6870
f 6873 	6702 	6872
f 6800 	5911 	6612
f 5905 	6612 	5908
f 5817 	5885 	5819
f 5820 	5819 	5885
f 6800 	6801 	5911
f 5908 	6612 	5911
f 5913 	5911 	6801
f 5824 	5820 	5885
f 6875 	6678 	6874
f 6876 	6667 	6875
f 6877 	6667 	6876
f 6878 	6705 	6877
f 6866 	6705 	6878
f 5826 	5824 	5885
f 6626 	6775 	6624
f 6801 	6792 	5913
f 6792 	6793 	5913
f 5828 	5826 	5885
f 6874 	6624 	6775
f 5829 	5828 	5885
f 5832 	5829 	5885
f 6874 	6775 	6875
f 6776 	6875 	6775
f 5834 	5832 	5885
f 6790 	6785 	5965
f 6876 	6780 	6877
f 6779 	6877 	6780
f 5875 	6901 	6018
f 6990 	6024 	6901
f 5843 	5840 	5880
f 6847 	6845 	5880
f 6845 	6844 	5880
f 5840 	6847 	5880
f 6023 	6901 	6025
f 6875 	6776 	6876
f 6780 	6876 	6776
f 5844 	5843 	5880
f 5847 	5844 	5880
f 6018 	6901 	6023
f 6025 	6901 	6024
f 5847 	5880 	5849
f 6878 	6786 	6866
f 6786 	6785 	6866
f 6867 	6866 	6785
f 5853 	5849 	5880
f 5856 	5853 	5880
f 6943 	6945 	6905
f 5857 	5856 	5880
f 6786 	6878 	6779
f 6857 	6879 	6846
f 6779 	6878 	6877
f 6769 	5880 	6768
f 6947 	6949 	6905
f 6033 	6027 	6990
f 6028 	6990 	6027
f 6037 	6033 	6990
f 6882 	6755 	6881
f 6867 	6785 	6868
f 6790 	6868 	6785
f 6754 	6880 	6881
f 5880 	5885 	5817
f 5880 	5817 	5857
f 6040 	6037 	6990
f 6868 	6790 	6869
f 6793 	6869 	6790
f 6912 	6669 	6794
f 6813 	6794 	6669
f 6769 	6907 	5880
f 6043 	6040 	6990
f 6882 	6884 	6755
f 6848 	6755 	6884
f 5882 	6860 	5885
f 6802 	5834 	5885
f 6885 	6848 	6884
f 6883 	6869 	6793
f 6883 	6793 	6792
f 6053 	6043 	6990
f 6055 	6053 	6990
f 6757 	6887 	6888
f 5892 	5881 	5885
f 5892 	5885 	5891
f 6794 	6280 	6886
f 6801 	6800 	6870
f 6871 	6870 	6800
f 6757 	6848 	6887
f 6325 	6250 	6795
f 5873 	5871 	6901
f 6250 	6796 	6795
f 6883 	6792 	6870
f 6801 	6870 	6792
f 6796 	6248 	6797
f 6714 	5951 	6713
f 6248 	6768 	6797
f 6871 	6800 	6872
f 6806 	6872 	6800
f 6238 	6724 	6098
f 6713 	6098 	6724
f 6872 	6806 	6873
f 6812 	6873 	6806
f 5803 	6154 	5806
f 6691 	6702 	6873
f 6229 	6324 	6405
f 6238 	6709 	6724
f 6812 	6706 	6873
f 6691 	6873 	6706
f 6811 	6809 	6891
f 6754 	6154 	6846
f 6890 	6891 	6809
f 6325 	6859 	6858
f 6754 	6755 	6154
f 6968 	6965 	5988
f 6795 	6859 	6325
f 6069 	6084 	6894
f 6886 	6069 	6894
f 6446 	6894 	6084
f 6860 	5882 	6366
f 6811 	6895 	5988
f 6968 	5988 	6895
f 6894 	6912 	6886
f 6860 	6366 	6861
f 6365 	6861 	6366
f 6912 	6894 	6906
f 6364 	6862 	6861
f 6364 	6861 	6365
f 6893 	6935 	5816
f 6663 	6664 	6154
f 6862 	6364 	6863
f 6363 	6863 	6364
f 6890 	6809 	6808
f 6864 	6863 	6363
f 6446 	6906 	6894
f 6361 	6865 	6864
f 6663 	6154 	6758
f 6513 	6897 	6460
f 6568 	6656 	6192
f 6757 	6758 	6154
f 6892 	6444 	6893
f 6896 	6444 	6892
f 6900 	6444 	6896
f 5840 	6382 	6314
f 6028 	6024 	6990
f 6192 	6251 	6568
f 6591 	6568 	6251
f 6382 	5840 	5843
f 6259 	6256 	6815
f 6513 	6195 	6897
f 6903 	6977 	6904
f 6906 	6444 	6905
f 5751 	5761 	6089
f 6910 	6268 	5880
f 6909 	6639 	5808
f 5808 	5807 	6909
f 5830 	6909 	5805
f 5810 	5808 	6639
f 5811 	6639 	5813
f 6263 	6260 	6817
f 6327 	6444 	6900
f 6268 	6269 	5880
f 6269 	5752 	5880
f 6911 	6906 	6905
f 6818 	6265 	6817
f 6907 	6769 	6915
f 6772 	6915 	6769
f 6911 	6905 	6912
f 6929 	6931 	6444
f 6139 	6923 	6444
f 6915 	6908 	6907
f 6316 	6271 	6849
f 6906 	6911 	6912
f 6820 	6273 	6818
f 6265 	6818 	6273
f 6141 	5830 	6913
f 6574 	6576 	6901
f 6575 	6574 	6901
f 6820 	6821 	6273
f 6275 	6273 	6821
f 6569 	6573 	6901
f 5830 	5827 	6909
f 6275 	6821 	6824
f 5802 	5806 	6154
f 6915 	6392 	6914
f 6917 	6914 	6392
f 6916 	6917 	6392
f 6772 	6392 	6915
f 6576 	6577 	6901
f 6575 	6901 	6573
f 5866 	6405 	6154
f 5808 	6919 	6918
f 6908 	6915 	6914
f 6826 	6286 	6825
f 6919 	6139 	6918
f 6910 	6908 	6914
f 6793 	6790 	5925
f 6827 	6286 	6826
f 6917 	6910 	6914
f 5835 	5860 	6154
f 6596 	6901 	6577
f 6917 	6916 	6910
f 6268 	6910 	6916
f 5810 	5811 	6921
f 6920 	6921 	5811
f 5823 	5835 	6154
f 6270 	6268 	6916
f 6276 	6277 	6542
f 5766 	6542 	6277
f 6596 	6603 	6901
f 6602 	6901 	6603
f 6819 	6271 	6828
f 6924 	6922 	6925
f 6785 	6786 	5972
f 6786 	6779 	5972
f 5821 	5987 	6776
f 6776 	6775 	6909
f 6614 	6909 	6615
f 6613 	6909 	6614
f 6154 	5818 	5854
f 6921 	6923 	5810
f 6923 	6919 	5810
f 6922 	6926 	6925
f 6154 	6588 	6685
f 6927 	6922 	6928
f 6832 	6834 	6295
f 5808 	5810 	6919
f 6258 	6990 	6261
f 6924 	6928 	6922
f 6920 	6444 	6921
f 6927 	6926 	6922
f 6568 	6591 	6901
f 6297 	6837 	6838
f 6924 	6925 	6990
f 6261 	6990 	6264
f 6264 	6990 	6266
f 6266 	6990 	6267
f 6901 	6587 	6569
f 6591 	6587 	6901
f 6571 	6569 	6587
f 6297 	6838 	6298
f 6840 	6298 	6838
f 6276 	6783 	6926
f 6990 	6925 	6267
f 5811 	5813 	6920
f 6929 	6920 	5813
f 6927 	6277 	6926
f 6928 	6277 	6927
f 6928 	6924 	6277
f 6304 	6298 	6843
f 6840 	6843 	6298
f 6990 	6277 	6924
f 6274 	6267 	6925
f 6279 	6274 	6925
f 6921 	6444 	6923
f 6929 	6444 	6920
f 6154 	6607 	6608
f 6304 	6843 	6844
f 6923 	6139 	6919
f 6925 	6926 	6783
f 6608 	6616 	6154
f 5883 	6279 	6925
f 6930 	6953 	6954
f 6901 	6970 	6568
f 6309 	6308 	6845
f 6954 	6932 	6930
f 6619 	6154 	6034
f 5813 	5814 	6929
f 6931 	6929 	5814
f 6953 	6930 	6933
f 6847 	6314 	6845
f 6934 	6930 	6932
f 6934 	6933 	6930
f 6314 	6847 	5840
f 6619 	6628 	6154
f 5900 	5884 	6925
f 5999 	6799 	6808
f 6955 	6808 	6799
f 6799 	6814 	6932
f 5814 	5815 	6931
f 5902 	5900 	6925
f 6819 	6849 	6271
f 6933 	6282 	6782
f 6934 	6282 	6933
f 6781 	6782 	6282
f 6931 	6935 	6444
f 6932 	6282 	6934
f 6849 	6850 	6316
f 6317 	6316 	6850
f 6627 	6901 	6602
f 6283 	6282 	6289
f 6936 	6288 	6282
f 6289 	6282 	6288
f 6317 	6850 	6851
f 5925 	5913 	6793
f 5815 	5816 	6935
f 5866 	6154 	5864
f 6493 	6503 	6901
f 6854 	6321 	6853
f 6503 	6502 	6901
f 6290 	6055 	6990
f 6893 	6444 	6935
f 6832 	6321 	6854
f 5821 	5822 	6938
f 6498 	6508 	6901
f 6493 	6901 	6500
f 6500 	6901 	6508
f 6290 	6990 	6292
f 5902 	6925 	5905
f 6292 	6990 	6258
f 6394 	6288 	6936
f 5821 	6938 	6939
f 6802 	6805 	6252
f 6254 	6252 	6805
f 6498 	6901 	6627
f 6254 	6805 	6807
f 6810 	6256 	6807
f 6937 	6139 	6938
f 6810 	6815 	6256
f 6816 	6260 	6815
f 6990 	6901 	6502
f 6154 	6071 	5818
f 5830 	6141 	6941
f 6939 	6938 	6139
f 6941 	6139 	6937
f 6141 	6139 	6941
f 5965 	5925 	6790
f 6940 	6939 	6165
f 6139 	6165 	6939
f 6989 	6940 	6165
f 6384 	5836 	6942
f 6168 	6990 	6502
f 5836 	5838 	6942
f 6154 	6425 	5864
f 6943 	6905 	6942
f 5842 	5841 	6945
f 6944 	6945 	5841
f 5861 	6425 	6154
f 6943 	5842 	6945
f 6942 	6905 	6384
f 5841 	5851 	6944
f 6945 	6944 	6905
f 6944 	6946 	6905
f 6949 	6948 	6905
f 6944 	5851 	6946
f 5851 	5855 	6946
f 6947 	6946 	5855
f 6553 	6556 	6925
f 6806 	6800 	6612
f 5859 	5858 	6949
f 6948 	6949 	5858
f 6949 	6947 	5859
f 6154 	6324 	5802
f 5859 	6947 	5855
f 6612 	5905 	6925
f 6947 	6905 	6946
f 6951 	6675 	6948
f 5977 	5982 	6159
f 5865 	5863 	6951
f 6950 	6951 	5863
f 5982 	6160 	6159
f 5865 	6951 	6948
f 5865 	6948 	5858
f 6936 	6814 	6394
f 6742 	6735 	6631
f 6732 	6727 	6631
f 6710 	6708 	6612
f 6952 	6675 	6950
f 6778 	6890 	6777
f 5863 	5867 	6950
f 6952 	6950 	5867
f 6675 	6671 	6905
f 6656 	6568 	6970
f 6612 	6925 	6556
f 6925 	6554 	6553
f 6954 	6955 	6932
f 6905 	6948 	6675
f 6953 	6933 	6956
f 6958 	5868 	6957
f 6956 	6933 	6782
f 6477 	6474 	6632
f 6666 	6665 	6632
f 6665 	6659 	6632
f 6648 	6640 	6632
f 6631 	6632 	6680
f 5861 	6154 	5860
f 6955 	6954 	6890
f 6808 	6955 	6890
f 6635 	6563 	6636
f 6562 	6636 	6563
f 6959 	6952 	6958
f 5868 	6958 	5867
f 6952 	5867 	6958
f 6777 	6890 	6953
f 6954 	6953 	6890
f 6395 	5799 	6639
f 6953 	6956 	6782
f 6953 	6782 	6777
f 6639 	6645 	6395
f 6961 	6960 	6899
f 6898 	6899 	6960
f 5871 	6962 	6957
f 5871 	6957 	5868
f 6398 	6399 	6645
f 6399 	6396 	6645
f 6960 	6963 	6902
f 6960 	6902 	6898
f 6064 	6962 	5873
f 5871 	5873 	6962
f 6400 	6398 	6645
f 6897 	6656 	6970
f 6950 	6675 	6951
f 6959 	6675 	6952
f 6960 	6961 	5984
f 6401 	6400 	6645
f 6962 	6676 	6957
f 6064 	6676 	6962
f 6964 	6960 	5984
f 6402 	6401 	6645
f 5934 	6038 	6084
f 6676 	6958 	6957
f 6964 	6965 	6966
f 6964 	6966 	6967
f 6959 	6958 	6675
f 6676 	6675 	6958
f 6403 	6402 	6645
f 6645 	6970 	6403
f 6064 	5874 	6969
f 6967 	6960 	6964
f 6411 	6403 	6970
f 6960 	6967 	6963
f 6971 	6963 	6967
f 5873 	5874 	6064
f 6970 	6460 	6897
f 6972 	6971 	6967
f 6908 	6910 	5880
f 5874 	5875 	6969
f 6973 	6969 	5875
f 6967 	6966 	6972
f 6972 	6966 	6974
f 6415 	6970 	6419
f 6975 	6903 	6963
f 6902 	6963 	6903
f 5985 	5984 	6961
f 6973 	5875 	7008
f 5826 	6374 	5824
f 5903 	5901 	5854
f 5875 	6018 	7008
f 6901 	5863 	6970
f 5984 	5988 	6964
f 5828 	6375 	5826
f 6975 	6963 	6971
f 6971 	6972 	6975
f 5867 	5863 	6901
f 6976 	6975 	6972
f 6976 	6972 	6974
f 6975 	6977 	6903
f 6380 	6378 	5834
f 6396 	6395 	6645
f 6976 	6966 	6978
f 6966 	6965 	6978
f 6965 	6968 	6891
f 5834 	6802 	6252
f 6968 	6895 	6891
f 6811 	6891 	6895
f 5911 	5913 	6980
f 6979 	6980 	5913
f 5811 	5810 	6639
f 6891 	6978 	6965
f 6092 	5923 	5854
f 6909 	6357 	6639
f 6978 	6975 	6976
f 6974 	6966 	6976
f 6980 	7004 	5911
f 6979 	6323 	6980
f 6789 	6990 	6981
f 5847 	6386 	5844
f 5891 	5885 	5890
f 5890 	5885 	5889
f 5838 	5836 	6970
f 6416 	6413 	6970
f 6413 	6411 	6970
f 5913 	5925 	6979
f 6982 	6979 	5925
f 6891 	6890 	6778
f 6891 	6778 	6978
f 5856 	6389 	5853
f 5925 	5965 	6982
f 6983 	6982 	5965
f 6978 	6778 	6975
f 6778 	6981 	6975
f 6789 	6981 	6778
f 6977 	6975 	6981
f 6390 	6389 	5857
f 6390 	5857 	5817
f 6982 	6323 	6979
f 6983 	6323 	6982
f 6899 	6898 	6984
f 5969 	5972 	6986
f 6985 	6986 	5972
f 6814 	6004 	6394
f 6985 	6323 	6986
f 6903 	6984 	6898
f 6903 	6898 	6902
f 6986 	6983 	5969
f 5965 	5969 	6983
f 5985 	6961 	6510
f 6376 	6375 	5829
f 6986 	6323 	6983
f 5832 	6378 	5829
f 5972 	5983 	6988
f 6985 	5972 	6988
f 6987 	6988 	5983
f 5983 	5987 	6987
f 6989 	6987 	5987
f 6984 	6510 	6961
f 6984 	6961 	6899
f 7004 	6980 	6323
f 6988 	6323 	6985
f 6380 	5834 	6252
f 5821 	6939 	5987
f 5987 	6939 	6989
f 6988 	6987 	6165
f 6989 	6165 	6987
f 6165 	6323 	6988
f 5883 	5884 	6992
f 6991 	6992 	5884
f 6994 	5883 	6992
f 6234 	5883 	6994
f 6386 	5847 	5849
f 6170 	6234 	6994
f 6995 	6993 	6684
f 6748 	6996 	6995
f 6996 	6998 	6995
f 6684 	6993 	6168
f 6502 	6682 	6168
f 6995 	6990 	6993
f 6367 	5817 	5819
f 6998 	6999 	6995
f 6993 	6990 	6168
f 6977 	6981 	6990
f 6904 	6977 	6990
f 5824 	6371 	5820
f 6996 	6748 	6997
f 6762 	6997 	6748
f 6990 	6995 	6999
f 6904 	6990 	6999
f 6998 	6996 	6999
f 6997 	6999 	6996
f 6374 	5826 	6375
f 6511 	7000 	6756
f 6984 	7000 	6510
f 6511 	6510 	7000
f 5828 	5829 	6375
f 6154 	6685 	6593
f 6376 	5829 	6378
f 7000 	6999 	6756
f 6984 	6903 	7000
f 6999 	6997 	6756
f 6999 	7000 	6903
f 6904 	6999 	6903
f 6762 	6756 	6997
f 5832 	5834 	6378
f 6004 	6002 	6394
f 5823 	6407 	6406
f 5844 	6385 	5843
f 5844 	6386 	6385
f 7010 	6846 	6154
f 6480 	5860 	6409
f 6848 	6757 	6154
f 5861 	5860 	6497
f 5856 	5857 	6389
f 6154 	6755 	6848
f 5817 	6367 	6390
f 7010 	6154 	5803
f 6367 	5819 	6368
f 6154 	6664 	6791
f 6368 	5819 	5820
f 6368 	5820 	6369
f 6324 	6229 	6397
f 6369 	5820 	6371
f 6588 	6154 	6791
f 5824 	6374 	6371
f 6394 	5802 	6397
f 5802 	6394 	6013
f 6002 	6013 	6394
f 6590 	6154 	6593
f 6595 	6154 	6590
f 6595 	6597 	6154
f 6607 	6154 	6604
f 6480 	6497 	5860
f 6382 	5843 	6383
f 6383 	5843 	6385
f 5884 	5900 	6991
f 7001 	6991 	5900
f 6425 	5861 	6497
f 5900 	5902 	7001
f 6499 	6425 	6497
f 6629 	6061 	6154
f 6386 	5849 	6387
f 6499 	6483 	5864
f 6991 	7001 	6323
f 7002 	6323 	7001
f 5864 	6425 	6499
f 6154 	6616 	6629
f 5853 	6388 	5849
f 6387 	5849 	6388
f 7003 	7002 	5905
f 5902 	5905 	7002
f 6388 	5853 	6389
f 5866 	5864 	6485
f 6483 	6485 	5864
f 6604 	6154 	6597
f 6992 	6991 	6323
f 7003 	6323 	7002
f 5866 	6485 	6405
f 5908 	7004 	7003
f 5908 	7003 	5905
f 6485 	6229 	6405
f 5880 	6392 	6391
f 5908 	5911 	7004
f 5880 	6089 	6392
f 6392 	6089 	6542
f 6323 	7003 	7004
f 5880 	6391 	5885
f 6393 	5885 	6391
f 6324 	6397 	5802
f 6408 	6653 	6404
f 6043 	6053 	7005
f 6020 	5785 	5802
f 5785 	5786 	5802
f 6012 	6020 	5802
f 6013 	6012 	5802
f 6410 	6653 	6408
f 6404 	6653 	6466
f 7006 	6170 	7005
f 5761 	6381 	5854
f 6412 	6541 	6410
f 5761 	6407 	6381
f 6053 	6055 	7006
f 7006 	7007 	6170
f 6055 	6290 	7007
f 6243 	7007 	6290
f 6414 	6541 	6412
f 6243 	6170 	7007
f 6406 	6409 	5835
f 5835 	5823 	6406
f 6420 	6631 	6418
f 6632 	6631 	6421
f 7008 	6018 	7009
f 6023 	7009 	6018
f 6636 	6632 	6422
f 7010 	7018 	6846
f 6025 	6024 	7012
f 7011 	7012 	6024
f 6464 	6654 	6462
f 6025 	7012 	7009
f 6025 	7009 	6023
f 6170 	6676 	7009
f 6466 	6653 	6464
f 6028 	6027 	7014
f 7013 	7014 	6027
f 6028 	7014 	7011
f 6028 	7011 	6024
f 6472 	6542 	6471
f 7012 	6170 	7009
f 7014 	6170 	7011
f 7013 	6170 	7014
f 6027 	6033 	7013
f 7015 	7013 	6033
f 6476 	6553 	6475
f 7011 	6170 	7012
f 7015 	6170 	7013
f 6855 	6846 	7018
f 6479 	6482 	6553
f 6542 	6472 	6473
f 6033 	6037 	7015
f 6482 	6484 	6553
f 6473 	6475 	6553
f 6040 	7017 	7016
f 7016 	7017 	6170
f 6040 	6043 	7017
f 7005 	7017 	6043
f 6418 	6560 	6484
f 7016 	6170 	7015
f 7005 	6170 	7017
f 5803 	7019 	7020
f 6487 	6541 	6417
f 6892 	6893 	5793
f 5816 	5793 	6893
f 5806 	6000 	7019
f 6489 	6541 	6488
f 7021 	5803 	7020
f 6896 	6892 	5797
f 5793 	5797 	6892
f 6658 	6645 	6639
f 5799 	6900 	6896
f 5799 	6896 	5797
f 6492 	6541 	6491
f 5799 	6395 	6327
f 7010 	7022 	7018
f 6654 	6639 	6634
f 6900 	5799 	6327
f 6350 	6430 	6639
f 5805 	6913 	5830
f 5805 	5807 	6913
f 6918 	6913 	5807
f 7010 	5803 	7021
f 6918 	5807 	5808
f 7010 	7021 	7022
f 6505 	6541 	6501
f 6492 	6501 	6541
f 6654 	6653 	6639
f 6655 	6654 	6634
f 6507 	6541 	6505
f 6589 	5774 	6581
f 6589 	6842 	5774
f 5955 	6578 	5774
f 6581 	5774 	6579
f 6882 	6881 	5762
f 6579 	5774 	6578
f 6509 	6541 	6507
f 6652 	6639 	6653
f 6512 	6541 	6509
f 6829 	6831 	5774
f 5762 	5774 	6831
f 6514 	6541 	6512
f 6460 	6970 	5897
f 6835 	6833 	5774
f 6833 	6830 	5774
f 6830 	6829 	5774
f 6495 	6541 	6514
f 6645 	5897 	6970
f 6839 	6836 	5774
f 6836 	6835 	5774
f 6842 	6841 	5774
f 6841 	6839 	5774
f 6415 	6416 	6970
f 6542 	6496 	6518
f 6855 	5762 	6856
f 6857 	6856 	5762
f 6529 	6542 	6525
f 6879 	5762 	6880
f 6881 	6880 	5762
f 6879 	6857 	5762
f 6661 	5957 	6660
f 6530 	6542 	6529
f 6520 	6522 	6542
f 6885 	6884 	5762
f 6531 	6542 	6530
f 6525 	6542 	6522
f 6760 	6533 	7023
f 6532 	6542 	6531
f 7023 	6060 	6052
f 6882 	5762 	6884
f 6534 	6542 	6532
f 6831 	6889 	5762
f 6887 	5762 	6888
f 6538 	6542 	6534
f 6885 	5762 	6887
f 6760 	7023 	6052
f 6889 	6888 	5762
f 7024 	7023 	6533
f 6533 	6540 	7024
f 6119 	6060 	7024
f 6494 	6542 	6495
f 6496 	6542 	6494
f 6518 	6520 	6542
f 6541 	6495 	6542
f 6517 	6572 	6516
f 5762 	6855 	7018
f 6542 	6538 	6471
f 6473 	6553 	6542
f 6478 	6479 	6553
f 6556 	6553 	6484
f 6553 	6554 	6542
f 6151 	6519 	6153
f 7019 	6000 	7020
f 5762 	7020 	6000
f 6151 	6161 	6519
f 7021 	5762 	7022
f 7020 	5762 	7021
f 7018 	7022 	5762
f 6555 	6556 	6484
f 6422 	6632 	6421
f 6459 	6634 	6422
f 6635 	6422 	6634
f 6462 	6654 	6459
f 6634 	6459 	6654
f 6636 	6422 	6635
f 5758 	5759 	5780
f 5999 	6798 	6799
f 5780 	5760 	5998
f 6417 	6541 	6414
f 6488 	6541 	6487
f 6654 	6464 	6653
f 6490 	6541 	6489
f 6653 	6410 	6541
f 6490 	6491 	6541
f 6651 	6652 	6541
f 6798 	5999 	7025
f 5990 	7025 	5999
f 5990 	6003 	7025
f 6661 	6541 	5955
f 6661 	6660 	6541
f 5930 	5914 	6541
f 5930 	6541 	6393
f 6803 	6798 	7025
f 6803 	7025 	6006
f 7025 	6003 	6006
f 6555 	6484 	6560
f 6276 	6542 	6783
f 6741 	6759 	6174
f 6089 	6087 	6542
f 6759 	6761 	7026
f 6092 	6541 	6087
f 5952 	5896 	6418
f 6183 	7027 	6052
f 7026 	6174 	6759
f 5896 	5899 	6418
f 6420 	6418 	5899
f 6007 	7028 	6008
f 6007 	6011 	7029
f 6007 	7029 	7028
f 6420 	5899 	5901
f 6011 	6014 	7029
f 6014 	6008 	7028
f 6014 	7028 	7029
f 6422 	5901 	5903
f 5904 	6459 	5903
f 6422 	5903 	6459
f 5989 	6036 	5986
f 6107 	6112 	6036
f 5904 	5906 	6459
f 5947 	6036 	6116
f 6112 	6116 	6036
f 6116 	6118 	5947
f 6009 	6107 	6036
f 6462 	5906 	5907
f 6030 	5785 	6026
f 5785 	6030 	5786
f 6058 	5787 	6041
f 6466 	5907 	5909
f 6062 	5787 	6058
f 6066 	5787 	6062
f 6041 	5787 	6030
f 5909 	5912 	6466
f 6404 	6466 	5912
f 6020 	6130 	5785
f 5981 	5787 	6066
f 5980 	6036 	5981
f 5986 	6036 	5980
f 5912 	5916 	6404
f 6408 	5916 	6410
f 5921 	5923 	6410
f 6118 	6122 	5947
f 5924 	6414 	5923
f 6417 	6414 	5927
f 5939 	5941 	6163
f 6122 	6126 	5947
f 6131 	5785 	6130
f 6133 	5785 	6131
f 6130 	6020 	6129
f 6026 	5785 	6133
f 6129 	6012 	6128
f 6164 	5959 	5939
f 5954 	5939 	6166
f 5959 	6166 	5939
f 6169 	5776 	5954
f 5956 	5954 	5776
f 6171 	6011 	6193
f 6010 	6011 	6172
f 6172 	6011 	6171
f 5990 	6237 	6003
f 6177 	6013 	6175
f 6178 	6012 	6177
f 6003 	5754 	6007
f 6191 	6011 	6189
f 6189 	6011 	6188
f 6188 	6011 	5773
f 6193 	6011 	6191
f 6220 	5990 	6217
f 6221 	5990 	6220
f 6231 	5990 	6227
f 6227 	5990 	6221
f 6235 	5990 	6231
f 6237 	5990 	6235
f 6242 	6003 	6237
f 5754 	6003 	6242
f 5961 	6217 	5990
f 5756 	6007 	5755
# 2574 faces

 #end of obj_7

o obj_8
v 138.5969 		153.988 		10.5837
v 138.615 		153.9881 		13.846
v 138.764 		153.989 		16.735
v 138.616 		153.988 		18.9683
v 139.0938 		153.9904 		19.0848
v 139.1155 		153.9905 		18.8145
v 138.616 		153.988 		18.9396
v 174.5766 		129.1233 		0.0021
v 156.704 		154.0771 		9.9117
v 138.773 		153.989 		21.172
v 139.0179 		153.9901 		20.031
v 174.5766 		129.8592 		0.0018
v 156.8497 		154.0778 		9.907
v 156.8936 		154.078 		9.9031
v 157.1209 		154.0791 		9.883
v 157.3829 		154.0803 		9.844
v 157.4229 		154.0805 		9.8353
v 138.616 		153.988 		19.577
v 174.5765 		130.5857 		0.0019
v 138.6594 		153.9882 		19.5769
v 157.6279 		154.0816 		8.198
v 157.6317 		154.0815 		9.79
v 174.5766 		128.3705 		0.0016
v 158.0424 		154.0835 		8.3346
v 158.0331 		154.0835 		8.3311
v 157.8216 		154.0825 		8.2542
v 174.5768 		125.9357 		0.0019
v 157.8587 		154.0827 		8.2648
v 139.1379 		153.9906 		18.536
v 174.5767 		126.7856 		0.0022
v 138.764 		153.9888 		16.735
v 174.5769 		124.0606 		0.0015
v 174.5768 		125.0318 		0.0021
v 138.764 		153.9888 		16.7351
v 157.8517 		154.0825 		9.7259
v 174.59 		122.197 		5.999
v 156.2967 		154.0751 		9.9088
v 156.4111 		154.0757 		9.9117
v 156.3414 		154.0754 		9.91
v 138.6422 		147.988 		16.384
v 156.2967 		154.0751 		9.9088
v 156.3414 		154.0753 		9.91
v 138.649 		147.988 		18.9396
v 138.648 		147.988 		18.954
v 138.649 		147.988 		19.577
v 138.649 		147.988 		18.9683
v 174.577 		122.197 		0.002
v 138.6924 		147.9883 		19.5769
v 174.577 		123.0059 		0.0022
v 138.806 		147.989 		21.172
v 143.3156 		131.2655 		0.0687
v 143.302 		131.3093 		0.0687
v 138.6477 		147.988 		18.9586
v 174.587 		137.292 		6.002
v 174.587 		137.292 		5.9999
v 138.648 		147.988 		18.954
v 174.5868 		139.691 		6
v 138.648 		147.988 		18.954
v 174.5868 		139.6917 		6
v 143.3403 		131.184 		0.0686
v 143.3476 		131.1391 		0.0686
v 174.5868 		139.6966 		6
v 174.5868 		139.697 		6
v 174.5868 		139.6932 		6
v 174.5868 		139.6928 		6
v 174.5868 		139.6913 		6
v 174.5868 		139.6924 		6
v 174.5738 		139.697 		0.002
v 158.6707 		154.0865 		9.112
v 158.6736 		154.0865 		9.0926
v 158.6887 		154.0866 		8.992
v 158.6858 		154.0866 		8.9726
v 158.6699 		154.0865 		8.872
v 158.661 		154.0865 		8.853
v 158.6013 		154.0862 		8.7356
v 158.5267 		154.0858 		8.6408
v 158.5069 		154.0857 		8.6236
v 158.3789 		154.0851 		8.5169
v 158.2497 		154.0845 		8.4338
v 174.5739 		138.8874 		0.0022
v 158.2202 		154.0844 		8.4193
v 174.574 		137.8319 		0.0022
v 174.574 		137.292 		0.0022
v 158.0667 		154.0836 		8.3438
v 174.574 		137.292 		0.002
v 158.6157 		154.0862 		8.754
v 158.4037 		154.0853 		8.533
v 138.9205 		153.9896 		13.0014
v 138.8998 		153.9895 		12.8469
v 157.8617 		154.0826 		9.723
v 157.8953 		154.0827 		9.7101
v 158.0697 		154.0836 		9.643
v 158.0993 		154.0837 		9.6283
v 158.2766 		154.0846 		9.5367
v 158.4057 		154.0852 		9.452
v 158.4256 		154.0853 		9.4346
v 158.5279 		154.0858 		9.344
v 158.5421 		154.0859 		9.3256
v 173.9321 		139.6969 		0.0033
v 173.7495 		139.6969 		0.0037
v 174.311 		139.697 		0.0026
v 158.2519 		154.0845 		9.5528
v 158.6167 		154.0862 		9.23
v 155.7627 		154.0725 		9.8478
v 156.0247 		154.0738 		9.8858
v 139.08 		156.09 		14.333
v 138.881 		156.088 		12.846
v 170.5676 		139.6967 		0.0105
v 170.2169 		139.6966 		0.0111
v 155.7627 		154.0724 		9.8478
v 156.0247 		154.0737 		9.8858
v 167.7788 		154.1316 		13.487
v 167.7901 		154.1317 		13.4022
v 167.9769 		154.1326 		12
v 165.6346 		154.1211 		12.325
v 169.7911 		137.2916 		0.0121
v 139.0988 		153.9904 		14.333
v 164.9047 		122.1962 		0.0223
v 165.6677 		148.1211 		12.3246
v 160.5074 		132.738 		0.0317
v 160.5074 		131.7024 		0.0317
v 160.5075 		131.4521 		0.0317
v 160.5075 		131.3349 		0.0317
v 160.5075 		131.1103 		0.0317
v 138.5764 		132.6499 		0.0785
v 138.5765 		131.7938 		0.0789
v 138.5764 		133.522 		0.0789
v 138.5762 		135.3452 		0.0789
v 138.5763 		134.4169 		0.0788
v 138.5762 		136.3165 		0.0792
v 138.5761 		138.4395 		0.0787
v 138.5761 		137.3431 		0.0789
v 138.576 		139.694 		0.0787
v 138.576 		139.6252 		0.0787
v 174.5661 		150.941 		3.0355
v 141.3763 		131.114 		0.0728
v 171.942 		131.186 		0.0075
v 174.5658 		150.941 		2.8881
v 174.5658 		150.941 		2.9276
v 174.5659 		150.941 		2.9644
v 174.566 		150.941 		3
v 166.3331 		154.1246 		4.6666
v 174.5656 		150.941 		2.7928
v 165.55 		154.121 		4.174
v 174.5653 		150.941 		2.6481
v 174.5654 		150.941 		2.7299
v 169.9884 		131.1606 		0.0116
v 164.6941 		154.1165 		3.7773
v 169.9994 		131.2086 		0.0116
v 170.0073 		131.2433 		0.0116
v 138.577 		122.194 		0.0787
v 138.5766 		129.2391 		0.0785
v 138.5765 		130.9445 		0.0789
v 166.1909 		154.1239 		3.4089
v 165.55 		154.1208 		4.174
v 138.577 		122.2642 		0.0787
v 174.5656 		150.941 		2.8441
v 138.5768 		125.5731 		0.0784
v 170.862 		129.9622 		6.0076
v 170.862 		129.9622 		6.0074
v 138.5769 		124.5464 		0.0789
v 138.5769 		123.4499 		0.0787
v 138.5768 		126.5444 		0.0789
v 138.5767 		128.367 		0.0789
v 138.5767 		127.472 		0.0788
v 170.78 		129.915 		6.0076
v 170.78 		129.915 		6.008
v 138.5766 		130.0959 		0.079
v 170.78 		129.915 		6.0076
v 170.9252 		129.9563 		6.0073
v 170.5911 		129.8681 		6.008
v 174.5645 		150.941 		2.348
v 174.565 		150.941 		2.5324
v 168.2799 		148.1338 		6.0155
v 167.0446 		148.1275 		6.0181
v 170.2599 		129.861 		6.0087
v 162.5723 		154.106 		9.0744
v 165.2095 		148.1189 		6.0221
v 138.589 		139.694 		6.077
v 138.5895 		131.072 		6.0765
v 138.5978 		139.6905 		6.077
v 141.4053 		131.242 		0.0728
v 138.5978 		139.6754 		6.077
v 138.5978 		139.6776 		6.077
v 138.5978 		139.67 		6.077
v 138.5978 		139.6686 		6.077
v 138.598 		137.289 		6.0768
v 138.5978 		139.693 		6.077
v 138.5978 		139.694 		6.077
v 138.5978 		139.6734 		6.077
v 138.5848 		139.694 		0.0787
v 141.4213 		131.2848 		0.0728
v 141.4513 		131.3643 		0.0727
v 168.2799 		148.134 		6.0155
v 174.5639 		150.941 		1.9917
v 138.5849 		138.4361 		0.0787
v 156.629 		154.076 		35.915
v 138.585 		137.3401 		0.0788
v 158.975 		154.088 		35.765
v 161.28 		154.099 		35.326
v 163.505 		154.11 		34.607
v 138.585 		137.289 		0.0789
v 138.5848 		139.6212 		0.0787
v 174.5394 		153.9829 		4.148
v 161.313 		148.099 		35.326
v 159.008 		148.088 		35.765
v 174.5411 		153.8089 		4.5
v 174.5394 		153.9828 		4.1482
v 138.59 		122.194 		6.076
v 163.538 		148.11 		34.607
v 174.543 		153.5909 		4.826
v 174.5451 		153.3329 		5.121
v 174.543 		153.5908 		4.8262
v 170.023 		131.2862 		0.0115
v 170.053 		131.3663 		0.0115
v 141.4726 		131.4044 		0.0727
v 174.5473 		153.0369 		5.38
v 174.5451 		153.3327 		5.1212
v 156.662 		148.076 		35.915
v 174.5495 		152.7109 		5.598
v 174.5473 		153.0367 		5.3801
v 174.5518 		152.3589 		5.772
v 174.5495 		152.7107 		5.5981
v 174.5541 		151.9879 		5.898
v 174.5564 		151.6029 		5.974
v 174.5541 		151.9877 		5.8981
v 147.635 		154.032 		33.657
v 151.974 		154.053 		35.346
v 154.282 		154.065 		35.775
v 174.5379 		154.1089 		3.776
v 174.537 		154.165 		3.4954
v 149.746 		154.042 		34.636
v 174.5379 		154.1088 		3.7762
v 170.0746 		131.4064 		0.0114
v 149.779 		148.042 		34.636
v 174.5601 		150.941 		6.0021
v 147.668 		148.032 		33.657
v 152.007 		148.053 		35.346
v 174.5601 		150.941 		5.9821
v 174.5586 		151.2109 		6
v 154.315 		148.065 		35.775
v 169.312 		148.1391 		6.867
v 169.312 		148.1391 		6.867
v 138.5848 		139.697 		0.0782
v 169.6193 		154.1407 		7.2333
v 138.5972 		147.945 		6.0788
v 138.598 		137.289 		6.078
v 141.513 		131.48 		0.0726
v 138.585 		137.289 		0.078
v 169.312 		148.139 		6.867
v 169.6524 		148.1407 		7.2326
v 158.9812 		148.0877 		16.025
v 158.9796 		148.0876 		16.0006
v 141.5394 		131.5173 		0.0725
v 141.589 		131.587 		0.0724
v 158.9612 		148.0876 		16.326
v 158.9688 		148.0876 		16.2128
v 167.958 		156.342 		12
v 174.011 		154.1623 		12.8073
v 162.6053 		148.106 		9.074
v 158.5038 		148.0853 		14.619
v 158.4985 		148.0853 		14.6129
v 158.6718 		148.0862 		14.87
v 158.6087 		148.0859 		14.7756
v 174.289 		156.397 		12.846
v 158.8052 		148.0869 		15.141
v 158.7548 		148.0867 		15.0391
v 174.3081 		154.1638 		12.847
v 158.8458 		148.0872 		15.2606
v 173.9741 		154.1621 		14.602
v 173.948 		154.162 		14.479
v 173.9081 		154.1618 		14.3685
v 174.0071 		148.1621 		14.6009
v 170.1143 		131.482 		0.0113
v 173.9411 		148.1618 		14.3676
v 170.1903 		131.589 		0.0111
v 174.1091 		154.1628 		14.333
v 173.948 		154.162 		14.479
v 141.6203 		131.6204 		0.0724
v 173.948 		154.162 		14.479
v 165.612 		154.12 		33.619
v 165.645 		148.12 		33.619
v 170.2213 		131.6224 		0.011
v 170.28 		131.685 		0.0109
v 141.6565 		131.6594 		0.0723
v 167.565 		154.13 		32.379
v 141.6783 		131.683 		0.0722
v 157.5552 		148.0808 		13.891
v 157.4478 		148.0803 		13.8546
v 157.3244 		148.0796 		13.8127
v 170.3691 		131.7582 		0.0107
v 170.381 		131.768 		0.0107
v 157.7244 		148.0817 		13.974
v 167.598 		148.13 		32.379
v 141.7135 		131.7122 		0.0721
v 141.7793 		131.7663 		0.072
v 170.492 		131.838 		0.0105
v 167.9035 		154.1322 		19.5143
v 167.8648 		154.132 		19.037
v 167.9035 		154.1319 		19.5143
v 167.9676 		154.1321 		20.3069
v 170.5338 		131.8568 		0.0104
v 167.9859 		154.1323 		20.532
v 170.6113 		131.892 		0.0102
v 138.597 		150.938 		6.079
v 138.6042 		150.9353 		6.079
v 138.6041 		150.938 		6.079
v 138.5918 		152.4903 		4.2629
v 138.595 		152.444 		5.675
v 138.595 		152.4447 		5.6745
v 156.4444 		148.0757 		9.9114
v 156.4815 		148.0759 		9.9123
v 156.6062 		148.0765 		9.9155
v 138.5943 		152.1964 		4.7085
v 156.7367 		148.0771 		9.9117
v 138.597 		152.092 		5.848
v 167.966 		156.413 		20.532
v 167.845 		156.412 		19.037
v 138.599 		151.721 		5.974
v 138.595 		152.444 		5.675
v 141.818 		131.7904 		0.0719
v 138.595 		152.444 		5.675
v 138.5973 		152.092 		5.848
v 169.33 		154.139 		30.909
v 138.5973 		152.092 		5.848
v 170.877 		154.146 		29.234
v 172.179 		154.153 		27.382
v 156.0737 		148.0735 		13.794
v 155.9665 		148.073 		13.8304
v 138.5996 		151.721 		5.974
v 155.9089 		148.0727 		13.8498
v 156.3698 		148.0751 		13.735
v 156.2587 		148.0745 		13.7571
v 138.593 		152.3387 		4.471
v 141.8903 		131.836 		0.0717
v 163.1841 		154.1089 		19.5244
v 155.7871 		148.0721 		13.891
v 155.6855 		148.0716 		13.9409
v 171.7793 		131.542 		0.0078
v 138.5904 		152.5239 		3.7313
v 138.5903 		152.4453 		3.479
v 170.91 		148.146 		29.234
v 169.363 		148.139 		30.909
v 163.1841 		154.1086 		19.5244
v 138.59 		152.4183 		3.2708
v 172.212 		148.153 		27.382
v 141.9318 		131.8551 		0.0716
v 142.0093 		131.8904 		0.0714
v 138.5895 		152.4396 		3.077
v 138.5918 		152.3379 		3.8815
v 156.9728 		148.078 		13.735
v 156.8598 		148.0775 		13.7275
v 157.2692 		148.0794 		13.794
v 157.1577 		148.0789 		13.7719
v 163.1841 		154.1086 		19.555
v 161.818 		154.1018 		19.555
v 169.0835 		154.1376 		20.4434
v 168.3226 		154.1339 		20.5048
v 138.585 		152.093 		0.305
v 138.586 		151.721 		0.179
v 142.0529 		131.9036 		0.0713
v 158.3048 		148.0845 		14.391
v 158.2195 		148.0841 		14.3162
v 138.6 		151.336 		6.051
v 158.429 		148.085 		14.5333
v 142.135 		131.929 		0.0711
v 138.602 		150.938 		6.0766
v 138.602 		150.944 		6.077
v 173.4589 		154.1596 		14.604
v 168.1364 		154.1334 		13.5348
v 173.4923 		148.1596 		14.6029
v 142.1799 		131.9367 		0.071
v 142.264 		131.9503 		0.0708
v 171.8493 		131.431 		0.0076
v 138.6041 		150.938 		6.0766
v 138.6041 		150.944 		6.077
v 138.6019 		151.336 		6.051
v 138.6019 		151.336 		6.051
v 171.8681 		131.3896 		0.0076
v 171.9033 		131.3114 		0.0076
v 174.09 		156.395 		14.333
v 158.9022 		148.0874 		15.427
v 158.8657 		148.0872 		15.3195
v 158.9612 		148.0876 		15.723
v 158.939 		148.0875 		15.6117
v 158.9737 		148.0876 		15.9114
v 142.3096 		131.9517 		0.0707
v 145.324 		156.216 		19.037
v 145.203 		156.214 		20.532
v 145.2221 		154.0205 		20.532
v 145.2331 		154.0205 		20.3961
v 158.7301 		148.0869 		11.4255
v 157.8262 		148.0822 		14.024
v 157.9722 		148.083 		14.1218
v 142.395 		131.955 		0.0705
v 156.607 		148.0765 		10.4273
v 156.4815 		148.0759 		9.9123
v 156.6059 		148.0765 		9.9154
v 156.6062 		148.0765 		9.9155
v 156.614 		148.0763 		13.7188
v 156.5578 		148.076 		13.7225
v 163.208 		151.355 		19.555
v 156.6711 		148.0766 		13.715
v 157.7685 		154.0818 		19.555
v 159.1373 		154.0886 		19.555
v 158.2337 		154.0841 		19.555
v 171.9166 		131.2675 		0.0075
v 171.9218 		131.2507 		0.0075
v 171.6963 		131.643 		0.0079
v 158.0772 		148.0835 		14.192
v 170.7363 		131.931 		0.01
v 138.595 		150.944 		3.077
v 144.379 		127.6574 		6.064
v 143.7681 		131.07 		6.0653
v 170.7813 		131.9387 		0.0099
v 170.866 		131.9523 		0.0097
v 143.7267 		130.495 		6.0654
v 144.379 		128.2378 		6.0637
v 143.669 		130.366 		6.066
v 144.379 		127.5442 		6.064
v 143.7354 		128.2014 		6.0654
v 145.3431 		154.0211 		19.037
v 145.3006 		154.0209 		19.5627
v 144.379 		126.9865 		6.0637
v 170.9116 		131.9537 		0.0096
v 145.3006 		154.0208 		19.5627
v 145.2365 		154.0206 		20.3537
v 144.017 		127.0919 		6.0648
v 160.5078 		127.7738 		0.0317
v 155.9191 		154.0727 		19.555
v 155.7153 		154.0717 		19.555
v 156.2037 		154.0741 		19.555
v 156.0757 		154.0734 		19.555
v 143.669 		130.366 		6.0655
v 156.5044 		154.0756 		19.555
v 156.4124 		154.0751 		19.555
v 156.5934 		154.076 		19.555
v 156.3137 		154.0746 		19.555
v 170.997 		131.957 		0.0094
v 144.379 		127.9335 		6.0636
v 143.4335 		130.1041 		6.066
v 156.6824 		154.0765 		19.555
v 157.2707 		154.0794 		19.555
v 143.375 		131.055 		6.0661
v 171.0426 		131.9528 		0.0093
v 171.1273 		131.945 		0.0092
v 143.38 		130.924 		6.0661
v 143.3792 		130.9154 		6.0661
v 156.8735 		154.0774 		19.555
v 156.7746 		154.0769 		19.555
v 143.367 		130.7931 		6.0661
v 157.1128 		154.0786 		19.555
v 156.984 		154.0779 		19.555
v 157.4767 		154.0803 		19.555
v 143.3651 		130.7846 		6.0661
v 171.1716 		131.9349 		0.0091
v 171.255 		131.9153 		0.0089
v 171.378 		131.8694 		0.0086
v 138.5951 		150.938 		3.1226
v 143.362 		131.055 		0.0686
v 171.4184 		131.8478 		0.0085
v 138.5951 		150.938 		3.0994
v 143.3662 		130.9449 		0.0685
v 138.595 		150.938 		3.0915
v 143.367 		130.924 		0.0685
v 171.4529 		131.8295 		0.0084
v 171.4933 		131.808 		0.0083
v 143.3628 		130.8787 		0.0686
v 138.595 		150.938 		3.083
v 138.595 		150.938 		3.0874
v 171.6003 		131.732 		0.0081
v 138.595 		150.938 		3.0786
v 156.203 		151.294 		19.555
v 138.595 		150.938 		3.0778
v 138.595 		150.938 		3.077
v 156.203 		151.2946 		19.555
v 138.595 		150.938 		3.0735
v 138.595 		150.938 		3.0762
v 138.595 		150.938 		3.0754
v 138.595 		150.938 		3.0724
v 139.997 		153.995 		25.457
v 143.906 		154.014 		30.963
v 141.041 		154 		27.449
v 142.352 		154.006 		29.295
v 138.595 		150.938 		3.0745
v 142.385 		148.006 		29.295
v 141.074 		148 		27.449
v 138.595 		150.938 		3.0848
v 138.595 		150.938 		3.0816
v 138.595 		150.938 		3.0805
v 138.595 		150.938 		3.0795
v 169.978 		131.116 		0.0117
v 169.894 		129.915 		6.01
v 169.393 		130.366 		6.011
v 169.277 		130.685 		6.011
v 140.03 		147.995 		25.456
v 143.939 		148.014 		30.963
v 138.595 		150.938 		3.071
v 169.253 		131.025 		6.011
v 138.595 		150.938 		3.0692
v 138.595 		150.938 		3.0666
v 138.595 		150.938 		3.0625
v 138.595 		150.938 		3.0546
v 138.5949 		150.938 		3.0314
v 173.9345 		122.1969 		0.0033
v 141.598 		130.328 		6.0702
v 141.565 		130.368 		6.0702
v 141.5604 		130.3753 		6.0702
v 141.496 		130.479 		6.0703
v 169.6034 		130.1152 		6.01
v 169.6224 		130.098 		6.01
v 141.4932 		130.4851 		6.0703
v 169.894 		129.915 		6.0094
v 169.894 		129.915 		6.0094
v 143.06 		129.88 		6.067
v 169.393 		130.366 		6.0105
v 142.726 		129.821 		6.068
v 141.649 		130.2661 		6.07
v 141.6435 		130.2727 		6.07
v 138.584 		150.938 		0.079
v 169.9788 		130.9937 		6.0093
v 169.978 		130.9851 		6.0093
v 169.983 		130.8541 		6.0093
v 156.9448 		151.3005 		13.735
v 156.9254 		151.3003 		13.7337
v 156.6429 		151.2978 		13.715
v 171.1973 		129.9803 		0.009
v 169.2746 		130.7189 		6.0107
v 169.277 		130.685 		6.0107
v 169.277 		130.685 		6.0107
v 160.5076 		129.1543 		0.0317
v 157.2217 		151.3029 		13.7902
v 138.589 		150.938 		0.079
v 138.5891 		150.9138 		0.079
v 157.2409 		151.303 		13.794
v 171.1524 		129.9727 		0.0091
v 171.0683 		129.959 		0.0093
v 138.589 		150.945 		0.077
v 157.5269 		151.3055 		13.891
v 138.587 		151.336 		0.102
v 157.5084 		151.3054 		13.8847
v 169.253 		131.025 		6.0108
v 169.253 		131.025 		6.0108
v 171.4006 		130.0542 		0.0085
v 171.323 		130.019 		0.0087
v 155.7589 		151.2907 		13.891
v 160.5076 		129.3765 		0.0317
v 155.7414 		151.2906 		13.8996
v 171.2795 		130.0058 		0.0088
v 156.0274 		151.2931 		13.8003
v 156.625 		148.076 		18.915
v 160.5076 		129.9069 		0.0316
v 171.442 		130.0733 		0.0084
v 171.4258 		130.0659 		0.0085
v 144.3709 		154.0163 		20.4633
v 139.237 		153.991 		23.352
v 171.964 		131.057 		0.0074
v 139.27 		147.991 		23.352
v 171.9657 		131.0114 		0.0074
v 171.9683 		130.926 		0.0074
v 156.0458 		151.2932 		13.794
v 138.581 		153.988 		3.077
v 171.9638 		130.8807 		0.0074
v 138.999 		156.16 		20.031
v 160.5075 		130.5573 		0.0317
v 160.5075 		130.4402 		0.0317
v 171.956 		130.7953 		0.0075
v 156.3418 		151.2952 		13.735
v 156.3227 		151.295 		13.7388
v 160.5076 		130.1899 		0.0317
v 156.203 		151.294 		13.7627
v 156.203 		151.2946 		13.7627
v 171.9459 		130.7508 		0.0075
v 171.9263 		130.668 		0.0075
v 156.6234 		151.2977 		13.7163
v 160.5075 		131.0007 		0.0317
v 171.9172 		130.6436 		0.0075
v 160.5075 		130.8916 		0.0317
v 157.7804 		151.3077 		14.0154
v 160.5075 		130.782 		0.0317
v 171.9103 		130.6252 		0.0076
v 157.7979 		151.3079 		14.024
v 171.881 		130.545 		0.0076
v 171.8597 		130.5046 		0.0076
v 171.8193 		130.429 		0.0077
v 138.583 		153.919 		2.685
v 138.583 		153.842 		2.3
v 145.12 		137.108 		6.063
v 158.0489 		151.3101 		14.192
v 138.584 		153.944 		3.077
v 158.2768 		151.3121 		14.391
v 158.2622 		151.3119 		14.3782
v 171.7433 		130.322 		0.0078
v 171.712 		130.2889 		0.0079
v 158.4758 		151.3138 		14.619
v 158.463 		151.3137 		14.6043
v 171.654 		130.2263 		0.008
v 138.583 		152.771 		0.697
v 138.584 		152.445 		0.479
v 171.6188 		130.1971 		0.0081
v 171.553 		130.143 		0.0082
v 158.633 		151.3152 		14.8538
v 138.582 		153.543 		1.577
v 158.6438 		151.3153 		14.87
v 158.7682 		151.3163 		15.1235
v 158.7769 		151.3164 		15.141
v 171.5143 		130.119 		0.0083
v 158.8676 		151.3172 		15.4086
v 158.8739 		151.3173 		15.427
v 138.583 		153.066 		0.955
v 158.9329 		151.3178 		15.723
v 158.9291 		151.3177 		15.7039
v 158.9516 		151.3179 		16.0055
v 158.9529 		151.3179 		16.025
v 138.583 		153.325 		1.25
v 138.583 		153.716 		1.929
v 158.9329 		151.3178 		16.326
v 158.9342 		151.3178 		16.3066
v 170.807 		129.9664 		0.0098
v 141.377 		130.9831 		6.0706
v 141.3778 		130.9916 		6.0706
v 141.4924 		130.4868 		6.0703
v 170.7624 		129.9764 		0.0099
v 141.441 		130.598 		6.0704
v 170.679 		129.996 		0.0101
v 141.403 		130.723 		6.0705
v 141.4016 		130.7316 		6.0705
v 141.381 		130.8521 		6.0706
v 144.6616 		137.2895 		6.064
v 141.3807 		130.8607 		6.0706
v 170.6365 		130.012 		0.0102
v 143.338 		130.666 		6.0662
v 170.5563 		130.042 		0.0103
v 143.292 		130.543 		6.0663
v 143.231 		130.427 		6.0664
v 143.226 		130.42 		6.0664
v 143.155 		130.3201 		6.0666
v 170.4403 		130.103 		0.0106
v 143.1491 		130.3137 		6.0666
v 170.4031 		130.1295 		0.0106
v 170.3978 		130.1333 		0.0106
v 170.334 		130.179 		0.0108
v 145.107 		137.108 		0.0647
v 146.0031 		137.1081 		0.0629
v 143.242 		129.9686 		6.0664
v 145.6495 		137.2896 		0.0636
v 145.1072 		135.1929 		0.0648
v 145.1071 		135.9208 		0.0647
v 145.107 		136.708 		0.0647
v 170.3006 		130.2103 		0.0109
v 143.8053 		137.2894 		0.0675
v 170.238 		130.2683 		0.011
v 145.1074 		132.0772 		0.0645
v 142.218 		129.965 		6.0686
v 145.1075 		131.5089 		0.0648
v 145.1074 		132.6562 		0.0648
v 142.2096 		129.9669 		6.0686
v 142.09 		129.994 		6.0688
v 145.1073 		133.2503 		0.0648
v 145.1073 		133.8666 		0.0648
v 141.967 		130.04 		6.0691
v 145.1072 		134.5114 		0.065
v 141.9594 		130.044 		6.0691
v 141.852 		130.101 		6.0693
v 141.7533 		130.1711 		6.0696
v 142.479 		129.957 		6.068
v 155.8012 		152.5553 		12.65
v 142.348 		129.952 		6.0683
v 142.3394 		129.9529 		6.0683
v 142.4881 		129.8714 		6.068
v 139.8818 		137.2891 		6.0742
v 139.7294 		137.2891 		6.0745
v 139.4716 		137.2891 		6.075
v 157.107 		151.819 		12.574
v 139.4249 		137.2891 		6.0751
v 160.0551 		124.759 		0.0326
v 157.4913 		151.8224 		12.65
v 139.6172 		137.2891 		6.0746
v 158.1626 		124.7589 		0.0366
v 156.2824 		124.7587 		0.0406
v 156.192 		151.812 		12.574
v 156.649 		151.815 		12.544
v 156.649 		151.815 		12.65
v 157.097 		151.8189 		12.65
v 141.745 		130.177 		6.0696
v 141.7386 		130.1829 		6.0696
v 156.202 		151.8121 		12.65
v 160.9035 		122.1959 		0.0308
v 158.2271 		122.1956 		0.0365
v 155.8077 		151.8086 		12.65
v 155.5679 		122.1954 		0.0421
v 138.7403 		137.289 		0.0785
v 169.1674 		139.6965 		0.0134
v 140.3584 		126.976 		6.0726
v 169.4409 		137.2916 		0.0128
v 167.1009 		137.2914 		0.0178
v 166.1421 		137.2913 		0.0198
v 159.1205 		137.2907 		0.0346
v 155.648 		137.2904 		0.042
v 160.507 		137.2908 		0.0317
v 163.5606 		137.2911 		0.0253
v 170.2091 		130.3035 		0.0111
v 150.539 		137.29 		0.0528
v 140.0063 		126.0642 		6.0732
v 139.9452 		126.0641 		6.0733
v 140.2357 		126.8937 		6.0728
v 170.1543 		130.3694 		0.0112
v 167.753 		137.103 		6.0145
v 145.1078 		127.3791 		0.0645
v 145.1077 		128.0239 		0.0648
v 140.0292 		126.0642 		6.0732
v 145.1077 		128.6397 		0.0648
v 145.1076 		129.2339 		0.0648
v 170.13 		130.408 		0.0113
v 170.085 		130.481 		0.0114
v 145.1076 		129.8129 		0.0645
v 145.1075 		130.3817 		0.0649
v 145.1075 		130.945 		0.0648
v 170.0662 		130.5224 		0.0114
v 170.0303 		130.6 		0.0115
v 170.0041 		130.6852 		0.0116
v 169.992 		130.725 		0.0116
v 170.0168 		130.6435 		0.0116
v 157.3466 		148.0796 		18.2297
v 157.3766 		148.0797 		18.2196
v 145.121 		124.758 		6.062
v 158.8052 		148.0868 		16.909
v 158.8374 		148.087 		16.814
v 158.7222 		148.0864 		17.0781
v 140.2017 		126.0642 		6.0726
v 168.1142 		137.2915 		0.0159
v 163.8461 		137.2911 		0.0247
v 164.7545 		137.2912 		0.0228
v 157.2692 		148.0792 		18.256
v 145.108 		125.1824 		0.0647
v 145.1079 		125.9696 		0.0647
v 157.136 		148.0785 		18.2825
v 145.1078 		126.6975 		0.0648
v 165.7514 		137.2913 		0.0207
v 158.9022 		148.0873 		16.623
v 158.9244 		148.0874 		16.5113
v 158.8417 		148.087 		16.8014
v 167.753 		137.103 		1.748
v 156.9728 		148.0777 		18.315
v 156.9919 		148.0779 		18.3112
v 156.8837 		148.0773 		18.3209
v 156.7048 		148.0764 		18.3328
v 145.108 		124.758 		0.0647
v 156.5418 		148.0756 		18.3264
v 156.2412 		148.0741 		18.2894
v 156.3598 		148.0747 		18.313
v 169.9847 		130.7703 		0.0116
v 155.7871 		148.0719 		18.159
v 155.8418 		148.0722 		18.1775
v 139.179 		126.064 		6.075
v 139.179 		126.064 		6.075
v 139.179 		126.6457 		6.075
v 167.753 		135.0543 		6.0143
v 167.753 		135.0543 		6.0145
v 167.753 		133.1788 		6.0143
v 167.753 		133.0944 		6.0146
v 167.753 		132.5008 		6.0145
v 155.8943 		148.0724 		18.1954
v 167.753 		132.07 		6.0143
v 163.208 		151.355 		12.65
v 143.065 		130.2241 		6.0668
v 143.0584 		130.2185 		6.0668
v 142.964 		130.141 		6.067
v 142.9567 		130.1364 		6.067
v 142.853 		130.0711 		6.0672
v 156.1848 		148.0739 		18.2781
v 142.8451 		130.0674 		6.0672
v 142.734 		130.017 		6.0675
v 142.7257 		130.0145 		6.0675
v 142.609 		129.9781 		6.0677
v 142.6004 		129.9766 		6.0678
v 156.3698 		148.0748 		18.315
v 156.4552 		148.0752 		18.3207
v 142.726 		129.821 		6.0675
v 142.726 		129.821 		6.0675
v 142.7261 		129.821 		6.0675
v 143.06 		129.88 		6.0668
v 145.9583 		124.7581 		0.063
v 156.203 		151.294 		12.65
v 156.203 		151.2946 		12.65
v 170.9373 		129.954 		0.0096
v 138.6204 		147.988 		6.0787
v 156.4831 		148.0753 		18.3225
v 170.8917 		129.9585 		0.0097
v 156.6711 		148.0763 		18.335
v 157.3797 		154.0805 		8.1458
v 157.5877 		154.0815 		8.1894
v 157.1563 		154.0794 		8.1135
v 157.3374 		154.0803 		8.1397
v 157.0843 		148.0783 		18.2929
v 158.3073 		154.0851 		3.5369
v 157.3797 		154.0804 		8.1458
v 157.5877 		154.0814 		8.1894
v 157.3374 		154.0802 		8.1397
v 169.9695 		131.0306 		0.0117
v 169.9653 		130.9854 		0.0117
v 156.5594 		154.0769 		3.5406
v 169.9703 		130.8544 		0.0117
v 157.5552 		148.0806 		18.159
v 157.657 		148.0811 		18.1087
v 158.6718 		148.0862 		17.18
v 158.5038 		148.0854 		17.431
v 158.567 		148.0857 		17.3366
v 158.3048 		148.0844 		17.658
v 158.3796 		148.0847 		17.5727
v 158.0797 		148.0833 		17.8548
v 158.1625 		148.0837 		17.7822
v 157.8262 		148.082 		18.025
v 158.0709 		148.0832 		17.8612
v 156.7841 		148.0768 		18.3275
v 156.7903 		148.0769 		18.3271
v 156.6238 		148.076 		18.3319
v 156.0737 		148.0733 		18.256
v 156.0906 		148.0734 		18.2594
v 139.5514 		153.9927 		12.7598
v 155.7587 		154.0725 		8.149
v 155.8512 		154.073 		8.1352
v 155.7587 		154.0725 		8.149
v 146.5834 		122.1947 		0.0615
v 144.9603 		122.1945 		0.0651
v 156.1897 		154.0747 		3.0393
v 156.1902 		154.0747 		3.0393
v 142.7259 		129.821 		6.0675
v 168.7708 		129.6103 		6.0118
v 139.1898 		153.9909 		14.6883
v 139.2607 		153.9912 		14.4331
v 139.3063 		153.9915 		14.3053
v 139.3063 		153.9915 		14.3053
v 139.2937 		147.9912 		14.4331
v 139.251 		147.991 		14.553
v 139.2228 		147.9909 		14.6883
v 139.251 		147.991 		14.553
v 139.119 		156.161 		18.536
v 158.0772 		148.0832 		17.857
v 163.8267 		148.1121 		6.025
v 162.2371 		148.1039 		6.0284
v 161.2021 		148.0992 		6.0306
v 158.9554 		148.0881 		6.0354
v 158.3903 		148.0852 		6.0367
v 157.7111 		148.082 		6.0381
v 170.2184 		122.1966 		0.0111
v 171.9471 		122.1968 		0.0072
v 156.6022 		148.0765 		8.0775
v 156.4503 		148.0757 		8.0824
v 156.3256 		148.0751 		8.086
v 156.177 		148.0744 		8.0992
v 156.0542 		148.0738 		8.11
v 155.9099 		148.0731 		8.1314
v 155.8845 		148.073 		8.1352
v 157.1891 		148.0794 		8.1131
v 157.1502 		148.0792 		8.1075
v 157.001 		148.0785 		8.0948
v 156.8786 		148.0779 		8.0845
v 156.7273 		148.0771 		8.0806
v 156.6022 		148.0766 		8.0775
v 156.6021 		148.0766 		8.0775
v 156.4503 		148.0759 		8.0824
v 156.3256 		148.0752 		8.086
v 156.177 		148.0745 		8.0992
v 156.0542 		148.0738 		8.11
v 172.7676 		135.055 		6.0035
v 173.013 		135.055 		6.003
v 173.013 		135.055 		6.003
v 172.8932 		135.055 		6.0032
v 155.9099 		148.0731 		8.1314
v 156.3574 		149.504 		18.315
v 172.5681 		134.539 		6.0039
v 145.62 		154.023 		5.452
v 145.231 		154.0206 		12
v 145.5634 		154.0223 		8.5307
v 157.1502 		148.0792 		8.1075
v 145.43 		154.0216 		13.487
v 157.001 		148.0785 		8.0948
v 156.8786 		148.0779 		8.0845
v 173.5929 		137.2919 		6.0021
v 156.7273 		148.0772 		8.0806
v 146.2779 		148.0257 		6.0626
v 145.5963 		148.0223 		8.5306
v 172.5271 		135.0549 		6.0041
v 173.1936 		137.2919 		6.0028
v 172.1687 		135.0549 		6.0048
v 145.62 		154.0226 		5.452
v 173.335 		137.2919 		6.0025
v 173.7104 		137.2919 		6.0017
v 172.8221 		135.055 		6.0033
v 173.6735 		137.2919 		6.0017
v 145.6199 		154.0226 		5.4521
v 172.3945 		135.0549 		6.0041
v 173.452 		137.2919 		6.0021
v 145.212 		156.143 		12
v 157.5269 		151.3055 		18.159
v 157.5444 		151.3057 		18.1503
v 145.411 		156.145 		13.487
v 173.2746 		137.2919 		0.0049
v 171.2451 		137.2917 		0.0092
v 171.8957 		135.0549 		6.0054
v 171.9915 		133.8702 		6.0051
v 171.4532 		131.836 		6.0062
v 171.506 		131.808 		6.0061
v 171.613 		131.732 		6.0059
v 171.709 		131.643 		6.0057
v 171.792 		131.542 		6.0055
v 171.862 		131.431 		6.0054
v 171.8656 		131.4231 		6.0054
v 171.916 		131.3111 		6.0053
v 171.9185 		131.3027 		6.0053
v 171.955 		131.186 		6.0052
v 141.5588 		137.2892 		0.0723
v 167.753 		128.7373 		6.0143
v 167.753 		129.6536 		6.0141
v 167.753 		129.3295 		6.0143
v 167.753 		129.9486 		6.0141
v 167.753 		129.0118 		6.0139
v 171.3529 		131.8833 		6.0067
v 171.391 		131.8691 		6.0065
v 171.3986 		131.865 		6.0065
v 170.8701 		129.531 		0.0099
v 170.505 		131.838 		6.0082
v 170.5129 		131.8416 		6.0082
v 170.624 		131.892 		6.0079
v 170.749 		131.931 		6.0077
v 170.7575 		131.9324 		6.0077
v 170.879 		131.9521 		6.0074
v 170.8876 		131.9523 		6.0074
v 171.01 		131.957 		6.0071
v 171.0186 		131.9562 		6.0071
v 171.14 		131.945 		6.0069
v 171.1484 		131.9431 		6.0068
v 171.1848 		131.9346 		6.0068
v 157.2593 		151.3032 		18.2497
v 157.2409 		151.303 		18.256
v 156.9448 		151.3005 		18.315
v 156.964 		151.3006 		18.3112
v 156.6623 		151.298 		18.3337
v 156.6429 		151.2978 		18.335
v 156.3613 		151.2954 		18.3163
v 156.3418 		151.2952 		18.315
v 170.0997 		131.9736 		6.009
v 156.203 		151.294 		18.2873
v 156.0649 		151.2934 		18.2598
v 156.203 		151.2946 		18.2873
v 156.0458 		151.2932 		18.256
v 169.991 		131.116 		6.0092
v 169.993 		131.1245 		6.0092
v 170.02 		131.2431 		6.0092
v 143.669 		131.455 		6.066
v 170.023 		131.2512 		6.0092
v 170.066 		131.3661 		6.0091
v 170.0701 		131.3737 		6.0091
v 170.127 		131.482 		6.009
v 170.203 		131.589 		6.0088
v 170.2089 		131.5953 		6.0088
v 170.293 		131.685 		6.0086
v 143.451 		131.716 		6.066
v 170.394 		131.768 		6.0084
v 144.379 		131.9914 		6.064
v 170.1616 		131.7477 		6.0089
v 144.1579 		132.56 		6.0645
v 143.669 		131.4549 		6.0655
v 143.669 		131.455 		6.0655
v 155.7589 		151.2907 		18.159
v 155.7773 		151.2909 		18.1653
v 143.451 		131.716 		6.066
v 143.451 		131.716 		6.066
v 143.451 		131.716 		6.066
v 143.451 		131.716 		6.066
v 158.8777 		151.3173 		16.6038
v 158.8739 		151.3173 		16.623
v 154.4719 		154.0662 		9.121
v 154.4568 		154.0661 		9.0204
v 154.4537 		154.0661 		9.001
v 158.7769 		151.3164 		16.909
v 158.7831 		151.3165 		16.8905
v 154.4806 		154.0662 		9.14
v 155.5107 		154.0713 		8.203
v 155.2807 		154.0702 		8.27
v 155.0727 		154.0691 		8.35
v 154.8899 		154.0682 		8.4408
v 155.0433 		154.069 		8.3645
v 158.6438 		151.3153 		17.18
v 158.6525 		151.3153 		17.1625
v 154.7367 		154.0675 		8.541
v 154.865 		154.0681 		8.4571
v 154.6139 		154.0669 		8.649
v 154.717 		154.0674 		8.5584
v 154.5257 		154.0664 		8.763
v 154.5995 		154.0668 		8.6674
v 154.4717 		154.0662 		8.881
v 158.4758 		151.3138 		17.431
v 158.4866 		151.3139 		17.4148
v 158.2896 		151.3122 		17.6434
v 158.2768 		151.3121 		17.658
v 158.0635 		151.3102 		17.8442
v 171.268 		131.9151 		6.0067
v 158.0489 		151.3101 		17.857
v 157.7979 		151.3079 		18.025
v 154.5267 		154.0664 		9.239
v 154.6157 		154.0669 		9.3528
v 154.5411 		154.0665 		9.2572
v 154.7387 		154.0675 		9.46
v 154.6356 		154.067 		9.3703
v 154.8927 		154.0682 		9.5598
v 154.7636 		154.0676 		9.476
v 155.0749 		154.0691 		9.6498
v 154.9223 		154.0684 		9.5744
v 155.2837 		154.0702 		9.7288
v 155.1085 		154.0693 		9.6626
v 155.5139 		154.0713 		9.795
v 155.321 		154.0703 		9.7397
v 155.5539 		154.0715 		9.8034
v 154.0114 		154.0639 		9.8822
v 154.9708 		154.0681 		19.555
v 154.092 		154.0638 		19.555
v 154.4568 		154.066 		9.0204
v 154.4537 		154.066 		9.001
v 154.4719 		154.0661 		9.121
v 154.4806 		154.0661 		9.14
v 167.753 		124.798 		6.0138
v 155.5107 		154.0712 		8.203
v 155.2807 		154.07 		8.27
v 155.4274 		154.0703 		19.555
v 155.0727 		154.069 		8.35
v 155.097 		154.0691 		8.3407
v 154.8899 		154.0681 		8.4408
v 155.0433 		154.0688 		8.3645
v 154.865 		154.068 		8.4571
v 142.3353 		129.952 		0.0707
v 154.7367 		154.0674 		8.541
v 154.717 		154.0673 		8.5584
v 154.6139 		154.0668 		8.649
v 154.5257 		154.0664 		8.763
v 142.2897 		129.9565 		0.0708
v 154.5995 		154.0667 		8.6674
v 142.205 		129.965 		0.071
v 154.4717 		154.0661 		8.881
v 167.753 		124.798 		1.748
v 154.5267 		154.0664 		9.239
v 154.5411 		154.0664 		9.2572
v 154.6157 		154.0668 		9.3528
v 154.7387 		154.0674 		9.46
v 154.6356 		154.0669 		9.3703
v 168.6887 		122.1965 		0.0145
v 167.3139 		122.1964 		0.0174
v 166.0606 		122.1963 		0.02
v 154.7636 		154.0675 		9.476
v 154.8927 		154.0681 		9.5598
v 154.9223 		154.0682 		9.5744
v 155.0749 		154.069 		9.6498
v 155.2837 		154.07 		9.7288
v 155.1085 		154.0691 		9.6626
v 155.5161 		148.0706 		18.025
v 155.6177 		148.0711 		18.0752
v 155.2651 		148.0694 		17.857
v 155.0381 		148.0682 		17.658
v 155.5139 		154.0711 		9.795
v 155.321 		154.0701 		9.7397
v 155.3027 		148.0695 		17.9599
v 154.8387 		148.0673 		17.431
v 154.9136 		148.0676 		17.516
v 155.2937 		154.07 		9.7317
v 154.6711 		148.0665 		17.18
v 154.7336 		148.0668 		17.274
v 155.5539 		154.0713 		9.8034
v 143.3543 		130.7934 		0.0686
v 154.5741 		148.066 		16.9839
v 158.9785 		137.2907 		6.0333
v 160.52 		137.109 		6.03
v 156.9204 		137.1088 		0.0395
v 157.5428 		137.1088 		0.0381
v 159.4072 		137.1089 		0.0341
v 158.1613 		137.1088 		0.037
v 143.3439 		130.7488 		0.0686
v 156.2885 		137.1087 		0.0409
v 158.7808 		137.1089 		0.0356
v 160.0464 		137.109 		0.033
v 143.325 		130.666 		0.0687
v 159.4485 		137.2907 		0.0341
v 157.5291 		137.2906 		0.0381
v 143.279 		130.543 		0.0688
v 156.8884 		137.2905 		0.0396
v 160.1066 		137.2908 		0.0329
v 158.1659 		137.2906 		0.037
v 156.2379 		137.2905 		0.0411
v 152.6143 		154.057 		9.887
v 150.3143 		154.0457 		11.2125
v 158.8036 		137.2907 		0.0355
v 143.218 		130.427 		0.0689
v 160.52 		137.103 		6.0271
v 160.52 		137.103 		6.03
v 150.0237 		154.0442 		12.65
v 160.507 		137.109 		0.0319
v 143.1915 		130.3901 		0.069
v 142.2622 		131.9477 		6.069
v 142.277 		131.9501 		6.069
v 143.142 		130.3203 		0.0691
v 142.2856 		131.9503 		6.069
v 160.5071 		135.5042 		0.0317
v 160.507 		136.6587 		0.0319
v 142.408 		131.955 		6.0687
v 142.4166 		131.9542 		6.0687
v 142.4811 		131.9483 		6.0686
v 143.111 		130.2869 		0.0692
v 143.0523 		130.2243 		0.0693
v 160.5107 		137.103 		1.748
v 142.725 		132 		6.068
v 160.5308 		137.103 		6.03
v 160.5294 		137.103 		6.03
v 143.1181 		130.2946 		0.0691
v 161.5089 		137.2909 		6.0279
v 160.5312 		137.103 		6.03
v 160.5286 		137.103 		6.03
v 161.4872 		137.2909 		0.0297
v 154.5371 		148.0658 		16.909
v 143.0172 		130.1951 		0.0693
v 142.9513 		130.141 		0.0694
v 162.2256 		137.291 		0.0283
v 160.7837 		137.2908 		0.0313
v 141.5771 		131.552 		6.0703
v 141.602 		131.587 		6.0702
v 152.6473 		148.057 		9.8865
v 154.0444 		148.0639 		9.8817
v 163.0078 		137.291 		0.0268
v 154.5371 		148.0659 		15.141
v 154.4561 		148.0654 		15.3796
v 154.6711 		148.0666 		14.87
v 141.6079 		131.5933 		6.0702
v 154.7747 		148.0672 		14.7152
v 142.9127 		130.117 		0.0695
v 160.5074 		132.32 		0.0317
v 160.5074 		132.1446 		0.0317
v 160.5073 		133.663 		0.0317
v 160.5073 		133.2972 		0.0317
v 170.0741 		126.066 		6.0091
v 160.5073 		132.9946 		0.0317
v 160.5072 		134.1183 		0.0319
v 171.9119 		126.5986 		6.0053
v 142.8403 		130.0714 		0.0696
v 160.5074 		132.5158 		0.0318
v 141.4762 		131.3869 		6.0704
v 141.526 		131.48 		6.0703
v 160.5074 		131.9853 		0.0318
v 160.5074 		131.8388 		0.0317
v 154.3811 		148.0651 		15.723
v 154.3736 		148.0651 		15.8361
v 141.531 		131.4871 		6.0703
v 160.5074 		131.5741 		0.0317
v 154.4401 		148.0654 		15.427
v 160.5075 		131.2215 		0.0317
v 142.7986 		130.0522 		0.0697
v 142.721 		130.017 		0.0699
v 160.5072 		134.7064 		0.0318
v 154.8387 		148.0675 		14.619
v 154.7762 		148.0672 		14.713
v 155.0381 		148.0685 		14.391
v 154.9632 		148.0681 		14.4764
v 155.2651 		148.0696 		14.192
v 155.274 		148.0697 		14.186
v 142.148 		131.929 		6.0691
v 142.1565 		131.9305 		6.0691
v 150.3819 		148.0459 		11.2552
v 174.5862 		147.988 		6.002
v 142.6775 		130.0038 		0.0699
v 154.3811 		148.0651 		16.326
v 154.3698 		148.0651 		16.1481
v 142.596 		129.9783 		0.0701
v 174.557 		151.603 		0.026
v 174.556 		151.988 		0.102
v 174.553 		153.591 		1.174
v 174.553 		153.983 		1.852
v 154.3617 		148.065 		16.025
v 154.3692 		148.0651 		16.1377
v 142.5511 		129.9707 		0.0702
v 142.4663 		129.957 		0.0704
v 174.555 		152.359 		0.228
v 174.553 		153.333 		0.879
v 141.389 		131.114 		6.0705
v 141.418 		131.242 		6.0705
v 141.4211 		131.2501 		6.0705
v 141.464 		131.3641 		6.0704
v 141.4681 		131.3717 		6.0704
v 174.554 		152.711 		0.402
v 174.553 		153.038 		0.62
v 174.552 		153.809 		1.5
v 155.5161 		148.0708 		14.024
v 154.4401 		148.0654 		16.623
v 154.3529 		151.2785 		16.326
v 143.3175 		131.3008 		6.0662
v 143.353 		131.184 		6.0662
v 154.3351 		151.2783 		16.0444
v 154.3338 		151.2783 		16.025
v 143.3544 		131.1755 		6.0662
v 154.3529 		151.2785 		15.723
v 154.3516 		151.2785 		15.7425
v 143.06 		131.941 		6.067
v 143.191 		131.54 		6.0665
v 143.1956 		131.5327 		6.0665
v 143.26 		131.429 		6.0664
v 154.4119 		151.279 		15.427
v 143.2636 		131.4211 		6.0664
v 143.315 		131.3091 		6.0663
v 154.5089 		151.2798 		15.141
v 154.6429 		151.281 		14.87
v 154.8 		151.2824 		14.6352
v 154.8108 		151.2825 		14.619
v 155.0099 		151.2842 		14.391
v 154.997 		151.2841 		14.4057
v 155.2369 		151.2862 		14.192
v 155.4879 		151.2884 		14.024
v 141.9192 		131.8434 		6.0692
v 141.951 		131.8578 		6.0691
v 141.8587 		132.0465 		6.0693
v 141.691 		131.683 		6.0699
v 141.6977 		131.6885 		6.0699
v 141.792 		131.7661 		6.0696
v 141.7994 		131.7706 		6.0696
v 141.903 		131.836 		6.0693
v 141.9109 		131.8396 		6.0692
v 174.573 		150.941 		0.002
v 150.048 		151.241 		12.65
v 142.1608 		129.9751 		0.0711
v 174.5597 		150.941 		0.018
v 174.5616 		150.941 		0.9463
v 174.559 		151.211 		0
v 154.431 		154.066 		3.6291
v 154.4191 		154.066 		3.5452
v 152.2025 		154.0554 		3.5499
v 149.8248 		154.0437 		3.5549
v 148.4219 		154.0364 		3.8135
v 148.9693 		154.0393 		3.5568
v 148.9693 		154.0391 		3.5568
v 147.515 		137.1082 		0.0598
v 148.8179 		137.1082 		0.0568
v 149.9608 		137.1083 		0.0542
v 150.9805 		137.1084 		0.0525
v 151.9032 		137.1084 		0.0505
v 152.7496 		137.1085 		0.0483
v 153.5347 		137.1086 		0.0468
v 154.2719 		137.1086 		0.0454
v 154.9713 		137.1086 		0.0437
v 155.641 		137.1087 		0.0425
v 142.022 		131.8901 		6.0691
v 155.2251 		148.0697 		6.0434
v 154.8054 		148.0676 		6.0443
v 154.8818 		137.2904 		0.0439
v 155.5712 		137.2904 		0.0426
v 153.4029 		137.2902 		0.0471
v 154.1617 		137.2903 		0.0456
v 142.0303 		131.8926 		6.0691
v 152.5946 		137.2902 		0.0487
v 149.7237 		137.2899 		0.0547
v 150.7734 		137.29 		0.0529
v 148.5471 		137.2898 		0.0574
v 142.0773 		129.994 		0.0713
v 151.7233 		137.2901 		0.0509
v 154.3018 		148.0652 		6.0454
v 142.4811 		131.9483 		6.068
v 150.002 		148.044 		6.0546
v 142.538 		131.943 		6.0679
v 148.7371 		148.0375 		6.0573
v 160.5114 		128.2952 		1.748
v 160.5077 		128.2291 		0.0317
v 142.5465 		131.9411 		6.0679
v 142.666 		131.9131 		6.0676
v 142.6741 		131.91 		6.0676
v 142.789 		131.868 		6.0674
v 160.5078 		127.1856 		0.0318
v 142.905 		131.806 		6.0671
v 147.5646 		148.032 		6.0598
v 142.912 		131.801 		6.0671
v 143.011 		131.73 		6.0669
v 143.0174 		131.7241 		6.0669
v 143.107 		131.641 		6.0667
v 143.1125 		131.6343 		6.0667
v 143.06 		131.941 		6.0668
v 141.9543 		130.04 		0.0715
v 142.725 		132 		6.0675
v 141.9139 		130.0612 		0.0716
v 141.839 		130.101 		0.0718
v 141.732 		130.177 		0.0721
v 160.5077 		128.8977 		0.0317
v 160.5077 		128.595 		0.0317
v 146.7908 		154.0284 		4.7082
v 145.7337 		154.0231 		14.6891
v 155.5053 		151.2885 		18.0336
v 155.4879 		151.2884 		18.025
v 155.2369 		151.2862 		17.857
v 155.0099 		151.2842 		17.658
v 154.8237 		151.2826 		17.4456
v 154.8108 		151.2825 		17.431
v 145.7666 		148.0231 		14.6887
v 154.6429 		151.281 		17.18
v 154.6536 		151.2811 		17.1962
v 141.364 		130.9834 		0.0729
v 141.3685 		131.0286 		0.0729
v 154.5089 		151.2798 		16.909
v 154.4119 		151.279 		16.623
v 141.6986 		130.2083 		0.0722
v 167.759 		156.34 		13.487
v 160.5076 		129.7477 		0.0317
v 160.5076 		129.5724 		0.0317
v 141.6736 		130.2314 		0.0723
v 141.636 		130.2663 		0.0723
v 150.0237 		154.0442 		19.5526
v 141.6071 		130.3015 		0.0724
v 150.0237 		154.0439 		19.5526
v 141.5523 		130.368 		0.0725
v 151.5449 		154.0514 		19.555
v 150.0237 		154.0439 		19.555
v 160.5076 		130.0535 		0.0317
v 141.528 		130.4066 		0.0726
v 141.483 		130.479 		0.0726
v 174.554 		154.211 		3
v 174.555 		154.186 		3.391
v 174.553 		154.186 		2.608
v 141.4642 		130.5204 		0.0727
v 160.5075 		130.6709 		0.0317
v 141.4283 		130.598 		0.0728
v 160.5076 		130.3182 		0.0317
v 141.3903 		130.723 		0.0728
v 174.604 		148.165 		19.5
v 174.5696 		154.165 		18.8622
v 174.571 		154.165 		19.5
v 174.5697 		154.165 		18.8816
v 174.5697 		154.165 		18.877
v 174.553 		154.165 		11.0168
v 174.1481 		154.1629 		19.5009
v 174.1481 		154.1628 		19.5009
v 174.5282 		154.1647 		19.5001
v 171.708 		154.151 		9.769
v 174.57 		154.165 		18.877
v 170.833 		154.147 		8.536
v 141.3827 		130.7683 		0.0728
v 174.421 		154.164 		21.096
v 174.191 		154.163 		20.031
v 174.5697 		154.165 		18.8724
v 141.3683 		130.8523 		0.0729
v 174.0701 		154.1625 		18.536
v 174.0755 		154.1626 		18.6039
v 170.833 		154.1467 		8.536
v 170.8329 		154.1467 		8.5359
v 141.3666 		130.898 		0.0729
v 141.3652 		130.9447 		0.0729
v 173.22 		148.158 		12.374
v 172.176 		148.153 		10.382
v 171.741 		148.151 		9.769
v 173.22 		148.1583 		12.3741
v 173.22 		148.1583 		12.374
v 172.176 		148.1531 		10.382
v 150.048 		151.241 		19.555
v 174.454 		148.164 		21.096
v 174.444 		148.164 		16.658
v 174.603 		148.165 		18.877
v 174.444 		148.1642 		16.6581
v 174.444 		148.1642 		16.658
v 145.677 		154.022 		32.426
v 174.6027 		148.165 		18.8816
v 174.5612 		148.1648 		19.5001
v 145.71 		148.022 		32.426
v 174.6027 		148.165 		18.8724
v 174.5754 		148.165 		6.002
v 174.5697 		154.1525 		18.8724
v 174.5606 		154.165 		14.5997
v 174.586 		150.941 		6.002
v 144.379 		126.065 		6.064
v 174.2988 		154.1637 		12.916
v 144.379 		126.602 		6.0638
v 174.558 		153.983 		4.148
v 174.5863 		148.165 		11.1535
v 174.562 		153.333 		5.121
v 174.564 		153.037 		5.38
v 174.567 		152.359 		5.772
v 174.569 		151.988 		5.898
v 144.379 		126.3266 		6.0639
v 174.569 		151.988 		5.898
v 174.569 		151.988 		5.898
v 144.379 		126.065 		6.0638
v 174.05 		156.466 		18.536
v 174.569 		151.988 		5.898
v 174.17 		156.467 		20.031
v 174.565 		152.711 		5.598
v 174.57 		151.603 		5.974
v 160.521 		124.759 		6.029
v 160.508 		124.759 		0.0318
v 160.5038 		124.759 		0.0318
v 156.8497 		154.0779 		9.907
v 157.1209 		154.0792 		9.883
v 156.8936 		154.0781 		9.9031
v 157.3829 		154.0805 		9.844
v 157.4229 		154.0807 		9.8353
v 159.4135 		124.7589 		0.0341
v 158.7849 		124.7589 		0.0356
v 157.5421 		124.7588 		0.0381
v 156.9171 		124.7588 		0.0395
v 173.215 		154.158 		25.386
v 173.248 		148.158 		25.386
v 156.8317 		154.0777 		12.5573
v 157.0871 		154.079 		12.574
v 157.4714 		154.0809 		12.65
v 174.559 		153.809 		4.5
v 142.2709 		126.0646 		6.0685
v 174.56 		153.591 		4.826
v 160.521 		124.798 		6.029
v 160.508 		124.7628 		0.0318
v 140.6187 		126.0643 		6.072
v 173.967 		154.162 		23.278
v 160.5117 		124.798 		1.748
v 160.5079 		126.3878 		0.0317
v 160.508 		125.2331 		0.0319
v 169.894 		131.906 		6.01
v 140.4407 		126.0642 		6.072
v 174 		148.162 		23.278
v 169.393 		131.456 		6.011
v 160.5919 		124.798 		6.0289
v 160.5827 		124.798 		6.0289
v 160.5786 		124.798 		6.0289
v 160.5753 		124.798 		6.0289
v 160.5873 		124.798 		6.0289
v 169.894 		131.906 		6.0095
v 169.894 		131.906 		6.0095
v 169.8939 		131.906 		6.0095
v 143.1106 		122.1944 		0.0687
v 140.9662 		122.1942 		0.0737
v 169.393 		131.456 		6.0105
v 169.393 		131.456 		6.0105
v 169.393 		131.456 		6.0105
v 169.393 		131.456 		6.0105
v 156.1721 		154.0745 		12.574
v 156.6295 		154.0768 		12.544
v 156.3748 		154.0755 		12.5607
v 159.9961 		122.1958 		0.0329
v 174.556 		154.109 		3.776
v 163.826 		122.1961 		0.025
v 161.8375 		122.1959 		0.0292
v 162.8077 		122.196 		0.0269
v 159.1071 		122.1957 		0.035
v 156.4656 		122.1955 		0.0405
v 157.3495 		122.1956 		0.0385
v 156.574 		154.0765 		10.4285
v 174.553 		154.109 		2.223
v 163.1841 		154.109 		12.65
v 154.2584 		124.7586 		0.045
v 151.88 		124.7584 		0.0501
v 150.9536 		124.7584 		0.0521
v 149.9298 		124.7583 		0.0543
v 147.4745 		124.7582 		0.0594
v 155.6324 		124.7587 		0.0421
v 154.9601 		124.7586 		0.0437
v 153.518 		124.7585 		0.0468
v 152.7298 		124.7585 		0.0484
v 148.7823 		124.7582 		0.0569
v 154.6486 		122.1953 		0.0442
v 152.7054 		122.1952 		0.0483
v 153.6978 		122.1953 		0.0465
v 151.6582 		122.1951 		0.0509
v 155.9213 		154.0733 		12.6236
v 148.0313 		122.1948 		0.0583
v 149.3415 		122.1949 		0.0556
v 150.5434 		122.195 		0.0531
v 155.7881 		154.0726 		12.65
v 157.6317 		154.0817 		9.79
v 157.6279 		154.0817 		8.198
v 158.6707 		154.0868 		9.112
v 158.6887 		154.0869 		8.992
v 158.6736 		154.0869 		9.0926
v 158.6699 		154.0868 		8.872
v 158.6858 		154.0869 		8.9726
v 158.6157 		154.0866 		8.754
v 158.661 		154.0868 		8.853
v 158.5267 		154.0861 		8.6408
v 158.6013 		154.0865 		8.7356
v 158.4037 		154.0855 		8.533
v 158.5069 		154.086 		8.6236
v 158.2497 		154.0848 		8.4338
v 141.345 		150.9354 		0.0731
v 158.3789 		154.0854 		8.5169
v 141.7303 		150.9383 		0.0723
v 158.0667 		154.0839 		8.3438
v 158.2202 		154.0846 		8.4193
v 157.8587 		154.0828 		8.2648
v 158.0332 		154.0837 		8.3311
v 157.8216 		154.0827 		8.2542
v 157.8617 		154.0828 		9.723
v 158.0697 		154.0839 		9.643
v 157.8953 		154.083 		9.7101
v 141.4379 		154.002 		9.8336
v 144.2377 		154.0157 		12.1329
v 158.2519 		154.0848 		9.5528
v 141.005 		154 		10.449
v 158.0992 		154.084 		9.6283
v 144.1311 		154.0152 		12.1471
v 158.4057 		154.0855 		9.452
v 158.2766 		154.0849 		9.5367
v 139.969 		153.995 		12.445
v 140.4641 		153.9974 		12.6377
v 139.8721 		153.9945 		12.7169
v 141.005 		153.9999 		10.449
v 158.5279 		154.0861 		9.344
v 158.4256 		154.0856 		9.4346
v 139.969 		153.9947 		12.445
v 139.8721 		153.9943 		12.7169
v 158.6167 		154.0866 		9.23
v 158.5421 		154.0862 		9.3256
v 143.855 		154.014 		6.922
v 147.2058 		137.2897 		0.0605
v 143.5291 		154.0123 		7.2749
v 143.562 		148.0123 		7.2749
v 142.341 		148.006 		8.597
v 174.5764 		133.5233 		0.0016
v 174.5763 		134.2997 		0.0016
v 174.5765 		131.3088 		0.0019
v 174.5764 		132.0347 		0.0018
v 141.4709 		148.002 		9.8336
v 174.5764 		132.7712 		0.0021
v 174.5762 		135.9584 		0.0019
v 142.341 		148.0063 		8.597
v 174.576 		138.8884 		0.0022
v 174.5761 		137.8328 		0.0022
v 174.5762 		136.8623 		0.0021
v 174.5763 		135.1084 		0.0022
v 174.576 		139.697 		0.002
v 174.589 		139.697 		6
v 143.855 		154.0139 		6.922
v 144.5814 		154.0174 		17.4467
v 139.9625 		153.9946 		18.6026
v 139.7555 		153.9936 		18.5859
v 144.6141 		148.0174 		17.4456
v 145.1211 		154.0201 		13.5283
v 143.3572 		154.0115 		13.764
v 144.5303 		148.017 		12.3458
v 174.5767 		127.5943 		0.0016
v 141.1252 		148.0002 		19.5717
v 174.5705 		150.941 		5.0537
v 174.5727 		150.941 		5.982
v 174.572 		151.211 		6
v 174.5668 		150.941 		3.3519
v 174.567 		150.941 		3.4676
v 174.5674 		150.941 		3.6517
v 174.5681 		150.941 		4.0083
v 174.5665 		150.941 		3.2072
v 174.5663 		150.941 		3.1119
v 174.5663 		150.941 		3.1559
v 174.5665 		150.941 		3.27
v 174.5661 		150.941 		3.0723
v 142.4406 		131.9508 		0.0704
v 142.5253 		131.943 		0.0703
v 142.5699 		131.9329 		0.0702
v 142.6533 		131.9133 		0.07
v 142.6958 		131.8973 		0.0699
v 142.776 		131.868 		0.0697
v 142.892 		131.806 		0.0695
v 142.9292 		131.7795 		0.0695
v 142.9983 		131.73 		0.0693
v 143.0318 		131.699 		0.0693
v 143.0943 		131.641 		0.0692
v 174.565 		151.211 		3
v 143.1232 		131.6058 		0.0691
v 143.1322 		131.595 		0.0691
v 143.178 		131.54 		0.069
v 172.2359 		126.066 		6.0045
v 173.013 		126.066 		6.003
v 143.2024 		131.5014 		0.069
v 143.2473 		131.429 		0.0688
v 172.4924 		126.066 		6.0036
v 172.6801 		126.066 		6.0035
v 172.0899 		127.2616 		6.0049
v 172.8057 		126.066 		6.003
v 172.9729 		126.066 		6.0028
v 172.151 		128.0322 		6.0048
v 173.013 		126.066 		6.0027
v 173.013 		126.5901 		6.0025
v 173.013 		126.3897 		6.0025
v 170.453 		130.103 		6.0083
v 170.446 		130.108 		6.0083
v 170.347 		130.179 		6.0085
v 170.3406 		130.1849 		6.0085
v 170.251 		130.2681 		6.0087
v 170.2455 		130.2747 		6.0087
v 170.167 		130.3691 		6.0089
v 170.1624 		130.3764 		6.0089
v 170.098 		130.481 		6.009
v 170.0944 		130.4889 		6.009
v 170.043 		130.6 		6.0091
v 170.0405 		130.6082 		6.0091
v 170.005 		130.725 		6.0092
v 170.0036 		130.7336 		6.0092
v 143.2661 		131.3876 		0.0688
v 170.95 		129.954 		6.0073
v 170.9414 		129.9549 		6.0073
v 171.1569 		129.9714 		6.0068
v 171.081 		129.959 		6.007
v 171.3223 		130.0148 		6.0067
v 171.21 		129.9801 		6.0068
v 171.2015 		129.9786 		6.0068
v 171.977 		131.057 		6.0051
v 171.9773 		131.0484 		6.0051
v 171.981 		130.926 		6.0051
v 171.9802 		130.9174 		6.0051
v 171.969 		130.7951 		6.0052
v 171.9671 		130.7866 		6.0052
v 171.939 		130.668 		6.0052
v 171.936 		130.6599 		6.0052
v 171.894 		130.545 		6.0053
v 171.8899 		130.5373 		6.0053
v 171.832 		130.429 		6.0054
v 171.756 		130.322 		6.0056
v 171.7501 		130.3157 		6.0056
v 171.667 		130.2261 		6.0058
v 171.6603 		130.2205 		6.0058
v 171.566 		130.143 		6.006
v 171.5586 		130.1384 		6.006
v 171.455 		130.0731 		6.0062
v 171.4471 		130.0694 		6.0062
v 171.4378 		130.0652 		6.0063
v 171.336 		130.019 		6.0067
v 171.3277 		130.0165 		6.0067
v 170.82 		129.9661 		6.0075
v 170.8115 		129.968 		6.0075
v 170.692 		129.996 		6.0078
v 170.6839 		129.999 		6.0078
v 170.569 		130.042 		6.008
# 1625 vertices

g group_8_6383466

usemtl color_6383466
s 0

f 7031 	7030 	7036
f 7047 	7036 	7030
f 7118 	7030 	7031
f 7035 	7036 	7034
f 7033 	7034 	7036
f 7039 	7040 	7033
f 7034 	7033 	7040
f 7033 	7047 	7049
f 7036 	7047 	7033
f 7045 	7046 	7826
f 7050 	7827 	7046
f 7827 	7826 	7046
f 7051 	7050 	7046
f 7044 	7045 	7826
f 7826 	7828 	7044
f 7828 	7822 	7044
f 7033 	7049 	7039
f 7057 	7055 	7064
f 7054 	7057 	7064
f 7051 	7064 	7055
f 7035 	7058 	7036
f 7032 	7036 	7058
f 7055 	7050 	7051
f 7060 	7031 	7063
f 7036 	7063 	7031
f 7032 	7060 	7063
f 7053 	7054 	7064
f 7063 	7036 	7032
f 7066 	8472 	7068
f 7070 	7066 	7071
f 7068 	7071 	7066
f 7067 	7071 	7068
f 7067 	8472 	7831
f 7081 	8620 	7684
f 7069 	7072 	7085
f 7087 	7082 	7085
f 7069 	7085 	7082
f 7084 	7086 	7083
f 7086 	7095 	7083
f 7085 	7072 	7073
f 7073 	7087 	7085
f 7074 	7047 	7082
f 7088 	7096 	7083
f 7083 	7091 	7092
f 7082 	7087 	7075
f 7082 	7075 	7074
f 7091 	7083 	7093
f 7093 	7083 	7094
f 7075 	7087 	7073
f 7088 	7083 	7095
f 7094 	7083 	7096
f 7082 	7047 	7069
f 7074 	7077 	7047
f 7049 	7047 	7077
f 7077 	7079 	7049
f 7039 	7049 	7079
f 7114 	8252 	7097
f 7099 	7113 	7098
f 7100 	7113 	7099
f 7101 	7113 	7100
f 7102 	7113 	7101
f 7103 	7113 	7102
f 7115 	7113 	7103
f 7105 	7106 	7104
f 7106 	7116 	7104
f 7108 	7104 	7107
f 7110 	7104 	7108
f 7113 	7104 	7110
f 7053 	7122 	7113
f 7112 	7114 	7111
f 7109 	7111 	7114
f 7104 	7113 	7115
f 7060 	7859 	7031
f 7114 	7097 	7109
f 7107 	7104 	7116
f 7031 	7117 	7118
f 7131 	7113 	7122
f 7122 	7053 	7121
f 7125 	7113 	7124
f 7124 	7113 	7123
f 7120 	7121 	7053
f 7119 	7120 	7053
f 7126 	7113 	7125
f 7127 	7113 	7126
f 7132 	7113 	7127
f 7064 	7119 	7053
f 7080 	7081 	7684
f 7128 	7129 	7130
f 7047 	7030 	7069
f 7123 	7113 	7131
f 7098 	7113 	7132
f 7066 	7134 	8472
f 7133 	8493 	7134
f 7130 	7145 	7128
f 7129 	7128 	7724
f 7135 	7136 	7117
f 7136 	7118 	7117
f 7139 	7133 	7140
f 7134 	7140 	7133
f 7328 	7141 	7365
f 7140 	7134 	7070
f 7066 	7070 	7134
f 7143 	7144 	7142
f 8363 	7144 	7143
f 7141 	7142 	7144
f 7859 	7060 	7032
f 7117 	7031 	7146
f 7146 	7031 	7859
f 7866 	7816 	7863
f 7135 	7117 	7146
f 7155 	7182 	7209
f 7156 	7154 	7209
f 7154 	7155 	7209
f 7158 	7156 	7209
f 7070 	7851 	7140
f 7071 	7851 	7070
f 7161 	7159 	7208
f 7209 	7208 	7157
f 7157 	7158 	7209
f 8577 	8574 	7164
f 7160 	7161 	7208
f 7163 	7160 	7208
f 7206 	7274 	7171
f 7168 	7169 	8397
f 7164 	8397 	7170
f 7170 	8397 	7169
f 7167 	7168 	8397
f 7048 	7589 	8544
f 7167 	8397 	7186
f 7172 	7186 	8397
f 7160 	7225 	7161
f 7172 	8397 	7175
f 7162 	7220 	7163
f 8590 	7682 	8591
f 7184 	7171 	7183
f 7177 	7184 	7183
f 7180 	7238 	7185
f 7185 	7238 	7191
f 7195 	7188 	7189
f 7190 	7191 	7238
f 7192 	7187 	7238
f 7190 	7238 	7187
f 7188 	7195 	7196
f 7238 	7209 	7192
f 7171 	7184 	7173
f 7188 	7199 	7189
f 7184 	7177 	7173
f 7194 	7192 	7209
f 7193 	7194 	7209
f 7181 	7193 	7209
f 7182 	7197 	7209
f 7196 	7195 	7198
f 7197 	7181 	7209
f 7196 	7198 	7200
f 7174 	7175 	8397
f 8397 	8252 	7174
f 7207 	7083 	7204
f 7281 	7282 	7279
f 7159 	7157 	7208
f 7162 	7163 	7208
f 7208 	7212 	7213
f 7208 	7213 	7210
f 7208 	7215 	7214
f 7215 	7208 	7216
f 7208 	7209 	7216
f 7208 	7210 	7217
f 7218 	7208 	7217
f 7208 	7214 	7219
f 7182 	7155 	7165
f 7208 	7219 	7212
f 7162 	7208 	7220
f 7218 	7220 	7208
f 7202 	7174 	8252
f 7160 	7232 	7225
f 7227 	7161 	7225
f 7229 	7234 	7230
f 7227 	7231 	7161
f 7159 	7161 	7231
f 7231 	7721 	7159
f 7220 	7232 	7163
f 7232 	7160 	7163
f 7233 	7262 	8359
f 7260 	8359 	7259
f 7237 	8359 	7236
f 7233 	8359 	7237
f 7236 	8359 	7240
f 7211 	7165 	7155
f 7240 	8359 	7242
f 7241 	7242 	8359
f 7247 	8359 	7246
f 7251 	7252 	8359
f 7241 	8359 	7247
f 7250 	8359 	7249
f 7246 	8359 	7250
f 7235 	7228 	7248
f 7226 	7248 	7228
f 7249 	8359 	7252
f 7228 	7235 	7229
f 7234 	7229 	7235
f 7239 	7230 	7234
f 7251 	8359 	7253
f 7255 	8359 	7254
f 7253 	8359 	7255
f 7464 	7465 	7258
f 7605 	7153 	7178
f 7259 	8359 	7262
f 8402 	7269 	8359
f 7268 	7269 	7265
f 7222 	7221 	7155
f 7221 	7211 	7155
f 7264 	7261 	7266
f 7267 	7257 	7264
f 7261 	7264 	7257
f 7270 	7258 	7267
f 7248 	7226 	7270
f 7271 	7272 	8394
f 7272 	7223 	8394
f 7256 	7266 	7261
f 7257 	7267 	7258
f 7258 	7270 	7226
f 7218 	7217 	7276
f 7275 	7218 	7276
f 7212 	7276 	7210
f 7212 	7214 	7276
f 7213 	7212 	7210
f 7277 	7245 	7155
f 7245 	7222 	7155
f 7214 	7215 	7276
f 8373 	8363 	7260
f 7228 	7471 	7226
f 7216 	7276 	7215
f 7210 	7276 	7217
f 7212 	7219 	7214
f 7275 	7273 	7218
f 7232 	7273 	7225
f 7278 	7225 	7273
f 7225 	7278 	7227
f 7278 	7231 	7227
f 7229 	7479 	7228
f 7279 	7272 	7271
f 7273 	7232 	7220
f 7283 	7277 	7155
f 7271 	7280 	7279
f 7272 	7279 	7223
f 7203 	7223 	7279
f 7203 	7279 	7282
f 7284 	8152 	7283
f 7287 	7288 	7143
f 7286 	7279 	7285
f 7818 	7189 	7199
f 7286 	7281 	7279
f 7204 	7203 	7282
f 7870 	7289 	7291
f 8179 	7283 	8152
f 7290 	7291 	7289
f 7287 	7294 	7288
f 7464 	7258 	7226
f 7296 	7292 	7289
f 7293 	7290 	7289
f 8179 	7277 	7283
f 7297 	7288 	7294
f 7292 	7293 	7289
f 7295 	7296 	7289
f 7298 	7295 	7289
f 7301 	7306 	7399
f 7244 	7243 	7153
f 7179 	7178 	7153
f 7243 	7179 	7153
f 7299 	8396 	7307
f 7299 	7307 	7300
f 7307 	8396 	7309
f 7301 	7309 	7306
f 7138 	7149 	7726
f 7307 	7309 	7300
f 7300 	7309 	7301
f 7785 	7786 	7238
f 7323 	7315 	7311
f 7316 	8246 	7314
f 7314 	8246 	7308
f 7303 	7153 	7305
f 7284 	7155 	7308
f 7283 	7155 	7284
f 7321 	7989 	7320
f 7313 	7312 	7153
f 7305 	7153 	7312
f 7310 	7311 	7315
f 7257 	7258 	7465
f 7320 	7313 	7153
f 7321 	7320 	8182
f 7153 	8182 	7320
f 7479 	7229 	7478
f 7275 	7816 	7334
f 7335 	7336 	7334
f 7230 	7482 	7478
f 7321 	8182 	7326
f 7334 	7336 	7396
f 7471 	7228 	7479
f 7317 	7318 	7421
f 7318 	7319 	7421
f 7342 	7425 	7341
f 7339 	7343 	7338
f 7314 	7308 	7155
f 7425 	7342 	7344
f 7347 	7327 	7346
f 7316 	7314 	7154
f 7324 	7316 	7154
f 7155 	7154 	7314
f 7426 	7427 	7341
f 7331 	8182 	7333
f 7347 	7328 	7327
f 7330 	7346 	7327
f 7349 	7339 	7338
f 7338 	7351 	7349
f 7330 	7327 	7329
f 7332 	7346 	7330
f 7338 	7345 	7352
f 7338 	7352 	7351
f 7345 	7354 	7352
f 7345 	7348 	7359
f 7345 	7359 	7354
f 7326 	8182 	7331
f 7883 	7340 	7360
f 8277 	7883 	7360
f 7357 	7358 	7425
f 7362 	7357 	7425
f 7358 	7360 	7425
f 7315 	7323 	7353
f 7355 	7371 	7356
f 7367 	8155 	7366
f 7350 	7325 	7154
f 7325 	7324 	7154
f 7372 	7353 	7323
f 7371 	7355 	7372
f 7353 	7372 	7355
f 7432 	7425 	7381
f 7375 	7356 	7371
f 7380 	7425 	7383
f 7385 	7330 	7384
f 7330 	7329 	7384
f 8439 	7386 	7387
f 7387 	7332 	8439
f 7382 	7383 	7425
f 7380 	7381 	7425
f 7382 	7425 	7319
f 7553 	7554 	7380
f 7387 	7386 	8413
f 7364 	7350 	7154
f 7319 	7318 	7564
f 7332 	7387 	7346
f 8413 	7346 	7387
f 7394 	7421 	7291
f 7391 	7421 	7394
f 7392 	7421 	7391
f 7300 	7398 	7299
f 7301 	7399 	7398
f 7300 	7301 	7398
f 7304 	7302 	7400
f 7377 	7376 	7154
f 7376 	7364 	7154
f 7393 	7407 	7348
f 7359 	7348 	7407
f 7620 	7621 	7391
f 7625 	7291 	7624
f 7290 	7624 	7291
f 7396 	7336 	7404
f 7405 	7397 	7404
f 7396 	7404 	7397
f 7407 	7393 	7406
f 7406 	7393 	7405
f 7397 	7405 	7393
f 7635 	7634 	7295
f 8544 	7437 	8545
f 7434 	8439 	7385
f 7298 	7289 	7412
f 7411 	7412 	7289
f 7399 	7306 	7410
f 7384 	7431 	7385
f 7414 	7289 	7413
f 7414 	7411 	7289
f 7413 	7289 	7415
f 7433 	7356 	7435
f 7204 	7282 	7289
f 7415 	7289 	7282
f 7638 	7637 	7411
f 7390 	7377 	7154
f 7410 	7294 	7287
f 7281 	7642 	7282
f 7417 	7418 	7420
f 7646 	7647 	7285
f 7418 	7419 	7420
f 7682 	7424 	7154
f 7402 	7401 	7154
f 7401 	7395 	7154
f 7322 	7317 	7421
f 7422 	7322 	7421
f 7423 	7422 	7421
f 7340 	7341 	7425
f 7396 	7488 	7334
f 7340 	7426 	7341
f 7428 	7342 	7427
f 7342 	7341 	7427
f 7344 	7342 	7428
f 7361 	7362 	7425
f 7429 	7430 	7425
f 7430 	7361 	7425
f 7416 	7154 	7424
f 7384 	7373 	7431
f 7340 	7891 	7426
f 7427 	7426 	7890
f 7669 	8607 	7667
f 7358 	7579 	7360
f 7324 	8247 	7316
f 8249 	7350 	8250
f 7429 	7425 	7432
f 7344 	7319 	7425
f 7356 	7433 	7355
f 7427 	7890 	7428
f 7890 	7889 	7428
f 7385 	7431 	7434
f 7376 	8251 	7364
f 7390 	8282 	7377
f 7395 	8192 	7390
f 7568 	7570 	7317
f 7396 	7397 	7488
f 7409 	8545 	7436
f 7408 	8545 	7409
f 7416 	8130 	7402
f 7416 	7424 	8133
f 7436 	8545 	7437
f 7437 	8544 	7166
f 8242 	8218 	7367
f 7156 	7685 	7154
f 7590 	7579 	7357
f 7438 	8545 	7368
f 7500 	8545 	7438
f 7555 	7604 	7432
f 7429 	7432 	7604
f 7604 	7597 	7430
f 7402 	7154 	7416
f 7422 	7423 	7611
f 7488 	7491 	7334
f 7549 	7334 	7491
f 7423 	7421 	7439
f 7441 	7627 	7628
f 7439 	7421 	7392
f 7442 	7990 	7446
f 7870 	7291 	7421
f 7446 	7448 	7442
f 7871 	7870 	7421
f 7755 	7442 	7448
f 7755 	7469 	7442
f 7441 	7628 	7388
f 7555 	7432 	7381
f 7450 	7457 	7449
f 8547 	7445 	8182
f 7440 	8182 	7444
f 7333 	8182 	7440
f 7380 	7383 	7553
f 7561 	7553 	7383
f 7383 	7382 	7561
f 7318 	7317 	7570
f 7435 	7505 	7433
f 7434 	7505 	7435
f 7570 	7564 	7318
f 7441 	7369 	7370
f 7472 	7353 	7483
f 7457 	7450 	7546
f 7505 	7434 	7431
f 7317 	7322 	7568
f 7441 	7370 	7374
f 7430 	7429 	7604
f 7448 	7449 	7755
f 7441 	7338 	7343
f 7755 	7449 	7453
f 7446 	7463 	7448
f 7611 	7608 	7422
f 7466 	7464 	7226
f 7466 	7505 	7464
f 7439 	7618 	7423
f 7442 	7469 	7447
f 7441 	7345 	7338
f 7392 	7391 	7621
f 7441 	7348 	7345
f 7465 	7505 	7467
f 7454 	7445 	8547
f 7621 	7618 	7392
f 7459 	7462 	7505
f 7462 	7461 	7505
f 7441 	7363 	7337
f 7450 	7449 	7470
f 7625 	7620 	7394
f 7460 	7459 	7505
f 7441 	7374 	7378
f 7624 	7290 	7293
f 7226 	7471 	7466
f 7441 	7337 	7379
f 7448 	7470 	7449
f 7633 	7631 	7292
f 7483 	7505 	7472
f 7476 	7443 	7473
f 7441 	7379 	7369
f 7230 	7478 	7229
f 7441 	7378 	7615
f 7441 	7645 	7632
f 7412 	7637 	7298
f 7433 	7505 	7483
f 7477 	7480 	7443
f 7441 	7639 	7627
f 7635 	7295 	7298
f 7441 	7388 	7389
f 7484 	7661 	7446
f 7476 	7477 	7443
f 7480 	7484 	7446
f 7443 	7480 	7446
f 7481 	7505 	7482
f 7472 	7505 	7481
f 7640 	7641 	7413
f 7616 	7645 	7441
f 7479 	7478 	7505
f 7505 	7478 	7482
f 7441 	7393 	7348
f 7464 	7505 	7465
f 7471 	7505 	7466
f 7479 	7505 	7471
f 7461 	7467 	7505
f 7397 	7393 	7441
f 7441 	7343 	7363
f 7980 	7993 	7443
f 7441 	7644 	7639
f 7463 	7470 	7448
f 7475 	8547 	7485
f 7397 	7441 	7488
f 7642 	7640 	7415
f 7491 	7493 	7549
f 7441 	7491 	7488
f 7489 	7492 	7473
f 7498 	7549 	7493
f 7494 	7476 	7492
f 7495 	8545 	7496
f 7389 	7569 	7441
f 7818 	7199 	8622
f 7441 	7493 	7491
f 7486 	7485 	8547
f 7498 	7493 	7499
f 7549 	7498 	7504
f 7519 	7520 	7504
f 7431 	7502 	7505
f 7518 	7504 	7498
f 7503 	7504 	7501
f 7441 	7504 	7503
f 7476 	7494 	7477
f 7500 	7496 	8545
f 7508 	7527 	7507
f 7490 	8547 	7495
f 7441 	7507 	7504
f 7514 	7527 	7508
f 7509 	7527 	7506
f 7509 	7441 	7527
f 7441 	7531 	7530
f 7441 	7532 	7531
f 7441 	7530 	7529
f 7368 	8545 	7403
f 7441 	7533 	7532
f 7451 	7417 	7452
f 7420 	7456 	7417
f 7455 	7452 	7456
f 7417 	7456 	7452
f 8621 	7815 	8622
f 7441 	7529 	7527
f 7441 	7509 	7506
f 7487 	7486 	8547
f 7475 	7474 	8547
f 7474 	7468 	8547
f 7468 	7454 	8547
f 7441 	7508 	7507
f 8648 	8647 	7573
f 7403 	8545 	7408
f 7494 	7747 	7497
f 7492 	7747 	7494
f 7506 	7527 	7514
f 8545 	7495 	8547
f 7441 	7506 	7514
f 7492 	7489 	7747
f 7441 	7514 	7508
f 7490 	7487 	8547
f 7441 	7503 	7501
f 7441 	7518 	7498
f 7473 	7492 	7476
f 7441 	7499 	7493
f 7517 	7498 	7499
f 7381 	7380 	7554
f 7441 	7498 	7517
f 7497 	7477 	7494
f 7554 	7555 	7381
f 7519 	7504 	7518
f 7441 	7519 	7518
f 7501 	7504 	7520
f 7382 	7564 	7561
f 7441 	7501 	7520
f 7441 	7569 	7567
f 7441 	7567 	7533
f 7441 	7520 	7519
f 7524 	7944 	7523
f 7441 	7517 	7499
f 7575 	7577 	7366
f 7263 	7244 	7153
f 7178 	7176 	7605
f 7521 	7605 	7176
f 7549 	7504 	7527
f 7529 	7531 	7527
f 7531 	7532 	7549
f 7532 	7533 	7549
f 7366 	7360 	7575
f 7303 	7263 	7153
f 7504 	7507 	7527
f 7597 	7598 	7361
f 7549 	7527 	7531
f 7530 	7531 	7529
f 7362 	7600 	7357
f 7361 	7430 	7597
f 7444 	8182 	7445
f 7945 	7858 	7523
f 7439 	7392 	7618
f 7523 	7559 	7524
f 7524 	7559 	7558
f 7394 	7291 	7625
f 7558 	7557 	7524
f 7391 	7394 	7620
f 7441 	7615 	7616
f 7293 	7631 	7624
f 7629 	7626 	7041
f 7537 	7538 	7723
f 7538 	7541 	7723
f 7293 	7292 	7631
f 7536 	7537 	7723
f 7735 	7723 	7541
f 7292 	7296 	7633
f 7634 	7633 	7296
f 7543 	7522 	7205
f 7296 	7295 	7634
f 7543 	7542 	7522
f 7522 	7542 	7540
f 7535 	7536 	7723
f 7412 	7411 	7637
f 7414 	7413 	7641
f 7539 	8615 	7545
f 7523 	7539 	7545
f 7544 	7546 	7450
f 7641 	7638 	7414
f 7076 	7534 	7078
f 7441 	7632 	7644
f 7523 	7545 	7559
f 7371 	7372 	7580
f 7413 	7415 	7640
f 7281 	7643 	7642
f 7415 	7282 	7642
f 7286 	7285 	7647
f 7535 	7723 	7548
f 7549 	7273 	7275
f 7334 	7549 	7275
f 7281 	7286 	7643
f 7647 	7643 	7286
f 7562 	7563 	7549
f 7548 	7723 	7547
f 7372 	7323 	7580
f 7557 	7558 	7552
f 7557 	7552 	7551
f 7551 	7550 	7557
f 7533 	7562 	7549
f 7540 	8614 	7539
f 7559 	7552 	7558
f 7542 	8614 	7540
f 7545 	8618 	7559
f 7554 	7553 	7813
f 7813 	7553 	7561
f 7556 	7578 	7951
f 7382 	7319 	7564
f 7557 	7991 	7572
f 7570 	7794 	7564
f 7565 	7556 	7951
f 7568 	7794 	7570
f 7567 	7563 	7562
f 7367 	7366 	7577
f 7562 	7533 	7567
f 7367 	7577 	8242
f 7577 	7814 	8242
f 7578 	7574 	7951
f 7037 	7951 	7574
f 7573 	7037 	7574
f 7580 	7234 	7235
f 7513 	7515 	7511
f 7580 	7311 	7239
f 7512 	7510 	7516
f 7572 	7571 	7528
f 7273 	7549 	7563
f 7510 	7525 	7516
f 7512 	7516 	7513
f 7515 	7513 	7516
f 7526 	7511 	7515
f 7039 	7584 	7040
f 7572 	7528 	7557
f 7528 	7524 	7557
f 7041 	7037 	7583
f 7041 	7583 	7582
f 7200 	7205 	8599
f 7580 	8378 	8377
f 7039 	7585 	7584
f 7419 	7584 	7585
f 7573 	7583 	7037
f 7220 	7218 	7273
f 7166 	8544 	7586
f 7205 	7522 	8170
f 7740 	7694 	7723
f 7580 	7323 	7311
f 7575 	7360 	7579
f 7580 	7239 	7234
f 7525 	7585 	7587
f 7077 	8565 	7079
f 7039 	7079 	7585
f 7586 	8544 	7588
f 7587 	7585 	7079
f 7580 	8377 	7400
f 7349 	7352 	7030
f 7352 	7354 	7030
f 7585 	7525 	7510
f 7335 	7069 	7336
f 7358 	7357 	7579
f 7354 	7359 	7030
f 7406 	7405 	7069
f 7575 	7814 	7577
f 7579 	7814 	7575
f 7362 	7361 	7598
f 7363 	7339 	7337
f 7343 	7339 	7363
f 7030 	7591 	7339
f 7030 	7339 	7349
f 7362 	7598 	7600
f 7589 	7048 	7592
f 7588 	8544 	7589
f 7601 	7590 	7600
f 7590 	7357 	7600
f 7349 	7351 	7352
f 7359 	7407 	7030
f 7597 	7813 	7598
f 7814 	7590 	7601
f 7555 	7813 	7604
f 7378 	7374 	7591
f 7370 	7591 	7374
f 7369 	7591 	7370
f 7369 	7337 	7591
f 7843 	8378 	7580
f 7597 	7604 	7813
f 7379 	7337 	7369
f 7814 	7601 	7600
f 7337 	7339 	7591
f 7404 	7336 	7405
f 7336 	7069 	7405
f 7596 	7048 	7602
f 7592 	7048 	7596
f 7579 	7590 	7814
f 7580 	8445 	8429
f 7069 	7030 	7406
f 7608 	7568 	7322
f 7407 	7406 	7030
f 7322 	7422 	7608
f 7040 	7584 	7593
f 7248 	7580 	7235
f 7602 	7048 	7603
f 7418 	7593 	7584
f 7118 	7849 	7030
f 7418 	7584 	7419
f 7048 	7041 	7606
f 7580 	7778 	7846
f 7794 	7568 	7608
f 7611 	7794 	7608
f 7619 	7615 	7378
f 7611 	7423 	7618
f 7610 	7606 	7041
f 7580 	7864 	8324
f 7613 	7612 	7041
f 7612 	7610 	7041
f 7620 	7794 	7621
f 7580 	7587 	7079
f 7580 	7515 	7516
f 7623 	7622 	7041
f 7622 	7614 	7041
f 7614 	7613 	7041
f 7625 	7794 	7620
f 7580 	7266 	8392
f 7794 	7611 	7618
f 7624 	7794 	7625
f 7631 	7794 	7624
f 7580 	7526 	7515
f 7626 	7623 	7041
f 7580 	7516 	7525
f 7580 	8392 	7526
f 7618 	7621 	7794
f 7794 	7631 	7633
f 7634 	7794 	7633
f 7635 	7794 	7634
f 7052 	7595 	7594
f 7635 	7298 	7637
f 7629 	7041 	7630
f 7582 	7636 	7041
f 7630 	7041 	7636
f 7637 	7794 	7635
f 7638 	7794 	7637
f 7580 	7525 	7587
f 8608 	7671 	8609
f 7580 	8560 	7864
f 7580 	8324 	8563
f 7638 	7411 	7414
f 8609 	7679 	8610
f 7641 	7794 	7638
f 7807 	7817 	7580
f 7606 	7603 	7048
f 7809 	7808 	7546
f 7643 	7794 	7642
f 7640 	7794 	7641
f 7808 	7857 	7546
f 7810 	7809 	7546
f 7580 	7264 	7266
f 7580 	7267 	7264
f 7544 	7810 	7546
f 7248 	7270 	7580
f 7646 	7431 	7647
f 7580 	7270 	7267
f 7647 	7431 	7643
f 8615 	7744 	7748
f 7653 	7786 	7651
f 7651 	7786 	7541
f 7749 	8616 	7748
f 7655 	7209 	7653
f 7656 	7209 	7655
f 7659 	7649 	7209
f 7676 	7677 	7617
f 7649 	7650 	7209
f 7648 	7951 	7652
f 7657 	7209 	7656
f 7463 	7446 	7663
f 7672 	7673 	7617
f 7664 	7463 	7663
f 7661 	7663 	7446
f 7654 	7951 	7660
f 7652 	7951 	7654
f 7666 	7470 	7665
f 7665 	7470 	7664
f 7668 	7795 	7470
f 7666 	7668 	7470
f 7660 	7951 	7662
f 7463 	7664 	7470
f 7670 	7609 	7671
f 7673 	7675 	8538
f 7470 	7674 	7450
f 7673 	7672 	7675
f 7662 	7951 	7667
f 7672 	7617 	7678
f 7678 	7617 	7677
f 7640 	7642 	7794
f 7675 	7672 	7680
f 7678 	7680 	7672
f 7431 	7373 	7794
f 7677 	7680 	7678
f 7669 	7667 	8350
f 8619 	7751 	7781
f 7617 	7990 	7755
f 7450 	7674 	7544
f 7685 	7617 	7682
f 7684 	7682 	7617
f 7617 	7685 	7688
f 7689 	7617 	7688
f 7691 	7617 	7689
f 7676 	7617 	7691
f 7740 	8438 	7693
f 7687 	7690 	8438
f 7740 	7693 	7694
f 7378 	7591 	7619
f 7697 	7699 	7695
f 7603 	8634 	7602
f 7697 	7698 	8438
f 7698 	7683 	8438
f 7683 	7686 	8438
f 7686 	7687 	8438
f 7699 	7697 	8438
f 7690 	7692 	8438
f 7692 	7693 	8438
f 8431 	8430 	7703
f 7612 	8636 	7610
f 7775 	7773 	7580
f 7703 	7711 	7713
f 7712 	7713 	7711
f 7712 	7814 	7713
f 7713 	7706 	7703
f 7813 	7706 	7713
f 7875 	8076 	7560
f 7547 	7723 	7715
f 7715 	7723 	7714
f 7714 	7723 	7694
f 7710 	7716 	7711
f 7712 	7711 	7716
f 7696 	7719 	7710
f 8471 	8426 	7718
f 7705 	8418 	7717
f 7719 	7716 	7710
f 7813 	7713 	7814
f 7719 	7814 	7716
f 7712 	7716 	7814
f 7693 	8312 	7694
f 7709 	7720 	8480
f 8485 	8480 	7720
f 7727 	7728 	8252
f 8432 	7703 	7706
f 7725 	7137 	7724
f 7657 	7659 	7209
f 7710 	8461 	7696
f 7726 	7730 	7722
f 7776 	7844 	7580
f 7728 	7732 	8252
f 7278 	8252 	7732
f 7679 	7671 	7609
f 7727 	8252 	7729
f 7710 	7711 	8463
f 7733 	7735 	7786
f 8293 	8302 	7083
f 7723 	7733 	7238
f 7734 	7238 	7733
f 7735 	7733 	7723
f 7731 	7681 	7609
f 7681 	7679 	7609
f 7742 	7745 	7755
f 7741 	7742 	7755
f 7617 	7755 	7747
f 7745 	7746 	7755
f 7746 	7747 	7755
f 7684 	7617 	7747
f 7818 	8622 	7815
f 7778 	7580 	7817
f 7736 	7731 	7609
f 7090 	7684 	7489
f 7630 	8643 	7629
f 8644 	7630 	7636
f 7748 	7744 	7609
f 7744 	7743 	7609
f 7743 	7736 	7609
f 7723 	7238 	7740
f 7833 	7580 	7754
f 7754 	7580 	7753
f 7735 	7541 	7786
f 7756 	7757 	7148
f 8312 	8313 	7694
f 7279 	7148 	7757
f 7740 	7238 	7759
f 7738 	7739 	7755
f 7753 	7580 	7763
f 7741 	7755 	7739
f 7767 	7738 	7755
f 7757 	7771 	7279
f 7724 	8163 	7760
f 7765 	7767 	7755
f 7777 	7764 	7755
f 7279 	7771 	7769
f 7285 	7279 	7770
f 7769 	7770 	7279
f 7766 	7763 	7580
f 7773 	7774 	7580
f 8443 	7789 	7790
f 8627 	7565 	8623
f 7538 	8345 	7541
f 8626 	7556 	8627
f 7752 	7609 	7750
f 7749 	7748 	7609
f 8621 	8624 	7815
f 7780 	7580 	7779
f 8456 	7238 	7180
f 8091 	8085 	7580
f 7782 	7783 	7580
f 7785 	7734 	7784
f 7733 	7784 	7734
f 7733 	7786 	7784
f 7750 	7607 	7751
f 7786 	7785 	7784
f 7787 	7788 	7930
f 7749 	7609 	7752
f 8438 	7546 	7699
f 7788 	7787 	7789
f 7794 	7706 	7813
f 7951 	8350 	7667
f 7238 	7734 	7785
f 7794 	7373 	8474
f 7792 	7580 	7783
f 7787 	7772 	7789
f 8070 	7946 	7772
f 7791 	7790 	7772
f 7789 	7772 	7790
f 7786 	7653 	7209
f 7787 	7930 	7737
f 7914 	7737 	7930
f 7209 	7238 	7786
f 7791 	7772 	7793
f 7737 	7772 	7787
f 8444 	7759 	7238
f 7551 	7830 	7550
f 7546 	8438 	7238
f 7674 	7470 	7795
f 7796 	7674 	7795
f 7797 	7674 	7796
f 7781 	7552 	8619
f 7798 	7811 	7797
f 7832 	7551 	7552
f 7180 	7185 	8456
f 7764 	8456 	7185
f 7779 	7580 	7800
f 8625 	7578 	8626
f 7802 	7811 	7801
f 7799 	7811 	7798
f 7739 	7738 	7192
f 7765 	7755 	7764
f 7804 	7805 	7857
f 7803 	7810 	7802
f 7801 	7811 	7799
f 7804 	7857 	7803
f 7699 	7857 	7805
f 7695 	7699 	7805
f 7780 	7806 	7580
f 7807 	7580 	7806
f 7764 	7185 	7191
f 7674 	7797 	7811
f 7741 	7739 	7194
f 7192 	7194 	7739
f 7857 	7808 	7803
f 7809 	7803 	7808
f 7810 	7803 	7809
f 7811 	7802 	7810
f 7848 	7580 	7847
f 7702 	7701 	7276
f 7701 	7700 	7276
f 7777 	7755 	7812
f 7701 	7702 	7707
f 7573 	8646 	7583
f 7276 	7704 	7702
f 7276 	7216 	7704
f 7600 	7598 	7813
f 7555 	7554 	7813
f 7813 	7564 	7794
f 7561 	7564 	7813
f 7800 	7900 	7779
f 7942 	7721 	7278
f 7231 	7278 	7721
f 7600 	7813 	7814
f 7335 	7334 	7816
f 7276 	7911 	7275
f 7373 	7365 	8474
f 7815 	7951 	7818
f 7566 	7565 	7951
f 7776 	7580 	7819
f 7969 	7968 	7819
f 7846 	7969 	7819
f 7818 	7951 	7648
f 7815 	7566 	7951
f 7968 	7966 	7845
f 7821 	7825 	7820
f 7823 	7820 	7825
f 7822 	7823 	7825
f 7774 	7824 	7580
f 7766 	7580 	7824
f 7966 	7967 	7773
f 7183 	7825 	7177
f 8515 	8513 	7825
f 7770 	7646 	7285
f 7821 	7820 	7827
f 7826 	7827 	7820
f 7050 	7821 	7827
f 7822 	7828 	7823
f 7823 	7828 	7826
f 7823 	7826 	7820
f 7825 	7831 	7822
f 7607 	7605 	7830
f 7042 	7043 	7822
f 7043 	7044 	7822
f 7038 	7042 	7822
f 7842 	7580 	7834
f 8259 	8258 	7831
f 7580 	7833 	7834
f 7781 	7751 	7607
f 7758 	7756 	7148
f 7639 	8216 	7627
f 7829 	7830 	7605
f 7521 	7829 	7605
f 7832 	7781 	7607
f 7835 	7758 	7148
f 7837 	7835 	7148
f 7836 	7837 	7148
f 7836 	7148 	7839
f 7607 	7750 	7609
f 7838 	7148 	7841
f 7838 	7839 	7148
f 7840 	7841 	7148
f 7632 	8202 	7644
f 7580 	7842 	7843
f 7832 	7607 	7830
f 8632 	7596 	8633
f 7610 	8635 	7606
f 7844 	7845 	7580
f 8508 	7273 	7563
f 7668 	8136 	7795
f 8508 	7563 	7567
f 7847 	7580 	7792
f 8137 	7796 	7795
f 8508 	8510 	7273
f 8563 	8091 	7580
f 8530 	7030 	8533
f 8519 	7591 	8530
f 7995 	7996 	7782
f 7783 	7782 	7996
f 8346 	7855 	7183
f 8533 	7030 	7849
f 7183 	7855 	7825
f 7792 	7976 	7847
f 7851 	8258 	7850
f 7852 	7851 	7850
f 7848 	7800 	7580
f 7817 	7970 	7778
f 7851 	7831 	8258
f 7067 	7831 	7851
f 7806 	7900 	7807
f 7852 	7139 	7851
f 7067 	7851 	7071
f 7855 	8346 	7856
f 7974 	7900 	7800
f 7853 	7238 	7854
f 7069 	7335 	7816
f 7856 	7591 	7855
f 7780 	7779 	7900
f 7030 	8530 	7591
f 7945 	7523 	7944
f 7974 	7800 	7848
f 7976 	7974 	7847
f 7528 	7946 	7524
f 8259 	7831 	7825
f 7522 	7540 	7858
f 7819 	7580 	7846
f 7539 	7523 	7858
f 7540 	7539 	7858
f 7846 	7778 	7969
f 7970 	7969 	7778
f 7947 	7943 	7858
f 7675 	7732 	8538
f 7674 	7811 	7544
f 7206 	7173 	7177
f 7807 	7900 	7817
f 7544 	7811 	7810
f 7675 	7680 	7732
f 7943 	8167 	7522
f 7546 	7857 	7699
f 7775 	7580 	7845
f 7964 	7925 	7754
f 7965 	7964 	7763
f 7816 	8546 	7863
f 7774 	7773 	7967
f 7118 	7136 	7849
f 7824 	7967 	7766
f 7967 	7965 	7766
f 7924 	7849 	7136
f 7582 	8645 	7636
f 7775 	7845 	7966
f 7844 	7968 	7845
f 8001 	7646 	7770
f 8002 	8001 	7769
f 7860 	7862 	7146
f 7860 	7146 	7859
f 8287 	7687 	8254
f 7862 	7860 	7861
f 8006 	8007 	7756
f 7771 	7757 	8007
f 8007 	8002 	7771
f 7771 	8002 	7769
f 7865 	7816 	7866
f 7864 	7866 	7863
f 7865 	7866 	7864
f 8006 	7756 	7758
f 8024 	8014 	7837
f 7135 	7146 	7861
f 7862 	7861 	7146
f 7136 	7135 	7924
f 7927 	7924 	7135
f 7058 	7035 	7867
f 7035 	7034 	7867
f 7593 	7867 	7034
f 7040 	7593 	7034
f 7138 	7722 	7137
f 8610 	7679 	7681
f 7929 	8164 	7145
f 7128 	7145 	8163
f 7840 	8378 	7868
f 7725 	7138 	7137
f 8378 	7843 	7868
f 7722 	7138 	7726
f 8163 	7724 	7128
f 7148 	8378 	7840
f 7925 	7926 	7833
f 7715 	8335 	7547
f 7753 	7763 	7964
f 7547 	8336 	7548
f 7770 	7769 	8001
f 7548 	8338 	7535
f 7757 	7756 	8007
f 7751 	8618 	7750
f 7752 	7750 	8617
f 8014 	8015 	7835
f 7869 	7083 	7207
f 7870 	7083 	7869
f 7871 	7083 	7870
f 7536 	7535 	8340
f 7869 	7207 	7289
f 8023 	8024 	7836
f 7289 	7870 	7869
f 8344 	7537 	8340
f 8025 	8023 	7839
f 7872 	7083 	7871
f 7873 	7083 	7872
f 7874 	7083 	7873
f 8025 	7839 	7838
f 7421 	7872 	7871
f 8027 	8026 	7841
f 7872 	7421 	7873
f 7319 	7873 	7421
f 8027 	7841 	7840
f 8027 	7840 	8029
f 8277 	7083 	8276
f 8030 	8029 	7842
f 7843 	7842 	8029
f 7879 	8276 	7878
f 7877 	7878 	8276
f 7880 	8276 	7879
f 7560 	7576 	7875
f 8030 	7842 	7834
f 7881 	7882 	8276
f 8276 	7882 	7883
f 7834 	7833 	7926
f 7724 	7137 	7129
f 7130 	7129 	8252
f 7114 	7130 	8252
f 7926 	8030 	7834
f 7886 	7887 	7874
f 7887 	7888 	7874
f 8276 	7874 	7877
f 7833 	7754 	7925
f 7888 	7877 	7874
f 7754 	7753 	7964
f 7885 	7886 	7874
f 7881 	8276 	7880
f 8252 	7129 	7137
f 7763 	7766 	7965
f 7884 	7885 	7874
f 7537 	8344 	7538
f 7114 	7145 	7130
f 7651 	7541 	8345
f 7773 	7775 	7966
f 7877 	7889 	7890
f 7891 	7878 	7890
f 7877 	7890 	7878
f 7878 	7891 	7892
f 7878 	7892 	7879
f 7844 	7776 	7968
f 7776 	7819 	7968
f 8394 	7203 	8195
f 7879 	7892 	7893
f 7879 	7893 	7880
f 7880 	7893 	7894
f 7880 	7894 	7881
f 7882 	7899 	7883
f 7897 	7898 	7896
f 7895 	7896 	7898
f 7970 	7817 	7900
f 7881 	7899 	7882
f 7881 	7894 	7899
f 7884 	7905 	7885
f 7896 	8604 	7897
f 7806 	7780 	7900
f 8317 	8124 	7906
f 7895 	7901 	7896
f 7885 	7905 	7907
f 7885 	7907 	7886
f 7848 	7847 	7974
f 7886 	7907 	7908
f 7886 	7908 	7887
f 7888 	7910 	7889
f 7888 	7889 	7877
f 7792 	7783 	7996
f 7888 	7887 	7910
f 7908 	7910 	7887
f 7920 	7909 	7919
f 7895 	7919 	7909
f 8276 	7883 	8277
f 7340 	7425 	7360
f 8540 	7911 	7912
f 7340 	7883 	7899
f 7899 	7894 	7340
f 7892 	7891 	7340
f 7893 	7892 	7340
f 7890 	7426 	7891
f 7893 	7340 	7894
f 7319 	7884 	7873
f 7873 	7884 	7874
f 8546 	8563 	7863
f 7758 	7835 	8015
f 7915 	7930 	7913
f 8015 	8006 	7758
f 7752 	8617 	7749
f 7909 	7923 	7913
f 7837 	7836 	8024
f 7931 	7948 	7913
f 7591 	7921 	7916
f 7591 	7916 	8316
f 7835 	7837 	8014
f 7917 	7914 	7915
f 7836 	7839 	8023
f 7838 	8026 	8025
f 7915 	7922 	7917
f 7918 	7898 	7897
f 7918 	7897 	7084
f 7838 	7841 	8026
f 7065 	7084 	8604
f 7897 	8604 	7084
f 7654 	8652 	7652
f 7868 	8029 	7840
f 7919 	7895 	7898
f 7902 	8316 	7916
f 7652 	8651 	7648
f 8650 	7648 	8651
f 7916 	7921 	7902
f 7913 	7922 	7915
f 7868 	7843 	8029
f 7922 	7913 	7923
f 7923 	7917 	7922
f 7919 	7898 	7920
f 7918 	7920 	7898
f 7925 	7431 	7926
f 7927 	7906 	7903
f 7924 	7927 	7903
f 7667 	8606 	7662
f 7112 	8552 	7928
f 8370 	7659 	7657
f 8542 	8547 	7152
f 7671 	8608 	7670
f 7816 	7865 	7069
f 7069 	7865 	8560
f 8098 	7480 	7497
f 7731 	8611 	7681
f 8180 	7150 	8553
f 7816 	7275 	7911
f 7138 	7725 	7149
f 8106 	7484 	8098
f 7909 	7948 	7895
f 7700 	8139 	7658
f 7788 	7913 	7930
f 7744 	8614 	7743
f 7617 	8139 	8228
f 7789 	7931 	7788
f 7760 	8172 	7725
f 7988 	7980 	7617
f 8028 	7948 	7931
f 8613 	7736 	7743
f 7617 	8228 	7988
f 8552 	8548 	8176
f 7913 	7788 	7931
f 7909 	7913 	7948
f 7930 	7915 	7914
f 8617 	7750 	8618
f 7934 	7901 	7933
f 7935 	7901 	7934
f 7936 	7901 	7935
f 7932 	7933 	7901
f 7939 	7901 	7938
f 7937 	7901 	7936
f 7941 	7896 	7940
f 7677 	7942 	7680
f 7937 	7938 	7901
f 7940 	7896 	7939
f 7677 	7676 	7942
f 7721 	7942 	7676
f 7901 	7939 	7896
f 7691 	7157 	7159
f 7691 	7159 	7676
f 7721 	7676 	7159
f 7669 	8350 	7670
f 8650 	7189 	7648
f 7944 	8070 	7945
f 7944 	7524 	7946
f 8542 	7152 	7151
f 7522 	7858 	7943
f 8548 	8553 	7150
f 7947 	8070 	7943
f 7947 	7858 	7945
f 7947 	7945 	8070
f 7946 	8070 	7944
f 7950 	7901 	7949
f 7949 	7901 	7948
f 7663 	7661 	8113
f 7932 	7901 	7950
f 7895 	7948 	7901
f 8649 	7578 	8625
f 7954 	7931 	7953
f 7953 	7931 	7952
f 7955 	7931 	7954
f 8113 	8121 	7663
f 7956 	7931 	7955
f 7957 	7931 	7956
f 7958 	7931 	7957
f 7959 	7931 	7958
f 7565 	8627 	7556
f 7963 	7931 	7962
f 7961 	7962 	7931
f 7793 	7772 	7946
f 7960 	7931 	7959
f 7960 	7961 	7931
f 8648 	7573 	7574
f 7578 	8649 	7574
f 7556 	8626 	7578
f 7574 	8649 	8648
f 7798 	8162 	7799
f 7965 	7502 	7964
f 7824 	7774 	7967
f 7966 	7502 	7967
f 7037 	7052 	7951
f 7502 	7431 	7964
f 7967 	7502 	7965
f 7583 	8646 	7582
f 7968 	7502 	7966
f 7969 	7502 	7968
f 7971 	7970 	7900
f 7805 	8206 	7695
f 8645 	7582 	8646
f 7972 	7931 	7789
f 7970 	7971 	7502
f 7973 	7502 	7971
f 7971 	7900 	7973
f 7974 	7973 	7900
f 7974 	7975 	7973
f 8443 	7972 	7789
f 7697 	7695 	8061
f 8207 	8061 	7695
f 7588 	8629 	7586
f 7592 	8631 	7589
f 8061 	7698 	7697
f 7595 	7052 	8564
f 7596 	8632 	7592
f 7981 	7557 	7979
f 7982 	7557 	7981
f 7978 	7979 	7557
f 7984 	7557 	7983
f 8635 	7603 	7606
f 7609 	7670 	8350
f 7683 	8068 	7686
f 7987 	7991 	7986
f 8635 	7610 	8636
f 7989 	7991 	7987
f 7985 	7986 	7991
f 7952 	7991 	7989
f 7992 	7443 	7990
f 7443 	7446 	7990
f 7442 	7447 	7990
f 7991 	7952 	7931
f 7992 	7990 	7617
f 7447 	7755 	7990
f 7910 	7428 	7889
f 7908 	7344 	7910
f 7905 	7884 	7344
f 7319 	7344 	7884
f 7907 	7905 	7344
f 7344 	7428 	7910
f 7907 	7344 	7908
f 7980 	7443 	7992
f 7617 	7980 	7992
f 7686 	8254 	7687
f 7993 	8222 	7443
f 7289 	7207 	7204
f 7997 	8231 	7994
f 7994 	8234 	7993
f 7994 	7980 	7997
f 7988 	7997 	7980
f 7980 	7994 	7993
f 8287 	8309 	7687
f 7976 	7505 	7974
f 7976 	7792 	7996
f 7998 	8230 	7997
f 7931 	7972 	7991
f 7988 	8228 	7998
f 8453 	7991 	8452
f 7505 	7976 	7996
f 7997 	7999 	8000
f 7997 	8000 	7998
f 8000 	7999 	7988
f 7998 	8000 	7988
f 7988 	7999 	7997
f 8002 	7431 	8001
f 8005 	8022 	8045
f 8003 	8045 	8008
f 8009 	8258 	8010
f 8001 	7431 	7646
f 8011 	8258 	8013
f 8012 	8013 	8258
f 8017 	8012 	8258
f 8015 	7431 	8006
f 8007 	7431 	8002
f 8024 	7431 	8014
f 8023 	7431 	8024
f 7089 	7684 	7090
f 8023 	8025 	7431
f 8026 	7431 	8025
f 8443 	8452 	7972
f 7692 	8311 	7693
f 8026 	8027 	7431
f 8029 	7431 	8027
f 8333 	7078 	8334
f 7931 	7963 	8028
f 8029 	8030 	7431
f 7926 	7431 	8030
f 7925 	7964 	7431
f 7969 	7970 	7502
f 7502 	7973 	7505
f 7975 	7505 	7973
f 7975 	7974 	7505
f 7794 	7643 	7431
f 8014 	7431 	8015
f 8007 	8006 	7431
f 8313 	7715 	7714
f 7465 	7467 	7257
f 7261 	7257 	7467
f 7256 	7261 	7461
f 7059 	8352 	8564
f 7747 	7489 	7684
f 8588 	7682 	8590
f 7256 	7461 	7462
f 8021 	8258 	8020
f 8258 	8045 	8022
f 8022 	8020 	8258
f 7467 	7461 	7261
f 7684 	8591 	7682
f 8008 	8045 	8031
f 8055 	7512 	7513
f 8032 	8033 	8045
f 8033 	8031 	8045
f 8035 	8032 	8045
f 8034 	8045 	8037
f 8035 	8045 	8034
f 8036 	8037 	8045
f 7089 	7080 	7684
f 8045 	8493 	8036
f 8039 	8036 	8493
f 8041 	8038 	8493
f 8038 	8039 	8493
f 8040 	8041 	8493
f 8045 	8118 	8493
f 8043 	8040 	8493
f 8042 	8493 	8044
f 8044 	8493 	7133
f 8472 	7134 	8493
f 8042 	8043 	8493
f 7595 	8564 	8352
f 7052 	7594 	7951
f 7650 	8328 	8210
f 8004 	8045 	8003
f 8004 	8005 	8045
f 8049 	8005 	8048
f 8004 	8048 	8005
f 8048 	8004 	8050
f 8003 	8050 	8004
f 7651 	8349 	7653
f 8008 	8031 	8051
f 8353 	7655 	8351
f 7653 	8351 	7655
f 8008 	8051 	8050
f 8008 	8050 	8003
f 7655 	8353 	7656
f 7065 	8052 	8416
f 7656 	8366 	7657
f 8010 	8054 	8053
f 8010 	8053 	8009
f 8011 	8056 	8057
f 8054 	8010 	8057
f 8011 	8057 	8010
f 7513 	7511 	7460
f 7459 	7460 	7511
f 8013 	8012 	8059
f 8058 	8059 	8012
f 8013 	8059 	8056
f 8013 	8056 	8011
f 8017 	8060 	8058
f 8017 	8058 	8012
f 8017 	8016 	8060
f 8062 	8060 	8016
f 8055 	7513 	7460
f 8019 	8063 	8062
f 8019 	8062 	8016
f 8019 	8018 	8063
f 8064 	8063 	8018
f 7876 	7875 	7576
f 8020 	8065 	8067
f 8020 	8067 	8021
f 8067 	8064 	8021
f 7495 	7932 	7490
f 8018 	8021 	8064
f 8022 	8069 	8065
f 8022 	8065 	8020
f 8005 	8049 	8069
f 8005 	8069 	8022
f 8440 	8447 	8070
f 8071 	8051 	8031
f 7534 	7876 	8334
f 8341 	8047 	8383
f 8033 	8072 	8071
f 8033 	8071 	8031
f 8032 	8073 	8072
f 8032 	8072 	8033
f 7943 	8070 	8052
f 8075 	8035 	8074
f 8034 	8074 	8035
f 8055 	7460 	7505
f 8073 	8032 	8075
f 8035 	8075 	8032
f 7875 	7065 	8076
f 8077 	8076 	7065
f 8074 	8034 	8079
f 8037 	8079 	8034
f 8078 	8077 	7065
f 8046 	8055 	7505
f 8079 	8037 	8080
f 8036 	8080 	8037
f 8047 	8046 	7505
f 8080 	8036 	8081
f 8039 	8081 	8036
f 8038 	8082 	8081
f 8038 	8081 	8039
f 7147 	8078 	7065
f 7581 	7061 	8333
f 8084 	8041 	8083
f 8040 	8083 	8041
f 7782 	7580 	8086
f 7489 	7473 	7090
f 8300 	7458 	7147
f 8086 	7580 	8085
f 8087 	8085 	8091
f 8038 	8041 	8082
f 8084 	8082 	8041
f 8541 	8088 	8091
f 8090 	8043 	8089
f 8042 	8089 	8043
f 8088 	8541 	8093
f 8087 	8091 	8088
f 8092 	8093 	8541
f 7626 	8641 	7623
f 8043 	8090 	8094
f 8083 	8040 	8094
f 8043 	8094 	8040
f 8089 	8042 	8097
f 8044 	8097 	8042
f 7133 	7139 	8044
f 8097 	8044 	7139
f 8096 	8541 	8095
f 8096 	8092 	8541
f 7912 	8099 	8541
f 8095 	8541 	8099
f 8260 	8045 	8258
f 8105 	8101 	8103
f 8102 	8101 	8107
f 8105 	8108 	8101
f 8108 	8104 	8101
f 8109 	8101 	8104
f 8065 	8069 	8048
f 8051 	8071 	8065
f 8049 	8048 	8069
f 8048 	8050 	8065
f 8050 	8051 	8065
f 8071 	8072 	8065
f 8072 	8073 	8067
f 8064 	8067 	8073
f 8063 	8064 	8073
f 8073 	8075 	8063
f 8075 	8074 	8063
f 8074 	8079 	8063
f 8062 	8063 	8079
f 7629 	8642 	7626
f 8067 	8065 	8072
f 7747 	7746 	7497
f 8109 	8104 	8111
f 7661 	8110 	8113
f 8103 	8112 	8116
f 8102 	8114 	8112
f 8102 	8112 	8103
f 8060 	8062 	8079
f 8079 	8080 	8060
f 8058 	8060 	8080
f 8059 	8058 	8080
f 8080 	8081 	8059
f 8081 	8082 	8059
f 8056 	8059 	8084
f 8057 	8084 	8083
f 8057 	8083 	8094
f 8102 	8107 	8114
f 8630 	7588 	7589
f 8082 	8084 	8059
f 8057 	8056 	8084
f 8111 	8115 	8109
f 8103 	8116 	8105
f 8118 	8119 	8493
f 8325 	8326 	8095
f 8117 	8114 	8107
f 8124 	8493 	8119
f 8107 	8274 	8117
f 8106 	8098 	7746
f 8098 	7497 	7746
f 8120 	8108 	8116
f 8105 	8116 	8108
f 8108 	8120 	8104
f 8111 	8104 	8120
f 8109 	8115 	8125
f 7664 	7663 	8121
f 8122 	8123 	8101
f 8110 	8106 	7746
f 7602 	8633 	7596
f 8125 	8101 	8109
f 8133 	7700 	8130
f 8130 	7700 	8128
f 8128 	7700 	8127
f 7614 	8638 	7613
f 7613 	8637 	7612
f 8121 	8113 	7746
f 8113 	8110 	7746
f 8139 	7700 	8135
f 8131 	8138 	8132
f 7321 	7326 	7989
f 8260 	8118 	8045
f 8138 	8122 	8101
f 8134 	7700 	8133
f 8135 	7700 	8134
f 7701 	8127 	7700
f 8101 	8125 	8138
f 8125 	8132 	8138
f 8101 	8141 	8140
f 8145 	8138 	8141
f 8101 	8143 	8100
f 8124 	8119 	7903
f 8101 	8140 	8144
f 8641 	7626 	8642
f 8101 	8145 	8141
f 8140 	8141 	8138
f 7914 	8143 	7737
f 8144 	7737 	8143
f 8101 	8144 	8143
f 8101 	8123 	8145
f 7636 	8645 	8644
f 7746 	7745 	8142
f 8099 	8325 	8095
f 8146 	8150 	8131
f 8131 	8132 	8146
f 8129 	8126 	7746
f 8142 	8129 	7746
f 8126 	8121 	7746
f 7768 	8168 	7762
f 8149 	7797 	8148
f 8057 	8094 	8054
f 8054 	8094 	8053
f 7829 	7550 	7830
f 8132 	8125 	8151
f 8115 	8151 	8125
f 8136 	8142 	7745
f 8151 	8146 	8132
f 7617 	7658 	8139
f 7552 	7781 	7832
f 8090 	8053 	8094
f 8089 	8053 	8090
f 8097 	8053 	8089
f 8097 	7139 	7852
f 7140 	7851 	7139
f 7830 	7551 	7832
f 7726 	7149 	7768
f 8148 	7796 	8137
f 8158 	8154 	8157
f 7702 	8153 	8160
f 8137 	8136 	7745
f 7737 	8144 	7772
f 8138 	7772 	8144
f 8144 	8140 	8138
f 8123 	8122 	8145
f 8138 	8145 	8122
f 8152 	8153 	7702
f 8159 	8157 	8154
f 7485 	7486 	7963
f 7962 	7485 	7963
f 8161 	8159 	8154
f 8166 	8138 	8165
f 8172 	8294 	7149
f 8167 	7065 	8593
f 8163 	8294 	8172
f 8166 	8168 	8138
f 7065 	8167 	8052
f 8164 	8294 	8163
f 8175 	8294 	8164
f 8170 	7522 	8167
f 8052 	8167 	7943
f 8162 	8149 	7745
f 8149 	8148 	7745
f 8148 	8137 	7745
f 8180 	7151 	8294
f 8138 	7149 	8294
f 7150 	8294 	8176
f 8179 	8152 	7704
f 8204 	8194 	8178
f 8178 	8194 	8177
f 7151 	7152 	8294
f 8182 	8294 	7152
f 7702 	7704 	8152
f 8174 	8179 	7704
f 7150 	8180 	8294
f 7605 	7607 	8294
f 8181 	8194 	8158
f 8194 	8181 	8177
f 8302 	8293 	8194
f 8169 	8138 	8185
f 7534 	7065 	7876
f 7875 	7876 	7065
f 8165 	8138 	8169
f 8181 	8158 	8232
f 8173 	8174 	7704
f 7982 	7244 	7983
f 8131 	8185 	8138
f 7920 	7918 	7909
f 7918 	7083 	7909
f 7084 	7083 	7918
f 8176 	8294 	8175
f 8183 	7801 	8171
f 7303 	7984 	7263
f 7914 	7917 	7083
f 8161 	8154 	8187
f 7923 	7909 	7917
f 8099 	7912 	8147
f 7083 	7917 	7909
f 8186 	8187 	8154
f 8189 	8186 	8154
f 8155 	8191 	8154
f 8189 	8154 	8188
f 7928 	7929 	7112
f 8188 	8154 	8190
f 8183 	8171 	7745
f 8171 	8162 	7745
f 8190 	8154 	8191
f 8245 	8192 	7701
f 7145 	7114 	7929
f 7114 	7112 	7929
f 8127 	7701 	8193
f 7768 	7149 	8168
f 7083 	7092 	8195
f 7912 	8194 	8219
f 8091 	8563 	8541
f 8197 	8219 	8194
f 8198 	8197 	8194
f 7761 	7762 	8165
f 8198 	8220 	8197
f 8321 	8320 	8088
f 8088 	8093 	8321
f 8322 	8321 	8093
f 8198 	8194 	8205
f 8323 	8322 	8092
f 8204 	8205 	8194
f 8220 	8198 	8223
f 8205 	8223 	8198
f 8147 	8329 	8099
f 8223 	8205 	8204
f 8227 	8178 	8177
f 8227 	8177 	8226
f 8290 	8135 	8134
f 8181 	8232 	8177
f 8157 	8235 	8158
f 8211 	7209 	8210
f 7209 	7650 	8210
f 8187 	8237 	8161
f 7952 	7989 	7326
f 8212 	8213 	7209
f 7181 	8207 	7745
f 8166 	8165 	7762
f 7331 	7953 	7326
f 8239 	8240 	8188
f 8131 	8150 	8185
f 8211 	8212 	7209
f 8189 	8238 	8186
f 7762 	8168 	8166
f 8190 	8241 	8188
f 8150 	8156 	8185
f 8191 	8155 	8218
f 7366 	8155 	7360
f 8218 	8155 	7367
f 7209 	8213 	8214
f 8199 	7745 	8206
f 8196 	7745 	8199
f 8184 	7745 	8196
f 8147 	7912 	8219
f 8277 	7360 	8155
f 8169 	8185 	8156
f 8068 	7683 	8066
f 7698 	8066 	7683
f 8156 	7761 	8169
f 7761 	8165 	8169
f 8214 	8173 	7209
f 7216 	7209 	7704
f 7704 	7209 	8173
f 8221 	7993 	8234
f 8224 	8223 	8204
f 8222 	7993 	8221
f 8225 	7443 	8222
f 7473 	7443 	8225
f 8253 	8383 	8224
f 7477 	7497 	7480
f 7480 	8098 	7484
f 8227 	8224 	8178
f 8204 	8178 	8224
f 8110 	7661 	8106
f 7484 	8106 	7661
f 8226 	8253 	8227
f 8226 	8177 	8232
f 8230 	7998 	8229
f 8253 	8226 	8232
f 8234 	7994 	8233
f 8231 	7997 	8230
f 8235 	8232 	8158
f 7149 	7725 	8172
f 8235 	8253 	8232
f 8233 	7994 	8231
f 7760 	8163 	8172
f 8235 	8157 	8236
f 8159 	8236 	8157
f 8236 	8253 	8235
f 8236 	8161 	8237
f 8159 	8161 	8236
f 8126 	7665 	8121
f 7664 	8121 	7665
f 8187 	8186 	8237
f 8238 	8237 	8186
f 8237 	8253 	8236
f 8238 	8253 	8237
f 8129 	7666 	8126
f 7665 	8126 	7666
f 8189 	8188 	8240
f 8137 	7795 	8136
f 7150 	8176 	8548
f 8189 	8240 	8238
f 8136 	7668 	8142
f 8240 	8253 	8238
f 8239 	8253 	8240
f 7666 	8129 	7668
f 8142 	7668 	8129
f 8239 	8188 	8241
f 8241 	8253 	8239
f 7796 	8148 	7797
f 8190 	8191 	8241
f 8242 	8241 	8191
f 8218 	8242 	8191
f 7389 	8201 	8200
f 8242 	8253 	8241
f 7797 	8149 	7798
f 8162 	7798 	8149
f 8171 	7799 	8162
f 8163 	7145 	8164
f 8243 	8244 	8245
f 7801 	8183 	7802
f 8184 	7802 	8183
f 7696 	8253 	7719
f 7801 	7799 	8171
f 8164 	7929 	8175
f 8196 	7803 	8184
f 7802 	8184 	7803
f 8199 	7804 	8196
f 7803 	8196 	7804
f 8247 	7702 	8246
f 8248 	7702 	8247
f 8160 	8246 	7702
f 8207 	7695 	8206
f 8250 	8245 	8249
f 8249 	8245 	8248
f 8493 	8124 	7696
f 8253 	7696 	8124
f 8245 	8250 	8251
f 8245 	8251 	8243
f 8206 	7805 	8199
f 7804 	8199 	7805
f 7814 	7719 	8253
f 7702 	8248 	8245
f 8256 	7224 	8252
f 7707 	7702 	8245
f 8066 	7698 	8061
f 8224 	8227 	8253
f 8253 	8242 	7814
f 7201 	7202 	8252
f 8552 	8176 	7928
f 8066 	8061 	7181
f 8207 	7181 	8061
f 7928 	8175 	7929
f 8252 	8255 	8256
f 8223 	8224 	8383
f 8175 	7928 	8176
f 7224 	7201 	8252
f 8021 	8018 	8258
f 8018 	8019 	8258
f 8016 	8017 	8258
f 8011 	8010 	8258
f 8258 	8009 	7850
f 8256 	8255 	8257
f 8019 	8016 	8258
f 7850 	8009 	7852
f 8053 	7852 	8009
f 7981 	7243 	7982
f 8259 	8260 	8258
f 8118 	8260 	8261
f 7591 	8316 	8262
f 8316 	8119 	8262
f 8118 	8262 	8119
f 8254 	7686 	8068
f 8553 	8543 	8180
f 8262 	8118 	8263
f 8261 	8263 	8118
f 7979 	7179 	7981
f 8262 	8264 	7591
f 7658 	7617 	8100
f 8263 	8264 	8262
f 8267 	8268 	7617
f 8268 	8269 	7617
f 8266 	8267 	7617
f 8068 	8066 	7181
f 8269 	8270 	7617
f 8259 	8264 	8260
f 8261 	8260 	8264
f 8263 	8261 	8264
f 8101 	7617 	8270
f 8271 	8101 	8270
f 8274 	8101 	8273
f 8053 	8097 	7852
f 8272 	8101 	8271
f 8103 	8101 	8102
f 8107 	8101 	8274
f 8206 	7745 	8207
f 8184 	8183 	7745
f 8276 	7083 	7874
f 8272 	8273 	8101
f 8273 	8278 	8279
f 8273 	8279 	8274
f 8271 	8280 	8281
f 8271 	8281 	8272
f 8282 	8192 	8245
f 8270 	8283 	8280
f 8270 	8280 	8271
f 8275 	8282 	8245
f 8267 	8284 	8285
f 8267 	8285 	8268
f 7987 	7320 	7989
f 7745 	7742 	7181
f 8244 	8275 	8245
f 8266 	8286 	8284
f 8266 	8284 	8267
f 8266 	8265 	8286
f 8245 	7701 	7707
f 7952 	7326 	7953
f 8268 	8285 	8288
f 8268 	8288 	8269
f 8193 	7701 	8192
f 8269 	8288 	8283
f 8269 	8283 	8270
f 7333 	7954 	7331
f 8272 	8281 	8278
f 8272 	8278 	8273
f 8289 	8291 	7083
f 8279 	8117 	8274
f 8155 	8154 	8289
f 8291 	8289 	8154
f 7458 	8294 	8295
f 8300 	8294 	7458
f 8296 	8310 	8292
f 8290 	8292 	8310
f 8291 	8154 	8293
f 8158 	8293 	8154
f 8299 	8310 	8298
f 8301 	8308 	8299
f 7333 	7440 	7954
f 8303 	8308 	8301
f 8304 	8308 	8303
f 8158 	8194 	8293
f 8305 	8308 	8304
f 8155 	8289 	8277
f 8306 	8308 	8305
f 8307 	7998 	8306
f 8229 	7998 	8307
f 8068 	7181 	8254
f 8287 	8254 	7181
f 8295 	8078 	7458
f 8310 	8299 	8308
f 7440 	7956 	7955
f 8308 	8306 	7998
f 8314 	7560 	8076
f 8076 	8077 	8314
f 8310 	8296 	8297
f 8297 	8298 	8310
f 7956 	7444 	7957
f 7534 	8334 	7078
f 8315 	8077 	8295
f 8346 	8348 	7856
f 7856 	7619 	7591
f 8300 	8466 	8441
f 7825 	7855 	8264
f 7591 	8264 	7855
f 8309 	8287 	7181
f 7995 	7782 	8086
f 8319 	8318 	8085
f 8320 	8319 	8087
f 7714 	7694 	8313
f 8348 	7615 	7856
f 8085 	8087 	8319
f 8311 	8309 	7181
f 8087 	8088 	8320
f 8294 	7560 	8314
f 8315 	8294 	8314
f 8397 	8195 	8252
f 8093 	8092 	8322
f 8295 	8294 	8315
f 8331 	7715 	8313
f 7825 	8264 	8259
f 8323 	8092 	8096
f 8312 	8311 	7181
f 7902 	8119 	8316
f 8147 	8219 	8329
f 8330 	8329 	8219
f 7137 	7722 	8252
f 7690 	7687 	8309
f 7906 	8124 	7903
f 8220 	8330 	8197
f 8312 	7693 	8311
f 7904 	7903 	8119
f 7690 	8309 	7692
f 8311 	7692 	8309
f 8086 	8318 	7995
f 8086 	8085 	8318
f 7902 	7904 	8119
f 8319 	8383 	8318
f 7876 	7576 	8334
f 7083 	8302 	7911
f 8294 	8440 	8070
f 8318 	7505 	7995
f 7911 	8302 	7912
f 8194 	7912 	8302
f 7560 	8294 	7576
f 7742 	7193 	7181
f 8322 	8383 	8321
f 8323 	8383 	8322
f 8096 	8095 	8326
f 8325 	8383 	8326
f 8096 	8326 	8323
f 7650 	8327 	8328
f 8320 	8383 	8319
f 8326 	8383 	8323
f 7165 	8210 	8328
f 8325 	8099 	8329
f 8329 	8383 	8325
f 8070 	7772 	8294
f 7165 	8328 	7182
f 8219 	8197 	8330
f 7142 	8332 	7287
f 8220 	8223 	8383
f 7141 	8332 	7142
f 7996 	7995 	7505
f 8321 	8383 	8320
f 8330 	8383 	8329
f 7576 	8294 	8334
f 7315 	7481 	7310
f 7482 	7230 	7310
f 8336 	7547 	8335
f 8331 	8335 	7715
f 7505 	8318 	8383
f 8330 	8220 	8383
f 8331 	7181 	8335
f 8313 	8312 	7181
f 8313 	7181 	8331
f 7230 	7239 	7310
f 7311 	7310 	7239
f 8124 	8317 	8337
f 8317 	8557 	8337
f 7482 	7310 	7481
f 7353 	7472 	7315
f 7481 	7315 	7472
f 8337 	8339 	8124
f 7355 	7483 	7353
f 8383 	8253 	8339
f 7452 	8337 	7451
f 8337 	7452 	8339
f 7483 	7355 	7433
f 7957 	7445 	7958
f 7435 	8428 	7434
f 7327 	7328 	7365
f 7327 	7365 	7329
f 7373 	7329 	7365
f 8335 	7197 	8336
f 7373 	7384 	7329
f 8371 	7398 	7328
f 8345 	7538 	8344
f 8439 	7332 	7385
f 7330 	7385 	7332
f 7580 	8429 	7375
f 8333 	8294 	7581
f 8343 	7581 	8294
f 8333 	8334 	8294
f 7580 	7375 	7371
f 7141 	7328 	7399
f 8474 	7365 	7144
f 8340 	8338 	7197
f 8338 	8336 	7197
f 7960 	7474 	7961
f 7410 	8332 	7399
f 7141 	7399 	8332
f 7651 	8345 	8349
f 7410 	7287 	8332
f 7595 	8294 	7594
f 7594 	8294 	8350
f 7961 	7475 	7962
f 8343 	8294 	7599
f 8345 	8344 	7197
f 8344 	8340 	7197
f 7998 	8228 	8308
f 7599 	8294 	8352
f 8352 	8294 	7595
f 7287 	7143 	7142
f 7607 	7609 	8294
f 8355 	8356 	8357
f 8355 	8357 	8358
f 8356 	8355 	8360
f 8335 	7181 	7197
f 8360 	8361 	8362
f 8360 	8362 	8356
f 8349 	8345 	7197
f 8363 	7143 	7288
f 7297 	8359 	7288
f 8359 	8363 	7288
f 8357 	8364 	8358
f 7144 	8363 	8365
f 8339 	7455 	8342
f 8361 	8368 	8362
f 8367 	8362 	8368
f 8365 	7274 	7144
f 8358 	8369 	8355
f 8360 	8355 	8372
f 8371 	8372 	8355
f 8359 	7260 	8363
f 8364 	8369 	8358
f 8363 	8373 	8365
f 7274 	8365 	8374
f 8351 	7197 	8353
f 7182 	8370 	7197
f 8351 	8349 	7197
f 8373 	7260 	8374
f 8373 	8374 	8365
f 7274 	7206 	7144
f 7659 	8375 	7649
f 7304 	7400 	8377
f 8214 	7245 	8173
f 8350 	8294 	7609
f 8342 	8383 	8339
f 8341 	8383 	8342
f 8182 	7153 	8294
f 7153 	7605 	8294
f 8168 	7149 	8138
f 7148 	8379 	8378
f 8174 	7277 	8179
f 8375 	8370 	7182
f 8366 	7197 	8370
f 8328 	8327 	7182
f 8402 	8380 	8381
f 8381 	8382 	8402
f 8327 	7650 	7649
f 7304 	8377 	8380
f 8377 	8381 	8380
f 8379 	8394 	8382
f 8377 	8378 	8382
f 8377 	8382 	8381
f 8378 	8379 	8382
f 8364 	8395 	8369
f 7254 	8359 	7269
f 7505 	8383 	8047
f 7548 	8336 	8338
f 8124 	8339 	8253
f 8340 	7535 	8338
f 8402 	8393 	8388
f 8385 	8388 	8387
f 8347 	8346 	7183
f 7536 	8340 	7537
f 8387 	8393 	8385
f 8347 	7183 	7260
f 8389 	7256 	7462
f 7462 	7459 	8389
f 7511 	8389 	7459
f 8351 	7653 	8349
f 7266 	7256 	8392
f 8352 	7059 	7599
f 7274 	7260 	7171
f 8390 	8354 	8391
f 7656 	8353 	8366
f 7274 	8374 	7260
f 7183 	7171 	7260
f 8364 	8390 	8386
f 8370 	7657 	8366
f 8138 	8294 	7772
f 8384 	8386 	8390
f 8384 	8390 	8391
f 8327 	7649 	8376
f 8376 	7649 	8375
f 8375 	7659 	8370
f 8387 	8388 	8393
f 8386 	8385 	8393
f 8386 	8393 	8395
f 7194 	7193 	7741
f 8357 	8356 	8390
f 8362 	8367 	8391
f 8252 	8195 	7097
f 8402 	8396 	8393
f 8350 	7951 	7594
f 8402 	8394 	7265
f 7265 	7269 	8402
f 8392 	8389 	7526
f 7742 	7741 	7193
f 8354 	8390 	8356
f 7083 	8195 	7203
f 8394 	7223 	7203
f 8356 	8362 	8354
f 8391 	8354 	8362
f 7511 	7526 	8389
f 7148 	7280 	8379
f 7280 	8394 	8379
f 7271 	8394 	7280
f 8357 	8390 	8364
f 8402 	8382 	8394
f 8384 	8391 	8367
f 8353 	7197 	8366
f 8376 	8375 	7182
f 8389 	8392 	7256
f 7280 	7148 	7279
f 8364 	8386 	8395
f 8327 	8376 	7182
f 8396 	8355 	8395
f 7452 	7455 	8339
f 8396 	7299 	8371
f 7306 	7309 	8396
f 7092 	7097 	8195
f 8341 	8342 	7456
f 7456 	8342 	7455
f 8046 	8047 	7510
f 7585 	7510 	8047
f 8399 	8396 	7297
f 8359 	7297 	8396
f 8571 	8572 	8397
f 7062 	8343 	7056
f 7599 	7056 	8343
f 8055 	8046 	7512
f 7510 	7512 	8046
f 7453 	7449 	8400
f 8398 	8407 	7449
f 8047 	8341 	7585
f 7419 	7585 	8341
f 7420 	7419 	8341
f 7456 	7420 	8341
f 7755 	7453 	8400
f 7449 	7457 	8398
f 8400 	7449 	8407
f 8410 	8407 	8398
f 8369 	8395 	8355
f 8395 	8393 	8396
f 8406 	8408 	8409
f 8407 	7755 	8400
f 8405 	8408 	8406
f 7056 	7599 	7059
f 8409 	8412 	8406
f 8413 	8372 	8411
f 8409 	8408 	8412
f 8398 	7457 	8434
f 8343 	7062 	7581
f 8371 	8411 	8372
f 8407 	8410 	7755
f 7141 	7144 	7365
f 7755 	8416 	8418
f 7251 	8408 	8405
f 8419 	8472 	8421
f 7255 	8415 	8412
f 8412 	8415 	8406
f 8411 	7346 	8413
f 8408 	7255 	8412
f 7755 	7447 	7469
f 8417 	8418 	8416
f 8424 	7755 	7705
f 8028 	7486 	7948
f 8425 	7755 	8424
f 8418 	7705 	7755
f 7190 	7767 	7765
f 7949 	7487 	7950
f 8426 	7755 	7708
f 8425 	7708 	7755
f 8427 	7755 	8426
f 7932 	7495 	7933
f 7950 	7490 	7932
f 7190 	7187 	7767
f 7755 	8427 	7709
f 8480 	7755 	7709
f 8361 	8360 	8368
f 8413 	8368 	8360
f 8413 	8360 	8372
f 7496 	7500 	7933
f 7249 	8414 	7250
f 8414 	7252 	8405
f 8463 	8462 	8472
f 8426 	8471 	8427
f 8470 	8427 	8471
f 8420 	8472 	8431
f 8432 	8474 	8517
f 7812 	8456 	7777
f 8417 	7717 	8418
f 7546 	7238 	8434
f 8470 	7709 	8427
f 7457 	7546 	8434
f 8403 	7247 	8404
f 7740 	7759 	8438
f 7375 	8428 	7356
f 8417 	8440 	8437
f 8439 	7434 	8428
f 8436 	8440 	8416
f 8444 	7238 	8438
f 8416 	8440 	8417
f 8294 	8437 	8440
f 7386 	8439 	8367
f 8398 	8434 	8410
f 7249 	7252 	8414
f 7251 	8405 	7252
f 8437 	8294 	8442
f 8429 	8439 	8428
f 8439 	8445 	8367
f 7755 	8434 	7238
f 8410 	8434 	7755
f 8441 	8442 	8294
f 8300 	8441 	8294
f 8444 	8438 	7759
f 8052 	8447 	8416
f 8446 	8443 	7791
f 8443 	7790 	7791
f 8416 	8448 	8449
f 7793 	7946 	7528
f 7187 	7192 	7738
f 7793 	7528 	8446
f 8429 	8445 	8439
f 8416 	8449 	8450
f 8384 	8367 	8445
f 7738 	7767 	7187
f 7236 	8433 	7237
f 8401 	7237 	8433
f 8401 	7233 	7237
f 8052 	8070 	8447
f 7791 	7793 	8446
f 7765 	7191 	7190
f 7236 	7240 	8435
f 7236 	8435 	8433
f 8416 	8450 	8436
f 8435 	7240 	7242
f 8416 	8447 	8451
f 8435 	7242 	8403
f 7241 	8403 	7242
f 7765 	7764 	7191
f 7977 	7978 	7557
f 7982 	7983 	7557
f 7985 	7991 	7984
f 7557 	7984 	7991
f 8416 	8451 	8448
f 7246 	8404 	7247
f 8449 	8448 	8440
f 8451 	8440 	8448
f 8447 	8440 	8451
f 7764 	7777 	8456
f 7580 	7400 	8385
f 7241 	7247 	8403
f 8453 	8454 	7991
f 7972 	8452 	7991
f 8454 	8457 	7991
f 7250 	8404 	7246
f 8446 	7528 	7571
f 8443 	8454 	8453
f 8404 	7250 	8414
f 7854 	7238 	8455
f 7571 	7991 	8458
f 7572 	7991 	7571
f 8459 	7571 	8458
f 8458 	7991 	8457
f 8153 	7284 	8160
f 8458 	8457 	8446
f 8466 	8300 	7147
f 7328 	8411 	8371
f 8456 	8455 	7238
f 8460 	8457 	8454
f 7308 	8246 	8160
f 8457 	8460 	8446
f 8459 	8458 	8446
f 7251 	7253 	8408
f 8315 	8314 	8077
f 8384 	7580 	8386
f 7571 	8459 	8446
f 8411 	7347 	7346
f 7254 	8415 	7255
f 7812 	8455 	8456
f 8078 	8295 	8077
f 8446 	8454 	8443
f 7253 	7255 	8408
f 8460 	8454 	8446
f 7410 	8399 	7294
f 7458 	8078 	7147
f 8443 	8453 	8452
f 7269 	8568 	7254
f 8437 	8467 	8417
f 8442 	8467 	8437
f 7550 	7829 	7977
f 8436 	8450 	8440
f 8450 	8449 	8440
f 7083 	7276 	7658
f 8518 	8516 	8432
f 8517 	8518 	8432
f 7717 	7065 	8464
f 7278 	7732 	7680
f 8310 	8139 	8290
f 8466 	7147 	7065
f 8135 	8290 	8139
f 8468 	8466 	7065
f 7700 	7658 	7276
f 8467 	7065 	7717
f 8467 	8468 	7065
f 8469 	8464 	7065
f 7176 	7978 	7521
f 8243 	7376 	8244
f 8523 	8517 	8474
f 8516 	8494 	8432
f 8461 	8463 	8472
f 8421 	8472 	8420
f 8470 	8471 	7065
f 7065 	7238 	8470
f 8471 	7718 	7065
f 7718 	8469 	7065
f 7978 	7176 	7979
f 7278 	7680 	7942
f 8250 	7364 	8251
f 7708 	7718 	8426
f 7233 	8401 	7262
f 7377 	8244 	7376
f 7717 	8464 	7705
f 8424 	7705 	8464
f 8469 	8425 	8424
f 8469 	8424 	8464
f 7144 	7206 	8474
f 8441 	8468 	8442
f 8467 	8442 	8468
f 7043 	8421 	7044
f 8420 	7044 	8421
f 8468 	8441 	8466
f 7042 	8419 	7043
f 8421 	7043 	8419
f 7616 	8348 	8473
f 7717 	8417 	8467
f 8422 	7045 	7044
f 8422 	7044 	8420
f 7259 	8465 	7260
f 8347 	7260 	8465
f 8423 	7046 	7045
f 8423 	7045 	8422
f 8469 	7718 	8425
f 7708 	8425 	7718
f 8465 	7262 	8401
f 7720 	7709 	8470
f 8465 	7259 	7262
f 7711 	7703 	8430
f 8478 	7755 	8477
f 8481 	7755 	8480
f 8482 	7755 	8475
f 8481 	8475 	7755
f 8482 	8483 	7755
f 8484 	7755 	8478
f 8476 	7755 	8483
f 8477 	7755 	8476
f 8275 	8244 	7377
f 8251 	7376 	8243
f 7377 	8282 	8275
f 8479 	7755 	8484
f 7794 	8474 	7706
f 8193 	7401 	8127
f 8432 	7706 	8474
f 7521 	7977 	7829
f 8485 	7720 	7238
f 8487 	8485 	7238
f 7720 	8470 	7238
f 8490 	8491 	7238
f 8492 	8488 	7238
f 8488 	8486 	7238
f 8491 	8492 	7238
f 8486 	8487 	7238
f 8134 	8578 	8290
f 8578 	8579 	8290
f 8461 	8472 	8489
f 8133 	7424 	8134
f 8493 	8489 	8472
f 7067 	7068 	8472
f 8416 	7238 	7065
f 8310 	8308 	8228
f 8139 	8310 	8228
f 8489 	7696 	8461
f 7696 	8489 	8493
f 7853 	8478 	8490
f 7710 	8463 	8461
f 7711 	8462 	8463
f 7243 	7981 	7179
f 8487 	8486 	8475
f 7711 	8430 	8462
f 7263 	7983 	7244
f 7294 	8399 	7297
f 7398 	8371 	7299
f 8399 	7306 	8396
f 8402 	7302 	7304
f 7173 	7206 	7171
f 7304 	8380 	8402
f 8462 	8430 	8472
f 8359 	8396 	8402
f 8430 	8431 	8472
f 7313 	7987 	7312
f 7302 	8402 	8388
f 8477 	8490 	8478
f 7821 	8495 	7825
f 8385 	7302 	8388
f 7312 	7986 	7305
f 7435 	7356 	8428
f 8474 	7206 	8496
f 8487 	8475 	8481
f 8476 	8491 	8477
f 8490 	8477 	8491
f 8476 	8492 	8491
f 8497 	8498 	7206
f 8498 	8496 	7206
f 8500 	8497 	7206
f 7854 	8479 	8484
f 8499 	8500 	7206
f 8429 	8428 	7375
f 7953 	7331 	7954
f 8502 	8499 	7177
f 7206 	7177 	8499
f 8488 	8482 	8486
f 8481 	8480 	8485
f 8487 	8481 	8485
f 7177 	7825 	8507
f 8367 	8368 	7386
f 8509 	8505 	7177
f 8505 	8506 	7177
f 8503 	8504 	7177
f 8506 	8503 	7177
f 8483 	8492 	8476
f 8508 	7567 	8510
f 8512 	8507 	7825
f 8511 	8512 	7825
f 8475 	8486 	8482
f 8445 	7580 	8384
f 8482 	8488 	8483
f 8492 	8483 	8488
f 8514 	8511 	7825
f 8513 	8514 	7825
f 8495 	8515 	7825
f 8221 	7080 	8222
f 8101 	8100 	7617
f 8413 	7386 	8368
f 7903 	7904 	8520
f 8520 	7904 	8519
f 8431 	8432 	8422
f 8422 	8420 	8431
f 8522 	8524 	8519
f 8520 	8519 	8524
f 8522 	8527 	8528
f 8522 	8528 	8524
f 8527 	8529 	8528
f 8494 	8423 	8432
f 8423 	8422 	8432
f 8539 	7591 	8519
f 7955 	7954 	7440
f 8519 	8530 	8522
f 8533 	7849 	8534
f 7673 	8265 	7617
f 8526 	8521 	8474
f 8521 	8523 	8474
f 8530 	8533 	8527
f 8530 	8527 	8522
f 8265 	8266 	7617
f 8532 	8525 	8474
f 8525 	8526 	8474
f 8533 	8534 	8529
f 8533 	8529 	8527
f 7399 	7328 	7398
f 8355 	8396 	8371
f 7902 	8537 	7904
f 7302 	8385 	7400
f 8535 	8536 	8474
f 8535 	8474 	8496
f 8536 	8531 	8474
f 8531 	8532 	8474
f 7673 	8538 	8265
f 7904 	8539 	8519
f 8556 	7591 	8539
f 8296 	8580 	8297
f 8419 	7038 	8472
f 8265 	8538 	8286
f 8537 	8539 	7904
f 8507 	8509 	7177
f 8504 	8501 	7177
f 8501 	8502 	7177
f 8411 	7328 	7347
f 7083 	7911 	7276
f 8419 	7042 	7038
f 8581 	8298 	8297
f 7911 	8540 	7816
f 8385 	8386 	7580
f 8298 	8582 	8299
f 8540 	7912 	8541
f 7410 	7306 	8399
f 7812 	7755 	8479
f 7046 	8423 	7051
f 8494 	7051 	8423
f 8549 	7816 	8540
f 8541 	8549 	8540
f 7238 	8416 	7755
f 8553 	8555 	8543
f 8516 	7064 	8494
f 8479 	8455 	7812
f 8546 	8541 	8563
f 8545 	8555 	8544
f 8547 	8542 	8555
f 8542 	8543 	8555
f 7821 	7050 	8495
f 8552 	8555 	8548
f 8546 	7816 	8549
f 8478 	7853 	8484
f 8498 	8497 	7099
f 7100 	7099 	8497
f 8455 	8479 	7854
f 8551 	8550 	8555
f 8549 	8541 	8546
f 8498 	7099 	7098
f 8498 	7098 	8496
f 8500 	8499 	7101
f 7102 	7101 	8499
f 8552 	8551 	8555
f 8500 	7101 	7100
f 8500 	7100 	8497
f 8553 	8548 	8555
f 8307 	8591 	8229
f 7102 	8499 	7103
f 8502 	7103 	8499
f 7853 	8490 	7238
f 8547 	8555 	8545
f 8555 	7065 	7048
f 7115 	7103 	8502
f 7115 	8502 	8501
f 8348 	7616 	7615
f 8230 	8595 	8231
f 8504 	8503 	7104
f 7105 	7104 	8503
f 7104 	7115 	8504
f 8555 	8550 	8554
f 7854 	8484 	7853
f 8501 	8504 	7115
f 8506 	7106 	7105
f 8506 	7105 	8503
f 7619 	7856 	7615
f 8620 	8233 	8596
f 8506 	8505 	7106
f 7116 	7106 	8505
f 7724 	7760 	7725
f 7151 	8543 	8542
f 7108 	7107 	8509
f 7108 	8509 	8507
f 7151 	8180 	8543
f 8556 	7921 	7591
f 7726 	7768 	7762
f 7726 	7762 	7761
f 7726 	7761 	7730
f 8509 	7107 	7116
f 7902 	7921 	8537
f 8556 	8537 	7921
f 8509 	7116 	8505
f 8556 	8539 	8537
f 8512 	8511 	7110
f 7113 	7110 	8511
f 7903 	8520 	7924
f 7727 	7729 	8111
f 7108 	8507 	7110
f 8512 	7110 	8507
f 8524 	7924 	8520
f 8524 	8528 	7924
f 7081 	8221 	8234
f 8528 	8529 	7924
f 8111 	8120 	7727
f 7727 	8120 	8112
f 7727 	8112 	7728
f 8514 	7054 	7053
f 7113 	8511 	7053
f 8514 	7053 	8511
f 7849 	7924 	8529
f 7728 	8112 	8114
f 8529 	8534 	7849
f 8514 	8513 	7054
f 7057 	7054 	8513
f 7090 	8225 	7089
f 8222 	7089 	8225
f 7728 	8114 	8117
f 7055 	7057 	8515
f 7090 	7473 	8225
f 7091 	8555 	7092
f 8513 	8515 	7057
f 8116 	8112 	8120
f 8515 	8495 	7055
f 7050 	7055 	8495
f 7091 	7093 	8555
f 8117 	8279 	7728
f 8317 	7860 	8557
f 8100 	8143 	7083
f 8516 	7119 	7064
f 7051 	8494 	7064
f 7093 	7094 	8555
f 7165 	7211 	8210
f 8211 	8210 	7211
f 7032 	8557 	7859
f 8115 	8111 	7729
f 7120 	8518 	7121
f 8517 	7121 	8518
f 7451 	8337 	8557
f 8558 	7451 	8557
f 7032 	8559 	8558
f 7032 	8558 	8557
f 8518 	7120 	7119
f 8518 	7119 	8516
f 8555 	8554 	7092
f 7221 	8212 	7211
f 7914 	7083 	8143
f 8523 	7122 	7121
f 8523 	7121 	8517
f 8555 	7086 	7084
f 8555 	7084 	7065
f 8555 	7088 	7095
f 8521 	7131 	7122
f 8521 	7122 	8523
f 7096 	7088 	8555
f 8525 	7124 	7123
f 8525 	7123 	8526
f 7096 	8555 	7094
f 8156 	8150 	7730
f 7729 	7730 	8146
f 7730 	7761 	8156
f 7097 	7092 	8554
f 7123 	7131 	8526
f 7222 	8213 	7221
f 7906 	8561 	8317
f 8555 	7095 	7086
f 8521 	8526 	7131
f 8561 	8562 	8317
f 7729 	8146 	8151
f 8115 	7729 	8151
f 8211 	7211 	8212
f 8531 	7126 	7125
f 8531 	7125 	8532
f 7859 	8557 	7860
f 8146 	7730 	8150
f 8532 	7125 	7124
f 8532 	7124 	8525
f 7126 	8531 	7127
f 8536 	7127 	8531
f 8562 	7861 	7860
f 8562 	7860 	8317
f 8100 	7083 	7658
f 7132 	7127 	8536
f 7132 	8536 	8535
f 8324 	7863 	8563
f 8279 	8278 	7728
f 8324 	7864 	7863
f 8212 	7221 	8213
f 8496 	7098 	8535
f 7132 	8535 	7098
f 8281 	8280 	8278
f 7728 	8278 	8280
f 8283 	7732 	8280
f 7728 	8280 	7732
f 8283 	8288 	7732
f 8560 	7865 	7864
f 8288 	8285 	7732
f 7732 	8285 	8284
f 8213 	7222 	8214
f 7245 	8214 	7222
f 8431 	7703 	8432
f 8286 	7732 	8284
f 8551 	7111 	7109
f 8551 	7109 	8550
f 7277 	8174 	7245
f 7861 	8562 	7135
f 7111 	8551 	7112
f 8552 	7112 	8551
f 8153 	8152 	7284
f 7906 	7927 	8561
f 8561 	7927 	8562
f 8286 	8538 	7732
f 7927 	7135 	8562
f 8554 	8550 	7097
f 7109 	7097 	8550
f 7308 	8160 	7284
f 7729 	8252 	7730
f 8544 	8555 	7048
f 8247 	7324 	8248
f 7325 	8248 	7324
f 8564 	7052 	7065
f 7052 	7037 	7065
f 7037 	7041 	7065
f 7041 	7048 	7065
f 7203 	7204 	7083
f 8277 	8289 	7083
f 8293 	7083 	8291
f 8559 	7417 	8558
f 7451 	8558 	7417
f 8246 	7316 	8247
f 7059 	8564 	7065
f 7058 	8559 	7032
f 7056 	7059 	7065
f 7417 	8559 	7867
f 8510 	8252 	7273
f 7058 	7867 	8559
f 7350 	8249 	7325
f 7069 	8560 	7072
f 7062 	7056 	7065
f 7364 	8250 	7350
f 7580 	7073 	8560
f 7072 	8560 	7073
f 8565 	7074 	7075
f 8565 	7077 	7074
f 8173 	7245 	8174
f 7822 	7831 	7038
f 8472 	7038 	7831
f 8565 	7580 	7079
f 7580 	8565 	7073
f 7075 	7073 	8565
f 7418 	7417 	7867
f 7418 	7867 	7593
f 7959 	7468 	7960
f 7061 	7062 	7065
f 8215 	7627 	8216
f 7076 	7078 	7065
f 7078 	7061 	7065
f 8566 	8567 	8397
f 7265 	8397 	8567
f 7949 	7948 	7487
f 7325 	8249 	8248
f 7490 	7950 	7487
f 7534 	7076 	7065
f 8567 	8566 	8568
f 7265 	8394 	8397
f 8567 	7268 	7265
f 7722 	7730 	8252
f 7269 	7268 	8568
f 8415 	7254 	8568
f 7938 	7408 	7939
f 7403 	7938 	7937
f 7939 	7409 	7940
f 8567 	8568 	7268
f 8394 	8195 	8397
f 8282 	7390 	8192
f 8128 	8127 	7402
f 8570 	8397 	8569
f 8571 	8397 	8570
f 8566 	8397 	8572
f 8573 	8576 	8397
f 8397 	7164 	8574
f 8569 	8397 	8576
f 8133 	8130 	7416
f 8573 	8397 	8575
f 8574 	8575 	8397
f 7179 	7979 	7178
f 7178 	7979 	7176
f 8578 	8134 	7424
f 7401 	7402 	8127
f 7401 	8193 	7395
f 8192 	7395 	8193
f 8128 	7402 	8130
f 7985 	7305 	7986
f 7395 	7390 	7154
f 7691 	7689 	7157
f 7157 	7689 	7158
f 7685 	7156 	7688
f 7682 	7154 	7685
f 7244 	7982 	7243
f 7628 	8215 	8208
f 7688 	7158 	7689
f 7983 	7263 	7984
f 7984 	7303 	7985
f 7303 	7305 	7985
f 7158 	7688 	7156
f 7986 	7312 	7987
f 7632 	8217 	8202
f 7313 	7320 	7987
f 8292 	8290 	8579
f 7616 	8473 	8203
f 7586 	8628 	7941
f 8578 	7682 	8579
f 8578 	7424 	7682
f 7436 	7437 	7940
f 7166 	7586 	7941
f 8581 	8297 	8580
f 7940 	7409 	7436
f 7166 	7941 	7437
f 7941 	7940 	7437
f 7936 	7935 	7368
f 7937 	7936 	7403
f 7368 	7403 	7936
f 7409 	7939 	7408
f 7408 	7938 	7403
f 8292 	8579 	8296
f 8580 	8296 	8579
f 8579 	7682 	8580
f 7645 	7616 	8203
f 7278 	7273 	8252
f 8298 	8581 	8582
f 7935 	7934 	7438
f 7438 	7934 	7500
f 8415 	8589 	8406
f 7438 	7368 	7935
f 7567 	8257 	8510
f 7444 	7956 	7440
f 8583 	8299 	8582
f 7958 	7445 	7454
f 8583 	8582 	7682
f 8582 	8581 	7682
f 8581 	8580 	7682
f 7961 	7474 	7475
f 8301 	8299 	8584
f 8209 	7639 	7644
f 8583 	8584 	8299
f 8217 	7645 	8203
f 8303 	8585 	8304
f 7445 	7957 	7444
f 8586 	8304 	8585
f 7468 	7959 	7454
f 7958 	7454 	7959
f 7474 	7960 	7468
f 8585 	8303 	8584
f 8028 	7963 	7486
f 8200 	8257 	7569
f 7569 	8257 	7567
f 7485 	7962 	7475
f 8301 	8584 	8303
f 7569 	7389 	8200
f 7487 	7948 	7486
f 8585 	8584 	7682
f 8584 	8583 	7682
f 8201 	7388 	8208
f 7496 	7933 	7495
f 7388 	7628 	8208
f 8215 	7628 	7627
f 7934 	7933 	7500
f 8588 	8306 	8587
f 8209 	8216 	7639
f 8305 	8587 	8306
f 8182 	7152 	8547
f 8209 	7644 	8202
f 8569 	8589 	8570
f 8304 	8586 	8305
f 8589 	8576 	8573
f 8574 	8589 	8575
f 8587 	8305 	8586
f 8589 	8256 	8257
f 8217 	7632 	7645
f 7977 	7521 	7978
f 8573 	8575 	8589
f 7682 	8587 	8586
f 7682 	8586 	8585
f 8570 	8589 	8571
f 8590 	8307 	8588
f 8577 	7164 	8589
f 7168 	7167 	8589
f 8252 	8510 	8255
f 8306 	8588 	8307
f 7169 	7168 	8589
f 8589 	7186 	7172
f 8255 	8510 	8257
f 7175 	7174 	8589
f 7201 	7224 	8589
f 8590 	8591 	8307
f 8592 	8229 	8591
f 7581 	7062 	7061
f 7224 	8256 	8589
f 8591 	7684 	8592
f 8201 	7389 	7388
f 7202 	7201 	8589
f 8593 	8594 	8167
f 8594 	8170 	8167
f 8588 	8587 	7682
f 7174 	7202 	8589
f 7172 	7175 	8589
f 8593 	8597 	8598
f 8593 	8598 	8594
f 8170 	8594 	8599
f 7170 	7169 	8589
f 8598 	8597 	7065
f 8594 	8598 	8600
f 8594 	8600 	8601
f 8603 	8594 	8601
f 7167 	7186 	8589
f 8599 	8594 	8602
f 7065 	8601 	8600
f 7164 	7170 	8589
f 8589 	8574 	8577
f 8605 	8594 	8603
f 8596 	8231 	8595
f 8605 	8604 	8594
f 8594 	8604 	7896
f 8571 	8589 	8572
f 8601 	7065 	8603
f 7065 	8600 	8598
f 8257 	8200 	8589
f 7065 	8597 	8593
f 8572 	8589 	8566
f 8566 	8589 	8568
f 7065 	8604 	8605
f 8589 	8200 	8201
f 7065 	8605 	8603
f 7078 	8333 	7061
f 8217 	8203 	8589
f 8589 	8403 	8404
f 8607 	7205 	8606
f 8608 	7205 	8607
f 8610 	7543 	8609
f 8609 	7543 	8608
f 8405 	8406 	8589
f 8612 	7543 	8611
f 8613 	7543 	8612
f 8614 	7543 	8613
f 8415 	8568 	8589
f 8616 	7545 	8615
f 8615 	7539 	8614
f 8611 	7543 	8610
f 8617 	7545 	8616
f 8618 	7545 	8617
f 8595 	8230 	8592
f 7552 	7559 	8619
f 7543 	8614 	7542
f 8619 	7559 	8618
f 7205 	8608 	7543
f 8404 	8414 	8589
f 8230 	8229 	8592
f 7200 	8654 	7205
f 8170 	8599 	7205
f 8401 	8433 	8589
f 8595 	8592 	7684
f 8203 	8473 	8589
f 7679 	8609 	7671
f 8610 	7681 	8611
f 8208 	8589 	8201
f 7736 	8612 	7731
f 8216 	8209 	8589
f 8613 	7743 	8614
f 8209 	8202 	8589
f 8615 	7748 	8616
f 8589 	8348 	8346
f 8231 	8596 	8233
f 8611 	7731 	8612
f 7736 	8613 	8612
f 8614 	7744 	8615
f 8346 	8347 	8589
f 8465 	8401 	8589
f 7081 	8234 	8620
f 7749 	8617 	8616
f 8435 	8403 	8589
f 7751 	8619 	8618
f 7200 	8599 	7196
f 8233 	8620 	8234
f 8599 	8602 	7199
f 8620 	8596 	7684
f 8596 	8595 	7684
f 8414 	8405 	8589
f 8621 	8622 	8602
f 8623 	8624 	8602
f 8622 	7199 	8602
f 8624 	8621 	8602
f 8433 	8435 	8589
f 8623 	8602 	8627
f 8347 	8465 	8589
f 8626 	8627 	8602
f 8625 	8626 	8602
f 8629 	7896 	8628
f 7941 	8628 	7896
f 8632 	8594 	8631
f 8473 	8348 	8589
f 7089 	8222 	7080
f 8633 	8594 	8632
f 8634 	8594 	8633
f 8589 	8202 	8217
f 8636 	8602 	8635
f 8635 	8602 	8634
f 8215 	8589 	8208
f 8637 	8602 	8636
f 8638 	8602 	8637
f 7896 	8630 	8594
f 8639 	8602 	8638
f 8641 	8602 	8640
f 8640 	8602 	8639
f 8643 	8602 	8642
f 8221 	7081 	7080
f 8642 	8602 	8641
f 8644 	8602 	8643
f 8216 	8589 	8215
f 8646 	8602 	8645
f 8647 	8602 	8646
f 8645 	8602 	8644
f 8629 	8630 	7896
f 8631 	8594 	8630
f 8594 	8634 	8602
f 7588 	8630 	8629
f 8628 	7586 	8629
f 8630 	7589 	8631
f 7592 	8632 	8631
f 8633 	7602 	8634
f 8635 	8634 	7603
f 8637 	7613 	8638
f 8636 	7612 	8637
f 8569 	8576 	8589
f 8638 	7614 	8639
f 7622 	8639 	7614
f 8639 	7622 	8640
f 7623 	8640 	7622
f 7623 	8641 	8640
f 8642 	7629 	8643
f 8647 	8648 	8602
f 8625 	8602 	8649
f 8648 	8649 	8602
f 7566 	7815 	8624
f 8644 	8643 	7630
f 8646 	7573 	8647
f 8624 	8623 	7566
f 7566 	8623 	7565
f 7196 	8599 	7188
f 7199 	7188 	8599
f 7977 	7557 	7550
f 8650 	7195 	7189
f 8651 	8652 	7195
f 8651 	7195 	8650
f 8654 	7200 	8653
f 8606 	7205 	8654
f 8652 	8653 	7200
f 7200 	7198 	8652
f 7195 	8652 	7198
f 7818 	7648 	7189
f 8651 	7652 	8652
f 8652 	7654 	8653
f 7660 	8653 	7654
f 7662 	8654 	7660
f 8653 	7660 	8654
f 8654 	7662 	8606
f 8607 	7670 	8608
f 7669 	7670 	8607
f 8606 	7667 	8607
# 3262 faces

 #end of obj_8

o obj_9
v 223.854 		176.6038 		6.4137
v 223.8298 		176.5857 		6.4137
v 224.012 		176.7398 		6.4137
v 225.498 		177.407 		7.512
v 224.0122 		176.74 		6.4137
v 225.829 		178.932 		7.508
v 225.804 		179.455 		7.507
v 224.96 		176.51 		6.414
v 221.451 		176.865 		14.6
v 225.711 		179.97 		7.506
v 221.308 		176.896 		14.6
v 221.855 		179.022 		0.007
v 221.031 		181.119 		14.591
v 223.6565 		180.3444 		7.5056
v 221.17 		181.169 		14.59
v 225.498 		177.405 		6.412
v 220.897 		181.06 		14.591
v 220.766 		180.992 		14.591
v 220.64 		180.916 		14.591
v 225.675 		177.897 		6.411
v 225.786 		178.409 		6.41
v 220.52 		180.832 		14.591
v 220.405 		180.74 		14.591
v 223.6924 		176.4823 		6.4137
v 220.0115 		177.7914 		7.5115
v 223.6517 		180.3506 		7.5056
v 223.3318 		176.2628 		6.4145
v 219.9335 		177.9164 		7.5112
v 223.3433 		176.2693 		6.4145
v 223.566 		180.4604 		7.5053
v 223.6097 		180.4041 		7.5055
v 220.0985 		177.6724 		7.5118
v 220.0754 		177.7041 		7.5117
v 224.96 		176.512 		7.514
v 220.0563 		177.7302 		7.5117
v 223.4685 		180.5704 		7.505
v 223.5161 		180.517 		7.5052
v 225.0109 		178.715 		6.4091
v 225.015 		178.7448 		6.409
v 225.0284 		178.944 		6.4082
v 223.1439 		176.1738 		6.4145
v 223.1159 		176.1625 		6.4145
v 220.297 		180.64 		14.592
v 220.195 		180.534 		14.592
v 220.1925 		177.5594 		7.5121
v 221.824 		179.0233 		0.007
v 221.824 		179.0295 		0.007
v 221.824 		179.0479 		0.0069
v 223.296 		175.278 		6.416
v 223.3635 		180.6734 		7.505
v 224.209 		175.784 		6.415
v 223.769 		175.501 		6.416
v 224.608 		176.123 		6.415
v 223.4145 		180.6234 		7.505
v 220.2612 		177.4872 		7.5123
v 220.2444 		177.5049 		7.5122
v 223.296 		175.28 		7.516
v 223.769 		175.504 		7.516
v 225.029 		179.1608 		6.4078
v 225.029 		178.9528 		6.4082
v 220.2935 		177.4529 		7.5123
v 225.0159 		179.3688 		6.4074
v 225.0162 		179.3632 		6.4074
v 224.209 		175.787 		7.515
v 225.0179 		179.3387 		6.4074
v 224.608 		176.125 		7.515
v 224.9928 		179.5458 		6.407
v 224.9889 		179.5758 		6.407
v 224.9479 		179.7798 		6.4066
v 224.9483 		179.7778 		6.4066
v 224.9538 		179.7503 		6.4066
v 220.101 		180.421 		14.592
v 224.9008 		179.9517 		6.4062
v 224.893 		179.9808 		6.4062
v 224.826 		180.1778 		6.4058
v 224.8251 		180.18 		6.4058
v 223.4612 		180.5776 		7.505
v 220.014 		180.302 		14.592
v 220.349 		177.4015 		7.5123
v 221.308 		175.9618 		6.4152
v 221.2784 		175.9682 		6.4152
v 221.3746 		175.9518 		6.4152
v 220.4015 		177.3534 		7.5123
v 223.2525 		180.7694 		7.505
v 221.239 		175.044 		6.417
v 219.529 		181.144 		0.002
v 219.162 		180.639 		0.003
v 219.273 		180.815 		0.003
v 224.938 		178.3047 		6.4102
v 221.514 		175.9308 		6.4152
v 224.946 		178.3338 		6.4102
v 221.6919 		175.9154 		6.4152
v 224.9879 		178.5388 		6.4098
v 224.9858 		178.5285 		6.4098
v 219.396 		180.984 		0.003
v 224.9819 		178.5091 		6.4098
v 221.7218 		175.9128 		6.4152
v 221.776 		175.912 		6.4152
v 220.5165 		177.2604 		7.5124
v 220.473 		177.2956 		7.5123
v 222.9213 		176.0874 		6.4145
v 223.2416 		180.7777 		7.505
v 222.95 		176.0967 		6.4145
v 224.051 		179.417 		14.594
v 220.4606 		177.3056 		7.5123
v 222.9704 		176.1048 		6.4144
v 224.07 		179.271 		14.594
v 224.022 		179.561 		14.594
v 224.079 		179.1094 		7.5082
v 224.079 		178.9626 		7.5084
v 223.983 		179.703 		14.594
v 223.936 		179.842 		14.593
v 223.879 		179.978 		14.593
v 224.079 		178.9624 		7.5084
v 223.813 		180.11 		14.593
v 220.6365 		177.1764 		7.5127
v 218.976 		180.267 		0.004
v 219.063 		180.456 		0.004
v 221.76 		175 		6.417
v 220.7073 		177.1332 		7.5128
v 221.93 		175.9098 		6.4152
v 221.8997 		175.9103 		6.4152
v 222.138 		175.9198 		6.4152
v 222.1805 		175.9247 		6.4152
v 222.752 		176.0318 		6.4149
v 220.7625 		177.0994 		7.5128
v 222.283 		175.025 		6.417
v 220.8925 		177.0314 		7.5128
v 220.8294 		177.0645 		7.5128
v 223.1345 		180.8584 		7.5048
v 222.345 		175.9438 		6.4152
v 222.55 		175.9808 		6.4152
v 222.5804 		175.9885 		6.4152
v 222.797 		175.119 		6.417
v 221.0275 		176.9724 		7.513
v 220.9602 		177.0018 		7.5128
v 221.8553 		179.008 		0.007
v 223.0115 		180.9384 		7.5045
v 223.0713 		180.8996 		7.5046
v 223.934 		178.259 		14.597
v 222.283 		175.028 		7.517
v 222.798 		175.121 		7.517
v 221.1655 		176.9224 		7.5132
v 224.021 		178.54 		14.596
v 224.05 		178.684 		14.596
v 223.982 		178.398 		14.596
v 224.161 		176.8858 		6.4133
v 224.069 		178.83 		14.595
v 224.079 		178.977 		14.595
v 224.079 		179.124 		14.595
v 224.2799 		177.0192 		6.413
v 224.2965 		177.0379 		6.4129
v 219.936 		180.177 		14.593
v 219.752 		179.777 		14.594
v 219.65 		179.348 		14.595
v 219.636 		179.201 		14.595
v 223.7087 		180.2506 		0.004
v 219.63 		179.024 		0.007
v 223.6132 		180.3842 		0.0035
v 223.566 		180.445 		0.003
v 224.4279 		177.2058 		6.4125
v 224.4093 		177.1819 		6.4126
v 224.5404 		177.3712 		6.4122
v 223.3897 		180.6318 		0.003
v 224.5279 		177.3529 		6.4122
v 219.708 		179.636 		14.594
v 221.8651 		179.008 		0.007
v 219.675 		179.493 		14.594
v 223.468 		180.555 		0.003
v 222.8835 		181.0114 		7.5045
v 222.998 		180.9462 		7.5045
v 223.566 		180.445 		0.0035
v 221.8637 		179.008 		0.007
v 223.5643 		180.447 		0.0035
v 223.468 		180.555 		0.0035
v 223.566 		180.445 		0.0035
v 222.7505 		181.0744 		7.5045
v 223.4676 		180.5554 		0.0035
v 223.468 		180.555 		0.0035
v 221.8648 		179.008 		0.007
v 221.8649 		179.008 		0.007
v 221.865 		179.008 		0.007
v 222.7336 		181.0812 		7.5045
v 219.866 		180.048 		14.593
v 219.804 		179.914 		14.593
v 223.1128 		180.8568 		0.0028
v 222.614 		181.1294 		7.5042
v 222.6801 		181.1027 		7.5044
v 218.84 		179.873 		0.005
v 218.901 		180.072 		0.005
v 218.737 		179.258 		0.006
v 223.011 		180.923 		0.002
v 218.758 		179.465 		0.006
v 218.737 		179.258 		0.006
v 222.331 		181.196 		0.002
v 218.737 		179.258 		0.006
v 218.737 		179.258 		0.006
v 222.474 		181.16 		0.002
v 218.792 		179.67 		0.006
v 222.4745 		181.1754 		7.5039
v 222.5425 		181.1531 		7.5041
v 222.614 		181.114 		0.002
v 221.8526 		179.008 		0.007
v 221.8528 		179.008 		0.007
v 221.8529 		179.008 		0.007
v 221.8531 		179.008 		0.007
v 221.8532 		179.008 		0.007
v 221.76 		175.003 		7.517
v 222.3315 		181.2114 		7.5039
v 222.4544 		181.1805 		7.5039
v 221.239 		175.046 		7.517
v 224.2999 		177.0417 		6.4129
v 222.75 		181.059 		0.002
v 225.258 		176.94 		6.413
v 222.2569 		181.2253 		7.5039
v 221.8429 		179.008 		0.007
v 221.8435 		179.008 		0.007
v 222.331 		181.196 		0.0021
v 221.8349 		179.008 		0.007
v 221.824 		179.0525 		0.0069
v 222.331 		181.196 		0.0021
v 221.824 		179.0496 		0.0069
v 221.7465 		181.2604 		7.5039
v 221.8184 		181.2614 		7.5039
v 221.869 		181.2621 		7.5039
v 222.883 		180.996 		0.002
v 221.894 		181.2624 		7.5039
v 222.614 		181.114 		0.0021
v 219.8229 		176.6738 		6.4136
v 222.614 		181.114 		0.0021
v 224.5449 		177.3778 		6.4121
v 219.9188 		176.5968 		6.4136
v 224.6346 		177.5318 		6.4118
v 224.65 		177.5578 		6.4118
v 221.6 		181.2484 		7.5039
v 222.4908 		181.1545 		0.0021
v 221.6709 		181.2543 		7.5039
v 222.474 		181.16 		0.0021
v 224.7387 		177.7352 		6.4114
v 222.614 		181.114 		0.0021
v 222.3504 		181.1911 		0.0021
v 220.333 		176.3157 		6.4144
v 220.518 		176.2188 		6.4144
v 220.4912 		176.2327 		6.4144
v 220.6044 		176.1808 		6.4144
v 221.5744 		181.2445 		7.5039
v 223.0188 		180.9179 		0.0028
v 223.011 		180.923 		0.0028
v 219.9848 		176.5438 		6.4138
v 221.4545 		181.2264 		7.5039
v 221.5254 		181.2371 		7.5039
v 220.1302 		176.4412 		6.4141
v 220.155 		176.4238 		6.4142
v 224.743 		177.7438 		6.4114
v 224.824 		177.9358 		6.411
v 224.8822 		178.1043 		6.4106
v 224.8884 		178.1227 		6.4106
v 220.6813 		176.147 		6.4146
v 222.8928 		180.9904 		0.0021
v 220.7089 		176.1348 		6.4146
v 221.3105 		181.1954 		7.5039
v 222.883 		180.996 		0.0021
v 221.2848 		181.1879 		7.5039
v 224.8919 		178.1328 		6.4106
v 222.7621 		181.0533 		0.0021
v 222.75 		181.059 		0.0021
v 219.635 		178.907 		14.596
v 222.187 		181.2384 		7.5039
v 219.631 		179.054 		14.595
v 222.6283 		181.1082 		0.0021
v 222.614 		181.114 		0.0021
v 221.824 		179.0493 		0.0069
v 219.75 		178.332 		14.597
v 222.75 		181.059 		0.0021
v 219.707 		178.473 		14.596
v 220.3072 		176.3315 		6.4144
v 220.2483 		176.3672 		6.4144
v 219.803 		178.194 		14.597
v 221.824 		179.0401 		0.007
v 222.614 		181.114 		0.0021
v 222.0405 		181.2554 		7.5039
v 222.1119 		181.2472 		7.5039
v 221.824 		179.0304 		0.007
v 221.894 		181.247 		0.002
v 222.04 		181.24 		0.002
v 219.674 		178.616 		14.596
v 221.824 		179.0304 		0.007
v 222.187 		181.223 		0.002
v 221.824 		179.0241 		0.007
v 219.65 		178.761 		14.596
v 222.187 		181.223 		0.0021
v 222.187 		181.223 		0.0021
v 222.187 		181.223 		0.0021
v 220.235 		175.331 		6.416
v 219.77 		175.571 		6.416
v 220.8764 		176.0741 		6.415
v 218.737 		178.841 		0.007
v 218.73 		179.049 		0.007
v 220.9049 		176.0638 		6.415
v 218.791 		178.428 		0.008
v 218.757 		178.634 		0.008
v 221.1049 		176.0058 		6.4152
v 220.9814 		176.0416 		6.4152
v 218.839 		178.226 		0.009
v 220.727 		175.155 		6.417
v 221.31 		181.18 		0.002
v 221.454 		181.211 		0.002
v 221.824 		179.049 		0.0069
v 221.6 		181.233 		0.002
v 219.77 		175.573 		7.516
v 225.258 		176.942 		7.513
v 221.1994 		181.1478 		0.0021
v 220.235 		175.334 		7.516
v 220.727 		175.157 		7.517
v 221.746 		181.245 		0.002
v 222.1645 		181.241 		7.5039
v 221.3399 		181.1864 		0.0021
v 221.31 		181.18 		0.0021
v 221.9649 		181.259 		7.5039
v 224.016 		181.363 		0.001
v 223.336 		181.841 		0
v 223.518 		181.738 		0.001
v 223.692 		181.624 		0.001
v 219.27 		177.282 		0.011
v 219.159 		177.459 		0.011
v 221.7731 		181.2454 		0.0021
v 221.746 		181.245 		0.0021
v 223.858 		181.499 		0.001
v 221.894 		181.247 		0.0021
v 221.894 		181.247 		0.0021
v 219.6373 		181.2701 		6.4043
v 221.1695 		181.1544 		7.5042
v 221.6275 		181.2353 		0.0021
v 221.6 		181.233 		0.0021
v 221.746 		181.245 		0.0021
v 221.4833 		181.2154 		0.0021
v 221.031 		181.1044 		7.5044
v 219.392 		177.114 		0.011
v 221.098 		181.1287 		7.5043
v 221.454 		181.211 		0.0021
v 219.526 		176.954 		0.012
v 224.164 		181.217 		0.002
v 221.6 		181.233 		0.0021
v 224.079 		178.947 		0.007
v 224.079 		179.094 		0.006
v 224.079 		179.094 		0.0064
v 224.079 		178.9723 		0.007
v 222.2077 		181.2191 		0.0021
v 222.187 		181.223 		0.0021
v 222.35 		182.162 		0
v 218.9 		178.026 		0.009
v 219.06 		177.642 		0.01
v 218.974 		177.832 		0.01
v 222.555 		182.124 		0
v 222.0635 		181.2373 		0.0021
v 222.04 		181.24 		0.0021
v 222.187 		181.223 		0.0021
v 222.757 		182.073 		0
v 222.955 		182.008 		0
v 222.04 		181.24 		0.0021
v 221.9184 		181.2458 		0.0021
v 223.148 		181.931 		0
v 220.765 		180.962 		0.002
v 220.896 		181.03 		0.002
v 219.5507 		181.1787 		6.4043
v 219.5299 		181.1568 		6.4043
v 219.396 		180.9968 		6.4043
v 219.4153 		181.02 		6.4043
v 221.031 		181.089 		0.002
v 220.765 		180.962 		0.0021
v 220.765 		180.962 		0.0021
v 220.765 		180.962 		0.0021
v 219.3679 		180.9581 		6.4043
v 221.169 		181.139 		0.002
v 220.667 		180.9029 		0.0028
v 221.0057 		181.0933 		7.5045
v 221.935 		182.197 		0
v 222.143 		182.186 		0
v 221.169 		181.139 		0.0021
v 221.313 		182.146 		0
v 221.519 		182.176 		0
v 221.313 		182.146 		0
v 221.313 		182.146 		0
v 221.313 		182.146 		0
v 221.727 		182.193 		0
v 221.0612 		181.0999 		0.0021
v 221.031 		181.089 		0.0021
v 221.169 		181.139 		0.0021
v 221.031 		181.089 		0.0021
v 220.9264 		181.0433 		0.0021
v 220.522 		181.89 		0
v 220.713 		181.973 		0
v 220.522 		181.89 		0
v 220.522 		181.89 		0
v 220.522 		181.89 		0
v 220.909 		182.044 		0
v 220.896 		181.03 		0.0022
v 220.8965 		181.0454 		7.5045
v 220.9621 		181.0741 		7.5045
v 220.796 		180.9781 		0.0028
v 220.765 		180.962 		0.0028
v 219.2917 		180.8532 		6.4045
v 219.2738 		180.8287 		6.4046
v 219.1781 		180.6773 		6.4049
v 219.162 		180.6518 		6.405
v 220.6689 		180.9041 		0.0028
v 220.765 		180.962 		0.0028
v 221.109 		182.101 		0
v 220.7655 		180.9774 		7.5045
v 220.6395 		180.9014 		7.5047
v 220.7007 		180.9383 		7.5046
v 220.338 		181.794 		0.001
v 221.5512 		179.2 		0.0065
v 221.5065 		179.1964 		0.0066
v 220.8139 		180.2331 		0.0041
v 220.3936 		180.7004 		0.003
v 220.194 		180.504 		0.003
v 220.296 		180.61 		0.003
v 219.826 		181.436 		0.001
v 219.989 		181.566 		0.001
v 219.826 		181.436 		0.001
v 219.826 		181.436 		0.001
v 219.826 		181.436 		0.001
v 220.159 		181.686 		0.001
v 220.193 		177.574 		14.598
v 220.294 		177.468 		14.599
v 220.194 		180.504 		0.0031
v 220.194 		180.504 		0.0031
v 220.194 		180.504 		0.0031
v 219.673 		181.295 		0.002
v 220.637 		177.191 		14.599
v 220.517 		177.275 		14.599
v 219.142 		180.6148 		6.4051
v 220.3219 		180.634 		0.0035
v 220.296 		180.61 		0.0035
v 220.402 		177.368 		14.599
v 220.2183 		180.5292 		0.0035
v 220.194 		180.504 		0.0036
v 220.194 		180.504 		0.0036
v 219.45 		182.215 		6.402
v 220.014 		180.272 		0.004
v 225.029 		179.148 		0.006
v 225.029 		178.94 		0.007
v 220.1 		180.391 		0.004
v 220.0336 		180.2992 		0.0042
v 220.014 		180.272 		0.0042
v 219.45 		182.217 		7.502
v 220.014 		180.272 		0.0042
v 220.1222 		180.4177 		0.0042
v 220.1 		180.391 		0.0042
v 218.699 		181.49 		6.403
v 220.7422 		180.9634 		7.5045
v 219.051 		181.877 		6.403
v 219.063 		180.4688 		6.4054
v 218.976 		180.2798 		6.4058
v 218.963 		180.2456 		6.4059
v 218.161 		180.594 		6.405
v 220.1 		180.391 		0.0042
v 220.5195 		180.8174 		7.505
v 218.401 		181.06 		6.404
v 224.058 		179.3251 		0.006
v 224.0386 		179.4437 		0.0056
v 224.021 		179.531 		0.005
v 223.5701 		179.6734 		0.0054
v 223.931 		179.8216 		0.0049
v 223.9364 		179.8078 		0.005
v 223.878 		179.948 		0.004
v 220.4985 		180.8006 		7.5051
v 220.4045 		180.7254 		7.5053
v 223.738 		180.207 		0.004
v 223.813 		180.08 		0.004
v 223.9296 		179.8248 		0.0049
v 220.2965 		180.6254 		7.5056
v 220.349 		180.674 		7.5055
v 223.878 		179.948 		0.0049
v 219.051 		181.879 		7.503
v 218.699 		181.492 		7.503
v 218.401 		181.062 		7.504
v 223.873 		179.9583 		0.0049
v 223.813 		180.08 		0.0043
v 223.878 		179.948 		0.0049
v 221.1958 		178.5099 		0.0081
v 223.813 		180.08 		0.0043
v 223.8081 		180.0883 		0.0042
v 220.2792 		180.6075 		7.5057
v 223.738 		180.207 		0.0042
v 220.1945 		180.5194 		7.5056
v 223.7341 		180.2128 		0.0042
v 218.161 		180.597 		7.505
v 223.983 		179.673 		0.005
v 220.1005 		180.4064 		7.5057
v 220.1462 		180.4613 		7.5057
v 224.021 		179.531 		0.0056
v 223.249 		177.288 		0.01
v 223.5666 		177.6016 		0.01
v 223.654 		177.713 		0.009
v 220.014 		180.2874 		7.5059
v 223.736 		177.835 		0.009
v 220.0558 		180.3452 		7.5058
v 223.811 		177.962 		0.009
v 224.0163 		179.5485 		0.0056
v 223.983 		179.673 		0.0056
v 223.877 		178.093 		0.009
v 224.021 		179.531 		0.0056
v 223.5845 		177.6244 		0.0098
v 223.9777 		179.6882 		0.0056
v 223.983 		179.673 		0.0056
v 224.069 		179.241 		0.006
v 223.654 		177.713 		0.0098
v 223.6733 		177.7417 		0.0098
v 223.736 		177.835 		0.0093
v 220.763 		177.114 		14.599
v 220.893 		177.046 		14.6
v 224.069 		179.241 		0.0063
v 221.166 		176.937 		14.6
v 224.0662 		179.2625 		0.0063
v 221.028 		176.987 		14.6
v 223.934 		178.229 		0.008
v 223.3036 		178.7099 		0.0075
v 224.0287 		178.5532 		0.0077
v 224.049 		178.654 		0.007
v 224.079 		179.094 		0.0064
v 224.0774 		179.1175 		0.0063
v 219.864 		178.061 		14.597
v 219.934 		177.931 		14.598
v 224.0708 		178.8269 		0.007
v 220.099 		177.687 		14.598
v 224.069 		178.8 		0.007
v 220.012 		177.806 		14.598
v 224.049 		178.654 		0.0077
v 218.9127 		180.1131 		6.4061
v 218.9019 		180.0848 		6.4062
v 218.8409 		179.8858 		6.4066
v 223.736 		177.835 		0.0093
v 223.7533 		177.8642 		0.0091
v 218.7929 		179.6828 		6.407
v 218.8344 		179.8584 		6.4067
v 218.758 		179.4778 		6.4074
v 218.7629 		179.5075 		6.4074
v 223.811 		177.962 		0.0091
v 218.7561 		179.4591 		6.4074
v 223.826 		177.9918 		0.0091
v 224.652 		180.544 		0.003
v 224.745 		180.357 		0.004
v 224.431 		180.896 		0.002
v 224.547 		180.724 		0.003
v 223.877 		178.093 		0.0091
v 224.303 		181.061 		0.002
v 223.8897 		178.1232 		0.0091
v 223.877 		178.093 		0.0091
v 220.0871 		180.3881 		7.5057
v 217.873 		179.591 		6.407
v 217.984 		180.102 		6.406
v 224.0529 		178.6826 		0.0077
v 224.069 		178.8 		0.0071
v 224.049 		178.654 		0.0077
v 224.0374 		181.3547 		6.4033
v 223.981 		178.368 		0.008
v 223.4913 		181.7659 		6.4025
v 224.0113 		178.4782 		0.008
v 223.889 		182.428 		6.401
v 224.0695 		179.2564 		7.5079
v 223.934 		178.229 		0.0086
v 223.36 		177.384 		0.01
v 223.465 		177.487 		0.01
v 224.0694 		179.2573 		7.5079
v 223.4565 		177.6859 		0.0098
v 223.5615 		177.5953 		0.01
v 224.0505 		179.4024 		7.5076
v 223.934 		178.229 		0.0086
v 223.9441 		178.2589 		0.0084
v 223.981 		178.368 		0.0084
v 224.016 		181.3758 		6.4033
v 223.9892 		178.3977 		0.0084
v 223.716 		181.6187 		6.403
v 223.249 		177.288 		0.0107
v 224.0215 		179.5464 		7.5073
v 224.0356 		179.4765 		7.5074
v 223.692 		181.6368 		6.403
v 223.518 		181.7508 		6.4026
v 218.74 		179.3008 		6.4081
v 218.737 		179.2708 		6.4082
v 223.3624 		181.8389 		6.4025
v 218.731 		179.0929 		6.4088
v 218.73 		179.0627 		6.409
v 223.336 		181.8538 		6.4025
v 218.737 		178.8538 		6.4094
v 218.736 		178.884 		6.4093
v 218.7303 		179.0535 		6.409
v 218.7541 		178.6768 		6.4097
v 224.021 		179.5485 		7.5073
v 218.7567 		178.6498 		6.4098
v 223.983 		179.6884 		7.507
v 224.0015 		179.6194 		7.5072
v 217.855 		178.547 		6.41
v 217.83 		179.069 		6.409
v 218.757 		178.6468 		6.4098
v 223.2754 		177.3109 		0.0105
v 218.791 		178.4408 		6.4102
v 218.8356 		178.2533 		6.4105
v 223.36 		177.384 		0.0105
v 223.8589 		181.5118 		6.4033
v 223.8817 		181.4921 		6.4033
v 218.839 		178.2388 		6.4106
v 223.9355 		179.8274 		7.5067
v 223.9588 		179.7599 		7.5069
v 223.8392 		181.5266 		6.4033
v 222.208 		179.3156 		0.0062
v 223.424 		182.668 		6.401
v 222.2844 		179.4854 		0.0059
v 222.2184 		179.5283 		0.0059
v 222.209 		179.526 		0.0059
v 222.2524 		179.5087 		0.0059
v 222.2467 		179.5076 		0.0059
v 222.282 		179.4852 		0.0059
v 217.83 		179.072 		7.509
v 223.424 		182.67 		7.501
v 217.855 		178.549 		7.51
v 223.36 		177.384 		0.0105
v 223.3854 		177.4089 		0.0105
v 223.465 		177.487 		0.0105
v 223.4888 		177.5137 		0.0105
v 223.934 		179.8309 		7.5067
v 223.8785 		179.9634 		7.5065
v 223.9062 		179.8974 		7.5066
v 223.89 		182.431 		7.501
v 222.328 		176.848 		0.011
v 222.47 		176.884 		0.011
v 222.61 		176.93 		0.011
v 217.984 		180.104 		7.506
v 222.747 		176.984 		0.011
v 217.873 		179.593 		7.507
v 222.932 		182.845 		6.4
v 221.899 		182.999 		6.4
v 222.421 		182.956 		6.4
v 222.88 		177.047 		0.011
v 221.376 		182.974 		6.4
v 223.008 		177.12 		0.011
v 221.899 		183.001 		7.5
v 221.377 		182.976 		7.5
v 223.131 		177.2 		0.011
v 222.932 		182.847 		7.5
v 222.421 		182.958 		7.5
v 219.14 		177.5085 		6.4121
v 221.856 		179.053 		14.595
v 222.2113 		176.8271 		0.012
v 223.813 		180.0954 		7.5062
v 223.8446 		180.0313 		7.5063
v 222.328 		176.848 		0.012
v 219.1599 		177.4718 		6.4122
v 219.2548 		177.3213 		6.4125
v 219.2709 		177.2957 		6.4126
v 219.3601 		177.1721 		6.4128
v 219.3752 		177.1512 		6.4129
v 219.3929 		177.1268 		6.413
v 223.1761 		181.9308 		6.4025
v 219.526 		176.9668 		6.4134
v 219.5066 		176.99 		6.4133
v 222.9829 		182.0097 		6.4023
v 219.6211 		176.8671 		6.4136
v 222.955 		182.0208 		6.4022
v 222.757 		182.0858 		6.4018
v 223.7385 		180.2224 		7.5059
v 223.7749 		180.1607 		7.506
v 222.7173 		182.0959 		6.4018
v 222.555 		182.1368 		6.4017
v 223.8102 		180.1002 		7.5062
v 222.35 		182.1748 		6.4018
v 222.3051 		182.18 		6.4018
v 221.727 		182.2067 		6.4018
v 221.7571 		182.2073 		6.4018
v 221.8854 		182.2091 		6.4018
v 221.935 		182.2098 		6.4018
v 221.5491 		182.1913 		6.4018
v 221.519 		182.1888 		6.4018
v 221.313 		182.1588 		6.4018
v 221.4666 		182.1812 		6.4018
v 222.328 		176.848 		0.012
v 222.143 		182.1988 		6.4018
v 222.3569 		176.8553 		0.012
v 222.47 		176.884 		0.012
v 224.988 		179.563 		0.005
v 225.015 		179.356 		0.006
v 224.826 		180.165 		0.004
v 224.893 		179.968 		0.005
v 224.947 		179.767 		0.005
v 217.948 		178.032 		6.411
v 218.9 		178.0388 		6.411
v 218.9642 		177.8705 		6.4113
v 218.108 		177.533 		6.412
v 218.974 		177.8448 		6.4114
v 219.0484 		177.6823 		6.4117
v 219.0609 		177.6548 		6.4118
v 223.1488 		181.9438 		6.4025
v 218.331 		177.06 		6.413
v 223.1151 		181.9572 		6.4026
v 223.934 		178.2444 		7.5104
v 223.9063 		178.1784 		7.5105
v 218.614 		176.62 		6.414
v 218.952 		176.221 		6.415
v 218.614 		176.623 		7.514
v 218.952 		176.223 		7.515
v 222.61 		176.93 		0.0114
v 223.9815 		178.3834 		7.5101
v 223.9587 		178.3159 		7.5103
v 218.331 		177.063 		7.513
v 218.108 		177.536 		7.512
v 221.1098 		182.1147 		6.4018
v 221.1394 		182.1212 		6.4018
v 217.948 		178.034 		7.511
v 222.1296 		179.2213 		0.0065
v 222.1638 		179.2527 		0.0064
v 221.057 		182.0993 		6.4018
v 222.5001 		176.8939 		0.012
v 224.0205 		178.5254 		7.5098
v 223.982 		178.3852 		7.5101
v 224.946 		178.321 		0.008
v 225.015 		178.732 		0.007
v 224.987 		178.526 		0.008
v 224.0495 		178.6694 		7.5096
v 224.0354 		178.5995 		7.5097
v 222.64 		176.9418 		0.0113
v 224.0496 		178.6704 		7.5096
v 224.069 		178.8154 		7.509
v 224.0593 		178.7445 		7.5093
v 222.747 		176.984 		0.0113
v 219.34 		175.869 		6.415
v 219.34 		175.871 		7.515
v 220.862 		182.881 		6.4
v 224.0744 		179.185 		7.508
v 222.7767 		176.9981 		0.0113
v 222.747 		176.984 		0.0113
v 221.7209 		179.232 		0.0065
v 223.2495 		177.3034 		7.5123
v 221.7234 		179.2237 		0.0066
v 222.88 		177.047 		0.0113
v 223.3605 		177.3994 		7.5123
v 220.9388 		182.0651 		6.402
v 220.9099 		182.0568 		6.4021
v 220.7139 		181.9858 		6.4025
v 220.5505 		181.9149 		6.4026
v 220.6618 		181.9632 		6.4026
v 220.5229 		181.9028 		6.4026
v 220.338 		181.8068 		6.4026
v 220.3647 		181.8207 		6.4026
v 223.3692 		177.4079 		7.5123
v 220.2896 		181.7775 		6.4026
v 221.6131 		179.4025 		0.0062
v 222.909 		177.0635 		0.0113
v 223.4655 		177.5024 		7.5121
v 223.4145 		177.4524 		7.5122
v 222.88 		177.047 		0.0113
v 221.6071 		179.3524 		0.0063
v 223.008 		177.12 		0.0113
v 219.89 		182.498 		6.401
v 220.363 		182.721 		6.401
v 220.1858 		181.7145 		6.4029
v 223.5635 		177.6124 		7.5118
v 220.1599 		181.6988 		6.4029
v 219.989 		181.5788 		6.4033
v 220.0136 		181.5962 		6.4033
v 219.8505 		181.4677 		6.4037
v 219.9463 		181.5446 		6.4035
v 221.4825 		179.214 		0.0066
v 219.8269 		181.4488 		6.4037
v 219.673 		181.3078 		6.4042
v 219.6951 		181.3282 		6.4041
v 223.131 		177.2 		0.0112
v 223.6545 		177.7284 		7.5115
v 223.6103 		177.6721 		7.5117
v 223.0364 		177.1385 		0.0112
v 223.5686 		177.6189 		7.5118
v 223.1587 		177.2206 		0.0112
v 223.7365 		177.8504 		7.5112
v 223.131 		177.2 		0.0112
v 222.4702 		179.1243 		0.0067
v 222.688 		179.1812 		0.0065
v 224.544 		177.365 		0.01
v 224.427 		177.193 		0.011
v 222.8677 		178.7825 		0.0075
v 224.824 		177.923 		0.009
v 224.891 		178.12 		0.009
v 224.65 		177.545 		0.01
v 224.743 		177.731 		0.01
v 221.307 		176.866 		0.011
v 221.451 		176.834 		0.011
v 222.037 		176.805 		0.011
v 222.183 		176.822 		0.011
v 221.743 		176.8 		0.012
v 221.596 		176.813 		0.012
v 221.7688 		176.8459 		0.0119
v 221.7591 		176.7998 		0.012
v 221.8891 		176.852 		0.0119
v 221.8902 		176.798 		0.012
v 221.9157 		176.7992 		0.012
v 223.854 		176.591 		0.012
v 224.012 		176.727 		0.012
v 223.331 		176.25 		0.013
v 223.811 		177.9774 		7.511
v 223.7746 		177.9157 		7.5111
v 223.7391 		177.8548 		7.5112
v 221.6185 		176.811 		0.012
v 221.743 		176.8 		0.012
v 223.513 		176.352 		0.013
v 223.687 		176.466 		0.013
v 222.037 		176.805 		0.012
v 222.037 		176.805 		0.012
v 222.0639 		176.8081 		0.012
v 222.183 		176.822 		0.012
v 223.877 		178.1084 		7.5107
v 222.183 		176.822 		0.012
v 223.8782 		178.1113 		7.5107
v 221.307 		176.866 		0.012
v 224.299 		177.028 		0.011
v 222.328 		176.8634 		7.5134
v 222.2576 		176.8508 		7.5134
v 223.143 		176.161 		0.013
v 224.161 		176.873 		0.012
v 221.307 		176.866 		0.012
v 221.3248 		176.862 		0.012
v 221.451 		176.834 		0.012
v 221.451 		176.834 		0.012
v 221.4709 		176.8311 		0.012
v 221.596 		176.813 		0.012
v 222.4015 		176.8819 		7.5133
v 221.596 		176.813 		0.012
v 222.4705 		176.8994 		7.5132
v 225.328 		180.939 		6.404
v 222.3613 		176.8718 		7.5134
v 225.551 		180.466 		6.405
v 225.551 		180.468 		7.505
v 225.328 		180.942 		7.504
v 224.7458 		180.3698 		6.4054
v 224.7576 		180.342 		6.4054
v 224.6529 		180.5568 		6.405
v 224.5479 		180.7368 		6.4046
v 224.6494 		180.5628 		6.405
v 224.4478 		180.8839 		6.4042
v 224.431 		180.9088 		6.4042
v 224.3215 		181.0499 		6.4038
v 224.303 		181.0738 		6.4038
v 224.4232 		180.9189 		6.4042
v 224.185 		181.2072 		6.4034
v 224.1649 		181.2298 		6.4034
v 224.1522 		181.2423 		6.4033
v 225.045 		181.379 		6.403
v 224.707 		181.778 		6.402
v 222.6105 		176.9454 		7.5129
v 220.363 		182.724 		7.501
v 219.935 		180.147 		0.004
v 220.862 		182.883 		7.5
v 219.89 		182.5 		7.501
v 219.935 		180.147 		0.004
v 219.935 		180.147 		0.004
v 219.935 		180.147 		0.004
v 222.7475 		176.9994 		7.5129
v 219.8741 		180.0348 		0.0049
v 219.8051 		179.8885 		0.005
v 222.6361 		176.9555 		7.5128
v 219.708 		179.606 		0.005
v 219.751 		179.747 		0.005
v 221.824 		179.0772 		0.0069
v 219.803 		179.884 		0.005
v 219.751 		179.747 		0.005
v 219.751 		179.747 		0.005
v 221.8266 		179.072 		0.0069
v 219.751 		179.747 		0.005
v 223.657 		180.359 		14.592
v 223.739 		180.237 		14.592
v 223.566 		180.475 		14.592
v 219.65 		179.318 		0.006
v 223.469 		180.585 		14.592
v 219.674 		179.463 		0.006
v 223.364 		180.688 		14.591
v 223.253 		180.784 		14.591
v 219.6545 		179.345 		0.0063
v 219.65 		179.318 		0.0063
v 221.308 		175.949 		0.014
v 224.319 		182.13 		6.402
v 222.95 		176.083 		0.013
v 219.65 		179.318 		0.0063
v 224.319 		182.133 		7.502
v 221.514 		175.918 		0.014
v 219.803 		179.884 		0.005
v 221.721 		175.9 		0.014
v 219.7619 		179.7758 		0.0056
v 219.751 		179.747 		0.0056
v 221.93 		175.897 		0.014
v 219.803 		179.884 		0.005
v 225.045 		181.382 		7.503
v 224.707 		181.781 		7.502
v 219.751 		179.747 		0.0056
v 219.7168 		179.6348 		0.0056
v 222.138 		175.907 		0.014
v 219.708 		179.606 		0.0057
v 222.345 		175.931 		0.014
v 225.829 		178.93 		6.408
v 225.711 		179.968 		6.406
v 223.135 		180.873 		14.591
v 225.804 		179.453 		6.407
v 222.55 		175.968 		0.014
v 219.6806 		179.4907 		0.0063
v 219.674 		179.463 		0.0063
v 223.012 		180.953 		14.591
v 222.752 		176.019 		0.014
v 219.708 		179.606 		0.0057
v 222.884 		181.026 		14.591
v 222.751 		181.089 		14.591
v 222.614 		181.144 		14.59
v 222.475 		181.19 		14.59
v 219.674 		179.463 		0.0063
v 222.332 		181.226 		14.59
v 219.9531 		180.1756 		0.0042
v 219.935 		180.147 		0.0043
v 219.8807 		180.047 		0.0049
v 219.935 		180.147 		0.0043
v 222.88 		177.0629 		7.5129
v 222.8154 		177.0323 		7.5129
v 220.8219 		178.835 		0.0073
v 221.0974 		178.8706 		0.0073
v 225.675 		177.9 		7.511
v 225.786 		178.411 		7.51
v 221.1095 		178.4484 		0.0082
v 221.894 		181.277 		14.59
v 221.747 		181.275 		14.59
v 221.6 		181.263 		14.59
v 219.635 		179.171 		0.006
v 219.822 		176.661 		0.012
v 221.455 		181.241 		14.59
v 219.6342 		178.8998 		0.007
v 220.155 		176.411 		0.013
v 219.984 		176.531 		0.013
v 219.649 		178.731 		0.007
v 219.635 		178.877 		0.007
v 220.333 		176.302 		0.013
v 219.6662 		178.6273 		0.0077
v 220.518 		176.206 		0.013
v 221.311 		181.21 		14.59
v 219.6823 		178.5465 		0.008
v 219.707 		178.442 		0.008
v 219.75 		178.302 		0.008
v 219.7029 		178.4592 		0.0084
v 219.707 		178.442 		0.0084
v 222.187 		181.253 		14.59
v 222.041 		181.27 		14.59
v 219.707 		178.442 		0.0084
v 219.7458 		178.3158 		0.0084
v 219.75 		178.302 		0.0085
v 219.7974 		178.1763 		0.0091
v 219.75 		178.302 		0.0085
v 221.888 		179.0534 		0.0069
v 219.635 		178.877 		0.0071
v 219.647 		178.7517 		0.0077
v 219.649 		178.731 		0.0077
v 219.635 		178.877 		0.0071
v 219.649 		178.731 		0.0077
v 219.6377 		179.1975 		0.0063
v 219.635 		179.171 		0.0064
v 219.6308 		179.0484 		0.007
v 223.0085 		177.1354 		7.5126
v 220.708 		176.122 		0.013
v 222.9463 		177.1 		7.5128
v 221.104 		175.993 		0.014
v 220.904 		176.051 		0.014
v 219.635 		179.171 		0.0064
v 222.899 		177.0735 		7.5129
v 220.192 		177.544 		0.01
v 223.4866 		176.3501 		6.4142
v 220.293 		177.437 		0.01
v 223.513 		176.3648 		6.4141
v 220.401 		177.338 		0.01
v 223.6879 		176.4788 		6.4137
v 223.6626 		176.4623 		6.4138
v 220.636 		177.161 		0.011
v 220.516 		177.245 		0.011
v 223.1315 		177.2154 		7.5123
v 220.636 		177.161 		0.0113
v 220.643 		177.1567 		0.0113
v 223.1922 		177.2607 		7.5123
v 220.191 		177.5452 		0.0106
v 220.192 		177.544 		0.0106
v 223.1447 		177.2253 		7.5123
v 220.192 		177.544 		0.0106
v 220.293 		177.437 		0.0106
v 221.2282 		176.9043 		7.5134
v 220.293 		177.437 		0.0106
v 220.2934 		177.4367 		0.0106
v 220.401 		177.338 		0.0106
v 221.3075 		176.8814 		7.5134
v 220.401 		177.338 		0.0106
v 220.4039 		177.3356 		0.0106
v 220.516 		177.245 		0.0113
v 221.451 		176.8499 		7.5134
v 221.3811 		176.8655 		7.5134
v 220.52 		177.2422 		0.0113
v 221.5965 		176.8284 		7.5134
v 221.5261 		176.8386 		7.5134
v 220.762 		177.084 		0.011
v 220.892 		177.016 		0.011
v 221.027 		176.957 		0.011
v 221.165 		176.907 		0.011
v 221.5072 		176.8415 		7.5134
v 220.762 		177.084 		0.0113
v 221.743 		176.8154 		7.5134
v 221.6716 		176.8217 		7.5134
v 220.762 		177.084 		0.0113
v 220.771 		177.0793 		0.0113
v 220.892 		177.016 		0.0113
v 221.89 		176.8134 		7.5134
v 221.7917 		176.8148 		7.5134
v 220.9038 		177.0108 		0.0113
v 221.027 		176.957 		0.0113
v 222.037 		176.8204 		7.5134
v 221.9656 		176.817 		7.5134
v 221.0406 		176.9521 		0.0113
v 221.165 		176.907 		0.0119
v 222.1835 		176.8374 		7.5134
v 222.1126 		176.8292 		7.5134
v 221.1813 		176.9023 		0.012
v 222.0781 		176.8252 		7.5134
v 219.863 		178.03 		0.009
v 219.802 		178.164 		0.009
v 219.933 		177.901 		0.009
v 220.011 		177.776 		0.009
v 220.0866 		177.6726 		0.0099
v 219.9355 		180.1624 		7.5062
v 219.9739 		180.2231 		7.506
v 220.1126 		177.6394 		0.01
v 219.669 		176.803 		0.012
v 219.8655 		180.0334 		7.5065
v 219.8995 		180.0961 		7.5063
v 219.8585 		178.0398 		0.0092
v 219.863 		178.03 		0.0092
v 219.9264 		180.1456 		7.5062
v 219.929 		177.9084 		0.0099
v 219.933 		177.901 		0.0099
v 219.863 		178.03 		0.0092
v 219.8035 		179.8994 		7.5068
v 220.0079 		177.781 		0.0099
v 220.011 		177.776 		0.0099
v 220.011 		177.776 		0.0099
v 219.7982 		179.8853 		7.5068
v 219.7515 		179.7624 		7.507
v 219.7768 		179.829 		7.5069
v 219.802 		178.164 		0.0092
v 219.802 		178.164 		0.0092
v 219.708 		179.6214 		7.5073
v 219.7289 		179.6899 		7.5072
v 219.7055 		179.6107 		7.5073
v 219.6745 		179.4784 		7.5076
v 219.691 		179.5479 		7.5075
v 223.25 		177.318 		14.599
v 223.361 		177.414 		14.599
v 223.655 		177.743 		14.598
v 223.737 		177.865 		14.598
v 223.564 		177.627 		14.598
v 223.466 		177.517 		14.598
v 223.877 		178.123 		14.597
v 223.811 		177.992 		14.597
v 219.65 		179.3334 		7.5079
v 219.6617 		179.4039 		7.5077
v 222.611 		176.96 		14.6
v 222.748 		177.014 		14.6
v 222.471 		176.914 		14.6
v 222.328 		176.878 		14.6
v 223.132 		177.23 		14.599
v 223.009 		177.15 		14.599
v 222.88 		177.078 		14.599
v 219.6428 		179.2578 		7.5082
v 219.6495 		179.3277 		7.5079
v 219.6355 		179.1864 		7.5084
v 222.184 		176.852 		14.6
v 222.037 		176.835 		14.6
v 219.6306 		179.0405 		7.509
v 219.6329 		179.1108 		7.5087
v 221.89 		176.828 		14.6
v 219.6305 		179.0394 		7.509
v 221.743 		176.83 		14.6
v 221.597 		176.843 		14.6
v 219.635 		178.8924 		7.5093
v 219.6326 		178.9638 		7.5091
v 219.6495 		178.7464 		7.5096
v 219.6488 		178.7534 		7.5095
v 219.6427 		178.8174 		7.5094
v 219.6735 		178.6014 		7.5098
v 219.6618 		178.6719 		7.5097
v 219.707 		178.4579 		7.5101
v 219.7037 		178.4718 		7.5101
v 219.6905 		178.5279 		7.51
v 219.75 		178.3174 		7.5104
v 219.7291 		178.3854 		7.5103
v 219.8025 		178.1794 		7.5107
v 219.7946 		178.2003 		7.5106
v 219.7773 		178.2465 		7.5105
v 219.6699 		176.8158 		6.4136
v 219.6491 		176.8377 		6.4136
v 219.8635 		178.0459 		7.511
v 219.8339 		178.111 		7.5108
v 219.9191 		177.943 		7.5112
v 219.8995 		177.9791 		7.5111
# 1100 vertices

g group_9_6383466

usemtl color_6383466
s 0

f 8656 	8655 	8705
f 9522 	9523 	8668
f 8707 	8705 	8655
f 8678 	8656 	8705
f 8657 	8659 	8707
f 8655 	8657 	8707
f 8681 	8683 	8706
f 8685 	9544 	8684
f 8680 	9544 	8685
f 9355 	8686 	8687
f 9522 	8680 	8685
f 8668 	8680 	9522
f 9355 	8687 	8689
f 8679 	9355 	8689
f 8720 	8707 	8688
f 8868 	8965 	8662
f 8708 	9545 	8704
f 8691 	9545 	8690
f 8666 	9621 	9136
f 8684 	9545 	8691
f 8695 	8681 	8706
f 8686 	9355 	8699
f 9651 	8865 	9650
f 8705 	8718 	8706
f 8666 	9069 	9407
f 8699 	9356 	8710
f 9551 	8675 	8693
f 8666 	9407 	9389
f 8693 	8694 	9551
f 8666 	9095 	9098
f 8666 	9584 	8812
f 8666 	9594 	9574
f 8706 	8718 	8712
f 8666 	9675 	9676
f 8720 	8718 	8705
f 9628 	9629 	8666
f 8709 	9080 	8710
f 8715 	9080 	8709
f 9545 	8708 	8731
f 9545 	8731 	8690
f 9526 	8731 	8708
f 8712 	8711 	8703
f 8712 	8703 	8706
f 8705 	8707 	8720
f 8662 	8688 	8707
f 8724 	8723 	9552
f 8727 	8728 	9552
f 8723 	8727 	9552
f 9648 	8663 	8665
f 8666 	9574 	9573
f 8730 	9484 	8729
f 8728 	8729 	9484
f 9554 	8722 	9552
f 8716 	8721 	9554
f 8717 	8716 	9554
f 8722 	9554 	8721
f 8722 	8725 	9552
f 8724 	9552 	8725
f 8690 	8731 	9526
f 9551 	8714 	8713
f 9551 	8713 	9554
f 8717 	9554 	8719
f 8666 	8846 	9266
f 8713 	8719 	9554
f 8694 	8714 	9551
f 9056 	9027 	8749
f 8734 	8739 	8735
f 8734 	8736 	8739
f 8692 	8693 	8675
f 9080 	8715 	8733
f 8751 	9539 	8752
f 8748 	8747 	8675
f 8675 	8747 	8692
f 8777 	9548 	8778
f 9382 	8753 	8754
f 8675 	8674 	8745
f 8743 	8745 	8674
f 8748 	8675 	8750
f 8745 	8750 	8675
f 8738 	8704 	9536
f 9382 	8754 	8759
f 8737 	9382 	8759
f 9220 	9216 	8661
f 9384 	8763 	8661
f 8660 	8763 	8764
f 9245 	9231 	8664
f 8664 	9223 	8661
f 9485 	9247 	8664
f 8760 	8703 	8757
f 8753 	9086 	8754
f 8768 	8660 	8764
f 8703 	8760 	8696
f 9056 	8749 	8742
f 8774 	8964 	8780
f 9108 	9087 	8772
f 8964 	8770 	9382
f 8964 	8774 	8770
f 8696 	8695 	8703
f 8739 	8744 	8773
f 8736 	8744 	8739
f 8746 	8751 	8773
f 8746 	8773 	8744
f 8770 	9085 	8753
f 8771 	9109 	8772
f 8773 	8751 	8752
f 9110 	9109 	8771
f 9185 	9110 	8771
f 8866 	8806 	9468
f 8771 	8844 	9185
f 8780 	8964 	8783
f 8786 	9555 	8787
f 9555 	9559 	8787
f 8779 	8755 	8703
f 8780 	9166 	8774
f 8755 	8757 	8703
f 8770 	8774 	9085
f 8706 	8703 	8695
f 8964 	8967 	8783
f 8781 	8773 	8775
f 8775 	8777 	8781
f 8776 	8775 	8773
f 8752 	8776 	8773
f 8778 	8781 	8777
f 8825 	8792 	9280
f 9280 	8784 	9536
f 8793 	8784 	9280
f 8703 	8788 	8779
f 8787 	8779 	8788
f 8778 	8785 	8781
f 8831 	8824 	9271
f 8785 	8788 	8781
f 8785 	8786 	8788
f 8793 	9280 	8792
f 8756 	9536 	8784
f 8787 	8788 	8786
f 9169 	9171 	8797
f 8804 	9299 	8803
f 8805 	9468 	8806
f 8659 	8801 	8707
f 8662 	8707 	8801
f 9613 	8812 	8952
f 8806 	8662 	8805
f 8801 	8805 	8662
f 9607 	8955 	9606
f 8832 	8818 	8996
f 8844 	9187 	9186
f 8825 	9280 	8824
f 9190 	9191 	8853
f 9187 	8843 	9191
f 9202 	8828 	8996
f 8829 	8996 	8828
f 8826 	9202 	8813
f 8828 	9202 	8826
f 9199 	8813 	9202
f 8814 	8826 	8813
f 9192 	8847 	9195
f 8826 	8830 	8828
f 9280 	9271 	8824
f 8823 	8829 	8828
f 8830 	8814 	8828
f 8823 	8828 	8814
f 8837 	9271 	8842
f 8830 	8826 	8814
f 8974 	8996 	8818
f 8832 	8996 	8833
f 8829 	8833 	8996
f 8818 	8832 	8823
f 8833 	8823 	8832
f 8833 	8829 	8823
f 8835 	8836 	9295
f 8834 	8835 	9295
f 8836 	8821 	9295
f 9562 	9561 	8831
f 9358 	9370 	8800
f 8811 	9142 	9124
f 9264 	8974 	8818
f 8864 	9296 	8863
f 8901 	8976 	8840
f 9265 	8840 	8977
f 9265 	8977 	9267
f 8982 	9267 	8977
f 8864 	8854 	9296
f 8842 	9271 	8841
f 9264 	9269 	8982
f 8974 	9264 	8982
f 9530 	9531 	8847
f 8831 	8837 	9562
f 8842 	9562 	8837
f 8848 	8845 	8850
f 8845 	8851 	8850
f 8848 	8850 	8851
f 8853 	9557 	8847
f 9292 	8827 	9295
f 8855 	9296 	8854
f 8895 	8875 	9008
f 8841 	9296 	8855
f 9620 	9571 	8712
f 9513 	9502 	8711
f 8849 	8895 	8852
f 8882 	8924 	8856
f 8863 	9297 	8869
f 8858 	9444 	8857
f 8859 	9444 	8858
f 8860 	9444 	8859
f 8861 	9444 	8860
f 9440 	8857 	9444
f 9625 	8870 	9629
f 8875 	8895 	8872
f 8895 	8849 	8872
f 9072 	8874 	9071
f 8875 	8872 	8849
f 8862 	8865 	8739
f 8862 	8739 	8773
f 8878 	9293 	8877
f 8795 	8862 	8781
f 8773 	8781 	8862
f 8815 	8662 	8816
f 9729 	8923 	8810
f 8788 	8796 	8781
f 9004 	9008 	8875
f 8817 	8868 	8819
f 8868 	8815 	8819
f 8796 	8795 	8781
f 8711 	8796 	8788
f 8890 	9012 	8925
f 8788 	8703 	8711
f 8878 	9578 	8879
f 8815 	8868 	8662
f 8973 	8935 	9293
f 9297 	9293 	8935
f 9008 	9012 	8892
f 8806 	8866 	8662
f 8662 	8866 	8816
f 8882 	8856 	8884
f 8867 	8856 	8924
f 9294 	8900 	8889
f 9294 	8889 	8891
f 8925 	8934 	8890
f 8852 	8890 	8856
f 8856 	8894 	8884
f 8892 	8890 	8852
f 8894 	8856 	8890
f 8894 	8890 	8934
f 8892 	8895 	9008
f 8891 	8877 	9294
f 8852 	8895 	8892
f 8882 	8884 	8894
f 8885 	8887 	8868
f 8817 	8885 	8868
f 8887 	8888 	8868
f 8670 	8868 	8888
f 8893 	8670 	8888
f 8904 	8905 	9294
f 8900 	9294 	8905
f 8893 	9438 	8908
f 8900 	8905 	9580
f 9438 	8909 	8908
f 8907 	9585 	8931
f 9583 	9580 	8905
f 8899 	8948 	8897
f 8897 	8948 	8898
f 8846 	8902 	8901
f 8846 	8901 	8840
f 8902 	8913 	8975
f 8904 	9583 	8905
f 8909 	8674 	8670
f 9294 	9505 	8904
f 8924 	9013 	8920
f 8919 	9016 	8916
f 8913 	8916 	8975
f 8914 	8948 	8912
f 8899 	8912 	8948
f 8893 	8908 	8670
f 8908 	8909 	8670
f 8916 	8913 	8880
f 8846 	8880 	8913
f 8846 	8913 	8902
f 8911 	8674 	8910
f 8909 	8910 	8674
f 8886 	8903 	9381
f 8924 	8925 	9013
f 9013 	9016 	8920
f 8907 	8949 	8906
f 8919 	8867 	8920
f 8906 	9381 	8903
f 8923 	9299 	8810
f 8926 	9098 	8876
f 8986 	8669 	8917
f 8880 	8867 	8919
f 8916 	8880 	8919
f 8886 	9381 	8883
f 9297 	8970 	8922
f 8920 	8928 	8924
f 8928 	8920 	8867
f 8922 	9598 	8869
f 8896 	8898 	8949
f 8948 	8949 	8898
f 9067 	9095 	8666
f 8930 	8896 	8949
f 8882 	8925 	8924
f 8928 	8867 	8924
f 8931 	8949 	8907
f 8933 	9068 	9067
f 9381 	8906 	8949
f 8934 	8925 	8882
f 8934 	8882 	8894
f 9381 	9354 	8883
f 8941 	9527 	8937
f 8789 	8967 	8797
f 8968 	8797 	8967
f 8845 	8848 	8847
f 8938 	9015 	8939
f 8700 	8812 	8943
f 9540 	8844 	9538
f 8790 	8967 	8789
f 9186 	9185 	8844
f 8782 	8783 	8967
f 8790 	8782 	8967
f 8946 	9002 	8942
f 8843 	9187 	8844
f 8853 	9191 	8843
f 9192 	9193 	8847
f 8942 	8945 	8946
f 8953 	9618 	8957
f 8942 	8947 	8945
f 8931 	8930 	8949
f 9607 	9608 	8955
f 9581 	8943 	8812
f 8666 	8812 	8700
f 8957 	8956 	8959
f 8959 	8956 	8739
f 8666 	9527 	8701
f 8701 	9527 	8941
f 8739 	8956 	8735
f 8951 	9606 	8955
f 8972 	8971 	8960
f 8911 	8918 	8674
f 8918 	8743 	8674
f 8948 	8950 	8959
f 8957 	8959 	8953
f 8953 	8959 	8950
f 8950 	8948 	8914
f 9244 	9241 	8951
f 8702 	9098 	8962
f 8658 	8868 	8670
f 8739 	8865 	8959
f 8845 	9612 	8952
f 9594 	8666 	9595
f 9239 	9238 	8952
f 8952 	8851 	8845
f 9241 	9242 	8951
f 9675 	8666 	9677
f 9028 	8966 	8960
f 9244 	8951 	8955
f 8868 	8658 	8965
f 9253 	8955 	8954
f 8688 	8662 	8965
f 8958 	9254 	8954
f 8967 	8964 	8949
f 8948 	8967 	8949
f 8971 	8972 	9062
f 8968 	8967 	8948
f 9297 	8936 	8970
f 8997 	8988 	8963
f 9381 	8949 	9382
f 8994 	8990 	8961
f 8961 	8990 	8963
f 8964 	9382 	8949
f 8768 	8764 	8803
f 8922 	8970 	9598
f 8966 	9050 	8972
f 8968 	8948 	8959
f 8961 	8960 	8971
f 8961 	8971 	8994
f 8935 	8936 	9297
f 8959 	8865 	8968
f 8804 	8803 	8763
f 8946 	8945 	8947
f 8871 	9629 	8870
f 9678 	8873 	9136
f 8881 	9578 	8973
f 8987 	9035 	8981
f 9015 	8983 	8984
f 8980 	9039 	8984
f 8984 	8983 	8938
f 9015 	9031 	9010
f 9009 	9032 	9003
f 8993 	8986 	9503
f 8969 	8981 	8980
f 8984 	8938 	8980
f 8969 	8980 	8938
f 8990 	9034 	8988
f 8981 	8989 	8987
f 8987 	8963 	8988
f 8979 	8978 	9305
f 8969 	8963 	8987
f 8989 	8969 	8987
f 8989 	8981 	8969
f 9308 	9307 	8978
f 9503 	9030 	8991
f 9503 	8991 	8993
f 8971 	9062 	8994
f 8990 	8994 	9034
f 8763 	8803 	8764
f 8988 	8997 	8990
f 9035 	8988 	9034
f 8977 	8840 	8976
f 8997 	8963 	8990
f 9308 	8978 	8992
f 9000 	9001 	8999
f 8998 	8999 	9001
f 9002 	9003 	9004
f 9004 	8875 	9002
f 9002 	8946 	9003
f 8875 	8849 	9002
f 8849 	8942 	9002
f 8991 	8667 	8993
f 9003 	9011 	9009
f 8890 	8892 	9012
f 9009 	8939 	9010
f 8947 	8942 	9009
f 8939 	9009 	8942
f 9011 	8947 	9009
f 9343 	9005 	9007
f 9013 	8925 	9012
f 9011 	9003 	8946
f 9011 	8946 	8947
f 9346 	9007 	9006
f 9346 	9006 	9347
f 9010 	9014 	9015
f 8979 	9298 	9006
f 9014 	9010 	8939
f 8740 	9020 	9019
f 8919 	8920 	9016
f 9014 	8939 	9015
f 8983 	9015 	8938
f 9020 	8740 	9022
f 8742 	9057 	9056
f 8742 	8741 	9058
f 8975 	8916 	9016
f 9058 	9057 	8742
f 8772 	9087 	8741
f 9024 	9018 	9025
f 9017 	9025 	9018
f 8740 	8749 	9022
f 9021 	9022 	8749
f 9017 	9060 	9025
f 9024 	9025 	9026
f 9739 	9743 	8940
f 9021 	8749 	9027
f 9059 	9058 	8741
f 9018 	9044 	9023
f 9055 	9054 	9024
f 9026 	9055 	9024
f 8791 	9441 	9447
f 8667 	8669 	8993
f 9012 	9316 	9013
f 9705 	8822 	8820
f 9329 	9035 	9331
f 9062 	8972 	9050
f 9033 	9042 	9040
f 9040 	9046 	9033
f 8966 	9033 	9050
f 9034 	8994 	9062
f 8987 	8988 	9035
f 9035 	9034 	9036
f 9035 	9036 	9037
f 9038 	9036 	9062
f 9034 	9062 	9036
f 9037 	9036 	9038
f 9028 	9033 	8966
f 8972 	8960 	8966
f 9735 	8921 	8923
f 9330 	9331 	9037
f 9045 	9046 	9041
f 9038 	9330 	9037
f 9054 	9066 	9051
f 9040 	9023 	9041
f 9023 	9040 	9028
f 9042 	9028 	9040
f 9042 	9033 	9028
f 9041 	9043 	9044
f 9041 	9044 	9045
f 9040 	9041 	9046
f 9045 	9047 	9048
f 9397 	9395 	9048
f 9045 	9049 	9047
f 9048 	9047 	9049
f 9050 	9033 	9046
f 9045 	9051 	9066
f 9044 	9051 	9045
f 9043 	9041 	9023
f 9680 	9688 	8807
f 9043 	9023 	9044
f 8985 	9019 	9107
f 9052 	9053 	9503
f 9030 	9503 	9053
f 9105 	9107 	9020
f 8991 	9030 	8667
f 9053 	8667 	9030
f 9018 	9051 	9044
f 9029 	9074 	9078
f 9020 	9107 	9019
f 9020 	9022 	9105
f 9022 	9021 	9105
f 9061 	9060 	9055
f 9027 	9105 	9021
f 9024 	9054 	9018
f 9702 	8820 	8808
f 9065 	9506 	9064
f 9018 	9054 	9051
f 9060 	9029 	9078
f 9078 	9055 	9060
f 9026 	9025 	9061
f 9503 	9506 	9052
f 9029 	9060 	9017
f 9061 	9025 	9060
f 9704 	9715 	8822
f 9061 	9055 	9026
f 9714 	9724 	8809
f 9045 	9066 	9049
f 9048 	9049 	9397
f 9078 	9066 	9055
f 9070 	9084 	9073
f 9069 	9070 	9073
f 8666 	9514 	9515
f 9515 	9517 	8666
f 9045 	9048 	9046
f 9069 	9072 	9070
f 8666 	9581 	9525
f 9745 	8927 	8929
f 9525 	9527 	8666
f 9073 	9075 	9076
f 9073 	9076 	9074
f 8932 	8927 	9748
f 9073 	9077 	9075
f 9076 	9075 	9077
f 9748 	9747 	8932
f 9070 	9072 	9088
f 9089 	9088 	9072
f 9077 	9419 	9076
f 9072 	9071 	9081
f 9072 	9081 	9082
f 9082 	9091 	9072
f 9054 	9055 	9066
f 9071 	9103 	9083
f 9082 	9081 	9083
f 9514 	8937 	9527
f 9088 	9089 	9084
f 9088 	9084 	9070
f 9091 	8740 	9089
f 9089 	9072 	9091
f 9082 	9092 	9091
f 9056 	9105 	9027
f 9092 	9093 	9103
f 9333 	9323 	9032
f 9058 	9114 	9057
f 9056 	9057 	9105
f 9419 	9416 	9076
f 9032 	9031 	9333
f 9087 	9114 	9059
f 9081 	9071 	9083
f 8714 	9097 	8713
f 8982 	9256 	9257
f 9093 	9092 	9082
f 9093 	9082 	9083
f 9094 	9419 	9107
f 9233 	9229 	8977
f 8977 	8976 	9233
f 9100 	9102 	9099
f 8742 	9099 	9102
f 9099 	8742 	9112
f 8749 	9112 	8742
f 9096 	8713 	9097
f 9095 	9100 	9099
f 9112 	9098 	9099
f 9095 	9099 	9098
f 8741 	8742 	9102
f 9102 	9100 	9095
f 8901 	8902 	8976
f 9106 	9506 	9065
f 9680 	9681 	9132
f 8974 	8982 	9257
f 9084 	9089 	8740
f 9257 	9227 	8974
f 9103 	9104 	9112
f 9103 	9112 	8749
f 9146 	9141 	9131
f 9094 	9107 	9101
f 9091 	9092 	8740
f 9103 	8749 	9092
f 8740 	9092 	8749
f 9059 	8741 	9087
f 9108 	8772 	9109
f 9240 	9237 	8975
f 9084 	8740 	9019
f 9093 	9083 	9103
f 9098 	9104 	9103
f 9098 	9103 	9071
f 9031 	9039 	9325
f 8673 	8672 	9065
f 9112 	9104 	9098
f 9325 	9326 	9031
f 9101 	9122 	9113
f 9064 	9101 	9113
f 9108 	9109 	9111
f 9111 	9114 	9108
f 9108 	9114 	9087
f 9340 	9336 	9116
f 9109 	9110 	9111
f 9205 	9145 	9131
f 9338 	9120 	9119
f 9118 	9119 	9120
f 9105 	9057 	9114
f 9058 	9059 	9114
f 9119 	9118 	9121
f 9365 	9366 	8811
f 9101 	9130 	9123
f 9122 	9101 	9123
f 9322 	9004 	9323
f 9327 	9333 	9031
f 8975 	8976 	8902
f 9348 	9310 	9016
f 9336 	9340 	8725
f 9313 	9350 	9016
f 9016 	9013 	9313
f 9119 	9126 	9338
f 9123 	8677 	9122
f 9322 	9320 	9004
f 8728 	8727 	9339
f 9128 	9130 	9127
f 9123 	9130 	9128
f 9338 	8729 	9339
f 9135 	9198 	9129
f 9129 	9338 	9126
f 9151 	9132 	9681
f 9371 	8745 	8743
f 9348 	9016 	9350
f 9121 	9129 	9126
f 9121 	9126 	9119
f 9133 	9134 	9198
f 9134 	9137 	9198
f 9371 	8750 	8745
f 9008 	9319 	9012
f 9142 	8811 	9200
f 9197 	9138 	9200
f 8697 	8677 	9128
f 9032 	9323 	9004
f 9372 	9097 	8694
f 8693 	9372 	8694
f 9133 	9198 	9135
f 9009 	9010 	9032
f 9031 	9032 	9010
f 9004 	9003 	9032
f 9135 	9129 	9121
f 9125 	9133 	9121
f 8980 	8981 	9039
f 9035 	9039 	8981
f 9133 	9125 	9134
f 9135 	9121 	9133
f 9127 	8697 	9128
f 9138 	9197 	9137
f 9197 	9198 	9137
f 9130 	9139 	9127
f 9371 	9373 	8750
f 9039 	9031 	8984
f 9015 	8984 	9031
f 9140 	9200 	9138
f 9130 	9141 	9139
f 8692 	9372 	8693
f 9137 	9125 	9138
f 9124 	9138 	9125
f 9138 	9124 	9140
f 9329 	9328 	9035
f 8698 	8697 	9139
f 9137 	9134 	9125
f 8719 	9337 	8717
f 9035 	9037 	9331
f 9199 	9200 	8811
f 9140 	9142 	9200
f 9141 	8698 	9139
f 9140 	9124 	9142
f 9120 	9144 	9118
f 9153 	9131 	9151
f 9132 	9151 	9131
f 9146 	9131 	9145
f 9160 	9120 	9339
f 9107 	9130 	9101
f 9107 	9105 	9131
f 9107 	9131 	9130
f 9155 	9156 	9340
f 9132 	9131 	9114
f 9105 	9114 	9131
f 9046 	9395 	9396
f 9155 	9340 	9147
f 9116 	9147 	9340
f 9130 	9131 	9141
f 8817 	8819 	9432
f 8817 	9432 	8885
f 8710 	9080 	9079
f 9141 	9146 	8698
f 8885 	9432 	8887
f 8888 	9437 	8893
f 8737 	8759 	9090
f 9205 	9131 	9153
f 8759 	8754 	9086
f 8753 	9085 	9086
f 9117 	9147 	9116
f 9339 	9340 	9156
f 9147 	9158 	9155
f 9158 	9147 	9117
f 9420 	9084 	8985
f 9217 	9203 	9172
f 9149 	9159 	9468
f 9079 	8699 	8710
f 9144 	9156 	9155
f 9117 	9155 	9158
f 9144 	9155 	9117
f 8815 	8816 	9433
f 9338 	9339 	9120
f 9339 	9156 	9160
f 9161 	9160 	9156
f 9189 	9194 	9432
f 9161 	9144 	9160
f 9120 	9160 	9144
f 9161 	9156 	9144
f 9164 	9433 	9163
f 9159 	9163 	9468
f 8815 	9433 	8819
f 9398 	9066 	9401
f 9150 	9163 	9159
f 9150 	9159 	9149
f 9189 	9432 	9165
f 9164 	9165 	9433
f 9432 	9433 	9165
f 9177 	9162 	9168
f 9414 	9074 	9417
f 9196 	9201 	9437
f 9168 	9162 	9170
f 9115 	9170 	9162
f 9468 	9163 	9433
f 9420 	9421 	9084
f 9152 	9165 	9164
f 9152 	9164 	9150
f 9111 	9143 	9114
f 9143 	9132 	9114
f 9019 	8985 	9084
f 9143 	9111 	9284
f 9174 	9184 	9371
f 9173 	9174 	9371
f 9175 	9174 	9173
f 9038 	9062 	9363
f 9393 	9392 	9050
f 9176 	9177 	9096
f 9167 	9166 	8783
f 9050 	9046 	9393
f 9170 	9337 	9168
f 9176 	8999 	9177
f 9162 	9177 	8999
f 9046 	9048 	9395
f 9197 	9489 	9198
f 9176 	9000 	8999
f 9728 	9729 	9270
f 9175 	8666 	9182
f 9739 	9740 	9272
f 9737 	9738 	9272
f 9208 	9373 	9184
f 9413 	9411 	9078
f 9163 	9150 	9164
f 9165 	9188 	9189
f 9414 	9415 	9074
f 9078 	9074 	9415
f 9415 	9413 	9078
f 8853 	8847 	9193
f 9432 	9194 	9437
f 9196 	9437 	9194
f 8679 	8689 	9183
f 9190 	8853 	9193
f 9203 	9438 	9201
f 9438 	9437 	9201
f 9073 	9084 	9077
f 9188 	9165 	9152
f 9188 	9152 	9189
f 9152 	9154 	9189
f 9194 	9189 	9154
f 9227 	9211 	8974
f 9746 	9752 	8932
f 9236 	8848 	8851
f 9435 	9438 	9217
f 8952 	8951 	9242
f 9751 	9754 	9178
f 9242 	9243 	8952
f 9157 	9201 	9196
f 9194 	9154 	9196
f 9157 	9196 	9154
f 8679 	9183 	8682
f 9246 	9244 	8955
f 9256 	8982 	9261
f 9229 	9261 	8982
f 8955 	9253 	9251
f 8982 	8977 	9229
f 9201 	9204 	9203
f 9253 	8954 	9254
f 9157 	9172 	9203
f 9174 	9175 	9184
f 9191 	9190 	9207
f 9180 	9372 	9209
f 8732 	8726 	9153
f 9192 	9206 	9193
f 9193 	9206 	9190
f 9184 	9210 	9208
f 9195 	9206 	9192
f 9207 	9190 	9206
f 9153 	8726 	9205
f 9210 	9184 	9175
f 9181 	9183 	8689
f 8689 	8687 	9181
f 9182 	9209 	9208
f 9210 	9175 	9208
f 9182 	9208 	9175
f 9180 	9209 	9182
f 8699 	9079 	8686
f 9204 	9157 	9203
f 9204 	9201 	9157
f 9384 	8661 	9216
f 9217 	9224 	9435
f 8780 	8783 	9166
f 8782 	8790 	9167
f 8789 	8797 	9171
f 9207 	9111 	9186
f 9186 	9187 	9207
f 9185 	9186 	9111
f 9185 	9111 	9110
f 9191 	9207 	9187
f 9220 	8661 	9223
f 9221 	9149 	9222
f 9236 	9235 	8848
f 9213 	9237 	9215
f 9224 	9172 	9225
f 9172 	9212 	9225
f 9226 	9225 	9212
f 9225 	9435 	9224
f 9224 	9217 	9172
f 9239 	8952 	9243
f 9228 	9214 	9436
f 9220 	9223 	8761
f 9222 	9219 	9221
f 8758 	8761 	9223
f 9232 	8664 	9231
f 9223 	8664 	9232
f 9245 	8664 	9248
f 9234 	9233 	8976
f 9199 	9202 	9494
f 9274 	9451 	9255
f 9213 	9234 	8976
f 9229 	9233 	9533
f 9226 	9228 	9436
f 9215 	9533 	9233
f 9223 	9232 	8758
f 9226 	9212 	9228
f 9214 	9228 	9212
f 9234 	9215 	9233
f 9235 	9195 	8847
f 8847 	8848 	9235
f 9213 	9215 	9234
f 9237 	9213 	8976
f 8851 	8952 	9238
f 9431 	9336 	9115
f 8976 	8975 	9237
f 8851 	9238 	9236
f 9336 	9431 	9116
f 9450 	9255 	9451
f 9232 	9231 	8762
f 9237 	9240 	9215
f 9274 	9275 	9451
f 9472 	9451 	9275
f 9247 	9248 	8664
f 9240 	9263 	9215
f 9318 	9486 	9317
f 9250 	9242 	9241
f 9241 	9244 	9249
f 9249 	9250 	9241
f 9243 	9242 	9250
f 9231 	9245 	8762
f 9246 	9249 	9244
f 8955 	9251 	9246
f 9230 	9252 	9450
f 9252 	9255 	9450
f 9116 	9431 	9117
f 9246 	9251 	9249
f 9251 	9253 	9249
f 9341 	9249 	9253
f 9254 	9341 	9253
f 8958 	9258 	9254
f 9485 	9259 	9260
f 9279 	9485 	9278
f 9254 	9258 	9341
f 8814 	8813 	9262
f 9258 	9342 	9341
f 8840 	9265 	9266
f 9267 	9268 	9265
f 9235 	9236 	9206
f 9206 	9236 	9250
f 9267 	8982 	9269
f 9238 	9250 	9236
f 9195 	9235 	9206
f 8766 	9260 	9259
f 9239 	9250 	9238
f 9247 	9485 	9260
f 9261 	9533 	9256
f 9256 	9533 	9257
f 9239 	9243 	9250
f 9276 	9222 	9472
f 9743 	9739 	9364
f 9218 	9255 	9252
f 9268 	9266 	9265
f 9230 	9148 	9252
f 9148 	9218 	9252
f 9269 	9268 	9267
f 9255 	9273 	9274
f 9200 	9199 	9492
f 8818 	8823 	9264
f 9605 	9264 	8823
f 9269 	9264 	9605
f 9495 	9494 	9202
f 9273 	9255 	9218
f 9494 	9496 	9199
f 9219 	9275 	9274
f 9273 	9218 	9274
f 9219 	9274 	9218
f 9605 	8823 	9262
f 8814 	9262 	8823
f 9202 	9497 	9495
f 9468 	9472 	9222
f 9485 	9277 	9259
f 9275 	9276 	9472
f 8811 	9124 	9365
f 9211 	8996 	8974
f 9222 	9276 	9219
f 9302 	9278 	9486
f 9485 	9279 	9277
f 9275 	9219 	9276
f 9487 	9488 	9198
f 9149 	9221 	9150
f 9490 	9491 	9200
f 9277 	9279 	8766
f 9490 	9200 	9492
f 9259 	9277 	8766
f 9199 	9493 	9492
f 9497 	9202 	8996
f 9271 	9280 	9215
f 9286 	9206 	9270
f 8692 	9373 	9372
f 9215 	9263 	9271
f 9703 	9701 	9284
f 9287 	9296 	9263
f 8721 	8716 	9337
f 9272 	9249 	9341
f 9715 	9704 	9286
f 9297 	9296 	9289
f 9284 	9111 	9207
f 9286 	9284 	9206
f 9207 	9206 	9284
f 9250 	9270 	9206
f 9272 	9250 	9249
f 9272 	9270 	9250
f 9304 	9298 	8979
f 9347 	9006 	9298
f 8879 	8881 	9293
f 8979 	9305 	9304
f 9297 	9288 	9293
f 8992 	9309 	9308
f 9271 	9296 	8841
f 9293 	9288 	9294
f 9312 	9309 	8992
f 9314 	9311 	8995
f 9294 	9288 	9291
f 8691 	8690 	9526
f 9271 	9263 	9296
f 9526 	9524 	8691
f 9287 	9289 	9296
f 9297 	9289 	9288
f 9337 	9336 	8721
f 9717 	9299 	9716
f 9013 	9315 	9313
f 8992 	8995 	9312
f 9316 	9012 	9319
f 9486 	9301 	9302
f 9485 	9486 	9278
f 9706 	9707 	9299
f 9303 	9332 	9555
f 9555 	9550 	9303
f 9305 	8978 	9306
f 9299 	9708 	9709
f 9327 	9031 	9326
f 9334 	9335 	9555
f 8978 	9307 	9306
f 9712 	8794 	9299
f 9299 	8798 	8799
f 9311 	9312 	8995
f 8802 	8803 	9299
f 9299 	8758 	8762
f 8762 	8765 	9299
f 9304 	9305 	9349
f 9298 	9304 	9349
f 9306 	9353 	9305
f 8767 	8769 	9299
f 9465 	9442 	9300
f 9353 	9306 	9307
f 9281 	9303 	9300
f 9349 	9305 	9353
f 9522 	9524 	9299
f 9524 	9526 	9299
f 9299 	9529 	9553
f 9310 	9240 	8975
f 9380 	9471 	9534
f 9553 	9558 	9299
f 8910 	9436 	8911
f 8918 	8911 	9436
f 9558 	9561 	9299
f 9013 	9316 	9315
f 9314 	9750 	9354
f 9561 	9562 	9299
f 9544 	9317 	9486
f 8668 	9317 	9544
f 9320 	9319 	9008
f 9287 	9263 	9315
f 9315 	9316 	9287
f 9309 	9353 	9308
f 9307 	9308 	9353
f 9353 	9312 	9354
f 9529 	9528 	8738
f 9316 	9319 	9287
f 9312 	9311 	9354
f 9314 	9354 	9311
f 8738 	8756 	9529
f 9309 	9312 	9353
f 9486 	9321 	9301
f 9008 	9004 	9320
f 9318 	9321 	9486
f 9039 	9324 	9325
f 9321 	9318 	8769
f 9324 	9039 	9328
f 9039 	9035 	9328
f 8724 	8725 	9340
f 9361 	9744 	9364
f 9336 	8725 	8722
f 9334 	9555 	9332
f 8727 	9340 	9339
f 9299 	9709 	9713
f 8840 	9266 	8846
f 9282 	9334 	9281
f 9289 	9323 	9333
f 9336 	9337 	9115
f 9170 	9115 	9337
f 9326 	9288 	9327
f 9335 	9334 	9282
f 9288 	9289 	9333
f 9333 	9327 	9288
f 9005 	9342 	8958
f 9320 	9322 	9289
f 9287 	9320 	9289
f 9198 	9338 	9129
f 9287 	9319 	9320
f 9592 	8904 	8915
f 9323 	9289 	9322
f 9258 	8958 	9342
f 9310 	9348 	9263
f 9240 	9310 	9263
f 9299 	8732 	8807
f 9342 	9005 	9343
f 9383 	9291 	9330
f 9578 	9599 	8973
f 8923 	8921 	9299
f 9331 	9330 	9291
f 9341 	9342 	9344
f 9299 	8929 	8927
f 9325 	9324 	9288
f 9343 	9344 	9342
f 9332 	9281 	9334
f 9007 	9345 	9343
f 9291 	9288 	9324
f 9324 	9328 	9291
f 9299 	9178 	9179
f 9326 	9325 	9288
f 9007 	9346 	9345
f 9328 	9329 	9291
f 9291 	9329 	9331
f 8824 	9561 	8825
f 8975 	9016 	9310
f 9343 	9345 	9344
f 9350 	9313 	9263
f 9563 	9562 	8842
f 9313 	9315 	9263
f 9351 	9575 	9359
f 9345 	9346 	9344
f 8841 	9563 	8842
f 9349 	9344 	9346
f 9346 	9347 	9349
f 9719 	9718 	9299
f 9298 	9349 	9347
f 9350 	9263 	9348
f 8841 	8855 	9563
f 9726 	9719 	9299
f 8837 	8831 	9271
f 9332 	9303 	9281
f 8879 	9293 	8878
f 9294 	8877 	9293
f 9727 	9726 	9299
f 9503 	8986 	9505
f 8917 	9505 	8986
f 8881 	8879 	9578
f 8915 	8904 	9505
f 8917 	8915 	9505
f 9299 	9730 	9727
f 9575 	9370 	9358
f 9575 	9358 	9359
f 9733 	9732 	9299
f 8663 	9733 	9299
f 9096 	9168 	9337
f 9356 	9355 	9353
f 8716 	8717 	9337
f 8665 	8663 	9299
f 8922 	8869 	9297
f 8863 	9296 	9297
f 9169 	8665 	9299
f 8881 	8973 	9293
f 8722 	8721 	9336
f 9171 	9169 	9299
f 9353 	9354 	9356
f 8723 	8724 	9340
f 9362 	9363 	9062
f 9199 	8811 	9366
f 9363 	9330 	9038
f 9340 	8727 	8723
f 9366 	8813 	9199
f 9362 	9062 	9367
f 9368 	9357 	9559
f 8728 	9339 	8729
f 8915 	8917 	9592
f 9592 	8917 	8669
f 8813 	9366 	9262
f 9262 	9366 	9365
f 9361 	9344 	9360
f 9349 	9360 	9344
f 9349 	9355 	9360
f 9375 	9369 	9576
f 9370 	9575 	9369
f 8986 	8993 	8669
f 9053 	8671 	8667
f 9393 	9046 	9394
f 9371 	9436 	9214
f 9052 	8671 	9053
f 9208 	9209 	9373
f 9372 	9373 	9209
f 8671 	9052 	8672
f 9063 	8672 	9052
f 9001 	9000 	9097
f 9096 	9097 	9000
f 9096 	9000 	9176
f 8673 	9065 	9064
f 9177 	9168 	9096
f 9106 	9065 	8672
f 9063 	9106 	8672
f 9370 	9369 	8800
f 8798 	8800 	9369
f 9357 	9368 	9283
f 8673 	9064 	8676
f 9113 	8676 	9064
f 9576 	9377 	9374
f 9576 	9374 	9375
f 8660 	9378 	9576
f 8676 	9122 	8677
f 9113 	9122 	8676
f 9180 	8998 	9372
f 9097 	9372 	8998
f 9001 	9097 	8998
f 9282 	9283 	9368
f 9379 	9576 	9378
f 9123 	9128 	8677
f 9335 	9282 	9368
f 9371 	9184 	9373
f 9127 	9139 	8697
f 9374 	8799 	9375
f 8726 	9146 	9145
f 8726 	8698 	9146
f 9153 	9151 	8732
f 9534 	9357 	9376
f 9145 	9205 	8726
f 9376 	9380 	9534
f 9272 	9341 	9364
f 8807 	8732 	9681
f 9151 	9681 	8732
f 9377 	9576 	9379
f 9361 	9364 	9341
f 9361 	9341 	9344
f 9380 	9386 	9471
f 9436 	9435 	9226
f 9377 	9379 	8799
f 9349 	9353 	9355
f 9374 	9377 	8799
f 8800 	9359 	9358
f 9390 	9406 	9452
f 8747 	8748 	9373
f 9354 	9382 	9356
f 8800 	8794 	9359
f 9230 	9450 	9459
f 8714 	8694 	9097
f 9381 	9382 	9354
f 9369 	9375 	8798
f 8768 	9378 	8660
f 9167 	9171 	9299
f 9077 	9084 	9421
f 9425 	9422 	9458
f 9090 	9086 	9299
f 9080 	9090 	9299
f 9285 	9376 	9283
f 9362 	9383 	9363
f 9367 	9383 	9362
f 9330 	9363 	9383
f 9179 	9183 	9299
f 9357 	9283 	9376
f 8660 	8661 	8763
f 9285 	9380 	9376
f 8927 	8932 	9299
f 8763 	9384 	8804
f 8944 	8940 	9299
f 8921 	8944 	9299
f 8809 	8810 	9299
f 8808 	8820 	9299
f 9385 	9471 	9386
f 8822 	8809 	9299
f 8820 	8822 	9299
f 8718 	8720 	9388
f 8807 	8838 	9299
f 9385 	9390 	9471
f 9458 	9452 	9408
f 8697 	8698 	9299
f 8736 	9537 	8744
f 8698 	8726 	9299
f 8734 	9532 	8736
f 8744 	9537 	8746
f 8726 	8732 	9299
f 9539 	8751 	8746
f 8667 	8671 	9299
f 9400 	9391 	8720
f 8671 	8672 	9299
f 9278 	9302 	8767
f 9386 	9380 	9285
f 9290 	9385 	9285
f 8672 	8673 	9299
f 9367 	9062 	9392
f 9423 	8688 	8965
f 9302 	9301 	8769
f 9062 	9050 	9392
f 8673 	8676 	9299
f 9386 	9285 	9385
f 9394 	9046 	9396
f 9385 	9290 	9390
f 9579 	9299 	9578
f 9049 	9066 	9399
f 9398 	9399 	9066
f 9427 	9230 	9459
f 9049 	9399 	9397
f 9391 	9388 	8720
f 9707 	9706 	9391
f 9405 	8720 	9404
f 9400 	8720 	9405
f 8688 	9404 	8720
f 9403 	9452 	9406
f 9096 	9337 	8719
f 8719 	8713 	9096
f 9391 	9400 	9707
f 9707 	9400 	9405
f 9425 	9458 	9408
f 9407 	9387 	9389
f 8748 	8750 	9373
f 9399 	9409 	9397
f 9395 	9397 	9410
f 9396 	9395 	9410
f 9373 	8692 	8747
f 9406 	9290 	9403
f 9409 	9399 	9398
f 9401 	9409 	9398
f 9410 	9397 	9409
f 8658 	9575 	9351
f 9290 	9292 	9403
f 8965 	8658 	9453
f 9453 	9454 	8965
f 9292 	9408 	9403
f 9411 	9401 	9066
f 9066 	9078 	9411
f 8688 	9426 	9412
f 8688 	9412 	9404
f 9406 	9390 	9290
f 9416 	9417 	9074
f 9710 	9711 	9412
f 9074 	9076 	9416
f 9459 	9458 	9422
f 8771 	9418 	9512
f 9421 	9419 	9077
f 9423 	9424 	8688
f 9426 	8688 	9424
f 8677 	8697 	9299
f 9512 	9068 	9517
f 9419 	9094 	9416
f 9421 	9107 	9419
f 9421 	9420 	9107
f 9417 	9416 	9094
f 8985 	9107 	9420
f 8839 	8808 	9299
f 9292 	9295 	9425
f 9068 	9418 	9067
f 8785 	8778 	9550
f 9422 	9425 	9295
f 8786 	8785 	9555
f 9550 	9555 	8785
f 9424 	9710 	9426
f 9292 	9425 	9408
f 9732 	9730 	9299
f 9371 	9214 	9173
f 8965 	9455 	9428
f 8965 	9428 	9423
f 9422 	9429 	9427
f 9422 	9427 	9459
f 9173 	9434 	9175
f 9429 	9295 	9427
f 9230 	9427 	9148
f 9295 	9148 	9427
f 9115 	9430 	9431
f 8897 	9591 	8899
f 9183 	9181 	9299
f 9430 	8666 	9431
f 9299 	8932 	9178
f 8914 	9615 	8950
f 9709 	9708 	9428
f 8940 	8929 	9299
f 8903 	8886 	9586
f 8883 	9582 	8886
f 9429 	9422 	9295
f 8838 	8839 	9299
f 8676 	8677 	9299
f 9115 	9162 	9430
f 9579 	9580 	9299
f 9299 	8669 	8667
f 9079 	9080 	9299
f 9166 	9167 	9299
f 9085 	9166 	9299
f 9181 	9079 	9299
f 9434 	9173 	9214
f 9203 	9217 	9438
f 9401 	9411 	9409
f 9580 	9583 	9299
f 9413 	9409 	9411
f 9225 	9226 	9435
f 9434 	9214 	9212
f 9583 	9592 	9299
f 8666 	9443 	9444
f 9592 	8669 	9299
f 8912 	8899 	9591
f 9720 	9706 	9299
f 9591 	9615 	8912
f 9445 	8666 	9447
f 8666 	9445 	9443
f 9618 	8953 	8950
f 9618 	9617 	8957
f 9710 	9708 	9299
f 9713 	9712 	9299
f 9379 	8802 	8799
f 9442 	9462 	9441
f 8800 	8798 	9299
f 8657 	9451 	8659
f 9378 	8768 	8802
f 8761 	8758 	9299
f 9413 	9094 	9409
f 9415 	9094 	9413
f 9415 	9414 	9094
f 9417 	9094 	9414
f 9445 	9539 	9446
f 8766 	8767 	9299
f 9445 	9447 	9448
f 9445 	9448 	9539
f 9216 	9220 	8761
f 9523 	9522 	9299
f 9232 	8762 	8758
f 9448 	9447 	9441
f 9449 	9542 	9448
f 8819 	9433 	9432
f 9528 	9529 	9299
f 8765 	8762 	9248
f 9441 	9449 	9448
f 9248 	9247 	8765
f 9563 	9564 	9299
f 9564 	9566 	9299
f 8766 	8765 	9260
f 9566 	9598 	9299
f 9598 	9599 	9299
f 8743 	8918 	9436
f 9371 	8743 	9436
f 9599 	9578 	9299
f 9446 	9443 	9445
f 8769 	8767 	9302
f 9562 	9563 	9299
f 9455 	8965 	9454
f 9526 	9528 	9299
f 9450 	9451 	8655
f 9446 	9539 	9457
f 9454 	9709 	9455
f 8888 	8887 	9437
f 9443 	9456 	9444
f 9301 	9321 	8769
f 9299 	8769 	9523
f 9438 	8893 	9437
f 9443 	9457 	9456
f 8761 	9384 	9216
f 8765 	8766 	9299
f 9446 	9457 	9443
f 8761 	8804 	9384
f 8657 	8655 	9451
f 9299 	8804 	8761
f 9299 	8799 	8802
f 9441 	9460 	9449
f 8794 	8800 	9299
f 9351 	9352 	8658
f 9548 	9460 	9462
f 9463 	9465 	9548
f 9462 	9463 	9548
f 9453 	8658 	9464
f 8762 	9245 	9248
f 9622 	9452 	9458
f 9722 	9299 	9717
f 9442 	9463 	9462
f 9461 	9441 	9462
f 8655 	8656 	9450
f 9461 	9462 	9460
f 9432 	9437 	8887
f 9461 	9460 	9441
f 9247 	9260 	8765
f 9300 	9550 	9465
f 8767 	8766 	9279
f 9438 	9435 	8909
f 8681 	8695 	9452
f 8658 	9352 	9466
f 9435 	9436 	8910
f 9465 	9463 	9442
f 8658 	9466 	9464
f 9718 	9716 	9299
f 9278 	8767 	9279
f 9281 	9300 	9442
f 8910 	8909 	9435
f 9523 	9318 	9317
f 8794 	9712 	9352
f 9523 	8769 	9318
f 9222 	9149 	9468
f 9477 	9478 	9532
f 8796 	9483 	9469
f 8796 	9469 	9470
f 9532 	9617 	9475
f 9352 	9351 	8794
f 8711 	9481 	8796
f 9466 	9352 	9712
f 9471 	9390 	9452
f 9439 	9467 	9673
f 8794 	9351 	9359
f 9467 	9473 	9474
f 9510 	9513 	8711
f 9477 	9532 	9475
f 9537 	9457 	9539
f 9456 	9457 	9537
f 9473 	9467 	9439
f 8801 	8659 	9472
f 9440 	9475 	9474
f 9473 	9439 	9474
f 9440 	9474 	9439
f 8799 	8798 	9375
f 9475 	9476 	9477
f 9403 	9408 	9452
f 9537 	9532 	9478
f 9444 	9477 	9440
f 9379 	9378 	8802
f 9472 	8659 	9451
f 9476 	9440 	9477
f 8803 	8802 	8768
f 9477 	9444 	9478
f 9539 	9448 	9542
f 9476 	9475 	9440
f 9483 	8796 	9479
f 9537 	9480 	9456
f 9456 	9480 	9444
f 9478 	9480 	9537
f 9480 	9478 	9444
f 9449 	9460 	9542
f 9548 	9542 	9460
f 9074 	9402 	9073
f 9387 	9073 	9402
f 8805 	9472 	9468
f 9424 	9423 	9708
f 9407 	9069 	9073
f 9387 	9407 	9073
f 9472 	8805 	8801
f 9412 	9426 	9710
f 9468 	9433 	8816
f 9074 	9029 	9402
f 9718 	9479 	9481
f 8816 	8866 	9468
f 9428 	9455 	9709
f 9182 	8666 	9180
f 9721 	9720 	9299
f 9718 	9719 	9479
f 8711 	8712 	9510
f 9482 	9486 	9484
f 9486 	9485 	9484
f 9482 	9500 	9486
f 9504 	9095 	9067
f 9338 	9198 	9488
f 9548 	9465 	9550
f 9338 	8730 	8729
f 9488 	8730 	9338
f 9487 	9198 	9489
f 9068 	9512 	9418
f 9489 	9197 	9491
f 9200 	9491 	9197
f 9300 	9303 	9550
f 9706 	9633 	9388
f 9299 	9707 	9711
f 9493 	9199 	9496
f 9368 	9559 	9335
f 9497 	8996 	9498
f 8996 	9499 	9498
f 9409 	9506 	9410
f 9479 	8796 	9481
f 9409 	9094 	9506
f 9392 	9393 	9383
f 9367 	9392 	9383
f 9410 	9383 	9393
f 9393 	9394 	9410
f 9495 	9497 	9501
f 9495 	9501 	9500
f 9494 	9495 	9500
f 9502 	9481 	8711
f 9496 	9494 	9500
f 9394 	9396 	9410
f 9017 	9402 	9029
f 9498 	9499 	9501
f 9716 	9481 	9502
f 9497 	9498 	9501
f 9067 	9418 	9504
f 9101 	9064 	9506
f 9507 	9504 	9508
f 9507 	9567 	9504
f 9504 	9567 	9095
f 9504 	9509 	9508
f 9227 	9501 	9211
f 9094 	9101 	9506
f 9507 	9508 	9509
f 9106 	9063 	9506
f 9063 	9052 	9506
f 9211 	9501 	9499
f 9388 	9633 	8718
f 9418 	8771 	9511
f 9569 	9511 	8772
f 9483 	9479 	9719
f 9538 	8771 	9512
f 9492 	9500 	9490
f 9482 	9490 	9500
f 9491 	9490 	9482
f 9493 	9500 	9492
f 9537 	8736 	9532
f 9493 	9496 	9500
f 9211 	9499 	8996
f 9539 	8746 	9537
f 9518 	9515 	9519
f 9539 	9542 	8776
f 9383 	9505 	9291
f 8666 	9520 	9516
f 9518 	9540 	9515
f 9544 	9486 	9500
f 8776 	8752 	9539
f 9294 	9291 	9505
f 9515 	9521 	9519
f 9548 	8777 	8775
f 9410 	9503 	9383
f 9550 	8778 	9548
f 9514 	9547 	9515
f 9503 	9505 	9383
f 9506 	9503 	9410
f 9482 	9484 	9487
f 9488 	9487 	9484
f 9488 	9484 	8730
f 9487 	9489 	9482
f 9518 	9519 	9521
f 9489 	9491 	9482
f 9647 	9656 	8663
f 9257 	9533 	9227
f 9544 	9500 	9501
f 8666 	8961 	8963
f 9614 	8712 	8718
f 8845 	8847 	9531
f 9611 	8845 	9531
f 8760 	8757 	9534
f 9556 	9557 	8853
f 9484 	9552 	8728
f 9525 	9531 	9530
f 9261 	9229 	9533
f 9525 	9530 	9527
f 9215 	9280 	9533
f 9531 	9535 	9611
f 9501 	9227 	9533
f 9535 	9531 	9525
f 9535 	9525 	9611
f 9547 	9549 	8843
f 9501 	9533 	9545
f 9533 	9280 	9536
f 9517 	9538 	9512
f 9541 	9546 	9540
f 9698 	8808 	8839
f 9549 	9560 	8853
f 9317 	8668 	9523
f 8771 	9538 	8844
f 9540 	9538 	9543
f 8685 	9524 	9522
f 8680 	8668 	9544
f 8755 	9559 	9534
f 9543 	9538 	9517
f 9524 	8685 	8684
f 9536 	9545 	9533
f 9518 	9541 	9540
f 9543 	9517 	9540
f 9517 	9515 	9540
f 8666 	8963 	8969
f 9547 	8843 	9546
f 8844 	9546 	8843
f 8684 	8691 	9524
f 9545 	8684 	9544
f 8708 	8704 	9528
f 9530 	8847 	9557
f 9534 	9559 	9357
f 8708 	9528 	9526
f 9556 	8853 	9560
f 8853 	8843 	9549
f 9545 	9544 	9501
f 8666 	8969 	8938
f 9715 	9714 	8809
f 8704 	8738 	9528
f 8809 	8822 	9715
f 9549 	9547 	9514
f 9521 	9515 	9547
f 9546 	9521 	9547
f 8844 	9540 	9546
f 9516 	9017 	9018
f 9546 	9541 	9518
f 9546 	9518 	9521
f 9516 	9387 	9017
f 9560 	9549 	9514
f 9552 	8664 	9554
f 9527 	9556 	9514
f 9555 	9335 	9559
f 9527 	9557 	9556
f 9556 	9560 	9514
f 8735 	9617 	9532
f 8735 	9532 	8734
f 9557 	9565 	9530
f 8660 	9551 	8661
f 9565 	9527 	9530
f 9565 	9557 	9527
f 9418 	9511 	9504
f 8775 	8776 	9542
f 9299 	9086 	9085
f 9102 	9567 	8741
f 9569 	8772 	9568
f 9567 	9568 	8741
f 8775 	9542 	9548
f 8929 	8940 	9743
f 8771 	8772 	9511
f 9502 	9513 	9716
f 9510 	9717 	9513
f 8741 	9568 	8772
f 9568 	9567 	9507
f 9102 	9095 	9567
f 8779 	8787 	9559
f 8755 	8779 	9559
f 9568 	9570 	9569
f 9534 	8757 	8755
f 9504 	9569 	9509
f 9572 	9510 	8712
f 9511 	9569 	9504
f 9570 	9509 	9569
f 8695 	8696 	9471
f 8696 	9534 	9471
f 8696 	8760 	9534
f 9509 	9568 	9507
f 9570 	9568 	9509
f 8666 	9098 	8702
f 9586 	8886 	9582
f 9520 	9389 	9516
f 8675 	9551 	8660
f 9554 	8661 	9551
f 9529 	8756 	9553
f 9554 	8664 	8661
f 8664 	9552 	9485
f 9484 	9485 	9552
f 9591 	8897 	8898
f 9576 	9369 	9575
f 8675 	8660 	9576
f 9136 	9682 	9577
f 8658 	8670 	9575
f 8674 	9575 	8670
f 9576 	8674 	8675
f 9576 	9575 	8674
f 9679 	9678 	9577
f 9136 	9577 	9678
f 9590 	9587 	9573
f 8812 	9584 	8951
f 9584 	8666 	9588
f 8666 	9517 	9068
f 9573 	8954 	9590
f 9608 	9610 	8955
f 8954 	9573 	9593
f 8958 	8954 	9593
f 9574 	9593 	9573
f 9071 	8876 	9098
f 9594 	9593 	9574
f 9387 	9516 	9389
f 9402 	9017 	9387
f 9596 	9597 	8958
f 9601 	9005 	9597
f 9005 	8958 	9597
f 9601 	9602 	9005
f 8930 	9585 	9589
f 8958 	9593 	9596
f 9594 	9597 	9596
f 9594 	9596 	9593
f 9597 	9600 	9601
f 9602 	9601 	9595
f 9594 	9595 	9601
f 9600 	9594 	9601
f 9600 	9597 	9594
f 8877 	9579 	8878
f 9602 	9604 	9603
f 9005 	9602 	9007
f 9604 	9602 	9595
f 9710 	9299 	9711
f 8877 	8891 	9579
f 9580 	9579 	8891
f 9604 	9595 	9603
f 9595 	9676 	9603
f 8904 	9592 	9583
f 9584 	9606 	8951
f 9588 	9606 	9584
f 9610 	9590 	8955
f 8863 	8869 	9566
f 9606 	9609 	9607
f 9609 	9606 	9588
f 8907 	8906 	9585
f 9587 	9608 	9607
f 9609 	9588 	9607
f 9587 	9607 	9588
f 9585 	8906 	9586
f 8954 	8955 	9590
f 8906 	8903 	9586
f 9610 	9608 	9587
f 9590 	9610 	9587
f 8930 	8931 	9585
f 9589 	8896 	8930
f 8935 	8973 	9599
f 9612 	8845 	9611
f 9589 	9591 	8898
f 9571 	9722 	9572
f 8898 	8896 	9589
f 9571 	9572 	8712
f 9525 	9581 	9611
f 9581 	9612 	9611
f 8951 	8952 	8812
f 9616 	8712 	9614
f 8712 	9616 	9620
f 9612 	9619 	9613
f 9613 	8952 	9612
f 9474 	9475 	9617
f 8921 	9735 	9734
f 9581 	9613 	9619
f 8812 	9613 	9581
f 9619 	9612 	9581
f 9669 	9670 	9615
f 8855 	8854 	9564
f 9564 	9563 	8855
f 8914 	8912 	9615
f 9564 	8864 	9566
f 9618 	8950 	9615
f 9749 	9683 	8883
f 8956 	8957 	9617
f 8666 	8999 	8998
f 9117 	9431 	8666
f 8735 	8956 	9617
f 9620 	9616 	9722
f 9571 	9620 	9722
f 8666 	9121 	9118
f 9471 	9452 	8695
f 8681 	9452 	8683
f 9452 	9622 	8683
f 8666 	9262 	9365
f 9622 	9458 	9624
f 9721 	9722 	9616
f 9626 	9627 	9459
f 9458 	9459 	9627
f 9627 	9624 	9458
f 9626 	9459 	8678
f 8656 	8678 	9459
f 8666 	8938 	8939
f 9459 	9450 	8656
f 9598 	9566 	8869
f 9614 	8718 	9630
f 8666 	8939 	8942
f 9599 	8936 	8935
f 8705 	8706 	9624
f 9622 	9624 	8706
f 8683 	9622 	8706
f 8970 	8936 	9598
f 8666 	8942 	8849
f 9626 	8705 	9627
f 9624 	9627 	8705
f 9631 	9649 	9628
f 9626 	8678 	8705
f 8666 	8849 	8852
f 8784 	9553 	8756
f 8784 	8793 	9553
f 9558 	9553 	8793
f 9631 	9628 	9632
f 8666 	8852 	8856
f 8793 	8792 	9558
f 9628 	9652 	9632
f 9561 	9558 	8825
f 8792 	8825 	9558
f 8824 	8831 	9561
f 8666 	8856 	8867
f 8666 	8867 	8880
f 8854 	8864 	9564
f 8666 	8880 	8846
f 8863 	9566 	8864
f 8718 	9633 	9636
f 9621 	9635 	9634
f 8666 	9266 	9268
f 8718 	9636 	9630
f 8878 	9579 	9578
f 8666 	9268 	9269
f 9636 	9633 	9720
f 9638 	8995 	9637
f 9641 	9683 	9638
f 9683 	8995 	9638
f 9706 	9720 	9633
f 8666 	9269 	9605
f 9580 	8891 	8889
f 9649 	9586 	9646
f 8666 	9605 	9262
f 9637 	9635 	9621
f 9623 	9638 	9637
f 9623 	9637 	9621
f 8889 	8900 	9580
f 8666 	9365 	9124
f 9638 	9640 	9641
f 8968 	9639 	8797
f 9645 	9582 	9642
f 9641 	9642 	9582
f 8666 	9124 	9125
f 9656 	9647 	8865
f 8968 	9643 	9639
f 9645 	9646 	9582
f 8666 	9125 	9121
f 8666 	9118 	9144
f 9625 	9642 	9641
f 9640 	9623 	9641
f 9625 	9641 	9623
f 9599 	9598 	8936
f 8666 	9144 	9117
f 9179 	8682 	9183
f 9643 	8665 	9639
f 9640 	9638 	9623
f 8666 	9430 	9162
f 8797 	9639 	9169
f 9642 	9644 	9645
f 8666 	9162 	8999
f 9169 	9639 	8665
f 8998 	9180 	8666
f 9644 	9642 	9625
f 9648 	8968 	8865
f 9643 	8968 	9648
f 8666 	9212 	9172
f 9644 	9625 	9645
f 9646 	9645 	9629
f 8666 	9175 	9434
f 9643 	9648 	8665
f 9625 	9629 	9645
f 8733 	8737 	9090
f 8666 	9434 	9212
f 9632 	9585 	9631
f 9647 	8663 	9648
f 8666 	9152 	9150
f 9646 	9629 	9649
f 9629 	9628 	9649
f 9674 	9667 	8795
f 8666 	9154 	9152
f 9683 	9641 	9582
f 9664 	9658 	8862
f 9650 	8865 	9659
f 9656 	8865 	9651
f 8862 	9659 	8865
f 9085 	8774 	9166
f 8666 	9172 	9157
f 9647 	9648 	8865
f 8666 	9157 	9154
f 8666 	9218 	9148
f 9733 	9651 	9650
f 8666 	9219 	9218
f 9585 	9586 	9631
f 9649 	9631 	9586
f 9221 	9219 	8666
f 9656 	9651 	8663
f 9657 	9660 	9589
f 9632 	9657 	9585
f 9589 	9585 	9657
f 8666 	9442 	9441
f 9661 	9662 	9589
f 9591 	9666 	9615
f 9733 	8663 	9651
f 9664 	8862 	9663
f 9474 	9617 	9467
f 8666 	9150 	9221
f 8838 	9684 	8839
f 9659 	8862 	9658
f 9732 	9659 	9658
f 8666 	9281 	9442
f 9657 	9632 	9652
f 9661 	9589 	9660
f 9665 	9591 	9662
f 9591 	9589 	9662
f 8666 	9282 	9281
f 8822 	9705 	9704
f 9650 	9659 	9733
f 9669 	9615 	9666
f 9665 	9666 	9591
f 9732 	9733 	9659
f 8821 	9148 	9295
f 9148 	8821 	8666
f 9467 	9617 	9618
f 9299 	9722 	9721
f 8666 	9283 	9282
f 8810 	8809 	9723
f 9672 	8795 	9671
f 9653 	9661 	9652
f 8666 	8821 	8836
f 9667 	9668 	8795
f 9660 	9652 	9661
f 9653 	9662 	9661
f 8666 	9285 	9283
f 9663 	9730 	9664
f 8836 	8835 	8666
f 9660 	9657 	9652
f 9734 	9738 	8921
f 8666 	9290 	9285
f 8940 	8944 	9740
f 9671 	8795 	9470
f 8835 	8834 	8666
f 8940 	9740 	9739
f 8862 	8795 	9668
f 9663 	8862 	9668
f 9618 	9615 	9670
f 8666 	9292 	9290
f 8834 	9295 	8666
f 9653 	9654 	9665
f 9653 	9665 	9662
f 9654 	9666 	9665
f 8666 	9295 	8827
f 8666 	8827 	9292
f 8807 	9681 	9680
f 8666 	9516 	9018
f 8666 	9440 	9439
f 9674 	8795 	9672
f 8796 	9470 	8795
f 9654 	9655 	9669
f 9654 	9669 	9666
f 8857 	9440 	8666
f 9655 	9670 	9669
f 9673 	9467 	9618
f 9670 	9673 	9618
f 8666 	9018 	9023
f 9439 	9673 	9655
f 9726 	9727 	9672
f 8666 	9439 	9655
f 8923 	9731 	9735
f 9655 	9673 	9670
f 8858 	8857 	8666
f 8666 	9023 	9028
f 8992 	9679 	9577
f 8666 	9655 	9654
f 9682 	8992 	9577
f 9132 	9688 	9680
f 9136 	9621 	9682
f 9178 	8932 	9752
f 9634 	9635 	8995
f 9635 	9637 	8995
f 9178 	9752 	9751
f 9685 	9132 	9684
f 9701 	9702 	9284
f 9634 	8995 	9682
f 8992 	9682 	8995
f 8859 	8858 	8666
f 8686 	9181 	8687
f 8666 	9389 	9520
f 9181 	8686 	9079
f 9582 	9646 	9586
f 8666 	9028 	8960
f 8733 	9090 	9080
f 9086 	9090 	8759
f 9621 	9634 	9682
f 9167 	8783 	8782
f 9688 	9132 	9685
f 9441 	8791 	8666
f 9171 	9167 	8790
f 8789 	9171 	8790
f 8860 	8859 	8666
f 8870 	9625 	8666
f 9545 	9536 	8704
f 9007 	9699 	9006
f 8756 	8738 	9536
f 8979 	9690 	8978
f 9693 	9694 	8978
f 8992 	8978 	9679
f 8666 	8960 	8961
f 8838 	9685 	9684
f 9691 	9006 	9687
f 9689 	8979 	9691
f 9686 	9687 	9006
f 8666 	9071 	8874
f 9749 	9750 	9683
f 9582 	8883 	9683
f 8666 	9678 	9677
f 9143 	9684 	9132
f 9675 	9687 	9686
f 9675 	9686 	9676
f 9625 	9623 	8666
f 9688 	9685 	8807
f 9693 	8978 	9690
f 9689 	9690 	8979
f 9679 	8978 	9694
f 8666 	9653 	9652
f 9006 	9691 	8979
f 8838 	8807 	9685
f 9690 	9689 	9677
f 9677 	9689 	9675
f 9654 	9653 	8666
f 9691 	9675 	9689
f 9143 	9696 	9692
f 9143 	9692 	9684
f 9691 	9687 	9675
f 8861 	8860 	8666
f 8839 	9684 	9692
f 8871 	8870 	8666
f 8666 	8873 	9678
f 9694 	9693 	9678
f 9677 	9678 	9693
f 9690 	9677 	9693
f 8666 	8962 	8926
f 8962 	9098 	8926
f 8666 	8926 	8876
f 8666 	8876 	9071
f 9694 	9695 	9679
f 9695 	9694 	9678
f 8666 	8874 	9072
f 9697 	9698 	9143
f 9696 	9143 	9698
f 9678 	9679 	9695
f 8666 	9072 	9069
f 9703 	9284 	9705
f 9686 	9006 	9699
f 9603 	9699 	9007
f 9692 	9696 	8839
f 9603 	9007 	9602
f 9698 	8839 	9696
f 9676 	9699 	9603
f 9587 	9588 	8666
f 9699 	9700 	9686
f 9700 	9699 	9676
f 9686 	9700 	9676
f 8808 	9698 	9697
f 9702 	9697 	9284
f 8666 	9623 	9621
f 9705 	9284 	9704
f 8666 	9652 	9628
f 9447 	8666 	8791
f 9444 	8861 	8666
f 8820 	9702 	9701
f 9629 	8871 	8666
f 9143 	9284 	9697
f 8666 	9136 	8873
f 8808 	9697 	9702
f 8666 	9676 	9595
f 8666 	9573 	9587
f 8666 	8700 	8943
f 8666 	8943 	9581
f 8666 	8701 	8941
f 8666 	8941 	8937
f 8666 	8937 	9514
f 8666 	9068 	8933
f 8666 	8933 	9067
f 8666 	8702 	8962
f 9703 	9705 	8820
f 9701 	9703 	8820
f 9464 	9466 	9712
f 9713 	9464 	9712
f 9388 	9391 	9706
f 9286 	9714 	9715
f 9284 	9286 	9704
f 9405 	9711 	9707
f 9404 	9711 	9405
f 9404 	9412 	9711
f 9424 	9708 	9710
f 9423 	9428 	9708
f 9713 	9709 	9454
f 9713 	9454 	9453
f 9713 	9453 	9464
f 9481 	9716 	9718
f 9614 	9630 	9721
f 9719 	9726 	9470
f 9724 	9286 	9723
f 9469 	9719 	9470
f 9469 	9483 	9719
f 9286 	9724 	9714
f 9716 	9513 	9717
f 9722 	9717 	9572
f 9510 	9572 	9717
f 9721 	9616 	9614
f 9720 	9721 	9630
f 9630 	9636 	9720
f 9723 	8809 	9724
f 9729 	9725 	9270
f 9270 	9725 	9286
f 9725 	8810 	9723
f 9723 	9286 	9725
f 9728 	9270 	9731
f 9663 	9668 	9730
f 9667 	9674 	9727
f 9729 	9728 	8923
f 9731 	8923 	9728
f 9671 	9726 	9672
f 8810 	9725 	9729
f 9730 	9732 	9664
f 9667 	9727 	9668
f 9735 	9270 	9734
f 9731 	9270 	9735
f 9674 	9672 	9727
f 9658 	9664 	9732
f 9727 	9730 	9668
f 9470 	9726 	9671
f 9272 	9736 	9737
f 9738 	9734 	9272
f 9270 	9272 	9734
f 8944 	8921 	9738
f 9737 	8944 	9738
f 9736 	8944 	9737
f 9742 	9743 	9364
f 9736 	9272 	9740
f 9736 	9740 	8944
f 9745 	9741 	9364
f 9743 	9742 	8929
f 9741 	8929 	9742
f 9272 	9364 	9739
f 8927 	9745 	9744
f 9742 	9364 	9741
f 8929 	9741 	9745
f 9361 	9746 	9747
f 9361 	9747 	9748
f 9744 	9361 	9748
f 8927 	9744 	9748
f 9746 	8932 	9747
f 9749 	8883 	9354
f 9314 	8995 	9750
f 8995 	9683 	9750
f 9749 	9354 	9750
f 9752 	9361 	9751
f 9360 	9751 	9361
f 9746 	9361 	9752
f 9745 	9364 	9744
f 8709 	8710 	9356
f 8715 	9356 	8733
f 8682 	9360 	8679
f 9355 	8679 	9360
f 9360 	9753 	9754
f 9360 	9754 	9751
f 8753 	9382 	8770
f 9754 	9753 	9179
f 8682 	9179 	9753
f 9179 	9178 	9754
f 9355 	9356 	8699
f 8709 	9356 	8715
f 9753 	9360 	8682
f 8737 	8733 	9382
f 8733 	9356 	9382
# 2196 faces

 #end of obj_9

