# Object Export From Tinkercad Server 2015

mtllib obj.mtl

o obj_0
v 193.9836 		-45 		27
v 194 		-45 		27.25
v 193.848 		-45 		29.567
v 193.395 		-45 		31.844
v 188.503 		-45 		32.503
v 188.503 		-45 		27
v 192.649 		-45 		34.043
v 191.622 		-45 		36.125
v 190.332 		-45 		38.056
v 188.801 		-45 		39.801
v 187.056 		-45 		41.332
v 185.125 		-45 		42.622
v 183.043 		-45 		43.649
v 180.844 		-45 		44.396
v 178.567 		-45 		44.849
v 176.25 		-45 		45
v 173.933 		-45 		44.849
v 171.656 		-45 		44.396
v 169.457 		-45 		43.649
v 164.498 		-45 		27
v 164.498 		-45 		32.503
v 159.105 		-45 		31.844
v 158.652 		-45 		29.567
v 158.5 		-45 		27.25
v 158.5164 		-45 		27
v 158.5 		-36.038 		1.538
v 158.5 		-35.585 		2.054
v 158.5 		-35.203 		2.625
v 167.375 		-45 		42.622
v 165.444 		-45 		41.332
v 163.699 		-45 		39.801
v 162.168 		-45 		38.056
v 160.878 		-45 		36.125
v 159.851 		-45 		34.043
v 158.5 		-34.9 		3.241
v 161.205 		-45 		26.258
v 158.5 		-34.679 		3.892
v 161.291 		-45 		26.357
v 158.5 		-34.545 		4.565
v 161.39 		-45 		26.443
v 158.5 		-34.5 		5.25
v 161.499 		-45 		26.516
v 158.5 		-34.5164 		5.5
v 158.5 		-34.5 		5.5
v 161.616 		-45 		26.574
v 161.741 		-45 		26.616
v 161.869 		-45 		26.642
v 158.5 		-39.75 		0
v 162 		-45 		26.651
v 158.5 		-39.065 		0.045
v 162.131 		-45 		26.642
v 162.259 		-45 		26.616
v 174 		-34.5 		0
v 174 		-34.5 		5.25
v 174 		-34.5 		5.5
v 160.998 		-45 		25.648
v 161.006 		-45 		25.779
v 189.089 		-28.191 		9.081
v 189.305 		-28.159 		9.181
v 174 		-38.656 		0.1263
v 174 		-38.391 		0.179
v 174 		-37.741 		0.4
v 189.028 		-28.159 		9.686
v 174 		-37.125 		0.704
v 174 		-36.554 		1.085
v 174 		-36.038 		1.538
v 174 		-35.585 		2.054
v 174 		-35.203 		2.625
v 174 		-34.9 		3.241
v 174 		-34.679 		3.892
v 185.742 		-28.282 		12.162
v 174 		-34.545 		4.565
v 185.106 		-28.282 		12.176
v 185.722 		-28.191 		11.941
v 185.116 		-28.191 		11.955
v 174 		-34.5164 		5.5
v 174 		-40 		0
v 174 		-40 		0.0164
v 174 		-39.75 		0
v 174 		-39.065 		0.045
v 194 		-40 		0.0164
v 194 		-40 		0
v 185.779 		-28.841 		12.59
v 180.792 		-29.968 		8.326
v 187.468 		-28.429 		10.392
v 187.85 		-28.429 		10.086
v 185.782 		-29.079 		12.621
v 185.771 		-28.619 		12.498
v 187.384 		-28.619 		10.273
v 187.752 		-28.619 		9.978
v 185.758 		-28.429 		12.352
v 187.69 		-28.841 		9.91
v 187.668 		-29.079 		9.887
v 185.779 		-29.317 		12.59
v 187.69 		-29.317 		9.91
v 187.049 		-28.429 		10.647
v 185.088 		-28.841 		12.605
v 185.086 		-29.079 		12.636
v 186.981 		-28.619 		10.517
v 185.092 		-28.619 		12.513
v 185.098 		-28.429 		12.367
v 186.939 		-28.841 		10.436
v 185.088 		-29.317 		12.605
v 187.332 		-28.841 		10.197
v 186.925 		-29.079 		10.408
v 187.314 		-29.079 		10.172
v 185.722 		-29.968 		11.941
v 185.116 		-29.968 		11.955
v 186.939 		-29.317 		10.436
v 187.332 		-29.317 		10.197
v 185.742 		-29.876 		12.162
v 185.106 		-29.876 		12.176
v 183.654 		-29.876 		10.892
v 175.25 		-26.131 		0
v 185.758 		-29.73 		12.352
v 184.804 		-23.4993 		0
v 186.664 		-22.256 		0
v 185.098 		-29.73 		12.367
v 183.56 		-29.968 		11.093
v 185.771 		-29.539 		12.498
v 185.092 		-29.539 		12.513
v 182.955 		-29.999 		11.032
v 183.459 		-29.999 		11.309
v 187.384 		-29.539 		10.273
v 187.752 		-29.539 		9.978
v 187.468 		-29.73 		10.392
v 187.85 		-29.73 		10.086
v 187.577 		-29.876 		10.549
v 187.705 		-29.968 		10.73
v 186.981 		-29.539 		10.517
v 161.032 		-45 		25.907
v 161.074 		-45 		26.032
v 161.132 		-45 		26.149
v 161.074 		-45 		25.264
v 161.032 		-45 		25.389
v 161.006 		-45 		25.517
v 162.259 		-45 		24.68
v 162.131 		-45 		24.654
v 162 		-45 		24.646
v 161.869 		-45 		24.654
v 161.741 		-45 		24.68
v 161.616 		-45 		24.722
v 161.499 		-45 		24.78
v 161.39 		-45 		24.853
v 161.291 		-45 		24.939
v 161.205 		-45 		25.038
v 161.132 		-45 		25.147
v 162.384 		-45 		26.574
v 162.501 		-45 		26.516
v 162.61 		-45 		26.443
v 162.709 		-45 		26.357
v 162.795 		-45 		26.258
v 162.868 		-45 		26.149
v 162.926 		-45 		26.032
v 162.968 		-45 		25.907
v 162.994 		-45 		25.779
v 163.003 		-45 		25.648
v 162.994 		-45 		25.517
v 162.968 		-45 		25.389
v 162.926 		-45 		25.264
v 162.868 		-45 		25.147
v 162.795 		-45 		25.038
v 162.709 		-45 		24.939
v 162.61 		-45 		24.853
v 162.501 		-45 		24.78
v 162.384 		-45 		24.722
v 190.205 		-45 		26.258
v 190.291 		-45 		26.357
v 190.39 		-45 		26.443
v 190.499 		-45 		26.516
v 190.616 		-45 		26.574
v 190.741 		-45 		26.616
v 190.869 		-45 		26.642
v 189.998 		-45 		25.648
v 190.006 		-45 		25.779
v 190.032 		-45 		25.907
v 190.074 		-45 		26.032
v 190.132 		-45 		26.149
v 190.074 		-45 		25.264
v 190.032 		-45 		25.389
v 190.006 		-45 		25.517
v 190.869 		-45 		24.654
v 190.741 		-45 		24.68
v 190.616 		-45 		24.722
v 190.499 		-45 		24.78
v 190.39 		-45 		24.853
v 190.291 		-45 		24.939
v 190.205 		-45 		25.038
v 190.132 		-45 		25.147
v 191 		-45 		26.651
v 191.131 		-45 		26.642
v 191.259 		-45 		26.616
v 191.384 		-45 		26.574
v 191.501 		-45 		26.516
v 191.61 		-45 		26.443
v 191.709 		-45 		26.357
v 191.795 		-45 		26.258
v 191.868 		-45 		26.149
v 191.926 		-45 		26.032
v 191.968 		-45 		25.907
v 191.994 		-45 		25.779
v 192.003 		-45 		25.648
v 191.994 		-45 		25.517
v 191.968 		-45 		25.389
v 191.926 		-45 		25.264
v 191.868 		-45 		25.147
v 191.795 		-45 		25.038
v 191.709 		-45 		24.939
v 191.61 		-45 		24.853
v 191.501 		-45 		24.78
v 191.384 		-45 		24.722
v 191.259 		-45 		24.68
v 191.131 		-45 		24.654
v 191 		-45 		24.646
v 194 		-45 		24.646
v 188.503 		-45 		18.998
v 164.498 		-45 		18.998
v 194 		-45 		27
v 158.5 		-45 		27
v 188.503 		-34.5 		27
v 188.503 		-34.5 		32.503
v 193.395 		-34.5 		31.844
v 193.848 		-34.5 		29.567
v 194 		-34.5 		27.25
v 193.9836 		-34.5 		27
v 185.125 		-34.5 		42.622
v 187.056 		-34.5 		41.332
v 188.801 		-34.5 		39.801
v 190.332 		-34.5 		38.056
v 191.622 		-34.5 		36.125
v 192.649 		-34.5 		34.043
v 169.457 		-34.5 		43.649
v 171.656 		-34.5 		44.396
v 173.933 		-34.5 		44.849
v 176.25 		-34.5 		45
v 178.567 		-34.5 		44.849
v 180.844 		-34.5 		44.396
v 183.043 		-34.5 		43.649
v 158.5164 		-34.5 		27
v 158.5 		-34.5 		27.25
v 158.652 		-34.5 		29.567
v 159.105 		-34.5 		31.844
v 164.498 		-34.5 		32.503
v 164.498 		-34.5 		27
v 159.851 		-34.5 		34.043
v 160.878 		-34.5 		36.125
v 162.168 		-34.5 		38.056
v 163.699 		-34.5 		39.801
v 165.444 		-34.5 		41.332
v 167.375 		-34.5 		42.622
v 161.205 		-34.5 		26.258
v 161.291 		-34.5 		26.357
v 161.39 		-34.5 		26.443
v 161.499 		-34.5 		26.516
v 161.616 		-34.5 		26.574
v 161.741 		-34.5 		26.616
v 161.869 		-34.5 		26.642
v 162 		-34.5 		26.651
v 162.131 		-34.5 		26.642
v 162.259 		-34.5 		26.616
v 161.006 		-34.5 		25.779
v 160.998 		-34.5 		25.648
v 161.032 		-34.5 		25.907
v 161.074 		-34.5 		26.032
v 161.132 		-34.5 		26.149
v 161.074 		-34.5 		25.264
v 161.032 		-34.5 		25.389
v 161.006 		-34.5 		25.517
v 162.259 		-34.5 		24.68
v 162.131 		-34.5 		24.654
v 162 		-34.5 		24.646
v 161.869 		-34.5 		24.654
v 161.741 		-34.5 		24.68
v 161.616 		-34.5 		24.722
v 161.499 		-34.5 		24.78
v 161.39 		-34.5 		24.853
v 161.291 		-34.5 		24.939
v 161.205 		-34.5 		25.038
v 161.132 		-34.5 		25.147
v 162.384 		-34.5 		26.574
v 162.501 		-34.5 		26.516
v 162.61 		-34.5 		26.443
v 162.709 		-34.5 		26.357
v 162.795 		-34.5 		26.258
v 162.868 		-34.5 		26.149
v 162.926 		-34.5 		26.032
v 162.968 		-34.5 		25.907
v 162.994 		-34.5 		25.779
v 163.003 		-34.5 		25.648
v 162.994 		-34.5 		25.517
v 162.968 		-34.5 		25.389
v 162.926 		-34.5 		25.264
v 162.868 		-34.5 		25.147
v 162.795 		-34.5 		25.038
v 162.709 		-34.5 		24.939
v 162.61 		-34.5 		24.853
v 162.501 		-34.5 		24.78
v 162.384 		-34.5 		24.722
v 190.205 		-34.5 		26.258
v 190.291 		-34.5 		26.357
v 190.39 		-34.5 		26.443
v 190.499 		-34.5 		26.516
v 190.616 		-34.5 		26.574
v 190.741 		-34.5 		26.616
v 190.869 		-34.5 		26.642
v 190.006 		-34.5 		25.779
v 189.998 		-34.5 		25.648
v 190.032 		-34.5 		25.907
v 190.074 		-34.5 		26.032
v 190.132 		-34.5 		26.149
v 190.074 		-34.5 		25.264
v 190.032 		-34.5 		25.389
v 190.006 		-34.5 		25.517
v 190.869 		-34.5 		24.654
v 190.741 		-34.5 		24.68
v 190.616 		-34.5 		24.722
v 190.499 		-34.5 		24.78
v 190.39 		-34.5 		24.853
v 190.291 		-34.5 		24.939
v 190.205 		-34.5 		25.038
v 190.132 		-34.5 		25.147
v 191 		-34.5 		26.651
v 191.131 		-34.5 		26.642
v 191.259 		-34.5 		26.616
v 191.384 		-34.5 		26.574
v 191.501 		-34.5 		26.516
v 191.61 		-34.5 		26.443
v 191.709 		-34.5 		26.357
v 191.795 		-34.5 		26.258
v 191.868 		-34.5 		26.149
v 191.926 		-34.5 		26.032
v 191.968 		-34.5 		25.907
v 191.994 		-34.5 		25.779
v 192.003 		-34.5 		25.648
v 191.994 		-34.5 		25.517
v 191.968 		-34.5 		25.389
v 191.926 		-34.5 		25.264
v 191.868 		-34.5 		25.147
v 191.795 		-34.5 		25.038
v 191.709 		-34.5 		24.939
v 191.61 		-34.5 		24.853
v 191.501 		-34.5 		24.78
v 191.384 		-34.5 		24.722
v 191.259 		-34.5 		24.68
v 191.131 		-34.5 		24.654
v 181.732 		-28.5428 		6.61
v 181.7923 		-28.619 		6.61
v 191 		-34.5 		24.646
v 181.771 		-28.619 		6.697
v 194 		-34.5 		24.646
v 181.8069 		-28.6532 		6.61
v 181.8069 		-28.6532 		6.61
v 188.503 		-34.5 		18.998
v 164.498 		-34.5 		18.998
v 158.5 		-34.5 		12.636
v 194 		-34.5 		27
v 158.5 		-34.5 		27
v 187.049 		-29.73 		10.647
v 187.137 		-29.876 		10.816
v 187.562 		-28.282 		11.632
v 187.459 		-28.191 		11.435
v 186.904 		-28.191 		11.679
v 187.841 		-28.159 		10.925
v 187.349 		-28.159 		11.224
v 187.239 		-28.191 		11.013
v 187.65 		-28.429 		11.801
v 188.508 		-20.639 		0
v 190.125 		-18.795 		0
v 191.488 		-16.756 		0
v 192.573 		-14.556 		0
v 193.361 		-12.234 		0
v 193.84 		-9.828 		0
v 193.9718 		-7.813 		0
v 194 		-7.813 		0
v 186.664 		7.494 		0
v 188.508 		5.877 		0
v 190.125 		4.033 		0
v 191.488 		1.994 		0
v 192.573 		-0.206 		0
v 193.361 		-2.528 		0
v 193.84 		-4.934 		0
v 194 		-7.381 		0
v 182.003 		4.503 		0
v 160.375 		4.033 		0
v 167.998 		4.503 		0
v 173.705 		6.39 		0
v 173.791 		6.291 		0
v 173.89 		6.205 		0
v 173.999 		6.132 		0
v 174.116 		6.074 		0
v 174.241 		6.032 		0
v 174.369 		6.006 		0
v 174.5 		5.998 		0
v 173.574 		7.384 		0
v 173.532 		7.259 		0
v 173.506 		7.131 		0
v 173.498 		7 		0
v 173.506 		6.869 		0
v 173.532 		6.741 		0
v 181.009 		-28.282 		9.566
v 180.753 		-28.282 		8.984
v 181.206 		-28.191 		9.463
v 180.961 		-28.191 		8.908
v 181.417 		-28.159 		9.353
v 181.185 		-28.159 		8.827
v 190.3877 		-28.841 		8.8027
v 190.361 		-28.841 		8.912
v 190.3928 		-28.8798 		8.8036
v 190.11 		-28.841 		9.557
v 190.273 		-28.619 		8.885
v 190.3105 		-28.652 		8.789
v 190.2971 		-28.619 		8.7867
v 181.628 		-28.191 		9.243
v 190.027 		-28.619 		9.518
v 190.134 		-28.429 		8.841
v 180.71 		-28.619 		9.721
v 190.391 		-29.079 		8.922
v 190.4188 		-29.079 		8.8081
v 190.139 		-29.079 		9.57
v 180.84 		-28.429 		9.654
v 190.3877 		-29.317 		8.8027
v 190.361 		-29.317 		8.912
v 190.373 		-29.3531 		8.8001
v 190.11 		-29.317 		9.557
v 181.628 		-29.968 		9.243
v 190.4136 		-29.1191 		8.8072
v 181.417 		-29.999 		9.353
v 190.134 		-29.73 		8.841
v 190.273 		-29.539 		8.885
v 190.2971 		-29.539 		8.7867
v 190.027 		-29.539 		9.518
v 181.185 		-29.999 		8.827
v 181.206 		-29.968 		9.463
v 180.961 		-29.968 		8.908
v 189.894 		-28.429 		9.456
v 181.009 		-29.876 		9.566
v 180.753 		-29.876 		8.984
v 189.089 		-29.968 		9.081
v 180.84 		-29.73 		9.654
v 189.028 		-29.999 		9.686
v 189.305 		-29.999 		9.181
v 180.71 		-29.539 		9.721
v 189.521 		-29.968 		9.282
v 180.3449 		-28.416 		6.61
v 180.4793 		-28.3129 		6.61
v 180.5195 		-28.282 		6.61
v 180.7068 		-28.2053 		6.61
v 180.708 		-28.2048 		6.61
v 180.0792 		-28.9125 		6.61
v 180.0884 		-28.8418 		6.61
v 180.0885 		-28.841 		6.61
v 180.0772 		-28.928 		6.61
v 189.722 		-29.876 		9.376
v 180.1551 		-28.6818 		6.61
v 180.181 		-28.6194 		6.61
v 180.1812 		-28.619 		6.61
v 180.291 		-28.4769 		6.61
v 180.328 		-28.429 		6.61
v 189.894 		-29.73 		9.456
v 180.0578 		-29.079 		6.61
v 180.1161 		-29.3831 		6.61
v 180.0892 		-29.3186 		6.61
v 180.0885 		-29.317 		6.61
v 180.1398 		-29.44 		6.61
v 180.0673 		-29.1515 		6.61
v 180.708 		-29.954 		6.61
v 180.5651 		-29.8948 		6.61
v 180.5195 		-29.876 		6.61
v 180.3751 		-29.7661 		6.61
v 180.328 		-29.73 		6.61
v 180.2221 		-29.5922 		6.61
v 180.1812 		-29.539 		6.61
v 188.8602 		-28.429 		8.5332
v 180.478 		-28.282 		7.746
v 188.831 		-28.467 		8.528
v 180.464 		-28.282 		7.11
v 181.8115 		-28.6639 		6.61
v 181.8872 		-28.841 		6.61
v 181.862 		-28.841 		6.713
v 181.8939 		-28.8904 		6.61
v 180.699 		-28.191 		7.726
v 181.8939 		-28.8904 		6.61
v 180.686 		-28.191 		7.12
v 181.8948 		-28.8971 		6.61
v 181.8989 		-28.928 		6.61
v 181.9194 		-29.079 		6.61
v 181.893 		-29.079 		6.718
v 181.912 		-29.1333 		6.61
v 180.036 		-28.841 		7.092
v 180.005 		-29.079 		7.09
v 181.912 		-29.1333 		6.61
v 180.128 		-28.619 		7.096
v 181.9117 		-29.136 		6.61
v 181.8872 		-29.317 		6.61
v 181.862 		-29.317 		6.713
v 181.8672 		-29.3638 		6.61
v 181.8671 		-29.3639 		6.61
v 181.8666 		-29.3652 		6.61
v 181.8346 		-29.44 		6.61
v 181.7923 		-29.539 		6.61
v 181.771 		-29.539 		6.697
v 183.359 		-29.968 		11.525
v 181.7672 		-29.571 		6.61
v 181.7671 		-29.5711 		6.61
v 181.7663 		-29.5721 		6.61
v 181.732 		-29.6157 		6.61
v 182.827 		-29.968 		11.233
v 183.265 		-29.876 		11.726
v 181.812 		-28.841 		7.169
v 181.822 		-28.841 		7.628
v 181.843 		-29.079 		7.171
v 181.853 		-29.079 		7.625
v 184.475 		-28.282 		12.107
v 183.857 		-28.282 		11.956
v 188.7134 		-28.619 		8.5073
v 188.6907 		-28.6734 		8.5033
v 188.6218 		-28.841 		8.4912
v 184.513 		-28.191 		11.889
v 187.841 		-29.999 		10.925
v 184.395 		-29.079 		12.56
v 184.4 		-28.841 		12.529
v 187.459 		-29.968 		11.435
v 187.562 		-29.876 		11.632
v 184.416 		-28.619 		12.439
v 187.65 		-29.73 		11.801
v 184.442 		-28.429 		12.295
v 183.8 		-28.429 		12.138
v 184.4 		-29.317 		12.529
v 187.239 		-29.968 		11.013
v 184.513 		-29.968 		11.889
v 187.349 		-29.999 		11.224
v 186.904 		-29.968 		11.679
v 188.6134 		-28.9052 		8.4897
v 188.5902 		-29.079 		8.4856
v 188.5988 		-29.1437 		8.4871
v 188.6218 		-29.317 		8.4912
v 186.98 		-28.282 		11.888
v 187.76 		-28.841 		12.012
v 187.774 		-29.079 		12.04
v 188.6451 		-29.3729 		8.4953
v 187.717 		-28.619 		11.931
v 188.7134 		-29.539 		8.5073
v 187.76 		-29.317 		12.012
v 181.812 		-29.317 		7.169
v 181.822 		-29.317 		7.628
v 187.127 		-28.841 		12.291
v 187.137 		-29.079 		12.32
v 187.095 		-28.619 		12.204
v 187.045 		-28.429 		12.067
v 181.2805 		-28.2157 		6.61
v 181.4468 		-28.282 		6.61
v 181.44 		-28.282 		6.638
v 181.4513 		-28.2854 		6.61
v 181.22 		-28.191 		6.61
v 181.2786 		-28.215 		6.61
v 187.127 		-29.317 		12.291
v 181.4513 		-28.2854 		6.61
v 181.4592 		-28.2913 		6.61
v 181.6247 		-28.416 		6.61
v 180.7416 		-28.1911 		6.61
v 180.7418 		-28.191 		6.61
v 180.9596 		-28.1619 		6.61
v 180.981 		-28.159 		6.61
v 180.9814 		-28.159 		6.61
v 186.98 		-29.876 		11.888
v 181.2154 		-28.1904 		6.61
v 181.2199 		-28.191 		6.61
v 181.642 		-28.429 		6.61
v 181.627 		-28.429 		6.671
v 181.6549 		-28.4454 		6.61
v 187.045 		-29.73 		12.067
v 181.6549 		-28.4454 		6.61
v 181.6631 		-28.4558 		6.61
v 181.642 		-29.73 		6.61
v 181.627 		-29.73 		6.671
v 187.717 		-29.539 		11.931
v 188.7448 		-29.5801 		8.5129
v 188.8602 		-29.73 		8.5332
v 187.095 		-29.539 		12.204
v 188.8922 		-29.7544 		8.5388
v 188.827 		-28.191 		9.558
v 186.55 		-28.619 		10.707
v 186.078 		-28.841 		10.749
v 186.519 		-28.841 		10.62
v 186.071 		-29.079 		10.718
v 186.508 		-29.079 		10.591
v 186.078 		-29.317 		10.749
v 186.519 		-29.317 		10.62
v 186.55 		-29.539 		10.707
v 186.322 		-28.191 		11.849
v 186.823 		-28.159 		11.456
v 186.27 		-28.159 		11.617
v 186.219 		-28.191 		11.384
v 186.741 		-28.191 		11.232
v 186.171 		-28.282 		11.167
v 186.665 		-28.282 		11.023
v 186.13 		-28.429 		10.981
v 186.6 		-28.429 		10.844
v 186.098 		-28.619 		10.839
v 186.6 		-29.73 		10.844
v 173.574 		6.616 		0
v 173.632 		6.499 		0
v 174.5 		8.003 		0
v 174.369 		7.994 		0
v 174.241 		7.968 		0
v 174.116 		7.926 		0
v 173.999 		7.868 		0
v 173.89 		7.795 		0
v 173.791 		7.709 		0
v 173.705 		7.61 		0
v 173.632 		7.501 		0
v 174.631 		6.006 		0
v 174.759 		6.032 		0
v 174.884 		6.074 		0
v 175.001 		6.132 		0
v 175.11 		6.205 		0
v 175.209 		6.291 		0
v 175.295 		6.39 		0
v 175.368 		6.499 		0
v 175.426 		6.616 		0
v 175.468 		6.741 		0
v 175.494 		6.869 		0
v 175.503 		7 		0
v 175.494 		7.131 		0
v 175.468 		7.259 		0
v 175.426 		7.384 		0
v 175.368 		7.501 		0
v 175.295 		7.61 		0
v 175.209 		7.709 		0
v 175.11 		7.795 		0
v 175.001 		7.868 		0
v 174.884 		7.926 		0
v 174.759 		7.968 		0
v 174.631 		7.994 		0
v 175.25 		11.369 		0
v 177.697 		11.208 		0
v 180.103 		10.73 		0
v 182.425 		9.942 		0
v 184.625 		8.857 		0
v 163.836 		7.494 		0
v 165.875 		8.857 		0
v 168.075 		9.942 		0
v 170.397 		10.73 		0
v 172.803 		11.208 		0
v 161.992 		5.877 		0
v 157.139 		-12.234 		0
v 156.66 		-9.828 		0
v 156.5 		-7.381 		0
v 156.66 		-4.934 		0
v 157.139 		-2.528 		0
v 157.927 		-0.206 		0
v 159.012 		1.994 		0
v 177.697 		-25.971 		0
v 180.103 		-25.492 		0
v 182.425 		-24.704 		0
v 184.625 		-23.619 		0
v 174 		-26.0493 		0
v 182.003 		-19.502 		0
v 167.998 		-19.502 		0
v 160.375 		-18.795 		0
v 159.012 		-16.756 		0
v 157.927 		-14.556 		0
v 173.574 		-22.384 		0
v 173.632 		-22.501 		0
v 173.705 		-22.61 		0
v 173.791 		-22.709 		0
v 173.89 		-22.795 		0
v 173.999 		-22.868 		0
v 174.116 		-22.926 		0
v 174.241 		-22.968 		0
v 174.369 		-22.994 		0
v 174.5 		-23.002 		0
v 173.791 		-21.291 		0
v 173.705 		-21.39 		0
v 173.632 		-21.499 		0
v 173.574 		-21.616 		0
v 173.532 		-21.741 		0
v 173.506 		-21.869 		0
v 173.498 		-22 		0
v 173.506 		-22.131 		0
v 173.532 		-22.259 		0
v 174.5 		-20.997 		0
v 174.369 		-21.006 		0
v 174.241 		-21.032 		0
v 174.116 		-21.074 		0
v 173.999 		-21.132 		0
v 173.89 		-21.205 		0
v 174.631 		-22.994 		0
v 174.759 		-22.968 		0
v 174.884 		-22.926 		0
v 175.001 		-22.868 		0
v 175.11 		-22.795 		0
v 175.209 		-22.709 		0
v 175.295 		-22.61 		0
v 175.368 		-22.501 		0
v 175.426 		-22.384 		0
v 175.468 		-22.259 		0
v 175.494 		-22.131 		0
v 175.503 		-22 		0
v 175.494 		-21.869 		0
v 175.468 		-21.741 		0
v 175.426 		-21.616 		0
v 175.368 		-21.499 		0
v 175.295 		-21.39 		0
v 175.209 		-21.291 		0
v 175.11 		-21.205 		0
v 175.001 		-21.132 		0
v 174.884 		-21.074 		0
v 174.759 		-21.032 		0
v 174.631 		-21.006 		0
v 173.498 		-19.502 		0
v 163.836 		-22.256 		0
v 161.992 		-20.639 		0
v 172.803 		-25.971 		0
v 170.397 		-25.492 		0
v 168.075 		-24.704 		0
v 165.875 		-23.619 		0
v 193.9718 		-7.813 		6.514
v 194 		-7.381 		6.514
v 193.84 		-4.934 		6.514
v 193.361 		-2.528 		6.514
v 192.573 		-0.206 		6.514
v 191.488 		1.994 		6.514
v 181.6225 		-29.7445 		6.61
v 190.125 		4.033 		6.514
v 188.508 		5.877 		6.514
v 186.664 		7.494 		6.514
v 184.625 		8.857 		6.514
v 182.425 		9.942 		6.514
v 180.103 		10.73 		6.514
v 177.697 		11.208 		6.514
v 175.25 		11.369 		6.514
v 172.803 		11.208 		6.514
v 170.397 		10.73 		6.514
v 168.075 		9.942 		6.514
v 165.875 		8.857 		6.514
v 163.836 		7.494 		6.514
v 181.6224 		-29.7446 		6.61
v 161.992 		5.877 		6.514
v 160.375 		4.033 		6.514
v 181.6196 		-29.7467 		6.61
v 181.4468 		-29.876 		6.61
v 182.003 		4.503 		6.514
v 181.44 		-29.876 		6.638
v 167.998 		4.503 		6.514
v 181.4388 		-29.8792 		6.61
v 173.705 		6.39 		6.514
v 173.791 		6.291 		6.514
v 188.64 		-28.282 		9.438
v 173.89 		6.205 		6.514
v 181.4388 		-29.8792 		6.61
v 173.999 		6.132 		6.514
v 174.116 		6.074 		6.514
v 188.888 		-28.282 		8.987
v 174.241 		6.032 		6.514
v 181.4356 		-29.8805 		6.61
v 181.2786 		-29.9438 		6.61
v 181.224 		-29.9663 		6.61
v 181.22 		-29.968 		6.61
v 174.369 		6.006 		6.514
v 174.5 		5.998 		6.514
v 173.574 		7.384 		6.514
v 181.2199 		-29.968 		6.61
v 173.532 		7.259 		6.514
v 173.506 		7.131 		6.514
v 181.0023 		-29.9963 		6.61
v 180.9814 		-29.999 		6.61
v 173.498 		7 		6.514
v 173.506 		6.869 		6.514
v 173.532 		6.741 		6.514
v 180.7781 		-29.9727 		6.61
v 180.7418 		-29.968 		6.61
v 173.574 		6.616 		6.514
v 173.632 		6.499 		6.514
v 174.369 		7.994 		6.514
v 174.5 		8.003 		6.514
v 174.241 		7.968 		6.514
v 174.116 		7.926 		6.514
v 173.999 		7.868 		6.514
v 173.89 		7.795 		6.514
v 188.479 		-28.429 		9.336
v 173.791 		7.709 		6.514
v 173.705 		7.61 		6.514
v 173.632 		7.501 		6.514
v 188.715 		-28.429 		8.906
v 174.631 		6.006 		6.514
v 174.759 		6.032 		6.514
v 174.884 		6.074 		6.514
v 175.001 		6.132 		6.514
v 175.11 		6.205 		6.514
v 175.209 		6.291 		6.514
v 175.295 		6.39 		6.514
v 175.368 		6.499 		6.514
v 175.426 		6.616 		6.514
v 175.468 		6.741 		6.514
v 175.494 		6.869 		6.514
v 175.503 		7 		6.514
v 188.583 		-28.619 		8.844
v 175.494 		7.131 		6.514
v 175.468 		7.259 		6.514
v 175.426 		7.384 		6.514
v 175.368 		7.501 		6.514
v 188.499 		-28.841 		8.806
v 175.295 		7.61 		6.514
v 175.209 		7.709 		6.514
v 175.11 		7.795 		6.514
v 175.001 		7.868 		6.514
v 174.884 		7.926 		6.514
v 174.759 		7.968 		6.514
v 174.631 		7.994 		6.514
v 188.471 		-29.079 		8.792
v 188.499 		-29.317 		8.806
v 186.665 		-29.876 		11.023
v 188.189 		-28.429 		9.731
v 186.741 		-29.968 		11.232
v 186.823 		-29.999 		11.456
v 188.077 		-28.619 		9.637
v 188.356 		-28.619 		9.258
v 186.098 		-29.539 		10.839
v 186.13 		-29.73 		10.981
v 188.007 		-28.841 		9.578
v 188.279 		-28.841 		9.208
v 186.171 		-29.876 		11.167
v 186.219 		-29.968 		11.384
v 187.983 		-29.079 		9.558
v 180.937 		-28.159 		7.706
v 188.252 		-29.079 		9.191
v 180.924 		-28.159 		7.13
v 186.27 		-29.999 		11.617
v 186.322 		-29.968 		11.849
v 188.007 		-29.317 		9.578
v 188.279 		-29.317 		9.208
v 181.162 		-28.191 		7.141
v 181.174 		-28.191 		7.685
v 181.384 		-28.282 		7.151
v 181.395 		-28.282 		7.666
v 181.574 		-28.429 		7.159
v 181.585 		-28.429 		7.649
v 188.583 		-29.539 		8.844
v 181.72 		-28.619 		7.165
v 181.73 		-28.619 		7.636
v 188.479 		-29.73 		9.336
v 188.715 		-29.73 		8.906
v 185.165 		-28.841 		10.829
v 181.72 		-29.539 		7.165
v 181.73 		-29.539 		7.636
v 188.64 		-29.876 		9.438
v 188.888 		-29.876 		8.987
v 181.574 		-29.73 		7.159
v 181.585 		-29.73 		7.649
v 185.624 		-28.841 		10.819
v 188.827 		-29.968 		9.558
v 185.167 		-29.079 		10.797
v 185.622 		-29.079 		10.788
v 188.077 		-29.539 		9.637
v 188.356 		-29.539 		9.258
v 181.384 		-29.876 		7.151
v 181.395 		-29.876 		7.666
v 181.162 		-29.968 		7.141
v 181.174 		-29.968 		7.685
v 180.924 		-29.999 		7.13
v 180.937 		-29.999 		7.706
v 188.189 		-29.73 		9.731
v 185.165 		-29.317 		10.829
v 185.624 		-29.317 		10.819
v 185.702 		-28.159 		11.704
v 185.127 		-28.159 		11.717
v 189.416 		-28.282 		9.933
v 189.04 		-28.282 		10.445
v 185.137 		-28.191 		11.479
v 189.229 		-28.191 		9.814
v 185.681 		-28.191 		11.467
v 189.778 		-28.841 		10.163
v 189.804 		-29.079 		10.18
v 189.7 		-28.619 		10.114
v 189.577 		-28.429 		10.035
v 189.778 		-29.317 		10.163
v 189.369 		-28.841 		10.721
v 189.393 		-29.079 		10.741
v 189.298 		-28.619 		10.662
v 189.186 		-28.429 		10.568
v 189.369 		-29.317 		10.721
v 189.229 		-29.968 		9.814
v 189.416 		-29.876 		9.933
v 189.04 		-29.876 		10.445
v 189.577 		-29.73 		10.035
v 189.186 		-29.73 		10.568
v 189.7 		-29.539 		10.114
v 189.298 		-29.539 		10.662
v 188.912 		-29.079 		11.244
v 181.796 		-28.429 		8.604
v 181.802 		-28.619 		8.102
v 181.934 		-28.619 		8.554
v 185.147 		-28.282 		11.257
v 185.662 		-28.282 		11.246
v 181.892 		-28.841 		8.082
v 182.02 		-28.841 		8.523
v 185.155 		-28.429 		11.067
v 185.645 		-28.429 		11.056
v 185.161 		-28.619 		10.921
v 185.632 		-28.619 		10.91
v 188.87 		-28.191 		10.303
v 188.451 		-28.191 		10.741
v 185.632 		-29.539 		10.91
v 188.688 		-28.159 		10.15
v 188.29 		-28.159 		10.565
v 181.922 		-29.079 		8.075
v 182.05 		-29.079 		8.512
v 181.892 		-29.317 		8.082
v 182.02 		-29.317 		8.523
v 188.129 		-28.191 		10.39
v 188.505 		-28.191 		9.997
v 181.802 		-29.539 		8.102
v 181.934 		-29.539 		8.554
v 187.979 		-28.282 		10.226
v 181.796 		-29.73 		8.604
v 188.335 		-28.282 		9.854
v 185.645 		-29.73 		11.056
v 185.662 		-29.876 		11.246
v 185.681 		-29.968 		11.467
v 188.505 		-29.968 		9.997
v 185.702 		-29.999 		11.704
v 188.688 		-29.999 		10.15
v 185.161 		-29.539 		10.921
v 188.87 		-29.968 		10.303
v 185.155 		-29.73 		11.067
v 188.451 		-29.968 		10.741
v 181.91 		-28.191 		9.709
v 181.825 		-28.282 		9.141
v 182.092 		-28.282 		9.581
v 187.979 		-29.876 		10.226
v 184.475 		-29.876 		12.107
v 183.857 		-29.876 		11.956
v 188.335 		-29.876 		9.854
v 183.8 		-29.73 		12.138
v 184.442 		-29.73 		12.295
v 185.147 		-29.876 		11.257
v 185.137 		-29.968 		11.479
v 184.416 		-29.539 		12.439
v 188.129 		-29.968 		10.39
v 188.29 		-29.999 		10.565
v 182.248 		-28.429 		9.472
v 182.368 		-28.619 		9.388
v 185.127 		-29.999 		11.717
v 182.663 		-28.619 		9.756
v 182.443 		-28.841 		9.335
v 186.37 		-28.282 		12.066
v 182.731 		-28.841 		9.694
v 182.469 		-29.079 		9.317
v 188.601 		-28.282 		10.904
v 182.754 		-29.079 		9.672
v 188.105 		-28.282 		11.302
v 186.463 		-28.841 		12.484
v 186.47 		-29.079 		12.515
v 182.443 		-29.317 		9.335
v 182.731 		-29.317 		9.694
v 186.443 		-28.619 		12.395
v 181.994 		-28.429 		9.053
v 186.411 		-28.429 		12.252
v 182.124 		-28.619 		8.985
v 182.205 		-28.841 		8.943
v 186.463 		-29.317 		12.484
v 182.233 		-29.079 		8.929
v 182.205 		-29.317 		8.943
v 186.37 		-29.876 		12.066
v 182.124 		-29.539 		8.985
v 182.368 		-29.539 		9.388
v 187.978 		-28.191 		11.12
v 182.663 		-29.539 		9.756
v 181.994 		-29.73 		9.053
v 188.89 		-28.841 		11.221
v 181.825 		-29.876 		9.141
v 188.828 		-28.619 		11.153
v 188.73 		-28.429 		11.045
v 186.411 		-29.73 		12.252
v 182.248 		-29.73 		9.472
v 186.443 		-29.539 		12.395
v 182.092 		-29.876 		9.581
v 181.91 		-29.968 		9.709
v 180.792 		-28.191 		8.326
v 188.89 		-29.317 		11.221
v 181.024 		-28.159 		8.274
v 188.351 		-28.841 		11.653
v 188.369 		-29.079 		11.679
v 181.257 		-28.191 		8.223
v 188.298 		-28.619 		11.578
v 181.409 		-28.191 		8.745
v 188.214 		-28.429 		11.458
v 181.473 		-28.282 		8.175
v 181.617 		-28.282 		8.669
v 188.351 		-29.317 		11.653
v 181.659 		-28.429 		8.134
v 181.659 		-29.73 		8.134
v 187.978 		-29.968 		11.12
v 181.473 		-29.876 		8.175
v 188.601 		-29.876 		10.904
v 181.617 		-29.876 		8.669
v 188.105 		-29.876 		11.302
v 188.73 		-29.73 		11.045
v 181.257 		-29.968 		8.223
v 181.409 		-29.968 		8.745
v 188.214 		-29.73 		11.458
v 188.828 		-29.539 		11.153
v 181.024 		-29.999 		8.274
v 188.298 		-29.539 		11.578
v 187.705 		-28.191 		10.73
v 183.728 		-28.841 		12.365
v 183.719 		-29.079 		12.395
v 187.137 		-28.282 		10.816
v 187.577 		-28.282 		10.549
v 183.756 		-28.619 		12.277
v 183.728 		-29.317 		12.365
v 183.084 		-28.841 		12.114
v 183.071 		-29.079 		12.143
v 183.123 		-28.619 		12.031
v 183.184 		-28.429 		11.898
v 183.084 		-29.317 		12.114
v 159.012 		1.994 		6.514
v 157.927 		-0.206 		6.514
v 157.139 		-2.528 		6.514
v 156.66 		-4.934 		6.514
v 156.5 		-7.381 		6.514
v 156.66 		-9.828 		6.514
v 157.139 		-12.234 		6.514
v 182.003 		-7.813 		6.514
v 157.927 		-14.556 		6.514
v 159.012 		-16.756 		6.514
v 160.375 		-18.795 		6.514
v 161.992 		-20.639 		6.514
v 163.836 		-22.256 		6.514
v 183.184 		-29.73 		11.898
v 165.875 		-23.619 		6.514
v 168.075 		-24.704 		6.514
v 170.397 		-25.492 		6.514
v 172.803 		-25.971 		6.514
v 174 		-26.0493 		6.514
v 183.756 		-29.539 		12.277
v 182.003 		-19.502 		6.514
v 167.998 		-19.502 		6.514
v 174 		-19.502 		6.514
v 183.123 		-29.539 		12.031
v 173.574 		-22.384 		6.514
v 173.632 		-22.501 		6.514
v 173.705 		-22.61 		6.514
v 173.791 		-22.709 		6.514
v 173.89 		-22.795 		6.514
v 173.999 		-22.868 		6.514
v 174.116 		-22.926 		6.514
v 174 		-22.8685 		6.514
v 174.241 		-22.968 		6.514
v 174.369 		-22.994 		6.514
v 174.5 		-23.002 		6.514
v 174.564 		-22.9981 		6.514
v 173.791 		-21.291 		6.514
v 181.736 		-28.282 		10.605
v 173.705 		-21.39 		6.514
v 173.632 		-21.499 		6.514
v 173.574 		-21.616 		6.514
v 173.532 		-21.741 		6.514
v 173.506 		-21.869 		6.514
v 173.498 		-22 		6.514
v 181.9 		-28.191 		10.455
v 173.506 		-22.131 		6.514
v 173.532 		-22.259 		6.514
v 174.369 		-21.006 		6.514
v 174.5 		-20.997 		6.514
v 174.241 		-21.032 		6.514
v 174.116 		-21.074 		6.514
v 173.999 		-21.132 		6.514
v 174 		-21.1315 		6.514
v 173.89 		-21.205 		6.514
v 182.491 		-28.159 		10.692
v 174.564 		-21.0014 		6.514
v 182.075 		-28.159 		10.294
v 174.631 		-22.994 		6.514
v 174.759 		-22.968 		6.514
v 174.884 		-22.926 		6.514
v 175.001 		-22.868 		6.514
v 175.11 		-22.795 		6.514
v 180.274 		-28.429 		7.102
v 175.209 		-22.709 		6.514
v 175.295 		-22.61 		6.514
v 175.368 		-22.501 		6.514
v 175.426 		-22.384 		6.514
v 175.4636 		-22.272 		6.514
v 182.251 		-28.191 		10.133
v 175.468 		-22.259 		6.514
v 180.036 		-29.317 		7.092
v 175.494 		-22.131 		6.514
v 194 		-45 		10.1551
v 182.644 		-28.191 		10.509
v 175.503 		-22 		6.514
v 175.494 		-21.869 		6.514
v 175.468 		-21.741 		6.514
v 175.426 		-21.616 		6.514
v 175.368 		-21.499 		6.514
v 175.295 		-21.39 		6.514
v 180.699 		-29.968 		7.726
v 175.209 		-21.291 		6.514
v 182.415 		-28.282 		9.983
v 180.686 		-29.968 		7.12
v 158.5 		-45 		9.5474
v 180.478 		-29.876 		7.746
v 158.5 		-40 		10.4836
v 158.5 		-40.435 		10.455
v 158.5 		-41.109 		10.321
v 158.5 		-41.759 		10.101
v 158.5 		-42.375 		9.797
v 158.5 		-42.946 		9.415
v 180.464 		-29.876 		7.11
v 158.5 		-43.462 		8.963
v 158.5 		-43.915 		8.446
v 158.5 		-44.297 		7.875
v 158.5 		-44.6 		7.259
v 158.5 		-44.821 		6.609
v 158.5 		-44.8399 		6.514
v 182.555 		-28.429 		9.854
v 194 		-40.435 		10.455
v 194 		-40 		10.4836
v 194 		-41.109 		10.321
v 194 		-41.759 		10.101
v 180.274 		-29.73 		7.102
v 194 		-42.375 		9.797
v 194 		-42.946 		9.415
v 194 		-43.462 		8.963
v 194 		-43.915 		8.446
v 194 		-44.297 		7.875
v 194 		-44.6 		7.259
v 194 		-44.821 		6.609
v 194 		-44.8399 		6.514
v 194 		-40 		6.61
v 180.128 		-29.539 		7.096
v 182.555 		-29.73 		9.854
v 158.5 		-39.75 		10.5
v 194 		-39.75 		10.5
v 158.5 		-34.6793 		6.61
v 158.5 		-34.9 		7.259
v 158.5 		-35.203 		7.875
v 158.5 		-35.585 		8.446
v 158.5 		-36.038 		8.963
v 158.5 		-36.554 		9.415
v 158.5 		-37.125 		9.797
v 158.5 		-37.741 		10.101
v 158.5 		-38.391 		10.321
v 158.5 		-38.656 		10.3737
v 175.11 		-21.205 		6.514
v 175.001 		-21.132 		6.514
v 180.575 		-28.282 		8.374
v 158.5 		-39.065 		10.455
v 174.884 		-21.074 		6.514
v 174.759 		-21.032 		6.514
v 194 		-34.5 		6.61
v 174.631 		-21.006 		6.514
v 174 		-34.5 		6.61
v 194 		-34.9 		7.259
v 194 		-34.6793 		6.61
v 194 		-35.203 		7.875
v 194 		-35.585 		8.446
v 194 		-36.038 		8.963
v 180.156 		-28.841 		8.467
v 194 		-36.554 		9.415
v 194 		-37.125 		9.797
v 194 		-37.741 		10.101
v 194 		-38.391 		10.321
v 194 		-38.656 		10.3737
v 180.051 		-28.841 		7.783
v 194 		-39.065 		10.455
v 174 		-29.999 		6.61
v 158.5 		-34.6601 		6.514
v 158.5 		-34.679 		6.609
v 180.246 		-28.619 		8.447
v 180.143 		-28.619 		7.775
v 182.415 		-29.876 		9.983
v 174.116 		-22.926 		6.61
v 174 		-22.8685 		6.61
v 174.241 		-22.968 		6.61
v 174.369 		-22.994 		6.61
v 174.5 		-23.002 		6.61
v 174.369 		-21.006 		6.61
v 174.5 		-20.997 		6.61
v 174.241 		-21.032 		6.61
v 180.389 		-28.429 		8.415
v 174.116 		-21.074 		6.61
v 174 		-21.1315 		6.61
v 174.631 		-22.994 		6.61
v 174.759 		-22.968 		6.61
v 174.884 		-22.926 		6.61
v 175.001 		-22.868 		6.61
v 175.11 		-22.795 		6.61
v 175.209 		-22.709 		6.61
v 175.295 		-22.61 		6.61
v 182.251 		-29.968 		10.133
v 175.368 		-22.501 		6.61
v 175.426 		-22.384 		6.61
v 175.468 		-22.259 		6.61
v 175.494 		-22.131 		6.61
v 175.503 		-22 		6.61
v 182.644 		-29.968 		10.509
v 175.494 		-21.869 		6.61
v 175.468 		-21.741 		6.61
v 175.426 		-21.616 		6.61
v 175.368 		-21.499 		6.61
v 175.295 		-21.39 		6.61
v 175.209 		-21.291 		6.61
v 175.11 		-21.205 		6.61
v 175.001 		-21.132 		6.61
v 174.884 		-21.074 		6.61
v 174.759 		-21.032 		6.61
v 174.631 		-21.006 		6.61
v 182.491 		-29.999 		10.692
v 174 		-19.502 		6.61
v 180.288 		-28.429 		7.762
v 180.126 		-29.079 		8.473
v 180.02 		-29.079 		7.786
v 180.156 		-29.317 		8.467
v 180.051 		-29.317 		7.783
v 180.575 		-29.876 		8.374
v 182.003 		-7.813 		6.61
v 194 		-7.813 		6.61
v 182.003 		-19.502 		6.61
v 180.389 		-29.73 		8.415
v 180.288 		-29.73 		7.762
v 189.952 		-28.282 		8.783
v 189.9821 		-28.2951 		8.7311
v 180.246 		-29.539 		8.447
v 189.9654 		-28.282 		8.7282
v 180.143 		-29.539 		7.775
v 189.74 		-28.191 		8.717
v 189.7569 		-28.1952 		8.6914
v 189.7467 		-28.191 		8.6896
v 189.5369 		-28.1624 		8.6526
v 180.628 		-28.841 		9.764
v 180.601 		-29.079 		9.778
v 180.35 		-28.841 		9.131
v 180.32 		-29.079 		9.141
v 189.5118 		-28.159 		8.6482
v 189.2732 		-28.191 		8.6061
v 180.436 		-28.619 		9.099
v 189.5102 		-28.1592 		8.6479
v 180.574 		-28.429 		9.049
v 189.257 		-28.1976 		8.6032
v 180.628 		-29.317 		9.764
v 189.0516 		-28.282 		8.567
v 180.35 		-29.317 		9.131
v 189.0251 		-28.3024 		8.5623
v 180.574 		-29.73 		9.049
v 190.1535 		-28.429 		8.7614
v 182.075 		-29.999 		10.294
v 190.1713 		-28.4526 		8.7645
v 180.436 		-29.539 		9.099
v 181.9 		-29.968 		10.455
v 189.9461 		-29.8842 		8.7248
v 189.9654 		-29.876 		8.7282
v 189.952 		-29.876 		8.783
v 181.736 		-29.876 		10.605
v 190.1535 		-29.73 		8.7614
v 190.1301 		-29.7481 		8.7572
v 190.2757 		-29.5674 		8.7829
v 182.708 		-28.282 		11.42
v 184.709 		-28.841 		10.779
v 182.195 		-28.282 		11.044
v 184.714 		-29.079 		10.748
v 189.0516 		-29.876 		8.567
v 184.709 		-29.317 		10.779
v 182.338 		-28.191 		10.874
v 189.0766 		-29.8863 		8.5714
v 183.796 		-28.619 		10.587
v 182.478 		-28.841 		11.782
v 184.235 		-28.619 		10.757
v 182.461 		-29.079 		11.808
v 189.2732 		-29.968 		8.6061
v 182.527 		-28.619 		11.704
v 189.2871 		-29.9698 		8.6085
v 183.835 		-28.841 		10.503
v 184.263 		-28.841 		10.67
v 182.605 		-28.429 		11.581
v 189.5118 		-29.999 		8.6482
v 189.5369 		-29.9957 		8.6526
v 189.513 		-29.9988 		8.6484
v 182.478 		-29.317 		11.782
v 189.74 		-29.968 		8.717
v 189.7358 		-29.9694 		8.6877
v 183.848 		-29.079 		10.475
v 189.7467 		-29.968 		8.6896
v 184.272 		-29.079 		10.64
v 181.92 		-28.841 		11.373
v 181.9 		-29.079 		11.397
v 189.722 		-28.282 		9.376
v 189.521 		-28.191 		9.282
v 183.835 		-29.317 		10.503
v 184.263 		-29.317 		10.67
v 181.979 		-28.619 		11.302
v 182.073 		-28.429 		11.19
v 181.92 		-29.317 		11.373
v 183.796 		-29.539 		10.587
v 182.338 		-29.968 		10.874
v 184.235 		-29.539 		10.757
v 182.708 		-29.876 		11.42
v 182.195 		-29.876 		11.044
v 182.605 		-29.73 		11.581
v 182.073 		-29.73 		11.19
v 183.924 		-28.191 		11.744
v 182.527 		-29.539 		11.704
v 184.555 		-28.159 		11.654
v 181.979 		-29.539 		11.302
v 183.996 		-28.159 		11.517
v 181.338 		-28.282 		10.109
v 184.596 		-28.191 		11.42
v 184.067 		-28.191 		11.29
v 181.52 		-28.191 		9.982
v 181.715 		-28.159 		9.845
v 184.634 		-28.282 		11.201
v 180.987 		-28.841 		10.355
v 184.134 		-28.282 		11.079
v 180.962 		-29.079 		10.373
v 181.063 		-28.619 		10.302
v 181.488 		-28.619 		10.832
v 181.596 		-28.429 		10.733
v 181.182 		-28.429 		10.218
v 184.668 		-28.429 		11.013
v 184.191 		-28.429 		10.897
v 180.987 		-29.317 		10.355
v 184.693 		-28.619 		10.869
v 181.715 		-29.999 		9.845
v 184.693 		-29.539 		10.869
v 181.52 		-29.968 		9.982
v 184.668 		-29.73 		11.013
v 181.338 		-29.876 		10.109
v 184.634 		-29.876 		11.201
v 181.596 		-29.73 		10.733
v 181.182 		-29.73 		10.218
v 184.596 		-29.968 		11.42
v 181.488 		-29.539 		10.832
v 181.063 		-29.539 		10.302
v 184.555 		-29.999 		11.654
v 181.42 		-28.841 		10.894
v 181.397 		-29.079 		10.916
v 184.191 		-29.73 		10.897
v 184.134 		-29.876 		11.079
v 181.42 		-29.317 		10.894
v 184.067 		-29.968 		11.29
v 183.996 		-29.999 		11.517
v 183.924 		-29.968 		11.744
v 183.083 		-28.191 		10.831
v 182.787 		-28.282 		10.339
v 183.202 		-28.282 		10.644
v 183.305 		-28.429 		10.483
v 183.734 		-28.429 		10.719
v 183.383 		-28.619 		10.36
v 183.433 		-28.841 		10.282
v 183.449 		-29.079 		10.256
v 183.433 		-29.317 		10.282
v 182.909 		-28.429 		10.193
v 183.003 		-28.619 		10.081
v 183.062 		-28.841 		10.011
v 194 		-45 		5.5
v 183.082 		-29.079 		9.987
v 183.062 		-29.317 		10.011
v 158.5 		-45 		5.5
v 158.5 		-44.9697 		5.712
v 158.5 		-44.9836 		5.5
v 158.5 		-40.435 		0.045
v 158.5 		-41.109 		0.179
v 158.5 		-41.759 		0.4
v 158.5 		-42.375 		0.704
v 158.5 		-42.946 		1.085
v 158.5 		-43.462 		1.538
v 158.5 		-43.915 		2.054
v 158.5 		-44.297 		2.625
v 158.5 		-44.6 		3.241
v 158.5 		-44.821 		3.892
v 158.5 		-44.955 		4.565
v 158.5 		-45 		5.25
v 158.5 		-44.955 		5.936
v 183.003 		-29.539 		10.081
v 194 		-44.9836 		5.5
v 194 		-44.9697 		5.712
v 183.383 		-29.539 		10.36
v 194 		-40.435 		0.045
v 194 		-45 		5.25
v 194 		-44.955 		4.565
v 194 		-44.821 		3.892
v 194 		-44.6 		3.241
v 194 		-44.297 		2.625
v 194 		-43.915 		2.054
v 194 		-43.462 		1.538
v 194 		-42.946 		1.085
v 194 		-42.375 		0.704
v 194 		-41.759 		0.4
v 194 		-41.109 		0.179
v 194 		-44.955 		5.936
v 182.909 		-29.73 		10.193
v 183.305 		-29.73 		10.483
v 183.734 		-29.73 		10.719
v 182.787 		-29.876 		10.339
v 183.202 		-29.876 		10.644
v 183.083 		-29.968 		10.831
v 183.265 		-28.282 		11.726
v 183.359 		-28.191 		11.525
v 182.827 		-28.191 		11.233
v 183.459 		-28.159 		11.309
v 182.955 		-28.159 		11.032
v 183.56 		-28.191 		11.093
v 183.654 		-28.282 		10.892
v 158.5 		-34.5303 		5.712
v 158.5 		-36.554 		1.085
v 158.5 		-37.125 		0.704
v 158.5 		-37.741 		0.4
v 158.5 		-38.391 		0.179
v 158.5 		-34.545 		5.936
# 1410 vertices

g group_0_6383466

usemtl color_6383466
s 0

f 3 	4 	6
f 5 	6 	4
f 2 	3 	6
f 1 	2 	6
f 4 	7 	5
f 7 	8 	5
f 5 	8 	9
f 10 	21 	9
f 11 	21 	10
f 12 	21 	11
f 13 	21 	12
f 5 	9 	21
f 21 	13 	14
f 21 	14 	15
f 21 	15 	16
f 21 	16 	17
f 21 	17 	18
f 21 	18 	19
f 20 	21 	22
f 20 	22 	23
f 20 	23 	24
f 20 	24 	25
f 26 	27 	66
f 19 	29 	21
f 29 	30 	21
f 30 	31 	21
f 31 	32 	21
f 32 	33 	21
f 33 	34 	21
f 22 	21 	34
f 35 	37 	70
f 38 	25 	36
f 37 	39 	70
f 40 	25 	38
f 42 	25 	40
f 45 	25 	42
f 47 	25 	46
f 46 	25 	45
f 49 	25 	47
f 52 	20 	51
f 54 	1168 	72
f 55 	1168 	54
f 53 	60 	61
f 62 	53 	61
f 62 	64 	53
f 64 	65 	53
f 65 	66 	53
f 66 	67 	53
f 68 	657 	67
f 69 	657 	68
f 70 	72 	657
f 1168 	657 	72
f 69 	70 	657
f 74 	75 	71
f 73 	71 	75
f 54 	76 	55
f 77 	78 	79
f 60 	53 	80
f 79 	80 	53
f 89 	85 	86
f 90 	89 	86
f 71 	73 	91
f 103 	120 	94
f 83 	97 	87
f 97 	98 	87
f 88 	100 	83
f 100 	97 	83
f 89 	99 	85
f 91 	101 	88
f 101 	100 	88
f 99 	96 	85
f 101 	526 	100
f 102 	584 	99
f 91 	73 	101
f 89 	102 	99
f 104 	102 	89
f 104 	105 	102
f 90 	104 	89
f 98 	103 	94
f 98 	520 	103
f 90 	92 	104
f 98 	94 	87
f 106 	105 	104
f 106 	104 	92
f 93 	106 	92
f 110 	109 	106
f 112 	108 	107
f 95 	110 	93
f 109 	105 	106
f 111 	112 	107
f 657 	114 	53
f 114 	653 	53
f 53 	67 	657
f 115 	118 	111
f 118 	112 	111
f 120 	115 	975
f 121 	118 	115
f 110 	106 	93
f 123 	122 	119
f 125 	124 	95
f 124 	125 	126
f 127 	126 	125
f 128 	126 	127
f 124 	130 	110
f 130 	109 	110
f 132 	25 	131
f 135 	25 	134
f 136 	25 	135
f 56 	25 	136
f 139 	217 	138
f 146 	1102 	145
f 147 	1102 	146
f 1102 	147 	134
f 148 	20 	52
f 149 	20 	148
f 150 	20 	149
f 151 	20 	150
f 152 	20 	151
f 154 	20 	153
f 152 	153 	20
f 155 	20 	154
f 20 	155 	156
f 157 	158 	20
f 217 	20 	159
f 160 	217 	159
f 160 	161 	217
f 162 	217 	161
f 163 	217 	162
f 164 	217 	163
f 165 	217 	164
f 166 	217 	165
f 137 	217 	166
f 138 	217 	137
f 168 	6 	167
f 169 	6 	168
f 170 	6 	169
f 171 	6 	170
f 177 	6 	176
f 167 	6 	178
f 180 	216 	179
f 216 	180 	6
f 185 	216 	184
f 184 	216 	183
f 188 	216 	187
f 216 	185 	186
f 179 	216 	189
f 193 	1 	192
f 194 	1 	193
f 195 	1 	194
f 191 	192 	1
f 196 	1 	195
f 197 	1 	196
f 198 	1 	197
f 199 	1 	198
f 200 	1 	199
f 201 	202 	1
f 215 	1 	202
f 204 	215 	203
f 202 	203 	215
f 205 	215 	204
f 206 	215 	205
f 208 	215 	207
f 207 	215 	206
f 209 	215 	208
f 210 	215 	209
f 211 	216 	210
f 212 	216 	211
f 213 	216 	212
f 214 	216 	213
f 182 	216 	214
f 200 	201 	1
f 218 	1 	215
f 188 	189 	216
f 181 	6 	180
f 174 	6 	181
f 6 	174 	175
f 6 	175 	176
f 178 	6 	177
f 172 	6 	171
f 173 	6 	172
f 158 	159 	20
f 156 	157 	20
f 215 	210 	216
f 182 	183 	216
f 186 	187 	216
f 217 	139 	140
f 141 	1102 	140
f 142 	1102 	141
f 144 	1102 	143
f 143 	1102 	142
f 145 	1102 	144
f 217 	140 	1102
f 57 	25 	56
f 131 	25 	57
f 133 	25 	132
f 36 	25 	133
f 6 	173 	190
f 190 	191 	1
f 6 	190 	1
f 49 	51 	20
f 20 	25 	49
f 219 	1102 	25
f 220 	221 	222
f 220 	222 	223
f 220 	223 	224
f 220 	224 	225
f 226 	227 	221
f 227 	228 	221
f 228 	229 	221
f 229 	230 	221
f 230 	231 	221
f 222 	221 	231
f 233 	221 	232
f 234 	221 	233
f 235 	221 	234
f 243 	247 	221
f 221 	235 	236
f 221 	236 	237
f 221 	237 	238
f 221 	238 	226
f 241 	242 	244
f 243 	244 	242
f 240 	241 	244
f 239 	240 	244
f 242 	245 	243
f 245 	246 	243
f 246 	247 	243
f 248 	221 	247
f 249 	221 	248
f 250 	221 	249
f 232 	221 	250
f 253 	252 	239
f 254 	253 	239
f 255 	254 	239
f 239 	257 	256
f 256 	255 	239
f 258 	257 	239
f 244 	260 	259
f 261 	262 	239
f 264 	263 	239
f 265 	239 	251
f 252 	251 	239
f 265 	264 	239
f 357 	239 	355
f 266 	355 	239
f 269 	298 	354
f 272 	271 	355
f 273 	272 	355
f 274 	273 	355
f 275 	274 	355
f 277 	276 	355
f 278 	277 	355
f 266 	279 	355
f 278 	355 	279
f 244 	280 	260
f 282 	244 	283
f 283 	244 	284
f 285 	284 	244
f 286 	285 	244
f 287 	286 	244
f 288 	287 	244
f 289 	244 	290
f 292 	354 	293
f 297 	296 	354
f 270 	269 	354
f 298 	297 	354
f 301 	300 	220
f 300 	299 	220
f 302 	301 	220
f 303 	302 	220
f 115 	120 	121
f 304 	220 	305
f 308 	220 	309
f 310 	220 	299
f 310 	309 	220
f 311 	353 	312
f 353 	220 	312
f 121 	120 	103
f 319 	318 	353
f 320 	319 	353
f 323 	225 	324
f 324 	225 	325
f 325 	225 	326
f 326 	225 	327
f 328 	225 	329
f 330 	225 	331
f 331 	225 	332
f 332 	225 	333
f 334 	350 	335
f 336 	350 	337
f 337 	350 	338
f 338 	350 	339
f 340 	339 	350
f 341 	340 	350
f 342 	341 	350
f 343 	342 	353
f 344 	343 	353
f 351 	352 	1219
f 347 	351 	1219
f 346 	347 	1219
f 346 	349 	347
f 350 	353 	342
f 350 	336 	335
f 333 	225 	334
f 329 	225 	330
f 334 	225 	350
f 349 	351 	347
f 304 	303 	220
f 306 	220 	308
f 307 	313 	220
f 313 	312 	220
f 306 	307 	220
f 352 	477 	1219
f 296 	295 	354
f 295 	294 	354
f 294 	293 	354
f 292 	291 	354
f 290 	244 	291
f 354 	291 	244
f 289 	288 	244
f 352 	351 	349
f 311 	321 	353
f 321 	320 	353
f 316 	315 	353
f 318 	317 	353
f 316 	353 	317
f 315 	314 	353
f 314 	348 	353
f 348 	345 	353
f 345 	344 	353
f 276 	275 	355
f 354 	355 	271
f 271 	270 	354
f 350 	1152 	353
f 263 	261 	239
f 268 	267 	239
f 262 	268 	239
f 267 	266 	239
f 327 	225 	328
f 356 	350 	225
f 322 	225 	323
f 220 	225 	322
f 322 	305 	220
f 124 	110 	95
f 282 	281 	244
f 244 	281 	280
f 259 	258 	244
f 244 	258 	239
f 11 	227 	226
f 11 	226 	12
f 10 	228 	227
f 10 	227 	11
f 358 	130 	124
f 9 	229 	228
f 9 	228 	10
f 8 	230 	229
f 8 	229 	9
f 126 	358 	124
f 7 	231 	230
f 7 	230 	8
f 231 	7 	222
f 4 	222 	7
f 3 	223 	222
f 3 	222 	4
f 2 	224 	223
f 2 	223 	3
f 1 	225 	224
f 1 	224 	2
f 128 	359 	126
f 6 	5 	221
f 6 	221 	220
f 18 	233 	232
f 18 	232 	19
f 126 	359 	358
f 17 	234 	233
f 17 	233 	18
f 16 	235 	234
f 16 	234 	17
f 15 	236 	235
f 15 	235 	16
f 14 	237 	236
f 14 	236 	15
f 13 	238 	237
f 13 	237 	14
f 359 	128 	529
f 226 	238 	13
f 226 	13 	12
f 243 	221 	5
f 243 	5 	21
f 240 	24 	23
f 240 	23 	241
f 23 	22 	242
f 23 	242 	241
f 242 	22 	34
f 242 	34 	245
f 34 	33 	246
f 34 	246 	245
f 33 	32 	247
f 33 	247 	246
f 32 	31 	248
f 32 	248 	247
f 30 	249 	248
f 30 	248 	31
f 29 	250 	249
f 29 	249 	30
f 232 	250 	29
f 232 	29 	19
f 239 	25 	24
f 239 	24 	240
f 243 	21 	20
f 243 	20 	244
f 225 	1 	218
f 225 	218 	356
f 361 	362 	360
f 357 	219 	25
f 357 	25 	239
f 1104 	219 	1134
f 215 	350 	356
f 215 	356 	218
f 1119 	1135 	215
f 1135 	1167 	350
f 364 	968 	363
f 364 	361 	968
f 364 	591 	361
f 591 	362 	361
f 365 	363 	1006
f 365 	364 	363
f 117 	367 	82
f 116 	117 	82
f 367 	368 	82
f 369 	370 	82
f 368 	369 	82
f 370 	371 	82
f 371 	372 	82
f 82 	372 	374
f 373 	374 	372
f 377 	383 	376
f 378 	383 	377
f 379 	383 	378
f 380 	383 	379
f 381 	383 	380
f 382 	383 	381
f 373 	383 	382
f 372 	383 	373
f 371 	383 	372
f 370 	383 	371
f 369 	383 	370
f 368 	383 	369
f 116 	656 	658
f 367 	383 	368
f 375 	376 	383
f 367 	658 	383
f 652 	384 	385
f 388 	385 	387
f 387 	385 	386
f 389 	385 	388
f 390 	385 	389
f 391 	385 	390
f 392 	385 	391
f 397 	385 	642
f 641 	642 	385
f 640 	641 	385
f 402 	403 	400
f 403 	401 	400
f 403 	980 	401
f 402 	405 	403
f 58 	1237 	1241
f 754 	58 	1241
f 407 	408 	406
f 404 	405 	402
f 406 	411 	407
f 410 	407 	411
f 410 	414 	407
f 411 	412 	410
f 414 	409 	407
f 412 	1249 	410
f 413 	404 	1311
f 411 	406 	408
f 418 	408 	417
f 407 	417 	408
f 409 	419 	417
f 409 	417 	407
f 400 	401 	420
f 422 	423 	421
f 401 	1240 	420
f 421 	426 	422
f 417 	422 	426
f 417 	419 	422
f 417 	426 	418
f 419 	424 	422
f 419 	874 	424
f 418 	426 	408
f 411 	426 	421
f 411 	421 	423
f 432 	425 	427
f 979 	427 	425
f 429 	431 	428
f 434 	432 	427
f 422 	429 	423
f 430 	423 	429
f 424 	431 	429
f 422 	424 	429
f 433 	427 	1324
f 423 	430 	411
f 433 	434 	427
f 435 	414 	410
f 415 	435 	410
f 433 	437 	434
f 436 	437 	433
f 1246 	437 	436
f 1221 	437 	1246
f 439 	1246 	436
f 441 	440 	438
f 1194 	1193 	447
f 447 	448 	1194
f 441 	1277 	443
f 1279 	443 	1277
f 441 	883 	440
f 560 	561 	1194
f 448 	560 	1194
f 1168 	449 	450
f 1168 	450 	451
f 452 	449 	1168
f 454 	1186 	451
f 455 	1186 	454
f 1191 	1190 	446
f 489 	492 	454
f 1193 	1191 	446
f 446 	447 	1193
f 1080 	458 	457
f 458 	1080 	444
f 445 	444 	1080
f 453 	1254 	459
f 1168 	460 	452
f 460 	490 	452
f 428 	459 	1254
f 463 	1168 	462
f 1088 	463 	462
f 472 	1132 	464
f 428 	431 	459
f 460 	1168 	465
f 465 	463 	1088
f 1088 	490 	465
f 431 	888 	459
f 468 	469 	1154
f 470 	471 	1154
f 471 	472 	1154
f 469 	470 	1154
f 472 	464 	1154
f 464 	461 	1154
f 1168 	1154 	461
f 465 	1168 	463
f 1122 	1132 	471
f 1152 	1219 	478
f 478 	480 	1152
f 477 	478 	1219
f 349 	477 	352
f 479 	478 	477
f 480 	482 	1152
f 479 	480 	478
f 446 	445 	476
f 477 	349 	479
f 481 	474 	1148
f 483 	476 	474
f 447 	476 	483
f 482 	480 	479
f 446 	476 	447
f 481 	483 	474
f 485 	1152 	484
f 482 	484 	1152
f 484 	482 	479
f 485 	484 	479
f 488 	491 	1152
f 486 	488 	1152
f 1152 	485 	486
f 479 	487 	485
f 487 	488 	486
f 486 	485 	487
f 449 	489 	450
f 491 	488 	487
f 451 	450 	489
f 489 	449 	490
f 449 	452 	490
f 494 	496 	1152
f 493 	494 	1152
f 491 	493 	1152
f 495 	494 	493
f 495 	493 	487
f 493 	491 	487
f 496 	497 	1152
f 495 	496 	494
f 497 	498 	1152
f 495 	497 	496
f 498 	495 	499
f 501 	499 	495
f 499 	1152 	498
f 498 	497 	495
f 499 	500 	1152
f 500 	503 	1152
f 499 	501 	500
f 503 	504 	1152
f 501 	503 	500
f 504 	505 	1152
f 501 	504 	503
f 507 	123 	502
f 505 	506 	1152
f 574 	1152 	506
f 505 	501 	506
f 575 	506 	501
f 505 	504 	501
f 507 	122 	123
f 479 	349 	840
f 479 	840 	509
f 509 	487 	479
f 511 	487 	509
f 1296 	507 	1299
f 511 	495 	487
f 511 	509 	510
f 73 	513 	101
f 513 	1302 	514
f 513 	518 	1302
f 518 	513 	73
f 519 	531 	129
f 73 	75 	518
f 1304 	518 	75
f 521 	520 	98
f 97 	521 	98
f 100 	524 	97
f 524 	521 	97
f 524 	526 	527
f 526 	524 	100
f 526 	513 	514
f 514 	527 	526
f 101 	513 	526
f 528 	121 	103
f 528 	520 	1008
f 129 	529 	128
f 103 	520 	528
f 129 	531 	529
f 522 	531 	519
f 531 	522 	532
f 523 	571 	565
f 516 	1229 	517
f 517 	533 	803
f 534 	535 	811
f 533 	517 	1229
f 533 	1229 	534
f 537 	366 	360
f 537 	549 	366
f 362 	537 	360
f 399 	385 	398
f 398 	385 	397
f 535 	534 	1229
f 540 	536 	1229
f 475 	1229 	515
f 541 	366 	549
f 511 	510 	512
f 544 	495 	511
f 539 	547 	543
f 545 	544 	512
f 546 	539 	538
f 544 	501 	495
f 544 	511 	512
f 546 	547 	539
f 548 	546 	538
f 541 	548 	538
f 541 	549 	548
f 959 	957 	548
f 551 	553 	1220
f 550 	551 	1220
f 1219 	1220 	553
f 550 	552 	551
f 548 	549 	959
f 553 	557 	1219
f 557 	558 	1219
f 553 	551 	552
f 537 	947 	549
f 550 	555 	552
f 557 	553 	552
f 554 	833 	555
f 559 	1219 	558
f 559 	568 	1219
f 569 	559 	558
f 569 	558 	552
f 558 	557 	552
f 543 	547 	556
f 1220 	1195 	561
f 1195 	1194 	561
f 447 	483 	448
f 563 	564 	562
f 564 	566 	1220
f 561 	562 	1220
f 563 	562 	564
f 522 	523 	565
f 555 	550 	1220
f 567 	554 	1220
f 565 	532 	522
f 555 	1220 	554
f 570 	572 	1219
f 568 	570 	1219
f 569 	568 	559
f 572 	573 	1219
f 569 	570 	568
f 569 	572 	570
f 346 	1219 	573
f 573 	572 	569
f 571 	523 	525
f 573 	569 	346
f 349 	346 	569
f 574 	724 	1152
f 579 	525 	576
f 579 	571 	525
f 536 	535 	1229
f 577 	411 	578
f 542 	411 	577
f 576 	543 	556
f 556 	579 	576
f 962 	977 	579
f 579 	556 	962
f 96 	582 	598
f 96 	99 	582
f 584 	585 	583
f 584 	583 	582
f 584 	582 	99
f 586 	585 	584
f 263 	264 	131
f 586 	584 	102
f 587 	585 	586
f 102 	105 	586
f 105 	109 	588
f 587 	586 	588
f 588 	586 	105
f 589 	819 	588
f 589 	588 	109
f 589 	109 	130
f 130 	358 	600
f 130 	600 	589
f 164 	163 	296
f 592 	590 	362
f 362 	591 	592
f 36 	251 	38
f 592 	866 	590
f 591 	593 	592
f 147 	266 	134
f 134 	266 	135
f 365 	594 	364
f 594 	593 	591
f 594 	591 	364
f 595 	895 	593
f 595 	593 	594
f 280 	281 	148
f 596 	595 	594
f 596 	594 	365
f 598 	596 	1009
f 598 	597 	596
f 597 	595 	596
f 598 	599 	597
f 599 	598 	582
f 257 	47 	46
f 583 	851 	599
f 582 	583 	599
f 264 	133 	132
f 251 	36 	133
f 601 	385 	399
f 602 	385 	601
f 386 	385 	602
f 605 	644 	604
f 603 	604 	635
f 606 	644 	605
f 642 	643 	394
f 395 	396 	642
f 608 	644 	607
f 396 	397 	642
f 394 	395 	642
f 616 	383 	615
f 618 	383 	617
f 282 	150 	281
f 620 	383 	619
f 621 	383 	620
f 623 	383 	622
f 622 	383 	621
f 626 	637 	625
f 631 	632 	636
f 618 	619 	383
f 383 	623 	624
f 625 	637 	624
f 627 	637 	626
f 629 	636 	628
f 628 	636 	627
f 630 	631 	636
f 635 	636 	632
f 633 	635 	632
f 634 	635 	633
f 383 	624 	637
f 603 	635 	634
f 607 	644 	606
f 609 	643 	608
f 629 	630 	636
f 636 	637 	627
f 637 	638 	383
f 638 	639 	383
f 375 	383 	639
f 635 	604 	644
f 611 	394 	643
f 610 	611 	643
f 609 	610 	643
f 644 	608 	643
f 384 	645 	385
f 645 	640 	385
f 392 	393 	385
f 383 	385 	393
f 613 	383 	612
f 393 	612 	383
f 383 	613 	614
f 614 	615 	383
f 616 	617 	383
f 648 	385 	647
f 649 	385 	648
f 650 	385 	649
f 651 	385 	650
f 652 	385 	651
f 646 	647 	385
f 659 	660 	385
f 79 	53 	82
f 654 	82 	653
f 254 	42 	40
f 656 	116 	82
f 45 	42 	254
f 661 	385 	660
f 662 	385 	661
f 646 	385 	662
f 257 	258 	47
f 664 	715 	663
f 665 	715 	664
f 666 	715 	665
f 667 	715 	666
f 263 	131 	57
f 668 	714 	667
f 132 	131 	264
f 669 	714 	668
f 671 	657 	670
f 670 	714 	669
f 674 	659 	673
f 136 	268 	56
f 676 	677 	659
f 675 	676 	659
f 677 	678 	659
f 716 	659 	679
f 271 	139 	138
f 678 	679 	659
f 681 	716 	680
f 680 	716 	679
f 663 	715 	681
f 146 	278 	147
f 673 	711 	687
f 686 	687 	711
f 689 	114 	688
f 151 	150 	282
f 692 	693 	653
f 284 	153 	152
f 691 	653 	690
f 695 	696 	654
f 288 	156 	155
f 288 	289 	156
f 291 	159 	158
f 291 	160 	159
f 701 	658 	700
f 700 	658 	699
f 294 	162 	161
f 295 	163 	162
f 703 	658 	702
f 295 	296 	163
f 164 	296 	165
f 707 	658 	706
f 709 	711 	708
f 40 	38 	253
f 252 	253 	38
f 40 	253 	254
f 654 	698 	658
f 655 	654 	658
f 702 	658 	701
f 656 	655 	658
f 705 	658 	704
f 704 	658 	703
f 706 	658 	705
f 708 	658 	707
f 710 	711 	709
f 117 	116 	658
f 682 	711 	710
f 683 	711 	682
f 685 	711 	684
f 683 	684 	711
f 685 	686 	711
f 711 	658 	708
f 367 	117 	658
f 716 	681 	715
f 674 	675 	659
f 713 	659 	712
f 660 	659 	713
f 711 	673 	659
f 715 	667 	714
f 717 	659 	716
f 714 	670 	657
f 712 	659 	717
f 671 	672 	657
f 114 	657 	672
f 114 	672 	688
f 690 	114 	689
f 694 	695 	653
f 654 	653 	695
f 696 	697 	654
f 699 	658 	698
f 697 	698 	654
f 693 	694 	653
f 691 	692 	653
f 114 	690 	653
f 1219 	1152 	374
f 374 	373 	718
f 382 	719 	718
f 382 	718 	373
f 135 	268 	136
f 381 	720 	719
f 381 	719 	382
f 380 	721 	720
f 380 	720 	381
f 379 	722 	721
f 379 	721 	380
f 575 	574 	506
f 166 	269 	137
f 378 	723 	722
f 378 	722 	379
f 377 	725 	723
f 377 	723 	378
f 724 	738 	1152
f 742 	1152 	741
f 137 	269 	138
f 376 	726 	725
f 376 	725 	377
f 575 	724 	574
f 376 	375 	727
f 376 	727 	726
f 375 	728 	727
f 375 	639 	728
f 639 	638 	729
f 639 	729 	728
f 638 	637 	730
f 638 	730 	729
f 637 	636 	731
f 637 	731 	730
f 636 	635 	732
f 636 	732 	731
f 733 	732 	635
f 733 	635 	644
f 275 	276 	143
f 644 	643 	734
f 644 	734 	733
f 144 	276 	145
f 643 	642 	735
f 643 	735 	734
f 642 	641 	736
f 642 	736 	735
f 277 	278 	145
f 641 	640 	737
f 641 	737 	736
f 640 	739 	737
f 575 	738 	724
f 739 	640 	645
f 645 	384 	740
f 645 	740 	739
f 741 	1152 	738
f 742 	746 	1152
f 746 	751 	1152
f 384 	652 	1018
f 384 	1018 	740
f 575 	741 	738
f 741 	744 	742
f 58 	581 	59
f 745 	385 	743
f 383 	743 	385
f 744 	746 	742
f 581 	63 	59
f 741 	575 	744
f 751 	746 	744
f 754 	749 	58
f 758 	759 	1152
f 763 	1152 	759
f 757 	756 	744
f 1152 	751 	756
f 756 	751 	744
f 749 	581 	58
f 744 	857 	757
f 859 	763 	759
f 754 	781 	749
f 767 	1152 	766
f 766 	763 	859
f 814 	749 	781
f 772 	466 	1154
f 466 	467 	1154
f 772 	1154 	771
f 467 	468 	1154
f 772 	1101 	466
f 560 	448 	483
f 785 	781 	754
f 785 	818 	781
f 785 	754 	1245
f 1245 	473 	785
f 473 	475 	785
f 798 	785 	475
f 515 	798 	475
f 803 	516 	517
f 803 	798 	516
f 515 	516 	798
f 811 	827 	803
f 533 	811 	803
f 533 	534 	811
f 536 	812 	535
f 812 	832 	811
f 813 	358 	359
f 812 	811 	535
f 600 	813 	823
f 536 	540 	812
f 813 	600 	358
f 359 	815 	813
f 814 	917 	749
f 529 	815 	359
f 816 	829 	815
f 816 	815 	529
f 531 	816 	529
f 781 	818 	817
f 532 	816 	531
f 817 	90 	814
f 532 	830 	816
f 817 	814 	781
f 818 	821 	817
f 819 	587 	588
f 798 	818 	785
f 600 	820 	589
f 822 	821 	818
f 820 	819 	589
f 822 	818 	798
f 600 	823 	820
f 803 	822 	798
f 561 	560 	483
f 815 	824 	813
f 825 	821 	822
f 824 	823 	813
f 822 	827 	825
f 826 	828 	481
f 481 	828 	483
f 562 	561 	483
f 815 	829 	824
f 816 	830 	829
f 827 	822 	803
f 483 	828 	562
f 564 	562 	828
f 832 	831 	827
f 564 	828 	566
f 833 	567 	566
f 833 	566 	828
f 831 	825 	827
f 833 	554 	567
f 834 	833 	826
f 552 	555 	833
f 833 	828 	826
f 835 	552 	833
f 835 	569 	552
f 836 	835 	834
f 835 	833 	834
f 837 	569 	835
f 837 	835 	836
f 838 	837 	836
f 279 	266 	147
f 168 	300 	169
f 149 	148 	281
f 149 	281 	150
f 284 	152 	151
f 287 	155 	154
f 155 	287 	288
f 185 	318 	186
f 186 	318 	319
f 49 	47 	258
f 49 	258 	51
f 259 	51 	258
f 259 	52 	51
f 262 	57 	56
f 271 	140 	139
f 142 	274 	143
f 144 	143 	276
f 344 	212 	211
f 277 	145 	276
f 280 	148 	52
f 168 	167 	300
f 306 	175 	174
f 157 	156 	289
f 157 	289 	158
f 158 	290 	291
f 252 	38 	251
f 45 	254 	255
f 45 	255 	46
f 811 	832 	827
f 856 	812 	839
f 812 	856 	832
f 569 	837 	349
f 540 	839 	812
f 840 	349 	837
f 841 	840 	838
f 542 	839 	540
f 840 	837 	838
f 841 	509 	840
f 532 	965 	830
f 841 	838 	992
f 510 	509 	841
f 845 	501 	544
f 578 	843 	577
f 133 	264 	265
f 843 	842 	839
f 846 	845 	545
f 265 	251 	133
f 845 	575 	501
f 845 	544 	545
f 847 	842 	843
f 56 	268 	262
f 542 	577 	839
f 843 	839 	577
f 166 	298 	269
f 848 	847 	843
f 575 	845 	849
f 849 	845 	846
f 849 	857 	744
f 744 	575 	849
f 852 	847 	848
f 758 	757 	857
f 851 	844 	901
f 578 	580 	843
f 848 	843 	580
f 851 	853 	844
f 438 	852 	848
f 440 	852 	438
f 854 	853 	851
f 856 	855 	832
f 854 	851 	583
f 855 	831 	832
f 141 	140 	273
f 141 	273 	142
f 856 	863 	855
f 146 	145 	278
f 849 	846 	850
f 279 	147 	278
f 857 	849 	850
f 283 	151 	282
f 151 	283 	284
f 858 	857 	850
f 859 	759 	758
f 859 	758 	857
f 857 	858 	859
f 165 	297 	166
f 860 	859 	858
f 767 	766 	861
f 859 	861 	766
f 861 	859 	860
f 633 	808 	809
f 862 	861 	860
f 861 	771 	767
f 863 	856 	842
f 585 	854 	583
f 864 	853 	854
f 842 	934 	863
f 839 	842 	856
f 865 	864 	854
f 847 	934 	842
f 587 	865 	585
f 821 	92 	817
f 92 	90 	817
f 865 	854 	585
f 821 	825 	93
f 332 	200 	199
f 92 	821 	93
f 825 	95 	93
f 202 	201 	333
f 825 	831 	95
f 867 	75 	74
f 125 	95 	831
f 74 	866 	867
f 831 	855 	125
f 872 	870 	866
f 870 	1308 	867
f 870 	867 	866
f 872 	866 	592
f 409 	873 	419
f 873 	874 	419
f 295 	162 	294
f 875 	873 	409
f 875 	409 	414
f 880 	873 	875
f 414 	435 	876
f 875 	414 	876
f 868 	869 	876
f 424 	877 	431
f 877 	888 	431
f 272 	140 	271
f 140 	272 	273
f 424 	874 	877
f 273 	274 	142
f 275 	143 	274
f 874 	878 	879
f 873 	878 	874
f 154 	153 	286
f 154 	286 	287
f 633 	809 	810
f 158 	289 	290
f 873 	880 	878
f 880 	973 	878
f 160 	292 	161
f 747 	748 	387
f 750 	388 	748
f 387 	748 	388
f 750 	752 	388
f 389 	388 	752
f 753 	389 	752
f 298 	166 	297
f 881 	880 	875
f 876 	881 	875
f 392 	760 	761
f 46 	255 	256
f 46 	256 	257
f 611 	784 	394
f 881 	876 	869
f 394 	762 	764
f 260 	52 	259
f 261 	57 	262
f 261 	263 	57
f 765 	768 	397
f 397 	768 	769
f 877 	874 	879
f 135 	266 	267
f 879 	882 	877
f 601 	770 	773
f 267 	268 	135
f 601 	773 	774
f 138 	269 	270
f 138 	270 	271
f 604 	603 	775
f 883 	441 	443
f 608 	607 	780
f 280 	52 	260
f 782 	609 	780
f 883 	925 	440
f 285 	153 	284
f 884 	883 	443
f 885 	925 	883
f 286 	153 	285
f 884 	885 	883
f 453 	884 	443
f 292 	160 	291
f 348 	182 	214
f 293 	161 	292
f 886 	453 	459
f 161 	293 	294
f 178 	310 	167
f 165 	296 	297
f 886 	884 	453
f 886 	887 	884
f 887 	885 	884
f 303 	171 	170
f 171 	303 	172
f 304 	172 	303
f 304 	173 	172
f 459 	888 	886
f 306 	176 	175
f 176 	309 	177
f 888 	889 	886
f 177 	309 	178
f 889 	887 	886
f 179 	311 	180
f 313 	174 	181
f 315 	183 	182
f 877 	882 	888
f 183 	315 	184
f 889 	888 	882
f 186 	319 	187
f 319 	188 	187
f 882 	981 	889
f 179 	189 	311
f 189 	188 	321
f 320 	321 	188
f 322 	190 	305
f 190 	322 	191
f 323 	191 	322
f 323 	324 	191
f 326 	194 	193
f 326 	195 	194
f 328 	196 	195
f 196 	328 	197
f 329 	197 	328
f 329 	330 	197
f 1101 	861 	862
f 332 	201 	200
f 861 	1101 	771
f 772 	771 	1101
f 467 	466 	1101
f 336 	204 	203
f 336 	205 	204
f 202 	333 	334
f 334 	335 	202
f 339 	340 	207
f 208 	207 	340
f 340 	209 	208
f 344 	213 	212
f 339 	207 	206
f 892 	510 	841
f 894 	870 	872
f 592 	593 	872
f 870 	894 	1312
f 895 	894 	872
f 348 	214 	213
f 892 	891 	893
f 893 	891 	958
f 895 	872 	593
f 170 	302 	303
f 510 	892 	896
f 893 	896 	892
f 907 	512 	896
f 173 	305 	190
f 595 	899 	895
f 611 	610 	784
f 882 	879 	890
f 762 	394 	784
f 898 	894 	895
f 878 	971 	879
f 899 	898 	895
f 787 	613 	786
f 595 	597 	899
f 878 	973 	971
f 614 	613 	788
f 787 	788 	613
f 900 	898 	899
f 615 	614 	789
f 615 	789 	790
f 900 	844 	1260
f 901 	844 	900
f 599 	901 	597
f 901 	900 	899
f 794 	620 	793
f 901 	899 	597
f 621 	620 	795
f 794 	795 	620
f 795 	796 	621
f 622 	621 	796
f 796 	797 	622
f 623 	622 	797
f 901 	599 	851
f 890 	981 	882
f 623 	797 	799
f 950 	881 	869
f 871 	902 	868
f 902 	869 	868
f 804 	628 	802
f 896 	893 	897
f 902 	903 	869
f 628 	804 	805
f 630 	806 	631
f 905 	902 	871
f 906 	903 	902
f 631 	807 	808
f 512 	510 	896
f 176 	308 	309
f 907 	545 	512
f 902 	905 	906
f 907 	896 	897
f 897 	908 	907
f 810 	634 	633
f 909 	545 	907
f 910 	909 	908
f 909 	907 	908
f 911 	906 	905
f 753 	390 	389
f 905 	912 	911
f 753 	755 	390
f 391 	390 	755
f 181 	180 	313
f 581 	912 	63
f 182 	314 	315
f 846 	545 	909
f 909 	913 	846
f 316 	317 	184
f 913 	909 	910
f 185 	317 	318
f 914 	913 	910
f 320 	188 	319
f 905 	63 	912
f 914 	910 	964
f 917 	915 	912
f 915 	911 	912
f 193 	325 	326
f 819 	904 	587
f 917 	912 	581
f 587 	904 	865
f 198 	197 	330
f 749 	917 	581
f 199 	198 	330
f 918 	904 	819
f 918 	819 	820
f 86 	915 	917
f 201 	332 	333
f 919 	918 	820
f 203 	335 	336
f 823 	919 	820
f 917 	814 	86
f 814 	90 	86
f 824 	920 	823
f 338 	339 	206
f 920 	919 	823
f 209 	340 	341
f 852 	921 	847
f 209 	341 	210
f 829 	922 	824
f 847 	921 	934
f 922 	920 	824
f 829 	107 	922
f 107 	108 	922
f 852 	923 	921
f 924 	1325 	864
f 923 	852 	440
f 924 	864 	865
f 440 	925 	923
f 904 	924 	865
f 925 	927 	923
f 918 	926 	904
f 996 	925 	885
f 927 	925 	996
f 928 	929 	413
f 891 	990 	929
f 863 	127 	855
f 127 	125 	855
f 930 	929 	928
f 931 	128 	127
f 129 	128 	931
f 530 	932 	933
f 934 	931 	863
f 325 	193 	324
f 931 	127 	863
f 112 	932 	108
f 108 	932 	530
f 932 	935 	933
f 926 	924 	904
f 932 	936 	935
f 937 	1332 	1329
f 203 	202 	335
f 919 	937 	918
f 1329 	926 	937
f 112 	936 	932
f 118 	936 	112
f 936 	1037 	935
f 205 	337 	206
f 937 	926 	918
f 940 	129 	931
f 936 	939 	1037
f 121 	939 	118
f 940 	931 	934
f 939 	936 	118
f 921 	940 	934
f 929 	958 	891
f 169 	300 	301
f 958 	929 	930
f 301 	302 	169
f 930 	928 	1086
f 173 	304 	305
f 923 	941 	921
f 940 	921 	941
f 308 	176 	306
f 938 	1332 	937
f 178 	309 	310
f 938 	937 	919
f 920 	938 	919
f 944 	1335 	938
f 938 	920 	944
f 922 	944 	920
f 185 	184 	317
f 922 	108 	944
f 946 	943 	945
f 108 	530 	944
f 760 	392 	755
f 947 	959 	549
f 948 	946 	945
f 947 	71 	959
f 590 	537 	362
f 590 	947 	537
f 74 	947 	590
f 923 	927 	941
f 994 	941 	927
f 963 	961 	946
f 963 	946 	949
f 949 	946 	948
f 951 	949 	948
f 776 	775 	603
f 74 	71 	947
f 590 	866 	74
f 953 	954 	547
f 606 	777 	778
f 779 	607 	778
f 956 	955 	951
f 955 	949 	951
f 546 	953 	547
f 608 	780 	609
f 953 	83 	954
f 610 	609 	783
f 87 	954 	83
f 548 	957 	546
f 776 	603 	810
f 957 	953 	546
f 88 	83 	953
f 958 	930 	942
f 88 	953 	957
f 960 	893 	958
f 943 	960 	942
f 91 	88 	957
f 897 	893 	960
f 192 	191 	324
f 960 	958 	942
f 959 	91 	957
f 961 	897 	960
f 91 	959 	71
f 961 	960 	943
f 791 	617 	790
f 943 	946 	961
f 617 	791 	618
f 963 	908 	961
f 792 	793 	618
f 908 	897 	961
f 910 	908 	963
f 954 	556 	547
f 954 	962 	556
f 964 	910 	963
f 87 	94 	962
f 955 	964 	949
f 87 	962 	954
f 964 	963 	949
f 829 	830 	107
f 800 	625 	799
f 914 	964 	966
f 966 	916 	914
f 565 	965 	532
f 967 	966 	955
f 111 	107 	830
f 964 	955 	966
f 966 	970 	916
f 967 	970 	966
f 903 	950 	869
f 968 	952 	950
f 969 	967 	956
f 968 	361 	952
f 950 	903 	968
f 952 	361 	360
f 967 	955 	956
f 363 	903 	906
f 968 	903 	363
f 971 	890 	879
f 971 	983 	890
f 890 	983 	984
f 199 	330 	331
f 199 	331 	332
f 978 	972 	976
f 978 	425 	972
f 881 	974 	880
f 974 	973 	880
f 976 	972 	970
f 974 	988 	973
f 830 	965 	111
f 965 	565 	975
f 391 	755 	392
f 976 	970 	967
f 571 	975 	565
f 976 	967 	969
f 975 	115 	965
f 115 	111 	965
f 571 	579 	977
f 977 	975 	571
f 341 	342 	210
f 120 	975 	977
f 210 	342 	211
f 977 	962 	94
f 978 	979 	425
f 94 	120 	977
f 167 	299 	300
f 170 	169 	302
f 393 	392 	761
f 881 	950 	974
f 950 	952 	974
f 952 	988 	974
f 764 	395 	394
f 395 	764 	765
f 395 	765 	396
f 982 	403 	405
f 396 	765 	397
f 982 	980 	403
f 984 	991 	981
f 980 	826 	481
f 981 	890 	984
f 826 	980 	982
f 747 	386 	774
f 983 	538 	984
f 538 	539 	984
f 834 	826 	982
f 604 	775 	777
f 985 	834 	982
f 986 	971 	973
f 985 	982 	405
f 606 	778 	607
f 405 	987 	985
f 983 	971 	986
f 779 	780 	607
f 986 	541 	983
f 413 	987 	404
f 541 	538 	983
f 782 	783 	609
f 988 	986 	973
f 783 	784 	610
f 836 	834 	985
f 987 	405 	404
f 988 	366 	986
f 989 	836 	985
f 366 	541 	986
f 989 	985 	987
f 838 	836 	989
f 360 	366 	988
f 990 	989 	987
f 952 	360 	988
f 788 	789 	614
f 616 	615 	790
f 413 	990 	987
f 616 	790 	617
f 929 	990 	413
f 792 	618 	791
f 543 	1005 	991
f 891 	992 	990
f 992 	838 	989
f 984 	539 	991
f 992 	989 	990
f 892 	841 	992
f 991 	539 	543
f 891 	892 	992
f 799 	624 	623
f 624 	799 	625
f 850 	846 	913
f 993 	858 	850
f 625 	800 	801
f 916 	993 	914
f 940 	941 	519
f 993 	850 	913
f 802 	627 	801
f 519 	129 	940
f 993 	913 	914
f 626 	801 	627
f 994 	519 	941
f 628 	627 	802
f 995 	858 	993
f 994 	522 	519
f 995 	993 	916
f 806 	630 	805
f 807 	631 	806
f 858 	995 	860
f 927 	996 	998
f 970 	972 	997
f 994 	927 	998
f 997 	995 	916
f 634 	810 	603
f 998 	523 	994
f 602 	774 	386
f 523 	522 	994
f 747 	387 	386
f 970 	997 	916
f 885 	887 	999
f 1000 	860 	995
f 1001 	1000 	997
f 1000 	862 	860
f 1000 	995 	997
f 999 	996 	885
f 1002 	998 	996
f 1000 	1004 	862
f 1002 	996 	999
f 425 	1001 	972
f 1002 	525 	998
f 525 	523 	998
f 887 	1003 	999
f 1003 	1005 	999
f 1001 	997 	972
f 397 	769 	398
f 887 	889 	1003
f 1001 	432 	1004
f 398 	769 	770
f 398 	770 	399
f 399 	770 	601
f 1004 	1000 	1001
f 601 	774 	602
f 432 	84 	1004
f 999 	1005 	1002
f 576 	525 	1002
f 862 	1004 	1098
f 432 	1001 	425
f 432 	434 	84
f 306 	174 	307
f 1005 	576 	1002
f 889 	981 	1003
f 299 	167 	310
f 991 	1005 	1003
f 189 	321 	311
f 528 	939 	121
f 180 	311 	312
f 180 	312 	313
f 527 	514 	1398
f 991 	1003 	981
f 313 	307 	174
f 543 	576 	1005
f 184 	315 	316
f 521 	1007 	520
f 1006 	363 	906
f 365 	1006 	1009
f 1007 	1008 	520
f 911 	1006 	906
f 1008 	1007 	1013
f 1010 	1009 	1006
f 1011 	1007 	521
f 596 	365 	1009
f 524 	1011 	521
f 192 	324 	193
f 327 	195 	326
f 328 	195 	327
f 524 	527 	1011
f 1006 	911 	1010
f 915 	1010 	911
f 96 	598 	1009
f 528 	1012 	939
f 1009 	1010 	96
f 337 	205 	336
f 85 	96 	1010
f 915 	85 	1010
f 338 	206 	337
f 528 	1008 	1012
f 915 	86 	85
f 604 	777 	605
f 605 	777 	606
f 1008 	1013 	1014
f 1014 	1012 	1008
f 786 	612 	761
f 393 	761 	612
f 613 	612 	786
f 1015 	1007 	1011
f 1015 	1013 	1007
f 793 	619 	618
f 620 	619 	793
f 1016 	1015 	1011
f 527 	1016 	1011
f 801 	626 	625
f 1398 	1016 	527
f 805 	629 	628
f 629 	805 	630
f 1398 	1259 	1016
f 631 	808 	632
f 632 	808 	633
f 652 	651 	1019
f 652 	1019 	1018
f 651 	650 	1020
f 651 	1020 	1019
f 650 	649 	1021
f 650 	1021 	1020
f 649 	648 	1022
f 649 	1022 	1021
f 1022 	648 	1023
f 647 	1023 	648
f 647 	646 	1024
f 647 	1024 	1023
f 1012 	1014 	1017
f 743 	383 	1025
f 383 	658 	1025
f 659 	385 	1039
f 745 	1039 	385
f 1026 	1024 	662
f 646 	662 	1024
f 662 	661 	1027
f 662 	1027 	1026
f 661 	660 	1028
f 661 	1028 	1027
f 713 	1029 	660
f 1028 	660 	1029
f 712 	1030 	1029
f 712 	1029 	713
f 1031 	508 	933
f 1030 	712 	1032
f 717 	1032 	712
f 716 	1033 	1032
f 716 	1032 	717
f 935 	1031 	933
f 715 	1034 	1033
f 715 	1033 	716
f 714 	1035 	1034
f 714 	1034 	715
f 1031 	1300 	508
f 657 	1036 	1035
f 657 	1035 	714
f 1038 	1025 	658
f 711 	1040 	658
f 1039 	1040 	711
f 1038 	658 	1040
f 1039 	711 	659
f 1037 	1041 	935
f 1041 	1031 	935
f 1012 	1037 	939
f 1017 	1041 	1037
f 1012 	1017 	1037
f 454 	451 	489
f 455 	454 	492
f 1074 	1265 	1072
f 343 	211 	342
f 456 	455 	492
f 211 	343 	344
f 456 	492 	457
f 345 	213 	344
f 213 	345 	348
f 182 	348 	314
f 216 	6 	220
f 216 	220 	353
f 244 	20 	354
f 457 	492 	1080
f 216 	353 	354
f 216 	354 	217
f 928 	413 	1311
f 217 	354 	20
f 134 	25 	1102
f 445 	1080 	476
f 1105 	1106 	219
f 928 	1074 	1086
f 1072 	1086 	1074
f 462 	461 	1088
f 216 	217 	1090
f 1091 	1086 	1072
f 490 	1088 	1216
f 215 	216 	1090
f 460 	465 	490
f 1102 	1090 	217
f 1100 	930 	1086
f 942 	930 	1100
f 1100 	1086 	1091
f 1098 	1101 	862
f 1090 	1102 	1356
f 1106 	1107 	219
f 1107 	1108 	219
f 1108 	1109 	219
f 1111 	1102 	1109
f 219 	1109 	1102
f 1111 	1112 	1102
f 1112 	1113 	1102
f 1113 	1114 	1102
f 1103 	1110 	1098
f 1114 	1115 	1102
f 1115 	1116 	1102
f 1101 	1098 	1110
f 1114 	1407 	1115
f 1113 	1407 	1114
f 1112 	1407 	1113
f 1111 	1407 	1112
f 1109 	1407 	1111
f 1108 	1407 	1109
f 1107 	1407 	1108
f 1104 	1134 	1141
f 1106 	1407 	1107
f 1101 	1110 	467
f 468 	467 	1110
f 350 	215 	1135
f 1118 	1119 	215
f 1090 	1124 	215
f 1118 	215 	1120
f 1120 	215 	1121
f 1100 	1117 	942
f 1122 	1110 	1103
f 1121 	215 	1123
f 1123 	215 	1124
f 1124 	1090 	1125
f 1345 	1117 	1100
f 1125 	1090 	1126
f 1126 	1090 	1127
f 945 	943 	1117
f 1127 	1090 	1128
f 943 	942 	1117
f 1122 	470 	469
f 1122 	469 	1110
f 469 	468 	1110
f 1119 	1118 	1131
f 1118 	1120 	1131
f 1120 	1121 	1131
f 1121 	1123 	1131
f 1123 	1124 	1131
f 1124 	1125 	1131
f 1125 	1126 	1131
f 1126 	1127 	1131
f 1127 	1128 	1131
f 1128 	1129 	1131
f 1129 	1130 	1131
f 1152 	1154 	353
f 355 	354 	1154
f 1137 	1138 	355
f 355 	1144 	357
f 1149 	357 	1145
f 357 	1134 	219
f 1104 	1105 	219
f 1134 	357 	1149
f 1133 	978 	976
f 350 	1161 	1159
f 1136 	1137 	355
f 472 	471 	1132
f 1133 	976 	969
f 471 	470 	1122
f 1138 	1139 	355
f 1139 	1140 	355
f 1140 	1141 	355
f 1227 	1088 	1132
f 1142 	355 	1141
f 1143 	355 	1142
f 1088 	461 	1132
f 1143 	1144 	355
f 1088 	1227 	1216
f 1145 	357 	1144
f 461 	464 	1132
f 1143 	1142 	1144
f 1142 	1141 	1144
f 1145 	1144 	1141
f 1140 	1106 	1141
f 1139 	1106 	1140
f 1138 	1106 	1139
f 1137 	1106 	1138
f 1136 	1106 	1137
f 1145 	1141 	1149
f 1149 	1141 	1134
f 1105 	1104 	1141
f 354 	353 	1154
f 55 	44 	1154
f 350 	1155 	1152
f 980 	481 	1148
f 1152 	1155 	1156
f 1155 	350 	1157
f 1157 	350 	1158
f 350 	1162 	1161
f 1158 	350 	1159
f 1162 	350 	1163
f 1163 	350 	1164
f 1165 	1164 	350
f 1158 	1131 	1157
f 1161 	1131 	1159
f 1162 	1131 	1161
f 1155 	1157 	1131
f 1159 	1131 	1158
f 1163 	1131 	1162
f 1164 	1131 	1163
f 1165 	1131 	1164
f 667 	1045 	1046
f 1167 	1165 	350
f 1047 	667 	1046
f 1167 	1131 	1165
f 1135 	1131 	1167
f 1119 	1131 	1135
f 1156 	1155 	1131
f 1152 	767 	1154
f 757 	1152 	756
f 758 	1152 	757
f 763 	766 	1152
f 771 	1154 	767
f 1136 	355 	1170
f 1169 	1170 	355
f 1166 	1160 	1172
f 1106 	1105 	1141
f 1106 	1136 	1170
f 1172 	1160 	1171
f 1168 	55 	1154
f 81 	1152 	1156
f 81 	1156 	1131
f 1173 	978 	1133
f 1176 	1174 	1168
f 1175 	1168 	1174
f 1177 	1176 	1168
f 1172 	492 	1166
f 492 	489 	1166
f 1181 	1211 	1183
f 676 	675 	1058
f 1188 	1187 	456
f 1190 	1189 	458
f 678 	1059 	1060
f 444 	445 	1190
f 1192 	1173 	1395
f 678 	1060 	679
f 1195 	1220 	1196
f 1198 	1192 	1395
f 1197 	1220 	1199
f 1201 	1220 	1202
f 1198 	1248 	1192
f 1203 	1220 	1204
f 1211 	1207 	1220
f 1204 	1220 	1205
f 1208 	1207 	1211
f 1206 	1220 	1207
f 1205 	1220 	1206
f 1202 	1220 	1203
f 1220 	1201 	1200
f 1220 	1200 	1199
f 1196 	1220 	1197
f 445 	446 	1190
f 1211 	1184 	1183
f 1181 	1179 	1211
f 1179 	1180 	1211
f 1180 	1209 	1211
f 1209 	1208 	1211
f 458 	444 	1190
f 1189 	1188 	458
f 456 	457 	1188
f 457 	458 	1188
f 1187 	1186 	456
f 1168 	451 	1186
f 1185 	1168 	1186
f 1178 	1168 	1185
f 1178 	1177 	1168
f 456 	1186 	455
f 461 	462 	1168
f 1175 	1049 	1036
f 1182 	1212 	1171
f 1212 	1172 	1171
f 1080 	492 	1172
f 1075 	688 	1053
f 1184 	1211 	1070
f 1040 	1070 	1211
f 1212 	1080 	1172
f 1036 	657 	1168
f 1175 	1036 	1168
f 1174 	1048 	1049
f 1174 	1049 	1175
f 474 	1212 	1182
f 1176 	1050 	1048
f 1176 	1048 	1174
f 1177 	1051 	1050
f 1177 	1050 	1176
f 476 	1212 	474
f 1051 	1177 	1178
f 1051 	1178 	1052
f 1148 	474 	1182
f 1178 	1053 	1052
f 1179 	1065 	1066
f 1179 	1066 	1180
f 1080 	1212 	476
f 1181 	1067 	1065
f 1181 	1065 	1179
f 1183 	1068 	1067
f 1183 	1067 	1181
f 1070 	1068 	1183
f 1070 	1183 	1184
f 1214 	1213 	1166
f 1073 	1209 	1180
f 1073 	1180 	1066
f 1185 	1075 	1053
f 1185 	1053 	1178
f 1087 	697 	1085
f 1186 	1076 	1075
f 1186 	1075 	1185
f 1187 	1077 	1076
f 1187 	1076 	1186
f 1160 	1166 	1213
f 1188 	1078 	1077
f 1188 	1077 	1187
f 1214 	1166 	489
f 1189 	1079 	1078
f 1189 	1078 	1188
f 489 	490 	1214
f 1190 	1081 	1079
f 1190 	1079 	1189
f 1191 	1082 	1081
f 1191 	1081 	1190
f 1193 	1083 	1082
f 1193 	1082 	1191
f 1194 	1084 	1083
f 1194 	1083 	1193
f 1194 	1085 	1084
f 1195 	1087 	1085
f 1195 	1085 	1194
f 1196 	1089 	1087
f 1196 	1087 	1195
f 1089 	1196 	1197
f 1089 	1197 	1092
f 1199 	1093 	1092
f 1199 	1092 	1197
f 1200 	1094 	1093
f 1200 	1093 	1199
f 1201 	1095 	1094
f 1201 	1094 	1200
f 1213 	1214 	1215
f 1202 	1096 	1095
f 1202 	1095 	1201
f 707 	706 	1147
f 1214 	1216 	1215
f 1203 	1097 	1096
f 1203 	1096 	1202
f 707 	1147 	1150
f 1204 	1099 	1097
f 1204 	1097 	1203
f 490 	1216 	1214
f 1204 	1146 	1099
f 1004 	84 	1098
f 1146 	1204 	1205
f 1146 	1205 	1206
f 1146 	1206 	1147
f 1147 	1206 	1207
f 1147 	1207 	1150
f 1150 	1207 	1208
f 1150 	1208 	1151
f 1209 	1153 	1151
f 1209 	1151 	1208
f 434 	1217 	84
f 1103 	1098 	84
f 1209 	1073 	1153
f 1219 	718 	1218
f 374 	718 	1219
f 1025 	1218 	718
f 1218 	1220 	1219
f 84 	1217 	1103
f 562 	564 	1220
f 566 	567 	1220
f 81 	374 	1152
f 1038 	1220 	1218
f 1025 	1038 	1218
f 1040 	1211 	1038
f 1220 	1038 	1211
f 1048 	669 	1049
f 82 	374 	81
f 1221 	1222 	1217
f 1223 	415 	1224
f 1217 	1222 	1103
f 1103 	1222 	1122
f 1224 	1226 	1223
f 1222 	1221 	1227
f 1227 	1221 	1225
f 1226 	1229 	1223
f 1132 	1222 	1227
f 1132 	1122 	1222
f 1215 	1216 	1225
f 1228 	1223 	1229
f 1216 	1227 	1225
f 1229 	1230 	1228
f 1061 	679 	1060
f 680 	679 	1063
f 401 	1148 	1240
f 1148 	1182 	1240
f 401 	980 	1148
f 1230 	1231 	1228
f 1234 	1235 	1233
f 1232 	1234 	1233
f 1069 	686 	1070
f 1234 	1160 	1235
f 1160 	1213 	1235
f 58 	59 	1239
f 1236 	1239 	59
f 1239 	1237 	58
f 1238 	1232 	416
f 1238 	1234 	1232
f 1171 	1160 	1234
f 1171 	1234 	1238
f 1240 	1238 	416
f 1236 	1231 	1239
f 1182 	1238 	1240
f 420 	1240 	416
f 1231 	1230 	1241
f 1237 	1239 	1241
f 1238 	1182 	1171
f 754 	1241 	1243
f 1245 	1243 	1229
f 1241 	1229 	1243
f 754 	1243 	1245
f 1153 	710 	1151
f 1239 	1231 	1241
f 1235 	1242 	1233
f 1153 	1073 	710
f 475 	473 	1229
f 1242 	1235 	1244
f 1213 	1215 	1244
f 664 	663 	1043
f 979 	978 	1173
f 665 	664 	1044
f 1244 	1235 	1213
f 1217 	434 	437
f 1224 	1247 	540
f 1229 	1241 	1230
f 1249 	412 	540
f 1173 	1192 	979
f 1249 	1247 	415
f 1221 	1217 	437
f 415 	410 	1249
f 1324 	979 	1192
f 442 	1250 	439
f 1051 	671 	1050
f 1210 	1248 	1198
f 1250 	1246 	439
f 1247 	1249 	540
f 412 	411 	540
f 542 	540 	411
f 411 	408 	426
f 1225 	1221 	1246
f 1251 	1248 	1210
f 1252 	1253 	1254
f 1246 	1250 	1225
f 688 	672 	1053
f 1244 	1250 	442
f 1242 	1244 	442
f 1244 	1215 	1250
f 1257 	1256 	428
f 1255 	1328 	1251
f 1215 	1225 	1250
f 1057 	675 	1056
f 1253 	1257 	1254
f 428 	1254 	1257
f 1057 	1058 	675
f 1330 	1331 	1255
f 676 	1058 	1059
f 1256 	1258 	428
f 429 	428 	1258
f 1258 	430 	429
f 900 	1260 	1323
f 1061 	1063 	679
f 430 	1258 	411
f 1258 	1256 	411
f 1257 	411 	1256
f 1257 	1253 	411
f 1252 	411 	1253
f 680 	1063 	1064
f 1245 	1229 	473
f 663 	1064 	1042
f 516 	515 	1229
f 1226 	1224 	540
f 1262 	1260 	844
f 683 	1066 	1065
f 853 	1262 	844
f 1229 	1226 	540
f 848 	580 	1263
f 864 	1264 	853
f 853 	1264 	1262
f 1265 	1261 	1259
f 1071 	687 	1069
f 1265 	1062 	1261
f 687 	1071 	1054
f 1055 	1261 	1062
f 864 	1325 	1264
f 688 	1075 	1076
f 438 	848 	1266
f 1263 	1266 	848
f 1074 	1062 	1265
f 692 	1078 	1079
f 580 	411 	1263
f 1079 	1081 	692
f 1268 	1270 	1014
f 1277 	1273 	411
f 1266 	1271 	438
f 697 	696 	1085
f 1271 	1273 	438
f 1266 	411 	1271
f 1273 	441 	438
f 699 	1089 	1092
f 699 	1092 	1093
f 1273 	1271 	411
f 1275 	1274 	1269
f 702 	1094 	1095
f 1016 	1276 	1015
f 441 	1273 	1277
f 1274 	1267 	1269
f 1272 	1015 	1276
f 1096 	703 	1095
f 1276 	1293 	1272
f 1016 	1259 	1276
f 1259 	1261 	1276
f 1275 	1283 	1274
f 1146 	706 	1099
f 1275 	1269 	1323
f 1146 	1147 	706
f 1277 	411 	1279
f 1260 	1275 	1323
f 1281 	443 	1278
f 709 	708 	1151
f 1278 	1282 	1281
f 709 	1151 	710
f 1282 	1278 	411
f 1282 	1284 	1281
f 1294 	1303 	1280
f 1279 	1278 	443
f 1284 	1252 	1281
f 1254 	1281 	1252
f 1285 	1283 	1275
f 453 	443 	1281
f 1281 	1254 	453
f 1278 	1279 	411
f 580 	578 	411
f 1266 	1263 	411
f 1252 	1284 	411
f 1284 	1282 	411
f 1285 	1290 	1283
f 1247 	1224 	415
f 1286 	1287 	1270
f 1285 	1275 	1260
f 1047 	668 	667
f 1288 	415 	1223
f 435 	415 	1288
f 1047 	1049 	668
f 868 	876 	435
f 1280 	1270 	1287
f 1287 	1294 	1280
f 670 	669 	1050
f 1288 	868 	435
f 670 	1050 	671
f 1268 	1286 	1270
f 1262 	1285 	1260
f 1223 	1228 	1289
f 1289 	1288 	1223
f 1291 	1290 	1285
f 871 	1288 	1289
f 871 	868 	1288
f 1286 	1268 	1292
f 1228 	59 	1289
f 59 	1231 	1236
f 1272 	1292 	1268
f 1228 	1231 	59
f 59 	63 	1289
f 1264 	1291 	1262
f 1272 	1293 	1292
f 63 	871 	1289
f 1276 	1261 	1293
f 1291 	1285 	1262
f 1261 	1055 	1293
f 905 	871 	63
f 685 	1067 	1068
f 1397 	122 	1210
f 1068 	1070 	685
f 1295 	1290 	1291
f 1296 	1210 	122
f 507 	1296 	122
f 1210 	1296 	1251
f 1297 	1295 	1291
f 1298 	507 	502
f 1298 	1299 	507
f 508 	1298 	502
f 1299 	1255 	1296
f 1255 	1251 	1296
f 1297 	1291 	1264
f 508 	1300 	1298
f 1297 	1338 	1394
f 1301 	1299 	1298
f 1394 	1295 	1297
f 1300 	1301 	1298
f 1299 	1330 	1255
f 1330 	1299 	1301
f 1303 	1300 	1031
f 1303 	1305 	1300
f 1305 	1301 	1300
f 1041 	1303 	1031
f 518 	1304 	1306
f 1306 	1302 	518
f 1302 	1306 	1401
f 1401 	1399 	1302
f 1294 	1305 	1303
f 1304 	75 	867
f 1307 	1318 	1055
f 867 	1308 	1304
f 1310 	1055 	1062
f 1307 	1055 	1310
f 402 	400 	1307
f 1308 	1309 	1304
f 402 	1307 	1310
f 1311 	1310 	1062
f 1062 	1074 	1311
f 707 	1150 	708
f 404 	1310 	1311
f 1309 	1306 	1304
f 402 	1310 	404
f 1150 	1151 	708
f 1074 	928 	1311
f 870 	1312 	1308
f 1314 	1404 	1309
f 1232 	1315 	1313
f 1308 	1314 	1309
f 1316 	1313 	1336
f 1042 	1043 	663
f 1043 	1044 	664
f 1312 	1314 	1308
f 1316 	416 	1313
f 665 	1044 	1045
f 1313 	416 	1232
f 894 	1320 	1312
f 1318 	1319 	1317
f 1319 	1316 	1317
f 420 	416 	1316
f 1321 	1314 	1312
f 1312 	1320 	1321
f 420 	1316 	1319
f 1320 	894 	898
f 671 	1051 	1052
f 1318 	1307 	1319
f 1307 	400 	1319
f 1319 	400 	420
f 900 	1323 	898
f 1056 	674 	1054
f 1323 	1320 	898
f 1269 	1267 	1321
f 1269 	1320 	1323
f 1059 	677 	676
f 1315 	1322 	1340
f 1269 	1321 	1320
f 677 	1059 	678
f 427 	979 	1324
f 1248 	1324 	1192
f 681 	680 	1064
f 1251 	1326 	1248
f 1264 	1325 	1297
f 1326 	1324 	1248
f 924 	1327 	1325
f 683 	1065 	1067
f 926 	1327 	924
f 1326 	433 	1324
f 1338 	1297 	1325
f 1251 	1328 	1326
f 1325 	1327 	1338
f 1327 	926 	1329
f 1328 	436 	1326
f 436 	433 	1326
f 1328 	1255 	1331
f 1076 	689 	688
f 1331 	439 	1328
f 1077 	690 	1076
f 1332 	1341 	1329
f 439 	436 	1328
f 691 	690 	1078
f 1334 	1331 	1330
f 1333 	1334 	1330
f 692 	691 	1078
f 1334 	442 	1331
f 1332 	938 	1335
f 1081 	693 	692
f 442 	439 	1331
f 694 	693 	1082
f 1333 	1322 	1334
f 1082 	1083 	694
f 695 	694 	1083
f 1242 	442 	1334
f 1336 	1337 	1287
f 1084 	696 	1083
f 1342 	1332 	1335
f 1343 	1342 	1335
f 1343 	1335 	530
f 1286 	1336 	1287
f 1313 	1337 	1336
f 1315 	1337 	1313
f 1292 	1317 	1286
f 1335 	944 	530
f 697 	1087 	1089
f 1317 	1336 	1286
f 1317 	1316 	1336
f 1318 	1317 	1292
f 1093 	700 	699
f 1292 	1293 	1318
f 1055 	1318 	1293
f 1094 	701 	1093
f 1339 	113 	1338
f 113 	1394 	1338
f 1305 	1333 	1301
f 1329 	1339 	1327
f 1330 	1301 	1333
f 702 	1095 	703
f 1340 	1333 	1305
f 119 	113 	1339
f 1339 	1338 	1327
f 1340 	1305 	1294
f 1097 	704 	703
f 1097 	703 	1096
f 1333 	1340 	1322
f 1341 	119 	1339
f 1337 	1294 	1287
f 1099 	705 	1097
f 1340 	1294 	1337
f 1315 	1340 	1337
f 1268 	1014 	1013
f 1272 	1268 	1013
f 1272 	1013 	1015
f 1341 	1339 	1329
f 123 	119 	1341
f 1017 	1280 	1041
f 1280 	1303 	1041
f 1341 	1342 	123
f 1270 	1280 	1017
f 1017 	1014 	1270
f 1332 	1342 	1341
f 1066 	682 	1073
f 1232 	1233 	1315
f 1322 	1242 	1334
f 1233 	1242 	1322
f 1322 	1315 	1233
f 502 	123 	1342
f 665 	1045 	666
f 1342 	1343 	502
f 721 	722 	1025
f 722 	723 	1025
f 723 	725 	1025
f 725 	726 	1025
f 743 	1025 	726
f 727 	743 	726
f 720 	721 	1025
f 667 	666 	1045
f 728 	743 	727
f 1343 	530 	933
f 508 	502 	1343
f 1018 	1039 	740
f 933 	508 	1343
f 668 	1049 	669
f 748 	747 	745
f 750 	748 	745
f 1048 	1050 	669
f 752 	750 	745
f 755 	753 	745
f 753 	752 	745
f 760 	755 	745
f 671 	1052 	672
f 1052 	1053 	672
f 762 	784 	734
f 734 	735 	762
f 1346 	1345 	1344
f 1345 	1100 	1091
f 673 	1054 	674
f 773 	770 	745
f 769 	768 	745
f 770 	769 	745
f 1345 	1091 	1344
f 1056 	675 	674
f 747 	774 	745
f 774 	773 	745
f 732 	733 	775
f 777 	775 	733
f 778 	777 	733
f 780 	779 	733
f 782 	780 	734
f 733 	734 	780
f 784 	783 	734
f 783 	782 	734
f 745 	743 	761
f 743 	787 	786
f 788 	787 	743
f 1353 	1345 	1346
f 789 	788 	743
f 790 	789 	743
f 791 	790 	743
f 1064 	663 	681
f 743 	792 	791
f 1066 	683 	682
f 792 	743 	793
f 683 	1067 	684
f 794 	793 	743
f 794 	743 	795
f 795 	743 	796
f 684 	1067 	685
f 797 	743 	799
f 743 	730 	799
f 685 	1070 	686
f 686 	1069 	687
f 687 	1054 	673
f 804 	802 	731
f 806 	805 	731
f 710 	1073 	682
f 1349 	1354 	1347
f 807 	806 	731
f 1348 	1349 	1347
f 731 	732 	808
f 809 	808 	732
f 805 	804 	731
f 801 	730 	802
f 800 	799 	730
f 796 	743 	797
f 801 	800 	730
f 728 	729 	743
f 689 	1076 	690
f 1077 	1078 	690
f 779 	778 	733
f 775 	776 	732
f 776 	810 	732
f 810 	809 	732
f 808 	807 	731
f 1321 	1348 	1314
f 729 	730 	743
f 731 	802 	730
f 735 	745 	768
f 768 	765 	735
f 765 	764 	735
f 764 	762 	735
f 745 	735 	736
f 745 	736 	737
f 739 	745 	737
f 1081 	1082 	693
f 1267 	1349 	1348
f 786 	761 	743
f 761 	760 	745
f 1039 	745 	740
f 695 	1083 	696
f 719 	720 	1025
f 1350 	1349 	1267
f 718 	719 	1025
f 1084 	1085 	696
f 1321 	1267 	1348
f 739 	740 	745
f 1039 	1018 	1019
f 1039 	1019 	1020
f 1039 	1020 	1021
f 1039 	1021 	1022
f 1039 	1022 	1023
f 1267 	1274 	1350
f 1024 	1026 	1039
f 1023 	1024 	1039
f 1089 	698 	697
f 1355 	1349 	1350
f 1026 	1027 	1039
f 1027 	1028 	1039
f 698 	1089 	699
f 1042 	1034 	1043
f 700 	1093 	701
f 1043 	1034 	1044
f 702 	701 	1094
f 1044 	1034 	1045
f 1351 	1350 	1274
f 1274 	1283 	1351
f 1036 	1049 	1035
f 1045 	1034 	1046
f 1046 	1035 	1047
f 1047 	1035 	1049
f 704 	1097 	705
f 1099 	706 	705
f 1283 	1290 	1352
f 1352 	1358 	1351
f 1352 	1351 	1283
f 1054 	1071 	1039
f 1352 	1378 	1375
f 1056 	1054 	1039
f 1057 	1056 	1039
f 1058 	1057 	1039
f 1059 	1058 	1039
f 1060 	1059 	1039
f 1117 	1345 	1353
f 1039 	1034 	1063
f 945 	1117 	1353
f 1063 	1034 	1064
f 1064 	1034 	1042
f 1346 	1347 	1353
f 1040 	1071 	1069
f 1040 	1069 	1070
f 1353 	1354 	945
f 1354 	948 	945
f 1040 	1039 	1071
f 1353 	1347 	1354
f 1035 	1046 	1034
f 1061 	1039 	1063
f 1061 	1060 	1039
f 1028 	1029 	1039
f 1029 	1030 	1039
f 1030 	1032 	1039
f 1354 	1355 	948
f 1032 	1033 	1039
f 1034 	1039 	1033
f 1355 	1354 	1349
f 1355 	1357 	951
f 951 	948 	1355
f 1357 	956 	951
f 1351 	1357 	1350
f 1357 	1355 	1350
f 1359 	1356 	1102
f 1358 	956 	1357
f 1351 	1358 	1357
f 1360 	1361 	1359
f 1364 	1407 	1363
f 1365 	1407 	1364
f 1362 	1363 	1407
f 1366 	1407 	1365
f 1367 	1407 	1366
f 1368 	1407 	1367
f 1369 	1407 	1368
f 1370 	1407 	1369
f 1371 	1407 	1370
f 1372 	1407 	1371
f 1373 	1407 	1372
f 1361 	1407 	1373
f 1360 	1407 	1361
f 48 	1362 	1407
f 1352 	1375 	1358
f 1374 	1360 	1102
f 1116 	1374 	1102
f 969 	956 	1358
f 1359 	1102 	1360
f 969 	1358 	1375
f 1407 	1360 	1374
f 1407 	1374 	1116
f 1116 	1115 	1407
f 1377 	1356 	1376
f 1133 	969 	1375
f 1376 	1380 	1131
f 81 	1131 	1379
f 1380 	1381 	1131
f 1381 	1382 	1131
f 1382 	1383 	1131
f 1383 	1384 	1131
f 1384 	1385 	1131
f 1385 	1386 	1131
f 1386 	1387 	1131
f 1387 	1388 	1131
f 1388 	1389 	1131
f 1389 	1390 	1131
f 1379 	1131 	1390
f 1129 	1128 	1090
f 1090 	1356 	1391
f 1129 	1090 	1130
f 1391 	1130 	1090
f 1377 	1391 	1356
f 1377 	1376 	1131
f 1391 	1377 	1131
f 1130 	1391 	1131
f 1378 	1352 	1290
f 1392 	1173 	1133
f 1295 	1378 	1290
f 1362 	78 	1379
f 1392 	1133 	1375
f 1378 	1392 	1375
f 1393 	1395 	1392
f 81 	1379 	78
f 1393 	1392 	1378
f 1393 	1378 	1295
f 1173 	1392 	1395
f 1365 	1388 	1387
f 1359 	1376 	1356
f 1394 	1396 	1393
f 1365 	1389 	1388
f 1362 	1379 	1390
f 1394 	1393 	1295
f 1395 	1393 	1396
f 1380 	1372 	1381
f 1382 	1381 	1372
f 1369 	1385 	1384
f 113 	1396 	1394
f 1395 	1396 	1198
f 1397 	1198 	1396
f 119 	1397 	113
f 1380 	1373 	1372
f 1396 	113 	1397
f 1198 	1397 	1210
f 119 	122 	1397
f 1384 	1383 	1369
f 1366 	1387 	1386
f 1387 	1366 	1365
f 1399 	514 	1302
f 1373 	1380 	1376
f 1361 	1373 	1376
f 1399 	1398 	514
f 1399 	1400 	1398
f 1389 	1363 	1390
f 1400 	1259 	1398
f 1363 	1362 	1390
f 1400 	1265 	1259
f 1382 	1371 	1383
f 1369 	1383 	1370
f 1399 	1402 	1400
f 1368 	1385 	1369
f 1072 	1265 	1400
f 1367 	1386 	1368
f 1386 	1367 	1366
f 1361 	1376 	1359
f 1401 	1402 	1399
f 1400 	1402 	1072
f 1382 	1372 	1371
f 1370 	1383 	1371
f 1385 	1368 	1386
f 1344 	1091 	1402
f 1091 	1072 	1402
f 1389 	1365 	1364
f 1364 	1363 	1389
f 1309 	1403 	1306
f 1344 	1402 	1401
f 1403 	1344 	1401
f 78 	77 	81
f 1403 	1401 	1306
f 82 	81 	77
f 1346 	1344 	1403
f 77 	79 	82
f 53 	653 	82
f 655 	82 	654
f 656 	82 	655
f 1405 	44 	43
f 1404 	1346 	1403
f 1404 	1347 	1346
f 43 	41 	1106
f 41 	39 	1106
f 39 	37 	1106
f 37 	35 	1106
f 35 	28 	1106
f 28 	27 	1106
f 27 	26 	1106
f 26 	1406 	1106
f 1407 	1106 	1406
f 1409 	50 	1408
f 1309 	1404 	1403
f 355 	44 	1410
f 1405 	1410 	44
f 355 	1410 	1169
f 1348 	1347 	1404
f 1405 	43 	1106
f 1410 	1405 	1106
f 1170 	1169 	1106
f 1407 	1408 	50
f 1407 	50 	48
f 1348 	1404 	1314
f 1169 	1410 	1106
f 355 	1154 	44
f 66 	27 	67
f 68 	67 	28
f 27 	28 	67
f 28 	35 	69
f 28 	69 	68
f 35 	70 	69
f 70 	39 	72
f 54 	72 	41
f 39 	41 	72
f 43 	44 	76
f 55 	76 	44
f 54 	41 	76
f 43 	76 	41
f 48 	79 	78
f 78 	1362 	48
f 80 	79 	48
f 80 	50 	60
f 80 	48 	50
f 1409 	60 	50
f 61 	60 	1409
f 1409 	1408 	62
f 1409 	62 	61
f 64 	62 	1407
f 1408 	1407 	62
f 1407 	1406 	65
f 1407 	65 	64
f 66 	65 	26
f 1406 	26 	65
# 2840 faces

 #end of obj_0

o obj_1
v 282.78 		-104.1958 		7.1391
v 278.8533 		-102.9991 		0.0104
v 282.1699 		-104.6552 		7.1381
v 222.7882 		-94.5723 		7.1696
v 283.9241 		-97.188 		3.5991
v 278.77 		-103.0727 		0.0103
v 275.7767 		-102.7141 		4.4699
v 277.5783 		-95.7921 		7.1697
v 282.7763 		-97.3931 		3.5976
v 277.2444 		-95.8443 		7.1696
v 282.6811 		-97.5205 		3.5973
v 276.76 		-93.3333 		0.0459
v 282.7677 		-103.9279 		3.5736
v 282.6864 		-97.5035 		4.4893
v 276.8308 		-93.1745 		0.0463
v 278.7491 		-103.1813 		0.01
v 279.8634 		-96.957 		7.1654
v 282.3773 		-102.5625 		7.1455
v 282.2425 		-102.3802 		7.1459
v 279.1771 		-96.22 		7.1679
v 282.672 		-103.3298 		7.1429
v 278.0831 		-95.8069 		7.1697
v 282.7267 		-97.4292 		3.5975
v 276.8287 		-93.2365 		0.0461
v 223.353 		-94.6472 		7.1695
v 282.5289 		-102.8752 		7.1439
v 223.9216 		-94.6791 		7.1694
v 278.8871 		-96.0469 		7.1683
v 283.5765 		-95.1453 		7.1724
v 278.5763 		-95.9145 		7.1695
v 282.7408 		-103.692 		7.1411
v 284.5359 		-95.188 		7.1724
v 285.0259 		-95.3055 		7.1722
v 281.6017 		-101.3299 		7.1501
v 276.9216 		-95.9437 		7.1694
v 284.0498 		-95.1315 		7.1725
v 281.4547 		-101.5563 		7.1486
v 221.6849 		-94.2921 		7.1711
v 281.9305 		-100.8835 		7.1511
v 222.2312 		-94.4536 		7.1698
v 276.4745 		-96.178 		7.1679
v 282.6444 		-103.1987 		3.5772
v 283.1355 		-95.2557 		7.1722
v 282.3153 		-102.4538 		3.5798
v 274.2436 		-101.6733 		4.473
v 221.1524 		-94.0888 		7.1715
v 274.2312 		-101.7541 		4.4728
v 282.243 		-102.3549 		0.013
v 222.2318 		-94.4274 		0.0379
v 282.7806 		-104.1696 		0.0071
v 222.7888 		-94.5461 		0.0366
v 281.4621 		-101.5897 		5.3656
v 282.3225 		-93.4666 		3.6119
v 223.9221 		-94.6538 		0.0365
v 282.7005 		-103.4231 		0.0097
v 223.3536 		-94.622 		0.0365
v 284.7813 		-95.2266 		3.6053
v 279.8013 		-93.6845 		7.1774
v 281.457 		-101.5945 		6.2576
v 284.0501 		-95.1189 		3.6065
v 283.5767 		-95.1327 		3.6064
v 279.9519 		-93.5921 		7.1776
v 279.9303 		-93.6267 		7.1775
v 281.4698 		-101.4927 		6.2578
v 283.2405 		-95.2019 		3.6053
v 275.7075 		-102.727 		3.5778
v 282.5736 		-102.9578 		0.0117
v 275.7978 		-102.7115 		3.5779
v 282.4311 		-102.6383 		0.0124
v 282.1911 		-100.503 		7.1529
v 282.4021 		-93.2596 		7.1794
v 282.5133 		-92.7905 		7.1804
v 282.3155 		-102.4412 		0.0128
v 282.5673 		-92.0413 		7.184
v 282.1705 		-104.629 		0.0051
v 274.2429 		-101.7114 		3.5819
v 274.2334 		-101.6292 		3.5821
v 285.2749 		-96.0017 		0.0367
v 276.1842 		-93.5415 		7.1775
v 282.1912 		-100.4972 		5.3699
v 276.7251 		-93.3829 		7.1778
v 284.4263 		-96.8911 		0.0337
v 221.6855 		-94.2659 		0.0382
v 284.961 		-96.3973 		0.0348
v 276.8978 		-91.0474 		0.0538
v 277.2722 		-90.3958 		0.0562
v 276.8509 		-104.2135 		0.0067
v 278.0345 		-90.382 		0.0563
v 276.857 		-104.4386 		0.0052
v 279.9151 		-93.6375 		6.2865
v 276.897 		-104.6653 		0.0048
v 282.1406 		-100.5323 		5.3699
v 282.1568 		-100.5225 		6.2609
v 279.8014 		-93.6776 		5.3944
v 279.7814 		-93.6802 		6.2854
v 277.0462 		-105.115 		0.0028
v 277.2065 		-105.4448 		0.0021
v 285.1236 		-100.846 		7.1523
v 285.3463 		-100.1158 		7.1549
v 284.7587 		-100.9517 		7.1511
v 275.0041 		-92.7427 		0.0481
v 282.1914 		-100.4904 		3.5869
v 274.8661 		-92.5643 		0.0485
v 282.1569 		-100.5157 		4.4779
v 282.1408 		-100.5255 		3.5869
v 279.0565 		-93.4345 		7.1779
v 274.6081 		-92.3327 		0.049
v 221.1529 		-94.0636 		0.0386
v 276.7626 		-93.3539 		4.5039
v 274.2096 		-92.0688 		0.0505
v 282.699 		-97.4689 		2.7064
v 282.6812 		-97.5137 		1.8143
v 282.3311 		-100.5054 		7.1529
v 276.7626 		-93.3568 		5.3949
v 282.6919 		-97.4738 		1.8144
v 280.1909 		-97.9088 		7.1624
v 282.3311 		-100.5054 		7.1529
v 277.0022 		-103.1597 		2.685
v 276.9329 		-103.0614 		2.6852
v 280.1941 		-98.414 		7.1603
v 282.3311 		-100.5054 		7.1529
v 282.3311 		-100.5054 		7.1529
v 275.6725 		-97.0302 		7.165
v 275.9667 		-96.6192 		7.1669
v 283.2353 		-100.9622 		7.151
v 283.566 		-101.042 		7.1508
v 276.933 		-103.0575 		1.7932
v 283.9146 		-101.066 		7.1508
v 283.8158 		-97.2065 		0.032
v 284.0291 		-97.1312 		0.0322
v 219.225 		-92.8892 		7.176
v 220.1424 		-93.5632 		7.1736
v 219.6709 		-93.244 		7.1743
v 277.0063 		-103.212 		0.0099
v 276.988 		-103.1146 		0.9021
v 282.2924 		-100.4879 		6.261
v 279.6151 		-99.7921 		7.1553
v 276.9647 		-103.0783 		0.0102
v 279.1073 		-100.2343 		7.1533
v 276.933 		-103.0546 		0.9022
v 278.8114 		-100.3982 		7.153
v 278.4963 		-100.5198 		7.1527
v 276.5219 		-102.9466 		0.0104
v 279.8016 		-93.6708 		3.6114
v 220.6376 		-93.8459 		7.172
v 278.1679 		-100.5951 		7.1525
v 279.7815 		-93.6734 		4.5024
v 282.7412 		-97.4009 		0.0316
v 282.681 		-97.5289 		0.0313
v 280.5946 		-92.4081 		7.1821
v 280.383 		-92.6744 		7.1815
v 273.015 		-104.112 		7.1388
v 273.0115 		-104.367 		7.1382
v 281.7042 		-91.6932 		7.1847
v 281.2564 		-91.9105 		7.1842
v 275.6605 		-93.7495 		7.177
v 275.5785 		-93.754 		7.177
v 281.9418 		-91.6034 		7.1849
v 273.0656 		-103.6178 		7.1408
v 275.1964 		-103.7076 		0.0077
v 283.4515 		-101.0134 		3.5849
v 273.9891 		-104.6368 		0.0047
v 280.9519 		-92.1052 		7.1828
v 275.5051 		-93.7188 		7.1771
v 273.636 		-104.8049 		7.1363
v 275.4659 		-93.6711 		7.1772
v 282.8168 		-97.3682 		0.0316
v 274.322 		-104.4715 		0.005
v 217.6134 		-92.6181 		7.1755
v 218.0384 		-92.6255 		7.1755
v 217.6134 		-92.6181 		7.1765
v 217.0385 		-92.6081 		7.1755
v 217.0385 		-92.6081 		7.1765
v 274.6275 		-104.2768 		0.0055
v 218.0384 		-92.6255 		7.1765
v 283.9149 		-101.0534 		3.5848
v 274.9043 		-104.0566 		0.007
v 284.1531 		-101.0416 		3.5849
v 275.0652 		-103.8914 		0.0073
v 218.8077 		-92.5008 		7.1768
v 283.136 		-95.2304 		0.0392
v 285.0264 		-95.2803 		0.0392
v 284.659 		-95.1879 		0.0394
v 284.1712 		-95.1154 		0.0395
v 218.0479 		-92.0756 		7.1777
v 283.6942 		-95.1111 		0.0395
v 218.0645 		-91.1247 		7.1807
v 218.0646 		-91.1175 		5.1407
v 218.0481 		-92.0681 		5.1387
v 284.2673 		-99.1329 		7.158
v 218.0479 		-92.0756 		7.1787
v 284.8429 		-99.559 		7.1561
v 218.4219 		-92.0821 		7.1787
v 273.4845 		-102.5339 		7.1452
v 278.6 		-93.2885 		7.1791
v 273.1758 		-103.1486 		7.1428
v 278.6562 		-93.3335 		7.179
v 284.0083 		-99.0114 		7.1582
v 283.8461 		-98.9635 		7.1583
v 282.5678 		-92.0151 		0.051
v 278.5731 		-93.17 		7.1794
v 217.623 		-92.0682 		7.1777
v 217.6395 		-91.1173 		7.1807
v 217.6397 		-91.1101 		5.1407
v 217.6232 		-92.0607 		5.1387
v 273.3861 		-102.6722 		7.1439
v 217.623 		-92.0682 		7.1787
v 279.8188 		-99.5226 		7.1559
v 217.0481 		-92.0582 		7.1777
v 217.0646 		-91.1073 		7.1807
v 217.0648 		-91.1001 		5.1407
v 217.0483 		-92.0507 		5.1387
v 279.982 		-99.2274 		7.1575
v 217.0481 		-92.0582 		7.1787
v 280.1035 		-98.9115 		7.1582
v 282.4026 		-93.2334 		0.0464
v 282.5138 		-92.7643 		0.0484
v 278.6464 		-93.3245 		5.3951
v 278.5807 		-93.2483 		6.2872
v 278.5761 		-93.2253 		5.3963
v 219.2255 		-92.8629 		0.043
v 282.6999 		-98.6816 		7.1598
v 282.7167 		-98.1178 		7.162
v 219.6714 		-93.2187 		0.0413
v 278.6148 		-93.3009 		6.2871
v 277.5438 		-106 		7.133
v 278.3072 		-105.9863 		7.133
v 220.1429 		-93.538 		0.0407
v 277.3313 		-105.6853 		7.1336
v 220.6381 		-93.8196 		0.0391
v 278.3077 		-105.961 		0.0001
v 277.5444 		-105.9738 		0
v 274.2335 		-101.6234 		1.7991
v 282.1571 		-100.506 		1.8029
v 274.2314 		-101.7444 		1.7979
v 278.7285 		-92.1686 		7.1825
v 280.675 		-103.7751 		7.1409
v 278.7224 		-91.9434 		7.184
v 278.6493 		-91.6031 		7.1847
v 275.5586 		-93.7468 		6.285
v 280.8785 		-103.9777 		7.1404
v 281.063 		-104.1219 		7.1401
v 282.8412 		-98.8371 		7.1585
v 282.7647 		-98.8067 		7.1586
v 281.3688 		-104.3123 		7.1388
v 274.2455 		-101.6836 		1.798
v 281.4537 		-101.5569 		1.7996
v 273.3864 		-102.6586 		3.5779
v 278.5321 		-91.267 		7.1865
v 278.3127 		-90.8292 		7.1874
v 273.2159 		-103.0257 		3.5771
v 280.7125 		-103.8052 		3.5748
v 274.1231 		-94.8519 		7.1726
v 218.0389 		-92.6003 		0.0435
v 218.8082 		-92.4756 		0.0439
v 282.7827 		-98.8102 		5.3756
v 280.9715 		-104.0367 		3.5733
v 282.7072 		-98.7188 		6.2678
v 273.6366 		-104.7787 		0.0044
v 274.2258 		-101.6072 		2.6902
v 273.0121 		-104.3407 		0.0053
v 281.4627 		-101.5032 		0.9077
v 281.4826 		-101.4526 		0.0168
v 218.0389 		-92.6003 		0.0425
v 273.0339 		-103.836 		0.0073
v 281.8264 		-101.0065 		0.0178
v 281.475 		-104.3595 		3.5727
v 217.0391 		-92.5829 		0.0435
v 217.614 		-92.5929 		0.0435
v 275.6265 		-102.79 		0.0117
v 281.4539 		-101.5511 		0.0166
v 217.614 		-92.5929 		0.0425
v 275.777 		-102.7015 		0.9029
v 275.9968 		-102.7724 		0.0118
v 284.5632 		-99.3154 		3.5906
v 217.0391 		-92.5829 		0.0425
v 275.7561 		-102.6972 		0.0119
v 281.4698 		-101.6143 		0.9075
v 281.5044 		-101.6872 		7.1484
v 218.4224 		-92.0559 		0.0457
v 275.6796 		-102.7269 		0.0118
v 280.112 		-102.7372 		7.1451
v 218.0485 		-92.0493 		0.0457
v 281.4698 		-101.6104 		0.0165
v 274.1182 		-94.7898 		7.1727
v 218.065 		-91.0995 		0.0488
v 278.7227 		-91.9298 		3.617
v 280.5744 		-103.6383 		7.1412
v 217.6401 		-91.0921 		0.0487
v 217.6236 		-92.042 		0.0457
v 278.6175 		-91.4769 		3.619
v 217.0486 		-92.032 		0.0457
v 217.0652 		-91.0821 		0.0487
v 216.6831 		-98.2637 		7.1564
v 278.5945 		-93.2627 		4.0582
v 214.6268 		-96.7118 		7.1616
v 278.6634 		-93.329 		3.6121
v 273.485 		-102.5087 		0.0122
v 285.3469 		-100.0896 		0.022
v 281.4782 		-101.6461 		4.4734
v 285.1873 		-99.8918 		0.0224
v 274.1172 		-94.795 		5.3897
v 274.1232 		-94.848 		6.2816
v 215.2833 		-97.2673 		7.1595
v 278.9404 		-104.428 		7.1384
v 278.9393 		-104.202 		7.1389
v 278.7275 		-105.2225 		7.1357
v 285.1241 		-100.8208 		0.0194
v 273.3568 		-102.6945 		0.0118
v 273.2572 		-102.9018 		0.0103
v 282.1917 		-100.4778 		0.02
v 282.1572 		-100.5031 		0.9119
v 282.1287 		-100.5297 		0.0198
v 215.9704 		-97.7843 		7.1574
v 284.5163 		-100.9783 		0.019
v 278.8794 		-104.77 		7.1367
v 274.1711 		-101.5315 		0.0153
v 278.5707 		-105.5558 		7.134
v 274.1115 		-94.89 		4.0525
v 274.1221 		-94.8593 		3.6066
v 273.1133 		-103.3534 		0.0094
v 274.1986 		-101.79 		0.0148
v 274.1011 		-94.7428 		4.4988
v 274.2316 		-101.7376 		0.0149
v 274.226 		-101.5974 		0.0152
v 274.1184 		-94.7801 		4.4977
v 215.9709 		-97.7591 		0.0244
v 215.2838 		-97.241 		0.0265
v 275.5787 		-93.7414 		3.61
v 280.2007 		-98.3889 		0.0273
v 214.6273 		-96.6865 		0.0287
v 280.2065 		-98.0509 		0.029
v 216.6837 		-98.2385 		0.0234
v 274.665 		-101.5401 		0.0153
v 283.2358 		-100.937 		0.019
v 282.1889 		-95.7428 		1.8201
v 283.4517 		-101.0008 		0.0189
v 282.1479 		-95.746 		2.7121
v 283.7972 		-101.0358 		0.0179
v 276.8303 		-93.2007 		7.1792
v 276.8282 		-93.2627 		7.1791
v 276.7929 		-93.3361 		7.1779
v 282.2099 		-95.7441 		2.7121
v 277.4946 		-100.6074 		7.1525
v 276.1425 		-99.9708 		7.1548
v 216.6136 		-92.6007 		7.1755
v 216.6136 		-92.6007 		7.1765
v 216.0387 		-92.5907 		7.1755
v 216.0387 		-92.5907 		7.1765
v 277.1627 		-100.5426 		7.1526
v 282.0724 		-95.7147 		2.7121
v 282.1081 		-95.7324 		1.8201
v 273.635 		-95.5435 		7.1701
v 278.7748 		-105.0977 		3.5699
v 215.6137 		-92.5833 		7.1755
v 276.8157 		-93.2947 		5.395
v 215.6137 		-92.5833 		7.1765
v 215.0388 		-92.5733 		7.1755
v 215.0388 		-92.5733 		7.1765
v 272.4992 		-95.5238 		7.1701
v 276.8283 		-93.2588 		6.2871
v 272.1518 		-95.3763 		4.1704
v 272.1516 		-95.3867 		7.1703
v 212.85 		-94.8456 		7.1685
v 280.0382 		-102.6669 		7.1452
v 279.8982 		-102.6644 		7.1452
v 276.8435 		-100.433 		7.1528
v 276.6395 		-92.2053 		7.1824
v 276.7654 		-91.4103 		7.1851
v 282.2927 		-100.4752 		2.695
v 282.2484 		-95.7191 		0.0371
v 276.6545 		-91.8655 		7.1841
v 279.3936 		-102.8667 		7.1437
v 282.169 		-95.7387 		0.0371
v 213.4077 		-95.4994 		7.1661
v 282.0725 		-95.7079 		0.9291
v 282.0726 		-95.705 		0.0371
v 282.3316 		-100.4792 		0.02
v 214.001 		-96.1228 		7.1638
v 272.3428 		-95.4346 		4.1702
v 276.5431 		-100.2798 		7.1531
v 278.334 		-100.5377 		0.0196
v 214.6139 		-92.5659 		7.1755
v 214.6139 		-92.5659 		7.1765
v 214.039 		-92.5559 		7.1755
v 278.034 		-90.4083 		7.1893
v 277.2717 		-90.421 		7.1892
v 214.039 		-92.5559 		7.1765
v 278.8101 		-100.367 		0.02
v 277.0071 		-90.8515 		7.1873
v 213.614 		-92.5485 		7.1755
v 280.0887 		-102.697 		5.3611
v 284.1534 		-101.029 		0.0179
v 280.0382 		-102.663 		6.2532
v 213.614 		-92.5486 		7.1764
v 279.2456 		-100.1115 		0.0216
v 213.0391 		-92.5386 		7.1754
v 213.0391 		-92.5386 		7.1764
v 273.1473 		-93.7438 		7.1769
v 279.5005 		-99.8899 		0.0221
v 211.8461 		-93.4499 		7.1734
v 276.6707 		-91.7381 		3.6173
v 212.3288 		-94.1614 		7.1709
v 276.6377 		-91.9666 		3.6169
v 278.7486 		-103.2075 		7.143
v 274.011 		-95.033 		7.1722
v 273.3354 		-94.0271 		7.1753
v 212.6142 		-92.5312 		7.1754
v 212.6142 		-92.5312 		7.1764
v 211.6144 		-92.5138 		7.1754
v 212.0393 		-92.5212 		7.1754
v 276.6328 		-92.0805 		3.6166
v 211.6144 		-92.5138 		7.1764
v 272.9698 		-93.3096 		7.1778
v 212.0393 		-92.5212 		7.1764
v 211.4028 		-92.7131 		7.176
v 276.7932 		-93.3235 		3.612
v 278.7849 		-103.0721 		7.1433
v 216.6232 		-92.0508 		7.1777
v 216.6397 		-91.0999 		7.1807
v 216.6398 		-91.0927 		5.1407
v 216.6233 		-92.0433 		5.1387
v 216.6232 		-92.0508 		7.1787
v 216.0482 		-92.0408 		7.1777
v 216.0648 		-91.0899 		7.1807
v 216.0649 		-91.0827 		5.1407
v 216.0484 		-92.0333 		5.1387
v 216.0482 		-92.0408 		7.1787
v 278.8528 		-103.0253 		7.1434
v 274.0744 		-94.72 		7.1729
v 215.6233 		-92.0334 		7.1777
v 215.6398 		-91.0826 		7.1807
v 215.64 		-91.0753 		5.1407
v 215.6235 		-92.0259 		5.1387
v 215.6233 		-92.0334 		7.1787
v 215.0484 		-92.0234 		7.1776
v 215.0649 		-91.0726 		7.1807
v 215.0651 		-91.0653 		5.1407
v 215.0486 		-92.0159 		5.1387
v 215.0484 		-92.0234 		7.1786
v 284.8435 		-99.5327 		0.0241
v 284.6592 		-99.3745 		0.0244
v 284.3677 		-99.1694 		0.0249
v 275.807 		-99.5929 		7.1555
v 214.6235 		-92.016 		7.1776
v 275.3929 		-98.4985 		7.1599
v 275.5014 		-98.9925 		7.1578
v 278.7498 		-103.1387 		5.3601
v 278.7634 		-103.1029 		6.2512
v 276.8285 		-93.2486 		3.3891
v 281.3473 		-94.625 		1.8244
v 275.3787 		-97.9932 		7.1619
v 273.0943 		-93.6292 		3.6111
v 273.2641 		-93.9282 		3.6095
v 278.8165 		-103.0408 		6.2513
v 279.8144 		-99.4933 		0.0239
v 276.8305 		-93.244 		4.9501
v 281.3452 		-94.746 		1.8242
v 214.64 		-91.0652 		7.1807
v 214.6401 		-91.058 		5.1407
v 214.6236 		-92.0085 		5.1386
v 214.6235 		-92.016 		7.1786
v 214.0486 		-92.006 		7.1776
v 214.0651 		-91.0552 		7.1807
v 214.0652 		-91.048 		5.1407
v 214.0487 		-91.9985 		5.1386
v 214.0486 		-92.006 		7.1786
v 276.8036 		-91.2844 		3.6193
v 281.3331 		-94.6887 		2.7163
v 213.6236 		-91.9986 		7.1776
v 213.6401 		-91.0478 		7.1807
v 213.6403 		-91.0406 		5.1407
v 213.6238 		-91.9911 		5.1386
v 213.6236 		-91.9986 		7.1786
v 213.0487 		-91.9886 		7.1776
v 278.8166 		-103.0379 		5.3603
v 282.7076 		-98.7033 		1.8098
v 213.0652 		-91.0378 		7.1806
v 281.7252 		-95.2099 		0.0392
v 213.0654 		-91.0306 		5.1407
v 213.0489 		-91.9811 		5.1386
v 274.783 		-92.51 		7.1816
v 213.0487 		-91.9886 		7.1786
v 274.4149 		-92.2206 		7.1822
v 280.0492 		-99.0453 		0.0249
v 283.8467 		-98.9373 		0.0263
v 284.0615 		-99.0061 		0.0252
v 281.3657 		-94.7756 		0.0411
v 280.1478 		-98.723 		0.0266
v 281.3803 		-94.5658 		0.0415
v 275.0035 		-92.7689 		7.1801
v 212.6238 		-91.9812 		7.1776
v 274.9401 		-92.6758 		7.1803
v 212.637 		-91.2184 		7.18
v 281.336 		-94.6991 		0.0413
v 212.6238 		-91.9775 		6.1626
v 212.6238 		-91.9813 		7.1786
v 212.0489 		-91.9713 		7.1776
v 211.6239 		-91.9639 		7.1776
v 278.7499 		-103.1354 		4.2451
v 212.0621 		-91.2084 		7.18
v 211.6372 		-91.201 		7.18
v 211.6239 		-91.9639 		7.1786
v 211.624 		-91.9601 		6.1626
v 278.7719 		-103.0782 		4.4683
v 211 		-91.953 		7.1786
v 281.3391 		-94.6371 		0.0414
v 280.1654 		-97.7161 		0.0298
v 275.4315 		-97.6591 		7.1627
v 274.9404 		-92.6632 		3.6143
v 274.8659 		-92.5769 		3.6145
v 212.0489 		-91.9675 		6.1626
v 212.0489 		-91.9713 		7.1786
v 276.8504 		-104.2387 		7.1387
v 276.8464 		-104.3516 		7.1384
v 276.8965 		-104.6916 		7.1377
v 277.0968 		-105.2511 		7.1355
v 278.8328 		-103.0223 		4.4684
v 282.7172 		-98.0916 		0.0291
v 282.7004 		-98.6554 		0.0269
v 212.6403 		-91.0304 		7.1806
v 212.0654 		-91.0204 		7.1806
v 211.6404 		-91.013 		7.1806
v 271.7453 		-95.3426 		7.1704
v 271.5352 		-95.345 		7.1704
v 280.0205 		-102.6498 		4.9162
v 270.6775 		-95.4921 		7.17
v 282.8417 		-98.8108 		0.0266
v 282.7241 		-98.7338 		0.0267
v 271.1083 		-95.3936 		7.1703
v 274.6996 		-92.418 		3.6148
v 282.7652 		-98.7805 		0.0266
v 276.8767 		-104.5656 		3.571
v 274.3154 		-92.1412 		3.6164
v 277.0039 		-105.0159 		3.57
v 216.6141 		-92.5755 		0.0435
v 278.7543 		-103.112 		3.5772
v 216.0392 		-92.5655 		0.0435
v 278.7943 		-103.0527 		3.5773
v 216.6141 		-92.5755 		0.0425
v 278.0848 		-95.7747 		0.0368
v 277.7471 		-95.7568 		0.0368
v 216.0392 		-92.5655 		0.0425
v 276.9972 		-103.1561 		7.143
v 277.0058 		-103.2382 		7.1428
v 273.4079 		-91.753 		7.1842
v 272.7988 		-92.2125 		7.1821
v 215.6143 		-92.5581 		0.0435
v 277.2468 		-95.8241 		0.0366
v 282.0949 		-93.8481 		0.0441
v 215.0394 		-92.5481 		0.0435
v 272.8381 		-92.7162 		7.1801
v 215.6143 		-92.5581 		0.0425
v 282.272 		-93.5582 		0.0457
v 273.8809 		-91.9293 		7.1828
v 215.0394 		-92.5481 		0.0425
v 276.1389 		-99.9495 		0.0218
v 276.4023 		-100.1621 		0.0213
v 276.8949 		-103.0593 		7.1432
v 214.0015 		-96.0966 		0.0309
v 276.3482 		-102.9198 		7.1435
v 213.4082 		-95.4742 		0.0332
v 276.6913 		-100.3351 		0.02
v 276.767 		-95.9838 		0.0363
v 212.8505 		-94.8194 		0.0355
v 277.1653 		-100.5114 		0.0196
v 214.0395 		-92.5307 		0.0435
v 214.6144 		-92.5407 		0.0435
v 214.6144 		-92.5407 		0.0425
v 276.4721 		-96.1477 		0.0359
v 214.0395 		-92.5307 		0.0425
v 277.002 		-103.1694 		5.36
v 276.9327 		-103.0711 		5.3602
v 277.6629 		-100.5961 		0.0195
v 213.6146 		-92.5233 		0.0435
v 276.2015 		-96.351 		0.0345
v 279.9587 		-102.6359 		3.1333
v 213.0397 		-92.5133 		0.0435
v 213.6146 		-92.5233 		0.0425
v 280.078 		-97.3896 		0.0314
v 213.0397 		-92.5133 		0.0425
v 279.8589 		-96.9337 		0.0324
v 278.0011 		-100.5899 		0.0195
v 212.3294 		-94.1352 		0.038
v 211.8467 		-93.4237 		0.0405
v 279.5589 		-96.5264 		0.0343
v 276.9326 		-103.074 		6.2512
v 212.6147 		-92.5059 		0.0435
v 276.1848 		-93.5153 		0.0445
v 211.6149 		-92.4886 		0.0435
v 212.0398 		-92.4959 		0.0435
v 211.4034 		-92.6869 		0.043
v 273.6356 		-95.5183 		0.0371
v 212.6147 		-92.5059 		0.0425
v 279.3119 		-96.2961 		0.0347
v 211.6149 		-92.4886 		0.0425
v 212.0398 		-92.4959 		0.0425
v 280.7128 		-103.7915 		0.0078
v 281.0636 		-104.0957 		0.0072
v 272.4997 		-95.4985 		0.0371
v 281.3693 		-104.287 		0.0068
v 275.716 		-99.425 		0.0239
v 275.5622 		-99.1243 		0.0245
v 275.9092 		-99.7024 		0.0223
v 275.9633 		-96.5899 		0.0339
v 281.9299 		-104.5468 		0.0053
v 275.7606 		-96.8594 		0.0324
v 276.9878 		-103.1263 		4.0221
v 276.9328 		-103.0643 		3.5772
v 216.6402 		-91.0747 		0.0487
v 216.6237 		-92.0246 		0.0457
v 216.0488 		-92.0146 		0.0457
v 279.0362 		-96.1023 		0.0361
v 275.4759 		-97.4706 		0.031
v 216.0653 		-91.0647 		0.0487
v 278.5758 		-95.8942 		0.0366
v 273.3359 		-94.0019 		0.0433
v 274.075 		-94.6948 		0.0409
v 275.3703 		-98.1358 		0.0286
v 273.0063 		-93.398 		0.0456
v 284.6124 		-96.7676 		7.167
v 215.6404 		-91.0573 		0.0487
v 215.6239 		-92.0072 		0.0457
v 284.4258 		-96.9173 		7.1657
v 285.2744 		-96.028 		7.1696
v 274.9842 		-103.9992 		7.1401
v 275.1959 		-103.7328 		7.1407
v 215.0489 		-91.9972 		0.0457
v 273.0946 		-93.6156 		0.0442
v 274.7241 		-104.2327 		7.1386
v 215.0655 		-91.0473 		0.0487
v 284.7903 		-96.6026 		7.1674
v 273.9886 		-104.663 		7.1376
v 275.3875 		-98.4732 		0.0269
v 274.4256 		-104.4346 		7.1381
v 275.5964 		-97.1546 		0.0317
v 285.0411 		-96.3279 		7.168
v 275.4527 		-98.8054 		0.0262
v 214.6405 		-91.04 		0.0487
v 214.624 		-91.9898 		0.0457
v 214.0491 		-91.9798 		0.0457
v 279.8811 		-93.6454 		1.8284
v 214.0656 		-91.03 		0.0487
v 274.7694 		-95.538 		0.0371
v 213.6407 		-91.0226 		0.0487
v 213.6242 		-91.9724 		0.0457
v 213.0493 		-91.9624 		0.0457
v 213.0658 		-91.0126 		0.0487
v 211.641 		-90.9878 		0.0487
v 211.6245 		-91.9376 		0.0456
v 212.6408 		-91.0052 		0.0487
v 279.9307 		-93.6112 		2.7195
v 212.0659 		-90.9952 		0.0487
v 212.6243 		-91.955 		0.0457
v 279.772 		-93.6517 		0.0444
v 212.0494 		-91.945 		0.0456
v 284.1295 		-97.1022 		7.1653
v 283.9238 		-97.2006 		7.1651
v 279.863 		-93.6493 		0.0444
v 274.1099 		-94.7551 		2.7148
v 274.1158 		-94.8763 		2.7145
v 274.6272 		-104.2894 		3.5725
v 211.0006 		-91.9268 		0.0456
v 275.065 		-103.904 		3.5733
v 281.505 		-101.662 		0.0154
v 282.0298 		-95.6855 		7.1702
v 282.0721 		-95.7312 		7.1701
v 283.8152 		-97.2328 		7.165
v 282.1475 		-95.7625 		7.17
v 275.6638 		-102.7668 		7.1438
v 275.7765 		-102.7288 		7.1439
v 275.6259 		-102.8162 		7.1437
v 282.2478 		-95.7453 		7.1701
v 282.6912 		-97.5143 		7.1633
v 275.5054 		-93.7023 		2.7191
v 275.6197 		-93.7412 		2.719
v 282.7407 		-97.4271 		7.1645
v 282.8163 		-97.3934 		7.1646
v 273.8509 		-95.212 		0.0388
v 282.758 		-97.4096 		5.3806
v 279.9525 		-93.5658 		0.0446
v 271.9516 		-95.329 		0.0384
v 275.7876 		-102.7198 		5.286
v 275.7881 		-102.7208 		5.3909
v 271.5357 		-95.3198 		0.0384
v 280.1125 		-102.711 		0.0121
v 280.5749 		-103.6131 		0.0092
v 279.9156 		-93.6152 		0.0445
v 279.9156 		-93.6181 		0.9365
v 284.3289 		-96.969 		3.5996
v 284.7021 		-96.6725 		3.6002
v 274.1159 		-94.8724 		1.8235
v 275.6557 		-102.7688 		5.8068
v 284.9607 		-96.4109 		3.6018
v 274.1259 		-94.8115 		1.8237
v 274.2434 		-101.683 		7.148
v 275.55 		-93.7241 		1.827
v 275.6246 		-93.7345 		1.827
v 274.1981 		-101.8152 		7.1477
v 282.0723 		-95.7176 		3.6041
v 271.1088 		-95.3683 		0.0383
v 274.1706 		-101.5577 		7.1483
v 282.2098 		-95.7509 		4.4951
v 270.678 		-95.4669 		0.0371
v 275.62 		-93.7265 		0.044
v 281.337 		-94.6943 		7.1743
v 281.7246 		-95.2361 		7.1721
v 281.3651 		-94.8018 		7.1731
v 272.7994 		-92.1863 		0.0492
v 272.8794 		-92.9338 		0.0466
v 273.4085 		-91.7268 		0.0512
v 275.4664 		-93.6449 		0.0442
v 274.2311 		-101.757 		5.3648
v 274.2332 		-101.636 		5.3651
v 281.3798 		-94.592 		7.1745
v 273.7653 		-91.856 		0.0509
v 275.559 		-93.7274 		0.936
v 275.5056 		-93.6925 		0.0441
v 281.3441 		-94.7486 		5.3902
v 281.3329 		-94.7013 		6.2823
v 274.2428 		-101.7201 		6.2559
v 278.9399 		-104.1768 		0.0069
v 278.6262 		-105.4195 		0.0022
v 281.347 		-94.6377 		5.3904
v 278.852 		-104.8584 		0.0044
v 278.9249 		-104.5166 		0.0052
v 274.1237 		-94.8257 		0.0396
v 274.0973 		-94.9032 		0.0395
v 282.0944 		-93.8733 		7.1771
v 262.278 		-101.3207 		0.0152
v 262.2999 		-100.0611 		0.0197
v 274.1188 		-94.7646 		0.0408
v 262.278 		-101.3207 		0.0152
v 259.8801 		-95.3043 		7.1699
v 259.7757 		-101.3074 		7.1481
v 282.1629 		-93.7845 		7.1773
v 259.8798 		-95.3203 		7.1689
v 259.7758 		-101.3034 		7.1471
v 259.7983 		-100.0176 		0.0197
v 259.8807 		-95.2791 		0.0369
v 259.8804 		-95.2941 		0.0369
v 249.4079 		-101.0969 		0.015
v 259.7763 		-101.2812 		0.0151
v 259.7764 		-101.2772 		0.0151
v 244.871 		-101.0482 		7.1479
v 244.9754 		-95.0452 		7.1697
v 242.281 		-100.973 		0.0149
v 242.281 		-100.973 		0.0149
v 242.3029 		-99.7134 		0.0195
v 244.8935 		-99.7584 		0.0195
v 244.8716 		-101.018 		0.0149
v 279.2302 		-93.4623 		0.0458
v 244.9759 		-95.0199 		0.0367
v 244.8715 		-101.022 		0.0149
v 244.9751 		-95.0612 		7.1687
v 244.8711 		-101.0442 		7.1469
v 244.9756 		-95.0349 		0.0367
v 278.7501 		-103.1261 		1.7931
v 280.3835 		-92.6492 		0.0486
v 223.9586 		-100.6606 		7.1477
v 281.4759 		-91.7701 		0.0515
v 224.817 		-100.6995 		7.1476
v 276.7628 		-93.3471 		2.7199
v 278.8169 		-103.0233 		1.3484
v 276.8159 		-93.285 		2.721
v 223.9591 		-100.6344 		0.0147
v 278.833 		-103.0165 		2.6854
v 281.9424 		-91.5771 		0.0519
v 224.8176 		-100.6733 		0.0147
v 281.1528 		-91.9475 		0.0511
v 280.8543 		-92.1483 		0.0507
v 279.5543 		-96.5566 		7.1672
v 280.6746 		-92.3002 		0.0493
v 221.4131 		-100.2653 		7.1494
v 222.2541 		-100.4429 		7.148
v 223.1029 		-100.5757 		7.1478
v 276.6401 		-92.179 		0.0494
v 276.728 		-91.4975 		0.0519
v 280.0574 		-102.6568 		1.7952
v 276.655 		-91.8393 		0.0511
v 280.0162 		-97.2577 		7.1647
v 279.5662 		-102.7815 		0.0119
v 279.9289 		-102.6317 		0.0123
v 279.9799 		-102.6265 		0.9043
v 280.0576 		-102.65 		0.0122
v 221.4136 		-100.239 		0.0164
v 223.1035 		-100.5495 		0.0148
v 222.2546 		-100.4177 		0.0161
v 278.5736 		-93.1438 		0.0464
v 278.6152 		-93.2814 		0.9371
v 278.6835 		-93.3227 		0.0461
v 278.5718 		-93.1887 		0.9383
v 278.6153 		-93.2785 		0.0461
v 278.729 		-92.1434 		0.0506
v 278.7019 		-91.8038 		0.0513
v 218.9657 		-99.4586 		7.152
v 219.7664 		-99.7726 		7.1503
v 220.5828 		-100.0408 		7.1498
v 278.5747 		-91.3526 		0.0533
v 278.3133 		-90.8029 		0.0554
v 217.4226 		-98.7037 		7.1545
v 218.1838 		-99.103 		7.1527
v 217.4231 		-98.6784 		0.0215
v 220.5834 		-100.0156 		0.0168
v 218.9662 		-99.4334 		0.019
v 219.7669 		-99.7463 		0.0184
v 218.1843 		-99.0767 		0.0207
# 807 vertices

g group_1_6383466

usemtl color_6383466
s 0

f 1433 	2090 	1424
f 1959 	1952 	1418
f 1418 	1420 	1959
f 1433 	1424 	1421
f 2185 	1435 	1414
f 1655 	1431 	1436
f 1411 	1423 	1441
f 1655 	1441 	1431
f 1452 	1436 	1431
f 1467 	1442 	1443
f 1959 	1420 	1445
f 1458 	2075 	1429
f 1444 	1447 	1474
f 1431 	1441 	1452
f 1462 	1474 	1447
f 1469 	1462 	1447
f 1470 	1471 	1446
f 1447 	1689 	1469
f 1434 	2175 	1425
f 1453 	1439 	1471
f 1429 	1454 	1458
f 1429 	1428 	1454
f 1459 	1448 	1450
f 1470 	1446 	1442
f 1477 	1436 	1452
f 1502 	1503 	1449
f 1514 	1502 	1449
f 1411 	1460 	1423
f 1459 	1461 	2196
f 1460 	1465 	1423
f 1465 	1441 	1423
f 1462 	1469 	1689
f 1439 	1446 	1471
f 1455 	1486 	1457
f 1452 	1441 	1465
f 1486 	1455 	1487
f 1591 	1475 	1471
f 1452 	1465 	1477
f 1453 	1471 	1475
f 1478 	1417 	1476
f 1428 	1436 	1477
f 2198 	2196 	1461
f 1477 	1479 	1428
f 1454 	1428 	1479
f 1479 	1483 	1454
f 1432 	1952 	1951
f 1483 	1458 	1454
f 1432 	1418 	1952
f 1500 	1468 	1473
f 1411 	1485 	1460
f 1413 	1485 	1411
f 2198 	1461 	1466
f 1418 	1491 	1420
f 1435 	1466 	1414
f 1670 	1486 	1487
f 1437 	1464 	1435
f 1448 	1459 	1493
f 1485 	1465 	1460
f 1480 	1503 	1490
f 1490 	1503 	1502
f 1498 	1495 	1496
f 1504 	1505 	1468
f 2210 	1495 	1498
f 1468 	1500 	1504
f 1503 	1480 	1449
f 1489 	1445 	1420
f 1420 	1491 	1489
f 1618 	1547 	1444
f 1444 	1547 	1447
f 1999 	1489 	1491
f 1444 	1449 	1618
f 1473 	1472 	1500
f 1497 	2132 	1499
f 2135 	1506 	1501
f 1641 	1642 	1507
f 1418 	1607 	1605
f 2133 	1641 	1507
f 1512 	1514 	1515
f 1507 	1506 	2135
f 1468 	1516 	1440
f 2133 	1507 	2135
f 1468 	1505 	1516
f 1499 	2136 	1501
f 1449 	1676 	1723
f 1492 	1594 	1494
f 1513 	1517 	1941
f 1488 	1494 	1592
f 1514 	1490 	1502
f 1449 	1723 	1514
f 1466 	1435 	1464
f 1414 	1466 	1461
f 1449 	1444 	1676
f 1525 	1521 	1522
f 1456 	1493 	1518
f 1474 	1657 	1672
f 1522 	1558 	1525
f 1524 	1519 	1491
f 1461 	1450 	1414
f 1527 	1745 	1523
f 1521 	1433 	1421
f 1745 	1535 	1523
f 1450 	1461 	1459
f 1527 	1523 	1531
f 1527 	1531 	1532
f 1419 	1433 	1525
f 1521 	1525 	1433
f 1448 	1493 	1456
f 1537 	1529 	1553
f 2019 	1553 	1529
f 1538 	1510 	1602
f 1539 	1540 	1415
f 1540 	1492 	2100
f 1535 	1571 	1536
f 1742 	1740 	1530
f 1745 	1571 	1535
f 1526 	1742 	1530
f 1529 	1545 	1528
f 1504 	1516 	1505
f 1528 	1545 	1544
f 1982 	1528 	1544
f 1546 	1514 	1512
f 1534 	1451 	1663
f 1497 	1544 	2132
f 1480 	1490 	1546
f 1548 	1544 	1545
f 1557 	1554 	1516
f 1546 	1490 	1514
f 2120 	2126 	1520
f 1557 	1516 	1504
f 1548 	1545 	1550
f 1545 	1529 	1537
f 1545 	1537 	1550
f 1480 	1546 	1523
f 2207 	1448 	2206
f 1553 	1548 	1550
f 1523 	1546 	1531
f 1426 	2132 	1544
f 1532 	1745 	1527
f 1542 	2211 	1555
f 1533 	1919 	2024
f 1537 	1553 	1550
f 1554 	1557 	1504
f 1554 	1504 	1500
f 1456 	1518 	1555
f 1555 	1640 	1542
f 1559 	1558 	1522
f 1548 	1416 	1544
f 1426 	1544 	1416
f 1564 	1565 	1482
f 1586 	1510 	1538
f 1568 	1564 	1482
f 1540 	1539 	1591
f 1484 	1568 	1482
f 1542 	1638 	1543
f 1543 	1634 	1541
f 1482 	1565 	1481
f 1586 	1536 	1571
f 1565 	1573 	1481
f 2043 	1563 	1575
f 1721 	1546 	1512
f 1481 	1573 	1560
f 1521 	1559 	1522
f 1586 	1538 	1536
f 1559 	1521 	1421
f 1549 	1447 	1547
f 1419 	1525 	1577
f 1525 	1558 	1577
f 1577 	2088 	1419
f 1585 	1580 	1581
f 1579 	1581 	1580
f 1583 	1582 	1756
f 1472 	2139 	1561
f 1590 	1603 	1585
f 1603 	1601 	1585
f 1547 	1806 	1549
f 1443 	1592 	1467
f 1541 	1590 	1724
f 2180 	1573 	1565
f 1467 	1592 	1593
f 1724 	1543 	1541
f 1618 	1449 	1480
f 1442 	1467 	1594
f 1593 	1594 	1467
f 1595 	1612 	1580
f 1586 	1588 	1510
f 1598 	1614 	1597
f 1470 	1594 	1596
f 1599 	1598 	1597
f 1599 	1597 	1595
f 1471 	1470 	1596
f 1509 	1602 	1508
f 1591 	1453 	1475
f 1810 	1806 	1547
f 1602 	1510 	1508
f 1580 	1585 	1595
f 1601 	1595 	1585
f 1596 	1591 	1471
f 1470 	1442 	1594
f 1595 	1601 	1603
f 1443 	1488 	1592
f 1593 	1494 	1594
f 1792 	1556 	1552
f 1492 	1596 	1594
f 1494 	1593 	1592
f 1432 	1516 	1607
f 1540 	1596 	1492
f 1540 	1591 	1596
f 1607 	1418 	1432
f 1579 	1580 	1612
f 1612 	1595 	1613
f 1597 	1613 	1595
f 1614 	1613 	1597
f 1612 	1613 	1615
f 1614 	1615 	1613
f 1675 	1578 	1572
f 2178 	1568 	1610
f 1612 	1617 	1581
f 1612 	1581 	1579
f 1538 	1600 	1536
f 1622 	1621 	1620
f 1622 	1620 	1619
f 1608 	1609 	1535
f 1608 	1536 	1600
f 1582 	1583 	1619
f 1624 	1619 	1583
f 1538 	1602 	1600
f 1581 	1617 	1583
f 1624 	1583 	1617
f 1535 	1536 	1608
f 1617 	1612 	1619
f 1617 	1619 	1624
f 1623 	1618 	1480
f 1615 	1622 	1619
f 1615 	1619 	1612
f 1480 	1625 	1623
f 1595 	1690 	1599
f 1566 	1445 	1489
f 1750 	1751 	1611
f 1693 	1598 	1599
f 1567 	1566 	1650
f 1700 	1615 	1614
f 1482 	1481 	1627
f 2086 	1650 	1566
f 1626 	1627 	1481
f 1484 	1482 	1627
f 1615 	1700 	1622
f 1632 	1530 	1625
f 1484 	1627 	1610
f 1628 	1630 	1629
f 1623 	1866 	1618
f 1478 	1476 	1683
f 1632 	1633 	1530
f 1629 	1635 	1628
f 1628 	1635 	1607
f 1625 	1654 	1632
f 1637 	1728 	1636
f 1609 	1653 	1523
f 1523 	1535 	1609
f 1640 	2213 	1638
f 1866 	1623 	1895
f 1642 	1636 	1639
f 2215 	1518 	1493
f 1625 	1895 	1623
f 1530 	1899 	1625
f 1607 	1635 	1605
f 1899 	1530 	1740
f 1526 	1530 	1633
f 1636 	1642 	1637
f 1605 	1635 	1629
f 1642 	1641 	1637
f 1526 	1633 	2084
f 1605 	1629 	1611
f 1721 	1512 	1644
f 1611 	1629 	1630
f 1723 	1644 	1512
f 1515 	1723 	1512
f 1640 	1638 	1542
f 1555 	1518 	1640
f 2086 	1739 	1650
f 1634 	1543 	1638
f 1541 	1634 	1631
f 1523 	1653 	1654
f 1541 	1631 	1590
f 1645 	1656 	1734
f 1411 	1441 	1655
f 1655 	1413 	1411
f 1645 	1486 	1656
f 1604 	2109 	1708
f 1654 	1480 	1523
f 1708 	1658 	1604
f 1436 	1652 	1655
f 1625 	1480 	1654
f 1657 	1474 	1462
f 1656 	1486 	1643
f 1606 	1616 	1658
f 1710 	1657 	1462
f 1616 	1604 	1658
f 1734 	1656 	1643
f 1719 	1720 	1658
f 1650 	1574 	1567
f 1457 	1486 	1645
f 1720 	1661 	1658
f 1701 	1659 	1649
f 1647 	1698 	1662
f 1658 	1661 	1606
f 1654 	1653 	1666
f 1652 	1651 	1667
f 1670 	1643 	1486
f 1632 	1654 	1668
f 1652 	1667 	1655
f 1816 	1534 	1663
f 1668 	1654 	1666
f 1665 	1590 	1631
f 1575 	1563 	1669
f 1669 	1563 	1671
f 1840 	1576 	1817
f 1515 	1514 	1723
f 1665 	1603 	1590
f 1474 	1672 	1673
f 1673 	1444 	1474
f 1696 	1693 	1674
f 1567 	1695 	1663
f 1413 	1655 	1677
f 1676 	1444 	1673
f 1671 	1562 	1675
f 1681 	1673 	1672
f 1664 	1679 	1682
f 1664 	1682 	1674
f 1938 	1653 	1896
f 1609 	1896 	1653
f 1478 	1683 	1684
f 1682 	1696 	1674
f 1671 	1563 	1562
f 1703 	1702 	1686
f 1647 	1662 	1667
f 1669 	1671 	1675
f 1667 	1651 	1647
f 1681 	1672 	1688
f 1687 	1684 	1683
f 1675 	1572 	1669
f 1678 	1946 	1686
f 1688 	1672 	1657
f 1574 	1576 	1840
f 1603 	1690 	1595
f 1775 	1689 	1447
f 1691 	1687 	1683
f 1692 	1689 	1775
f 1693 	1599 	1690
f 1694 	1681 	1688
f 1690 	1665 	1664
f 1690 	1603 	1665
f 1693 	1690 	1664
f 1683 	1476 	1691
f 1692 	1429 	1689
f 1693 	1696 	1598
f 1664 	1674 	1693
f 1663 	1695 	1713
f 1429 	1698 	1647
f 1614 	1699 	1700
f 1574 	1695 	1567
f 1614 	1598 	1696
f 1614 	1696 	1699
f 1648 	1697 	1649
f 1647 	1428 	1429
f 1428 	1647 	1651
f 1700 	1702 	1622
f 1649 	1697 	1701
f 1679 	1678 	1702
f 1679 	1702 	1700
f 1648 	1646 	1697
f 1652 	1436 	1651
f 1679 	1700 	1682
f 1699 	1682 	1700
f 1696 	1682 	1699
f 1622 	1702 	1621
f 1703 	1621 	1702
f 1600 	1602 	1685
f 1678 	1686 	1702
f 1651 	1436 	1428
f 1703 	1686 	2020
f 1687 	1691 	1744
f 1692 	1698 	1429
f 2075 	1689 	1429
f 1705 	1630 	1628
f 1707 	1705 	1628
f 2112 	2145 	1727
f 1710 	1462 	1689
f 1666 	1653 	1938
f 1707 	1628 	1607
f 1476 	2103 	1691
f 1574 	1840 	1695
f 1657 	1710 	1688
f 1509 	1709 	1711
f 2097 	1698 	1692
f 1712 	1713 	1695
f 1590 	1585 	1724
f 1680 	1734 	1744
f 1680 	1744 	1691
f 1602 	1509 	1711
f 1709 	1509 	1508
f 1709 	1508 	1718
f 1708 	1719 	1658
f 1721 	1644 	1722
f 1723 	1721 	1722
f 1712 	1695 	1840
f 1728 	1637 	1641
f 1731 	1661 	1720
f 1644 	1723 	1722
f 1562 	1569 	1731
f 1729 	1712 	1730
f 1643 	1735 	1734
f 1729 	1713 	1712
f 1712 	1736 	1730
f 1730 	1736 	1733
f 1457 	1645 	1732
f 1731 	1675 	1562
f 1732 	1645 	1734
f 1569 	1606 	1731
f 1732 	1680 	1708
f 1712 	1840 	1733
f 1732 	1734 	1680
f 1606 	1661 	1731
f 1734 	1735 	1744
f 1733 	1736 	1712
f 1725 	1718 	1510
f 1727 	1735 	1643
f 1678 	1679 	1737
f 1737 	1738 	1678
f 1866 	1723 	1676
f 1718 	1508 	1510
f 1737 	1714 	1738
f 1670 	1487 	1727
f 1670 	1727 	1643
f 2085 	1574 	1650
f 2085 	1650 	1739
f 1727 	1744 	1735
f 1706 	1738 	1714
f 1570 	1708 	1680
f 1726 	1717 	1764
f 1718 	1725 	1709
f 1587 	1584 	1720
f 1738 	1706 	1741
f 1605 	1611 	1751
f 1709 	1725 	1711
f 1737 	1724 	1714
f 1737 	1743 	1724
f 1704 	1724 	1743
f 1731 	1584 	1578
f 1532 	1788 	1745
f 1779 	1782 	1649
f 1731 	1720 	1584
f 1750 	1611 	1778
f 1757 	1759 	1706
f 1747 	1571 	1745
f 1589 	1587 	1720
f 1778 	1611 	1646
f 1719 	1589 	1720
f 1675 	1731 	1578
f 1747 	1749 	1571
f 2013 	2012 	1744
f 1583 	1724 	1581
f 1724 	1583 	1714
f 1714 	1757 	1706
f 1585 	1581 	1724
f 1954 	1828 	1556
f 1719 	1708 	1570
f 1751 	1752 	1605
f 1589 	1719 	1570
f 1748 	1753 	1746
f 1829 	1756 	1582
f 1756 	1829 	1757
f 1756 	1757 	1583
f 1418 	1752 	1491
f 1752 	1524 	1491
f 1758 	1765 	1759
f 1762 	1761 	1748
f 2114 	2010 	1727
f 1762 	1748 	1746
f 1583 	1757 	1714
f 1752 	1418 	1605
f 1533 	1534 	1763
f 1534 	1816 	1763
f 1717 	1728 	1764
f 1766 	1524 	1752
f 1767 	1759 	1765
f 1766 	1752 	1771
f 1772 	1773 	1770
f 1767 	1706 	1759
f 1764 	2135 	1726
f 1751 	1750 	1771
f 1752 	1751 	1771
f 1549 	1776 	1775
f 1447 	1549 	1775
f 1648 	1778 	1646
f 1780 	1546 	1721
f 1453 	1591 	1781
f 1549 	1551 	1776
f 1648 	1649 	1782
f 1591 	1539 	1781
f 1782 	1778 	1648
f 1783 	1776 	1551
f 1762 	1786 	1889
f 1780 	1531 	1546
f 1789 	1767 	1769
f 1789 	1706 	1767
f 1769 	1785 	1789
f 1749 	1586 	1571
f 1749 	1588 	1586
f 1770 	1790 	1772
f 1971 	1760 	1777
f 1812 	1782 	1779
f 1741 	1706 	1789
f 1800 	1878 	1779
f 1779 	1649 	1659
f 1793 	1855 	1794
f 1796 	1797 	1660
f 1856 	1770 	1773
f 1792 	1552 	1799
f 1768 	1793 	1769
f 1794 	1769 	1793
f 1788 	1780 	1721
f 1800 	1660 	1797
f 1532 	1780 	1788
f 1798 	1785 	1794
f 1769 	1794 	1785
f 2010 	1770 	1763
f 1786 	1784 	1787
f 1780 	1532 	1531
f 1762 	1746 	1784
f 2106 	2081 	1791
f 1799 	1552 	1551
f 1588 	1749 	1803
f 1755 	1967 	2014
f 1659 	1660 	1779
f 1776 	1804 	1775
f 1799 	1551 	1549
f 1762 	1784 	1786
f 1660 	1800 	1779
f 1801 	1880 	1805
f 1806 	1799 	1549
f 1495 	1800 	1797
f 1770 	2010 	1790
f 1884 	1808 	1805
f 1805 	1798 	1801
f 1795 	1801 	1798
f 1588 	1803 	1510
f 1805 	1808 	1813
f 1798 	1805 	1774
f 1798 	1774 	1785
f 1813 	1774 	1805
f 1692 	1804 	1802
f 1775 	1804 	1692
f 1510 	1803 	1725
f 1973 	1791 	1777
f 1976 	1973 	1777
f 1852 	1803 	1749
f 1818 	1902 	1819
f 1803 	1851 	1725
f 1814 	1822 	1782
f 1784 	1746 	1781
f 1923 	1908 	1825
f 1778 	1782 	1822
f 1907 	1923 	1825
f 1907 	1825 	1819
f 1812 	1814 	1782
f 1819 	1808 	1818
f 1807 	1818 	1808
f 1821 	1820 	1823
f 1821 	1823 	1825
f 1749 	1747 	1853
f 1681 	1806 	1673
f 1779 	1878 	1812
f 1753 	1781 	1746
f 1823 	1826 	1811
f 1547 	1866 	1810
f 1781 	1577 	1784
f 1811 	1819 	1825
f 1825 	1823 	1811
f 1813 	1808 	1819
f 1813 	1819 	1811
f 1551 	1552 	1783
f 1813 	1811 	1994
f 1867 	1827 	1519
f 1519 	1524 	1766
f 1901 	1903 	1817
f 1582 	1619 	1829
f 1619 	1620 	1830
f 1619 	1830 	1829
f 1817 	2027 	1840
f 1831 	1830 	1621
f 1620 	1621 	1830
f 1829 	1830 	1832
f 1831 	1832 	1830
f 1757 	1829 	1833
f 1834 	1841 	1758
f 1968 	1967 	1755
f 1835 	1841 	1834
f 1663 	1713 	1816
f 1755 	1791 	1968
f 1836 	1843 	1835
f 1837 	1836 	1835
f 1837 	1835 	1834
f 1758 	1759 	1834
f 1838 	1834 	1759
f 1833 	1838 	1759
f 1833 	1759 	1757
f 1833 	1829 	1834
f 1833 	1834 	1838
f 1897 	1745 	1896
f 1832 	1837 	1834
f 1832 	1834 	1829
f 1841 	1765 	1758
f 1817 	1864 	2027
f 1835 	1842 	1841
f 1843 	1842 	1835
f 1841 	1842 	1844
f 1843 	1844 	1842
f 1976 	1777 	1760
f 1765 	1841 	1767
f 1845 	1767 	1841
f 1784 	1577 	1558
f 1846 	1855 	1768
f 1539 	1577 	1781
f 1847 	1855 	1846
f 1783 	1552 	1839
f 1849 	1848 	1847
f 1849 	1847 	1846
f 1897 	1747 	1745
f 1768 	1769 	1846
f 1850 	1846 	1769
f 1845 	1850 	1769
f 1845 	1769 	1767
f 1552 	1556 	1839
f 1845 	1841 	1846
f 1845 	1846 	1850
f 1791 	1755 	2106
f 1896 	1745 	1788
f 1844 	1849 	1846
f 1844 	1846 	1841
f 1602 	1851 	1685
f 1703 	1831 	1621
f 1673 	1866 	1676
f 1755 	2112 	2106
f 1685 	1851 	1852
f 1673 	1810 	1866
f 1852 	1853 	1685
f 1799 	1806 	2193
f 1853 	1600 	1685
f 2112 	1755 	1854
f 1608 	1600 	1853
f 1864 	1817 	1809
f 1761 	1762 	1889
f 1519 	1766 	1867
f 1863 	1809 	1824
f 1839 	1556 	1828
f 1602 	1711 	1851
f 1412 	1993 	1792
f 1867 	1860 	1827
f 2192 	1412 	1792
f 1815 	1858 	1859
f 1852 	1749 	1853
f 1803 	1852 	1851
f 1799 	2192 	1792
f 1859 	1828 	1815
f 1673 	1806 	1810
f 1895 	1723 	1866
f 1809 	1863 	1864
f 1547 	1618 	1866
f 1711 	1725 	1851
f 1793 	1768 	1855
f 1868 	1861 	1879
f 1855 	1847 	1869
f 1839 	1828 	1865
f 1771 	1750 	1867
f 1870 	1869 	1848
f 1847 	1848 	1869
f 1930 	1929 	1632
f 1867 	1766 	1771
f 1855 	1869 	1871
f 1870 	1871 	1869
f 1828 	1859 	1865
f 1770 	1856 	1862
f 1872 	1794 	1855
f 1860 	1867 	1750
f 1873 	1880 	1795
f 1608 	1853 	1897
f 1874 	1880 	1873
f 1875 	1882 	1874
f 1876 	1875 	1874
f 1876 	1874 	1873
f 1896 	1609 	1608
f 1886 	1865 	1859
f 1795 	1798 	1873
f 1877 	1873 	1798
f 1872 	1877 	1798
f 1872 	1798 	1794
f 1872 	1855 	1873
f 1872 	1873 	1877
f 1871 	1876 	1873
f 1871 	1873 	1855
f 1880 	1801 	1795
f 1887 	1668 	1666
f 1874 	1881 	1880
f 1495 	1878 	1800
f 1882 	1881 	1874
f 1858 	1886 	1859
f 1666 	1942 	1939
f 1770 	1862 	1763
f 1880 	1881 	1883
f 1882 	1883 	1881
f 1884 	1805 	1880
f 1668 	1930 	1632
f 1885 	1902 	1807
f 1666 	1939 	1887
f 2048 	1856 	1857
f 1891 	1890 	1888
f 1891 	1888 	1885
f 1786 	1787 	1889
f 1807 	1808 	1885
f 1893 	1885 	1808
f 1937 	2112 	1857
f 1865 	1886 	1839
f 1761 	1889 	2110
f 1808 	1884 	1893
f 2014 	1854 	1755
f 1884 	1880 	1885
f 1884 	1885 	1893
f 1883 	1891 	1885
f 1883 	1885 	1880
f 1928 	1839 	1886
f 1896 	1608 	1897
f 1426 	1910 	1815
f 1898 	2118 	1889
f 1899 	1895 	1625
f 1895 	1899 	1939
f 1817 	1576 	1901
f 1818 	1807 	1902
f 1905 	1861 	1868
f 1902 	1885 	1904
f 1747 	1897 	1853
f 1904 	1906 	1902
f 1856 	1937 	1857
f 1907 	1819 	1902
f 1820 	1821 	1909
f 1908 	1909 	1821
f 1911 	1912 	1909
f 1911 	1909 	1908
f 1913 	1823 	1909
f 1892 	1921 	1941
f 1895 	1939 	1721
f 1856 	1940 	1937
f 1912 	1914 	1909
f 1721 	1723 	1895
f 1898 	1889 	1996
f 1935 	1940 	1856
f 1823 	1820 	1909
f 1934 	1935 	1856
f 1856 	1773 	1934
f 1913 	1916 	1823
f 1740 	1930 	1899
f 1861 	1917 	1900
f 1526 	1918 	1742
f 1916 	1826 	1823
f 1886 	1910 	1915
f 1916 	1913 	1909
f 1763 	1919 	1533
f 1526 	1990 	1918
f 1903 	1901 	1920
f 1861 	1905 	1917
f 1910 	1947 	1915
f 1901 	1511 	1920
f 1919 	1763 	1862
f 1910 	1886 	1858
f 1922 	1911 	1908
f 1921 	1920 	1511
f 1821 	1825 	1908
f 1716 	1924 	1715
f 1926 	1715 	1925
f 1925 	1715 	1924
f 1513 	1921 	1511
f 1926 	1927 	1717
f 1907 	1902 	1908
f 1907 	1908 	1923
f 1906 	1922 	1908
f 1906 	1908 	1902
f 1717 	1726 	1926
f 1904 	1931 	1906
f 1639 	1636 	1728
f 1728 	1717 	1927
f 1949 	1928 	1915
f 1639 	1728 	1927
f 1928 	1886 	1915
f 1816 	1713 	1729
f 1926 	1726 	1715
f 1931 	1904 	1888
f 1885 	1888 	1904
f 2084 	1929 	1559
f 1911 	1932 	1933
f 1911 	1933 	1912
f 1633 	1929 	2084
f 1633 	1632 	1929
f 1888 	1890 	1931
f 1927 	1926 	1945
f 1911 	1922 	1932
f 1926 	1943 	1945
f 1914 	1912 	1933
f 1804 	1936 	1802
f 1926 	1925 	1943
f 1936 	1804 	1776
f 1932 	2063 	1933
f 2066 	2063 	1922
f 1932 	1922 	2063
f 1930 	1887 	1939
f 1776 	1987 	1936
f 2073 	1916 	1909
f 1716 	1955 	1924
f 1909 	1914 	2073
f 2066 	1922 	1906
f 1497 	1925 	1924
f 1737 	1664 	1665
f 1920 	1921 	1892
f 1664 	1737 	1679
f 1943 	1925 	1497
f 1513 	1941 	1921
f 1868 	1898 	1905
f 1499 	1943 	1497
f 1499 	1501 	1943
f 1738 	1741 	1946
f 1941 	1894 	1892
f 1958 	1948 	1741
f 1944 	1894 	1941
f 1944 	1941 	1517
f 1741 	1970 	1958
f 1517 	1520 	1944
f 1945 	1943 	1501
f 1501 	1506 	1945
f 1507 	1927 	1945
f 1946 	1678 	1738
f 1507 	1639 	1927
f 1892 	1903 	1920
f 1507 	1642 	1639
f 1946 	1950 	1686
f 1948 	2021 	1946
f 1506 	1507 	1945
f 2020 	1950 	2021
f 1946 	2021 	1950
f 1686 	1950 	2020
f 1828 	1954 	1815
f 1955 	1815 	1954
f 1892 	1817 	1903
f 1946 	1741 	1948
f 1963 	1953 	1958
f 1948 	1958 	1953
f 1809 	1817 	1892
f 1910 	2168 	1947
f 1970 	1961 	1958
f 2029 	2024 	1919
f 1949 	1412 	1839
f 1962 	1824 	1894
f 1961 	2033 	1958
f 1965 	1956 	1957
f 2033 	1963 	1958
f 1716 	1815 	1955
f 1965 	1957 	1962
f 1481 	1463 	1964
f 1964 	1626 	1481
f 1979 	1966 	1961
f 1969 	1556 	1754
f 1894 	1965 	1962
f 1754 	1760 	1969
f 1760 	1971 	1969
f 1970 	1972 	1961
f 1956 	2121 	1957
f 1974 	1959 	1445
f 1973 	1968 	1791
f 1972 	1774 	1975
f 1741 	1789 	1970
f 1894 	1824 	1892
f 1785 	1774 	1972
f 1974 	1445 	1451
f 1785 	1970 	1789
f 1954 	1556 	1969
f 1970 	1785 	1972
f 1668 	1887 	1930
f 1949 	2174 	2177
f 1978 	1961 	1972
f 1977 	1978 	1972
f 1978 	1979 	1961
f 1839 	1928 	1949
f 1980 	1974 	1451
f 2174 	1949 	1947
f 1497 	1924 	1955
f 1976 	1760 	1754
f 1972 	1975 	1977
f 1977 	1975 	1985
f 1915 	1947 	1949
f 1977 	1985 	1981
f 2023 	1430 	1438
f 1858 	1815 	1910
f 1983 	1997 	1969
f 1984 	1976 	1754
f 1986 	1980 	1451
f 1553 	1971 	1684
f 1684 	1973 	1976
f 1985 	1989 	1981
f 1944 	1520 	1965
f 1988 	2056 	1985
f 1985 	2056 	1989
f 1987 	1776 	2193
f 1985 	1994 	1988
f 1990 	1559 	1918
f 1988 	1998 	1991
f 1809 	1892 	1824
f 1742 	1929 	1740
f 1993 	1984 	1754
f 1994 	1975 	1813
f 1774 	1813 	1975
f 1930 	1740 	1929
f 1984 	1548 	1976
f 2002 	1995 	1826
f 1811 	1826 	1995
f 1929 	1742 	1559
f 2115 	1974 	1980
f 1811 	1995 	1994
f 1999 	1959 	1974
f 1985 	1975 	1994
f 1559 	1990 	1558
f 1998 	1988 	1994
f 1994 	1995 	1998
f 1983 	1982 	1954
f 1422 	1952 	1959
f 1993 	1754 	1556
f 1996 	1992 	2182
f 1742 	1918 	1559
f 1997 	1983 	1954
f 1666 	1938 	1942
f 1784 	1558 	1990
f 1784 	1990 	1787
f 1992 	1427 	2182
f 1973 	1687 	1968
f 1684 	1687 	1973
f 2000 	2001 	1995
f 1998 	1995 	2001
f 1553 	1684 	1976
f 1956 	2126 	2121
f 1995 	2002 	2000
f 2126 	1956 	1965
f 1993 	1412 	1984
f 1944 	1965 	1894
f 1787 	1990 	1992
f 1792 	1993 	1556
f 1998 	2004 	1991
f 2182 	2005 	1996
f 2089 	2003 	1763
f 2006 	2007 	2001
f 2006 	2001 	2000
f 1416 	1548 	1984
f 1553 	1976 	1548
f 2009 	1667 	1662
f 1997 	1954 	1969
f 1954 	1982 	1955
f 1687 	1744 	1968
f 1662 	2008 	2009
f 1971 	1553 	1969
f 1939 	1899 	1930
f 1422 	1434 	1952
f 2011 	1655 	1667
f 1984 	1412 	1416
f 2011 	1677 	1655
f 1952 	1434 	2203
f 2000 	2060 	2006
f 2066 	1998 	2001
f 2009 	2011 	1667
f 1721 	1942 	1788
f 2005 	1430 	2023
f 1938 	1896 	1788
f 2012 	2013 	1854
f 2066 	2001 	2007
f 1938 	1788 	1942
f 1986 	1451 	1534
f 1939 	1942 	1721
f 2014 	2012 	1854
f 1986 	1534 	2015
f 1992 	1996 	1889
f 2022 	1837 	1832
f 2016 	1677 	2011
f 1837 	2022 	1836
f 2025 	1836 	2022
f 2015 	1534 	2017
f 1889 	1787 	1992
f 1843 	2033 	1844
f 1955 	1544 	1497
f 1844 	2033 	1849
f 2038 	1849 	2033
f 1790 	2010 	1772
f 1849 	2038 	1848
f 1528 	1982 	2018
f 1529 	1528 	2018
f 2041 	2049 	1848
f 1763 	2003 	2010
f 1533 	2017 	1534
f 1831 	2020 	2021
f 1832 	1831 	2021
f 2019 	2018 	1983
f 1898 	1996 	2005
f 1703 	2020 	1831
f 2019 	1983 	1969
f 1905 	1898 	2005
f 2010 	2003 	1727
f 1832 	2021 	2022
f 1553 	2019 	1969
f 2021 	1948 	2022
f 2003 	2054 	1727
f 2026 	2023 	1438
f 1840 	2027 	2028
f 2025 	2022 	1953
f 1948 	1953 	2022
f 1955 	1982 	1544
f 2026 	1438 	1440
f 2025 	1953 	1963
f 2018 	1982 	1983
f 1963 	2033 	2032
f 1843 	2032 	2033
f 1529 	2018 	2019
f 1843 	1836 	2025
f 1843 	2025 	2032
f 2026 	1432 	1951
f 2029 	1919 	1862
f 2025 	1963 	2032
f 2035 	1443 	1442
f 2033 	1961 	2038
f 2030 	2039 	1863
f 2040 	2074 	2036
f 2027 	1864 	1863
f 2041 	1848 	2038
f 2041 	2038 	1966
f 1961 	1966 	2038
f 2029 	1862 	1856
f 1562 	1563 	2043
f 2026 	1440 	1432
f 1966 	1979 	2041
f 2043 	1569 	1562
f 1870 	2050 	1871
f 2044 	2029 	1856
f 2043 	2045 	1569
f 2050 	2051 	1871
f 1876 	1871 	2051
f 1442 	1446 	2042
f 2039 	2027 	1863
f 2053 	1875 	2051
f 1876 	2051 	1875
f 1442 	2047 	2035
f 1882 	2056 	1883
f 2048 	2044 	1856
f 1882 	1875 	2055
f 2053 	2055 	1875
f 2045 	1606 	1569
f 1883 	2056 	2057
f 1883 	2057 	1891
f 2045 	2040 	1606
f 2057 	1890 	1891
f 1870 	2049 	2050
f 1870 	1848 	2049
f 1442 	2042 	2047
f 1978 	1977 	2051
f 1978 	2051 	2050
f 1978 	2050 	1979
f 2049 	1979 	2050
f 2049 	2041 	1979
f 1607 	1516 	2162
f 1533 	2046 	2017
f 2016 	1485 	1413
f 1857 	2013 	2048
f 1413 	1677 	2016
f 2046 	2054 	2017
f 2054 	1986 	2015
f 2052 	2065 	1554
f 1533 	2024 	2046
f 1977 	1981 	2051
f 2053 	2051 	1981
f 1669 	1572 	2043
f 1554 	2065 	1516
f 2043 	1575 	1669
f 1989 	2055 	1981
f 1989 	2056 	2055
f 1882 	2055 	2056
f 1857 	1854 	2013
f 1744 	2012 	2014
f 2047 	2042 	2101
f 2056 	1988 	2057
f 1744 	1967 	1968
f 2054 	2003 	2089
f 2053 	1981 	2055
f 2014 	1967 	1744
f 2058 	1890 	2057
f 2052 	1500 	2062
f 2054 	2015 	2017
f 2058 	2057 	1991
f 1988 	1991 	2057
f 2058 	2061 	1890
f 2062 	2091 	2052
f 1465 	2016 	2011
f 2029 	2044 	1744
f 2061 	2058 	2004
f 1991 	2004 	2058
f 2048 	2013 	1744
f 1500 	2052 	1554
f 2011 	1477 	1465
f 2060 	1914 	2059
f 1933 	2059 	1914
f 2054 	2024 	2029
f 1931 	1890 	2061
f 1485 	2016 	1465
f 1933 	2063 	2059
f 1446 	1439 	2031
f 2064 	1906 	2061
f 1931 	2061 	1906
f 1744 	2044 	2048
f 2046 	2024 	2054
f 2042 	1446 	2031
f 2007 	2063 	2066
f 1744 	2054 	2029
f 2045 	2043 	1572
f 1439 	1453 	2067
f 1572 	1578 	2045
f 1744 	1727 	2054
f 1453 	2068 	2067
f 2034 	2031 	1439
f 2067 	2034 	1439
f 2072 	2045 	1578
f 2007 	2006 	2063
f 2070 	2102 	2071
f 1578 	1584 	2072
f 1914 	2060 	2073
f 2074 	2040 	2072
f 1906 	2064 	2066
f 2040 	2045 	2072
f 2002 	2073 	2000
f 2074 	2072 	1584
f 2000 	2073 	2060
f 1826 	1916 	2002
f 2073 	2002 	1916
f 2059 	2006 	2060
f 2070 	2105 	2102
f 2071 	1729 	1730
f 1840 	2028 	1733
f 1998 	2066 	2064
f 1587 	2074 	1584
f 1863 	1824 	2030
f 1998 	2064 	2004
f 2061 	2004 	2064
f 1587 	1589 	2074
f 2071 	1730 	2070
f 1589 	1570 	2074
f 1570 	2037 	2074
f 2037 	2036 	2074
f 2070 	1730 	1733
f 2059 	2063 	2006
f 1458 	2096 	2075
f 2070 	1733 	2028
f 1526 	2084 	2191
f 2084 	2087 	2191
f 1415 	1540 	2067
f 2075 	1694 	1688
f 1415 	2067 	2068
f 2068 	2078 	1415
f 1901 	2122 	1511
f 1777 	2081 	1971
f 1517 	1513 	2039
f 2069 	2065 	2052
f 1453 	2078 	2068
f 2027 	2039 	1513
f 2083 	2088 	2078
f 2113 	2079 	2083
f 1453 	2083 	2078
f 2052 	2099 	2069
f 2083 	2087 	2088
f 2085 	1576 	1574
f 1763 	1816 	2089
f 2083 	2079 	2087
f 2065 	2069 	2005
f 2138 	2089 	1816
f 2081 	1777 	1791
f 1739 	2086 	2085
f 2037 	1570 	2082
f 1680 	2082 	1570
f 1772 	2092 	1773
f 2103 	2081 	2080
f 1561 	2091 	1472
f 1433 	1419 	2088
f 1773 	2092 	1934
f 2094 	2103 	2093
f 1424 	2087 	2084
f 2075 	1688 	1689
f 1421 	1424 	2084
f 1500 	1472 	2091
f 2084 	1559 	1421
f 2094 	2081 	2103
f 1688 	1710 	1689
f 1692 	2096 	2097
f 2087 	2090 	2088
f 1662 	1698 	2097
f 2094 	2093 	1684
f 1684 	2093 	1478
f 2097 	2008 	1662
f 1488 	1443 	2035
f 2098 	2069 	2099
f 2081 	2094 	1684
f 2101 	2042 	2031
f 1971 	2081 	1684
f 2100 	2101 	2031
f 2034 	2100 	2031
f 1753 	2113 	2083
f 1680 	1691 	2082
f 2067 	2100 	2034
f 1417 	2093 	2103
f 1476 	1417 	2103
f 2101 	2100 	1492
f 2096 	1694 	2075
f 2104 	2101 	1492
f 1691 	2103 	2082
f 1458 	2008 	2097
f 2091 	2098 	2099
f 2080 	2082 	2103
f 2065 	2005 	2023
f 2105 	2070 	2137
f 2102 	2105 	2137
f 1494 	2104 	1492
f 2047 	2101 	2104
f 2037 	2082 	1604
f 1494 	1488 	2104
f 2035 	2047 	2104
f 2036 	2037 	1616
f 1483 	2008 	1458
f 2104 	1488 	2035
f 1616 	2040 	2036
f 1901 	1576 	2122
f 1606 	2040 	1616
f 1479 	2008 	1483
f 1604 	1616 	2037
f 2067 	1540 	2100
f 2080 	2081 	2106
f 2107 	2085 	2086
f 2118 	2116 	1430
f 1781 	2083 	1453
f 1458 	2097 	2096
f 1424 	2090 	2087
f 2107 	2086 	2108
f 2079 	1748 	2077
f 1566 	2108 	2086
f 1433 	2088 	2090
f 2079 	2113 	1748
f 1477 	2008 	1479
f 2078 	1577 	1539
f 2080 	2106 	2109
f 1577 	2078 	2088
f 2110 	1889 	2076
f 1539 	1415 	2078
f 2077 	1748 	2110
f 2095 	2111 	1935
f 2085 	2122 	1576
f 1732 	1708 	2109
f 1748 	1761 	2110
f 2092 	2095 	1935
f 2077 	2110 	2076
f 1935 	1934 	2092
f 2085 	2107 	2128
f 2010 	2111 	2095
f 1781 	1753 	2083
f 2092 	2010 	2095
f 1940 	1935 	2111
f 1753 	1748 	2113
f 2109 	1604 	2082
f 2010 	2114 	2111
f 2080 	2109 	2082
f 2114 	1937 	1940
f 2114 	1940 	2111
f 1986 	2054 	2115
f 1772 	2010 	2092
f 1957 	2119 	1962
f 1857 	2112 	1854
f 2119 	2120 	1962
f 2030 	1824 	1962
f 1980 	1986 	2115
f 1489 	2115 	1566
f 2030 	1962 	2120
f 1957 	2121 	2119
f 2123 	2124 	1455
f 2115 	2107 	2108
f 1965 	1520 	2126
f 2115 	2127 	2107
f 2123 	1457 	2109
f 1566 	2115 	2108
f 1487 	2124 	2112
f 1999 	1974 	2115
f 2112 	1727 	1487
f 2115 	1489 	1999
f 2112 	2124 	2106
f 2128 	2107 	2127
f 2128 	2122 	2085
f 1487 	1455 	2124
f 1520 	1517 	2030
f 2109 	2106 	2131
f 1520 	2030 	2120
f 2131 	2123 	2109
f 2120 	2119 	2121
f 2120 	2121 	2126
f 1732 	2109 	1457
f 1477 	2011 	2009
f 2039 	2030 	1517
f 2123 	1455 	1457
f 2124 	2123 	2131
f 1477 	2009 	2008
f 2116 	2129 	2130
f 2131 	2106 	2124
f 2144 	2145 	1937
f 2118 	2129 	2116
f 2069 	2098 	1917
f 1716 	2132 	1815
f 2145 	2153 	1727
f 2112 	1937 	2145
f 2133 	1728 	1641
f 1478 	2093 	1417
f 1905 	2005 	2069
f 2133 	1764 	1728
f 2115 	2128 	2127
f 2099 	2052 	2091
f 2114 	2150 	1937
f 1937 	2150 	2144
f 2130 	2129 	2134
f 2133 	2135 	1764
f 2130 	2134 	2116
f 2116 	2134 	2125
f 1716 	1715 	2136
f 1500 	2091 	2062
f 2150 	2114 	2141
f 1727 	2141 	2114
f 2128 	2054 	2137
f 2146 	1560 	1561
f 2115 	2054 	2128
f 2102 	2137 	2138
f 1917 	2098 	1900
f 2153 	2140 	1727
f 1716 	2136 	2132
f 2098 	2091 	1900
f 2071 	2102 	2138
f 1960 	2091 	2169
f 2136 	1715 	1726
f 2071 	2138 	1729
f 2146 	1561 	2139
f 2091 	1960 	1900
f 2141 	1727 	2140
f 2142 	2137 	2070
f 1726 	2135 	2136
f 2140 	2143 	2141
f 1917 	1905 	2069
f 2138 	2137 	2054
f 2146 	1481 	1560
f 2148 	2145 	2147
f 2145 	2144 	2147
f 2150 	2147 	2144
f 2146 	1463 	1481
f 2142 	2070 	2028
f 2149 	2150 	2141
f 2136 	1499 	2132
f 2150 	2149 	2151
f 2027 	1513 	1511
f 2143 	2152 	2149
f 2143 	2149 	2141
f 2153 	2154 	2140
f 1816 	1729 	2138
f 2148 	2154 	2153
f 2148 	2153 	2145
f 2065 	2023 	2026
f 2140 	2154 	2152
f 2140 	2152 	2143
f 2148 	2152 	2154
f 2150 	2151 	2147
f 2135 	1501 	2136
f 1511 	2122 	2027
f 2065 	2026 	2162
f 2157 	2158 	2159
f 2160 	2167 	2152
f 2152 	2157 	2160
f 2159 	2160 	2157
f 2162 	1516 	2065
f 1472 	1473 	2125
f 2152 	2161 	2158
f 2152 	2158 	2157
f 2158 	2179 	2159
f 2054 	2089 	2138
f 2139 	1472 	2125
f 2163 	2160 	2159
f 2142 	2028 	2128
f 2179 	2158 	2164
f 2161 	2164 	2158
f 2128 	2028 	2122
f 2116 	2125 	1473
f 2027 	2122 	2028
f 2179 	2164 	2155
f 1473 	1468 	2116
f 2137 	2142 	2128
f 1889 	2118 	2117
f 2166 	2148 	2165
f 2147 	2165 	2148
f 2076 	1889 	2117
f 2151 	2152 	2167
f 2149 	2152 	2151
f 2148 	2166 	2152
f 2161 	2152 	2166
f 2132 	1426 	1815
f 2167 	2165 	2151
f 2147 	2151 	2165
f 2187 	1425 	1778
f 2155 	2166 	2165
f 2163 	2156 	2165
f 2156 	2155 	2165
f 2160 	2163 	2167
f 1495 	2188 	1878
f 2164 	2161 	2166
f 2164 	2166 	2155
f 2139 	2125 	1900
f 2190 	1812 	1878
f 2165 	2167 	2163
f 2168 	1416 	2174
f 1900 	1960 	2139
f 2139 	1960 	2146
f 1437 	2172 	2156
f 1960 	1964 	2146
f 2174 	1947 	2168
f 2179 	1464 	2159
f 2163 	2159 	1464
f 1964 	1463 	2146
f 2172 	2179 	2155
f 2187 	1822 	1814
f 1464 	1437 	2163
f 2163 	1437 	2156
f 1879 	1861 	2134
f 1827 	2173 	1519
f 1879 	2134 	1868
f 1564 	1568 	2171
f 1898 	2129 	2118
f 2171 	1568 	2178
f 1868 	2134 	2129
f 2175 	1860 	1425
f 1860 	2175 	1827
f 1412 	2177 	2174
f 2129 	1898 	1868
f 2125 	1861 	1900
f 1827 	2175 	2173
f 1949 	2177 	1412
f 2134 	1861 	2125
f 2171 	2180 	1565
f 2186 	2176 	2170
f 1438 	1468 	1440
f 1416 	1412 	2174
f 2179 	2172 	2170
f 2179 	2170 	2176
f 1426 	1416 	2168
f 2180 	2181 	1573
f 1860 	1750 	1425
f 1448 	2207 	2208
f 1516 	1432 	1440
f 1797 	1496 	1495
f 2208 	2184 	1450
f 1430 	2182 	2118
f 1796 	1498 	1496
f 2184 	1414 	1450
f 1796 	1496 	1797
f 1435 	2185 	2186
f 2181 	2183 	1573
f 2183 	1561 	1560
f 1959 	1999 	1422
f 1999 	1491 	1422
f 2168 	1910 	1426
f 1750 	1778 	1425
f 2183 	2169 	1561
f 1438 	1430 	1468
f 2182 	2117 	2118
f 2170 	1437 	2186
f 2170 	2172 	1437
f 2190 	1814 	1812
f 2189 	1987 	2194
f 1573 	2183 	1560
f 2189 	2194 	2195
f 2191 	2077 	2076
f 2191 	2079 	2077
f 2190 	1878 	2188
f 2186 	1437 	1435
f 2190 	2187 	1814
f 2189 	1936 	1987
f 2155 	2156 	2172
f 2171 	1565 	1564
f 1778 	1822 	2187
f 2199 	1425 	2187
f 2205 	2190 	2188
f 2087 	2079 	2191
f 2184 	2185 	1414
f 1802 	1936 	2189
f 1484 	1610 	1568
f 1802 	2189 	2096
f 2173 	2175 	1422
f 1519 	1422 	1491
f 1802 	2096 	1692
f 1519 	2173 	1422
f 1427 	2117 	2182
f 2181 	1626 	1964
f 1434 	1422 	2175
f 2181 	2180 	1626
f 1430 	2005 	2182
f 2180 	2171 	1627
f 2208 	1450 	1448
f 2116 	1468 	1430
f 1627 	2178 	1610
f 2171 	2178 	1627
f 2180 	1627 	1626
f 2191 	2076 	1427
f 2192 	2193 	1776
f 1776 	1783 	2192
f 1964 	1960 	2169
f 2117 	1427 	2076
f 2196 	2198 	2184
f 2169 	2183 	1964
f 2191 	1990 	1526
f 2191 	1992 	1990
f 2183 	2181 	1964
f 1992 	2191 	1427
f 1646 	1611 	2199
f 2195 	2096 	2189
f 1459 	2196 	2214
f 1694 	2096 	2195
f 2193 	2195 	2194
f 2204 	1697 	1646
f 2195 	1806 	1681
f 2205 	1697 	2204
f 1464 	2197 	1466
f 1681 	1694 	2195
f 2176 	2197 	1464
f 2193 	1806 	2195
f 2193 	2194 	1987
f 1799 	2193 	2192
f 1464 	2179 	2176
f 2198 	1466 	2197
f 2186 	2197 	2176
f 1707 	2200 	1705
f 2201 	1707 	1607
f 2192 	1783 	1412
f 1607 	2162 	2201
f 1783 	1839 	1412
f 2199 	1611 	1630
f 2197 	2186 	2185
f 2169 	2091 	1561
f 2214 	1493 	1459
f 2201 	2162 	2026
f 2203 	2199 	2200
f 2202 	1630 	1705
f 2200 	2202 	1705
f 1630 	2202 	2199
f 2184 	2198 	2185
f 2199 	2202 	2200
f 2203 	1434 	2199
f 1707 	2201 	2200
f 2198 	2197 	2185
f 2201 	2203 	2200
f 1425 	2199 	1434
f 1543 	1704 	1542
f 2201 	1951 	1952
f 2201 	2026 	1951
f 1952 	2203 	2201
f 1724 	1704 	1543
f 2199 	2204 	1646
f 1701 	1697 	2205
f 2209 	1701 	2205
f 1701 	2209 	1659
f 2190 	2205 	2204
f 1495 	2210 	2209
f 2188 	1495 	2209
f 2205 	2188 	2209
f 2199 	2187 	2204
f 2190 	2204 	2187
f 1660 	1659 	2209
f 1660 	2209 	2210
f 2210 	1498 	1796
f 1796 	1660 	2210
f 2211 	1542 	1704
f 1566 	1567 	1451
f 1567 	1663 	1451
f 1445 	1566 	1451
f 1555 	2211 	2212
f 2212 	2211 	2217
f 2213 	2217 	2211
f 2212 	2217 	2215
f 2206 	2212 	2215
f 2216 	2207 	2206
f 1737 	1665 	1631
f 1634 	1737 	1631
f 2213 	1743 	1638
f 2213 	2211 	1743
f 2214 	2184 	2208
f 2216 	2215 	1493
f 2217 	2213 	1640
f 2215 	2217 	1518
f 2216 	2206 	2215
f 2214 	2216 	1493
f 2217 	1640 	1518
f 2207 	2216 	2214
f 2214 	2196 	2184
f 1634 	1638 	1743
f 1737 	1634 	1743
f 1704 	1743 	2211
f 2207 	2214 	2208
f 1456 	1555 	2212
f 1456 	2212 	2206
f 1456 	2206 	1448
# 1614 faces

 #end of obj_1

o obj_2
v 237.5098 		-64.129 		6.919
v 242.0598 		-57.572 		5.805
v 242.7168 		-59.276 		0.003
v 242.6008 		-59.104 		0.002
v 237.9398 		-64.429 		5.82
v 237.5098 		-64.131 		5.819
v 242.0598 		-57.569 		6.905
v 242.4728 		-58.939 		0.002
v 237.9398 		-64.427 		6.92
v 237.6958 		-63.046 		0.011
v 241.5938 		-57.332 		5.804
v 240.5908 		-57.044 		5.804
v 240.0688 		-57.001 		5.804
v 242.8218 		-59.456 		0.003
v 241.1019 		-57.155 		5.804
v 237.0698 		-61.974 		0.009
v 237.1439 		-62.168 		0.009
v 237.2298 		-62.358 		0.01
v 237.3288 		-62.541 		0.01
v 237.4398 		-62.718 		0.01
v 242.9148 		-59.643 		0.003
v 237.8428 		-61.414 		0.0074
v 237.5628 		-62.886 		0.011
v 242.9958 		-59.835 		0.004
v 240.5238 		-61.4245 		0.0071
v 240.511 		-61.413 		0.007
v 237.8428 		-61.414 		0.0074
v 240.0688 		-56.999 		6.904
v 241.1019 		-57.153 		6.904
v 241.5938 		-57.33 		6.904
v 242.1818 		-63.273 		0.011
v 240.4377 		-61.413 		0.0071
v 240.5908 		-57.042 		6.904
v 240.5238 		-61.5152 		0.0073
v 237.8398 		-61.3959 		0.0074
v 241.1198 		-63.917 		0.013
v 241.3128 		-63.839 		0.012
v 241.5008 		-63.75 		0.012
v 241.6828 		-63.648 		0.012
v 241.8578 		-63.534 		0.012
v 242.0238 		-63.409 		0.012
v 239.0318 		-57.119 		5.804
v 238.5329 		-57.279 		5.804
v 237.8252 		-61.3071 		0.007
v 239.5469 		-57.026 		5.804
v 238.0598 		-57.502 		5.805
v 238.0598 		-57.5 		6.905
v 236.8998 		-60.951 		0.007
v 236.9068 		-61.159 		0.007
v 240.2405 		-61.4707 		0.0072
v 240.3427 		-61.7588 		0.0079
v 236.9268 		-61.366 		0.007
v 240.4016 		-61.925 		0.0083
v 236.9608 		-61.572 		0.008
v 237.0088 		-61.774 		0.008
v 239.5469 		-57.024 		6.904
v 240.2199 		-61.413 		0.0071
v 240.2328 		-61.4492 		0.0072
v 240.276 		-61.413 		0.007
v 240.2678 		-61.3991 		0.0069
v 239.0318 		-57.117 		6.904
v 238.5329 		-57.276 		6.904
v 240.0998 		-64.103 		0.013
v 240.295 		-61.2198 		0.0066
v 240.2678 		-61.2059 		0.0066
v 240.3078 		-64.093 		0.013
v 240.5148 		-64.069 		0.013
v 240.7198 		-64.032 		0.013
v 237.8428 		-61.414 		0.007
v 240.9219 		-63.981 		0.013
v 240.5238 		-61.2108 		0.0065
v 240.3975 		-61.1724 		0.0065
v 240.2678 		-61.1043 		0.0063
v 237.8575 		-61.4762 		0.0074
v 237.8428 		-61.414 		0.0074
v 237.6198 		-57.785 		5.805
v 237.6198 		-57.783 		6.905
v 237.9339 		-60.901 		0.0064
v 237.9639 		-60.903 		0.0064
v 239.9484 		-60.7404 		0.0056
v 239.9509 		-60.7048 		0.0055
v 239.9405 		-60.725 		0.0055
v 239.947 		-60.7377 		0.0055
v 236.8688 		-58.51 		5.807
v 240.3485 		-61.0031 		0.0061
v 240.3161 		-61.0071 		0.0061
v 240.5238 		-61.0172 		0.0062
v 242.3348 		-58.783 		0.002
v 236.8688 		-58.508 		6.907
v 240.4228 		-60.901 		0.0059
v 240.3575 		-60.9227 		0.006
v 239.9541 		-60.6973 		0.0055
v 239.9577 		-60.6687 		0.0054
v 243.2148 		-58.621 		5.807
v 240.3021 		-60.901 		0.0059
v 239.9161 		-60.677 		0.0054
v 239.9656 		-60.6544 		0.0054
v 243.2148 		-58.618 		6.907
v 239.9697 		-60.6353 		0.0054
v 239.8645 		-60.5755 		0.0052
v 239.9827 		-60.6126 		0.0053
v 239.9855 		-60.6015 		0.0053
v 239.5112 		-59.877 		0.0038
v 239.864 		-60.5746 		0.0052
v 242.1859 		-58.637 		0.001
v 240.0052 		-60.5745 		0.0053
v 240.0059 		-60.5725 		0.0053
v 240.3158 		-61.0072 		0.0061
v 240.5238 		-61.048 		0.0062
v 240.0118 		-60.5649 		0.0053
v 240.2678 		-61.0547 		0.0062
v 240.2711 		-61.0547 		0.0062
v 240.2725 		-61.0542 		0.0062
v 240.2678 		-61.0527 		0.0062
v 239.0738 		-63.949 		0.013
v 239.2738 		-64.007 		0.013
v 239.4779 		-64.051 		0.013
v 237.0718 		-59.928 		0.004
v 239.6838 		-64.082 		0.013
v 239.8918 		-64.1 		0.013
v 242.3308 		-63.1147 		5.8163
v 242.304 		-63.141 		5.8164
v 237.0098 		-60.127 		0.005
v 236.9618 		-60.33 		0.005
v 242.3272 		-63.116 		6.9163
v 242.3308 		-63.1124 		6.9163
v 241.6878 		-58.262 		0.001
v 241.5058 		-58.159 		0
v 241.1248 		-57.992 		0
v 241.3178 		-58.069 		0
v 241.1248 		-57.992 		0
v 241.1248 		-57.992 		0
v 241.1248 		-57.992 		0
v 239.0244 		-62.949 		7.0903
v 239.06 		-62.9675 		7.0903
v 239.0628 		-62.9689 		7.0903
v 240.365 		-61.1926 		0.0065
v 240.5238 		-61.3121 		0.0068
v 236.9278 		-60.535 		0.006
v 236.9068 		-60.742 		0.006
v 240.2678 		-61.1196 		0.0064
v 241.8618 		-58.376 		0.001
v 241.6878 		-58.262 		0.001
v 241.6878 		-58.262 		0.001
v 237.9919 		-63.339 		0.012
v 238.1548 		-63.469 		0.012
v 241.6878 		-58.262 		0.001
v 238.3249 		-63.589 		0.012
v 240.2678 		-61.2115 		0.0066
v 238.5028 		-63.698 		0.012
v 237.8398 		-63.182 		7.091
v 240.1334 		-61.157 		0.0064
v 242.0278 		-58.501 		0.001
v 238.6878 		-63.794 		0.013
v 238.8778 		-63.878 		0.013
v 242.4666 		-62.9623 		5.8159
v 242.4448 		-62.9868 		5.816
v 242.4697 		-62.9589 		5.8159
v 242.4664 		-62.9602 		6.9159
v 242.4698 		-62.9564 		6.9159
v 239.9103 		-60.7907 		0.0057
v 239.8718 		-60.7271 		0.0055
v 239.9104 		-60.7907 		0.0057
v 239.8366 		-60.6689 		0.0054
v 239.7202 		-60.4761 		0.0051
v 239.4827 		-60.0829 		0.0044
v 239.3586 		-59.877 		0.004
v 237.6988 		-58.856 		0.002
v 237.5658 		-59.016 		0.002
v 240.3128 		-57.814 		0
v 240.1048 		-57.803 		0
v 240.5198 		-57.838 		0
v 239.0741 		-62.9739 		7.0903
v 239.1306 		-62.9986 		7.0903
v 239.1973 		-63.0279 		7.0903
v 240.7248 		-57.876 		0
v 237.4428 		-59.185 		0.003
v 237.3318 		-59.361 		0.003
v 237.1458 		-59.733 		0.004
v 237.2328 		-59.544 		0.004
v 240.9268 		-57.927 		0
v 240.7248 		-57.876 		0
v 240.7248 		-57.876 		0
v 240.7248 		-57.876 		0
v 239.2666 		-63.053 		7.0903
v 239.3337 		-63.0772 		7.0903
v 239.5491 		-60.5625 		0.0052
v 239.3358 		-63.0779 		7.0903
v 238.9878 		-60.0733 		0.0042
v 239.5931 		-60.6113 		0.0053
v 239.2114 		-63.033 		7.0903
v 240.1781 		-61.2462 		0.0066
v 240.1744 		-61.2429 		0.0066
v 239.3522 		-63.0827 		7.0903
v 239.4071 		-63.0985 		7.0906
v 239.4717 		-63.1173 		7.0909
v 239.4773 		-63.1189 		7.0909
v 240.7248 		-57.876 		0.0002
v 240.7248 		-57.876 		0.0002
v 240.7248 		-57.876 		0.0002
v 240.7248 		-57.876 		0.0002
v 240.7248 		-57.876 		0.0002
v 240.7248 		-57.876 		0.0002
v 239.9117 		-60.7962 		0.0057
v 239.9138 		-60.805 		0.0057
v 239.028 		-59.877 		0.004
v 239.5572 		-60.434 		0.005
v 239.8374 		-60.7282 		0.0056
v 239.9148 		-60.8092 		0.0057
v 239.4957 		-63.1229 		7.091
v 239.5492 		-63.1345 		7.091
v 239.6208 		-63.1504 		7.091
v 239.5953 		-60.6138 		0.0053
v 242.4664 		-62.9602 		6.9159
v 239.8389 		-60.8295 		0.0058
v 239.667 		-60.6934 		0.0056
v 238.9878 		-60.3487 		0.0049
v 239.6781 		-60.7425 		0.0056
v 239.8445 		-60.8373 		0.0058
v 239.7285 		-60.8424 		0.0058
v 238.9878 		-60.5072 		0.0053
v 239.7291 		-60.8428 		0.0058
v 238.9878 		-60.6345 		0.0055
v 239.3079 		-60.7309 		0.0057
v 239.7636 		-60.8682 		0.0059
v 240.1712 		-61.24 		0.0066
v 240.1671 		-61.2364 		0.0066
v 239.4363 		-60.8292 		0.0058
v 238.9878 		-60.7165 		0.0057
v 238.9878 		-60.8108 		0.006
v 239.6099 		-60.8941 		0.006
v 242.7778 		-63.877 		5.818
v 242.1827 		-63.2607 		5.8167
v 242.1542 		-63.2852 		5.8168
v 239.0788 		-57.956 		0
v 239.2798 		-57.899 		0
v 237.1218 		-63.779 		5.818
v 237.6958 		-63.0337 		5.8164
v 243.1299 		-63.49 		5.817
v 237.6719 		-63.0049 		5.8163
v 240.162 		-61.2319 		0.0066
v 240.162 		-61.2319 		0.0066
v 243.1299 		-63.488 		6.917
v 242.7788 		-63.875 		6.918
v 237.1228 		-63.777 		6.918
v 239.4828 		-57.854 		0
v 239.6888 		-57.824 		0
v 237.6926 		-63.0274 		6.9163
v 237.6958 		-63.0314 		6.9164
v 239.4828 		-57.854 		0
v 239.4828 		-57.854 		0
v 239.1934 		-59.2482 		0.0026
v 239.2915 		-59.4426 		0.0029
v 242.1789 		-63.2617 		6.9167
v 242.1828 		-63.2584 		6.9167
v 239.4828 		-57.854 		0
v 239.0556 		-58.9753 		0.002
v 239.8968 		-57.807 		0
v 239.0553 		-58.9755 		0.002
v 240.2652 		-61.2045 		0.0066
v 240.2596 		-61.2016 		0.0066
v 239.0517 		-58.9773 		0.002
v 237.7907 		-63.1332 		5.8166
v 239.0444 		-58.9812 		0.0021
v 237.7912 		-63.1314 		6.9166
v 242.5978 		-62.7947 		5.8155
v 242.5746 		-62.8244 		5.8156
v 242.1827 		-63.2607 		5.8167
v 242.183 		-63.2582 		6.9167
v 242.5947 		-62.7964 		6.9156
v 242.5978 		-62.7924 		6.9155
v 239.0362 		-58.9854 		0.0021
v 239.0328 		-58.9871 		0.0021
v 240.1576 		-61.228 		0.0066
v 238.8828 		-58.027 		0
v 240.0998 		-64.0907 		5.819
v 240.0998 		-64.0884 		6.919
v 238.6928 		-58.11 		0
v 238.6928 		-58.11 		0
v 238.6928 		-58.11 		0
v 238.6928 		-58.11 		0
v 240.0258 		-60.948 		14.106
v 238.1588 		-58.434 		0.001
v 237.9968 		-58.564 		0.001
v 239.0179 		-58.9949 		0.0022
v 237.9968 		-58.564 		0.001
v 237.9968 		-58.564 		0.001
v 237.9968 		-58.564 		0.001
v 238.3298 		-58.314 		0.001
v 239.6942 		-63.1615 		7.091
v 239.7663 		-63.1719 		7.091
v 238.5078 		-58.206 		0.001
v 240.3078 		-64.0807 		5.819
v 242.7106 		-62.629 		5.8152
v 242.6938 		-62.6536 		5.8152
v 240.156 		-61.2267 		0.0066
v 240.3078 		-64.0784 		6.919
v 242.7148 		-62.6227 		5.8151
v 239.6411 		-63.1535 		7.091
v 240.1546 		-61.2254 		0.0066
v 239.0117 		-58.9981 		0.0022
v 238.9974 		-59.0055 		0.0023
v 242.7107 		-62.6265 		6.9152
v 242.712 		-62.6246 		6.9152
v 242.7148 		-62.6204 		6.9151
v 239.8397 		-63.1785 		7.091
v 239.9128 		-63.1849 		7.091
v 239.9128 		-63.1849 		7.091
v 240.5148 		-64.0567 		5.8187
v 240.3504 		-64.0758 		5.819
v 238.9878 		-59.2623 		0.0028
v 238.9878 		-59.8348 		0.0039
v 238.9985 		-59.846 		0.0039
v 240.3504 		-64.0734 		6.919
v 240.153 		-61.2239 		0.0066
v 238.9878 		-59.0105 		0.0024
v 240.5148 		-64.0544 		6.9187
v 240.7198 		-64.0197 		5.8183
v 239.7886 		-63.1739 		7.091
v 240.1521 		-61.2232 		0.0066
v 240.1619 		-61.2507 		0.0067
v 238.7626 		-59.877 		0.0039
v 242.8198 		-62.4427 		5.8148
v 242.8009 		-62.4751 		5.8148
v 239.9373 		-63.1853 		7.091
v 239.9872 		-63.1859 		7.091
v 240.0118 		-63.1863 		7.091
v 240.7198 		-64.0174 		6.9183
v 242.8173 		-62.4448 		6.9148
v 242.8198 		-62.4404 		6.9148
v 238.1613 		-59.877 		0.0041
v 238.0348 		-59.982 		0.004
v 240.2315 		-61.0852 		0.0063
v 240.2218 		-61.084 		0.0063
v 240.7511 		-64.0118 		5.8182
v 240.1866 		-61.0271 		0.0061
v 240.1855 		-61.0273 		0.0062
v 240.9219 		-63.9687 		5.8182
v 240.8855 		-63.9779 		5.8182
v 238.0348 		-59.982 		0.004
v 238.0348 		-59.982 		0.004
v 238.0348 		-59.982 		0.004
v 240.253 		-61.048 		0.0062
v 240.1624 		-61.0105 		0.0061
v 242.9087 		-62.2649 		5.8144
v 238.9777 		-60.5026 		0.0053
v 242.9128 		-62.2567 		5.8144
v 240.751 		-64.0095 		6.9182
v 240.9169 		-63.9676 		6.9182
v 240.9219 		-63.9664 		6.9182
v 237.9995 		-60.0596 		0.0046
v 237.9639 		-60.3258 		0.005
v 237.8428 		-58.705 		0.002
v 242.9086 		-62.2629 		6.9144
v 242.9128 		-62.2544 		6.9144
v 237.9639 		-60.4592 		0.0053
v 240.2196 		-60.9011 		0.0059
v 240.21 		-60.9077 		0.0059
v 240.2353 		-60.901 		0.0059
v 240.2199 		-60.901 		0.0059
v 237.9639 		-60.6737 		0.006
v 240.0552 		-57.7917 		5.8056
v 240.1057 		-57.7907 		5.8056
v 240.0552 		-57.7893 		6.9056
v 240.232 		-60.9146 		0.0059
v 240.1058 		-57.7884 		6.9056
v 241.1198 		-63.9039 		5.8182
v 241.0842 		-63.9154 		5.8182
v 242.9938 		-62.0647 		5.814
v 242.9793 		-62.0993 		5.814
v 237.9639 		-61.7984 		7.0881
v 237.9677 		-61.8087 		7.0882
v 242.9919 		-62.0671 		6.914
v 242.9938 		-62.0624 		6.914
v 241.115 		-63.903 		6.9182
v 241.1198 		-63.9014 		6.9182
v 242.8768 		-58.222 		5.806
v 242.4898 		-57.87 		5.805
v 236.8998 		-60.9379 		5.812
v 236.9 		-60.9303 		6.912
v 236.8998 		-60.9354 		6.912
v 236.9068 		-61.1467 		5.8124
v 243.0585 		-61.8774 		5.8136
v 236.9056 		-61.1093 		5.8123
v 243.0496 		-61.9032 		5.8136
v 237.9723 		-61.8209 		7.0882
v 242.8768 		-58.219 		6.906
v 242.4898 		-57.867 		6.905
v 243.0618 		-61.8677 		5.8136
v 241.3137 		-63.8267 		5.8182
v 241.2789 		-63.8407 		5.8182
v 243.0602 		-61.8702 		6.9136
v 243.0618 		-61.8654 		6.9136
v 241.3091 		-63.8263 		6.9182
v 241.3138 		-63.8244 		6.9182
v 238.029 		-61.9453 		7.0882
v 238.0333 		-61.9549 		7.0882
v 236.9067 		-61.1392 		6.9124
v 236.9068 		-61.1444 		6.9124
v 242.1859 		-58.6247 		5.8068
v 242.2127 		-58.651 		5.8069
v 242.1895 		-58.626 		6.9068
v 242.1859 		-58.6224 		6.9068
v 241.1404 		-63.8957 		5.8182
v 243.0586 		-61.8747 		6.9136
v 241.1402 		-63.8933 		6.9182
v 236.9001 		-60.9465 		5.812
v 236.9001 		-60.9438 		6.912
v 238.0995 		-62.0768 		7.0889
v 243.1167 		-61.6667 		5.8132
v 243.1069 		-61.7029 		5.8132
v 241.5017 		-63.7377 		5.8182
v 243.1155 		-61.6693 		6.9132
v 243.1168 		-61.6644 		6.9132
v 241.5018 		-63.7354 		6.9182
v 238.1033 		-62.0839 		7.0889
v 236.9273 		-61.3502 		5.8128
v 236.9241 		-61.3164 		5.8127
v 236.9277 		-61.3537 		5.8128
v 242.0287 		-58.4887 		5.8064
v 242.0571 		-58.5132 		5.8065
v 238.0348 		-59.982 		0.0046
v 238.0506 		-59.953 		0.0046
v 238.0918 		-59.877 		0.0042
v 238.0348 		-59.982 		0.0046
v 242.0327 		-58.4897 		6.9064
v 242.0288 		-58.4864 		6.9064
v 236.9275 		-61.3481 		6.9128
v 236.9278 		-61.3514 		6.9128
v 236.9273 		-61.3463 		6.9128
v 238.9348 		-59.038 		0.002
v 240.1853 		-61.0273 		0.0062
v 240.2383 		-61.0552 		0.0062
v 243.1557 		-61.4715 		5.8128
v 243.1503 		-61.4986 		5.8129
v 240.2642 		-61.0515 		0.0062
v 243.1577 		-61.4617 		5.8128
v 243.1568 		-61.4644 		6.9128
v 243.1578 		-61.4594 		6.9128
v 238.8747 		-59.0746 		0.0025
v 241.6828 		-63.6357 		5.8179
v 241.6501 		-63.6541 		5.818
v 238.5187 		-59.341 		0.003
v 238.3648 		-59.497 		0.003
v 238.4658 		-59.39 		0.003
v 242.0092 		-58.4742 		5.8064
v 238.1784 		-62.2035 		7.0889
v 240.2207 		-61.0839 		0.0063
v 238.1818 		-62.2089 		7.0889
v 238.1425 		-62.1467 		7.0889
v 238.1784 		-62.2034 		7.0889
v 241.8618 		-58.3637 		5.8063
v 241.8917 		-58.3862 		5.8063
v 242.009 		-58.4716 		6.9064
v 241.8659 		-58.3644 		6.9063
v 241.8618 		-58.3614 		6.9063
v 240.2201 		-61.0838 		0.0063
v 240.1398 		-61.0403 		0.0062
v 243.1558 		-61.4695 		6.9128
v 238.5176 		-59.3421 		0.003
v 236.9617 		-61.5597 		5.8132
v 236.9555 		-61.5226 		5.8131
v 241.5133 		-63.7311 		5.8182
v 241.5135 		-63.7288 		6.9182
v 238.5143 		-59.3451 		0.003
v 238.4658 		-59.39 		0.003
v 238.4658 		-59.39 		0.003
v 243.1798 		-61.2928 		5.8125
v 243.1848 		-61.2557 		5.8124
v 238.4658 		-59.39 		0.003
v 236.961 		-61.5523 		6.9132
v 236.9618 		-61.5574 		6.9132
v 243.1842 		-61.2584 		6.9124
v 243.1848 		-61.2534 		6.9124
v 241.6784 		-63.6359 		6.9179
v 241.6828 		-63.6334 		6.9179
v 238.266 		-62.3247 		7.0889
v 238.2683 		-62.3279 		7.0889
v 237.0053 		-61.7469 		5.8135
v 237.0002 		-61.7253 		5.8135
v 238.2255 		-62.2687 		7.0889
v 237.0088 		-61.7617 		5.8136
v 237.0077 		-61.7544 		6.9136
v 237.0088 		-61.7594 		6.9136
v 238.3486 		-59.5161 		0.0032
v 243.1983 		-61.056 		5.812
v 243.1988 		-61.0477 		5.812
v 243.1983 		-61.054 		6.912
v 243.1988 		-61.0454 		6.912
v 238.1087 		-59.847 		0.004
v 241.8578 		-63.5217 		5.8175
v 241.8264 		-63.5422 		5.8176
v 241.8536 		-63.5222 		6.9175
v 241.8578 		-63.5194 		6.9175
v 241.6878 		-58.2497 		5.8063
v 241.6878 		-58.2474 		6.9063
v 238.1048 		-59.853 		0.004
v 238.1078 		-59.8484 		0.004
v 238.1048 		-59.853 		0.004
v 237.0054 		-61.7449 		6.9135
v 241.5067 		-58.1467 		5.806
v 241.5394 		-58.1652 		5.8061
v 238.3588 		-62.4367 		7.0896
v 238.3613 		-62.4396 		7.0896
v 242.0247 		-63.3967 		5.8171
v 241.9948 		-63.4192 		5.8172
v 242.0207 		-63.3974 		6.9171
v 241.5113 		-58.1469 		6.906
v 242.0248 		-63.3944 		6.9171
v 241.5068 		-58.1444 		6.906
v 242.2208 		-60.583 		14.106
v 242.2398 		-60.729 		14.106
v 242.2498 		-60.876 		14.106
v 242.1528 		-60.297 		14.105
v 242.1918 		-60.439 		14.105
v 238.3623 		-62.4409 		7.0896
v 242.1058 		-60.158 		14.105
v 241.6616 		-58.2347 		5.8064
v 240.0359 		-61.029 		0.0061
v 241.6614 		-58.2323 		6.9064
v 237.0698 		-61.9617 		5.8144
v 237.0589 		-61.9257 		5.8143
v 237.0683 		-61.9545 		6.9144
v 237.0698 		-61.9594 		6.9144
v 240.0472 		-61.029 		0.0061
v 241.3187 		-58.0567 		5.8056
v 240.0758 		-61.0014 		0.0061
v 241.9828 		-59.89 		14.104
v 242.0488 		-60.022 		14.104
v 241.3188 		-58.0544 		6.9056
v 241.8626 		-63.5181 		5.8175
v 238.4131 		-62.4942 		7.0896
v 238.4633 		-62.5474 		7.0896
v 241.8628 		-63.5156 		6.9175
v 243.1997 		-60.8397 		5.8116
v 243.1997 		-60.8771 		5.8117
v 243.1998 		-60.8425 		6.9116
v 243.1998 		-60.8374 		6.9116
v 238.4658 		-59.39 		0.0032
v 238.4918 		-59.366 		0.0032
v 241.2848 		-58.0432 		5.8056
v 238.3648 		-59.497 		0.0032
v 238.3648 		-59.497 		0.0032
v 238.3889 		-59.4715 		0.0032
v 241.1248 		-57.9797 		5.8055
v 241.1596 		-57.9936 		5.8055
v 241.2849 		-58.0409 		6.9056
v 241.1296 		-57.9793 		6.9055
v 241.1248 		-57.9774 		6.9055
v 241.9088 		-59.763 		14.104
v 241.8268 		-59.641 		14.104
v 238.5176 		-62.5976 		7.0896
v 238.5674 		-62.6429 		7.0896
v 238.5718 		-62.6469 		7.0896
v 241.6388 		-59.415 		14.103
v 241.7368 		-59.525 		14.103
v 241.5338 		-59.312 		14.103
v 241.4228 		-59.216 		14.103
v 241.1818 		-59.047 		14.102
v 241.3048 		-59.127 		14.102
v 237.1439 		-62.1557 		5.8151
v 237.1339 		-62.1296 		5.8151
v 241.0538 		-58.974 		14.102
v 237.1305 		-62.1208 		5.815
v 237.142 		-62.1486 		6.9151
v 237.1439 		-62.1534 		6.9151
v 240.0758 		-60.9797 		0.006
v 243.1859 		-60.6317 		5.8112
v 243.1862 		-60.6368 		5.8112
v 243.1882 		-60.6691 		5.8113
v 238.4643 		-62.5483 		7.0896
v 243.1862 		-60.6348 		6.9112
v 243.1862 		-60.6345 		6.9112
v 243.1859 		-60.6294 		6.9112
v 240.9268 		-57.9147 		5.8056
v 240.9625 		-57.9264 		5.8055
v 240.9317 		-57.914 		6.9056
v 240.9268 		-57.9124 		6.9056
v 237.1337 		-62.1269 		6.9151
v 238.5748 		-62.6493 		7.0896
v 238.6296 		-62.6936 		7.0896
v 238.6863 		-62.7399 		7.0896
v 238.4658 		-59.39 		0.0032
v 243.1587 		-60.4247 		5.8108
v 243.1637 		-60.462 		5.8109
v 243.1595 		-60.4275 		6.9108
v 238.3616 		-59.5008 		0.0032
v 238.3648 		-59.497 		0.0032
v 237.2307 		-62.3457 		5.8155
v 237.2152 		-62.3115 		5.8155
v 237.2287 		-62.3387 		6.9155
v 237.2308 		-62.3434 		6.9155
v 243.1588 		-60.4224 		6.9108
v 240.7248 		-57.8637 		5.8055
v 240.887 		-57.9046 		5.8056
v 240.8871 		-57.9023 		6.9056
v 240.7248 		-57.8614 		6.9055
v 238.9348 		-59.038 		0.0025
v 238.9658 		-59.0219 		0.0025
v 240.0248 		-60.978 		0.006
v 237.9927 		-63.3267 		5.8172
v 237.9651 		-63.3011 		5.8171
v 238.9348 		-59.038 		0.0025
v 238.6907 		-62.743 		7.0896
v 238.8063 		-62.8239 		7.0903
v 243.1177 		-60.2207 		5.8104
v 243.118 		-60.2223 		5.8104
v 243.125 		-60.2574 		5.8105
v 243.1188 		-60.2234 		6.9104
v 243.1182 		-60.2202 		6.9104
v 237.9041 		-60.3078 		0.005
v 243.1178 		-60.2184 		6.9104
v 237.3297 		-62.5287 		5.8158
v 237.3118 		-62.4958 		5.8158
v 238.8132 		-62.8281 		7.0903
v 237.8778 		-60.394 		0.005
v 237.3274 		-62.5219 		6.9158
v 237.3298 		-62.5264 		6.9158
v 237.904 		-60.3081 		0.005
v 238.9323 		-62.9009 		7.0903
v 237.9891 		-63.3209 		6.9171
v 237.9928 		-63.3244 		6.9172
v 237.8681 		-60.4352 		0.0053
v 237.8243 		-60.655 		0.006
v 240.5207 		-57.8257 		5.8056
v 240.5575 		-57.8325 		5.8056
v 240.5258 		-57.8243 		6.9056
v 240.5208 		-57.8234 		6.9056
v 238.9976 		-62.9351 		7.0903
v 237.8198 		-60.682 		0.006
v 237.8076 		-60.8025 		0.006
v 237.8048 		-60.829 		0.006
v 240.9208 		-58.911 		14.102
v 237.8027 		-60.8922 		0.0064
v 240.7848 		-58.856 		14.102
v 237.8048 		-60.829 		0.0061
v 237.3096 		-62.4916 		5.8158
v 238.9878 		-62.93 		7.0903
v 237.3095 		-62.4889 		6.9158
v 237.8778 		-60.394 		0.0053
v 237.8866 		-60.3652 		0.0053
v 238.9409 		-62.9054 		7.0903
v 239.9128 		-63.17 		14.111
v 239.7668 		-63.157 		14.111
v 238.1548 		-63.4567 		5.8175
v 238.1255 		-63.4333 		5.8175
v 238.1509 		-63.4512 		6.9175
v 238.1548 		-63.4544 		6.9175
v 239.6208 		-63.135 		14.111
v 237.8012 		-60.9359 		7.086
v 237.8004 		-60.9609 		7.0861
v 237.8024 		-60.901 		7.086
v 240.3137 		-57.8017 		5.8056
v 240.4749 		-57.8204 		5.8056
v 239.4779 		-63.104 		14.111
v 237.4407 		-62.7049 		5.8159
v 237.4207 		-62.673 		5.8159
v 240.4749 		-57.818 		6.9056
v 240.3138 		-57.7994 		6.9056
v 243.0726 		-60.0559 		5.8101
v 237.4381 		-62.698 		6.9159
v 237.4408 		-62.7024 		6.9159
v 238.0884 		-63.4035 		5.8174
v 238.0886 		-63.4012 		6.9174
v 239.3358 		-63.063 		14.111
v 237.8041 		-61.0852 		7.0867
v 237.8024 		-61.0347 		7.0865
v 243.0628 		-60.0197 		5.81
v 243.0642 		-60.0223 		6.91
v 243.0628 		-60.0174 		6.91
v 237.8046 		-61.0998 		7.0867
v 237.8048 		-61.1079 		7.0867
v 239.1978 		-63.013 		14.111
v 238.3249 		-63.5767 		5.8179
v 238.2943 		-63.5551 		5.8179
v 238.3207 		-63.5714 		6.9179
v 238.3249 		-63.5744 		6.9179
v 239.0628 		-62.954 		14.111
v 237.8174 		-61.2334 		7.0867
v 237.8193 		-61.2539 		7.0867
v 237.8124 		-61.1812 		7.0867
v 242.9958 		-59.8227 		5.8096
v 243.0079 		-59.8581 		5.8097
v 242.9975 		-59.8252 		6.9096
v 242.9958 		-59.8204 		6.9096
v 238.5028 		-63.6849 		5.8182
v 238.4708 		-63.6653 		5.8182
v 238.4179 		-63.6332 		5.8181
v 237.5628 		-62.8737 		5.816
v 237.5407 		-62.8435 		5.8159
v 238.4181 		-63.6309 		6.9181
v 237.5598 		-62.8672 		6.9159
v 237.5628 		-62.8714 		6.916
v 238.4985 		-63.6797 		6.9182
v 238.5028 		-63.6824 		6.9182
v 239.8968 		-57.7947 		5.8056
v 239.9343 		-57.794 		5.8056
v 242.9157 		-59.6307 		5.8092
v 242.9302 		-59.6652 		5.8093
v 237.8397 		-63.1847 		5.8167
v 242.9178 		-59.6331 		6.9092
v 242.9158 		-59.6284 		6.9092
v 237.5296 		-62.8281 		5.8158
v 237.5296 		-62.8254 		6.9158
v 239.9019 		-57.7923 		6.9056
v 239.8968 		-57.7924 		6.9056
v 237.8139 		-63.1575 		5.8167
v 238.6878 		-63.7817 		5.8182
v 238.6546 		-63.7644 		5.8182
v 237.8363 		-63.1787 		6.9167
v 237.8398 		-63.1824 		6.9167
v 242.9947 		-59.8201 		5.8096
v 242.9949 		-59.818 		6.9096
v 238.6833 		-63.777 		6.9182
v 238.6878 		-63.7794 		6.9182
v 242.8227 		-59.4437 		5.8088
v 242.8228 		-59.4414 		6.9088
v 239.6897 		-57.8117 		5.8056
v 239.7271 		-57.8086 		5.8056
v 237.8404 		-61.381 		7.0867
v 237.8431 		-61.3973 		7.0868
v 237.8434 		-61.3989 		7.0868
v 239.6949 		-57.809 		6.9056
v 239.6898 		-57.8094 		6.9056
v 238.7741 		-63.8196 		5.8181
v 242.7177 		-59.2637 		5.8084
v 242.7366 		-59.2961 		5.8085
v 238.8787 		-63.8657 		5.8182
v 238.8445 		-63.8506 		5.8182
v 242.7204 		-59.2658 		6.9084
v 242.7178 		-59.2614 		6.9084
v 238.7739 		-63.8172 		6.9181
v 238.8742 		-63.8613 		6.9182
v 238.8788 		-63.8634 		6.9182
v 237.5658 		-59.0037 		5.808
v 237.5898 		-58.9749 		5.8079
v 237.5691 		-58.9974 		6.908
v 237.5658 		-59.0014 		6.908
v 242.8189 		-59.4373 		5.8088
v 239.0747 		-63.9367 		5.8182
v 237.8604 		-61.4707 		7.0872
v 237.8734 		-61.5257 		7.0874
v 242.8192 		-59.4352 		6.9088
v 237.8773 		-61.5424 		7.0874
v 239.0748 		-63.9344 		6.9182
v 239.4837 		-57.8417 		5.8056
v 239.6373 		-57.8193 		5.8056
v 239.2747 		-63.9947 		5.8184
v 239.2387 		-63.9843 		5.8183
v 239.2699 		-63.9909 		6.9184
v 239.2748 		-63.9924 		6.9184
v 242.6008 		-59.0917 		5.808
v 242.6217 		-59.1227 		5.8081
v 242.6037 		-59.0936 		6.908
v 242.6008 		-59.0894 		6.908
v 239.6372 		-57.817 		6.9056
v 239.1511 		-63.9589 		5.8182
v 239.1512 		-63.9565 		6.9182
v 237.9161 		-61.6692 		7.0874
v 237.9203 		-61.6829 		7.0875
v 237.8073 		-58.7302 		5.8073
v 237.8989 		-61.6132 		7.0874
v 237.8072 		-58.728 		6.9073
v 239.4838 		-57.8394 		6.9056
v 237.2208 		-58.123 		5.806
v 239.4779 		-64.0387 		5.8188
v 239.4411 		-64.0308 		5.8187
v 242.4728 		-58.9267 		5.8076
v 242.5928 		-59.0813 		5.808
v 239.4728 		-64.0353 		6.9188
v 239.4779 		-64.0364 		6.9188
v 242.5926 		-59.0787 		6.908
v 242.4728 		-58.9244 		6.9076
v 237.2208 		-58.121 		6.906
v 239.3199 		-58.853 		7.0818
v 239.232 		-58.8848 		7.0818
v 239.2013 		-58.8959 		7.0818
v 237.4437 		-59.1719 		5.8084
v 237.4658 		-59.1415 		5.8083
v 237.5379 		-59.0421 		5.8081
v 237.5378 		-59.04 		6.9081
v 237.4468 		-59.1652 		6.9084
v 237.4438 		-59.1694 		6.9084
v 239.2798 		-57.8867 		5.8056
v 239.3164 		-57.8786 		5.8056
v 242.3348 		-58.7707 		5.8072
v 242.3597 		-58.7988 		5.8073
v 239.6838 		-64.0697 		5.819
v 239.5444 		-64.0487 		5.8189
v 239.5444 		-64.0464 		6.9189
v 239.6838 		-64.0674 		6.919
v 240.0603 		-63.1869 		7.091
v 242.3382 		-58.7722 		6.9072
v 242.3348 		-58.7684 		6.9072
v 237.3318 		-59.3487 		5.8088
v 237.3518 		-59.317 		5.8087
v 237.3346 		-59.342 		6.9088
v 237.3318 		-59.3464 		6.9088
v 239.8918 		-64.0877 		5.819
v 239.0972 		-58.9415 		7.0818
v 239.0664 		-58.9549 		7.0818
v 239.8918 		-64.0854 		6.919
v 242.0598 		-60.7549 		0.006
v 242.2361 		-60.7376 		0.006
v 242.1996 		-60.5126 		0.0053
v 242.0598 		-60.5426 		0.0053
v 242.1908 		-60.469 		0.005
v 242.0598 		-60.4195 		0.0051
v 242.1698 		-60.3905 		0.005
v 239.9458 		-64.0885 		5.8189
v 239.9458 		-64.0861 		6.919
v 237.2328 		-59.5317 		5.8092
v 237.2507 		-59.4988 		5.8091
v 237.2353 		-59.5249 		6.9092
v 237.2328 		-59.5294 		6.9092
v 242.1908 		-60.469 		0.0053
v 242.1908 		-60.469 		0.0053
v 238.9662 		-59.0069 		7.0818
v 238.9353 		-59.0229 		7.0818
v 240.0858 		-63.1857 		7.091
v 240.2073 		-63.1799 		7.091
v 242.1828 		-63.258 		7.091
v 242.1862 		-60.4515 		0.0053
v 242.1908 		-60.469 		0.0053
v 242.2388 		-60.759 		0.006
v 242.2485 		-60.901 		0.006
v 241.6828 		-63.633 		7.092
v 241.5018 		-63.735 		7.092
v 241.0358 		-60.7624 		0.0057
v 237.3121 		-59.3853 		5.8089
v 241.0358 		-60.6898 		0.0055
v 241.3138 		-63.824 		7.092
v 241.5118 		-60.2974 		0.0045
v 237.3119 		-59.3832 		6.9089
v 241.0358 		-60.5315 		0.0051
v 239.2848 		-57.8833 		6.9056
v 239.2798 		-57.8844 		6.9056
v 242.3218 		-58.7579 		5.8072
v 241.1198 		-63.901 		7.092
v 242.3216 		-58.7554 		6.9072
v 240.2341 		-63.1768 		7.091
v 240.3519 		-63.1631 		7.091
v 240.3533 		-63.1629 		7.091
v 237.1458 		-59.7207 		5.8096
v 237.1615 		-59.6867 		5.8095
v 237.148 		-59.7137 		6.9096
v 237.1458 		-59.7184 		6.9096
v 242.3308 		-63.112 		7.091
v 242.0248 		-63.394 		7.091
v 241.0358 		-60.5086 		0.005
v 241.8578 		-63.519 		7.091
v 242.4698 		-62.956 		7.09
v 241.3905 		-59.877 		0.0038
v 241.0358 		-60.1651 		0.0044
v 241.0358 		-59.9714 		0.0041
v 242.5978 		-62.792 		7.09
v 241.132 		-59.877 		0.0039
v 242.9128 		-62.254 		7.089
v 242.8198 		-62.44 		7.089
v 239.0797 		-57.9437 		5.8056
v 239.1158 		-57.9334 		5.8056
v 239.2271 		-57.9017 		5.8056
v 242.7148 		-62.62 		7.089
v 242.9938 		-62.062 		7.088
v 237.0718 		-59.9157 		5.81
v 237.133 		-59.7545 		5.8097
v 240.7198 		-64.017 		7.093
v 240.5148 		-64.054 		7.093
v 237.1332 		-59.7518 		6.9097
v 241.7556 		-59.5804 		0.0032
v 237.0718 		-59.9134 		6.91
v 240.3078 		-64.078 		7.093
v 241.7358 		-59.555 		0.003
v 240.0998 		-64.088 		7.093
v 241.605 		-59.4128 		0.003
v 239.227 		-57.8994 		6.9056
v 241.3657 		-59.2036 		0.0025
v 241.0358 		-59.6435 		0.0034
v 239.0848 		-57.94 		6.9056
v 239.0798 		-57.9414 		6.9056
v 241.3038 		-59.157 		0.002
v 241.0358 		-59.1334 		0.0022
v 241.0941 		-59.0275 		0.002
v 240.9219 		-63.966 		7.092
v 241.1808 		-59.077 		0.002
v 241.0959 		-59.0286 		0.002
v 241.3038 		-59.157 		0.0025
v 241.3096 		-59.1614 		0.0025
v 238.818 		-59.094 		7.0819
v 238.8139 		-59.0965 		7.0819
v 238.8098 		-59.0989 		7.0819
v 241.1808 		-59.077 		0.0025
v 241.1887 		-59.0821 		0.0025
v 238.8286 		-59.0875 		7.0818
v 239.2748 		-63.992 		7.093
v 239.0749 		-63.934 		7.092
v 237.0107 		-60.1147 		5.8104
v 237.0218 		-60.0789 		5.8103
v 239.8918 		-64.085 		7.093
v 238.8294 		-59.087 		7.0818
v 237.0123 		-60.1075 		6.9104
v 237.0108 		-60.1124 		6.9104
v 239.6838 		-64.067 		7.093
v 238.8397 		-59.0808 		7.0818
v 241.6378 		-59.445 		0.003
v 238.8721 		-59.0611 		7.0818
v 239.4779 		-64.036 		7.093
v 241.6056 		-59.4134 		0.003
v 241.7358 		-59.555 		0.0032
v 241.6378 		-59.445 		0.0032
v 241.7341 		-59.553 		0.0032
v 240.3814 		-63.1579 		7.091
v 240.4257 		-63.1499 		7.091
v 240.4978 		-63.1369 		7.091
v 241.6378 		-59.445 		0.0032
v 240.5238 		-60.8607 		0.0058
v 243.0618 		-61.865 		7.088
v 243.1848 		-61.253 		7.087
v 243.1579 		-61.459 		7.087
v 240.7073 		-60.6931 		0.0055
v 236.9627 		-60.3177 		5.8108
v 236.9713 		-60.2812 		5.8107
v 237.0043 		-60.1415 		5.8104
v 240.2734 		-60.8642 		0.0058
v 243.1169 		-61.664 		7.087
v 237.0044 		-60.1395 		6.9104
v 238.8837 		-58.0147 		5.8056
v 243.1988 		-61.045 		7.086
v 236.964 		-60.3104 		6.9108
v 236.9628 		-60.3154 		6.9108
v 238.8722 		-59.061 		7.0818
v 238.8838 		-58.0124 		6.9056
v 240.5696 		-63.1189 		7.0908
v 240.6403 		-63.1009 		7.0904
v 238.8018 		-59.1046 		7.082
v 238.7496 		-59.1411 		7.0823
v 238.7178 		-59.1632 		7.0825
v 238.3249 		-63.574 		7.092
v 238.1548 		-63.454 		7.091
v 238.8788 		-63.863 		7.092
v 240.527 		-63.1296 		7.091
v 240.5315 		-63.1285 		7.091
v 238.6878 		-63.779 		7.092
v 240.5415 		-63.1259 		7.0909
v 240.5561 		-63.1223 		7.0908
v 238.6894 		-59.1829 		7.0825
v 238.5028 		-63.682 		7.092
v 240.5628 		-60.7185 		0.0055
v 238.6928 		-58.0977 		5.8059
v 238.727 		-58.0828 		5.8058
v 240.6702 		-63.0911 		7.0903
v 240.7803 		-63.0549 		7.0903
v 240.5238 		-60.5811 		0.0052
v 243.1999 		-60.837 		7.086
v 240.5464 		-60.6674 		0.0055
v 240.5543 		-60.6806 		0.0055
v 238.6975 		-58.0933 		6.9059
v 240.549 		-60.6948 		0.0055
v 238.6928 		-58.0954 		6.9059
v 243.1588 		-60.422 		7.085
v 243.1859 		-60.629 		7.085
v 243.0628 		-60.017 		7.084
v 243.1178 		-60.218 		7.084
v 240.2678 		-60.789 		0.0057
v 240.8103 		-63.0431 		7.0903
v 240.908 		-63.0046 		7.0903
v 240.9173 		-63.0009 		7.0903
v 240.2048 		-60.8402 		0.0058
v 238.9328 		-62.886 		14.111
v 238.8068 		-62.809 		14.11
v 238.6868 		-62.725 		14.11
v 237.9928 		-63.324 		7.091
v 238.5718 		-62.632 		14.11
v 240.5238 		-60.4739 		0.005
v 240.9473 		-62.9864 		7.0903
v 240.9836 		-62.9688 		7.0903
v 241.0254 		-62.949 		7.0903
v 240.8607 		-59.877 		0.0039
v 240.5238 		-60.3262 		0.0048
v 236.9278 		-60.5227 		5.8112
v 236.934 		-60.4858 		5.8111
v 240.2678 		-60.7251 		0.0055
v 236.9287 		-60.5153 		6.9112
v 236.9278 		-60.5204 		6.9112
v 240.4768 		-60.389 		0.0049
v 240.2678 		-60.6676 		0.0054
v 240.1853 		-60.8061 		0.0057
v 240.2016 		-60.7559 		0.0056
v 240.1774 		-60.8001 		0.0057
v 240.1838 		-60.8055 		0.0057
v 242.9158 		-59.628 		7.083
v 242.9958 		-59.82 		7.083
v 242.8228 		-59.441 		7.083
v 242.6008 		-59.089 		7.082
v 242.7178 		-59.261 		7.082
v 238.8318 		-58.0372 		5.8056
v 242.4728 		-58.924 		7.082
v 242.0598 		-61.8609 		7.0881
v 242.1038 		-61.7559 		7.0876
v 238.832 		-58.0349 		6.9056
v 240.5238 		-60.0645 		0.0041
v 240.6269 		-59.877 		0.0037
v 242.1142 		-61.726 		7.0874
v 242.1518 		-61.6169 		7.0874
v 240.3144 		-60.4453 		0.0049
v 240.3454 		-60.389 		0.0048
v 236.9068 		-60.7297 		5.8116
v 242.1714 		-61.5456 		7.0872
v 236.9106 		-60.6924 		5.8115
v 236.926 		-60.5408 		5.8112
v 242.1904 		-61.4749 		7.0868
v 238.5078 		-58.1937 		5.8063
v 238.5411 		-58.1764 		5.8063
v 236.926 		-60.5388 		6.9112
v 238.602 		-59.2528 		7.0825
v 238.0338 		-61.94 		14.109
v 238.5124 		-58.189 		6.9063
v 238.5078 		-58.1914 		6.9063
v 236.9074 		-60.7223 		6.9116
v 236.9068 		-60.7274 		6.9116
v 238.3628 		-62.426 		14.11
v 238.5743 		-59.2749 		7.0825
v 242.16 		-61.5873 		7.0874
v 238.2689 		-62.313 		14.109
v 238.4639 		-62.532 		14.11
v 242.1962 		-61.446 		7.0867
v 242.2194 		-61.3309 		7.0867
v 238.4897 		-59.3533 		7.0825
v 238.4664 		-59.3749 		7.0826
v 238.1818 		-62.194 		14.109
v 242.3348 		-58.768 		7.081
v 242.2233 		-61.3023 		7.0867
v 242.2383 		-61.1922 		7.0867
v 242.2393 		-61.1849 		7.0867
v 238.4921 		-59.3511 		7.0825
v 238.1038 		-62.069 		14.109
v 240.2678 		-60.4427 		0.0049
v 240.2758 		-60.4392 		0.0049
v 240.2987 		-60.4522 		0.0049
v 240.0575 		-60.5134 		0.0052
v 240.0637 		-60.5143 		0.0052
v 240.0885 		-60.4916 		0.0051
v 236.9011 		-60.9003 		5.8119
v 240.0981 		-60.4926 		0.0051
v 240.1226 		-60.4707 		0.0051
v 242.241 		-61.1581 		7.0867
v 242.241 		-61.1575 		7.0867
v 240.1355 		-60.4727 		0.0051
v 240.1588 		-60.4562 		0.005
v 242.2439 		-61.1111 		7.0865
v 242.2488 		-61.0379 		7.0861
v 238.4151 		-59.4282 		7.083
v 238.3891 		-59.4558 		7.0832
v 238.374 		-59.4717 		7.0832
v 238.3648 		-59.4814 		7.0832
v 243.4278 		-63.06 		5.816
v 243.4288 		-63.058 		6.916
v 242.2493 		-60.9641 		7.086
v 237.9728 		-61.806 		14.108
v 240.1747 		-60.4604 		0.005
v 240.197 		-60.4452 		0.005
v 242.249 		-61.0127 		7.086
v 243.6678 		-62.595 		5.815
v 243.8448 		-62.103 		5.814
v 243.9558 		-61.591 		5.813
v 243.9988 		-61.07 		5.812
v 238.2927 		-59.5676 		7.0832
v 238.3176 		-59.5382 		7.0832
v 238.2703 		-59.5939 		7.0832
v 243.9988 		-61.068 		6.912
v 241.0358 		-62.9441 		7.0903
v 241.0498 		-62.9374 		7.0903
v 243.9558 		-61.589 		6.913
v 243.8448 		-62.1 		6.914
v 237.6997 		-58.8437 		5.8076
v 237.7256 		-58.8165 		5.8075
v 237.8008 		-60.946 		14.107
v 237.7034 		-58.8377 		6.9076
v 237.6998 		-58.8414 		6.9076
v 237.8778 		-61.527 		14.108
v 237.8438 		-61.384 		14.107
v 237.9208 		-61.668 		14.108
v 238.2025 		-59.6872 		7.0832
v 238.1878 		-59.7074 		7.0833
v 238.1838 		-59.7129 		7.0833
v 243.6678 		-62.593 		6.915
v 241.1146 		-62.9013 		7.0903
v 241.1784 		-62.8649 		7.0903
v 237.8198 		-61.239 		14.107
v 238.2041 		-59.6849 		7.0832
v 238.2267 		-59.6537 		7.0832
v 237.8048 		-61.093 		14.107
v 237.6958 		-63.031 		7.091
v 241.0795 		-62.9209 		7.0903
v 241.2066 		-62.8466 		7.0902
v 241.2103 		-62.8442 		7.0902
v 237.1439 		-62.153 		7.089
v 237.0698 		-61.959 		7.088
v 237.3298 		-62.526 		7.09
v 237.2308 		-62.343 		7.089
v 237.5628 		-62.871 		7.09
v 238.1447 		-59.7757 		7.0837
v 238.1234 		-59.8094 		7.0839
v 237.4408 		-62.702 		7.09
v 241.3014 		-62.7849 		7.0897
v 238.1054 		-59.8379 		7.0839
v 240.059 		-63.1482 		0.0109
v 240.0118 		-63.1508 		0.0109
v 240.2159 		-60.4513 		0.005
v 240.2361 		-60.4401 		0.005
v 241.3293 		-62.7641 		7.0895
v 241.4155 		-62.6998 		7.0895
v 243.4978 		-59.061 		5.808
v 241.4193 		-62.6969 		7.0895
v 240.2582 		-60.4469 		0.005
v 240.0298 		-60.5417 		0.0052
v 240.0825 		-63.0107 		0.0106
v 240.0325 		-60.5414 		0.0052
v 240.1916 		-63.0098 		0.0106
v 238.051 		-59.9381 		7.0839
v 238.0353 		-59.9669 		7.084
v 241.446 		-62.6739 		7.0895
v 241.4751 		-62.6487 		7.0895
v 241.5308 		-62.6009 		7.0895
v 243.7208 		-59.534 		5.809
v 240.197 		-62.949 		0.0104
v 238.0042 		-60.0342 		7.0844
v 237.9873 		-60.0714 		7.0846
v 243.8808 		-60.032 		5.81
v 243.9738 		-60.547 		5.811
v 241.5562 		-62.5761 		7.0895
v 241.6358 		-62.4979 		7.0895
v 237.9738 		-60.1009 		7.0846
v 236.9068 		-61.144 		7.087
v 243.9738 		-60.545 		6.911
v 243.8808 		-60.03 		6.91
v 243.7208 		-59.532 		6.909
v 243.4978 		-59.059 		6.908
v 242.1746 		-61.5469 		0.0074
v 242.0598 		-61.5165 		0.0073
v 242.1898 		-61.49 		0.007
v 242.0598 		-61.3493 		0.0069
v 242.2122 		-61.3792 		0.007
v 242.2447 		-61.1138 		0.0064
v 242.0598 		-61.1077 		0.0064
v 237.9639 		-60.1273 		7.0846
v 242.2488 		-61.053 		0.006
v 242.2488 		-60.906 		0.006
v 242.2488 		-61.0277 		0.006
v 241.6851 		-62.4427 		7.0893
v 241.7334 		-62.3879 		7.089
v 242.3308 		-63.127 		0.011
v 242.4688 		-62.972 		0.011
v 242.2488 		-61.053 		0.0061
v 242.2488 		-61.053 		0.0061
v 241.6593 		-62.4716 		7.0895
v 241.6616 		-62.4691 		7.0895
v 242.1898 		-61.49 		0.0074
v 241.6663 		-62.4637 		7.0895
v 242.5978 		-62.807 		0.01
v 242.7148 		-62.635 		0.01
v 242.8198 		-62.455 		0.009
v 242.1957 		-61.4611 		0.0074
v 237.9477 		-60.1697 		7.0846
v 237.9325 		-60.2091 		7.0846
v 242.9128 		-62.269 		0.009
v 242.1038 		-61.771 		0.008
v 237.9213 		-60.2379 		7.0846
v 242.9938 		-62.077 		0.009
v 242.0598 		-61.6981 		0.0079
v 242.1212 		-61.7207 		0.008
v 241.7553 		-62.3599 		7.0888
v 241.8206 		-62.2768 		7.0888
v 241.8243 		-62.2719 		7.0888
v 238.3298 		-58.3017 		5.8064
v 236.8998 		-60.935 		7.086
v 237.0088 		-61.759 		7.088
v 236.9618 		-61.557 		7.087
v 238.4597 		-58.2229 		5.8064
v 238.4595 		-58.2207 		6.9064
v 238.3298 		-58.2994 		6.9064
v 236.9278 		-61.351 		7.087
v 242.1038 		-61.771 		0.0081
v 242.0598 		-61.876 		0.0081
v 241.8437 		-62.2431 		7.0888
v 241.8655 		-62.2107 		7.0886
v 241.9068 		-62.1499 		7.0883
v 237.8868 		-60.3513 		7.0846
v 237.8783 		-60.3789 		7.0847
v 237.8871 		-60.3501 		7.0846
v 238.1588 		-58.4217 		5.8065
v 238.1896 		-58.4001 		5.8064
v 238.1631 		-58.4164 		6.9064
v 238.1588 		-58.4194 		6.9065
v 241.9445 		-62.0862 		7.0881
v 241.9776 		-62.0293 		7.0881
v 241.9814 		-62.0229 		7.0881
v 237.851 		-60.4942 		7.0853
v 237.8444 		-60.5219 		7.0853
v 237.8243 		-60.64 		7.0853
v 237.8212 		-60.659 		7.0854
v 237.8198 		-60.6669 		7.0854
v 236.9628 		-60.315 		7.085
v 237.8318 		-60.5947 		7.0853
v 236.9068 		-60.727 		7.086
v 236.9278 		-60.52 		7.085
v 241.9241 		-62.1207 		7.0881
v 242.1148 		-61.7393 		0.0081
v 243.0618 		-61.88 		0.008
v 242.1142 		-61.7411 		0.0081
v 243.1159 		-61.679 		0.008
v 243.1568 		-61.474 		0.007
v 243.1848 		-61.268 		0.007
v 243.1988 		-61.06 		0.006
v 238.1164 		-58.4558 		5.8065
v 237.9968 		-58.5517 		5.8067
v 238.1162 		-58.4536 		6.9065
v 237.9968 		-58.5494 		6.9067
v 241.9961 		-61.9932 		7.0881
v 242.014 		-61.9572 		7.0881
v 242.0469 		-61.8919 		7.0881
v 241.6817 		-62.461 		0.0095
v 241.5478 		-62.3411 		0.0092
v 237.8128 		-60.7407 		7.0858
v 237.8081 		-60.7875 		7.086
v 241.7328 		-62.403 		0.009
v 237.8053 		-60.8139 		7.086
v 241.6759 		-62.1794 		0.0088
v 241.822 		-62.2894 		0.009
v 239.2018 		-58.881 		14.102
v 239.0668 		-58.94 		14.102
v 241.5478 		-62.083 		0.0085
v 242.0595 		-61.8616 		7.0881
v 241.7328 		-62.403 		0.0095
v 241.7565 		-62.3729 		0.0095
v 237.8428 		-58.6927 		5.8072
v 237.8706 		-58.6673 		5.8071
v 241.7543 		-62.3756 		0.0095
v 237.9738 		-60.086 		14.105
v 237.0718 		-59.913 		7.084
v 237.8466 		-58.6869 		6.9071
v 237.8428 		-58.6904 		6.9072
v 237.0108 		-60.112 		7.084
v 241.1454 		-62.8985 		0.0103
v 242.2493 		-60.8909 		7.086
v 241.0358 		-62.7113 		0.0098
v 241.1778 		-62.88 		0.01
v 240.5776 		-60.901 		0.006
v 240.5238 		-60.8723 		0.0058
v 240.4827 		-60.8811 		0.0059
v 241.0831 		-61.925 		0.0083
v 238.0358 		-59.952 		14.104
v 240.5238 		-60.8249 		0.0058
v 240.5338 		-60.8223 		0.0058
v 241.338 		-61.925 		0.0082
v 240.6148 		-60.7386 		0.0056
v 240.5238 		-60.776 		0.0057
v 241.3008 		-62.8 		0.01
v 240.2678 		-60.8924 		0.0059
v 242.2478 		-60.8675 		7.086
v 240.2678 		-60.8813 		0.0059
v 241.4188 		-62.712 		0.01
v 241.0358 		-62.1239 		0.0087
v 241.4836 		-62.6565 		0.01
v 242.2393 		-60.7439 		7.0854
v 241.1778 		-62.88 		0.0103
v 240.5238 		-60.6547 		0.0055
v 240.5426 		-60.6432 		0.0054
v 240.5389 		-60.6547 		0.0055
v 240.2678 		-60.8117 		0.0057
v 240.1997 		-60.8444 		0.0058
v 240.1785 		-60.8665 		0.0058
v 242.2366 		-60.7226 		7.0853
v 242.2204 		-60.5979 		7.0853
v 241.2063 		-62.8615 		0.0102
v 240.1709 		-60.7969 		0.0057
v 240.1749 		-60.798 		0.0057
v 241.3008 		-62.8 		0.0102
v 241.329 		-62.779 		0.0102
v 241.4188 		-62.712 		0.0102
v 241.4188 		-62.712 		0.0102
v 238.6898 		-59.168 		14.103
v 242.1859 		-58.622 		7.081
v 238.2708 		-59.579 		14.104
v 238.1838 		-59.698 		14.104
v 238.1058 		-59.823 		14.104
v 242.2164 		-60.5785 		7.0853
v 241.4655 		-62.672 		0.0101
v 237.3318 		-59.346 		7.083
v 237.1458 		-59.718 		7.084
v 242.1929 		-60.4615 		7.0847
v 237.2328 		-59.529 		7.083
v 242.1914 		-60.4539 		7.0847
v 241.455 		-62.681 		0.0102
v 238.5749 		-59.26 		14.103
v 241.4485 		-62.6865 		0.0102
v 241.4454 		-62.6893 		0.0102
v 241.4189 		-62.712 		0.0102
v 243.1859 		-60.644 		0.006
v 243.1579 		-60.437 		0.005
v 242.0288 		-58.486 		7.081
v 243.1169 		-60.233 		0.005
v 243.0628 		-60.032 		0.004
v 241.6878 		-58.247 		7.08
v 241.8618 		-58.361 		7.08
v 241.5068 		-58.144 		7.08
v 241.3188 		-58.054 		7.08
v 241.1248 		-57.977 		7.08
v 237.5658 		-59.001 		7.082
v 242.1866 		-60.4366 		7.0846
v 242.1718 		-60.3826 		7.0846
v 242.1528 		-60.3119 		7.0846
v 237.4438 		-59.169 		7.082
v 238.4668 		-59.36 		14.103
v 238.3648 		-59.466 		14.103
v 241.0358 		-61.8826 		0.0082
v 237.8389 		-63.197 		0.011
v 242.0397 		-61.9211 		0.0081
v 241.0358 		-61.4504 		0.0071
v 242.0469 		-61.907 		0.008
v 241.0358 		-61.2447 		0.0067
v 242.1292 		-60.2421 		7.0843
v 242.1054 		-60.1729 		7.084
v 241.0358 		-61.1483 		0.0065
v 241.3578 		-61.0844 		0.0064
v 243.1988 		-60.852 		0.006
v 237.6999 		-58.841 		7.082
v 241.0358 		-61.0585 		0.0063
v 242.1477 		-60.2968 		7.0846
v 239.0707 		-62.9874 		0.011
v 239.0888 		-62.949 		0.0109
v 242.3788 		-64.216 		5.819
v 241.0358 		-61.3201 		0.007
v 239.1968 		-63.043 		0.011
v 242.3788 		-64.213 		6.919
v 242.0469 		-61.907 		0.0081
v 239.3358 		-63.093 		0.011
v 242.0595 		-61.8768 		0.0081
v 239.4769 		-63.134 		0.011
v 239.6208 		-63.166 		0.011
v 239.7658 		-63.187 		0.011
v 239.9128 		-63.2 		0.011
v 241.0358 		-61.6975 		0.0077
v 239.9393 		-63.1549 		0.0109
v 239.9297 		-63.2002 		0.011
v 240.5758 		-61.925 		0.0081
v 242.1 		-60.1601 		7.0839
v 242.0598 		-60.0644 		7.0839
v 238.9359 		-59.008 		14.102
v 238.8098 		-59.084 		14.102
v 240.1058 		-57.788 		7.079
v 240.7248 		-57.861 		7.079
v 240.9268 		-57.912 		7.079
v 240.5208 		-57.823 		7.079
v 240.3138 		-57.799 		7.079
v 242.0512 		-60.0438 		7.0839
v 242.0483 		-60.0369 		7.0839
v 240.0638 		-58.7379 		7.0811
v 240.0118 		-58.7386 		7.0811
v 240.4528 		-64.975 		5.821
v 240.9678 		-64.881 		5.82
v 239.1968 		-63.043 		0.011
v 239.0738 		-62.9888 		0.011
v 241.4658 		-64.722 		5.82
v 241.9388 		-64.499 		5.82
v 239.2105 		-63.0479 		0.011
v 239.1968 		-63.043 		0.011
v 240.2057 		-62.8495 		0.0102
v 239.3358 		-63.093 		0.011
v 239.3358 		-63.093 		0.011
v 239.9432 		-58.7396 		7.0811
v 240.3016 		-62.8342 		0.0102
v 240.4528 		-64.972 		6.921
v 239.9174 		-58.7399 		7.0811
v 239.9168 		-58.7399 		7.0811
v 241.9388 		-64.496 		6.92
v 241.4658 		-64.72 		6.92
v 240.8686 		-61.925 		0.0083
v 242.0433 		-60.0269 		7.0839
v 239.3512 		-63.0975 		0.011
v 239.3358 		-63.093 		0.011
v 242.0152 		-59.9707 		7.0839
v 241.9828 		-59.9049 		7.0839
v 239.4769 		-63.134 		0.011
v 239.4769 		-63.134 		0.011
v 240.9678 		-64.879 		6.92
v 240.3074 		-62.679 		0.0099
v 240.3934 		-62.6721 		0.0099
v 239.4947 		-63.138 		0.011
v 239.4769 		-63.134 		0.011
v 239.6208 		-63.166 		0.011
v 240.3844 		-62.4903 		0.0095
v 237.8448 		-60.507 		14.106
v 239.2798 		-57.884 		7.08
v 237.8058 		-60.799 		14.106
v 239.6407 		-63.1689 		0.011
v 239.6208 		-63.166 		0.011
v 239.0798 		-57.941 		7.08
v 237.8198 		-60.652 		14.106
v 240.453 		-62.4666 		0.0095
v 239.7658 		-63.187 		0.011
v 240.3685 		-62.1728 		0.0088
v 239.7883 		-63.189 		0.011
v 239.7658 		-63.187 		0.011
v 240.4309 		-62.2761 		0.0091
v 237.9219 		-60.223 		14.105
v 241.9783 		-59.8971 		7.0839
v 239.8435 		-58.746 		7.0811
v 239.7984 		-58.7496 		7.0811
v 239.9128 		-63.2 		0.011
v 239.9128 		-63.2 		0.011
v 237.8788 		-60.364 		14.105
v 239.7703 		-58.7519 		7.0811
v 240.4787 		-62.2356 		0.009
v 239.9128 		-63.2 		0.011
v 240.4517 		-62.0663 		0.0086
v 239.8968 		-57.792 		7.079
v 241.9088 		-59.7779 		7.0833
v 238.9878 		-62.1105 		0.0088
v 240.5238 		-61.8362 		0.0079
v 239.1552 		-61.925 		0.0083
v 239.6898 		-57.809 		7.079
v 239.4371 		-61.925 		0.0082
v 238.9878 		-62.6349 		0.0098
v 240.8606 		-61.7258 		0.0078
v 239.4838 		-57.839 		7.079
v 239.5728 		-61.925 		0.0084
v 240.0638 		-58.723 		14.102
v 241.8677 		-59.7167 		7.0832
v 239.6403 		-58.7715 		7.0812
v 241.8263 		-59.6559 		7.0832
v 239.6243 		-58.7739 		7.0812
v 240.6448 		-58.81 		14.102
v 240.5018 		-58.774 		14.102
v 240.5273 		-61.2119 		0.0065
v 240.3568 		-58.747 		14.102
v 240.2108 		-58.73 		14.102
v 239.6496 		-58.7701 		7.0811
v 239.6541 		-58.7695 		7.0811
v 240.757 		-61.1707 		0.0065
v 240.5319 		-61.1336 		0.0065
v 239.5166 		-61.413 		0.0071
v 239.4998 		-61.427 		0.0072
v 241.0086 		-61.143 		0.0064
v 239.9168 		-58.725 		14.102
v 238.4048 		-64.669 		5.82
v 239.4998 		-61.5429 		0.0074
v 239.617 		-61.413 		0.0071
v 239.7708 		-58.737 		14.102
v 238.8968 		-64.845 		5.82
v 239.6248 		-58.759 		14.102
v 239.4088 		-64.956 		5.821
v 239.9298 		-65 		5.821
v 239.552 		-58.7895 		7.0816
v 239.5107 		-58.7985 		7.0818
v 239.4808 		-58.79 		14.102
v 239.4829 		-58.8045 		7.0818
v 239.4808 		-58.8049 		7.0818
v 239.3398 		-58.831 		14.102
v 241.905 		-59.7721 		7.0832
v 239.761 		-61.413 		0.007
v 239.4998 		-61.8258 		0.008
v 239.7186 		-61.6166 		0.0076
v 239.8149 		-61.413 		0.0071
v 240.5297 		-61.1332 		0.0065
v 238.1588 		-58.419 		7.081
v 239.41 		-58.8255 		7.0818
v 239.3702 		-58.837 		7.0818
v 237.9968 		-58.549 		7.081
v 241.8237 		-59.6525 		7.0832
v 239.3393 		-58.8459 		7.0818
v 241.7363 		-59.5399 		7.0832
v 238.8838 		-58.012 		7.08
v 240.5795 		-61.5813 		0.0075
v 238.6928 		-58.095 		7.08
v 241.7346 		-59.5379 		7.0832
v 240.3956 		-61.6171 		0.0074
v 238.5078 		-58.191 		7.08
v 238.3298 		-58.299 		7.08
v 241.6383 		-59.4299 		7.0825
v 240.3844 		-61.5978 		0.0074
v 239.7766 		-61.196 		0.0066
v 239.7558 		-61.2133 		0.0066
v 240.7298 		-58.853 		7.0815
v 240.7115 		-58.847 		7.0814
v 237.8428 		-58.69 		7.081
v 239.8375 		-61.1681 		0.0065
v 240.661 		-58.8304 		7.0811
v 240.6443 		-58.8249 		7.0811
v 239.8273 		-61.157 		0.0065
v 239.8233 		-61.157 		0.0065
v 239.4088 		-64.954 		6.921
v 236.7838 		-63.38 		5.817
v 239.8378 		-61.1682 		0.0065
v 238.8968 		-64.843 		6.92
v 236.7838 		-63.377 		6.917
v 239.7558 		-61.2591 		0.0067
v 240.5205 		-58.7938 		7.0811
v 239.9298 		-64.997 		6.921
v 240.5028 		-58.7893 		7.0811
v 240.5013 		-58.7889 		7.0811
v 241.6382 		-59.4298 		7.0825
v 241.5347 		-59.3283 		7.0825
v 235.9998 		-60.931 		5.812
v 236.0248 		-61.453 		5.813
v 241.5333 		-59.3269 		7.0825
v 236.1188 		-61.968 		5.814
v 236.5008 		-62.94 		5.817
v 236.2778 		-62.467 		5.816
v 240.4285 		-58.7754 		7.0811
v 240.3786 		-58.766 		7.0811
v 240.3568 		-58.7619 		7.0811
v 236.2778 		-62.464 		6.916
v 236.1188 		-61.966 		6.914
v 236.5008 		-62.937 		6.917
v 238.4048 		-64.666 		6.92
v 240.2344 		-58.7477 		7.0811
v 240.2108 		-58.7449 		7.0811
v 235.9998 		-60.928 		6.912
v 236.0248 		-61.451 		6.913
v 240.0892 		-58.7391 		7.0811
v 240.9178 		-62.986 		14.111
v 240.7808 		-63.04 		14.111
v 240.6408 		-63.086 		14.111
v 240.4978 		-63.122 		14.111
v 241.4256 		-59.2338 		7.0825
v 236.0438 		-60.409 		5.811
v 240.3538 		-63.148 		14.111
v 236.1548 		-59.898 		5.81
v 236.3308 		-59.406 		5.809
v 241.4223 		-59.2309 		7.0825
v 240.2078 		-63.165 		14.111
v 236.5708 		-58.94 		5.808
v 240.0609 		-63.172 		14.111
v 236.5708 		-58.938 		6.908
v 236.3308 		-59.403 		6.909
v 236.1548 		-59.896 		6.91
v 236.0438 		-60.407 		6.911
v 241.31 		-59.1462 		7.0818
v 241.3044 		-59.1419 		7.0818
v 241.1891 		-59.0669 		7.0818
v 242.1518 		-61.602 		14.108
v 242.1038 		-61.741 		14.108
v 241.1813 		-59.0619 		7.0818
v 242.2398 		-61.17 		14.107
v 242.2198 		-61.316 		14.107
v 242.1908 		-61.46 		14.107
v 242.2488 		-61.023 		14.106
v 241.6358 		-62.483 		14.11
v 241.9818 		-62.008 		14.109
v 241.9068 		-62.135 		14.109
v 241.8249 		-62.257 		14.109
v 241.0635 		-58.9947 		7.0818
v 241.7338 		-62.373 		14.109
v 241.0534 		-58.9889 		7.0818
v 241.0498 		-62.922 		14.111
v 241.5308 		-62.586 		14.11
v 241.4198 		-62.682 		14.11
v 241.3018 		-62.77 		14.11
v 241.1788 		-62.85 		14.11
v 241.0358 		-58.9806 		7.0818
v 240.9329 		-58.9319 		7.0818
v 240.9203 		-58.9259 		7.0818
v 239.923 		-61.157 		0.0065
v 239.9359 		-61.157 		0.0064
v 242.0469 		-61.877 		14.108
v 240.7985 		-58.8767 		7.0818
v 240.7843 		-58.8709 		7.0817
v 239.9414 		-61.1455 		0.0064
v 239.931 		-61.1443 		0.0064
v 239.8745 		-60.9762 		0.0061
v 239.7558 		-60.9737 		0.0061
v 239.7765 		-60.9942 		0.0061
v 239.8789 		-60.9779 		0.0061
v 239.7558 		-60.9975 		0.0061
v 239.8256 		-61.1551 		0.0065
v 239.7558 		-61.0424 		0.0062
v 239.7389 		-60.9734 		0.0061
v 239.4998 		-60.9685 		0.0062
v 239.4998 		-61.0385 		0.0062
v 239.4998 		-61.0829 		0.0062
v 239.5146 		-61.0975 		0.0064
v 239.4998 		-61.1009 		0.0064
v 239.4998 		-61.1284 		0.0065
v 239.6437 		-61.0809 		0.0064
v 239.5477 		-61.2461 		0.0067
v 239.5342 		-61.2223 		0.0067
v 239.4998 		-61.2389 		0.0068
v 239.5442 		-61.2584 		0.0068
v 239.5618 		-61.2831 		0.0067
v 239.4998 		-61.3264 		0.0069
v 238.9878 		-60.9581 		0.0063
v 239.192 		-61.0879 		0.0064
v 238.9878 		-61.1206 		0.0065
v 238.9878 		-61.2179 		0.0067
v 238.9878 		-61.2975 		0.007
v 238.9878 		-61.4865 		0.0075
v 239.2271 		-61.5173 		0.0073
v 238.9878 		-61.6849 		0.0077
v 238.9878 		-61.8544 		0.0082
v 238.4758 		-62.0435 		0.0085
v 238.6451 		-61.925 		0.0083
v 238.9033 		-61.925 		0.0084
v 238.4758 		-62.2819 		0.0093
v 238.5271 		-62.6214 		0.01
v 238.5718 		-62.662 		0.01
v 238.6859 		-62.755 		0.01
v 238.8058 		-62.839 		0.01
v 238.844 		-62.8623 		0.0103
v 238.5718 		-62.662 		0.0103
v 238.5718 		-62.662 		0.0103
v 238.6859 		-62.755 		0.0103
v 238.5742 		-62.6639 		0.0103
v 238.5719 		-62.662 		0.0103
v 238.6903 		-62.7581 		0.0103
v 238.8058 		-62.839 		0.0103
v 238.8128 		-62.8433 		0.0103
v 238.0344 		-61.925 		0.0087
v 238.0161 		-61.9332 		0.0087
v 238.1941 		-62.2409 		0.009
v 238.2678 		-62.343 		0.009
v 238.3231 		-62.4094 		0.0096
v 238.2678 		-62.343 		0.0096
v 238.2656 		-62.3398 		0.0096
v 238.0124 		-61.925 		0.0087
v 238.6963 		-60.9521 		0.0064
v 237.9639 		-61.2849 		0.0069
v 237.9639 		-61.4519 		0.0074
v 237.9639 		-61.6356 		0.0079
v 237.9718 		-61.836 		0.008
v 238.6924 		-61.6293 		0.0079
v 237.9672 		-61.8237 		0.0082
v 237.9639 		-61.8148 		0.0082
v 237.9718 		-61.836 		0.0082
v 237.9065 		-61.6545 		0.008
v 237.9198 		-61.698 		0.008
v 237.9198 		-61.698 		0.0081
v 237.9156 		-61.6842 		0.0081
# 1638 vertices

g group_2_6383466

usemtl color_6383466
s 0

f 2970 	2220 	2221
f 2218 	2223 	2222
f 2250 	2229 	2230
f 2228 	2763 	2762
f 2913 	2262 	2230
f 2817 	2249 	2251
f 2247 	2228 	2232
f 2232 	2229 	2246
f 2229 	2250 	2246
f 2230 	2245 	2250
f 2239 	2252 	2244
f 2224 	2219 	2247
f 2240 	2227 	2457
f 2273 	2245 	2230
f 2228 	2247 	2219
f 2232 	2246 	2247
f 2986 	2969 	2221
f 2227 	2455 	2457
f 2220 	2943 	2944
f 2255 	2629 	2607
f 2221 	2225 	2986
f 2305 	3004 	2225
f 2272 	3852 	2233
f 2742 	2267 	2268
f 2923 	2922 	2245
f 2254 	2267 	2275
f 2742 	2274 	2275
f 2261 	2252 	2271
f 2451 	2258 	2248
f 2275 	2267 	2742
f 2277 	2369 	2276
f 3561 	3325 	2280
f 3343 	3585 	2283
f 2243 	2248 	2281
f 2817 	2281 	2282
f 2230 	2262 	2273
f 2262 	2259 	2278
f 2278 	2273 	2262
f 3443 	2243 	2281
f 2281 	2817 	3443
f 2242 	2243 	3443
f 2279 	2259 	2260
f 2286 	2239 	2244
f 2288 	3378 	2289
f 3378 	3377 	2289
f 3377 	2290 	2289
f 2279 	2278 	2259
f 2290 	2550 	3652
f 2288 	2289 	2290
f 2944 	2231 	2220
f 2264 	2279 	2260
f 2264 	2260 	2263
f 2286 	2244 	2252
f 2252 	2261 	2286
f 2271 	2252 	2239
f 2527 	2283 	2284
f 2239 	2286 	2292
f 2292 	2286 	2291
f 2535 	2526 	2284
f 2263 	2293 	2294
f 2294 	2264 	2263
f 2233 	2738 	2739
f 2495 	2297 	2300
f 2585 	2287 	2253
f 2225 	3004 	2985
f 2601 	2265 	2266
f 2302 	2303 	2784
f 3364 	2304 	2302
f 3127 	3132 	2305
f 2307 	3465 	2308
f 2300 	2299 	2495
f 3364 	2784 	2308
f 2608 	2253 	2254
f 2739 	2272 	2233
f 2607 	2254 	2255
f 2322 	2617 	2618
f 2325 	2303 	2326
f 2784 	2303 	2325
f 2618 	2305 	2322
f 2329 	2328 	2653
f 2330 	2329 	2331
f 2331 	2329 	2653
f 2330 	2331 	2561
f 2320 	2321 	2817
f 2339 	2338 	2449
f 2313 	2299 	2817
f 2817 	2321 	2317
f 2317 	2313 	2817
f 3682 	3550 	2650
f 2297 	2298 	2817
f 2298 	2309 	2817
f 2346 	2348 	2349
f 2328 	2329 	3682
f 2350 	2348 	2346
f 3027 	3016 	2337
f 2391 	2390 	3160
f 2349 	2348 	2350
f 2310 	2314 	2817
f 2817 	2309 	2310
f 2550 	3377 	2355
f 2354 	2358 	2550
f 3160 	2353 	2352
f 3160 	2390 	2353
f 2352 	2351 	3160
f 2847 	2357 	2356
f 2355 	2817 	2354
f 2355 	2354 	2550
f 2851 	2265 	2357
f 2341 	2841 	2356
f 2366 	2282 	2281
f 2249 	2366 	2281
f 2360 	2344 	2361
f 2360 	2359 	2344
f 2364 	2361 	2344
f 2364 	2344 	2345
f 2366 	2249 	2817
f 2340 	2335 	2828
f 2828 	2836 	2340
f 2346 	2349 	2347
f 2360 	2361 	2364
f 2276 	2254 	2277
f 2373 	2456 	2374
f 2456 	2449 	2338
f 2957 	2945 	2372
f 2375 	2456 	2373
f 2377 	2376 	2460
f 2376 	2431 	2460
f 2323 	2318 	2319
f 2501 	2500 	2381
f 2460 	2431 	2343
f 3115 	2335 	2340
f 2381 	2379 	2501
f 2382 	2381 	2500
f 2500 	2383 	2382
f 2364 	2712 	2360
f 2378 	2380 	2425
f 2351 	2352 	2895
f 2895 	2846 	2351
f 2762 	2349 	2350
f 3157 	2392 	2391
f 3157 	2408 	2392
f 2895 	2353 	2390
f 2401 	2393 	2389
f 3370 	2375 	2373
f 2393 	2399 	2400
f 2401 	2399 	2393
f 2402 	3157 	3113
f 3113 	2405 	2403
f 3113 	2403 	2402
f 2400 	2399 	2401
f 2407 	2430 	2394
f 2398 	2346 	3327
f 2946 	2371 	2372
f 2882 	2402 	2403
f 2401 	2415 	2400
f 2538 	2410 	2409
f 2538 	2443 	2410
f 2890 	2392 	2408
f 2890 	2408 	2402
f 3332 	3327 	2346
f 2277 	2254 	2409
f 2400 	2415 	2398
f 2393 	2400 	2398
f 2538 	2444 	2443
f 2817 	2432 	2404
f 2407 	2404 	2432
f 2416 	2415 	2401
f 2416 	2417 	2415
f 2409 	2410 	2369
f 2648 	2817 	2378
f 2648 	2378 	2379
f 2350 	2346 	2398
f 2378 	2817 	2380
f 2277 	2409 	2369
f 2904 	2365 	2367
f 2418 	2398 	2419
f 2419 	2398 	2417
f 2417 	2398 	2415
f 3083 	3061 	2396
f 2648 	2379 	2381
f 2420 	2419 	2401
f 2401 	2419 	2416
f 2416 	2419 	2417
f 2419 	2420 	2418
f 2648 	2382 	2383
f 3112 	2413 	2412
f 3112 	2414 	2413
f 3112 	2427 	2414
f 2412 	2411 	3113
f 3112 	3124 	2428
f 2380 	2421 	2425
f 2411 	2405 	3113
f 2501 	2378 	2424
f 2378 	2425 	2424
f 2422 	2426 	2425
f 2421 	2422 	2425
f 2420 	2401 	2389
f 2662 	2423 	2424
f 2984 	2333 	2334
f 3006 	2983 	2334
f 2337 	3016 	2336
f 3124 	2429 	2428
f 2395 	2394 	2433
f 2997 	2952 	2386
f 2669 	2359 	2360
f 2432 	2436 	2435
f 2996 	2386 	2394
f 2719 	2364 	2345
f 2394 	2430 	2433
f 2735 	2712 	2364
f 3030 	2395 	2397
f 3065 	2343 	2431
f 2397 	3029 	3030
f 3047 	3012 	2395
f 2493 	2280 	2283
f 2817 	2714 	2434
f 3083 	2396 	2335
f 2335 	3115 	3082
f 2437 	2335 	2438
f 2287 	2556 	2285
f 2335 	2437 	2441
f 2441 	2440 	2335
f 2439 	2442 	2441
f 2437 	2439 	2441
f 2870 	2387 	2388
f 2340 	3114 	3115
f 3140 	3114 	2340
f 3139 	2340 	2341
f 2441 	2817 	2833
f 2833 	2440 	2441
f 2445 	2833 	2817
f 2538 	2458 	2444
f 2274 	2538 	2409
f 2445 	2448 	2447
f 3226 	3227 	2356
f 2357 	3224 	3226
f 2443 	2369 	2410
f 2443 	2444 	2369
f 2446 	2833 	2445
f 2258 	2723 	2257
f 2437 	2817 	2439
f 2433 	2430 	2432
f 2430 	2407 	2432
f 2451 	2450 	2449
f 2722 	2449 	3549
f 2338 	2374 	2456
f 2457 	2455 	2454
f 2421 	2380 	2817
f 2538 	2459 	2458
f 2422 	2421 	2817
f 2275 	2274 	2409
f 2298 	2297 	2495
f 2444 	2458 	2369
f 2299 	2313 	2495
f 2343 	2461 	2460
f 2343 	2342 	2461
f 2317 	2495 	2313
f 2453 	2473 	2463
f 2452 	2453 	2316
f 2470 	2469 	2495
f 2495 	2317 	2321
f 2453 	2463 	2319
f 2910 	2909 	3713
f 3713 	2462 	2465
f 2465 	2462 	2466
f 2463 	2467 	2468
f 2463 	2468 	2464
f 2461 	2471 	2726
f 2471 	2461 	2472
f 2495 	2320 	2470
f 2473 	2467 	2463
f 2463 	2324 	2323
f 3333 	2327 	2464
f 2468 	2467 	2473
f 2218 	2454 	2223
f 2462 	2454 	2218
f 2449 	2461 	3549
f 2648 	2474 	2469
f 2648 	2469 	2470
f 2916 	2241 	2238
f 2929 	2899 	2241
f 2460 	2461 	2449
f 3078 	2453 	2452
f 2460 	2449 	2456
f 2231 	2915 	2238
f 2479 	2476 	2474
f 2474 	2648 	2479
f 2477 	2282 	2366
f 2366 	2478 	2477
f 2970 	2943 	2220
f 2248 	2450 	2451
f 2481 	2479 	2648
f 2914 	2388 	2475
f 2936 	2913 	2475
f 2722 	2451 	2449
f 2936 	2475 	2464
f 2726 	2724 	3552
f 2480 	2454 	2455
f 2819 	2223 	2454
f 2924 	2454 	2480
f 2462 	2482 	2466
f 3079 	3001 	2453
f 2648 	2490 	2489
f 2489 	2481 	2648
f 3273 	2483 	2512
f 2375 	2484 	2456
f 2452 	3077 	3078
f 2528 	2657 	2648
f 2817 	2282 	2477
f 2480 	2455 	2227
f 2817 	2477 	2478
f 2924 	2480 	2227
f 2485 	2449 	2450
f 2521 	2520 	3274
f 3310 	2466 	2482
f 2478 	2366 	2817
f 2461 	2342 	2486
f 2461 	2486 	2472
f 2495 	2476 	2479
f 3274 	2520 	2488
f 2460 	3274 	2488
f 2488 	2487 	2460
f 2487 	2377 	2460
f 2485 	2450 	2248
f 3039 	2472 	2486
f 2538 	2491 	2459
f 2379 	2378 	2501
f 2271 	2679 	2269
f 2369 	2458 	2459
f 2517 	2532 	2369
f 2495 	2496 	2492
f 2492 	2496 	2497
f 2498 	2496 	2495
f 2496 	2498 	2497
f 3766 	2499 	3774
f 2309 	2298 	2492
f 2495 	2481 	2489
f 2503 	2500 	2504
f 2504 	2500 	2501
f 2648 	2519 	2518
f 2505 	2504 	2501
f 2504 	2505 	2503
f 2423 	2530 	2501
f 3578 	3577 	2526
f 3766 	3771 	2499
f 3120 	2536 	2508
f 3120 	2508 	2507
f 3767 	2499 	3768
f 3783 	2499 	3767
f 3577 	2493 	2510
f 2511 	3273 	2512
f 2456 	2484 	2483
f 2490 	2509 	2495
f 2514 	2494 	3590
f 3590 	2531 	2514
f 2541 	2540 	3273
f 2515 	3273 	2511
f 2507 	2516 	3124
f 2538 	2517 	2513
f 2538 	2513 	2491
f 2429 	3124 	2516
f 2495 	2489 	2490
f 2502 	2518 	2509
f 2534 	2531 	3590
f 2369 	2491 	2513
f 2369 	2459 	2491
f 2509 	2490 	2502
f 2590 	2572 	3303
f 2369 	2513 	2517
f 2518 	2502 	2648
f 2283 	2510 	2493
f 2546 	2522 	3274
f 2547 	2546 	3274
f 3274 	2522 	2521
f 2524 	2523 	3116
f 2525 	2524 	3116
f 2235 	2807 	2234
f 3768 	2499 	3769
f 3144 	2452 	2492
f 3077 	2452 	3144
f 3073 	2488 	2520
f 3769 	2499 	3771
f 2528 	2384 	2506
f 2506 	2384 	2383
f 2509 	2498 	2495
f 3759 	2499 	3760
f 2424 	2423 	2501
f 3764 	2499 	3759
f 3760 	2499 	3783
f 2381 	2382 	2648
f 2383 	2384 	2648
f 2538 	2532 	2517
f 2860 	2523 	2524
f 3762 	2499 	3763
f 2509 	2518 	2519
f 2519 	2533 	2509
f 3594 	2592 	2567
f 3763 	2499 	3764
f 2369 	2532 	2537
f 2545 	2534 	3603
f 2953 	2385 	2386
f 2284 	2526 	2527
f 3432 	3408 	2500
f 2527 	2510 	2283
f 2734 	2499 	2731
f 2767 	2499 	2745
f 3577 	2527 	2526
f 2768 	2499 	2767
f 3631 	2742 	2268
f 2512 	3378 	2511
f 3378 	2515 	2511
f 2406 	2539 	2661
f 2530 	2423 	2662
f 2538 	2537 	2532
f 2777 	2499 	2775
f 2404 	2386 	2406
f 2406 	2386 	2539
f 2773 	2499 	2768
f 2543 	2542 	3116
f 3116 	3091 	2544
f 2732 	2499 	2728
f 3765 	2499 	3762
f 3002 	2473 	2453
f 3274 	3303 	2547
f 2394 	2386 	2404
f 2537 	2538 	2742
f 2538 	2274 	2742
f 2395 	2432 	2434
f 2435 	2434 	2432
f 2404 	2407 	2394
f 2358 	2551 	2550
f 2290 	3377 	2550
f 2714 	2817 	2549
f 2563 	2568 	2549
f 2284 	2285 	2535
f 3213 	3144 	2492
f 3116 	2542 	2525
f 3273 	2515 	2541
f 2675 	2744 	2550
f 2550 	2551 	2675
f 2559 	2558 	2549
f 3652 	2288 	2290
f 2559 	2549 	2568
f 2658 	3549 	3582
f 2548 	2434 	2714
f 3294 	2499 	3612
f 2498 	3166 	2497
f 3297 	2499 	3298
f 3578 	2556 	2555
f 3578 	2552 	2556
f 3396 	3229 	2509
f 2640 	2558 	2557
f 2641 	2716 	2714
f 2553 	2650 	2554
f 3582 	2659 	2658
f 3233 	2499 	3276
f 2560 	2650 	2553
f 2558 	2559 	2557
f 3238 	2499 	3241
f 2612 	2611 	3594
f 3409 	2506 	2500
f 2562 	3280 	2540
f 2563 	2438 	2335
f 2335 	2396 	2563
f 2553 	2554 	2561
f 3186 	2499 	3187
f 2564 	3280 	2562
f 2566 	2565 	3603
f 2567 	2566 	3603
f 2560 	2553 	2561
f 2563 	2396 	2568
f 2627 	2652 	3282
f 2335 	2440 	2569
f 2569 	2440 	2833
f 2565 	2545 	3603
f 3303 	3291 	2591
f 2572 	2571 	3303
f 2571 	2547 	3303
f 3454 	2505 	2570
f 2576 	2575 	2574
f 3739 	2499 	3740
f 2552 	2285 	2556
f 2552 	2535 	2285
f 2505 	2501 	2570
f 3740 	2499 	3741
f 3084 	2545 	2565
f 2573 	2446 	2341
f 2341 	2446 	2445
f 2341 	2445 	2447
f 2447 	2578 	2341
f 3141 	2577 	2574
f 2581 	2245 	2922
f 2848 	2578 	2447
f 3741 	2499 	3742
f 3379 	3383 	2562
f 2579 	2230 	2580
f 3742 	2499 	3745
f 3383 	2564 	2562
f 2287 	2555 	2556
f 2245 	2581 	2583
f 2876 	2245 	2583
f 3745 	2499 	3749
f 3076 	2547 	2571
f 2582 	2575 	2576
f 2584 	3581 	2585
f 3581 	2555 	2585
f 3280 	2587 	2586
f 3280 	2564 	2587
f 2580 	2388 	2579
f 3582 	3581 	2607
f 3749 	2499 	3751
f 3226 	2356 	2357
f 2579 	2388 	2914
f 2591 	2590 	3303
f 3594 	2593 	2592
f 3751 	2499 	2860
f 2693 	2692 	3593
f 2564 	3383 	2587
f 2605 	2604 	2594
f 2585 	2555 	2287
f 2860 	2499 	2861
f 3260 	2357 	2265
f 3101 	2567 	2592
f 2592 	3056 	3101
f 2594 	2604 	2315
f 2315 	2311 	2594
f 2594 	2595 	2605
f 2598 	3393 	2597
f 2585 	2253 	2584
f 2861 	2499 	2866
f 2866 	2499 	2872
f 3056 	2592 	2593
f 2224 	2737 	2713
f 2872 	2499 	2882
f 2599 	3721 	2601
f 2600 	3281 	2602
f 2446 	2573 	2833
f 2882 	2499 	2890
f 2224 	2713 	2673
f 2672 	2671 	2605
f 2606 	3281 	2600
f 2219 	2224 	2605
f 2890 	2499 	2895
f 2608 	2607 	3581
f 2895 	2499 	3186
f 3593 	2612 	3594
f 3187 	2499 	3188
f 3291 	2630 	2610
f 2610 	2609 	3291
f 2605 	2595 	2219
f 3188 	2499 	3190
f 3316 	2626 	2614
f 2712 	2735 	2219
f 2219 	2595 	2669
f 3242 	2499 	3238
f 3426 	2606 	2600
f 2254 	2607 	2608
f 3241 	2499 	3247
f 2618 	2617 	2594
f 2594 	3055 	2618
f 3247 	2499 	3253
f 2604 	2620 	2619
f 2605 	2643 	2620
f 3253 	2499 	3233
f 2584 	2621 	3581
f 2586 	2602 	3281
f 3276 	2499 	3299
f 2718 	2743 	2228
f 2608 	3581 	2621
f 2609 	2622 	3291
f 2611 	2623 	3594
f 3299 	2499 	3297
f 2622 	2591 	3291
f 2593 	3594 	2623
f 2673 	2605 	2224
f 2266 	2599 	2601
f 3298 	2499 	3306
f 2621 	2584 	2253
f 3306 	2499 	3309
f 2725 	2737 	2224
f 2727 	2725 	2224
f 2253 	2608 	2621
f 2644 	2605 	2671
f 3309 	2499 	3294
f 3721 	2596 	2624
f 3233 	3276 	2613
f 2601 	3721 	2624
f 3616 	3612 	2499
f 2625 	2598 	3736
f 2616 	2615 	3736
f 2615 	2625 	3736
f 3623 	2499 	3456
f 3056 	2593 	2623
f 3610 	2499 	3629
f 3318 	3310 	2695
f 3629 	2499 	3623
f 3281 	2628 	2627
f 3502 	2499 	3501
f 2659 	3582 	2680
f 2654 	3282 	2651
f 2265 	2624 	2596
f 3503 	2499 	3502
f 2680 	3582 	2629
f 2629 	3582 	2607
f 2624 	2265 	2601
f 2698 	2666 	3321
f 3512 	2499 	3499
f 2632 	2612 	3593
f 3393 	2598 	2625
f 3316 	3321 	2667
f 2634 	3722 	2635
f 3722 	3721 	2599
f 2594 	2617 	2595
f 2636 	3722 	2634
f 2438 	2563 	2549
f 2437 	2438 	2549
f 2549 	2817 	2437
f 2499 	3645 	3662
f 2663 	2595 	2637
f 2637 	2595 	2638
f 2219 	2719 	2718
f 2395 	2716 	2641
f 3724 	2738 	3726
f 2670 	2669 	2595
f 2549 	2558 	2640
f 2557 	2639 	2640
f 3456 	2499 	3469
f 2639 	2642 	2397
f 3469 	2499 	3503
f 2642 	2559 	2568
f 2606 	2628 	3281
f 2689 	2688 	3737
f 2605 	2644 	2643
f 2397 	2640 	2639
f 2646 	2645 	3737
f 2557 	2559 	2639
f 3134 	2610 	2630
f 2647 	2616 	3737
f 3737 	2645 	2647
f 2639 	2559 	2642
f 3666 	2499 	3662
f 2661 	2817 	2404
f 2404 	2406 	2661
f 2638 	2322 	2370
f 2599 	2266 	2635
f 3501 	2499 	3532
f 2370 	2637 	2638
f 3532 	2499 	3531
f 2529 	2501 	2530
f 2617 	2638 	2595
f 2620 	2604 	2605
f 2649 	2554 	2650
f 3668 	2499 	3666
f 3282 	2652 	2651
f 2328 	2650 	2653
f 2653 	2650 	2560
f 3673 	2499 	3668
f 3049 	2612 	2632
f 2561 	2554 	2649
f 3290 	2656 	2655
f 2690 	2656 	3290
f 2657 	2528 	2506
f 2653 	2560 	2561
f 2331 	2653 	2561
f 2501 	2529 	2660
f 3676 	2499 	3673
f 2817 	2661 	2662
f 2539 	2702 	2661
f 3447 	2499 	3676
f 3550 	3384 	2650
f 2617 	2322 	2638
f 3429 	2654 	2651
f 3448 	2499 	3447
f 2358 	2665 	2551
f 2698 	3321 	3318
f 3318 	2694 	2698
f 2666 	2664 	3321
f 2662 	2661 	2684
f 3321 	2664 	2668
f 2668 	2667 	3321
f 2804 	2805 	2661
f 3566 	2499 	3448
f 2595 	2663 	2670
f 2269 	2636 	2634
f 3499 	2499 	3567
f 2605 	2673 	2672
f 2674 	2665 	2358
f 3567 	2499 	3566
f 2660 	2529 	2662
f 2529 	2530 	2662
f 3282 	3281 	2627
f 2635 	2266 	2269
f 2655 	2676 	3290
f 2729 	2728 	2499
f 2664 	2666 	3247
f 2675 	2674 	2358
f 2358 	2354 	2675
f 2668 	2664 	3247
f 2731 	2499 	2732
f 2269 	2634 	2635
f 2676 	2631 	3290
f 2745 	2499 	2746
f 2677 	2660 	2662
f 3399 	2647 	2645
f 2661 	2687 	2684
f 3722 	2679 	2678
f 3722 	2636 	2679
f 2772 	2499 	2773
f 2661 	2805 	2759
f 2774 	2499 	2772
f 2775 	2499 	2774
f 3593 	2681 	2632
f 3730 	2741 	2740
f 2776 	2499 	2777
f 2683 	2662 	2684
f 3247 	2667 	2668
f 2676 	3142 	2631
f 2757 	2682 	2662
f 2682 	2677 	2662
f 2878 	3732 	3713
f 2780 	2499 	2776
f 3737 	3731 	2689
f 2760 	2761 	2661
f 2850 	2499 	2780
f 3290 	2691 	2690
f 3287 	2705 	2691
f 2761 	2687 	2661
f 2224 	2247 	2727
f 2692 	2681 	3593
f 2852 	2499 	2850
f 2663 	2637 	2370
f 3650 	2499 	2852
f 2370 	2670 	2663
f 2269 	2679 	2636
f 3253 	2633 	2667
f 3651 	2499 	3650
f 2255 	2680 	2629
f 2671 	2672 	3522
f 3518 	2644 	2671
f 2255 	2659 	2680
f 3653 	2499 	3651
f 3045 	2632 	2681
f 3310 	2720 	2695
f 3654 	2499 	3653
f 2359 	2669 	2670
f 2271 	2678 	2679
f 3645 	2499 	3654
f 2670 	2370 	2359
f 3522 	2672 	2673
f 2659 	2255 	2256
f 2696 	3724 	2697
f 2743 	2758 	2228
f 2746 	2499 	2734
f 2807 	2806 	3725
f 2699 	3724 	2696
f 2685 	3430 	2686
f 2740 	2701 	3731
f 2701 	2700 	3731
f 2683 	2684 	2687
f 2762 	2232 	2228
f 2256 	2658 	2659
f 2702 	2539 	2386
f 2548 	2707 	2395
f 2434 	2548 	2395
f 2697 	2271 	2272
f 2708 	3549 	2709
f 3549 	2658 	2709
f 3552 	2711 	2710
f 2710 	2693 	3552
f 2219 	2669 	2712
f 3596 	3599 	2746
f 2272 	2696 	2697
f 2707 	2548 	2714
f 2658 	2256 	2709
f 2713 	3521 	3522
f 2714 	2716 	2715
f 2715 	2707 	2714
f 2272 	2699 	2696
f 2710 	3068 	3044
f 2360 	2712 	2669
f 2678 	2697 	3724
f 2700 	2717 	3731
f 2689 	3731 	2717
f 3522 	2673 	2713
f 2709 	2256 	2257
f 2219 	2735 	2719
f 2257 	2708 	2709
f 2792 	2812 	2232
f 2703 	2686 	3430
f 2697 	2678 	2271
f 3310 	2721 	2720
f 2695 	2694 	3318
f 3155 	2832 	2822
f 3431 	2704 	2703
f 3156 	2798 	3189
f 2719 	2345 	2718
f 2551 	2665 	2675
f 2665 	2674 	2675
f 3310 	2368 	2749
f 2733 	2721 	3310
f 2258 	2722 	2723
f 2720 	2721 	3238
f 3283 	2703 	2704
f 3287 	2754 	2706
f 2457 	2454 	3710
f 2364 	2719 	2735
f 2738 	2781 	3726
f 3724 	2739 	2738
f 3724 	2699 	2739
f 2721 	2733 	3238
f 2740 	3731 	3730
f 3241 	2695 	2720
f 2808 	2783 	3730
f 3523 	3521 	2737
f 2737 	3521 	2713
f 2228 	2219 	2718
f 2699 	2272 	2739
f 2814 	2813 	2246
f 2640 	2641 	2549
f 2641 	2714 	2549
f 2247 	2747 	2727
f 2748 	3549 	2708
f 2368 	2750 	2749
f 3549 	2748 	2723
f 3552 	2461 	2726
f 2724 	2751 	3552
f 2751 	2711 	3552
f 2753 	2752 	3283
f 2748 	2708 	2257
f 2749 	3238 	2733
f 2257 	2723 	2748
f 2755 	2754 	3287
f 3352 	2789 	2755
f 2756 	2761 	2385
f 2347 	2743 	2345
f 2743 	2718 	2345
f 2385 	2761 	2760
f 3523 	2727 	3524
f 2570 	2757 	2756
f 2727 	2747 	3524
f 2746 	3599 	2745
f 2683 	2756 	2757
f 2662 	2683 	2757
f 3068 	2711 	2751
f 2702 	2386 	2804
f 2811 	2232 	2812
f 3549 	2723 	2722
f 2759 	2804 	2386
f 2760 	2759 	2386
f 2228 	2758 	2763
f 3565 	2746 	2734
f 3066 	2726 	2471
f 2247 	2246 	2766
f 2766 	2765 	2247
f 2765 	2764 	2247
f 2814 	2246 	2250
f 2764 	2747 	2247
f 2798 	2797 	3189
f 2451 	2722 	2258
f 3189 	2770 	2769
f 3189 	2771 	2770
f 3189 	2797 	2771
f 2758 	2743 	2347
f 2347 	2763 	2758
f 2778 	2807 	3726
f 2778 	3726 	2779
f 2779 	3726 	2781
f 3524 	2747 	2764
f 2349 	2762 	2763
f 2763 	2347 	2349
f 3730 	3732 	2808
f 2809 	2808 	3732
f 2783 	2782 	3730
f 3346 	2885 	3342
f 3713 	2879 	2878
f 3190 	2770 	2771
f 2770 	3190 	2769
f 2785 	3347 	2786
f 2786 	3347 	2787
f 3347 	3283 	2752
f 2769 	2788 	2368
f 2788 	2750 	2368
f 2803 	2791 	3352
f 2810 	2803 	3352
f 3352 	3353 	2810
f 2791 	2790 	3352
f 3242 	2788 	2769
f 2789 	2790 	3178
f 3543 	2787 	2752
f 2234 	2779 	2781
f 3171 	2755 	2789
f 2232 	2793 	2792
f 2232 	2762 	2793
f 2781 	2233 	2234
f 2822 	2821 	3156
f 3178 	2790 	2791
f 2246 	2795 	2794
f 2246 	2813 	2795
f 2234 	2778 	2779
f 2855 	2859 	3164
f 3624 	3635 	2767
f 3516 	2786 	2787
f 3516 	2785 	2786
f 2787 	3543 	3516
f 2796 	2741 	3730
f 2782 	2796 	3730
f 2793 	2350 	2398
f 3156 	2799 	2798
f 3156 	2821 	2799
f 2926 	2925 	3663
f 2398 	2792 	2793
f 3315 	2741 	2796
f 3347 	2802 	2801
f 2891 	2905 	2222
f 2687 	2761 	2800
f 2661 	2759 	2760
f 2794 	2766 	2246
f 2893 	2865 	2218
f 2756 	2800 	2761
f 2499 	2730 	2729
f 2233 	2781 	2738
f 2683 	2687 	2756
f 2756 	2687 	2800
f 2805 	2804 	2759
f 2350 	2793 	2762
f 2817 	2325 	2326
f 2661 	2702 	2804
f 2462 	2218 	2838
f 3725 	3726 	2807
f 2817 	2649 	2650
f 2842 	2871 	2229
f 2811 	2843 	2229
f 2648 	2384 	2528
f 2844 	2250 	2845
f 2250 	2844 	2814
f 2657 	2509 	2815
f 2815 	2509 	2816
f 2904 	2903 	2222
f 2807 	2778 	2234
f 2307 	2308 	2817
f 2818 	2880 	2223
f 2819 	2818 	2223
f 2509 	2533 	2816
f 2785 	2802 	3347
f 2892 	2891 	2222
f 3185 	3488 	2817
f 2502 	2490 	2648
f 2785 	3516 	2802
f 2533 	2519 	2648
f 2816 	2533 	2648
f 2648 	2815 	2816
f 3335 	3258 	2817
f 3190 	2771 	2797
f 2657 	2815 	2820
f 3258 	3261 	2817
f 2812 	2792 	2398
f 2648 	2657 	2820
f 2418 	2811 	2812
f 3261 	3265 	2817
f 2820 	2815 	2648
f 2812 	2398 	2418
f 2915 	2933 	3330
f 3265 	3277 	2817
f 2823 	3346 	2824
f 3570 	2795 	2813
f 3277 	3326 	2817
f 2824 	3346 	2825
f 3346 	2801 	2825
f 2642 	2568 	2396
f 2396 	2397 	2642
f 3326 	3332 	2817
f 3353 	2827 	2826
f 2826 	2810 	3353
f 3155 	3164 	2837
f 2235 	2806 	2807
f 2828 	2335 	2569
f 2887 	2886 	3353
f 2886 	2829 	3353
f 2829 	2827 	3353
f 3254 	3256 	2817
f 2641 	2640 	2397
f 2919 	2918 	3354
f 2760 	2386 	2385
f 2874 	2873 	3710
f 2831 	2830 	3725
f 2756 	2385 	2570
f 2433 	2432 	2395
f 2641 	2397 	2395
f 2395 	2715 	2716
f 2707 	2715 	2395
f 3122 	3090 	2817
f 2828 	2569 	2833
f 3732 	2878 	2835
f 3732 	2835 	2834
f 2858 	2340 	2836
f 3519 	2823 	2824
f 2858 	2836 	2833
f 2836 	2828 	2833
f 2831 	2235 	2236
f 2340 	2857 	2840
f 2840 	2573 	2341
f 2870 	2580 	2230
f 2870 	2229 	2871
f 2341 	2578 	2841
f 2931 	2912 	2226
f 2229 	2843 	2842
f 2229 	2232 	2811
f 2218 	2839 	2838
f 2848 	2357 	2847
f 2356 	2841 	2847
f 3160 	2351 	2846
f 3164 	3160 	2846
f 2841 	2578 	2847
f 2847 	2578 	2848
f 2447 	2849 	2848
f 2853 	2851 	2357
f 2843 	2420 	2389
f 2851 	2849 	2295
f 3843 	2296 	2849
f 2296 	2295 	2849
f 2389 	2842 	2843
f 2357 	2848 	2853
f 2236 	2830 	2831
f 2853 	2848 	2849
f 3172 	3175 	2817
f 2851 	2853 	2849
f 2833 	2573 	2840
f 2840 	2341 	2340
f 2856 	2809 	3732
f 2340 	2858 	2857
f 2834 	2856 	3732
f 2819 	2362 	2818
f 2833 	2857 	2858
f 2846 	2855 	3164
f 3164 	2859 	2837
f 2420 	2811 	2418
f 2863 	2862 	2223
f 2223 	2880 	2863
f 2299 	2300 	2817
f 2865 	2864 	2218
f 2811 	2420 	2843
f 3186 	2859 	2855
f 2911 	2908 	2226
f 2235 	2831 	2854
f 3186 	2837 	2859
f 2854 	2806 	2235
f 3569 	2814 	2844
f 3733 	2949 	2932
f 2230 	2229 	2870
f 3710 	3725 	2874
f 3725 	2854 	2831
f 2875 	2845 	2250
f 2428 	2866 	2872
f 2863 	2362 	2363
f 2876 	2875 	2250
f 2363 	2862 	2863
f 2871 	2842 	2389
f 2864 	2881 	2218
f 2884 	2868 	3393
f 3351 	2883 	2884
f 2874 	2830 	2236
f 2839 	2218 	2881
f 2871 	2389 	2387
f 2387 	2870 	2871
f 3346 	2823 	2877
f 3346 	2877 	2885
f 3571 	2845 	2875
f 2316 	2318 	2817
f 3353 	3354 	2887
f 2880 	2818 	2362
f 2507 	2861 	2866
f 2880 	2362 	2863
f 2876 	3572 	2875
f 2861 	2536 	2523
f 2857 	2833 	2840
f 2250 	2245 	2876
f 2318 	2323 	2817
f 3663 	2942 	2946
f 3399 	2896 	2898
f 2889 	2888 	3351
f 2222 	2223 	2892
f 2223 	2862 	2892
f 2882 	2412 	2872
f 2226 	2908 	2894
f 2894 	2893 	2226
f 2888 	2889 	3309
f 3309 	2884 	2883
f 3309 	2883 	2888
f 2388 	2580 	2870
f 2912 	2911 	2226
f 3294 	2868 	2884
f 2327 	3335 	2817
f 2749 	2733 	3310
f 2662 	2424 	2817
f 2424 	2425 	2817
f 2633 	2626 	3316
f 2425 	2426 	2817
f 2892 	2363 	2365
f 2434 	2435 	2817
f 2365 	2891 	2892
f 2435 	2436 	2817
f 2413 	2414 	2872
f 2218 	2226 	2893
f 2583 	3572 	2876
f 2311 	3330 	2943
f 2441 	2442 	2817
f 2524 	2525 	2860
f 2237 	2873 	2874
f 2899 	3342 	2900
f 3342 	2885 	2900
f 2523 	2860 	2861
f 2874 	2236 	2237
f 3790 	3791 	2817
f 3354 	2902 	2901
f 2901 	2887 	3354
f 3354 	3355 	2919
f 2363 	2892 	2862
f 3355 	2315 	2948
f 3663 	2222 	2926
f 3801 	3802 	2817
f 2879 	3321 	2878
f 2509 	2657 	2506
f 3847 	3853 	2817
f 2900 	2241 	2899
f 2390 	2391 	2895
f 2895 	2391 	2890
f 2391 	2392 	2890
f 2222 	2905 	2904
f 2882 	2403 	2405
f 3710 	2907 	2906
f 2402 	2882 	2890
f 3707 	3793 	2817
f 2226 	3733 	2931
f 2882 	2405 	2411
f 2411 	2412 	2882
f 2230 	2914 	2913
f 2413 	2872 	2412
f 2449 	2485 	2339
f 2907 	2237 	2240
f 2872 	2414 	2427
f 2872 	2427 	2428
f 3733 	2932 	2931
f 2428 	2429 	2866
f 2507 	2508 	2861
f 3825 	3824 	2817
f 2866 	2429 	2516
f 2866 	2516 	2507
f 2907 	2240 	2906
f 2365 	2904 	2905
f 2905 	2891 	2365
f 2248 	2339 	2485
f 2861 	2508 	2536
f 3039 	2486 	2342
f 3554 	3551 	2817
f 3342 	2916 	2915
f 2260 	3167 	3166
f 3556 	3554 	2817
f 2873 	2920 	3710
f 2907 	3710 	2920
f 3557 	3556 	2817
f 2909 	2921 	3713
f 3558 	3557 	2817
f 2245 	2273 	2923
f 2904 	2367 	2903
f 2879 	3713 	2921
f 3318 	3321 	2921
f 2238 	2915 	2916
f 2907 	2920 	2237
f 2920 	2873 	2237
f 2454 	2917 	2819
f 2454 	2924 	2917
f 2222 	2903 	2926
f 2927 	2482 	2462
f 2927 	2462 	2928
f 3208 	2918 	2919
f 2929 	2916 	3342
f 2736 	3589 	2817
f 2929 	3342 	2899
f 2930 	2902 	3354
f 3619 	2736 	2817
f 2951 	2950 	3733
f 2918 	2930 	3354
f 3631 	3619 	2817
f 2742 	3631 	2817
f 2475 	2913 	2914
f 2926 	2367 	2371
f 2241 	2916 	2929
f 2537 	2742 	2817
f 3321 	2879 	2921
f 3209 	2902 	2930
f 3678 	3825 	2817
f 3710 	2906 	2457
f 3793 	3838 	2817
f 3713 	2465 	2910
f 3209 	2930 	2918
f 2230 	2579 	2914
f 2371 	2925 	2926
f 3794 	3798 	2817
f 2944 	2943 	3330
f 3330 	3342 	2915
f 2934 	2919 	3355
f 3568 	2583 	2581
f 2614 	3317 	3316
f 2231 	2933 	2915
f 2537 	2817 	2369
f 2964 	2262 	2935
f 2262 	2936 	2935
f 2262 	2913 	2936
f 2667 	2633 	3316
f 2367 	2926 	2903
f 2675 	2817 	2744
f 2958 	2939 	3395
f 3395 	3394 	2958
f 2939 	2938 	3395
f 2938 	2937 	3395
f 2588 	2977 	3315
f 2934 	3208 	2919
f 2940 	2923 	2273
f 2941 	2940 	2273
f 2273 	2973 	2941
f 2457 	2906 	2240
f 2325 	2817 	2784
f 2594 	2311 	2985
f 2574 	2575 	2817
f 2981 	2973 	2273
f 3488 	3489 	2817
f 3097 	3096 	2278
f 3098 	3493 	2817
f 2971 	2948 	2315
f 2951 	3733 	3712
f 3712 	2962 	2951
f 2990 	2989 	2315
f 2995 	3750 	2301
f 3487 	3486 	2817
f 2942 	2925 	2371
f 2301 	2953 	2952
f 3486 	3172 	2817
f 2293 	2982 	2294
f 2371 	2946 	2942
f 2575 	2582 	2817
f 2368 	2482 	2927
f 3634 	2923 	2940
f 2582 	2312 	2817
f 2961 	2959 	3394
f 2937 	2897 	3395
f 2784 	2817 	2308
f 2372 	2945 	2946
f 3661 	2561 	2817
f 2936 	2464 	2935
f 2326 	3661 	2817
f 2941 	3639 	2940
f 3384 	2744 	2817
f 2259 	3078 	3077
f 2614 	2613 	3317
f 2561 	2649 	2817
f 2944 	3330 	2956
f 2650 	3384 	2817
f 2956 	3330 	2933
f 3394 	2959 	2958
f 3663 	2946 	2945
f 2960 	2934 	3355
f 3667 	2966 	2965
f 3317 	2613 	2603
f 3212 	3210 	2960
f 2955 	2954 	2306
f 2675 	2354 	2817
f 2999 	2998 	2306
f 2817 	3475 	2369
f 2259 	2262 	2963
f 2262 	2964 	2963
f 2372 	2332 	2957
f 2817 	3479 	3475
f 2231 	2944 	2956
f 2956 	2933 	2231
f 2928 	2368 	2927
f 3534 	2917 	2924
f 3210 	2934 	2960
f 2386 	2952 	2953
f 2967 	2975 	3712
f 3712 	2968 	2967
f 3709 	2988 	2987
f 2462 	2838 	2928
f 2969 	2311 	2970
f 2943 	2970 	2311
f 2315 	2972 	2971
f 2315 	2989 	2972
f 2966 	2332 	2333
f 2966 	2333 	2965
f 3315 	2976 	2979
f 2838 	2368 	2928
f 3297 	2958 	2959
f 3212 	2948 	2971
f 3315 	3314 	2588
f 2975 	2962 	3712
f 2603 	3314 	3317
f 2966 	2974 	2332
f 2221 	2969 	2970
f 3176 	3174 	2279
f 2974 	2957 	2332
f 3211 	2971 	2972
f 2981 	2273 	2278
f 3394 	3315 	2979
f 2278 	2279 	3097
f 3096 	3093 	2278
f 3113 	2962 	2975
f 3669 	2984 	2983
f 3669 	2965 	2984
f 3314 	2589 	2588
f 2985 	2311 	2986
f 3709 	3007 	2988
f 2603 	2589 	3314
f 2986 	2311 	2969
f 2334 	2983 	2984
f 2225 	2985 	2986
f 2982 	2991 	2294
f 3211 	2972 	2989
f 2995 	2301 	2996
f 2996 	2301 	2997
f 2997 	2301 	2952
f 2964 	2935 	2464
f 2464 	2468 	2964
f 2998 	2955 	2306
f 2468 	2963 	2964
f 3000 	2999 	2306
f 2306 	3752 	3000
f 2973 	3639 	2941
f 2386 	2996 	2997
f 3079 	2259 	3001
f 3001 	2259 	3002
f 2259 	2963 	3002
f 3526 	2955 	2998
f 2333 	2984 	2965
f 2260 	3166 	2263
f 2394 	2995 	2996
f 3005 	3669 	3006
f 3003 	3055 	2594
f 3004 	3003 	2594
f 2985 	3004 	2594
f 3669 	2983 	3006
f 2948 	2947 	3355
f 3091 	3009 	2544
f 2994 	3447 	2993
f 2334 	2336 	3006
f 2604 	2990 	2315
f 2604 	3010 	2990
f 2604 	3011 	3010
f 2817 	3141 	2574
f 2336 	3005 	3006
f 3029 	3062 	3747
f 2860 	2542 	2543
f 3750 	3013 	3012
f 3750 	2995 	3013
f 3703 	3252 	3239
f 3752 	3015 	3014
f 2544 	3009 	3751
f 3670 	3669 	3005
f 3752 	3753 	3032
f 3751 	2543 	2544
f 3013 	2394 	2395
f 2395 	3012 	3013
f 3036 	3035 	3695
f 3517 	3021 	3020
f 3517 	3516 	3021
f 3696 	3121 	3123
f 3022 	3023 	3024
f 2305 	3003 	3004
f 3014 	3000 	3752
f 3519 	3040 	3026
f 3026 	3025 	3520
f 3248 	3010 	3011
f 2336 	3016 	3005
f 2995 	2394 	3013
f 3017 	3447 	2994
f 2494 	3028 	3716
f 3028 	3019 	3716
f 3030 	3029 	3750
f 3047 	3030 	3750
f 2337 	2280 	3027
f 3753 	3063 	3032
f 3032 	3031 	3752
f 3172 	3485 	2220
f 3088 	3086 	3753
f 3683 	3154 	3153
f 3026 	3024 	3025
f 3027 	2280 	2493
f 3033 	3519 	3034
f 3034 	3519 	3022
f 3024 	3033 	3034
f 3034 	3022 	3024
f 3695 	3696 	3148
f 3148 	3036 	3695
f 3089 	3058 	3038
f 3038 	3037 	3091
f 3026 	3520 	3519
f 3117 	3121 	3696
f 3161 	3159 	3084
f 3040 	3519 	3041
f 3041 	3519 	3033
f 2342 	3065 	3039
f 3091 	3037 	3009
f 3041 	3033 	3024
f 3448 	3018 	3035
f 3041 	3024 	3040
f 3040 	3024 	3026
f 2472 	3039 	2471
f 3042 	3021 	3516
f 3543 	3043 	3042
f 3751 	3009 	3037
f 3020 	3021 	3042
f 3042 	3043 	3020
f 3046 	3023 	3517
f 3023 	3046 	3024
f 3520 	3025 	3048
f 3047 	3750 	3012
f 3051 	3015 	3752
f 2241 	3050 	2238
f 2241 	3052 	3050
f 3031 	3051 	3752
f 2278 	3054 	3053
f 2278 	3093 	3054
f 3473 	2241 	3520
f 3050 	3052 	3141
f 2395 	3030 	3047
f 3183 	3182 	3056
f 2604 	3057 	3011
f 2619 	3057 	2604
f 3158 	3084 	3159
f 2301 	2306 	2991
f 2681 	2692 	3044
f 2305 	2618 	3055
f 3055 	3003 	2305
f 3060 	3059 	3085
f 3248 	3011 	3057
f 3061 	3747 	3062
f 3747 	3750 	3029
f 3512 	3531 	2499
f 3753 	3064 	3063
f 2471 	3039 	3066
f 2238 	3050 	3067
f 3067 	3165 	2238
f 2343 	3065 	2342
f 2431 	3069 	3065
f 2453 	3001 	3002
f 3029 	2397 	3062
f 2221 	3071 	3070
f 2612 	3049 	2611
f 2238 	3165 	3173
f 3049 	3056 	2623
f 2623 	2611 	3049
f 3069 	2376 	2377
f 2278 	3053 	2981
f 2431 	2376 	3069
f 3070 	3071 	3090
f 2632 	3045 	3049
f 3643 	2981 	3053
f 3062 	2397 	2396
f 3074 	3072 	2322
f 3044 	3045 	2681
f 3002 	2963 	2473
f 2473 	2963 	2468
f 2396 	3061 	3062
f 2693 	3044 	2692
f 3122 	3072 	3074
f 3044 	2693 	2710
f 2711 	3068 	2710
f 3067 	3050 	3141
f 3077 	3144 	2260
f 2259 	3079 	3078
f 2726 	3066 	2724
f 3024 	3048 	3025
f 3066 	3068 	2751
f 2751 	2724 	3066
f 3744 	3746 	3138
f 3746 	3747 	3082
f 3082 	3747 	3083
f 2220 	3485 	2221
f 3083 	3747 	3061
f 3086 	3064 	3753
f 3409 	3408 	2293
f 3754 	3118 	3088
f 3070 	3087 	2221
f 3087 	2225 	2221
f 3059 	3058 	3089
f 3089 	3085 	3059
f 2220 	2231 	3173
f 2279 	2264 	3176
f 3056 	3049 	3183
f 3090 	3087 	3070
f 3038 	3091 	3089
f 3092 	3074 	2322
f 3091 	2494 	2514
f 3174 	3217 	2279
f 3095 	3094 	2370
f 2531 	3085 	3089
f 3149 	3097 	2279
f 3749 	3038 	3058
f 3094 	3095 	3098
f 2544 	2543 	3116
f 3056 	3182 	3169
f 3056 	3169 	3101
f 3100 	3102 	3099
f 3683 	3153 	3152
f 2487 	3073 	3069
f 3069 	2377 	2487
f 3100 	3103 	3102
f 2335 	3082 	3083
f 3091 	3116 	3028
f 3028 	2494 	3091
f 2514 	3089 	3091
f 3089 	2514 	2531
f 2531 	2534 	3085
f 3295 	2980 	2991
f 2534 	2545 	3084
f 3084 	3085 	2534
f 2359 	2370 	3094
f 3101 	3084 	2565
f 2565 	2566 	3101
f 3098 	3104 	3105
f 3105 	3094 	3098
f 2567 	3101 	2566
f 3696 	3152 	3108
f 3108 	3107 	3696
f 2991 	2982 	2301
f 2344 	3110 	3109
f 3107 	3106 	3696
f 3112 	2412 	3113
f 3140 	3746 	3114
f 3746 	3082 	3115
f 2453 	3078 	3079
f 3106 	3111 	3696
f 3102 	3109 	3110
f 3098 	3102 	3110
f 3110 	3104 	3098
f 3754 	3119 	3118
f 3754 	3143 	3119
f 2520 	3080 	3073
f 3146 	3143 	3754
f 2523 	2536 	3120
f 3120 	3116 	2523
f 3103 	3109 	3102
f 3111 	3117 	3696
f 3076 	2546 	2547
f 3122 	3074 	3092
f 3076 	3080 	2546
f 2507 	3124 	3120
f 2305 	3125 	3092
f 2305 	3132 	3125
f 3125 	3122 	3092
f 2571 	2572 	3075
f 3128 	3127 	2305
f 2225 	3126 	3128
f 2225 	3087 	3126
f 3106 	3107 	3567
f 3126 	3087 	3090
f 3111 	3106 	3567
f 2488 	3073 	2487
f 2305 	2225 	3128
f 2520 	2521 	3080
f 3080 	2521 	2522
f 3117 	3111 	3567
f 3122 	3127 	3128
f 3090 	3122 	3128
f 3128 	3126 	3090
f 3084 	3131 	3130
f 3084 	3158 	3131
f 3085 	3084 	3130
f 3130 	3129 	3085
f 3121 	3117 	3567
f 2546 	3080 	2522
f 3129 	3060 	3085
f 3084 	3162 	3161
f 3075 	3076 	2571
f 3122 	3125 	3132
f 3132 	3127 	3122
f 3075 	2572 	2590
f 2590 	3081 	3075
f 3193 	3192 	3049
f 2428 	2427 	3112
f 3466 	3046 	3517
f 3081 	2590 	2591
f 3046 	3466 	3133
f 3133 	3466 	3467
f 3081 	2591 	2622
f 3611 	3054 	3093
f 3169 	3168 	3101
f 3221 	3220 	3081
f 3133 	3467 	2307
f 3471 	3470 	3520
f 2402 	2408 	3157
f 3052 	3137 	3141
f 3137 	3473 	3474
f 3197 	3227 	3744
f 3139 	3138 	3746
f 3746 	3140 	3139
f 2260 	2259 	3077
f 3007 	3120 	3124
f 3147 	3146 	3754
f 3408 	3432 	2293
f 3267 	3135 	3145
f 3267 	3264 	3135
f 3044 	3305 	3304
f 2391 	3160 	3157
f 3567 	3123 	3121
f 3696 	3123 	3148
f 3142 	2676 	3136
f 3066 	3339 	3331
f 3566 	3036 	3148
f 3116 	3120 	3008
f 2499 	3242 	3190
f 3116 	3019 	3028
f 3398 	2264 	2294
f 3045 	3194 	3049
f 3112 	2967 	2968
f 2622 	2609 	3134
f 2279 	3217 	3149
f 3112 	3113 	2975
f 2975 	2967 	3112
f 3101 	3151 	3150
f 3101 	3168 	3151
f 2630 	3142 	3134
f 2988 	3124 	2987
f 2968 	2987 	3112
f 3112 	2987 	3124
f 3124 	2988 	3007
f 3007 	3008 	3120
f 3008 	3019 	3116
f 2690 	3135 	3136
f 3151 	3741 	3150
f 3544 	3526 	3285
f 2822 	3156 	3155
f 2705 	3145 	3135
f 3308 	3286 	3526
f 3150 	3162 	3084
f 3686 	3232 	3163
f 3134 	2609 	2610
f 3084 	3101 	3150
f 2622 	3134 	3081
f 2951 	2962 	3113
f 2630 	2631 	3142
f 3161 	3162 	3741
f 3742 	3131 	3158
f 3567 	3108 	3152
f 3742 	3158 	3159
f 3162 	3150 	3741
f 2656 	3136 	2655
f 3742 	3159 	3161
f 2676 	2655 	3136
f 3194 	3193 	3049
f 3136 	2656 	2690
f 3141 	3478 	2577
f 3135 	2690 	2691
f 3184 	3183 	3049
f 2837 	2832 	3155
f 3135 	2691 	2705
f 2705 	2706 	3145
f 3485 	3484 	2221
f 2263 	3230 	3229
f 3071 	2221 	3170
f 2340 	3139 	3140
f 2220 	3173 	3172
f 3398 	3397 	2264
f 3275 	3145 	3171
f 3741 	3151 	3168
f 3165 	3175 	3173
f 3289 	3288 	3045
f 3045 	3288 	3194
f 3170 	2221 	3181
f 3484 	3487 	3488
f 3181 	2221 	3185
f 3185 	2221 	3488
f 3049 	3192 	3184
f 3090 	3071 	3170
f 2817 	3090 	3170
f 2341 	3138 	3139
f 3739 	3740 	3182
f 3740 	3169 	3182
f 3170 	3181 	2817
f 2322 	3072 	3191
f 3435 	2294 	2991
f 3195 	2370 	3196
f 3202 	3196 	2370
f 2826 	3180 	3177
f 3180 	2886 	3179
f 3206 	3494 	2370
f 2837 	3186 	3187
f 3744 	3198 	3197
f 3744 	3138 	3198
f 3191 	3199 	2322
f 3739 	3192 	3193
f 3200 	3755 	3201
f 3755 	3231 	3201
f 2755 	3171 	2754
f 3145 	2706 	2754
f 3156 	2865 	2893
f 3193 	3194 	3773
f 3499 	3153 	3154
f 2908 	2911 	3164
f 3349 	3039 	3065
f 2754 	3171 	3145
f 2789 	3178 	3171
f 2370 	3494 	3203
f 3177 	2803 	2810
f 2931 	3160 	3164
f 3204 	2322 	3199
f 2822 	3187 	3188
f 3177 	3178 	2803
f 2803 	3178 	2791
f 2949 	3157 	3160
f 3081 	3220 	3216
f 3081 	3216 	3075
f 3180 	2826 	2827
f 2827 	2829 	3180
f 3203 	3494 	3205
f 3177 	2810 	2826
f 2370 	2322 	3204
f 3207 	3206 	2370
f 3204 	3207 	2370
f 3167 	2492 	2497
f 2886 	3180 	2829
f 3203 	3202 	2370
f 2887 	3179 	2886
f 2356 	3197 	3198
f 3198 	2341 	2356
f 3179 	2887 	2901
f 2497 	3166 	3167
f 3098 	3195 	3196
f 3098 	3202 	3203
f 3692 	3174 	3176
f 3221 	3081 	3134
f 3144 	3213 	2260
f 3136 	3244 	3142
f 3098 	3203 	3205
f 3167 	2260 	3213
f 3225 	3240 	3134
f 3142 	3225 	3134
f 3216 	3215 	3075
f 3215 	3450 	3075
f 3423 	3200 	3201
f 3098 	3196 	3202
f 3200 	3147 	3755
f 2345 	3219 	3218
f 3134 	3240 	3221
f 3138 	2341 	3198
f 3209 	2918 	3208
f 3244 	3243 	3142
f 3167 	3213 	2492
f 3217 	3174 	3692
f 3220 	3221 	3759
f 3690 	3149 	3217
f 3420 	3147 	3200
f 3200 	3423 	3420
f 3760 	3216 	3220
f 2797 	2798 	3190
f 3190 	2798 	3188
f 2990 	3010 	3214
f 3454 	3453 	2982
f 3271 	3270 	3544
f 2902 	3209 	2901
f 3744 	3227 	3226
f 3142 	3243 	3228
f 3228 	3225 	3142
f 3179 	2901 	3209
f 3229 	3396 	2263
f 2263 	3166 	3230
f 3286 	3284 	3526
f 3163 	3683 	3686
f 2264 	3397 	3235
f 2934 	3210 	3208
f 3755 	3736 	3237
f 2597 	3237 	3736
f 3236 	3231 	3755
f 3113 	3157 	2951
f 3686 	3703 	3239
f 3212 	2947 	2948
f 2769 	3190 	3242
f 3227 	3197 	2356
f 2960 	2947 	3212
f 3232 	3512 	3499
f 2839 	3189 	2838
f 2865 	3156 	2864
f 3225 	3764 	3759
f 2971 	3211 	3212
f 2881 	2864 	3156
f 3156 	3189 	2881
f 3238 	2749 	3242
f 3214 	3211 	2989
f 2989 	2990 	3214
f 2750 	3242 	2749
f 3136 	3249 	3244
f 3544 	3270 	3269
f 3269 	3246 	3703
f 3423 	3201 	3231
f 2908 	3164 	3155
f 3164 	2911 	2912
f 3272 	3271 	3544
f 3135 	3263 	3251
f 3251 	3250 	3135
f 3136 	3135 	3250
f 3250 	3249 	3136
f 3010 	3248 	3214
f 3057 	2619 	3500
f 3057 	3500 	3248
f 3263 	3135 	3264
f 3189 	2839 	2881
f 3255 	3222 	3256
f 3531 	3512 	3252
f 3247 	2698 	3241
f 3155 	2893 	2894
f 3763 	3249 	3250
f 3092 	2322 	2305
f 3259 	3258 	3257
f 2893 	3155 	3156
f 2345 	3103 	3100
f 2344 	3109 	3103
f 3223 	3222 	2345
f 3763 	3244 	3249
f 3259 	3262 	3261
f 3104 	3110 	2344
f 3155 	2894 	2908
f 2265 	2596 	3260
f 2389 	3266 	3265
f 3094 	3105 	2359
f 2932 	3160 	2931
f 3512 	3239 	3252
f 3145 	3268 	3267
f 3736 	2598 	2597
f 2626 	2633 	3253
f 3164 	2912 	2931
f 2949 	2950 	3157
f 3160 	2932 	2949
f 3319 	3302 	3506
f 3157 	2950 	2951
f 3762 	3251 	3263
f 2769 	2368 	3189
f 2357 	3260 	3224
f 3222 	3255 	2347
f 2694 	2695 	3241
f 3189 	2368 	2838
f 3285 	3272 	3544
f 3526 	3284 	3285
f 2483 	3273 	2456
f 2492 	2310 	2309
f 2469 	2474 	2495
f 3422 	3237 	2597
f 3171 	3462 	3275
f 3275 	3279 	3145
f 2474 	2476 	2495
f 2321 	2320 	2495
f 3279 	3268 	3145
f 3270 	3271 	3532
f 3274 	2460 	2456
f 3266 	3278 	3277
f 3274 	2456 	3273
f 3269 	3270 	3532
f 3269 	3703 	3544
f 2613 	2614 	3233
f 3453 	2978 	2982
f 2383 	2500 	2506
f 2570 	2501 	2660
f 2991 	3458 	3435
f 2540 	3280 	3273
f 2982 	3293 	3292
f 2586 	3281 	3280
f 2660 	2677 	2570
f 2686 	2703 	3283
f 3283 	3282 	2686
f 2685 	2686 	3282
f 3282 	2654 	2685
f 3230 	2498 	2509
f 3765 	3268 	3279
f 2704 	2753 	3283
f 3103 	2345 	2344
f 2953 	2301 	3292
f 3068 	3322 	3044
f 3530 	3307 	3308
f 2706 	2705 	3287
f 2954 	3296 	2306
f 2359 	3105 	3104
f 2344 	2359 	3104
f 3349 	3348 	3039
f 2691 	3290 	3287
f 3340 	3339 	3066
f 3259 	3257 	2388
f 2388 	2387 	3259
f 3262 	3259 	2387
f 2387 	2389 	3262
f 3329 	3328 	3068
f 3265 	3262 	2389
f 3390 	3389 	3069
f 2631 	2630 	3291
f 3291 	3290 	2631
f 3367 	3065 	3069
f 3278 	2398 	3327
f 3068 	3328 	3322
f 3296 	3295 	2991
f 2978 	2570 	3293
f 2388 	3257 	2475
f 3773 	3194 	3288
f 2492 	2298 	2495
f 3506 	3320 	3319
f 3530 	3302 	3301
f 3301 	3300 	3530
f 2492 	2452 	2310
f 2588 	3276 	3299
f 3304 	3045 	3044
f 2316 	2314 	2452
f 2314 	2310 	2452
f 3293 	2570 	2385
f 2385 	3292 	3293
f 3313 	3312 	3044
f 3300 	3307 	3530
f 2938 	2939 	3298
f 2318 	2316 	2453
f 2319 	2318 	2453
f 3308 	3526 	3530
f 3296 	3544 	3295
f 2463 	2464 	2324
f 2323 	2319 	2463
f 2327 	2324 	2464
f 3296 	2954 	3544
f 2953 	3292 	2385
f 3300 	3301 	3502
f 3307 	3300 	3502
f 2958 	3297 	3298
f 3304 	3311 	3045
f 3045 	3311 	3289
f 3502 	3308 	3307
f 2979 	3299 	3297
f 2677 	2682 	2570
f 2466 	3310 	2465
f 3281 	3290 	3291
f 3312 	3305 	3044
f 2495 	2479 	2481
f 3322 	3313 	3044
f 2482 	2368 	3310
f 2682 	2757 	2570
f 3303 	3280 	3291
f 3069 	3389 	3368
f 3309 	2889 	2898
f 2898 	3306 	3309
f 2896 	2897 	3306
f 3344 	3338 	3509
f 3298 	3306 	2897
f 3069 	3368 	3367
f 2910 	3318 	2909
f 2921 	2909 	3318
f 3509 	3337 	3323
f 3273 	3303 	3274
f 2465 	3310 	3318
f 3334 	2280 	3324
f 3324 	2280 	3325
f 2976 	2977 	3299
f 3273 	3280 	3303
f 3777 	3305 	3312
f 2283 	2280 	3336
f 3777 	3312 	3313
f 3291 	3280 	3281
f 3282 	3290 	3281
f 3039 	3348 	3341
f 3287 	3290 	3282
f 3282 	3283 	3287
f 3327 	3326 	3278
f 3066 	3331 	3329
f 2346 	2347 	3255
f 2783 	3314 	2782
f 2796 	2782 	3314
f 3314 	2808 	3317
f 2475 	3257 	3335
f 2809 	3317 	2808
f 2835 	3316 	2834
f 2280 	3334 	3336
f 2345 	3218 	3223
f 2856 	2834 	3316
f 3507 	3345 	3344
f 3316 	3317 	2856
f 3775 	3776 	3328
f 2878 	3321 	3316
f 2817 	3336 	3334
f 3776 	3322 	3328
f 2389 	2393 	3266
f 3278 	3266 	2393
f 3039 	3341 	3340
f 3066 	3039 	3340
f 3329 	3068 	3066
f 2741 	3315 	2740
f 3515 	2258 	2257
f 3255 	3254 	2346
f 2283 	3336 	3343
f 3337 	3469 	3503
f 2347 	2345 	3222
f 2464 	2475 	3333
f 3314 	3315 	2796
f 3314 	2783 	2808
f 3589 	2284 	3585
f 2283 	3585 	2284
f 3605 	3609 	2285
f 3343 	3336 	2817
f 3317 	2809 	2856
f 3316 	2835 	2878
f 3257 	3258 	3335
f 2801 	3346 	3347
f 3353 	3347 	3346
f 3318 	2910 	2465
f 2285 	2284 	3605
f 3346 	3342 	3354
f 3354 	3353 	3346
f 3261 	3258 	3259
f 3355 	3354 	3342
f 3367 	3376 	3065
f 3262 	3265 	3261
f 2752 	2787 	3347
f 2287 	2285 	3609
f 2755 	3287 	3352
f 2790 	2789 	3352
f 3277 	3265 	3266
f 3344 	3345 	3456
f 3278 	3326 	3277
f 3283 	3347 	3352
f 3352 	3287 	3283
f 3353 	3352 	3347
f 3356 	3375 	3428
f 3426 	3357 	3356
f 3342 	3330 	3355
f 3374 	3373 	3065
f 3332 	3326 	3327
f 3356 	3357 	3358
f 3065 	3376 	3374
f 3330 	2315 	3355
f 3256 	3254 	3255
f 3360 	3359 	3429
f 3437 	3436 	3076
f 2499 	3610 	3616
f 3430 	3362 	3361
f 2947 	2960 	3355
f 3412 	3080 	3076
f 3542 	3430 	3429
f 2315 	3330 	2311
f 2817 	3332 	3254
f 3507 	3363 	3350
f 3080 	3404 	3403
f 3364 	3361 	3362
f 3219 	3102 	3218
f 3431 	3366 	3365
f 3543 	3365 	3043
f 3102 	2817 	3222
f 3223 	3218 	3102
f 3020 	3043 	3365
f 3020 	3365 	3366
f 3465 	3020 	3366
f 3222 	2817 	3256
f 3431 	3430 	3361
f 3371 	3361 	3364
f 2509 	3229 	3230
f 3771 	3367 	3368
f 3371 	3372 	3431
f 3372 	3364 	3366
f 3369 	2338 	2339
f 2339 	2248 	3369
f 3361 	3371 	3431
f 3372 	3371 	3364
f 2374 	3369 	3370
f 2373 	2374 	3370
f 3358 	3359 	3360
f 2374 	2338 	3369
f 2264 	3235 	3234
f 3349 	3065 	3373
f 2484 	2375 	3370
f 3429 	3428 	3360
f 3344 	3509 	3507
f 3338 	3337 	3509
f 3234 	3176 	2264
f 3380 	3428 	3375
f 3375 	3356 	3358
f 3428 	3380 	3360
f 3766 	3349 	3373
f 3457 	3382 	3381
f 3350 	3345 	3507
f 3457 	3381 	3363
f 3358 	3360 	3380
f 3380 	3375 	3358
f 3420 	3415 	3406
f 3230 	3166 	2498
f 3766 	3373 	3374
f 3388 	3387 	3426
f 3692 	3176 	3234
f 3766 	3374 	3376
f 3384 	3387 	3388
f 3376 	3367 	3771
f 3370 	3452 	3446
f 3392 	2293 	2263
f 3073 	3391 	3390
f 3073 	3402 	3391
f 3069 	3073 	3390
f 2884 	3393 	3351
f 2868 	2867 	3393
f 2293 	3432 	3433
f 3535 	3553 	3383
f 3553 	3555 	3383
f 3076 	3413 	3412
f 2977 	2976 	3315
f 3403 	3402 	3073
f 2979 	2961 	3394
f 3446 	3377 	3370
f 3435 	3434 	2294
f 3398 	2294 	3410
f 2897 	2896 	3399
f 3399 	3395 	2897
f 3292 	2301 	2982
f 3391 	3769 	3390
f 3383 	3401 	3400
f 3383 	3555 	3401
f 3400 	3386 	3383
f 3302 	3530 	3506
f 3378 	2512 	3377
f 3400 	3401 	3384
f 3394 	2701 	2740
f 3323 	3320 	3506
f 3506 	3509 	3323
f 2898 	3351 	3399
f 3396 	2506 	3392
f 2898 	2889 	3351
f 2888 	2883 	3351
f 2587 	3383 	3386
f 3403 	3073 	3080
f 2647 	3399 	3351
f 3351 	2616 	2647
f 2509 	2506 	3396
f 3456 	3350 	3363
f 2688 	3395 	3399
f 3623 	3381 	3382
f 3769 	3391 	3402
f 2717 	3394 	3395
f 3695 	3235 	3397
f 3406 	3460 	3420
f 3696 	3397 	3398
f 3393 	2867 	2869
f 3405 	3407 	3460
f 3406 	3405 	3460
f 3222 	3223 	3102
f 3392 	3409 	2293
f 2263 	3396 	3392
f 3407 	3385 	3460
f 2616 	3351 	2615
f 3623 	3385 	3407
f 2625 	2615 	3351
f 3351 	3393 	2625
f 2294 	3411 	3410
f 2294 	3434 	3411
f 3076 	3414 	3413
f 3076 	3436 	3414
f 2982 	2978 	3293
f 2645 	2646 	3399
f 3399 	2646 	2688
f 3420 	3421 	3416
f 3416 	3415 	3420
f 2512 	2483 	3377
f 2689 	3395 	2688
f 2817 	3102 	3098
f 2991 	2306 	3296
f 3629 	3406 	3415
f 3394 	2700 	2701
f 2541 	3378 	3379
f 3395 	2689 	2717
f 2717 	2700 	3394
f 3409 	3392 	2506
f 3494 	3206 	2817
f 3206 	3207 	2817
f 2740 	3315 	3394
f 3423 	3422 	3441
f 3441 	3419 	3423
f 3413 	3414 	3767
f 3122 	3191 	3072
f 3122 	3199 	3191
f 3418 	3417 	3423
f 3419 	3418 	3423
f 2602 	3386 	3426
f 3413 	3767 	3412
f 3199 	3122 	2817
f 3422 	3393 	2869
f 3412 	3424 	3080
f 2500 	3408 	3409
f 3424 	3404 	3080
f 3386 	3425 	3388
f 3388 	3426 	3386
f 3204 	2817 	3207
f 3384 	3388 	3425
f 2817 	3204 	3199
f 3384 	3425 	3427
f 3427 	3400 	3384
f 3616 	3421 	3417
f 3372 	3366 	3431
f 3768 	3424 	3412
f 3768 	3404 	3424
f 3365 	3543 	3431
f 2248 	2258 	3481
f 2991 	3459 	3458
f 3370 	3369 	3439
f 3369 	3440 	3439
f 3075 	3438 	3437
f 3076 	3075 	3437
f 3422 	3442 	3441
f 3444 	3442 	3422
f 3443 	3439 	3440
f 3173 	3175 	3172
f 3377 	3446 	3445
f 3383 	3379 	3535
f 3428 	3426 	3356
f 2500 	2503 	3432
f 3067 	3141 	3165
f 2628 	3426 	3428
f 2503 	3433 	3432
f 2597 	3393 	3422
f 3446 	3443 	3445
f 3421 	3420 	3423
f 3423 	3417 	3421
f 3165 	3141 	3175
f 3450 	3438 	3075
f 3451 	3370 	3439
f 3017 	3018 	3448
f 3448 	3447 	3017
f 3451 	3439 	3443
f 3141 	2817 	3175
f 3783 	3450 	3215
f 3455 	3452 	3370
f 3433 	3454 	2982
f 3048 	3024 	3133
f 3455 	3370 	3451
f 3443 	3446 	3452
f 3455 	3451 	3443
f 2817 	2312 	3133
f 3363 	3507 	3457
f 2628 	2606 	3426
f 3443 	3452 	3455
f 2651 	2652 	3429
f 3616 	3419 	3441
f 3441 	3442 	3612
f 3783 	3438 	3450
f 2324 	2327 	2817
f 3477 	3462 	3171
f 2255 	3463 	3461
f 2256 	2255 	3461
f 3335 	2327 	3333
f 2817 	2323 	2324
f 3425 	3386 	3427
f 2869 	3444 	3422
f 3464 	3461 	3463
f 3565 	3564 	3209
f 3467 	3517 	3020
f 3020 	3465 	3467
f 3428 	2627 	2628
f 3517 	3467 	3466
f 3465 	2307 	3467
f 3508 	3504 	3177
f 3369 	3468 	3440
f 3482 	3477 	3171
f 2570 	3453 	3454
f 3612 	3444 	2869
f 3133 	3024 	3046
f 2817 	3133 	2307
f 3377 	3449 	3472
f 3689 	3687 	3211
f 3459 	3703 	3458
f 3520 	3048 	3471
f 2753 	3431 	3543
f 3377 	3445 	3449
f 3052 	2241 	3137
f 3137 	2241 	3473
f 2589 	2603 	3276
f 2588 	2589 	3276
f 2817 	3472 	3449
f 3520 	3474 	3473
f 3276 	2603 	2613
f 3400 	3427 	3386
f 2982 	2293 	3433
f 2574 	3520 	3470
f 3470 	3476 	2574
f 3481 	3480 	2248
f 3233 	2614 	2626
f 3253 	3233 	2626
f 2577 	3478 	3520
f 3478 	3474 	3520
f 3177 	3504 	3491
f 2576 	2574 	3476
f 2991 	2980 	3459
f 3520 	2574 	2577
f 2667 	3247 	3253
f 3474 	3141 	3137
f 2666 	2698 	3247
f 3481 	3479 	3480
f 3539 	3179 	3209
f 3209 	3540 	3539
f 2627 	3428 	2652
f 3241 	2698 	2694
f 3171 	3178 	3482
f 2685 	2654 	3429
f 2720 	3238 	3241
f 3141 	3474 	3478
f 3461 	3483 	2256
f 3483 	3492 	2256
f 2503 	2505 	3454
f 2257 	2256 	3495
f 3495 	3496 	2257
f 3172 	3486 	3485
f 3693 	3214 	3248
f 2484 	3377 	2483
f 2484 	3370 	3377
f 3477 	3482 	2729
f 3477 	2729 	2730
f 3487 	3489 	3488
f 3488 	2221 	3484
f 2730 	3462 	3477
f 3483 	3461 	3464
f 3242 	2750 	2788
f 3491 	3178 	3177
f 3491 	3490 	3178
f 3188 	2798 	2799
f 3181 	3185 	2817
f 2503 	3454 	3433
f 2258 	3505 	3481
f 2541 	3379 	2540
f 2515 	3378 	2541
f 3205 	3494 	3493
f 3143 	3146 	3420
f 2562 	2540 	3379
f 2256 	3492 	3495
f 2257 	3496 	3497
f 2570 	2978 	3453
f 3098 	3205 	3493
f 3386 	2586 	2587
f 3422 	3423 	3231
f 3231 	3236 	3422
f 3492 	3464 	3475
f 3492 	3483 	3464
f 3493 	3494 	2817
f 3426 	2600 	2602
f 2602 	2586 	3386
f 3495 	3492 	3475
f 3177 	3180 	3508
f 3490 	3482 	3178
f 3485 	3486 	3484
f 3385 	3382 	3457
f 3457 	3460 	3385
f 3486 	3487 	3484
f 3646 	3212 	3211
f 3511 	3505 	2258
f 2652 	3428 	3429
f 3457 	3088 	3118
f 3469 	3338 	3344
f 2817 	3489 	3487
f 3119 	3460 	3118
f 3497 	3496 	3498
f 3146 	3147 	3420
f 3188 	2799 	2821
f 2822 	3188 	2821
f 2729 	3490 	3491
f 3491 	2728 	2729
f 3187 	2832 	2837
f 3187 	2822 	2832
f 3344 	3456 	3469
f 3422 	3236 	3237
f 3470 	3471 	2582
f 2582 	3476 	3470
f 3507 	3064 	3086
f 2980 	3703 	3459
f 2582 	2576 	3476
f 3496 	3475 	3479
f 3133 	3471 	3048
f 3118 	3460 	3457
f 3496 	3495 	3475
f 2620 	3500 	2619
f 3471 	3133 	2312
f 2312 	2582 	3471
f 2352 	2353 	2895
f 3420 	3460 	3143
f 3460 	3119 	3143
f 2895 	3186 	2855
f 2855 	2846 	2895
f 3095 	2370 	3195
f 2869 	2867 	3294
f 2729 	3482 	3490
f 3098 	3095 	3195
f 2884 	3309 	3294
f 2345 	3099 	3219
f 2345 	3100 	3099
f 3479 	3497 	3496
f 3498 	3496 	3497
f 3502 	3319 	3503
f 3209 	3564 	3540
f 3513 	3511 	2258
f 3180 	3510 	3508
f 3337 	3338 	3469
f 2685 	3429 	3430
f 2703 	3430 	3431
f 3513 	2258 	3514
f 2398 	3278 	2393
f 3086 	3088 	3457
f 3514 	2258 	3515
f 2257 	3497 	3515
f 2753 	2704 	3431
f 3504 	3508 	2732
f 2732 	2728 	3504
f 3306 	2898 	2896
f 3254 	3332 	2346
f 2937 	2938 	3298
f 3051 	3031 	3509
f 3335 	3333 	2475
f 2238 	3173 	2231
f 3508 	3510 	2732
f 3491 	3504 	2728
f 3509 	3063 	3507
f 3102 	3219 	3099
f 3064 	3507 	3063
f 3298 	2897 	2937
f 3179 	3529 	3528
f 3180 	3179 	3528
f 3528 	3527 	3180
f 3298 	2939 	2958
f 2959 	2961 	3297
f 3829 	3832 	2363
f 3015 	3506 	3014
f 3515 	3497 	3479
f 3299 	2979 	2976
f 3833 	3834 	2365
f 3599 	3208 	3210
f 2979 	3297 	2961
f 3532 	3285 	3501
f 2365 	3826 	2367
f 3505 	3479 	3481
f 3527 	3510 	3180
f 3299 	2977 	2588
f 3479 	3505 	3511
f 3051 	3509 	3506
f 3479 	3511 	3513
f 3479 	3513 	3514
f 3479 	3514 	3515
f 2732 	3527 	3528
f 2732 	3510 	3527
f 3086 	3457 	3507
f 3468 	3369 	3533
f 3035 	3036 	3566
f 3468 	3533 	3443
f 2955 	3526 	2954
f 3528 	2731 	2732
f 3443 	3440 	3468
f 2731 	3528 	3529
f 2998 	2999 	3530
f 3530 	3526 	2998
f 3378 	3652 	3379
f 3567 	3566 	3148
f 3000 	3530 	2999
f 3535 	3379 	3536
f 3536 	3379 	3652
f 2737 	2725 	3523
f 3519 	3517 	3022
f 3023 	3022 	3517
f 3014 	3506 	3530
f 3530 	3000 	3014
f 3154 	3163 	3499
f 3537 	3535 	3536
f 3509 	3031 	3032
f 3573 	3565 	3208
f 3209 	3208 	3565
f 3499 	3163 	3232
f 3232 	3239 	3512
f 3550 	3657 	3426
f 3426 	3657 	3538
f 3538 	3357 	3426
f 3252 	3245 	3531
f 3245 	3246 	3531
f 3506 	3015 	3051
f 3271 	3272 	3532
f 3540 	2734 	3539
f 3032 	3063 	3509
f 2241 	2900 	3520
f 3359 	3541 	3429
f 2644 	3518 	2643
f 3362 	3430 	3542
f 2643 	3518 	3500
f 3246 	3269 	3531
f 3042 	3516 	3543
f 3429 	3545 	3542
f 3532 	3272 	3285
f 2620 	2643 	3500
f 2671 	3522 	3518
f 3364 	3362 	3542
f 3542 	3545 	3364
f 3529 	3179 	3546
f 3284 	3286 	3501
f 3284 	3501 	3285
f 3539 	3546 	3179
f 3543 	2752 	2753
f 2954 	3526 	3544
f 3301 	3302 	3502
f 2980 	3295 	3544
f 3358 	3541 	3359
f 2802 	3516 	3517
f 3517 	2801 	2802
f 2367 	3548 	3547
f 3286 	3308 	3501
f 2371 	2367 	3547
f 3426 	3387 	3550
f 2825 	3517 	3519
f 3302 	3319 	3502
f 3384 	3550 	3387
f 3519 	2824 	2825
f 3547 	3548 	3551
f 3549 	2461 	3552
f 2825 	2801 	3517
f 3320 	3323 	3503
f 3553 	3535 	3537
f 2877 	2823 	3519
f 2693 	3593 	3552
f 3503 	3323 	3337
f 3520 	2885 	2877
f 2877 	3519 	3520
f 3345 	3350 	3456
f 2725 	2727 	3523
f 3384 	3401 	3555
f 3537 	3384 	3555
f 3555 	3553 	3537
f 3520 	2900 	2885
f 3472 	3560 	3377
f 3501 	3308 	3502
f 3381 	3623 	3456
f 3363 	3381 	3456
f 3561 	2337 	3562
f 2817 	2355 	3560
f 2734 	2731 	3539
f 3546 	3539 	2731
f 2764 	2765 	3525
f 3524 	2764 	3525
f 3382 	3385 	3623
f 2280 	2337 	3561
f 3405 	3406 	3629
f 3407 	3405 	3629
f 2766 	3525 	2765
f 2731 	3529 	3546
f 3610 	3629 	3415
f 2254 	3698 	2255
f 3525 	2766 	2794
f 3562 	3559 	3561
f 3559 	2817 	3561
f 3417 	3418 	3616
f 3637 	3563 	2255
f 3563 	3463 	2255
f 3561 	2817 	3325
f 3325 	2817 	3324
f 3463 	3563 	3464
f 3579 	3583 	2372
f 2371 	3580 	3579
f 2794 	3570 	3525
f 3565 	3573 	2746
f 2332 	2372 	3586
f 3586 	3597 	2332
f 3442 	3444 	3612
f 3642 	3369 	2248
f 3153 	3499 	3567
f 3601 	2333 	2332
f 3294 	3612 	2869
f 2867 	2868 	3294
f 2371 	3547 	3580
f 3208 	3574 	3573
f 3208 	3596 	3574
f 2924 	2227 	3534
f 3599 	3596 	3208
f 3568 	3576 	3575
f 3269 	3532 	3531
f 3706 	3705 	3570
f 2917 	3534 	2819
f 2819 	3534 	2362
f 2535 	2552 	3578
f 2526 	2535 	3578
f 3579 	2372 	2371
f 3552 	3582 	3549
f 2372 	3583 	3586
f 2555 	3581 	3578
f 3601 	3606 	2333
f 3570 	3705 	3702
f 3324 	2817 	3334
f 3551 	3579 	3580
f 3580 	3547 	3551
f 3635 	3210 	3212
f 3586 	3583 	3587
f 2332 	3597 	3601
f 3035 	3566 	3448
f 2510 	2527 	3577
f 2334 	2333 	3608
f 3608 	3613 	2334
f 3107 	3108 	3567
f 3573 	3574 	2746
f 3716 	3590 	2494
f 3618 	2336 	2334
f 3634 	3639 	3625
f 3592 	3591 	3634
f 3564 	3565 	2734
f 3554 	3586 	3587
f 3584 	3551 	3583
f 3583 	3551 	3554
f 3148 	3123 	3567
f 3639 	3643 	3630
f 2248 	3480 	3595
f 3587 	3583 	3554
f 3567 	3152 	3153
f 2734 	3540 	3564
f 3579 	3584 	3583
f 3579 	3551 	3584
f 3598 	3597 	3586
f 3571 	2844 	2845
f 3210 	3600 	3599
f 3210 	3624 	3600
f 3601 	3597 	3602
f 2567 	3603 	3594
f 2817 	3589 	3585
f 3585 	3343 	2817
f 3211 	3687 	3648
f 3571 	3569 	2844
f 3604 	2284 	3589
f 2875 	3572 	3571
f 3586 	3554 	3598
f 3556 	3601 	3602
f 3598 	3554 	3597
f 3597 	3554 	3556
f 3605 	2284 	3604
f 3597 	3556 	3602
f 2980 	3544 	3703
f 2795 	3570 	2794
f 3607 	3606 	3601
f 2333 	3606 	3608
f 3569 	3570 	2813
f 2813 	2814 	3569
f 2334 	3613 	3618
f 3635 	3624 	3210
f 3604 	3589 	2736
f 2736 	3605 	3604
f 3320 	3503 	3319
f 3601 	3556 	3607
f 3607 	3556 	3606
f 3572 	2583 	3568
f 3557 	3608 	3606
f 3606 	3556 	3557
f 2746 	3574 	3596
f 3645 	3575 	3576
f 2287 	3609 	3617
f 3618 	3620 	2336
f 2745 	3599 	3600
f 3662 	3645 	3576
f 3588 	3591 	3662
f 3576 	3588 	3662
f 3671 	3649 	3643
f 3614 	3557 	3613
f 3613 	3557 	3558
f 3675 	3672 	3611
f 3618 	3613 	3558
f 3619 	3609 	2736
f 3609 	3605 	2736
f 3608 	3614 	3613
f 2994 	3690 	3692
f 3617 	3609 	3619
f 3608 	3557 	3614
f 3692 	3695 	3018
f 3018 	3017 	3692
f 3621 	3620 	3618
f 3622 	2287 	3617
f 3643 	3649 	3647
f 3603 	3578 	3581
f 3639 	3626 	3625
f 3627 	3562 	2337
f 2337 	2336 	3627
f 2336 	3620 	3627
f 3627 	3620 	3628
f 3594 	3581 	3593
f 3647 	3655 	3643
f 3655 	3656 	3643
f 3559 	3627 	3628
f 3211 	3648 	3646
f 3593 	3581 	3582
f 3643 	3656 	3630
f 3621 	3558 	3620
f 3620 	3558 	3559
f 3622 	3631 	2253
f 2253 	2287 	3622
f 3628 	3620 	3559
f 2534 	3590 	3603
f 3631 	3622 	3619
f 3622 	3617 	3619
f 3618 	3558 	3621
f 3163 	3154 	3683
f 3616 	3441 	3612
f 3578 	3603 	3577
f 3632 	3562 	3627
f 3245 	3252 	3703
f 3246 	3245 	3703
f 2254 	2253 	3633
f 3627 	3559 	3632
f 3633 	2253 	3631
f 3632 	3559 	3562
f 3576 	3568 	3634
f 3634 	3588 	3576
f 3152 	3696 	3683
f 2268 	2270 	3631
f 2270 	3633 	3631
f 3694 	3637 	2255
f 3636 	3534 	3638
f 2767 	2745 	3624
f 3636 	3638 	3823
f 3407 	3629 	3623
f 3464 	3563 	3637
f 3415 	3416 	3610
f 2281 	2248 	2251
f 2251 	2249 	2281
f 3691 	2251 	2248
f 3418 	3419 	3616
f 3641 	3640 	2367
f 3625 	3592 	3634
f 3591 	3588 	3634
f 3610 	3416 	3421
f 2745 	3600 	3624
f 3421 	3616 	3610
f 2248 	2243 	2242
f 2242 	3642 	2248
f 3666 	3625 	3626
f 3533 	3369 	3642
f 2367 	3644 	3548
f 3053 	3611 	3643
f 3443 	3533 	3642
f 3443 	3642 	2242
f 3644 	3551 	3548
f 3611 	3672 	3671
f 3643 	3611 	3671
f 3211 	3214 	3689
f 3630 	3626 	3639
f 3378 	2288 	3652
f 3690 	2992 	3615
f 2923 	3634 	2922
f 3692 	3017 	2994
f 3695 	3035 	3018
f 2550 	2744 	3652
f 3558 	2817 	3559
f 2581 	2922 	3634
f 3634 	3568 	2581
f 3652 	2744 	3537
f 3537 	3536 	3652
f 2940 	3639 	3634
f 3550 	3658 	3657
f 3643 	3639 	2973
f 2973 	2981 	3643
f 3705 	3706 	3650
f 3611 	3053 	3054
f 3358 	3538 	3657
f 2330 	2561 	3657
f 3658 	3682 	2330
f 3715 	3651 	3650
f 3590 	3577 	3603
f 3248 	3697 	3693
f 3581 	3594 	3603
f 3357 	3538 	3358
f 3657 	2561 	3358
f 3659 	2227 	3660
f 3429 	3541 	3661
f 3661 	2326 	2302
f 2326 	2303 	2302
f 3429 	2302 	2304
f 2304 	3545 	3429
f 3552 	3593 	3582
f 3647 	3649 	3668
f 3655 	3647 	3668
f 3668 	3666 	3656
f 3545 	2304 	3364
f 2302 	2784 	3364
f 3666 	3630 	3656
f 3714 	2817 	3823
f 2945 	2957 	3667
f 2945 	3667 	3663
f 2957 	2974 	3667
f 2768 	3646 	3648
f 2308 	3465 	3364
f 3366 	3364 	3465
f 3016 	3027 	3670
f 3005 	3016 	3670
f 3611 	3615 	3684
f 3684 	3675 	3611
f 3675 	3674 	3672
f 3670 	3027 	2493
f 2493 	3577 	3670
f 3661 	3541 	3358
f 3646 	3677 	3212
f 2992 	3688 	3615
f 2367 	3679 	3678
f 3678 	3786 	2367
f 2994 	2993 	3690
f 3212 	3677 	3635
f 3358 	2561 	3661
f 2302 	3429 	3661
f 3644 	2367 	3680
f 3782 	3681 	2367
f 3681 	3680 	2367
f 3591 	3592 	3662
f 2767 	3635 	3677
f 3667 	2974 	2966
f 2965 	3669 	3667
f 3666 	3662 	3625
f 3625 	3662 	3592
f 3646 	2768 	2767
f 3626 	3630 	3666
f 3537 	2744 	3384
f 3656 	3655 	3668
f 3672 	3675 	3673
f 3673 	3671 	3672
f 3680 	3551 	3644
f 3682 	3658 	3550
f 3674 	3675 	3672
f 3093 	3096 	3615
f 3093 	3615 	3611
f 2767 	3677 	3646
f 3657 	3658 	2330
f 3615 	3096 	3097
f 2329 	2330 	3682
f 2650 	2328 	3682
f 3668 	3649 	3671
f 3671 	3673 	3668
f 2817 	3445 	3443
f 3676 	3673 	3684
f 3684 	3673 	3675
f 3615 	3685 	3684
f 3685 	3688 	3676
f 3560 	2355 	3377
f 3688 	3685 	3615
f 3449 	3445 	2817
f 3560 	3472 	2817
f 3214 	3693 	3689
f 2993 	3447 	3676
f 3676 	3684 	3685
f 3595 	3691 	2248
f 3479 	2817 	3691
f 3595 	3480 	3479
f 3479 	3691 	3595
f 3690 	2993 	2992
f 3687 	3689 	2773
f 2773 	2768 	3687
f 3434 	3686 	3683
f 2251 	3691 	2817
f 3676 	3688 	2992
f 3676 	2992 	2993
f 2268 	2267 	2254
f 2768 	3648 	3687
f 3398 	3410 	3696
f 2255 	3698 	3694
f 3500 	3719 	3248
f 3500 	3720 	3719
f 3464 	3698 	2276
f 3723 	3500 	3743
f 3723 	3720 	3500
f 2276 	2369 	3464
f 3464 	3637 	3694
f 3712 	3667 	3669
f 3464 	2369 	3475
f 3743 	3500 	3518
f 3411 	3683 	3410
f 3248 	3719 	3697
f 3434 	3435 	3686
f 3683 	3411 	3434
f 3693 	2772 	2773
f 3693 	3697 	2772
f 2925 	2942 	3663
f 3149 	3690 	3097
f 3097 	3690 	3615
f 2409 	2254 	2275
f 2270 	2268 	2254
f 2773 	3689 	3693
f 2254 	2276 	3698
f 3217 	3692 	3690
f 3748 	3743 	3518
f 3838 	3659 	3660
f 3633 	2270 	2254
f 3695 	3234 	3235
f 3695 	3692 	3234
f 3397 	3696 	3695
f 3716 	3670 	3577
f 3410 	3683 	3696
f 3694 	3698 	3464
f 3780 	3779 	3524
f 3570 	3702 	3701
f 3570 	3569 	3706
f 3708 	3707 	3704
f 3704 	3699 	3708
f 3704 	3711 	3699
f 2222 	3733 	2226
f 3239 	3232 	3686
f 3701 	3525 	3570
f 3458 	3703 	3686
f 3686 	3435 	3458
f 3725 	2830 	2874
f 2968 	3712 	3709
f 3709 	2987 	2968
f 3650 	2852 	3701
f 3715 	3706 	3569
f 3727 	3718 	3569
f 3569 	3571 	3727
f 3718 	3717 	3569
f 3717 	3715 	3569
f 3729 	3728 	3571
f 3713 	3710 	2462
f 2462 	3710 	2454
f 3717 	3718 	3651
f 2596 	3721 	3260
f 3709 	3716 	3008
f 3019 	3008 	3716
f 3008 	3007 	3709
f 2599 	2635 	3722
f 2678 	3724 	3722
f 3650 	3706 	3715
f 3709 	3669 	3716
f 2806 	2854 	3725
f 3757 	3756 	3522
f 3716 	3669 	3670
f 3651 	3715 	3717
f 3571 	3728 	3727
f 3577 	3590 	3716
f 3734 	3729 	3572
f 3571 	3572 	3729
f 2950 	2949 	3733
f 3727 	3653 	3651
f 3651 	3718 	3727
f 3522 	3756 	3748
f 3728 	3729 	3653
f 3725 	3710 	3713
f 3653 	3727 	3728
f 3720 	3723 	2774
f 3572 	3568 	3735
f 3735 	3734 	3572
f 3734 	3735 	3654
f 3726 	3725 	3732
f 3654 	3653 	3734
f 3713 	3732 	3725
f 3653 	3729 	3734
f 3737 	2688 	2646
f 3738 	3568 	3575
f 3737 	3722 	3724
f 3735 	3568 	3738
f 3738 	3645 	3654
f 3663 	3733 	2222
f 3738 	3575 	3645
f 3654 	3735 	3738
f 3663 	3667 	3712
f 2774 	2772 	3720
f 2616 	3736 	3737
f 3733 	3663 	3712
f 3719 	3720 	2772
f 3669 	3709 	3712
f 3722 	3737 	3721
f 3736 	3721 	3737
f 2772 	3697 	3719
f 3724 	3731 	3737
f 3731 	3724 	3730
f 3730 	3724 	3726
f 3732 	3730 	3726
f 3260 	3721 	3224
f 3744 	3226 	3224
f 3224 	3721 	3744
f 3115 	3114 	3746
f 3736 	3744 	3721
f 3518 	3522 	3748
f 3058 	3745 	3749
f 2775 	2774 	3743
f 3168 	3169 	3740
f 2774 	3723 	3743
f 3183 	3184 	3739
f 3037 	3038 	3749
f 3130 	3742 	3745
f 3182 	3183 	3739
f 2860 	2525 	2542
f 2543 	3751 	2860
f 3749 	3751 	3037
f 3058 	3059 	3745
f 3059 	3060 	3745
f 3745 	3060 	3129
f 3745 	3129 	3130
f 3754 	3088 	3753
f 3748 	2775 	3743
f 3131 	3742 	3130
f 3147 	3754 	3755
f 3161 	3741 	3742
f 3740 	3741 	3168
f 3522 	3521 	3757
f 3237 	3236 	3755
f 3750 	3752 	2306
f 3193 	3773 	3739
f 3747 	3753 	3750
f 3750 	3753 	3752
f 3754 	3753 	3747
f 3746 	3754 	3747
f 3744 	3755 	3754
f 3754 	3746 	3744
f 3755 	3744 	3736
f 3778 	3523 	3524
f 2301 	3750 	2306
f 3765 	3279 	3275
f 3756 	3757 	2777
f 2222 	2226 	2218
f 3748 	3756 	2777
f 2777 	2775 	3748
f 3767 	3414 	3436
f 3758 	3757 	3521
f 3521 	3523 	3770
f 3770 	3761 	3521
f 3761 	3758 	3521
f 3772 	3770 	3523
f 3524 	3779 	3778
f 3758 	3761 	2776
f 2776 	2777 	3758
f 3275 	2730 	3765
f 3215 	3216 	3760
f 3220 	3759 	3760
f 2777 	3757 	3758
f 3243 	3244 	3763
f 3250 	3251 	3762
f 3762 	3264 	3267
f 2780 	2776 	3770
f 3770 	3772 	2780
f 3348 	3766 	3774
f 2776 	3761 	3770
f 3402 	3403 	3768
f 3437 	3783 	3767
f 3775 	3339 	3340
f 3341 	3774 	3340
f 3704 	2817 	3711
f 3823 	3665 	3714
f 3714 	3711 	2817
f 3778 	3772 	3523
f 3329 	3331 	3775
f 3525 	3784 	3780
f 3524 	3525 	3780
f 3781 	3786 	3678
f 3779 	3780 	2850
f 2780 	3772 	3778
f 2367 	3786 	3782
f 2817 	3680 	3681
f 3681 	3782 	2817
f 3311 	3304 	3773
f 3773 	3304 	3777
f 2817 	3551 	3680
f 3313 	3322 	3776
f 3328 	3329 	3775
f 3340 	3774 	3775
f 2499 	3765 	2730
f 2817 	3781 	3678
f 3436 	3437 	3767
f 2817 	3787 	3781
f 2780 	3778 	3779
f 3779 	2850 	2780
f 3708 	3699 	3838
f 3438 	3783 	3437
f 3215 	3760 	3783
f 3525 	3701 	3785
f 3784 	3525 	3785
f 3784 	2852 	2850
f 2850 	3780 	3784
f 3785 	2852 	3784
f 3787 	3786 	3781
f 3702 	3705 	3650
f 3701 	3702 	3650
f 3787 	2817 	3786
f 3701 	2852 	3785
f 3782 	3786 	2817
f 3228 	3764 	3225
f 3759 	3240 	3225
f 3759 	3221 	3240
f 3763 	3764 	3243
f 3764 	3228 	3243
f 3250 	3762 	3763
f 3267 	3765 	3762
f 3762 	3263 	3264
f 3268 	3765 	3267
f 3462 	2730 	3275
f 3739 	3184 	3192
f 3773 	2499 	3739
f 3288 	3289 	3773
f 3305 	3777 	3304
f 2499 	3773 	3777
f 3773 	3289 	3311
f 3776 	3777 	3313
f 3775 	3331 	3339
f 3774 	3341 	3348
f 3348 	3349 	3766
f 3376 	3771 	3766
f 3389 	3390 	3769
f 3774 	2499 	3775
f 3389 	3769 	3771
f 3771 	3368 	3389
f 2499 	3776 	3775
f 3768 	3769 	3402
f 3777 	3776 	2499
f 3768 	3403 	3404
f 3412 	3767 	3768
f 2470 	2817 	2648
f 2817 	2470 	2320
f 2297 	2817 	2300
f 2817 	2314 	2316
f 2817 	2426 	2422
f 2436 	2432 	2817
f 2448 	2817 	2849
f 3788 	2269 	3789
f 3788 	3791 	3790
f 3790 	2269 	3788
f 3790 	3792 	2269
f 3792 	3790 	2817
f 3813 	3801 	2817
f 3803 	3804 	2817
f 3793 	3707 	3708
f 2817 	3704 	3707
f 3824 	3823 	2817
f 3793 	3708 	3838
f 2817 	3802 	3794
f 3791 	3788 	2817
f 3789 	3795 	2849
f 2439 	2817 	2442
f 2447 	2448 	2849
f 3795 	3789 	2269
f 3792 	3797 	2269
f 3797 	3792 	2817
f 3799 	2272 	3800
f 3799 	3802 	3801
f 3813 	2272 	3799
f 2817 	3853 	3813
f 3805 	3804 	3803
f 3814 	3805 	3803
f 2236 	3803 	3806
f 3806 	2237 	2236
f 2817 	3806 	3803
f 3807 	3806 	2817
f 2817 	3815 	3808
f 3808 	3807 	2817
f 3838 	3815 	2817
f 3659 	3700 	2227
f 2227 	3700 	3699
f 3534 	2227 	3699
f 3534 	3711 	3714
f 3823 	3664 	3665
f 3699 	3700 	3838
f 3700 	3659 	3838
f 3804 	3805 	3847
f 2817 	3804 	3847
f 3800 	3798 	3799
f 3802 	3799 	3798
f 3798 	3794 	3802
f 2849 	3795 	3796
f 3788 	3789 	2849
f 2849 	2817 	3788
f 2448 	2445 	2817
f 3843 	3809 	2266
f 3810 	3797 	2817
f 3798 	2286 	3811
f 3811 	3810 	3798
f 3798 	3810 	2817
f 3812 	3800 	2272
f 3799 	3801 	3813
f 3803 	2236 	3814
f 3806 	3807 	2237
f 3808 	3815 	2237
f 2237 	3807 	3808
f 3815 	3816 	2237
f 3816 	3815 	3838
f 2227 	3817 	3660
f 3664 	3638 	3534
f 3665 	3664 	3534
f 3714 	3665 	3534
f 3823 	3638 	3664
f 3640 	3679 	2367
f 3825 	3678 	3679
f 3838 	3660 	3817
f 3814 	3847 	3805
f 3798 	3800 	3812
f 3812 	2286 	3798
f 2849 	3796 	3809
f 3818 	3819 	3838
f 3821 	3820 	2227
f 3699 	3711 	3534
f 3534 	3636 	3822
f 3823 	3822 	3636
f 3826 	3641 	2367
f 3640 	3641 	3825
f 3679 	3640 	3825
f 3641 	3826 	3825
f 2362 	3830 	3829
f 3833 	2365 	2363
f 3826 	2365 	3834
f 3827 	3830 	3828
f 3823 	3827 	3828
f 3828 	3822 	3823
f 2363 	3832 	3833
f 3830 	3827 	3831
f 3827 	3823 	3831
f 3831 	3823 	3830
f 3824 	3829 	3830
f 3830 	3823 	3824
f 3824 	3825 	3832
f 3832 	3829 	3824
f 3833 	3832 	3825
f 3834 	3833 	3825
f 3826 	3834 	3825
f 3820 	3821 	3838
f 3835 	2235 	3836
f 3818 	3837 	2237
f 3819 	3818 	2237
f 3838 	3837 	3818
f 2240 	3840 	3839
f 3839 	3821 	2227
f 2362 	3534 	3822
f 2363 	2362 	3829
f 3828 	3830 	2362
f 3822 	3828 	2362
f 3839 	3838 	3821
f 2240 	2237 	3837
f 2240 	3841 	3840
f 3839 	2227 	2240
f 3838 	3840 	3841
f 3841 	3837 	3838
f 3839 	3840 	3838
f 2266 	2265 	3843
f 3809 	3796 	2266
f 2269 	2266 	3795
f 3797 	3810 	2269
f 3843 	2265 	2296
f 2269 	3810 	3811
f 3844 	3811 	2286
f 2272 	3845 	3812
f 3846 	3813 	3853
f 2236 	3848 	3814
f 2236 	2235 	3848
f 3848 	2235 	3835
f 3819 	2237 	3816
f 3819 	3816 	3838
f 3820 	3817 	2227
f 3838 	3817 	3820
f 3835 	3836 	3847
f 3848 	3835 	3847
f 3847 	3814 	3848
f 3851 	3842 	2234
f 2234 	3849 	3851
f 3850 	3847 	3849
f 3847 	3851 	3849
f 3847 	3836 	3842
f 3842 	3851 	3847
f 3845 	2286 	3812
f 3843 	2849 	3809
f 3796 	3795 	2266
f 2851 	2295 	2265
f 2295 	2296 	2265
f 2271 	2269 	2261
f 2269 	3811 	3844
f 2269 	3844 	2261
f 2286 	2261 	3844
f 2271 	2292 	2291
f 2291 	3845 	2272
f 3813 	3846 	2272
f 3846 	3852 	2272
f 3852 	3846 	3853
f 3837 	3841 	2240
f 3842 	3836 	2235
f 2235 	2234 	3842
f 3850 	3849 	2234
f 3854 	3850 	2234
f 3854 	2233 	3855
f 3855 	2233 	3852
f 3853 	3854 	3855
f 3855 	3852 	3853
f 2234 	2233 	3854
f 3853 	3847 	3850
f 3850 	3854 	3853
f 2291 	2286 	3845
f 2291 	2272 	2271
f 2271 	2239 	2292
# 3272 faces

 #end of obj_2

o obj_3
v 238.147 		40.4838 		14.241
v 238.264 		40.4838 		14.299
v 238.517 		46.4838 		12.379
v 238.4706 		46.4838 		12.3884
v 238.038 		40.4838 		14.168
v 201 		40.483 		17.873
v 209.779 		46.4832 		14.367
v 237.939 		40.4838 		14.082
v 201.0656 		-24.012 		0
v 202.295 		-31.506 		0
v 201.58 		-29.4 		0
v 201.146 		-27.219 		0
v 237.853 		40.4838 		13.983
v 232.723 		-33.5 		0
v 231.488 		-35.349 		0
v 230.022 		-37.021 		0
v 237.78 		40.4838 		13.874
v 207.652 		-38.487 		0
v 205.98 		-37.021 		0
v 204.514 		-35.349 		0
v 203.278 		-33.5 		0
v 228.35 		-38.487 		0
v 226.501 		-39.723 		0
v 224.506 		-40.706 		0
v 237.722 		40.4838 		13.757
v 222.401 		-41.421 		0
v 220.22 		-41.855 		0
v 218.001 		-42 		0
v 215.782 		-41.855 		0
v 213.601 		-41.421 		0
v 211.495 		-40.706 		0
v 209.501 		-39.723 		0
v 233.707 		-31.506 		6
v 234.422 		-29.4 		6
v 234.855 		-27.219 		6
v 235.001 		-25 		6
v 234.9359 		-24.011 		6
v 237.68 		40.4838 		13.632
v 214.511 		-28.197 		6
v 214.541 		-27.739 		6
v 237.654 		40.4838 		13.504
v 214.565 		-27.619 		6
v 237.651 		40.4838 		13.4611
v 209.648 		46.4832 		14.375
v 237.6457 		40.4838 		13.373
v 209.517 		46.4832 		14.367
v 209.4347 		46.4832 		14.3504
v 209.3884 		46.4832 		14.341
v 238.648 		40.4838 		12.37
v 201 		46.483 		17.873
v 238.779 		40.4838 		12.379
v 238.821 		40.4838 		12.3875
v 238.9077 		40.4838 		12.405
v 201 		46.483 		3
v 211.998 		40.5 		17.875
v 201.0491 		40.5 		17.875
v 221.47 		-27.6227 		6
v 221.493 		-27.739 		6
v 239.032 		40.4838 		12.447
v 238.9486 		40.4838 		12.4188
v 211.998 		40.5 		20.375
v 201 		46.458 		2.608
v 201 		46.381 		2.224
v 201 		46.255 		1.852
v 221.523 		-28.197 		6
v 201 		46.081 		1.5
v 201 		45.863 		1.174
v 201 		45.605 		0.879
v 201 		45.31 		0.62
v 235 		40.4837 		6
v 239.149 		40.4838 		12.505
v 201 		44.983 		0.402
v 239.258 		40.4838 		12.578
v 239.357 		40.4838 		12.664
v 216.676 		-31.436 		6
v 239.443 		40.4838 		12.763
v 216.264 		-31.233 		6
v 239.516 		40.4838 		12.872
v 215.883 		-30.978 		6
v 215.538 		-30.676 		6
v 201 		40.483 		6
v 239.574 		40.4838 		12.989
v 215.236 		-30.331 		6
v 239.616 		40.4838 		13.114
v 214.981 		-29.95 		6
v 246.5 		45.31 		0.62
v 214.778 		-29.538 		6
v 239.574 		40.4838 		13.757
v 214.631 		-29.104 		6
v 239.616 		40.4838 		13.632
v 246.5 		45.605 		0.879
v 239.516 		40.4838 		13.874
v 246.5 		45.864 		1.174
v 221.053 		-29.95 		6
v 239.443 		40.4838 		13.983
v 220.799 		-30.331 		6
v 246.5 		46.082 		1.5
v 239.357 		40.4838 		14.082
v 201 		44.631 		0.228
v 201 		44.26 		0.102
v 201 		43.875 		0.026
v 201 		43.483 		0
v 201 		43.092 		0.026
v 201 		43 		0.0442
v 201 		42.707 		0.102
v 220.496 		-30.676 		6
v 201 		42.335 		0.228
v 201 		41.983 		0.402
v 201 		41.657 		0.62
v 246.5 		46.255 		1.852
v 201 		41.362 		0.879
v 201 		41.103 		1.174
v 220.151 		-30.978 		6
v 239.258 		40.4838 		14.168
v 219.77 		-31.233 		6
v 246.5 		46.381 		2.224
v 219.359 		-31.436 		6
v 239.149 		40.4838 		14.241
v 246.5 		46.458 		2.608
v 218.925 		-31.583 		6
v 239.032 		40.4838 		14.299
v 246.5 		46.484 		3
v 218.475 		-31.673 		6
v 218.017 		-31.703 		6
v 238.991 		40.4838 		14.3128
v 217.56 		-31.673 		6
v 217.11 		-31.583 		6
v 237.6454 		46.4838 		13.373
v 201 		40.483 		3
v 221.404 		-29.104 		6
v 221.256 		-29.538 		6
v 238.9077 		40.4838 		14.341
v 238.8657 		40.4838 		14.3495
v 246.5 		41.104 		1.174
v 238.779 		40.4838 		14.367
v 201 		40.885 		1.5
v 246.5 		41.362 		0.879
v 201 		40.712 		1.852
v 201 		40.586 		2.224
v 238.3093 		46.4838 		14.3142
v 201 		40.509 		2.608
v 214.541 		-28.654 		6
v 238.648 		40.4838 		14.375
v 246.5 		41.657 		0.62
v 238.264 		46.4838 		14.299
v 221.493 		-28.654 		6
v 238.517 		40.4838 		14.367
v 246.5 		41.984 		0.402
v 238.4747 		40.4838 		14.3585
v 238.3887 		40.4838 		14.341
v 238.147 		46.4838 		14.241
v 215.143 		-6.566 		6
v 216.63 		-6.764 		6
v 246.5 		42.336 		0.228
v 219.98 		-6.744 		6
v 221.475 		-6.624 		6
v 239.642 		40.4838 		13.242
v 238.038 		46.4838 		14.168
v 246.5 		42.707 		0.102
v 239.6446 		40.4838 		13.2849
v 201.0656 		-24.012 		6
v 237.939 		46.4838 		14.082
v 201.146 		-27.219 		6
v 201.58 		-29.4 		6
v 202.295 		-31.506 		6
v 246.5 		43.092 		0.026
v 239.6507 		40.4838 		13.373
v 230.022 		-37.021 		6
v 231.488 		-35.349 		6
v 232.723 		-33.5 		6
v 239.642 		40.4838 		13.504
v 246.5 		43.484 		0
v 239.6481 		40.4838 		13.4159
v 218.001 		-42 		6
v 220.22 		-41.855 		6
v 222.401 		-41.421 		6
v 224.506 		-40.706 		6
v 226.501 		-39.723 		6
v 228.35 		-38.487 		6
v 203.278 		-33.5 		6
v 204.514 		-35.349 		6
v 246.5 		43.875 		0.026
v 205.98 		-37.021 		6
v 207.652 		-38.487 		6
v 209.501 		-39.723 		6
v 211.495 		-40.706 		6
v 213.601 		-41.421 		6
v 215.782 		-41.855 		6
v 234.9359 		-24.011 		0
v 235.001 		-25 		0
v 235 		43 		0
v 211.998 		40.4832 		17.873
v 234.855 		-27.219 		0
v 234.422 		-29.4 		0
v 211.998 		40.4832 		7.37
v 246.5 		44.26 		0.102
v 233.707 		-31.506 		0
v 208.6486 		40.4832 		13.3301
v 246.5 		44.632 		0.228
v 208.6457 		40.4832 		13.373
v 215.731 		-28.173 		3.398
v 215.751 		-27.872 		3.398
v 208.654 		40.4832 		13.242
v 215.81 		-27.575 		3.398
v 246.5 		44.984 		0.402
v 215.907 		-27.289 		3.398
v 208.68 		40.4832 		13.114
v 216.04 		-27.018 		3.398
v 237.853 		46.4838 		13.983
v 208.722 		40.4832 		12.989
v 237.78 		46.4838 		13.874
v 208.78 		40.4832 		12.872
v 246.5 		40.484 		3
v 237.722 		46.4838 		13.757
v 208.853 		40.4832 		12.763
v 246.5 		40.509 		2.608
v 237.68 		46.4838 		13.632
v 246.5 		40.586 		2.224
v 237.654 		46.4838 		13.504
v 208.853 		40.4832 		13.983
v 246.5 		40.712 		1.852
v 237.6483 		46.4838 		13.4205
v 208.78 		40.4832 		13.874
v 246.5 		40.886 		1.5
v 208.722 		40.4832 		13.757
v 216.208 		-26.767 		3.398
v 216.407 		-26.54 		3.398
v 208.68 		40.4832 		13.632
v 208.654 		40.4832 		13.504
v 216.635 		-26.341 		3.398
v 216.886 		-26.173 		3.398
v 208.651 		40.4832 		13.4611
v 238.648 		46.4838 		12.37
v 215.7853 		-28.647 		3.398
v 215.751 		-28.475 		3.398
v 238.779 		46.4838 		12.379
v 208.939 		40.4832 		12.664
v 217.157 		-26.039 		3.398
v 209.038 		40.4832 		12.578
v 238.8606 		46.4838 		12.3956
v 217.443 		-25.942 		3.398
v 209.147 		40.4832 		12.505
v 217.739 		-25.883 		3.398
v 238.9074 		46.4838 		12.405
v 218.041 		-25.863 		3.398
v 209.264 		40.4832 		12.447
v 218.342 		-25.883 		3.398
v 239.032 		46.4838 		12.447
v 218.639 		-25.942 		3.398
v 238.9871 		46.4838 		12.4318
v 209.3887 		40.4832 		12.405
v 209.3046 		40.4832 		12.4332
v 218.925 		-26.039 		3.398
v 209.4309 		40.4832 		12.3965
v 219.196 		-26.173 		3.398
v 209.517 		40.4832 		12.379
v 219.447 		-26.341 		3.398
v 239.149 		46.4838 		12.505
v 219.674 		-26.54 		3.398
v 209.648 		40.4832 		12.37
v 219.873 		-26.767 		3.398
v 239.258 		46.4838 		12.578
v 220.041 		-27.018 		3.398
v 209.779 		40.4832 		12.379
v 239.357 		46.4838 		12.664
v 220.175 		-27.289 		3.398
v 209.8209 		40.4832 		12.3875
v 220.272 		-27.575 		3.398
v 209.9077 		40.4832 		12.405
v 220.331 		-27.872 		3.398
v 220.351 		-28.173 		3.398
v 220.331 		-28.475 		3.398
v 220.2967 		-28.647 		3.398
v 210.032 		40.4832 		12.447
v 209.9486 		40.4832 		12.4188
v 221.47 		-28.647 		3.398
v 210.149 		40.4832 		12.505
v 210.258 		40.4832 		12.578
v 214.565 		-28.647 		3.398
v 215.751 		-27.872 		0
v 215.731 		-28.173 		0
v 210.357 		40.4832 		12.664
v 215.81 		-27.575 		0
v 210.443 		40.4832 		12.763
v 215.907 		-27.289 		0
v 216.04 		-27.018 		0
v 210.516 		40.4832 		12.872
v 216.208 		-26.767 		0
v 210.574 		40.4832 		12.989
v 216.407 		-26.54 		0
v 210.616 		40.4832 		13.114
v 216.635 		-26.341 		0
v 216.886 		-26.173 		0
v 210.642 		40.4832 		13.242
v 210.6446 		40.4832 		13.2849
v 215.751 		-28.475 		0
v 201 		43 		0
v 201 		40.682 		0
v 209.348 		40.4832 		14.3272
v 217.157 		-26.039 		0
v 246.5 		40.484 		17.873
v 209.264 		40.4832 		14.299
v 217.443 		-25.942 		0
v 209.147 		40.4832 		14.241
v 217.739 		-25.883 		0
v 246.5 		46.484 		17.873
v 218.041 		-25.863 		0
v 209.038 		40.4832 		14.168
v 218.342 		-25.883 		0
v 208.939 		40.4832 		14.082
v 218.639 		-25.942 		0
v 218.925 		-26.039 		0
v 210.6507 		40.4832 		13.373
v 210.642 		40.4832 		13.504
v 210.6481 		40.4832 		13.4159
v 219.196 		-26.173 		0
v 219.447 		-26.341 		0
v 210.616 		40.4832 		13.632
v 219.674 		-26.54 		0
v 210.574 		40.4832 		13.757
v 219.873 		-26.767 		0
v 210.516 		40.4832 		13.874
v 220.041 		-27.018 		0
v 210.443 		40.4832 		13.983
v 220.175 		-27.289 		0
v 210.357 		40.4832 		14.082
v 220.272 		-27.575 		0
v 210.258 		40.4832 		14.168
v 220.331 		-27.872 		0
v 210.149 		40.4832 		14.241
v 210.032 		40.4832 		14.299
v 239.443 		46.4838 		12.763
v 209.991 		40.4832 		14.3128
v 239.516 		46.4838 		12.872
v 239.574 		46.4838 		12.989
v 209.9077 		40.4832 		14.341
v 239.616 		46.4838 		13.114
v 209.8657 		40.4832 		14.3495
v 209.779 		40.4832 		14.367
v 220.351 		-28.173 		0
v 220.331 		-28.475 		0
v 209.648 		40.4832 		14.375
v 209.517 		40.4832 		14.367
v 209.4747 		40.4832 		14.3585
v 209.3887 		40.4832 		14.341
v 232.456 		46.5 		39.641
v 235.125 		46.5 		38.325
v 237.6 		46.5 		36.672
v 239.837 		46.5 		34.71
v 229.638 		46.5 		40.598
v 232.456 		40.5 		39.641
v 229.639 		40.5 		40.598
v 236.503 		46.5 		20.375
v 239.837 		40.5 		34.71
v 237.6 		40.5 		36.672
v 235.125 		40.5 		38.325
v 246.5 		46.5 		18.623
v 246.4511 		46.5 		17.875
v 236.503 		46.5 		17.875
v 241.799 		46.5 		32.472
v 236.503 		40.5 		20.375
v 243.452 		46.5 		29.998
v 244.769 		46.5 		27.329
v 245.725 		46.5 		24.511
v 246.306 		46.5 		21.592
v 223.75 		46.5 		41.373
v 226.72 		46.5 		41.178
v 236.503 		40.5 		17.875
v 246.4511 		40.5 		17.875
v 246.5 		40.5 		18.623
v 246.306 		40.5 		21.592
v 245.725 		40.5 		24.511
v 244.769 		40.5 		27.329
v 243.452 		40.5 		29.998
v 207.664 		46.5 		34.71
v 241.799 		40.5 		32.472
v 209.901 		46.5 		36.672
v 212.375 		46.5 		38.325
v 215.044 		46.5 		39.641
v 217.862 		46.5 		40.598
v 220.781 		46.5 		41.178
v 226.72 		40.5 		41.178
v 211.998 		46.5 		20.375
v 223.75 		40.5 		41.373
v 220.781 		40.5 		41.178
v 217.862 		40.5 		40.598
v 215.044 		40.5 		39.641
v 212.375 		40.5 		38.325
v 209.901 		40.5 		36.672
v 207.664 		40.5 		34.71
v 201 		46.5 		18.623
v 201.195 		46.5 		21.592
v 201.776 		46.5 		24.511
v 202.732 		46.5 		27.329
v 204.048 		46.5 		29.998
v 205.702 		46.5 		32.472
v 211.998 		46.5 		17.875
v 201.0491 		46.5 		17.875
v 205.702 		40.5 		32.472
v 204.048 		40.5 		29.998
v 239.574 		46.4838 		13.757
v 239.616 		46.4838 		13.632
v 202.732 		40.5 		27.329
v 201.776 		40.5 		24.511
v 201.195 		40.5 		21.592
v 201 		40.5 		18.623
v 239.516 		46.4838 		13.874
v 239.443 		46.4838 		13.983
v 214.565 		-27.619 		3.915
v 239.357 		46.4838 		14.082
v 239.258 		46.4838 		14.168
v 239.149 		46.4838 		14.241
v 239.032 		46.4838 		14.299
v 238.9523 		46.4838 		14.3258
v 214.565 		-28.647 		3.915
v 238.9074 		46.4838 		14.341
v 214.541 		-27.739 		3.915
v 214.511 		-28.197 		3.915
v 238.8257 		46.4838 		14.3576
v 238.779 		46.4838 		14.367
v 221.47 		-27.6227 		3.915
v 238.648 		46.4838 		14.375
v 238.517 		46.4838 		14.367
v 221.47 		-28.647 		3.915
v 238.4347 		46.4838 		14.3504
v 238.3884 		46.4838 		14.341
v 221.493 		-27.739 		3.915
v 221.523 		-28.197 		3.915
v 236.503 		46.4838 		7.37
v 215.7853 		-28.647 		3.915
v 239.642 		46.4838 		13.242
v 237.6511 		46.4838 		13.2895
v 237.654 		46.4838 		13.242
v 239.6471 		46.4838 		13.3255
v 220.2967 		-28.647 		3.915
v 237.68 		46.4838 		13.114
v 239.6504 		46.4838 		13.373
v 237.722 		46.4838 		12.989
v 239.642 		46.4838 		13.504
v 239.6453 		46.4838 		13.4565
v 237.78 		46.4838 		12.872
v 216.676 		-31.436 		3.915
v 237.853 		46.4838 		12.763
v 216.264 		-31.233 		3.915
v 215.883 		-30.978 		3.915
v 237.939 		46.4838 		12.664
v 215.538 		-30.676 		3.915
v 238.038 		46.4838 		12.578
v 215.236 		-30.331 		3.915
v 238.147 		46.4838 		12.505
v 214.981 		-29.95 		3.915
v 214.778 		-29.538 		3.915
v 238.264 		46.4838 		12.447
v 238.3431 		46.4838 		12.4202
v 214.631 		-29.104 		3.915
v 238.3884 		46.4838 		12.405
v 221.053 		-29.95 		3.915
v 220.799 		-30.331 		3.915
v 220.496 		-30.676 		3.915
v 220.151 		-30.978 		3.915
v 219.77 		-31.233 		3.915
v 219.359 		-31.436 		3.915
v 218.925 		-31.583 		3.915
v 218.475 		-31.673 		3.915
v 218.017 		-31.703 		3.915
v 217.56 		-31.673 		3.915
v 217.11 		-31.583 		3.915
v 221.404 		-29.104 		3.915
v 221.256 		-29.538 		3.915
v 236.503 		40.4838 		7.37
v 214.541 		-28.654 		3.915
v 237.654 		40.4838 		13.242
v 221.493 		-28.654 		3.915
v 237.68 		40.4838 		13.114
v 237.722 		40.4838 		12.989
v 237.78 		40.4838 		12.872
v 216.886 		-30.174 		3.915
v 237.853 		40.4838 		12.763
v 216.635 		-30.006 		3.915
v 237.939 		40.4838 		12.664
v 216.407 		-29.806 		3.915
v 238.038 		40.4838 		12.578
v 238.147 		40.4838 		12.505
v 216.208 		-29.579 		3.915
v 238.264 		40.4838 		12.447
v 216.04 		-29.328 		3.915
v 238.3887 		40.4838 		12.405
v 238.3046 		40.4838 		12.4332
v 215.907 		-29.057 		3.915
v 215.81 		-28.771 		3.915
v 238.517 		40.4838 		12.379
v 238.431 		40.4838 		12.3965
v 220.272 		-28.771 		3.915
v 237.6486 		40.4838 		13.3301
v 220.175 		-29.057 		3.915
v 238.348 		40.4838 		14.3272
v 220.041 		-29.328 		3.915
v 219.873 		-29.579 		3.915
v 219.674 		-29.806 		3.915
v 219.447 		-30.006 		3.915
v 219.196 		-30.174 		3.915
v 218.925 		-30.307 		3.915
v 218.639 		-30.404 		3.915
v 218.342 		-30.463 		3.915
v 218.041 		-30.483 		3.915
v 217.739 		-30.463 		3.915
v 217.443 		-30.404 		3.915
v 217.157 		-30.307 		3.915
v 201 		41.103 		1.174
v 201 		41.103 		1.174
v 201 		41.362 		0.879
v 201 		41.657 		0.62
v 216.886 		-30.174 		0
v 201 		41.657 		0.62
v 201 		41.983 		0.402
v 216.635 		-30.006 		0
v 216.407 		-29.806 		0
v 201 		42.335 		0.228
v 216.208 		-29.579 		0
v 216.04 		-29.328 		0
v 201 		42.335 		0.228
v 201 		42.707 		0.102
v 215.907 		-29.057 		0
v 215.81 		-28.771 		0
v 220.272 		-28.771 		0
v 236.503 		40.4838 		17.873
v 220.175 		-29.057 		0
v 220.041 		-29.328 		0
v 219.873 		-29.579 		0
v 219.674 		-29.806 		0
v 219.447 		-30.006 		0
v 219.196 		-30.174 		0
v 218.925 		-30.307 		0
v 218.639 		-30.404 		0
v 218.342 		-30.463 		0
v 218.041 		-30.483 		0
v 217.739 		-30.463 		0
v 217.443 		-30.404 		0
v 217.157 		-30.307 		0
v 201 		40.483 		3
v 201 		40.483 		3
v 201 		40.509 		2.608
v 201 		40.586 		2.224
v 201 		40.712 		1.852
v 201 		40.712 		1.852
v 201 		40.885 		1.5
v 215.143 		-6.566 		8.342
v 216.63 		-6.764 		8.342
v 216.5964 		-7.0156 		6
v 219.98 		-6.744 		8.413
v 221.475 		-6.624 		8.413
v 201.001 		-25 		0
v 201.001 		-25 		6
v 201.001 		-24.012 		0
v 201.001 		-24.012 		6
v 235.001 		-24.011 		6
v 235.001 		-24.011 		0
v 214.565 		-21.642 		6
v 221.47 		-21.642 		6
v 222.3 		-16.841 		6
v 220.805 		-16.961 		6
v 221.47 		-21.642 		3.398
v 214.565 		-21.642 		3.398
v 222.3 		-16.841 		8.413
v 220.805 		-16.961 		8.413
v 215.255 		-17.048 		6
v 213.768 		-16.849 		6
v 215.255 		-17.048 		8.342
v 213.768 		-16.849 		8.342
v 220.018 		-7.2151 		6
v 211.998 		46.4832 		7.37
v 208.6454 		46.4832 		13.373
v 208.6511 		46.4832 		13.2895
v 208.654 		46.4832 		13.242
v 235 		41.1037 		1.174
v 208.68 		46.4832 		13.114
v 208.722 		46.4832 		12.989
v 235 		41.362 		0.879
v 235 		41.2965 		0.9536
v 208.78 		46.4832 		12.872
v 208.853 		46.4832 		12.763
v 235 		41.657 		0.62
v 208.853 		46.4832 		13.983
v 235 		41.9837 		0.402
v 235 		41.9014 		0.4571
v 208.78 		46.4832 		13.874
v 208.722 		46.4832 		13.757
v 208.68 		46.4832 		13.632
v 235 		42.3357 		0.228
v 208.654 		46.4832 		13.504
v 208.6483 		46.4832 		13.4205
v 235 		42.707 		0.102
v 235 		42.613 		0.1338
v 208.939 		46.4832 		12.664
v 235 		43 		0.0442
v 209.038 		46.4832 		12.578
v 209.147 		46.4832 		12.505
v 209.264 		46.4832 		12.447
v 209.3431 		46.4832 		12.4202
v 209.3884 		46.4832 		12.405
v 209.4706 		46.4832 		12.3884
v 209.517 		46.4832 		12.379
v 209.648 		46.4832 		12.37
v 209.779 		46.4832 		12.379
v 209.8606 		46.4832 		12.3956
v 209.9074 		46.4832 		12.405
v 209.9871 		46.4832 		12.4318
v 210.032 		46.4832 		12.447
v 210.149 		46.4832 		12.505
v 236.503 		46.4838 		17.873
v 210.258 		46.4832 		12.578
v 210.357 		46.4832 		12.664
v 210.443 		46.4832 		12.763
v 210.516 		46.4832 		12.872
v 210.574 		46.4832 		12.989
v 210.616 		46.4832 		13.114
v 210.642 		46.4832 		13.242
v 209.3093 		46.4832 		14.3142
v 209.264 		46.4832 		14.299
v 209.147 		46.4832 		14.241
v 209.038 		46.4832 		14.168
v 208.939 		46.4832 		14.082
v 210.6471 		46.4832 		13.3255
v 210.6504 		46.4832 		13.373
v 210.6453 		46.4832 		13.4565
v 210.642 		46.4832 		13.504
v 210.616 		46.4832 		13.632
v 210.574 		46.4832 		13.757
v 210.516 		46.4832 		13.874
v 210.443 		46.4832 		13.983
v 210.357 		46.4832 		14.082
v 210.258 		46.4832 		14.168
v 235 		40.4837 		3
v 210.149 		46.4832 		14.241
v 210.032 		46.4832 		14.299
v 235 		40.509 		2.608
v 235 		40.5024 		2.7071
v 209.9523 		46.4832 		14.3258
v 209.9074 		46.4832 		14.341
v 209.8257 		46.4832 		14.3576
v 235 		40.586 		2.224
v 235 		40.712 		1.852
v 235 		40.8857 		1.5
v 235 		40.842 		1.589
v 211.998 		46.4832 		17.873
# 645 vertices

g group_3_6383466

usemtl color_6383466
s 0

f 4407 	4135 	3867
f 3878 	3879 	4387
f 3865 	4379 	3876
f 3874 	4374 	3873
f 3881 	3882 	4389
f 4390 	4389 	3882
f 3882 	3883 	4390
f 4392 	4391 	3883
f 3883 	3884 	4392
f 3884 	3885 	4393
f 3885 	3886 	4394
f 4368 	4394 	3886
f 4371 	4368 	3887
f 3873 	4371 	3887
f 3890 	3920 	3889
f 3891 	3913 	3890
f 3924 	3984 	3923
f 3909 	3917 	3984
f 3894 	3895 	4018
f 4408 	4018 	3895
f 4408 	3895 	3897
f 3918 	3984 	3917
f 3922 	3984 	3921
f 3923 	3984 	3922
f 3920 	3890 	3913
f 3913 	3891 	3912
f 3935 	3938 	4039
f 4410 	4016 	3936
f 4036 	4038 	3940
f 3940 	3942 	4036
f 4035 	4036 	3942
f 3942 	3944 	4035
f 4019 	4020 	3997
f 3997 	3894 	4019
f 4018 	4019 	3894
f 3955 	3956 	3954
f 3927 	3954 	3956
f 3927 	3956 	3957
f 3927 	3957 	3958
f 3927 	3958 	3959
f 3927 	3959 	3960
f 3927 	3960 	3962
f 3927 	3962 	3963
f 3927 	3963 	3964
f 3927 	3964 	3966
f 3927 	3966 	3967
f 3991 	3993 	3927
f 3967 	3991 	3927
f 3961 	3968 	4034
f 3924 	3927 	3984
f 3970 	3972 	4032
f 3909 	3984 	3905
f 3918 	3919 	3984
f 3978 	4030 	3975
f 3975 	4031 	3972
f 3861 	3905 	3984
f 3932 	3934 	4040
f 4041 	4042 	3930
f 3949 	4024 	3986
f 4034 	4023 	3951
f 4032 	4033 	3970
f 4031 	4032 	3972
f 3994 	3927 	3993
f 3996 	3927 	3994
f 3984 	3927 	3996
f 3921 	3984 	3919
f 3985 	3888 	4001
f 4397 	4409 	4396
f 4001 	3889 	3920
f 3985 	3986 	4025
f 3892 	3912 	3891
f 4499 	4497 	4412
f 4025 	3888 	3985
f 3979 	4029 	3978
f 3981 	4029 	3979
f 3968 	3970 	4033
f 4008 	4010 	3936
f 4008 	3936 	4007
f 4404 	4425 	4008
f 4010 	4011 	3936
f 3925 	3936 	4011
f 4011 	3892 	3925
f 3944 	3997 	4020
f 4020 	4035 	3944
f 4408 	3897 	4016
f 4039 	4040 	3934
f 3889 	4001 	3888
f 4025 	3986 	4024
f 4033 	4034 	3968
f 3951 	3961 	4034
f 3951 	4023 	3949
f 4024 	3949 	4023
f 4031 	3975 	4030
f 4038 	4039 	3938
f 3934 	3935 	4039
f 4040 	4041 	3932
f 3930 	3932 	4041
f 3982 	3930 	4042
f 4042 	4043 	3982
f 4030 	3978 	4029
f 3981 	3982 	4043
f 4029 	3981 	4043
f 4044 	3892 	3891
f 4044 	3891 	4045
f 3890 	4048 	4045
f 3890 	4045 	3891
f 3890 	3889 	4049
f 3890 	4049 	4048
f 3889 	3888 	4052
f 3889 	4052 	4049
f 3869 	4052 	3888
f 4418 	4134 	4059
f 4061 	4418 	4059
f 4063 	4418 	4061
f 4412 	4044 	4046
f 4081 	4418 	4063
f 4082 	4418 	4081
f 4085 	4418 	4082
f 4086 	4418 	4085
f 4056 	4057 	4134
f 4096 	4418 	4093
f 4086 	4093 	4418
f 4098 	4100 	4418
f 4104 	4417 	4102
f 4100 	4102 	4417
f 4108 	4417 	4104
f 4112 	4417 	4110
f 4108 	4110 	4417
f 4114 	4417 	4112
f 4118 	4417 	4116
f 4123 	4417 	4121
f 4126 	4131 	4125
f 4128 	4131 	4127
f 4417 	4418 	4100
f 4114 	4116 	4417
f 4118 	4121 	4417
f 4125 	4131 	4123
f 4096 	4098 	4418
f 4417 	4123 	4131
f 4131 	4126 	4127
f 4057 	4059 	4134
f 4090 	4056 	4134
f 4089 	4090 	4134
f 4135 	4057 	4056
f 4135 	4056 	4136
f 4138 	4059 	4057
f 4138 	4057 	4135
f 4140 	4061 	4059
f 4140 	4059 	4138
f 4153 	4152 	4046
f 4141 	4063 	4061
f 4141 	4061 	4140
f 4143 	4081 	4063
f 4143 	4063 	4141
f 4145 	4082 	4081
f 4145 	4081 	4143
f 4147 	4085 	4082
f 4147 	4082 	4145
f 4148 	4086 	4085
f 4148 	4085 	4147
f 4151 	4090 	4089
f 4090 	4151 	4136
f 4090 	4136 	4056
f 4161 	4156 	3977
f 3948 	3952 	4068
f 3971 	3974 	4068
f 3946 	3948 	4068
f 3952 	3965 	4068
f 3965 	3971 	4068
f 3974 	3977 	4068
f 4156 	4068 	3977
f 4027 	4037 	4068
f 4054 	4060 	4068
f 4060 	3941 	4068
f 4051 	4054 	4068
f 4037 	4051 	4068
f 3941 	3946 	4068
f 4003 	4079 	3989
f 4003 	3989 	3992
f 3992 	3999 	4003
f 4021 	4027 	4068
f 4014 	4021 	4068
f 4003 	4009 	4068
f 4009 	4014 	4068
f 4079 	4003 	4076
f 4086 	4148 	4093
f 4148 	4155 	4093
f 4073 	4076 	4003
f 4071 	4073 	4003
f 4071 	4003 	4068
f 4158 	4096 	4093
f 4158 	4093 	4155
f 4096 	4158 	4098
f 4160 	4098 	4158
f 4204 	4215 	4238
f 4203 	4204 	4238
f 4202 	4203 	4238
f 4098 	4160 	4162
f 4098 	4162 	4100
f 4201 	4202 	4238
f 4100 	4162 	4102
f 4164 	4102 	4162
f 4102 	4164 	4104
f 4166 	4104 	4164
f 4211 	3916 	4210
f 4206 	3916 	4211
f 4207 	3916 	4206
f 4227 	4228 	4216
f 4167 	4108 	4104
f 4167 	4104 	4166
f 4226 	4227 	4216
f 4216 	4231 	3916
f 4212 	4213 	4214
f 4212 	4214 	4208
f 4208 	4238 	4215
f 4215 	4217 	4208
f 4217 	4218 	4208
f 4218 	4219 	4208
f 4219 	4220 	4208
f 4212 	4208 	4220
f 4167 	4171 	4108
f 4110 	4108 	4171
f 4224 	4225 	4223
f 4216 	4223 	4225
f 4226 	4216 	4225
f 4229 	4231 	4216
f 4228 	4229 	4216
f 4209 	3916 	4231
f 4210 	3916 	4209
f 4205 	4238 	4222
f 4222 	4238 	4221
f 4233 	4234 	4238
f 4234 	4235 	4238
f 4236 	4238 	4235
f 4221 	4238 	4236
f 4110 	4171 	4112
f 4172 	4112 	4171
f 4174 	4114 	4112
f 4174 	4112 	4172
f 4232 	4233 	4238
f 4205 	4201 	4238
f 4240 	3916 	4239
f 4241 	3916 	4240
f 4242 	3916 	4241
f 4243 	3916 	4242
f 4244 	3916 	4243
f 4245 	3916 	4244
f 4237 	4239 	3916
f 4176 	4116 	4174
f 4114 	4174 	4116
f 4116 	4176 	4178
f 4116 	4178 	4118
f 4207 	4237 	3916
f 4248 	4249 	4238
f 4249 	4250 	4238
f 4250 	4251 	4238
f 4251 	4230 	4238
f 4232 	4238 	4230
f 4247 	4248 	4238
f 4246 	4247 	4238
f 4246 	4238 	4252
f 4246 	4252 	4253
f 4180 	4121 	4178
f 4118 	4178 	4121
f 4121 	4180 	4182
f 4121 	4182 	4123
f 3916 	4261 	3910
f 4245 	4254 	3916
f 4254 	4255 	3916
f 4255 	4258 	3916
f 4258 	4259 	3916
f 4259 	4260 	3916
f 4260 	4261 	3916
f 3911 	3910 	4261
f 4184 	4125 	4182
f 4123 	4182 	4125
f 4125 	4184 	4195
f 4125 	4195 	4126
f 4196 	4127 	4195
f 4126 	4195 	4127
f 4205 	4207 	4206
f 4205 	4206 	4201
f 4201 	4206 	4202
f 4211 	4202 	4206
f 4210 	4203 	4202
f 4210 	4202 	4211
f 4203 	4210 	4204
f 4209 	4204 	4210
f 4215 	4204 	4231
f 4209 	4231 	4204
f 4231 	4229 	4215
f 4418 	4413 	4264
f 4418 	4264 	4134
f 4134 	4264 	4270
f 4220 	4227 	4226
f 4272 	3895 	3894
f 4272 	3894 	4273
f 4226 	4225 	4220
f 3897 	3895 	4272
f 3897 	4272 	4264
f 4273 	4270 	4272
f 4264 	4272 	4270
f 4215 	4229 	4217
f 3912 	4414 	4276
f 4218 	4217 	4228
f 4229 	4228 	4217
f 4417 	4131 	4276
f 4279 	4276 	4131
f 4190 	4192 	3977
f 4276 	4282 	3913
f 4276 	3913 	3912
f 3992 	4433 	3999
f 4219 	4218 	4227
f 4228 	4227 	4218
f 4283 	3920 	3913
f 4283 	3913 	4282
f 4227 	4220 	4219
f 4331 	4296 	4293
f 3920 	4283 	4328
f 4220 	4225 	4212
f 4279 	4328 	4283
f 4279 	4283 	4282
f 4279 	4282 	4276
f 4213 	4212 	4224
f 4225 	4224 	4212
f 4224 	4214 	4213
f 4279 	4131 	4290
f 4128 	4290 	4131
f 4270 	4285 	4089
f 4270 	4089 	4134
f 4296 	4284 	4293
f 3930 	4322 	4297
f 4298 	4284 	4296
f 3930 	4297 	4299
f 3930 	4299 	3932
f 3932 	4299 	4300
f 3932 	4300 	3934
f 4302 	3935 	4300
f 3934 	4300 	3935
f 4291 	4293 	4284
f 4304 	3938 	3935
f 4304 	3935 	4302
f 4306 	3940 	3938
f 4306 	3938 	4304
f 4224 	4223 	4214
f 4240 	4236 	4235
f 4308 	4284 	4305
f 4307 	3942 	3940
f 4307 	3940 	4306
f 4221 	4236 	4240
f 4237 	4222 	4221
f 4310 	3944 	3942
f 4310 	3942 	4307
f 3916 	4208 	4216
f 4310 	3997 	3944
f 4309 	4284 	4308
f 4311 	4284 	4309
f 4223 	4216 	4214
f 4208 	4214 	4216
f 4245 	4230 	4254
f 4303 	4284 	4301
f 3949 	4312 	4313
f 3949 	4313 	3951
f 4253 	3911 	4246
f 3951 	4313 	4314
f 3951 	4314 	3961
f 4003 	3999 	4440
f 4437 	4440 	3999
f 3961 	4314 	4315
f 3961 	4315 	3968
f 4439 	4003 	4440
f 3968 	4315 	4316
f 3968 	4316 	3970
f 4258 	4249 	4248
f 4444 	4009 	4003
f 4444 	4003 	4439
f 3970 	4316 	4317
f 3970 	4317 	3972
f 4250 	4249 	4258
f 3972 	4317 	4318
f 3972 	4318 	3975
f 4447 	4014 	4448
f 3975 	4318 	4319
f 3975 	4319 	3978
f 4014 	4009 	4448
f 4444 	4448 	4009
f 3978 	4319 	4320
f 3978 	4320 	3979
f 4230 	4251 	4254
f 3979 	4320 	4321
f 3979 	4321 	3981
f 3911 	4253 	3910
f 4252 	3910 	4253
f 3981 	4321 	4322
f 3981 	4322 	3982
f 4447 	4450 	4014
f 3916 	4238 	4208
f 3982 	4322 	3930
f 3985 	4328 	4323
f 3910 	4252 	3916
f 4238 	3916 	4252
f 4324 	3986 	3985
f 4324 	3985 	4323
f 4069 	4465 	4066
f 4230 	4245 	4232
f 4244 	4232 	4245
f 4312 	3949 	3986
f 4312 	3986 	4324
f 3936 	3925 	4050
f 4325 	4050 	3925
f 4072 	4465 	4069
f 4243 	4233 	4232
f 4243 	4232 	4244
f 4326 	3997 	4310
f 4074 	4465 	4072
f 4066 	4465 	4064
f 4233 	4243 	4234
f 4242 	4234 	4243
f 3997 	4326 	4273
f 3997 	4273 	3894
f 4241 	4235 	4234
f 4241 	4234 	4242
f 3920 	4328 	4001
f 4325 	4329 	4327
f 4235 	4241 	4240
f 4328 	3985 	4001
f 4284 	4465 	3983
f 4239 	4221 	4240
f 4330 	4329 	4325
f 4221 	4239 	4237
f 4088 	4284 	3858
f 4331 	4330 	4325
f 4207 	4205 	4222
f 4222 	4237 	4207
f 4333 	4331 	4325
f 4099 	3977 	4095
f 4095 	3977 	4091
f 4335 	4333 	4325
f 4334 	4299 	4332
f 4341 	4344 	4307
f 4306 	4304 	4339
f 4340 	4338 	4325
f 4337 	4325 	4338
f 4345 	4310 	4344
f 4342 	4343 	4325
f 4343 	4340 	4325
f 4310 	4345 	4285
f 4347 	4325 	4346
f 4349 	3900 	4325
f 4381 	4325 	3900
f 4189 	3977 	4187
f 4190 	3977 	4189
f 3857 	4381 	3856
f 4192 	4286 	3977
f 3860 	3856 	4381
f 3863 	3860 	4381
f 4353 	4354 	4313
f 3872 	3868 	4381
f 4095 	3907 	3908
f 3880 	3872 	4381
f 3893 	3880 	4381
f 4314 	4313 	4354
f 4355 	4314 	4354
f 3896 	3893 	4381
f 3898 	3896 	4381
f 4356 	4315 	4355
f 4313 	4312 	4353
f 4357 	4316 	4356
f 4358 	4317 	4357
f 4320 	4319 	4360
f 4359 	4318 	4358
f 4488 	4492 	4068
f 4363 	4322 	4362
f 4073 	4496 	4076
f 3926 	4068 	3928
f 4079 	4076 	4499
f 4497 	4499 	4076
f 3929 	3928 	4068
f 4332 	4297 	4363
f 3933 	3931 	4068
f 3931 	3929 	4068
f 4156 	4012 	4068
f 3945 	4156 	3943
f 3943 	4156 	3947
f 3950 	3947 	4156
f 4284 	4091 	3977
f 4352 	4353 	4312
f 4312 	4324 	4352
f 4350 	4352 	4324
f 4324 	4323 	4350
f 4348 	4350 	4323
f 3953 	3950 	4156
f 3969 	3953 	4156
f 3973 	3969 	4156
f 4328 	4279 	4323
f 4290 	4348 	4323
f 3971 	3918 	3974
f 4290 	4323 	4279
f 3976 	3973 	4156
f 3980 	3976 	4156
f 3987 	3980 	4156
f 4322 	4363 	4297
f 4297 	4332 	4299
f 4336 	4300 	4334
f 4310 	4307 	4344
f 4299 	4334 	4300
f 4156 	4381 	3987
f 3988 	3987 	4381
f 3998 	3990 	4381
f 4153 	4364 	4365
f 4365 	4366 	4153
f 4002 	3998 	4381
f 3991 	3967 	4364
f 4318 	4359 	4319
f 4317 	4358 	4318
f 4316 	4357 	4317
f 4315 	4356 	4316
f 4314 	4355 	4315
f 4359 	4360 	4319
f 4320 	4360 	4361
f 4362 	4321 	4361
f 4322 	4321 	4362
f 4320 	4361 	4321
f 4366 	4367 	4153
f 3868 	3863 	4381
f 4351 	4381 	3857
f 4005 	4381 	4351
f 4004 	4002 	4381
f 4365 	3967 	3966
f 4365 	3966 	4366
f 3933 	4068 	3937
f 4307 	4306 	4341
f 4339 	4341 	4306
f 4336 	4339 	4304
f 4304 	4302 	4336
f 4300 	4336 	4302
f 4365 	4364 	3967
f 4015 	4012 	4156
f 3939 	4068 	4012
f 3937 	4068 	3939
f 4367 	4370 	4153
f 4285 	4270 	4310
f 4326 	4310 	4270
f 4273 	4326 	4270
f 4366 	3966 	4367
f 4015 	4156 	4022
f 4022 	4156 	4028
f 4332 	4394 	4368
f 3964 	4367 	3966
f 4367 	4369 	4370
f 4376 	4153 	4370
f 4369 	4367 	3964
f 4332 	4368 	4371
f 4332 	4371 	4334
f 3963 	4370 	4369
f 3963 	4369 	3964
f 4028 	4156 	4026
f 4026 	4156 	3945
f 4334 	4371 	4372
f 4334 	4372 	4336
f 4370 	4373 	4376
f 4377 	4153 	4376
f 4374 	4339 	4336
f 4374 	4336 	4372
f 3990 	3988 	4381
f 4005 	4004 	4381
f 3963 	3962 	4373
f 3963 	4373 	4370
f 4375 	4341 	4339
f 4375 	4339 	4374
f 4153 	4377 	4152
f 3959 	4152 	4377
f 4378 	4344 	4341
f 4378 	4341 	4375
f 4379 	4345 	4344
f 4379 	4344 	4378
f 4376 	3962 	3960
f 4376 	3960 	4377
f 3926 	3914 	4068
f 3914 	3915 	4068
f 3915 	3908 	4068
f 3908 	3907 	4068
f 3907 	3906 	4068
f 4325 	4068 	3906
f 3904 	4325 	3906
f 3904 	4346 	4325
f 4345 	4379 	4089
f 4376 	4373 	3962
f 4348 	4128 	4380
f 4347 	4342 	4325
f 4325 	4337 	4335
f 4327 	4349 	4325
f 3900 	3898 	4381
f 4046 	4152 	3959
f 4348 	4380 	4382
f 4348 	4382 	4350
f 3960 	3959 	4377
f 4055 	3861 	4053
f 4350 	4382 	4383
f 4350 	4383 	4352
f 4021 	4450 	3958
f 4352 	4383 	4384
f 4352 	4384 	4353
f 4353 	4384 	4385
f 4353 	4385 	4354
f 4065 	4062 	3936
f 4354 	4385 	4386
f 4354 	4386 	4355
f 4355 	4386 	4387
f 4355 	4387 	4356
f 4067 	4065 	3936
f 4356 	4387 	4388
f 4356 	4388 	4357
f 4028 	4295 	4292
f 4051 	4037 	3955
f 4357 	4388 	4389
f 4357 	4389 	4358
f 4358 	4389 	4390
f 4358 	4390 	4359
f 4265 	4161 	4263
f 4078 	4075 	3861
f 4359 	4390 	4391
f 4359 	4391 	4360
f 4080 	4078 	3861
f 4266 	4161 	4265
f 4360 	4391 	4392
f 4360 	4392 	4361
f 4060 	4054 	3927
f 4084 	4083 	3861
f 4083 	4080 	3861
f 4087 	4084 	3861
f 4267 	4268 	4161
f 4361 	4392 	4393
f 4361 	4393 	4362
f 4070 	4067 	3936
f 4268 	4269 	4161
f 4362 	4393 	4394
f 4362 	4394 	4363
f 4092 	4070 	3936
f 4269 	4271 	4161
f 4363 	4394 	4332
f 3984 	3936 	3861
f 4094 	4092 	3936
f 4151 	4089 	4379
f 4285 	4345 	4089
f 4275 	4465 	4274
f 4274 	4465 	4271
f 4106 	4107 	3936
f 4107 	4101 	3936
f 4097 	3936 	4101
f 3936 	4395 	4410
f 4196 	4380 	4128
f 4290 	4128 	4348
f 4128 	4127 	4196
f 4465 	4161 	4271
f 4277 	4465 	4275
f 3876 	4035 	3865
f 4020 	3865 	4035
f 4396 	4409 	4395
f 4019 	3866 	3865
f 4019 	3865 	4020
f 3984 	4395 	3936
f 4018 	3867 	3866
f 4018 	3866 	4019
f 4399 	4409 	4398
f 4398 	4409 	4397
f 4331 	4333 	4296
f 4280 	4465 	4278
f 4396 	3984 	3996
f 4396 	3996 	4397
f 4016 	3864 	4408
f 3888 	4025 	3869
f 4396 	4395 	3984
f 4025 	4024 	3870
f 4025 	3870 	3869
f 4024 	4023 	3871
f 4024 	3871 	3870
f 4153 	4409 	4399
f 4021 	4014 	4450
f 3877 	3871 	4023
f 3996 	3994 	4398
f 3996 	4398 	4397
f 3883 	4029 	4043
f 3883 	4043 	3884
f 4399 	4400 	4153
f 4398 	3993 	4399
f 4043 	4042 	3885
f 4043 	3885 	3884
f 3911 	4261 	4246
f 3994 	3993 	4398
f 4042 	4041 	3886
f 4042 	3886 	3885
f 4041 	4040 	3887
f 4041 	3887 	3886
f 4400 	4401 	4153
f 4401 	4364 	4153
f 4400 	4399 	3993
f 4040 	4039 	3873
f 4040 	3873 	3887
f 4246 	4261 	4247
f 4260 	4247 	4261
f 3991 	4401 	4400
f 3991 	4400 	3993
f 4039 	4038 	3874
f 4039 	3874 	3873
f 4259 	4248 	4247
f 4259 	4247 	4260
f 4036 	3875 	3874
f 4036 	3874 	4038
f 3991 	4364 	4401
f 4035 	3876 	3875
f 4035 	3875 	4036
f 4402 	4403 	4008
f 4402 	4008 	4007
f 4007 	3936 	4016
f 4023 	4034 	3877
f 4007 	4422 	4402
f 4034 	4033 	3878
f 4034 	3878 	3877
f 4033 	4032 	3879
f 4033 	3879 	3878
f 4403 	4404 	4008
f 4032 	4031 	3881
f 4032 	3881 	3879
f 4031 	4030 	3882
f 4031 	3882 	3881
f 4405 	4406 	4011
f 4405 	4011 	4010
f 4030 	4029 	3883
f 4030 	3883 	3882
f 3938 	3940 	4038
f 3867 	4018 	4407
f 4408 	4407 	4018
f 4409 	3864 	4016
f 4409 	4016 	4410
f 4408 	3864 	4407
f 4411 	3892 	4044
f 4411 	4044 	4412
f 4416 	4421 	4414
f 4016 	3897 	4413
f 3912 	3892 	4414
f 4411 	3925 	3892
f 4280 	4281 	4465
f 4281 	3995 	4465
f 4000 	4465 	3995
f 4465 	4000 	4006
f 4017 	4465 	4013
f 4006 	4013 	4465
f 4064 	4465 	4017
f 4421 	4422 	4413
f 4413 	4414 	4421
f 4415 	4416 	4414
f 4414 	3892 	4415
f 4161 	3977 	4286
f 4292 	4161 	4289
f 4289 	4161 	4286
f 4120 	4187 	3977
f 4071 	4496 	4073
f 4295 	4161 	4292
f 3897 	4264 	4413
f 4417 	4276 	4414
f 4418 	4417 	4414
f 4418 	4414 	4413
f 4419 	4420 	4416
f 4419 	4416 	4415
f 4256 	4262 	4161
f 4257 	4256 	4161
f 4262 	4263 	4161
f 4266 	4267 	4161
f 4415 	3892 	4011
f 4406 	4419 	4415
f 4406 	4415 	4011
f 4410 	4395 	4409
f 4422 	4007 	4016
f 4016 	4413 	4422
f 4409 	4153 	3864
f 4423 	4424 	4422
f 4423 	4422 	4421
f 4010 	4008 	4425
f 3877 	3878 	4386
f 4387 	4386 	3878
f 3859 	3858 	4284
f 4422 	4424 	4402
f 4404 	4421 	4425
f 4416 	4425 	4421
f 4141 	4140 	3864
f 4138 	3864 	4140
f 4421 	4404 	4423
f 4403 	4423 	4404
f 4044 	4174 	4046
f 4403 	4402 	4423
f 4424 	4423 	4402
f 4141 	3864 	4143
f 4010 	4425 	4405
f 3946 	3923 	3948
f 3864 	4153 	4145
f 4425 	4416 	4420
f 4425 	4420 	4405
f 4419 	4406 	4420
f 4405 	4420 	4406
f 4147 	4145 	4153
f 4379 	3865 	4151
f 4248 	4259 	4258
f 4158 	4155 	4153
f 4255 	4250 	4258
f 4158 	4153 	4160
f 4250 	4255 	4251
f 4254 	4251 	4255
f 4167 	4046 	4171
f 4171 	4046 	4172
f 4284 	3977 	4426
f 4172 	4046 	4174
f 4178 	4176 	4044
f 4180 	4178 	4044
f 4182 	4180 	4044
f 4195 	4184 	4048
f 4162 	4160 	4153
f 4166 	4046 	4167
f 4164 	4046 	4166
f 4162 	4046 	4164
f 4153 	4046 	4162
f 4155 	4148 	4153
f 4045 	4048 	4184
f 4184 	4182 	4045
f 4044 	4045 	4182
f 4176 	4174 	4044
f 4498 	4430 	4079
f 4434 	4412 	4433
f 4430 	4412 	4434
f 4148 	4147 	4153
f 4145 	4143 	3864
f 4135 	4407 	4138
f 3866 	3867 	4136
f 4138 	4407 	3864
f 4151 	3866 	4136
f 4135 	4136 	3867
f 4433 	3992 	4434
f 3992 	3989 	4434
f 4430 	4434 	3989
f 4371 	3873 	4372
f 3886 	3887 	4368
f 4433 	4412 	4437
f 4374 	3874 	4375
f 4372 	3873 	4374
f 4453 	4454 	3909
f 4435 	4436 	3909
f 4375 	3875 	4378
f 4437 	3999 	4433
f 4437 	4412 	4440
f 4440 	4412 	4439
f 4441 	3905 	4438
f 4442 	3905 	4441
f 4382 	4380 	3869
f 4103 	4105 	3914
f 3870 	3871 	4383
f 4380 	4196 	4052
f 4384 	4383 	3871
f 4439 	4412 	4444
f 4046 	4447 	4412
f 4385 	4384 	3877
f 4105 	4099 	3915
f 4443 	3905 	4442
f 4389 	4388 	3881
f 4447 	4046 	4450
f 4448 	4412 	4447
f 4394 	4393 	3885
f 4393 	4392 	3884
f 4109 	4106 	4050
f 3936 	4050 	4106
f 4446 	3905 	4445
f 4427 	3905 	4446
f 4448 	4444 	4412
f 4451 	3909 	4449
f 4050 	4130 	4124
f 4452 	3909 	4451
f 3928 	4117 	4113
f 4436 	4449 	3909
f 4383 	4382 	3870
f 3869 	3870 	4382
f 4052 	3869 	4380
f 4049 	4052 	4196
f 4048 	4049 	4195
f 4196 	4195 	4049
f 4453 	3909 	4452
f 4391 	4390 	3883
f 3879 	3881 	4388
f 4388 	4387 	3879
f 4386 	4385 	3877
f 3871 	3877 	4384
f 4120 	4117 	3929
f 3866 	4151 	3865
f 4378 	3876 	4379
f 4454 	4455 	3909
f 4455 	4456 	3909
f 4187 	4120 	3929
f 3875 	4375 	3874
f 3876 	4378 	3875
f 4278 	4465 	4277
f 4456 	4457 	3909
f 4142 	4139 	4050
f 4137 	4050 	4139
f 4458 	4426 	4457
f 4146 	4144 	4050
f 4144 	4142 	4050
f 4295 	4294 	4161
f 4294 	4257 	4161
f 4149 	4050 	4150
f 4149 	4146 	4050
f 4047 	4168 	4050
f 4284 	4088 	4091
f 4103 	3977 	4105
f 4105 	3977 	4099
f 4113 	3977 	4103
f 4120 	3977 	4117
f 4117 	3977 	4113
f 3939 	4192 	4190
f 4157 	4154 	3861
f 4159 	4157 	3861
f 4165 	4163 	3861
f 4075 	4165 	3861
f 4468 	4426 	4467
f 4074 	4077 	4465
f 4077 	3983 	4465
f 3983 	4287 	4284
f 4287 	4288 	4284
f 4291 	4284 	4288
f 4298 	4301 	4284
f 4303 	4305 	4284
f 4284 	4311 	3859
f 3947 	4262 	3943
f 4168 	4047 	4170
f 4170 	4047 	4169
f 4472 	4426 	4471
f 4471 	4426 	4470
f 4156 	4465 	4381
f 4175 	4047 	4177
f 4173 	4047 	4175
f 4381 	4465 	4284
f 4475 	3905 	4474
f 4179 	4177 	4047
f 4181 	4179 	4047
f 4185 	4183 	4047
f 4183 	4181 	4047
f 4476 	3905 	4475
f 4186 	4185 	4047
f 4188 	4186 	4047
f 4267 	3976 	4268
f 4477 	3905 	4476
f 4193 	4191 	4047
f 4191 	4188 	4047
f 4473 	4157 	4474
f 4193 	4047 	4194
f 4479 	4426 	4478
f 3976 	3980 	4268
f 4047 	3861 	4200
f 4198 	4047 	4199
f 4157 	4475 	4474
f 3954 	3927 	4054
f 4199 	4047 	4200
f 4154 	4200 	3861
f 4197 	4047 	4198
f 4197 	4194 	4047
f 4163 	4159 	3861
f 4482 	4500 	4481
f 4169 	4047 	4173
f 4150 	4050 	4168
f 4483 	4500 	4482
f 4275 	4274 	3990
f 3988 	3990 	4274
f 4274 	4271 	3988
f 4137 	4133 	4050
f 4133 	4132 	4050
f 4132 	4129 	4050
f 4130 	4050 	4129
f 4124 	4122 	4050
f 4122 	4119 	4050
f 4119 	4115 	4050
f 4115 	4111 	4050
f 4111 	4109 	4050
f 4097 	4094 	3936
f 3925 	4488 	4068
f 4325 	3925 	4068
f 4486 	4500 	4485
f 3998 	4277 	3990
f 4062 	4058 	3936
f 4053 	3861 	4058
f 3861 	3936 	4058
f 4055 	4087 	3861
f 4487 	4500 	4486
f 4488 	3925 	4411
f 4161 	4465 	4156
f 4489 	4500 	4487
f 4490 	4500 	4489
f 4411 	4412 	4488
f 4492 	4488 	4412
f 4491 	4071 	4492
f 4494 	4500 	4493
f 4490 	4493 	4500
f 4071 	4068 	4492
f 4381 	4284 	4325
f 4491 	4492 	4412
f 3862 	4500 	4495
f 4491 	4496 	4071
f 4286 	4192 	4012
f 4496 	4491 	4412
f 4494 	4495 	4500
f 3899 	4500 	3862
f 4497 	4076 	4496
f 4015 	4286 	4012
f 3902 	4500 	3901
f 4497 	4496 	4412
f 4499 	4412 	4498
f 4430 	4498 	4412
f 4295 	4028 	4026
f 4499 	4498 	4079
f 4474 	3905 	4473
f 4473 	3905 	3903
f 3902 	3903 	4500
f 3989 	4079 	4430
f 3901 	4500 	3899
f 4438 	3905 	4477
f 4472 	4478 	4426
f 4480 	4500 	4479
f 4481 	4500 	4480
f 4485 	4500 	4484
f 4483 	4484 	4500
f 4426 	4479 	4500
f 4459 	4426 	4458
f 4460 	4426 	4459
f 4461 	4426 	4460
f 4462 	4426 	4461
f 4464 	4426 	4463
f 4463 	4426 	4462
f 4466 	4467 	4426
f 4469 	4426 	4468
f 4470 	4426 	4469
f 4466 	4426 	4464
f 3909 	4457 	4426
f 4288 	4287 	4327
f 3921 	3952 	3948
f 4500 	3903 	3905
f 4443 	4445 	3905
f 4429 	3905 	4428
f 4427 	4428 	3905
f 4431 	3909 	4429
f 4432 	4435 	3909
f 4431 	4432 	3909
f 3905 	4429 	3909
f 4500 	3905 	4047
f 3861 	4047 	3905
f 4426 	4050 	4325
f 4426 	4325 	4284
f 4047 	4426 	4500
f 3899 	4198 	3901
f 3977 	3974 	3917
f 4426 	4047 	4050
f 3909 	4426 	3977
f 4335 	4301 	4298
f 4074 	3893 	3896
f 4335 	4337 	4301
f 4303 	4301 	4337
f 4077 	4074 	3898
f 4337 	4338 	4303
f 4027 	4021 	3958
f 4091 	4088 	3906
f 4342 	4311 	4309
f 4027 	3957 	4037
f 3907 	4091 	3906
f 3957 	3956 	4037
f 4347 	3859 	4311
f 4347 	4311 	4342
f 3954 	4054 	3955
f 3955 	4054 	4051
f 4347 	4346 	3859
f 3926 	4113 	3914
f 3926 	3928 	4113
f 3941 	3927 	3924
f 3900 	4349 	3983
f 4287 	3983 	4349
f 3941 	3924 	3946
f 3923 	3946 	3924
f 3922 	3948 	3923
f 4187 	3929 	3931
f 4187 	3931 	3933
f 4351 	3857 	3995
f 4000 	3995 	3857
f 3922 	3921 	3948
f 4190 	4189 	3937
f 3952 	3921 	3965
f 3857 	4006 	4000
f 3919 	3965 	3921
f 3939 	4190 	3937
f 3919 	3918 	3965
f 3971 	3965 	3918
f 3917 	3974 	3918
f 4256 	3945 	3943
f 3909 	3977 	3917
f 4263 	3947 	3950
f 3953 	4265 	3950
f 4263 	3950 	4265
f 3868 	4064 	4017
f 4265 	3953 	4266
f 3969 	4266 	3953
f 3959 	4450 	4046
f 4064 	3868 	4066
f 4266 	3969 	4267
f 3973 	4267 	3969
f 3959 	3958 	4450
f 4267 	3973 	3976
f 3893 	4072 	4069
f 4269 	4268 	3980
f 4072 	3893 	4074
f 3957 	4027 	3958
f 4115 	4119 	4458
f 3980 	3987 	4269
f 3983 	4077 	3900
f 4460 	4459 	4122
f 3956 	3955 	4037
f 4281 	4280 	4005
f 4004 	4005 	4280
f 3927 	3941 	4060
f 4280 	4278 	4004
f 4124 	4130 	4461
f 4005 	4351 	4281
f 3908 	4099 	4095
f 4461 	4130 	4462
f 4463 	4129 	4464
f 4130 	4129 	4462
f 3915 	3914 	4105
f 4466 	4464 	4133
f 4292 	4289 	4022
f 4137 	4467 	4466
f 3908 	3915 	4099
f 4137 	4139 	4467
f 4142 	4469 	4139
f 3914 	4113 	4103
f 4028 	4292 	4022
f 3928 	3929 	4117
f 4329 	4291 	4327
f 4291 	4329 	4293
f 4330 	4293 	4329
f 3933 	4189 	4187
f 4330 	4331 	4293
f 3933 	3937 	4189
f 4298 	4296 	4333
f 4298 	4333 	4335
f 4256 	4257 	3945
f 4256 	3943 	4262
f 4305 	4303 	4338
f 4263 	4262 	3947
f 4340 	4308 	4338
f 4305 	4338 	4308
f 4342 	4309 	4343
f 4183 	4487 	4486
f 4340 	4343 	4308
f 4309 	4308 	4343
f 4487 	4183 	4489
f 4185 	4489 	4183
f 4185 	4186 	4489
f 4480 	4170 	4169
f 3858 	3859 	4346
f 4480 	4479 	4170
f 4346 	3904 	4088
f 3858 	4346 	4088
f 3987 	4271 	4269
f 4198 	4199 	3901
f 3987 	3988 	4271
f 4275 	3990 	4277
f 4062 	4431 	4429
f 4278 	4277 	4002
f 3998 	4002 	4277
f 4006 	3857 	3856
f 4062 	4065 	4431
f 4002 	4004 	4278
f 4006 	3856 	4013
f 3860 	4013 	3856
f 4351 	3995 	4281
f 4013 	3860 	4017
f 3863 	4017 	3860
f 3939 	4012 	4192
f 4017 	3863 	3868
f 4289 	4286 	4015
f 4066 	3868 	3872
f 4015 	4022 	4289
f 4069 	4066 	3880
f 3872 	3880 	4066
f 4294 	4295 	4026
f 4069 	3880 	3893
f 4197 	3899 	4194
f 4197 	4198 	3899
f 4077 	3898 	3900
f 4026 	3945 	4294
f 4257 	4294 	3945
f 3896 	3898 	4074
f 3902 	3901 	4199
f 4349 	4327 	4287
f 3904 	3906 	4088
f 4327 	4291 	4288
f 3907 	4095 	4091
f 4468 	4139 	4469
f 4142 	4144 	4469
f 4146 	4471 	4470
f 4075 	4438 	4165
f 4472 	4471 	4146
f 4168 	4479 	4478
f 4168 	4170 	4479
f 4119 	4122 	4459
f 4461 	4460 	4124
f 4122 	4124 	4460
f 4193 	4194 	4495
f 4463 	4462 	4129
f 4193 	4495 	4494
f 4132 	4464 	4129
f 4132 	4133 	4464
f 4466 	4133 	4137
f 4468 	4467 	4139
f 4470 	4469 	4144
f 4470 	4144 	4146
f 4472 	4146 	4149
f 4478 	4472 	4150
f 4149 	4150 	4472
f 4200 	4154 	3903
f 4473 	4154 	4157
f 4475 	4157 	4159
f 4475 	4159 	4476
f 4163 	4476 	4159
f 4165 	4477 	4163
f 4476 	4163 	4477
f 4478 	4150 	4168
f 4481 	4480 	4169
f 4481 	4169 	4482
f 4173 	4482 	4169
f 4175 	4483 	4173
f 4482 	4173 	4483
f 4483 	4175 	4484
f 4177 	4484 	4175
f 4177 	4179 	4484
f 4485 	4484 	4179
f 4181 	4486 	4179
f 4485 	4179 	4486
f 4486 	4181 	4183
f 4490 	4489 	4186
f 4186 	4188 	4490
f 4493 	4490 	4188
f 4494 	4493 	4191
f 4188 	4191 	4493
f 3862 	4495 	4194
f 4191 	4193 	4494
f 4194 	3899 	3862
f 3903 	3902 	4200
f 4199 	4200 	3902
f 4473 	3903 	4154
f 4428 	4427 	4053
f 4055 	4053 	4427
f 4429 	4428 	4058
f 4053 	4058 	4428
f 4429 	4058 	4062
f 4432 	4431 	4065
f 4067 	4435 	4065
f 4432 	4065 	4435
f 4067 	4070 	4435
f 4436 	4435 	4070
f 4092 	4449 	4070
f 4477 	4165 	4438
f 4078 	4441 	4075
f 4438 	4075 	4441
f 4080 	4442 	4078
f 4441 	4078 	4442
f 4083 	4443 	4080
f 4442 	4080 	4443
f 4443 	4083 	4445
f 4084 	4445 	4083
f 4087 	4055 	4446
f 4427 	4446 	4055
f 4084 	4087 	4445
f 4446 	4445 	4087
f 4436 	4070 	4449
f 4092 	4094 	4449
f 4451 	4449 	4094
f 4097 	4452 	4094
f 4451 	4094 	4452
f 4097 	4101 	4452
f 4453 	4452 	4101
f 4107 	4106 	4454
f 4455 	4454 	4106
f 4101 	4107 	4453
f 4454 	4453 	4107
f 4456 	4455 	4109
f 4106 	4109 	4455
f 4109 	4111 	4456
f 4457 	4456 	4111
f 4458 	4111 	4115
f 4457 	4111 	4458
f 4459 	4458 	4119
# 1294 faces

 #end of obj_3

o obj_4
v 159.113 		39.053 		20.242
v 157.016 		30.824 		25.25
v 157.016 		30.824 		18.345
v 159.113 		19.023 		24.2412
v 172.033 		52.937 		4.5
v 154.613 		37.888 		25.326
v 154.613 		37.43 		25.356
v 172.166 		52.91 		4.5
v 154.613 		38.2714 		25.25
v 171.501 		50.949 		0
v 171.379 		51.009 		0
v 172.295 		52.867 		4.5
v 159.113 		39.053 		23.509
v 159.113 		39.252 		23.281
v 171.266 		23.767 		0
v 172.721 		22.312 		0
v 172.632 		22.209 		0
v 172.53 		22.12 		0
v 172.417 		22.045 		0
v 172.295 		21.985 		0
v 172.167 		21.941 		0
v 172.034 		21.914 		0
v 171.898 		21.906 		0
v 171.763 		21.914 		0
v 171.63 		21.941 		0
v 171.501 		21.985 		0
v 171.379 		22.045 		0
v 154.613 		36.973 		25.326
v 154.613 		36.5887 		25.25
v 159.113 		39.42 		23.03
v 171.266 		51.085 		0
v 172.034 		23.972 		0
v 171.898 		23.981 		0
v 171.379 		52.807 		4.5
v 159.113 		39.553 		22.759
v 171.501 		52.867 		4.5
v 172.167 		23.946 		0
v 172.295 		23.902 		0
v 171.629 		52.91 		4.5
v 159.113 		39.651 		22.473
v 171.762 		52.937 		4.5
v 159.113 		39.71 		22.177
v 171.898 		52.946 		4.5
v 171.164 		51.174 		0
v 154.613 		19.023 		24.2412
v 171.075 		51.276 		0
v 172.417 		52.807 		4.5
v 171.379 		23.842 		0
v 170.999 		51.389 		0
v 171.501 		23.902 		0
v 172.53 		52.731 		4.5
v 159.113 		39.729 		21.875
v 154.613 		19.272 		25.494
v 172.632 		52.642 		4.5
v 170.939 		51.511 		0
v 159.113 		39.71 		21.574
v 172.721 		52.54 		4.5
v 159.113 		39.651 		21.277
v 170.895 		51.639 		0
v 159.113 		39.553 		20.991
v 172.797 		52.427 		4.5
v 159.113 		39.42 		20.72
v 154.613 		30.824 		25.25
v 171.63 		23.946 		0
v 154.613 		30.824 		18.345
v 171.763 		23.972 		0
v 159.113 		19.272 		25.494
v 172.417 		23.842 		0
v 159.113 		47.7175 		32.809
v 154.613 		47.7175 		32.809
v 159.113 		48.925 		32.569
v 172.53 		23.767 		0
v 172.632 		23.677 		0
v 181.905 		52.427 		4.5
v 181.042 		53.411 		4.5
v 180.058 		54.274 		4.5
v 178.97 		55.001 		4.5
v 177.796 		55.579 		4.5
v 176.557 		56 		4.5
v 154.613 		48.925 		32.569
v 172.721 		23.575 		0
v 172.797 		23.462 		0
v 172.857 		23.34 		0
v 172.901 		23.212 		0
v 157.016 		39.252 		20.469
v 163.12 		56.25 		0
v 159.113 		56.25 		0.066
v 172.927 		23.079 		0
v 163.12 		56.273 		0
v 172.936 		22.943 		0
v 157.016 		39.053 		20.242
v 170.869 		51.773 		0
v 172.927 		22.808 		0
v 172.901 		22.675 		0
v 170.86 		51.908 		0
v 172.857 		22.546 		0
v 170.869 		52.043 		0
v 172.797 		22.424 		0
v 152.071 		19.7 		25.054
v 152.071 		19.899 		23.567
v 154.413 		19.7 		25.053
v 172.9 		51.639 		0
v 170.895 		52.177 		0
v 172.857 		51.511 		0
v 157.016 		39.053 		23.509
v 170.939 		52.305 		0
v 172.797 		51.389 		0
v 172.721 		51.276 		0
v 170.999 		52.427 		0
v 171.075 		52.54 		0
v 172.632 		51.174 		0
v 154.413 		19.899 		23.567
v 171.164 		52.642 		0
v 172.53 		51.085 		0
v 154.613 		19.693 		26.734
v 154.613 		20.271 		27.908
v 171.266 		52.731 		0
v 159.113 		20.271 		27.908
v 159.113 		19.693 		26.734
v 157.016 		39.252 		23.281
v 157.016 		39.42 		23.03
v 157.016 		39.553 		22.759
v 157.016 		39.651 		22.473
v 157.016 		39.71 		22.177
v 154.613 		27.5545 		32.809
v 159.113 		27.5545 		32.809
v 157.016 		39.729 		21.875
v 172.927 		52.043 		0
v 176.557 		19.272 		0
v 172.936 		51.908 		0
v 178.97 		20.271 		0
v 177.796 		19.693 		0
v 152 		19.938 		19.364
v 152 		19.818 		17.869
v 154.413 		19.818 		17.869
v 154.413 		19.938 		19.364
v 172.927 		51.773 		0
v 172.033 		52.937 		0
v 171.898 		52.946 		0
v 157.016 		39.71 		21.574
v 172.166 		52.91 		0
v 157.016 		38.574 		19.875
v 172.295 		52.867 		0
v 157.016 		39.651 		21.277
v 171.379 		52.807 		0
v 157.016 		38.303 		19.741
v 171.501 		52.867 		0
v 157.016 		39.553 		20.991
v 171.629 		52.91 		0
v 157.016 		38.017 		19.644
v 171.762 		52.937 		0
v 157.016 		39.42 		20.72
v 157.016 		37.721 		19.585
v 172.417 		52.807 		0
v 172.53 		52.731 		0
v 157.016 		37.419 		19.565
v 172.632 		52.642 		0
v 172.721 		52.54 		0
v 157.016 		37.118 		19.585
v 172.797 		52.427 		0
v 159.113 		39.252 		20.469
v 172.857 		52.305 		0
v 172.9 		52.177 		0
v 157.016 		36.822 		19.644
v 182.632 		23.934 		0
v 181.905 		22.845 		0
v 181.042 		21.861 		0
v 180.058 		20.998 		0
v 157.016 		36.535 		19.741
v 154.413 		55.109 		25.053
v 154.413 		54.91 		23.567
v 152.071 		54.91 		23.567
v 170.86 		22.943 		0
v 154.613 		50.165 		32.148
v 154.613 		51.339 		31.57
v 154.613 		52.427 		30.843
v 154.613 		53.411 		29.98
v 154.613 		54.274 		28.996
v 154.613 		55.001 		27.908
v 157.016 		36.264 		19.875
v 159.113 		19.023 		4.5
v 171.266 		22.12 		4.5
v 171.164 		22.209 		4.5
v 159.113 		55.001 		27.908
v 171.075 		22.312 		4.5
v 159.113 		54.274 		28.996
v 159.113 		53.411 		29.98
v 159.113 		52.427 		30.843
v 159.113 		51.339 		31.57
v 157.016 		36.013 		20.043
v 159.113 		50.165 		32.148
v 154.613 		43.984 		25.25
v 170.999 		22.424 		4.5
v 154.613 		43.984 		18.345
v 157.016 		35.786 		20.242
v 170.939 		22.546 		4.5
v 170.896 		22.675 		4.5
v 170.869 		22.808 		4.5
v 157.016 		35.587 		20.469
v 170.86 		22.943 		4.5
v 179.865 		25.223 		0
v 170.869 		23.079 		4.5
v 170.896 		23.212 		4.5
v 170.939 		23.34 		4.5
v 183.863 		27.5092 		0
v 183.632 		26.347 		0
v 183.211 		25.107 		0
v 170.999 		23.462 		4.5
v 165.36 		25.223 		0
v 171.075 		23.575 		4.5
v 157.016 		38.826 		20.043
v 171.164 		23.677 		4.5
v 171.266 		23.767 		4.5
v 179.865 		25.223 		4.5
v 172.721 		22.312 		4.5
v 154.413 		48.778 		25.9
v 152.071 		48.778 		25.9
v 172.632 		22.209 		4.5
v 157.016 		35.419 		20.72
v 172.53 		22.12 		4.5
v 183.211 		25.107 		4.5
v 183.632 		26.347 		4.5
v 183.863 		27.5092 		4.5
v 152.071 		55.109 		25.054
v 172.417 		22.045 		4.5
v 165.36 		25.223 		4.5
v 157.016 		35.285 		20.991
v 172.295 		21.985 		4.5
v 172.167 		21.941 		4.5
v 157.016 		35.188 		21.277
v 172.034 		21.914 		4.5
v 171.898 		21.906 		4.5
v 179.865 		49.728 		0
v 171.763 		21.914 		4.5
v 171.63 		21.941 		4.5
v 183.211 		50.165 		0
v 183.632 		48.925 		0
v 157.016 		35.129 		21.574
v 183.863 		47.7628 		0
v 171.501 		21.985 		4.5
v 171.379 		22.045 		4.5
v 157.016 		43.984 		25.25
v 165.36 		49.728 		0
v 171.898 		23.981 		4.5
v 172.034 		23.972 		4.5
v 157.016 		35.109 		21.875
v 172.167 		23.946 		4.5
v 172.295 		23.902 		4.5
v 170.86 		49.728 		4.5
v 179.865 		49.728 		4.5
v 157.016 		35.129 		22.177
v 183.863 		47.7628 		4.5
v 183.632 		48.925 		4.5
v 171.379 		23.842 		4.5
v 157.016 		43.984 		18.345
v 171.501 		23.902 		4.5
v 157.016 		35.188 		22.473
v 171.63 		23.946 		4.5
v 165.36 		49.728 		4.5
v 171.763 		23.972 		4.5
v 172.417 		23.842 		4.5
v 172.53 		23.767 		4.5
v 157.016 		37.419 		24.185
v 157.016 		37.721 		24.165
v 172.632 		23.677 		4.5
v 172.721 		23.575 		4.5
v 172.797 		23.462 		4.5
v 157.016 		38.017 		24.106
v 172.857 		23.34 		4.5
v 152.071 		48.579 		24.413
v 154.413 		48.579 		24.413
v 172.901 		23.212 		4.5
v 172.927 		23.079 		4.5
v 157.016 		38.303 		24.009
v 172.936 		22.943 		4.5
v 174.9996 		56.273 		4.5
v 172.927 		22.808 		4.5
v 163.12 		56.273 		4.5
v 172.901 		22.675 		4.5
v 157.016 		38.574 		23.876
v 172.857 		22.546 		4.5
v 159.113 		56.273 		23.9377
v 172.797 		22.424 		4.5
v 154.613 		56.273 		23.9377
v 152 		48.666 		18.863
v 152 		48.786 		17.368
v 154.413 		48.786 		17.368
v 154.413 		48.666 		18.863
v 157.016 		35.285 		22.759
v 154.613 		56 		25.494
v 154.613 		55.579 		26.734
v 172.417 		51.009 		0
v 157.016 		35.419 		23.03
v 176.557 		19.272 		4.5
v 177.796 		19.693 		4.5
v 178.97 		20.271 		4.5
v 172.295 		50.949 		0
v 172.166 		50.906 		0
v 172.033 		50.879 		0
v 157.016 		35.587 		23.281
v 171.898 		50.87 		0
v 154.613 		56.255 		24.211
v 171.762 		50.879 		0
v 157.016 		35.786 		23.509
v 172.417 		51.009 		4.5
v 171.629 		50.906 		0
v 180.058 		20.998 		4.5
v 172.295 		50.949 		4.5
v 181.042 		21.861 		4.5
v 181.905 		22.845 		4.5
v 182.632 		23.934 		4.5
v 163.12 		56.25 		4.5
v 159.113 		56.25 		4.5
v 172.166 		50.906 		4.5
v 157.016 		36.013 		23.708
v 172.033 		50.879 		4.5
v 171.898 		50.87 		4.5
v 175.273 		56.255 		4.5
v 171.762 		50.879 		4.5
v 171.629 		50.906 		4.5
v 171.501 		50.949 		4.5
v 171.379 		51.009 		4.5
v 157.016 		36.264 		23.876
v 171.266 		51.085 		4.5
v 159.113 		38.574 		19.875
v 159.113 		38.303 		19.741
v 171.164 		51.174 		4.5
v 159.113 		56 		25.494
v 159.113 		55.579 		26.734
v 171.075 		51.276 		4.5
v 159.113 		38.017 		19.644
v 157.016 		36.535 		24.009
v 170.999 		51.389 		4.5
v 159.113 		37.721 		19.585
v 170.939 		51.511 		4.5
v 159.113 		37.419 		19.565
v 157.016 		36.822 		24.106
v 159.113 		37.118 		19.585
v 170.895 		51.639 		4.5
v 159.113 		36.822 		19.644
v 159.113 		56.255 		24.211
v 170.869 		51.773 		4.5
v 159.113 		36.535 		19.741
v 157.016 		37.118 		24.165
v 170.86 		51.908 		4.5
v 159.113 		36.264 		19.875
v 170.869 		52.043 		4.5
v 159.113 		36.013 		20.043
v 159.113 		35.786 		20.242
v 182.632 		51.339 		0
v 159.113 		35.587 		20.469
v 170.895 		52.177 		4.5
v 159.113 		38.826 		20.043
v 170.939 		52.305 		4.5
v 157.016 		38.826 		23.708
v 159.113 		35.419 		20.72
v 172.927 		52.043 		4.5
v 159.113 		35.285 		20.991
v 159.113 		35.188 		21.277
v 172.936 		51.908 		4.5
v 159.113 		35.129 		21.574
v 172.927 		51.773 		4.5
v 159.113 		35.109 		21.875
v 172.9 		51.639 		4.5
v 159.113 		35.129 		22.177
v 152 		54.991 		17.869
v 152 		54.87 		19.364
v 154.413 		54.87 		19.364
v 154.413 		54.991 		17.869
v 159.113 		35.188 		22.473
v 172.857 		51.511 		4.5
v 174.9996 		56.273 		0
v 172.797 		51.389 		4.5
v 159.113 		56.273 		0.066
v 154.613 		56.273 		0.066
v 159.113 		35.285 		22.759
v 172.721 		51.276 		4.5
v 159.113 		35.419 		23.03
v 172.632 		51.174 		4.5
v 159.113 		35.587 		23.281
v 172.53 		51.085 		4.5
v 159.113 		35.786 		23.509
v 159.113 		36.013 		23.708
v 171.266 		22.12 		0
v 158.427 		19.023 		0.066
v 171.164 		22.209 		0
v 159.113 		36.264 		23.876
v 171.075 		22.312 		0
v 159.113 		36.535 		24.009
v 170.999 		52.427 		4.5
v 172.857 		52.305 		4.5
v 171.075 		52.54 		4.5
v 170.999 		22.424 		0
v 159.113 		37.419 		24.185
v 172.9 		52.177 		4.5
v 159.113 		37.721 		24.165
v 171.164 		52.642 		4.5
v 159.113 		38.017 		24.106
v 170.939 		22.546 		0
v 171.266 		52.731 		4.5
v 159.113 		38.303 		24.009
v 170.896 		22.675 		0
v 182.632 		51.339 		4.5
v 159.113 		38.574 		23.876
v 170.869 		22.808 		0
v 183.211 		50.165 		4.5
v 159.113 		36.822 		24.106
v 170.869 		23.079 		0
v 159.113 		37.118 		24.165
v 154.613 		19.023 		0.066
v 170.896 		23.212 		0
v 159.113 		38.826 		23.708
v 170.939 		23.34 		0
v 170.999 		23.462 		0
v 171.075 		23.575 		0
v 171.164 		23.677 		0
v 154.413 		26.023 		17.368
v 152 		26.023 		17.368
v 181.905 		52.427 		0
v 181.042 		53.411 		0
v 152 		26.143 		18.863
v 154.413 		26.143 		18.863
v 180.058 		54.274 		0
v 175.0148 		19 		0
v 175.0148 		19 		4.5
v 158.427 		19 		4.5
v 158.427 		19 		0
v 178.97 		55.001 		0
v 177.796 		55.579 		0
v 176.557 		56 		0
v 175.273 		19.017 		0
v 175.273 		56.255 		0
v 175.273 		19.017 		4.5
v 158.427 		19.023 		4.5
v 158.427 		56.25 		0
v 158.427 		56.25 		0.066
v 156.498 		37.888 		25.326
v 156.498 		37.43 		25.356
v 154.613 		26.347 		32.569
v 156.498 		38.2714 		25.25
v 156.498 		36.973 		25.326
v 156.498 		36.5887 		25.25
v 159.113 		26.347 		32.569
v 152.071 		26.031 		25.9
v 154.413 		26.031 		25.9
v 152.071 		26.23 		24.413
v 154.413 		26.23 		24.413
v 154.613 		20.998 		28.996
v 154.613 		21.861 		29.98
v 154.613 		22.845 		30.843
v 154.613 		23.934 		31.57
v 154.613 		25.107 		32.148
v 159.113 		25.107 		32.148
v 159.113 		23.934 		31.57
v 159.113 		22.845 		30.843
v 159.113 		21.861 		29.98
v 159.113 		20.998 		28.996
# 457 vertices

g group_4_6383466

usemtl color_6383466
s 0

f 4509 	4940 	4506
f 4512 	4776 	4508
f 4916 	4709 	4515
f 4518 	4517 	4924
f 4517 	4516 	4924
f 4519 	4518 	4924
f 4520 	4519 	4924
f 4522 	4521 	4924
f 4927 	4525 	4924
f 4524 	4924 	4525
f 4536 	4778 	4534
f 4535 	4569 	4530
f 4514 	4569 	4513
f 4539 	4778 	4536
f 4541 	4776 	4539
f 4829 	4684 	4540
f 4545 	4934 	4504
f 4512 	4547 	4776
f 4551 	4776 	4547
f 4515 	4709 	4548
f 4557 	4776 	4554
f 4550 	4548 	4709
f 4503 	4565 	4563
f 4503 	4563 	4502
f 4564 	4550 	4709
f 4557 	4561 	4776
f 4531 	4544 	4827
f 4564 	4709 	4566
f 4551 	4554 	4776
f 4543 	4776 	4541
f 4546 	4830 	4827
f 4546 	4827 	4544
f 4538 	4701 	4568
f 4578 	4857 	4577
f 4579 	4891 	4578
f 4580 	4570 	4571
f 4569 	4571 	4570
f 4571 	4691 	4580
f 4776 	4561 	4818
f 4559 	4839 	4555
f 4573 	4701 	4581
f 4559 	4592 	4839
f 4586 	4778 	4589
f 4553 	4504 	4567
f 4545 	4504 	4553
f 4591 	4585 	4755
f 4599 	4600 	4601
f 4632 	4629 	4594
f 4598 	4596 	4629
f 4594 	4593 	4632
f 4616 	4563 	4615
f 4545 	4553 	4563
f 4583 	4701 	4584
f 4701 	4583 	4582
f 4582 	4581 	4701
f 4573 	4572 	4701
f 4572 	4568 	4701
f 4701 	4538 	4537
f 4701 	4537 	4532
f 4709 	4701 	4533
f 4566 	4709 	4533
f 4532 	4533 	4701
f 4567 	4615 	4553
f 4600 	4612 	4601
f 4516 	4598 	4924
f 4931 	4924 	4598
f 4629 	4931 	4598
f 4593 	4590 	4632
f 4631 	4632 	4590
f 4590 	4701 	4631
f 4588 	4701 	4590
f 4584 	4701 	4588
f 4560 	4813 	4558
f 4514 	4530 	4569
f 4542 	4829 	4540
f 4618 	4615 	4619
f 4615 	4567 	4619
f 4552 	4782 	4542
f 4558 	4782 	4556
f 4562 	4813 	4560
f 4556 	4782 	4552
f 4630 	4637 	4862
f 4618 	4616 	4615
f 4602 	4864 	4637
f 4862 	4637 	4864
f 4871 	4864 	4604
f 4602 	4604 	4864
f 4620 	4605 	4742
f 4871 	4604 	4607
f 4615 	4563 	4553
f 4621 	4620 	4742
f 4623 	4622 	4742
f 4622 	4621 	4742
f 4626 	4569 	4625
f 4570 	4625 	4569
f 4600 	4946 	4612
f 4947 	4612 	4946
f 4616 	4948 	4563
f 4947 	4945 	4612
f 4599 	4944 	4600
f 4596 	4594 	4629
f 4633 	4634 	4635
f 4633 	4635 	4636
f 4939 	4626 	4625
f 4624 	4623 	4742
f 4563 	4625 	4529
f 4507 	4528 	4625
f 4528 	4529 	4625
f 4919 	4574 	4850
f 4644 	4640 	4755
f 4640 	4627 	4755
f 4510 	4821 	4820
f 4650 	4646 	4755
f 4821 	4510 	4511
f 4642 	4755 	4646
f 4625 	4563 	4939
f 4585 	4652 	4755
f 4648 	4644 	4755
f 4625 	4570 	4507
f 4506 	4507 	4570
f 4562 	4652 	4661
f 4591 	4501 	4585
f 4661 	4585 	4501
f 4674 	4692 	4580
f 4605 	4513 	4855
f 4835 	4833 	4555
f 4513 	4605 	4620
f 4513 	4620 	4514
f 4524 	4523 	4924
f 4523 	4522 	4924
f 4521 	4520 	4924
f 4884 	4527 	4927
f 4839 	4835 	4555
f 4656 	4503 	4659
f 4621 	4530 	4620
f 4514 	4620 	4530
f 4628 	4630 	4857
f 4839 	4592 	4842
f 4668 	4701 	4667
f 4667 	4701 	4666
f 4530 	4621 	4622
f 4530 	4622 	4535
f 4670 	4671 	4672
f 4592 	4595 	4842
f 4623 	4540 	4622
f 4535 	4622 	4540
f 4564 	4760 	4758
f 4915 	4914 	4709
f 4914 	4913 	4709
f 4540 	4623 	4624
f 4540 	4624 	4542
f 4676 	4692 	4675
f 4677 	4692 	4676
f 4678 	4692 	4677
f 4627 	4552 	4624
f 4542 	4624 	4552
f 4683 	4681 	4682
f 4664 	4503 	4669
f 4552 	4627 	4640
f 4552 	4640 	4556
f 4685 	4681 	4683
f 4644 	4558 	4640
f 4556 	4640 	4558
f 4687 	4540 	4686
f 4693 	4681 	4685
f 4696 	4681 	4693
f 4700 	4681 	4698
f 4506 	4570 	4509
f 4692 	4509 	4570
f 4558 	4644 	4648
f 4558 	4648 	4560
f 4674 	4675 	4692
f 4570 	4580 	4692
f 4531 	4827 	4824
f 4560 	4648 	4652
f 4560 	4652 	4562
f 4697 	4681 	4696
f 4688 	4676 	4689
f 4585 	4661 	4652
f 4910 	4565 	4694
f 4698 	4681 	4697
f 4676 	4688 	4687
f 4830 	4546 	4549
f 4668 	4631 	4701
f 4684 	4679 	4686
f 4695 	4690 	4503
f 4680 	4503 	4690
f 4674 	4580 	4691
f 4706 	4701 	4705
f 4707 	4665 	4701
f 4665 	4666 	4701
f 4706 	4707 	4701
f 4733 	4705 	4701
f 4689 	4675 	4691
f 4674 	4691 	4675
f 4719 	4699 	4503
f 4695 	4503 	4699
f 4675 	4689 	4676
f 4847 	4845 	4597
f 4501 	4591 	4711
f 4676 	4687 	4677
f 4597 	4852 	4847
f 4708 	4726 	4704
f 4591 	4755 	4711
f 4678 	4677 	4686
f 4687 	4686 	4677
f 4686 	4679 	4678
f 4712 	4713 	4726
f 4710 	4712 	4726
f 4716 	4670 	4717
f 4755 	4642 	4711
f 4691 	4535 	4689
f 4651 	4541 	4649
f 4723 	4714 	4722
f 4721 	4722 	4714
f 4724 	4717 	4670
f 4541 	4651 	4639
f 4719 	4727 	4856
f 4718 	4925 	4715
f 4630 	4860 	4857
f 4726 	4759 	4681
f 4727 	4719 	4503
f 4725 	4925 	4720
f 4860 	4630 	4862
f 4739 	4723 	4705
f 4729 	4925 	4728
f 4709 	4927 	4743
f 4554 	4551 	4657
f 4733 	4701 	4714
f 4739 	4733 	4737
f 4736 	4737 	4733
f 4696 	4693 	4893
f 4741 	4681 	4740
f 4730 	4727 	4503
f 4608 	4877 	4607
f 4705 	4733 	4739
f 4902 	4697 	4696
f 4682 	4681 	4741
f 4879 	4877 	4611
f 4698 	4697 	4902
f 4652 	4648 	4755
f 4742 	4755 	4627
f 4627 	4624 	4742
f 4881 	4879 	4614
f 4611 	4614 	4879
f 4502 	4746 	4503
f 4881 	4614 	4805
f 4908 	4702 	4700
f 4748 	4714 	4747
f 4703 	4702 	4908
f 4750 	4752 	4753
f 4503 	4656 	4755
f 4756 	4726 	4754
f 4714 	4723 	4750
f 4752 	4750 	4723
f 4913 	4704 	4703
f 4758 	4726 	4756
f 4713 	4754 	4726
f 4760 	4726 	4758
f 4708 	4704 	4913
f 4714 	4726 	4744
f 4723 	4739 	4752
f 4916 	4712 	4710
f 4733 	4750 	4749
f 4713 	4712 	4916
f 4694 	4755 	4692
f 4742 	4692 	4755
f 4714 	4750 	4733
f 4766 	4714 	4765
f 4739 	4737 	4753
f 4739 	4753 	4752
f 4565 	4503 	4694
f 4617 	4900 	4613
f 4767 	4714 	4766
f 4769 	4714 	4767
f 4906 	4753 	4736
f 4737 	4736 	4753
f 4617 	4645 	4900
f 4771 	4716 	4770
f 4717 	4770 	4716
f 4502 	4742 	4763
f 4772 	4714 	4769
f 4762 	4765 	4714
f 4852 	4597 	4603
f 4715 	4516 	4517
f 4715 	4517 	4718
f 4607 	4873 	4871
f 4795 	4796 	4775
f 4852 	4603 	4854
f 4606 	4854 	4603
f 4749 	4759 	4743
f 4749 	4743 	4733
f 4873 	4607 	4877
f 4518 	4720 	4517
f 4718 	4517 	4720
f 4764 	4763 	4742
f 4776 	4872 	4778
f 4759 	4709 	4743
f 4606 	4609 	4854
f 4890 	4854 	4609
f 4794 	4795 	4779
f 4720 	4518 	4725
f 4608 	4611 	4877
f 4781 	4794 	4779
f 4609 	4610 	4890
f 4892 	4890 	4610
f 4783 	4794 	4781
f 4610 	4613 	4892
f 4715 	4925 	4783
f 4885 	4936 	4935
f 4522 	4731 	4729
f 4936 	4885 	4910
f 4784 	4782 	4875
f 4774 	4742 	4780
f 4874 	4875 	4782
f 4731 	4522 	4732
f 4785 	4786 	4787
f 4785 	4787 	4788
f 4745 	4714 	4744
f 4745 	4747 	4714
f 4762 	4714 	4761
f 4748 	4761 	4714
f 4760 	4744 	4726
f 4876 	4757 	4789
f 4802 	4692 	4790
f 4784 	4692 	4802
f 4857 	4895 	4628
f 4734 	4525 	4735
f 4775 	4777 	4795
f 4777 	4779 	4795
f 4794 	4783 	4933
f 4720 	4925 	4718
f 4728 	4925 	4725
f 4731 	4925 	4729
f 4772 	4773 	4714
f 4796 	4714 	4775
f 4789 	4793 	4876
f 4735 	4525 	4740
f 4796 	4807 	4714
f 4807 	4809 	4714
f 4773 	4775 	4714
f 4527 	4741 	4740
f 4741 	4527 	4884
f 4884 	4682 	4741
f 4505 	4638 	4508
f 4797 	4733 	4798
f 4532 	4745 	4744
f 4799 	4798 	4733
f 4643 	4508 	4641
f 4793 	4789 	4502
f 4747 	4745 	4532
f 4732 	4734 	4925
f 4734 	4735 	4925
f 4681 	4925 	4735
f 4735 	4740 	4681
f 4731 	4732 	4925
f 4538 	4748 	4747
f 4534 	4900 	4645
f 4810 	4714 	4809
f 4811 	4714 	4810
f 4721 	4714 	4811
f 4538 	4761 	4748
f 4804 	4815 	4883
f 4778 	4539 	4776
f 4510 	4743 	4511
f 4793 	4502 	4800
f 4550 	4756 	4754
f 4722 	4706 	4705
f 4722 	4705 	4723
f 4721 	4707 	4706
f 4721 	4706 	4722
f 4758 	4756 	4550
f 4543 	4505 	4776
f 4721 	4665 	4707
f 4726 	4714 	4709
f 4701 	4709 	4714
f 4511 	4743 	4531
f 4726 	4709 	4759
f 4812 	4586 	4587
f 4812 	4587 	4813
f 4586 	4812 	4778
f 4544 	4531 	4743
f 4546 	4544 	4743
f 4821 	4511 	4822
f 4822 	4511 	4824
f 4549 	4546 	4743
f 4555 	4549 	4743
f 4818 	4872 	4776
f 4815 	4823 	4883
f 4826 	4831 	4813
f 4559 	4555 	4743
f 4804 	4800 	4502
f 4743 	4592 	4559
f 4554 	4657 	4658
f 4765 	4573 	4766
f 4637 	4733 	4602
f 4549 	4833 	4830
f 4825 	4813 	4853
f 4815 	4804 	4502
f 4681 	4813 	4836
f 4831 	4834 	4813
f 4549 	4555 	4833
f 4891 	4561 	4662
f 4663 	4895 	4662
f 4604 	4733 	4607
f 4769 	4584 	4772
f 4843 	4681 	4840
f 4689 	4540 	4688
f 4772 	4584 	4773
f 4842 	4595 	4845
f 4608 	4733 	4611
f 4614 	4611 	4733
f 4792 	4614 	4733
f 4595 	4597 	4845
f 4638 	4505 	4639
f 4775 	4593 	4777
f 4587 	4874 	4813
f 4782 	4813 	4874
f 4777 	4593 	4779
f 4851 	4681 	4849
f 4679 	4829 	4791
f 4643 	4512 	4508
f 4828 	4791 	4829
f 4844 	4763 	4909
f 4681 	4851 	4856
f 4856 	4858 	4681
f 4512 	4643 	4654
f 4797 	4792 	4733
f 4607 	4733 	4608
f 4733 	4604 	4602
f 4837 	4502 	4844
f 4853 	4813 	4501
f 4803 	4743 	4806
f 4799 	4733 	4801
f 4743 	4801 	4733
f 4803 	4801 	4743
f 4510 	4806 	4743
f 4782 	4784 	4841
f 4919 	4850 	4733
f 4736 	4733 	4850
f 4796 	4631 	4807
f 4795 	4632 	4631
f 4795 	4631 	4796
f 4586 	4595 	4743
f 4649 	4539 	4647
f 4791 	4828 	4790
f 4859 	4681 	4858
f 4794 	4629 	4632
f 4794 	4632 	4795
f 4681 	4759 	4813
f 4828 	4841 	4790
f 4649 	4541 	4539
f 4780 	4742 	4855
f 4605 	4855 	4742
f 4802 	4790 	4841
f 4957 	4618 	4870
f 4639 	4543 	4541
f 4794 	4933 	4629
f 4931 	4629 	4933
f 4841 	4784 	4802
f 4808 	4814 	4750
f 4866 	4867 	4868
f 4866 	4868 	4869
f 4811 	4665 	4721
f 4810 	4666 	4665
f 4810 	4665 	4811
f 4809 	4667 	4666
f 4809 	4666 	4810
f 4589 	4778 	4872
f 4655 	4551 	4654
f 4817 	4749 	4816
f 4749 	4750 	4814
f 4807 	4668 	4667
f 4807 	4667 	4809
f 4655 	4657 	4551
f 4642 	4825 	4711
f 4631 	4668 	4807
f 4910 	4694 	4875
f 4646 	4826 	4642
f 4825 	4642 	4826
f 4554 	4658 	4557
f 4878 	4626 	4876
f 4826 	4646 	4650
f 4826 	4650 	4831
f 4822 	4749 	4821
f 4821 	4749 	4820
f 4557 	4658 	4660
f 4880 	4626 	4878
f 4653 	4834 	4650
f 4831 	4650 	4834
f 4882 	4626 	4880
f 4626 	4943 	4876
f 4703 	4726 	4702
f 4702 	4726 	4700
f 4704 	4726 	4703
f 4710 	4726 	4708
f 4681 	4700 	4726
f 4595 	4586 	4597
f 4830 	4833 	4759
f 4834 	4653 	4656
f 4834 	4656 	4836
f 4883 	4626 	4882
f 4891 	4662 	4895
f 4887 	4626 	4883
f 4659 	4838 	4656
f 4836 	4656 	4838
f 4663 	4628 	4895
f 4907 	4626 	4889
f 4511 	4531 	4824
f 4664 	4840 	4659
f 4838 	4659 	4840
f 4660 	4662 	4561
f 4830 	4759 	4827
f 4669 	4843 	4664
f 4840 	4664 	4843
f 4609 	4586 	4610
f 4613 	4897 	4892
f 4833 	4835 	4759
f 4843 	4669 	4680
f 4843 	4680 	4846
f 4610 	4586 	4613
f 4899 	4696 	4893
f 4835 	4839 	4759
f 4900 	4897 	4613
f 4690 	4848 	4680
f 4846 	4680 	4848
f 4839 	4842 	4759
f 4696 	4899 	4902
f 4586 	4589 	4613
f 4848 	4690 	4695
f 4848 	4695 	4849
f 4824 	4827 	4749
f 4543 	4639 	4505
f 4905 	4698 	4902
f 4842 	4845 	4759
f 4812 	4759 	4845
f 4662 	4929 	4663
f 4849 	4695 	4851
f 4699 	4851 	4695
f 4904 	4569 	4901
f 4641 	4508 	4638
f 4905 	4673 	4698
f 4700 	4698 	4673
f 4719 	4856 	4699
f 4850 	4903 	4736
f 4906 	4736 	4903
f 4637 	4630 	4733
f 4909 	4626 	4907
f 4887 	4889 	4626
f 4700 	4673 	4908
f 4852 	4812 	4847
f 4501 	4711 	4853
f 4569 	4626 	4894
f 4813 	4782 	4558
f 4911 	4703 	4908
f 4853 	4711 	4825
f 4872 	4641 	4638
f 4703 	4911 	4913
f 4851 	4699 	4856
f 4534 	4645 	4536
f 4647 	4536 	4645
f 4914 	4708 	4913
f 4727 	4858 	4856
f 4852 	4854 	4812
f 4539 	4536 	4647
f 4730 	4859 	4858
f 4730 	4858 	4727
f 4617 	4613 	4589
f 4854 	4890 	4812
f 4914 	4915 	4708
f 4710 	4708 	4915
f 4694 	4692 	4784
f 4904 	4912 	4569
f 4859 	4730 	4861
f 4738 	4861 	4730
f 4710 	4915 	4916
f 4860 	4577 	4857
f 4645 	4617 	4589
f 4861 	4738 	4746
f 4861 	4746 	4863
f 4867 	4785 	4788
f 4713 	4916 	4515
f 4569 	4912 	4513
f 4647 	4645 	4589
f 4651 	4649 	4872
f 4547 	4512 	4654
f 4863 	4746 	4865
f 4751 	4865 	4746
f 4864 	4750 	4862
f 4551 	4547 	4654
f 4757 	4870 	4865
f 4757 	4865 	4751
f 4896 	4569 	4894
f 4898 	4569 	4896
f 4870 	4757 	4876
f 4516 	4715 	4783
f 4867 	4866 	4785
f 4557 	4660 	4561
f 4877 	4750 	4873
f 4671 	4771 	4770
f 4671 	4770 	4672
f 4793 	4878 	4876
f 4879 	4750 	4877
f 4909 	4894 	4626
f 4655 	4872 	4657
f 4679 	4791 	4692
f 4679 	4692 	4678
f 4881 	4750 	4879
f 4518 	4519 	4725
f 4688 	4540 	4687
f 4834 	4836 	4813
f 4836 	4838 	4681
f 4840 	4681 	4838
f 4800 	4880 	4878
f 4800 	4878 	4793
f 4716 	4771 	4671
f 4716 	4671 	4670
f 4903 	4850 	4574
f 4520 	4728 	4519
f 4725 	4519 	4728
f 4932 	4660 	4872
f 4658 	4657 	4872
f 4917 	4635 	4634
f 4917 	4634 	4918
f 4770 	4717 	4672
f 4724 	4672 	4717
f 4805 	4750 	4881
f 4880 	4800 	4882
f 4804 	4882 	4800
f 4728 	4520 	4521
f 4728 	4521 	4729
f 4846 	4681 	4843
f 4849 	4681 	4848
f 4846 	4848 	4681
f 4574 	4919 	4920
f 4574 	4920 	4575
f 4918 	4921 	4922
f 4918 	4922 	4917
f 4662 	4660 	4930
f 4925 	4927 	4924
f 4883 	4882 	4804
f 4729 	4521 	4522
f 4920 	4923 	4576
f 4920 	4576 	4575
f 4891 	4579 	4561
f 4926 	4927 	4925
f 4923 	4928 	4577
f 4923 	4577 	4576
f 4930 	4660 	4932
f 4655 	4654 	4872
f 4654 	4643 	4872
f 4643 	4641 	4872
f 4872 	4638 	4639
f 4639 	4651 	4872
f 4823 	4887 	4883
f 4895 	4578 	4891
f 4522 	4523 	4732
f 4928 	4929 	4578
f 4928 	4578 	4577
f 4832 	4889 	4887
f 4832 	4887 	4823
f 4567 	4504 	4865
f 4954 	4955 	4876
f 4943 	4953 	4876
f 4953 	4954 	4876
f 4857 	4578 	4895
f 4818 	4561 	4579
f 4929 	4930 	4579
f 4929 	4579 	4578
f 4734 	4732 	4524
f 4523 	4524 	4732
f 4837 	4889 	4832
f 4574 	4750 	4903
f 4923 	4630 	4928
f 4920 	4733 	4923
f 4928 	4628 	4929
f 4919 	4733 	4920
f 4734 	4524 	4525
f 4935 	4743 	4927
f 4894 	4763 	4896
f 4764 	4896 	4763
f 4681 	4926 	4925
f 4526 	4740 	4525
f 4579 	4930 	4818
f 4930 	4932 	4818
f 4768 	4898 	4896
f 4768 	4896 	4764
f 4740 	4526 	4527
f 4862 	4750 	4860
f 4871 	4750 	4864
f 4873 	4750 	4871
f 4805 	4808 	4750
f 4577 	4860 	4576
f 4576 	4860 	4750
f 4930 	4929 	4662
f 4630 	4923 	4733
f 4628 	4928 	4630
f 4663 	4929 	4628
f 4658 	4872 	4660
f 4898 	4768 	4901
f 4774 	4901 	4768
f 4933 	4783 	4925
f 4932 	4872 	4818
f 4934 	4926 	4681
f 4574 	4575 	4750
f 4816 	4749 	4814
f 4817 	4819 	4749
f 4820 	4749 	4819
f 4575 	4576 	4750
f 4780 	4904 	4901
f 4780 	4901 	4774
f 4681 	4859 	4504
f 4935 	4927 	4885
f 4927 	4926 	4885
f 4934 	4885 	4926
f 4782 	4841 	4542
f 4841 	4828 	4542
f 4649 	4647 	4589
f 4586 	4609 	4606
f 4606 	4603 	4586
f 4603 	4597 	4586
f 4592 	4743 	4595
f 4872 	4649 	4589
f 4906 	4903 	4750
f 4753 	4906 	4750
f 4855 	4904 	4780
f 4925 	4924 	4931
f 4925 	4931 	4933
f 4813 	4759 	4812
f 4936 	4587 	4935
f 4586 	4935 	4587
f 4837 	4907 	4889
f 4545 	4910 	4934
f 4681 	4504 	4934
f 4743 	4935 	4586
f 4747 	4537 	4538
f 4892 	4812 	4890
f 4910 	4885 	4934
f 4822 	4824 	4749
f 4847 	4812 	4845
f 4749 	4827 	4759
f 4910 	4875 	4936
f 4875 	4874 	4936
f 4587 	4936 	4874
f 4909 	4907 	4844
f 4837 	4844 	4907
f 4778 	4812 	4897
f 4545 	4565 	4910
f 4614 	4792 	4805
f 4763 	4894 	4909
f 4866 	4869 	4786
f 4787 	4786 	4869
f 4548 	4713 	4515
f 4901 	4569 	4898
f 4534 	4778 	4900
f 4897 	4900 	4778
f 4892 	4897 	4812
f 4875 	4694 	4784
f 4805 	4792 	4797
f 4805 	4797 	4808
f 4904 	4855 	4912
f 4505 	4508 	4776
f 4829 	4542 	4828
f 4526 	4525 	4927
f 4798 	4814 	4797
f 4808 	4797 	4814
f 4867 	4788 	4868
f 4886 	4884 	4927
f 4513 	4912 	4855
f 4571 	4535 	4691
f 4566 	4760 	4564
f 4814 	4798 	4799
f 4814 	4799 	4816
f 4533 	4760 	4566
f 4938 	4507 	4937
f 4506 	4937 	4507
f 4826 	4813 	4825
f 4540 	4689 	4535
f 4569 	4535 	4571
f 4888 	4886 	4927
f 4527 	4526 	4927
f 4893 	4888 	4927
f 4817 	4816 	4801
f 4799 	4801 	4816
f 4788 	4787 	4869
f 4788 	4869 	4868
f 4786 	4785 	4866
f 4762 	4761 	4572
f 4940 	4937 	4506
f 4803 	4819 	4801
f 4817 	4801 	4819
f 4501 	4813 	4661
f 4661 	4813 	4562
f 4672 	4724 	4670
f 4573 	4762 	4572
f 4820 	4819 	4806
f 4803 	4806 	4819
f 4899 	4893 	4927
f 4820 	4806 	4510
f 4927 	4905 	4902
f 4902 	4899 	4927
f 4791 	4790 	4692
f 4769 	4767 	4583
f 4673 	4905 	4927
f 4942 	4529 	4941
f 4528 	4941 	4529
f 4939 	4563 	4952
f 4927 	4709 	4673
f 4686 	4540 	4684
f 4951 	4952 	4563
f 4870 	4876 	4955
f 4908 	4673 	4709
f 4679 	4684 	4829
f 4911 	4908 	4709
f 4941 	4528 	4938
f 4507 	4938 	4528
f 4952 	4953 	4939
f 4913 	4911 	4709
f 4943 	4626 	4939
f 4946 	4944 	4945
f 4946 	4945 	4947
f 4915 	4709 	4916
f 4516 	4783 	4598
f 4742 	4940 	4692
f 4509 	4692 	4940
f 4744 	4533 	4532
f 4747 	4532 	4537
f 4940 	4941 	4937
f 4949 	4563 	4948
f 4950 	4563 	4949
f 4951 	4563 	4950
f 4942 	4941 	4940
f 4938 	4937 	4941
f 4619 	4567 	4870
f 4865 	4870 	4567
f 4859 	4861 	4504
f 4943 	4939 	4953
f 4774 	4768 	4742
f 4768 	4764 	4742
f 4763 	4844 	4502
f 4548 	4754 	4713
f 4952 	4951 	4954
f 4952 	4954 	4953
f 4550 	4754 	4548
f 4951 	4955 	4954
f 4502 	4942 	4742
f 4955 	4949 	4956
f 4758 	4550 	4564
f 4957 	4956 	4948
f 4949 	4948 	4956
f 4940 	4742 	4942
f 4948 	4618 	4957
f 4533 	4744 	4760
f 4653 	4755 	4656
f 4653 	4650 	4755
f 4950 	4955 	4951
f 4761 	4538 	4568
f 4680 	4669 	4503
f 4503 	4664 	4659
f 4949 	4955 	4950
f 4568 	4572 	4761
f 4755 	4694 	4503
f 4618 	4948 	4616
f 4573 	4765 	4762
f 4945 	4944 	4601
f 4573 	4581 	4766
f 4529 	4942 	4563
f 4618 	4619 	4870
f 4582 	4767 	4581
f 4766 	4581 	4767
f 4944 	4599 	4601
f 4582 	4583 	4767
f 4769 	4583 	4584
f 4837 	4832 	4502
f 4823 	4502 	4832
f 4815 	4502 	4823
f 4757 	4502 	4789
f 4751 	4502 	4757
f 4746 	4502 	4751
f 4730 	4503 	4738
f 4738 	4503 	4746
f 4773 	4584 	4588
f 4861 	4863 	4504
f 4590 	4775 	4588
f 4773 	4588 	4775
f 4563 	4565 	4545
f 4955 	4956 	4870
f 4956 	4957 	4870
f 4775 	4590 	4593
f 4601 	4612 	4945
f 4502 	4563 	4942
f 4946 	4600 	4944
f 4779 	4593 	4594
f 4636 	4922 	4633
f 4921 	4633 	4922
f 4779 	4594 	4781
f 4596 	4781 	4594
f 4783 	4781 	4598
f 4596 	4598 	4781
f 4863 	4865 	4504
f 4635 	4917 	4922
f 4636 	4635 	4922
f 4633 	4921 	4634
f 4918 	4634 	4921
f 4886 	4683 	4884
f 4682 	4884 	4683
f 4683 	4886 	4685
f 4888 	4685 	4886
f 4893 	4685 	4888
f 4685 	4893 	4693
# 910 faces

 #end of obj_4

o obj_5
v 109.5645 		-89.6153 		5.7925
v 109.565 		-89.555 		5.772
v 128.5523 		-93.8692 		3.502
v 130.6477 		-93.8875 		3.502
v 109.568 		-89.203 		5.598
v 126.976 		-93.8554 		3
v 125.7619 		-93.8448 		8.109
v 128.3139 		-93.8671 		3.502
v 109.552 		-91.094 		0.026
v 131.072 		-93.8912 		3
v 109.5785 		-88.0118 		4.3115
v 109.579 		-87.931 		4.148
v 130.8454 		-93.8892 		3.502
v 128.0558 		-91.1681 		17.701
v 125.5269 		-93.8428 		8.162
v 128.2438 		-91.1697 		17.4905
v 109.5792 		-87.931 		4.148
v 109.5792 		-87.931 		4.148
v 128.2569 		-91.1698 		17.476
v 109.5704 		-88.9445 		5.4251
v 109.565 		-89.555 		5.772
v 124.992 		-87.8376 		8.399
v 109.565 		-89.555 		5.772
v 109.5681 		-89.203 		5.598
v 126.0626 		-87.847 		9.846
v 109.5607 		-90.0506 		5.9226
v 126.3196 		-87.8492 		9.87
v 126.4627 		-87.8505 		9.8738
v 126.5806 		-87.8515 		9.877
v 125.996 		-91.15 		19.58
v 125.9964 		-91.1505 		19.58
v 125.996 		-91.1505 		19.58
v 126.846 		-91.158 		19.5874
v 126.846 		-91.1588 		19.5874
v 126.846 		-91.158 		19.588
v 126.7237 		-87.8528 		9.8732
v 126.842 		-87.8538 		9.87
v 128.5146 		-87.8687 		9.196
v 128.5146 		-87.8684 		9.196
v 125.996 		-91.1505 		19.5796
v 128.5656 		-87.8691 		9.078
v 128.5425 		-87.8689 		9.1313
v 128.5426 		-87.8686 		9.1313
v 128.5656 		-87.8688 		9.078
v 128.5749 		-87.8689 		9.0122
v 128.5749 		-87.8692 		9.0122
v 128.583 		-87.8692 		8.958
v 128.583 		-87.869 		8.958
v 128.5656 		-87.8691 		8.838
v 128.5737 		-87.8692 		8.8922
v 128.5737 		-87.8689 		8.8922
v 128.5656 		-87.8688 		8.838
v 125.3196 		-93.8405 		19.5747
v 109.58 		-87.805 		3.776
v 125.9881 		-93.8463 		19.5806
v 123.6653 		-93.8265 		3
v 109.581 		-87.729 		3.392
v 125.8259 		-93.8449 		19.5792
v 109.581 		-87.703 		3
v 122.88 		-93.8196 		3
v 109.581 		-87.729 		2.608
v 109.58 		-87.805 		2.224
v 125.6154 		-93.843 		19.5773
v 126.3386 		-93.8494 		19.5837
v 109.542 		-92.203 		0.402
v 126.4348 		-93.8502 		19.5846
v 109.531 		-93.474 		1.852
v 126.528 		-93.851 		19.5854
v 128.5376 		-87.8686 		8.7733
v 128.5376 		-87.8688 		8.7733
v 109.5803 		-87.805 		2.224
v 128.5146 		-87.8686 		8.72
v 126.1211 		-93.8475 		19.5818
v 128.5146 		-87.8684 		8.72
v 128.4306 		-87.8679 		8.607
v 128.4685 		-87.8682 		8.658
v 109.5812 		-87.703 		3
v 128.4685 		-87.868 		8.658
v 128.4306 		-87.8677 		8.607
v 109.581 		-87.729 		2.608
v 126.2357 		-93.8484 		19.5828
v 128.3146 		-87.8666 		8.499
v 128.3146 		-87.8669 		8.499
v 128.2351 		-87.866 		8.4442
v 128.2351 		-87.8662 		8.4442
v 128.1696 		-87.8656 		8.399
v 128.1696 		-87.8654 		8.399
v 127.9966 		-87.8641 		8.308
v 128.0747 		-87.8648 		8.3491
v 128.0747 		-87.8646 		8.3491
v 127.9966 		-87.8639 		8.308
v 126.6214 		-93.8518 		19.5862
v 126.9387 		-93.8546 		19.5884
v 127.7996 		-87.8622 		8.229
v 127.9737 		-87.8639 		8.2988
v 119.6192 		-93.7911 		3
v 118.784 		-93.7838 		3
v 127.68 		-87.8611 		8.1923
v 126.7183 		-93.8527 		19.5871
v 109.5803 		-87.805 		3.776
v 109.5803 		-87.805 		3.776
v 109.581 		-87.729 		3.392
v 126.8223 		-93.8536 		19.5875
v 126.8223 		-93.8536 		19.5874
v 109.5704 		-88.9445 		0.5749
v 109.568 		-89.203 		0.402
v 109.5607 		-90.0506 		0.0774
v 126.8223 		-93.8536 		19.588
v 109.565 		-89.555 		0.228
v 109.5645 		-89.6153 		0.2075
v 109.5681 		-89.203 		0.402
v 126.8367 		-92.2198 		19.5874
v 109.565 		-89.555 		0.228
v 109.579 		-87.931 		1.852
v 109.5785 		-88.0118 		1.6885
v 109.5792 		-87.931 		1.852
v 109.5792 		-87.931 		1.852
v 109.548 		-91.479 		5.898
v 123.9689 		-93.8287 		19.5627
v 109.537 		-92.824 		0.879
v 124.8538 		-93.8364 		19.5706
v 124.6656 		-93.8348 		19.5689
v 109.558 		-90.311 		5.974
v 109.555 		-90.703 		6
v 109.5584 		-90.311 		5.974
v 109.5584 		-90.311 		5.974
v 116.5734 		-93.7645 		3
v 115.9893 		-93.7594 		3
v 114.688 		-93.7481 		3
v 109.532 		-93.301 		4.5
v 109.534 		-93.083 		4.826
v 126.1149 		-91.1511 		18.341
v 126.3974 		-91.1536 		18.3625
v 126.4168 		-91.1537 		18.364
v 109.539 		-92.529 		5.38
v 126.6984 		-91.1562 		18.3481
v 126.7179 		-91.1564 		18.347
v 127.099 		-87.856 		9.846
v 127.347 		-87.8582 		9.808
v 127.4759 		-87.8593 		9.7784
v 127.5816 		-87.8602 		9.754
v 127.7996 		-87.8624 		9.688
v 127.7905 		-87.8624 		9.6908
v 127.7011 		-87.8613 		9.7178
v 127.7996 		-87.8622 		9.688
v 127.9966 		-87.8639 		9.608
v 127.9966 		-87.8642 		9.608
v 110.001 		-87.7067 		6
v 109.5839 		-87.703 		6
v 128.0914 		-87.8647 		9.5586
v 128.0914 		-87.865 		9.5586
v 109.5839 		-87.7033 		6
v 128.1696 		-87.8657 		9.518
v 128.1696 		-87.8654 		9.518
v 128.3146 		-87.8669 		9.418
v 128.2491 		-87.8663 		9.4632
v 128.2491 		-87.8661 		9.4632
v 128.3146 		-87.8666 		9.418
v 109.5839 		-87.7033 		6
v 109.5839 		-87.7043 		6
v 109.5577 		-90.703 		6
v 128.4306 		-87.8677 		9.31
v 128.4306 		-87.8679 		9.31
v 109.727 		-87.704 		21.096
v 128.4766 		-87.8681 		9.2475
v 128.4766 		-87.8683 		9.2475
v 114.5857 		-93.7472 		3
v 113.9809 		-93.7419 		3
v 110.592 		-93.7123 		3
v 125.3616 		-87.841 		8.229
v 125.1882 		-87.8394 		8.2985
v 125.3716 		-87.8411 		9.691
v 125.5796 		-87.843 		9.754
v 125.8146 		-87.8451 		9.808
v 124.5956 		-87.8342 		9.078
v 124.5786 		-87.834 		8.958
v 124.6466 		-87.8346 		9.196
v 124.6235 		-87.8344 		9.1427
v 124.7306 		-87.8353 		9.31
v 124.7306 		-87.8353 		8.607
v 124.6466 		-87.8346 		8.72
v 124.5956 		-87.8342 		8.838
v 124.6186 		-87.8344 		8.7847
v 109.727 		-87.704 		16.658
v 109.727 		-87.7043 		16.658
v 110.3236 		-93.7099 		3
v 110.001 		-93.7071 		3
v 124.5956 		-87.8343 		9.078
v 124.5786 		-87.8342 		8.958
v 124.6466 		-87.8348 		9.196
v 124.6235 		-87.8346 		9.1427
v 124.7306 		-87.8355 		9.31
v 124.8466 		-87.8365 		9.418
v 124.9261 		-87.8372 		9.4728
v 124.9125 		-87.8371 		8.4538
v 126.007 		-91.1502 		18.3188
v 126.007 		-91.1505 		18.3188
v 110.1067 		-87.7076 		6
v 133.086 		-87.908 		34.583
v 124.1972 		-91.1343 		16.6128
v 124.2008 		-91.1344 		16.632
v 124.2887 		-91.1352 		16.9005
v 124.2949 		-91.1352 		16.919
v 124.4259 		-91.1364 		17.191
v 124.5812 		-91.1378 		17.4277
v 124.5919 		-91.1379 		17.444
v 124.7762 		-91.1395 		17.6582
v 109.5839 		-87.703 		18.8763
v 124.7889 		-91.1396 		17.673
v 109.5839 		-87.703 		18.8777
v 124.8466 		-87.8365 		8.499
v 109.5839 		-87.703 		18.9215
v 124.7306 		-87.8355 		8.607
v 109.5839 		-87.703 		18.9215
v 109.5839 		-87.703 		19.5
v 109.622 		-87.7034 		19.5
v 124.6466 		-87.8347 		8.72
v 124.6186 		-87.8345 		8.7847
v 124.5956 		-87.8343 		8.838
v 109.5839 		-87.703 		18.8325
v 109.5839 		-87.703 		18.8325
v 131.3129 		-87.8933 		19.5
v 124.992 		-87.8378 		9.518
v 125.0003 		-91.1415 		17.861
v 125.0148 		-91.1417 		17.874
v 125.2477 		-91.1437 		18.033
v 125.2639 		-91.1439 		18.044
v 125.0869 		-87.8386 		9.5674
v 125.1646 		-87.8393 		9.608
v 125.3616 		-87.841 		9.688
v 125.5165 		-91.1461 		18.1712
v 125.5339 		-91.1463 		18.18
v 125.1646 		-87.8392 		8.308
v 124.992 		-87.8377 		8.399
v 125.0697 		-87.8384 		8.3579
v 125.95 		-62.054 		6
v 125.864 		-61.955 		6
v 132.7331 		-87.9052 		6
v 125.792 		-61.845 		6
v 131.9143 		-87.8979 		6
v 125.735 		-61.727 		6
v 131.072 		-87.8907 		6
v 124.362 		-87.832 		35.732
v 125.694 		-61.602 		6
v 126.581 		-87.852 		35.877
v 125.67 		-61.473 		6
v 126.7898 		-93.8538 		8.047
v 126.7477 		-93.8534 		8.0457
v 126.916 		-62.322 		6
v 126.528 		-93.8515 		8.039
v 128.8 		-87.871 		35.732
v 125.8189 		-91.1488 		18.28
v 126.787 		-62.346 		6
v 126.4858 		-93.8511 		8.0403
v 126.2669 		-93.8492 		8.047
v 126.656 		-62.354 		6
v 126.0099 		-93.847 		8.07
v 126.525 		-62.344 		6
v 130.98 		-87.89 		35.298
v 126.397 		-62.317 		6
v 127.529 		-93.8602 		8.162
v 126.273 		-62.274 		6
v 127.491 		-93.8599 		8.1534
v 127.2948 		-93.8582 		8.109
v 126.156 		-62.215 		6
v 126.047 		-62.141 		6
v 127.0468 		-93.856 		8.07
v 127.657 		-61.491 		6
v 127.631 		-61.619 		6
v 127.587 		-61.743 		6
v 127.528 		-61.86 		6
v 127.455 		-61.969 		6
v 127.367 		-62.066 		6
v 127.268 		-62.152 		6
v 127.158 		-62.224 		6
v 127.04 		-62.281 		6
v 126.0626 		-87.8473 		9.846
v 126.3196 		-87.8496 		9.87
v 125.662 		-61.343 		6
v 118.081 		-87.777 		33.6
v 125.672 		-61.212 		6
v 125.699 		-61.083 		6
v 120.075 		-87.795 		34.583
v 122.181 		-87.813 		35.298
v 125.742 		-60.96 		6
v 125.801 		-60.843 		6
v 125.875 		-60.734 		6
v 126.804 		-60.359 		6
v 126.673 		-60.349 		6
v 126.933 		-60.385 		6
v 125.962 		-60.636 		6
v 126.5806 		-87.852 		9.877
v 126.061 		-60.551 		6
v 126.4627 		-87.8509 		9.8738
v 126.171 		-60.479 		6
v 126.289 		-60.422 		6
v 126.414 		-60.381 		6
v 126.7237 		-87.8532 		9.8732
v 126.581 		-87.852 		9.877
v 126.842 		-87.8542 		9.87
v 126.543 		-60.356 		6
v 127.056 		-60.429 		6
v 127.173 		-60.488 		6
v 125.762 		-93.8444 		8.109
v 127.7996 		-87.8624 		8.229
v 127.282 		-60.561 		6
v 125.527 		-93.8424 		8.162
v 127.68 		-87.8614 		8.1923
v 127.38 		-60.649 		6
v 109.5812 		-87.703 		6
v 109.555 		-90.703 		3
v 110.001 		-39.705 		6
v 110.001 		-39.705 		0
v 109.555 		-90.703 		0
v 109.5747 		-88.4466 		0
v 143.57 		-89.174 		5.38
v 143.5694 		-89.2414 		5.4251
v 143.575 		-88.62 		4.826
v 143.5742 		-88.6855 		4.9006
v 143.5752 		-88.5753 		4.7592
v 143.5748 		-88.62 		4.826
v 116.232 		-87.761 		32.364
v 143.5748 		-88.62 		4.826
v 143.5701 		-89.1583 		5.3662
v 143.57 		-89.174 		5.38
v 143.57 		-89.174 		5.38
v 143.5635 		-89.9104 		5.7918
v 143.575 		-88.62 		1.174
v 143.5752 		-88.5753 		1.2408
v 143.5748 		-88.62 		1.174
v 143.5748 		-88.62 		1.174
v 143.57 		-89.174 		0.62
v 143.5701 		-89.1583 		0.6338
v 143.5635 		-89.9104 		0.2082
v 143.5694 		-89.2414 		0.5749
v 143.57 		-89.174 		0.62
v 143.5742 		-88.6855 		1.0994
v 143.561 		-90.224 		5.898
v 143.5596 		-90.3539 		5.9236
v 126.7898 		-93.8534 		8.047
v 126.7477 		-93.853 		8.0457
v 126.528 		-93.851 		8.039
v 126.528 		-93.851 		8.039
v 126.4858 		-93.8506 		8.0403
v 126.267 		-93.8488 		8.047
v 126.0099 		-93.8466 		8.07
v 119.8178 		-93.7929 		19.5
v 127.099 		-87.8564 		9.846
v 127.529 		-93.86 		8.162
v 127.347 		-87.8586 		9.808
v 127.491 		-93.8597 		8.1534
v 127.5816 		-87.8606 		9.754
v 127.4759 		-87.8597 		9.7784
v 127.2948 		-93.8579 		8.109
v 127.0468 		-93.8557 		8.07
v 127.7011 		-87.8616 		9.7178
v 127.465 		-60.748 		6
v 115.7468 		-87.7569 		17.4506
v 143.5608 		-90.224 		5.898
v 127.0439 		-87.8555 		18.29
v 130.4901 		-87.8857 		9.4386
v 143.5608 		-90.224 		5.898
v 127.3309 		-87.8581 		18.196
v 127.6029 		-87.8604 		18.064
v 127.4986 		-87.8595 		18.1146
v 121.8491 		-87.8104 		19.5
v 125.8146 		-87.8448 		8.109
v 143.554 		-91 		5.11
v 125.5796 		-87.8428 		8.162
v 127.8555 		-87.8626 		17.899
v 127.7589 		-87.8618 		17.9622
v 143.5464 		-91.8738 		5.11
v 143.5439 		-92.16 		5.11
v 127.537 		-60.858 		6
v 143.544 		-92.148 		5.772
v 127.594 		-60.976 		6
v 143.5468 		-91.8218 		5.11
v 128.0845 		-87.8646 		17.701
v 127.635 		-61.1 		6
v 128.2859 		-87.8664 		17.476
v 128.2085 		-87.8657 		17.5622
v 127.66 		-61.229 		6
v 126.842 		-87.8538 		8.047
v 128.4559 		-87.8679 		17.226
v 127.667 		-61.36 		6
v 128.3907 		-87.8673 		17.3218
v 126.5806 		-87.8515 		8.039
v 126.6989 		-87.8525 		8.0426
v 128.5919 		-87.8691 		16.956
v 127.667 		-59.4183 		0
v 128.6909 		-87.8699 		16.671
v 133.832 		-59.472 		6
v 133.832 		-59.472 		0
v 143.5308 		-93.6725 		4.096
v 143.53 		-93.7753 		4.1382
v 128.7291 		-87.8703 		16.4884
v 119.827 		-59.35 		0
v 119.827 		-59.35 		6
v 143.53 		-93.772 		4.148
v 143.528 		-94 		5.11
v 131.544 		-23.478 		0
v 133.643 		-24.211 		0
v 135.629 		-25.212 		0
v 137.467 		-26.464 		0
v 139.126 		-27.944 		0
v 140.577 		-29.629 		0
v 141.796 		-31.489 		0
v 143.53 		-93.7638 		4.1646
v 143.5315 		-93.6009 		4.096
v 143.5434 		-92.2182 		5.11
v 125.989 		-32.728 		0
v 143.5427 		-92.2985 		5.11
v 125.948 		-32.603 		0
v 125.923 		-32.475 		0
v 128.831 		-87.8712 		19.5
v 125.916 		-32.344 		0
v 125.926 		-32.213 		0
v 119.8783 		-93.7934 		12.622
v 125.952 		-32.085 		0
v 125.995 		-31.961 		0
v 126.054 		-31.844 		0
v 119.8598 		-93.7932 		14.7484
v 126.927 		-31.35 		0
v 126.128 		-31.735 		0
v 126.216 		-31.637 		0
v 126.315 		-31.552 		0
v 126.3196 		-87.8492 		8.047
v 126.4375 		-87.8503 		8.0434
v 126.425 		-31.48 		0
v 126.0626 		-87.847 		8.07
v 126.543 		-31.423 		0
v 114.56 		-87.747 		30.898
v 126.667 		-31.382 		0
v 126.796 		-31.357 		0
v 127.5816 		-87.8602 		8.162
v 127.719 		-31.749 		0
v 127.347 		-87.8582 		8.109
v 127.4527 		-87.8591 		8.1329
v 127.791 		-31.859 		0
v 127.099 		-87.856 		8.07
v 127.848 		-31.977 		0
v 127.889 		-32.101 		0
v 127.913 		-32.23 		0
v 143.541 		-92.5 		5.598
v 127.921 		-32.361 		0
v 127.911 		-32.492 		0
v 127.884 		-32.62 		0
v 127.841 		-32.744 		0
v 128.7529 		-87.8705 		16.375
v 128.7749 		-87.8707 		16.074
v 128.7664 		-87.8706 		16.1893
v 128.7579 		-87.8705 		15.772
v 128.7644 		-87.8706 		15.8877
v 143.5436 		-92.1953 		5.11
v 115.0935 		-93.7516 		19.5
v 115.1412 		-93.752 		18.968
v 128.7019 		-87.87 		15.476
v 128.7233 		-87.8702 		15.5894
v 119.8178 		-93.7925 		19.5
v 115.0935 		-93.7514 		19.5
v 121.4865 		-93.807 		19.5408
v 127.66 		-87.8614 		19.5
v 115.0072 		-93.7505 		20.462
v 115.0134 		-93.7506 		20.393
v 130.9163 		-87.8894 		6
v 125.662 		-87.8435 		6
v 124.7951 		-87.8359 		6
v 143.5406 		-92.5301 		5.11
v 125.8146 		-87.8451 		8.109
v 125.5796 		-87.843 		8.162
v 143.53 		-93.772 		4.148
v 143.53 		-93.772 		4.148
v 119.902 		-91.097 		12.622
v 128.6069 		-87.8692 		15.189
v 128.6433 		-87.8695 		15.299
v 128.4759 		-87.8681 		14.916
v 128.526 		-87.8685 		15.0206
v 128.3099 		-87.8666 		14.664
v 127.058 		-31.36 		0
v 128.1129 		-87.8649 		14.435
v 127.186 		-31.386 		0
v 127.8875 		-87.8629 		14.234
v 127.31 		-31.43 		0
v 127.9741 		-87.8637 		14.311
v 127.427 		-31.489 		0
v 127.535 		-31.562 		0
v 127.6379 		-87.8607 		14.064
v 127.7333 		-87.8616 		14.1291
v 127.633 		-31.65 		0
v 143.5525 		-91.1756 		3.072
v 143.5439 		-92.16 		3.4757
v 127.149 		-22.86 		0
v 143.5439 		-92.16 		3.4888
v 143.5525 		-91.1709 		3.072
v 129.366 		-23.025 		0
v 112.353 		-31.231 		0
v 113.604 		-29.393 		0
v 115.085 		-27.734 		0
v 116.77 		-26.283 		0
v 118.629 		-25.064 		0
v 120.632 		-24.098 		0
v 122.744 		-23.401 		0
v 124.929 		-22.986 		0
v 143.9997 		-40.002 		0
v 144 		-40.002 		0
v 144 		-40.0072 		0
v 143.9999 		-40.0088 		0
v 134.05 		-34.468 		0
v 142.762 		-33.492 		0
v 143.459 		-35.604 		0
v 109.558 		-90.311 		0.026
v 143.874 		-37.788 		0
v 144 		-40.008 		0
v 109.548 		-91.479 		0.102
v 110.0014 		-39.705 		0
v 137.6242 		-93.9484 		13.614
v 126.909 		-33.355 		0
v 137.6326 		-93.9485 		13.5548
v 126.779 		-33.345 		0
v 126.65 		-33.318 		0
v 126.527 		-33.275 		0
v 126.409 		-33.216 		0
v 126.301 		-33.142 		0
v 126.203 		-33.055 		0
v 126.118 		-32.956 		0
v 126.046 		-32.846 		0
v 109.5584 		-90.311 		0.026
v 127.782 		-32.861 		0
v 127.708 		-32.97 		0
v 109.539 		-92.529 		0.62
v 127.621 		-33.067 		0
v 109.534 		-93.083 		1.174
v 127.522 		-33.153 		0
v 109.532 		-93.301 		1.5
v 127.412 		-33.225 		0
v 127.294 		-33.282 		0
v 127.169 		-33.323 		0
v 127.04 		-33.347 		0
v 120.046 		-34.346 		0
v 110.166 		-37.494 		0
v 110.619 		-35.316 		0
v 111.352 		-33.217 		0
v 141.796 		-31.489 		6
v 140.577 		-29.629 		6
v 139.126 		-27.944 		6
v 137.467 		-26.464 		6
v 135.629 		-25.212 		6
v 133.643 		-24.211 		6
v 131.544 		-23.478 		6
v 125.989 		-32.728 		6
v 119.8176 		-93.7925 		19.526
v 125.948 		-32.603 		6
v 125.923 		-32.475 		6
v 125.916 		-32.344 		6
v 125.926 		-32.213 		6
v 125.952 		-32.085 		6
v 125.995 		-31.961 		6
v 126.054 		-31.844 		6
v 126.927 		-31.35 		6
v 119.841 		-91.096 		19.526
v 119.841 		-91.096 		19.526
v 126.128 		-31.735 		6
v 126.216 		-31.637 		6
v 119.841 		-91.096 		19.526
v 126.315 		-31.552 		6
v 119.841 		-91.096 		19.526
v 126.425 		-31.48 		6
v 126.543 		-31.423 		6
v 126.667 		-31.382 		6
v 126.796 		-31.357 		6
v 114.508 		-93.746 		30.898
v 127.719 		-31.749 		6
v 127.791 		-31.859 		6
v 127.848 		-31.977 		6
v 143.554 		-91 		3
v 127.889 		-32.101 		6
v 127.913 		-32.23 		6
v 127.921 		-32.361 		6
v 127.911 		-32.492 		6
v 127.884 		-32.62 		6
v 127.841 		-32.744 		6
v 127.058 		-31.36 		6
v 130.88 		-93.8895 		12.7179
v 127.3679 		-87.8584 		13.928
v 127.4713 		-87.8593 		13.9801
v 127.186 		-31.386 		6
v 127.31 		-31.43 		6
v 127.427 		-31.489 		6
v 127.0829 		-87.8559 		13.828
v 127.192 		-87.8568 		13.8663
v 127.535 		-31.562 		6
v 127.633 		-31.65 		6
v 127.271 		-93.858 		12.686
v 127.149 		-22.86 		6
v 137.6242 		-93.9484 		13.614
v 129.366 		-23.025 		6
v 124.929 		-22.986 		6
v 122.744 		-23.401 		6
v 120.632 		-24.098 		6
v 118.629 		-25.064 		6
v 116.77 		-26.283 		6
v 115.085 		-27.734 		6
v 113.604 		-29.393 		6
v 112.353 		-31.231 		6
v 144 		-40.002 		6
v 143.9997 		-40.002 		6
v 144 		-40.0072 		6
v 137.8352 		-93.9503 		12.129
v 143.9999 		-40.0088 		6
v 134.05 		-34.468 		6
v 144 		-40.008 		6
v 143.874 		-37.788 		6
v 143.459 		-35.604 		6
v 142.762 		-33.492 		6
v 122.88 		-87.8192 		6
v 143.5539 		-91.008 		3
v 127.059 		-87.8562 		19.5
v 110.0014 		-39.705 		6
v 143.5539 		-91.008 		3.0033
v 126.909 		-33.355 		6
v 126.842 		-87.8542 		8.047
v 127.3928 		-87.8591 		19.5
v 126.779 		-33.345 		6
v 127.2039 		-87.8574 		19.5
v 126.5806 		-87.852 		8.039
v 126.581 		-87.852 		8.039
v 126.6989 		-87.853 		8.0426
v 143.5539 		-91.008 		3.0034
v 126.65 		-33.318 		6
v 126.527 		-33.275 		6
v 128.0849 		-87.8651 		19.5
v 128.9059 		-87.8722 		19.5
v 126.409 		-33.216 		6
v 126.4375 		-87.8507 		8.0434
v 126.3196 		-87.8496 		8.047
v 126.301 		-33.142 		6
v 126.203 		-33.055 		6
v 126.0626 		-87.8473 		8.07
v 126.118 		-32.956 		6
v 126.046 		-32.846 		6
v 127.5816 		-87.8606 		8.162
v 127.4527 		-87.8595 		8.1329
v 127.782 		-32.861 		6
v 127.708 		-32.97 		6
v 127.347 		-87.8586 		8.109
v 127.099 		-87.8564 		8.07
v 127.621 		-33.067 		6
v 127.522 		-33.153 		6
v 127.412 		-33.225 		6
v 143.5528 		-91.136 		3
v 127.294 		-33.282 		6
v 127.169 		-33.323 		6
v 143.5528 		-91.136 		3.0558
v 127.04 		-33.347 		6
v 143.5528 		-91.136 		3.0573
v 120.046 		-34.346 		6
v 111.352 		-33.217 		6
v 110.619 		-35.316 		6
v 110.166 		-37.494 		6
v 120.9474 		-87.8023 		9.1197
v 116.8436 		-87.7664 		14.844
v 143.382 		-93.999 		21.096
v 142.948 		-93.995 		23.277
v 143.1249 		-93.9966 		20.2754
v 143.4375 		-93.9994 		20.2529
v 143.4375 		-93.9989 		20.2529
v 119.7894 		-87.7922 		6
v 143.4383 		-93.9053 		20.2529
v 143.5256 		-93.9061 		20.2466
v 143.5192 		-93.9999 		18.7433
v 143.3418 		-93.9984 		18.756
v 143.5248 		-94 		18.7429
v 143.5192 		-93.9999 		18.7433
v 143.5248 		-93.9995 		18.7429
v 143.5256 		-93.906 		18.7429
v 119.5779 		-87.7903 		6
v 119.1462 		-87.7864 		6
v 117.9716 		-87.7763 		7.6571
v 116.7001 		-87.7651 		6
v 143.4467 		-93.9054 		20.1256
v 143.5439 		-92.16 		3
v 143.5256 		-93.9061 		20.1387
v 143.5256 		-93.906 		19.5
v 143.4878 		-93.9057 		19.5
v 143.5256 		-93.906 		18.9256
v 143.5256 		-93.906 		18.8281
v 142.234 		-93.989 		12.372
v 141.4944 		-93.9822 		10.8726
v 116.3565 		-87.7622 		6
v 143.528 		-93.974 		2.608
v 143.528 		-93.9996 		3
v 143.528 		-94 		3
v 127.2868 		-91.1616 		13.9097
v 127.0722 		-91.1598 		13.8344
v 127.0539 		-91.1596 		13.828
v 128.5857 		-91.1729 		15.2127
v 142.234 		-93.9887 		12.372
v 128.7239 		-91.174 		16.375
v 128.7444 		-91.1742 		16.0934
v 128.7459 		-91.1742 		16.074
v 142.2339 		-93.9887 		12.3719
v 128.73 		-91.1741 		15.7915
v 143.001 		-87.995 		23.277
v 128.7289 		-91.1741 		15.772
v 143.435 		-87.999 		21.096
v 143.5278 		-94 		3
v 128.6765 		-91.1736 		15.4951
v 128.6729 		-91.1736 		15.476
v 127.8734 		-91.1667 		14.247
v 127.8588 		-91.1666 		14.234
v 143.561 		-90.224 		0.102
v 127.6249 		-91.1646 		14.075
v 127.6089 		-91.1644 		14.064
v 127.3563 		-91.1622 		13.9368
v 127.3389 		-91.1621 		13.928
v 143.544 		-92.148 		0.228
v 128.584 		-91.1728 		15.2075
v 128.5779 		-91.1728 		15.189
v 143.5596 		-90.3539 		0.0764
v 128.4553 		-91.1717 		14.9336
v 128.4469 		-91.1717 		14.916
v 143.5608 		-90.224 		0.102
v 128.2809 		-91.1702 		14.664
v 128.0839 		-91.1685 		14.435
v 143.541 		-92.5 		0.402
v 143.53 		-93.772 		1.852
v 143.5773 		-88 		19.5
v 143.5393 		-87.9997 		19.5
v 143.573 		-88.8246 		6
v 143.5244 		-89.6843 		19.5
v 143.551 		-91 		6
v 142.371 		-93.9902 		12.7759
v 141.5436 		-93.9829 		12.6579
v 139.5232 		-93.965 		12.3698
v 143.5248 		-94 		12.9405
v 142.371 		-93.9899 		12.7759
v 143.5248 		-93.9999 		12.9405
v 143.554 		-91 		6
v 143.5256 		-93.9064 		12.9405
v 127.2902 		-91.6786 		12.686
v 135.028 		-93.926 		33.6
v 136.877 		-93.942 		32.364
v 126.4328 		-93.8507 		12.573
v 126.8898 		-93.8547 		12.607
v 125.9748 		-93.8467 		12.599
v 125.783 		-93.845 		12.6352
v 125.5893 		-93.8433 		12.6717
v 137.7472 		-93.9495 		20.3541
v 137.7692 		-93.9497 		20.661
v 137.6861 		-93.949 		19.5
v 137.3622 		-93.9461 		17.4506
v 137.6622 		-93.9488 		19.165
v 137.6861 		-93.9489 		19.5
v 137.7374 		-93.9494 		20.2166
v 142.234 		-93.989 		25.383
v 141.25 		-93.98 		27.377
v 143.554 		-91 		0
v 140.015 		-93.969 		29.226
v 137.816 		-96.199 		12.129
v 137.604 		-96.197 		13.614
v 138.549 		-93.956 		30.898
v 109.5111 		-96.0223 		19.9718
v 143.5045 		-96.3191 		20.2466
v 109.5118 		-95.9509 		12.6238
v 109.5118 		-95.9511 		14.1359
v 143.5045 		-96.319 		18.7429
v 143.5045 		-96.319 		18.828
v 143.5236 		-94.1414 		12.9405
v 143.5051 		-96.2485 		12.9406
v 137.642 		-96.268 		19.165
v 137.749 		-96.269 		20.661
v 141.5628 		-87.9824 		10.9043
v 138.646 		-87.9569 		11.9111
v 143.5051 		-96.2483 		14.4558
v 141.303 		-87.98 		10.377
v 141.1338 		-87.9786 		10.1238
v 141.303 		-87.9801 		10.377
v 141.303 		-87.9801 		10.377
v 143.5773 		-88 		6
v 114.987 		-96.07 		20.462
v 115.121 		-96.071 		18.968
v 115.257 		-96.001 		13.418
v 115.071 		-96 		11.93
v 124.8469 		-87.8364 		14.406
v 143.5773 		-88.0007 		6
v 109.5118 		-95.9508 		12.8042
v 139.264 		-93.9628 		20.5534
v 126.1839 		-87.848 		13.761
v 125.8869 		-87.8454 		13.818
v 126.0007 		-87.8464 		13.7962
v 135.08 		-87.926 		33.6
v 125.5999 		-87.8429 		13.912
v 125.7098 		-87.8439 		13.876
v 125.3279 		-87.8406 		14.043
v 139.2618 		-93.9628 		20.5535
v 136.929 		-87.942 		32.364
v 133.034 		-93.908 		34.583
v 143.0851 		-93.9961 		18.7745
v 143.382 		-93.999 		16.658
v 143.382 		-93.9987 		16.658
v 132.9778 		-93.9078 		19.5
v 141.0024 		-93.9779 		14.9983
v 138.8225 		-93.959 		13.7849
v 142.9111 		-93.9947 		14.3682
v 142.948 		-93.995 		14.477
v 109.5111 		-96.0221 		18.4658
v 137.8437 		-93.9503 		13.6453
v 141.303 		-87.98 		27.377
v 140.067 		-87.97 		29.226
v 143.5248 		-94 		14.4557
v 142.948 		-93.9949 		14.477
v 142.9268 		-93.9948 		14.3704
v 142.286 		-87.989 		25.383
v 143.5256 		-93.9063 		14.4557
v 132.2851 		-93.9016 		19.635
v 126.8963 		-91.1582 		13.795
v 132.9758 		-93.9076 		19.7259
v 142.9111 		-93.9946 		14.3682
v 142.948 		-93.9949 		14.477
v 126.8987 		-91.1583 		13.5204
v 132.9778 		-93.9076 		19.5
v 126.906 		-91.1584 		12.683
v 138.601 		-87.957 		30.898
v 126.906 		-91.158 		12.683
v 132.9766 		-93.9076 		19.641
v 126.1549 		-91.1514 		13.761
v 109.674 		-93.704 		21.096
v 126.777 		-91.1569 		13.77
v 126.7579 		-91.1568 		13.766
v 109.6009 		-93.7035 		19.9781
v 110.001 		-93.707 		20.0139
v 109.601 		-93.703 		19.9781
v 126.8963 		-91.158 		13.795
v 126.4569 		-91.1541 		13.744
v 126.4763 		-91.1543 		13.7454
v 109.6018 		-93.6099 		19.9781
v 109.5323 		-93.6093 		19.9718
v 143.5256 		-93.9063 		14.351
v 125.0755 		-87.8384 		14.209
v 125.1724 		-87.8392 		14.1454
v 124.9342 		-87.8371 		14.3305
v 126.7869 		-87.8533 		13.766
v 126.9003 		-87.8543 		13.7898
v 133 		-91.211 		19.641
v 114.699 		-93.7478 		20.4344
v 114.688 		-93.7477 		20.4334
v 111.806 		-93.723 		27.377
v 110.823 		-93.714 		25.383
v 133.0188 		-93.9082 		14.8634
v 113.042 		-93.733 		29.226
v 136.2654 		-93.9366 		14.844
v 126.4511 		-91.672 		12.6785
v 126.8984 		-91.6759 		12.6825
v 133.0373 		-93.9084 		12.737
v 126.452 		-91.672 		12.573
v 126.909 		-91.676 		12.607
v 132.1616 		-93.9007 		9.1197
v 110.108 		-93.708 		23.277
v 126.0566 		-91.151 		12.6756
v 126.056 		-91.151 		12.6756
v 126.056 		-91.151 		12.675
v 126.0515 		-91.6685 		12.675
v 133.061 		-91.212 		12.737
v 115.1502 		-93.7521 		12.4047
v 115.0912 		-93.7516 		11.93
v 115.0912 		-93.7516 		11.93
v 115.2762 		-93.7532 		13.418
v 115.2687 		-93.7531 		13.3582
v 126.0515 		-91.6685 		12.6756
v 135.1373 		-93.9267 		7.6571
v 124.8326 		-91.1398 		14.3933
v 124.8179 		-91.1397 		14.406
v 124.6298 		-91.138 		14.6174
v 124.6168 		-91.1379 		14.632
v 115.2762 		-93.7532 		13.418
v 124.309 		-93.832 		35.732
v 124.4468 		-91.1364 		14.881
v 126.528 		-93.851 		35.877
v 124.3108 		-91.1352 		15.151
v 124.2867 		-91.135 		15.22
v 109.5314 		-93.703 		12.6239
v 110.001 		-93.7071 		12.5653
v 128.747 		-93.871 		35.732
v 125.5894 		-91.1464 		13.9059
v 125.5709 		-91.1463 		13.912
v 109.5314 		-93.7028 		12.6239
v 125.671 		-91.1472 		13.8792
v 109.5314 		-93.7026 		12.6239
v 130.928 		-93.89 		35.298
v 125.2989 		-91.1439 		14.043
v 109.5314 		-93.7019 		12.6239
v 125.0631 		-91.1418 		14.1983
v 125.0468 		-91.1417 		14.209
v 114.688 		-93.7481 		11.9803
v 109.5315 		-93.7012 		12.6239
v 114.5784 		-93.7471 		11.994
v 114.463 		-93.7461 		11.9111
v 111.9752 		-93.7244 		10.1238
v 111.806 		-93.723 		10.377
v 109.5323 		-93.6088 		12.6239
v 111.5462 		-93.7206 		10.9043
v 111.806 		-93.7229 		10.377
v 111.806 		-93.7229 		10.377
v 122.128 		-93.813 		35.298
v 118.029 		-93.777 		33.6
v 120.023 		-93.794 		34.583
v 114.688 		-93.7481 		18.9274
v 110.001 		-93.7071 		18.5079
v 114.688 		-93.7481 		13.4915
v 110.001 		-93.7071 		14.0772
v 124.2173 		-91.1344 		15.4186
v 124.2109 		-91.1344 		15.437
v 124.1529 		-91.1339 		15.713
v 124.1489 		-91.1338 		15.732
v 124.1269 		-91.1337 		16.034
v 124.1439 		-91.1338 		16.335
v 143.5532 		-91.0827 		5.11
v 125.877 		-91.149 		13.8143
v 125.8579 		-91.1488 		13.818
v 109.5297 		-93.8965 		12.6239
v 143.5516 		-91.2344 		5.11
v 143.5489 		-91.5657 		5.11
v 109.5323 		-93.6088 		12.6239
v 143.547 		-91.777 		5.898
v 143.5512 		-91.2781 		5.11
v 109.5314 		-93.703 		18.4658
v 143.55 		-91.392 		5.974
v 109.5314 		-93.703 		18.4658
v 109.5314 		-93.7026 		18.4658
v 116.18 		-93.761 		32.364
v 109.5323 		-93.6091 		18.4658
v 109.5314 		-93.703 		14.1359
v 109.5314 		-93.703 		14.1359
v 109.5314 		-93.7023 		14.1359
v 109.5314 		-93.7018 		14.1359
v 109.5315 		-93.701 		14.1359
v 109.5323 		-93.6091 		14.1359
v 110.875 		-87.714 		25.383
v 109.5323 		-93.6091 		13.7797
v 109.5323 		-93.6091 		13.9902
v 143.5409 		-92.16 		5.7661
v 113.094 		-87.734 		29.226
v 143.541 		-92.148 		5.772
v 143.541 		-92.148 		5.772
v 111.859 		-87.723 		27.377
v 126.4859 		-87.8507 		13.744
v 126.6012 		-87.8517 		13.7524
v 143.541 		-92.1479 		5.772
v 143.5442 		-91.777 		5.898
v 143.5442 		-91.777 		5.898
v 109.5323 		-93.6092 		18.8396
v 109.5323 		-93.6093 		19.5
v 109.5705 		-93.6096 		19.5
v 109.5846 		-92.0187 		19.5
v 109.5323 		-93.6092 		18.9142
v 109.545 		-91.851 		5.772
v 110.161 		-87.708 		23.277
v 126.0033 		-91.6681 		12.6752
v 125.6081 		-91.6646 		12.6717
v 143.5442 		-91.7769 		5.898
v 143.5476 		-91.392 		5.974
v 143.5476 		-91.392 		5.974
v 125.994 		-91.668 		12.599
v 116.3217 		-87.7619 		6
v 114.688 		-87.7476 		6
v 109.552 		-91.094 		5.974
v 111.6146 		-87.7208 		10.8726
v 110.875 		-87.714 		12.372
v 128.4619 		-93.8684 		9.196
v 128.4702 		-93.8685 		9.177
v 128.513 		-93.8688 		9.078
v 128.5157 		-93.8689 		9.0586
v 128.5308 		-93.869 		8.958
v 128.528 		-93.869 		8.9386
v 128.513 		-93.8688 		8.838
v 128.5047 		-93.8688 		8.819
v 128.4619 		-93.8684 		8.72
v 128.4484 		-93.8683 		8.7018
v 143.5398 		-92.6189 		5.11
v 143.5351 		-93.11 		5.11
v 143.5349 		-93.1307 		5.11
v 143.538 		-92.826 		5.38
v 143.535 		-93.121 		5.121
v 124.6455 		-87.8346 		14.632
v 124.7229 		-87.8353 		14.5454
v 124.4755 		-87.8331 		14.881
v 124.3395 		-87.8319 		15.151
v 124.2399 		-87.8311 		15.437
v 124.2778 		-87.8314 		15.3274
v 127.9439 		-93.8639 		9.608
v 127.9719 		-93.8641 		9.5935
v 128.117 		-93.8654 		9.518
v 124.1779 		-87.8305 		15.732
v 124.2016 		-87.8307 		15.619
v 128.1404 		-93.8656 		9.5019
v 128.2619 		-93.8666 		9.418
v 124.1559 		-87.8303 		16.034
v 143.5341 		-93.1307 		5.11
v 128.3779 		-93.8677 		9.31
v 128.3915 		-93.8678 		9.2916
v 110.875 		-87.7143 		12.372
v 110.875 		-87.7143 		12.3719
v 109.5476 		-91.851 		5.772
v 109.5476 		-91.8532 		5.7709
v 109.5449 		-92.16 		5.6193
v 109.5509 		-91.479 		5.898
v 109.5509 		-91.479 		5.898
v 109.5509 		-91.4791 		5.898
v 109.5543 		-91.094 		5.974
v 109.5543 		-91.094 		5.974
v 109.5577 		-90.7031 		6
v 109.531 		-93.474 		4.148
v 109.537 		-92.824 		5.121
v 109.542 		-92.203 		5.598
v 127.7728 		-93.8619 		19.5957
v 128.1296 		-93.8651 		19.5988
v 128.2735 		-93.8663 		19.6
v 143.5248 		-94 		5.11
v 129.2583 		-93.8749 		19.6086
v 124.1729 		-87.8305 		16.335
v 109.5334 		-93.474 		4.148
v 109.5334 		-93.474 		4.148
v 109.5333 		-93.4918 		4.096
v 124.928 		-87.8371 		19.5
v 125.077 		-87.8388 		19.5
v 127.0748 		-93.8558 		19.5896
v 109.535 		-93.301 		4.5
v 109.535 		-93.301 		4.5
v 125.958 		-87.8466 		19.5
v 126.103 		-87.8478 		19.5
v 125.502 		-87.8425 		19.5
v 127.4611 		-93.8592 		19.593
v 125.7691 		-87.8449 		19.5
v 127.2421 		-93.8572 		19.5911
v 126.2213 		-87.8488 		19.5
v 126.5474 		-87.8517 		19.5
v 109.5369 		-93.083 		4.826
v 109.5369 		-93.0831 		4.826
v 126.3229 		-87.8497 		19.5
v 126.4141 		-87.8505 		19.5
v 143.5324 		-93.1306 		5.11
v 126.499 		-87.8513 		19.5
v 143.5325 		-93.121 		5.121
v 128.4159 		-91.1712 		17.2421
v 128.4269 		-91.1713 		17.226
v 126.581 		-87.852 		19.5
v 126.663 		-87.8527 		19.5
v 128.5629 		-91.1725 		16.956
v 143.5325 		-93.121 		5.121
v 143.5351 		-92.826 		5.38
v 128.6619 		-91.1734 		16.671
v 112.1066 		-87.7251 		14.9983
v 128.7199 		-91.1739 		16.3941
v 110.161 		-87.708 		14.477
v 143.5379 		-92.5 		5.598
v 109.5391 		-92.824 		5.121
v 109.5391 		-92.824 		5.121
v 126.7479 		-87.8534 		19.5
v 126.839 		-87.8542 		19.5
v 109.5417 		-92.529 		5.38
v 109.5417 		-92.529 		5.38
v 110.161 		-87.7081 		14.477
v 110.161 		-87.7081 		14.477
v 124.5259 		-93.834 		8.958
v 124.5429 		-93.8342 		9.078
v 126.9406 		-87.8551 		19.5
v 109.5446 		-92.203 		5.598
v 124.5512 		-93.8342 		9.097
v 124.5939 		-93.8346 		9.196
v 127.0149 		-91.159 		18.29
v 127.3019 		-91.1615 		18.196
v 127.5563 		-91.1637 		18.0725
v 124.6779 		-93.8353 		9.31
v 127.5739 		-91.1638 		18.064
v 124.794 		-93.8363 		9.418
v 124.8174 		-93.8366 		9.4341
v 127.8105 		-91.1659 		17.9096
v 127.8268 		-91.1661 		17.899
v 124.9164 		-93.8374 		8.4151
v 124.794 		-93.8363 		8.499
v 124.6779 		-93.8353 		8.607
v 124.5939 		-93.8346 		8.72
v 124.5857 		-93.8345 		8.739
v 124.5429 		-93.8342 		8.838
v 124.9398 		-93.8376 		9.518
v 124.9677 		-93.8379 		9.5325
v 125.1119 		-93.8391 		9.608
v 125.309 		-93.8408 		9.688
v 125.5269 		-93.8428 		9.754
v 124.2561 		-87.8316 		19.5
v 125.7619 		-93.8448 		9.808
v 125.309 		-93.8408 		8.229
v 125.1119 		-93.8391 		8.308
v 125.084 		-93.8389 		8.3227
v 124.9398 		-93.8376 		8.399
v 124.4549 		-87.8329 		17.191
v 126.0099 		-93.847 		9.846
v 124.6209 		-87.8344 		17.444
v 124.5573 		-87.8338 		17.3471
v 126.2669 		-93.8492 		9.87
v 124.8179 		-87.8361 		17.673
v 124.7424 		-87.8354 		17.5853
v 126.3091 		-93.8496 		9.8711
v 126.528 		-93.8515 		9.877
v 126.5701 		-93.8519 		9.8759
v 126.7898 		-93.8538 		9.87
v 125.0435 		-87.8381 		17.874
v 124.9573 		-87.8373 		17.797
v 125.2929 		-87.8402 		18.044
v 125.1971 		-87.8394 		17.9789
v 128.3779 		-93.8677 		8.607
v 125.5629 		-87.8426 		18.18
v 125.4594 		-87.8417 		18.1279
v 125.8479 		-87.8451 		18.28
v 126.1439 		-87.8477 		18.341
v 126.4455 		-87.8503 		18.364
v 126.3302 		-87.8493 		18.3552
v 126.7469 		-87.853 		18.347
v 126.6312 		-87.8519 		18.3535
v 128.2619 		-93.8666 		8.499
v 128.2385 		-93.8664 		8.4829
v 128.117 		-93.8654 		8.399
v 128.089 		-93.8651 		8.3843
v 127.9439 		-93.8639 		8.308
v 127.7469 		-93.8621 		8.229
v 127.7118 		-93.8618 		8.2182
v 127.0468 		-93.856 		9.846
v 127.2948 		-93.8582 		9.808
v 127.3327 		-93.8585 		9.7993
v 127.529 		-93.8602 		9.754
v 124.2295 		-87.831 		16.632
v 124.208 		-87.8308 		16.5182
v 124.3239 		-87.8318 		16.919
v 124.2875 		-87.8315 		16.809
v 127.5641 		-93.8605 		9.7433
v 127.7469 		-93.8621 		9.688
v 112.274 		-87.7265 		19.5
v 143.5272 		-94 		3
v 143.528 		-93.898 		2.224
v 143.5254 		-94 		3
v 143.36 		-93.9985 		3
v 143.547 		-91.777 		0.102
v 143.55 		-91.392 		0.026
v 109.53 		-93.601 		2.224
v 109.529 		-93.677 		2.608
v 109.529 		-93.677 		3.392
v 109.529 		-93.703 		3
v 109.53 		-93.601 		3.776
v 128.462 		-93.8682 		9.196
v 128.4702 		-93.8683 		9.177
v 128.513 		-93.8687 		9.078
v 128.5157 		-93.8687 		9.0586
v 128.5308 		-93.8688 		8.958
v 128.528 		-93.8688 		8.9386
v 128.513 		-93.8687 		8.838
v 128.5047 		-93.8686 		8.819
v 143.533 		-93.38 		1.174
v 143.531 		-93.598 		1.5
v 128.462 		-93.8683 		8.72
v 128.4484 		-93.8681 		8.7018
v 128.3779 		-93.8675 		8.607
v 109.5326 		-93.5648 		3.8822
v 128.2619 		-93.8665 		8.499
v 128.2385 		-93.8663 		8.4829
v 128.117 		-93.8653 		8.399
v 128.089 		-93.865 		8.3843
v 127.9439 		-93.8638 		8.308
v 143.538 		-92.826 		0.62
v 143.535 		-93.121 		0.879
v 109.5314 		-93.703 		3
v 127.9207 		-93.8636 		8.2987
v 109.5314 		-93.7025 		3.0085
v 109.5314 		-93.7024 		3.0096
v 109.5317 		-93.677 		3.392
v 109.5317 		-93.677 		3.3919
v 109.5323 		-93.601 		3.776
v 109.5323 		-93.601 		3.776
v 127.7374 		-93.8619 		9.6909
v 127.7469 		-93.862 		9.688
v 127.9439 		-93.8637 		9.608
v 127.9719 		-93.8639 		9.5935
v 128.117 		-93.8652 		9.518
v 109.545 		-91.851 		0.228
v 128.1404 		-93.8654 		9.5019
v 128.2619 		-93.8665 		9.418
v 128.3779 		-93.8675 		9.31
v 128.3915 		-93.8676 		9.2916
v 139.7744 		-93.9672 		3
v 139.264 		-93.9628 		3
v 126.916 		-62.322 		0
v 126.787 		-62.346 		0
v 126.656 		-62.354 		0
v 126.525 		-62.344 		0
v 126.397 		-62.317 		0
v 126.273 		-62.274 		0
v 126.156 		-62.215 		0
v 126.047 		-62.141 		0
v 125.95 		-62.054 		0
v 125.864 		-61.955 		0
v 125.792 		-61.845 		0
v 125.735 		-61.727 		0
v 125.694 		-61.602 		0
v 125.67 		-61.473 		0
v 127.657 		-61.491 		0
v 137.1534 		-93.9443 		5.6323
v 127.631 		-61.619 		0
v 136.877 		-93.942 		5.39
v 127.587 		-61.743 		0
v 127.528 		-61.86 		0
v 127.455 		-61.969 		0
v 136.877 		-93.9419 		5.39
v 127.367 		-62.066 		0
v 127.268 		-62.152 		0
v 127.158 		-62.224 		0
v 127.04 		-62.281 		0
v 125.662 		-61.343 		0
v 125.672 		-61.212 		0
v 125.699 		-61.083 		0
v 125.742 		-60.96 		0
v 125.801 		-60.843 		0
v 139.1323 		-93.9616 		3
v 135.168 		-93.927 		3
v 125.875 		-60.734 		0
v 126.804 		-60.359 		0
v 126.673 		-60.349 		0
v 126.933 		-60.385 		0
v 125.962 		-60.636 		0
v 126.061 		-60.551 		0
v 126.171 		-60.479 		0
v 126.289 		-60.422 		0
v 125.3186 		-93.8406 		9.6909
v 125.527 		-93.8424 		9.754
v 126.414 		-60.381 		0
v 125.762 		-93.8444 		9.808
v 126.543 		-60.356 		0
v 127.056 		-60.429 		0
v 125.309 		-93.8406 		8.229
v 127.173 		-60.488 		0
v 125.1353 		-93.8391 		8.2987
v 127.282 		-60.561 		0
v 127.38 		-60.649 		0
v 127.465 		-60.748 		0
v 127.537 		-60.858 		0
v 127.594 		-60.976 		0
v 127.635 		-61.1 		0
v 126.0099 		-93.8466 		9.846
v 127.66 		-61.229 		0
v 126.267 		-93.8488 		9.87
v 127.667 		-61.36 		0
v 126.3091 		-93.8491 		9.8711
v 126.528 		-93.851 		9.877
v 126.528 		-93.851 		9.877
v 126.5701 		-93.8514 		9.8759
v 126.7898 		-93.8534 		9.87
v 127.7469 		-93.862 		8.229
v 127.7118 		-93.8617 		8.2182
v 127.0468 		-93.8557 		9.846
v 127.2948 		-93.8579 		9.808
v 127.3327 		-93.8583 		9.7993
v 127.529 		-93.86 		9.754
v 127.5641 		-93.8603 		9.7433
v 124.5259 		-93.8338 		8.958
v 124.5429 		-93.8339 		9.078
v 124.5512 		-93.834 		9.097
v 124.5939 		-93.8343 		9.196
v 135.028 		-93.926 		4.155
v 124.678 		-93.8351 		9.31
v 124.794 		-93.8361 		9.418
v 124.8174 		-93.8363 		9.4341
v 135.028 		-93.9258 		4.155
v 124.9164 		-93.8372 		8.4151
v 124.794 		-93.8361 		8.499
v 124.678 		-93.8351 		8.607
v 124.5939 		-93.8344 		8.72
v 134.4333 		-93.9206 		3
v 131.0861 		-93.8913 		3
v 124.5857 		-93.8343 		8.739
v 134.163 		-93.9182 		3.7281
v 124.5429 		-93.8339 		8.838
v 124.9398 		-93.8373 		9.518
v 124.9677 		-93.8376 		9.5325
v 125.1119 		-93.8388 		9.608
v 125.309 		-93.8406 		9.688
v 125.1119 		-93.8389 		8.308
v 125.084 		-93.8386 		8.3227
v 124.9398 		-93.8374 		8.399
v 130.3976 		-93.8853 		4.4357
v 128.3139 		-93.8671 		5.3122
v 124.8466 		-87.8363 		9.418
v 124.9261 		-87.8371 		9.4728
v 124.8466 		-87.8363 		8.499
v 124.9125 		-87.8369 		8.4538
v 124.992 		-87.8376 		9.518
v 125.1646 		-87.8391 		9.608
v 125.0869 		-87.8385 		9.5674
v 125.3616 		-87.8409 		9.688
v 125.5796 		-87.8428 		9.754
v 125.8146 		-87.8448 		9.808
v 125.3616 		-87.8409 		8.229
v 125.1646 		-87.8391 		8.308
v 125.0697 		-87.8383 		8.3579
# 1301 vertices

g group_5_6383466

usemtl color_6383466
s 0

f 6244 	4960 	4961
f 4970 	4965 	4967
f 4963 	4967 	4965
f 4965 	4970 	4961
f 4965 	4961 	4960
f 4974 	4969 	4975
f 4968 	4975 	4969
f 4959 	4958 	4978
f 4980 	4959 	4978
f 4980 	4981 	4962
f 4980 	4962 	4959
f 4981 	4977 	4962
f 5249 	4985 	4986
f 4988 	4989 	4987
f 4990 	4988 	4987
f 4987 	5801 	4990
f 4991 	4990 	5801
f 5801 	5976 	5069
f 5255 	5256 	4993
f 4992 	4988 	4990
f 5257 	4993 	4994
f 4991 	4992 	4990
f 4989 	4997 	4987
f 4998 	4999 	5000
f 4998 	5000 	5001
f 4995 	4996 	4999
f 5000 	4999 	4996
f 5523 	5517 	4989
f 4988 	5523 	4989
f 4998 	5001 	5003
f 5002 	5003 	5001
f 4992 	5523 	4988
f 5004 	5003 	5002
f 5004 	5002 	5005
f 5006 	5007 	5008
f 5006 	5008 	5009
f 5008 	5007 	5005
f 5004 	5005 	5007
f 5017 	6102 	5013
f 4965 	6245 	4963
f 4964 	4972 	5013
f 5006 	5009 	5027
f 5026 	5027 	5009
f 5019 	5018 	5028
f 5037 	5028 	5018
f 5074 	5019 	5028
f 5029 	5027 	5026
f 5029 	5026 	5031
f 5059 	5034 	5016
f 5059 	5016 	5014
f 5035 	5036 	5033
f 5032 	5033 	5036
f 5018 	5016 	5037
f 5034 	5037 	5016
f 5035 	5033 	5031
f 5031 	5033 	5029
f 5021 	4992 	5023
f 5038 	4992 	5021
f 5030 	5012 	4992
f 5015 	4992 	5012
f 5039 	5040 	5032
f 5039 	5032 	5036
f 5040 	5039 	5042
f 5041 	5042 	5039
f 5041 	5044 	5042
f 5043 	5042 	5044
f 5047 	5048 	5046
f 5045 	5046 	5048
f 5010 	4992 	5020
f 5038 	5030 	4992
f 5047 	5046 	5043
f 5047 	5043 	5044
f 5045 	5048 	5052
f 5051 	5052 	5048
f 5054 	6102 	5053
f 5053 	6102 	5017
f 5055 	5265 	5051
f 5011 	4969 	5057
f 4974 	5057 	4969
f 5058 	5011 	5057
f 5058 	5059 	5014
f 5058 	5014 	5011
f 5061 	5050 	5060
f 5754 	5060 	5050
f 6181 	5247 	5245
f 5983 	5050 	5069
f 5069 	5050 	5061
f 5060 	5754 	5065
f 5754 	5846 	5065
f 5062 	5068 	5063
f 5066 	5063 	5070
f 5068 	5070 	5063
f 4991 	5801 	5069
f 5070 	5067 	5066
f 5258 	6190 	6192
f 5073 	5071 	5074
f 4992 	5065 	5056
f 4992 	5056 	5049
f 4992 	5049 	5025
f 5023 	4992 	5025
f 5258 	6192 	5246
f 5019 	5074 	5071
f 5073 	5072 	5071
f 4991 	5069 	4992
f 5065 	4992 	5069
f 5061 	5060 	5069
f 5065 	5069 	5060
f 5015 	5020 	4992
f 5260 	6195 	5263
f 5010 	5804 	5078
f 5528 	5020 	5015
f 5078 	5805 	5079
f 5076 	5079 	5805
f 5342 	6206 	6161
f 5079 	4992 	5078
f 5418 	5523 	5076
f 5082 	5080 	5083
f 5085 	6102 	5084
f 5086 	6102 	5085
f 5084 	6102 	5054
f 5080 	5081 	5083
f 5082 	4983 	5080
f 5084 	5054 	5375
f 5010 	5078 	4992
f 5053 	5375 	5054
f 5079 	5076 	4992
f 5091 	4987 	5090
f 5094 	4987 	5093
f 5091 	5093 	4987
f 5309 	5097 	5098
f 5097 	5310 	5096
f 5313 	5101 	5100
f 5099 	5100 	5102
f 5230 	6169 	6170
f 5101 	5313 	5098
f 5099 	5102 	5104
f 5103 	5104 	5102
f 5104 	5103 	5108
f 5107 	5108 	5103
f 5110 	5108 	5107
f 5110 	5107 	5111
f 5114 	5115 	5113
f 5112 	5113 	5115
f 5109 	5116 	5106
f 5114 	5113 	5111
f 5111 	5113 	5110
f 5112 	5115 	5120
f 5119 	5120 	5115
f 5120 	5119 	5123
f 5122 	5123 	5119
f 4995 	5123 	4996
f 5122 	4996 	5123
f 5124 	6102 	5086
f 5125 	6102 	5124
f 5126 	6102 	5125
f 5085 	5854 	5086
f 5124 	5855 	5125
f 5128 	5129 	5127
f 5426 	5427 	5130
f 5815 	5914 	5784
f 5250 	6185 	6186
f 5135 	5617 	5134
f 5136 	5134 	5617
f 6195 	5260 	5259
f 5117 	5857 	5116
f 5137 	5572 	5138
f 5138 	5617 	5140
f 5139 	5140 	5617
f 5132 	5617 	5135
f 5133 	5617 	5132
f 5139 	5617 	5133
f 6158 	5198 	6157
f 5143 	6102 	5126
f 5144 	6102 	5143
f 5198 	6158 	5201
f 5146 	5133 	5145
f 5132 	5145 	5133
f 5125 	5855 	5126
f 5126 	5855 	5143
f 5178 	5142 	5106
f 5135 	5134 	5148
f 5147 	5148 	5134
f 5145 	5132 	5148
f 5135 	5148 	5132
f 5147 	5134 	5149
f 5136 	5149 	5134
f 5136 	5150 	5149
f 5150 	6246 	5151
f 5222 	6153 	5223
f 5142 	6019 	5106
f 5342 	6161 	5225
f 5225 	6161 	5226
f 5089 	5090 	4987
f 5153 	5089 	4987
f 4987 	4997 	5153
f 5154 	5153 	4997
f 5158 	5517 	5157
f 5160 	5517 	5159
f 5239 	6175 	6176
f 5161 	5162 	5517
f 5158 	5159 	5517
f 5162 	5163 	5517
f 5168 	5152 	6249
f 5121 	6094 	5169
f 5171 	5172 	5173
f 6248 	5137 	5168
f 5169 	5171 	5173
f 5169 	5173 	5121
f 5138 	5174 	5170
f 5138 	5170 	5137
f 6186 	5252 	5250
f 5174 	5138 	5175
f 5140 	5175 	5138
f 5253 	5252 	6186
f 5140 	5139 	5175
f 5176 	5175 	5139
f 5253 	6187 	6190
f 5163 	5164 	5517
f 5166 	5181 	5517
f 5164 	5166 	5517
f 5133 	5146 	5176
f 5133 	5176 	5139
f 5182 	5183 	5517
f 4997 	4989 	5517
f 5181 	5182 	5517
f 5151 	6247 	5180
f 5177 	5141 	5178
f 5142 	5178 	5141
f 5909 	5911 	5172
f 6250 	6252 	5180
f 5184 	4997 	5517
f 5169 	5167 	5171
f 5167 	5165 	5912
f 6199 	5314 	5266
f 5314 	6199 	5331
f 5094 	5093 	6075
f 5188 	4997 	5184
f 5183 	5184 	5517
f 5333 	6201 	5336
f 5192 	6258 	5191
f 5339 	5336 	6204
f 5152 	5191 	4979
f 6157 	5196 	5194
f 5198 	5196 	6157
f 5148 	5147 	5168
f 5149 	5150 	5168
f 5147 	5149 	5168
f 5152 	5168 	5150
f 5151 	5152 	5150
f 5168 	5170 	5148
f 5170 	5174 	5148
f 5145 	5148 	5175
f 5175 	5148 	5174
f 5175 	5176 	5145
f 5146 	5145 	5176
f 5205 	6245 	5204
f 5207 	6245 	5205
f 5209 	4997 	5189
f 5206 	6147 	5210
f 5180 	5185 	5191
f 5152 	5151 	5191
f 5151 	5180 	5191
f 5192 	5191 	5185
f 5190 	5192 	5185
f 5185 	5186 	5190
f 5128 	5190 	5186
f 5128 	5187 	5129
f 5212 	5214 	4963
f 5187 	5128 	5186
f 5013 	4963 	5214
f 5846 	5754 	5216
f 5221 	6245 	5220
f 5224 	6245 	5221
f 5202 	5835 	5208
f 6154 	6155 	5223
f 5100 	5099 	5052
f 4999 	5046 	4995
f 4998 	5046 	4999
f 5003 	5046 	4998
f 5004 	5046 	5003
f 5006 	5046 	5007
f 5027 	5046 	5006
f 5029 	5046 	5027
f 5033 	5046 	5029
f 5032 	5040 	5033
f 5042 	5033 	5040
f 5042 	5043 	5033
f 5046 	5045 	5104
f 5052 	5104 	5045
f 5204 	6245 	5224
f 5007 	5046 	5004
f 5840 	5208 	5835
f 5046 	5033 	5043
f 5216 	5208 	5840
f 5218 	5220 	6245
f 4964 	5013 	5214
f 5211 	5212 	4963
f 5207 	5211 	4963
f 5108 	5046 	5104
f 5099 	5104 	5052
f 5113 	5046 	5110
f 5112 	5046 	5113
f 5120 	5046 	5112
f 5123 	5046 	5120
f 5230 	6170 	5231
f 5110 	5046 	5108
f 4972 	4964 	5264
f 5231 	6170 	5232
f 4995 	5046 	5123
f 5131 	6255 	5234
f 6147 	5206 	5233
f 5298 	5299 	5205
f 5298 	5205 	5204
f 6176 	5242 	5239
f 5207 	5300 	5211
f 5243 	5242 	6176
f 5200 	5997 	5241
f 5302 	5212 	5301
f 5211 	5301 	5212
f 5261 	4964 	5214
f 5218 	6083 	6213
f 4982 	4984 	5234
f 5235 	5234 	4984
f 5218 	5306 	5220
f 5249 	5251 	4985
f 5220 	5308 	5221
f 5235 	4984 	5251
f 4985 	5251 	4984
f 4986 	4993 	5256
f 5249 	4986 	5256
f 6190 	5254 	5253
f 5258 	5254 	6190
f 5257 	5255 	4993
f 5241 	5240 	5863
f 4994 	5095 	5257
f 5262 	5052 	5051
f 5261 	5264 	4964
f 5262 	5051 	5265
f 5908 	5912 	5165
f 5177 	5178 	5165
f 5178 	5908 	5165
f 5154 	4997 	5209
f 5189 	4997 	5188
f 5200 	5999 	5997
f 5200 	5202 	5999
f 5105 	5355 	5106
f 5106 	5355 	5267
f 5106 	5267 	5109
f 5267 	5116 	5109
f 5116 	5267 	5117
f 5873 	5157 	5517
f 5160 	5161 	5517
f 5267 	5081 	5117
f 5118 	5117 	5081
f 5087 	5268 	5969
f 5087 	5088 	5268
f 5275 	5278 	5276
f 5277 	5280 	5275
f 5987 	5986 	5279
f 5280 	5278 	5275
f 5273 	5282 	5274
f 5992 	5987 	5237
f 5281 	5283 	5273
f 5283 	5282 	5273
f 5997 	5996 	5241
f 5240 	5241 	5996
f 5996 	5992 	5240
f 5237 	5240 	5992
f 5285 	5287 	5286
f 5294 	5288 	5285
f 5288 	5287 	5285
f 5268 	5468 	5271
f 5289 	5293 	5290
f 5292 	5293 	5289
f 5080 	5268 	5081
f 4959 	5268 	4958
f 4959 	4962 	5268
f 5156 	6016 	5216
f 5224 	5297 	5204
f 4969 	5268 	4968
f 4969 	5011 	5268
f 5207 	5205 	5299
f 5207 	5299 	5300
f 5014 	5016 	5268
f 5298 	5204 	5297
f 5018 	5019 	5268
f 5301 	5211 	5300
f 5189 	6071 	5209
f 5216 	6015 	5208
f 5063 	5268 	5062
f 6071 	5153 	5209
f 5212 	5302 	5214
f 6071 	6072 	5153
f 5154 	5209 	5153
f 5066 	5268 	5063
f 5303 	5214 	5302
f 5066 	5067 	5268
f 5214 	5303 	5261
f 5419 	5765 	5588
f 5257 	5095 	5305
f 5019 	5071 	5268
f 5306 	5218 	6213
f 5096 	5307 	5095
f 5305 	5095 	5307
f 5071 	5072 	5268
f 5308 	5220 	5306
f 5310 	5097 	5309
f 5221 	5308 	5311
f 5016 	5018 	5268
f 5011 	5014 	5268
f 5307 	5096 	5310
f 5311 	5312 	5221
f 5224 	5221 	5312
f 4977 	5268 	4962
f 5101 	5102 	5100
f 5312 	5297 	5224
f 4983 	5268 	5080
f 5279 	5237 	5987
f 5309 	5098 	5313
f 6207 	6205 	5302
f 5302 	5301 	6207
f 6208 	6207 	5301
f 6209 	6208 	5301
f 5299 	6209 	5300
f 5202 	6003 	5999
f 5235 	5251 	5592
f 5591 	5592 	5251
f 5582 	5591 	5251
f 5249 	5582 	5251
f 5256 	5583 	5249
f 5301 	5300 	6209
f 5305 	5307 	5602
f 5297 	6211 	5298
f 5602 	5603 	5305
f 5598 	5599 	5309
f 5052 	5262 	5100
f 5265 	5598 	5309
f 5308 	6216 	5311
f 5306 	6218 	5308
f 6213 	6218 	5306
f 5311 	6214 	5312
f 5208 	6004 	5202
f 5599 	5602 	5307
f 5310 	5309 	5599
f 5307 	5310 	5599
f 5313 	5100 	5265
f 5313 	5265 	5309
f 5262 	5265 	5100
f 5295 	5316 	5296
f 5319 	5316 	5295
f 5284 	5319 	5295
f 5317 	5372 	5320
f 5137 	6248 	5572
f 5320 	5372 	5322
f 5325 	5334 	5329
f 5325 	5329 	5330
f 5330 	5329 	5332
f 5321 	5372 	5328
f 5322 	5372 	5321
f 5268 	5064 	5468
f 5328 	5372 	5327
f 5334 	5881 	5329
f 6202 	6204 	5336
f 5335 	5372 	5338
f 5327 	5372 	5335
f 6204 	5342 	5339
f 5268 	5022 	5487
f 5338 	5372 	5337
f 5343 	5337 	5684
f 5341 	5343 	5684
f 5349 	5350 	5347
f 5349 	5347 	5355
f 5347 	5354 	5355
f 5352 	5351 	5356
f 5346 	5341 	5684
f 5348 	5346 	5684
f 5404 	5403 	5465
f 5405 	5404 	5465
f 5403 	5402 	5465
f 5366 	5450 	5367
f 5365 	5366 	5367
f 5367 	5357 	5365
f 5370 	5496 	5371
f 5368 	5496 	5370
f 5373 	5496 	5374
f 5454 	5455 	5496
f 5376 	5374 	5456
f 5397 	5394 	5423
f 5344 	5345 	5423
f 5378 	5457 	5381
f 5381 	5457 	5382
f 5382 	5458 	5383
f 5384 	5385 	5423
f 5389 	5279 	5986
f 5391 	5390 	5460
f 5422 	5395 	5392
f 5393 	5360 	5396
f 5936 	5357 	5425
f 5369 	5425 	5357
f 5367 	5369 	5357
f 5398 	5396 	5360
f 5422 	5423 	5394
f 5394 	5395 	5422
f 5360 	5361 	5398
f 5369 	5367 	5401
f 5939 	5936 	5401
f 5304 	5413 	5379
f 5353 	5348 	5684
f 5412 	5413 	5304
f 5832 	5824 	5413
f 5325 	5411 	5367
f 5407 	5408 	5684
f 5406 	5684 	5408
f 5866 	5832 	5413
f 5411 	5332 	5367
f 5412 	5304 	5417
f 5416 	5417 	5304
f 5304 	5379 	5416
f 5415 	5409 	5730
f 6015 	5216 	6016
f 5414 	5415 	5730
f 5430 	5518 	5379
f 5419 	5588 	5372
f 5684 	5730 	5409
f 5410 	5407 	5684
f 5409 	5410 	5684
f 5420 	5418 	5815
f 5421 	5418 	5420
f 5076 	5815 	5418
f 5379 	5375 	5430
f 6256 	5326 	5424
f 5324 	5387 	5423
f 5387 	5384 	5423
f 5385 	5344 	5423
f 5345 	5340 	5423
f 5340 	5397 	5423
f 5406 	5353 	5684
f 5369 	5401 	5425
f 5330 	5411 	5325
f 5324 	5326 	5426
f 5427 	5426 	5326
f 5401 	5367 	5332
f 5332 	5411 	5330
f 5127 	5427 	5326
f 5589 	5179 	5372
f 5684 	5372 	5179
f 5401 	5332 	5898
f 5582 	5345 	5344
f 5366 	5365 	5356
f 5578 	5340 	5584
f 5345 	5584 	5340
f 5385 	5591 	5344
f 5429 	5357 	5428
f 5352 	5428 	5357
f 5357 	5429 	5365
f 5356 	5428 	5352
f 5592 	5591 	5384
f 5837 	5517 	5430
f 5387 	5595 	5384
f 5076 	5805 	5815
f 5592 	5384 	5595
f 5426 	5595 	5324
f 5387 	5324 	5595
f 5392 	5598 	5055
f 5365 	5429 	5356
f 5363 	5465 	5362
f 5429 	5428 	5356
f 5380 	5391 	5449
f 5434 	5431 	5730
f 5434 	5730 	5433
f 5433 	5730 	5435
f 5441 	5437 	5318
f 5437 	5435 	5318
f 5442 	5358 	5443
f 5399 	5398 	5361
f 5446 	5359 	5393
f 5443 	5359 	5446
f 5448 	5447 	5356
f 5452 	5358 	5440
f 5438 	5436 	5452
f 5436 	5380 	5449
f 5460 	5449 	5391
f 5449 	5452 	5436
f 5440 	5438 	5452
f 5451 	5325 	5450
f 5450 	5325 	5367
f 5402 	5400 	5362
f 5400 	5399 	5362
f 5361 	5362 	5399
f 5360 	5393 	5359
f 5442 	5440 	5358
f 5359 	5443 	5358
f 5431 	5432 	5730
f 5432 	5414 	5730
f 5377 	5376 	5456
f 5378 	5377 	5456
f 5457 	5378 	5456
f 5458 	5382 	5457
f 5460 	5388 	5459
f 5459 	5386 	5458
f 5390 	5388 	5460
f 5386 	5459 	5388
f 5383 	5458 	5386
f 5455 	5456 	5496
f 5496 	5456 	5374
f 5371 	5496 	5373
f 5461 	5462 	5463
f 5017 	6037 	5053
f 5375 	5053 	6021
f 5085 	5084 	5823
f 5364 	5466 	5465
f 5466 	5467 	5465
f 5467 	5469 	5465
f 5469 	5461 	5465
f 5461 	5463 	5465
f 5463 	5470 	5465
f 5470 	5464 	5465
f 5350 	5465 	5464
f 5472 	5354 	5270
f 5476 	5496 	5477
f 5478 	5477 	5496
f 5479 	5478 	5496
f 5480 	5479 	5496
f 5481 	5480 	5496
f 5481 	5496 	5482
f 5468 	5064 	5484
f 5482 	5496 	5483
f 5484 	5271 	5468
f 5402 	5362 	5465
f 5364 	5465 	5363
f 5268 	5489 	5491
f 5492 	5490 	5465
f 5494 	5493 	5465
f 5493 	5492 	5465
f 5490 	5488 	5465
f 5488 	5486 	5465
f 5486 	5485 	5465
f 5485 	5405 	5465
f 5474 	5496 	5476
f 5495 	5465 	5474
f 5496 	5474 	5465
f 5495 	5494 	5465
f 5453 	5454 	5496
f 5483 	5496 	5368
f 5451 	5450 	5356
f 5499 	5496 	5498
f 5497 	5498 	5496
f 5472 	5497 	5496
f 5499 	5453 	5496
f 5496 	5354 	5472
f 5270 	5272 	5072
f 5073 	5074 	5270
f 5270 	5037 	5034
f 5270 	5034 	5059
f 5270 	5059 	5058
f 5269 	5270 	5267
f 5272 	5270 	5354
f 5267 	4958 	4983
f 5503 	5567 	5502
f 5501 	5502 	5567
f 5504 	5567 	5503
f 5505 	5529 	5504
f 5506 	5548 	5505
f 5523 	4992 	5076
f 5417 	5416 	5508
f 5418 	5421 	5508
f 5417 	5508 	5421
f 5510 	5511 	5613
f 5508 	5523 	5418
f 5511 	5512 	5613
f 6031 	6029 	5321
f 5416 	5521 	5508
f 5557 	5613 	5513
f 5665 	5664 	5414
f 5514 	5557 	5513
f 5515 	5557 	5514
f 5275 	5276 	5532
f 5521 	5416 	5379
f 5523 	5508 	5521
f 5275 	5532 	5277
f 5515 	5519 	5557
f 5521 	5518 	5517
f 5521 	5517 	5523
f 5521 	5379 	5518
f 5524 	5525 	5555
f 5554 	5555 	5525
f 5516 	5551 	5527
f 5527 	5554 	5526
f 5531 	5504 	5530
f 5532 	5295 	5296
f 5532 	5273 	5274
f 5534 	5567 	5533
f 5533 	5504 	5531
f 5535 	5567 	5534
f 5389 	5528 	5279
f 5532 	5676 	5668
f 5506 	5553 	5544
f 5444 	5102 	5542
f 5542 	5102 	5541
f 5541 	5097 	5547
f 5548 	5506 	5545
f 5547 	5096 	5546
f 5532 	5281 	5273
f 5546 	5095 	5800
f 5549 	5505 	5548
f 5529 	5505 	5549
f 5530 	5504 	5529
f 5532 	5284 	5295
f 5701 	6084 	5550
f 5551 	5516 	5539
f 5543 	5553 	5539
f 5545 	5506 	5544
f 5764 	5808 	5552
f 5543 	5544 	5553
f 5536 	5567 	5535
f 5537 	5567 	5536
f 5538 	5567 	5537
f 5551 	5539 	5553
f 5473 	5717 	5552
f 5512 	5513 	5613
f 5519 	5520 	5557
f 5522 	5524 	5556
f 5555 	5556 	5524
f 5525 	5526 	5554
f 5551 	5554 	5527
f 5522 	5556 	5520
f 5557 	5520 	5556
f 5561 	5613 	5560
f 5559 	5560 	5613
f 5558 	5559 	5613
f 5602 	5599 	5394
f 5562 	5563 	5564
f 5670 	5669 	5444
f 5394 	5397 	5602
f 5340 	5578 	5397
f 5564 	5567 	5568
f 5563 	5567 	5564
f 5570 	5567 	5569
f 5571 	5567 	5570
f 5500 	5501 	5567
f 5571 	5500 	5567
f 5563 	5569 	5567
f 5349 	5566 	5567
f 5566 	5568 	5567
f 5267 	5355 	5269
f 5127 	5129 	5427
f 5129 	5130 	5427
f 5532 	5573 	5647
f 5617 	5138 	5572
f 5573 	5532 	5576
f 5748 	5574 	6023
f 5532 	5356 	5576
f 5419 	5372 	5574
f 5579 	5419 	5574
f 5579 	5574 	5581
f 5582 	5583 	5584
f 5584 	5345 	5582
f 5532 	5325 	5585
f 5766 	5419 	5579
f 5588 	5589 	5372
f 5582 	5344 	5591
f 5385 	5384 	5591
f 5612 	5585 	5325
f 5594 	5613 	5593
f 5593 	5613 	5590
f 5532 	5585 	5356
f 5597 	5507 	5613
f 5598 	5265 	5055
f 5596 	5597 	5613
f 5557 	5558 	5613
f 5507 	5509 	5613
f 5509 	5510 	5613
f 5392 	5395 	5599
f 5681 	5680 	5437
f 5598 	5392 	5599
f 5601 	5567 	5600
f 5395 	5394 	5599
f 5603 	5602 	5397
f 5578 	5603 	5397
f 5573 	5607 	5647
f 5130 	5131 	5426
f 5605 	5567 	5604
f 5607 	5573 	5576
f 5607 	5576 	5610
f 5611 	5567 	5609
f 5608 	5567 	5606
f 5592 	5595 	5234
f 5131 	5234 	5426
f 5595 	5426 	5234
f 5234 	5235 	5592
f 5582 	5249 	5583
f 5356 	5610 	5576
f 5256 	5255 	5584
f 5583 	5256 	5584
f 5604 	5567 	5601
f 5538 	5600 	5567
f 5605 	5606 	5567
f 5608 	5609 	5567
f 5504 	5533 	5567
f 5257 	5305 	5578
f 5578 	5584 	5255
f 5603 	5578 	5305
f 5567 	5611 	5577
f 5580 	5613 	5577
f 5586 	5613 	5580
f 5587 	5613 	5586
f 5587 	5590 	5613
f 5596 	5613 	5594
f 5567 	5577 	5613
f 5255 	5257 	5578
f 5614 	5613 	5561
f 5585 	5612 	5356
f 5197 	5199 	5318
f 5422 	5318 	5199
f 5575 	5613 	5616
f 5615 	5616 	5613
f 5575 	5355 	5613
f 5614 	5615 	5613
f 5675 	5674 	5431
f 5575 	5269 	5355
f 5532 	6125 	5682
f 5285 	5286 	5532
f 5505 	5359 	5358
f 5505 	5358 	5506
f 5504 	5360 	5359
f 5504 	5359 	5505
f 5503 	5361 	5360
f 5503 	5360 	5504
f 5502 	5362 	5361
f 5502 	5361 	5503
f 5502 	5501 	5363
f 5502 	5363 	5362
f 5532 	5668 	5291
f 5675 	5431 	5434
f 5501 	5500 	5364
f 5501 	5364 	5363
f 5553 	5449 	5551
f 5553 	5452 	5449
f 5553 	5506 	5452
f 5358 	5452 	5506
f 5561 	5453 	5614
f 5560 	5454 	5453
f 5560 	5453 	5561
f 5559 	5455 	5454
f 5559 	5454 	5560
f 5558 	5456 	5455
f 5558 	5455 	5559
f 5557 	5457 	5456
f 5557 	5456 	5558
f 5556 	5458 	5457
f 5556 	5457 	5557
f 5555 	5459 	5458
f 5555 	5458 	5556
f 5554 	5460 	5459
f 5554 	5459 	5555
f 5449 	5460 	5551
f 5551 	5460 	5554
f 5532 	5294 	5285
f 5622 	5619 	5621
f 4977 	4981 	5267
f 5270 	4968 	5267
f 4977 	5267 	4968
f 4975 	4968 	5270
f 4974 	4975 	5270
f 5619 	5622 	5623
f 5512 	5374 	5376
f 5267 	4981 	4978
f 5267 	4978 	4958
f 4980 	4978 	4981
f 5378 	5515 	5377
f 5623 	5625 	5619
f 5687 	5619 	5625
f 5037 	5270 	5028
f 5720 	5626 	5622
f 5057 	4974 	5058
f 4974 	5270 	5058
f 5062 	5072 	5272
f 5629 	5767 	5631
f 5067 	5272 	5064
f 5675 	5434 	5677
f 5272 	5068 	5062
f 5067 	5070 	5272
f 5572 	5624 	5617
f 5070 	5068 	5272
f 5617 	5624 	5633
f 5633 	5634 	5617
f 5627 	5630 	5629
f 5627 	5629 	5723
f 5073 	5270 	5072
f 5028 	5270 	5074
f 5267 	5082 	5083
f 5625 	5637 	5687
f 5641 	5687 	5637
f 5083 	5081 	5267
f 4983 	5082 	5267
f 5544 	5438 	5440
f 5289 	5532 	5292
f 6035 	5327 	5335
f 5510 	5370 	5371
f 5373 	5511 	5371
f 5320 	6028 	5317
f 5673 	5532 	5682
f 5656 	5655 	5408
f 5656 	5408 	5407
f 5607 	5638 	5647
f 4958 	5268 	4983
f 6035 	6034 	5327
f 5610 	5447 	5607
f 5638 	5607 	5447
f 5638 	5447 	5448
f 5610 	5356 	5447
f 4968 	5268 	4977
f 5612 	5325 	5451
f 5612 	5451 	5356
f 5637 	5625 	5639
f 5626 	5639 	5625
f 5684 	5687 	5640
f 5632 	5684 	5643
f 5643 	5684 	5642
f 5640 	5642 	5684
f 5641 	5637 	5640
f 5639 	5640 	5637
f 5268 	5072 	5062
f 5723 	5629 	5724
f 5642 	5720 	5629
f 5631 	5642 	5629
f 5632 	5643 	5631
f 5643 	5642 	5631
f 5642 	5640 	5720
f 5640 	5639 	5720
f 5626 	5720 	5639
f 5678 	5677 	5433
f 5634 	5636 	5635
f 5634 	5635 	5617
f 5690 	5645 	5644
f 5636 	5646 	5635
f 5681 	5437 	5441
f 5649 	5647 	5648
f 5638 	5648 	5647
f 5357 	5649 	5352
f 5648 	5352 	5649
f 5419 	5766 	5765
f 5648 	5638 	5448
f 5648 	5448 	5351
f 5351 	5352 	5648
f 5448 	5356 	5351
f 5685 	5684 	5179
f 5652 	5777 	5651
f 5450 	5366 	5356
f 5671 	5670 	5542
f 5444 	5542 	5670
f 5442 	5545 	5440
f 5658 	5975 	5654
f 5657 	5801 	5656
f 5655 	5656 	5801
f 5645 	5975 	5658
f 5658 	5644 	5645
f 5658 	5654 	5644
f 5649 	5663 	5647
f 5664 	5801 	5661
f 5665 	5801 	5664
f 5659 	5661 	5801
f 5653 	5801 	5665
f 5657 	5659 	5801
f 5532 	5289 	5290
f 5650 	5651 	5777
f 5679 	5291 	5668
f 5669 	5820 	5667
f 5670 	5820 	5669
f 5666 	5667 	5820
f 5671 	5820 	5670
f 5672 	5820 	5671
f 5650 	5820 	5672
f 5674 	5820 	5653
f 5510 	5371 	5511
f 5512 	5511 	5374
f 5668 	5676 	5679
f 5680 	5820 	5678
f 5678 	5820 	5677
f 5660 	5620 	5662
f 5681 	5820 	5680
f 5619 	5662 	5620
f 5681 	5666 	5820
f 5675 	5677 	5820
f 5619 	5687 	5662
f 5377 	5514 	5376
f 5650 	5777 	5820
f 5674 	5675 	5820
f 6002 	6001 	5341
f 5686 	5276 	5566
f 6005 	6002 	5346
f 5274 	5686 	5284
f 5281 	5276 	5686
f 5278 	5566 	5276
f 6005 	5346 	5348
f 5524 	5522 	5386
f 5390 	5526 	5388
f 5672 	5541 	5650
f 6162 	6178 	5645
f 5526 	5390 	5391
f 5687 	5684 	5685
f 5278 	5280 	5566
f 5277 	5566 	5280
f 5274 	5282 	5686
f 5281 	5686 	5283
f 5282 	5283 	5686
f 5319 	5284 	5316
f 5686 	5316 	5284
f 6029 	6028 	5322
f 5286 	5464 	5277
f 5566 	5277 	5464
f 5403 	5536 	5402
f 6034 	6031 	5328
f 5536 	5403 	5537
f 5404 	5537 	5403
f 5464 	5286 	5287
f 5288 	5294 	5287
f 5464 	5287 	5294
f 5537 	5404 	5405
f 5641 	5640 	5687
f 5290 	5464 	5294
f 5291 	5464 	5292
f 6006 	6007 	5692
f 6007 	6012 	5692
f 5679 	5464 	5291
f 5644 	5689 	5690
f 5464 	5290 	5293
f 5827 	6162 	5565
f 5464 	5293 	5292
f 5544 	5440 	5545
f 5691 	5645 	5690
f 5692 	5693 	5654
f 5545 	5442 	5443
f 5325 	5296 	5695
f 5686 	5695 	5296
f 5693 	5689 	5654
f 5644 	5654 	5689
f 5414 	5432 	5665
f 5694 	5907 	5696
f 5725 	5716 	5689
f 5296 	5316 	5686
f 5690 	5689 	5716
f 5689 	5693 	5692
f 5689 	5692 	5725
f 5507 	5368 	5370
f 5050 	5983 	5698
f 5550 	5540 	5697
f 5753 	5748 	5699
f 5581 	5780 	5579
f 5820 	5697 	5540
f 5820 	5818 	5697
f 5697 	5813 	5550
f 5377 	5515 	5514
f 5515 	5378 	5381
f 5532 	5276 	5281
f 5699 	5780 	5753
f 5380 	5516 	5391
f 5375 	6044 	5704
f 5704 	6048 	5703
f 5396 	5530 	5393
f 5325 	5532 	5296
f 5531 	5530 	5398
f 5532 	5274 	5284
f 5709 	5758 	5708
f 5707 	5758 	5709
f 5399 	5533 	5398
f 5531 	5398 	5533
f 5710 	5778 	5707
f 5533 	5399 	5400
f 5708 	5758 	5808
f 5277 	5532 	5286
f 5711 	5774 	5710
f 5705 	5774 	5711
f 5532 	5290 	5294
f 5343 	5341 	6001
f 5676 	5532 	5714
f 5539 	5516 	5436
f 5341 	5346 	6002
f 5438 	5539 	5436
f 5661 	5659 	5409
f 5727 	5728 	5711
f 5705 	5711 	5728
f 5711 	5707 	5727
f 5709 	5727 	5707
f 5710 	5707 	5711
f 5409 	5415 	5661
f 5348 	5353 	6008
f 5291 	5292 	5532
f 5064 	5268 	5067
f 5655 	6010 	5406
f 5353 	5406 	6010
f 5406 	5408 	5655
f 5714 	5464 	5676
f 5656 	5407 	5657
f 5373 	5374 	5511
f 5464 	5679 	5676
f 5659 	5410 	5409
f 5989 	5972 	5715
f 5473 	5475 	5717
f 5716 	5717 	5475
f 5659 	5657 	5410
f 5272 	5484 	5064
f 5991 	5989 	5718
f 5272 	5271 	5484
f 5565 	5716 	5475
f 5407 	5410 	5657
f 5766 	5718 	5715
f 5625 	5623 	5626
f 5623 	5622 	5626
f 5664 	5661 	5415
f 5415 	5414 	5664
f 5380 	5436 	5516
f 5723 	5724 	5727
f 5432 	5431 	5674
f 5724 	5629 	5720
f 5685 	5662 	5687
f 5381 	5519 	5515
f 5725 	5726 	5716
f 5674 	5653 	5432
f 5691 	5690 	5716
f 5565 	5691 	5716
f 6027 	5317 	6028
f 5706 	5705 	5728
f 5653 	5665 	5432
f 5720 	5744 	5728
f 5622 	5621 	5720
f 5322 	5321 	6029
f 5728 	5724 	5720
f 5320 	5322 	6028
f 5434 	5433 	5677
f 5724 	5728 	5727
f 5328 	5327 	6034
f 5435 	5680 	5678
f 5435 	5678 	5433
f 5729 	5732 	5730
f 5435 	5437 	5680
f 5730 	5733 	5195
f 5736 	5195 	5733
f 5519 	5381 	5520
f 5382 	5520 	5381
f 5667 	5666 	5439
f 5441 	5439 	5666
f 5730 	5732 	5733
f 5520 	5382 	5522
f 5383 	5522 	5382
f 5666 	5681 	5441
f 5733 	5734 	5736
f 5734 	5735 	5736
f 5735 	5729 	5736
f 5383 	5386 	5522
f 5445 	5669 	5667
f 5445 	5667 	5439
f 5386 	5388 	5524
f 5525 	5524 	5388
f 5734 	5732 	5735
f 5445 	5444 	5669
f 5684 	5736 	5729
f 5525 	5388 	5526
f 5672 	5671 	5541
f 5542 	5541 	5671
f 5729 	5735 	5732
f 5734 	5733 	5732
f 5684 	5696 	5742
f 5529 	5549 	5393
f 5717 	5716 	5726
f 5717 	5726 	5731
f 5541 	5547 	5650
f 5651 	5650 	5547
f 5529 	5393 	5530
f 5726 	5725 	5731
f 5652 	5651 	5546
f 5547 	5546 	5651
f 5396 	5398 	5530
f 5700 	5812 	5920
f 5533 	5400 	5534
f 5712 	5713 	5974
f 5535 	5534 	5402
f 5400 	5402 	5534
f 4976 	4973 	5337
f 5619 	5744 	5621
f 5535 	5402 	5536
f 5736 	5684 	5742
f 5974 	5976 	5712
f 5684 	5729 	5730
f 5537 	5405 	5538
f 5620 	5660 	5712
f 5318 	5435 	5730
f 5745 	4982 	5747
f 5620 	5706 	5752
f 5619 	5620 	5752
f 5156 	5754 	5748
f 5752 	5744 	5619
f 5698 	5699 	5748
f 5337 	5343 	4976
f 5574 	5748 	5753
f 5446 	5549 	5443
f 5621 	5744 	5720
f 5446 	5393 	5549
f 5766 	5579 	5780
f 5156 	5216 	5754
f 5752 	5728 	5744
f 5574 	5753 	5581
f 5780 	5581 	5753
f 5370 	5509 	5507
f 5698 	5748 	5754
f 5510 	5509 	5370
f 5706 	5728 	5752
f 6010 	6008 	5353
f 5627 	5628 	5756
f 5755 	5756 	5628
f 5094 	6075 	6027
f 5715 	5718 	5989
f 5767 	5629 	5757
f 5630 	5757 	5629
f 5991 	5718 	5699
f 5767 	5771 	5631
f 5756 	5757 	5630
f 5756 	5630 	5627
f 5972 	5973 	5713
f 5974 	5713 	5973
f 5321 	5328 	6031
f 5632 	5631 	5771
f 5709 	5708 	5755
f 5335 	4971 	6035
f 5756 	5755 	5708
f 5335 	5338 	4971
f 5759 	5756 	5708
f 5721 	5743 	5877
f 5722 	5889 	5743
f 5759 	5760 	5761
f 5759 	5761 	5762
f 5702 	5700 	5920
f 5762 	5756 	5759
f 5719 	5737 	5788
f 5757 	5768 	5767
f 5767 	5768 	5769
f 5703 	5702 	5920
f 5740 	5721 	5877
f 5920 	5916 	5703
f 5774 	5620 	5772
f 5756 	5762 	5757
f 5768 	5757 	5762
f 5775 	5769 	5768
f 5775 	5768 	5776
f 5705 	5706 	5774
f 5774 	5706 	5620
f 5739 	5722 	5743
f 5770 	5588 	5765
f 5776 	5768 	5762
f 5740 	5739 	5721
f 5743 	5721 	5739
f 5762 	5761 	5776
f 5775 	5776 	5761
f 5738 	5763 	5865
f 5806 	5808 	5758
f 5737 	5719 	5738
f 5763 	5738 	5719
f 5727 	5755 	5723
f 5628 	5627 	5723
f 5715 	5765 	5766
f 5707 	5778 	5758
f 5652 	5773 	5777
f 5806 	5758 	5778
f 5778 	5801 	5806
f 5376 	5513 	5512
f 5514 	5513 	5376
f 5860 	5858 	6127
f 5777 	5779 	5820
f 5818 	5820 	5779
f 5779 	5816 	5818
f 5780 	5718 	5766
f 5782 	5801 	5778
f 5772 	5782 	5774
f 5778 	5710 	5782
f 5774 	5782 	5710
f 5118 	5857 	5117
f 5628 	5723 	5755
f 6001 	4976 	5343
f 5784 	5787 	5788
f 5784 	5789 	5787
f 5786 	5781 	5785
f 5755 	5727 	5709
f 5783 	5781 	5791
f 5121 	5911 	5784
f 5784 	5793 	5789
f 5792 	5781 	5786
f 5791 	5781 	5792
f 5761 	5760 	5731
f 5717 	5731 	5760
f 5760 	5764 	5717
f 5790 	5785 	5781
f 5717 	5764 	5552
f 5788 	5787 	5719
f 5794 	5719 	5787
f 5787 	5789 	5794
f 5731 	5767 	5769
f 5731 	5769 	5761
f 5775 	5761 	5769
f 6255 	6254 	5746
f 5688 	5742 	5696
f 5749 	5617 	5751
f 5750 	5746 	6254
f 5797 	5751 	5617
f 5692 	5795 	5725
f 5795 	5767 	5725
f 5731 	5725 	5767
f 5694 	5795 	5692
f 5696 	5795 	5694
f 5771 	5767 	5795
f 5796 	5797 	5617
f 5798 	5796 	5617
f 5798 	5617 	5741
f 5413 	5412 	5738
f 5976 	5801 	5772
f 5412 	5421 	5737
f 5737 	5738 	5412
f 5417 	5421 	5412
f 5420 	5737 	5421
f 5802 	5420 	5815
f 5802 	5815 	5784
f 5777 	5773 	5790
f 5782 	5772 	5801
f 5781 	5777 	5790
f 5779 	5777 	5781
f 5803 	5802 	5784
f 5773 	5652 	5790
f 5759 	5708 	5808
f 5697 	5818 	5810
f 5759 	5808 	5760
f 5811 	5540 	5814
f 5809 	5810 	5818
f 5806 	5811 	5808
f 5827 	5565 	5814
f 5475 	5473 	5811
f 5808 	5811 	5473
f 5473 	5552 	5808
f 5475 	5811 	5565
f 5811 	5814 	5565
f 5691 	5565 	6162
f 5813 	5701 	5550
f 5804 	5902 	5805
f 5813 	5812 	5701
f 5899 	5807 	5389
f 5528 	5389 	5807
f 5700 	5701 	5812
f 5812 	5813 	5810
f 5812 	5810 	5809
f 5805 	5078 	5804
f 5810 	5813 	5697
f 5816 	5817 	5818
f 5784 	5788 	5803
f 5820 	5540 	5811
f 5808 	5764 	5760
f 5420 	5802 	5737
f 5817 	5816 	5781
f 5781 	5816 	5779
f 5818 	5819 	5809
f 5803 	5737 	5802
f 5788 	5737 	5803
f 5780 	5699 	5718
f 5820 	5811 	5806
f 5823 	5375 	5821
f 5809 	5819 	5812
f 5920 	5812 	5819
f 5822 	5823 	5821
f 5820 	5806 	5801
f 5379 	5824 	5375
f 5715 	5713 	5765
f 5375 	5823 	5084
f 5825 	5821 	5375
f 5645 	5691 	6162
f 5817 	5826 	5819
f 5827 	6164 	6162
f 5086 	5854 	5124
f 5818 	5817 	5819
f 5824 	5739 	5825
f 5740 	5825 	5739
f 5814 	6223 	5827
f 5770 	5765 	5713
f 5829 	5430 	5828
f 5713 	5712 	5770
f 5830 	5430 	5829
f 5831 	5430 	5830
f 5825 	5375 	5824
f 5712 	5660 	5770
f 5834 	5430 	5831
f 5739 	5824 	5832
f 5836 	5837 	5430
f 5794 	5789 	5793
f 5518 	5430 	5517
f 5660 	5589 	5770
f 5836 	5430 	5834
f 5823 	5822 	5740
f 5843 	5845 	5838
f 5845 	5848 	5838
f 5025 	5049 	5835
f 5740 	5822 	5821
f 5842 	5430 	5841
f 5841 	5430 	5844
f 5858 	5839 	6127
f 5740 	5821 	5825
f 5850 	5430 	5849
f 5852 	5962 	5848
f 5828 	5430 	5850
f 5823 	5851 	5085
f 5854 	5085 	5853
f 5851 	5853 	5085
f 5855 	5124 	5854
f 5855 	5859 	6127
f 5859 	5860 	6127
f 5968 	5966 	5857
f 5118 	5968 	5857
f 5856 	5855 	5854
f 5847 	5430 	5842
f 5781 	5844 	5430
f 5847 	5849 	5430
f 5839 	5858 	5854
f 5839 	5854 	5853
f 5846 	5216 	5840
f 5854 	5858 	5856
f 5589 	5660 	5179
f 5856 	5859 	5855
f 5838 	6127 	5839
f 5858 	5860 	5856
f 5202 	5200 	5833
f 5860 	5859 	5856
f 5877 	5839 	5740
f 5588 	5770 	5589
f 5833 	5835 	5202
f 5662 	5179 	5660
f 5021 	5833 	5861
f 5853 	5740 	5839
f 5851 	5740 	5853
f 5823 	5740 	5851
f 5867 	5866 	5864
f 5241 	5863 	5861
f 5200 	5241 	5833
f 5413 	5864 	5866
f 5824 	5379 	5413
f 5887 	5862 	5279
f 5237 	5279 	5862
f 5864 	5865 	5867
f 5240 	5237 	5862
f 5795 	5684 	5771
f 5863 	5240 	5862
f 5739 	5832 	5866
f 5861 	5833 	5241
f 5869 	5517 	5868
f 5837 	5868 	5517
f 5867 	5722 	5866
f 5870 	5517 	5869
f 5871 	5517 	5870
f 5195 	5318 	5730
f 5021 	5023 	5833
f 5864 	5413 	5738
f 5872 	5517 	5871
f 5835 	5833 	5023
f 5795 	5696 	5684
f 5632 	5771 	5684
f 5865 	5864 	5738
f 5874 	5879 	5325
f 5874 	5325 	5695
f 5840 	5835 	5049
f 5838 	5839 	5877
f 5844 	5781 	5876
f 5878 	5879 	5874
f 5334 	5325 	5879
f 5106 	5116 	5857
f 5106 	5857 	5880
f 5695 	5884 	5878
f 5695 	5878 	5874
f 5875 	5876 	5781
f 5875 	5781 	5783
f 5857 	5852 	5848
f 5845 	5838 	5848
f 5843 	5838 	5845
f 5857 	5848 	5838
f 5857 	5838 	5877
f 5857 	5877 	5880
f 5872 	5873 	5517
f 5334 	5879 	5881
f 5332 	5329 	5881
f 5878 	5882 	5879
f 5049 	5056 	5840
f 5884 	5882 	5878
f 5919 	5884 	5695
f 5885 	5886 	5883
f 5879 	5882 	5884
f 5879 	5884 	5881
f 5391 	5527 	5526
f 5178 	5894 	5888
f 5527 	5391 	5516
f 5662 	5685 	5179
f 5867 	5865 	5889
f 5883 	5889 	5865
f 5807 	5020 	5528
f 5883 	5890 	5889
f 5890 	5886 	5891
f 5863 	5038 	5861
f 5021 	5861 	5038
f 5836 	5944 	5837
f 5862 	5030 	5863
f 5405 	5485 	5538
f 5892 	5886 	5893
f 5893 	5888 	5894
f 5438 	5543 	5539
f 5883 	5886 	5890
f 5891 	5886 	5892
f 5544 	5543 	5438
f 5888 	5893 	5886
f 5106 	5880 	5178
f 5906 	5905 	5881
f 5889 	5722 	5867
f 5739 	5866 	5722
f 5443 	5548 	5545
f 5549 	5548 	5443
f 5896 	5178 	5880
f 5897 	5178 	5896
f 5894 	5178 	5897
f 5694 	5898 	5900
f 5694 	5900 	5901
f 5901 	5905 	5694
f 5986 	5990 	5389
f 5332 	5901 	5900
f 5332 	5900 	5898
f 5889 	5897 	5743
f 5897 	5896 	5743
f 5890 	5897 	5889
f 5891 	5897 	5890
f 5892 	5897 	5891
f 5893 	5897 	5892
f 5894 	5897 	5893
f 5877 	5743 	5896
f 5880 	5877 	5896
f 5799 	4993 	5904
f 5800 	5095 	5799
f 5905 	5906 	5694
f 5694 	5906 	5907
f 5917 	5696 	5907
f 5883 	5865 	5763
f 5905 	5901 	5332
f 5908 	5178 	5888
f 5171 	5167 	5912
f 5747 	6255 	5746
f 5903 	4984 	5745
f 5904 	4986 	5903
f 5941 	5942 	5617
f 5881 	5907 	5906
f 5905 	5332 	5881
f 5910 	5911 	5909
f 5173 	5172 	5911
f 5982 	5895 	5902
f 5172 	5171 	5909
f 5020 	5807 	5010
f 5804 	5010 	5807
f 5911 	5121 	5173
f 5909 	5171 	5912
f 5887 	5279 	5528
f 5910 	5793 	5911
f 5793 	5784 	5911
f 5909 	5794 	5910
f 5793 	5910 	5794
f 5805 	5902 	5895
f 5364 	5500 	5466
f 5571 	5466 	5500
f 5570 	5467 	5466
f 5570 	5466 	5571
f 5885 	5883 	5886
f 5763 	5719 	5909
f 5794 	5909 	5719
f 5909 	5912 	5763
f 5912 	5908 	5763
f 5883 	5763 	5908
f 5886 	5883 	5908
f 5888 	5886 	5908
f 5804 	5807 	5899
f 5569 	5469 	5467
f 5569 	5467 	5570
f 5462 	5562 	5564
f 5462 	5564 	5463
f 5461 	5563 	5562
f 5461 	5562 	5462
f 5899 	5902 	5804
f 5568 	5470 	5463
f 5568 	5463 	5564
f 5563 	5461 	5469
f 5563 	5469 	5569
f 5566 	5464 	5470
f 5566 	5470 	5568
f 5982 	6047 	5895
f 5350 	5349 	5465
f 5567 	5465 	5349
f 5269 	5575 	5472
f 5269 	5472 	5270
f 5430 	5375 	5916
f 5616 	5497 	5472
f 5616 	5472 	5575
f 5121 	5914 	5323
f 5826 	5817 	5915
f 5615 	5498 	5497
f 5615 	5497 	5616
f 5614 	5499 	5498
f 5614 	5498 	5615
f 5966 	5968 	5923
f 5453 	5499 	5614
f 5121 	5784 	5914
f 5465 	5567 	5496
f 5613 	5496 	5567
f 5895 	5815 	5805
f 5815 	5895 	5914
f 5918 	5696 	5917
f 5919 	5696 	5918
f 5688 	5696 	5919
f 5924 	5618 	5635
f 5617 	5635 	5618
f 5917 	5907 	5881
f 5781 	5430 	5817
f 5916 	5915 	5817
f 5884 	5918 	5917
f 5881 	5884 	5917
f 5919 	5695 	5688
f 5704 	5916 	5375
f 5916 	5817 	5430
f 5646 	5921 	5635
f 5348 	6008 	6005
f 5155 	5105 	5924
f 5916 	5920 	5915
f 5106 	5924 	5105
f 5922 	5155 	5924
f 5915 	5920 	5819
f 5915 	5819 	5826
f 5960 	5965 	5913
f 5507 	5483 	5368
f 5704 	5703 	5916
f 5963 	5967 	5075
f 5923 	5075 	5967
f 5924 	5959 	5925
f 5966 	5923 	5967
f 5550 	6093 	5540
f 5702 	6057 	5700
f 5926 	5927 	5814
f 5919 	5918 	5884
f 5930 	5814 	5929
f 5609 	5608 	5494
f 5931 	5814 	5930
f 5814 	5931 	5932
f 5934 	5935 	5814
f 5933 	5934 	5814
f 5938 	5936 	5937
f 5937 	5936 	5939
f 5937 	5939 	5940
f 5699 	5698 	5983
f 5942 	5741 	5617
f 5425 	5401 	5936
f 5713 	5715 	5972
f 6007 	5939 	6012
f 5699 	5983 	5991
f 5940 	5938 	5937
f 5846 	5840 	5056
f 5941 	5617 	5943
f 5943 	5618 	5944
f 5050 	5698 	5754
f 5949 	5952 	5540
f 5938 	5955 	5357
f 5945 	5618 	5951
f 5946 	5618 	5945
f 5936 	5938 	5357
f 5953 	5956 	5540
f 5952 	5953 	5540
f 5956 	5957 	5540
f 5056 	5065 	5846
f 5924 	5106 	5959
f 5957 	5926 	5540
f 5814 	5540 	5926
f 5928 	5814 	5927
f 5012 	5887 	5015
f 5528 	5015 	5887
f 5961 	5962 	5857
f 5852 	5857 	5962
f 5959 	5958 	5925
f 5960 	5913 	5961
f 5964 	5965 	5857
f 5965 	5960 	5857
f 5960 	5961 	5857
f 5932 	5933 	5814
f 5935 	6068 	5814
f 5929 	5814 	5928
f 5075 	5913 	5965
f 5488 	5604 	5486
f 5075 	5965 	5964
f 5075 	5964 	5963
f 5940 	5955 	5938
f 5835 	5023 	5025
f 6107 	6108 	5927
f 5921 	5922 	5924
f 5635 	5921 	5924
f 5926 	6106 	5927
f 5967 	5963 	5857
f 5963 	5964 	5857
f 6011 	6009 	5925
f 5928 	6108 	5929
f 6110 	5930 	6109
f 5929 	6109 	5930
f 5966 	5967 	5857
f 5081 	5968 	5118
f 5958 	5959 	5106
f 5609 	5494 	5495
f 5931 	6111 	5932
f 5081 	5923 	5968
f 5930 	6110 	5931
f 5932 	6112 	5933
f 5969 	5985 	5087
f 5887 	5012 	5862
f 5030 	5862 	5012
f 5984 	5995 	5087
f 5165 	6094 	5315
f 5141 	5177 	5315
f 5038 	5863 	5030
f 5590 	5478 	5479
f 6009 	5141 	5315
f 5971 	5962 	5913
f 5165 	5315 	5177
f 6017 	5092 	6018
f 5948 	6139 	5949
f 5596 	5594 	5482
f 6013 	6018 	5970
f 6142 	5953 	6141
f 5952 	6141 	5953
f 5596 	5482 	5483
f 5338 	4973 	4971
f 6024 	5962 	5971
f 5961 	5913 	5962
f 5338 	5337 	4973
f 5972 	5069 	5973
f 5973 	5069 	5974
f 5143 	5855 	5144
f 6097 	6095 	5975
f 5692 	5654 	5975
f 5951 	5618 	5950
f 5976 	5772 	5620
f 5357 	5955 	5975
f 5998 	6000 	5975
f 5980 	5838 	5979
f 5604 	5488 	5490
f 5620 	5712 	5976
f 5979 	5838 	5978
f 5989 	5069 	5972
f 5492 	5493 	5608
f 5944 	5618 	5946
f 5618 	5943 	5617
f 5315 	5977 	5618
f 5982 	5988 	5981
f 5987 	5992 	5981
f 5493 	5494 	5608
f 5978 	5969 	5979
f 5985 	5838 	5984
f 5950 	5618 	5954
f 5954 	5618 	5977
f 5087 	5985 	5984
f 5981 	5990 	5987
f 5988 	5990 	5981
f 5986 	5987 	5990
f 5924 	5925 	5618
f 5978 	5838 	5985
f 5989 	5991 	5069
f 5372 	5981 	5992
f 5992 	5996 	5372
f 5372 	5993 	6016
f 5969 	5978 	5985
f 5974 	5069 	5976
f 5998 	5975 	5955
f 5996 	5997 	5993
f 5993 	5372 	5996
f 5983 	5069 	5991
f 6009 	5315 	5618
f 5618 	5925 	6009
f 5997 	5999 	5993
f 5999 	6003 	5993
f 5692 	5975 	6000
f 6006 	5692 	6000
f 5998 	5955 	6000
f 5940 	6000 	5955
f 6004 	5993 	6003
f 6002 	5801 	6001
f 5694 	5692 	6012
f 6011 	5141 	6009
f 5939 	6007 	6006
f 5940 	5939 	6006
f 5995 	5838 	5994
f 5984 	5838 	5995
f 5088 	5087 	5995
f 5902 	5899 	5988
f 6006 	6000 	5940
f 5898 	5694 	6012
f 5401 	6012 	5939
f 5580 	5476 	5586
f 5994 	5088 	5995
f 6003 	5202 	6004
f 6012 	5401 	5898
f 6018 	5838 	6017
f 6014 	5838 	6013
f 5994 	5838 	6014
f 6024 	5838 	5962
f 6016 	5993 	6004
f 6016 	6004 	6015
f 5141 	6011 	5142
f 6019 	5142 	6011
f 5994 	6014 	5088
f 5970 	5088 	6014
f 6142 	6143 	5953
f 6013 	5970 	6014
f 5372 	6016 	6023
f 5748 	6023 	5156
f 5957 	6144 	5926
f 6013 	5838 	6018
f 6019 	6020 	5106
f 5208 	6015 	6004
f 5092 	5970 	6018
f 5372 	6023 	5574
f 5801 	6008 	6010
f 6010 	5655 	5801
f 5586 	5477 	5478
f 6016 	5156 	6023
f 5801 	4987 	6028
f 5094 	6027 	4987
f 6030 	5375 	6026
f 6026 	5375 	6025
f 5480 	5593 	5479
f 6032 	5375 	6030
f 6029 	5801 	6028
f 5594 	5593 	5481
f 5532 	6099 	6100
f 6020 	6019 	6011
f 6042 	5375 	6033
f 6032 	6033 	5375
f 4976 	5801 	4973
f 4971 	5801 	6035
f 6037 	5017 	6036
f 6017 	5838 	6024
f 5092 	6017 	5971
f 6024 	5971 	6017
f 6038 	5053 	6037
f 6039 	5053 	6038
f 5684 	5337 	5372
f 6001 	5801 	4976
f 6002 	6005 	5801
f 4971 	4973 	5801
f 6040 	5053 	6039
f 6041 	5053 	6040
f 6031 	5801 	6029
f 6034 	5801 	6031
f 6035 	5801 	6034
f 6027 	6028 	4987
f 6073 	6074 	5981
f 6021 	5053 	6041
f 6022 	5375 	6021
f 5013 	6052 	5017
f 6074 	6072 	5981
f 6005 	6008 	5801
f 5801 	5653 	5820
f 6072 	6071 	5981
f 5268 	5913 	5075
f 6044 	5375 	6043
f 5323 	6047 	5981
f 5958 	6020 	5925
f 6046 	5704 	6045
f 6042 	6043 	5375
f 5982 	5981 	6047
f 6048 	5704 	6046
f 5914 	5895 	6047
f 5075 	5923 	5268
f 5899 	5389 	5990
f 5990 	5988 	5899
f 6050 	5013 	6049
f 6020 	5958 	5106
f 5902 	5988 	5982
f 6051 	5013 	6050
f 4972 	6049 	5013
f 6047 	5323 	5914
f 6011 	5925 	6020
f 5013 	6051 	6052
f 5981 	5315 	6094
f 6054 	5702 	6048
f 5323 	5981 	6094
f 6057 	5702 	6054
f 5970 	5092 	5268
f 6060 	5700 	6057
f 5604 	5490 	5605
f 6055 	5315 	6059
f 5532 	6096 	5683
f 6063 	5701 	6062
f 5492 	5606 	5490
f 5605 	5490 	5606
f 6059 	5315 	6058
f 5606 	5492 	5608
f 5647 	6096 	5532
f 6114 	6126 	5532
f 6067 	6064 	5981
f 6064 	6065 	5981
f 6066 	6067 	5981
f 5532 	6126 	6125
f 6070 	6066 	5981
f 5532 	6100 	5714
f 6069 	6070 	5981
f 5476 	5580 	5474
f 5577 	5474 	5580
f 5477 	5586 	5476
f 6073 	5981 	6076
f 6075 	5372 	5317
f 6101 	6102 	5268
f 6076 	5372 	6075
f 5372 	6076 	5981
f 6104 	6103 	5268
f 5590 	5479 	5593
f 6071 	6069 	5981
f 5480 	5481 	5593
f 6105 	5969 	5268
f 5481 	5482 	5594
f 5971 	5913 	5268
f 5971 	5268 	5092
f 5268 	5088 	5970
f 6103 	6105 	5268
f 5946 	5945 	5868
f 6102 	6104 	5268
f 6077 	6245 	6068
f 6245 	5814 	6068
f 5024 	6101 	5268
f 6078 	6245 	6077
f 6079 	6245 	6078
f 5495 	5611 	5609
f 6080 	6245 	6079
f 6081 	6245 	6080
f 6140 	5022 	5268
f 5611 	5495 	5474
f 6082 	6245 	6081
f 5218 	6245 	6083
f 5478 	5587 	5586
f 5268 	5487 	5077
f 6074 	6073 	5090
f 5587 	5478 	5590
f 6140 	5268 	5471
f 5868 	5837 	5946
f 4966 	5268 	5271
f 5532 	5673 	6099
f 5081 	5268 	5923
f 5483 	5597 	5596
f 5317 	6027 	6075
f 5489 	5268 	5077
f 5597 	5483 	5507
f 5600 	5538 	5485
f 5486 	5601 	5485
f 5600 	5485 	5601
f 5486 	5604 	5601
f 5093 	5091 	6076
f 5474 	5577 	5611
f 5355 	5354 	5613
f 5496 	5613 	5354
f 6076 	6075 	5093
f 5268 	4966 	5471
f 6088 	5315 	6091
f 6087 	5550 	6086
f 5870 	5869 	5951
f 6090 	5315 	6053
f 6053 	5315 	6056
f 6093 	5947 	5540
f 6055 	6056 	5315
f 5315 	5981 	6058
f 6086 	5550 	6085
f 6065 	6058 	5981
f 6092 	5550 	6087
f 5873 	5977 	6089
f 5948 	5949 	5540
f 6091 	5315 	6090
f 6089 	5315 	6088
f 5977 	5315 	6089
f 6045 	5704 	6044
f 6061 	5700 	6060
f 6062 	5700 	6061
f 6084 	5701 	6063
f 6085 	5550 	6084
f 5700 	6062 	5701
f 6093 	5550 	6092
f 5947 	5948 	5540
f 5703 	6048 	5702
f 6022 	6025 	5375
f 6219 	6220 	6021
f 5323 	6094 	5121
f 5159 	5158 	6091
f 6222 	6026 	6221
f 6025 	6221 	6026
f 6221 	6025 	6022
f 6094 	5165 	5167
f 5849 	5847 	5797
f 6224 	6030 	6222
f 5167 	5169 	6094
f 6095 	5647 	5663
f 6097 	5975 	6098
f 5194 	5624 	5193
f 5198 	5355 	5196
f 5201 	5355 	5198
f 5355 	5624 	5196
f 5164 	6059 	6058
f 5203 	5355 	5201
f 5800 	5790 	5546
f 5423 	5422 	5213
f 5210 	5422 	5206
f 5424 	5423 	5213
f 5219 	5624 	5217
f 5222 	5624 	5219
f 5223 	5624 	5222
f 6097 	6098 	5647
f 6095 	6097 	5647
f 5193 	5624 	5223
f 5357 	5975 	6095
f 5649 	5357 	5663
f 5230 	5231 	5195
f 5199 	5197 	5233
f 5197 	5195 	5233
f 5188 	5184 	6070
f 6036 	6228 	6037
f 5244 	5248 	5355
f 5243 	5355 	5242
f 5870 	5951 	5950
f 5090 	5089 	6074
f 6072 	6074 	5089
f 5091 	5090 	6073
f 5247 	5349 	5245
f 5091 	6073 	6076
f 5873 	5872 	5977
f 5252 	5355 	5250
f 5248 	5250 	5355
f 6098 	6145 	5647
f 5791 	5903 	5783
f 5663 	5357 	6095
f 6145 	6098 	5975
f 6043 	6239 	6044
f 5158 	5157 	6088
f 5159 	6091 	6090
f 6046 	6189 	6048
f 5847 	5842 	5751
f 5022 	5673 	5682
f 5797 	5796 	5849
f 6051 	6242 	6052
f 6050 	6241 	6051
f 5714 	6100 	4966
f 6036 	6052 	6243
f 6048 	6191 	6054
f 6054 	6205 	6057
f 5181 	5166 	6065
f 6060 	6207 	6061
f 5253 	5355 	5252
f 5254 	5355 	5253
f 5969 	6105 	6119
f 6105 	6133 	6119
f 6207 	6060 	6205
f 6057 	6205 	6060
f 5246 	5355 	5258
f 6062 	6061 	6209
f 6208 	6209 	6061
f 5247 	5259 	5349
f 5260 	5349 	5259
f 6062 	6210 	6063
f 5263 	5349 	5260
f 5183 	5182 	6067
f 6129 	6130 	6104
f 5331 	5349 	5314
f 5333 	5349 	5331
f 5266 	5349 	5263
f 5189 	5188 	6069
f 5336 	5349 	5333
f 5339 	5349 	5336
f 5314 	5349 	5266
f 5342 	5349 	5339
f 5928 	5927 	6108
f 5745 	5747 	5783
f 6107 	5927 	6106
f 5800 	5799 	5785
f 5239 	5242 	5355
f 5258 	5355 	5254
f 5245 	5349 	5246
f 5355 	5246 	5349
f 6109 	5929 	6108
f 5785 	5790 	5800
f 5349 	5342 	5225
f 5195 	5349 	5228
f 5228 	5229 	5195
f 5229 	5230 	5195
f 5231 	5232 	5195
f 5232 	5233 	5195
f 5225 	5226 	5349
f 5904 	5792 	5786
f 5227 	5228 	5349
f 6112 	5932 	6111
f 5904 	5903 	5792
f 5166 	5164 	6058
f 5745 	5783 	5903
f 6111 	5931 	6110
f 5233 	5206 	5199
f 5213 	5215 	5424
f 5217 	5572 	5215
f 5210 	5213 	5422
f 5226 	5227 	5349
f 6113 	5933 	6112
f 5195 	5736 	5349
f 6103 	6104 	6130
f 6113 	6116 	5933
f 5934 	5933 	6116
f 6115 	5532 	5683
f 5181 	6065 	6064
f 5199 	5206 	5422
f 6118 	6068 	6117
f 5935 	6117 	6068
f 6119 	5838 	5980
f 5184 	5183 	6066
f 6067 	6066 	5183
f 5686 	5566 	5736
f 6105 	6103 	6134
f 6064 	6067 	5182
f 6105 	6134 	6133
f 5566 	5349 	5736
f 5935 	5934 	6117
f 6116 	6117 	5934
f 5532 	6115 	6114
f 6120 	6077 	6118
f 6068 	6118 	6077
f 5979 	5969 	5980
f 6119 	5980 	5969
f 6070 	6069 	5188
f 5736 	5742 	5686
f 5742 	5688 	5686
f 6121 	6078 	6120
f 6077 	6120 	6078
f 5268 	5491 	5024
f 6066 	6070 	5184
f 6122 	6079 	6121
f 6078 	6121 	6079
f 5695 	5686 	5688
f 6124 	6081 	6123
f 6080 	6123 	6081
f 5196 	5624 	5194
f 5203 	5236 	5355
f 5355 	5236 	5238
f 5355 	5238 	5239
f 5243 	5244 	5355
f 6123 	6080 	6122
f 6079 	6122 	6080
f 5157 	5873 	6089
f 6127 	6102 	5144
f 6104 	6102 	6127
f 5647 	4963 	6102
f 6089 	6088 	5157
f 6081 	6124 	6128
f 6081 	6128 	6082
f 5144 	5855 	6127
f 5424 	5215 	5572
f 5572 	5217 	5624
f 6129 	6127 	5838
f 5848 	5962 	5838
f 6082 	6212 	6083
f 5160 	5159 	6090
f 5155 	5355 	5105
f 6129 	5838 	6130
f 5838 	6131 	6130
f 6132 	6130 	6131
f 6088 	6091 	5158
f 5636 	5634 	5355
f 6132 	6131 	6103
f 5633 	5355 	5634
f 6104 	6127 	6129
f 6084 	6214 	6085
f 5633 	5624 	5355
f 6132 	6103 	6130
f 6217 	6087 	6216
f 6086 	6216 	6087
f 6090 	6053 	5160
f 5161 	5160 	6053
f 6134 	5838 	6133
f 6131 	5838 	6134
f 6085 	6215 	6086
f 6131 	6134 	6103
f 5786 	5785 	5799
f 5682 	6125 	5022
f 6136 	6093 	6135
f 6092 	6135 	6093
f 6133 	5838 	6119
f 6218 	6092 	6217
f 5799 	5904 	5786
f 5163 	5162 	6055
f 6093 	6136 	6137
f 6093 	6137 	5947
f 5791 	5792 	5903
f 5947 	6137 	6138
f 5947 	6138 	5948
f 5163 	6055 	6059
f 6138 	6139 	5948
f 5189 	6069 	6071
f 5952 	6139 	6141
f 5089 	5153 	6072
f 5952 	5949 	6139
f 6096 	6101 	5683
f 5956 	5953 	6143
f 5652 	5546 	5790
f 5957 	5956 	6144
f 6143 	6144 	5956
f 6146 	6178 	5647
f 6145 	6146 	5647
f 6106 	5926 	6144
f 6140 	5471 	6099
f 5164 	5163 	6059
f 5922 	5921 	5355
f 5646 	5355 	5921
f 5162 	5161 	6056
f 5161 	6053 	6056
f 5646 	5636 	5355
f 5155 	5922 	5355
f 6108 	6141 	6109
f 6107 	6141 	6108
f 6110 	6141 	6111
f 6106 	6141 	6107
f 6111 	6141 	6112
f 6124 	6138 	6128
f 6123 	6138 	6124
f 6122 	6138 	6123
f 6121 	6141 	6122
f 6118 	6141 	6120
f 6117 	6141 	6118
f 6116 	6141 	6117
f 6112 	6141 	6113
f 6056 	6055 	5162
f 6109 	6141 	6110
f 6113 	6141 	6116
f 6120 	6141 	6121
f 6147 	5714 	6148
f 6126 	5077 	6125
f 6141 	6144 	6142
f 6143 	6142 	6144
f 6141 	6139 	6122
f 6138 	6122 	6139
f 6137 	6128 	6138
f 6135 	6128 	6136
f 6137 	6136 	6128
f 6144 	6141 	6106
f 6058 	6065 	5166
f 6064 	5182 	5181
f 5024 	6115 	5683
f 6156 	6155 	5272
f 6157 	5272 	6158
f 6159 	6158 	5354
f 6022 	6220 	6221
f 6168 	6178 	6162
f 5350 	6163 	6161
f 5827 	6223 	6164
f 6165 	6163 	5350
f 5350 	5714 	6165
f 6164 	6168 	6162
f 6167 	6166 	5714
f 6170 	5714 	6171
f 6146 	6145 	5645
f 6172 	5714 	6147
f 6171 	5714 	6172
f 6229 	6230 	6037
f 6038 	6230 	6231
f 6039 	6038 	6231
f 6234 	6040 	6231
f 6040 	6234 	6041
f 6178 	6179 	5647
f 6176 	5354 	6177
f 6041 	6236 	6021
f 6219 	6021 	6236
f 6180 	5354 	6184
f 6177 	5354 	6180
f 6146 	5645 	6178
f 6227 	6178 	6168
f 6179 	6178 	6227
f 5975 	5645 	6145
f 6239 	6240 	6044
f 6189 	6046 	6188
f 6046 	6045 	6188
f 6191 	6048 	6189
f 6185 	5354 	6186
f 6187 	6186 	5354
f 6192 	6190 	5347
f 5264 	6194 	4972
f 6049 	4972 	6194
f 6194 	6196 	6049
f 6050 	6049 	6196
f 6050 	6196 	6241
f 6243 	6052 	6242
f 6193 	5347 	6195
f 6242 	6051 	6241
f 6140 	6099 	5673
f 6198 	6197 	5347
f 6054 	6191 	6203
f 6201 	6200 	5350
f 6054 	6203 	6205
f 6202 	6201 	5350
f 6204 	6202 	5350
f 6208 	6061 	6207
f 6161 	6206 	5350
f 6210 	6062 	6209
f 6200 	6199 	5350
f 6199 	6198 	5350
f 5347 	5350 	6198
f 6197 	6195 	5347
f 6181 	5347 	6183
f 6193 	6183 	5347
f 5347 	6181 	6182
f 6182 	6192 	5347
f 6187 	5354 	6190
f 6211 	6063 	6210
f 6084 	6063 	6211
f 6166 	6165 	5714
f 6170 	6169 	5714
f 6206 	6204 	5350
f 6128 	6212 	6082
f 6213 	6083 	6212
f 6211 	6214 	6084
f 6215 	6085 	6214
f 5354 	6158 	5272
f 6157 	6156 	5272
f 6155 	6154 	5272
f 6154 	6153 	5272
f 6152 	6151 	5272
f 6153 	6152 	5272
f 6151 	6150 	5272
f 6150 	6149 	5272
f 6148 	5714 	6149
f 5272 	6149 	5714
f 6169 	6167 	5714
f 5464 	5714 	5350
f 5271 	5272 	5714
f 6216 	6086 	6215
f 6218 	6135 	6092
f 5347 	6190 	5354
f 6185 	6184 	5354
f 6176 	6175 	5354
f 6175 	6174 	5354
f 6173 	5354 	6174
f 6173 	6160 	5354
f 6160 	6159 	5354
f 6087 	6217 	6092
f 5491 	5489 	6115
f 5303 	5302 	6203
f 6196 	6194 	6188
f 6194 	5264 	6188
f 6189 	6188 	5264
f 5264 	5261 	6189
f 6191 	6189 	5261
f 6203 	6191 	5261
f 5261 	5303 	6203
f 6205 	6203 	5302
f 6022 	6021 	6220
f 6101 	5024 	5683
f 5217 	5215 	6151
f 6026 	6222 	6030
f 6152 	5219 	6151
f 6225 	6032 	6224
f 6030 	6224 	6032
f 5814 	6235 	6223
f 6226 	6033 	6225
f 6032 	6225 	6033
f 6164 	6223 	6168
f 6227 	6168 	6223
f 6229 	6037 	6228
f 6232 	6179 	6227
f 5747 	5875 	5783
f 6038 	6037 	6230
f 6233 	5647 	6232
f 4967 	5647 	6233
f 6179 	6232 	5647
f 6039 	6231 	6040
f 6233 	6232 	6235
f 5814 	6244 	6235
f 6233 	6235 	4970
f 6236 	6041 	6234
f 6042 	6033 	6226
f 6237 	6042 	6226
f 6232 	6227 	6235
f 6235 	6227 	6223
f 6042 	6237 	6238
f 6043 	6042 	6238
f 5714 	4966 	5271
f 5834 	5943 	5836
f 6238 	6239 	6043
f 6100 	6099 	5471
f 6045 	6044 	6240
f 5471 	4966 	6100
f 5944 	5946 	5837
f 6045 	6240 	6188
f 6140 	5673 	5022
f 5487 	5022 	6125
f 6175 	5239 	6174
f 6125 	5077 	5487
f 5243 	6176 	6177
f 6228 	6036 	6243
f 5243 	6177 	5244
f 6180 	5244 	6177
f 6126 	6114 	5489
f 5244 	6180 	5248
f 6184 	5248 	6180
f 5489 	5077 	6126
f 5245 	5246 	6181
f 6181 	5246 	6182
f 6183 	5247 	6181
f 6114 	6115 	5489
f 5247 	6193 	5259
f 6193 	5247 	6183
f 6229 	6228 	6225
f 6243 	6242 	6239
f 6230 	6229 	6225
f 6225 	6224 	6230
f 6231 	6230 	6224
f 6222 	6234 	6224
f 6221 	6234 	6222
f 6236 	6234 	6220
f 6219 	6236 	6220
f 6221 	6220 	6234
f 6231 	6224 	6234
f 5876 	5875 	5746
f 5024 	5491 	6115
f 6226 	6225 	6228
f 6184 	6185 	5248
f 5250 	5248 	6185
f 5844 	5876 	5750
f 5253 	6186 	6187
f 4970 	6235 	6244
f 5746 	5750 	5876
f 6238 	6228 	6239
f 6228 	6243 	6239
f 6226 	6228 	6237
f 6238 	6237 	6228
f 6240 	6239 	6242
f 6242 	6241 	6240
f 6241 	6196 	6240
f 6188 	6240 	6196
f 6244 	6245 	4960
f 6182 	5246 	6192
f 5207 	4963 	6245
f 6245 	4965 	4960
f 6211 	6210 	5298
f 6209 	5299 	6210
f 5259 	6193 	6195
f 5299 	5298 	6210
f 6096 	5647 	6102
f 5263 	6195 	6197
f 6102 	6101 	6096
f 6198 	5266 	5263
f 6198 	5263 	6197
f 5312 	6214 	5297
f 6213 	6212 	6135
f 6128 	6135 	6212
f 5013 	6102 	4963
f 4967 	4963 	5647
f 5266 	6198 	6199
f 4967 	6233 	4970
f 5331 	6199 	6200
f 4961 	4970 	6244
f 5829 	5828 	5741
f 5331 	6200 	5333
f 6201 	5333 	6200
f 6202 	5336 	6201
f 6216 	5308 	6217
f 6216 	6215 	5311
f 6214 	5311 	6215
f 6217 	5308 	6218
f 6211 	5297 	6214
f 6218 	6213 	6135
f 5741 	5942 	5829
f 6245 	6244 	5814
f 6082 	6083 	6245
f 6204 	6206 	5342
f 6036 	5017 	6052
f 5942 	5941 	5830
f 5233 	6172 	6147
f 6147 	6148 	5210
f 5213 	5210 	6149
f 6148 	6149 	5210
f 5831 	5941 	5834
f 6150 	5215 	6149
f 5213 	6149 	5215
f 5944 	5836 	5943
f 6150 	6151 	5215
f 5217 	6151 	5219
f 5222 	5219 	6153
f 6152 	6153 	5219
f 6154 	5223 	6153
f 5193 	5223 	6155
f 6155 	6156 	5193
f 5194 	5193 	6156
f 5194 	6156 	6157
f 5201 	6158 	6159
f 6159 	6160 	5201
f 5203 	5201 	6160
f 5203 	6160 	5236
f 5226 	6161 	6163
f 5954 	5977 	5872
f 6165 	5227 	6163
f 5226 	6163 	5227
f 6166 	5228 	6165
f 5227 	6165 	5228
f 5229 	5228 	6167
f 6166 	6167 	5228
f 5229 	6167 	6169
f 5229 	6169 	5230
f 5232 	6170 	6171
f 6172 	5233 	6171
f 5232 	6171 	5233
f 5875 	5747 	5746
f 5236 	6160 	6173
f 6173 	6174 	5236
f 5238 	5236 	6174
f 5239 	5238 	6174
f 5828 	5850 	5798
f 5796 	5798 	5850
f 5798 	5741 	5828
f 5830 	5829 	5942
f 5831 	5830 	5941
f 5943 	5834 	5941
f 5869 	5868 	5945
f 5945 	5951 	5869
f 5871 	5870 	5950
f 5872 	5871 	5954
f 5950 	5954 	5871
f 5842 	5841 	5749
f 5750 	5749 	5841
f 5841 	5844 	5750
f 5749 	5751 	5842
f 5751 	5797 	5847
f 5850 	5849 	5796
f 5318 	5115 	5439
f 5439 	5441 	5318
f 5318 	5195 	5197
f 6252 	6250 	5749
f 5617 	5749 	6246
f 5136 	5617 	6246
f 6248 	6249 	5572
f 6249 	4979 	5572
f 6250 	6247 	5749
f 6247 	6246 	5749
f 6251 	6252 	5749
f 6253 	6251 	5749
f 6254 	6253 	5749
f 5749 	5750 	6254
f 5326 	5324 	5424
f 5423 	5424 	5324
f 5424 	5572 	6257
f 6256 	5424 	6257
f 4979 	6258 	5572
f 6258 	6257 	5572
f 6255 	5747 	4982
f 4984 	5903 	4985
f 4982 	5745 	4984
f 4986 	5904 	4993
f 4993 	5799 	4994
f 5001 	5000 	5318
f 4996 	5318 	5000
f 5002 	5001 	5318
f 5005 	5002 	5318
f 5318 	5422 	5009
f 5008 	5318 	5009
f 5036 	5035 	5422
f 5422 	5035 	5031
f 5026 	5009 	5422
f 5039 	5036 	5422
f 5039 	5422 	5041
f 5044 	5422 	5047
f 5047 	5422 	5048
f 5051 	5048 	5422
f 5055 	5051 	5422
f 5055 	5422 	5392
f 5097 	5541 	5098
f 5101 	5541 	5102
f 5098 	5541 	5101
f 5114 	5111 	5439
f 5111 	5107 	5439
f 5103 	5445 	5107
f 5439 	5115 	5114
f 4996 	5122 	5318
f 5122 	5119 	5318
f 5318 	5119 	5115
f 5102 	5444 	5103
f 5096 	5547 	5097
f 5444 	5445 	5103
f 5095 	5546 	5096
f 4994 	5799 	5095
f 4985 	5903 	4986
f 5439 	5107 	5445
f 5044 	5041 	5422
f 5031 	5026 	5422
f 5008 	5005 	5318
f 6246 	5150 	5136
f 6250 	5180 	6247
f 6247 	5151 	6246
f 6249 	5152 	4979
f 5168 	6249 	6248
f 5170 	5168 	5137
f 5185 	5180 	6252
f 5186 	5185 	6252
f 5186 	6252 	6251
f 6253 	5187 	6251
f 5187 	5186 	6251
f 6254 	5130 	5129
f 5187 	6253 	5129
f 6254 	5129 	6253
f 5130 	6254 	5131
f 6255 	5131 	6254
f 4982 	5234 	6255
f 5326 	6256 	5127
f 6257 	5190 	5128
f 5127 	6256 	5128
f 6257 	5128 	6256
f 4979 	5191 	6258
f 6258 	5192 	5190
f 6258 	5190 	6257
# 2614 faces

 #end of obj_5

o obj_6
v 192.999 		-86.152 		18.877
v 181.584 		-86.0091 		19.5245
v 179.645 		-102.7955 		6.0279
v 180.224 		-102.8056 		6.0266
v 171.5722 		-117.7519 		0.0465
v 178.654 		-102.96 		6.03
v 188.085 		-108.8677 		0.0115
v 188.037 		-108.9897 		0.0116
v 156.9683 		-88.7751 		0.079
v 156.9677 		-88.7751 		0.079
v 167.2169 		-117.6762 		0.0556
v 192.9267 		-92.151 		18.877
v 168.4183 		-117.6971 		0.0531
v 192.9267 		-92.151 		18.8724
v 192.927 		-92.151 		18.877
v 188.1073 		-108.828 		0.0114
v 192.9267 		-92.151 		18.8816
v 169.5326 		-117.7165 		0.0509
v 192.9267 		-92.151 		18.8816
v 168.424 		-85.8437 		19.5526
v 192.324 		-92.144 		23.278
v 168.424 		-85.844 		19.5526
v 192.9268 		-92.1385 		18.8816
v 192.996 		-86.3768 		18.8816
v 180.0219 		-102.8016 		0.0289
v 179.6238 		-102.7947 		0.0297
v 172.5227 		-117.7685 		0.0442
v 181.584 		-86.0088 		19.5245
v 173.4421 		-117.7845 		0.0421
v 178.6131 		-104.5633 		0.0317
v 192.9959 		-86.3802 		18.8724
v 174.3393 		-117.8001 		0.0405
v 175.2229 		-117.8154 		0.0385
v 193 		-86.152 		19.5
v 192.928 		-92.151 		19.5
v 176.1002 		-117.8307 		0.0365
v 173.131 		-91.9032 		19.5424
v 177.8695 		-117.8615 		0.0329
v 179.2088 		-102.7875 		0.0306
v 173.9087 		-91.9129 		19.5407
v 173.8105 		-91.9117 		19.5409
v 173.3606 		-91.9061 		19.5419
v 192.9267 		-92.151 		18.8867
v 176.9802 		-117.846 		0.035
v 173.981 		-91.9137 		8.1786
v 188.1483 		-108.7537 		0.0113
v 180.224 		-102.8052 		0.0285
v 173.981 		-91.9139 		8.1786
v 178.4213 		-115.3079 		0.0318
v 178.426 		-115.308 		0.0318
v 162.4254 		-107.8003 		6.064
v 162.3498 		-112.1292 		6.064
v 162.3479 		-112.2413 		6.064
v 162.322 		-113.721 		6.064
v 178.439 		-115.308 		6.029
v 162.36 		-111.5477 		6.0637
v 178.9202 		-102.7825 		0.0313
v 162.3314 		-113.1834 		6.0638
v 162.3381 		-112.7994 		6.0637
v 178.6442 		-102.7777 		0.032
v 178.4261 		-115.3042 		0.0318
v 162.3266 		-113.4594 		6.0639
v 178.6332 		-103.4084 		0.0319
v 178.641 		-102.96 		0.0319
v 192.9987 		-86.152 		18.8724
v 192.9987 		-86.152 		18.877
v 178.4342 		-114.8341 		0.0319
v 192.9987 		-86.152 		18.8816
v 187.759 		-86.086 		30.909
v 188.1751 		-108.7167 		0.0112
v 188.226 		-108.6477 		0.0111
v 190.608 		-86.122 		27.382
v 192.9985 		-86.1645 		18.8724
v 191.644 		-86.135 		25.386
v 192.999 		-86.152 		19.0286
v 178.7766 		-117.8772 		0.0308
v 179.7105 		-117.8935 		0.0292
v 164.1395 		-102.7076 		0.0629
v 156.9686 		-88.7751 		0.079
v 165.6507 		-102.7339 		0.0598
v 166.9532 		-102.7566 		0.0568
v 168.096 		-102.7765 		0.0542
v 169.1153 		-102.7942 		0.0525
v 170.0381 		-102.8103 		0.0505
v 156.9707 		-88.7751 		0.079
v 170.8839 		-102.825 		0.0483
v 171.6694 		-102.8387 		0.0468
v 192.395 		-86.144 		23.278
v 159.7227 		-88.8016 		0.0731
v 159.744 		-88.8018 		0.073
v 172.0113 		-102.6625 		0.0457
v 192.9816 		-86.1515 		10.8104
v 162.322 		-113.7207 		6.0638
v 162.3546 		-111.8523 		6.0636
v 156.931 		-90.535 		0.0789
v 162.322 		-113.721 		6.0638
v 192.778 		-92.15 		21.096
v 159.3982 		-108.705 		0.0729
v 159.408 		-108.6197 		0.0728
v 172.032 		-102.6629 		0.0461
v 192.9263 		-92.151 		18.8867
v 160.2127 		-88.8065 		0.072
v 159.3933 		-108.7503 		0.0729
v 188.317 		-108.5536 		0.0109
v 156.962 		-88.75 		0.079
v 171.5405 		-102.6543 		0.0471
v 192.8852 		-92.1505 		19.5001
v 173.5249 		-91.908 		8.3139
v 173.639 		-91.9094 		8.27
v 173.7429 		-91.9107 		8.2397
v 173.869 		-91.9123 		8.203
v 168.7024 		-102.605 		0.0527
v 170.7318 		-102.6403 		0.0487
v 172.8602 		-91.8997 		9.1857
v 172.8224 		-91.8992 		9.0668
v 172.812 		-91.8991 		9.001
v 172.83 		-91.8993 		8.881
v 172.884 		-91.9 		8.763
v 169.8611 		-102.6252 		0.0509
v 172.9238 		-91.9005 		8.7115
v 168.911 		-102.6087 		0.0529
v 167.8616 		-102.5904 		0.0547
v 173.0281 		-91.9018 		8.6002
v 173.1641 		-91.9035 		8.4958
v 173.2486 		-91.9046 		8.4405
v 173.3312 		-91.9056 		8.3994
v 156.9669 		-88.7501 		0.079
v 156.9666 		-88.7739 		0.079
v 156.9666 		-88.7751 		0.079
v 172.8224 		-91.8994 		9.0668
v 172.812 		-91.8993 		9.001
v 166.6852 		-102.57 		0.0574
v 164.9373 		-102.5396 		0.0613
v 163.84 		-102.5206 		0.0635
v 172.8306 		-91.8993 		9.121
v 165.3443 		-102.5467 		0.0605
v 172.8306 		-91.8995 		9.121
v 172.8602 		-91.8999 		9.1857
v 188.024 		-109.5484 		0.0116
v 188.0123 		-109.5077 		0.0116
v 163.0354 		-114.6156 		0.0647
v 163.0491 		-113.8286 		0.0647
v 162.8366 		-102.5031 		6.0639
v 163.2592 		-102.5105 		6.063
v 163.3499 		-102.512 		6.0628
v 163.3782 		-102.5125 		6.0627
v 156.9465 		-91.7002 		6.0787
v 163.256 		-102.692 		6.063
v 156.9819 		-88.7528 		6.079
v 160.667 		-91.747 		8.597
v 160.9506 		-91.7505 		8.29
v 188.0054 		-109.4627 		0.0116
v 187.993 		-109.3787 		0.0117
v 162.4149 		-91.7689 		9.8596
v 173.869 		-91.9125 		8.203
v 159.365 		-91.731 		10.449
v 158.329 		-91.718 		12.445
v 173.7429 		-91.9109 		8.2397
v 173.639 		-91.9096 		8.27
v 160.667 		-91.7469 		8.597
v 160.667 		-91.7469 		8.597
v 159.3651 		-91.7307 		10.4489
v 159.365 		-91.7307 		10.449
v 158.329 		-91.7177 		12.445
v 158.3291 		-91.7177 		12.4449
v 163.041 		-115.04 		6.062
v 156.974 		-91.7005 		6.0787
v 192.85 		-86.15 		21.096
v 158.8839 		-91.7245 		6.0746
v 192.9747 		-86.1517 		19.2397
v 173.5249 		-91.9082 		8.3139
v 192.9572 		-86.1515 		19.5001
v 159.4191 		-108.5754 		0.0728
v 173.4554 		-91.9072 		8.3406
v 187.9923 		-109.333 		0.0117
v 173.431 		-91.9069 		8.35
v 173.431 		-91.907 		8.35
v 159.4393 		-108.4927 		0.0728
v 163.243 		-102.692 		0.0647
v 187.9903 		-109.2477 		0.0117
v 159.4873 		-108.3707 		0.0727
v 163.028 		-115.04 		0.0647
v 163.7887 		-102.5197 		0.0636
v 163.2462 		-102.5103 		0.0648
v 163.2097 		-104.6069 		0.0648
v 163.2223 		-103.879 		0.0647
v 163.236 		-103.0925 		0.0647
v 159.5093 		-108.3306 		0.0727
v 159.551 		-108.2557 		0.0726
v 192.8853 		-92.1433 		19.5001
v 192.9054 		-90.4659 		19.5001
v 162.0341 		-102.4892 		0.0673
v 162.8365 		-117.6 		0.0651
v 183.359 		-105.097 		6.02
v 183.359 		-105.097 		6.0197
v 188.3528 		-108.5251 		0.0108
v 192.7223 		-92.1485 		16.4428
v 159.5781 		-108.2191 		0.0725
v 159.629 		-108.1507 		0.0724
v 188.4074 		-108.4813 		0.0107
v 157.3 		-85.7039 		12.8469
v 157.6819 		-85.7087 		12.7959
v 163.631 		-85.7833 		12
v 156.975 		-88.75 		6.079
v 173.3312 		-91.9058 		8.3994
v 173.2486 		-91.9048 		8.4405
v 156.9819 		-88.7501 		6.079
v 189.4333 		-110.1925 		0.0085
v 189.331 		-110.2377 		0.0087
v 192.709 		-83.508 		12.846
v 192.51 		-83.508 		14.333
v 192.709 		-85.85 		12.847
v 189.205 		-110.2737 		0.009
v 162.4353 		-85.7984 		3.0654
v 173.1641 		-91.9037 		8.4958
v 159.744 		-85.7714 		3.0711
v 192.51 		-85.85 		14.333
v 192.513 		-114.377 		0.0019
v 173.095 		-91.9026 		8.541
v 162.0343 		-88.8382 		0.069
v 173.095 		-91.9028 		8.541
v 173.0281 		-91.902 		8.6002
v 189.306 		-86.106 		29.234
v 192.4804 		-116.2511 		0.0015
v 192.4973 		-115.2805 		0.0021
v 192.4621 		-117.3068 		0.0022
v 172.9725 		-91.9011 		8.649
v 189.075 		-110.2926 		0.0093
v 192.4482 		-118.1062 		0.002
v 172.9725 		-91.9013 		8.649
v 172.884 		-91.9002 		8.763
v 172.9237 		-91.9007 		8.7115
v 188.944 		-110.2957 		0.0096
v 192.461 		-118.116 		5.999
v 192.448 		-118.115 		0.002
v 159.6607 		-108.1179 		0.0724
v 188.814 		-110.2807 		0.0098
v 159.6977 		-108.0797 		0.0723
v 192.4299 		-118.1147 		0.0021
v 159.72 		-108.0566 		0.0722
v 172.83 		-91.8995 		8.881
v 191.8045 		-118.1038 		0.0033
v 188.7698 		-110.2695 		0.0099
v 173.6521 		-91.9096 		9.7314
v 174.0085 		-91.9141 		9.8235
v 173.8726 		-91.9124 		9.795
v 173.7687 		-91.9111 		9.7652
v 173.642 		-91.9095 		9.7285
v 173.5476 		-91.9083 		9.6928
v 173.3513 		-91.9059 		9.6088
v 173.1815 		-91.9037 		9.5143
v 173.097 		-91.9027 		9.46
v 173.0415 		-91.902 		9.4117
v 172.9338 		-91.9006 		9.301
v 172.885 		-91.9 		9.239
v 172.885 		-91.9002 		9.239
v 172.9338 		-91.9008 		9.301
v 172.974 		-91.9011 		9.3525
v 156.9939 		-87.4593 		4.4665
v 156.9927 		-87.5847 		4.5881
v 156.993 		-87.6304 		5.0058
v 156.9963 		-87.5058 		5.8034
v 156.9963 		-87.5057 		5.8036
v 156.995 		-87.596 		5.848
v 156.99 		-87.968 		5.974
v 188.687 		-110.2493 		0.0101
v 156.9953 		-87.596 		5.848
v 156.9953 		-87.596 		5.848
v 159.7143 		-109.531 		0.0722
v 159.6905 		-109.5079 		0.0723
v 159.653 		-109.4716 		0.0723
v 188.6445 		-110.2329 		0.0102
v 188.565 		-110.2017 		0.0103
v 172.974 		-91.9013 		9.3525
v 173.097 		-91.9029 		9.46
v 173.0415 		-91.9022 		9.4117
v 159.6248 		-109.4358 		0.0724
v 183.783 		-105.9249 		6.0189
v 183.7118 		-106.3079 		6.019
v 173.1815 		-91.904 		9.5143
v 188.45 		-110.1376 		0.0106
v 173.251 		-91.9046 		9.5595
v 173.251 		-91.9048 		9.5595
v 192.946 		-89.376 		0.002
v 192.959 		-89.376 		6.002
v 192.765 		-100.5 		6.002
v 183.3326 		-106.6184 		6.0198
v 183.349 		-105.674 		6.0199
v 183.3422 		-106.0632 		6.0198
v 173.3513 		-91.9061 		9.6088
v 192.936 		-89.105 		0
v 173.4335 		-91.9069 		9.6495
v 173.4335 		-91.9071 		9.6495
v 189.946 		-109.5997 		0.0075
v 173.642 		-91.9097 		9.7285
v 173.5476 		-91.9085 		9.6928
v 189.9366 		-109.6235 		0.0075
v 189.898 		-109.7216 		0.0076
v 184.5439 		-92.0464 		6.8534
v 179.7465 		-91.9863 		7.9019
v 173.8725 		-91.9126 		9.795
v 173.7687 		-91.9113 		9.7652
v 178.3288 		-91.9684 		6.8948
v 168.437 		-91.8444 		8.2968
v 165.9315 		-91.8132 		14.0158
v 192.9125 		-91.0595 		6.002
v 192.8994 		-92.151 		6.002
v 164.3965 		-91.7939 		14.8067
v 192.9327 		-89.3755 		6.0021
v 192.765 		-92.1493 		6.0023
v 189.8761 		-109.7613 		0.0076
v 189.8343 		-109.8357 		0.0077
v 192.983 		-86.334 		4.148
v 192.982 		-86.507 		4.5
v 174.0085 		-91.9143 		9.8235
v 159.5713 		-109.3693 		0.0725
v 192.976 		-86.984 		5.121
v 192.973 		-87.279 		5.38
v 156.9938 		-87.7275 		5.8925
v 192.969 		-87.605 		5.598
v 192.964 		-87.957 		5.772
v 159.5477 		-109.3303 		0.0726
v 159.5033 		-109.2567 		0.0726
v 174.8069 		-91.9239 		9.9123
v 174.655 		-91.9221 		9.9085
v 174.5322 		-91.9205 		9.8981
v 174.2652 		-91.9172 		9.8683
v 174.121 		-91.9155 		9.8475
v 189.7563 		-109.9417 		0.0078
v 192.979 		-86.725 		4.826
v 175.0829 		-91.9274 		9.9111
v 174.1176 		-91.9154 		8.149
v 174.2359 		-91.9168 		8.1314
v 174.5024 		-91.9201 		8.0992
v 174.7757 		-91.9235 		8.0824
v 174.9274 		-91.9254 		8.0775
v 174.9276 		-91.9254 		8.0775
v 175.0527 		-91.927 		8.0806
v 174.121 		-91.9157 		9.8475
v 189.6653 		-110.0357 		0.008
v 156.9911 		-87.968 		5.974
v 174.2652 		-91.9176 		9.8683
v 156.99 		-88.064 		5.9932
v 174.3836 		-91.9187 		9.8855
v 189.6295 		-110.0642 		0.0081
v 192.9652 		-86.3338 		4.148
v 192.9652 		-86.3338 		4.148
v 192.9653 		-86.3161 		4.096
v 174.3835 		-91.919 		9.8855
v 156.985 		-88.352 		6.051
v 156.98 		-88.744 		6.077
v 174.655 		-91.9224 		9.9085
v 174.5322 		-91.9209 		9.8981
v 189.563 		-110.1177 		0.0082
v 192.9639 		-86.5068 		4.5
v 192.9652 		-86.3339 		4.1482
v 192.962 		-86.7248 		4.826
v 192.9639 		-86.5069 		4.5002
v 189.524 		-110.141 		0.0083
v 189.451 		-110.1847 		0.0084
v 174.8069 		-91.9244 		9.9123
v 159.4513 		-109.1367 		0.0728
v 174.9315 		-91.9259 		9.9155
v 175.0829 		-91.9278 		9.9111
v 192.9595 		-86.9838 		5.121
v 174.9314 		-91.9255 		9.9154
v 174.9316 		-91.9255 		9.9155
v 175.0526 		-91.9274 		8.0806
v 174.9276 		-91.9258 		8.0775
v 159.4384 		-109.0928 		0.0728
v 159.415 		-109.0107 		0.0728
v 192.9565 		-87.2788 		5.38
v 174.7757 		-91.9239 		8.0824
v 174.651 		-91.9223 		8.086
v 174.5024 		-91.9205 		8.0992
v 174.3795 		-91.9189 		8.11
v 192.9531 		-87.6048 		5.598
v 192.9531 		-87.6048 		5.598
v 174.2359 		-91.9171 		8.1314
v 174.1176 		-91.9156 		8.149
v 159.4084 		-108.9654 		0.0728
v 175.2076 		-91.9294 		9.907
v 175.4796 		-91.9328 		9.883
v 192.9492 		-87.9568 		5.772
v 192.9531 		-87.605 		5.5981
v 175.7415 		-91.9361 		9.844
v 159.3953 		-108.8813 		0.0729
v 175.9895 		-91.9392 		9.79
v 176.1157 		-91.9408 		9.7533
v 192.948 		-88.064 		5.8083
v 176.0909 		-91.9404 		8.2283
v 175.9866 		-91.9391 		8.198
v 159.3939 		-108.7887 		0.0729
v 192.591 		-83.437 		20.031
v 175.85 		-91.9374 		8.1689
v 186.386 		-83.437 		20.532
v 175.738 		-91.936 		8.1455
v 192.591 		-85.85 		20.031
v 186.386 		-85.85 		20.532
v 192.9427 		-89.3758 		5.0541
v 192.9408 		-89.3758 		4.096
v 175.5943 		-91.9342 		8.1246
v 192.949 		-89.105 		6
v 175.4756 		-91.9327 		8.1075
v 192.9449 		-89.3758 		5.982
v 189.6711 		-108.5613 		0.008
v 189.7323 		-108.6207 		0.0079
v 192.954 		-88.713 		5.974
v 175.3264 		-91.9308 		8.0948
v 175.204 		-91.9293 		8.0845
v 192.959 		-88.329 		5.898
v 192.9444 		-89.3757 		5.982
v 174.651 		-91.9219 		8.086
v 177.029 		-91.9522 		9.112
v 177.0389 		-91.9523 		9.0462
v 177.0465 		-91.9524 		8.992
v 160.7333 		-109.7397 		0.0699
v 186.5599 		-118.0126 		0.0145
v 192.943 		-89.3757 		5.982
v 185.1856 		-117.9887 		0.0174
v 177.0361 		-91.9523 		8.9262
v 177.028 		-91.9522 		8.872
v 176.974 		-91.9515 		8.754
v 176.9252 		-91.9509 		8.6915
v 176.885 		-91.9504 		8.6405
v 160.6073 		-109.7766 		0.0701
v 192.9326 		-89.3755 		5.9821
v 192.9359 		-89.1049 		6
v 176.8176 		-91.9495 		8.5818
v 176.762 		-91.9488 		8.533
v 192.9326 		-89.3755 		5.9821
v 176.6776 		-91.9478 		8.4782
v 176.608 		-91.9469 		8.4335
v 160.5621 		-109.7833 		0.0702
v 174.3796 		-91.9186 		8.11
v 192.945 		-88.3289 		5.898
v 176.425 		-91.9446 		8.3435
v 176.217 		-91.942 		8.2645
v 160.478 		-109.7957 		0.0704
v 192.9406 		-88.7129 		5.974
v 192.945 		-88.329 		5.8981
v 176.22 		-91.9421 		9.723
v 185.1848 		-107.6819 		6.0156
v 176.3341 		-91.9435 		9.6791
v 176.428 		-91.9447 		9.643
v 189.7605 		-108.6562 		0.0079
v 176.5284 		-91.9459 		9.5931
v 160.347 		-109.7987 		0.0707
v 176.6105 		-91.947 		9.5525
v 176.6945 		-91.948 		9.4976
v 176.764 		-91.9489 		9.452
v 176.886 		-91.9504 		9.344
v 176.975 		-91.9515 		9.23
v 189.814 		-108.7226 		0.0078
v 192.981 		-86.207 		2.223
v 160.3017 		-109.7934 		0.0708
v 192.983 		-86.131 		2.608
v 160.2163 		-109.7837 		0.071
v 176.0909 		-91.9402 		8.2283
v 176.1157 		-91.9406 		9.7533
v 156.9896 		-88.0995 		6.0004
v 175.9895 		-91.939 		9.79
v 175.7415 		-91.9358 		9.844
v 175.4796 		-91.9325 		9.883
v 175.2076 		-91.929 		9.907
v 175.3264 		-91.9305 		8.0948
v 175.4756 		-91.9324 		8.1075
v 175.5943 		-91.9339 		8.1246
v 175.738 		-91.9357 		8.1455
v 175.85 		-91.9372 		8.1689
v 160.0893 		-109.7517 		0.0713
v 156.9799 		-88.7501 		6.0766
v 156.9753 		-88.7501 		4.096
v 156.982 		-88.744 		6.077
v 156.9819 		-88.7501 		6.0766
v 185.209 		-111.484 		6.015
v 156.9867 		-88.352 		6.051
v 156.9867 		-88.352 		6.051
v 159.9673 		-109.7037 		0.0715
v 183.3863 		-111.8874 		6.0189
v 183.2388 		-112.0195 		6.0192
v 192.984 		-86.207 		3.776
v 168.424 		-91.8444 		14.2933
v 189.8377 		-108.7617 		0.0077
v 189.8813 		-108.8346 		0.0077
v 183.228 		-112.645 		6.0192
v 183.2297 		-112.5443 		6.0192
v 192.984 		-86.105 		3
v 192.984 		-86.131 		3.391
v 163.84 		-91.7867 		6.0642
v 164.6042 		-91.7962 		6.0626
v 175.9866 		-91.9389 		8.198
v 185.8666 		-92.063 		6.2429
v 157.0207 		-85.7441 		3.077
v 183.97 		-92.04 		33.619
v 181.863 		-92.013 		34.607
v 183.3506 		-105.58 		6.0196
v 183.3373 		-106.3461 		6.0197
v 189.8994 		-108.8768 		0.0076
v 159.8523 		-109.6407 		0.0718
v 172.64 		-91.898 		35.775
v 159.7473 		-109.5627 		0.0721
v 174.987 		-91.927 		35.915
v 189.934 		-108.9557 		0.0076
v 179.638 		-91.985 		35.326
v 192.966 		-86.2068 		3.776
v 192.966 		-86.151 		3.4934
v 177.333 		-91.956 		35.765
v 175.204 		-91.9289 		8.0845
v 192.765 		-86.1485 		3.4913
v 161.373 		-108.5836 		0.0686
v 156.9903 		-87.508 		3.077
v 156.991 		-87.4632 		3.1486
v 156.9913 		-87.4369 		3.077
v 189.9469 		-108.9995 		0.0075
v 189.9517 		-109.0164 		0.0075
v 192.9406 		-89.3758 		4.0111
v 189.9703 		-109.0816 		0.0075
v 161.3799 		-108.6289 		0.0686
v 161.3923 		-108.7137 		0.0686
v 192.9399 		-89.3758 		3.6535
v 192.939 		-89.3758 		3.3529
v 192.9389 		-89.3758 		3.2708
v 192.9388 		-89.3758 		3.2077
v 168.105 		-91.841 		34.636
v 177.0361 		-91.9522 		8.9262
v 177.0465 		-91.9523 		8.992
v 192.9387 		-89.3758 		3.1563
v 177.0389 		-91.9522 		9.0462
v 192.9386 		-89.3758 		3.1122
v 177.029 		-91.9521 		9.112
v 176.4008 		-91.9442 		8.3342
v 176.425 		-91.9445 		8.3435
v 176.608 		-91.9468 		8.4335
v 176.6776 		-91.9477 		8.4782
v 192.9384 		-89.3758 		3.0725
v 192.9384 		-89.3758 		3.072
v 176.8176 		-91.9494 		8.5818
v 176.885 		-91.9503 		8.6405
v 176.9252 		-91.9508 		8.6915
v 176.974 		-91.9514 		8.754
v 170.333 		-91.869 		35.346
v 176.217 		-91.9418 		8.2645
v 192.9393 		-89.3758 		3.4689
v 185.89 		-86.0626 		12.9516
v 177.028 		-91.9521 		8.872
v 185.923 		-92.064 		32.379
v 189.9769 		-109.1266 		0.0075
v 176.762 		-91.9487 		8.533
v 189.99 		-109.2107 		0.0074
v 161.393 		-108.7593 		0.0686
v 161.3945 		-108.8235 		0.0685
v 161.395 		-108.8447 		0.0685
v 189.992 		-109.3417 		0.0074
v 185.3697 		-92.0568 		6.0181
v 186.1798 		-92.0669 		6.0164
v 185.221 		-92.0549 		6.0185
v 186.3583 		-92.0691 		6.016
v 187.179 		-92.0794 		6.0143
v 161.38 		-108.9747 		0.0686
v 176.975 		-91.9514 		9.23
v 176.886 		-91.9503 		9.344
v 176.764 		-91.9488 		9.452
v 176.6945 		-91.9479 		9.4976
v 176.5284 		-91.9458 		9.5931
v 176.3341 		-91.9434 		9.6791
v 176.22 		-91.9419 		9.723
v 176.2101 		-91.9418 		9.7259
v 176.428 		-91.9445 		9.643
v 185.5466 		-86.058 		5.1595
v 161.3692 		-109.0189 		0.0686
v 161.3483 		-109.1017 		0.0687
v 186.4643 		-86.0695 		5.8406
v 176.6105 		-91.9468 		9.5525
v 161.3003 		-109.2236 		0.0688
v 161.278 		-109.2637 		0.0688
v 161.237 		-109.3387 		0.0689
v 161.2102 		-109.3752 		0.069
v 161.1593 		-109.4436 		0.0691
v 156.9735 		-88.7501 		3.328
v 161.1341 		-109.47 		0.0691
v 161.0683 		-109.5387 		0.0693
v 173.6774 		-85.9095 		8.2829
v 156.9732 		-88.7501 		3.2141
v 156.9732 		-88.7501 		3.2
v 173.4736 		-85.9069 		8.3645
v 173.3201 		-85.9049 		8.4408
v 173.2953 		-85.9046 		8.4571
v 173.1473 		-85.9028 		8.5584
v 161.0325 		-109.5668 		0.0693
v 173.0298 		-85.9013 		8.6674
v 172.956 		-85.9004 		8.763
v 172.902 		-85.8997 		8.881
v 172.884 		-85.8995 		9.001
v 172.887 		-85.8995 		9.0204
v 172.9109 		-85.8998 		9.14
v 173.711 		-85.9099 		8.27
v 160.966 		-109.6203 		0.0694
v 173.941 		-85.9128 		8.203
v 173.9038 		-85.9124 		8.2138
v 172.887 		-85.8993 		9.0204
v 192.942 		-89.105 		3
v 172.884 		-85.8993 		9.001
v 172.9021 		-85.8997 		9.121
v 160.927 		-109.644 		0.0695
v 160.8533 		-109.6877 		0.0696
v 172.9021 		-85.8995 		9.121
v 183.2394 		-111.989 		6.0192
v 172.9109 		-85.8996 		9.14
v 183.2287 		-112.6025 		6.0191
v 187.5241 		-86.0828 		3.4359
v 185.0116 		-86.0512 		3.4094
v 184.7405 		-89.2333 		0.0315
v 173.941 		-85.9125 		8.203
v 187.9804 		-89.2896 		0.0262
v 173.9039 		-85.9121 		8.2138
v 173.711 		-85.9097 		8.27
v 173.6774 		-85.9092 		8.2829
v 173.527 		-85.9075 		8.3408
v 173.503 		-85.9072 		8.35
v 173.503 		-85.907 		8.35
v 173.4736 		-85.9067 		8.3645
v 173.3201 		-85.9048 		8.4408
v 178.581 		-106.4045 		0.0317
v 159.7558 		-108.0281 		0.0721
v 178.589 		-105.949 		0.0319
v 159.8223 		-107.9747 		0.072
v 178.5992 		-105.3606 		0.0318
v 173.2953 		-85.9044 		8.4571
v 159.9343 		-107.9067 		0.0717
v 173.167 		-85.903 		8.541
v 173.167 		-85.9028 		8.541
v 173.1473 		-85.9026 		8.5584
v 156.9731 		-88.7501 		3.136
v 173.0441 		-85.9015 		8.649
v 173.0441 		-85.9013 		8.649
v 156.973 		-88.744 		3.077
v 172.956 		-85.9002 		8.763
v 173.0298 		-85.9011 		8.6674
v 172.902 		-85.8995 		8.881
v 160.0543 		-107.8547 		0.0714
v 173.7236 		-85.9101 		9.7316
v 173.7513 		-85.9105 		9.7397
v 160.1803 		-107.8186 		0.0711
v 172.957 		-85.9004 		9.239
v 172.9713 		-85.9006 		9.2572
v 173.0658 		-85.9018 		9.3703
v 173.169 		-85.9031 		9.46
v 173.1938 		-85.9034 		9.476
v 173.3525 		-85.9054 		9.5744
v 173.5387 		-85.9078 		9.6626
v 173.714 		-85.91 		9.7288
v 173.9441 		-85.9129 		9.795
v 173.9842 		-85.9134 		9.8034
v 160.3103 		-107.7987 		0.0708
v 187.1794 		-102.9266 		6.0117
v 172.957 		-85.9002 		9.239
v 187.9823 		-100.535 		0.0121
v 187.334 		-100.5238 		0.0134
v 160.4413 		-107.7967 		0.0705
v 172.9713 		-85.9004 		9.2572
v 187.9405 		-102.9392 		0.0121
v 187.9823 		-102.9179 		0.012
v 187.9823 		-102.9399 		0.012
v 173.046 		-85.9016 		9.3528
v 173.046 		-85.9013 		9.3528
v 160.4866 		-107.8019 		0.0704
v 173.169 		-85.9029 		9.46
v 187.5699 		-102.9327 		0.0129
v 185.2405 		-102.8923 		0.0178
v 187.9823 		-101.0598 		0.0121
v 173.0658 		-85.9016 		9.3703
v 187.9823 		-102.7119 		0.012
v 187.2039 		-102.9264 		0.0137
v 160.5713 		-107.8117 		0.0703
v 185.3005 		-102.8933 		0.0177
v 160.6156 		-107.8224 		0.0702
v 160.6983 		-107.8427 		0.07
v 173.1938 		-85.9032 		9.476
v 173.323 		-85.905 		9.5598
v 156.973 		-88.7501 		3.1231
v 186.25 		-102.9098 		0.0159
v 173.323 		-85.9048 		9.5598
v 156.9729 		-88.7501 		3.0917
v 156.973 		-88.7501 		3.0997
v 156.9729 		-88.7501 		3.0817
v 184.7395 		-102.5127 		0.0188
v 173.3525 		-85.9052 		9.5744
v 156.9729 		-88.7501 		3.0795
v 156.9729 		-88.7501 		3.0797
v 156.9729 		-88.7501 		3.0849
v 156.9729 		-88.7501 		3.0875
v 173.5051 		-85.9073 		9.6498
v 156.9729 		-88.7501 		3.0805
v 173.5051 		-85.9071 		9.6498
v 156.9729 		-88.7501 		3.0762
v 173.714 		-85.9097 		9.7288
v 173.5387 		-85.9075 		9.6626
v 156.9729 		-88.7501 		3.0778
v 156.9729 		-88.7501 		3.0786
v 160.8203 		-107.8907 		0.0697
v 160.9353 		-107.9547 		0.0695
v 173.9442 		-85.9126 		9.795
v 173.7513 		-85.9102 		9.7397
v 160.9719 		-107.9815 		0.0695
v 173.9842 		-85.9131 		9.8034
v 161.0403 		-108.0317 		0.0693
v 161.0731 		-108.0633 		0.0693
v 174.193 		-85.9161 		9.8478
v 174.2354 		-85.9166 		9.854
v 174.4989 		-85.92 		9.8896
v 174.727 		-85.9229 		9.9088
v 174.7717 		-85.9235 		9.91
v 175.0477 		-85.927 		9.9145
v 178.5425 		-108.6155 		0.0317
v 178.5405 		-108.7327 		0.0317
v 178.5366 		-108.9573 		0.0317
v 161.135 		-108.1227 		0.0692
v 178.5347 		-109.0669 		0.0317
v 174.9991 		-85.9264 		8.0778
v 174.9544 		-85.9258 		8.0793
v 174.6792 		-85.9223 		8.0899
v 174.4088 		-85.9188 		8.1163
v 174.1891 		-85.916 		8.149
v 174.149 		-85.9155 		8.1577
v 178.5385 		-108.8462 		0.0317
v 178.5328 		-109.1761 		0.0317
v 174.9991 		-85.9264 		8.0778
v 178.5309 		-109.2857 		0.0317
v 178.5289 		-109.3968 		0.0317
v 174.193 		-85.9157 		9.8478
v 161.1724 		-108.1698 		0.0691
v 161.2163 		-108.2257 		0.069
v 178.5269 		-109.5103 		0.0317
v 178.5249 		-109.6275 		0.0317
v 178.5228 		-109.7496 		0.0317
v 161.1635 		-108.1585 		0.0691
v 178.5206 		-109.8779 		0.0317
v 174.2354 		-85.9163 		9.854
v 178.5182 		-110.0142 		0.0317
v 174.4551 		-85.9195 		9.8858
v 174.4551 		-85.919 		9.8858
v 174.727 		-85.9225 		9.9088
v 174.4989 		-85.9196 		9.8896
v 192.9383 		-89.3758 		3
v 192.9383 		-89.3758 		2.9643
v 192.9382 		-89.3758 		2.9388
v 192.9384 		-89.3758 		3.0356
v 174.7717 		-85.923 		9.91
v 192.9382 		-89.3758 		2.9274
v 192.9381 		-89.3758 		2.8878
v 186.8067 		-110.5815 		6.0117
v 161.2843 		-108.3377 		0.0688
v 192.9379 		-89.3758 		2.84
v 175.0029 		-85.9265 		9.9158
v 192.9379 		-89.3758 		2.816
v 178.5649 		-107.3296 		0.0317
v 175.0031 		-85.9265 		9.9158
v 178.5576 		-107.7476 		0.0317
v 178.5546 		-107.9229 		0.0317
v 192.938 		-89.3758 		2.8528
v 175.0031 		-85.9259 		9.9158
v 178.5747 		-106.7702 		0.0317
v 178.5694 		-107.0729 		0.0317
v 192.9379 		-89.3758 		2.8437
v 178.5611 		-107.5518 		0.0318
v 175.0477 		-85.9265 		9.9145
v 178.5518 		-108.0822 		0.0317
v 178.5493 		-108.2287 		0.0317
v 161.3363 		-108.4576 		0.0687
v 178.5469 		-108.3652 		0.0317
v 178.5447 		-108.4935 		0.0317
v 192.9379 		-89.3758 		2.7654
v 192.9378 		-89.3758 		2.7291
v 174.9991 		-85.9258 		8.0778
v 175.4855 		-91.9327 		18.7043
v 161.3489 		-108.5015 		0.0687
v 175.3631 		-91.9312 		18.6888
v 174.9545 		-85.9252 		8.0793
v 174.723 		-85.9228 		8.086
v 192.9378 		-89.3758 		2.726
v 174.723 		-85.9223 		8.086
v 192.9379 		-89.3758 		2.7923
v 174.6792 		-85.9218 		8.0899
v 174.4511 		-85.9194 		8.11
v 174.9442 		-91.9259 		18.9646
v 192.9375 		-89.3758 		2.6471
v 192.9374 		-89.3758 		2.56
v 174.4511 		-85.9189 		8.11
v 174.9511 		-91.926 		18.9836
v 174.9752 		-91.9263 		18.9545
v 174.4089 		-85.9184 		8.1163
v 174.1891 		-85.9156 		8.149
v 174.9819 		-91.9264 		18.9853
v 192.9373 		-89.3758 		2.5311
v 192.937 		-89.3758 		2.3462
v 156.9729 		-88.7501 		3.077
v 156.9729 		-88.7501 		3.0735
v 192.9365 		-89.3758 		2.048
v 156.9729 		-88.7501 		3.0745
v 156.9729 		-88.7501 		3.072
v 156.9729 		-88.7501 		3.0723
v 174.149 		-85.9151 		8.1577
v 174.9756 		-91.9263 		19.001
v 174.9662 		-91.9262 		19.0225
v 192.952 		-87.957 		0.228
v 192.958 		-87.605 		0.402
v 175.0062 		-91.9267 		18.945
v 192.963 		-87.279 		0.62
v 192.971 		-86.725 		1.174
v 175.2791 		-85.9299 		9.907
v 192.975 		-86.507 		1.5
v 175.5511 		-85.9332 		9.883
v 175.8131 		-85.9365 		9.844
v 176.0611 		-85.9395 		9.79
v 176.0983 		-85.94 		9.7792
v 192.978 		-86.333 		1.852
v 176.0581 		-85.9395 		8.198
v 176.0179 		-85.939 		8.1894
v 175.81 		-85.9364 		8.1458
v 189.9871 		-109.3869 		0.0074
v 175.7677 		-85.9359 		8.1397
v 189.9773 		-109.4716 		0.0075
v 175.5471 		-85.9331 		8.1078
v 175.5033 		-85.9326 		8.1041
v 175.2314 		-85.9292 		8.0837
v 175.2791 		-85.9294 		9.907
v 192.967 		-86.984 		0.879
v 175.5511 		-85.9328 		9.883
v 174.9942 		-91.9265 		18.968
v 175.0077 		-91.9267 		18.9684
v 175.0666 		-91.9275 		18.9985
v 175.8131 		-85.9361 		9.844
v 176.0611 		-85.9392 		9.79
v 174.7473 		-91.9235 		18.9671
v 176.0983 		-85.9397 		9.7792
v 174.8388 		-91.9246 		18.9968
v 189.9662 		-109.5162 		0.0075
v 176.0582 		-85.9391 		8.198
v 176.018 		-85.9386 		8.1894
v 175.81 		-85.936 		8.1458
v 156.9729 		-88.7501 		3.0754
v 174.9059 		-91.9254 		18.9708
v 174.926 		-91.9257 		18.9724
v 174.8791 		-91.9251 		19.0334
v 174.9359 		-91.9258 		18.9686
v 175.7677 		-85.9354 		8.1397
v 175.5471 		-85.9327 		8.1078
v 175.5033 		-85.9321 		8.1041
v 175.276 		-85.9298 		8.0848
v 175.276 		-85.9293 		8.0848
v 175.2314 		-85.9287 		8.0837
v 188.4193 		-108.4716 		0.0107
v 192.9365 		-89.3758 		2.0227
v 192.9364 		-89.3758 		1.9888
v 192.942 		-88.713 		0.026
v 156.9729 		-88.7501 		3.0831
v 177.101 		-85.9525 		9.112
v 177.1039 		-85.9526 		9.0926
v 177.1181 		-85.9527 		8.992
v 177.1151 		-85.9527 		8.9726
v 177.046 		-85.9518 		8.754
v 177.0316 		-85.9516 		8.7356
v 176.957 		-85.9507 		8.6408
v 156.9729 		-88.7501 		3.0709
v 176.9371 		-85.9504 		8.6236
v 176.8091 		-85.9488 		8.5169
v 176.68 		-85.9472 		8.4338
v 176.497 		-85.9449 		8.3438
v 176.4724 		-85.9446 		8.3345
v 156.9729 		-88.7501 		3.0543
v 156.9729 		-88.7501 		3.0577
v 188.4583 		-108.4483 		0.0106
v 188.532 		-108.4047 		0.0105
v 176.289 		-85.9423 		8.2648
v 176.2519 		-85.9418 		8.2542
v 192.9363 		-89.3758 		1.9523
v 177.101 		-85.9522 		9.112
v 177.1039 		-85.9522 		9.0926
v 177.1181 		-85.9524 		8.992
v 156.9729 		-88.7501 		3.0501
v 177.1151 		-85.9524 		8.9726
v 156.9729 		-88.7501 		3.0665
v 156.9729 		-88.7501 		3.0691
v 177.1 		-85.9525 		8.872
v 192.947 		-88.328 		0.102
v 156.9729 		-88.7501 		3.0622
v 177.1 		-85.9522 		8.872
v 177.046 		-85.9515 		8.754
v 156.9709 		-88.7501 		2.048
v 156.9728 		-88.7501 		3.01
v 177.0316 		-85.9513 		8.7356
v 176.957 		-85.9504 		8.6408
v 176.9371 		-85.9501 		8.6236
v 176.834 		-85.9491 		8.533
v 176.834 		-85.9488 		8.533
v 192.9344 		-89.3758 		0.9405
v 176.8091 		-85.9485 		8.5169
v 176.68 		-85.9469 		8.4338
v 156.9728 		-88.7501 		3.0349
v 176.497 		-85.9446 		8.3438
v 156.9729 		-88.7501 		3.0625
v 176.289 		-85.942 		8.2648
v 188.652 		-108.3517 		0.0102
v 156.9729 		-88.7501 		3.0623
v 176.2519 		-85.9415 		8.2542
v 156.9728 		-88.7501 		3.0308
v 192.9325 		-89.3758 		0.018
v 192.932 		-89.3758 		0.018
v 192.93 		-89.3757 		0.018
v 176.2817 		-85.9423 		9.726
v 176.292 		-85.9424 		9.723
v 176.3255 		-85.9428 		9.7101
v 176.5295 		-85.9454 		9.6283
v 176.7068 		-85.9476 		9.5367
v 176.836 		-85.9492 		9.452
v 176.958 		-85.9507 		9.344
v 177.047 		-85.9518 		9.23
v 188.778 		-108.3157 		0.01
v 176.292 		-85.9421 		9.723
v 192.765 		-89.3728 		0.0183
v 176.3255 		-85.9425 		9.7101
v 156.983 		-87.596 		0.305
v 176.5 		-85.945 		9.643
v 176.5 		-85.9447 		9.643
v 156.978 		-87.967 		0.179
v 188.8232 		-108.309 		0.0099
v 188.9073 		-108.2967 		0.0097
v 176.5295 		-85.9451 		9.6283
v 176.6821 		-85.9473 		9.5528
v 176.6821 		-85.947 		9.5528
v 176.836 		-85.9489 		9.452
v 176.7068 		-85.9473 		9.5367
v 174.4672 		-91.9199 		19.3745
v 176.958 		-85.9504 		9.344
v 178.5156 		-110.1607 		0.0316
v 178.5128 		-110.3201 		0.0317
v 177.047 		-85.9515 		9.23
v 178.5098 		-110.4954 		0.0317
v 175.0102 		-91.9267 		18.9381
v 172.729 		-88.453 		16.326
v 189.0383 		-108.2937 		0.0094
v 175.0566 		-91.9273 		18.9415
v 175.0289 		-91.927 		18.9245
v 172.729 		-88.453 		15.723
v 175.0558 		-91.9273 		18.8882
v 186.378 		-83.508 		12
v 172.788 		-88.453 		15.427
v 186.378 		-85.85 		12
v 172.885 		-88.453 		15.141
v 173.019 		-88.453 		14.87
v 186.179 		-83.508 		13.487
v 173.187 		-88.453 		14.619
v 186.179 		-85.85 		13.487
v 173.386 		-88.453 		14.391
v 173.613 		-88.453 		14.192
v 173.864 		-88.453 		14.024
v 175.019 		-88.453 		13.715
v 175.321 		-88.453 		13.735
v 174.135 		-88.453 		13.891
v 174.422 		-88.453 		13.794
v 174.718 		-88.453 		13.735
v 175.321 		-88.453 		18.315
v 175.019 		-88.453 		18.335
v 174.718 		-88.453 		18.315
v 174.422 		-88.453 		18.256
v 156.972 		-88.352 		0.102
v 189.0836 		-108.2989 		0.0093
v 189.169 		-108.3087 		0.0092
v 191.4558 		-92.1329 		6.0051
v 189.2132 		-108.3194 		0.0091
v 189.296 		-108.3403 		0.0089
v 174.1387 		-91.9158 		18.8156
v 174.135 		-88.453 		18.159
v 174.0658 		-91.9149 		19.0271
v 192.512 		-86.1453 		3.4886
v 188.0896 		-118.0392 		0.0111
v 189.8181 		-118.0693 		0.0072
v 192.512 		-89.3684 		0.0187
v 191.251 		-86.1295 		3.4753
v 169.1582 		-91.8535 		18.9276
v 190.9715 		-89.3417 		0.0212
v 189.3385 		-108.357 		0.0088
v 177.329 		-91.9558 		16.025
v 177.3259 		-91.9558 		15.9752
v 177.3261 		-91.9558 		16.0715
v 177.3244 		-91.9558 		15.9522
v 189.418 		-108.3876 		0.0086
v 190.1743 		-114.2055 		6.0045
v 190.6191 		-114.2132 		6.0035
v 190.4309 		-114.2099 		6.0036
v 190.911 		-114.2183 		6.0028
v 190.7441 		-114.2154 		6.003
v 190.952 		-114.219 		6.0027
v 172.729 		-91.8983 		16.326
v 192.738 		-101.426 		0.0022
v 192.752 		-100.618 		0.002
v 192.7196 		-102.4814 		0.0022
v 192.7028 		-103.4516 		0.0021
v 172.729 		-91.8983 		15.723
v 192.6723 		-105.2058 		0.0022
v 192.6871 		-104.3556 		0.0019
v 189.458 		-108.4099 		0.0085
v 172.788 		-91.899 		15.427
v 189.4919 		-108.429 		0.0084
v 189.5323 		-108.4517 		0.0083
v 172.885 		-91.9002 		15.141
v 187.9982 		-114.1675 		6.0091
v 192.765 		-100.618 		6
v 173.019 		-91.9019 		14.87
v 173.187 		-91.904 		14.619
v 190.952 		-114.219 		6.003
v 173.386 		-91.9065 		14.391
v 173.613 		-91.9094 		14.192
v 173.864 		-91.9125 		14.024
v 175.321 		-91.9308 		13.735
v 175.019 		-91.927 		13.715
v 174.135 		-91.9159 		13.891
v 174.422 		-91.9195 		13.794
v 174.718 		-91.9232 		13.735
v 192.7211 		-103.0182 		5.9999
v 192.7628 		-100.6236 		6
v 192.7628 		-100.6232 		6
v 192.7628 		-100.623 		6
v 192.7628 		-100.6229 		6
v 192.721 		-103.023 		6.002
v 173.864 		-88.453 		18.025
v 173.613 		-88.453 		17.857
v 173.864 		-91.9124 		18.025
v 192.721 		-103.023 		5.9999
v 192.721 		-103.022 		5.9999
v 173.386 		-88.453 		17.658
v 173.613 		-91.9093 		17.857
v 173.187 		-88.453 		17.431
v 173.019 		-88.453 		17.18
v 172.885 		-88.453 		16.909
v 172.788 		-88.453 		16.623
v 173.386 		-91.9064 		17.658
v 191.7269 		-103.0057 		6.0021
v 191.7353 		-103.0059 		6.002
v 191.779 		-103.0066 		6.0018
v 191.7913 		-103.0068 		6.0018
v 191.7948 		-103.0069 		6.0018
v 191.8443 		-103.0078 		6.0017
v 173.187 		-91.904 		17.431
v 173.019 		-91.9019 		17.18
v 172.885 		-91.9002 		16.909
v 156.9707 		-88.75 		4.096
v 189.5689 		-108.4788 		0.0082
v 192.7628 		-100.6229 		6
v 192.7629 		-100.6183 		6
v 192.7629 		-100.618 		6
v 191.7147 		-103.0055 		6.0021
v 192.7629 		-100.6226 		6
v 192.7629 		-100.6215 		6
v 191.6519 		-103.0044 		6.0021
v 172.788 		-91.899 		16.623
v 189.638 		-108.5297 		0.0081
v 192.7629 		-100.6225 		6
v 192.7629 		-100.6219 		6
v 191.4556 		-103.001 		6.0025
v 191.4692 		-103.0012 		6.0025
v 191.6401 		-103.0042 		6.0021
v 192.7629 		-100.6221 		6
v 191.5336 		-103.0023 		6.0023
v 191.6184 		-103.0038 		6.0021
v 192.7629 		-100.618 		6
v 192.7628 		-100.6234 		6
v 175.321 		-91.9306 		18.315
v 191.8079 		-103.0071 		6.0017
v 175.019 		-91.9269 		18.335
v 192.7629 		-100.6223 		6
v 191.586 		-103.0033 		6.0021
v 174.718 		-91.9231 		18.315
v 174.422 		-91.9194 		18.256
v 174.135 		-91.9158 		18.159
v 192.7629 		-100.618 		6
v 178.5064 		-110.6913 		0.0317
v 178.5025 		-110.9135 		0.0317
v 178.498 		-111.1702 		0.0317
v 192.7607 		-100.618 		4.9446
v 178.4928 		-111.4728 		0.0317
v 192.7509 		-100.618 		0.094
v 192.7508 		-100.618 		0.0052
v 178.4864 		-111.8385 		0.0317
v 192.7507 		-100.618 		0.0029
v 192.7507 		-100.618 		0.002
v 192.5005 		-100.6136 		0.0025
v 191.919 		-100.6035 		0.0038
v 192.1083 		-100.6068 		0.0033
v 192.709 		-103.022 		0.0022
v 192.709 		-103.022 		0.002
v 192.709 		-103.022 		0.0022
v 192.7367 		-101.4266 		0.0022
v 192.7184 		-102.4818 		0.0022
v 190.9702 		-101.3941 		0.0057
v 192.708 		-103.022 		0.0022
v 191.4091 		-102.9994 		0.0049
v 190.9702 		-102.9918 		0.0059
v 190.9702 		-101.1116 		0.0057
v 156.737 		-102.397 		6.078
v 174.1887 		-87.935 		12.65
v 174.1887 		-85.9158 		12.65
v 175.03 		-85.9263 		12.544
v 175.03 		-87.935 		12.544
v 174.573 		-87.935 		12.574
v 174.573 		-85.9206 		12.574
v 160.6269 		-102.4648 		0.0703
v 159.744 		-102.4494 		0.0722
v 175.617 		-88.453 		13.794
v 175.903 		-88.453 		13.891
v 176.174 		-88.453 		14.024
v 176.426 		-88.453 		14.192
v 176.653 		-88.453 		14.391
v 176.852 		-88.453 		14.619
v 177.02 		-88.453 		14.87
v 161.7939 		-102.485 		0.0678
v 192.6582 		-106.0139 		0.0016
v 178.4785 		-112.2938 		0.0317
v 178.4682 		-112.8819 		0.0318
v 178.4544 		-113.6794 		0.0317
v 192.6448 		-106.7902 		0.0016
v 192.6189 		-108.2782 		0.0018
v 192.6063 		-109.0047 		0.0019
v 192.6317 		-107.5422 		0.0021
v 190.5 		-92.121 		10.382
v 191.545 		-92.134 		12.374
v 192.5937 		-109.7277 		0.0019
v 192.5811 		-110.4543 		0.0018
v 190.2021 		-92.1171 		9.9623
v 190.5 		-92.1208 		10.382
v 190.5 		-92.1208 		10.382
v 175.903 		-88.453 		18.159
v 175.617 		-88.453 		18.256
v 191.545 		-92.1339 		12.374
v 191.545 		-92.1339 		12.374
v 177.02 		-88.453 		17.18
v 176.852 		-88.453 		17.431
v 176.653 		-88.453 		17.658
v 176.426 		-88.453 		17.857
v 176.174 		-88.453 		18.025
v 175.617 		-91.9345 		13.794
v 175.903 		-91.9381 		13.891
v 191.616 		-86.134 		12.374
v 162.8008 		-102.5025 		6.064
v 190.572 		-86.121 		10.382
v 176.174 		-91.9414 		14.024
v 176.426 		-91.9446 		14.192
v 176.653 		-91.9474 		14.391
v 176.852 		-91.9499 		14.619
v 177.02 		-91.952 		14.87
v 175.903 		-91.9379 		18.159
v 175.617 		-91.9344 		18.256
v 189.9572 		-86.1135 		9.5157
v 191.616 		-86.1344 		12.374
v 177.02 		-91.952 		17.18
v 191.6159 		-86.1344 		12.3739
v 176.852 		-91.9498 		17.431
v 192.5683 		-111.1902 		0.0021
v 190.572 		-86.1212 		10.382
v 192.5277 		-113.5272 		0.0022
v 176.653 		-91.9473 		17.658
v 192.5418 		-112.7185 		0.0016
v 192.5553 		-111.9423 		0.0016
v 190.5719 		-86.1212 		10.3819
v 176.426 		-91.9445 		17.857
v 176.174 		-91.9413 		18.025
v 188.3527 		-86.0933 		7.5599
v 187.708 		-86.085 		6.868
v 161.9427 		-102.4876 		0.0675
v 187.708 		-86.0852 		6.868
v 187.7079 		-86.0852 		6.868
v 156.771 		-99.992 		6.077
v 156.6824 		-104.3403 		0.0789
v 156.6993 		-103.3699 		0.0792
v 163.1866 		-105.9328 		0.0648
v 156.758 		-99.992 		0.0787
v 156.7568 		-100.062 		0.0787
v 156.7362 		-101.2467 		0.0787
v 156.7171 		-102.3431 		0.0789
v 163.1978 		-105.2885 		0.065
v 175.8714 		-85.9369 		12.65
v 175.8714 		-87.935 		12.65
v 156.7789 		-99.9942 		6.077
v 156.7789 		-99.9953 		6.077
v 175.488 		-87.935 		12.574
v 175.488 		-85.9321 		12.574
v 177.153 		-88.453 		15.141
v 177.251 		-88.453 		15.427
v 156.7787 		-100.0069 		6.077
v 156.7786 		-100.0089 		6.077
v 177.31 		-88.453 		15.723
v 157.8694 		-102.4167 		6.0745
v 158.0217 		-102.4193 		6.0742
v 177.329 		-88.453 		16.025
v 156.7786 		-100.009 		6.077
v 157.8584 		-102.4165 		6.0745
v 163.1554 		-107.7216 		0.0645
v 163.1455 		-108.2904 		0.0648
v 163.1655 		-107.1431 		0.0648
v 163.1758 		-106.549 		0.0648
v 192.305 		-92.144 		14.478
v 156.7786 		-100.013 		6.077
v 156.7786 		-100.0138 		6.077
v 192.305 		-92.1433 		14.478
v 192.3051 		-92.1433 		14.4782
v 156.7786 		-100.0098 		6.077
v 157.6115 		-102.4122 		6.075
v 157.6424 		-102.4128 		6.0749
v 157.8103 		-102.4157 		6.0746
v 192.377 		-86.144 		14.479
v 192.4329 		-86.1447 		14.7424
v 163.1059 		-110.5643 		0.0648
v 192.377 		-86.144 		14.479
v 163.116 		-109.9859 		0.0645
v 163.1259 		-109.4176 		0.0648
v 192.377 		-86.144 		14.479
v 163.1357 		-108.8537 		0.0648
v 177.153 		-91.9537 		15.141
v 177.251 		-91.9549 		15.427
v 177.31 		-91.9556 		15.723
v 177.31 		-91.9556 		16.326
v 177.251 		-91.9549 		16.623
v 163.0736 		-112.4192 		0.0645
v 188.416 		-86.0939 		3.4453
v 177.153 		-91.9536 		16.909
v 163.0618 		-113.1008 		0.0648
v 163.0849 		-111.7748 		0.0648
v 177.31 		-88.453 		16.326
v 188.416 		-89.2972 		0.0255
v 163.0956 		-111.159 		0.0648
v 177.251 		-88.453 		16.623
v 177.153 		-88.453 		16.909
v 192.47 		-83.437 		18.536
v 192.47 		-85.85 		18.536
v 156.737 		-102.397 		6.0768
v 156.7785 		-100.015 		6.077
v 156.738 		-102.397 		6.0768
v 156.7439 		-102.3971 		6.0768
v 157.5648 		-102.4114 		6.0751
v 156.7789 		-99.9921 		6.077
v 156.7789 		-99.9931 		6.077
v 156.7786 		-100.0107 		6.077
v 157.757 		-102.4147 		6.0746
v 181.584 		-88.453 		12.65
v 156.7691 		-99.9921 		1.1355
v 156.7668 		-99.9921 		0.0787
v 156.7668 		-99.9921 		0.0795
v 156.7668 		-99.9921 		0.094
v 183.9332 		-117.9669 		0.02
v 181.6987 		-117.9281 		0.025
v 182.7773 		-117.9468 		0.0223
v 180.6808 		-117.9103 		0.0269
v 156.725 		-102.397 		0.078
v 156.7655 		-100.0661 		0.0787
v 156.7449 		-101.2502 		0.0787
v 159.698 		-102.4486 		0.0723
v 181.584 		-86.0086 		12.65
v 172.709 		-88.453 		16.025
v 156.7259 		-102.3461 		0.0788
v 156.8794 		-102.3997 		0.0785
v 156.725 		-102.397 		0.0789
v 156.725 		-102.3951 		0.0789
v 156.725 		-102.397 		0.0789
v 168.424 		-88.453 		12.65
v 171.4365 		-115.1863 		0.0468
v 172.709 		-91.898 		16.025
v 170.6485 		-115.1726 		0.0484
v 169.799 		-115.1579 		0.0501
v 168.8724 		-115.1417 		0.0521
v 167.8492 		-115.1239 		0.0543
v 166.7017 		-115.1039 		0.0569
v 165.3948 		-115.0812 		0.0594
v 163.878 		-115.0548 		0.063
v 177.973 		-115.3001 		0.0326
v 177.3316 		-115.289 		0.0341
v 176.7028 		-115.278 		0.0356
v 176.0805 		-115.2672 		0.0366
v 175.4602 		-115.2564 		0.0381
v 174.8353 		-115.2455 		0.0395
v 168.424 		-85.8435 		12.65
v 174.2009 		-115.2345 		0.0406
v 173.5508 		-115.2231 		0.0421
v 172.8787 		-115.2114 		0.0437
v 172.1767 		-115.1992 		0.045
v 180.5622 		-91.9965 		6.0284
v 180.9835 		-92.0017 		6.0275
v 180.224 		-91.9922 		6.0291
v 184.9971 		-92.0521 		6.0189
v 178.5711 		-91.9715 		6.0327
v 177.2945 		-91.9554 		6.0354
v 167.0631 		-91.8272 		6.0573
v 167.6605 		-91.8346 		6.056
v 166.5383 		-91.8205 		6.0584
v 177.1194 		-91.9532 		6.0358
v 172.032 		-91.8894 		6.0467
v 170.5793 		-117.7347 		0.0483
v 164.4594 		-117.6282 		0.0615
v 165.9064 		-117.6534 		0.0583
v 184.9083 		-86.0499 		3.4083
v 184.32 		-86.0426 		3.3873
v 184.32 		-89.2259 		0.0322
v 183.979 		-86.038 		4.174
v 163.631 		-83.508 		12
v 183.979 		-86.0383 		4.174
v 163.6311 		-85.7833 		12.001
v 163.83 		-83.508 		13.487
v 163.83 		-85.7859 		13.487
v 157.047 		-85.701 		19.577
v 190.8637 		-105.2277 		6.0035
v 156.6576 		-106.496 		6.0766
v 182.6755 		-86.0219 		3.5695
v 182.7544 		-86.0229 		3.3316
v 188.416 		-102.9481 		6.0091
v 191.328 		-102.9988 		6.0028
v 190.6219 		-105.2235 		6.0041
v 161.706 		-108.318 		6.066
v 189.9918 		-105.2126 		6.0054
v 175.059 		-85.927 		35.915
v 190.2642 		-105.2173 		6.0048
v 184.042 		-86.04 		33.619
v 160.3086 		-107.8012 		6.069
v 160.323 		-107.7989 		6.069
v 160.454 		-107.7969 		6.0687
v 160.4626 		-107.7979 		6.0687
v 160.5259 		-107.8052 		6.0686
v 190.9882 		-105.2299 		6.0032
v 191.108 		-105.232 		6.003
v 191.108 		-105.232 		6.003
v 190.9179 		-105.2287 		6.0033
v 160.772 		-107.757 		6.068
v 190.4897 		-105.2212 		6.0041
v 172.712 		-85.898 		35.775
v 188.7475 		-100.5484 		0.0105
v 188.416 		-100.5426 		0.0112
v 168.177 		-85.841 		34.636
v 170.405 		-85.869 		35.346
v 188.416 		-102.6967 		0.0111
v 189.38 		-102.9642 		0.0092
v 188.416 		-102.9474 		0.0111
v 161.492 		-108.054 		6.066
v 185.994 		-86.064 		32.379
v 161.106 		-107.822 		6.067
v 156.974 		-91.701 		18.954
v 176.128 		-89.0834 		0.0458
v 156.9749 		-91.676 		18.9448
v 156.9746 		-91.701 		18.9448
v 157.0228 		-87.6328 		18.954
v 156.9774 		-91.4711 		18.9448
v 156.9747 		-91.701 		18.9632
v 156.9773 		-91.4778 		18.9632
v 156.976 		-91.701 		19.577
v 159.835 		-107.9749 		6.0696
v 159.947 		-107.9069 		6.0693
v 159.9632 		-107.8999 		6.0692
v 188.416 		-102.4796 		0.0111
v 188.416 		-100.7699 		0.0111
v 184.5899 		-86.0464 		15.1439
v 159.9063 		-107.6954 		6.0693
v 184.4513 		-86.0444 		9.9609
v 180.6626 		-85.9969 		9.6324
v 159.9954 		-107.886 		6.0691
v 160.067 		-107.8549 		6.0691
v 160.193 		-107.8189 		6.0691
v 157.123 		-91.703 		16.734
v 160.5259 		-107.8052 		6.068
v 160.6441 		-107.7821 		6.0678
v 174.5463 		-85.92 		3.0394
v 174.5457 		-85.9199 		3.0395
v 172.032 		-85.8947 		3.0448
v 157.0807 		-91.7023 		20.4422
v 157.0173 		-91.7015 		19.5579
v 157.123 		-91.7028 		16.734
v 157.123 		-91.7028 		16.7339
v 172.032 		-89.0122 		0.0525
v 161.687 		-109.408 		6.066
v 157.3057 		-91.705 		15.8565
v 161.07 		-109.883 		6.067
v 188.2482 		-100.5397 		0.0115
v 188.3938 		-100.5422 		0.0111
v 160.734 		-109.936 		6.068
v 159.76 		-109.5629 		6.0696
v 171.112 		-85.8769 		5.2254
v 157.133 		-91.703 		21.172
v 159.7538 		-109.5569 		6.0696
v 157.0187 		-91.7015 		19.5769
v 157.205 		-85.703 		21.172
v 191.108 		-105.232 		6.003
v 157.4545 		-85.7061 		19.5761
v 157.4545 		-85.7061 		19.5761
v 157.4644 		-85.7062 		19.4526
v 157.538 		-85.7071 		18.536
v 157.3124 		-85.7041 		12.9396
v 157.418 		-85.7057 		20.031
v 157.4545 		-85.7061 		19.5761
v 157.0907 		-85.7016 		19.5769
v 157.0906 		-85.7088 		19.5769
v 159.6165 		-108.1853 		6.0703
v 159.642 		-108.1509 		6.0702
v 157.418 		-83.437 		20.031
v 157.538 		-83.437 		18.536
v 159.648 		-108.1447 		6.0702
v 157.596 		-91.709 		23.352
v 159.5126 		-108.3482 		6.0704
v 159.564 		-108.2559 		6.0703
v 159.5691 		-108.249 		6.0703
v 190.6561 		-105.738 		6.0039
v 190.0655 		-106.3994 		6.0051
v 189.3931 		-108.3733 		6.0067
v 189.431 		-108.3879 		6.0065
v 189.4386 		-108.3922 		6.0065
v 189.4931 		-108.4228 		6.0062
v 159.616 		-109.4097 		6.0702
v 159.584 		-109.3699 		6.0702
v 159.5795 		-109.3625 		6.0702
v 159.516 		-109.2569 		6.0703
v 158.428 		-85.719 		25.457
v 159.5135 		-109.2511 		6.0703
v 189.2257 		-108.3199 		6.0068
v 189.309 		-108.3409 		6.0067
v 158.357 		-91.718 		25.456
v 189.317 		-108.344 		6.0067
v 159.666 		-109.4719 		6.07
v 159.6606 		-109.4651 		6.07
v 158.2706 		-85.7164 		20.0998
v 157.668 		-85.709 		23.352
v 188.787 		-110.331 		6.008
v 189.3298 		-110.242 		6.0067
v 189.218 		-110.2739 		6.0068
v 189.1639 		-110.2818 		6.0068
v 189.344 		-110.2379 		6.0067
v 159.464 		-109.1369 		6.0704
v 159.4616 		-109.1286 		6.0704
v 159.428 		-109.0109 		6.0705
v 189.4462 		-110.1928 		6.0063
v 159.4267 		-109.0024 		6.0705
v 158.0671 		-85.7138 		18.5787
v 167.936 		-85.8536 		3.0536
v 160.746 		-109.7399 		6.0675
v 160.62 		-109.7769 		6.0677
v 171.9985 		-85.888 		3.547
v 170.6334 		-85.8708 		3.5499
v 160.6115 		-109.7782 		6.0678
v 170.4464 		-85.8685 		3.5503
v 159.407 		-108.7423 		6.0706
v 159.421 		-108.6199 		6.0705
v 160.491 		-109.7959 		6.068
v 159.406 		-108.7509 		6.0706
v 160.36 		-109.7989 		6.0683
v 159.4231 		-108.6116 		6.0705
v 157.499 		-83.508 		14.333
v 157.3 		-83.508 		12.846
v 159.5 		-108.3709 		6.0704
v 160.3514 		-109.7979 		6.0683
v 159.5042 		-108.3633 		6.0704
v 160.229 		-109.7839 		6.0686
v 160.102 		-109.7519 		6.0688
v 159.408 		-108.8819 		6.0706
v 159.98 		-109.7039 		6.0691
v 159.865 		-109.6409 		6.0693
v 157.499 		-85.7065 		14.333
v 159.7679 		-109.5688 		6.0696
v 159.452 		-108.4929 		6.0705
v 161.386 		-108.5839 		6.0662
v 161.3873 		-108.5925 		6.0662
v 161.405 		-108.7139 		6.0661
v 161.4052 		-108.7226 		6.0661
v 161.408 		-108.8449 		6.0661
v 161.393 		-108.9749 		6.0661
v 161.3909 		-108.9833 		6.0661
v 161.361 		-109.1019 		6.0662
v 161.313 		-109.2239 		6.0663
v 158.2713 		-85.7164 		20.0999
v 161.3088 		-109.2315 		6.0663
v 161.25 		-109.3389 		6.0664
v 161.2449 		-109.3459 		6.0664
v 159.733 		-108.0569 		6.0699
v 161.172 		-109.4439 		6.0666
v 159.7398 		-108.0515 		6.0699
v 163.84 		-85.8125 		3.0624
v 161.081 		-109.5389 		6.0668
v 161.0742 		-109.5443 		6.0668
v 158.0676 		-85.7138 		18.5788
v 160.979 		-109.6209 		6.067
v 163.84 		-88.8697 		0.0661
v 160.866 		-109.6879 		6.0672
v 160.9716 		-109.6254 		6.067
v 156.5047 		-114.688 		1.0367
v 156.5127 		-114.1107 		0.0784
v 160.584 		-107.8119 		6.0679
v 157.123 		-113.631 		6.075
v 157.123 		-113.631 		6.075
v 160.5924 		-107.814 		6.0679
v 160.711 		-107.8429 		6.0676
v 160.6207 		-107.8209 		6.0678
v 160.833 		-107.8909 		6.0674
v 160.948 		-107.9549 		6.0671
v 160.955 		-107.96 		6.0671
v 161.053 		-108.0319 		6.0669
v 161.0592 		-108.0379 		6.0669
v 161.148 		-108.1229 		6.0667
v 161.1534 		-108.1297 		6.0667
v 161.229 		-108.2259 		6.0665
v 161.297 		-108.3379 		6.0664
v 161.349 		-108.4579 		6.0663
v 161.3514 		-108.4662 		6.0662
v 175.059 		-85.9275 		35.915
v 175.059 		-85.9275 		35.915
v 181.935 		-86.014 		34.607
v 177.405 		-85.957 		35.765
v 179.71 		-85.986 		35.326
v 188.8688 		-110.2858 		6.0076
v 175.059 		-85.9275 		35.915
v 188.9328 		-110.2931 		6.0073
v 188.8688 		-110.2858 		6.0074
v 160.9883 		-117.5679 		0.0687
v 188.787 		-110.331 		6.0076
v 188.787 		-110.331 		6.0076
v 188.5964 		-110.3752 		6.008
v 189.8571 		-113.6629 		6.0053
v 190.0526 		-113.0128 		6.0049
v 156.466 		-117.49 		6.076
v 190.1216 		-112.2331 		6.0048
v 156.454 		-117.489 		0.0787
v 187.935 		-108.325 		6.01
v 188.1435 		-108.2619 		6.009
v 158.8431 		-117.5305 		0.0737
v 187.9349 		-108.325 		6.0095
v 187.935 		-108.325 		6.0095
v 156.4541 		-117.4811 		0.0787
v 187.935 		-108.325 		6.0095
v 187.9 		-110.316 		6.01
v 187.408 		-109.857 		6.011
v 157.8794 		-85.7113 		14.2822
v 164.036 		-91.79 		32.426
v 165.994 		-91.814 		33.657
v 157.1333 		-113.0364 		6.075
v 157.5341 		-112.9482 		6.0742
v 156.4949 		-115.1374 		0.0789
v 181.584 		-86.0091 		19.555
v 180.2477 		-85.9924 		19.555
v 156.4758 		-116.2336 		0.0787
v 156.4552 		-117.4191 		0.0787
v 187.427 		-108.767 		6.011
v 187.297 		-109.535 		6.011
v 157.123 		-113.631 		6.075
v 162.2136 		-107.2272 		6.0645
v 181.584 		-88.453 		19.555
v 161.706 		-108.318 		6.0655
v 187.279 		-109.196 		6.011
v 161.706 		-108.3181 		6.0655
v 161.492 		-108.054 		6.066
v 161.492 		-108.054 		6.066
v 161.492 		-108.054 		6.066
v 161.106 		-107.822 		6.0668
v 160.772 		-107.757 		6.0675
v 164.108 		-85.79 		32.426
v 157.9509 		-113.6453 		6.0732
v 157.8885 		-113.6442 		6.0733
v 160.1993 		-113.6843 		6.0685
v 157.972 		-113.6457 		6.0732
v 161.7987 		-108.7059 		6.0653
v 158.5623 		-113.6559 		6.072
v 161.7471 		-109.2803 		6.0654
v 163.7008 		-85.7845 		19.5627
v 163.7008 		-85.7845 		19.5627
v 161.687 		-109.408 		6.0655
v 163.743 		-85.785 		19.037
v 166.066 		-85.815 		33.657
v 158.1449 		-113.6487 		6.0726
v 158.3841 		-113.6528 		6.072
v 161.2528 		-109.7975 		6.0664
v 184.2663 		-102.8754 		0.0198
v 181.7085 		-102.8309 		0.0252
v 187.6318 		-110.1279 		6.01
v 183.8874 		-102.8688 		0.0207
v 182.8905 		-102.8515 		0.0228
v 188.2654 		-110.3766 		6.0087
v 181.9823 		-102.8357 		0.0247
v 187.9 		-110.316 		6.0094
v 181.8187 		-102.8328 		0.0251
v 187.9 		-110.316 		6.0094
v 187.614 		-110.1111 		6.01
v 187.408 		-109.857 		6.0105
v 188.416 		-107.9323 		0.011
v 157.012 		-85.7 		3.077
v 187.427 		-108.767 		6.0105
v 187.427 		-108.767 		6.0105
v 176.1984 		-85.9417 		19.555
v 187.427 		-108.767 		6.0105
v 187.427 		-108.767 		6.0105
v 177.567 		-85.9588 		19.555
v 176.6637 		-85.9475 		19.555
v 187.279 		-109.196 		6.0108
v 187.279 		-109.196 		6.0108
v 187.297 		-109.535 		6.0107
v 187.297 		-109.535 		6.0107
v 187.2952 		-109.5015 		6.0107
v 156.9935 		-87.423 		4.096
v 156.9944 		-87.4061 		4.4149
v 181.3418 		-102.8246 		0.0263
v 180.9289 		-102.8174 		0.0272
v 180.3616 		-102.8075 		0.0283
v 175.414 		-85.9319 		19.555
v 175.5428 		-85.9335 		19.555
v 157.009 		-85.972 		1.929
v 188.357 		-110.0599 		6.0085
v 157.015 		-85.744 		3.077
v 157.0112 		-86.016 		3.077
v 188.263 		-109.9689 		6.0087
v 157.014 		-85.77 		2.685
v 188.2576 		-109.9622 		6.0087
v 188.181 		-109.8669 		6.0089
v 157.0153 		-85.744 		3.077
v 175.7006 		-85.9355 		19.555
v 175.9066 		-85.9381 		19.555
v 157.012 		-85.846 		2.3
v 188.1765 		-109.8595 		6.0089
v 188.114 		-109.7549 		6.009
v 163.7008 		-85.7847 		19.5627
v 163.637 		-85.7839 		20.3576
v 157.016 		-85.744 		3.077
v 163.623 		-85.7837 		20.532
v 175.2045 		-85.9293 		19.555
v 175.1124 		-85.9281 		19.555
v 188.1105 		-109.7469 		6.009
v 188.061 		-109.6339 		6.0091
v 175.3035 		-85.9305 		19.555
v 156.9918 		-87.4117 		3.2309
v 156.992 		-87.3972 		3.2541
v 188.004 		-109.2393 		6.0093
v 188.018 		-109.1179 		6.0092
v 188.0201 		-109.1095 		6.0092
v 188.05 		-108.9899 		6.0092
v 163.743 		-83.437 		19.037
v 163.623 		-83.437 		20.532
v 156.9919 		-87.4134 		3.3074
v 156.9926 		-87.4211 		3.6607
v 156.9942 		-87.3326 		3.8919
v 175.0234 		-85.927 		19.555
v 188.098 		-108.8679 		6.0091
v 156.9935 		-87.4233 		4.0903
v 174.1454 		-85.916 		19.555
v 174.5058 		-85.9205 		19.555
v 174.3492 		-85.9186 		19.555
v 174.7438 		-85.9235 		19.555
v 160.711 		-91.748 		29.295
v 174.6338 		-85.9221 		19.555
v 160.498 		-109.8814 		6.068
v 162.265 		-91.767 		30.963
v 174.8424 		-85.9247 		19.555
v 174.9344 		-85.9259 		19.555
v 156.9919 		-87.429 		3.3591
v 160.734 		-109.936 		6.0675
v 160.7339 		-109.936 		6.0675
v 161.07 		-109.883 		6.0668
v 156.9918 		-87.4486 		3.4239
v 156.9923 		-87.4374 		3.6183
v 161.4473 		-109.6648 		6.066
v 160.783 		-85.748 		29.295
v 159.473 		-85.732 		27.449
v 156.988 		-87.244 		0.479
v 156.993 		-86.918 		0.697
v 157.002 		-86.364 		1.25
v 173.8576 		-85.9124 		19.555
v 156.998 		-86.623 		0.955
v 158.1986 		-112.8059 		6.0728
v 157.006 		-86.146 		1.577
v 162.337 		-85.768 		30.963
v 161.9752 		-112.6819 		6.0648
v 172.5222 		-85.8956 		19.555
v 173.4009 		-85.9067 		19.555
v 161.7163 		-111.574 		6.0654
v 159.401 		-91.731 		27.449
v 191.9309 		-86.1384 		14.5931
v 181.144 		-102.8211 		0.0268
v 169.9754 		-85.8636 		19.555
v 168.424 		-85.844 		19.555
v 186.266 		-83.437 		19.037
v 186.266 		-85.85 		19.037
v 177.1171 		-102.7515 		6.0333
v 178.6572 		-102.7783 		6.03
v 175.6767 		-102.9084 		0.0381
v 177.5406 		-102.9408 		0.0341
v 192.0973 		-86.1407 		19.5019
v 172.4064 		-102.8515 		0.0454
v 173.1055 		-102.8637 		0.0437
v 173.775 		-102.8753 		0.0425
v 176.2946 		-102.9192 		0.037
v 174.4226 		-102.8866 		0.0409
v 175.0545 		-102.8976 		0.0395
v 176.9144 		-102.9299 		0.0356
v 168.424 		-88.453 		19.555
v 178.1796 		-102.952 		0.033
v 156.967 		-88.744 		0.077
v 177.2598 		-102.7537 		0.0346
v 177.6958 		-102.7612 		0.0339
v 177.5852 		-102.7593 		0.0341
v 177.3314 		-102.7549 		0.0346
v 175.9098 		-102.7302 		0.0377
v 175.6661 		-102.726 		0.0381
v 175.0419 		-102.7151 		0.0395
v 178.6442 		-102.7777 		0.032
v 178.2431 		-102.7707 		0.0329
v 176.9405 		-102.7481 		0.0355
v 176.3024 		-102.737 		0.037
v 175.0255 		-102.7149 		0.0396
v 173.623 		-102.6905 		0.0428
v 173.019 		-102.68 		0.0439
v 172.2993 		-102.6675 		0.0456
v 174.375 		-102.7036 		0.0411
v 173.6726 		-102.6914 		0.0427
v 173.7082 		-102.692 		0.0426
v 178.6572 		-102.7783 		6.03
v 156.6508 		-106.1635 		0.0789
v 156.6663 		-105.2686 		0.0788
v 162.7904 		-85.7732 		20.4648
v 156.6356 		-107.0348 		0.0785
v 156.5912 		-109.5895 		0.0789
v 156.5764 		-110.4455 		0.0785
v 156.6208 		-107.8916 		0.0789
v 156.606 		-108.7402 		0.0789
v 162.1843 		-91.7663 		17.1732
v 156.5296 		-113.1402 		0.0789
v 156.5612 		-111.3168 		0.0789
v 156.5457 		-112.2125 		0.0788
v 188.1022 		-108.8604 		6.0091
v 188.161 		-108.7539 		6.009
v 188.1661 		-108.7469 		6.0089
v 188.239 		-108.6479 		6.0088
v 188.33 		-108.5539 		6.0086
v 188.3368 		-108.5485 		6.0086
v 158.0164 		-91.7138 		13.3213
v 188.025 		-109.5079 		6.0092
v 188.0237 		-109.4994 		6.0092
v 188.006 		-109.3789 		6.0093
v 188.003 		-109.2479 		6.0093
v 188.0058 		-109.3703 		6.0093
v 190.537 		-92.122 		27.382
v 189.088 		-110.2929 		6.007
v 188.957 		-110.2959 		6.0073
v 191.572 		-92.135 		25.386
v 188.827 		-110.2809 		6.0075
v 188.8186 		-110.2788 		6.0075
v 188.7 		-110.2499 		6.0078
v 188.6919 		-110.2468 		6.0078
v 188.578 		-110.2019 		6.008
v 187.687 		-92.086 		30.909
v 188.463 		-110.1379 		6.0083
v 189.234 		-92.105 		29.234
v 188.456 		-110.1328 		6.0083
v 189.959 		-109.5999 		6.0052
v 189.911 		-109.7219 		6.0053
v 189.9068 		-109.7295 		6.0053
v 189.847 		-109.8359 		6.0054
v 189.769 		-109.9419 		6.0056
v 189.678 		-110.0359 		6.0058
v 189.6712 		-110.0413 		6.0058
v 189.576 		-110.1179 		6.006
v 189.5686 		-110.1224 		6.006
v 189.464 		-110.1849 		6.0062
v 189.745 		-108.6209 		6.0057
v 189.7504 		-108.6277 		6.0057
v 189.827 		-108.7229 		6.0055
v 189.8315 		-108.7303 		6.0055
v 189.894 		-108.8349 		6.0054
v 189.8975 		-108.8429 		6.0054
v 189.947 		-108.9559 		6.0053
v 189.9494 		-108.9642 		6.0053
v 189.983 		-109.0819 		6.0052
v 189.9843 		-109.0904 		6.0052
v 190.003 		-109.2109 		6.0051
v 190.005 		-109.3419 		6.0051
v 190.004 		-109.3505 		6.0051
v 189.99 		-109.4719 		6.0052
v 189.9879 		-109.4804 		6.0052
v 188.432 		-108.4719 		6.0084
v 188.4394 		-108.4675 		6.0084
v 188.545 		-108.4049 		6.0082
v 188.665 		-108.3519 		6.0079
v 188.791 		-108.3159 		6.0077
v 188.7995 		-108.3147 		6.0077
v 188.92 		-108.2969 		6.0074
v 189.051 		-108.2939 		6.0071
v 189.0596 		-108.2949 		6.0071
v 189.182 		-108.3089 		6.0069
v 189.1903 		-108.311 		6.0068
v 189.545 		-108.4519 		6.0061
v 189.552 		-108.4571 		6.0061
v 189.651 		-108.5299 		6.0059
v 189.6572 		-108.5359 		6.0059
v 190.9611 		-113.6968 		6.0025
v 190.9576 		-113.8962 		6.0025
v 188.4134 		-110.1105 		0.0106
v 188.4091 		-110.1073 		0.0106
v 188.3443 		-110.0597 		0.0108
v 188.2503 		-109.9687 		0.011
v 188.2218 		-109.9331 		0.0111
v 188.1683 		-109.8667 		0.0112
v 188.1447 		-109.8273 		0.0113
v 188.101 		-109.7543 		0.0114
v 188.0829 		-109.7125 		0.0114
v 188.0483 		-109.6337 		0.0115
v 187.9956 		-109.202 		0.0117
v 188.0053 		-109.1173 		0.0117
v 188.0282 		-109.0249 		0.0116
v 188.0161 		-109.0731 		0.0116
# 1807 vertices

g group_6_6383466

usemtl color_6383466
s 0

f 6268 	7953 	6267
f 7555 	7543 	6263
f 6270 	6272 	6273
f 6273 	6275 	6277
f 6273 	6277 	6270
f 6289 	6273 	6272
f 6281 	6275 	6273
f 6281 	6273 	6282
f 6259 	6282 	6273
f 6263 	7542 	6285
f 6284 	7832 	6283
f 7954 	7832 	6284
f 6285 	7541 	6287
f 6273 	6289 	6259
f 6288 	6284 	6283
f 6283 	6305 	6288
f 7954 	6284 	6297
f 6300 	6295 	6299
f 6298 	6299 	6295
f 6288 	6321 	6284
f 6301 	6272 	6270
f 6301 	6270 	6277
f 6301 	6277 	6275
f 7535 	7534 	6302
f 6272 	6301 	6565
f 6283 	7832 	7860
f 6294 	7535 	6302
f 6275 	6281 	6301
f 6289 	6272 	6564
f 6293 	6301 	6281
f 6281 	6282 	6293
f 6292 	6293 	6282
f 7861 	7860 	6886
f 6309 	6310 	6314
f 6318 	7954 	6315
f 6297 	6315 	7954
f 6317 	6311 	6316
f 6321 	6322 	6315
f 6318 	6315 	6322
f 6308 	6313 	6319
f 6297 	6284 	6321
f 6315 	6297 	6321
f 6565 	6564 	6272
f 6324 	6259 	6323
f 6266 	8064 	6975
f 6324 	6326 	6259
f 6282 	6259 	6326
f 6331 	6323 	6259
f 6259 	6289 	6331
f 6282 	6333 	6292
f 6333 	6326 	6324
f 6333 	6324 	6323
f 7780 	6334 	6335
f 6267 	7953 	6337
f 6340 	6406 	6339
f 6341 	6406 	6340
f 6337 	7953 	6343
f 6326 	6333 	6282
f 6341 	6342 	6406
f 6342 	6344 	6406
f 6345 	6264 	6344
f 6331 	6289 	6350
f 6564 	6350 	6289
f 6348 	6347 	7953
f 6316 	6311 	6320
f 6312 	6320 	6311
f 6312 	6351 	6320
f 6310 	6352 	6314
f 6350 	6333 	6323
f 6323 	6331 	6350
f 6354 	6351 	6312
f 6303 	6306 	6590
f 6304 	6274 	6975
f 6274 	6265 	6975
f 6265 	6266 	6975
f 6355 	6359 	6365
f 6448 	6355 	6365
f 6364 	6371 	6349
f 6358 	6364 	6349
f 6345 	6364 	6358
f 6504 	6369 	6503
f 6366 	6367 	6502
f 6368 	6502 	6367
f 6368 	6369 	6505
f 6303 	6503 	6369
f 6585 	6586 	6590
f 6370 	6349 	6371
f 6344 	6371 	6364
f 6344 	6364 	6345
f 7989 	6329 	6362
f 6379 	6370 	6377
f 6380 	6370 	6379
f 6371 	6377 	6370
f 6393 	6384 	6372
f 6374 	6384 	6373
f 6375 	6384 	6374
f 6376 	6384 	6375
f 6378 	6384 	6376
f 6485 	6381 	6378
f 6477 	6382 	6381
f 6384 	6378 	6383
f 6384 	6434 	6508
f 6432 	6507 	6434
f 6340 	6380 	6379
f 6340 	6379 	6341
f 6363 	6385 	6386
f 6363 	6386 	6387
f 6328 	6304 	6975
f 6370 	6380 	6390
f 6394 	6391 	6390
f 6392 	6441 	6391
f 7533 	6334 	6296
f 6392 	6391 	6336
f 6392 	6336 	6441
f 6335 	6334 	6308
f 6388 	6389 	6373
f 6374 	6373 	6389
f 6339 	6390 	6380
f 6339 	6380 	6340
f 6373 	6384 	6393
f 6335 	6325 	7511
f 6370 	6390 	6391
f 6336 	6391 	6338
f 6394 	6338 	6391
f 6339 	6338 	6390
f 6394 	6390 	6338
f 6342 	6341 	6377
f 6379 	6377 	6341
f 6344 	6342 	6371
f 6377 	6371 	6342
f 6307 	6308 	6334
f 6319 	6335 	6308
f 6325 	6335 	6319
f 7533 	6307 	6334
f 6395 	6388 	6393
f 6373 	6393 	6388
f 6329 	6328 	6975
f 6343 	6353 	6337
f 6387 	6268 	6353
f 6514 	6396 	6372
f 6267 	6337 	6353
f 6348 	6360 	7512
f 6347 	6353 	6343
f 6267 	6353 	6268
f 6393 	6372 	6396
f 6353 	6363 	6387
f 6402 	6403 	6401
f 7359 	6401 	6403
f 7359 	6403 	6404
f 6406 	6404 	6403
f 6396 	6395 	6393
f 6402 	6406 	6403
f 6412 	6408 	6409
f 6306 	6303 	6413
f 6401 	6406 	6402
f 6359 	6455 	6301
f 6369 	6413 	6303
f 6293 	6365 	6359
f 6293 	6359 	6301
f 6418 	6409 	6408
f 6416 	6368 	6417
f 6408 	6419 	6418
f 6367 	6417 	6368
f 6420 	6419 	6408
f 6420 	6408 	6414
f 7801 	7800 	6399
f 6414 	6421 	6420
f 6369 	6416 	6413
f 6415 	6422 	6423
f 6423 	6421 	6414
f 6423 	6414 	6415
f 6369 	6368 	6416
f 6437 	6336 	6406
f 6409 	6418 	6427
f 6427 	6748 	6409
f 6417 	6367 	6429
f 6426 	6430 	6428
f 6410 	6398 	6985
f 6397 	6985 	6398
f 7979 	6357 	7980
f 6366 	6429 	6367
f 6336 	6338 	6406
f 6366 	6432 	6429
f 6435 	6429 	6432
f 7994 	6411 	7996
f 6338 	6339 	6406
f 6431 	6357 	7979
f 6361 	7980 	6356
f 6292 	6428 	6430
f 6333 	6428 	6292
f 6400 	6424 	6399
f 6441 	6442 	6370
f 6370 	6391 	6441
f 6424 	6440 	6399
f 6440 	7785 	6399
f 6336 	6437 	6441
f 6442 	6441 	6437
f 6444 	6445 	6406
f 6437 	6406 	6445
f 6436 	6431 	7979
f 7801 	6399 	7785
f 6355 	6448 	6449
f 6449 	6426 	6355
f 7428 	6370 	6450
f 6450 	6370 	6442
f 6430 	6426 	6449
f 6430 	6449 	6292
f 6450 	6442 	6437
f 6450 	6437 	6445
f 6293 	6292 	6449
f 6293 	6449 	6448
f 6411 	6985 	6433
f 6977 	6438 	6985
f 6410 	6985 	6411
f 6448 	6365 	6293
f 6439 	7979 	6446
f 6436 	7979 	6439
f 6425 	6427 	6420
f 6418 	6419 	6427
f 7530 	6451 	7531
f 6405 	6425 	6421
f 6421 	6423 	6405
f 6420 	6421 	6425
f 6451 	7530 	7556
f 6565 	6301 	6455
f 6455 	7464 	6565
f 7463 	6565 	7464
f 6461 	7844 	6460
f 6405 	6407 	6462
f 7943 	6426 	6428
f 6405 	7359 	6425
f 6435 	6432 	6434
f 6464 	6463 	6384
f 6428 	6333 	7943
f 6383 	6464 	6384
f 6407 	7607 	6465
f 6458 	7843 	7111
f 6350 	7470 	6333
f 6407 	6465 	6462
f 6469 	6470 	6468
f 6435 	6434 	6463
f 6434 	6384 	6463
f 6464 	6383 	6473
f 6474 	7844 	6472
f 7943 	6333 	7470
f 6472 	7869 	6474
f 6469 	6475 	6470
f 6382 	6473 	6383
f 6382 	6383 	6378
f 6473 	6382 	6479
f 7387 	7417 	6466
f 6355 	6426 	6346
f 6479 	6382 	6477
f 7851 	6332 	7850
f 6426 	7799 	6346
f 6477 	6381 	6479
f 6480 	6479 	6381
f 6381 	6382 	6378
f 6476 	7267 	6483
f 6482 	6483 	7267
f 7998 	7688 	6486
f 6381 	6485 	6480
f 6484 	6482 	7267
f 6487 	6484 	7267
f 6488 	6480 	6485
f 6467 	6466 	7417
f 6489 	6490 	6376
f 6378 	6376 	6490
f 6456 	6447 	7979
f 6447 	6446 	7979
f 7267 	6492 	6487
f 6493 	6487 	6492
f 6486 	6471 	7417
f 6471 	6467 	7417
f 7859 	7839 	6884
f 6485 	6378 	6488
f 6490 	6488 	6378
f 6493 	6492 	6497
f 6498 	7735 	6496
f 6489 	6376 	6499
f 6375 	6499 	6376
f 7979 	6496 	6494
f 6457 	7979 	6494
f 6456 	7979 	6457
f 6499 	6375 	6389
f 6486 	7417 	6491
f 7979 	7976 	6496
f 6375 	6374 	6389
f 6432 	6366 	6502
f 6505 	6369 	6504
f 6502 	6368 	6505
f 6508 	6434 	6550
f 6540 	6384 	6508
f 6510 	6384 	6509
f 6550 	6434 	6507
f 6511 	6384 	6510
f 6506 	6507 	6432
f 6516 	6384 	6511
f 6513 	6384 	6512
f 6372 	6384 	6513
f 6502 	6506 	6432
f 6914 	6262 	6453
f 6453 	6262 	6755
f 6492 	7248 	7249
f 6492 	7250 	7251
f 6513 	6514 	6372
f 7252 	7250 	6492
f 6492 	7251 	7248
f 6514 	6513 	6515
f 6492 	7249 	7247
f 7482 	7486 	6424
f 6400 	7485 	6424
f 6515 	6513 	6512
f 6517 	6518 	6519
f 6520 	7844 	6519
f 6521 	7844 	6520
f 7607 	7844 	6521
f 6520 	6522 	6521
f 6520 	6519 	6522
f 6487 	6497 	6484
f 6493 	6497 	6487
f 6500 	6484 	6497
f 6525 	6526 	6521
f 7607 	6521 	6526
f 7607 	6526 	6577
f 6525 	6521 	6522
f 6886 	6884 	6264
f 6498 	6496 	7976
f 6527 	6528 	7643
f 6512 	6384 	6516
f 6532 	6515 	6516
f 6512 	6516 	6515
f 7643 	6760 	6527
f 6527 	7978 	6528
f 6511 	6510 	6534
f 6533 	6534 	6510
f 6452 	6453 	6755
f 6534 	6532 	6511
f 6532 	6516 	6511
f 6476 	7419 	7267
f 6495 	6988 	6501
f 6538 	6533 	6509
f 6510 	6509 	6533
f 6509 	6384 	6540
f 6537 	6536 	6545
f 6536 	6452 	6545
f 6544 	7339 	6543
f 8007 	6531 	6539
f 6541 	6538 	6540
f 6509 	6540 	6538
f 6659 	6658 	6543
f 6530 	6524 	6988
f 6540 	6508 	6541
f 6548 	6541 	6508
f 6546 	6547 	6452
f 6545 	6452 	6547
f 6551 	6548 	6550
f 6444 	6406 	6443
f 6531 	6530 	6988
f 7179 	7237 	6549
f 6508 	6550 	6548
f 6554 	6507 	6553
f 6542 	7512 	6360
f 6506 	6553 	6507
f 6542 	6917 	7832
f 6554 	6551 	6507
f 7547 	6815 	6557
f 6550 	6507 	6551
f 6567 	6350 	6564
f 6556 	8011 	6555
f 7548 	7546 	6561
f 6505 	6559 	6560
f 6552 	6555 	8010
f 6504 	6559 	6505
f 6546 	6452 	6755
f 6506 	6502 	6553
f 6560 	6553 	6502
f 6567 	6686 	6350
f 6562 	7550 	7551
f 6565 	6543 	6564
f 6544 	6543 	6565
f 6443 	6406 	7439
f 6543 	6567 	6564
f 6505 	6560 	6502
f 7228 	6544 	6568
f 6414 	6563 	6566
f 6413 	6416 	7554
f 6559 	6504 	6573
f 6522 	6526 	6525
f 6503 	6573 	6504
f 6306 	7554 	6638
f 6306 	6413 	7554
f 6599 	6577 	6523
f 6522 	6523 	6577
f 6522 	6577 	6526
f 6395 	6562 	6388
f 6389 	6388 	6562
f 8011 	6556 	8012
f 6503 	6586 	6573
f 6623 	6576 	6575
f 6535 	6529 	7977
f 6528 	7977 	6529
f 6396 	6741 	6395
f 6556 	6555 	7387
f 7386 	7387 	6555
f 6693 	6592 	6602
f 6586 	6503 	6590
f 6303 	6590 	6503
f 6602 	6585 	6693
f 6584 	6602 	6592
f 6417 	7554 	6416
f 6429 	7554 	6417
f 6435 	7554 	6429
f 6463 	7554 	6435
f 6591 	6585 	6590
f 6592 	6671 	6584
f 6583 	6584 	6671
f 6582 	6583 	6593
f 6624 	6582 	6594
f 6636 	6635 	6578
f 6479 	7554 	6473
f 6576 	6630 	6578
f 6488 	7554 	6480
f 6480 	7554 	6479
f 6464 	7554 	6463
f 6595 	6625 	6594
f 6596 	6625 	6595
f 6624 	6594 	6625
f 6570 	6569 	7387
f 6569 	6556 	7387
f 6489 	6562 	6490
f 6464 	6473 	7554
f 6577 	6599 	7607
f 6601 	7607 	6599
f 6642 	6648 	6579
f 6389 	6562 	6499
f 6597 	6573 	6586
f 6488 	6490 	7554
f 6571 	6614 	6572
f 6514 	6741 	6396
f 6599 	6523 	6601
f 6532 	6741 	6515
f 6515 	6741 	6514
f 6588 	6615 	6575
f 6600 	6597 	6585
f 6586 	6585 	6597
f 6587 	6570 	7387
f 6591 	6693 	6585
f 6534 	6741 	6532
f 6350 	6604 	6605
f 6606 	6350 	6605
f 6541 	6741 	6538
f 6585 	6602 	6607
f 6585 	6607 	6600
f 6604 	6571 	6605
f 6551 	6741 	6548
f 6548 	6741 	6541
f 6571 	6606 	6605
f 6610 	6611 	6583
f 6523 	6608 	6719
f 6554 	6741 	6551
f 6553 	6741 	6554
f 6584 	6583 	6611
f 6559 	6741 	6560
f 6609 	6732 	6608
f 6614 	6350 	6613
f 6604 	6350 	6614
f 6560 	6741 	6553
f 6533 	6741 	6534
f 6614 	6571 	6604
f 6573 	6741 	6559
f 6533 	6538 	6741
f 6613 	6572 	6614
f 6607 	6602 	6611
f 6598 	6587 	7387
f 6616 	6350 	6615
f 6584 	6611 	6602
f 6607 	6741 	6600
f 6597 	6741 	6573
f 6572 	6616 	6588
f 6615 	6588 	6616
f 6611 	6741 	6607
f 6610 	6741 	6611
f 6600 	6741 	6597
f 6574 	6535 	7977
f 6613 	6350 	6616
f 6583 	6582 	6610
f 6619 	6741 	6610
f 6621 	6741 	6619
f 6572 	6613 	6616
f 6619 	6610 	6582
f 6615 	6350 	6623
f 6623 	6575 	6615
f 6581 	6580 	7977
f 6580 	6574 	7977
f 6623 	6350 	6630
f 6627 	7553 	6626
f 6619 	6624 	6621
f 6623 	6630 	6576
f 6625 	6621 	6624
f 6582 	6624 	6619
f 6632 	7554 	6631
f 6633 	7554 	6632
f 6648 	6642 	6350
f 6636 	6350 	6635
f 6630 	6350 	6636
f 6638 	7554 	6637
f 6634 	7554 	6633
f 6760 	7978 	6527
f 6279 	6346 	6332
f 6620 	6581 	7977
f 6636 	6578 	6630
f 6643 	6350 	6642
f 6635 	6350 	6643
f 6279 	6355 	6346
f 6644 	6741 	6641
f 6612 	7387 	6617
f 6578 	6635 	6643
f 6646 	6741 	6644
f 6621 	6625 	6622
f 6642 	6579 	6643
f 6578 	6643 	6579
f 6700 	6741 	6647
f 6646 	6647 	6741
f 6589 	6622 	6625
f 6639 	6629 	7977
f 6629 	6628 	7977
f 6628 	6620 	7977
f 6596 	6595 	6626
f 6654 	6657 	6652
f 6653 	7553 	6650
f 6361 	7706 	6651
f 6656 	6652 	6657
f 6627 	6626 	6595
f 6658 	6659 	6860
f 6655 	7553 	6653
f 7387 	6466 	6618
f 7387 	6618 	6617
f 6860 	6661 	6658
f 6649 	7553 	6696
f 6660 	7553 	6655
f 6662 	7553 	6660
f 6667 	7553 	6662
f 6651 	6645 	7980
f 6645 	6639 	7977
f 6686 	6689 	6661
f 6627 	6594 	6631
f 6626 	7553 	6668
f 6668 	7553 	6667
f 6356 	7980 	6357
f 6651 	7980 	6361
f 6595 	6594 	6627
f 6593 	6631 	6594
f 6677 	6670 	6661
f 6593 	6594 	6582
f 6593 	6671 	6631
f 6632 	6631 	6671
f 6674 	6558 	6673
f 6663 	6661 	6670
f 6673 	6558 	6672
f 6679 	6558 	6674
f 6680 	6558 	6679
f 6579 	6648 	6669
f 6681 	6558 	6680
f 6671 	6592 	6633
f 6678 	6676 	7780
f 6666 	6698 	6661
f 6682 	6561 	6681
f 6683 	6561 	6682
f 6671 	6633 	6632
f 6686 	6698 	6350
f 6685 	6686 	6567
f 6687 	6688 	6561
f 6677 	6661 	6689
f 6684 	6675 	7473
f 6689 	6686 	6685
f 6688 	6690 	6561
f 6671 	6593 	6583
f 6690 	6691 	6561
f 6592 	6693 	6633
f 6695 	7553 	6691
f 7784 	6536 	7783
f 6694 	6669 	6648
f 6650 	7553 	6649
f 6696 	7553 	6695
f 6634 	6633 	6693
f 6699 	6694 	6350
f 6694 	6648 	6350
f 6669 	6699 	6666
f 6699 	6698 	6666
f 6637 	6591 	6638
f 6703 	6741 	6702
f 7978 	6697 	7473
f 6692 	6684 	7473
f 7808 	7802 	6701
f 6590 	6638 	6591
f 6707 	6708 	6557
f 6705 	6557 	6703
f 6700 	6702 	6741
f 6694 	6699 	6669
f 7808 	6701 	6738
f 6698 	6699 	6350
f 6591 	6637 	6634
f 6686 	6661 	6698
f 6710 	6558 	6709
f 6711 	6558 	6710
f 6672 	6558 	6711
f 6591 	6634 	6693
f 6590 	6306 	6638
f 6622 	6741 	6621
f 6640 	6741 	6622
f 6641 	6741 	6640
f 7707 	6706 	7712
f 6709 	6557 	6708
f 6741 	6703 	6557
f 6707 	6557 	6705
f 6719 	7607 	6601
f 6717 	6720 	6750
f 6718 	6720 	6717
f 6721 	6728 	6720
f 6723 	6725 	6722
f 6723 	6589 	6596
f 6625 	6596 	6589
f 6722 	6727 	6721
f 6719 	6601 	6523
f 6706 	7978 	6714
f 7549 	6561 	6691
f 6767 	6723 	6596
f 6725 	6723 	6724
f 6726 	6722 	6725
f 6727 	6722 	6726
f 6728 	6721 	6727
f 6750 	6720 	6728
f 6730 	6609 	6731
f 6733 	6465 	6732
f 6732 	6609 	6733
f 6730 	6733 	6609
f 6640 	6622 	6723
f 7607 	6719 	6735
f 7607 	6735 	6736
f 6736 	6732 	7607
f 6622 	6589 	6723
f 6736 	6735 	6608
f 6723 	6722 	6640
f 7545 	6557 	6558
f 6735 	6719 	6608
f 6714 	7978 	6716
f 7803 	6313 	7791
f 6641 	6640 	6722
f 7790 	6744 	6313
f 6557 	6709 	6558
f 6683 	6687 	6561
f 7554 	7553 	6631
f 6627 	6631 	7553
f 6634 	6637 	7554
f 7549 	6691 	7553
f 6644 	6641 	6721
f 6313 	7803 	6739
f 6738 	6739 	7803
f 6704 	6665 	7381
f 6665 	6664 	7381
f 6722 	6721 	6641
f 6745 	6734 	7791
f 6646 	6644 	6720
f 6721 	6720 	6644
f 6744 	6868 	6313
f 6734 	6744 	7790
f 6499 	6562 	6489
f 6562 	6395 	6741
f 6720 	6718 	6646
f 6537 	6545 	6701
f 7554 	6490 	6562
f 6647 	6646 	6718
f 6871 	7560 	6549
f 7551 	7554 	6562
f 6701 	6545 	6738
f 6739 	6738 	6545
f 6412 	6562 	6563
f 6718 	6826 	6647
f 6741 	6563 	6562
f 6465 	7607 	6732
f 6736 	6608 	6732
f 6563 	6741 	6566
f 6945 	7832 	6917
f 7593 	7637 	6542
f 6748 	6749 	6412
f 6749 	7552 	6412
f 6412 	6409 	6748
f 6752 	7844 	6474
f 6649 	6717 	6650
f 6750 	6650 	6717
f 6747 	6765 	6740
f 6653 	6728 	6655
f 6745 	6744 	6734
f 6764 	6606 	6740
f 6655 	6728 	6727
f 6728 	6653 	6750
f 6742 	6712 	7381
f 6712 	6704 	7381
f 7717 	7715 	6737
f 6571 	6740 	6606
f 6650 	6750 	6653
f 6716 	7978 	6729
f 7718 	7717 	6758
f 8025 	6743 	6757
f 6725 	6662 	6660
f 6934 	7024 	6928
f 6737 	6729 	7978
f 6606 	6764 	6350
f 6726 	6725 	6660
f 7022 	7834 	7015
f 6727 	6726 	6655
f 6660 	6655 	6726
f 6725 	6724 	6662
f 6765 	6350 	6764
f 6667 	6662 	6724
f 6724 	6723 	6767
f 6762 	8026 	6757
f 6754 	7767 	6763
f 8025 	6757 	8026
f 6724 	6767 	6667
f 7977 	6528 	7978
f 6758 	6737 	7978
f 6764 	6740 	6765
f 6668 	6667 	6767
f 6765 	6747 	6768
f 6766 	7766 	6761
f 6743 	7381 	6757
f 6742 	7381 	6743
f 7382 	6774 	7381
f 6626 	6668 	6596
f 6763 	7769 	6766
f 6860 	6659 	6775
f 6596 	6668 	6767
f 6761 	7766 	6759
f 6772 	7869 	6770
f 7896 	7916 	6895
f 6794 	6795 	6860
f 6785 	6787 	6784
f 6819 	6820 	6798
f 6804 	6784 	6799
f 6793 	6807 	6821
f 6807 	6796 	6821
f 6820 	6821 	6796
f 6796 	6797 	6820
f 6797 	6798 	6820
f 6787 	6789 	6798
f 6799 	6787 	6798
f 6788 	6794 	6860
f 6790 	6826 	6801
f 6717 	6801 	6826
f 6773 	7381 	6774
f 6774 	7382 	6776
f 6663 	6658 	6661
f 6787 	6785 	6673
f 6673 	6785 	6674
f 6672 	6789 	6787
f 6672 	6787 	6673
f 6785 	6679 	6674
f 6784 	6679 	6785
f 6784 	6787 	6799
f 7052 	6753 	6754
f 6679 	6784 	6680
f 6680 	6784 	6804
f 6763 	7062 	6754
f 6680 	6804 	6681
f 6799 	6681 	6804
f 6682 	6798 	6683
f 6762 	7381 	6773
f 6757 	7381 	6762
f 6683 	6798 	6797
f 6681 	6799 	6682
f 6798 	6682 	6799
f 6683 	6797 	6687
f 6796 	6687 	6797
f 8029 	6776 	6806
f 6789 	6819 	6798
f 6807 	6688 	6796
f 6687 	6796 	6688
f 6690 	6793 	6691
f 6770 	6895 	6771
f 6792 	6691 	6793
f 6690 	6688 	6807
f 6690 	6807 	6793
f 6691 	6792 	6791
f 6691 	6791 	6695
f 6791 	6790 	6695
f 6696 	6695 	6790
f 6696 	6790 	6801
f 6717 	6649 	6696
f 6696 	6801 	6717
f 6751 	6813 	6814
f 6800 	7104 	6759
f 6761 	6759 	7048
f 7044 	7048 	6759
f 7457 	7476 	6778
f 6777 	7457 	6778
f 6751 	6814 	6816
f 6821 	6822 	6793
f 6822 	6832 	6793
f 6792 	6793 	6832
f 6832 	6823 	6792
f 6827 	6791 	6823
f 6825 	6790 	6824
f 6826 	6790 	6825
f 6790 	6791 	6824
f 7052 	6754 	7062
f 6826 	6718 	6717
f 6825 	6700 	6826
f 6647 	6826 	6700
f 7048 	7063 	6761
f 6700 	6824 	6702
f 6810 	7476 	6811
f 6813 	6815 	6544
f 6824 	6700 	6825
f 6824 	6791 	6827
f 6824 	6827 	6702
f 6703 	6702 	6827
f 6823 	6705 	6703
f 6823 	6703 	6827
f 6783 	7102 	6800
f 7900 	6895 	7857
f 6818 	7474 	6829
f 6811 	7476 	6818
f 6791 	6792 	6823
f 6707 	6705 	6832
f 6823 	6832 	6705
f 6709 	6708 	6821
f 6822 	6821 	6708
f 6829 	7474 	6830
f 7858 	6895 	6517
f 6832 	6822 	6707
f 6708 	6707 	6822
f 6709 	6821 	6820
f 6709 	6820 	6710
f 6710 	6820 	6819
f 6710 	6819 	6711
f 6711 	6819 	6789
f 6711 	6789 	6672
f 6835 	6834 	7474
f 6833 	7474 	6834
f 6840 	7739 	6839
f 7739 	7736 	6839
f 6837 	6836 	7474
f 6836 	6835 	7474
f 6838 	6731 	6895
f 6609 	6895 	6731
f 6852 	6853 	6851
f 6862 	6854 	6850
f 6854 	6903 	6850
f 6903 	6904 	6850
f 6904 	6923 	6849
f 6893 	6849 	6923
f 6847 	6893 	6923
f 6923 	6905 	6847
f 6905 	6906 	6847
f 6848 	7740 	6840
f 6877 	6900 	6841
f 6841 	6900 	6855
f 6858 	6855 	6900
f 6840 	6839 	7473
f 7474 	7473 	6839
f 6831 	6869 	6828
f 6853 	6852 	6859
f 6861 	6859 	6852
f 6837 	7474 	6839
f 6906 	6907 	6847
f 6739 	6866 	6313
f 6862 	6853 	6865
f 6859 	6865 	6853
f 6745 	7791 	6313
f 6775 	6779 	6860
f 6780 	6781 	6860
f 6313 	6868 	6745
f 6781 	6782 	6860
f 7558 	6828 	6870
f 6786 	6788 	6860
f 6766 	7063 	6763
f 7483 	6747 	6869
f 7003 	7004 	6860
f 6854 	6862 	6865
f 6854 	6865 	6867
f 7006 	7003 	6860
f 7089 	8006 	6805
f 6855 	6858 	6875
f 7031 	7032 	6860
f 6874 	6875 	6858
f 6858 	6857 	6874
f 6856 	6848 	7473
f 6848 	6840 	7473
f 6872 	6874 	6857
f 6841 	6855 	6876
f 6875 	6876 	6855
f 7023 	7014 	6860
f 7041 	7031 	6860
f 6850 	6851 	6853
f 6841 	6876 	6877
f 6876 	6879 	6877
f 6864 	6863 	7473
f 6675 	6864 	7473
f 6863 	6856 	7473
f 6878 	6877 	6879
f 7032 	7039 	6860
f 6880 	6881 	6844
f 6845 	6844 	6881
f 7009 	7019 	6860
f 7019 	7023 	6860
f 6844 	6878 	6880
f 6879 	6880 	6878
f 6884 	6882 	6264
f 7915 	7911 	6895
f 6846 	6845 	6887
f 6881 	6887 	6845
f 6853 	6862 	6850
f 6782 	6786 	6860
f 6889 	6846 	6890
f 6802 	6780 	6860
f 6779 	6802 	6860
f 7837 	7835 	6882
f 6887 	6890 	6846
f 7064 	7065 	6860
f 6889 	6890 	6891
f 6842 	6838 	6895
f 6847 	6889 	6891
f 6849 	6850 	6904
f 6843 	6842 	6895
f 6860 	6571 	6572
f 6893 	6891 	6894
f 6575 	6576 	6860
f 6893 	6847 	6891
f 6576 	6578 	6860
f 7021 	6882 	7835
f 6666 	6661 	6860
f 6897 	6896 	6850
f 6897 	6850 	6849
f 6669 	6666 	6860
f 7858 	7857 	6895
f 6579 	6669 	6860
f 6893 	6894 	6849
f 6897 	6849 	6894
f 6578 	6579 	6860
f 6895 	6523 	6522
f 6588 	6575 	6860
f 6898 	6851 	6896
f 6885 	6883 	7976
f 6895 	6608 	6523
f 6572 	6588 	6860
f 6896 	6851 	6850
f 6895 	6609 	6608
f 6861 	6851 	6898
f 7065 	7067 	6860
f 6852 	6851 	6861
f 7068 	7070 	6860
f 6899 	6888 	7976
f 6888 	6885 	7976
f 6983 	6857 	6912
f 6912 	6967 	6983
f 7075 	6713 	6860
f 6871 	6873 	6542
f 6713 	6715 	6860
f 6895 	7921 	7920
f 6889 	6847 	6907
f 6846 	6889 	6907
f 6907 	6938 	6846
f 6844 	6845 	6938
f 6938 	6908 	6844
f 6908 	6951 	6844
f 6878 	6844 	6909
f 6877 	6909 	6910
f 6877 	6910 	6900
f 6895 	7922 	7924
f 7043 	6981 	6999
f 6980 	7043 	6999
f 6740 	6571 	6860
f 7576 	6914 	6453
f 6857 	6858 	6912
f 6715 	6746 	6860
f 6903 	6854 	6915
f 7831 	7832 	6945
f 6747 	6740 	6860
f 6902 	6899 	7976
f 6867 	6915 	6854
f 6895 	6770 	7869
f 6746 	6747 	6860
f 6919 	6903 	6915
f 7070 	7075 	6860
f 6904 	6903 	6919
f 7086 	7068 	6860
f 6895 	7916 	7915
f 6845 	6846 	6938
f 7067 	7086 	6860
f 6895 	6522 	6519
f 6913 	6902 	7976
f 7017 	7348 	6920
f 6923 	6904 	6924
f 6860 	7144 	7064
f 6919 	6924 	6904
f 7598 	7018 	6922
f 6895 	6519 	6518
f 6926 	6906 	6930
f 6927 	6928 	6929
f 6927 	6929 	6931
f 6518 	6517 	6895
f 6927 	6932 	6934
f 6927 	6934 	6928
f 6930 	6906 	6905
f 6929 	6928 	7638
f 6925 	6918 	7456
f 7976 	7456 	6918
f 6913 	7976 	6918
f 6895 	7926 	7922
f 6905 	6923 	6930
f 6895 	7924 	7921
f 6924 	6930 	6923
f 6931 	7348 	6927
f 6926 	6937 	6907
f 6926 	6907 	6906
f 6951 	6909 	6844
f 6939 	6892 	6895
f 6892 	6843 	6895
f 6932 	6940 	6934
f 6895 	6942 	6943
f 6938 	6907 	6941
f 6937 	6941 	6907
f 6895 	6947 	6948
f 6917 	7638 	6945
f 6895 	6949 	6950
f 6941 	6946 	6938
f 6908 	6938 	6946
f 6877 	6878 	6909
f 6452 	7574 	6453
f 6895 	6948 	6952
f 6951 	6908 	6953
f 6946 	6953 	6908
f 6955 	6909 	6956
f 6895 	6957 	6958
f 6909 	6955 	6910
f 7754 	7752 	6959
f 6936 	7456 	6959
f 6909 	6951 	6956
f 6953 	6956 	6951
f 6959 	6960 	7754
f 6901 	6962 	6911
f 6961 	6911 	6962
f 6962 	6901 	6900
f 6962 	6900 	6955
f 7114 	6860 	6549
f 6955 	6900 	6910
f 7202 	6355 	7201
f 6305 	7861 	6288
f 6911 	6961 	6912
f 6964 	6912 	6961
f 6884 	7839 	6882
f 7021 	7835 	7022
f 6989 	6967 	6964
f 7934 	6884 	6886
f 6960 	6959 	7456
f 6860 	7114 	7144
f 6279 	8000 	7201
f 6999 	6969 	6980
f 6969 	6970 	6980
f 6970 	6971 	6980
f 6979 	7038 	6971
f 6971 	7013 	6979
f 6978 	6979 	7013
f 7934 	7859 	6884
f 7013 	7016 	6978
f 7069 	7084 	6972
f 7071 	7082 	7069
f 7044 	6759 	7104
f 6967 	6968 	6981
f 6901 	6911 	6858
f 6981 	6982 	6967
f 6900 	6901 	6858
f 6911 	6912 	6858
f 6984 	6264 	6974
f 6977 	6264 	6975
f 6985 	6264 	6977
f 6984 	6975 	6264
f 6987 	6264 	6985
f 6988 	6264 	6987
f 6965 	6963 	7456
f 6963 	6960 	7456
f 6994 	6264 	6993
f 6992 	6993 	6264
f 6912 	6964 	6967
f 6997 	6968 	6989
f 6991 	7761 	6990
f 6989 	6968 	6967
f 6995 	6990 	7760
f 7038 	6980 	6971
f 6994 	6996 	6264
f 6998 	6264 	6996
f 6990 	7457 	6991
f 7000 	6968 	6997
f 7089 	6805 	7088
f 6995 	7456 	6990
f 6999 	6968 	7000
f 6970 	6969 	7001
f 7002 	7001 	6969
f 6995 	7760 	6976
f 6738 	7803 	7808
f 7005 	6860 	7004
f 6969 	6999 	7002
f 7000 	7002 	6999
f 6966 	7456 	6976
f 6965 	7456 	6966
f 7457 	6990 	7456
f 7008 	7009 	6860
f 6971 	6970 	7007
f 7001 	7007 	6970
f 6800 	7102 	7104
f 6988 	6992 	6264
f 7041 	6860 	7014
f 7012 	7014 	7023
f 6972 	6978 	7016
f 7021 	7022 	6264
f 7022 	7015 	6264
f 7005 	7008 	6860
f 7016 	7013 	7020
f 7007 	7020 	7013
f 7007 	7013 	6971
f 7015 	7024 	6264
f 6976 	7456 	6995
f 7018 	6264 	7017
f 7026 	6264 	7018
f 7025 	7069 	6972
f 7024 	7017 	6264
f 7027 	6264 	7026
f 7062 	6763 	7063
f 6860 	6795 	7006
f 7030 	6973 	6264
f 7029 	7030 	6264
f 6972 	7016 	7025
f 6973 	6974 	6264
f 7027 	7029 	6264
f 6882 	7021 	6264
f 7020 	7025 	7016
f 7011 	6991 	7457
f 7037 	6978 	7033
f 7764 	7028 	7035
f 6979 	6978 	7037
f 6986 	7033 	6978
f 6968 	6999 	6981
f 7204 	7034 	7460
f 7045 	6860 	7039
f 7037 	7040 	6979
f 7038 	6979 	7040
f 8008 	8006 	7090
f 6980 	7038 	7042
f 7040 	7042 	7038
f 6777 	6769 	7457
f 6769 	7035 	7457
f 7028 	7457 	7035
f 7028 	7011 	7457
f 6982 	6983 	6967
f 7045 	7046 	6860
f 7042 	7047 	6980
f 7043 	6980 	7047
f 7704 	6356 	6357
f 6982 	6981 	7051
f 6753 	7052 	7049
f 7049 	7088 	6753
f 7050 	7051 	6981
f 6431 	7708 	6357
f 6895 	6954 	7055
f 7053 	7054 	6860
f 6895 	7056 	7058
f 7057 	6860 	7054
f 6981 	7043 	7050
f 7060 	6895 	7059
f 7123 	7059 	6895
f 7047 	7050 	7043
f 6537 	6701 	7802
f 7129 	7130 	6895
f 6857 	6983 	6872
f 7061 	6872 	6983
f 6805 	6753 	7088
f 6983 	6982 	7061
f 7046 	7053 	6860
f 7051 	7061 	6982
f 7158 	7139 	6895
f 7074 	7077 	7073
f 7073 	7077 	7072
f 7072 	7080 	7071
f 7076 	7077 	7074
f 7078 	7072 	7077
f 7084 	7069 	7108
f 6806 	6776 	7382
f 7386 	6812 	7382
f 6494 	6496 	7735
f 6895 	7141 	7142
f 6883 	7737 	6498
f 7080 	7072 	7078
f 7083 	7069 	7082
f 7082 	7071 	7080
f 7108 	7069 	7083
f 6978 	6972 	6986
f 6734 	7010 	7791
f 7085 	7069 	7025
f 7010 	6734 	7790
f 6529 	7681 	6528
f 7087 	7071 	7085
f 7069 	7085 	7071
f 7072 	7071 	7091
f 7784 	7666 	6536
f 7087 	7091 	7071
f 7092 	7072 	7091
f 6766 	6761 	7063
f 8061 	6987 	6397
f 7073 	7072 	7092
f 6362 	6329 	6975
f 7074 	7073 	7094
f 7092 	7094 	7073
f 7953 	7148 	6895
f 8032 	6812 	7079
f 8062 	6438 	6977
f 7178 	7169 	7094
f 6895 	7165 	7158
f 8060 	6987 	8061
f 6808 	7382 	6812
f 7160 	7141 	6895
f 6362 	6975 	6454
f 6458 	6454 	6975
f 6895 	7142 	7123
f 6895 	7060 	7056
f 6895 	7058 	7100
f 7098 	7099 	7077
f 7078 	7077 	7099
f 6895 	7145 	7163
f 7149 	7165 	6895
f 7077 	7076 	7098
f 8033 	7081 	8034
f 7097 	7098 	7076
f 7701 	6692 	7705
f 7105 	7106 	7080
f 7082 	7080 	7106
f 6706 	7707 	6697
f 7192 	7905 	7095
f 7080 	7078 	7105
f 7099 	7105 	7078
f 7715 	7714 	6729
f 7107 	7083 	7082
f 7106 	7107 	7082
f 6895 	7163 	7160
f 6986 	6972 	7084
f 8034 	7096 	8010
f 7108 	7083 	7109
f 6729 	6737 	7715
f 6895 	7100 	6954
f 7107 	7109 	7083
f 6895 	7055 	6957
f 6555 	6552 	7386
f 6552 	7096 	7386
f 7081 	7079 	7386
f 7079 	6812 	7386
f 6986 	7084 	7033
f 6895 	6958 	6947
f 6895 	6952 	6944
f 7110 	7033 	7084
f 7084 	7108 	7110
f 6895 	6950 	6942
f 7112 	7113 	6860
f 7112 	6860 	7057
f 6895 	6944 	7115
f 7724 	6777 	6778
f 6895 	7115 	6949
f 7109 	7110 	7108
f 6895 	6943 	6939
f 7111 	8035 	6458
f 6895 	7225 	7953
f 7724 	6778 	7725
f 6810 	7726 	6809
f 6811 	7726 	6810
f 7118 	7119 	7117
f 7143 	7120 	7119
f 7117 	7119 	7120
f 7121 	7122 	7117
f 7122 	7124 	7117
f 7124 	7153 	7117
f 7116 	7117 	7153
f 7126 	7173 	7125
f 7128 	7172 	7127
f 7127 	7173 	7126
f 7145 	6895 	7130
f 7729 	6829 	6830
f 7076 	7074 	7134
f 7074 	7169 	7134
f 7133 	7134 	7169
f 7135 	6860 	7113
f 7116 	7196 	7136
f 7137 	7138 	7117
f 7118 	7117 	7138
f 6895 	7184 	7225
f 7136 	7137 	7116
f 7117 	7116 	7137
f 7129 	6895 	7139
f 7140 	7119 	7118
f 7140 	7118 	7138
f 7120 	7121 	7117
f 7140 	7146 	7119
f 7143 	7119 	7146
f 7733 	6835 	7734
f 7143 	7146 	7120
f 7147 	7120 	7146
f 7149 	6895 	7148
f 7150 	7151 	7121
f 7122 	7121 	7151
f 7150 	7121 	7120
f 7150 	7120 	7147
f 7739 	6840 	7740
f 7152 	7124 	7122
f 7152 	7122 	7151
f 6856 	7742 	6848
f 7740 	6848 	7742
f 7125 	7174 	7153
f 6864 	7744 	6863
f 7152 	7154 	7124
f 7153 	7124 	7154
f 7135 	7155 	6860
f 7126 	7125 	7156
f 7126 	7156 	7157
f 7153 	7154 	7125
f 7156 	7125 	7154
f 7126 	7157 	7127
f 7159 	7127 	7157
f 7127 	7159 	7128
f 7161 	7128 	7159
f 7131 	7111 	7843
f 7133 	7128 	7161
f 7155 	7166 	6549
f 7155 	6549 	6860
f 7164 	7134 	7161
f 6549 	7166 	7167
f 7161 	7134 	7133
f 7076 	7134 	7097
f 7164 	7097 	7134
f 7167 	7168 	6549
f 7179 	6549 	7168
f 7132 	7131 	7843
f 7128 	7169 	7170
f 7128 	7170 	7171
f 7171 	7182 	7128
f 7188 	7127 	7172
f 7174 	7125 	7173
f 7175 	7153 	7174
f 7176 	7153 	7175
f 7116 	7153 	7176
f 7128 	7133 	7169
f 7178 	7170 	7169
f 7074 	7094 	7169
f 7180 	7171 	7170
f 7180 	7170 	7178
f 7172 	7128 	7182
f 7177 	7162 	7843
f 7162 	7132 	7843
f 6658 	6663 	6543
f 6885 	7611 	6883
f 6670 	6543 	6663
f 6543 	6670 	6677
f 6543 	6677 	6689
f 6543 	6689 	6685
f 6543 	6685 	6567
f 6779 	6775 	6543
f 6659 	6543 	6775
f 6795 	6794 	6543
f 6779 	6543 	6802
f 6780 	6802 	6543
f 6781 	6780 	6543
f 6975 	6984 	6458
f 6781 	6543 	6782
f 6788 	6543 	6794
f 7183 	7182 	7171
f 7183 	7171 	7180
f 6786 	6543 	6788
f 6782 	6543 	6786
f 7172 	7182 	7187
f 7183 	7187 	7182
f 7173 	7127 	7188
f 7189 	7188 	7172
f 7189 	7172 	7187
f 7190 	7174 	7173
f 7190 	7173 	7191
f 7006 	6543 	7003
f 6795 	6543 	7006
f 7003 	6543 	7004
f 7005 	7004 	6542
f 7041 	7014 	6542
f 6543 	6542 	7004
f 7008 	6542 	7009
f 7189 	7191 	7188
f 7173 	7188 	7191
f 7005 	6542 	7008
f 7193 	7175 	7174
f 7193 	7174 	7190
f 8041 	7185 	7186
f 7197 	6264 	7195
f 7175 	7193 	7176
f 7196 	7176 	7193
f 7019 	6542 	7023
f 7014 	7023 	6542
f 7009 	6542 	7019
f 7116 	7176 	7196
f 7186 	7185 	7843
f 7185 	7177 	7843
f 7041 	6542 	7031
f 7032 	7031 	6542
f 7340 	6264 	7338
f 7194 	7195 	6264
f 6998 	7194 	6264
f 7045 	7039 	6542
f 7012 	7023 	7014
f 7032 	6542 	7039
f 7212 	7210 	7205
f 7205 	7207 	7212
f 7113 	7112 	6542
f 7054 	6542 	7057
f 7046 	6542 	7053
f 7054 	7053 	6542
f 7046 	7045 	6542
f 7215 	7523 	7214
f 7057 	6542 	7112
f 7155 	7135 	6542
f 7113 	6542 	7135
f 7219 	7523 	7218
f 7155 	6542 	7166
f 7220 	7523 	7219
f 7218 	7523 	7215
f 7167 	7166 	6542
f 7216 	7523 	7220
f 7951 	7806 	7222
f 7168 	7167 	6542
f 7179 	7168 	6542
f 7752 	6935 	6936
f 8043 	7200 	7226
f 6960 	7755 	7754
f 7757 	6963 	6965
f 7181 	7184 	6895
f 6895 	7920 	7181
f 7759 	6976 	7760
f 7762 	6991 	7011
f 7234 	7418 	6350
f 7383 	7227 	7843
f 7762 	7011 	7763
f 6769 	7722 	7035
f 6565 	6568 	6544
f 6768 	7234 	6350
f 7869 	7626 	6715
f 6350 	6765 	6768
f 6768 	6747 	7234
f 7102 	6783 	7103
f 6497 	6492 	7780
f 6456 	7664 	6447
f 7236 	7780 	7235
f 7095 	7905 	6298
f 6497 	7780 	6500
f 7388 	7384 	7036
f 7236 	6500 	7780
f 7101 	7793 	7192
f 7676 	6581 	6620
f 7192 	7908 	7905
f 6645 	7716 	6639
f 6492 	7288 	8050
f 7234 	6747 	7238
f 7744 	6864 	7697
f 6684 	7698 	6675
f 7384 	7034 	7036
f 6714 	7712 	6706
f 7229 	7227 	7383
f 7226 	7843 	7227
f 6716 	7714 	6714
f 6760 	7720 	6758
f 7244 	7242 	6751
f 6751 	7242 	7243
f 7680 	7230 	7241
f 6751 	7243 	6813
f 7266 	6492 	7247
f 6557 	7243 	7245
f 7243 	6557 	6813
f 7242 	7453 	7243
f 6542 	7237 	7179
f 7727 	7726 	6818
f 7246 	7667 	7241
f 7240 	7237 	6542
f 7267 	7254 	7255
f 7241 	7230 	7383
f 7230 	7229 	7383
f 7260 	7257 	7267
f 7257 	7256 	7267
f 7256 	7254 	7267
f 7729 	6830 	6833
f 7264 	8046 	7263
f 7270 	7266 	7247
f 7270 	7247 	7248
f 7249 	7248 	7247
f 7734 	6836 	7736
f 6837 	7736 	6836
f 7252 	7270 	7250
f 7251 	7250 	7270
f 7251 	7270 	7248
f 7341 	7339 	7255
f 7267 	7255 	7339
f 7271 	7269 	6741
f 6837 	6839 	7736
f 7352 	7345 	7254
f 7270 	7778 	7266
f 7271 	6741 	7272
f 7256 	7352 	7254
f 7232 	7951 	7224
f 7280 	7326 	7284
f 7282 	7284 	7281
f 7283 	7308 	7284
f 7282 	7283 	7284
f 7279 	7280 	7284
f 7286 	7951 	7285
f 7232 	7285 	7951
f 7279 	7284 	7289
f 7288 	7289 	7284
f 7293 	7951 	7292
f 7292 	7951 	7290
f 7294 	7951 	7293
f 7199 	7517 	7951
f 7284 	7320 	7297
f 7284 	7297 	7298
f 7284 	7298 	7299
f 7284 	7299 	7300
f 7284 	7300 	7301
f 7328 	7302 	7301
f 7288 	7284 	7302
f 7287 	7231 	7291
f 7282 	7267 	7283
f 7296 	7291 	7981
f 7951 	7222 	7223
f 7951 	7223 	7224
f 7290 	7951 	7286
f 7295 	7199 	7951
f 7303 	7296 	7981
f 7281 	7267 	7282
f 7217 	7503 	7216
f 6465 	6730 	6462
f 7298 	7297 	7588
f 7299 	7298 	7588
f 6462 	6730 	7306
f 7261 	7246 	7383
f 7246 	7241 	7383
f 6731 	7306 	6730
f 7300 	7299 	7588
f 6544 	7284 	7308
f 7308 	7313 	6544
f 6544 	7309 	7310
f 6465 	6733 	6730
f 7209 	7265 	7268
f 7308 	7283 	7267
f 6918 	7582 	6913
f 7314 	7574 	7311
f 7269 	7211 	7268
f 7267 	7310 	7309
f 7308 	7312 	7313
f 7309 	6544 	7313
f 7307 	8047 	7264
f 7319 	7320 	7284
f 7312 	7308 	7267
f 7314 	7321 	7574
f 6842 	7306 	6838
f 7419 	6994 	7421
f 7309 	7313 	7267
f 6731 	6838 	7306
f 7312 	7318 	7313
f 7323 	7321 	7320
f 7311 	7320 	7314
f 7317 	7312 	7267
f 6936 	6959 	7752
f 7321 	7324 	7574
f 6843 	7306 	6842
f 7313 	7318 	7267
f 6963 	7756 	6960
f 7307 	7264 	7381
f 7263 	7381 	7264
f 7278 	7220 	7277
f 7312 	7330 	7318
f 7317 	7330 	7312
f 6963 	7757 	7756
f 7275 	7216 	7278
f 7261 	7383 	7263
f 7314 	7320 	7321
f 7324 	7321 	7323
f 6892 	7306 	6843
f 7334 	7287 	7232
f 7843 	6458 	6984
f 7331 	7574 	7324
f 7285 	7287 	7291
f 7759 	6966 	6976
f 7318 	7322 	7267
f 7843 	6984 	6974
f 7267 	7325 	7310
f 7304 	7303 	7981
f 7267 	7280 	7279
f 7267 	7279 	7289
f 7267 	7289 	7288
f 7267 	7288 	6492
f 7294 	7293 	7305
f 7028 	7763 	7011
f 7585 	7586 	7302
f 7302 	7587 	7288
f 7294 	7305 	7315
f 7305 	7304 	7981
f 7315 	7305 	7981
f 7281 	7284 	7326
f 7763 	7028 	7764
f 7284 	7301 	7302
f 7306 	6892 	6939
f 7267 	7281 	7326
f 7301 	7300 	7588
f 7322 	7318 	7330
f 7323 	7331 	7324
f 7330 	7317 	7267
f 6943 	6942 	7306
f 6943 	7306 	6939
f 8048 	7316 	8049
f 7322 	7330 	7267
f 6950 	6949 	6942
f 7306 	6942 	6949
f 6948 	6947 	7306
f 6952 	6948 	6944
f 7285 	7232 	7287
f 7325 	7335 	6544
f 7325 	6544 	7310
f 7711 	7721 	6439
f 7335 	7325 	7267
f 7315 	7253 	7295
f 7267 	7326 	7280
f 6958 	7059 	6947
f 6957 	7059 	6958
f 7060 	7059 	7056
f 7100 	7059 	6954
f 7337 	6264 	7336
f 7517 	7199 	7525
f 7253 	7525 	7199
f 7302 	7328 	7585
f 7115 	6948 	6949
f 7338 	6264 	7337
f 6664 	7316 	7381
f 7316 	7307 	7381
f 7335 	7339 	6544
f 6542 	6543 	7339
f 7306 	6949 	6948
f 7262 	7206 	7258
f 7203 	7258 	7206
f 6446 	7713 	6439
f 7341 	6542 	7339
f 7342 	6542 	7341
f 7344 	6542 	7342
f 7345 	6542 	7344
f 7265 	7208 	7262
f 7206 	7262 	7208
f 7055 	7059 	6957
f 7327 	7411 	7036
f 7657 	7656 	6457
f 7347 	6542 	7346
f 7592 	6542 	7358
f 7208 	7265 	7209
f 7058 	7059 	7100
f 7344 	7255 	7345
f 7209 	7268 	7211
f 7348 	7347 	7346
f 6954 	7059 	7055
f 7271 	7213 	7269
f 7211 	7269 	7213
f 7213 	7271 	7214
f 7272 	7214 	7271
f 7056 	7059 	7058
f 7306 	6947 	7059
f 7334 	7231 	7287
f 7333 	7231 	7334
f 7342 	7255 	7344
f 7214 	7272 	7215
f 7273 	7215 	7272
f 7341 	7255 	7342
f 7276 	7218 	7273
f 7267 	7339 	7335
f 6944 	6948 	7115
f 7216 	7275 	7217
f 7274 	7217 	7275
f 7985 	6265 	6274
f 7217 	7274 	7368
f 7306 	7130 	7139
f 7059 	7123 	7306
f 7349 	7350 	7351
f 7215 	7273 	7218
f 7218 	7276 	7219
f 7277 	7219 	7276
f 7353 	7351 	7352
f 7345 	7352 	7351
f 7345 	7351 	7350
f 7345 	7350 	6542
f 7681 	6529 	7682
f 7220 	7219 	7277
f 7036 	7204 	7329
f 7350 	7354 	7346
f 7350 	7346 	6542
f 7220 	7278 	7216
f 7306 	7123 	7145
f 7142 	7145 	7123
f 7141 	7145 	7142
f 7129 	7139 	7130
f 6574 	7671 	6535
f 7350 	7349 	7355
f 7329 	7327 	7036
f 6581 	7674 	6580
f 7350 	7355 	7356
f 7357 	7350 	7356
f 7222 	7221 	7329
f 7327 	7329 	7221
f 7130 	7306 	7145
f 7145 	7141 	7160
f 7255 	7254 	7345
f 7101 	7095 	7332
f 7044 	7104 	7332
f 7222 	7329 	7332
f 7222 	7332 	7223
f 7148 	7306 	7149
f 6454 	7990 	6362
f 7346 	7354 	7348
f 7224 	7223 	7333
f 7332 	7333 	7223
f 7163 	7145 	7160
f 7048 	7044 	7049
f 7048 	7049 	7052
f 7048 	7052 	7062
f 7048 	7062 	7063
f 7149 	7306 	7165
f 7224 	7333 	7334
f 7224 	7334 	7232
f 7358 	7347 	7348
f 7256 	7353 	7352
f 7139 	7158 	7306
f 7291 	7286 	7285
f 7357 	7356 	7026
f 7158 	7165 	7306
f 7290 	7286 	7296
f 7291 	7296 	7286
f 7257 	7349 	7351
f 7353 	7256 	7351
f 7257 	7351 	7256
f 6385 	6363 	7148
f 7306 	7148 	6363
f 7089 	7088 	7066
f 7290 	7296 	7303
f 7290 	7303 	7292
f 7349 	7257 	7355
f 7355 	7257 	7356
f 7257 	7027 	7356
f 7293 	7292 	7304
f 7303 	7304 	7292
f 7066 	7090 	7089
f 7706 	7716 	6651
f 7304 	7305 	7293
f 6645 	6651 	7716
f 7294 	7315 	7295
f 7233 	7231 	7093
f 7199 	7295 	7253
f 8051 	7252 	6492
f 7523 	7360 	7539
f 7587 	8050 	7288
f 7104 	7102 	7332
f 7095 	7101 	7192
f 7259 	7260 	7267
f 6348 	7512 	6347
f 7103 	7101 	7102
f 7444 	7445 	7363
f 6411 	7994 	6410
f 7361 	7360 	7365
f 7364 	7365 	7360
f 7101 	7332 	7102
f 7365 	7364 	7362
f 7363 	7362 	7364
f 6410 	7993 	6398
f 7360 	7441 	7364
f 7363 	7364 	7444
f 7367 	6370 	7366
f 7367 	7366 	6444
f 7088 	7049 	7066
f 7368 	7503 	7217
f 6438 	7995 	6433
f 7370 	7503 	7369
f 7237 	7240 	6549
f 7240 	7488 	6549
f 7049 	7332 	7066
f 7371 	7503 	7370
f 7201 	7198 	7202
f 7202 	7198 	7332
f 7372 	7503 	7371
f 7373 	7503 	7372
f 7198 	7066 	7332
f 7366 	7375 	6444
f 7376 	7259 	7267
f 7697 	6675 	7698
f 7377 	7378 	6264
f 6491 	7999 	6486
f 7698 	6684 	7701
f 6692 	7701 	6684
f 8001 	7773 	6495
f 6495 	7773 	6491
f 6697 	7705 	6692
f 7197 	7336 	6264
f 8001 	6495 	8002
f 6501 	8002 	6495
f 7378 	7379 	6264
f 6524 	8003 	6501
f 7705 	6697 	7707
f 7049 	7044 	7332
f 7712 	6714 	7714
f 7340 	7343 	6264
f 7343 	7377 	6264
f 7204 	7202 	7332
f 6916 	6917 	6542
f 6716 	6729 	7714
f 7383 	7380 	7267
f 7376 	7267 	7380
f 7093 	7332 	7095
f 7382 	7381 	7267
f 7383 	7267 	7381
f 6737 	6758 	7717
f 7386 	7382 	7267
f 7384 	7389 	7385
f 7394 	7385 	7389
f 7384 	7390 	7389
f 7417 	7387 	7267
f 7422 	7417 	7267
f 7384 	7388 	7390
f 6570 	8013 	6569
f 7393 	7385 	7394
f 7221 	7222 	7806
f 6816 	6817 	7388
f 7391 	7806 	7399
f 6568 	6565 	7390
f 7388 	6568 	7390
f 7233 	7239 	7231
f 7399 	7806 	7398
f 7398 	7806 	7397
f 7392 	7221 	7806
f 8017 	6612 	8018
f 6295 	7093 	6298
f 7389 	7390 	6565
f 7394 	7389 	6565
f 7369 	7503 	7368
f 7523 	7216 	7503
f 7095 	6298 	7093
f 6467 	7693 	6466
f 6665 	8020 	6664
f 8049 	6664 	8020
f 6817 	7228 	7388
f 6568 	7388 	7228
f 6401 	7403 	6406
f 7377 	7510 	7378
f 6712 	8022 	6704
f 7403 	7589 	6406
f 7402 	7415 	7404
f 7805 	6406 	7575
f 7392 	7391 	7411
f 6776 	8028 	6774
f 6773 	6774 	8027
f 7392 	7411 	7327
f 7599 	7575 	6406
f 7413 	7415 	7402
f 6762 	6773 	8027
f 7418 	7404 	7415
f 7387 	7386 	7267
f 7418 	7423 	7404
f 7421 	7422 	7267
f 7404 	7423 	7412
f 7419 	7421 	7267
f 7375 	6370 	7428
f 6445 	7428 	6450
f 7274 	7400 	7368
f 7426 	7429 	7427
f 7081 	8033 	7079
f 7366 	6370 	7375
f 7429 	7430 	7427
f 7368 	7400 	7369
f 7401 	7369 	7400
f 7509 	7379 	7378
f 7427 	7430 	6831
f 6445 	6444 	7428
f 7375 	7428 	6444
f 7405 	7370 	7401
f 7369 	7401 	7370
f 7412 	7238 	7426
f 6552 	8010 	7096
f 7370 	7405 	7371
f 7406 	7371 	7405
f 7412 	7423 	7234
f 7371 	7406 	7372
f 7407 	7372 	7406
f 7329 	7204 	7332
f 7231 	7333 	7093
f 6313 	6866 	6264
f 7372 	7407 	7373
f 7408 	7373 	7407
f 8037 	7131 	7132
f 7373 	7408 	7374
f 7409 	7374 	7408
f 7274 	7275 	6557
f 7278 	6557 	7275
f 7278 	7277 	6557
f 7425 	7410 	7399
f 7132 	7162 	8037
f 7410 	7411 	7391
f 7327 	7221 	7392
f 7274 	6557 	7400
f 7416 	7396 	7395
f 7416 	7395 	7414
f 7400 	6557 	7401
f 7416 	7420 	7396
f 7397 	7396 	7420
f 7397 	7420 	7424
f 7397 	7424 	7398
f 7437 	7438 	7431
f 7433 	7431 	7438
f 7437 	7431 	7436
f 7401 	6557 	7405
f 7398 	7424 	7425
f 7398 	7425 	7399
f 7186 	7200 	8041
f 8042 	8041 	7200
f 7435 	7436 	7431
f 7391 	7399 	7410
f 7405 	6557 	7406
f 7406 	6557 	7407
f 7227 	8044 	7226
f 7458 	7459 	6406
f 7442 	7443 	7359
f 7443 	7448 	7359
f 7454 	7461 	7449
f 7407 	6557 	7408
f 7523 	7503 	7360
f 7441 	7360 	7503
f 7503 	7516 	7441
f 7362 	7363 	7445
f 6427 	6425 	7359
f 7408 	6557 	7409
f 7440 	7445 	7444
f 7440 	7444 	7441
f 7451 	6401 	7359
f 7497 	7498 	7359
f 7444 	7364 	7441
f 7494 	7496 	7359
f 7446 	7503 	7374
f 7431 	7443 	7442
f 7447 	7503 	7446
f 7449 	7359 	7448
f 7425 	7424 	7036
f 7452 	7403 	7451
f 7403 	6401 	7451
f 8046 	7670 	7263
f 7431 	7449 	7448
f 7410 	7425 	7036
f 7411 	7410 	7036
f 7461 	7462 	7359
f 7501 	7461 	7465
f 7455 	7359 	7466
f 7451 	7359 	7455
f 6406 	6424 	7476
f 7414 	7388 	7416
f 7420 	7416 	7388
f 7415 	6350 	7418
f 7413 	6350 	7415
f 6809 	7725 	6778
f 7418 	7234 	7423
f 7420 	7388 	7424
f 7458 	6406 	7456
f 7388 	7036 	7424
f 7431 	7454 	7449
f 7455 	7617 	7451
f 7431 	7448 	7443
f 7439 	6406 	7434
f 7434 	6406 	7459
f 7457 	7456 	6406
f 6829 	7729 	7728
f 7204 	7036 	7034
f 7426 	7238 	7429
f 7460 	7463 	7464
f 6829 	7728 	6818
f 7464 	6455 	7460
f 7429 	7238 	7430
f 6831 	7430 	6869
f 6833 	7730 	7729
f 7462 	7495 	7359
f 7454 	7465 	7461
f 6834 	7732 	6833
f 7468 	7455 	7467
f 7466 	7467 	7455
f 6835 	7733 	6834
f 6304 	7986 	6274
f 7431 	7462 	7461
f 7234 	7238 	7412
f 7470 	7472 	7469
f 6817 	6816 	6544
f 6814 	6813 	6544
f 7228 	6817 	6544
f 7472 	7475 	7469
f 7457 	6406 	7476
f 6816 	6814 	6544
f 7474 	7476 	6424
f 6350 	7475 	7470
f 7238 	7483 	7430
f 7409 	6557 	7477
f 7472 	7470 	7475
f 7477 	6557 	7478
f 6557 	7479 	7478
f 7463 	7460 	7393
f 6869 	7430 	7483
f 6314 	6424 	6309
f 7469 	7402 	7933
f 7453 	7503 	7450
f 7450 	7503 	7447
f 7238 	6747 	7483
f 7486 	7489 	6424
f 7488 	6873 	6549
f 6873 	6871 	6549
f 7489 	7471 	6424
f 7471 	7473 	6424
f 6350 	7413 	7475
f 7473 	7474 	6424
f 7212 	7207 	6475
f 7485 	7482 	6424
f 6652 	6656 	7493
f 6652 	7493 	7492
f 7494 	7359 	7495
f 7266 	7790 	6313
f 7993 	6410 	7994
f 7466 	7359 	7498
f 7497 	7359 	7496
f 7431 	7495 	7462
f 7431 	7465 	7454
f 7414 	7484 	7388
f 7388 	7484 	7481
f 7468 	7617 	7455
f 6547 	6756 	6545
f 6925 	7583 	6918
f 7495 	7431 	7494
f 7748 	7624 	6933
f 7989 	6362 	7990
f 6454 	6458 	8035
f 7245 	7479 	6557
f 6739 	6545 	6756
f 7496 	7569 	7497
f 7687 	6467 	6471
f 7494 	7569 	7496
f 7359 	6462 	7442
f 7500 	7442 	7499
f 7395 	7396 	7806
f 7431 	7442 	7500
f 7396 	7397 	7806
f 7499 	7431 	7500
f 7359 	7449 	7461
f 7236 	7235 	7336
f 7337 	7336 	7235
f 7467 	7502 	7468
f 7431 	7461 	7501
f 7235 	6676 	7337
f 7338 	7337 	6676
f 7806 	7503 	7453
f 7806 	7453 	7487
f 7806 	7487 	7490
f 7806 	7490 	7491
f 7395 	7806 	7491
f 7431 	7501 	7465
f 7374 	7503 	7373
f 7468 	7502 	7617
f 6676 	6678 	7338
f 8003 	6524 	8004
f 7340 	6678 	7343
f 7760 	6990 	7761
f 7505 	7512 	7513
f 7506 	6353 	7505
f 7507 	6353 	7506
f 7504 	6353 	7507
f 7447 	7477 	7478
f 7343 	7508 	7377
f 7510 	7377 	7508
f 6353 	6347 	7512
f 7447 	7478 	7450
f 7479 	7450 	7478
f 7505 	7435 	7506
f 7453 	7450 	7245
f 7479 	7245 	7450
f 7245 	7243 	7453
f 7506 	7435 	7507
f 7431 	7504 	7435
f 7235 	7780 	6676
f 6678 	7780 	7508
f 7507 	7435 	7504
f 7499 	7504 	7431
f 7480 	7487 	7244
f 7242 	7244 	7453
f 7453 	7244 	7487
f 6739 	6756 	6866
f 7509 	7780 	7511
f 6745 	6868 	6744
f 7487 	7480 	7481
f 7511 	7780 	6335
f 7510 	7780 	7509
f 7490 	7487 	7481
f 7510 	7508 	7780
f 6542 	6370 	7512
f 7491 	7490 	7484
f 6492 	7266 	6313
f 7780 	6492 	6313
f 7477 	7446 	7409
f 7374 	7409 	7446
f 7447 	7446 	7477
f 7244 	7388 	7480
f 6870 	6828 	6869
f 7367 	7512 	6370
f 7505 	7513 	7436
f 7505 	7436 	7435
f 6747 	6746 	7558
f 7340 	7338 	6678
f 7508 	7343 	6678
f 7558 	6870 	6747
f 6870 	6869 	6747
f 7513 	7512 	7514
f 7481 	7484 	7490
f 7367 	7515 	7512
f 7484 	7414 	7491
f 7414 	7395 	7491
f 7481 	7480 	7388
f 7244 	6751 	7388
f 6319 	6313 	6264
f 7514 	7437 	7513
f 7436 	7513 	7437
f 7440 	7441 	7516
f 6444 	7515 	7367
f 7806 	6260 	7503
f 7516 	7503 	6260
f 6286 	7516 	6260
f 7512 	7520 	7521
f 6264 	7379 	6325
f 7519 	7520 	7512
f 7523 	7951 	7517
f 6319 	6264 	6325
f 7512 	7521 	7518
f 7514 	7512 	7518
f 6704 	8021 	6665
f 7515 	7519 	7512
f 7184 	7181 	7144
f 6742 	8023 	6712
f 7518 	7438 	7514
f 7437 	7514 	7438
f 7194 	6482 	7195
f 6484 	7195 	6482
f 6866 	6756 	6264
f 6443 	7519 	7515
f 6443 	7515 	6444
f 7213 	7214 	7523
f 7209 	7211 	7523
f 6325 	7379 	7511
f 7522 	7520 	7519
f 7509 	7378 	7510
f 6482 	7194 	6483
f 6456 	6457 	7656
f 6500 	7236 	7197
f 7336 	7197 	7236
f 7511 	7379 	7509
f 7203 	7523 	7517
f 7206 	7523 	7203
f 7208 	7523 	7206
f 7209 	7523 	7208
f 7211 	7213 	7523
f 7294 	7295 	7951
f 6996 	6476 	6998
f 7438 	7518 	7521
f 7438 	7521 	7520
f 7438 	7520 	7433
f 7527 	6424 	7526
f 7528 	6424 	7527
f 7530 	6424 	7529
f 7528 	7529 	6424
f 7530 	7531 	6424
f 7524 	7526 	6424
f 7433 	7520 	7522
f 7522 	7519 	7433
f 7532 	6424 	7531
f 7542 	7543 	6424
f 7532 	6440 	6424
f 8032 	7079 	8033
f 6443 	7433 	7519
f 7534 	6424 	7533
f 6998 	6483 	7194
f 7535 	6424 	7534
f 7525 	7203 	7517
f 7258 	7203 	7525
f 7195 	6484 	7197
f 6500 	7197 	6484
f 7537 	6424 	7536
f 7535 	7536 	6424
f 7538 	6424 	7537
f 6307 	7533 	6424
f 7361 	7539 	7360
f 7541 	6424 	7540
f 7538 	7540 	6424
f 7542 	6424 	7541
f 6278 	6280 	7539
f 6992 	7422 	6993
f 7524 	6424 	7543
f 6748 	7359 	6749
f 7529 	7528 	7557
f 7527 	6269 	7528
f 7557 	7528 	6269
f 6427 	7359 	6748
f 7544 	7545 	6558
f 7526 	6271 	7527
f 6269 	7527 	6271
f 7543 	7555 	7524
f 6558 	6561 	7546
f 6558 	7546 	7544
f 7524 	6276 	7526
f 6271 	7526 	6276
f 6813 	6557 	6815
f 8039 	7177 	8040
f 7532 	7785 	6440
f 8040 	7185 	8041
f 6561 	7549 	7548
f 7541 	6285 	7542
f 7541 	7540 	6287
f 7552 	7550 	6562
f 7537 	6291 	7538
f 6290 	7538 	6291
f 7690 	6620 	7691
f 7547 	6557 	7545
f 7260 	7259 	7029
f 7536 	6294 	7537
f 6291 	7537 	6294
f 6443 	7439 	7433
f 6296 	7534 	7533
f 6561 	6558 	6681
f 7431 	7569 	7494
f 7260 	7029 	7027
f 6296 	6302 	7534
f 6562 	6412 	7552
f 6294 	7536 	7535
f 7538 	6290 	7540
f 6287 	7540 	6290
f 7543 	7542 	6263
f 7432 	7974 	7431
f 6424 	6313 	6307
f 6308 	6307 	6313
f 6985 	6397 	6987
f 6815 	7547 	6544
f 7544 	7546 	7284
f 7549 	7553 	7284
f 7502 	7467 	7617
f 7017 	6920 	7018
f 6816 	7388 	6751
f 7284 	6544 	7545
f 7547 	7545 	6544
f 7544 	7284 	7545
f 7546 	7548 	7284
f 7498 	7497 	7569
f 7549 	7284 	7548
f 7554 	7284 	7553
f 7554 	7551 	7284
f 7597 	7026 	7018
f 7551 	7550 	7284
f 7550 	7552 	7284
f 6269 	6271 	7780
f 6276 	7555 	7780
f 6271 	6276 	7780
f 6263 	7780 	7555
f 6749 	7284 	7552
f 7556 	7780 	6451
f 6334 	7780 	6296
f 6302 	7780 	6294
f 6291 	6294 	7780
f 6302 	6296 	7780
f 6290 	7780 	6287
f 6285 	6287 	7780
f 6290 	6291 	7780
f 7431 	7746 	7569
f 7557 	6269 	7780
f 6263 	6285 	7780
f 7556 	7557 	7780
f 6715 	6713 	7869
f 6424 	7780 	6313
f 7643 	6528 	7681
f 7488 	7240 	6542
f 7433 	7432 	7431
f 7529 	7556 	7530
f 6329 	7988 	6328
f 6873 	7488 	6542
f 7556 	7529 	7557
f 7764 	7035 	7722
f 6328 	7987 	6304
f 6276 	7524 	7555
f 7617 	7467 	7466
f 7723 	6777 	7724
f 6777 	7723 	6769
f 7722 	6769 	7723
f 7525 	6741 	7258
f 6741 	7262 	7258
f 7805 	6309 	6406
f 7297 	7320 	7311
f 7269 	7268 	6741
f 7273 	7272 	6741
f 6438 	7889 	7995
f 7996 	6433 	7995
f 7332 	7093 	7333
f 7277 	7276 	6557
f 7276 	7273 	6741
f 7981 	7291 	7231
f 7471 	7978 	7473
f 7589 	7403 	7452
f 6828 	7563 	7561
f 6461 	7562 	7564
f 7253 	7315 	6741
f 7981 	6741 	7315
f 7563 	7570 	7561
f 7566 	7564 	7565
f 7253 	6741 	7525
f 7564 	7562 	7565
f 6828 	7558 	7563
f 7559 	7563 	7558
f 7650 	7719 	7567
f 6531 	8005 	6530
f 7568 	7588 	7297
f 6818 	7728 	7727
f 7451 	7580 	7452
f 7730 	6833 	7732
f 8010 	6555 	8011
f 7572 	7573 	7284
f 7265 	6741 	7268
f 7262 	6741 	7265
f 7570 	7563 	7571
f 7559 	7571 	7563
f 8012 	6569 	8013
f 6569 	8012 	6556
f 7319 	7284 	7573
f 7559 	7558 	6746
f 6741 	6557 	7276
f 6587 	8014 	6570
f 6598 	8015 	6587
f 7576 	7573 	7572
f 7559 	6746 	7571
f 6612 	8017 	6603
f 7560 	7603 	6549
f 7320 	7319 	7578
f 7573 	7578 	7319
f 7576 	7578 	7573
f 6618 	8019 	6617
f 7574 	7297 	7311
f 7582 	7452 	7581
f 7323 	7320 	7590
f 7583 	7452 	7582
f 7302 	7586 	7587
f 7328 	7301 	7588
f 7452 	7580 	7581
f 7583 	7584 	7452
f 7452 	7584 	7589
f 7590 	7574 	7331
f 7578 	7590 	7320
f 7331 	7323 	7590
f 7585 	7328 	7588
f 7771 	7765 	7577
f 7347 	7358 	6542
f 7593 	6542 	7592
f 7593 	7592 	7638
f 6743 	8024 	6742
f 8022 	6712 	8023
f 7354 	7350 	7596
f 7924 	7922 	7086
f 7597 	7598 	7357
f 7350 	7357 	7598
f 8027 	6774 	8028
f 7596 	6921 	7348
f 7844 	7606 	7567
f 6808 	8030 	6806
f 7599 	7810 	7575
f 7807 	7575 	7810
f 7606 	7844 	7607
f 7807 	7809 	7575
f 7863 	7600 	7873
f 7648 	7649 	7567
f 7844 	7567 	6459
f 6459 	6460 	7844
f 6332 	7851 	6330
f 7567 	7610 	7655
f 7096 	8034 	7081
f 7601 	7599 	6406
f 7603 	7633 	6549
f 7601 	7813 	7599
f 7604 	7605 	7602
f 7606 	7607 	7602
f 7604 	7602 	7607
f 7811 	7812 	7599
f 7609 	7602 	7608
f 7606 	7602 	7609
f 7599 	7812 	7810
f 7131 	8036 	7111
f 6406 	7589 	7601
f 7610 	7567 	7606
f 7609 	7610 	7606
f 7613 	7617 	7612
f 7615 	7592 	7614
f 7358 	7614 	7592
f 7592 	7615 	7638
f 7017 	6927 	7348
f 7065 	7064 	7920
f 7357 	7026 	7597
f 7920 	7921 	7065
f 7427 	7618 	7426
f 7427 	6831 	7618
f 7580 	7451 	7622
f 6828 	7561 	7619
f 7570 	7619 	7561
f 7609 	7608 	7610
f 7621 	7622 	7617
f 7605 	7604 	6405
f 7616 	7516 	6286
f 7620 	7621 	7617
f 7607 	6405 	7604
f 7875 	6713 	7075
f 7607 	6407 	6405
f 7625 	7584 	7624
f 7589 	7584 	7625
f 7626 	7844 	7627
f 7626 	7628 	7844
f 8047 	7307 	8048
f 7627 	6746 	7626
f 7629 	7630 	7608
f 7629 	7608 	7602
f 7869 	7628 	7626
f 6746 	6715 	7626
f 7061 	7699 	6872
f 7033 	7110 	7627
f 7627 	7571 	6746
f 7623 	7631 	7632
f 6872 	7699 	6874
f 7624 	7584 	7583
f 7602 	7605 	7623
f 7631 	7623 	7605
f 7633 	7743 	6549
f 7743 	6478 	6549
f 6880 	7641 	6881
f 6876 	7641 	6879
f 6875 	7641 	6876
f 8058 	7876 	8057
f 7820 	7805 	7575
f 7732 	6834 	7733
f 6836 	7734 	6835
f 7822 	7825 	7634
f 7572 	7284 	6914
f 7572 	6914 	7576
f 6916 	6542 	7637
f 7635 	7623 	7632
f 7593 	7638 	7637
f 6916 	7638 	6917
f 7637 	7638 	6916
f 6405 	6423 	6422
f 7350 	6920 	6921
f 7350 	6921 	7596
f 7630 	7610 	7608
f 7928 	7931 	7639
f 6405 	7632 	7631
f 7598 	6922 	6920
f 7598 	6920 	7350
f 6405 	7631 	7605
f 7354 	7596 	7348
f 6921 	6920 	7348
f 6863 	7745 	6856
f 7597 	7018 	7598
f 6675 	7697 	6864
f 7615 	7614 	6929
f 6931 	6929 	7614
f 7632 	6405 	7635
f 7615 	6929 	7638
f 7699 	7051 	7627
f 7614 	7348 	6931
f 7358 	7348 	7614
f 6888 	7612 	6885
f 7630 	7629 	7644
f 7642 	7645 	7629
f 6879 	7641 	6880
f 7621 	7620 	6899
f 7630 	7644 	7610
f 7026 	7356 	7027
f 6890 	7641 	6891
f 6887 	7641 	6890
f 6881 	7641 	6887
f 7622 	7621 	6902
f 6899 	6902 	7621
f 7580 	7622 	6913
f 6894 	7641 	6897
f 6891 	7641 	6894
f 7568 	7646 	7585
f 7586 	7585 	7646
f 7844 	6898 	6896
f 6897 	7641 	6896
f 7567 	7647 	7648
f 7574 	7578 	7576
f 6461 	7539 	6861
f 6898 	7844 	6861
f 7578 	7574 	7590
f 7649 	7650 	7567
f 7585 	7588 	7568
f 7830 	7914 	7636
f 7650 	7695 	7719
f 6459 	7567 	7651
f 7748 	6933 	7751
f 6935 	7751 	6933
f 7576 	6453 	7574
f 7914 	7912 	7639
f 7636 	7914 	7639
f 7653 	7654 	7652
f 7654 	7645 	7652
f 6924 	6919 	7539
f 6919 	6915 	7539
f 6915 	6867 	7539
f 6865 	6859 	7539
f 7639 	7913 	7907
f 7654 	7655 	7645
f 7644 	7629 	7655
f 7655 	7629 	7645
f 7575 	7809 	7820
f 6930 	7539 	6926
f 6960 	7756 	7755
f 7684 	7645 	7642
f 7653 	7647 	7654
f 7647 	7567 	7654
f 7655 	7654 	7567
f 6953 	6946 	7539
f 6946 	6941 	7539
f 6937 	7539 	6941
f 6966 	7758 	6965
f 7646 	7587 	7586
f 6955 	6956 	7361
f 6956 	6953 	7361
f 7539 	7361 	6953
f 7644 	7655 	7610
f 7657 	7660 	7466
f 7466 	7660 	7735
f 7650 	7649 	7659
f 7656 	7657 	7466
f 7677 	7678 	7666
f 6961 	6962 	7361
f 6962 	6955 	7361
f 7658 	7659 	7649
f 7649 	7648 	7658
f 7641 	7702 	7844
f 7652 	7658 	7648
f 7652 	7648 	7647
f 7647 	7653 	7652
f 6989 	6964 	7361
f 6964 	6961 	7361
f 6997 	6989 	7361
f 7000 	6997 	7361
f 7361 	7365 	7000
f 7002 	7000 	7365
f 7664 	7656 	7498
f 6356 	7704 	7703
f 7466 	7498 	7656
f 7662 	7663 	7498
f 6356 	7703 	6361
f 7706 	6361 	7703
f 7663 	7664 	7498
f 7037 	7627 	7040
f 7033 	7627 	7037
f 6436 	7721 	6431
f 7662 	6446 	7663
f 7297 	7667 	7568
f 7047 	7627 	7050
f 6447 	7664 	7663
f 7050 	7627 	7051
f 7617 	7622 	7451
f 7670 	7665 	7669
f 7568 	7667 	7665
f 7669 	7665 	7668
f 7664 	6456 	7656
f 7676 	7925 	7674
f 7674 	7925 	7673
f 7668 	7665 	7667
f 7673 	7925 	7672
f 6494 	7660 	6457
f 7091 	7440 	7092
f 7094 	7092 	7440
f 7672 	7925 	7671
f 7297 	7574 	7667
f 7164 	7161 	7627
f 7098 	7097 	7627
f 7097 	7164 	7627
f 7678 	7680 	7666
f 7680 	7667 	7666
f 7574 	7666 	7667
f 7671 	7819 	7682
f 7652 	7645 	7683
f 7106 	7105 	7627
f 7105 	7099 	7627
f 7107 	7106 	7627
f 7570 	7627 	7161
f 7682 	6535 	7671
f 7642 	7661 	7684
f 7136 	7619 	7137
f 7137 	7619 	7138
f 7684 	7661 	7679
f 7684 	7679 	7675
f 7688 	7781 	7687
f 7146 	7570 	7147
f 7686 	7687 	7781
f 7683 	7658 	7652
f 7154 	7152 	7570
f 7152 	7151 	7570
f 7686 	7781 	7689
f 7156 	7154 	7570
f 7569 	7925 	7692
f 7691 	7692 	7925
f 7690 	7691 	7925
f 7157 	7156 	7570
f 7689 	7781 	7693
f 7571 	7627 	7570
f 7440 	7178 	7094
f 7694 	7569 	7692
f 6713 	7875 	7869
f 7695 	7741 	7792
f 7792 	7719 	7695
f 7695 	7650 	7659
f 7844 	7628 	7696
f 7869 	7696 	7628
f 7694 	7716 	7569
f 7699 	7700 	7641
f 7987 	6328 	7988
f 7700 	7702 	7641
f 7699 	7702 	7700
f 7641 	6875 	7699
f 7894 	7893 	7658
f 7699 	7627 	7702
f 7844 	7702 	7627
f 7709 	7710 	7651
f 7651 	7710 	6459
f 7662 	7569 	7713
f 6419 	6420 	6427
f 7187 	7440 	7189
f 7183 	7440 	7187
f 7178 	7440 	7180
f 7704 	7569 	7703
f 7706 	7569 	7716
f 7651 	7567 	7719
f 7225 	7184 	7114
f 7718 	6758 	7720
f 7144 	7114 	7184
f 6433 	7996 	6411
f 7713 	7569 	7711
f 7721 	7711 	7569
f 7704 	7708 	7569
f 7708 	7721 	7569
f 7498 	7569 	7662
f 7725 	6809 	7726
f 7703 	7569 	7706
f 7681 	7682 	7819
f 6471 	6486 	7688
f 6811 	6818 	7726
f 7640 	7643 	7819
f 8002 	6501 	8003
f 7683 	7645 	7731
f 7720 	7640 	7819
f 7683 	7731 	7658
f 7466 	7735 	7737
f 7466 	7737 	7611
f 7738 	7844 	7696
f 7869 	7738 	7696
f 7741 	7695 	7659
f 7671 	6574 	7672
f 6863 	7744 	7745
f 7673 	6580 	7674
f 6549 	7225 	7114
f 7602 	7239 	7629
f 7742 	6856 	7745
f 6603 	8016 	6598
f 7651 	7719 	7709
f 6580 	7673 	6574
f 7672 	6574 	7673
f 8018 	6617 	8019
f 7674 	6581 	7676
f 7611 	6885 	7612
f 7612 	6888 	7613
f 6899 	7620 	6888
f 7613 	6888 	7620
f 7581 	7580 	6913
f 6902 	6913 	7622
f 7189 	7440 	7191
f 6913 	7582 	7581
f 7193 	7190 	7619
f 7191 	7440 	7190
f 7582 	6918 	7583
f 7583 	6925 	7624
f 6933 	7624 	6925
f 7752 	7753 	6935
f 7751 	6935 	7753
f 6317 	6316 	6424
f 7713 	6446 	7662
f 7085 	7025 	7362
f 7362 	7445 	7085
f 6743 	8025 	8024
f 7025 	7020 	7362
f 7020 	7007 	7362
f 7365 	7362 	7007
f 7619 	7190 	7440
f 7440 	7091 	7445
f 7639 	7821 	7780
f 6494 	7735 	7660
f 7757 	6965 	7758
f 6424 	6314 	6352
f 7180 	7440 	7183
f 7087 	7085 	7445
f 7087 	7445 	7091
f 7737 	6883 	7611
f 7758 	6966 	7759
f 7612 	7617 	7611
f 7761 	6991 	7762
f 7161 	7159 	7570
f 7159 	7157 	7570
f 7151 	7150 	7570
f 7150 	7147 	7570
f 7140 	7619 	7146
f 7138 	7619 	7140
f 7196 	7619 	7136
f 7196 	7193 	7619
f 7619 	7440 	7516
f 7570 	7146 	7619
f 7466 	7611 	7617
f 7800 	7797 	6400
f 7990 	6454 	8035
f 7690 	7676 	6620
f 7616 	6803 	7516
f 7426 	7618 	6803
f 7618 	7516 	6803
f 7924 	7086 	7067
f 7162 	8038 	8037
f 6629 	7692 	6628
f 7691 	6628 	7692
f 6935 	6933 	7456
f 6628 	7691 	6620
f 7619 	7516 	7618
f 6831 	6828 	7618
f 6639 	7694 	6629
f 7692 	6629 	7694
f 6935 	7456 	6936
f 6933 	6925 	7456
f 6883 	6498 	7976
f 7619 	7618 	6828
f 7051 	7699 	7061
f 7042 	7627 	7047
f 7040 	7627 	7042
f 7844 	6896 	7641
f 7109 	7107 	7627
f 7099 	7098 	7627
f 7110 	7109 	7627
f 7704 	6357 	7708
f 7007 	7001 	7365
f 7001 	7002 	7365
f 6937 	6926 	7539
f 6930 	6924 	7539
f 6859 	6861 	7539
f 7844 	6461 	6861
f 6874 	7699 	6875
f 7229 	7230 	7677
f 7539 	7566 	6278
f 7826 	7566 	7741
f 7708 	6431 	7721
f 7792 	7741 	7566
f 7826 	6278 	7566
f 6867 	6865 	7539
f 7976 	7458 	7456
f 7230 	7680 	7678
f 7566 	7539 	7564
f 7564 	7539 	6461
f 7668 	7667 	7246
f 7680 	7241 	7667
f 6436 	6439 	7721
f 7765 	7766 	7577
f 6472 	7844 	7738
f 6447 	7663 	6446
f 6472 	7738 	7869
f 7711 	6439 	7713
f 6833 	6830 	7474
f 7474 	6818 	7476
f 6809 	6778 	7476
f 6810 	6809 	7476
f 7657 	6457 	7660
f 7579 	7767 	6753
f 7767 	6754 	6753
f 6664 	8049 	7316
f 7459 	7974 	7434
f 7735 	6498 	7737
f 7064 	7144 	7181
f 7433 	7439 	7432
f 7434 	7432 	7439
f 7694 	6639 	7716
f 7181 	7920 	7064
f 6760 	6758 	7978
f 6706 	6697 	7978
f 6692 	7473 	6697
f 6766 	7577 	7766
f 7766 	7765 	7771
f 7747 	7982 	7482
f 7770 	7685 	7779
f 7772 	7770 	7779
f 7747 	7482 	7485
f 7685 	7770 	7775
f 7773 	7775 	7770
f 7577 	6766 	7768
f 7768 	6766 	7769
f 7926 	7864 	7070
f 7569 	7780 	7795
f 7769 	6763 	7767
f 6759 	7591 	6800
f 6424 	6310 	7634
f 6759 	7771 	7591
f 7577 	7591 	7771
f 7771 	6759 	7766
f 6400 	6399 	7800
f 7984 	7983 	7489
f 7928 	7639 	7818
f 7471 	7983 	7978
f 6645 	7977 	7980
f 6451 	7780 	7774
f 6800 	7591 	7595
f 6329 	7989 	7988
f 7685 	7775 	7776
f 7774 	7531 	6451
f 6783 	7594 	7827
f 7770 	7772 	7773
f 7432 	7434 	7974
f 7685 	7776 	7777
f 6800 	7595 	6783
f 7594 	6783 	7595
f 7531 	7774 	7532
f 6398 	7993 	7992
f 7974 	7459 	7973
f 7458 	7973 	7459
f 7863 	7579 	7600
f 6461 	6460 	7562
f 7779 	7685 	7777
f 6327 	7873 	7600
f 6408 	6412 	6414
f 6414 	6412 	6563
f 7782 	7785 	7780
f 6415 	7991 	6422
f 6330 	7847 	6481
f 7689 	7693 	6467
f 7785 	7774 	7780
f 7783 	6536 	6537
f 7687 	7686 	6467
f 7802 	7786 	7783
f 6481 	7874 	6327
f 7783 	7786 	7787
f 7783 	7787 	7789
f 7782 	7780 	7788
f 7783 	7789 	7784
f 7710 	7562 	6460
f 6459 	7710 	6460
f 7746 	7788 	7780
f 8006 	6327 	7600
f 6805 	7600 	7579
f 7639 	7780 	7818
f 7790 	7838 	7840
f 7828 	7819 	7780
f 6805 	7579 	6753
f 6530 	8004 	6524
f 7560 	6871 	6542
f 8006 	7600 	6805
f 7103 	6783 	7794
f 7603 	7560 	6542
f 7796 	7569 	7795
f 7633 	7603 	6542
f 7636 	7931 	7830
f 7636 	7639 	7931
f 7788 	7785 	7782
f 7743 	7633 	6542
f 6346 	7850 	6332
f 6478 	7743 	6542
f 6478 	6542 	6360
f 6426 	7943 	7798
f 6426 	7798 	7799
f 7788 	7746 	7801
f 7800 	7801 	7746
f 7797 	7800 	7746
f 7797 	7746 	7747
f 7617 	7613 	7620
f 7908 	7192 	7793
f 7101 	7103 	7793
f 7794 	7793 	7103
f 7850 	6346 	7799
f 6617 	8018 	6612
f 6262 	6914 	7284
f 8019 	6618 	7693
f 6466 	7693 	6618
f 7783 	6537 	7802
f 6546 	6755 	6264
f 6330 	7851 	7847
f 7753 	7625 	7751
f 7748 	7751 	7625
f 7624 	7748 	7625
f 6264 	6547 	6546
f 7798 	7806 	7799
f 7795 	7804 	7796
f 8023 	6742 	8024
f 6264 	6755 	6261
f 6262 	6261 	6755
f 7798 	6260 	7806
f 7817 	7749 	7780
f 7750 	7780 	7749
f 7769 	7882 	7768
f 6424 	7818 	7780
f 6762 	8027 	8026
f 7768 	7883 	7577
f 7485 	6400 	7797
f 7785 	7532 	7774
f 7898 	7577 	7883
f 7801 	7785 	7788
f 7898 	7910 	7577
f 7811 	7599 	7813
f 7747 	7485 	7797
f 7625 	7814 	7589
f 7749 	7804 	7750
f 7813 	7601 	7814
f 7589 	7814 	7601
f 7817 	7780 	7816
f 7910 	7909 	7591
f 7780 	7819 	7671
f 7131 	8037 	8036
f 8035 	7111 	8036
f 7827 	7594 	7906
f 7909 	7904 	7595
f 7823 	6278 	7826
f 7824 	7823 	7826
f 7818 	6424 	6354
f 7917 	7634 	7825
f 7780 	7829 	7828
f 7780 	7821 	7829
f 6310 	6424 	6352
f 7794 	6783 	7827
f 6922 	7018 	6920
f 7874 	6481 	7847
f 7638 	6928 	7015
f 7015 	7831 	7638
f 7010 	7841 	7791
f 6327 	7874 	7873
f 6932 	6927 	7017
f 7902 	7903 	7815
f 7024 	6934 	6940
f 7015 	6928 	7024
f 7815 	7827 	7902
f 7261 	7263 	7670
f 7886 	7767 	7862
f 7261 	7669 	7246
f 7883 	7768 	7882
f 7835 	7837 	7834
f 7837 	7832 	7834
f 7831 	7834 	7832
f 7668 	7246 	7669
f 7767 	7886 	7769
f 7882 	7769 	7886
f 7832 	7954 	6542
f 7836 	7838 	7790
f 7832 	7837 	7839
f 7839 	7859 	7832
f 7859 	7860 	7832
f 7790 	7840 	7833
f 7022 	7835 	7834
f 7791 	7841 	7842
f 7854 	7791 	7842
f 7803 	7791 	7854
f 7376 	7380 	6973
f 7815 	7794 	7827
f 7591 	7577 	7910
f 7818 	6354 	6312
f 7794 	7815 	7793
f 7594 	7595 	7904
f 7817 	7816 	7804
f 7817 	7804 	7749
f 6974 	7380 	7843
f 7595 	7591 	7909
f 7829 	7821 	7828
f 7819 	7828 	7821
f 7845 	7846 	7802
f 7929 	7684 	7675
f 7849 	7845 	7802
f 7880 	7844 	6752
f 7846 	7848 	7802
f 7879 	7936 	7878
f 7200 	7843 	7226
f 7200 	7186 	7843
f 7802 	7808 	7849
f 7852 	7849 	7808
f 7853 	7852 	7808
f 7900 	7857 	7844
f 7030 	7029 	7259
f 7854 	7855 	7803
f 7857 	7858 	7844
f 7799 	7806 	7850
f 7850 	7806 	7851
f 7803 	7855 	7856
f 7853 	7808 	7856
f 7808 	7803 	7856
f 6517 	6519 	7858
f 7259 	7376 	7030
f 7802 	7848 	7786
f 7861 	6305 	7860
f 6305 	6283 	7860
f 7027 	7257 	7260
f 7847 	7851 	7806
f 7266 	7778 	7790
f 7844 	7858 	6519
f 7833 	7010 	7790
f 7579 	7863 	7862
f 7778 	7836 	7790
f 7866 	7867 	7844
f 6974 	6973 	7380
f 7679 	6300 	7932
f 7867 	7866 	7869
f 7263 	7383 	7381
f 7872 	7866 	7844
f 7866 	7872 	7869
f 7870 	7838 	7868
f 7868 	7838 	7865
f 7096 	7081 	7386
f 6808 	6806 	7382
f 7843 	7380 	7383
f 7880 	7872 	7844
f 7872 	7880 	7869
f 7929 	7935 	7684
f 7876 	7833 	7871
f 7873 	7806 	7863
f 7847 	7806 	7874
f 7874 	7806 	7873
f 6612 	6603 	7387
f 6603 	6598 	7387
f 7075 	7070 	7864
f 7877 	7833 	7876
f 7875 	7075 	7864
f 6973 	7030 	7376
f 7579 	7862 	7767
f 7878 	6278 	7823
f 6993 	7421 	6994
f 7863 	7806 	7862
f 6280 	6278 	7878
f 6752 	6474 	7869
f 7880 	6752 	7869
f 7992 	7993 	7854
f 7884 	7841 	7877
f 7421 	6993 	7422
f 7422 	6992 	7417
f 7888 	7844 	7887
f 7895 	7911 	7844
f 7888 	7887 	6895
f 7887 	6771 	6895
f 7806 	7951 	7882
f 7886 	7862 	7806
f 7894 	7824 	7893
f 7888 	7895 	7844
f 7911 	7915 	7844
f 7896 	7897 	7844
f 7844 	7897 	7900
f 7891 	7856 	7890
f 7892 	7856 	7891
f 7897 	7896 	6895
f 7894 	7823 	7824
f 7826 	7893 	7824
f 6988 	7417 	6992
f 6994 	7419 	6996
f 6895 	7900 	7897
f 7878 	7823 	7879
f 7823 	7894 	7879
f 6760 	7640 	7720
f 7894 	7881 	7879
f 7888 	6895 	7895
f 6483 	6998 	6476
f 6760 	7643 	7640
f 6895 	7864 	7926
f 6771 	7887 	7844
f 6771 	7844 	6770
f 7844 	7867 	6772
f 7844 	6772 	6770
f 6524 	6501 	6988
f 6491 	7417 	6495
f 6988 	6495 	7417
f 7915 	7916 	7844
f 7895 	6895 	7911
f 7913 	7639 	7912
f 7918 	7905 	7908
f 7867 	7869 	6772
f 7898 	7883 	7951
f 7910 	7898 	7951
f 7883 	7882 	7951
f 7916 	7896 	7844
f 7207 	7205 	6470
f 7909 	7910 	7951
f 7642 	7233 	7661
f 7093 	6295 	7661
f 7906 	7904 	7951
f 7904 	7909 	7951
f 7882 	7886 	7806
f 6895 	7869 	7875
f 7460 	7385 	7393
f 7643 	7681 	7819
f 7463 	7393 	6565
f 7875 	7864 	6895
f 7903 	7902 	7951
f 7902 	7906 	7951
f 7923 	7918 	7901
f 7908 	7927 	7918
f 6535 	7682 	6529
f 7780 	7671 	7816
f 7925 	7816 	7671
f 7822 	7634 	6310
f 6470 	6475 	7207
f 6470 	7205 	6468
f 7901 	7951 	7923
f 7905 	7918 	7919
f 7917 	6311 	7634
f 6424 	7634 	6311
f 7460 	6455 	7204
f 7676 	7690 	7925
f 7796 	7925 	7569
f 7034 	7384 	7385
f 7793 	7815 	7927
f 7385 	7460 	7034
f 7930 	7951 	7929
f 7930 	7923 	7951
f 6455 	6359 	7204
f 7821 	7639 	7907
f 7901 	7903 	7951
f 7067 	7065 	7921
f 7402 	7616 	7933
f 7067 	7921 	7924
f 6310 	6309 	7822
f 7402 	6803 	7616
f 7391 	7392 	7806
f 7469 	7933 	7470
f 6298 	7905 	6299
f 6299 	7905 	7932
f 7933 	7943 	7470
f 7616 	7943 	7933
f 6469 	7210 	6475
f 6299 	7932 	6300
f 6475 	7210 	7212
f 7698 	7913 	7697
f 7912 	7914 	7697
f 7919 	7918 	7923
f 7903 	7901 	7927
f 7068 	7086 	7922
f 7907 	7913 	7701
f 7705 	7907 	7701
f 7927 	7815 	7903
f 7594 	7904 	7906
f 7922 	7926 	7068
f 7827 	7906 	7902
f 7393 	7394 	6565
f 7744 	7697 	7914
f 7698 	7701 	7913
f 7918 	7927 	7901
f 7070 	7068 	7926
f 7714 	7821 	7712
f 7712 	7821 	7707
f 6886 	6288 	7861
f 6803 	7402 	7404
f 7934 	6886 	7860
f 7923 	7930 	7919
f 7675 	7919 	7930
f 7412 	6803 	7404
f 7837 	6882 	7839
f 7819 	7821 	7718
f 7715 	7821 	7714
f 7413 	7402 	7475
f 7675 	7932 	7919
f 6945 	7638 	7831
f 7831 	7015 	7834
f 7675 	7679 	7932
f 7469 	7475 	7402
f 6803 	7412 	7426
f 7932 	7905 	7919
f 7720 	7819 	7718
f 7859 	7934 	7860
f 7210 	6469 	7205
f 6468 	7205 	6469
f 6280 	7878 	7936
f 7935 	7936 	7879
f 7723 	7820 	7722
f 7724 	7820 	7723
f 6940 	7017 	7024
f 6932 	7017 	6940
f 7937 	7492 	7493
f 7499 	7442 	6462
f 7822 	7820 	7727
f 7727 	7728 	7822
f 7504 	7499 	6462
f 7493 	7938 	7937
f 7359 	6404 	7940
f 7939 	7940 	6404
f 6264 	7939 	6406
f 6404 	6406 	7939
f 6279 	7201 	6355
f 7940 	7939 	6264
f 7729 	7730 	7822
f 7825 	7822 	7730
f 6359 	6355 	7202
f 6462 	7359 	6405
f 7879 	7881 	7935
f 7881 	7684 	7935
f 7512 	7505 	6353
f 7202 	7204 	6359
f 7733 	7825 	7732
f 7675 	7930 	7929
f 6462 	7306 	7504
f 7929 	7951 	7935
f 7936 	7951 	6280
f 6353 	7306 	6363
f 7944 	6264 	6345
f 6286 	7943 	7616
f 6353 	7504 	7306
f 7953 	6549 	6360
f 6478 	6360 	6549
f 7953 	6360 	6348
f 7730 	7732 	7825
f 7946 	6264 	7945
f 7950 	6264 	7947
f 6406 	6344 	6264
f 7941 	6264 	7949
f 7947 	6264 	7941
f 6260 	7798 	7943
f 6300 	7679 	6295
f 7225 	6549 	7953
f 6260 	7943 	6286
f 7742 	7830 	7740
f 7740 	7830 	7739
f 6322 	6264 	7952
f 7936 	7935 	7951
f 6656 	7938 	7493
f 6386 	7953 	6387
f 6656 	6657 	7938
f 7539 	6280 	7523
f 7951 	7523 	6280
f 7945 	6264 	7944
f 7949 	6264 	7948
f 7942 	7952 	6264
f 6386 	6385 	7953
f 6385 	7148 	7953
f 6652 	7492 	7937
f 6652 	7937 	6654
f 7948 	6264 	7946
f 6387 	7953 	6268
f 6347 	6343 	7953
f 7745 	7914 	7742
f 7744 	7914 	7745
f 7825 	7733 	7917
f 7961 	7955 	7956
f 7961 	7956 	7954
f 7955 	7942 	7956
f 7830 	7917 	7739
f 6349 	6370 	6542
f 7736 	7739 	7917
f 7954 	7956 	7957
f 7957 	7963 	7954
f 7954 	7958 	7959
f 7954 	7959 	6349
f 7941 	7959 	7958
f 7941 	7958 	7947
f 7753 	7752 	7625
f 7752 	7754 	7814
f 7625 	7752 	7814
f 6349 	7959 	7960
f 7960 	7967 	6349
f 7967 	7968 	6349
f 7755 	7813 	7754
f 7941 	7949 	7959
f 7957 	7956 	7942
f 7756 	7813 	7755
f 7955 	7961 	7962
f 7756 	7757 	7813
f 7758 	7813 	7757
f 7813 	7814 	7754
f 7955 	7962 	7952
f 7955 	7952 	7942
f 7964 	7954 	7963
f 7958 	7954 	7964
f 7958 	7964 	7947
f 7960 	7965 	7966
f 7960 	7966 	7967
f 7945 	7967 	7966
f 7810 	7759 	7760
f 7761 	7810 	7760
f 7762 	7763 	7807
f 6358 	6349 	7968
f 7813 	7758 	7759
f 6345 	6358 	7944
f 7968 	7944 	6358
f 7945 	7944 	7967
f 7968 	7967 	7944
f 7809 	7807 	7763
f 7949 	7965 	7960
f 7960 	7959 	7949
f 7965 	7969 	7970
f 7965 	7970 	7966
f 7811 	7813 	7759
f 7971 	7946 	7970
f 7970 	7946 	7966
f 7763 	7764 	7809
f 7948 	7969 	7965
f 7948 	7965 	7949
f 7969 	7971 	7970
f 7764 	7722 	7809
f 7945 	7966 	7946
f 7761 	7762 	7810
f 7807 	7810 	7762
f 7948 	7946 	7969
f 7971 	7969 	7946
f 7964 	7963 	7950
f 7964 	7950 	7947
f 7942 	7950 	7957
f 7963 	7957 	7950
f 7805 	7820 	6309
f 7820 	7822 	6309
f 7961 	6322 	7962
f 6749 	7359 	7284
f 7811 	7759 	7810
f 7810 	7812 	7811
f 7940 	7972 	7359
f 7972 	7940 	6264
f 7726 	7727 	7820
f 7950 	7942 	6264
f 7954 	6349 	6542
f 7728 	7729 	7822
f 7734 	7917 	7733
f 7734 	7736 	7917
f 7725 	7820 	7724
f 7725 	7726 	7820
f 7809 	7722 	7820
f 6318 	7961 	7954
f 7830 	7931 	7917
f 6318 	6322 	7961
f 7952 	7962 	6322
f 7705 	7707 	7907
f 7912 	7697 	7913
f 7830 	7742 	7914
f 7717 	7718 	7821
f 7715 	7717 	7821
f 7917 	7931 	6311
f 6312 	6311 	7928
f 6288 	6886 	6264
f 6312 	7928 	7818
f 6288 	6264 	6321
f 6322 	6321 	6264
f 7928 	6311 	7931
f 6262 	7284 	6261
f 7284 	7359 	6261
f 7972 	6261 	7359
f 7816 	7925 	7796
f 7816 	7796 	7804
f 6756 	6547 	6264
f 7907 	7707 	7821
f 6264 	6261 	7972
f 7927 	7908 	7793
f 7974 	7973 	7431
f 7645 	7975 	7731
f 7881 	7975 	7684
f 7645 	7684 	7975
f 7661 	6295 	7679
f 7658 	7731 	7894
f 7975 	7894 	7731
f 7979 	7980 	7431
f 7976 	7979 	7431
f 7978 	7983 	7431
f 7977 	7978 	7431
f 7973 	7976 	7431
f 7894 	7975 	7881
f 7458 	7976 	7973
f 7980 	7977 	7431
f 7569 	7746 	7780
f 7981 	7623 	7635
f 7750 	7795 	7780
f 7982 	7747 	7746
f 6741 	7981 	6566
f 7983 	7984 	7431
f 7984 	7982 	7746
f 7746 	7431 	7984
f 7635 	7991 	7981
f 7231 	7623 	7981
f 7471 	7489 	7983
f 7233 	7642 	7239
f 7486 	7482 	7982
f 7982 	7984 	7486
f 7489 	7486 	7984
f 7231 	7239 	7623
f 7602 	7623 	7239
f 7795 	7750 	7804
f 7826 	7741 	7893
f 7659 	7893 	7741
f 6311 	6317 	6424
f 7093 	7661 	7233
f 7629 	7239 	7642
f 7899 	7856 	7892
f 7985 	7856 	7899
f 6424 	6316 	6320
f 7659 	7658 	7893
f 7719 	7792 	7709
f 6354 	6424 	6351
f 6320 	6351 	6424
f 7987 	7856 	7986
f 7988 	7856 	7987
f 7986 	7856 	7985
f 7565 	7709 	7792
f 7565 	7792 	7566
f 7989 	7666 	7988
f 6415 	6414 	6566
f 7990 	7666 	7989
f 7991 	6415 	6566
f 6406 	6309 	6424
f 6566 	7981 	7991
f 7856 	7855 	7993
f 7994 	7856 	7993
f 7855 	7854 	7993
f 6422 	7991 	6405
f 7635 	6405 	7991
f 7994 	7996 	7856
f 7996 	7995 	7856
f 7995 	7889 	7856
f 7889 	7890 	7856
f 7562 	7710 	7709
f 7565 	7562 	7709
f 6654 	7937 	7938
f 7938 	6657 	6654
f 8035 	7666 	7990
f 7066 	7997 	7090
f 8000 	7997 	7198
f 7066 	7198 	7997
f 7198 	7201 	8000
f 6279 	6332 	8000
f 8002 	7775 	8001
f 8008 	7090 	7997
f 8005 	7777 	8004
f 8004 	7777 	8003
f 7865 	7836 	8009
f 8000 	6330 	7997
f 6332 	6330 	8000
f 8011 	7781 	8010
f 7089 	7090 	8006
f 8012 	7781 	8011
f 8013 	7781 	8012
f 8014 	7781 	8013
f 8008 	6327 	8006
f 8015 	7781 	8014
f 8016 	7781 	8015
f 6330 	6481 	7997
f 8019 	7781 	8018
f 8017 	7781 	8016
f 6481 	8008 	7997
f 7693 	7781 	8019
f 8017 	8018 	7781
f 8025 	8026 	7665
f 6327 	8008 	6481
f 8026 	8027 	7646
f 7646 	7665 	8026
f 8027 	8028 	7646
f 8028 	8029 	7646
f 8030 	8031 	7646
f 8029 	8030 	7646
f 8031 	8032 	7270
f 8033 	7270 	8032
f 8010 	7270 	8034
f 8033 	8034 	7270
f 8037 	7666 	8036
f 8038 	7666 	8037
f 8036 	7666 	8035
f 8041 	7666 	8040
f 8040 	7666 	8039
f 7856 	7988 	7666
f 8042 	7666 	8041
f 7677 	7666 	8045
f 8044 	8045 	7666
f 8043 	8044 	7666
f 7670 	8046 	7665
f 8048 	7665 	8047
f 8046 	8047 	7665
f 8020 	7665 	8049
f 8048 	8049 	7665
f 7665 	8021 	8022
f 8024 	8025 	7665
f 8020 	8021 	7665
f 8042 	8043 	7666
f 8038 	8039 	7666
f 8023 	8024 	7665
f 8022 	8023 	7665
f 7270 	7646 	8031
f 7998 	7999 	7781
f 7999 	7772 	7781
f 7779 	7781 	7772
f 7688 	7998 	7781
f 7270 	8010 	7781
f 8002 	8003 	7775
f 7773 	8001 	7775
f 7776 	7775 	8003
f 8005 	7836 	7777
f 8007 	7836 	8005
f 7776 	8003 	7777
f 7270 	7779 	7778
f 7777 	7836 	7779
f 7779 	7270 	7781
f 7836 	7865 	7838
f 7871 	7838 	7870
f 8007 	8009 	7836
f 7778 	7779 	7836
f 7833 	7877 	7841
f 7841 	7010 	7833
f 7838 	7871 	7840
f 7840 	7871 	7833
f 7841 	7884 	7842
f 7885 	7992 	7842
f 7884 	7885 	7842
f 7854 	7842 	7992
f 6492 	8050 	8051
f 7646 	7270 	7587
f 7270 	8050 	7587
f 7270 	7252 	8051
f 8051 	8050 	7270
f 8055 	7868 	7865
f 8056 	7870 	8055
f 8063 	7891 	7890
f 7892 	6266 	7899
f 7899 	6265 	7985
f 7985 	6274 	7986
f 6304 	7987 	7986
f 7689 	6467 	7686
f 7687 	6471 	7688
f 7998 	6486 	7999
f 7772 	6491 	7773
f 7999 	6491 	7772
f 8004 	6530 	8005
f 6531 	8007 	8005
f 8013 	6570 	8014
f 6587 	8015 	8014
f 8015 	6598 	8016
f 8016 	6603 	8017
f 8020 	6665 	8021
f 6704 	8022 	8021
f 8028 	6776 	8029
f 8029 	6806 	8030
f 6808 	6812 	8030
f 8031 	8030 	6812
f 8031 	6812 	8032
f 7162 	7177 	8038
f 8039 	8038 	7177
f 7185 	8040 	7177
f 8042 	7200 	8043
f 8043 	7226 	8044
f 7678 	7677 	7230
f 8045 	7229 	7677
f 8044 	7227 	8045
f 7229 	8045 	7227
f 7669 	7261 	7670
f 8046 	7264 	8047
f 7316 	8048 	7307
f 7787 	7786 	7856
f 7856 	7784 	7789
f 7787 	7856 	7789
f 7574 	6536 	7666
f 7666 	7784 	7856
f 7568 	7665 	7646
f 6452 	6536 	7574
f 7786 	7846 	7856
f 7846 	7845 	7856
f 7856 	7845 	7849
f 7856 	7849 	7852
f 7853 	7856 	7852
f 7848 	7846 	7786
f 6476 	6996 	7419
f 8009 	6539 	8052
f 8007 	6539 	8009
f 8054 	7865 	8053
f 8052 	8053 	8009
f 8009 	8053 	7865
f 8054 	8055 	7865
f 6539 	6988 	8052
f 6987 	8053 	6988
f 8055 	8054 	6987
f 8053 	6987 	8054
f 8057 	7871 	8056
f 7870 	8056 	7871
f 7868 	8055 	7870
f 6539 	6531 	6988
f 8056 	8055 	6987
f 7876 	8058 	7877
f 8059 	7877 	8058
f 7871 	8057 	7876
f 8052 	6988 	8053
f 8060 	7884 	8059
f 7877 	8059 	7884
f 7885 	8060 	8061
f 7884 	8060 	7885
f 8059 	8058 	6987
f 8058 	8057 	6987
f 8057 	8056 	6987
f 6398 	7992 	6397
f 8061 	6397 	7885
f 7992 	7885 	6397
f 8059 	6987 	8060
f 8063 	7890 	8062
f 7889 	8062 	7890
f 6438 	8062 	7889
f 6433 	6985 	6438
f 8064 	7892 	8065
f 6266 	7892 	8064
f 7891 	8065 	7892
f 6977 	6975 	8064
f 8065 	6977 	8064
f 8065 	7891 	8063
f 8065 	8063 	6977
f 6977 	8063 	8062
f 6265 	7899 	6266
# 3618 faces

 #end of obj_6

o obj_7
v 258.442 		-75.545 		7.1859
v 258.523 		-74.816 		7.188
v 258.439 		-74.572 		7.188
v 258.848 		-75.492 		7.186
v 258.8533 		-75.545 		7.1859
v 258.903 		-75.545 		7.1859
v 258.9097 		-75.545 		7.1859
v 258.9189 		-75.545 		7.1859
v 258.9312 		-75.545 		7.1859
v 258.9476 		-75.545 		7.1859
v 259.402 		-74.002 		7.19
v 258.898 		-73.963 		7.19
v 258.442 		-75.545 		4.498
v 258.523 		-74.81 		4.187
v 258.849 		-75.486 		4.186
v 261.547 		-75.274 		2.505
v 260.11 		-74.162 		3.622
v 261.496 		-75.277 		3.62
v 261.597 		-75.264 		3.62
v 260.327 		-74.243 		0.054
v 260.713 		-74.484 		0.054
v 261.597 		-75.26 		1.836
v 261.558 		-75.274 		1.836
v 261.406 		-75.222 		0.052
v 261.614 		-75.245 		0.052
v 262.061 		-74.9 		0.053
v 266.716 		-77.233 		0.681
v 266.461 		-76.995 		0.682
v 267.005 		-77.665 		0.681
v 267.115 		-77.802 		0.68
v 266.936 		-77.503 		0.681
v 266.807 		-77.383 		0.681
v 266.807 		-77.382 		0.048
v 267.005 		-77.664 		0.047
v 265.557 		-74.061 		7.19
v 265.615 		-74.041 		7.19
v 265.696 		-73.926 		7.19
v 265.663 		-74.001 		7.19
v 265.696 		-73.926 		7.19
v 265.696 		-73.926 		7.19
v 265.696 		-73.926 		7.19
v 262.791 		-77.576 		0.68
v 263.001 		-77.298 		0.681
v 263.001 		-77.3002 		1.8068
v 263.001 		-77.2988 		1.1044
v 262.9873 		-77.317 		1.1042
v 262.943 		-77.35 		1.104
v 262.9551 		-77.3596 		1.1038
v 262.7556 		-77.6423 		1.772
v 262.7617 		-77.6314 		1.8091
v 262.7801 		-77.5967 		1.1011
v 262.7727 		-77.61 		1.1009
v 262.791 		-77.5777 		1.465
v 262.791 		-77.5769 		1.1013
v 262.7697 		-77.617 		1.8579
v 262.766 		-77.606 		1.101
v 268.4604 		-78.4759 		7.1805
v 268.4694 		-78.5209 		7.1804
v 268.473 		-78.539 		7.1804
v 268.3302 		-77.9331 		7.1814
v 268.4232 		-78.29 		7.1804
v 269.746 		-78.065 		7.181
v 269.819 		-78.149 		7.181
v 268.473 		-79.454 		7.1784
v 268.4781 		-79.3767 		7.1786
v 269.919 		-78.167 		7.181
v 268.4816 		-79.3236 		7.1786
v 268.503 		-78.997 		7.1794
v 268.4531 		-79.5534 		7.1781
v 268.4162 		-79.7379 		7.1775
v 268.3884 		-78.116 		7.1809
v 269.746 		-78.065 		7.1809
v 269.746 		-78.065 		7.1809
v 269.746 		-78.065 		7.1809
v 268.383 		-78.089 		7.181
v 269.819 		-78.147 		6.289
v 269.747 		-78.072 		5.398
v 268.473 		-79.454 		5.015
v 268.503 		-78.997 		5.015
v 268.473 		-78.539 		5.015
v 268.383 		-78.089 		5.015
v 267.222 		-79.8413 		5.015
v 267.36 		-79.2782 		5.015
v 267.324 		-79.5083 		5.015
v 267.382 		-78.9312 		5.015
v 267.3843 		-78.8153 		5.015
v 267.378 		-79.1633 		5.015
v 267.3563 		-78.5845 		5.015
v 267.2813 		-78.2446 		5.015
v 267.2513 		-78.1323 		5.015
v 267.342 		-78.4693 		5.015
v 267.1606 		-77.9183 		5.015
v 269.548 		-80.554 		7.176
v 269.713 		-80.005 		7.177
v 269.788 		-79.923 		7.177
v 269.889 		-79.909 		7.177
v 268.2923 		-80.1718 		7.1765
v 268.3524 		-79.9944 		7.1771
v 268.383 		-79.904 		7.1772
v 269.419 		-81.272 		7.175
v 269.335 		-81.16 		7.175
v 269.34 		-81.078 		7.175
v 265.8889 		-81.2295 		5.015
v 266.1 		-81.1313 		5.015
v 265.784 		-81.2784 		5.015
v 264.128 		-72.882 		0.058
v 267.187 		-83.343 		3.603
v 268.239 		-82.606 		3.604
v 264.349 		-74.029 		7.19
v 264.285 		-73.977 		7.19
v 267.173 		-83.42 		2.265
v 264.285 		-73.977 		7.19
v 264.285 		-73.977 		7.19
v 264.285 		-73.977 		7.19
v 264.792 		-74.022 		7.19
v 262.6799 		-80.1041 		4.498
v 262.5864 		-79.9212 		4.498
v 262.8626 		-80.3998 		4.498
v 262.945 		-80.5172 		4.498
v 262.745 		-80.2322 		4.498
v 271.052 		-75.692 		7.187
v 263.085 		-80.6672 		4.498
v 270.42 		-74.212 		7.19
v 271.178 		-75.484 		7.187
v 271.394 		-75.037 		7.188
v 271.485 		-74.799 		7.188
v 271.047 		-74.174 		7.19
v 261.456 		-75.259 		0.944
v 263.183 		-80.7722 		4.498
v 263.2946 		-80.8628 		4.498
v 263.454 		-80.9916 		4.498
v 263.6299 		-81.0976 		4.498
v 263.753 		-81.1712 		4.498
v 264.074 		-81.3072 		4.498
v 264.254 		-73.901 		7.19
v 264.264 		-73.939 		6.298
v 264.369 		-74.033 		6.298
v 262.622 		-77.881 		0.68
v 262.481 		-78.382 		0.679
v 262.582 		-78.052 		0.679
v 262.497 		-78.206 		0.679
v 262.419 		-78.546 		0.678
v 262.427 		-78.722 		0.678
v 264.2334 		-75.545 		7.1864
v 264.4177 		-75.545 		7.1869
v 264.4395 		-75.5407 		7.1869
v 265.337 		-75.5133 		7.187
v 262.582 		-78.051 		0.046
v 209.259 		-74.824 		0.051
v 210.109 		-74.722 		0.051
v 210.964 		-74.667 		0.051
v 211.82 		-74.659 		0.051
v 264.6523 		-75.5136 		7.1869
v 264.8237 		-75.5023 		7.187
v 264.997 		-75.491 		7.187
v 265.0323 		-75.4933 		7.187
v 264.539 		-75.521 		7.1869
v 265.904 		-75.61 		7.1864
v 265.762 		-75.5819 		7.1865
v 265.7367 		-75.5769 		7.1865
v 267.193 		-83.333 		2.711
v 265.454 		-75.521 		7.1867
v 265.5439 		-75.5388 		7.1864
v 262.427 		-78.72 		0.045
v 262.481 		-78.38 		0.046
v 262.6382 		-77.8527 		1.0983
v 264.27 		-73.946 		4.96
v 268.239 		-82.599 		0.037
v 264.313 		-74.004 		5.406
v 202.303 		-84.49 		0.03
v 201.728 		-84.48 		0.03
v 264.369 		-74.031 		5.406
v 202.728 		-84.497 		0.03
v 264.369 		-74.029 		4.291
v 202.734 		-84.147 		0.029
v 202.734 		-84.147 		0.03
v 202.309 		-84.14 		0.029
v 202.309 		-84.14 		0.03
v 201.734 		-84.13 		0.029
v 201.734 		-84.13 		0.03
v 268.162 		-82.626 		0.037
v 261.537 		-75.272 		0.052
v 261.475 		-75.266 		0.052
v 268.218 		-82.604 		1.821
v 268.239 		-82.601 		0.929
v 200.728 		-84.462 		0.03
v 261.577 		-75.265 		0.944
v 201.303 		-84.472 		0.03
v 262.388 		-78.893 		0.678
v 262.463 		-79.408 		0.677
v 262.421 		-79.066 		0.677
v 200.734 		-84.112 		0.029
v 262.407 		-79.241 		0.677
v 262.473 		-79.584 		0.676
v 201.309 		-84.122 		0.03
v 201.309 		-84.122 		0.029
v 262.552 		-79.741 		0.676
v 200.734 		-84.112 		0.03
v 259.402 		-73.995 		3.622
v 265.447 		-75.545 		4.498
v 262.421 		-79.065 		0.044
v 265.447 		-75.545 		5.015
v 264.997 		-75.491 		5.015
v 262.553 		-79.739 		0.043
v 262.463 		-79.407 		0.044
v 268.28 		-82.605 		1.821
v 267.715 		-82.97 		0.036
v 258.728 		-75.262 		0.052
v 259.645 		-74.028 		0.055
v 258.849 		-75.477 		0.052
v 258.571 		-74.919 		0.053
v 259.277 		-73.974 		0.055
v 267.239 		-83.272 		0.036
v 267.189 		-83.475 		0.035
v 258.899 		-73.948 		0.055
v 259.996 		-74.119 		0.055
v 267.178 		-83.357 		1.373
v 258.439 		-74.557 		0.054
v 267.209 		-83.302 		0.927
v 267.222 		-83.288 		1.819
v 267.646 		-84.379 		0.033
v 267.745 		-84.94 		0.032
v 267.724 		-85.416 		0.031
v 265.904 		-75.61 		5.015
v 265.454 		-75.521 		5.015
v 267.635 		-85.901 		0.03
v 202.713 		-85.346 		0.027
v 267.724 		-85.416 		0.0311
v 202.288 		-85.339 		0.027
v 267.724 		-85.416 		0.0311
v 201.713 		-85.329 		0.027
v 264.4177 		-75.545 		5.015
v 200.714 		-85.312 		0.027
v 264.539 		-75.521 		5.015
v 262.4074 		-75.545 		7.1865
v 201.289 		-85.322 		0.027
v 262.5356 		-75.545 		7.1867
v 262.601 		-74.511 		7.189
v 263.3386 		-75.545 		7.1861
v 263.3853 		-75.545 		7.1865
v 197.348 		-83.63 		7.166
v 197.737 		-82.868 		7.168
v 270.32 		-81.734 		7.174
v 198.167 		-82.128 		7.169
v 258.442 		-81.4824 		7.174
v 258.442 		-81.2973 		7.1744
v 267.724 		-85.416 		0.0311
v 267.724 		-85.416 		0.0311
v 198.728 		-84.443 		7.163
v 267.724 		-85.416 		0.0312
v 267.724 		-85.416 		0.0312
v 267.724 		-85.416 		0.0312
v 267.724 		-85.416 		0.0312
v 198.656 		-84.4416 		7.163
v 198.656 		-84.4417 		7.163
v 198.7258 		-84.443 		7.163
v 198.7258 		-84.443 		7.163
v 198.7269 		-84.443 		7.163
v 198.7269 		-84.443 		7.163
v 259.454 		-81.4944 		4.498
v 258.442 		-81.4768 		4.498
v 199.303 		-84.453 		7.163
v 267.741 		-84.831 		3.6
v 267.71 		-84.602 		3.6
v 259.3371 		-81.5594 		4.498
v 259.2505 		-81.6115 		4.498
v 259.143 		-81.7059 		4.498
v 259.0643 		-81.7794 		4.498
v 258.9818 		-81.8832 		4.498
v 266.509 		-86.245 		0.029
v 200.303 		-84.47 		7.163
v 267.53 		-86.266 		0.029
v 259.013 		-81.82 		0.038
v 266.8 		-86.489 		0.029
v 259.454 		-81.485 		0.039
v 265.491 		-83.924 		7.169
v 265.426 		-83.872 		7.169
v 265.413 		-82.4757 		7.1718
v 265.2187 		-82.4884 		7.1718
v 199.728 		-84.46 		7.163
v 200.288 		-85.319 		7.162
v 199.288 		-85.302 		7.162
v 199.713 		-85.309 		7.162
v 259.223 		-81.624 		0.039
v 198.713 		-85.292 		7.162
v 269.348 		-81.197 		6.283
v 198.289 		-85.285 		7.162
v 197.714 		-85.275 		7.162
v 197.289 		-85.267 		7.162
v 269.385 		-81.245 		5.391
v 197 		-84.413 		7.164
v 269.753 		-79.942 		5.394
v 269.332 		-81.12 		5.614
v 197.303 		-84.418 		7.163
v 198.303 		-84.435 		7.163
v 197.728 		-84.425 		7.163
v 269.788 		-79.918 		4.502
v 198.167 		-82.112 		0.034
v 269.726 		-79.971 		4.502
v 268.383 		-79.904 		5.015
v 266.295 		-81.0045 		5.015
v 266.3923 		-80.9413 		5.015
v 266.5686 		-80.7885 		5.015
v 266.656 		-80.7123 		5.015
v 266.7321 		-80.6249 		5.015
v 266.8843 		-80.4493 		5.015
v 266.9475 		-80.3523 		5.015
v 267.0743 		-80.1573 		5.015
v 267.1731 		-79.9464 		5.015
v 268.236 		-80.338 		7.1762
v 268.1985 		-80.414 		7.1761
v 197.348 		-83.615 		0.031
v 197.737 		-82.853 		0.033
v 268.1153 		-80.5829 		7.1761
v 268.033 		-80.75 		7.1755
v 268.0134 		-80.7793 		7.1755
v 268.0348 		-80.7464 		7.1755
v 267.778 		-81.131 		7.1748
v 267.5046 		-81.4433 		7.1742
v 267.476 		-81.476 		7.1742
v 267.3681 		-81.5704 		7.1742
v 267.131 		-81.778 		7.1734
v 266.9919 		-81.8711 		7.1732
v 267.2236 		-81.697 		7.1736
v 267.131 		-81.778 		5.015
v 267.476 		-81.476 		5.015
v 267.778 		-81.131 		5.015
v 268.033 		-80.75 		5.015
v 268.236 		-80.338 		5.015
v 200.303 		-84.455 		0.03
v 199.729 		-84.445 		0.03
v 210.109 		-74.738 		7.186
v 210.963 		-74.683 		7.186
v 211.82 		-74.674 		7.186
v 200.31 		-84.105 		0.029
v 199.735 		-84.095 		0.029
v 209.258 		-74.839 		7.185
v 200.31 		-84.105 		0.03
v 199.735 		-84.095 		0.03
v 205.158 		-76.027 		7.183
v 198.729 		-84.427 		0.029
v 208.415 		-74.987 		7.185
v 206.758 		-75.418 		7.184
v 205.95 		-75.701 		7.183
v 207.581 		-75.18 		7.184
v 199.304 		-84.437 		0.03
v 198.735 		-84.078 		0.029
v 199.31 		-84.088 		0.029
v 199.31 		-84.088 		0.03
v 198.735 		-84.078 		0.03
v 206.758 		-75.403 		0.049
v 207.581 		-75.165 		0.05
v 208.415 		-74.971 		0.05
v 200.289 		-85.304 		0.027
v 199.714 		-85.294 		0.027
v 198.714 		-85.277 		0.027
v 199.289 		-85.287 		0.027
v 205.158 		-76.012 		0.048
v 205.95 		-75.685 		0.049
v 198.304 		-84.42 		0.029
v 197.729 		-84.41 		0.029
v 209.522 		-80.729 		7.173
v 198.31 		-84.07 		0.029
v 210.117 		-80.666 		7.173
v 198.31 		-84.07 		0.03
v 210.716 		-80.653 		7.173
v 197.735 		-84.06 		0.029
v 197.735 		-84.06 		0.03
v 208.933 		-80.839 		7.172
v 197.304 		-84.403 		0.029
v 197.001 		-84.397 		0.029
v 197.31 		-84.053 		0.029
v 197.31 		-84.053 		0.03
v 198.289 		-85.269 		0.027
v 197.714 		-85.259 		0.027
v 197.289 		-85.252 		0.027
v 208.933 		-80.823 		0.038
v 209.522 		-80.713 		0.038
v 210.117 		-80.651 		0.038
v 272.68 		-78.705 		7.1794
v 272.68 		-78.705 		7.18
v 272.68 		-78.705 		7.1794
v 229.345 		-80.978 		7.195
v 229.449 		-74.995 		7.217
v 249.446 		-75.343 		7.217
v 249.342 		-81.326 		7.196
v 210.716 		-80.637 		0.038
v 248.6989 		-75.3312 		7.217
v 248.6981 		-75.323 		9.442
v 248.699 		-75.3314 		7.217
v 248.78 		-76.154 		9.442
v 248.78 		-76.154 		7.2141
v 243.3394 		-81.2291 		9.513
v 243.481 		-80.01 		9.513
v 243.4771 		-75.2316 		9.442
v 243.4776 		-75.2367 		8.0714
v 243.617 		-76.662 		9.442
v 243.4779 		-75.2398 		7.217
v 243.617 		-76.662 		7.212
v 248.571 		-80.6 		9.513
v 248.4879 		-81.3194 		9.513
v 248.5175 		-81.0636 		7.1969
v 248.571 		-80.6 		7.1985
v 246.1956 		-80.3247 		7.1993
v 243.8727 		-76.6368 		7.2121
v 244.3319 		-75.2548 		7.217
v 243.5425 		-79.4803 		7.2021
v 243.481 		-80.01 		7.2002
v 243.3403 		-81.2216 		7.1957
v 243.9497 		-80.0643 		7.2
v 248.4889 		-81.3112 		7.196
v 243.3403 		-81.2215 		7.195
v 248.4889 		-81.3111 		7.195
v 267.061 		-71.468 		7.195
v 206.725 		-81.739 		7.17
v 267.948 		-72.572 		7.193
v 267.901 		-72.207 		7.194
v 207.792 		-81.199 		7.172
v 207.248 		-81.447 		7.171
v 267.783 		-71.717 		7.195
v 266.248 		-72.224 		7.194
v 266.577 		-71.867 		7.194
v 208.355 		-80.996 		7.172
v 267.833 		-73.607 		7.191
v 267.904 		-73.393 		7.191
v 267.952 		-73.049 		7.192
v 207.248 		-81.432 		0.036
v 208.356 		-80.981 		0.037
v 262.587 		-74.411 		7.189
v 262.52 		-74.626 		7.188
v 262.9348 		-75.545 		7.1864
v 263.1049 		-75.545 		7.1862
v 262.567 		-74.586 		7.188
v 263.1442 		-75.545 		7.1862
v 262.601 		-74.506 		4.513
v 266.175 		-76.8043 		5.015
v 266.0716 		-76.7516 		5.015
v 265.8643 		-76.6463 		5.015
v 265.6451 		-76.5704 		5.015
v 265.535 		-76.5323 		5.015
v 265.447 		-76.5143 		4.498
v 265.3337 		-76.4925 		4.498
v 265.447 		-76.5154 		5.015
v 265.192 		-76.4652 		4.498
v 264.844 		-76.4462 		4.498
v 264.6398 		-76.4644 		4.498
v 264.2969 		-76.523 		4.498
v 264.4964 		-76.4772 		4.498
v 261.922 		-82.885 		7.171
v 261.37 		-82.496 		7.172
v 261.5416 		-82.45 		7.1712
v 261.4067 		-82.45 		7.1721
v 261.2815 		-82.45 		7.1721
v 263.9657 		-76.6286 		4.498
v 263.831 		-76.6802 		4.498
v 264.1564 		-76.5552 		4.498
v 263.526 		-76.8492 		4.498
v 263.4112 		-76.936 		4.498
v 263.2474 		-77.0592 		4.498
v 269.695 		-77.845 		0.047
v 263.103 		-77.2036 		4.498
v 262.8777 		-77.4694 		4.498
v 263.001 		-77.3056 		4.498
v 269.819 		-78.134 		0.047
v 262.6917 		-77.7633 		4.498
v 262.791 		-77.5842 		4.498
v 269.919 		-78.152 		0.047
v 269.759 		-78.078 		0.047
v 265.674 		-73.976 		3.623
v 264.27 		-73.942 		3.177
v 264.299 		-73.983 		2.731
v 264.369 		-74.025 		2.731
v 264.331 		-74.011 		3.622
v 269.753 		-78.072 		1.384
v 269.819 		-78.137 		1.83
v 265.649 		-74.001 		0.055
v 265.697 		-73.911 		0.055
v 265.537 		-74.046 		0.055
v 269.857 		-78.15 		0.938
v 265.577 		-74.044 		1.393
v 267.385 		-78.806 		0.678
v 267.274 		-78.298 		0.679
v 267.342 		-78.46 		0.679
v 267.34 		-78.636 		0.678
v 264.285 		-73.962 		0.055
v 264.254 		-73.886 		0.055
v 267.274 		-78.296 		0.046
v 264.331 		-74.003 		0.055
v 267.34 		-78.634 		0.045
v 264.41 		-74.026 		0.055
v 264.974 		-74.01 		0.055
v 264.275 		-73.948 		1.839
v 264.369 		-74.024 		1.839
v 207.793 		-81.184 		0.037
v 262.601 		-74.502 		2.73
v 262.567 		-74.578 		3.621
v 262.603 		-74.463 		3.621
v 265.366 		-83.859 		7.169
v 264.997 		-82.503 		7.1718
v 264.8543 		-82.4937 		7.1718
v 265.0526 		-82.4994 		7.1718
v 264.983 		-83.879 		7.169
v 264.239 		-83.84 		7.169
v 264.535 		-82.4722 		7.1719
v 264.424 		-82.45 		7.1719
v 264.3371 		-82.45 		7.1719
v 264.539 		-82.473 		7.1719
v 206.725 		-81.724 		0.036
v 265.4395 		-82.474 		7.1718
v 265.454 		-82.473 		7.1718
v 265.904 		-82.383 		7.172
v 266.2335 		-82.2714 		7.1722
v 204.918 		-83.279 		0.032
v 205.321 		-82.837 		0.033
v 205.758 		-82.428 		0.034
v 264.198 		-83.843 		6.277
v 206.227 		-82.056 		0.035
v 205.758 		-82.443 		7.169
v 206.227 		-82.071 		7.17
v 205.32 		-82.852 		7.168
v 265.501 		-83.936 		4.493
v 265.407 		-83.86 		4.493
v 265.462 		-83.89 		5.385
v 265.447 		-82.45 		4.498
v 264.424 		-82.45 		5.015
v 265.447 		-82.45 		5.015
v 264.539 		-82.473 		5.015
v 264.997 		-82.503 		5.015
v 265.454 		-82.473 		5.015
v 265.904 		-82.383 		5.015
v 263.0916 		-82.45 		7.1716
v 262.9248 		-82.45 		7.1715
v 262.7792 		-82.45 		7.1717
v 262.275 		-82.45 		7.1719
v 262.1823 		-82.45 		7.1718
v 263.1469 		-82.45 		7.1717
v 264.1483 		-82.45 		7.1718
v 264.1092 		-82.45 		7.1718
v 264.153 		-83.868 		7.169
v 264.091 		-83.933 		6.277
v 262.431 		-83.408 		7.17
v 262.448 		-83.307 		7.17
v 262.416 		-83.232 		7.17
v 262.437 		-83.266 		6.278
v 264.096 		-83.922 		4.939
v 262.447 		-83.354 		4.94
v 262.417 		-83.226 		4.495
v 262.445 		-83.281 		4.494
v 262.417 		-83.228 		5.386
v 265.521 		-84 		7.169
v 265.648 		-85.004 		7.166
v 265.696 		-85.166 		7.166
v 265.88 		-85.526 		7.165
v 266.163 		-85.909 		7.164
v 262.567 		-74.576 		2.729
v 261.1201 		-82.45 		7.1713
v 261.278 		-82.54 		7.171
v 262.601 		-74.496 		0.054
v 262.587 		-74.395 		0.054
v 262.567 		-74.57 		0.054
v 261.487 		-82.525 		7.171
v 261.5598 		-82.45 		7.1712
v 262.589 		-74.537 		0.946
v 260.56 		-83.254 		7.17
v 260.27 		-83.432 		7.169
v 262.554 		-74.59 		1.837
v 262.589 		-74.539 		1.838
v 262.603 		-74.459 		1.838
v 261.33 		-82.503 		5.388
v 261.411 		-82.492 		5.388
v 265.692 		-76.602 		0.683
v 266.009 		-76.737 		0.682
v 265.865 		-76.637 		0.683
v 265.359 		-76.513 		0.683
v 265.535 		-76.523 		0.683
v 266.175 		-76.795 		0.682
v 259.7742 		-82.45 		7.1716
v 259.93 		-82.45 		7.1715
v 259.582 		-82.45 		7.1713
v 266.009 		-76.736 		0.049
v 259.2943 		-82.45 		7.1711
v 259.0276 		-82.45 		7.1714
v 258.291 		-83.102 		7.17
v 258.728 		-83.727 		7.169
v 259.355 		-83.689 		7.169
v 258.484 		-82.636 		7.171
v 266.233 		-81.007 		0.673
v 266.1 		-81.122 		0.673
v 258.8264 		-82.45 		7.1715
v 258.5888 		-82.45 		7.1714
v 265.932 		-81.174 		0.673
v 258.8922 		-82.45 		7.1715
v 259.716 		-83.625 		7.169
v 265.784 		-81.269 		0.673
v 266.233 		-81.006 		0.04
v 265.932 		-81.173 		0.04
v 265.275 		-81.375 		0.673
v 265.359 		-76.512 		0.05
v 265.692 		-76.601 		0.05
v 267.162 		-77.972 		0.68
v 265.451 		-81.371 		0.673
v 265.61 		-81.297 		0.673
v 267.252 		-78.123 		0.68
v 265.61 		-81.296 		0.04
v 265.275 		-81.374 		0.039
v 267.162 		-77.971 		0.047
v 267.162 		-77.971 		0.047
v 267.162 		-77.971 		0.047
v 267.162 		-77.971 		0.047
v 267.324 		-79.499 		0.677
v 267.328 		-79.323 		0.677
v 267.378 		-79.154 		0.677
v 267.358 		-78.98 		0.678
v 264.249 		-81.321 		0.673
v 264.411 		-81.389 		0.672
v 264.931 		-81.405 		0.672
v 264.587 		-81.387 		0.672
v 264.587 		-81.386 		0.039
v 264.931 		-81.404 		0.039
v 264.249 		-81.32 		0.04
v 265.106 		-81.426 		0.672
v 264.757 		-81.432 		0.672
v 263.334 		-80.855 		0.674
v 263.183 		-80.764 		0.674
v 263.334 		-80.854 		0.04
v 262.587 		-79.913 		0.675
v 262.865 		-80.353 		0.675
v 262.687 		-80.058 		0.675
v 262.745 		-80.224 		0.675
v 204.917 		-83.294 		7.167
v 262.687 		-80.056 		0.042
v 262.865 		-80.351 		0.042
v 202.203 		-77.731 		0.044
v 202.906 		-77.241 		0.045
v 203.634 		-76.791 		0.046
v 204.386 		-76.38 		0.047
v 202.203 		-77.746 		7.179
v 204.385 		-76.396 		7.182
v 203.634 		-76.806 		7.181
v 202.906 		-77.257 		7.18
v 267.222 		-79.832 		0.676
v 267.25 		-79.658 		0.676
v 267.25 		-79.657 		0.043
v 267.328 		-79.321 		0.044
v 267.358 		-78.978 		0.045
v 201.528 		-78.273 		7.178
v 200.883 		-78.836 		7.176
v 200.884 		-78.821 		0.042
v 201.529 		-78.258 		0.043
v 198.637 		-81.412 		7.171
v 199.145 		-80.723 		7.172
v 199.69 		-80.063 		7.174
v 200.27 		-79.433 		7.175
v 269.714 		-79.984 		2.718
v 269.714 		-79.986 		3.61
v 200.27 		-79.418 		0.04
v 199.145 		-80.708 		0.037
v 199.69 		-80.048 		0.039
v 264.231 		-76.5322 		1.7389
v 198.637 		-81.397 		0.036
v 264.2095 		-76.5369 		1.6044
v 264.4014 		-76.4918 		1.1094
v 264.23 		-76.5312 		1.1099
v 264.4784 		-76.474 		1.037
v 204.552 		-83.768 		7.166
v 264.228 		-76.523 		1.11
v 265.017 		-76.471 		0.683
v 265.192 		-76.457 		0.683
v 264.844 		-76.438 		0.683
v 265.017 		-76.47 		0.05
v 264.672 		-76.477 		0.683
v 264.332 		-76.531 		0.683
v 264.497 		-76.469 		0.683
v 264.332 		-76.53 		0.05
v 264.673 		-76.476 		0.05
v 263.9375 		-76.6345 		2.2447
v 263.658 		-76.7719 		2.5433
v 263.397 		-76.9429 		2.7505
v 263.3173 		-77.0021 		2.3029
v 263.1772 		-77.1256 		2.5466
v 263.1598 		-77.1433 		2.7048
v 263.1182 		-77.1844 		2.4601
v 262.9191 		-77.4099 		2.2749
v 262.9446 		-77.3765 		2.4278
v 262.9496 		-77.3699 		2.4562
v 260.053 		-82.45 		7.1718
v 269.769 		-79.923 		2.718
v 269.818 		-79.903 		1.827
v 269.726 		-79.965 		1.826
v 266.487 		-71.944 		3.627
v 269.889 		-79.894 		0.043
v 266.322 		-72.123 		3.627
v 269.489 		-80.71 		0.041
v 267.875 		-73.495 		3.624
v 269.788 		-79.908 		0.043
v 267.905 		-73.385 		3.624
v 267.944 		-73.158 		3.624
v 269.714 		-79.978 		0.043
v 267.958 		-72.685 		3.625
v 267.062 		-71.453 		0.061
v 269.738 		-79.946 		0.935
v 269.769 		-79.919 		0.935
v 269.714 		-79.98 		0.935
v 267.783 		-71.701 		0.06
v 267.92 		-72.314 		0.059
v 266.248 		-72.208 		0.059
v 269.338 		-81.104 		0.04
v 270.321 		-81.719 		0.039
v 266.577 		-71.852 		0.06
v 269.358 		-81.202 		0.04
v 269.419 		-81.257 		0.04
v 264.079 		-83.975 		7.169
v 263.788 		-85.288 		7.166
v 263.602 		-85.584 		7.165
v 263.918 		-84.974 		7.166
v 267.127 		-79.98 		0.676
v 266.96 		-80.281 		0.675
v 267.075 		-80.148 		0.675
v 266.96 		-80.28 		0.042
v 263.371 		-85.86 		7.164
v 267.127 		-79.979 		0.043
v 266.885 		-80.44 		0.675
v 266.509 		-80.8 		0.674
v 263.109 		-86.119 		7.164
v 262.714 		-86.433 		7.163
v 266.752 		-80.556 		0.674
v 266.656 		-80.703 		0.674
v 265.444 		-83.875 		3.601
v 265.444 		-83.873 		2.71
v 265.511 		-83.952 		3.601
v 258.8362 		-82.0457 		4.498
v 258.7499 		-82.1676 		4.498
v 258.6768 		-82.282 		4.498
v 258.5821 		-82.45 		4.498
v 261.874 		-85.694 		7.165
v 261.942 		-84.295 		7.168
v 261.871 		-84.509 		7.167
v 261.815 		-84.969 		7.166
v 264.218 		-83.832 		3.602
v 265.444 		-83.868 		0.034
v 261.992 		-86.185 		7.164
v 265.491 		-83.908 		0.034
v 260.167 		-83.474 		3.602
v 261.35 		-82.495 		4.05
v 261.311 		-82.505 		2.712
v 270.838 		-75.976 		7.186
v 270.414 		-76.358 		7.185
v 270.597 		-76.226 		7.185
v 270.983 		-75.774 		0.052
v 270.42 		-74.197 		0.055
v 271.047 		-74.159 		0.055
v 271.235 		-75.359 		0.053
v 271.485 		-74.784 		0.054
v 271.052 		-75.684 		3.619
v 270.414 		-76.342 		0.05
v 270.68 		-76.131 		0.051
v 270.509 		-76.29 		3.618
v 270.597 		-76.219 		3.618
v 270.763 		-76.058 		3.618
v 272.666 		-79.467 		7.179
v 272.259 		-78.426 		7.181
v 271.259 		-78.038 		7.182
v 270.92 		-78.011 		7.182
v 272.236 		-79.731 		7.178
v 271.709 		-78.165 		7.181
v 272.68 		-78.705 		7.1794
v 270.499 		-81.872 		7.173
v 271.791 		-79.935 		7.178
v 270.883 		-80.099 		7.177
v 271.337 		-80.068 		7.177
v 272.472 		-78.551 		3.613
v 272.259 		-78.418 		3.613
v 271.372 		-78.05 		3.614
v 271.032 		-78 		3.614
v 270.92 		-77.996 		0.047
v 272.042 		-78.293 		0.046
v 272.236 		-79.716 		0.043
v 267.834 		-73.591 		0.056
v 267.959 		-72.797 		0.058
v 267.924 		-73.264 		0.057
v 272.667 		-79.452 		0.044
v 265.988 		-72.613 		7.193
v 265.857 		-72.927 		7.192
v 271.372 		-78.043 		0.047
v 272.68 		-78.689 		0.046
v 264.128 		-72.897 		7.192
v 264.009 		-72.578 		7.193
v 263.762 		-72.18 		7.194
v 262.975 		-71.397 		7.195
v 262.245 		-71.62 		7.195
v 271.822 		-78.191 		0.047
v 263.446 		-71.813 		7.194
v 270.499 		-81.864 		3.606
v 270.413 		-81.79 		3.606
v 262.945 		-80.509 		0.674
v 263.082 		-80.62 		0.674
v 263.082 		-80.619 		0.041
v 265.988 		-72.598 		0.058
v 265.858 		-72.912 		0.058
v 263.454 		-80.984 		0.673
v 263.923 		-81.209 		0.673
v 263.616 		-81.053 		0.673
v 263.753 		-81.163 		0.673
v 264.074 		-81.299 		0.673
v 266.173 		-72.309 		3.626
v 266.042 		-72.504 		3.626
v 263.616 		-81.051 		0.04
v 265.933 		-72.707 		3.625
v 265.889 		-72.811 		3.625
v 263.923 		-81.208 		0.04
v 270.731 		-82.13 		7.173
v 270.877 		-83.938 		7.169
v 270.994 		-82.528 		7.172
v 271.336 		-83.329 		7.17
v 271.054 		-82.618 		0.037
v 270.869 		-82.307 		0.038
v 270.579 		-81.939 		0.039
v 271.337 		-83.314 		0.036
v 270.877 		-83.923 		0.034
v 270.623 		-83.91 		0.034
v 271.254 		-83.081 		3.603
v 270.935 		-82.414 		3.605
v 261.451 		-82.496 		2.712
v 265.511 		-83.948 		1.818
v 265.407 		-83.854 		1.595
v 265.444 		-83.87 		0.926
v 261.922 		-82.87 		0.036
v 261.45 		-82.495 		0.037
v 261.35 		-82.484 		0.037
v 264.521 		-83.843 		0.034
v 261.279 		-82.525 		0.037
v 262.171 		-71.856 		3.627
v 264.219 		-83.827 		0.926
v 264.1 		-72.78 		3.625
v 264.003 		-76.632 		0.683
v 264.157 		-76.547 		0.683
v 264.218 		-83.828 		1.818
v 264.06 		-72.674 		3.625
v 263.831 		-76.672 		0.682
v 263.69 		-76.778 		0.682
v 263.834 		-72.268 		3.626
v 264.096 		-83.918 		3.155
v 263.69 		-76.776 		0.049
v 264.003 		-76.631 		0.05
v 264.188 		-83.838 		2.487
v 264.009 		-72.563 		0.058
v 262.246 		-71.605 		0.06
v 261.279 		-82.525 		0.0371
v 261.279 		-82.525 		0.0371
v 261.279 		-82.525 		0.0371
v 262.448 		-83.3 		3.603
v 263.763 		-72.165 		0.059
v 261.279 		-82.525 		0.0371
v 262.404 		-83.208 		3.603
v 262.976 		-71.382 		0.061
v 261.279 		-82.525 		0.0371
v 261.279 		-82.525 		0.0371
v 263.446 		-71.797 		0.06
v 264.16 		-83.845 		0.034
v 264.112 		-83.884 		0.034
v 264.079 		-83.96 		0.034
v 264.142 		-83.859 		1.818
v 262.388 		-83.188 		0.035
v 262.448 		-83.292 		0.035
v 262.431 		-83.393 		0.035
v 262.446 		-83.358 		1.819
v 262.417 		-83.221 		1.819
v 262.445 		-83.276 		1.819
v 262.437 		-83.254 		0.927
v 265.716 		-85.204 		0.031
v 265.648 		-84.989 		0.032
v 266.164 		-85.893 		0.03
v 265.522 		-83.985 		0.034
v 265.88 		-85.51 		0.031
v 263.918 		-84.959 		0.032
v 263.788 		-85.273 		0.031
v 263.453 		-85.756 		0.03
v 263.668 		-85.479 		3.598
v 263.199 		-86.019 		0.029
v 262.714 		-86.418 		0.029
v 262.11 		-72.106 		7.194
v 262.13 		-73.507 		7.191
v 262.066 		-73.291 		7.191
v 262.03 		-72.946 		7.192
v 262.13 		-73.492 		0.056
v 262.088 		-72.212 		0.059
v 262.032 		-72.694 		0.058
v 262.05 		-73.162 		0.057
v 262.111 		-72.099 		3.626
v 262.066 		-72.341 		3.626
v 262.026 		-72.821 		3.625
v 262.171 		-71.848 		0.06
v 261.452 		-82.492 		0.929
v 261.432 		-82.486 		1.821
v 261.391 		-82.482 		1.821
v 261.331 		-82.495 		1.821
v 262.066 		-73.283 		3.624
v 260.271 		-83.416 		0.035
v 260.712 		-74.499 		7.189
v 260.109 		-74.17 		7.189
v 260.429 		-74.312 		7.189
v 260.561 		-83.239 		0.035
v 261.475 		-75.281 		7.187
v 261.6255 		-75.545 		7.1864
v 261.557 		-75.285 		7.187
v 261.6962 		-75.545 		7.1864
v 261.405 		-75.238 		7.187
v 259.831 		-83.579 		0.035
v 259.478 		-83.658 		0.034
v 258.793 		-82.097 		0.038
v 258.598 		-82.402 		0.037
v 258.729 		-83.712 		0.034
v 258.291 		-83.087 		0.035
v 258.983 		-83.708 		0.034
v 264.1195 		-76.563 		1.4303
v 263.831 		-76.674 		1.5935
v 264.1356 		-76.5561 		1.1099
v 263.9375 		-76.6321 		1.1098
v 263.831 		-76.6729 		1.1095
v 264.1569 		-76.5482 		1.2606
v 264.1569 		-76.5479 		1.11
v 263.932 		-76.618 		1.11
v 263.6602 		-76.7676 		1.1087
v 263.651 		-76.751 		1.109
v 259.831 		-83.586 		3.602
v 263.401 		-76.965 		0.682
v 263.248 		-77.051 		0.682
v 263.526 		-76.841 		0.682
v 263.401 		-76.964 		0.049
v 263.526 		-76.8434 		1.8021
v 263.526 		-76.8419 		1.1084
v 261.942 		-84.279 		0.033
v 261.851 		-84.607 		0.032
v 261.817 		-85.074 		0.031
v 263.4016 		-76.9359 		1.1077
v 263.2662 		-77.0382 		1.1067
v 263.2478 		-77.0536 		1.9039
v 263.2479 		-77.0519 		1.1066
v 261.838 		-85.435 		0.031
v 266.752 		-80.555 		0.041
v 261.9 		-85.801 		0.03
v 261.832 		-84.728 		3.599
v 261.815 		-84.962 		3.599
v 261.874 		-85.686 		3.597
v 261.993 		-86.169 		0.029
v 246.8412 		-81.2657 		0.0386
v 246.8812 		-78.9658 		0.0436
v 246.9455 		-75.2698 		0.0516
v 249.3423 		-81.3072 		7.1737
v 249.3741 		-79.4806 		7.1777
v 249.342 		-81.3242 		7.1737
v 248.4889 		-81.3111 		7.1737
v 249.446 		-75.3429 		7.186
v 246.9449 		-75.2994 		7.186
v 246.9452 		-75.2852 		7.186
v 246.9454 		-75.2755 		2.6561
v 246.9453 		-75.2814 		5.2959
v 249.3422 		-81.3219 		6.0778
v 248.487 		-81.328 		7.099
v 248.489 		-81.3108 		7.099
v 245.76 		-81.2633 		7.099
v 246.8409 		-81.2785 		6.1096
v 246.8411 		-81.2713 		2.6945
v 246.9455 		-75.2735 		0.086
v 246.8414 		-81.2565 		0.064
v 246.8413 		-81.2597 		0.9561
v 243.3404 		-81.2212 		7.099
v 243.3385 		-81.2376 		7.099
v 244.0641 		-81.2338 		7.099
v 231.9766 		-78.6977 		0.0436
v 231.9365 		-81.0065 		0.0386
v 232.0407 		-75.0103 		0.0516
v 229.449 		-74.9949 		7.186
v 229.3934 		-78.1952 		7.179
v 232.0399 		-75.04 		7.186
v 232.0402 		-75.0259 		7.186
v 232.0404 		-75.0179 		3.5802
v 232.0405 		-75.016 		2.6491
v 232.0403 		-75.0215 		5.3
v 231.4525 		-81.0119 		6.4435
v 231.9359 		-81.0203 		6.4375
v 231.9363 		-81.0125 		2.7052
v 231.936 		-81.0189 		5.7567
v 231.9367 		-80.9971 		0.064
v 232.0406 		-75.0141 		0.086
v 231.9359 		-81.0197 		6.2711
v 231.936 		-81.0178 		5.7563
v 232.0402 		-75.0268 		3.5834
v 229.345 		-80.9768 		7.173
v 229.3451 		-80.9754 		6.4698
v 266.509 		-80.798 		0.041
v 266.393 		-80.932 		0.674
v 262.3986 		-79.1057 		4.498
v 262.4064 		-79.2492 		4.498
v 262.4336 		-79.3906 		4.498
v 262.473 		-79.5916 		4.498
v 262.52 		-79.7272 		4.498
v 262.622 		-77.8892 		4.498
v 262.5486 		-78.0801 		4.498
v 262.497 		-78.2142 		4.498
v 262.4506 		-78.414 		4.498
v 262.4008 		-78.7581 		4.498
v 262.388 		-78.9012 		4.498
v 262.4184 		-78.5542 		4.498
v 264.2127 		-81.3443 		4.498
v 264.411 		-81.3972 		4.498
v 264.757 		-81.4402 		4.498
v 265.3084 		-81.4019 		4.498
v 265.447 		-81.3798 		4.498
v 265.447 		-81.3809 		5.015
v 265.4503 		-81.3803 		5.015
v 265.106 		-81.4342 		4.498
v 265.6734 		-81.3122 		5.015
v 261.405 		-75.238 		7.187
v 261.405 		-75.238 		7.187
v 261.405 		-75.238 		7.187
v 261.7423 		-75.545 		7.1865
v 262.06 		-74.916 		7.188
v 261.8039 		-75.545 		7.1864
v 261.577 		-75.275 		5.403
v 261.475 		-75.278 		5.403
v 261.537 		-75.281 		4.511
v 261.597 		-75.266 		4.511
v 270.659 		-82.03 		3.606
v 268.3 		-82.62 		7.172
v 268.37 		-82.664 		7.172
v 268.3 		-82.62 		7.172
v 268.3 		-82.62 		7.172
v 268.37 		-82.664 		7.1719
v 268.37 		-82.664 		7.1719
v 268.3 		-82.62 		7.172
v 268.3 		-82.62 		7.172
v 268.3 		-82.62 		7.172
v 268.37 		-82.664 		7.1719
v 268.37 		-82.664 		7.1717
v 269.346 		-83.589 		7.17
v 269.063 		-83.402 		7.17
v 269.666 		-83.731 		7.169
v 270.012 		-83.83 		7.169
v 268.319 		-82.623 		4.496
v 268.239 		-82.614 		7.172
v 266.834 		-81.9768 		7.1732
v 266.338 		-82.236 		7.1722
v 266.4076 		-82.2017 		7.1722
v 266.4392 		-82.1861 		7.1722
v 266.6108 		-82.1016 		7.1728
v 266.75 		-82.033 		7.173
v 268.198 		-82.621 		6.28
v 267.715 		-82.986 		7.171
v 267.188 		-83.491 		7.17
v 267.187 		-83.35 		7.17
v 267.238 		-83.287 		7.17
v 267.174 		-83.388 		6.278
v 267.173 		-83.425 		4.494
v 268.198 		-82.619 		5.388
v 268.218 		-82.61 		4.496
v 267.209 		-83.31 		4.495
v 267.187 		-83.347 		5.386
v 268.259 		-82.609 		5.388
v 266.338 		-82.236 		5.015
v 266.75 		-82.033 		5.015
v 267.646 		-84.394 		7.168
v 267.745 		-84.955 		7.167
v 267.724 		-85.432 		7.166
v 267.665 		-85.795 		7.165
v 263.389 		-76.919 		1.108
v 263.2319 		-77.068 		1.1064
v 266.509 		-86.26 		7.164
v 266.8 		-86.504 		7.163
v 267.53 		-86.281 		7.164
v 269.245 		-83.528 		3.602
v 269.448 		-83.636 		3.602
v 262.915 		-77.451 		0.681
v 263.141 		-77.191 		0.681
v 262.727 		-77.74 		0.68
v 268.338 		-82.63 		3.604
v 268.289 		-82.611 		2.712
v 270.13 		-83.85 		3.602
v 262.727 		-77.739 		0.047
v 263.141 		-77.19 		0.048
v 203.875 		-84.525 		7.164
v 262.915 		-77.45 		0.048
v 203.946 		-84.503 		7.164
v 204.013 		-84.472 		7.164
v 204.133 		-84.385 		7.165
v 204.225 		-84.269 		7.165
v 263.1657 		-77.1342 		1.1057
v 263.152 		-77.12 		1.106
v 203.674 		-84.533 		7.163
v 203.647 		-84.528 		7.164
v 203.647 		-84.528 		7.163
v 203.728 		-84.538 		7.164
v 270.996 		-80.099 		3.61
v 271.109 		-80.093 		3.61
v 203.303 		-84.522 		7.163
v 271.451 		-80.032 		3.61
v 271.903 		-79.873 		0.043
v 271.565 		-79.996 		0.043
v 271.223 		-80.069 		0.043
v 270.996 		-80.091 		0.043
v 271.903 		-79.873 		0.0435
v 271.903 		-79.873 		0.0435
v 203.701 		-84.536 		7.163
v 271.903 		-79.873 		0.0435
v 203.728 		-84.538 		7.163
v 271.903 		-79.873 		0.0435
v 271.903 		-79.873 		0.0435
v 271.903 		-79.873 		0.0435
v 270.884 		-80.084 		0.043
v 203.288 		-85.372 		7.162
v 203.713 		-85.379 		7.162
v 270.059 		-74.276 		7.19
v 269.063 		-83.387 		0.035
v 270.131 		-83.843 		0.034
v 204.143 		-84.371 		4.786
v 268.37 		-82.648 		0.037
v 269.78 		-83.752 		0.035
v 202.303 		-84.505 		7.163
v 202.728 		-84.512 		7.163
v 201.728 		-84.495 		7.163
v 267.175 		-83.444 		3.602
v 268.179 		-82.622 		3.604
v 267.222 		-83.292 		3.603
v 269.215 		-74.647 		7.189
v 269.505 		-74.469 		7.189
v 268.497 		-75.361 		7.187
v 268.426 		-75.402 		7.187
v 268.288 		-75.376 		7.187
v 268.324 		-75.394 		6.295
v 267.359 		-74.669 		7.189
v 266.338 		-75.758 		7.1862
v 267.854 		-75.016 		7.188
v 267.345 		-74.493 		7.189
v 267.33 		-74.53 		6.297
v 267.371 		-74.684 		6.297
v 267.325 		-74.571 		6.297
v 267.359 		-74.665 		5.405
v 266.338 		-75.758 		5.015
v 269.405 		-76.938 		7.184
v 269.434 		-76.841 		7.184
v 269.497 		-76.788 		7.184
v 269.654 		-77.683 		7.182
v 269.482 		-77.168 		7.183
v 269.405 		-76.935 		5.4
v 269.434 		-76.837 		5.4
v 269.424 		-76.853 		4.508
v 266.995 		-77.612 		5.015
v 266.9353 		-77.5123 		5.015
v 267.115 		-77.8113 		5.015
v 266.7894 		-77.3317 		5.015
v 266.716 		-77.2417 		5.015
v 266.631 		-77.1623 		5.015
v 266.461 		-77.0043 		5.015
v 266.2704 		-76.871 		5.015
v 266.4835 		-75.8297 		7.1861
v 266.6668 		-75.92 		7.1861
v 268.1244 		-77.429 		7.1829
v 266.75 		-75.961 		7.186
v 266.8849 		-76.0509 		7.1857
v 267.3908 		-76.4432 		7.1847
v 267.4292 		-76.4769 		7.1847
v 267.9151 		-77.0673 		7.1834
v 267.9407 		-77.1057 		7.1835
v 267.778 		-76.862 		7.1839
v 267.476 		-76.518 		7.1846
v 268.0399 		-77.258 		7.1829
v 268.252 		-77.7022 		7.1819
v 268.236 		-77.655 		7.182
v 268.1725 		-77.5265 		7.1824
v 268.033 		-77.244 		7.1829
v 267.2411 		-76.3117 		7.1847
v 267.131 		-76.215 		7.185
v 267.0525 		-76.1627 		7.1851
v 268.236 		-77.655 		5.015
v 268.033 		-77.244 		5.015
v 267.778 		-76.862 		5.015
v 267.476 		-76.518 		5.015
v 267.131 		-76.215 		5.015
v 266.75 		-75.961 		5.015
v 268.324 		-75.386 		2.728
v 268.464 		-75.377 		2.728
v 269.609 		-74.412 		3.622
v 269.304 		-74.571 		3.622
v 268.426 		-75.393 		2.728
v 270.298 		-74.221 		3.622
v 269.944 		-74.3 		3.622
v 269.215 		-74.632 		0.054
v 269.609 		-74.404 		0.055
v 270.06 		-74.26 		0.055
v 268.426 		-75.387 		0.052
v 268.288 		-75.361 		0.052
v 268.497 		-75.346 		0.053
v 268.305 		-75.377 		1.836
v 268.415 		-75.39 		1.836
v 267.355 		-74.652 		3.844
v 201.303 		-84.487 		7.163
v 200.728 		-84.477 		7.163
v 267.372 		-74.675 		2.283
v 267.854 		-75.001 		0.053
v 201.288 		-85.337 		7.162
v 201.713 		-85.344 		7.162
v 267.345 		-74.478 		0.054
v 267.339 		-74.618 		0.054
v 200.713 		-85.327 		7.162
v 202.713 		-85.362 		7.162
v 202.288 		-85.354 		7.162
v 267.388 		-74.683 		0.054
v 267.328 		-74.58 		0.946
v 269.405 		-76.929 		2.725
v 269.462 		-76.801 		2.725
v 269.406 		-76.952 		3.616
v 204.552 		-83.753 		0.031
v 269.497 		-76.773 		0.05
v 269.405 		-76.923 		0.049
v 269.548 		-77.322 		0.048
v 269.424 		-76.844 		0.049
v 269.406 		-76.946 		0.941
v 269.406 		-76.948 		1.833
v 266.572 		-77.131 		0.682
v 266.305 		-76.914 		0.682
v 266.305 		-76.913 		0.049
v 266.572 		-77.13 		0.049
v 203.782 		-84.53 		3.597
v 204.143 		-84.366 		2.408
v 204.037 		-84.449 		2.408
v 203.914 		-84.504 		2.408
v 204.225 		-84.254 		0.03
v 204.064 		-84.426 		0.03
v 203.728 		-84.523 		0.03
v 203.303 		-84.507 		0.03
v 203.734 		-84.165 		0.03
v 203.734 		-84.165 		0.029
v 203.309 		-84.157 		0.03
v 203.309 		-84.157 		0.029
v 203.713 		-85.364 		0.027
v 203.288 		-85.356 		0.027
# 1236 vertices

g group_7_6383466

usemtl color_6383466
s 0

f 8068 	8079 	8067
f 8069 	8066 	8070
f 8066 	8078 	8070
f 8069 	8070 	8071
f 8072 	8069 	8071
f 8069 	8076 	8067
f 8072 	8073 	8069
f 8074 	8075 	8069
f 8075 	8968 	8069
f 8076 	8069 	8965
f 8966 	8965 	8069
f 8069 	8964 	8966
f 8073 	8074 	8069
f 8070 	8078 	8071
f 8076 	8077 	8068
f 8067 	8076 	8068
f 8969 	8968 	8075
f 8075 	8078 	8969
f 8074 	8078 	8075
f 8072 	8078 	8073
f 8071 	8078 	8072
f 8074 	8073 	8078
f 8080 	8069 	8067
f 8079 	8080 	8067
f 8311 	8078 	8066
f 8081 	8083 	8084
f 8082 	8085 	8281
f 8087 	8088 	8081
f 8090 	8247 	8252
f 8087 	8081 	8090
f 8096 	8094 	8095
f 8096 	8097 	8094
f 8098 	8099 	8094
f 8098 	8094 	8097
f 8224 	8101 	8225
f 8102 	8104 	8105
f 8102 	8848 	8104
f 8102 	8105 	8534
f 8106 	8105 	8104
f 8108 	8110 	8111
f 9153 	8109 	8112
f 8121 	8112 	8118
f 8121 	8119 	8112
f 8111 	8110 	8112
f 9152 	9153 	8110
f 8113 	8111 	8112
f 8112 	8110 	9153
f 8203 	8107 	8231
f 8116 	8117 	8107
f 8113 	8107 	8108
f 8113 	8112 	8119
f 8118 	8531 	8120
f 8116 	8107 	8119
f 8120 	8121 	8118
f 8120 	8115 	8121
f 8114 	8121 	8115
f 8117 	8116 	8121
f 8116 	8119 	8121
f 8231 	8117 	8121
f 8128 	8127 	8123
f 8133 	8128 	8124
f 8123 	8124 	8128
f 8122 	8145 	8123
f 8126 	8122 	8127
f 8122 	8123 	8127
f 8130 	8129 	8159
f 8159 	8160 	8130
f 8132 	8143 	8130
f 8133 	8132 	8160
f 8133 	8160 	8128
f 8129 	8134 	8159
f 8159 	8134 	8135
f 8365 	8135 	8143
f 8129 	8143 	8134
f 8129 	8130 	8143
f 8145 	8133 	8124
f 8124 	8123 	8145
f 8126 	8145 	8122
f 8133 	8144 	8132
f 8127 	8136 	8126
f 8137 	8138 	8127
f 8141 	8137 	8127
f 8136 	8146 	8126
f 8137 	8139 	8138
f 9207 	8140 	8136
f 8125 	8140 	9207
f 8138 	8525 	8127
f 8141 	8127 	8128
f 8138 	8139 	8142
f 8137 	8142 	8139
f 8141 	8142 	8137
f 8128 	8131 	8141
f 8134 	8143 	8135
f 8143 	8132 	8144
f 8144 	8133 	8145
f 8145 	8126 	8146
f 8140 	8146 	8136
f 8125 	8146 	8140
f 8145 	8146 	8156
f 8154 	8156 	8146
f 8394 	8365 	8147
f 8149 	8147 	8365
f 8365 	8143 	8149
f 8148 	8149 	8143
f 8152 	8148 	8143
f 8143 	8144 	8152
f 8151 	8150 	8144
f 8150 	8152 	8144
f 8146 	9239 	8155
f 8155 	8154 	8146
f 8153 	8151 	8145
f 8135 	8164 	8159
f 8132 	8130 	8160
f 8160 	8161 	8128
f 8162 	8375 	8158
f 8163 	8162 	8158
f 8163 	8158 	8164
f 8159 	8164 	8158
f 8394 	8162 	8365
f 8164 	8365 	8163
f 8161 	8131 	8128
f 8357 	8160 	8159
f 8365 	8164 	8135
f 8158 	8375 	8167
f 8167 	8382 	8166
f 8165 	9091 	9102
f 8561 	8091 	8495
f 8170 	9078 	8595
f 9078 	9076 	8595
f 8561 	8620 	8091
f 8106 	8534 	8105
f 8177 	8201 	8175
f 8178 	8177 	8175
f 8175 	8201 	8200
f 8177 	8178 	8179
f 8168 	8170 	9125
f 8595 	9125 	8170
f 8090 	8081 	8084
f 8182 	8325 	8181
f 8183 	8185 	8325
f 8185 	8181 	8325
f 8184 	8183 	8325
f 8189 	8190 	8188
f 8191 	8192 	8188
f 8190 	8191 	8188
f 8186 	8189 	9177
f 8193 	8081 	8088
f 8193 	9086 	8083
f 8187 	8325 	8194
f 8193 	8083 	8081
f 8221 	8100 	8180
f 8195 	8194 	8325
f 8537 	8239 	8180
f 8197 	8325 	8198
f 8196 	8325 	8197
f 8332 	8333 	8198
f 8530 	9063 	8115
f 8555 	8537 	8180
f 8204 	8205 	8206
f 8174 	8180 	8202
f 8207 	8204 	8206
f 8202 	8175 	8174
f 8208 	8204 	8207
f 8205 	8204 	8230
f 8175 	8202 	8178
f 8205 	8203 	8206
f 8211 	8174 	8210
f 8209 	8210 	8174
f 8221 	8212 	8100
f 8219 	8180 	8218
f 8174 	8218 	8180
f 8221 	8180 	8220
f 8219 	8220 	8180
f 8219 	8218 	8299
f 8221 	8268 	8212
f 8220 	8268 	8221
f 8218 	8174 	8222
f 8211 	8222 	8174
f 8224 	8223 	8101
f 8100 	8225 	8101
f 8100 	8227 	8228
f 8212 	8227 	8100
f 8210 	8209 	8297
f 8172 	8176 	8226
f 8222 	8299 	8218
f 8299 	8222 	8211
f 8299 	8211 	8297
f 8210 	8297 	8211
f 8268 	8290 	8212
f 8225 	8100 	8228
f 8299 	8268 	8219
f 8220 	8219 	8268
f 8227 	8212 	8290
f 8208 	8229 	8204
f 9203 	9196 	8289
f 8289 	8223 	8224
f 8289 	8224 	8225
f 8289 	8225 	8290
f 8227 	8290 	8228
f 8228 	8290 	8225
f 9140 	8205 	9144
f 8213 	8205 	8230
f 8230 	8204 	8229
f 8103 	8102 	8534
f 8114 	8115 	9063
f 8103 	8534 	8101
f 8114 	9063 	8231
f 8117 	8231 	8107
f 8226 	8176 	8282
f 8201 	8234 	8232
f 8177 	8179 	8201
f 8178 	8202 	8237
f 8237 	8239 	8234
f 8234 	8201 	8179
f 8237 	8234 	8178
f 8234 	8179 	8178
f 8231 	8121 	8114
f 9063 	9064 	8203
f 9064 	8206 	8203
f 8538 	8232 	8239
f 8232 	8234 	8239
f 8239 	8537 	8538
f 8237 	8180 	8239
f 8207 	9067 	8254
f 8237 	8202 	8180
f 8206 	9066 	8207
f 8243 	8241 	8240
f 8243 	8240 	8242
f 8260 	8245 	8244
f 8090 	8252 	8087
f 9147 	8247 	8090
f 8238 	8240 	8241
f 8091 	8994 	8090
f 8243 	8242 	8235
f 8245 	8236 	8244
f 8235 	8236 	8243
f 9298 	8238 	8241
f 8245 	8243 	8236
f 8271 	8249 	8250
f 8248 	8089 	8193
f 8247 	8248 	8193
f 8247 	8193 	8252
f 8207 	9069 	9067
f 8252 	8193 	8088
f 8252 	8088 	8087
f 8208 	8207 	8254
f 8258 	8255 	8256
f 8255 	8258 	8259
f 8259 	8262 	8255
f 8260 	8244 	8261
f 8261 	8244 	8296
f 8283 	8079 	8068
f 8283 	8077 	8280
f 8283 	8068 	8077
f 8256 	8254 	8258
f 8253 	8251 	8260
f 8256 	8208 	8254
f 8290 	8268 	8267
f 9142 	8249 	8271
f 8723 	8260 	8263
f 8236 	8296 	8244
f 8260 	8261 	8253
f 8246 	8250 	8249
f 8233 	8250 	8246
f 8263 	8722 	8723
f 8251 	8257 	8263
f 8276 	8277 	8274
f 8280 	8276 	8283
f 8280 	8277 	8276
f 8273 	8276 	8274
f 8079 	8283 	8276
f 8278 	8279 	8807
f 8089 	8275 	8086
f 8089 	8248 	8275
f 8275 	8085 	8086
f 8274 	8281 	8273
f 8275 	8273 	8281
f 8264 	8274 	8277
f 8275 	8281 	8085
f 8281 	8274 	8264
f 8340 	9012 	8275
f 8176 	9186 	8279
f 8282 	8176 	8279
f 8080 	8275 	9021
f 8213 	8230 	8275
f 9013 	9021 	8275
f 9188 	8226 	8278
f 8275 	8080 	8273
f 8080 	8079 	8276
f 8285 	8226 	8282
f 8276 	8273 	8080
f 8284 	8278 	8285
f 8284 	8285 	8282
f 8278 	8226 	8285
f 8282 	8278 	8284
f 8082 	8281 	8264
f 8278 	8282 	8279
f 8280 	8076 	8264
f 8280 	8077 	8076
f 8277 	8280 	8264
f 8279 	8286 	8936
f 8290 	8267 	8289
f 8201 	8232 	8200
f 8263 	8260 	8251
f 8238 	8292 	8240
f 9128 	8293 	8288
f 8293 	8295 	8288
f 8242 	8294 	8235
f 8294 	8242 	8292
f 8240 	8292 	8242
f 8165 	9102 	8308
f 8267 	8297 	8265
f 8251 	8298 	8257
f 8297 	8267 	8299
f 8268 	8299 	8267
f 8261 	8301 	8253
f 8300 	8302 	9083
f 8261 	8296 	8301
f 8305 	8303 	8304
f 8209 	8174 	8305
f 8303 	8305 	8174
f 8494 	8200 	8851
f 8383 	8166 	8381
f 8174 	8175 	8303
f 8858 	8308 	8832
f 9020 	9018 	8069
f 8080 	9022 	8069
f 9020 	8069 	9022
f 8286 	8329 	8328
f 9021 	9022 	8080
f 8286 	8328 	8287
f 8295 	8293 	8312
f 8295 	8312 	8313
f 8066 	8069 	9018
f 8315 	8313 	8312
f 8315 	8312 	8316
f 8316 	8312 	8317
f 8293 	8317 	8312
f 8293 	9128 	8317
f 8313 	8315 	8318
f 8313 	8318 	8295
f 8318 	8288 	8295
f 8315 	8316 	8317
f 8315 	8317 	8318
f 8320 	8321 	8322
f 8320 	8322 	8356
f 8323 	8322 	8321
f 8323 	8321 	8324
f 8314 	8323 	8324
f 8319 	8314 	8324
f 8319 	8324 	8321
f 8319 	8321 	8320
f 8287 	9128 	8288
f 8187 	8184 	8325
f 9061 	9060 	8325
f 8310 	8326 	8311
f 8078 	8326 	8325
f 8078 	8311 	8326
f 8318 	8317 	8288
f 8322 	8323 	8327
f 8322 	8327 	8356
f 8196 	8195 	8325
f 8314 	8327 	8323
f 9070 	8199 	8589
f 8325 	8330 	8198
f 8330 	8331 	8198
f 8332 	8198 	8331
f 8334 	8796 	8589
f 8291 	8335 	8288
f 8348 	8345 	8327
f 8339 	8335 	8291
f 8337 	8339 	8291
f 8229 	8340 	8275
f 9133 	8335 	8339
f 8336 	8346 	9269
f 8340 	9028 	9011
f 8327 	8347 	8348
f 8340 	8963 	8349
f 8331 	8330 	8349
f 8314 	8319 	8350
f 8340 	8270 	8269
f 8422 	8348 	8347
f 8396 	8336 	8345
f 8166 	8165 	8351
f 8167 	8166 	8358
f 8166 	8351 	8358
f 8355 	8775 	8351
f 8351 	8165 	8355
f 8159 	8364 	8357
f 8356 	8360 	8320
f 8160 	8357 	8362
f 9155 	8356 	8336
f 8359 	8354 	8353
f 8360 	8352 	8350
f 8360 	8350 	8319
f 8319 	8320 	8360
f 8345 	8336 	8356
f 8356 	8327 	8345
f 8425 	8360 	8426
f 8359 	8353 	8361
f 8361 	8360 	8356
f 8159 	8720 	8364
f 8359 	8361 	8356
f 8361 	8353 	8426
f 8356 	9155 	8306
f 8362 	8357 	8364
f 8156 	8153 	8145
f 8169 	8168 	9125
f 9125 	9126 	8169
f 8390 	8391 	8368
f 8367 	8366 	8390
f 8372 	8371 	8392
f 8371 	8370 	8392
f 8369 	8391 	8370
f 8392 	8393 	8372
f 8376 	8167 	8375
f 8379 	8167 	8376
f 8381 	8166 	8380
f 8380 	8166 	8382
f 8383 	8392 	8384
f 8307 	8378 	8306
f 8393 	8392 	8381
f 8380 	8393 	8381
f 8307 	8363 	8378
f 8393 	8380 	8382
f 8307 	8309 	8363
f 8386 	9106 	8385
f 8384 	8385 	9106
f 8377 	8306 	8378
f 8388 	9114 	8387
f 8389 	8387 	9106
f 8395 	8346 	8336
f 8345 	8348 	8396
f 8387 	8390 	8388
f 8406 	8350 	8421
f 8389 	9106 	8386
f 8350 	8439 	8421
f 8389 	8386 	8390
f 8391 	8390 	8386
f 8385 	8391 	8386
f 8385 	8384 	8391
f 8336 	8396 	8395
f 8379 	8382 	8167
f 8391 	8384 	8392
f 8406 	8411 	8327
f 8383 	8381 	8392
f 8394 	8393 	8379
f 8376 	8394 	8379
f 8375 	8394 	8376
f 8350 	8352 	8439
f 8387 	8389 	8390
f 8382 	8379 	8393
f 8163 	8365 	8162
f 8162 	8394 	8375
f 8353 	8441 	8440
f 8353 	8354 	8441
f 8392 	8370 	8391
f 8394 	8373 	8393
f 8144 	8145 	8151
f 8373 	8372 	8393
f 8147 	8374 	8394
f 8373 	8394 	8374
f 8266 	8208 	8256
f 8419 	8346 	8395
f 8208 	8266 	8229
f 8255 	8270 	8256
f 8266 	8256 	8270
f 8255 	8262 	8269
f 8431 	8399 	8398
f 8419 	8400 	8298
f 8400 	8403 	8257
f 8263 	8257 	8403
f 8257 	8298 	8400
f 8397 	8398 	8216
f 8216 	8215 	8397
f 8398 	8399 	8217
f 9044 	9042 	8399
f 8404 	8401 	8414
f 8402 	8215 	8214
f 8402 	8397 	8215
f 8722 	8263 	8403
f 8398 	8217 	8216
f 8396 	8401 	8404
f 8403 	8400 	8395
f 8400 	8419 	8395
f 8396 	8404 	8395
f 8403 	8395 	8404
f 8314 	8350 	8406
f 8327 	8411 	8347
f 8314 	8406 	8327
f 8214 	8407 	8402
f 8401 	8420 	8413
f 8401 	8413 	8414
f 8406 	8412 	8415
f 8406 	8415 	8414
f 8422 	8411 	8413
f 8411 	8414 	8413
f 8415 	8363 	8414
f 8378 	8363 	8415
f 8406 	8414 	8411
f 8396 	8420 	8401
f 8420 	8396 	8348
f 8406 	8421 	8412
f 8411 	8422 	8347
f 8348 	8422 	8420
f 8214 	8418 	8407
f 8422 	8413 	8420
f 8435 	8354 	8359
f 8405 	8424 	8423
f 8436 	8435 	8359
f 8409 	8424 	8405
f 8408 	8424 	8409
f 8416 	8424 	8408
f 8417 	8416 	8408
f 8352 	8360 	8425
f 8352 	8425 	8439
f 8428 	8439 	8425
f 8703 	8405 	8423
f 8353 	8440 	8426
f 8417 	8408 	8410
f 8418 	8417 	8410
f 8410 	8407 	8418
f 8361 	8426 	8360
f 8430 	8428 	8425
f 8429 	8431 	8397
f 8398 	8397 	8431
f 8428 	8415 	8412
f 8430 	8415 	8428
f 8421 	8439 	8412
f 8429 	8397 	8402
f 8402 	8407 	8427
f 8402 	8427 	8429
f 8430 	8425 	8426
f 8378 	8415 	8430
f 8426 	8432 	8433
f 8433 	8377 	8378
f 8430 	8426 	8433
f 8430 	8433 	8378
f 8441 	8437 	8440
f 8437 	8435 	8438
f 8438 	8435 	8436
f 8356 	8436 	8359
f 8438 	8433 	8437
f 8432 	8437 	8433
f 8436 	8377 	8438
f 8438 	8377 	8433
f 8436 	8306 	8377
f 8356 	8306 	8436
f 8428 	8412 	8439
f 8426 	8440 	8432
f 8435 	8441 	8354
f 8437 	8441 	8435
f 8418 	8443 	8442
f 8432 	8440 	8437
f 8215 	8444 	8214
f 8445 	8446 	8447
f 8451 	9015 	8450
f 8443 	8214 	8444
f 8215 	8216 	8452
f 8453 	8454 	8455
f 8216 	8217 	8452
f 8455 	8454 	8456
f 8455 	8456 	8457
f 8459 	8473 	8458
f 8444 	8215 	8452
f 8217 	9035 	8452
f 8462 	8460 	8461
f 8463 	8464 	8461
f 8462 	8461 	8464
f 9024 	8476 	8466
f 8465 	8466 	8467
f 8465 	8467 	8468
f 8469 	8475 	8459
f 8459 	8465 	8469
f 8468 	8469 	8465
f 8465 	8459 	8466
f 8458 	8466 	8459
f 8464 	8470 	8462
f 8457 	8456 	8470
f 8462 	8470 	8456
f 8418 	8214 	8443
f 8454 	8460 	8462
f 8454 	8462 	8456
f 8454 	8453 	8471
f 8454 	8471 	8461
f 8454 	8461 	8460
f 8461 	8471 	8463
f 8450 	8453 	8455
f 8450 	8455 	8457
f 8468 	8451 	8457
f 8450 	8457 	8451
f 8472 	8464 	8449
f 8464 	8463 	8449
f 8450 	8449 	8463
f 8443 	8427 	8442
f 8469 	8470 	8472
f 8467 	8451 	8468
f 8468 	8457 	8469
f 8470 	8469 	8457
f 8464 	8472 	8470
f 8453 	8450 	8471
f 8463 	8471 	8450
f 8474 	8458 	8473
f 9033 	8458 	8474
f 8444 	8429 	8443
f 8467 	8466 	8476
f 8473 	8459 	8475
f 8474 	8473 	8448
f 8473 	8472 	8448
f 8449 	8448 	8472
f 8431 	8429 	8444
f 8469 	8472 	8475
f 8473 	8475 	8472
f 8444 	8452 	8431
f 8476 	8451 	8467
f 8474 	8477 	9033
f 8443 	8429 	8427
f 8478 	8476 	9024
f 8442 	8427 	8434
f 9033 	9024 	8458
f 9045 	9046 	8448
f 8431 	8452 	9047
f 8476 	8478 	8451
f 9018 	9019 	8450
f 8483 	8405 	8484
f 8487 	8486 	8481
f 8427 	8407 	8434
f 8488 	8434 	8408
f 8408 	8409 	8488
f 8434 	8407 	8410
f 8482 	8487 	8481
f 8410 	8408 	8434
f 8485 	8487 	8482
f 8485 	8479 	8487
f 8483 	8409 	8405
f 8483 	8488 	8409
f 8490 	8491 	8847
f 8491 	8481 	8486
f 8486 	8847 	8491
f 8270 	8255 	8269
f 8175 	8200 	8494
f 8254 	9058 	8258
f 8175 	8494 	8303
f 9059 	8258 	9058
f 9059 	9060 	8258
f 8304 	8499 	8297
f 8495 	8302 	8496
f 9061 	9062 	8259
f 8496 	8497 	8495
f 9068 	8254 	9067
f 8303 	8498 	8304
f 8498 	8303 	8500
f 9058 	8254 	9068
f 8499 	8498 	8497
f 8495 	8497 	8498
f 8340 	8229 	8266
f 8496 	8302 	8297
f 8499 	8304 	8498
f 8500 	8494 	8562
f 8500 	8303 	8494
f 8498 	8561 	8495
f 8300 	9084 	8297
f 8302 	8300 	8297
f 8666 	9076 	9078
f 8265 	8297 	8078
f 8305 	8304 	8297
f 8209 	8305 	8297
f 8499 	8497 	8297
f 8497 	8496 	8297
f 8894 	8896 	8340
f 8270 	8340 	8266
f 8229 	8275 	8230
f 8502 	8501 	9244
f 8325 	8326 	8340
f 8503 	8502 	9203
f 9244 	9203 	8502
f 8340 	8330 	8325
f 8340 	8349 	8330
f 8508 	8506 	8505
f 8333 	8332 	8338
f 8326 	9023 	8340
f 8508 	8267 	8506
f 9203 	8289 	8503
f 8332 	8331 	8349
f 8506 	8265 	8507
f 8349 	8338 	8332
f 8508 	8505 	8267
f 8333 	8338 	8334
f 8509 	8507 	8265
f 8504 	8503 	8289
f 8311 	9014 	8310
f 8510 	8509 	8265
f 9018 	9015 	8066
f 8326 	8310 	9023
f 9016 	9023 	8310
f 8510 	8265 	8511
f 8265 	8506 	8267
f 8078 	8521 	8265
f 8513 	8265 	8512
f 8511 	8265 	8513
f 8515 	8626 	8517
f 8517 	8518 	8515
f 8138 	8539 	8525
f 8512 	8265 	8521
f 8519 	8521 	8078
f 8520 	8519 	8078
f 8522 	8520 	8078
f 8525 	8552 	9280
f 8524 	8523 	8078
f 8528 	8526 	8078
f 8526 	8524 	8078
f 8523 	8522 	8078
f 8527 	8528 	8078
f 9066 	9065 	8078
f 8078 	8530 	8531
f 8531 	8527 	8078
f 8532 	8544 	8540
f 8532 	8529 	8544
f 8533 	8554 	8525
f 8535 	8538 	8536
f 8535 	8232 	8538
f 8536 	8538 	8537
f 8141 	8532 	8540
f 8537 	8558 	8536
f 8545 	8100 	8101
f 8525 	8539 	8533
f 8200 	8232 	8535
f 8558 	8537 	8555
f 8539 	8540 	8544
f 8138 	8142 	8539
f 8540 	8539 	8142
f 9267 	8541 	8542
f 8539 	8529 	8533
f 8142 	8141 	8540
f 8141 	8131 	8532
f 8529 	8539 	8544
f 8106 	8104 	8542
f 8756 	8529 	8532
f 8545 	8541 	8543
f 8147 	8149 	8706
f 8675 	8706 	8149
f 8148 	8675 	8149
f 8543 	8556 	8100
f 8543 	8100 	8545
f 8668 	8155 	8157
f 8534 	8545 	8101
f 8541 	8545 	8534
f 8534 	8542 	8541
f 8542 	8534 	8106
f 8548 	8547 	8549
f 8548 	8549 	8546
f 8550 	8551 	8557
f 8557 	8553 	8550
f 8549 	8547 	8554
f 8180 	8556 	8555
f 8100 	8556 	8180
f 8557 	8558 	8553
f 8558 	8557 	8536
f 8535 	8536 	8557
f 8442 	8416 	8417
f 8551 	8535 	8557
f 8442 	8493 	8416
f 8551 	8200 	8535
f 8442 	8434 	8493
f 8553 	8558 	8555
f 8555 	8556 	8740
f 8559 	8492 	8423
f 8543 	8735 	8556
f 8493 	8559 	8424
f 8424 	8416 	8493
f 8417 	8418 	8442
f 8423 	8424 	8559
f 8561 	8562 	8560
f 8561 	8498 	8500
f 8561 	8500 	8562
f 8343 	8344 	8563
f 8186 	8819 	8189
f 8566 	8564 	8567
f 8567 	8564 	8565
f 8571 	8568 	8570
f 8569 	8570 	8568
f 8701 	8492 	8573
f 8568 	8565 	8572
f 8568 	8572 	8569
f 8565 	8568 	8567
f 8567 	8563 	8566
f 8344 	8566 	8563
f 8483 	8484 	8559
f 8570 	8590 	8571
f 8570 	8569 	8590
f 8564 	8593 	8565
f 8493 	8488 	8559
f 8343 	8594 	8344
f 8572 	8592 	8569
f 8342 	8574 	8563
f 8483 	8559 	8488
f 8563 	8574 	8343
f 8480 	8573 	8492
f 8434 	8488 	8493
f 8559 	8484 	8492
f 8484 	8480 	8492
f 8574 	8342 	8575
f 8576 	8575 	8342
f 8573 	8582 	8699
f 8573 	8480 	8582
f 8579 	8583 	8585
f 8580 	8583 	8579
f 8585 	8695 	8579
f 8702 	8583 	8584
f 8588 	8342 	8587
f 8590 	8569 	8592
f 8593 	8592 	8565
f 8572 	8565 	8592
f 8564 	8566 	8593
f 8566 	8344 	8593
f 8594 	8343 	8574
f 8575 	8594 	8574
f 8594 	8575 	8595
f 8576 	8595 	8575
f 9108 	9125 	8577
f 8576 	8577 	8595
f 8342 	8588 	8586
f 8586 	8341 	8342
f 8586 	8588 	8587
f 8342 	8563 	8587
f 8804 	8568 	8581
f 8591 	8589 	8590
f 8589 	8799 	8590
f 8593 	8344 	8594
f 8593 	8591 	8592
f 8594 	8591 	8593
f 8590 	8592 	8591
f 8595 	8591 	8594
f 8598 	8590 	8599
f 8599 	8590 	8600
f 8597 	8590 	8598
f 8596 	8590 	8597
f 8571 	8602 	8568
f 8601 	8590 	8596
f 8603 	8590 	8601
f 8602 	8590 	8603
f 8571 	8590 	8602
f 8799 	8627 	8590
f 8604 	8568 	8603
f 8568 	8602 	8603
f 8607 	8604 	8601
f 8610 	8581 	8604
f 8610 	8604 	8605
f 8604 	8581 	8568
f 8596 	8597 	8608
f 8598 	8608 	8597
f 8598 	8599 	8608
f 8608 	8607 	8596
f 8607 	8601 	8596
f 8777 	8604 	8607
f 8606 	8777 	8607
f 8780 	8777 	8606
f 8611 	8606 	8607
f 8603 	8601 	8604
f 8608 	8609 	8607
f 8611 	8612 	8613
f 8931 	8606 	8611
f 8611 	8609 	8614
f 8611 	8613 	8916
f 8611 	8607 	8609
f 8612 	8611 	8614
f 8606 	8931 	8930
f 9072 	9071 	8589
f 8615 	8938 	8616
f 8582 	8480 	8584
f 8620 	8560 	8632
f 8561 	8560 	8620
f 8518 	8622 	8515
f 8622 	8518 	8621
f 8627 	8799 	8516
f 8599 	8600 	8514
f 8516 	8517 	8626
f 8623 	8624 	8550
f 8624 	8551 	8550
f 8623 	8550 	8553
f 8626 	8627 	8516
f 8494 	8624 	8562
f 8621 	8518 	8799
f 8517 	8799 	8518
f 8600 	8627 	8514
f 8171 	8551 	8624
f 8626 	8514 	8627
f 8625 	8628 	8623
f 8612 	8614 	8514
f 8091 	8625 	8908
f 8626 	8515 	8635
f 8950 	8624 	8494
f 8625 	8091 	8628
f 8516 	8799 	8517
f 8600 	8590 	8627
f 8628 	8091 	8631
f 8599 	8514 	8608
f 8629 	8642 	8630
f 8632 	8631 	8620
f 8608 	8514 	8609
f 8633 	8623 	8628
f 8622 	8621 	8629
f 8632 	8560 	8633
f 8633 	8560 	8562
f 8633 	8628 	8632
f 8628 	8631 	8632
f 8624 	8633 	8562
f 8514 	8614 	8609
f 8623 	8633 	8624
f 8908 	8994 	8091
f 8635 	8515 	8634
f 8631 	8091 	8620
f 8634 	8515 	8622
f 8502 	8503 	8638
f 8638 	8641 	8502
f 8504 	8638 	8503
f 8505 	8640 	8504
f 8919 	8612 	8514
f 8507 	8640 	8506
f 8509 	8733 	8507
f 8733 	8509 	8510
f 8626 	8635 	8888
f 8638 	8636 	8637
f 8797 	8589 	8796
f 8638 	8640 	8636
f 8639 	8636 	8640
f 8334 	8589 	8199
f 8638 	8637 	8641
f 8643 	8642 	8629
f 8093 	8641 	9285
f 8644 	8630 	8642
f 8643 	8799 	8642
f 8646 	8647 	8630
f 8648 	8649 	8650
f 8651 	8648 	8650
f 8651 	8650 	8655
f 8654 	8655 	8650
f 8647 	8657 	8658
f 8630 	8647 	8658
f 8657 	8654 	8650
f 8657 	8650 	8658
f 8659 	8653 	8656
f 8652 	8656 	8653
f 8656 	8652 	8661
f 8660 	8661 	8652
f 9078 	8170 	8659
f 8168 	8169 	8653
f 8170 	8168 	8659
f 8653 	8659 	8168
f 8657 	8799 	8654
f 8647 	8799 	8657
f 8646 	8799 	8647
f 8630 	8644 	8646
f 8653 	8169 	8366
f 8645 	8637 	8664
f 8637 	8636 	8664
f 8552 	8554 	8547
f 8674 	8552 	8547
f 8546 	8151 	8153
f 8156 	8548 	8153
f 8546 	8153 	8548
f 8663 	8664 	8639
f 8636 	8639 	8664
f 8155 	8668 	8154
f 8732 	8663 	8639
f 8154 	8548 	8156
f 8501 	8502 	8641
f 8525 	8554 	8552
f 8638 	8504 	8640
f 8505 	8506 	8640
f 8667 	8662 	8666
f 8668 	8665 	8547
f 8666 	8659 	8667
f 8656 	8667 	8659
f 8665 	8095 	8094
f 8095 	8665 	8668
f 8671 	8674 	8665
f 8665 	8094 	8099
f 8099 	8671 	8665
f 8668 	8547 	8548
f 8552 	8674 	8672
f 8552 	8672 	8671
f 8681 	8662 	8670
f 8669 	8662 	8667
f 8669 	8670 	8662
f 8671 	8672 	8673
f 8661 	8669 	8656
f 8667 	8656 	8669
f 8547 	8665 	8674
f 8672 	8674 	8673
f 8674 	8671 	8673
f 8659 	8666 	9078
f 8548 	8154 	8668
f 8675 	8677 	8676
f 8278 	8669 	8661
f 8677 	8678 	8676
f 8687 	9071 	9072
f 9072 	9077 	8687
f 8686 	8662 	8681
f 8682 	8687 	8681
f 8680 	8687 	8682
f 8684 	8682 	8681
f 8680 	8682 	8679
f 8685 	8866 	8679
f 8679 	8682 	8685
f 8683 	8685 	8682
f 8682 	8684 	8683
f 8684 	8681 	8670
f 8686 	8666 	8662
f 8686 	8681 	8687
f 8687 	8680 	9071
f 8684 	8670 	8805
f 8694 	8181 	8185
f 8694 	8185 	8183
f 8865 	8195 	8196
f 8196 	8197 	8865
f 8862 	8688 	8690
f 8194 	8689 	8187
f 8860 	8183 	8184
f 8187 	8860 	8184
f 8262 	8259 	8691
f 8692 	8693 	8694
f 8691 	8694 	8693
f 8262 	8691 	8693
f 8580 	8582 	8583
f 8584 	8583 	8582
f 8578 	8579 	8695
f 8696 	8269 	8262
f 8573 	8699 	8700
f 8262 	8693 	8696
f 8692 	8697 	8693
f 8696 	8693 	8697
f 8697 	8861 	8862
f 8700 	8701 	8573
f 8697 	8692 	8861
f 8701 	8423 	8492
f 8181 	8694 	8691
f 8423 	8701 	8703
f 8691 	8182 	8181
f 8705 	8700 	8699
f 8700 	8703 	8701
f 8546 	8678 	8677
f 8480 	8703 	8704
f 8549 	8678 	8546
f 8484 	8703 	8480
f 8484 	8405 	8703
f 8676 	8707 	8675
f 8703 	8700 	8704
f 8706 	8675 	8707
f 8702 	8699 	8698
f 8705 	8699 	8702
f 8705 	8704 	8700
f 8702 	8711 	8583
f 8676 	8678 	8709
f 8704 	8705 	8480
f 8480 	8705 	8584
f 8584 	8705 	8702
f 8708 	8786 	8707
f 8529 	8710 	8533
f 8707 	8709 	8708
f 8533 	8710 	8554
f 8707 	8676 	8709
f 8710 	8709 	8678
f 8554 	8710 	8549
f 8678 	8549 	8710
f 8698 	8711 	8702
f 8152 	8677 	8148
f 8150 	8151 	8546
f 8677 	8150 	8546
f 8675 	8148 	8677
f 8698 	8580 	8714
f 8698 	8699 	8582
f 8150 	8677 	8152
f 8763 	8708 	8709
f 8763 	8709 	8710
f 8580 	8698 	8582
f 8711 	8698 	8714
f 8708 	8763 	8758
f 8714 	8712 	8711
f 8712 	8714 	8713
f 8730 	8718 	8717
f 8161 	8160 	8753
f 8712 	8713 	8718
f 8719 	8362 	8720
f 8722 	8725 	8716
f 8717 	8723 	8716
f 8507 	8733 	8640
f 8725 	8722 	8403
f 8245 	8723 	8721
f 8721 	9296 	9298
f 8543 	8541 	8664
f 8664 	8663 	8543
f 8513 	8738 	8511
f 8721 	8718 	8713
f 8725 	8414 	8363
f 8403 	8404 	8725
f 8727 	8729 	8724
f 8404 	8414 	8725
f 8309 	8715 	8725
f 8512 	8724 	8729
f 8363 	8309 	8725
f 8715 	8716 	8725
f 8722 	8716 	8723
f 8721 	8723 	8718
f 8717 	8718 	8723
f 8715 	8309 	9155
f 8738 	8513 	8729
f 8512 	8729 	8513
f 8585 	8583 	8711
f 8724 	8726 	8731
f 8724 	8731 	8727
f 8730 	8695 	8718
f 8726 	8985 	8731
f 8717 	8716 	8730
f 8585 	8711 	8712
f 8712 	8718 	8695
f 8585 	8712 	8695
f 8727 	8731 	8728
f 9151 	8730 	8716
f 8553 	8555 	8739
f 8640 	8733 	8639
f 8732 	8639 	8733
f 8734 	8732 	8733
f 8663 	8732 	8735
f 8510 	8734 	8733
f 8734 	8510 	8511
f 8511 	8738 	8734
f 8663 	8735 	8543
f 8738 	8736 	8734
f 8738 	8737 	8736
f 8732 	8734 	8736
f 8740 	8735 	8732
f 8736 	8740 	8732
f 8740 	8736 	8739
f 8739 	8736 	8737
f 8900 	8909 	8737
f 8556 	8735 	8740
f 8555 	8740 	8739
f 8637 	9285 	8641
f 8645 	9286 	8637
f 9285 	8637 	9286
f 8501 	8641 	9219
f 8093 	9219 	8641
f 8519 	8520 	8741
f 8724 	8512 	8521
f 8520 	8522 	8742
f 8522 	8523 	8743
f 8744 	8743 	8523
f 8523 	8524 	8744
f 9153 	9131 	9002
f 8524 	8526 	8745
f 8745 	8526 	8746
f 8526 	8528 	8746
f 8747 	8746 	8528
f 8746 	9153 	8745
f 8747 	9153 	8746
f 8527 	8531 	8749
f 8528 	8750 	8109
f 8527 	8750 	8528
f 8749 	8750 	8527
f 8642 	8799 	8644
f 8644 	8799 	8646
f 8643 	8751 	8799
f 8629 	8751 	8643
f 8621 	8751 	8629
f 8719 	8752 	8362
f 8362 	8364 	8720
f 8753 	8719 	8754
f 8753 	8752 	8719
f 8161 	8753 	8756
f 8753 	8160 	8362
f 8753 	8362 	8752
f 8761 	8762 	8490
f 8490 	8489 	8761
f 8486 	8487 	8757
f 8487 	8755 	8757
f 8529 	8756 	8760
f 8710 	8529 	8760
f 8764 	8491 	8762
f 8491 	8764 	8481
f 8760 	8763 	8710
f 8491 	8490 	8762
f 8489 	8759 	8761
f 8756 	9174 	8161
f 8766 	8753 	8754
f 8766 	8767 	8753
f 8766 	8754 	8768
f 8753 	8760 	8756
f 8760 	8753 	8767
f 8765 	8769 	8770
f 8760 	8767 	8766
f 8760 	8766 	8763
f 8763 	8766 	8768
f 8758 	8768 	8754
f 8158 	8758 	8159
f 8758 	8719 	8720
f 8758 	8720 	8159
f 8158 	8167 	8758
f 8758 	8754 	8719
f 8768 	8758 	8763
f 8774 	8770 	8844
f 8774 	8765 	8770
f 8481 	8844 	8770
f 8479 	8765 	8774
f 8844 	8771 	8774
f 8773 	9178 	8776
f 8308 	8773 	8776
f 8775 	8772 	8351
f 8358 	8351 	8772
f 8758 	8167 	8772
f 8165 	8308 	8776
f 8776 	8775 	8355
f 8167 	8358 	8772
f 8341 	8586 	8615
f 8586 	8795 	8615
f 8165 	8776 	8355
f 8783 	8787 	8372
f 8706 	8374 	8147
f 8604 	8777 	8605
f 8777 	8610 	8605
f 8706 	8781 	8783
f 8707 	8781 	8706
f 8801 	8780 	8606
f 8787 	8782 	8791
f 8783 	8781 	8782
f 8778 	8802 	8779
f 8779 	8802 	8803
f 8787 	8783 	8782
f 8778 	8780 	8802
f 8803 	8785 	8779
f 8784 	8782 	8786
f 8758 	8786 	8708
f 8781 	8786 	8782
f 8781 	8707 	8786
f 8783 	8372 	8373
f 8801 	8802 	8780
f 8783 	8373 	8374
f 8780 	8778 	8940
f 8772 	8784 	8786
f 8783 	8374 	8706
f 8758 	8772 	8786
f 8782 	8784 	8791
f 8792 	8787 	8791
f 8990 	8658 	8650
f 8795 	8586 	8793
f 8587 	8793 	8586
f 8655 	8799 	8651
f 8938 	8615 	8795
f 8794 	8793 	8587
f 8798 	8976 	8799
f 8976 	8651 	8799
f 8976 	8648 	8651
f 8798 	8589 	8797
f 8799 	8589 	8798
f 8751 	8621 	8799
f 8655 	8654 	8799
f 8790 	8789 	8800
f 8800 	8806 	8790
f 8803 	8800 	8789
f 8803 	8789 	8785
f 8895 	8683 	8684
f 8895 	8684 	8805
f 8278 	8805 	8669
f 8806 	8800 	9009
f 8279 	8936 	8938
f 8806 	9010 	8945
f 8807 	8279 	8938
f 8945 	8790 	8806
f 8670 	8669 	8805
f 9009 	9010 	8806
f 8805 	8278 	8807
f 8630 	8658 	8808
f 8635 	8809 	8888
f 8809 	8810 	8888
f 8635 	8634 	8809
f 8809 	8634 	8622
f 8186 	8811 	8819
f 8824 	8819 	8811
f 8824 	8811 	8813
f 8813 	8812 	8823
f 8815 	8816 	8817
f 8816 	8818 	8817
f 8815 	8817 	8814
f 8816 	8815 	8192
f 8192 	8191 	8816
f 8818 	8816 	8191
f 8814 	8817 	8819
f 8815 	8188 	8192
f 8824 	8814 	8819
f 8817 	8189 	8819
f 8817 	8190 	8189
f 8817 	8818 	8190
f 8818 	8191 	8190
f 8820 	8822 	8812
f 8821 	8822 	8820
f 8821 	8823 	8822
f 8821 	8824 	8823
f 8824 	8821 	8814
f 8813 	8823 	8824
f 8812 	8822 	8823
f 8446 	8826 	8825
f 8828 	8131 	8161
f 8825 	8826 	8829
f 8532 	8131 	8828
f 8829 	8826 	8830
f 8831 	8447 	8446
f 8446 	8846 	8831
f 8445 	8447 	8831
f 8446 	8445 	8836
f 8828 	8827 	8839
f 8838 	8827 	8830
f 8846 	8445 	8831
f 8446 	8825 	8846
f 8833 	8829 	8830
f 8828 	8834 	8827
f 8830 	8827 	8835
f 8834 	8835 	8827
f 8828 	8161 	8834
f 8833 	8830 	8835
f 8833 	8835 	9161
f 9158 	9159 	8834
f 8838 	8830 	8856
f 8840 	8828 	8839
f 8827 	8838 	8839
f 8446 	8836 	8837
f 8837 	8826 	8446
f 8769 	8765 	8479
f 8479 	8485 	8769
f 8769 	8482 	8770
f 8771 	8755 	8774
f 8756 	8532 	8840
f 8771 	8757 	8755
f 8487 	8774 	8755
f 8487 	8479 	8774
f 8481 	8770 	8482
f 8769 	8485 	8482
f 8846 	8842 	8841
f 8771 	8844 	8845
f 8759 	8843 	8845
f 8841 	9162 	8856
f 8759 	8489 	8843
f 8759 	8845 	8761
f 8845 	8762 	8761
f 8846 	8841 	8850
f 8844 	8762 	8845
f 8764 	8762 	8844
f 8844 	8481 	8764
f 8847 	8848 	8490
f 8490 	8848 	8489
f 8104 	8848 	8864
f 8848 	8874 	8864
f 8847 	8874 	8848
f 8874 	8847 	8873
f 8841 	8837 	8836
f 8851 	8947 	8494
f 9174 	8756 	8840
f 8856 	9162 	9163
f 8841 	8856 	8830
f 9163 	8849 	8856
f 8851 	8903 	8852
f 8532 	8828 	8840
f 8850 	8836 	8445
f 8850 	8841 	8836
f 8826 	8837 	8841
f 8857 	8854 	8855
f 8841 	8830 	8826
f 8838 	8856 	8849
f 8840 	8839 	8838
f 8849 	8840 	8838
f 8949 	8853 	8857
f 8445 	8846 	8850
f 8842 	8846 	8825
f 8842 	8825 	8829
f 8696 	8340 	8269
f 8860 	8692 	8694
f 8860 	8689 	8861
f 8688 	8861 	8689
f 8688 	8862 	8861
f 8860 	8861 	8692
f 8851 	8171 	8899
f 8853 	8852 	8906
f 8851 	8899 	8903
f 8694 	8183 	8860
f 8864 	8863 	8843
f 8863 	8771 	8845
f 8863 	8845 	8843
f 8860 	8187 	8689
f 8340 	8696 	8697
f 8688 	8689 	8865
f 8865 	8868 	8867
f 8866 	8867 	8868
f 8868 	8869 	8866
f 8869 	8679 	8866
f 8869 	8680 	8679
f 8864 	8542 	8104
f 8771 	8870 	8757
f 8863 	8871 	8870
f 8873 	8871 	8863
f 8867 	8688 	8865
f 8771 	8863 	8870
f 8864 	8874 	8873
f 8863 	8864 	8873
f 8872 	8866 	8875
f 8872 	8867 	8866
f 8685 	8928 	8875
f 8690 	8688 	8867
f 8867 	8872 	8690
f 8685 	8875 	8866
f 8865 	8689 	8195
f 8194 	8195 	8689
f 8868 	8865 	8197
f 8868 	8197 	8198
f 8199 	8869 	8198
f 8868 	8198 	8869
f 8199 	9070 	8869
f 8872 	8875 	8928
f 8893 	8697 	8862
f 8877 	8879 	8878
f 8878 	8879 	8886
f 8876 	8858 	8832
f 9089 	8876 	8878
f 8885 	8884 	8877
f 8880 	8883 	8884
f 8884 	8885 	8880
f 8881 	9182 	9178
f 8886 	8883 	8880
f 8881 	8887 	8880
f 8881 	9089 	8887
f 8887 	8878 	8880
f 8878 	8886 	8880
f 8886 	8879 	8883
f 8889 	8890 	8891
f 8889 	8794 	8890
f 8888 	8959 	8958
f 8807 	8889 	8891
f 8889 	8793 	8794
f 8889 	8795 	8793
f 8807 	8891 	8805
f 8805 	8891 	8890
f 8805 	8890 	8895
f 8890 	8794 	8587
f 8871 	8873 	8847
f 8871 	8847 	8486
f 8870 	8871 	8486
f 8893 	8690 	8892
f 8486 	8757 	8870
f 8171 	8200 	8551
f 8894 	8697 	8893
f 8890 	8587 	8895
f 8200 	8171 	8851
f 8894 	8340 	8697
f 8895 	8568 	8804
f 8563 	8567 	8895
f 8567 	8568 	8895
f 8750 	8112 	8109
f 8112 	8748 	8118
f 8587 	8563 	8895
f 8804 	8910 	8895
f 8749 	8748 	8112
f 8749 	8112 	8750
f 8203 	8231 	9063
f 8898 	8902 	8910
f 8748 	8749 	8531
f 8115 	8120 	8530
f 8120 	8531 	8530
f 8738 	8901 	8737
f 8900 	8737 	8901
f 8898 	8895 	8902
f 8895 	8910 	8902
f 8904 	8900 	8901
f 8852 	8903 	8906
f 8905 	8900 	8904
f 8610 	8907 	8804
f 8804 	8581 	8610
f 8909 	8625 	8739
f 8739 	8737 	8909
f 8923 	8854 	8857
f 8909 	8900 	8908
f 8908 	8900 	8905
f 8171 	8950 	8911
f 8726 	8724 	8521
f 8907 	8610 	8777
f 8896 	8894 	8914
f 8914 	8915 	8896
f 8896 	8915 	8913
f 8913 	8915 	8914
f 8916 	8931 	8611
f 8612 	8916 	8613
f 8918 	8896 	8913
f 8957 	8912 	8923
f 8932 	8916 	8919
f 8912 	8920 	8923
f 8916 	8612 	8919
f 8914 	8921 	8918
f 8914 	8918 	8913
f 8933 	8931 	8916
f 8914 	8894 	8921
f 8690 	8893 	8862
f 8918 	8921 	8922
f 8685 	8929 	8928
f 8893 	8626 	8888
f 8888 	8958 	8893
f 8892 	8626 	8893
f 8893 	8958 	8961
f 8922 	8896 	8918
f 8920 	8854 	8923
f 8892 	8690 	8872
f 8683 	8895 	8924
f 8923 	8853 	8917
f 8924 	8685 	8683
f 8898 	8924 	8895
f 8924 	8907 	8925
f 8910 	8804 	8927
f 8927 	8804 	8907
f 8898 	8910 	8927
f 8927 	8907 	8924
f 8927 	8924 	8898
f 8907 	8926 	8925
f 8928 	8932 	8919
f 8514 	8928 	8919
f 8928 	8929 	8934
f 8932 	8928 	8934
f 8924 	8929 	8685
f 8925 	8929 	8924
f 8926 	8940 	8930
f 8930 	8929 	8925
f 8925 	8926 	8930
f 8929 	8930 	8931
f 8916 	8932 	8933
f 8929 	8933 	8934
f 8933 	8932 	8934
f 8929 	8931 	8933
f 8286 	8935 	8936
f 8335 	9133 	8937
f 8335 	8937 	8288
f 8287 	8288 	8937
f 8935 	8286 	8939
f 8287 	8937 	8939
f 8286 	8287 	8939
f 8936 	8616 	8938
f 8936 	8617 	8616
f 8617 	8936 	8935
f 8618 	8939 	8937
f 8618 	8617 	8939
f 8935 	8939 	8617
f 8795 	8889 	8938
f 8937 	8619 	8618
f 8937 	9133 	8619
f 8938 	8889 	8807
f 8940 	8941 	8997
f 8942 	8941 	8943
f 8777 	8780 	8926
f 8780 	8940 	8926
f 8941 	8778 	8943
f 8778 	8941 	8940
f 8778 	8779 	8943
f 8942 	8943 	8785
f 8779 	8785 	8943
f 8926 	8907 	8777
f 8944 	8942 	8785
f 8944 	8945 	9010
f 9010 	9006 	8944
f 8944 	8785 	8789
f 8789 	8790 	8944
f 8790 	8945 	8944
f 8954 	8946 	8855
f 8852 	8948 	8851
f 8948 	8852 	8949
f 8853 	8949 	8852
f 8946 	8949 	8857
f 8857 	8855 	8946
f 8955 	8949 	8946
f 8946 	8954 	8955
f 8948 	8947 	8851
f 8949 	8962 	8948
f 8953 	8952 	8917
f 8952 	8923 	8917
f 8952 	8955 	8951
f 8953 	8917 	8911
f 8897 	8957 	8951
f 8951 	8955 	8954
f 8911 	8950 	8953
f 8947 	8950 	8494
f 8951 	8954 	8897
f 8855 	8897 	8954
f 8952 	8956 	8955
f 8952 	8953 	8956
f 8899 	8171 	8911
f 8911 	8903 	8899
f 8928 	8892 	8872
f 8911 	8906 	8903
f 8917 	8906 	8911
f 8928 	8514 	8892
f 8917 	8853 	8906
f 8626 	8892 	8514
f 8171 	8624 	8950
f 8622 	8629 	8896
f 8961 	8894 	8893
f 8952 	8951 	8923
f 8961 	8960 	8888
f 8957 	8923 	8951
f 8897 	8912 	8957
f 8912 	8897 	8855
f 8958 	8959 	8961
f 8959 	8888 	8960
f 8854 	8912 	8855
f 8912 	8854 	8920
f 8896 	8809 	8622
f 8857 	8853 	8923
f 8896 	8922 	8809
f 8810 	8809 	8922
f 8888 	8810 	8961
f 8962 	8949 	8956
f 8960 	8961 	8959
f 8949 	8955 	8956
f 8953 	8962 	8956
f 8894 	8961 	8921
f 8953 	8950 	8962
f 8961 	8810 	8922
f 8961 	8922 	8921
f 8947 	8948 	8962
f 8962 	8950 	8947
f 8940 	8997 	8930
f 8076 	8965 	8264
f 8896 	8629 	8967
f 8082 	8965 	8966
f 8629 	8630 	8963
f 8964 	8086 	8966
f 8630 	8808 	8963
f 8069 	8972 	8964
f 8963 	8967 	8629
f 8997 	8606 	8930
f 8970 	8968 	8969
f 8970 	8969 	8971
f 8349 	8963 	8338
f 8973 	8974 	8975
f 8974 	8976 	8975
f 8977 	8978 	8976
f 8728 	8901 	8727
f 8729 	8727 	8901
f 8979 	8977 	8976
f 8901 	8738 	8729
f 8974 	8979 	8976
f 8741 	8980 	8519
f 8981 	8741 	8520
f 8984 	8904 	8983
f 8982 	8983 	8901
f 8901 	8983 	8904
f 8985 	8726 	8521
f 8338 	8963 	8975
f 8901 	8728 	8986
f 8973 	8975 	8963
f 8986 	8728 	8731
f 8980 	8985 	8521
f 8980 	8521 	8519
f 8986 	8982 	8901
f 8985 	8980 	8987
f 8987 	8980 	8741
f 8975 	8976 	8798
f 8741 	8981 	8987
f 8987 	8731 	8985
f 8983 	8987 	8984
f 8983 	8982 	8987
f 8982 	8986 	8987
f 8731 	8987 	8986
f 8979 	8649 	8977
f 8742 	8981 	8520
f 8984 	8988 	8904
f 8739 	8625 	8623
f 8553 	8739 	8623
f 8975 	8798 	8797
f 8908 	8625 	8909
f 8989 	8987 	8981
f 8989 	8981 	8742
f 8742 	8995 	8989
f 8648 	8976 	8978
f 8340 	8967 	8963
f 8340 	8896 	8967
f 8988 	8984 	8989
f 8987 	8989 	8984
f 8973 	8990 	8974
f 8963 	8808 	8973
f 8990 	8973 	8808
f 8808 	8658 	8990
f 8990 	8650 	8974
f 8904 	8993 	8905
f 8991 	8905 	8993
f 8979 	8974 	8650
f 8992 	8991 	8993
f 8649 	8979 	8650
f 8649 	8648 	8977
f 8977 	8648 	8978
f 8334 	8975 	8796
f 8975 	8797 	8796
f 8905 	8991 	8908
f 8334 	8338 	8975
f 8991 	8994 	8908
f 8991 	9139 	8994
f 8995 	8742 	8522
f 8996 	8993 	8988
f 8904 	8988 	8993
f 8941 	8998 	8997
f 8942 	8999 	8941
f 8999 	8998 	8941
f 8743 	8995 	8522
f 9001 	8992 	9000
f 8996 	9000 	8993
f 8992 	8993 	9000
f 9002 	8744 	8524
f 9001 	9003 	8992
f 9004 	8999 	8942
f 8792 	8791 	8788
f 8998 	8999 	9008
f 8942 	8944 	9004
f 8944 	9006 	9004
f 8997 	8801 	8606
f 8802 	8801 	8997
f 8997 	8998 	8802
f 8802 	8998 	9007
f 8998 	9008 	9007
f 9009 	8803 	9008
f 8800 	8803 	9009
f 9007 	9008 	8803
f 8999 	9004 	9009
f 9009 	9008 	8999
f 9004 	9006 	9009
f 8803 	8802 	9007
f 9010 	9009 	9006
f 9012 	8340 	9011
f 9013 	8275 	9012
f 8451 	9014 	9015
f 9018 	8450 	9015
f 8451 	9023 	9016
f 8451 	9016 	9014
f 8478 	9024 	9017
f 8478 	9017 	8451
f 9017 	9025 	8451
f 8311 	9015 	9014
f 9016 	8310 	9014
f 9019 	9040 	8450
f 9019 	9018 	9020
f 8311 	8066 	9015
f 9022 	9019 	9020
f 9024 	9025 	9017
f 9026 	9025 	9024
f 9027 	9023 	9025
f 8451 	9025 	9023
f 9026 	9027 	9025
f 9028 	8340 	9023
f 9027 	9028 	9023
f 9034 	9031 	9026
f 9011 	9030 	9012
f 9030 	9029 	9012
f 9013 	9012 	9029
f 9030 	9011 	9031
f 9027 	9031 	9028
f 9028 	9031 	9011
f 9022 	9021 	9019
f 9029 	9019 	9021
f 9013 	9029 	9021
f 9050 	9029 	9049
f 8477 	9032 	9033
f 9032 	9034 	9033
f 9024 	9033 	9026
f 9034 	9026 	9033
f 8466 	8458 	9024
f 8477 	9046 	9032
f 9027 	9026 	9031
f 9051 	9031 	9032
f 9034 	9032 	9031
f 9051 	9052 	9031
f 9030 	9031 	9049
f 9050 	9053 	9029
f 8449 	8450 	9040
f 9029 	9053 	9019
f 8449 	9038 	9039
f 8477 	8474 	9046
f 8474 	8448 	9046
f 8449 	9040 	9038
f 8399 	9039 	9038
f 8399 	9038 	9041
f 9040 	9041 	9038
f 8217 	9043 	9037
f 8399 	9041 	9044
f 9046 	9045 	9048
f 9045 	9055 	9048
f 9047 	9048 	9055
f 9030 	9049 	9029
f 9051 	9032 	9046
f 9049 	9031 	9052
f 9040 	9019 	9053
f 9049 	9035 	9050
f 9036 	9035 	9049
f 9035 	9037 	9050
f 9049 	9052 	9047
f 9049 	9047 	9036
f 9048 	9047 	9052
f 9050 	9043 	9053
f 9037 	9043 	9050
f 9042 	9053 	9043
f 9048 	9051 	9046
f 9052 	9051 	9048
f 9042 	9044 	9053
f 9053 	9044 	9040
f 9040 	9044 	9041
f 9055 	8448 	9054
f 9039 	9054 	8448
f 8449 	9039 	8448
f 9054 	9039 	8431
f 8399 	8431 	9039
f 9045 	8448 	9055
f 9055 	9054 	8431
f 9047 	9055 	8431
f 9036 	9047 	8452
f 8217 	9037 	9035
f 9036 	8452 	9035
f 8399 	9042 	8217
f 9043 	8217 	9042
f 9056 	8652 	8788
f 9005 	9056 	8788
f 9005 	8788 	8791
f 9005 	8791 	8784
f 8370 	8371 	8787
f 8369 	8370 	8792
f 8787 	8792 	8370
f 8371 	8372 	8787
f 9005 	8784 	8772
f 8775 	9005 	8772
f 8788 	8652 	9057
f 8792 	8788 	9057
f 9057 	8652 	8653
f 9056 	8660 	8652
f 8367 	9057 	8366
f 8653 	8366 	9057
f 9057 	8367 	8368
f 8278 	8661 	8660
f 9057 	8368 	8792
f 8369 	8792 	8368
f 8660 	9056 	8272
f 8278 	8660 	8272
f 9005 	8775 	8233
f 8246 	9005 	8233
f 8272 	9056 	8246
f 9056 	9005 	8246
f 9060 	9061 	8259
f 8259 	8258 	9060
f 8078 	8325 	9068
f 8691 	8259 	9062
f 8182 	8691 	9062
f 8325 	8182 	9062
f 9061 	8325 	9062
f 9060 	9059 	8325
f 8530 	8078 	9063
f 9064 	9063 	8078
f 8206 	9064 	9065
f 9065 	9066 	8206
f 9069 	8207 	9066
f 9065 	9064 	8078
f 9066 	8078 	9069
f 9059 	9058 	8325
f 9068 	9067 	8078
f 9058 	9068 	8325
f 9067 	9069 	8078
f 9070 	9071 	8680
f 8680 	8869 	9070
f 8199 	8198 	8334
f 8333 	8334 	8198
f 9071 	9070 	8589
f 9074 	8666 	9073
f 8686 	9073 	8666
f 9075 	9076 	9074
f 8666 	9074 	9076
f 8686 	8687 	9077
f 8686 	9077 	9073
f 9077 	8589 	9073
f 8591 	9075 	8589
f 9074 	9073 	8589
f 9075 	8591 	9076
f 9077 	9072 	8589
f 9074 	8589 	9075
f 8591 	8595 	9076
f 8972 	8069 	8968
f 8972 	9079 	9080
f 8968 	9079 	8972
f 9081 	9080 	9079
f 8971 	9082 	8970
f 9084 	9083 	8970
f 8300 	9083 	9084
f 8302 	8495 	9083
f 9088 	9085 	9083
f 8084 	9088 	9083
f 9082 	9084 	8970
f 9083 	9085 	8970
f 9084 	9082 	8297
f 8078 	8297 	9082
f 8971 	8969 	8078
f 8971 	8078 	9082
f 8090 	9083 	8091
f 8091 	9083 	8495
f 8086 	8964 	8972
f 8089 	8086 	8972
f 8082 	8264 	8965
f 8082 	8966 	8085
f 8966 	8086 	8085
f 9087 	9088 	8084
f 9085 	9086 	8968
f 9087 	9086 	9085
f 9087 	9085 	9088
f 9085 	8968 	8970
f 8090 	8084 	9083
f 9081 	9079 	8193
f 9079 	9086 	8193
f 9080 	9081 	8089
f 9080 	8089 	8972
f 9081 	8193 	8089
f 9087 	8083 	9086
f 9086 	9079 	8968
f 9087 	8084 	8083
f 8882 	9089 	8881
f 8882 	8858 	9089
f 8859 	8858 	8882
f 8876 	9089 	8858
f 9089 	8878 	8887
f 8877 	8884 	8879
f 8879 	8884 	8883
f 8165 	8166 	9090
f 8165 	9090 	9091
f 9094 	9100 	9091
f 9091 	9095 	9094
f 9090 	9093 	9091
f 9106 	9090 	8166
f 9090 	9092 	9093
f 9095 	9091 	9093
f 9096 	9093 	9092
f 9096 	9092 	9097
f 9096 	9097 	9098
f 9094 	9095 	9099
f 8384 	9106 	8383
f 9101 	8876 	8832
f 9094 	9141 	9100
f 9095 	9093 	9096
f 9099 	9095 	9141
f 9094 	9099 	9141
f 8876 	9101 	9103
f 8832 	8308 	9102
f 9124 	9096 	9098
f 9102 	9101 	8832
f 9103 	9104 	8876
f 9104 	8877 	8878
f 9104 	8878 	8876
f 9137 	9103 	9101
f 9105 	9095 	9096
f 9141 	9095 	9105
f 8166 	8383 	9106
f 9106 	8387 	9114
f 8577 	9116 	9108
f 9116 	9117 	9109
f 9110 	9111 	9125
f 9110 	9117 	9111
f 9111 	9117 	9112
f 9126 	9125 	9111
f 9112 	9126 	9111
f 9112 	9107 	9126
f 8390 	9126 	8388
f 9106 	9114 	9113
f 9106 	9113 	9092
f 9090 	9106 	9092
f 9113 	9097 	9092
f 9124 	9098 	9097
f 9108 	9109 	9125
f 9109 	9110 	9125
f 9107 	8388 	9126
f 9114 	8388 	9107
f 9115 	9116 	8341
f 8341 	8615 	9115
f 9116 	8342 	8341
f 8577 	8576 	9116
f 8342 	9116 	8576
f 9109 	9108 	9116
f 9110 	9109 	9117
f 9115 	8279 	9186
f 9107 	9112 	9114
f 9117 	9114 	9112
f 9119 	9118 	9115
f 9118 	9116 	9115
f 9115 	9186 	9119
f 9120 	9113 	9114
f 9116 	9118 	9123
f 9117 	9116 	9122
f 9127 	8279 	9115
f 9120 	9114 	9187
f 9097 	9113 	9120
f 9117 	8272 	9114
f 9116 	9123 	9122
f 9122 	9123 	9119
f 9118 	9119 	9123
f 9105 	9121 	8173
f 9105 	9096 	9124
f 9124 	9097 	9120
f 9124 	9120 	9121
f 9121 	9105 	9124
f 8595 	8577 	9125
f 8369 	8368 	8391
f 8368 	8367 	8390
f 9126 	8390 	8366
f 8366 	8169 	9126
f 8616 	8617 	9127
f 8618 	9128 	9127
f 9130 	8619 	9133
f 8619 	9129 	9128
f 9129 	8619 	9130
f 8618 	8619 	9128
f 8617 	8618 	9127
f 9127 	9115 	8616
f 9128 	8287 	8328
f 9127 	9128 	8328
f 8995 	8743 	9131
f 9115 	8615 	8616
f 8989 	8995 	9131
f 8743 	8744 	9131
f 8288 	9130 	8291
f 9003 	9001 	9131
f 9000 	9131 	9001
f 8317 	9128 	9129
f 9129 	9130 	8317
f 9000 	8996 	9131
f 8989 	9131 	8996
f 8989 	8996 	8988
f 8286 	9127 	8329
f 8745 	9002 	8524
f 8328 	8329 	9127
f 9132 	8992 	9003
f 8288 	8317 	9130
f 9130 	9134 	9135
f 9134 	8337 	9135
f 8745 	9153 	9002
f 9134 	9130 	9133
f 8291 	9135 	8337
f 9131 	9153 	9003
f 9135 	8291 	9130
f 8339 	8337 	9134
f 9134 	9133 	8339
f 8744 	9002 	9131
f 9132 	9003 	9153
f 8108 	9138 	9139
f 8107 	9138 	8108
f 9136 	9137 	9101
f 9101 	9102 	9136
f 8203 	9140 	8107
f 9141 	8173 	9142
f 8203 	8205 	9140
f 8173 	8249 	9142
f 8107 	9140 	9138
f 8271 	9181 	9142
f 8992 	8108 	9139
f 9104 	9103 	9143
f 8992 	9139 	8991
f 9144 	8213 	8275
f 9145 	8090 	8994
f 9145 	8994 	9139
f 9145 	9139 	9147
f 8247 	9144 	8248
f 9144 	8275 	8248
f 9138 	9147 	9139
f 9144 	8247 	9147
f 9180 	9150 	9149
f 9180 	9151 	9150
f 9138 	9140 	9147
f 9144 	9147 	9140
f 8205 	8213 	9144
f 8109 	8747 	8528
f 9132 	9152 	8992
f 8110 	8108 	9152
f 8992 	9152 	8108
f 9145 	9147 	8090
f 8109 	9153 	8747
f 9148 	8716 	9146
f 9292 	8730 	9151
f 9132 	9153 	9152
f 8118 	8748 	8531
f 8716 	9150 	9151
f 8111 	8113 	8108
f 8119 	8107 	8113
f 8716 	9149 	9150
f 8716 	9148 	9149
f 8773 	8308 	8859
f 8308 	8858 	8859
f 8716 	8715 	9155
f 9154 	9155 	9156
f 9154 	9157 	9155
f 9146 	8716 	9157
f 8835 	8834 	9159
f 9160 	9156 	9155
f 8835 	9159 	9161
f 8842 	9162 	8841
f 9155 	8307 	8306
f 9155 	8309 	8307
f 9164 	8849 	9163
f 8840 	9164 	9165
f 9161 	9162 	8833
f 8716 	9155 	9157
f 9166 	8833 	9162
f 9162 	9161 	9163
f 8829 	9173 	8842
f 9162 	8842 	9167
f 9168 	9157 	9154
f 9167 	9166 	9162
f 9168 	9170 	9157
f 9166 	9167 	9169
f 8849 	9164 	8840
f 9166 	9171 	8833
f 9169 	9172 	9171
f 9169 	9171 	9166
f 9167 	9173 	9172
f 9167 	9172 	9169
f 9167 	8842 	9173
f 9171 	9172 	9173
f 9165 	9174 	8840
f 9176 	9154 	9156
f 9164 	9163 	9161
f 9171 	9173 	8833
f 8859 	8882 	8773
f 9174 	8834 	8161
f 9158 	8834 	9174
f 9165 	9158 	9174
f 9164 	9159 	9158
f 9164 	9161 	9159
f 9168 	9154 	9176
f 9164 	9158 	9165
f 9168 	9176 	9170
f 9160 	9175 	9156
f 9173 	8829 	8833
f 8188 	9177 	8189
f 9156 	9175 	9176
f 9160 	9295 	9175
f 9170 	9176 	9294
f 9143 	8877 	9104
f 8877 	9143 	8885
f 9170 	9294 	9288
f 9179 	9182 	8881
f 8880 	9179 	8881
f 8880 	8885 	9179
f 9178 	9102 	9091
f 9149 	9290 	9180
f 9178 	9136 	9102
f 9181 	8776 	9178
f 9292 	9151 	9180
f 8882 	8881 	9178
f 8336 	9269 	9262
f 9179 	9103 	9182
f 9178 	8773 	8882
f 9270 	9184 	9183
f 9155 	9183 	9184
f 8233 	8775 	9181
f 9185 	9183 	9155
f 8885 	9143 	9179
f 8775 	8776 	9181
f 9091 	9100 	9178
f 9181 	9178 	9100
f 9137 	9136 	9178
f 9181 	9100 	9141
f 9137 	9178 	9182
f 9182 	9103 	9137
f 9179 	9143 	9103
f 9181 	8250 	8233
f 9141 	9142 	9181
f 8271 	8250 	9181
f 8272 	8246 	9114
f 9127 	8286 	8279
f 8176 	8172 	9186
f 8172 	9119 	9186
f 8173 	9141 	9105
f 9187 	8249 	8173
f 9120 	8173 	9121
f 9120 	9187 	8173
f 8246 	8249 	9187
f 9187 	9114 	8246
f 8278 	8272 	9117
f 9188 	8172 	8226
f 9188 	9117 	9122
f 9188 	9122 	8172
f 8172 	9122 	9119
f 8278 	9117 	9188
f 9189 	9190 	9248
f 9247 	9190 	9177
f 8186 	9190 	8811
f 8186 	9177 	9190
f 9189 	9191 	9206
f 9192 	9194 	9193
f 9246 	9192 	9191
f 9190 	9253 	9248
f 9194 	9192 	9246
f 9251 	8188 	9250
f 9251 	9177 	8188
f 9220 	9195 	9196
f 8101 	8223 	9195
f 8223 	9196 	9195
f 9225 	9226 	9193
f 8848 	8102 	9198
f 9198 	8489 	8848
f 9198 	8102 	8103
f 9195 	9198 	8103
f 8103 	8101 	9195
f 9263 	9260 	9197
f 9197 	9272 	9263
f 9197 	9200 	9195
f 9195 	9199 	9198
f 9195 	9273 	9201
f 9195 	9201 	9199
f 9220 	9196 	9203
f 8223 	8289 	9196
f 9195 	9202 	9273
f 9260 	9202 	9197
f 9200 	9197 	9202
f 9195 	9200 	9202
f 9256 	9264 	9193
f 9227 	9228 	9205
f 9207 	9208 	8125
f 8136 	8127 	9207
f 9232 	9208 	9233
f 9189 	9206 	8812
f 9190 	9189 	8813
f 8813 	8811 	9190
f 8813 	9189 	8812
f 9206 	9191 	9205
f 9232 	8125 	9208
f 9234 	9233 	9208
f 9205 	9191 	9192
f 9209 	9208 	9276
f 9209 	9204 	9208
f 8127 	8525 	9207
f 9209 	9205 	9204
f 9210 	9205 	9209
f 9209 	9211 	9210
f 9205 	9210 	9206
f 9206 	9210 	9278
f 8157 	8155 	9239
f 9239 	9240 	8157
f 9212 	9214 	9240
f 9214 	8157 	9240
f 9240 	9241 	9212
f 9242 	9243 	9217
f 9215 	9213 	9241
f 9213 	9212 	9241
f 9195 	9220 	9221
f 9197 	9195 	9224
f 9221 	9223 	9195
f 9223 	9224 	9195
f 9223 	9244 	9224
f 9221 	9220 	9244
f 9203 	9244 	9220
f 9192 	9193 	9226
f 9204 	9205 	9228
f 9231 	9222 	9204
f 9234 	9208 	9204
f 9241 	9240 	9227
f 9227 	9205 	9229
f 9229 	9192 	9230
f 9226 	9230 	9192
f 9192 	9229 	9205
f 9232 	9239 	8125
f 9222 	9234 	9204
f 9240 	9239 	9222
f 9231 	9240 	9222
f 9231 	9204 	9235
f 9204 	9228 	9235
f 9234 	9222 	9239
f 9235 	9240 	9231
f 9229 	9241 	9227
f 9225 	9236 	9242
f 9243 	9242 	9236
f 9236 	9225 	9193
f 9233 	9239 	9232
f 8146 	8125 	9239
f 9228 	9227 	9240
f 9230 	9242 	9229
f 9236 	9193 	9237
f 9238 	9237 	9197
f 9193 	9197 	9237
f 9233 	9234 	9239
f 9235 	9228 	9240
f 9241 	9229 	9242
f 9237 	9243 	9236
f 9243 	9237 	9238
f 9197 	9224 	9238
f 9230 	9226 	9242
f 9226 	9225 	9242
f 9238 	9224 	9243
f 9244 	9243 	9224
f 9223 	9221 	9244
f 8267 	8505 	8289
f 8501 	9219 	9244
f 9218 	9243 	9219
f 9216 	9215 	9242
f 9217 	9216 	9242
f 9241 	9242 	9215
f 9218 	9217 	9243
f 9244 	9219 	9243
f 8505 	8504 	8289
f 9245 	9246 	9249
f 9189 	9248 	9252
f 9247 	9177 	9251
f 9193 	9245 	9258
f 9193 	9194 	9245
f 9245 	9194 	9246
f 9258 	9256 	9193
f 9253 	9247 	9251
f 9250 	8188 	8815
f 9253 	9254 	8814
f 9254 	8815 	8814
f 9254 	9250 	8815
f 9254 	9251 	9250
f 9254 	9253 	9251
f 9248 	9253 	9252
f 9190 	9247 	9253
f 9278 	9252 	8820
f 9252 	9278 	9257
f 8821 	9253 	8814
f 9253 	8821 	9252
f 9189 	9252 	9257
f 9191 	9189 	9257
f 9259 	9246 	9257
f 9259 	9249 	9246
f 9249 	9259 	9245
f 9255 	9256 	9258
f 9245 	9259 	9255
f 9245 	9255 	9258
f 9257 	9255 	9259
f 9191 	9257 	9246
f 9273 	9199 	9201
f 9155 	9184 	9160
f 9155 	9261 	9185
f 9273 	9198 	9199
f 9269 	8251 	9262
f 8253 	9265 	9261
f 8843 	8489 	9198
f 8251 	8253 	9262
f 9155 	9262 	9261
f 9155 	8336 	9262
f 9261 	9265 	9266
f 9268 	8541 	9267
f 8864 	8843 	9267
f 9267 	8843 	9198
f 9273 	9268 	9267
f 9185 	9261 	9266
f 9268 	8664 	8541
f 9183 	9271 	9270
f 9267 	8542 	8864
f 9197 	9264 	9272
f 9197 	9193 	9264
f 9272 	8664 	9268
f 9273 	9272 	9268
f 9272 	9260 	9263
f 9273 	9202 	9260
f 9273 	9260 	9272
f 8235 	9271 	9183
f 8236 	9185 	9266
f 9198 	9273 	9267
f 8298 	8251 	9269
f 8820 	8812 	9206
f 8419 	9269 	8346
f 8301 	9265 	8253
f 9265 	8301 	9266
f 8301 	8296 	9266
f 9183 	9185 	8235
f 8236 	8235 	9185
f 9295 	9160 	9184
f 9261 	9262 	8253
f 8721 	8241 	8243
f 8721 	9298 	8241
f 9276 	9281 	9211
f 9211 	9209 	9276
f 8245 	8721 	8243
f 9208 	9280 	9276
f 8578 	9277 	8721
f 9207 	8525 	9208
f 8713 	8714 	8579
f 8714 	8580 	8579
f 8821 	8820 	9252
f 9278 	9255 	9257
f 8820 	9206 	9278
f 9210 	9275 	9278
f 8671 	9280 	8552
f 9279 	9280 	8671
f 9280 	9274 	9276
f 9282 	9280 	9279
f 9278 	9281 	9255
f 9278 	9275 	9281
f 9281 	9282 	9279
f 9281 	9276 	9274
f 9281 	9275 	9210
f 9281 	9210 	9211
f 9281 	9283 	9282
f 9274 	9283 	9281
f 9283 	9274 	9280
f 9282 	9283 	9280
f 9208 	8525 	9280
f 8668 	8157 	8095
f 9214 	8095 	8157
f 8095 	9212 	8096
f 9213 	8096 	9212
f 8095 	9214 	9212
f 9215 	8096 	9213
f 9286 	9272 	9264
f 9281 	8098 	9255
f 9264 	9256 	9287
f 9272 	9286 	8645
f 8645 	8664 	9272
f 9279 	8099 	8098
f 9279 	8671 	8099
f 8098 	9281 	9279
f 9256 	9255 	8098
f 9216 	8092 	9215
f 8096 	9215 	8092
f 9218 	8093 	9217
f 8092 	9216 	9217
f 8093 	8092 	9217
f 9218 	9219 	8093
f 8092 	9284 	8097
f 8093 	9284 	8092
f 9284 	8093 	9285
f 8092 	8097 	8096
f 9256 	8098 	9287
f 9284 	9287 	8097
f 9264 	9287 	9286
f 8098 	8097 	9287
f 9287 	9284 	9285
f 9287 	9285 	9286
f 8721 	9277 	9296
f 8245 	8260 	8723
f 8578 	8695 	9277
f 8579 	8578 	8713
f 8721 	8713 	8578
f 9277 	8695 	8730
f 9277 	8730 	9292
f 9294 	9176 	9300
f 9288 	9146 	9157
f 9288 	9148 	9146
f 9170 	9288 	9157
f 9290 	9149 	9288
f 9288 	9149 	9148
f 9180 	9290 	9289
f 9289 	9290 	9293
f 9290 	9291 	9293
f 9288 	9291 	9290
f 9180 	9289 	9292
f 9289 	9293 	9292
f 9291 	9288 	9293
f 9296 	9292 	9293
f 9293 	9294 	9296
f 9292 	9296 	9277
f 9175 	9295 	9301
f 9294 	9293 	9288
f 9297 	9300 	9301
f 9184 	8238 	9295
f 9297 	9296 	9294
f 9295 	8238 	9298
f 9299 	9301 	9295
f 9295 	9298 	9299
f 9298 	9296 	9297
f 9298 	9297 	9299
f 9297 	9301 	9299
f 9294 	9300 	9297
f 9176 	9175 	9301
f 9300 	9176 	9301
f 9270 	8292 	8238
f 9184 	9270 	8238
f 8294 	9271 	8235
f 8294 	8292 	9270
f 9271 	8294 	9270
f 9266 	8296 	8236
f 9269 	8419 	8298
# 2472 faces

 #end of obj_7

o obj_8
v 123.265 		22.641 		12.465
v 120.147 		23.292 		13.265
v 121.893 		21.515 		12.925
v 120.531 		-2.075 		0
v 117.047 		22.165 		14.131
v 117.726 		21.943 		14.265
v 120.754 		23.323 		13.31
v 120.662 		23.292 		13.09
v 122.028 		21.606 		13.101
v 120.073 		-0.367 		0
v 120.241 		-0.618 		0
v 120.375 		-0.889 		0
v 120.472 		-1.175 		0
v 120.531 		-1.472 		0
v 120.551 		-1.773 		0
v 114.4208 		22.7115 		11.682
v 114.3883 		22.641 		11.682
v 115.931 		-1.773 		0
v 122.641 		21.753 		12.817
v 123.192 		22.863 		12.409
v 118.542 		-4.063 		0
v 118.241 		-4.083 		0
v 117.939 		-4.063 		0
v 117.643 		-4.004 		0
v 122.144 		21.753 		13.252
v 117.994 		23.292 		13.265
v 117.357 		-3.907 		0
v 117.086 		-3.774 		0
v 123.076 		23.054 		12.32
v 116.835 		-3.606 		0
v 116.607 		-3.406 		0
v 116.408 		-3.179 		0
v 116.24 		-2.928 		0
v 116.107 		-2.657 		0
v 116.01 		-2.371 		0
v 118.051 		23.2 		13.051
v 122.744 		21.943 		12.92
v 120.472 		-2.371 		0
v 120.375 		-2.657 		0
v 123.29 		22.403 		12.484
v 120.241 		-2.928 		0
v 120.073 		-3.179 		0
v 120.09 		23.2 		13.051
v 119.874 		-3.406 		0
v 119.647 		-3.606 		0
v 123.076 		21.753 		12.32
v 119.396 		-3.774 		0
v 119.125 		-3.907 		0
v 114.571 		22.863 		11.844
v 120.578 		23.2 		12.885
v 114.5308 		22.9095 		11.682
v 114.4909 		22.863 		11.682
v 114.6541 		23.054 		11.682
v 118.556 		23.2 		13.151
v 114.6825 		23.0735 		11.682
v 123.192 		21.943 		12.409
v 118.839 		-4.004 		0
v 120.04 		23.054 		12.867
v 114.464 		22.403 		11.906
v 114.3657 		22.4868 		11.682
v 118.1 		23.054 		12.867
v 114.3538 		22.403 		11.682
v 118.581 		23.054 		12.962
v 120.505 		23.054 		12.709
v 122.809 		22.165 		12.985
v 123.265 		22.165 		12.465
v 118.6 		22.863 		12.817
v 121.977 		-8.486 		0
v 120.861 		-8.864 		0
v 120.003 		22.863 		12.725
v 120.449 		22.863 		12.574
v 123.955 		22.641 		11.27
v 122.831 		22.403 		13.007
v 118.138 		22.863 		12.725
v 123.649 		22.641 		11.89
v 115.792 		23.292 		12.525
v 116.538 		23.292 		12.547
v 116.393 		23.323 		12.736
v 115.96 		23.323 		12.357
v 123.57 		22.863 		11.844
v 122.349 		21.515 		12.525
v 119.979 		22.641 		12.637
v 120.413 		22.641 		12.489
v 122.506 		21.606 		12.682
v 116.673 		23.2 		12.371
v 123.443 		23.054 		11.771
v 121.552 		22.641 		11.728
v 121.855 		22.641 		11.383
v 123.278 		23.2 		11.676
v 122.925 		23.2 		12.204
v 116.248 		21.515 		12.925
v 114.6541 		21.753 		11.682
v 120.04 		21.753 		12.867
v 114.571 		21.943 		11.844
v 114.4909 		21.943 		11.682
v 122.181 		21.483 		12.357
v 119.705 		-9.094 		0
v 118.529 		-9.171 		0
v 117.352 		-9.094 		0
v 116.197 		-8.864 		0
v 115.081 		-8.486 		0
v 121.188 		22.403 		12.006
v 123.086 		23.292 		11.565
v 120.09 		21.606 		13.051
v 114.023 		-7.964 		0
v 113.044 		-7.31 		0
v 112.157 		-6.532 		0
v 111.38 		-5.646 		0
v 110.726 		-4.666 		0
v 110.204 		-3.609 		0
v 109.825 		-2.493 		0
v 109.596 		-1.337 		0
v 109.518 		-0.161 		0
v 114.6269 		21.7845 		11.682
v 116.607 		-0.14 		0
v 119.874 		-0.14 		0
v 114.491 		22.165 		11.89
v 120.578 		21.606 		12.885
v 116.113 		21.606 		13.101
v 114.4621 		22.0057 		11.682
v 116.835 		0.059 		0
v 122.88 		23.323 		11.446
v 121.389 		23.292 		13.262
v 117.086 		0.227 		0
v 117.357 		0.361 		0
v 117.643 		0.458 		0
v 114.3883 		22.165 		11.682
v 117.939 		0.517 		0
v 118.241 		0.537 		0
v 118.542 		0.517 		0
v 118.839 		0.458 		0
v 119.125 		0.361 		0
v 119.396 		0.227 		0
v 123.984 		22.403 		11.282
v 119.647 		0.059 		0
v 120.147 		21.515 		13.265
v 121.27 		23.323 		13.056
v 120.662 		21.515 		13.09
v 123.955 		22.165 		11.27
v 127.539 		-0.161 		0
v 114.3767 		22.2464 		11.682
v 103.037 		0.826 		0.065
v 103.699 		2.777 		0.065
v 104.61 		4.625 		0.065
v 105.755 		6.338 		0.065
v 107.113 		7.887 		0.065
v 121.151 		23.292 		12.849
v 102.5 		-3.25 		0.065
v 102.635 		-1.194 		0.065
v 109.518 		-0.161 		0.065
v 105.755 		-12.838 		0.065
v 104.61 		-11.125 		0.065
v 103.699 		-9.277 		0.065
v 103.037 		-7.326 		0.065
v 102.635 		-5.306 		0.065
v 109.518 		29.047 		10.565
v 108.662 		-15.745 		0.065
v 107.113 		-14.387 		0.065
v 106.6948 		-13.91 		6.607
v 107.113 		-14.387 		6.607
v 108.662 		-15.745 		6.607
v 123.2579 		21.483 		10.565
v 103.037 		0.826 		6.563
v 103.699 		2.777 		6.563
v 104.61 		4.625 		6.563
v 127.539 		29.047 		10.565
v 123.676 		22.403 		11.906
v 105.755 		6.338 		6.563
v 119.971 		22.403 		12.606
v 107.113 		7.887 		6.563
v 123.2579 		23.323 		10.565
v 120.401 		22.403 		12.46
v 121.207 		22.165 		12.031
v 121.748 		23.323 		12.736
v 123.086 		21.515 		11.565
v 106.6948 		-13.91 		6.563
v 105.755 		-12.838 		6.563
v 104.61 		-11.125 		6.563
v 103.699 		-9.277 		6.563
v 103.037 		-7.326 		6.563
v 102.635 		-5.306 		6.563
v 102.5 		-3.25 		6.563
v 121.603 		23.292 		12.547
v 102.635 		-1.194 		6.563
v 124.187 		22.641 		10.565
v 124.1893 		22.6233 		10.565
v 123.278 		21.606 		11.676
v 124.0942 		22.863 		10.565
v 124.0979 		22.8542 		10.565
v 123.9918 		22.9937 		10.565
v 131.89 		4.625 		0.065
v 132.801 		2.777 		0.065
v 133.463 		0.826 		0.065
v 123.9429 		23.054 		10.565
v 121.04 		23.2 		12.657
v 127.539 		9.4449 		0.065
v 127.838 		9.245 		0.065
v 129.387 		7.887 		0.065
v 130.745 		6.338 		0.065
v 119.979 		22.165 		12.637
v 122.925 		21.606 		12.204
v 133.463 		-7.326 		0.065
v 132.801 		-9.277 		0.065
v 131.89 		-11.125 		0.065
v 133.865 		-1.194 		0.065
v 134 		-3.25 		0.065
v 133.865 		-5.306 		0.065
v 123.9386 		23.0572 		10.565
v 121.468 		23.2 		12.371
v 130.745 		-12.838 		0.065
v 123.443 		21.753 		11.771
v 127.539 		-0.161 		0.065
v 120.413 		22.165 		12.489
v 129.387 		-14.387 		0.065
v 127.838 		-15.745 		0.065
v 133.463 		0.826 		6.607
v 132.801 		2.777 		6.607
v 131.89 		4.625 		6.607
v 130.745 		6.338 		6.607
v 130.376 		6.7589 		6.607
v 123.7423 		23.2 		10.565
v 131.89 		-11.125 		6.607
v 132.801 		-9.277 		6.607
v 133.463 		-7.326 		6.607
v 133.865 		-5.306 		6.607
v 134 		-3.25 		6.607
v 133.865 		-1.194 		6.607
v 130.376 		-13.2589 		6.607
v 130.745 		-12.838 		6.607
v 127.838 		-15.745 		6.607
v 129.387 		-14.387 		6.607
v 129.8052 		-13.91 		6.607
v 120.944 		23.054 		12.492
v 123.5086 		23.292 		10.565
v 123.7147 		23.2109 		10.565
v 130.376 		6.7589 		6.563
v 129.387 		7.887 		6.563
v 123.447 		23.2996 		10.565
v 123.57 		21.943 		11.844
v 123.0069 		23.292 		10.565
v 123.1584 		23.3107 		10.565
v 127.539 		9.4449 		6.563
v 127.838 		9.245 		6.563
v 120.003 		21.943 		12.725
v 124.2195 		22.403 		10.565
v 120.871 		22.863 		12.366
v 120.449 		21.943 		12.574
v 123.649 		22.165 		11.89
v 121.263 		21.943 		12.104
v 130.376 		-13.2589 		6.563
v 129.8052 		-13.91 		6.563
v 121.617 		21.943 		11.793
v 121.151 		21.515 		12.849
v 118.529 		-9.171 		0.065
v 118.25 		-19 		0.065
v 116.194 		-18.865 		0.065
v 126.125 		-16.89 		0.065
v 124.277 		-17.801 		0.065
v 122.326 		-18.463 		0.065
v 120.306 		-18.865 		0.065
v 120.505 		21.753 		12.709
v 122.88 		21.483 		11.446
v 114.174 		-18.463 		0.065
v 112.223 		-17.801 		0.065
v 110.375 		-16.89 		0.065
v 121.389 		21.515 		13.262
v 123.9429 		21.753 		10.565
v 116.194 		-18.865 		6.607
v 118.25 		-19 		6.607
v 120.306 		-18.865 		6.607
v 122.326 		-18.463 		6.607
v 124.277 		-17.801 		6.607
v 126.125 		-16.89 		6.607
v 124.0942 		21.943 		10.565
v 124.0885 		21.9358 		10.565
v 110.375 		-16.89 		6.607
v 112.223 		-17.801 		6.607
v 114.174 		-18.463 		6.607
v 123.9918 		21.813 		10.565
v 123.9456 		21.7563 		10.565
v 124.187 		22.165 		10.565
v 124.1802 		22.1489 		10.565
v 124.2168 		22.3829 		10.565
v 124.177 		22.641 		10.615
v 123.0069 		21.515 		10.565
v 122.8953 		21.5585 		10.565
v 120.754 		21.483 		13.31
v 124.089 		22.863 		10.591
v 123.5086 		21.515 		10.565
v 123.7423 		21.606 		10.565
v 123.5508 		21.5314 		10.565
v 123.034 		-7.964 		0.065
v 120.871 		21.943 		12.366
v 123.034 		-7.964 		0
v 124.014 		-7.31 		0.065
v 123.7605 		21.6193 		10.565
v 124.014 		-7.31 		0
v 119.07 		23.2 		13.185
v 124.9 		-6.532 		0.065
v 123.1069 		21.5022 		10.565
v 124.9 		-6.532 		0
v 125.677 		-5.646 		0.065
v 119.584 		23.2 		13.151
v 120.944 		21.753 		12.492
v 125.677 		-5.646 		0
v 126.331 		-4.666 		0.065
v 123.3289 		21.4921 		10.565
v 126.331 		-4.666 		0
v 126.853 		-3.609 		0.065
v 122.7733 		23.2 		10.565
v 122.8756 		23.2403 		10.565
v 126.853 		-3.609 		0
v 127.232 		-2.493 		0.065
v 123.87 		22.863 		11.235
v 127.232 		-2.493 		0
v 127.461 		-1.337 		0.065
v 122.5724 		23.054 		10.565
v 122.6286 		23.0948 		10.565
v 127.461 		-1.337 		0
v 123.735 		23.054 		11.179
v 122.4183 		22.863 		10.565
v 122.441 		22.891 		10.565
v 122.3215 		22.641 		10.565
v 121.04 		21.606 		12.657
v 122.3274 		22.6545 		10.565
v 119.07 		23.054 		12.994
v 115.081 		-8.486 		0.065
v 119.56 		23.054 		12.962
v 122.2884 		22.403 		10.565
v 122.2894 		22.4103 		10.565
v 123.559 		23.2 		11.106
v 116.197 		-8.864 		0.065
v 117.352 		-9.094 		0.065
v 121.468 		21.606 		12.371
v 121.352 		21.753 		12.22
v 121.721 		21.753 		11.897
v 119.705 		-9.094 		0.065
v 122.3215 		22.165 		10.565
v 122.3196 		22.1784 		10.565
v 123.354 		23.292 		11.021
v 120.861 		-8.864 		0.065
v 122.4183 		21.943 		10.565
v 122.406 		21.9713 		10.565
v 122.5724 		21.753 		10.565
v 119.07 		22.863 		12.848
v 121.977 		-8.486 		0.065
v 122.5367 		21.7969 		10.565
v 121.603 		21.515 		12.547
v 119.54 		22.863 		12.817
v 114.718 		-1.054 		6.563
v 123.134 		23.323 		10.93
v 121.623 		-2.347 		6.563
v 122.7733 		21.606 		10.565
v 122.7027 		21.6576 		10.565
v 118.575 		-5.373 		6.563
v 118.117 		-5.403 		6.563
v 117.66 		-5.373 		6.563
v 117.21 		-5.283 		6.563
v 116.776 		-5.136 		6.563
v 116.364 		-4.933 		6.563
v 115.983 		-4.678 		6.563
v 119.07 		22.641 		12.756
v 115.638 		-4.376 		6.563
v 121.27 		21.483 		13.056
v 119.528 		22.641 		12.726
v 115.336 		-4.031 		6.563
v 122.914 		23.292 		10.839
v 115.081 		-3.65 		6.563
v 114.878 		-3.238 		6.563
v 114.731 		-2.804 		6.563
v 121.748 		21.483 		12.736
v 121.5935 		-2.347 		6.563
v 121.593 		-2.354 		6.563
v 121.855 		21.606 		12.031
v 121.504 		-2.804 		6.563
v 121.356 		-3.238 		6.563
v 121.153 		-3.65 		6.563
v 120.899 		-4.031 		6.563
v 120.596 		-4.376 		6.563
v 120.251 		-4.678 		6.563
v 119.87 		-4.933 		6.563
v 119.459 		-5.136 		6.563
v 119.025 		-5.283 		6.563
v 109.518 		20.5229 		0
v 109.518 		29.047 		6.404
v 127.539 		29.047 		6.404
v 121.225 		30.266 		8.842
v 119.738 		30.464 		8.842
v 119.738 		30.464 		6.5
v 121.225 		30.266 		6.5
v 119.07 		21.943 		12.848
v 120.439 		22.641 		14.354
v 116.0052 		-2.347 		3.898
v 115.951 		-2.075 		3.898
v 120.447 		22.403 		14.384
v 115.931 		-1.773 		3.898
v 115.951 		-1.472 		3.898
v 116.01 		-1.175 		3.898
v 119.54 		21.943 		12.817
v 116.107 		-0.889 		3.898
v 116.24 		-0.618 		3.898
v 116.408 		-0.367 		3.898
v 121.53 		22.403 		11.706
v 115.997 		21.753 		13.252
v 121.83 		22.403 		11.364
v 124.208 		22.403 		10.623
v 120.439 		22.165 		14.354
v 119.07 		21.753 		12.994
v 119.56 		21.753 		12.962
v 124.089 		21.943 		10.591
v 116.673 		21.606 		12.371
v 114.893 		30.324 		6.5
v 116.388 		30.444 		6.5
v 116.388 		30.444 		8.913
v 114.893 		30.324 		8.913
v 123.034 		57.647 		0
v 124.014 		56.993 		0
v 124.9 		56.215 		0
v 125.677 		55.329 		0
v 119.76 		22.641 		14.488
v 121.552 		22.165 		11.728
v 121.855 		22.165 		11.383
v 119.07 		22.641 		14.534
v 124.177 		22.165 		10.615
v 119.07 		21.606 		13.185
v 116.538 		21.515 		12.547
v 119.584 		21.606 		13.151
v 119.748 		22.863 		14.397
v 119.07 		22.863 		14.442
v 115.792 		21.515 		12.525
v 126.331 		54.349 		0
v 126.853 		53.292 		0
v 127.232 		52.176 		0
v 127.461 		51.02 		0
v 127.539 		49.844 		0
v 127.5092 		49.394 		0
v 118.729 		49.483 		0
v 118.427 		49.463 		0
v 122.914 		21.515 		10.839
v 118.126 		49.483 		0
v 117.829 		49.542 		0
v 119.07 		22.403 		12.725
v 119.765 		22.403 		14.52
v 115.96 		21.483 		12.357
v 123.354 		21.515 		11.021
v 119.07 		22.403 		14.565
v 116.393 		21.483 		12.736
v 119.524 		22.403 		12.695
v 123.559 		21.606 		11.106
v 119.748 		21.943 		14.397
v 122.481 		23.2 		11.216
v 123.735 		21.753 		11.179
v 119.07 		21.943 		14.442
v 122.709 		23.2 		10.754
v 119.76 		22.165 		14.488
v 123.87 		21.943 		11.235
v 122.316 		23.054 		11.12
v 115.332 		22.641 		12.985
v 119.07 		22.165 		14.534
v 114.876 		22.641 		12.465
v 122.19 		22.863 		11.047
v 115.397 		22.863 		12.92
v 114.949 		22.863 		12.409
v 122.11 		22.641 		11.001
v 120.415 		22.863 		14.265
v 123.134 		21.483 		10.93
v 120.377 		23.054 		14.124
v 115.5 		23.054 		12.817
v 115.065 		23.054 		12.32
v 117.543 		49.639 		0
v 120.328 		23.2 		13.939
v 117.272 		49.773 		0
v 122.289 		22.641 		13.441
v 122.308 		22.403 		13.466
v 117.021 		49.941 		0
v 116.794 		50.14 		0
v 115.635 		23.2 		12.682
v 116.594 		50.367 		0
v 116.427 		50.618 		0
v 116.293 		50.889 		0
v 116.196 		51.175 		0
v 120.27 		23.292 		13.725
v 120.531 		-2.075 		3.898
v 120.4768 		-2.347 		3.898
v 122.233 		22.863 		13.368
v 120.073 		-0.367 		3.898
v 120.209 		23.323 		13.495
v 120.241 		-0.618 		3.898
v 120.375 		-0.889 		3.898
v 120.472 		-1.175 		3.898
v 120.531 		-1.472 		3.898
v 120.551 		-1.773 		3.898
v 122.533 		23.054 		10.681
v 115.309 		22.403 		13.007
v 118.162 		22.641 		12.637
v 122.233 		21.943 		13.368
v 118.612 		22.641 		12.726
v 115.5 		21.753 		12.817
v 116.137 		51.472 		0
v 121.623 		-2.347 		3.898
v 116.117 		51.773 		0
v 122.289 		22.165 		13.441
v 116.137 		52.075 		0
v 114.718 		-2.347 		3.898
v 115.951 		-2.075 		0
v 115.397 		21.943 		12.92
v 115.951 		-1.472 		0
v 116.01 		-1.175 		0
v 116.107 		-0.889 		0
v 116.24 		-0.618 		0
v 122.398 		22.863 		10.625
v 116.408 		-0.367 		0
v 121.714 		22.641 		13.825
v 122.313 		22.641 		10.59
v 121.094 		22.641 		14.131
v 115.332 		22.165 		12.985
v 120.27 		21.515 		13.725
v 121.668 		22.863 		13.746
v 121.059 		22.863 		14.046
v 114.851 		22.403 		12.484
v 120.328 		21.606 		13.939
v 121.595 		23.054 		13.619
v 115.635 		21.606 		12.682
v 121.003 		23.054 		13.911
v 120.377 		21.753 		14.124
v 114.718 		-1.054 		4.415
v 115.065 		21.753 		12.32
v 114.718 		-2.347 		4.415
v 114.949 		21.943 		12.409
v 121.5935 		-2.347 		4.415
v 120.415 		21.943 		14.265
v 121.5 		23.2 		13.454
v 120.93 		23.2 		13.735
v 116.0052 		-2.347 		4.415
v 114.876 		22.165 		12.465
v 120.4768 		-2.347 		4.415
v 120.845 		23.292 		13.53
v 118.575 		-5.373 		4.415
v 118.117 		-5.403 		4.415
v 117.66 		-5.373 		4.415
v 120.209 		21.483 		13.495
v 117.21 		-5.283 		4.415
v 116.776 		-5.136 		4.415
v 116.364 		-4.933 		4.415
v 115.983 		-4.678 		4.415
v 115.638 		-4.376 		4.415
v 116.789 		23.054 		12.22
v 115.336 		-4.031 		4.415
v 115.081 		-3.65 		4.415
v 121.73 		22.403 		13.852
v 114.878 		-3.238 		4.415
v 121.106 		22.403 		14.16
v 114.731 		-2.804 		4.415
v 116.878 		22.863 		12.104
v 121.593 		-2.354 		4.415
v 121.504 		-2.804 		4.415
v 121.356 		-3.238 		4.415
v 121.153 		-3.65 		4.415
v 120.658 		51.175 		0
v 120.899 		-4.031 		4.415
v 120.561 		50.889 		0
v 120.596 		-4.376 		4.415
v 120.428 		50.618 		0
v 120.251 		-4.678 		4.415
v 120.26 		50.367 		0
v 119.87 		-4.933 		4.415
v 120.06 		50.14 		0
v 121.003 		21.753 		13.911
v 119.459 		-5.136 		4.415
v 119.833 		49.941 		0
v 119.025 		-5.283 		4.415
v 119.582 		49.773 		0
v 119.311 		49.639 		0
v 119.025 		49.542 		0
v 118.542 		-4.063 		4.415
v 116.934 		22.641 		12.031
v 118.241 		-4.083 		4.415
v 120.717 		51.472 		0
v 120.737 		51.773 		0
v 117.939 		-4.063 		4.415
v 117.643 		-4.004 		4.415
v 120.717 		52.075 		0
v 117.357 		-3.907 		4.415
v 117.315 		22.641 		12.286
v 121.059 		21.943 		14.046
v 117.086 		-3.774 		4.415
v 116.835 		-3.606 		4.415
v 116.607 		-3.406 		4.415
v 116.408 		-3.179 		4.415
v 116.24 		-2.928 		4.415
v 121.714 		22.165 		13.825
v 116.107 		-2.657 		4.415
v 116.196 		52.371 		0
v 116.01 		-2.371 		4.415
v 116.293 		52.657 		0
v 116.427 		52.928 		0
v 116.953 		22.403 		12.006
v 116.594 		53.179 		0
v 120.472 		-2.371 		4.415
v 117.331 		22.403 		12.259
v 121.094 		22.165 		14.131
v 120.375 		-2.657 		4.415
v 120.26 		53.179 		0
v 120.428 		52.928 		0
v 120.241 		-2.928 		4.415
v 120.561 		52.657 		0
v 120.073 		-3.179 		4.415
v 120.658 		52.371 		0
v 119.874 		-3.406 		4.415
v 119.647 		-3.606 		4.415
v 119.396 		-3.774 		4.415
v 116.794 		53.406 		0
v 119.125 		-3.907 		4.415
v 117.021 		53.606 		0
v 117.272 		53.774 		0
v 118.839 		-4.004 		4.415
v 117.543 		53.907 		0
v 116.934 		22.165 		12.031
v 119.729 		23.054 		14.252
v 117.315 		22.165 		12.286
v 117.829 		54.004 		0
v 119.07 		23.054 		14.296
v 118.126 		54.063 		0
v 118.427 		54.083 		0
v 118.729 		54.063 		0
v 119.025 		54.004 		0
v 119.311 		53.907 		0
v 119.582 		53.774 		0
v 119.833 		53.606 		0
v 120.06 		53.406 		0
v 119.705 		23.2 		14.063
v 116.197 		58.547 		0
v 117.352 		58.777 		0
v 118.529 		58.854 		0
v 119.705 		58.777 		0
v 119.07 		23.2 		14.105
v 120.861 		58.547 		0
v 121.977 		58.169 		0
v 115.081 		58.169 		0
v 116.878 		21.943 		12.104
v 109.5478 		49.394 		0
v 109.518 		49.844 		0
v 109.596 		51.02 		0
v 109.825 		52.176 		0
v 110.204 		53.292 		0
v 110.726 		54.349 		0
v 111.38 		55.329 		0
v 112.157 		56.215 		0
v 113.044 		56.993 		0
v 114.023 		57.647 		0
v 127.539 		49.394 		0
v 109.518 		49.394 		0
v 109.518 		49.394 		6.404
v 120.845 		21.515 		13.53
v 127.539 		49.394 		6.404
v 127.461 		51.02 		6.404
v 127.539 		49.844 		6.404
v 127.232 		52.176 		6.404
v 116.789 		21.753 		12.22
v 126.853 		53.292 		6.404
v 126.331 		54.349 		6.404
v 121.5 		21.606 		13.454
v 125.677 		55.329 		6.404
v 124.9 		56.215 		6.404
v 118.6 		21.943 		12.817
v 120.93 		21.606 		13.735
v 124.014 		56.993 		6.404
v 123.034 		57.647 		6.404
v 121.595 		21.753 		13.619
v 127.5092 		49.394 		6.404
v 115.77 		23.292 		11.779
v 121.977 		58.169 		6.404
v 116.128 		23.292 		12.188
v 120.861 		58.547 		6.404
v 119.705 		58.777 		6.404
v 118.529 		58.854 		6.404
v 119.676 		23.292 		13.843
v 116.285 		23.2 		12.031
v 119.07 		23.292 		13.883
v 117.352 		58.777 		6.404
v 116.197 		58.547 		6.404
v 115.081 		58.169 		6.404
v 116.42 		23.054 		11.897
v 122.056 		51.897 		6.404
v 122.026 		51.439 		6.404
v 121.95 		51.0547 		6.404
v 116.524 		22.863 		11.793
v 119.644 		23.323 		13.607
v 119.07 		23.323 		13.645
v 118.1 		21.753 		12.867
v 118.581 		21.753 		12.962
v 115.7509 		23.2761 		11.682
v 121.668 		21.943 		13.746
v 115.8965 		23.2259 		11.682
v 115.9587 		23.2064 		11.682
v 115.9793 		23.2 		11.682
v 116.2318 		23.054 		11.682
v 116.1546 		23.0987 		11.682
v 118.051 		21.606 		13.051
v 118.556 		21.606 		13.151
v 116.3228 		22.9643 		11.682
v 116.4265 		22.863 		11.682
v 109.596 		-1.337 		0.065
v 109.825 		-2.493 		0.065
v 116.589 		22.641 		11.728
v 116.5486 		22.641 		11.682
v 116.4596 		22.8029 		11.682
v 110.204 		-3.609 		0.065
v 110.726 		-4.666 		0.065
v 111.38 		-5.646 		0.065
v 112.157 		-6.532 		0.065
v 116.5539 		22.6109 		11.682
v 113.044 		-7.31 		0.065
v 117.994 		21.515 		13.265
v 114.023 		-7.964 		0.065
v 119.07 		23.292 		13.407
v 114.611 		-1.897 		6.563
v 114.641 		-1.439 		6.563
v 114.641 		-2.354 		6.563
v 116.524 		21.943 		11.793
v 119.613 		23.292 		13.371
v 115.045 		52.347 		6.404
v 114.641 		-1.439 		4.415
v 115.0745 		52.347 		6.404
v 114.611 		-1.897 		4.415
v 115.075 		52.354 		6.404
v 115.164 		52.804 		6.404
v 114.641 		-2.354 		4.415
v 115.312 		53.238 		6.404
v 116.42 		21.753 		11.897
v 115.514 		53.65 		6.404
v 115.769 		54.031 		6.404
v 114.718 		4.658 		6.563
v 116.072 		54.376 		6.404
v 121.623 		4.658 		6.563
v 116.416 		54.678 		6.404
v 122.6 		9.459 		6.563
v 121.105 		9.339 		6.563
v 116.798 		54.933 		6.404
v 116.607 		-0.14 		3.898
v 117.209 		55.136 		6.404
v 117.643 		55.283 		6.404
v 119.874 		-0.14 		3.898
v 118.093 		55.373 		6.404
v 116.285 		21.606 		12.031
v 119.676 		21.515 		13.843
v 118.551 		55.403 		6.404
v 121.79 		53.238 		6.404
v 121.937 		52.804 		6.404
v 122.809 		22.641 		12.985
v 122.026 		52.354 		6.404
v 116.835 		0.059 		3.898
v 119.008 		55.373 		6.404
v 117.086 		0.227 		3.898
v 119.458 		55.283 		6.404
v 117.357 		0.361 		3.898
v 119.892 		55.136 		6.404
v 117.643 		0.458 		3.898
v 117.939 		0.517 		3.898
v 120.304 		54.933 		6.404
v 115.77 		21.515 		11.779
v 118.241 		0.537 		3.898
v 120.685 		54.678 		6.404
v 118.542 		0.517 		3.898
v 118.839 		0.458 		3.898
v 121.03 		54.376 		6.404
v 122.744 		22.863 		12.92
v 116.128 		21.515 		12.188
v 119.125 		0.361 		3.898
v 121.332 		54.031 		6.404
v 119.396 		0.227 		3.898
v 121.587 		53.65 		6.404
v 119.647 		0.059 		3.898
v 122.083 		22.403 		10.986
v 122.641 		23.054 		12.817
v 122.144 		23.054 		13.252
v 122.11 		22.165 		11.001
v 118.729 		49.483 		3.898
v 118.427 		49.463 		3.898
v 118.126 		49.483 		3.898
v 119.07 		21.515 		13.883
v 121.623 		4.658 		3.898
v 118.17 		22.403 		12.606
v 114.718 		4.658 		3.898
v 118.616 		22.403 		12.695
v 119.705 		21.606 		14.063
v 122.19 		21.943 		11.047
v 116.611 		22.403 		11.706
v 116.59 		22.403 		11.682
v 117.829 		49.542 		3.898
v 117.543 		49.639 		3.898
v 117.272 		49.773 		3.898
v 117.021 		49.941 		3.898
v 122.316 		21.753 		11.12
v 116.794 		50.14 		3.898
v 116.594 		50.367 		3.898
v 116.427 		50.618 		3.898
v 116.5869 		22.3853 		11.682
v 116.589 		22.165 		11.728
v 116.5486 		22.165 		11.682
v 122.6 		9.459 		8.913
v 121.105 		9.339 		8.913
v 127.539 		16.095 		10.565
v 127.539 		16.095 		0
v 127.539 		16.095 		6.563
v 122.0642 		16.095 		6.563
v 122.0642 		16.095 		8.913
v 119.07 		21.606 		14.105
v 118.162 		22.165 		12.637
v 108.662 		9.245 		0.065
v 109.518 		9.8172 		0.065
v 122.481 		21.606 		11.216
v 108.662 		9.245 		6.563
v 116.293 		50.889 		3.898
v 109.518 		9.8172 		6.563
v 116.196 		51.175 		3.898
v 116.137 		51.472 		3.898
v 115.555 		9.252 		6.563
v 119.729 		21.753 		14.252
v 114.068 		9.451 		6.563
v 115.555 		9.252 		8.842
v 114.068 		9.451 		8.842
v 122.709 		21.606 		10.754
v 118.612 		22.165 		12.726
v 109.518 		16.095 		10.565
v 119.07 		21.753 		14.296
v 109.518 		16.095 		6.563
v 114.9564 		16.095 		6.563
v 114.9564 		16.095 		8.842
v 116.117 		51.773 		3.898
v 116.137 		52.075 		3.898
v 120.5595 		16.095 		6.563
v 116.4699 		16.095 		6.563
v 116.1912 		52.347 		3.898
v 120.5595 		16.095 		8.913
v 116.4699 		16.095 		8.842
v 120.658 		51.175 		3.898
v 120.561 		50.889 		3.898
v 120.428 		50.618 		3.898
v 122.284 		22.403 		10.578
v 120.26 		50.367 		3.898
v 120.06 		50.14 		3.898
v 119.833 		49.941 		3.898
v 122.028 		23.2 		13.101
v 119.582 		49.773 		3.898
v 119.311 		49.639 		3.898
v 119.07 		21.515 		13.407
v 119.025 		49.542 		3.898
v 122.313 		22.165 		10.59
v 121.893 		23.292 		12.925
v 119.613 		21.515 		13.371
v 122.398 		21.943 		10.625
v 118.138 		21.943 		12.725
v 122.533 		21.753 		10.681
v 122.506 		23.2 		12.682
v 116.5292 		22.1297 		11.682
v 122.349 		23.292 		12.525
v 116.4265 		21.943 		11.682
v 120.737 		51.773 		3.898
v 120.717 		51.472 		3.898
v 120.6628 		52.347 		3.898
v 120.717 		52.075 		3.898
v 116.2318 		21.753 		11.682
v 122.181 		23.323 		12.357
v 116.3451 		21.8634 		11.682
v 121.95 		52.347 		3.898
v 116.0172 		21.6281 		11.682
v 115.9793 		21.606 		11.682
v 120.825 		22.641 		12.286
v 115.045 		52.347 		3.898
v 115.8965 		21.5804 		11.682
v 120.81 		22.403 		12.259
v 119.07 		21.483 		13.645
v 119.644 		21.483 		13.607
v 120.825 		22.165 		12.286
v 118.38 		22.641 		14.488
v 118.376 		22.403 		14.52
v 117.702 		22.641 		14.354
v 116.752 		23.292 		13.262
v 117.694 		22.403 		14.384
v 117.387 		23.323 		13.31
v 118.392 		22.863 		14.397
v 116.871 		23.323 		13.056
v 116.99 		23.292 		12.849
v 118.392 		21.943 		14.397
v 117.478 		23.292 		13.09
v 115.216 		23.2 		12.204
v 118.38 		22.165 		14.488
v 115.392 		23.292 		12.069
v 117.702 		22.165 		14.354
v 121.95 		51.0547 		4.415
v 117.563 		23.2 		12.885
v 115.581 		23.323 		11.924
v 121.95 		52.347 		4.415
v 122.026 		51.439 		4.415
v 122.056 		51.897 		4.415
v 119.07 		22.165 		12.756
v 119.528 		22.165 		12.726
v 115.0745 		52.347 		4.415
v 114.698 		23.054 		11.771
v 118.411 		23.054 		14.252
v 116.1912 		52.347 		4.415
v 117.101 		23.2 		12.657
v 117.764 		23.054 		14.124
v 114.867 		23.2 		11.682
v 114.8649 		23.1986 		11.682
v 114.8526 		23.1908 		11.682
v 120.6628 		52.347 		4.415
v 115.1332 		23.292 		11.682
v 115.0845 		23.2752 		11.682
v 115.075 		52.354 		4.415
v 118.436 		23.2 		14.063
v 115.419 		23.323 		11.682
v 117.196 		23.054 		12.492
v 115.164 		52.804 		4.415
v 115.312 		53.238 		4.415
v 115.3106 		23.3113 		11.682
v 117.813 		23.2 		13.939
v 115.514 		53.65 		4.415
v 115.5348 		23.3104 		11.682
v 115.769 		54.031 		4.415
v 116.072 		54.376 		4.415
v 115.705 		23.292 		11.682
v 116.416 		54.678 		4.415
v 117.636 		23.054 		12.709
v 116.798 		54.933 		4.415
v 118.465 		23.292 		13.843
v 117.209 		55.136 		4.415
v 117.643 		55.283 		4.415
v 118.093 		55.373 		4.415
v 118.551 		55.403 		4.415
v 121.79 		53.238 		4.415
v 121.937 		52.804 		4.415
v 122.026 		52.354 		4.415
v 117.269 		22.863 		12.366
v 119.008 		55.373 		4.415
v 117.87 		23.292 		13.725
v 119.458 		55.283 		4.415
v 115.392 		21.515 		12.069
v 119.892 		55.136 		4.415
v 117.692 		22.863 		12.574
v 120.304 		54.933 		4.415
v 120.685 		54.678 		4.415
v 121.03 		54.376 		4.415
v 121.332 		54.031 		4.415
v 118.496 		23.323 		13.607
v 121.587 		53.65 		4.415
v 116.196 		52.371 		4.415
v 115.216 		21.606 		12.204
v 117.932 		23.323 		13.495
v 116.293 		52.657 		4.415
v 117.727 		22.641 		12.489
v 116.427 		52.928 		4.415
v 116.594 		53.179 		4.415
v 120.26 		53.179 		4.415
v 120.428 		52.928 		4.415
v 120.561 		52.657 		4.415
v 120.658 		52.371 		4.415
v 116.794 		53.406 		4.415
v 117.563 		21.606 		12.885
v 117.021 		53.606 		4.415
v 117.272 		53.774 		4.415
v 117.543 		53.907 		4.415
v 118.527 		23.292 		13.371
v 117.829 		54.004 		4.415
v 116.99 		21.515 		12.849
v 118.126 		54.063 		4.415
v 117.478 		21.515 		13.09
v 118.427 		54.083 		4.415
v 118.729 		54.063 		4.415
v 115.705 		21.515 		11.682
v 119.025 		54.004 		4.415
v 115.6217 		21.5057 		11.682
v 119.311 		53.907 		4.415
v 119.582 		53.774 		4.415
v 115.2264 		21.5046 		11.682
v 119.833 		53.606 		4.415
v 120.06 		53.406 		4.415
v 115.1332 		21.515 		11.682
v 118.527 		21.515 		13.371
v 114.8711 		21.6046 		11.682
v 114.867 		21.606 		11.682
v 116.752 		21.515 		13.262
v 114.698 		21.753 		11.771
v 114.8526 		21.6153 		11.682
v 118.465 		21.515 		13.843
v 117.739 		22.403 		12.46
v 115.581 		21.483 		11.924
v 115.419 		21.483 		11.682
v 117.727 		22.165 		12.489
v 117.87 		21.515 		13.725
v 118.436 		21.606 		14.063
v 114.491 		22.641 		11.89
v 117.813 		21.606 		13.939
v 117.269 		21.943 		12.366
v 117.692 		21.943 		12.574
v 118.411 		21.753 		14.252
v 117.764 		21.753 		14.124
v 117.196 		21.753 		12.492
v 117.636 		21.753 		12.709
v 117.932 		21.483 		13.495
v 118.496 		21.483 		13.607
v 114.023 		57.647 		6.404
v 113.044 		56.993 		6.404
v 112.157 		56.215 		6.404
v 111.38 		55.329 		6.404
v 110.726 		54.349 		6.404
v 110.204 		53.292 		6.404
v 109.825 		52.176 		6.404
v 117.101 		21.606 		12.657
v 109.596 		51.02 		6.404
v 109.518 		49.844 		6.404
v 109.5478 		49.394 		6.404
v 117.047 		22.641 		14.131
v 121.95 		45.342 		6.404
v 115.045 		45.342 		6.404
v 121.95 		45.342 		3.898
v 115.045 		45.342 		3.898
v 117.726 		22.863 		14.265
v 114.068 		40.541 		8.913
v 115.563 		40.661 		8.913
v 115.563 		40.661 		6.5
v 114.068 		40.541 		6.5
v 117.082 		22.863 		14.046
v 121.113 		40.748 		8.842
v 122.6 		40.549 		8.842
v 122.6 		40.549 		6.5
v 121.113 		40.748 		6.5
v 116.871 		21.483 		13.056
v 117.387 		21.483 		13.31
v 117.138 		23.054 		13.911
v 117.211 		23.2 		13.735
v 116.427 		22.641 		13.825
v 115.852 		22.641 		13.441
v 117.296 		23.292 		13.53
v 116.473 		22.863 		13.746
v 115.908 		22.863 		13.368
v 116.546 		23.054 		13.619
v 116.641 		23.2 		13.454
v 117.035 		22.403 		14.16
v 116.411 		22.403 		13.852
v 115.833 		22.403 		13.466
v 117.296 		21.515 		13.53
v 116.641 		21.606 		13.454
v 117.211 		21.606 		13.735
v 116.546 		21.753 		13.619
v 116.473 		21.943 		13.746
v 115.908 		21.943 		13.368
v 117.138 		21.753 		13.911
v 116.427 		22.165 		13.825
v 115.852 		22.165 		13.441
v 117.082 		21.943 		14.046
v 115.997 		23.054 		13.252
v 116.113 		23.2 		13.101
v 116.248 		23.292 		12.925
v 122.749 		23.292 		12.069
v 122.56 		23.323 		11.924
v 122.012 		23.292 		12.188
v 122.371 		23.292 		11.779
v 122.673 		23.292 		11.327
v 122.195 		23.2 		11.644
v 122.044 		23.054 		11.528
v 121.928 		22.863 		11.439
v 122.012 		21.515 		12.188
v 122.371 		21.515 		11.779
v 122.749 		21.515 		12.069
v 121.928 		21.943 		11.439
v 122.044 		21.753 		11.528
v 122.195 		21.606 		11.644
v 122.673 		21.515 		11.327
v 122.56 		21.483 		11.924
v 121.855 		23.2 		12.031
v 121.352 		23.054 		12.22
v 121.721 		23.054 		11.897
v 121.263 		22.863 		12.104
v 121.617 		22.863 		11.793
v 121.207 		22.641 		12.031
# 1077 vertices

g group_8_6383466

usemtl color_6383466
s 0

f 9309 	9303 	9308
f 9314 	9441 	9315
f 9313 	9441 	9314
f 9620 	9616 	9316
f 9441 	9620 	9315
f 10342 	9306 	10341
f 9400 	9401 	9325
f 9328 	9325 	9401
f 9329 	9328 	9402
f 9335 	9410 	9336
f 9309 	9344 	9303
f 9302 	9341 	9468
f 9616 	9613 	9305
f 9343 	9598 	9345
f 9598 	9595 	9345
f 9346 	9345 	9595
f 9351 	9344 	9309
f 9352 	9353 	9350
f 9351 	9359 	9344
f 9344 	9359 	9629
f 9355 	9362 	9337
f 9349 	9348 	9369
f 9352 	9356 	9317
f 9353 	9352 	9317
f 9356 	10208 	9317
f 9354 	9356 	9352
f 9365 	9359 	9351
f 9348 	9346 	9595
f 9340 	9606 	9342
f 9342 	9602 	9343
f 9331 	9329 	9406
f 9402 	9406 	9329
f 9401 	9402 	9328
f 9325 	9324 	9400
f 9324 	9323 	9400
f 9322 	9358 	9398
f 9358 	9349 	9370
f 9369 	9370 	9349
f 9595 	9369 	9348
f 9370 	9398 	9358
f 9334 	9409 	9335
f 9361 	9363 	9360
f 9364 	9362 	9355
f 9326 	9320 	9797
f 9338 	9347 	9357
f 9994 	9970 	9326
f 9364 	9355 	9599
f 9365 	9351 	9496
f 9371 	9359 	9365
f 9367 	9366 	9357
f 9374 	9366 	9367
f 9367 	9341 	9374
f 9646 	9798 	9368
f 9372 	9371 	9365
f 9378 	9974 	9379
f 9302 	9468 	9376
f 9372 	9383 	9371
f 9373 	9381 	9376
f 9304 	9397 	9382
f 9321 	9302 	9376
f 9381 	9321 	9376
f 9310 	9304 	9382
f 9384 	9383 	9372
f 9385 	9310 	9382
f 9387 	9330 	9381
f 9547 	9384 	9372
f 9320 	9502 	9347
f 9330 	9321 	9381
f 9502 	9320 	9385
f 9326 	9310 	9385
f 9320 	9326 	9385
f 9387 	9391 	9330
f 9338 	9320 	9347
f 9390 	9391 	9387
f 9357 	9366 	9338
f 9398 	9399 	9322
f 9323 	9322 	9399
f 9399 	9400 	9323
f 9406 	9407 	9331
f 9332 	9331 	9407
f 9334 	9333 	9408
f 9407 	9408 	9332
f 9333 	9332 	9408
f 9410 	9335 	9409
f 9409 	9334 	9408
f 9411 	9336 	9410
f 9412 	9806 	9411
f 9413 	9319 	9412
f 9395 	9396 	9415
f 9415 	9393 	10285
f 9441 	9311 	10105
f 9417 	10105 	9311
f 9421 	9396 	9395
f 9405 	9437 	10152
f 9312 	9441 	9313
f 9416 	9813 	9685
f 9425 	9685 	9426
f 9422 	9416 	9685
f 9426 	9685 	9427
f 9427 	9685 	9429
f 9421 	9418 	9428
f 9418 	9421 	9395
f 9430 	10105 	9431
f 9437 	9405 	9419
f 9432 	10105 	9433
f 9434 	10105 	9436
f 9436 	10105 	9417
f 9439 	9437 	9419
f 9434 	9433 	10105
f 10105 	9432 	9431
f 9429 	9685 	9430
f 9312 	9311 	9441
f 9305 	9316 	9616
f 9414 	9685 	9813
f 9360 	9442 	9418
f 9414 	9808 	9413
f 9813 	9811 	9414
f 9418 	9442 	9428
f 9308 	9438 	9309
f 9360 	9363 	9442
f 9446 	9451 	9445
f 9444 	9445 	9451
f 9447 	9451 	9446
f 9443 	9444 	9451
f 9448 	9309 	9438
f 9443 	9451 	9450
f 9451 	10004 	9450
f 9449 	9450 	10004
f 9455 	9456 	10009
f 10005 	10009 	9456
f 9449 	10005 	9456
f 9318 	10208 	9361
f 9428 	10218 	9421
f 9442 	9363 	10208
f 9442 	10218 	9428
f 9361 	10208 	9363
f 9458 	9459 	10014
f 9452 	10012 	9459
f 9462 	9533 	9461
f 9577 	9533 	9462
f 9376 	9435 	9373
f 9351 	9309 	9448
f 9591 	9592 	10104
f 9464 	9465 	9444
f 9464 	9444 	9443
f 9448 	9438 	9475
f 9465 	9466 	9445
f 9465 	9445 	9444
f 9486 	9487 	9467
f 10104 	9467 	9546
f 9376 	9468 	9435
f 9466 	9469 	9446
f 9466 	9446 	9445
f 9469 	9471 	9447
f 9469 	9447 	9446
f 9496 	9351 	9448
f 9471 	10114 	9447
f 9473 	9470 	9384
f 10018 	10019 	9485
f 9464 	9485 	10019
f 9485 	9483 	10018
f 9566 	9577 	9462
f 9566 	9462 	9458
f 9462 	9461 	9459
f 9462 	9459 	9458
f 9470 	9383 	9384
f 9477 	9478 	9452
f 9452 	9459 	9477
f 9459 	9461 	9477
f 9460 	9477 	9461
f 9478 	9479 	9453
f 9478 	9453 	9452
f 9479 	9480 	9454
f 9479 	9454 	9453
f 9480 	9481 	9455
f 9480 	9455 	9454
f 9473 	9501 	9470
f 9481 	9482 	9456
f 9481 	9456 	9455
f 9482 	9483 	9449
f 9482 	9449 	9456
f 9542 	9467 	9541
f 9539 	9467 	9472
f 9483 	9485 	9450
f 9483 	9450 	9449
f 9484 	9448 	9475
f 9485 	9464 	9450
f 9443 	9450 	9464
f 9487 	9546 	9467
f 9489 	9490 	9467
f 9489 	9467 	9491
f 9486 	9467 	9490
f 9479 	9478 	9667
f 9664 	9667 	9478
f 9477 	9664 	9478
f 9496 	9448 	9484
f 9451 	10112 	9414
f 9491 	9467 	9495
f 9494 	9513 	9493
f 9500 	9492 	9513
f 9499 	9500 	9513
f 9493 	9513 	9492
f 9498 	9499 	9513
f 9497 	9498 	9513
f 9502 	9476 	9488
f 9505 	9603 	9504
f 9504 	9607 	9503
f 9507 	9617 	9506
f 9508 	9614 	9507
f 9503 	9610 	9508
f 9476 	9502 	10367
f 9510 	9496 	9484
f 9494 	9506 	9513
f 9511 	9600 	9505
f 9512 	9488 	9750
f 9514 	9501 	9473
f 9347 	9488 	9512
f 9520 	9523 	9519
f 9518 	9519 	9523
f 9517 	9518 	9523
f 9509 	9467 	9522
f 9521 	9529 	9520
f 9534 	9365 	9496
f 9514 	9545 	9501
f 9522 	9467 	9536
f 9495 	9467 	9509
f 9523 	9524 	9525
f 9523 	9525 	9526
f 9523 	9526 	9527
f 9523 	9527 	9528
f 9528 	9517 	9523
f 9523 	9520 	9530
f 9529 	9530 	9520
f 9539 	9535 	9467
f 9532 	9533 	9531
f 9488 	9347 	9502
f 9492 	9520 	9519
f 9536 	9467 	9535
f 9519 	9518 	9493
f 9519 	9493 	9492
f 9518 	9517 	9494
f 9518 	9494 	9493
f 9520 	9537 	9521
f 9520 	9500 	9537
f 9500 	9499 	9537
f 9538 	9537 	9499
f 9520 	9492 	9500
f 9534 	9496 	9510
f 9472 	9467 	9542
f 9543 	9544 	9498
f 9543 	9498 	9497
f 9499 	9498 	9544
f 9499 	9544 	9538
f 9372 	9365 	9534
f 9529 	9521 	9537
f 9611 	9612 	9457
f 9543 	10036 	9544
f 9547 	9534 	10374
f 9494 	9517 	9506
f 9528 	9506 	9517
f 9357 	9347 	9512
f 9527 	9507 	9506
f 9527 	9506 	9528
f 9526 	9508 	9507
f 9526 	9507 	9527
f 9526 	9525 	9503
f 9526 	9503 	9508
f 9547 	9372 	9534
f 9525 	9524 	9504
f 9525 	9504 	9503
f 9546 	9584 	10104
f 9582 	9583 	10104
f 9512 	9540 	9357
f 9524 	9523 	9505
f 9524 	9505 	9504
f 9548 	9545 	9514
f 9511 	9505 	9530
f 9505 	9523 	9530
f 9550 	9594 	9474
f 9530 	9529 	9551
f 9552 	9511 	9551
f 9530 	9551 	9511
f 9533 	9532 	9552
f 9532 	9515 	9552
f 9511 	9552 	9515
f 9532 	9531 	9516
f 9532 	9516 	9515
f 9537 	9551 	9529
f 9440 	9549 	9757
f 9548 	9394 	9545
f 9550 	9636 	9605
f 9367 	9540 	9549
f 9594 	9548 	10176
f 9367 	9357 	9540
f 9513 	9441 	9497
f 9441 	10105 	9497
f 9562 	9394 	9548
f 9468 	9549 	9440
f 9636 	9550 	9553
f 9559 	9560 	9642
f 9642 	9647 	9559
f 9516 	9593 	9515
f 9468 	9440 	9435
f 9553 	9550 	9722
f 9638 	9642 	9560
f 9560 	9561 	9638
f 9555 	9638 	9561
f 9561 	9556 	9555
f 9557 	9634 	9556
f 9468 	9341 	9549
f 9454 	9455 	10010
f 9453 	9454 	10011
f 10014 	9459 	10012
f 9565 	9566 	9628
f 9367 	9549 	9341
f 10016 	9628 	9566
f 9453 	10012 	9452
f 9566 	9458 	10016
f 9597 	10104 	9568
f 9581 	9568 	10104
f 9570 	9533 	9569
f 9460 	9461 	9533
f 9533 	9570 	9571
f 9533 	9571 	9572
f 9533 	9572 	9573
f 9533 	9573 	9574
f 9533 	9574 	9531
f 10104 	9575 	9576
f 9576 	9580 	10104
f 9575 	10104 	9583
f 9562 	9405 	9394
f 9579 	9533 	9578
f 9569 	9533 	9579
f 9578 	9533 	9577
f 9581 	10104 	9580
f 9562 	9419 	9405
f 9516 	9531 	9574
f 9516 	9574 	9558
f 9574 	9573 	9559
f 9574 	9559 	9558
f 9573 	9572 	9560
f 9573 	9560 	9559
f 9572 	9571 	9561
f 9572 	9561 	9560
f 9582 	10104 	9584
f 9571 	9570 	9556
f 9571 	9556 	9561
f 9556 	9570 	9569
f 9556 	9569 	9557
f 9963 	9567 	9304
f 9486 	9585 	9487
f 9460 	9533 	9552
f 9564 	9557 	9579
f 9569 	9579 	9557
f 9588 	9842 	9439
f 9579 	9578 	9565
f 9579 	9565 	9564
f 9578 	9577 	9566
f 9578 	9566 	9565
f 9439 	9842 	9437
f 9963 	9967 	9567
f 9490 	9489 	9589
f 9552 	9477 	9460
f 9554 	9588 	9439
f 9490 	9589 	9585
f 9486 	9490 	9585
f 9511 	9515 	9596
f 9593 	9596 	9515
f 9615 	9373 	9585
f 9590 	9608 	10104
f 9369 	9595 	9593
f 9596 	9600 	9511
f 10176 	9474 	9594
f 9597 	9591 	10104
f 9589 	9615 	9585
f 9595 	9598 	9596
f 9595 	9596 	9593
f 9594 	9562 	9548
f 9603 	9505 	9600
f 9491 	9589 	9489
f 10126 	10104 	9586
f 9598 	9602 	9600
f 9598 	9600 	9596
f 9495 	9621 	9491
f 9607 	9504 	9603
f 10022 	9604 	9599
f 9594 	9605 	9562
f 9602 	9606 	9603
f 9602 	9603 	9600
f 9610 	9503 	9607
f 9592 	9590 	10104
f 9608 	9463 	10104
f 9463 	9601 	10104
f 9606 	9609 	9607
f 9606 	9607 	9603
f 9601 	9586 	10104
f 9614 	9508 	9610
f 9632 	9621 	9509
f 9612 	9541 	9457
f 9467 	9457 	9541
f 9609 	9613 	9610
f 9609 	9610 	9607
f 9303 	9344 	9604
f 9611 	9457 	9619
f 9613 	9616 	9614
f 9613 	9614 	9610
f 9617 	9507 	9614
f 9513 	9506 	9617
f 9619 	9457 	9618
f 9624 	9626 	9457
f 9373 	9615 	9381
f 9616 	9620 	9617
f 9616 	9617 	9614
f 9620 	9441 	9513
f 9620 	9513 	9617
f 9623 	9457 	9622
f 9618 	9457 	9623
f 9550 	9605 	9594
f 9604 	10022 	9303
f 9625 	9419 	9605
f 9538 	10036 	9537
f 9544 	10036 	9538
f 9621 	9615 	9589
f 9622 	9457 	9626
f 9627 	9364 	9599
f 9419 	9562 	9605
f 9633 	9634 	9564
f 9557 	9564 	9634
f 9387 	9381 	9615
f 9627 	9368 	9364
f 9629 	9627 	9604
f 9621 	9387 	9615
f 9624 	9457 	9631
f 9631 	9457 	9630
f 9627 	9599 	9604
f 9401 	9633 	9628
f 9401 	9628 	9402
f 9646 	9368 	9627
f 9555 	9556 	9634
f 9553 	9722 	9723
f 9400 	9634 	9633
f 9400 	9633 	9401
f 9625 	9554 	9439
f 9629 	9646 	9627
f 9439 	9419 	9625
f 9637 	9636 	9553
f 9399 	9555 	9634
f 9399 	9634 	9400
f 9344 	9629 	9604
f 9558 	9559 	9647
f 9390 	9621 	9632
f 9390 	9387 	9621
f 9640 	9630 	10126
f 9648 	9643 	10126
f 9398 	9638 	9555
f 9398 	9555 	9399
f 9625 	9635 	9554
f 9457 	10126 	9630
f 9647 	9593 	9558
f 9522 	9536 	9632
f 9641 	9632 	9536
f 9639 	10126 	9644
f 9644 	10126 	9643
f 9370 	9642 	9638
f 9370 	9638 	9398
f 9516 	9558 	9593
f 9648 	10126 	9645
f 9369 	9647 	9642
f 9369 	9642 	9370
f 9625 	9605 	9636
f 9635 	9625 	9636
f 9593 	9647 	9369
f 9650 	9646 	9629
f 9641 	9404 	9632
f 9404 	9390 	9632
f 9368 	9375 	9364
f 9636 	9637 	9635
f 9649 	9554 	9635
f 9655 	10126 	9654
f 9586 	9587 	10126
f 9554 	9649 	9665
f 9655 	9645 	10126
f 9649 	9635 	9675
f 9629 	9359 	9650
f 9649 	9672 	9665
f 9654 	10126 	9587
f 9423 	9641 	9652
f 9359 	9371 	9650
f 9798 	9646 	9663
f 9669 	9670 	9480
f 9665 	9588 	9554
f 9423 	9404 	9641
f 9639 	9640 	10126
f 9482 	9481 	9671
f 9670 	9671 	9481
f 9671 	10020 	9482
f 9650 	9663 	9646
f 9673 	9674 	9653
f 9665 	9955 	9588
f 9383 	9666 	9371
f 9678 	9551 	9677
f 9650 	9666 	9663
f 9679 	9551 	9678
f 9675 	9635 	9637
f 9680 	9551 	9679
f 9677 	9551 	9676
f 9551 	9537 	9653
f 9666 	9650 	9371
f 9684 	9552 	9683
f 9672 	9397 	9304
f 9621 	9589 	9491
f 9683 	9552 	9682
f 9665 	9672 	9567
f 9685 	10128 	9686
f 9686 	10128 	9457
f 9495 	9509 	9621
f 9567 	9955 	9665
f 9653 	9674 	9676
f 9676 	9551 	9653
f 9681 	9552 	9680
f 9687 	9467 	10106
f 10104 	10106 	9467
f 9304 	9567 	9672
f 9666 	9383 	9749
f 9467 	9687 	9457
f 9687 	9686 	9457
f 9688 	9689 	9690
f 9688 	9690 	9691
f 9509 	9522 	9632
f 9682 	9552 	9681
f 9659 	9477 	9658
f 9660 	9477 	9659
f 9660 	9661 	9477
f 9661 	9662 	9477
f 9662 	9664 	9477
f 9658 	9477 	9657
f 9656 	9657 	9552
f 9656 	9552 	9684
f 9551 	9680 	9552
f 9536 	9535 	9641
f 9688 	9691 	10328
f 9694 	9695 	9805
f 9535 	9539 	9641
f 9652 	9641 	9539
f 9690 	9689 	10326
f 9693 	9721 	9696
f 9701 	10085 	9699
f 9652 	9539 	9472
f 9472 	9542 	9652
f 9668 	9652 	9542
f 9388 	9704 	9403
f 9704 	9474 	9403
f 9668 	9542 	9541
f 9704 	9388 	9389
f 9706 	9704 	9389
f 9612 	9668 	9541
f 9585 	9707 	9487
f 9546 	9487 	9707
f 9722 	9550 	9474
f 9710 	9709 	9700
f 9709 	9726 	10001
f 9373 	9707 	9585
f 9722 	9474 	9704
f 9707 	9373 	9435
f 9696 	9708 	9902
f 9394 	9710 	9545
f 9690 	10329 	9691
f 9575 	9711 	9576
f 9689 	9688 	10326
f 9709 	9692 	9700
f 9713 	9714 	9715
f 9713 	9715 	9716
f 9711 	9580 	9576
f 9581 	9757 	9568
f 9711 	9757 	9580
f 9723 	9722 	9706
f 9575 	9583 	9711
f 9725 	9711 	9583
f 9710 	9700 	9545
f 9722 	9704 	9706
f 9582 	9725 	9583
f 9726 	9709 	9710
f 9711 	9725 	9440
f 9440 	9757 	9711
f 9729 	9721 	9693
f 9730 	9724 	9721
f 9707 	9584 	9546
f 10368 	9553 	9723
f 9405 	9728 	9394
f 9582 	9584 	9725
f 9707 	9725 	9584
f 9728 	9726 	9710
f 9732 	9907 	9720
f 9733 	9909 	9732
f 9734 	9880 	9733
f 9735 	9879 	9734
f 9736 	9860 	9735
f 9737 	9860 	9736
f 9435 	9440 	9725
f 9729 	9730 	9721
f 10148 	9726 	9728
f 9725 	9707 	9435
f 9728 	9710 	9394
f 9637 	9553 	10368
f 9420 	9824 	9392
f 9405 	10152 	9728
f 9731 	9392 	9824
f 10250 	10240 	9731
f 9767 	9740 	9586
f 9721 	9744 	9696
f 9744 	9721 	9724
f 9743 	9663 	9666
f 9744 	9724 	9747
f 9748 	9745 	9727
f 9749 	9743 	9666
f 9731 	9745 	9748
f 9746 	9590 	9750
f 9488 	9476 	9746
f 9488 	9746 	9750
f 10198 	9743 	9749
f 9383 	9470 	9749
f 9750 	9591 	9753
f 9392 	9748 	10330
f 9752 	9668 	9755
f 9753 	9512 	9750
f 9731 	9748 	9392
f 9753 	9568 	9757
f 9756 	9760 	9751
f 9760 	9754 	9751
f 9581 	9580 	9757
f 9540 	9753 	9757
f 9540 	9512 	9753
f 9758 	9752 	9755
f 9549 	9540 	9757
f 9744 	9708 	9696
f 9744 	9756 	9708
f 9740 	9587 	9586
f 9747 	9760 	9756
f 9744 	9747 	9756
f 9762 	9794 	9812
f 9750 	9592 	9591
f 9592 	9750 	9590
f 9759 	9764 	9761
f 9597 	9568 	9753
f 9597 	9753 	9591
f 9763 	9764 	9759
f 9693 	9696 	9853
f 9767 	9563 	9740
f 9463 	9767 	9601
f 9765 	9762 	9812
f 9729 	9693 	9766
f 9586 	9601 	9767
f 9767 	9463 	9746
f 9611 	9755 	9612
f 9563 	9767 	9476
f 9668 	9612 	9755
f 9770 	9764 	9763
f 9746 	9476 	9767
f 9590 	9746 	9608
f 10105 	9685 	9739
f 9608 	9746 	9463
f 9769 	9770 	9763
f 9742 	9741 	9685
f 9685 	9942 	9777
f 9803 	9366 	9775
f 9778 	10188 	9769
f 9792 	9801 	9791
f 9794 	9758 	9755
f 9823 	9819 	9786
f 9375 	9362 	9364
f 9303 	9788 	9308
f 9796 	9375 	9368
f 9338 	9797 	9320
f 9759 	9761 	9795
f 9368 	9798 	9796
f 9793 	9801 	9792
f 9781 	9780 	9942
f 9420 	9705 	9799
f 9942 	9943 	9781
f 10083 	9791 	9801
f 9801 	9793 	9784
f 9801 	9784 	9785
f 9366 	9803 	9338
f 9799 	9824 	9420
f 9803 	9797 	9338
f 9805 	9695 	9697
f 9698 	9699 	9805
f 10085 	9805 	9699
f 9702 	10085 	9701
f 9697 	9698 	9805
f 9794 	9762 	9758
f 9807 	9799 	9705
f 9611 	9619 	9755
f 9794 	9755 	9619
f 9374 	9775 	9366
f 9618 	9794 	9619
f 9618 	9623 	9794
f 9774 	9814 	9775
f 9812 	9794 	9623
f 9416 	10041 	9813
f 9807 	9830 	9799
f 9622 	9812 	9623
f 9694 	9806 	9695
f 9812 	9815 	9765
f 9806 	9319 	9695
f 9697 	9319 	9698
f 9808 	9698 	9319
f 9815 	10075 	9765
f 9624 	9815 	9626
f 9698 	9808 	9699
f 9809 	9699 	9808
f 9810 	9701 	9699
f 9810 	9699 	9809
f 9701 	9810 	9702
f 9811 	9702 	9810
f 9813 	9703 	9702
f 9813 	9702 	9811
f 9813 	10041 	9703
f 9812 	9626 	9815
f 9622 	9626 	9812
f 9695 	9319 	9697
f 9693 	9853 	9816
f 9311 	10044 	9417
f 9786 	9819 	9774
f 9312 	9789 	9311
f 9821 	9836 	9817
f 9313 	9789 	9312
f 9795 	9821 	9817
f 9819 	9814 	9774
f 9820 	9816 	9814
f 9793 	9315 	9316
f 9795 	9761 	9821
f 9784 	9793 	9305
f 9820 	9814 	9819
f 9784 	9305 	9785
f 9766 	9693 	9816
f 10044 	9311 	9787
f 9820 	9766 	9816
f 9787 	9311 	9789
f 9313 	9790 	9789
f 9790 	9313 	9314
f 9790 	9314 	9791
f 9315 	9792 	9314
f 9791 	9314 	9792
f 9792 	9315 	9793
f 9316 	9305 	9793
f 9823 	9825 	9819
f 10250 	9731 	9824
f 10085 	10034 	9827
f 9825 	9820 	9819
f 9805 	10085 	9827
f 9829 	9805 	9827
f 10120 	10087 	9822
f 9651 	10024 	9827
f 9820 	9825 	9768
f 9824 	9799 	9828
f 9827 	10024 	9829
f 10083 	9801 	9653
f 9822 	9826 	10120
f 9768 	9766 	9820
f 9828 	9799 	9830
f 9653 	9801 	9831
f 9653 	9831 	9673
f 9835 	9694 	9805
f 9823 	9834 	9825
f 9835 	9805 	9829
f 9832 	9751 	9826
f 9836 	9807 	9817
f 9772 	9825 	9834
f 10120 	9826 	9751
f 9837 	9831 	9785
f 9833 	9834 	9823
f 9807 	9836 	9830
f 9768 	9825 	9772
f 9418 	9830 	9836
f 10145 	9424 	9833
f 9756 	9751 	9832
f 9785 	9831 	9801
f 9838 	9834 	9833
f 9708 	9756 	9832
f 9656 	9872 	9839
f 9656 	9839 	9840
f 9656 	9840 	9657
f 9424 	9838 	9833
f 9696 	9902 	9853
f 9657 	9840 	9841
f 9657 	9841 	9658
f 9658 	9841 	9843
f 9658 	9843 	9659
f 9838 	9783 	9834
f 9659 	9843 	9844
f 9659 	9844 	9660
f 9783 	9772 	9834
f 9660 	9844 	9845
f 9660 	9845 	9661
f 9821 	9360 	9836
f 9661 	9845 	9846
f 9661 	9846 	9662
f 9847 	9664 	9846
f 9662 	9846 	9664
f 9308 	9788 	9838
f 9788 	9783 	9838
f 9664 	9847 	9667
f 9849 	9667 	9847
f 9850 	9669 	9667
f 9850 	9667 	9849
f 9814 	9851 	9775
f 9852 	9670 	9669
f 9852 	9669 	9850
f 9816 	9853 	9851
f 9854 	9671 	9670
f 9854 	9670 	9852
f 9818 	9842 	9588
f 9856 	9674 	9673
f 9856 	9673 	9831
f 9818 	10047 	9842
f 9857 	9676 	9674
f 9857 	9674 	9856
f 9858 	9677 	9676
f 9858 	9676 	9857
f 9859 	9678 	9677
f 9859 	9677 	9858
f 9816 	9851 	9814
f 9861 	9679 	9678
f 9861 	9678 	9859
f 9863 	9680 	9679
f 9861 	9863 	9679
f 9860 	9737 	9862
f 9865 	9681 	9680
f 9865 	9680 	9863
f 9862 	9737 	9864
f 9867 	9682 	9681
f 9867 	9681 	9865
f 9864 	9737 	9866
f 9870 	9683 	9682
f 9870 	9682 	9867
f 9872 	9684 	9683
f 9872 	9683 	9870
f 9866 	9737 	9868
f 9871 	9868 	10105
f 9872 	9656 	9684
f 9840 	9839 	9878
f 9880 	9734 	9879
f 9879 	9735 	9860
f 9877 	9855 	10236
f 9844 	9843 	9884
f 9887 	9888 	9845
f 9873 	9871 	10105
f 10105 	9868 	9737
f 9883 	9733 	9880
f 9832 	9826 	9869
f 10141 	10075 	9815
f 9886 	9832 	9869
f 9779 	9777 	9942
f 9777 	9776 	9685
f 9685 	9776 	9773
f 9771 	9685 	9773
f 9738 	10105 	9739
f 9875 	9874 	10105
f 9874 	9873 	10105
f 9875 	10105 	9738
f 9943 	9944 	9782
f 9782 	9781 	9943
f 9944 	9945 	9800
f 9780 	9779 	9942
f 9737 	9952 	10105
f 9907 	9905 	9720
f 9846 	9845 	9888
f 9895 	9854 	9893
f 9800 	9782 	9944
f 9835 	9854 	9895
f 9802 	9800 	9945
f 9829 	9854 	9835
f 9901 	9898 	9885
f 9900 	9856 	9837
f 9861 	9859 	9908
f 9858 	9857 	9903
f 9898 	9877 	9885
f 9908 	9910 	9861
f 9863 	9861 	9910
f 9902 	9708 	9886
f 9718 	9719 	9904
f 9907 	9732 	9909
f 9911 	9863 	9910
f 9708 	9832 	9886
f 9909 	9733 	9883
f 9914 	9917 	9870
f 9949 	9950 	9899
f 9913 	9951 	9915
f 9947 	9948 	9896
f 9876 	9872 	9917
f 9872 	9870 	9917
f 9912 	9865 	9911
f 9818 	9588 	9955
f 9798 	10084 	9796
f 9859 	9858 	9906
f 9906 	9908 	9859
f 9903 	9906 	9858
f 9900 	9903 	9857
f 9856 	9900 	9857
f 9831 	9837 	9856
f 9920 	9729 	9766
f 9919 	9898 	9901
f 10086 	10084 	9798
f 9768 	9920 	9766
f 9843 	9841 	9882
f 9841 	9840 	9881
f 9878 	9881 	9840
f 9876 	9878 	9839
f 9872 	9876 	9839
f 9921 	9919 	9901
f 9916 	9940 	9918
f 9920 	9923 	9729
f 9933 	9934 	9922
f 9881 	9882 	9841
f 9845 	9844 	9887
f 9889 	9846 	9888
f 9890 	9849 	9889
f 9891 	9850 	9890
f 9884 	9887 	9844
f 9882 	9884 	9843
f 9925 	9935 	9926
f 9923 	9730 	9729
f 9867 	9914 	9870
f 9914 	9867 	9912
f 9865 	9912 	9867
f 9863 	9911 	9865
f 9846 	9889 	9847
f 9928 	9927 	9938
f 9849 	9890 	9850
f 9852 	9850 	9891
f 9891 	9893 	9852
f 9847 	9889 	9849
f 9854 	9852 	9893
f 9772 	9932 	9768
f 9929 	9928 	9939
f 9930 	9929 	9717
f 9939 	9717 	9929
f 9920 	9768 	9932
f 9938 	9939 	9928
f 9936 	9938 	9927
f 9936 	9927 	9926
f 9924 	9922 	9934
f 9924 	9935 	9925
f 9935 	9924 	9934
f 9936 	9926 	9935
f 9937 	9923 	9920
f 9324 	9881 	9323
f 9904 	9931 	9718
f 9905 	9904 	9719
f 9717 	9718 	9931
f 9931 	9930 	9717
f 9719 	9720 	9905
f 9851 	9853 	9892
f 9884 	9325 	9328
f 9922 	9918 	9933
f 9915 	9951 	9916
f 9945 	9946 	9804
f 9933 	9918 	9940
f 9329 	9884 	9328
f 9902 	9892 	9853
f 9946 	9947 	9894
f 9896 	9894 	9947
f 9897 	9896 	9948
f 9948 	9949 	9897
f 9899 	9897 	9949
f 9913 	9899 	9950
f 9951 	9913 	9950
f 9940 	9916 	9951
f 9894 	9804 	9946
f 9941 	9919 	9921
f 9804 	9802 	9945
f 9953 	9942 	9685
f 9685 	9686 	9953
f 9957 	9958 	9736
f 9957 	9736 	9735
f 9806 	9694 	9336
f 9735 	9734 	9959
f 9735 	9959 	9957
f 10031 	9941 	9960
f 9734 	9733 	9961
f 9734 	9961 	9959
f 9733 	9732 	9962
f 9733 	9962 	9961
f 9732 	9720 	9964
f 9732 	9964 	9962
f 9719 	9965 	9964
f 9719 	9964 	9720
f 9310 	9963 	9304
f 9881 	9324 	9325
f 9329 	9887 	9884
f 9967 	9955 	9567
f 9887 	9329 	9331
f 9887 	9331 	9888
f 9822 	9818 	9955
f 9719 	9718 	9968
f 9719 	9968 	9965
f 9718 	9717 	9969
f 9718 	9969 	9968
f 9332 	9889 	9331
f 9888 	9331 	9889
f 9967 	9822 	9955
f 9333 	9889 	9332
f 9970 	9963 	9310
f 9958 	9971 	9737
f 9958 	9737 	9736
f 9970 	9869 	9963
f 9959 	9961 	9985
f 10052 	9985 	9961
f 10050 	10052 	9961
f 9962 	10050 	9961
f 9964 	10049 	9962
f 9965 	10073 	9964
f 9717 	9939 	9969
f 9920 	9932 	9937
f 9973 	9969 	9939
f 9835 	9895 	9694
f 9939 	9975 	9973
f 9939 	9938 	9975
f 9876 	9322 	9323
f 9876 	9323 	9878
f 9972 	9380 	9974
f 9936 	9976 	9975
f 9938 	9936 	9975
f 9878 	9323 	9881
f 9976 	9935 	9977
f 9881 	9325 	9882
f 9974 	9380 	9379
f 9978 	9932 	9772
f 9882 	9325 	9884
f 9937 	9932 	9980
f 9978 	9980 	9932
f 10198 	9692 	9966
f 9978 	9772 	9783
f 9386 	9979 	9378
f 9936 	9935 	9976
f 9333 	9890 	9889
f 9974 	9979 	9997
f 9935 	9981 	9977
f 9334 	9891 	9890
f 9334 	9890 	9333
f 9935 	9934 	9981
f 9981 	9933 	9982
f 9891 	9334 	9893
f 9335 	9893 	9334
f 9934 	9933 	9981
f 9979 	9974 	9378
f 9336 	9895 	9893
f 9336 	9893 	9335
f 9984 	9998 	9979
f 9999 	9979 	9998
f 9999 	9997 	9979
f 9336 	9694 	9895
f 9940 	9983 	9933
f 9982 	9933 	9983
f 9305 	9339 	9785
f 9984 	9979 	9386
f 9339 	9340 	9903
f 9903 	9340 	9342
f 9984 	10002 	9998
f 9989 	9978 	9783
f 9848 	9855 	9988
f 9349 	9358 	9917
f 9988 	10003 	9984
f 9783 	9788 	9989
f 9958 	9957 	9987
f 9971 	9958 	9987
f 9985 	9986 	9959
f 9968 	10071 	9965
f 9322 	9917 	9358
f 9339 	9900 	9785
f 9988 	9984 	9848
f 9978 	9989 	9990
f 9900 	9339 	9903
f 10006 	10007 	9988
f 10008 	10003 	9988
f 9343 	9908 	9342
f 9310 	9326 	9970
f 9855 	10006 	9988
f 9345 	9910 	9343
f 9908 	9343 	9910
f 10006 	9855 	9877
f 9910 	9345 	9346
f 9992 	9991 	9966
f 9967 	9963 	9869
f 9869 	9826 	9967
f 9826 	9822 	9967
f 9785 	9900 	9837
f 9994 	9326 	9797
f 9995 	9993 	9972
f 9992 	9966 	9692
f 9903 	9342 	9906
f 9906 	9342 	9908
f 9972 	9974 	9995
f 9996 	9995 	9974
f 9886 	9869 	9970
f 9421 	10218 	9396
f 9996 	9415 	9995
f 9991 	9992 	10000
f 9974 	9997 	9996
f 9910 	9346 	9911
f 9709 	9992 	9692
f 9994 	9886 	9970
f 9348 	9912 	9346
f 9911 	9346 	9912
f 9348 	9349 	9912
f 9912 	9349 	9914
f 9797 	9892 	9994
f 9914 	9349 	9917
f 10002 	9415 	9998
f 9917 	9322 	9876
f 9902 	9886 	9994
f 10009 	10010 	9455
f 10004 	10005 	9449
f 9803 	9892 	9797
f 10020 	10018 	9483
f 10002 	9984 	10003
f 9413 	10004 	9451
f 9413 	9451 	9414
f 10008 	9988 	10007
f 9413 	9412 	10005
f 9413 	10005 	10004
f 10001 	10015 	10000
f 10010 	10011 	9454
f 9902 	9994 	9892
f 9667 	9669 	9479
f 10001 	10000 	9992
f 9412 	9411 	10009
f 9412 	10009 	10005
f 10012 	9453 	10011
f 9851 	9892 	9803
f 9411 	9410 	10010
f 9411 	10010 	10009
f 10013 	9415 	10007
f 9410 	9409 	10011
f 9410 	10011 	10010
f 9978 	9990 	9980
f 10016 	9458 	10014
f 9628 	9633 	9565
f 10089 	10013 	10006
f 9409 	9408 	10012
f 9409 	10012 	10011
f 9709 	10001 	9992
f 10013 	10007 	10006
f 10006 	9877 	10089
f 9407 	10014 	10012
f 9407 	10012 	9408
f 9406 	10016 	10014
f 9406 	10014 	9407
f 9995 	9415 	9993
f 9415 	9996 	9997
f 9415 	9997 	9999
f 9415 	9999 	9998
f 9415 	10002 	10003
f 10008 	10007 	9415
f 10003 	10008 	9415
f 9564 	9565 	9633
f 10089 	9877 	9898
f 9402 	9628 	10016
f 9402 	10016 	9406
f 10017 	9990 	9989
f 9651 	10034 	9469
f 10022 	10017 	9989
f 9481 	9480 	9670
f 9465 	9464 	9651
f 9466 	9465 	9651
f 9552 	9657 	9477
f 9941 	10021 	9919
f 9483 	9482 	10020
f 9469 	9466 	9651
f 10019 	9651 	9464
f 9480 	9479 	9669
f 10022 	9989 	9788
f 10024 	10019 	10018
f 10024 	10018 	10026
f 10024 	9651 	10019
f 10028 	10023 	10027
f 10025 	10027 	10023
f 10029 	10020 	9671
f 10029 	9671 	9854
f 10020 	10029 	10026
f 10020 	10026 	10018
f 9303 	10022 	9788
f 10166 	10021 	10031
f 10026 	9829 	10024
f 10029 	9829 	10026
f 9854 	9829 	10029
f 10033 	10035 	10305
f 9471 	9469 	10034
f 10304 	10305 	10035
f 10017 	9599 	9355
f 9653 	9537 	10036
f 10031 	10021 	9941
f 10034 	10036 	10119
f 10119 	10121 	10034
f 10039 	10119 	10036
f 10038 	10039 	10036
f 9543 	10038 	10036
f 10305 	10306 	10033
f 10042 	9983 	10040
f 10022 	9599 	10017
f 10043 	9982 	10042
f 10045 	9981 	10043
f 10037 	10304 	10035
f 10169 	10168 	10046
f 9803 	9775 	9851
f 9976 	9977 	10054
f 9787 	10083 	10044
f 9790 	10083 	9789
f 9789 	10083 	9787
f 9960 	9712 	10046
f 9302 	10051 	9341
f 9986 	9987 	9957
f 9957 	9959 	9986
f 9791 	10083 	9790
f 10046 	10168 	10031
f 9374 	9341 	10051
f 10055 	10057 	10085
f 10053 	10055 	10085
f 10059 	10060 	10085
f 10046 	10031 	9960
f 10060 	10063 	10085
f 10083 	10085 	10063
f 10057 	10059 	10085
f 10066 	10083 	10065
f 10063 	10065 	10083
f 10069 	10062 	10046
f 10070 	10083 	10066
f 10064 	9969 	10061
f 10072 	10083 	10070
f 10068 	10051 	9302
f 9624 	9631 	9815
f 10073 	9965 	10071
f 10071 	9968 	10067
f 9786 	9774 	10051
f 10049 	9964 	10073
f 10050 	9962 	10049
f 10062 	10172 	10046
f 10068 	9786 	10051
f 9983 	10304 	10040
f 9975 	9976 	10056
f 10056 	10058 	9975
f 10058 	10061 	9973
f 9969 	9973 	10061
f 10067 	9969 	10064
f 9973 	9975 	10058
f 10054 	10056 	9976
f 10048 	10054 	9977
f 10045 	10048 	9977
f 9977 	9981 	10045
f 9982 	10043 	9981
f 9983 	10042 	9982
f 9969 	10067 	9968
f 9321 	10076 	10068
f 10069 	10046 	9712
f 10077 	9786 	10068
f 10032 	10033 	10306
f 10306 	10307 	10032
f 10037 	10040 	10304
f 9727 	10069 	9712
f 10076 	10077 	10068
f 10080 	10318 	10079
f 9786 	10077 	9823
f 10044 	10083 	10074
f 10074 	10083 	10072
f 10085 	9702 	9703
f 9703 	10041 	10085
f 10041 	10053 	10085
f 9416 	9422 	10041
f 10078 	10075 	10141
f 9417 	10044 	9436
f 10074 	9436 	10044
f 10013 	10089 	10090
f 10078 	10150 	10088
f 10091 	10319 	10081
f 10080 	10081 	10319
f 9422 	10053 	10041
f 9415 	10013 	10090
f 9425 	10055 	10053
f 9425 	10053 	9422
f 10092 	10319 	10091
f 9426 	10057 	10055
f 9426 	10055 	9425
f 10093 	10319 	10092
f 9427 	10059 	10057
f 9427 	10057 	9426
f 10094 	10319 	10093
f 9429 	10060 	10059
f 9429 	10059 	9427
f 10096 	10319 	10094
f 10060 	9429 	9430
f 10060 	9430 	10063
f 10097 	10319 	10096
f 9431 	10065 	10063
f 9431 	10063 	9430
f 10098 	10319 	10097
f 10099 	10090 	10089
f 9432 	10066 	10065
f 9432 	10065 	9431
f 9433 	10070 	10066
f 9433 	10066 	9432
f 10100 	10101 	10099
f 10100 	10099 	10089
f 9434 	10072 	10070
f 9434 	10070 	9433
f 9436 	10074 	10072
f 9436 	10072 	9434
f 10086 	9663 	9743
f 9651 	9827 	10034
f 9919 	10100 	9898
f 10036 	10083 	9653
f 10034 	10085 	10083
f 10034 	10083 	10036
f 10102 	10103 	10039
f 10102 	10039 	10038
f 10087 	9818 	9822
f 10110 	10084 	10086
f 10105 	10106 	9497
f 9543 	9497 	10106
f 10106 	10105 	9687
f 9818 	10087 	10047
f 9543 	10106 	10038
f 10107 	10038 	10106
f 10107 	10106 	10108
f 10104 	10108 	10106
f 10038 	10107 	10108
f 10038 	10108 	10102
f 9425 	9422 	9685
f 10086 	9798 	9663
f 10087 	10109 	10047
f 10112 	9451 	10111
f 9447 	10111 	9451
f 10109 	10082 	10047
f 10115 	10319 	10098
f 10114 	10111 	9447
f 10114 	10116 	10112
f 10114 	10112 	10111
f 9685 	9414 	10112
f 10171 	10319 	10117
f 10116 	10128 	10112
f 10113 	10095 	10155
f 10114 	10034 	10116
f 10121 	10116 	10034
f 9471 	10034 	10114
f 10120 	10127 	10087
f 10119 	10122 	10123
f 10119 	10123 	10121
f 10127 	10109 	10087
f 10125 	10110 	10086
f 9685 	10112 	10128
f 10128 	10116 	10129
f 10121 	10129 	10116
f 10128 	10129 	10130
f 10130 	10137 	10126
f 10128 	10130 	10126
f 10123 	10130 	10129
f 10123 	10129 	10121
f 10124 	10113 	10155
f 10131 	10171 	10118
f 10134 	10039 	10133
f 10119 	10039 	10134
f 10371 	10124 	9740
f 10136 	10137 	10133
f 10108 	10104 	10136
f 10104 	10126 	10136
f 10134 	10133 	10137
f 10119 	10134 	10137
f 10119 	10137 	10122
f 10132 	10135 	10171
f 10371 	10113 	10124
f 10137 	10136 	10126
f 10123 	10122 	10130
f 10137 	10130 	10122
f 9754 	10127 	10120
f 10103 	10136 	10133
f 10103 	10133 	10039
f 10139 	10318 	10138
f 9654 	9740 	10124
f 10105 	9430 	9685
f 10140 	10318 	10139
f 10108 	10136 	10103
f 10108 	10103 	10102
f 9751 	9754 	10120
f 10141 	9815 	9631
f 10318 	10140 	10142
f 10145 	10077 	10076
f 10144 	10318 	10143
f 9630 	10141 	9631
f 10147 	10318 	10146
f 10150 	10078 	10141
f 10145 	9833 	10077
f 9833 	9823 	10077
f 10125 	10086 	9743
f 9639 	10150 	9640
f 10152 	10148 	9728
f 9424 	10145 	10151
f 10110 	10125 	10154
f 9630 	9640 	10141
f 10150 	10141 	9640
f 9475 	9438 	10151
f 9438 	9424 	10151
f 10153 	10088 	10150
f 9302 	9321 	10068
f 9639 	9644 	10150
f 10153 	10150 	9644
f 10076 	9321 	9330
f 9643 	10153 	9644
f 10153 	10155 	10095
f 10095 	10088 	10153
f 10156 	10076 	9330
f 10154 	9991 	10301
f 9645 	10155 	9648
f 9330 	9391 	10156
f 9966 	9991 	10154
f 9966 	10154 	10125
f 9643 	9648 	10153
f 10155 	10153 	9648
f 10089 	9898 	10100
f 10145 	10076 	10156
f 10157 	10101 	10100
f 10198 	9966 	10125
f 10158 	10151 	10156
f 10100 	10021 	10157
f 10157 	10021 	10159
f 10079 	10318 	10149
f 10147 	10149 	10318
f 10159 	10021 	10166
f 10124 	9655 	9654
f 10172 	10101 	10157
f 10159 	10166 	10157
f 10318 	10167 	10138
f 9919 	10021 	10100
f 10145 	10156 	10151
f 10031 	10164 	10166
f 10160 	10161 	10167
f 9655 	10124 	9645
f 10155 	9645 	10124
f 10161 	10138 	10167
f 10143 	10318 	10142
f 10146 	10318 	10144
f 10163 	10160 	10167
f 10162 	10163 	10167
f 9587 	9740 	9654
f 10151 	10158 	9475
f 10031 	10168 	10164
f 10166 	10164 	10168
f 10319 	10318 	10080
f 10117 	10118 	10171
f 10115 	10117 	10319
f 10132 	10171 	10131
f 10165 	9475 	10158
f 10272 	10172 	10062
f 9484 	9475 	10165
f 10170 	9384 	9547
f 10047 	10082 	10175
f 9473 	9384 	10170
f 10170 	9547 	10376
f 9771 	10092 	9742
f 9473 	10170 	10173
f 9773 	10092 	9771
f 9374 	9774 	9775
f 10378 	10173 	10170
f 9776 	10094 	9773
f 10175 	10174 	10152
f 9514 	9473 	10173
f 9777 	10094 	9776
f 9403 	10173 	10378
f 9774 	9374 	10051
f 9779 	10097 	9777
f 10174 	10148 	10152
f 9514 	10173 	10176
f 10097 	9779 	10098
f 9780 	10098 	9779
f 10098 	9780 	10115
f 9781 	10115 	9780
f 9474 	10176 	9403
f 9842 	10175 	9437
f 9782 	10115 	9781
f 10082 	10174 	10175
f 9800 	10118 	9782
f 9802 	10118 	9800
f 10176 	10173 	9403
f 9548 	9514 	10176
f 10149 	9738 	10079
f 10175 	10152 	9437
f 10079 	9738 	9739
f 10079 	9739 	10080
f 9842 	10047 	10175
f 9741 	10081 	9739
f 10080 	9739 	10081
f 10177 	10178 	9747
f 9742 	10091 	9741
f 10081 	9741 	10091
f 10177 	10179 	10178
f 10091 	9742 	10092
f 9773 	10093 	10092
f 9760 	9747 	10178
f 10093 	9773 	10094
f 9777 	10096 	10094
f 10097 	10096 	9777
f 9424 	9308 	9838
f 9724 	10177 	9747
f 9782 	10117 	10115
f 9782 	10118 	10117
f 9438 	9308 	9424
f 10179 	10181 	10178
f 10118 	9802 	10131
f 10131 	9802 	10132
f 9804 	10132 	9802
f 10062 	10274 	10272
f 10132 	9804 	10135
f 10169 	10046 	10172
f 9862 	9864 	10140
f 10183 	9724 	9730
f 10140 	9864 	9866
f 9866 	9868 	10143
f 9724 	10183 	10177
f 10172 	10272 	10099
f 10172 	10099 	10101
f 10166 	10168 	10157
f 10168 	10169 	10157
f 10172 	10157 	10169
f 10143 	9868 	9871
f 9871 	9873 	10146
f 10146 	9873 	9874
f 9874 	9875 	10149
f 9727 	9745 	10069
f 10149 	9875 	9738
f 10202 	10183 	9730
f 9880 	10163 	9883
f 10138 	10161 	9860
f 9862 	10139 	9860
f 10138 	9860 	10139
f 10183 	10202 	10205
f 10139 	9862 	10140
f 9350 	9764 	10201
f 9866 	10142 	10140
f 10186 	10127 	9754
f 10187 	10185 	10182
f 10142 	9866 	10143
f 10201 	9764 	9770
f 9871 	10144 	10143
f 10144 	9871 	10146
f 10186 	10298 	10127
f 10185 	10184 	10182
f 10146 	9874 	10147
f 10188 	9770 	9769
f 10147 	9874 	10149
f 10207 	9770 	10206
f 10206 	9770 	10188
f 10189 	10186 	9754
f 10207 	10208 	9770
f 10161 	10160 	9879
f 9880 	9879 	10160
f 10189 	10191 	10186
f 10161 	9879 	9860
f 9883 	10163 	10162
f 9760 	10189 	9754
f 9880 	10160 	10163
f 10190 	10188 	9778
f 10211 	10188 	10210
f 10190 	10210 	10188
f 10211 	10206 	10188
f 10191 	9307 	10186
f 10194 	10190 	9377
f 10194 	10214 	10190
f 9306 	9307 	10191
f 9337 	10193 	9327
f 10318 	10316 	10192
f 10167 	10318 	10192
f 10195 	10167 	10192
f 10196 	9986 	9985
f 10196 	9985 	10197
f 9380 	10194 	9377
f 10178 	10189 	9760
f 9987 	9986 	10196
f 9987 	10196 	10192
f 10181 	10191 	10189
f 10193 	10187 	9327
f 9743 	10198 	10125
f 10197 	10195 	10196
f 10192 	10196 	10195
f 10189 	10178 	10181
f 10181 	10341 	10191
f 10190 	10218 	10210
f 10171 	10200 	10023
f 10341 	9306 	10191
f 10226 	10193 	9337
f 10203 	10200 	10135
f 9972 	10194 	9380
f 10185 	9378 	10184
f 10202 	9730 	9923
f 10204 	9386 	10185
f 9352 	9350 	9354
f 9350 	10201 	9354
f 10185 	9386 	9378
f 10201 	9770 	10208
f 10187 	10204 	10185
f 9356 	9354 	10201
f 10208 	9356 	10201
f 10167 	10195 	10162
f 10209 	10162 	10195
f 10193 	10204 	10187
f 10171 	10135 	10200
f 10025 	10023 	10200
f 10212 	10027 	10025
f 10212 	10025 	10200
f 9937 	10213 	9923
f 10216 	10028 	10027
f 10216 	10027 	10212
f 9848 	10204 	10215
f 10202 	9923 	10213
f 10217 	10030 	10028
f 10217 	10028 	10216
f 9848 	9984 	9386
f 10218 	10190 	10214
f 10219 	10205 	10202
f 10220 	10030 	10217
f 10204 	9848 	9386
f 10220 	10032 	10030
f 10221 	10214 	10194
f 10222 	10033 	10032
f 10222 	10032 	10220
f 10213 	10219 	10202
f 10221 	9415 	10214
f 10215 	10204 	10193
f 10223 	10035 	10033
f 10223 	10033 	10222
f 10225 	10037 	10035
f 10225 	10035 	10223
f 10193 	10226 	10215
f 10228 	9937 	9980
f 10227 	10040 	10037
f 10227 	10037 	10225
f 10221 	10194 	10224
f 9972 	10224 	10194
f 9993 	10224 	9972
f 10229 	10042 	10040
f 10229 	10040 	10227
f 9848 	10215 	9855
f 9937 	10228 	10213
f 9993 	9415 	10224
f 10230 	10043 	10042
f 10230 	10042 	10229
f 10226 	10236 	10215
f 10231 	10045 	10043
f 10231 	10043 	10230
f 9337 	9362 	10226
f 10232 	10048 	10045
f 10232 	10045 	10231
f 9318 	9317 	10208
f 10207 	9442 	10208
f 10206 	9442 	10207
f 10211 	9442 	10206
f 10210 	9442 	10211
f 10218 	9442 	10210
f 10214 	9415 	10218
f 10224 	9415 	10221
f 9396 	10218 	9415
f 9855 	10215 	10236
f 10049 	10248 	10233
f 10049 	10233 	10234
f 10049 	10234 	10050
f 10050 	10234 	10235
f 10050 	10235 	10052
f 9821 	10294 	9360
f 10197 	9985 	10235
f 10052 	10235 	9985
f 10048 	10232 	10054
f 10237 	10054 	10232
f 10239 	10056 	10054
f 10239 	10054 	10237
f 10228 	10238 	10213
f 10241 	10058 	10056
f 10241 	10056 	10239
f 10242 	10236 	10226
f 10238 	10219 	10213
f 10243 	10061 	10058
f 10243 	10058 	10241
f 9745 	9731 	10240
f 10244 	10064 	10061
f 10244 	10061 	10243
f 10245 	10067 	10064
f 10245 	10064 	10244
f 10246 	10071 	10067
f 10246 	10067 	10245
f 10242 	10226 	9362
f 10228 	9980 	10247
f 10248 	10073 	10071
f 10248 	10071 	10246
f 10248 	10049 	10073
f 9375 	10242 	9362
f 9980 	9990 	10247
f 10251 	10238 	10228
f 10242 	10253 	9885
f 10282 	10280 	10240
f 10252 	10216 	10249
f 9885 	9877 	10236
f 10255 	10220 	10254
f 10228 	10247 	10251
f 10236 	10242 	9885
f 10252 	10254 	10217
f 9796 	10253 	9375
f 10257 	10248 	10256
f 10282 	10240 	10250
f 9824 	9828 	10250
f 9901 	9885 	10253
f 10209 	10234 	10259
f 10253 	10242 	9375
f 10258 	10233 	10257
f 10195 	10234 	10209
f 9828 	9830 	9395
f 10260 	10222 	10255
f 9395 	10285 	9828
f 10261 	10301 	9991
f 9395 	9415 	10285
f 10000 	10261 	9991
f 10231 	10230 	10268
f 10262 	10223 	10260
f 10264 	10266 	10229
f 9830 	9418 	9395
f 10269 	10267 	10261
f 10232 	10231 	10270
f 9327 	10251 	10247
f 9360 	9418 	9836
f 10017 	10265 	9990
f 10239 	10237 	10273
f 10265 	9327 	10247
f 10062 	10289 	10274
f 10265 	10247 	9990
f 9337 	9327 	10265
f 10244 	10243 	10278
f 10269 	10261 	10000
f 9355 	9337 	10265
f 10280 	10282 	10099
f 10279 	10244 	10278
f 10015 	10269 	10000
f 10017 	9355 	10265
f 10256 	10246 	10279
f 10276 	10278 	10243
f 10246 	10245 	10279
f 10259 	10234 	10258
f 10282 	10283 	10099
f 10302 	10015 	10281
f 10015 	10331 	10269
f 10268 	10270 	10231
f 10271 	10232 	10270
f 10266 	10268 	10230
f 10230 	10229 	10266
f 10229 	10227 	10264
f 10263 	10264 	10227
f 10262 	10263 	10225
f 10223 	10262 	10225
f 9726 	10148 	10281
f 10283 	10282 	10250
f 10281 	10015 	10001
f 10283 	10250 	10286
f 10285 	10286 	10250
f 10273 	10275 	10239
f 10241 	10239 	10275
f 10243 	10241 	10276
f 10275 	10276 	10241
f 10271 	10273 	10237
f 10232 	10271 	10237
f 10281 	10001 	9726
f 10286 	10099 	10283
f 10233 	10258 	10234
f 10235 	10234 	10195
f 10248 	10257 	10233
f 10197 	10235 	10195
f 9828 	10285 	10250
f 10285 	9393 	10286
f 10244 	10279 	10245
f 10246 	10256 	10248
f 9420 	9392 	10284
f 10216 	10212 	10249
f 10217 	10216 	10252
f 10203 	10249 	10212
f 10200 	10203 	10212
f 9901 	10253 	10288
f 10287 	10174 	10082
f 10217 	10254 	10220
f 10220 	10255 	10222
f 10222 	10260 	10223
f 10227 	10225 	10263
f 10288 	10253 	9796
f 9921 	9901 	10288
f 9804 	9894 	10135
f 10090 	10099 	9415
f 10274 	10099 	10272
f 10274 	10290 	10099
f 9415 	10099 	9393
f 9393 	10099 	10286
f 10292 	10303 	10287
f 10084 	10288 	9796
f 10289 	10290 	10274
f 9899 	10255 	9897
f 9745 	10289 	10069
f 9894 	10249 	10135
f 10290 	10277 	10099
f 9896 	10252 	9894
f 10289 	10062 	10069
f 10252 	9896 	10254
f 9897 	10254 	9896
f 10255 	10254 	9897
f 10240 	10289 	9745
f 10082 	10293 	10287
f 10084 	10110 	10291
f 10277 	10290 	10289
f 10260 	10255 	9899
f 10295 	10292 	10287
f 10291 	9921 	10288
f 10293 	10295 	10287
f 10203 	10135 	10249
f 10289 	10240 	10277
f 10280 	10277 	10240
f 10296 	9941 	9921
f 10252 	10249 	9894
f 10277 	10280 	10099
f 10294 	9821 	9761
f 10293 	10082 	10109
f 10296 	9921 	10291
f 9960 	9941 	10296
f 10296 	10300 	9960
f 10279 	9931 	9904
f 9360 	10294 	9361
f 9318 	9361 	10294
f 9350 	10294 	9761
f 10084 	10291 	10288
f 9350 	9353 	10294
f 9907 	10258 	9905
f 9317 	9318 	10294
f 9764 	9350 	9761
f 9317 	10294 	9353
f 10297 	10296 	10291
f 10298 	10293 	10109
f 10127 	10298 	10109
f 10258 	9907 	9909
f 10298 	10299 	10293
f 9712 	9960 	10300
f 9883 	10162 	9909
f 10209 	10259 	10162
f 10299 	10295 	10293
f 9905 	10257 	9904
f 10256 	9904 	10257
f 10350 	10346 	10295
f 9905 	10258 	10257
f 10297 	10291 	10110
f 10258 	9909 	10259
f 10299 	10350 	10295
f 9909 	10162 	10259
f 9899 	9913 	10260
f 9915 	10262 	10260
f 9915 	10260 	9913
f 9916 	10263 	10262
f 9916 	10262 	9915
f 10154 	10297 	10110
f 9918 	10264 	10263
f 9918 	10263 	9916
f 9922 	10266 	10264
f 9922 	10264 	9918
f 10301 	10300 	10297
f 10298 	10186 	9307
f 9924 	10268 	10266
f 9924 	10266 	9922
f 10268 	9924 	9925
f 10268 	9925 	10270
f 10300 	10296 	10297
f 9926 	10271 	10270
f 9926 	10270 	9925
f 9927 	10273 	10271
f 9927 	10271 	9926
f 10302 	10331 	10015
f 9928 	10275 	10273
f 9928 	10273 	9927
f 10311 	10300 	10301
f 9929 	10276 	10275
f 9929 	10275 	9928
f 10303 	10302 	10281
f 9930 	10278 	10276
f 9930 	10276 	9929
f 9931 	10279 	10278
f 9931 	10278 	9930
f 10279 	9904 	10256
f 9712 	10300 	10311
f 10303 	10281 	10148
f 9940 	9951 	10304
f 9940 	10304 	9983
f 9951 	9950 	10305
f 9951 	10305 	10304
f 9950 	9949 	10306
f 9950 	10306 	10305
f 9949 	9948 	10307
f 9949 	10307 	10306
f 10174 	10303 	10148
f 9948 	9947 	10308
f 9948 	10308 	10307
f 9947 	9946 	10309
f 9947 	10309 	10308
f 10301 	10297 	10154
f 9946 	9945 	10310
f 9946 	10310 	10309
f 9945 	9944 	10312
f 9945 	10312 	10310
f 9944 	9943 	10313
f 9944 	10313 	10312
f 10174 	10287 	10303
f 10314 	10313 	9943
f 10314 	9943 	9942
f 10261 	10311 	10301
f 10292 	10302 	10303
f 10314 	10317 	10023
f 10030 	10032 	10307
f 10307 	10308 	10030
f 10028 	10030 	10308
f 10023 	10028 	10308
f 10308 	10309 	10023
f 10309 	10310 	10023
f 10310 	10312 	10023
f 10312 	10313 	10023
f 10314 	10023 	10313
f 9952 	9737 	9971
f 9952 	9971 	9956
f 9712 	10311 	9727
f 9954 	10314 	9942
f 9954 	9942 	9953
f 9987 	10316 	9971
f 10267 	9727 	10311
f 9954 	9686 	10314
f 10317 	10314 	9686
f 10317 	9686 	10316
f 10316 	9687 	9971
f 9987 	10192 	10316
f 10317 	10319 	10171
f 10317 	10171 	10023
f 10316 	10318 	10319
f 10316 	10319 	10317
f 10320 	10179 	10177
f 10321 	10322 	10323
f 10321 	10323 	10324
f 10325 	10179 	10320
f 9954 	9953 	9686
f 9687 	10316 	9686
f 10183 	10320 	10177
f 10324 	9713 	9716
f 10324 	9716 	10321
f 10267 	10311 	10261
f 9956 	9687 	9952
f 9727 	10267 	9748
f 10326 	10327 	10328
f 10326 	10328 	10329
f 9748 	10267 	10330
f 10105 	9952 	9687
f 10325 	10315 	10179
f 9956 	9971 	9687
f 10327 	9688 	10328
f 10330 	10267 	10269
f 9771 	9742 	9685
f 10331 	10330 	10269
f 10329 	9690 	10326
f 10325 	10337 	10315
f 10328 	9691 	10329
f 9688 	10327 	10326
f 10205 	10320 	10183
f 10332 	10325 	10320
f 10322 	9715 	9714
f 10322 	9714 	10323
f 9741 	9739 	9685
f 10332 	10339 	10325
f 10324 	10323 	9713
f 10323 	9714 	9713
f 10322 	10321 	9716
f 10322 	9716 	9715
f 10320 	10205 	10332
f 10325 	10339 	10337
f 10126 	9457 	10128
f 10331 	10284 	10330
f 10330 	10284 	9392
f 10205 	10219 	10333
f 9339 	9305 	9613
f 9609 	9339 	9613
f 9606 	9340 	9609
f 9602 	9342 	9606
f 9598 	9343 	9602
f 9339 	9609 	9340
f 9336 	9411 	9806
f 9806 	9412 	9319
f 10333 	10332 	10205
f 9319 	9413 	9808
f 9808 	9414 	9809
f 9810 	9809 	9414
f 10332 	10333 	10340
f 9811 	9810 	9414
f 10336 	10333 	10219
f 9316 	9315 	9620
f 10336 	10219 	10238
f 10336 	10180 	10333
f 10334 	10315 	10337
f 10338 	10335 	10334
f 10337 	10338 	10334
f 9763 	9759 	10335
f 10238 	10251 	10182
f 10182 	10336 	10238
f 10182 	10184 	10336
f 10184 	10180 	10336
f 10251 	10187 	10182
f 9327 	10187 	10251
f 10332 	10340 	10339
f 10315 	10341 	10181
f 10315 	10181 	10179
f 10342 	10335 	10343
f 10341 	10315 	10334
f 10343 	10351 	10342
f 10343 	10352 	10351
f 10334 	10342 	10341
f 10335 	10342 	10334
f 10344 	10331 	10302
f 10302 	10292 	10344
f 10331 	10344 	10284
f 10345 	9420 	10284
f 10346 	10292 	10295
f 10292 	10346 	10344
f 10347 	9705 	10345
f 9705 	9420 	10345
f 10345 	10284 	10344
f 10349 	9705 	10347
f 10349 	9807 	9705
f 10346 	10345 	10344
f 10348 	10349 	10347
f 10347 	10345 	10346
f 10351 	10348 	10353
f 10350 	10347 	10346
f 10351 	10352 	10348
f 10352 	10349 	10348
f 9307 	10299 	10298
f 9817 	9807 	10349
f 10352 	9817 	10349
f 10342 	10351 	9306
f 10299 	9307 	10353
f 10299 	10353 	10350
f 9759 	9795 	10343
f 10343 	10335 	9759
f 10352 	10343 	9795
f 10352 	9795 	9817
f 10350 	10353 	10348
f 10338 	9763 	10335
f 10348 	10347 	10350
f 10354 	10337 	10339
f 10337 	10354 	10338
f 9306 	10353 	9307
f 10351 	10353 	9306
f 10338 	10354 	9769
f 9769 	9763 	10338
f 10355 	10354 	10339
f 10340 	10355 	10339
f 9778 	9769 	10354
f 9778 	10354 	10355
f 10333 	10180 	10340
f 10356 	10355 	10340
f 10340 	10180 	10356
f 10355 	10356 	9377
f 9379 	10356 	10180
f 9379 	10180 	10184
f 9378 	9379 	10184
f 10355 	9377 	9778
f 10190 	9778 	9377
f 9379 	9380 	10356
f 9380 	9377 	10356
f 10199 	9692 	10198
f 9470 	9501 	10199
f 10199 	10198 	9749
f 10199 	9749 	9470
f 9700 	9692 	10199
f 9700 	10199 	9501
f 9545 	9700 	9501
f 10357 	9391 	9390
f 9404 	10357 	9390
f 9391 	10158 	10156
f 10158 	9391 	10357
f 10358 	10357 	9404
f 10358 	10165 	10357
f 10165 	10158 	10357
f 10360 	10359 	10358
f 10359 	9484 	10165
f 10359 	10165 	10358
f 9510 	9484 	10359
f 10358 	9404 	9423
f 10360 	10358 	9423
f 10361 	10360 	9423
f 9668 	10361 	9652
f 10361 	9423 	9652
f 10362 	10373 	10360
f 10361 	9752 	10362
f 10362 	10360 	10361
f 10363 	10362 	9752
f 9668 	9752 	10361
f 10375 	10362 	10363
f 9758 	10363 	9752
f 9762 	10364 	9758
f 10364 	10363 	9758
f 9389 	10364 	9762
f 9389 	9762 	9765
f 9675 	9637 	10369
f 9649 	9675 	10365
f 10366 	10365 	10370
f 9672 	9649 	10365
f 9502 	9385 	10367
f 9385 	9382 	10367
f 10075 	9706 	9765
f 9389 	9765 	9706
f 9723 	9706 	10075
f 9723 	10075 	10078
f 10088 	10368 	10078
f 10368 	9723 	10078
f 10369 	9637 	10368
f 10369 	10368 	10088
f 10095 	10369 	10088
f 10113 	10370 	10095
f 9675 	10369 	10370
f 10370 	10369 	10095
f 10365 	9675 	10370
f 10113 	10366 	10370
f 10366 	10113 	10371
f 9740 	9563 	10371
f 9397 	9672 	10365
f 9397 	10365 	10366
f 10372 	9397 	10366
f 9563 	10372 	10371
f 9397 	10372 	9382
f 10372 	10366 	10371
f 9563 	10367 	10372
f 9382 	10372 	10367
f 9563 	9476 	10367
f 9510 	10359 	10373
f 10374 	9510 	10373
f 10373 	10359 	10360
f 10375 	10374 	10373
f 10374 	9534 	9510
f 10376 	9547 	10374
f 10375 	10373 	10362
f 10376 	10374 	10375
f 10378 	10170 	10376
f 10377 	10378 	10376
f 10377 	10363 	10364
f 10377 	10376 	10375
f 10363 	10377 	10375
f 9388 	10378 	10377
f 9388 	9403 	10378
f 10364 	9388 	10377
f 9389 	9388 	10364
# 2150 faces

 #end of obj_8

o obj_9
v 219.5463 		-56.0275 		1.117
v 220.0689 		-56.0023 		1.1171
v 219.9994 		-60.0017 		1.1085
v 219.0314 		-56.1206 		1.1168
v 218.5331 		-56.2802 		1.1164
v 218.0599 		-56.5034 		1.1159
v 217.6199 		-56.7865 		1.1153
v 217.2206 		-57.1246 		1.1145
v 216.8688 		-57.5119 		1.1137
v 216.5706 		-57.9418 		1.1128
v 216.331 		-58.407 		1.1118
v 216.1543 		-58.8994 		1.1107
v 216.0433 		-59.4108 		1.1096
v 216 		-59.9322 		1.1085
v 216.0251 		-60.4548 		1.1074
v 216.1183 		-60.9697 		1.1063
v 216.2778 		-61.468 		1.1052
v 216.501 		-61.9412 		1.1042
v 216.7841 		-62.3812 		1.1033
v 217.1222 		-62.7806 		1.1025
v 217.5095 		-63.1323 		1.1017
v 217.9395 		-63.4305 		1.1011
v 218.4046 		-63.6701 		1.1006
v 218.8971 		-63.8468 		1.1003
v 219.4084 		-63.9578 		1.1001
v 219.9299 		-64.0011 		1.1
v 220.4525 		-63.976 		1.1001
v 220.9673 		-63.8828 		1.1003
v 221.4656 		-63.7233 		1.1007
v 221.9389 		-63.5001 		1.1012
v 222.3789 		-63.217 		1.1018
v 222.7782 		-62.8789 		1.1025
v 223.13 		-62.4916 		1.1034
v 223.4282 		-62.0617 		1.1043
v 223.6677 		-61.5965 		1.1053
v 223.8445 		-61.104 		1.1064
v 223.9555 		-60.5927 		1.1075
v 223.9988 		-60.0713 		1.1086
v 223.9737 		-59.5487 		1.1097
v 223.8805 		-59.0338 		1.1108
v 223.721 		-58.5355 		1.1119
v 223.4977 		-58.0623 		1.1129
v 223.2147 		-57.6222 		1.1138
v 222.8766 		-57.2229 		1.1146
v 222.4892 		-56.8711 		1.1153
v 222.0593 		-56.5729 		1.116
v 221.5941 		-56.3334 		1.1164
v 221.1017 		-56.1566 		1.1168
v 220.5904 		-56.0456 		1.117
v 220.069 		-56 		0.0171
v 219.5464 		-56.0251 		0.017
v 219.9995 		-59.9994 		0.0085
v 219.0315 		-56.1183 		0.0168
v 218.5332 		-56.2778 		0.0164
v 218.06 		-56.501 		0.0159
v 217.6199 		-56.7841 		0.0153
v 217.2206 		-57.1222 		0.0145
v 216.8689 		-57.5095 		0.0137
v 216.5706 		-57.9395 		0.0128
v 216.3311 		-58.4046 		0.0118
v 216.1543 		-58.8971 		0.0107
v 216.0433 		-59.4084 		0.0096
v 216.0001 		-59.9298 		0.0085
v 216.0252 		-60.4525 		0.0074
v 216.1183 		-60.9673 		0.0063
v 216.2779 		-61.4656 		0.0052
v 216.5011 		-61.9389 		0.0042
v 216.7842 		-62.3789 		0.0033
v 217.1223 		-62.7782 		0.0025
v 217.5096 		-63.13 		0.0017
v 217.9395 		-63.4282 		0.0011
v 218.4047 		-63.6677 		0.0006
v 218.8972 		-63.8445 		0.0003
v 219.4085 		-63.9555 		0.0001
v 219.9299 		-63.9988 		0
v 220.4525 		-63.9736 		0.0001
v 220.9674 		-63.8805 		0.0003
v 221.4657 		-63.721 		0.0007
v 221.9389 		-63.4977 		0.0012
v 222.379 		-63.2146 		0.0018
v 222.7783 		-62.8766 		0.0025
v 223.13 		-62.4892 		0.0034
v 223.4283 		-62.0593 		0.0043
v 223.6678 		-61.5941 		0.0053
v 223.8446 		-61.1017 		0.0064
v 223.9556 		-60.5904 		0.0075
v 223.9988 		-60.0689 		0.0086
v 223.9737 		-59.5463 		0.0097
v 223.8806 		-59.0314 		0.0108
v 223.721 		-58.5331 		0.0119
v 223.4978 		-58.0599 		0.0129
v 223.2147 		-57.6199 		0.0138
v 222.8766 		-57.2206 		0.0146
v 222.4893 		-56.8688 		0.0153
v 222.0594 		-56.5706 		0.016
v 221.5942 		-56.331 		0.0164
v 221.1017 		-56.1543 		0.0168
v 220.5904 		-56.0433 		0.017
# 98 vertices

g group_9_6383466

usemtl color_6383466
s 0

f 10380 	10379 	10381
f 10379 	10382 	10381
f 10382 	10383 	10381
f 10383 	10384 	10381
f 10384 	10385 	10381
f 10385 	10386 	10381
f 10386 	10387 	10381
f 10387 	10388 	10381
f 10388 	10389 	10381
f 10389 	10390 	10381
f 10390 	10391 	10381
f 10391 	10392 	10381
f 10392 	10393 	10381
f 10393 	10394 	10381
f 10394 	10395 	10381
f 10395 	10396 	10381
f 10396 	10397 	10381
f 10397 	10398 	10381
f 10398 	10399 	10381
f 10399 	10400 	10381
f 10400 	10401 	10381
f 10401 	10402 	10381
f 10402 	10403 	10381
f 10403 	10404 	10381
f 10404 	10405 	10381
f 10405 	10406 	10381
f 10406 	10407 	10381
f 10407 	10408 	10381
f 10408 	10409 	10381
f 10409 	10410 	10381
f 10410 	10411 	10381
f 10411 	10412 	10381
f 10412 	10413 	10381
f 10413 	10414 	10381
f 10414 	10415 	10381
f 10415 	10416 	10381
f 10416 	10417 	10381
f 10417 	10418 	10381
f 10418 	10419 	10381
f 10419 	10420 	10381
f 10420 	10421 	10381
f 10421 	10422 	10381
f 10422 	10423 	10381
f 10423 	10424 	10381
f 10424 	10425 	10381
f 10425 	10426 	10381
f 10426 	10427 	10381
f 10427 	10380 	10381
f 10429 	10428 	10430
f 10431 	10429 	10430
f 10432 	10431 	10430
f 10433 	10432 	10430
f 10434 	10433 	10430
f 10435 	10434 	10430
f 10436 	10435 	10430
f 10437 	10436 	10430
f 10438 	10437 	10430
f 10439 	10438 	10430
f 10440 	10439 	10430
f 10441 	10440 	10430
f 10442 	10441 	10430
f 10443 	10442 	10430
f 10444 	10443 	10430
f 10445 	10444 	10430
f 10446 	10445 	10430
f 10447 	10446 	10430
f 10448 	10447 	10430
f 10449 	10448 	10430
f 10450 	10449 	10430
f 10451 	10450 	10430
f 10452 	10451 	10430
f 10453 	10452 	10430
f 10454 	10453 	10430
f 10455 	10454 	10430
f 10456 	10455 	10430
f 10457 	10456 	10430
f 10458 	10457 	10430
f 10459 	10458 	10430
f 10460 	10459 	10430
f 10461 	10460 	10430
f 10462 	10461 	10430
f 10463 	10462 	10430
f 10464 	10463 	10430
f 10465 	10464 	10430
f 10466 	10465 	10430
f 10467 	10466 	10430
f 10468 	10467 	10430
f 10469 	10468 	10430
f 10470 	10469 	10430
f 10471 	10470 	10430
f 10472 	10471 	10430
f 10473 	10472 	10430
f 10474 	10473 	10430
f 10475 	10474 	10430
f 10476 	10475 	10430
f 10428 	10476 	10430
f 10379 	10380 	10379
f 10382 	10379 	10382
f 10383 	10382 	10383
f 10384 	10383 	10384
f 10385 	10384 	10385
f 10386 	10385 	10386
f 10387 	10386 	10387
f 10388 	10387 	10388
f 10389 	10388 	10389
f 10390 	10389 	10390
f 10391 	10390 	10391
f 10392 	10391 	10392
f 10393 	10392 	10393
f 10394 	10393 	10394
f 10395 	10394 	10395
f 10396 	10395 	10396
f 10397 	10396 	10397
f 10398 	10397 	10398
f 10399 	10398 	10399
f 10400 	10399 	10400
f 10401 	10400 	10401
f 10402 	10401 	10402
f 10403 	10402 	10403
f 10404 	10403 	10404
f 10405 	10404 	10405
f 10406 	10405 	10406
f 10407 	10406 	10407
f 10408 	10407 	10408
f 10409 	10408 	10409
f 10410 	10409 	10410
f 10411 	10410 	10411
f 10412 	10411 	10412
f 10413 	10412 	10413
f 10414 	10413 	10414
f 10415 	10414 	10415
f 10416 	10415 	10416
f 10417 	10416 	10417
f 10418 	10417 	10418
f 10419 	10418 	10419
f 10420 	10419 	10420
f 10421 	10420 	10421
f 10422 	10421 	10422
f 10423 	10422 	10423
f 10424 	10423 	10424
f 10425 	10424 	10425
f 10426 	10425 	10426
f 10427 	10426 	10427
f 10380 	10427 	10380
f 10379 	10380 	10429
f 10429 	10380 	10428
f 10382 	10379 	10431
f 10431 	10379 	10429
f 10383 	10382 	10432
f 10432 	10382 	10431
f 10384 	10383 	10433
f 10433 	10383 	10432
f 10385 	10384 	10434
f 10434 	10384 	10433
f 10386 	10385 	10435
f 10435 	10385 	10434
f 10387 	10386 	10436
f 10436 	10386 	10435
f 10388 	10387 	10437
f 10437 	10387 	10436
f 10389 	10388 	10438
f 10438 	10388 	10437
f 10390 	10389 	10439
f 10439 	10389 	10438
f 10391 	10390 	10440
f 10440 	10390 	10439
f 10392 	10391 	10441
f 10441 	10391 	10440
f 10393 	10392 	10442
f 10442 	10392 	10441
f 10394 	10393 	10443
f 10443 	10393 	10442
f 10395 	10394 	10444
f 10444 	10394 	10443
f 10396 	10395 	10445
f 10445 	10395 	10444
f 10397 	10396 	10446
f 10446 	10396 	10445
f 10398 	10397 	10447
f 10447 	10397 	10446
f 10399 	10398 	10448
f 10448 	10398 	10447
f 10400 	10399 	10449
f 10449 	10399 	10448
f 10401 	10400 	10450
f 10450 	10400 	10449
f 10402 	10401 	10451
f 10451 	10401 	10450
f 10403 	10402 	10452
f 10452 	10402 	10451
f 10404 	10403 	10453
f 10453 	10403 	10452
f 10405 	10404 	10454
f 10454 	10404 	10453
f 10406 	10405 	10455
f 10455 	10405 	10454
f 10407 	10406 	10456
f 10456 	10406 	10455
f 10408 	10407 	10457
f 10457 	10407 	10456
f 10409 	10408 	10458
f 10458 	10408 	10457
f 10410 	10409 	10459
f 10459 	10409 	10458
f 10411 	10410 	10460
f 10460 	10410 	10459
f 10412 	10411 	10461
f 10461 	10411 	10460
f 10413 	10412 	10462
f 10462 	10412 	10461
f 10414 	10413 	10463
f 10463 	10413 	10462
f 10415 	10414 	10464
f 10464 	10414 	10463
f 10416 	10415 	10465
f 10465 	10415 	10464
f 10417 	10416 	10466
f 10466 	10416 	10465
f 10418 	10417 	10467
f 10467 	10417 	10466
f 10419 	10418 	10468
f 10468 	10418 	10467
f 10420 	10419 	10469
f 10469 	10419 	10468
f 10421 	10420 	10470
f 10470 	10420 	10469
f 10422 	10421 	10471
f 10471 	10421 	10470
f 10423 	10422 	10472
f 10472 	10422 	10471
f 10424 	10423 	10473
f 10473 	10423 	10472
f 10425 	10424 	10474
f 10474 	10424 	10473
f 10426 	10425 	10475
f 10475 	10425 	10474
f 10427 	10426 	10476
f 10476 	10426 	10475
f 10380 	10427 	10428
f 10428 	10427 	10476
f 10429 	10428 	10429
f 10431 	10429 	10431
f 10432 	10431 	10432
f 10433 	10432 	10433
f 10434 	10433 	10434
f 10435 	10434 	10435
f 10436 	10435 	10436
f 10437 	10436 	10437
f 10438 	10437 	10438
f 10439 	10438 	10439
f 10440 	10439 	10440
f 10441 	10440 	10441
f 10442 	10441 	10442
f 10443 	10442 	10443
f 10444 	10443 	10444
f 10445 	10444 	10445
f 10446 	10445 	10446
f 10447 	10446 	10447
f 10448 	10447 	10448
f 10449 	10448 	10449
f 10450 	10449 	10450
f 10451 	10450 	10451
f 10452 	10451 	10452
f 10453 	10452 	10453
f 10454 	10453 	10454
f 10455 	10454 	10455
f 10456 	10455 	10456
f 10457 	10456 	10457
f 10458 	10457 	10458
f 10459 	10458 	10459
f 10460 	10459 	10460
f 10461 	10460 	10461
f 10462 	10461 	10462
f 10463 	10462 	10463
f 10464 	10463 	10464
f 10465 	10464 	10465
f 10466 	10465 	10466
f 10467 	10466 	10467
f 10468 	10467 	10468
f 10469 	10468 	10469
f 10470 	10469 	10470
f 10471 	10470 	10471
f 10472 	10471 	10472
f 10473 	10472 	10473
f 10474 	10473 	10474
f 10475 	10474 	10475
f 10476 	10475 	10476
f 10428 	10476 	10428
# 288 faces

 #end of obj_9

