# Object Export From Tinkercad Server 2015

mtllib obj.mtl

o obj_0
v 374.539 		-41.3298 		16.3318
v 374.4315 		-41.5823 		16.1413
v 375.2879 		-39.831 		17.4611
v 375.1434 		-40.0908 		17.2654
v 374.7406 		-40.8783 		16.6724
v 376.6724 		-41.2928 		16.36
v 375.8368 		-42.0315 		15.8027
v 374.7194 		-40.9257 		16.6367
v 374.8277 		-42.924 		15.1302
v 377.7188 		-40.3672 		17.057
v 375.3686 		-39.6918 		17.5659
v 376.9495 		-37.4535 		19.2526
v 376.4529 		-38.0652 		18.792
v 379.5258 		-38.7691 		18.2613
v 378.6589 		-39.536 		17.6838
v 376.1133 		-38.5337 		18.4392
v 376.1703 		-38.4526 		18.5003
v 381.0167 		-37.4505 		19.2547
v 380.3456 		-38.0442 		18.8078
v 378.3132 		-42.2487 		20.6476
v 374.7194 		-43.3327 		19.8307
v 374.7405 		-43.2854 		19.8663
v 376.3859 		-43.9531 		19.3632
v 376.6723 		-43.6998 		19.554
v 374.7623 		-45.389 		18.2812
v 377.1223 		-43.3018 		19.854
v 373.238 		-44.3299 		14.0709
v 373.238 		-44.3298 		14.0707
v 373.238 		-43.612 		14.612
v 373.8841 		-43.1291 		14.9757
v 373.7543 		-43.612 		14.612
v 373.662 		-43.9549 		14.3535
v 373.662 		-43.9548 		14.3533
v 373.173 		-43.612 		14.612
v 373.173 		-43.3255 		14.8277
v 374.0499 		-43.612 		14.612
v 373.178 		-43.9825 		14.3327
v 373.173 		-43.73 		14.5231
v 373.2005 		-44.363 		14.0459
v 373.178 		-44.5909 		15.1402
v 373.173 		-45.2622 		17.3976
v 373.2209 		-43.1288 		16.2464
v 373.238 		-46.019 		17.806
v 373.238 		-46.7371 		17.2653
v 373.238 		-46.7371 		17.2653
v 373.8841 		-45.5364 		18.17
v 373.662 		-46.3621 		17.5479
v 373.662 		-46.3619 		17.5477
v 373.7542 		-46.019 		17.806
v 373.173 		-45.7327 		18.0219
v 373.173 		-46.019 		17.806
v 374.0497 		-46.019 		17.806
v 373.178 		-46.3896 		17.5269
v 373.2005 		-46.7702 		17.2403
v 373.173 		-46.1367 		17.7174
v 373.2006 		-45.5966 		15.683
v 383.5344 		-35.2242 		20.9331
v 383.9039 		-37.3043 		24.3734
v 383.5343 		-37.6311 		24.1271
v 382.8092 		-38.2725 		23.6439
v 380.7386 		-40.1036 		22.264
v 380.3455 		-40.4512 		22.0018
v 379.7563 		-40.9724 		21.6094
v 379.0651 		-41.5837 		21.1487
v 378.6588 		-41.943 		20.8778
v 373.17 		-46.7972 		17.22
v 385.3415 		-33.6257 		22.1369
v 385.3677 		-33.6025 		22.1544
v 384.4017 		-34.457 		21.5108
v 382.7151 		-35.9485 		20.3867
v 418.746 		-57.3938 		4.2263
v 419.6024 		-57.5136 		4.136
v 420.3235 		-57.5762 		4.0889
v 421.2616 		-57.6198 		4.056
v 421.9791 		-57.6152 		4.0595
v 422.9179 		-57.5716 		4.0923
v 420.0267 		-57.5531 		4.1062
v 421.681 		-57.6198 		4.056
v 423.3663 		-57.5297 		4.1239
v 414.03 		-52.2052 		8.1362
v 414.1668 		-55.9909 		5.2834
v 414.03 		-55.9292 		5.3299
v 401.1682 		-34.6398 		21.3728
v 400.1835 		-33.6911 		22.0876
v 404.286 		-31.8527 		23.473
v 400.792 		-34.2291 		21.6822
v 400.7919 		-34.2291 		21.6822
v 404.286 		-40.1781 		17.1993
v 397.8876 		-32.8052 		22.7552
v 398.404 		-32.3217 		23.1195
v 398.3034 		-32.2533 		23.1711
v 398.329 		-32.268 		23.16
v 398.329 		-32.268 		23.16
v 398.6869 		-42.5721 		15.3953
v 397.325 		-42.5721 		15.3953
v 397.325 		-61.7363 		0.954
v 393.5804 		-31.8527 		23.473
v 392.7633 		-33.3969 		22.3093
v 395.3178 		-38.5886 		18.3971
v 397.325 		-42.924 		15.1302
v 396.4106 		-42.924 		15.1302
v 397.325 		-42.7826 		15.2367
v 393.796 		-50.9425 		9.0877
v 393.8355 		-49.4861 		10.1852
v 397.325 		-52.9802 		7.5522
v 391.8359 		-57.3938 		4.2263
v 396.4148 		-55.9909 		5.2834
v 396.6533 		-55.8834 		5.3644
v 397.325 		-55.5328 		5.6286
v 397.2741 		-55.562 		5.6066
v 397.0579 		-55.6769 		5.5201
v 373.17 		-61.7363 		0.954
v 387.4758 		-31.933 		23.4124
v 387.7275 		-31.9067 		23.4323
v 388.5408 		-31.8643 		23.4643
v 387.6098 		-37.7852 		19.0025
v 382.7027 		-38.5886 		18.3971
v 381.3123 		-37.189 		19.4518
v 378.8637 		-39.3546 		17.8199
v 377.2765 		-40.7583 		16.7621
v 381.6098 		-42.924 		15.1302
v 373.17 		-44.39 		14.0254
v 373.6535 		-43.9866 		14.3293
v 373.5548 		-44.449 		13.9809
v 373.4996 		-44.7315 		13.7681
v 384.185 		-49.4861 		10.1852
v 388.1492 		-50.8565 		9.1525
v 384.2246 		-50.9425 		9.0877
v 386.185 		-57.3938 		4.2263
v 387.04 		-57.5134 		4.1362
v 387.7639 		-57.5762 		4.0888
v 387.4663 		-57.5532 		4.1062
v 373.3606 		-45.6046 		13.1101
v 375.3543 		-46.179 		12.6773
v 373.3794 		-45.8385 		12.9339
v 373.2857 		-46.3621 		12.5393
v 373.3103 		-46.0808 		12.7513
v 373.4698 		-46.3419 		12.5545
v 373.238 		-48.4501 		10.9658
v 378.5311 		-47.7383 		11.5023
v 374.4053 		-49.0348 		10.5253
v 373.2659 		-48.4223 		10.9869
v 373.2441 		-48.0043 		11.3018
v 373.239 		-47.7133 		11.5211
v 373.239 		-47.2558 		11.8658
v 373.5483 		-46.6431 		12.3275
v 374.6774 		-49.5707 		10.1215
v 374.4111 		-49.0481 		10.5152
v 374.6049 		-49.4333 		10.225
v 381.3547 		-37.1515 		19.48
v 381.4613 		-37.0573 		19.5511
v 381.5166 		-37.0084 		19.588
v 381.5711 		-36.9603 		19.6243
v 381.9222 		-36.6498 		19.8584
v 381.5304 		-36.9962 		19.5972
v 404.286 		-68.3829 		0.954
v 404.9479 		-66.4954 		2.3764
v 404.905 		-66.4836 		2.3853
v 404.787 		-66.4374 		2.4201
v 404.7157 		-66.3994 		2.4487
v 404.678 		-66.3794 		2.4638
v 404.58 		-66.3104 		2.5158
v 404.493 		-66.2317 		2.5751
v 404.4452 		-66.175 		2.6178
v 404.42 		-66.1449 		2.6405
v 404.382 		-66.0837 		2.6866
v 404.362 		-66.0513 		2.711
v 404.3345 		-65.9865 		2.7599
v 404.32 		-65.9523 		2.7856
v 405.899 		-66.3794 		2.4638
v 405.8277 		-66.4174 		2.4351
v 405.79 		-66.4374 		2.4201
v 405.672 		-66.4836 		2.3853
v 405.5909 		-66.5056 		2.3687
v 405.548 		-66.5174 		2.3598
v 405.419 		-66.5374 		2.3447
v 405.288 		-66.5443 		2.3395
v 405.158 		-66.5374 		2.3447
v 405.029 		-66.5174 		2.3598
v 406.257 		-65.9523 		2.7856
v 406.2295 		-66.0172 		2.7367
v 406.215 		-66.0513 		2.711
v 406.177 		-66.1125 		2.6649
v 406.157 		-66.1449 		2.6405
v 406.1092 		-66.2015 		2.5978
v 406.084 		-66.2317 		2.5751
v 405.997 		-66.3104 		2.5158
v 404.9419 		-65.4209 		0.954
v 404.905 		-65.405 		0.954
v 404.787 		-65.3326 		0.954
v 404.7102 		-65.2684 		0.954
v 404.678 		-65.2417 		0.954
v 404.58 		-65.1335 		0.954
v 404.493 		-65.01 		0.954
v 404.4411 		-64.9136 		0.954
v 404.42 		-64.874 		0.954
v 406.157 		-64.874 		0.954
v 406.1052 		-64.9703 		0.954
v 406.084 		-65.01 		0.954
v 405.997 		-65.1335 		0.954
v 405.899 		-65.2417 		0.954
v 405.8222 		-65.3058 		0.954
v 405.79 		-65.3326 		0.954
v 405.672 		-65.405 		0.954
v 405.5849 		-65.4421 		0.954
v 405.548 		-65.458 		0.954
v 405.419 		-65.4893 		0.954
v 405.288 		-65.5001 		0.954
v 405.158 		-65.4893 		0.954
v 405.029 		-65.458 		0.954
v 404.3786 		-64.7694 		0.954
v 404.362 		-64.7273 		0.954
v 404.3319 		-64.6161 		0.954
v 404.32 		-64.572 		0.954
v 404.294 		-64.411 		0.954
v 404.286 		-64.2474 		0.954
v 404.294 		-64.0847 		0.954
v 404.3129 		-63.9678 		0.954
v 404.32 		-63.9234 		0.954
v 406.2455 		-63.8812 		0.954
v 406.257 		-63.9234 		0.954
v 406.2751 		-64.0401 		0.954
v 406.282 		-64.0847 		0.954
v 428.2029 		-23.6978 		24.4505
v 426.1883 		-14.7762 		14.2386
v 426.6697 		-23.1404 		25.0138
v 424.6161 		-13.9889 		14.0364
v 422.9603 		-14.0607 		14.646
v 435.2911 		-19.2173 		4.6682
v 434.4139 		-18.0006 		5.9893
v 432.2683 		-15.3144 		7.5806
v 431.6723 		-14.3742 		7.4296
v 437.1333 		-27.9022 		4.168
v 432.2722 		-24.6711 		5.0517
v 428.9442 		-12.5997 		8.9394
v 427.461 		-11.7563 		9.2767
v 431.0146 		-14.1344 		8.2154
v 430.3669 		-13.2579 		8.0152
v 382.4709 		-25.3847 		11.9309
v 384.0294 		-24.3845 		11.8741
v 385.5965 		-24.3836 		12.7728
v 388.8878 		-23.774 		12.7406
v 400.792 		-34.229 		21.682
v 404.8033 		-42.572 		15.3952
v 400.1961 		-42.572 		15.3952
v 404.778 		-42.146 		15.716
v 404.688 		-41.6444 		16.0944
v 404.8033 		-42.5721 		15.3953
v 404.789 		-42.3319 		15.5762
v 404.789 		-42.3319 		15.5763
v 404.778 		-42.1462 		15.7162
v 404.7115 		-41.7753 		15.9957
v 404.7115 		-41.7753 		15.9957
v 404.778 		-42.1461 		15.7163
v 398.329 		-32.268 		23.16
v 393.3307 		-31.8526 		23.473
v 391.8367 		-31.8525 		23.4728
v 404.7957 		-44.8525 		18.6855
v 404.7116 		-44.1836 		19.1895
v 404.7444 		-44.419 		19.0122
v 405.8533 		-44.2775 		19.1188
v 405.7826 		-44.9141 		18.639
v 405.8055 		-44.6813 		18.8145
v 404.5683 		-43.3844 		19.7918
v 405.548 		-43.3565 		19.8128
v 405.4636 		-43.3703 		19.8024
v 405.419 		-43.3774 		19.7971
v 405.3333 		-43.3819 		19.7937
v 405.288 		-43.384 		19.792
v 405.203 		-43.3795 		19.7954
v 405.158 		-43.3774 		19.7971
v 405.9988 		-43.4634 		19.7322
v 405.0736 		-43.3636 		19.8074
v 405.029 		-43.3565 		19.8128
v 404.905 		-43.3234 		19.8377
v 404.787 		-43.2766 		19.873
v 404.678 		-43.2185 		19.9168
v 404.6139 		-43.1738 		19.9505
v 404.58 		-43.1499 		19.9685
v 404.5231 		-43.0984 		20.0073
v 404.493 		-43.0714 		20.0277
v 404.4452 		-43.0146 		20.0704
v 404.42 		-42.9845 		20.0932
v 404.383 		-42.9244 		20.1384
v 404.5338 		-43.2409 		19.8999
v 404.3102 		-42.417 		20.5208
v 404.32 		-42.3784 		20.5498
v 405.9329 		-43.1946 		19.9348
v 405.899 		-43.2185 		19.9168
v 405.79 		-43.2766 		19.873
v 405.672 		-43.3234 		19.8377
v 406.257 		-42.3784 		20.5498
v 406.2686 		-42.4259 		20.5141
v 406.177 		-42.9521 		20.1175
v 406.157 		-42.9845 		20.0932
v 406.1944 		-42.924 		20.1387
v 406.1092 		-43.0412 		20.0504
v 406.084 		-43.0714 		20.0277
v 406.0271 		-43.1228 		19.9889
v 405.997 		-43.1499 		19.9685
v 406.0477 		-43.241 		19.8998
v 404.362 		-42.2793 		20.6246
v 406.215 		-42.2793 		20.6246
v 404.42 		-42.1857 		20.6951
v 404.493 		-42.0984 		20.7608
v 404.58 		-42.0203 		20.8197
v 404.678 		-41.9513 		20.8717
v 404.7493 		-41.9136 		20.9001
v 404.787 		-41.8935 		20.9152
v 404.905 		-41.8474 		20.95
v 405.288 		-41.7865 		20.9959
v 405.419 		-41.7934 		20.9907
v 405.548 		-41.8133 		20.9757
v 405.6291 		-41.8357 		20.9588
v 405.672 		-41.8474 		20.95
v 405.79 		-41.8935 		20.9152
v 405.8613 		-41.9312 		20.8868
v 405.899 		-41.9513 		20.8717
v 405.997 		-42.0203 		20.8197
v 406.084 		-42.0984 		20.7608
v 406.157 		-42.1857 		20.6951
v 404.9861 		-41.825 		20.9669
v 405.029 		-41.8133 		20.9757
v 405.158 		-41.7934 		20.9907
v 406.235 		-34.2599 		26.6676
v 434.9071 		-41.7632 		21.0137
v 435.0434 		-41.9891 		20.8434
v 437.238 		-44.5633 		18.904
v 437.238 		-43.7543 		19.6724
v 437.23 		-42.4673 		20.6424
v 435.2888 		-42.4891 		20.6259
v 435.3791 		-42.6654 		20.493
v 436.145 		-42.6654 		20.493
v 436.5213 		-45.3779 		18.449
v 435.8122 		-43.533 		19.8393
v 436.0069 		-43.9686 		19.511
v 436.4233 		-45.0774 		18.6754
v 435.6983 		-43.2893 		20.0229
v 436.3332 		-44.8166 		18.872
v 437.235 		-42.7505 		20.4289
v 437.2075 		-43.7239 		19.6952
v 437.235 		-43.2044 		20.0867
v 436.4233 		-45.0009 		18.5739
v 436.3332 		-44.7402 		18.7706
v 436.2987 		-44.6506 		18.8382
v 437.355 		-44.8409 		18.6946
v 437.321 		-44.5556 		18.9098
v 435.8195 		-45.389 		18.2812
v 437.238 		-43.9942 		19.3326
v 435.2888 		-42.4125 		20.5243
v 436.0069 		-43.8921 		19.4094
v 433.4594 		-43.3018 		19.854
v 432.2682 		-42.2485 		20.6478
v 437.3047 		-44.4182 		19.0133
v 437.2733 		-44.1921 		19.1835
v 434.1958 		-43.9531 		19.3632
v 437.238 		-46.7687 		17.401
v 437.238 		-50.9341 		14.2621
v 436.802 		-46.3946 		17.683
v 436.8209 		-46.4759 		17.6217
v 436.7276 		-46.118 		17.8916
v 436.8899 		-46.1524 		17.8657
v 436.5634 		-45.5071 		18.3517
v 436.9198 		-46.0122 		17.9713
v 436.9726 		-45.7418 		18.1749
v 437.0178 		-45.4564 		18.3898
v 436.9726 		-45.7418 		18.1748
v 436.9198 		-46.0121 		17.9711
v 436.8209 		-46.4758 		17.6217
v 436.9604 		-47.1154 		17.1397
v 436.8632 		-46.6587 		17.4838
v 437.132 		-48.2461 		16.2876
v 437.1854 		-48.752 		15.9065
v 437.237 		-50.3903 		14.6719
v 437.1028 		-48.0096 		16.4659
v 437.237 		-49.9083 		15.0351
v 437.2327 		-49.6584 		15.2234
v 437.21 		-50.9062 		14.2831
v 433.3689 		-50.6655 		14.3057
v 435.3293 		-51.4376 		13.724
v 436.0015 		-51.814 		13.4403
v 436.054 		-51.723 		13.509
v 436.0903 		-51.6393 		13.572
v 436.054 		-51.723 		13.5089
v 436.054 		-51.723 		13.509
v 379.127 		-54.5513 		6.3683
v 381.6061 		-55.9909 		5.2834
v 379.4455 		-54.7796 		6.1963
v 380.032 		-55.1515 		5.916
v 380.8177 		-55.6028 		5.5759
v 381.4468 		-55.9191 		5.3376
v 381.2146 		-55.8053 		5.4233
v 379.8147 		-55.0169 		6.0174
v 389.866 		-31.8836 		23.4497
v 389.897 		-31.8527 		23.473
v 390.5468 		-31.8527 		23.473
v 389.3781 		-31.8582 		23.4689
v 388.8878 		-31.8582 		23.4689
v 390.4106 		-37.7852 		19.0025
v 391.0645 		-57.5017 		4.145
v 390.8095 		-57.5293 		4.1241
v 389.8713 		-50.8565 		9.1525
v 389.01 		-51.1765 		8.9114
v 388.7006 		-57.6198 		4.056
v 389.418 		-57.6152 		4.0595
v 390.356 		-57.5716 		4.0923
v 389.121 		-57.6198 		4.056
v 406.291 		-64.2474 		0.954
v 406.282 		-64.411 		0.954
v 406.257 		-64.572 		0.954
v 406.227 		-64.6831 		0.954
v 406.215 		-64.7273 		0.954
v 406.1737 		-64.8318 		0.954
v 375.1432 		-42.5749 		20.5612
v 375.0969 		-42.6654 		20.493
v 374.7405 		-43.3621 		19.9681
v 374.539 		-43.8136 		19.6278
v 374.4316 		-44.0658 		19.4377
v 374.3319 		-42.6654 		20.493
v 381.5615 		-42.2156 		20.6726
v 381.0262 		-43.7247 		19.5353
v 375.2874 		-42.2393 		20.6549
v 374.539 		-43.737 		19.5262
v 374.4316 		-43.9893 		19.3362
v 375.1432 		-42.4984 		20.4596
v 382.2297 		-45.389 		18.2812
v 373.238 		-45.398 		18.4339
v 373.238 		-43.7554 		19.6717
v 373.9562 		-45.3777 		18.4491
v 373.241 		-42.5616 		20.5713
v 373.9646 		-45.3502 		18.4699
v 374.1159 		-44.8863 		18.8194
v 373.246 		-43.2988 		20.0156
v 373.2685 		-43.7248 		19.6944
v 373.241 		-43.0154 		20.2292
v 374.1808 		-44.6411 		18.8453
v 373.238 		-44.7533 		18.7607
v 373.9646 		-45.2736 		18.3682
v 374.1159 		-44.8099 		18.718
v 373.2209 		-44.9249 		18.6313
v 391.7897 		-51.5405 		13.6457
v 392.0412 		-50.6622 		14.3075
v 394.9771 		-51.8803 		13.3896
v 397.325 		-49.2936 		15.3392
v 394.0892 		-48.0193 		16.2991
v 397.325 		-52.3588 		13.029
v 397.325 		-51.3618 		13.7804
v 396.1916 		-50.6335 		14.3291
v 397.325 		-49.7349 		15.0063
v 397.325 		-47.9453 		16.3549
v 397.325 		-47.5825 		16.6286
v 394.0954 		-46.9752 		17.0859
v 397.325 		-46.9531 		17.1026
v 397.325 		-48.9041 		15.6324
v 397.325 		-51.1741 		13.9218
v 397.325 		-52.7985 		12.6977
v 383.9249 		-46.9752 		17.0859
v 383.9311 		-48.0193 		16.2991
v 385.9791 		-50.6622 		14.3075
v 383.0435 		-51.8803 		13.3896
v 386.2307 		-51.5405 		13.6457
v 390.9529 		-54.1018 		11.7156
v 392.3035 		-59.7204 		7.482
v 391.1329 		-59.899 		7.3471
v 391.9886 		-59.7795 		7.4374
v 394.9281 		-59.0093 		8.0179
v 394.2121 		-59.2524 		7.8344
v 394.9506 		-59.0016 		8.0237
v 395.459 		-58.829 		8.154
v 394.9211 		-58.8253 		8.1566
v 394.0021 		-59.3127 		7.7889
v 396.938 		-58.163 		8.656
v 397.325 		-55.225 		10.8692
v 397.325 		-54.1867 		11.6519
v 397.325 		-57.9404 		8.8235
v 397.325 		-56.575 		9.8519
v 396.516 		-57.0154 		9.5205
v 397.325 		-57.6968 		9.007
v 397.325 		-57.832 		8.9051
v 395.1599 		-58.9305 		8.0773
v 395.0767 		-58.9588 		8.056
v 394.2121 		-59.2523 		7.8344
v 395.1599 		-58.9304 		8.077
v 395.4589 		-58.8289 		8.1539
v 395.459 		-58.8289 		8.1539
v 396.9379 		-58.1629 		8.6558
v 396.938 		-58.1629 		8.6558
v 395.7452 		-58.7 		8.251
v 396.6474 		-58.2937 		8.5572
v 396.6474 		-58.2935 		8.5569
v 395.7452 		-58.6998 		8.2508
v 397.2088 		-58.0072 		8.7731
v 397.325 		-57.9404 		8.8234
v 397.2088 		-58.007 		8.7728
v 397.325 		-57.9402 		8.8232
v 397.325 		-57.9404 		8.8235
v 396.8698 		-58.1802 		8.6427
v 397.325 		-42.8389 		15.1942
v 387.2408 		-31.9576 		23.3939
v 386.8973 		-31.9996 		23.3622
v 386.2442 		-32.1026 		23.2844
v 386.0878 		-32.1273 		23.2658
v 385.6063 		-32.2293 		23.189
v 385.2771 		-32.3051 		23.1319
v 384.8939 		-32.4073 		23.055
v 383.6852 		-30.674 		19.9749
v 385.2778 		-30.0057 		20.0809
v 388.54 		-29.6799 		20.5654
v 378.8736 		-35.5389 		20.695
v 427.7545 		-25.1397 		11.8376
v 430.6278 		-26.7047 		10.5407
v 422.6413 		-29.5614 		20.3317
v 411.2166 		-35.4164 		25.7961
v 411.9258 		-34.9085 		26.1788
v 410.019 		-36.4332 		25.0299
v 410.6685 		-35.8584 		25.463
v 409.5344 		-36.9147 		24.667
v 410.862 		-35.6989 		25.5832
v 409.6971 		-36.7492 		24.7917
v 412.1527 		-34.7572 		26.2928
v 412.5229 		-34.5194 		26.472
v 412.975 		-34.2599 		26.6676
v 408.3865 		-38.2652 		23.6494
v 409.0187 		-37.4781 		24.2425
v 407.9331 		-40.6492 		21.8529
v 406.6077 		-41.4212 		21.2712
v 406.9388 		-40.6576 		21.8466
v 406.3878 		-42.0328 		20.8103
v 407.0419 		-40.443 		22.0083
v 406.4584 		-41.8285 		20.9642
v 408.0195 		-38.7648 		23.2729
v 407.2378 		-40.0543 		22.3012
v 407.6503 		-39.3386 		22.8405
v 407.7811 		-39.1301 		22.9976
v 413.5872 		-43.7247 		19.5353
v 413.1229 		-44.9793 		18.59
v 414.03 		-44.9793 		18.59
v 414.03 		-64.15 		4.1438
v 406.291 		-65.7453 		2.9416
v 437.411 		-68.3829 		0.954
v 435.4879 		-52.7055 		12.7678
v 437.238 		-50.8574 		14.1604
v 436.4932 		-50.711 		14.2708
v 437.21 		-50.8296 		14.1814
v 437.237 		-50.3136 		14.5702
v 436.7528 		-50.008 		14.8005
v 437.411 		-46.7964 		17.2207
v 437.238 		-46.6434 		17.3359
v 436.8632 		-46.5821 		17.3821
v 436.802 		-46.3179 		17.5812
v 436.7809 		-46.2391 		17.6406
v 437.238 		-46.942 		17.1109
v 437.3702 		-46.942 		17.1109
v 436.9398 		-46.942 		17.1109
v 437.1854 		-48.6753 		15.8048
v 437.237 		-49.8316 		14.9334
v 437.2327 		-49.5818 		15.1217
v 436.9915 		-49.223 		15.3921
v 436.7572 		-49.9955 		14.81
v 437.2865 		-47.7733 		16.4845
v 437.238 		-48.0446 		16.28
v 437.1631 		-48.464 		15.964
v 437.1458 		-48.5603 		15.8914
v 437.36 		-47.1134 		16.9818
v 437.095 		-48.7922 		15.7167
v 437.335 		-47.3655 		16.7918
v 435.9059 		-51.9797 		13.3147
v 435.4886 		-52.7044 		12.7687
v 436.2022 		-51.3811 		13.7658
v 436.103 		-51.5881 		13.6098
v 434.9054 		-53.5686 		12.1174
v 434.6203 		-53.9568 		11.8249
v 434.4716 		-54.1447 		11.6833
v 431.9306 		-56.6178 		9.8197
v 431.596 		-56.8574 		9.6391
v 433.1233 		-55.605 		10.5829
v 432.4049 		-56.2401 		10.1043
v 434.1934 		-54.4834 		11.4281
v 433.6118 		-55.119 		10.9491
v 433.4433 		-55.2905 		10.8199
v 431.5164 		-41.5836 		21.1488
v 430.825 		-40.9721 		21.6096
v 429.8428 		-40.1035 		22.2641
v 426.5379 		-41.1401 		21.4829
v 426.6773 		-37.3042 		24.3736
v 425.617 		-37.9815 		23.8631
v 427.7833 		-38.4567 		23.505
v 427.7724 		-38.2726 		23.6438
v 428.3512 		-45.389 		18.2812
v 429.5547 		-43.7247 		19.5353
v 429.0195 		-42.2156 		20.6726
v 426.1733 		-42.3541 		20.5681
v 422.6699 		-36.7704 		24.7758
v 421.571 		-36.3807 		25.0695
v 420.472 		-36.7704 		24.7758
v 415.465 		-36.6655 		24.8549
v 423.204 		-41.5738 		21.1561
v 423.0578 		-39.832 		22.4687
v 420.0841 		-39.832 		22.4687
v 419.9379 		-41.5738 		21.1561
v 417.5243 		-37.9815 		23.8631
v 416.6036 		-41.1401 		21.4829
v 415.3586 		-38.4567 		23.505
v 435.4886 		-52.7044 		12.7687
v 435.0191 		-52.0798 		13.2396
v 435.6376 		-52.4457 		12.9638
v 437.079 		-48.935 		15.61
v 436.7572 		-49.9955 		14.81
v 436.9915 		-49.2233 		15.3925
v 436.9934 		-49.2153 		15.3986
v 435.067 		-48.5567 		15.8949
v 436.7345 		-48.8702 		15.6588
v 437.0672 		-48.9736 		15.5809
v 437.238 		-48.0448 		16.2804
v 437.238 		-47.4757 		16.709
v 437.132 		-48.1697 		16.1863
v 437.1414 		-48.2588 		16.1193
v 437.1028 		-47.9332 		16.3645
v 437.0268 		-47.4561 		16.7238
v 437.2865 		-47.7734 		16.4848
v 437.0902 		-48.8721 		15.6574
v 437.321 		-47.4834 		16.7032
v 436.9604 		-47.0387 		17.0381
v 437.335 		-47.3656 		16.7919
v 437.36 		-47.1134 		16.9818
v 437.079 		-48.935 		15.61
v 437.079 		-48.935 		15.61
v 437.1631 		-48.4643 		15.9644
v 437.1458 		-48.5605 		15.8917
v 437.1317 		-48.6396 		15.8323
v 437.1317 		-48.6394 		15.8322
v 437.095 		-48.7923 		15.7169
v 436.2014 		-51.3833 		13.7647
v 435.8074 		-52.1509 		13.1859
v 435.803 		-52.1585 		13.1801
v 435.7969 		-52.169 		13.1722
v 435.9059 		-51.9799 		13.3149
v 435.6775 		-52.3764 		13.016
v 436.2022 		-51.3812 		13.7659
v 436.1713 		-51.4526 		13.7124
v 436.1713 		-51.4525 		13.7122
v 435.6141 		-52.077 		13.2416
v 436.103 		-51.5882 		13.6099
v 431.9306 		-56.6179 		9.8199
v 432.1678 		-56.429 		9.9623
v 431.6719 		-56.8031 		9.6802
v 433.5588 		-55.177 		10.9056
v 434.1934 		-54.4835 		11.4283
v 433.3402 		-55.3918 		10.7436
v 434.3834 		-54.2523 		11.6026
v 434.5721 		-54.0226 		11.7756
v 434.6203 		-53.9568 		11.8249
v 434.5721 		-54.0225 		11.7755
v 434.4716 		-54.1448 		11.6833
v 432.4049 		-56.2402 		10.1045
v 433.1233 		-55.6051 		10.583
v 433.6118 		-55.119 		10.9491
v 433.5588 		-55.1769 		10.9055
v 433.4433 		-55.2905 		10.8199
v 427.441 		-35.5148 		25.8815
v 427.5829 		-35.5748 		25.8362
v 426.9621 		-35.3315 		26.0197
v 428.2526 		-34.8018 		26.4187
v 426.1954 		-35.0667 		26.2193
v 426.6815 		-35.2241 		26.1007
v 426.017 		-35.0123 		26.2603
v 404.3506 		-63.8102 		0.954
v 404.362 		-63.7681 		0.954
v 404.4044 		-63.6616 		0.954
v 404.42 		-63.6221 		0.954
v 404.4735 		-63.5219 		0.954
v 404.493 		-63.4856 		0.954
v 404.58 		-63.3622 		0.954
v 404.678 		-63.254 		0.954
v 404.787 		-63.1628 		0.954
v 404.905 		-63.0904 		0.954
v 405.288 		-62.9953 		0.954
v 405.419 		-63.0061 		0.954
v 405.5146 		-63.03 		0.954
v 405.548 		-63.0383 		0.954
v 405.6398 		-63.0767 		0.954
v 405.672 		-63.0904 		0.954
v 405.79 		-63.1628 		0.954
v 405.899 		-63.254 		0.954
v 404.9968 		-63.052 		0.954
v 405.029 		-63.0383 		0.954
v 405.1246 		-63.0144 		0.954
v 405.158 		-63.0061 		0.954
v 405.997 		-63.3622 		0.954
v 406.084 		-63.4856 		0.954
v 406.1374 		-63.5857 		0.954
v 406.157 		-63.6221 		0.954
v 406.1993 		-63.7285 		0.954
v 406.215 		-63.7681 		0.954
v 404.294 		-65.8496 		2.863
v 404.286 		-65.7453 		2.9416
v 404.294 		-65.6415 		3.0198
v 404.311 		-65.5743 		3.0705
v 404.32 		-65.5386 		3.0974
v 404.3474 		-65.4737 		3.1462
v 404.362 		-65.4396 		3.172
v 404.3999 		-65.3788 		3.2178
v 404.42 		-65.3465 		3.2422
v 406.1317 		-65.3164 		3.2648
v 406.157 		-65.3465 		3.2422
v 406.1949 		-65.4073 		3.1963
v 406.215 		-65.4396 		3.172
v 406.2424 		-65.5045 		3.1231
v 406.257 		-65.5386 		3.0974
v 406.2733 		-65.6058 		3.0467
v 406.282 		-65.6415 		3.0198
v 406.282 		-65.8496 		2.863
v 434.3881 		-40.972 		21.6096
v 434.423 		-41.0199 		21.5736
v 431.9227 		-41.9428 		20.878
v 433.0836 		-39.3562 		22.8272
v 432.8863 		-39.1452 		22.9861
v 432.6439 		-38.9035 		23.1681
v 392.6184 		-59.6612 		7.5266
v 393.5974 		-59.4291 		7.7012
v 393.7304 		-59.3909 		7.73
v 391.9886 		-59.7794 		7.4372
v 392.6184 		-59.6611 		7.5264
v 393.5974 		-59.4291 		7.7012
v 385.6571 		-59.7215 		7.4811
v 385.714 		-59.735 		7.471
v 387.0676 		-54.1018 		11.7156
v 385.6656 		-59.7106 		7.4894
v 385.9397 		-58.7957 		8.1788
v 386.213 		-58.0469 		8.7429
v 385.7601 		-59.7284 		7.476
v 385.7619 		-59.7417 		7.4659
v 385.714 		-59.735 		7.471
v 385.714 		-59.735 		7.471
v 382.562 		-58.829 		8.154
v 384.6107 		-53.9972 		11.7947
v 384.5694 		-54.841 		11.1588
v 383.1039 		-55.5294 		10.6403
v 383.8982 		-56.1744 		10.1542
v 384.5129 		-59.4503 		7.6853
v 385.4026 		-59.6612 		7.5266
v 384.2909 		-59.3903 		7.7304
v 386.9794 		-56.9496 		9.5696
v 386.0324 		-59.7795 		7.4374
v 386.657 		-59.8668 		7.3715
v 384.5129 		-59.4503 		7.6853
v 385.4026 		-59.6611 		7.5264
v 386.0324 		-59.7794 		7.4373
v 385.7284 		-59.7223 		7.4803
v 385.8547 		-59.746 		7.4624
v 385.8801 		-59.7504 		7.4591
v 385.8547 		-59.746 		7.4624
v 383.6232 		-59.1096 		7.9422
v 383.6106 		-59.1851 		7.8853
v 383.8088 		-59.2524 		7.8344
v 384.0188 		-59.3127 		7.7889
v 383.5632 		-59.169 		7.8974
v 382.5619 		-58.8288 		8.1539
v 382.562 		-58.8289 		8.1538
v 383.5944 		-59.1796 		7.8894
v 383.1338 		-59.023 		8.0072
v 383.8088 		-59.2523 		7.8344
v 382.8611 		-58.9305 		8.0772
v 382.8611 		-58.9305 		8.0772
v 383.626 		-55.7826 		10.449
v 373.238 		-47.299 		16.8421
v 373.238 		-46.942 		17.1109
v 373.238 		-50.9341 		14.2621
v 373.8841 		-45.6131 		18.2719
v 373.7483 		-46.1182 		17.8915
v 373.4587 		-45.4564 		18.3898
v 373.5206 		-45.8456 		18.0967
v 373.5861 		-46.1526 		17.8656
v 373.611 		-46.2693 		17.7775
v 373.6557 		-46.4623 		17.632
v 373.5206 		-45.8455 		18.0966
v 373.611 		-46.2692 		17.7774
v 373.6557 		-46.4622 		17.6319
v 373.3104 		-48.5644 		16.0478
v 373.3606 		-48.0886 		16.4063
v 373.6534 		-46.4707 		17.6255
v 373.239 		-50.1971 		14.8174
v 373.239 		-49.7397 		15.1621
v 373.2857 		-48.8461 		15.8355
v 373.5548 		-46.9329 		17.2772
v 373.4996 		-47.2153 		17.0644
v 373.2441 		-50.4883 		14.598
v 373.2659 		-50.9062 		14.2831
v 373.6534 		-46.394 		17.5238
v 373.5548 		-46.8563 		17.1755
v 373.4996 		-47.1387 		16.9628
v 373.538 		-46.942 		17.1109
v 373.4475 		-47.466 		16.7163
v 373.2108 		-46.942 		17.1109
v 373.2259 		-47.1979 		16.9182
v 379.0826 		-46.942 		17.1109
v 373.3521 		-48.0933 		16.2439
v 373.3523 		-48.0913 		16.2454
v 373.3575 		-48.0414 		16.283
v 373.3606 		-48.0122 		16.305
v 373.503 		-48.935 		15.61
v 376.803 		-47.9233 		16.3719
v 377.4312 		-48.1963 		16.1663
v 376.8854 		-48.299 		16.089
v 373.238 		-50.8574 		14.1604
v 373.2659 		-50.8296 		14.1814
v 373.2441 		-50.4117 		14.4963
v 374.527 		-51.723 		13.509
v 374.0878 		-50.711 		14.2708
v 381.8289 		-50.6335 		14.3291
v 380.307 		-52.9505 		12.5832
v 374.9434 		-52.4457 		12.9638
v 375.093 		-52.7055 		12.7678
v 374.8645 		-52.3089 		13.067
v 375.5618 		-52.0798 		13.2396
v 376.2893 		-51.4564 		13.7095
v 374.5269 		-51.7228 		13.5089
v 374.527 		-51.7229 		13.5088
v 374.4535 		-51.5537 		13.6363
v 374.4097 		-51.4524 		13.7121
v 374.4097 		-51.4525 		13.7123
v 374.4535 		-51.5536 		13.6362
v 374.7155 		-52.0503 		13.2621
v 374.9035 		-52.3764 		13.016
v 374.7155 		-52.0502 		13.2619
v 374.7155 		-52.05 		13.2617
v 374.7155 		-52.0502 		13.262
v 437.411 		-61.7363 		0.954
v 437.411 		-44.3891 		14.0261
v 373.17 		-68.3829 		0.954
v 392.9962 		-27.6709 		31.7922
v 392.6417 		-27.5764 		31.8637
v 392.2991 		-27.504 		31.9185
v 392.1729 		-27.4773 		31.9386
v 391.8426 		-27.4133 		31.9867
v 392.6417 		-27.5762 		31.8636
v 391.8426 		-27.4131 		31.9865
v 392.1729 		-27.4771 		31.9383
v 390.668 		-27.2463 		32.1122
v 391.0207 		-27.2834 		32.0843
v 391.0207 		-27.2834 		32.0843
v 396.4412 		-29.0096 		30.7835
v 390.5402 		-27.2329 		32.1223
v 390.2108 		-27.2041 		32.1441
v 389.365 		-27.16 		32.1774
v 389.019 		-27.16 		32.1774
v 387.3699 		-27.2463 		32.1122
v 387.2345 		-27.2606 		32.1015
v 386.9116 		-27.3001 		32.0718
v 386.0846 		-27.4308 		31.9735
v 385.7388 		-27.504 		31.9185
v 385.618 		-27.5295 		31.8992
v 385.2836 		-27.6064 		31.841
v 388.8888 		-27.16 		32.1774
v 388.5631 		-27.1658 		32.1731
v 387.718 		-27.2098 		32.1398
v 390.2108 		-27.2041 		32.144
v 389.867 		-27.1861 		32.1575
v 390.5402 		-27.2329 		32.1223
v 397.2056 		-29.4383 		30.4608
v 396.907 		-29.2665 		30.5903
v 396.7944 		-29.2017 		30.6391
v 396.5145 		-29.0469 		30.7554
v 397.2056 		-29.4381 		30.4606
v 396.5145 		-29.0468 		30.7554
v 396.7944 		-29.2015 		30.6389
v 381.4283 		-29.0952 		30.7191
v 381.131 		-29.2665 		30.5903
v 381.0145 		-29.3335 		30.5398
v 380.7479 		-29.4929 		30.4197
v 397.4241 		-27.155 		32.181
v 389.8982 		-27.155 		32.181
v 382.6025 		-28.5189 		31.1523
v 382.485 		-28.571 		31.1131
v 384.1437 		-27.9295 		31.5968
v 384.0213 		-27.9691 		31.5669
v 383.7043 		-28.0779 		31.4849
v 382.9265 		-28.3753 		31.2606
v 384.4769 		-27.8216 		31.6783
v 382.1812 		-28.7124 		31.0068
v 399.2112 		-30.8809 		29.3733
v 398.5712 		-30.3644 		29.7628
v 398.2923 		-30.1627 		29.9149
v 397.9219 		-29.9016 		30.1117
v 398.1847 		-30.0848 		29.9736
v 390.4139 		-29.6557 		30.2966
v 387.624 		-29.6557 		30.2966
v 385.9547 		-31.0843 		29.22
v 398.5712 		-30.3643 		29.7626
v 397.9219 		-29.9014 		30.1115
v 398.1847 		-30.0846 		29.9734
v 380.0262 		-29.9596 		30.068
v 379.7457 		-30.1627 		29.9149
v 379.3893 		-30.4269 		29.7157
v 379.6251 		-30.2499 		29.8492
v 385.3641 		-31.6727 		28.7763
v 378.4619 		-31.1982 		29.1341
v 378.3647 		-31.2854 		29.0684
v 378.1353 		-31.4986 		28.9077
v 378.714 		-30.972 		29.3047
v 377.5223 		-32.1095 		28.4473
v 404.1737 		-41.9661 		20.8609
v 404.0725 		-41.6907 		21.0684
v 403.4786 		-40.3221 		22.0994
v 403.429 		-40.2236 		22.1737
v 403.3019 		-39.9824 		22.3555
v 402.8897 		-39.2663 		22.8953
v 402.726 		-39.0156 		23.0843
v 402.6479 		-40.6492 		21.8529
v 400.9961 		-36.8597 		24.709
v 401.563 		-37.4781 		24.2425
v 400.7794 		-36.647 		24.8695
v 400.665 		-36.5347 		24.9541
v 400.5082 		-36.3858 		25.0662
v 399.8488 		-35.8024 		25.5058
v 399.6077 		-35.6101 		25.6506
v 399.4998 		-35.5241 		25.7155
v 399.3011 		-35.3713 		25.8305
v 400.9961 		-36.8595 		24.7087
v 399.8488 		-35.8021 		25.5054
v 400.5082 		-36.3855 		25.0658
v 399.3011 		-35.3711 		25.8302
v 399.4998 		-35.5238 		25.7151
v 400.665 		-36.5343 		24.9537
v 402.5085 		-38.6915 		23.3284
v 402.1955 		-38.2652 		23.6494
v 402.6619 		-38.9174 		23.1583
v 403.3019 		-39.9823 		22.3554
v 402.8897 		-39.2661 		22.8951
v 402.5085 		-38.6913 		23.3282
v 403.429 		-40.2235 		22.1736
v 402.6619 		-38.9172 		23.158
v 403.9346 		-41.3306 		21.3397
v 403.6102 		-40.5836 		21.9025
v 404.032 		-41.5804 		21.1516
v 404.1737 		-41.9659 		20.8607
v 403.6102 		-40.5835 		21.9024
v 403.9346 		-41.3305 		21.3395
v 404.032 		-41.5802 		21.1513
v 404.8032 		-44.9794 		18.5901
v 404.7957 		-44.8527 		18.6857
v 404.7605 		-44.5556 		18.9098
v 400.1994 		-44.9794 		18.5901
v 404.382 		-42.9229 		20.1395
v 404.362 		-42.8905 		20.1639
v 404.3345 		-42.826 		20.2126
v 404.32 		-42.7917 		20.2385
v 404.303 		-42.7246 		20.289
v 404.294 		-42.6893 		20.3156
v 404.286 		-42.5855 		20.3939
v 404.294 		-42.4806 		20.473
v 404.3102 		-42.4171 		20.5209
v 374.1168 		-33.1008 		18.1152
v 373.6521 		-34.9181 		17.2054
v 378.1219 		-33.7107 		16.8779
v 378.3627 		-32.5732 		15.8342
v 375.2888 		-36.371 		12.8727
v 376.1703 		-35.2012 		14.1857
v 375.1436 		-37.0382 		13.2153
v 382.1788 		-30.9845 		19.0798
v 378.7201 		-35.6628 		20.6017
v 374.1809 		-42.2332 		15.6503
v 373.238 		-42.2303 		15.6526
v 374.1158 		-42.4027 		15.5227
v 373.9649 		-42.8653 		15.1743
v 373.238 		-42.2304 		15.6527
v 373.2209 		-42.5183 		15.4358
v 373.238 		-42.346 		15.5656
v 373.2685 		-32.5918 		4.9205
v 373.5573 		-30.2521 		10.0889
v 373.9653 		-39.7809 		11.0836
v 373.9649 		-35.1344 		4.9146
v 374.5407 		-33.6331 		6.1261
v 375.2873 		-31.7553 		6.742
v 373.2857 		-43.3326 		8.5191
v 373.4996 		-41.7217 		9.7735
v 373.8841 		-40.0854 		10.9369
v 374.4314 		-38.6387 		12.2342
v 374.539 		-38.3798 		12.4169
v 390.6665 		-57.5447 		4.1123
v 390.636 		-57.548 		4.1098
v 396.9297 		-55.7423 		5.4706
v 396.6533 		-55.8834 		5.3644
v 397.325 		-55.5327 		5.6285
v 397.2741 		-55.5619 		5.6065
v 397.0579 		-55.6768 		5.5199
v 397.325 		-53.7338 		6.984
v 391.0645 		-57.5016 		4.1449
v 390.8095 		-57.5292 		4.124
v 390.6673 		-57.5425 		4.114
v 390.6678 		-57.5446 		4.1124
v 390.636 		-57.548 		4.1098
v 387.1601 		-57.5245 		4.1276
v 387.04 		-57.5133 		4.136
v 387.1588 		-57.5292 		4.124
v 387.3545 		-57.5443 		4.1125
v 389.121 		-57.6196 		4.0558
v 389.01 		-57.6196 		4.0558
v 390.4669 		-57.5663 		4.096
v 389.418 		-57.6151 		4.0593
v 389.418 		-57.6151 		4.0593
v 390.356 		-57.5715 		4.0921
v 390.4669 		-57.5663 		4.096
v 388.9979 		-57.6196 		4.0558
v 389.0001 		-57.6215 		4.0544
v 388.8053 		-57.6245 		4.0522
v 387.7639 		-57.5761 		4.0886
v 388.7006 		-57.6196 		4.0558
v 388.8053 		-57.6245 		4.0522
v 387.4663 		-57.553 		4.106
v 373.4698 		-46.3419 		12.5545
v 373.5173 		-46.5243 		12.417
v 374.5399 		-49.3099 		10.3178
v 374.4547 		-49.1485 		10.4396
v 421.3284 		-23.774 		12.7406
v 422.9525 		-24.2926 		13.2834
v 424.6001 		-24.2966 		12.7805
v 426.1744 		-25.1417 		13.0623
v 437.238 		-42.1553 		15.709
v 437.238 		-44.2361 		14.1414
v 437.235 		-38.7491 		14.174
v 436.5658 		-33.719 		17.6174
v 436.0054 		-32.1974 		18.8259
v 431.9113 		-32.5836 		16.2257
v 433.96 		-35.1813 		15.1281
v 434.1441 		-34.9162 		14.2702
v 436.4233 		-42.5934 		15.379
v 436.9604 		-44.6315 		13.8434
v 436.8632 		-44.1748 		14.1875
v 434.9066 		-36.2841 		13.7444
v 435.0434 		-36.6772 		13.7942
v 436.3331 		-42.3323 		15.5757
v 436.802 		-43.9104 		14.3868
v 436.2986 		-42.2426 		15.6432
v 436.7809 		-43.8319 		14.446
v 435.7542 		-42.924 		15.1302
v 437.338 		-42.146 		15.716
v 431.909 		-35.8001 		20.4983
v 431.6758 		-35.5982 		20.6503
v 431.6549 		-35.5813 		20.663
v 434.7449 		-42.0314 		15.8027
v 437.3488 		-42.3293 		15.5782
v 437.338 		-42.1462 		15.7162
v 437.2732 		-41.7836 		15.9894
v 437.338 		-42.1461 		15.7163
v 437.2075 		-32.0725 		4.2334
v 437.23 		-33.031 		8.1206
v 437.1018 		-31.221 		9.1058
v 436.8538 		-30.4431 		10.9748
v 416.9686 		-42.3541 		20.5681
v 414.1225 		-42.2156 		20.6726
v 414.03 		-45.2021 		18.422
v 414.7907 		-45.389 		18.2812
v 414.03 		-45.389 		18.2812
v 424.3503 		-51.5405 		13.6457
v 424.6018 		-50.6622 		14.3075
v 427.5375 		-51.8803 		13.3896
v 430.2747 		-52.9505 		12.5832
v 428.752 		-50.6335 		14.3291
v 426.6498 		-48.0193 		16.2991
v 426.6564 		-46.9752 		17.0859
v 431.4984 		-46.942 		17.1109
v 416.4856 		-46.9752 		17.0859
v 416.4918 		-48.0193 		16.2991
v 415.6039 		-51.8803 		13.3896
v 418.5401 		-50.6622 		14.3075
v 418.7912 		-51.5405 		13.6457
v 423.6929 		-59.899 		7.3471
v 423.5133 		-54.1018 		11.7156
v 426.5621 		-59.3127 		7.7889
v 426.2904 		-59.3909 		7.73
v 430.689 		-57.4738 		9.1746
v 431.2205 		-57.1263 		9.4365
v 427.7221 		-58.9296 		8.0776
v 426.7721 		-59.2523 		7.8344
v 429.2132 		-58.2909 		8.5589
v 428.3004 		-58.702 		8.2491
v 430.6195 		-57.5184 		9.141
v 429.7681 		-58.0075 		8.7725
v 424.5513 		-59.779 		7.4375
v 426.1574 		-59.4291 		7.7012
v 425.1772 		-59.6613 		7.5262
v 419.6286 		-54.1018 		11.7156
v 416.8518 		-59.3904 		7.7304
v 416.5798 		-59.3128 		7.7888
v 419.5405 		-56.9491 		9.57
v 417.9674 		-59.662 		7.5257
v 417.0691 		-59.4491 		7.6861
v 418.4405 		-59.7504 		7.4591
v 418.4101 		-59.7451 		7.4631
v 416.3702 		-59.2526 		7.8342
v 415.6947 		-59.0232 		8.0071
v 416.187 		-55.7826 		10.449
v 414.03 		-46.9584 		17.0986
v 414.03 		-47.7128 		16.5301
v 414.03 		-48.6925 		15.7919
v 414.03 		-49.3246 		15.3155
v 414.03 		-50.8052 		14.1998
v 414.39 		-50.6335 		14.3291
v 414.03 		-51.1813 		13.9164
v 414.03 		-52.4958 		12.9258
v 414.03 		-54.1224 		11.7001
v 414.03 		-55.7091 		10.5044
v 414.171 		-58.4001 		8.4766
v 414.03 		-58.3366 		8.5245
v 398.5722 		-34.8491 		26.2236
v 397.6064 		-34.2599 		26.6676
v 397.9792 		-34.474 		26.5063
v 398.2299 		-34.6292 		26.3893
v 397.325 		-44.9793 		18.59
v 397.4584 		-44.9793 		18.59
v 397.325 		-64.15 		4.1438
v 395.1168 		-36.6655 		24.8549
v 393.9773 		-41.1401 		21.4829
v 393.0566 		-37.9815 		23.8631
v 390.6434 		-41.5738 		21.1561
v 395.2223 		-38.4567 		23.505
v 397.325 		-45.389 		18.2812
v 395.7907 		-45.389 		18.2812
v 397.325 		-45.012 		18.5653
v 396.9942 		-43.7247 		19.5353
v 396.459 		-42.2156 		20.6726
v 393.6124 		-42.3541 		20.5681
v 390.1096 		-36.7704 		24.7758
v 389.01 		-36.3807 		25.0695
v 387.911 		-36.7704 		24.7758
v 390.4973 		-39.832 		22.4687
v 387.5231 		-39.832 		22.4687
v 387.3769 		-41.5738 		21.1561
v 384.9639 		-37.9815 		23.8631
v 384.0431 		-41.1401 		21.4829
v 382.7983 		-38.4567 		23.505
v 384.408 		-42.3541 		20.5681
v 373.8279 		-50.0081 		14.8004
v 374.6049 		-51.8403 		13.4198
v 373.2259 		-47.1978 		16.9181
v 373.2857 		-48.7695 		15.7338
v 373.239 		-49.6631 		15.0604
v 373.239 		-50.1205 		14.7157
v 373.3104 		-48.4878 		15.9461
v 373.4524 		-48.6523 		15.8221
v 373.3521 		-48.093 		16.2435
v 373.6115 		-49.2932 		15.3392
v 373.5455 		-49.0398 		15.5301
v 373.238 		-47.2989 		16.842
v 375.6755 		-53.5686 		12.1174
v 379.8935 		-57.473 		9.1752
v 379.3612 		-57.1263 		9.4365
v 380.8122 		-58.007 		8.7728
v 380.0274 		-57.5559 		9.1128
v 381.6103 		-58.4001 		8.4766
v 381.4479 		-58.327 		8.5317
v 381.2246 		-58.2175 		8.6142
v 378.719 		-56.6667 		9.7828
v 378.2263 		-56.2796 		10.0745
v 378.6162 		-55.5392 		10.6325
v 378.5214 		-56.5147 		9.8974
v 376.0089 		-54.0224 		11.7754
v 377.0274 		-55.1818 		10.9018
v 376.4407 		-54.5412 		11.3845
v 377.8038 		-55.9105 		10.3526
v 377.5161 		-55.656 		10.5444
v 377.3477 		-55.4964 		10.6647
v 376.2807 		-54.3533 		11.5261
v 373.238 		-40.1868 		0
v 373.238 		-28.9316 		0
v 425.8816 		-34.971 		26.2913
v 423.4674 		-34.4659 		26.6719
v 423.6107 		-34.4884 		26.6548
v 425.7404 		-34.9333 		26.3196
v 426.6542 		-33.2093 		27.6188
v 425.0942 		-34.7609 		26.4495
v 428.1967 		-35.8433 		25.6339
v 429.2421 		-36.3874 		25.2239
v 429.6537 		-36.6242 		25.0454
v 424.6001 		-34.6562 		26.5284
v 424.2762 		-34.5935 		26.5757
v 427.7662 		-35.6523 		25.7778
v 428.9392 		-36.2202 		25.3499
v 430.3528 		-37.0767 		24.7044
v 429.2999 		-35.8452 		25.6322
v 428.5187 		-35.0669 		26.2188
v 426.0486 		-32.6056 		28.073
v 430.0896 		-36.6318 		25.0392
v 426.1953 		-34.9901 		26.1178
v 426.6815 		-35.1474 		25.9991
v 428.1967 		-35.7666 		25.5322
v 425.8817 		-34.8946 		26.1899
v 427.7661 		-35.5757 		25.6761
v 427.4411 		-35.4382 		25.7798
v 430.6278 		-37.1922 		24.4583
v 430.5865 		-37.1633 		24.4801
v 425.6778 		-34.8402 		26.2309
v 426.9852 		-35.2637 		25.9113
v 428.2471 		-35.7922 		25.513
v 425.0942 		-34.6845 		26.3482
v 424.6001 		-34.5798 		26.427
v 424.2762 		-34.517 		26.4742
v 424.3325 		-34.5279 		26.466
v 423.4674 		-34.3893 		26.5703
v 429.2421 		-36.3107 		25.1223
v 429.4486 		-36.4296 		25.0327
v 429.6537 		-36.5477 		24.9438
v 428.9393 		-36.1436 		25.2482
v 430.3528 		-37.0002 		24.6029
v 430.9962 		-37.5354 		24.3588
v 430.6278 		-37.2686 		24.5598
v 430.9962 		-37.5353 		24.3587
v 431.0174 		-37.5507 		24.3471
v 430.9064 		-37.4458 		24.4261
v 431.0174 		-37.4743 		24.2458
v 423.2569 		-34.4439 		26.6886
v 422.9657 		-34.4134 		26.7115
v 422.6398 		-34.3849 		26.7329
v 421.457 		-34.3421 		26.7652
v 421.8186 		-34.3421 		26.7652
v 422.195 		-34.3617 		26.7504
v 419.6341 		-34.3366 		26.7694
v 420.4817 		-34.3365 		26.7693
v 416.5061 		-34.3367 		26.7695
v 416.8579 		-34.3365 		26.7693
v 415.2266 		-34.3367 		26.7695
v 419.2626 		-34.3365 		26.7693
v 421.3284 		-34.3421 		26.7652
v 420.9825 		-34.3481 		26.7606
v 420.719 		-34.3619 		26.7502
v 422.4289 		-34.3739 		26.7412
v 420.5789 		-34.3365 		26.7693
v 420.61 		-34.3676 		26.7459
v 420.5789 		-34.2599 		26.6677
v 420.61 		-34.291 		26.6443
v 421.571 		-34.2655 		26.6635
v 421.8186 		-34.2655 		26.6635
v 422.9656 		-34.3367 		26.6098
v 421.3284 		-34.2655 		26.6635
v 420.9825 		-34.2715 		26.6589
v 422.6398 		-34.3083 		26.6312
v 422.9592 		-34.3362 		26.6102
v 417.2511 		-34.2602 		26.6681
v 418.7451 		-34.2601 		26.6678
v 420.1737 		-34.2599 		26.6677
v 415.6506 		-34.26 		26.6677
v 414.2588 		-34.3365 		26.7693
v 412.975 		-34.26 		26.6677
v 413.8946 		-34.2599 		26.6677
v 411.2166 		-35.4167 		25.7964
v 410.9735 		-35.6103 		25.6505
v 411.9258 		-34.9087 		26.179
v 412.262 		-34.6871 		26.3458
v 412.1527 		-34.7574 		26.293
v 409.9328 		-36.5098 		24.9729
v 410.6685 		-35.8587 		25.4633
v 409.7995 		-36.6454 		24.8707
v 410.862 		-35.6991 		25.5836
v 409.7245 		-36.7226 		24.8124
v 409.6971 		-36.7495 		24.7921
v 409.5344 		-36.915 		24.6673
v 409.7239 		-36.7223 		24.8127
v 410.019 		-36.4335 		25.0303
v 409.9328 		-36.5098 		24.9728
v 412.5229 		-34.5195 		26.4722
v 408.0195 		-38.765 		23.273
v 407.8559 		-39.0156 		23.0843
v 406.6077 		-41.4213 		21.2714
v 406.509 		-41.6906 		21.0685
v 407.0419 		-40.443 		22.0083
v 406.9388 		-40.6577 		21.8466
v 407.1028 		-40.3222 		22.0993
v 406.4584 		-41.8286 		20.9645
v 406.3878 		-42.0329 		20.8105
v 407.6503 		-39.3388 		22.8407
v 407.2378 		-40.0543 		22.3013
v 407.7811 		-39.1303 		22.9978
v 404.4677 		-65.2894 		3.2851
v 404.493 		-65.2594 		3.3077
v 404.58 		-65.1807 		3.3671
v 404.678 		-65.1117 		3.4191
v 404.787 		-65.0535 		3.4629
v 404.905 		-65.0074 		3.4977
v 405.419 		-64.9535 		3.5382
v 405.288 		-64.9467 		3.5434
v 405.5033 		-64.967 		3.5281
v 405.548 		-64.9741 		3.5228
v 405.6291 		-64.9957 		3.5065
v 405.672 		-65.0074 		3.4977
v 405.79 		-65.0535 		3.4629
v 405.899 		-65.1117 		3.4191
v 404.9861 		-64.9857 		3.514
v 405.029 		-64.9741 		3.5228
v 405.1133 		-64.9606 		3.5329
v 405.158 		-64.9535 		3.5382
v 405.997 		-65.1807 		3.3671
v 406.084 		-65.2594 		3.3077
v 405.717 		-64.15 		4.1438
v 404.286 		-61.7463 		0.954
v 405.7787 		-42.5721 		15.3953
v 405.7787 		-44.9793 		18.59
v 404.8032 		-44.9793 		18.59
v 436.5634 		-43.0233 		15.0553
v 437.403 		-43.2415 		14.891
v 437.238 		-41.5865 		16.138
v 435.289 		-40.0055 		17.3297
v 435.1222 		-39.7178 		17.5464
v 436.0067 		-41.4843 		16.2152
v 432.8628 		-40.3671 		17.0571
v 433.9597 		-37.9863 		18.8514
v 433.5575 		-37.4913 		19.2241
v 435.0434 		-39.5819 		17.6488
v 434.9069 		-39.3556 		17.8195
v 432.2735 		-36.1273 		20.252
v 433.4129 		-37.3135 		19.3582
v 433.0851 		-36.9507 		19.6316
v 432.886 		-36.7378 		19.7922
v 432.6438 		-36.4966 		19.974
v 437.3551 		-42.4342 		15.4993
v 437.3488 		-42.3294 		15.5783
v 437.3044 		-42.009 		15.8197
v 437.238 		-43.612 		14.612
v 437.238 		-44.2362 		14.1415
v 436.7217 		-43.612 		14.612
v 436.7809 		-43.832 		14.4462
v 437.408 		-43.4941 		14.7008
v 437.408 		-43.612 		14.612
v 436.5321 		-43.612 		14.612
v 435.8132 		-41.0515 		16.5418
v 435.7631 		-40.9444 		16.6226
v 435.6981 		-40.8054 		16.7273
v 433.9093 		-41.2928 		16.36
v 434.4226 		-38.6123 		18.38
v 434.3881 		-38.565 		18.4156
v 434.1429 		-38.2286 		18.6689
v 431.9226 		-39.5358 		17.684
v 374.6838 		-51.9901 		13.3073
v 374.6049 		-51.8405 		13.42
v 373.6673 		-49.4779 		15.2004
v 373.639 		-49.3842 		15.2711
v 373.503 		-48.9347 		15.6098
v 373.503 		-48.9348 		15.6098
v 373.3521 		-48.0933 		16.2438
v 373.3521 		-48.0933 		16.2439
v 373.4524 		-48.6525 		15.8223
v 373.4163 		-48.4514 		15.9737
v 373.6115 		-49.2934 		15.3394
v 373.5283 		-48.9686 		15.5841
v 373.5269 		-48.969 		15.5838
v 373.5455 		-49.04 		15.5303
v 376.0089 		-54.0226 		11.7756
v 376.1976 		-54.2523 		11.6026
v 381.083 		-58.163 		8.656
v 379.8894 		-54.373 		11.5114
v 379.8873 		-54.9809 		11.0534
v 377.2414 		-55.3921 		10.7435
v 377.3374 		-55.4863 		10.6725
v 380.0274 		-57.5559 		9.1128
v 381.8242 		-58.4968 		8.4044
v 381.0829 		-58.1628 		8.6558
v 381.083 		-58.1628 		8.6558
v 380.8122 		-58.0072 		8.7731
v 381.4479 		-58.3271 		8.5318
v 381.3736 		-58.2937 		8.5571
v 381.3736 		-58.2937 		8.5571
v 382.2758 		-58.6999 		8.2509
v 382.2758 		-58.7 		8.251
v 381.2457 		-58.228 		8.6066
v 381.2246 		-58.2176 		8.6144
v 379.1414 		-56.9691 		9.5551
v 378.8114 		-56.7329 		9.7331
v 378.9091 		-56.8029 		9.6804
v 379.3612 		-56.5582 		9.8647
v 379.047 		-56.9015 		9.606
v 378.719 		-56.6668 		9.7829
v 378.5214 		-56.5148 		9.8974
v 377.3477 		-55.4964 		10.6649
v 376.2807 		-54.3534 		11.5263
v 376.4407 		-54.5413 		11.3847
v 377.0274 		-55.1819 		10.9019
v 377.5161 		-55.656 		10.5445
v 425.0797 		-27.5764 		31.8637
v 424.7371 		-27.504 		31.9185
v 424.6109 		-27.4773 		31.9386
v 424.2806 		-27.4133 		31.9867
v 423.106 		-27.2463 		32.1122
v 422.9761 		-27.2327 		32.1225
v 422.6503 		-27.2042 		32.144
v 421.803 		-27.16 		32.1774
v 421.457 		-27.16 		32.1774
v 419.8079 		-27.2464 		32.1122
v 419.6689 		-27.261 		32.1012
v 419.3495 		-27.3001 		32.0718
v 418.5255 		-27.4303 		31.9739
v 418.1768 		-27.5041 		31.9184
v 418.0513 		-27.5306 		31.8983
v 417.7216 		-27.6064 		31.841
v 417.4797 		-27.6709 		31.7922
v 419.3495 		-27.3 		32.0717
v 418.5255 		-27.4301 		31.9737
v 417.7216 		-27.6064 		31.8409
v 419.6689 		-27.261 		32.1011
v 418.0513 		-27.5304 		31.8981
v 421.3274 		-27.16 		32.1774
v 421.0009 		-27.1658 		32.173
v 420.1565 		-27.2097 		32.1398
v 420.609 		-27.1861 		32.1576
v 420.1565 		-27.2097 		32.1398
v 423.4587 		-27.2834 		32.0843
v 414.0347 		-29.0096 		30.7835
v 429.6507 		-29.4424 		30.4577
v 429.3457 		-29.2669 		30.59
v 429.2185 		-29.1936 		30.6451
v 428.946 		-29.043 		30.7583
v 437.408 		-43.8985 		14.3961
v 437.3805 		-44.3622 		14.0465
v 435.8123 		-43.4564 		19.7375
v 435.6983 		-43.2126 		19.9212
v 435.7632 		-43.3513 		19.8166
v 433.9095 		-43.6998 		19.554
v 437.403 		-44.6517 		16.7622
v 437.355 		-44.3694 		18.0687
v 437.403 		-43.8501 		15.6985
v 437.238 		-42.5159 		17.3712
v 437.2732 		-42.3855 		16.7875
v 437.2733 		-43.1868 		17.8496
v 437.408 		-44.49 		16.0221
v 437.3044 		-43.0404 		17.1887
v 436.5634 		-45.4304 		18.25
v 437.408 		-45.901 		17.895
v 437.403 		-45.6488 		18.0852
v 437.238 		-46.019 		17.806
v 437.238 		-46.6433 		17.3359
v 436.7217 		-46.019 		17.806
v 436.7809 		-46.239 		17.6404
v 437.408 		-46.019 		17.806
v 436.5322 		-46.019 		17.806
v 437.408 		-46.3055 		17.5903
v 437.3804 		-46.7693 		17.241
v 437.408 		-45.8351 		16.966
v 437.3805 		-45.5375 		15.6062
v 431.0178 		-35.0672 		21.0508
v 429.6541 		-34.1406 		21.749
v 429.4487 		-34.0224 		21.838
v 430.6278 		-34.7849 		21.2637
v 430.5866 		-34.7561 		21.2854
v 430.3522 		-34.5925 		21.4086
v 428.1972 		-33.36 		22.3379
v 429.2397 		-33.9022 		21.9287
v 427.7634 		-33.1675 		22.4828
v 427.4417 		-33.0314 		22.5853
v 428.9398 		-33.7367 		22.0536
v 426.9849 		-32.8564 		22.7169
v 428.247 		-33.3853 		22.3189
v 427.0467 		-35.224 		20.9332
v 426.1794 		-34.4567 		21.511
v 426.682 		-32.7403 		22.8043
v 426.1902 		-32.5811 		22.9242
v 425.8835 		-32.4875 		22.9946
v 425.2395 		-33.6255 		22.1371
v 425.2134 		-33.6024 		22.1545
v 431.1299 		-35.1578 		20.9828
v 431.0399 		-35.0852 		21.0374
v 431.2136 		-35.2253 		20.9318
v 430.2358 		-40.451 		22.002
v 427.0468 		-37.6309 		24.1273
v 428.659 		-36.6496 		19.8585
v 427.8664 		-35.9486 		20.3866
v 429.2691 		-37.189 		19.4518
v 430.1566 		-36.0186 		20.334
v 431.0555 		-38.7689 		18.2614
v 430.2357 		-38.044 		18.8079
v 429.5648 		-37.4505 		19.2547
v 431.596 		-39.2467 		17.9012
v 404.7444 		-44.4192 		19.0125
v 404.7116 		-44.1838 		19.1898
v 404.5683 		-43.3844 		19.7918
v 395.2494 		-34.3367 		26.7695
v 396.2176 		-34.3365 		26.7693
v 393.9699 		-34.3367 		26.7695
v 390.8418 		-34.3366 		26.7694
v 391.2133 		-34.3365 		26.7693
v 393.6181 		-34.3365 		26.7693
v 393.3308 		-34.2602 		26.6681
v 394.9303 		-34.26 		26.6677
v 396.6873 		-34.2599 		26.6677
v 391.8367 		-34.2601 		26.6678
v 397.6064 		-34.26 		26.6677
v 397.9792 		-34.4741 		26.5064
v 398.3193 		-34.6867 		26.3462
v 398.2299 		-34.6293 		26.3894
v 398.5722 		-34.8492 		26.2238
v 397.325 		-45.2465 		18.3887
v 389.019 		-34.3421 		26.7652
v 389.3776 		-34.3421 		26.7652
v 389.7569 		-34.3618 		26.7502
v 387.244 		-34.4413 		26.6906
v 387.727 		-34.3907 		26.7286
v 387.2191 		-34.4443 		26.6883
v 388.0471 		-34.3739 		26.7411
v 384.4578 		-35.0093 		26.2625
v 384.4861 		-35.0002 		26.2694
v 384.7362 		-34.9333 		26.3196
v 383.8223 		-33.2091 		27.6189
v 384.0294 		-35.148 		26.158
v 383.6866 		-35.2657 		26.0694
v 383.514 		-35.3317 		26.0196
v 382.8908 		-35.5722 		25.8382
v 382.926 		-35.5566 		25.8499
v 386.8965 		-34.4837 		26.6585
v 386.8653 		-34.4886 		26.6547
v 388.8878 		-34.3421 		26.7652
v 388.5416 		-34.3482 		26.7606
v 388.281 		-34.3617 		26.7503
v 389.9942 		-34.3365 		26.7693
v 382.4822 		-35.7535 		25.7015
v 385.6095 		-34.7126 		26.4859
v 386.0872 		-34.6114 		26.5622
v 385.2764 		-34.7893 		26.4281
v 389.866 		-34.3675 		26.746
v 389.8971 		-34.3365 		26.7693
v 384.4279 		-32.6053 		28.0732
v 389.866 		-34.2909 		26.6443
v 389.8971 		-34.2599 		26.6677
v 385.6094 		-34.6363 		26.3845
v 386.0872 		-34.535 		26.4607
v 387.2439 		-34.3646 		26.5888
v 387.6205 		-34.3252 		26.6185
v 387.727 		-34.314 		26.6269
v 389.01 		-34.2655 		26.6635
v 389.3776 		-34.2655 		26.6635
v 385.2764 		-34.7129 		26.3268
v 386.8966 		-34.4071 		26.5569
v 388.8878 		-34.2655 		26.6635
v 388.5416 		-34.2715 		26.6589
v 384.8938 		-34.815 		26.25
v 386.2442 		-34.5102 		26.4794
v 390.4081 		-34.2599 		26.6677
v 413.8724 		-29.0922 		30.7214
v 413.5691 		-29.2667 		30.5902
v 413.442 		-29.3398 		30.5351
v 413.1859 		-29.4929 		30.4197
v 413.8724 		-29.0921 		30.7213
v 413.1859 		-29.4927 		30.4194
v 413.442 		-29.3396 		30.5348
v 420.5778 		-27.155 		32.181
v 426.3323 		-27.9295 		31.5968
v 426.2025 		-27.8875 		31.6286
v 425.8934 		-27.7934 		31.6996
v 427.447 		-28.3358 		31.2904
v 426.6708 		-28.0392 		31.5141
v 427.8743 		-28.5192 		31.152
v 427.7395 		-28.4595 		31.1971
v 428.2018 		-28.6646 		31.0428
v 431.0092 		-30.3644 		29.7628
v 430.7303 		-30.1627 		29.9149
v 430.3648 		-29.9045 		30.1095
v 430.6115 		-30.0767 		29.9797
v 424.5213 		-31.0841 		29.2202
v 422.8519 		-29.6557 		30.2966
v 420.062 		-29.6557 		30.2966
v 412.4669 		-29.9579 		30.0693
v 412.1838 		-30.1629 		29.9148
v 411.8232 		-30.4305 		29.7129
v 411.2655 		-30.8809 		29.3733
v 412.0591 		-30.2532 		29.8467
v 412.4669 		-29.9577 		30.069
v 411.8232 		-30.4304 		29.7128
v 412.0591 		-30.253 		29.8465
v 432.0141 		-31.1982 		29.1341
v 431.9292 		-31.122 		29.1915
v 431.6763 		-30.9028 		29.3568
v 432.266 		-31.4242 		28.9637
v 432.8764 		-32.0325 		28.5053
v 434.1441 		-30.2428 		8.0684
v 435.0462 		-31.9207 		7.4725
v 435.8145 		-37.893 		12.3446
v 436.4233 		-39.2897 		10.9947
v 437.1028 		-42.291 		8.8766
v 437.2327 		-43.8084 		7.4602
v 435.2275 		-46.179 		12.6773
v 437.163 		-46.0567 		12.7695
v 437.1411 		-45.849 		12.926
v 437.1319 		-45.7618 		12.9916
v 437.1028 		-45.5258 		13.1695
v 437.1455 		-46.1546 		12.6956
v 437.0957 		-46.3818 		12.5244
v 437.1854 		-46.2681 		12.6101
v 437.163 		-46.0567 		12.7695
v 437.1455 		-46.1546 		12.6956
v 437.0957 		-46.3818 		12.5245
v 432.0499 		-47.7383 		11.5023
v 436.0386 		-49.3089 		10.3186
v 435.9077 		-49.5691 		10.1226
v 435.9061 		-49.5719 		10.1206
v 437.238 		-48.4501 		10.9658
v 437.21 		-48.4223 		10.9869
v 437.237 		-47.9064 		11.3756
v 437.237 		-47.4244 		11.7388
v 437.2327 		-47.1745 		11.9271
v 437.0616 		-46.5237 		12.4175
v 437.033 		-46.643 		12.3277
v 436.1734 		-49.0341 		10.5258
v 436.103 		-49.181 		10.415
v 435.9077 		-49.5691 		10.1226
v 436.103 		-49.1811 		10.4151
v 387.3393 		-6.9023 		0
v 389.8978 		-4.353 		1.921
v 384.7225 		-6.9029 		0
v 384.1438 		-5.1278 		1.3376
v 384.4827 		-5.018 		1.4205
v 383.7051 		-5.2758 		1.2262
v 384.0065 		-5.1723 		1.3041
v 389.019 		-5.2292 		1.2619
v 387.6016 		-6.6414 		0.1976
v 387.3699 		-4.4447 		1.853
v 387.7243 		-4.4074 		1.881
v 388.5535 		-4.3642 		1.9137
v 388.8888 		-4.3584 		1.9181
v 389.019 		-4.3584 		1.9182
v 386.2085 		-6.9041 		0
v 385.2826 		-4.8047 		1.5818
v 385.6074 		-4.7301 		1.6382
v 385.7389 		-4.7023 		1.6592
v 383.1321 		-6.9033 		0
v 382.6024 		-5.7176 		0.8935
v 382.9237 		-5.5751 		1.0008
v 382.4756 		-5.7739 		0.8512
v 387.3384 		-6.9037 		0
v 386.0908 		-4.6278 		1.7153
v 386.9022 		-4.4996 		1.8117
v 387.2345 		-4.4589 		1.8422
v 389.3714 		-4.3584 		1.9181
v 389.867 		-4.3842 		1.8986
v 381.3857 		-6.9042 		0
v 380.4193 		-6.9035 		0
v 380.7397 		-6.6962 		0.1564
v 381.0137 		-6.5322 		0.2802
v 381.1311 		-6.4647 		0.3311
v 381.4312 		-6.292 		0.4612
v 382.1909 		-5.9062 		0.7516
v 380.028 		-7.3004 		0
v 379.3902 		-8.0338 		0
v 378.7215 		-8.8798 		0
v 378.1375 		-9.7116 		0
v 377.5251 		-10.6684 		0
v 377.0003 		-11.5916 		0
v 379.6176 		-7.7663 		0
v 378.3424 		-9.4128 		0
v 377.193 		-11.245 		0
v 373.246 		-28.2157 		0
v 373.2538 		-28.4465 		0
v 373.2685 		-28.8839 		0
v 376.459 		-12.6364 		0
v 375.5288 		-14.7695 		0
v 376.003 		-13.6292 		0
v 375.1395 		-15.8388 		0
v 374.7431 		-17.0552 		0
v 374.432 		-20.1644 		2.6496
v 374.4322 		-18.1669 		0
v 374.116 		-19.4536 		0
v 373.8861 		-21.55 		1.2796
v 373.8861 		-20.5859 		0
v 373.6521 		-21.9531 		0
v 373.652 		-23.5242 		2.0848
v 373.3605 		-24.4962 		0
v 373.507 		-23.0528 		0
v 373.2895 		-25.6209 		0
v 373.241 		-27.0598 		0
v 373.241 		-27.7718 		0
v 376.1612 		-13.2764 		0
v 375.2773 		-15.4501 		0
v 374.5547 		-17.7158 		0
v 373.9763 		-20.1252 		0
v 373.5573 		-22.6497 		0
v 373.3126 		-25.2082 		0
v 376.4514 		-23.9073 		0
v 376.452 		-26.6963 		3.7025
v 377.1982 		-22.4923 		0
v 377.5238 		-21.9268 		0
v 378.366 		-20.6365 		0
v 378.7212 		-20.137 		0
v 376.9971 		-22.8536 		0
v 378.1239 		-20.9891 		0
v 379.3708 		-19.3148 		0
v 410.3822 		-44.9794 		18.5901
v 414.03 		-45.3183 		18.3345
v 405.9988 		-43.4634 		19.7323
v 405.8354 		-44.3781 		19.0435
v 405.8159 		-44.487 		18.9614
v 405.804 		-44.554 		18.911
v 405.8244 		-44.4896 		18.9595
v 405.7826 		-44.9143 		18.6392
v 405.7787 		-44.9794 		18.5901
v 405.8138 		-44.5978 		18.8779
v 405.8013 		-44.5983 		18.8776
v 405.8533 		-44.2777 		19.119
v 405.8354 		-44.378 		19.0434
v 405.804 		-44.554 		18.911
v 405.804 		-44.554 		18.911
v 405.8055 		-44.6815 		18.8147
v 406.2686 		-42.4259 		20.5142
v 406.282 		-42.4806 		20.473
v 406.291 		-42.5855 		20.3939
v 406.282 		-42.6893 		20.3156
v 406.2656 		-42.7564 		20.2651
v 406.257 		-42.7917 		20.2385
v 406.2295 		-42.8562 		20.1898
v 406.215 		-42.8905 		20.1639
v 424.8635 		-59.7205 		7.482
v 424.5513 		-59.7791 		7.4377
v 427.4881 		-59.0093 		8.0179
v 426.7721 		-59.2524 		7.8344
v 427.5106 		-59.0016 		8.0237
v 428.019 		-58.829 		8.154
v 427.481 		-58.8251 		8.1568
v 429.498 		-58.163 		8.656
v 431.2204 		-56.5589 		9.8641
v 431.44 		-56.9692 		9.555
v 431.5342 		-56.9017 		9.6058
v 430.0573 		-57.8416 		8.8979
v 430.6195 		-57.5184 		9.141
v 429.9537 		-57.9011 		8.8531
v 429.0764 		-57.0156 		9.5204
v 427.7221 		-58.9298 		8.0779
v 427.6369 		-58.9587 		8.056
v 428.0189 		-58.8289 		8.1539
v 428.019 		-58.8289 		8.1539
v 429.4979 		-58.1629 		8.6558
v 429.498 		-58.1629 		8.6558
v 428.3004 		-58.7022 		8.2494
v 429.2132 		-58.2911 		8.5592
v 429.7681 		-58.0077 		8.7727
v 429.4303 		-58.1802 		8.6427
v 425.1772 		-59.6615 		7.5263
v 426.1574 		-59.4291 		7.7012
v 418.2181 		-59.7215 		7.4811
v 418.275 		-59.735 		7.471
v 418.2265 		-59.7108 		7.4892
v 418.5006 		-58.7961 		8.1784
v 418.7737 		-58.0459 		8.7437
v 418.3212 		-59.7286 		7.4758
v 418.3229 		-59.7417 		7.4659
v 418.275 		-59.735 		7.471
v 418.275 		-59.735 		7.471
v 417.1716 		-53.9974 		11.7945
v 417.1302 		-54.8399 		11.1597
v 415.6646 		-55.5293 		10.6404
v 416.4583 		-56.1745 		10.1541
v 417.0691 		-59.4492 		7.6861
v 417.9674 		-59.6621 		7.5259
v 418.5895 		-59.7789 		7.4378
v 419.218 		-59.8668 		7.3715
v 404.905 		-40.916 		16.6432
v 404.787 		-40.8692 		16.6785
v 404.678 		-40.8111 		16.7223
v 404.6033 		-40.759 		16.7616
v 404.58 		-40.7426 		16.774
v 404.5137 		-40.6826 		16.8192
v 404.493 		-40.664 		16.8332
v 404.4373 		-40.5979 		16.883
v 404.42 		-40.5771 		16.8986
v 404.3758 		-40.5054 		16.9526
v 404.362 		-40.4832 		16.9694
v 404.33 		-40.4079 		17.0261
v 404.32 		-40.3843 		17.0439
v 404.3002 		-40.3062 		17.1028
v 404.294 		-40.2819 		17.1211
v 405.9223 		-40.7947 		16.7347
v 405.899 		-40.8111 		16.7223
v 405.79 		-40.8692 		16.6785
v 405.672 		-40.916 		16.6432
v 405.548 		-40.9491 		16.6183
v 405.4497 		-40.9651 		16.6062
v 405.419 		-40.97 		16.6025
v 405.3191 		-40.9753 		16.5986
v 405.288 		-40.9768 		16.5975
v 405.1889 		-40.9715 		16.6014
v 405.158 		-40.97 		16.6025
v 405.0597 		-40.954 		16.6146
v 405.029 		-40.9491 		16.6183
v 406.282 		-40.2819 		17.1211
v 406.2629 		-40.36 		17.0622
v 406.257 		-40.3843 		17.0439
v 406.225 		-40.4596 		16.9872
v 406.215 		-40.4832 		16.9694
v 406.1708 		-40.5549 		16.9154
v 406.157 		-40.5771 		16.8986
v 406.1013 		-40.6432 		16.8488
v 406.084 		-40.664 		16.8332
v 406.0177 		-40.724 		16.788
v 405.997 		-40.7426 		16.774
v 404.294 		-40.0731 		17.2784
v 404.32 		-39.9711 		17.3553
v 404.362 		-39.8719 		17.4301
v 404.42 		-39.7783 		17.5006
v 404.493 		-39.6911 		17.5663
v 406.084 		-39.6911 		17.5663
v 406.157 		-39.7783 		17.5006
v 406.215 		-39.8719 		17.4301
v 406.257 		-39.9711 		17.3553
v 406.282 		-40.0731 		17.2784
v 406.291 		-40.1781 		17.1993
v 427.4682 		-35.5964 		20.6519
v 384.4866 		-32.516 		22.9732
v 384.0294 		-32.6641 		22.8617
v 383.7684 		-32.7537 		22.7943
v 383.6131 		-32.8099 		22.7519
v 383.5792 		-32.8228 		22.7422
v 384.5489 		-33.875 		21.9493
v 382.9265 		-33.0728 		22.5541
v 382.4795 		-33.2712 		22.4048
v 384.2305 		-32.599 		22.9109
v 384.0294 		-32.6642 		22.8618
v 383.6858 		-32.782 		22.7729
v 384.3293 		-32.567 		22.9349
v 384.0294 		-32.6641 		22.8617
v 384.8401 		-34.0036 		21.8524
v 381.4333 		-33.7892 		22.014
v 381.0992 		-33.9812 		21.869
v 382.3107 		-33.3496 		22.3458
v 382.1782 		-33.4111 		22.2993
v 379.3742 		-35.1349 		20.9997
v 380.0279 		-34.6547 		21.3618
v 379.9491 		-34.7117 		21.3188
v 379.7341 		-34.8674 		21.2014
v 381.0135 		-34.0306 		21.8319
v 379.4975 		-35.0423 		21.0695
v 380.7359 		-34.1967 		21.7067
v 380.4679 		-34.3701 		21.5761
v 380.3096 		-34.4724 		21.499
v 379.6328 		-34.9408 		21.1462
v 379.4023 		-35.114 		21.0158
v 379.3742 		-35.1351 		20.9999
v 379.3742 		-35.1349 		20.9997
v 378.934 		-35.4903 		20.7319
v 380.4439 		-34.582 		21.4165
v 380.8333 		-34.6422 		21.3711
v 384.4861 		-34.9237 		26.1679
v 384.0294 		-35.0714 		26.0564
v 383.6865 		-35.189 		25.9676
v 383.5789 		-35.2302 		25.9366
v 382.4822 		-35.6769 		25.5998
v 382.926 		-35.48 		25.7483
v 374.4323 		-36.8892 		24.8458
v 382.2236 		-34.802 		26.4185
v 380.0275 		-37.1387 		24.6577
v 381.0135 		-36.5144 		25.1281
v 381.4329 		-36.2732 		25.3099
v 380.7365 		-36.6802 		25.0032
v 382.1776 		-35.895 		25.5949
v 379.811 		-37.206 		24.607
v 375.529 		-34.722 		26.4784
v 375.3557 		-35.0211 		26.2532
v 374.554 		-36.6033 		25.0612
v 374.6059 		-36.4871 		25.1487
v 374.7423 		-36.1819 		25.3786
v 375.2746 		-35.161 		26.1477
v 375.1413 		-35.401 		25.967
v 377.2943 		-32.362 		28.257
v 381.1763 		-35.8455 		25.632
v 381.9575 		-35.0672 		26.2186
v 376.2555 		-33.6405 		27.2931
v 376.1565 		-33.7763 		27.1908
v 376.0057 		-33.9909 		27.0292
v 380.3867 		-36.6321 		25.039
v 376.4575 		-33.3635 		27.5019
v 377.2002 		-32.4663 		28.1784
v 377.0017 		-32.6938 		28.0068
v 379.9493 		-37.1189 		24.5135
v 380.0275 		-37.0622 		24.5562
v 381.0135 		-36.4379 		25.0265
v 381.0994 		-36.3884 		25.0637
v 381.4329 		-36.1966 		25.2082
v 380.7365 		-36.6036 		24.9016
v 382.1776 		-35.8184 		25.4932
v 382.3106 		-35.7566 		25.5398
v 425.112 		-31.6724 		28.7764
v 435.0434 		-42.0657 		20.9451
v 434.9071 		-41.8398 		21.1154
v 434.6843 		-41.4978 		21.3732
v 437.1817 		-41.5542 		21.3306
v 437.1485 		-41.2397 		21.5677
v 433.0836 		-39.433 		22.9291
v 432.8864 		-39.2222 		23.0881
v 432.8561 		-39.1921 		23.1109
v 436.5658 		-38.3417 		23.7516
v 436.4623 		-38.0244 		23.9909
v 436.3284 		-37.6281 		24.2894
v 436.0058 		-36.7909 		24.9199
v 432.2738 		-38.6115 		23.548
v 436.4107 		-37.8662 		24.1101
v 434.3224 		-40.9585 		21.7793
v 434.423 		-41.0965 		21.6753
v 434.4168 		-40.9435 		21.7906
v 437.1335 		-41.0974 		21.6749
v 437.1017 		-40.8389 		21.8695
v 434.1421 		-40.7111 		21.9657
v 434.0151 		-40.5432 		22.0922
v 436.8899 		-39.6136 		22.7923
v 436.8538 		-39.4443 		22.92
v 433.4132 		-39.7975 		22.6541
v 433.7964 		-40.269 		22.2985
v 436.8002 		-39.2131 		23.0943
v 433.4056 		-32.6092 		28.0706
v 433.1819 		-32.3617 		28.2572
v 433.1066 		-32.2784 		28.32
v 435.2901 		-35.3136 		26.0327
v 435.1206 		-35.0209 		26.2533
v 431.6763 		-38.0826 		23.9463
v 431.8791 		-38.2581 		23.8141
v 435.87 		-36.4871 		25.1487
v 435.8096 		-36.3518 		25.2506
v 435.6908 		-36.0979 		25.4418
v 434.2211 		-33.6401 		27.2934
v 434.1592 		-33.5552 		27.3574
v 433.9585 		-33.2897 		27.5576
v 435.0605 		-34.9171 		26.3315
v 434.8934 		-34.6399 		26.5403
v 434.4145 		-33.9054 		27.0935
v 431.9072 		-38.2824 		23.7958
v 374.4111 		-49.0481 		10.5152
v 374.4547 		-49.1485 		10.4396
v 374.6049 		-49.4333 		10.225
v 379.7003 		-54.9459 		6.0706
v 379.5349 		-54.8435 		6.1479
v 379.4455 		-54.7795 		6.1962
v 379.5349 		-54.8435 		6.1479
v 381.09 		-55.7442 		5.4692
v 380.9134 		-55.6576 		5.5344
v 380.032 		-55.1513 		5.9158
v 381.4468 		-55.9191 		5.3375
v 381.2336 		-55.8145 		5.4162
v 380.8177 		-55.6027 		5.5758
v 380.9134 		-55.6576 		5.5345
v 381.2146 		-55.8052 		5.4232
v 379.8147 		-55.0168 		6.0174
v 437.238 		-40.1868 		0
v 437.238 		-28.93 		0
v 423.1368 		-6.9023 		0
v 420.5782 		-4.353 		1.921
v 425.6777 		-32.4326 		23.0359
v 425.0947 		-32.277 		23.1531
v 424.6001 		-32.1722 		23.2319
v 424.3325 		-32.1203 		23.271
v 423.4679 		-31.9819 		23.3755
v 380.6713 		-34.2385 		21.6753
v 380.3284 		-34.4603 		21.5082
v 424.2754 		-32.1093 		23.2793
v 424.2746 		-29.8573 		20.291
v 425.8852 		-30.1807 		19.9325
v 427.4423 		-30.7593 		19.5696
v 430.3517 		-32.2311 		18.2756
v 377.5255 		-39.2092 		22.9379
v 378.1227 		-38.6139 		23.3865
v 427.8788 		-38.5886 		18.3971
v 377.8732 		-38.8625 		23.199
v 428.9711 		-42.924 		15.1302
v 376.1703 		-40.8595 		21.6944
v 376.1133 		-40.9406 		21.6333
v 420.61 		-31.8836 		23.4497
v 420.5789 		-31.8527 		23.473
v 421.8191 		-31.8582 		23.4689
v 423.1049 		-31.944 		23.4042
v 422.9624 		-31.9291 		23.4154
v 421.3284 		-31.8582 		23.4689
v 420.9817 		-31.8643 		23.4643
v 422.6405 		-31.901 		23.4366
v 418.7451 		-31.8525 		23.4728
v 417.2512 		-31.8526 		23.473
v 417.8184 		-33.3969 		22.3093
v 420.035 		-31.8527 		23.473
v 417.0013 		-31.8527 		23.473
v 420.9809 		-29.6714 		20.5542
v 422.9712 		-37.7852 		19.0025
v 420.1708 		-37.7852 		19.0025
v 415.2632 		-38.5886 		18.3971
v 381.323 		-37.1432 		19.4863
v 412.6933 		-32.8052 		22.7552
v 412.252 		-32.268 		23.16
v 412.2775 		-32.2533 		23.1711
v 409.789 		-34.229 		21.682
v 410.3974 		-33.6911 		22.0876
v 409.4131 		-34.6398 		21.3728
v 377.5252 		-36.8024 		19.7435
v 377.1982 		-37.1646 		19.4704
v 409.789 		-34.2291 		21.6822
v 409.7889 		-34.2292 		21.6821
v 412.177 		-32.3217 		23.1195
v 412.252 		-32.268 		23.16
v 378.3627 		-35.9837 		20.3602
v 378.1223 		-36.2073 		20.1919
v 377.8733 		-36.4556 		20.005
v 376.9953 		-37.3971 		19.2951
v 375.5168 		-39.4362 		17.7587
v 376.0045 		-38.6884 		18.3226
v 437.2075 		-28.8824 		0
v 437.235 		-28.0681 		0
v 437.23 		-26.9117 		0
v 437.1817 		-25.4811 		0
v 436.9585 		-23.9893 		1.3891
v 437.1017 		-24.3587 		0
v 436.9585 		-22.9425 		0
v 436.7998 		-21.8077 		0
v 436.5652 		-20.4403 		0
v 436.7998 		-22.1199 		0.4143
v 436.3287 		-20.6046 		1.6958
v 436.3287 		-19.3264 		0
v 436.0053 		-18.0106 		0
v 436.0052 		-20.8229 		3.7327
v 435.6892 		-16.9212 		0
v 435.291 		-15.6992 		0
v 389.8659 		-14.213 		0
v 389.8965 		-14.1651 		0
v 434.8911 		-14.6346 		0
v 373.2659 		-40.1431 		0
v 434.4143 		-13.4882 		0
v 373.3103 		-36.4736 		0
v 373.3607 		-35.7251 		0
v 373.3103 		-38.2647 		2.3769
v 433.9552 		-12.517 		0
v 433.4081 		-11.4611 		0
v 373.5547 		-33.9148 		0
v 373.6536 		-33.1879 		0
v 432.872 		-10.5452 		0
v 432.2708 		-9.6057 		0
v 373.5548 		-36.5396 		3.4847
v 374.1151 		-31.1006 		0.5207
v 431.6729 		-8.7765 		0
v 373.9649 		-31.431 		0
v 374.1151 		-30.7082 		0
v 437.235 		-27.357 		0
v 437.1333 		-24.7614 		0
v 374.741 		-29.4965 		1.5701
v 436.8542 		-22.1763 		0
v 436.4129 		-19.708 		0
v 435.8116 		-17.3309 		0
v 373.239 		-39.0316 		0
v 373.239 		-38.3142 		0
v 435.0636 		-15.083 		0
v 434.1635 		-12.9491 		0
v 433.1066 		-10.938 		0
v 373.2857 		-36.9132 		0
v 431.9179 		-9.1095 		0
v 373.4996 		-34.3562 		0
v 373.8839 		-31.8452 		0
v 374.4315 		-29.4187 		0
v 373.2441 		-39.4878 		0
v 431.9113 		-20.3569 		0
v 432.2727 		-20.8651 		0
v 433.0941 		-22.1726 		0
v 433.4117 		-22.7235 		0
v 431.6727 		-20.0331 		0
v 432.8835 		-21.8196 		0
v 433.9586 		-23.7785 		0
v 374.5417 		-29.0131 		0
v 374.7409 		-28.3136 		0
v 375.5152 		-28.3027 		2.9789
v 375.2873 		-26.6749 		0
v 375.5153 		-26.0576 		0
v 376.1738 		-24.5036 		0
v 379.6328 		-19.0063 		0
v 380.0304 		-18.5549 		0
v 381.0135 		-17.5794 		0
v 381.4363 		-17.1982 		0
v 375.1428 		-27.082 		0
v 376.0059 		-24.8781 		0
v 380.7319 		-17.8436 		0
v 382.1748 		-16.61 		0
v 427.3448 		-6.9033 		0
v 427.8744 		-5.718 		0.8932
v 428.1991 		-5.8621 		0.7848
v 425.7534 		-6.9029 		0
v 426.3322 		-5.1278 		1.3376
v 426.6741 		-5.2387 		1.2541
v 427.462 		-5.5403 		1.027
v 427.716 		-5.6477 		0.9461
v 423.465 		-4.4824 		1.8246
v 424.2779 		-4.6108 		1.728
v 425.0857 		-4.776 		1.6035
v 425.8869 		-4.9897 		1.442
v 426.1917 		-5.0823 		1.372
v 382.4709 		-16.3943 		0
v 382.9298 		-16.075 		0
v 384.0187 		-15.4423 		0
v 384.4902 		-15.203 		0
v 430.0572 		-6.9035 		0
v 385.5965 		-14.7588 		0
v 386.0916 		-14.5943 		0
v 429.0913 		-6.9042 		0
v 387.218 		-14.3331 		0
v 387.7315 		-14.2488 		0
v 428.949 		-6.2429 		0.4982
v 429.2097 		-6.3869 		0.3897
v 429.3456 		-6.4652 		0.3308
v 424.2675 		-6.9041 		0
v 424.605 		-4.6743 		1.6803
v 424.7371 		-4.7023 		1.6592
v 388.8751 		-14.1734 		0
v 389.3822 		-14.1734 		0
v 383.6893 		-15.6193 		0
v 385.2728 		-14.8757 		0
v 386.9027 		-14.3936 		0
v 388.5449 		-14.1823 		0
v 385.2801 		-18.8925 		20.2754
v 382.9276 		-23.4591 		24.7376
v 383.7057 		-19.2559 		19.779
v 385.618 		-14.0336 		13.9893
v 384.0065 		-14.7632 		14.0319
v 382.485 		-15.1395 		13.2886
v 378.3627 		-38.4676 		23.6564
v 378.1228 		-38.6907 		23.4884
v 377.6198 		-39.1921 		23.1109
v 374.1169 		-37.7079 		24.2293
v 374.0137 		-38.0244 		23.9909
v 373.3275 		-41.2397 		21.5677
v 382.1839 		-19.86 		19.2618
v 376.0043 		-41.1724 		21.6182
v 376.1546 		-40.9586 		21.7792
v 381.4273 		-24.3689 		24.4458
v 375.7921 		-41.4978 		21.3731
v 376.0599 		-40.9436 		21.7905
v 373.3605 		-40.927 		21.8032
v 380.0271 		-25.156 		23.6946
v 375.2873 		-42.3159 		20.7565
v 375.5172 		-41.9195 		21.0553
v 380.7492 		-20.4041 		18.3602
v 379.3859 		-21.4042 		17.736
v 378.7151 		-26.2667 		23.0623
v 373.2895 		-41.6433 		21.2635
v 373.3126 		-41.3805 		21.4616
v 377.0024 		-23.5853 		15.9214
v 377.1982 		-39.6484 		22.7666
v 377.5255 		-39.2861 		23.04
v 374.4317 		-27.7566 		12.7236
v 373.9758 		-38.1404 		23.9034
v 373.8855 		-38.4345 		23.6816
v 381.0022 		-16.1832 		13.0739
v 379.6348 		-20.7197 		17.2166
v 378.3505 		-21.9568 		16.6618
v 376.1565 		-24.6857 		15.127
v 375.2773 		-25.9122 		13.8838
v 436.9584 		-39.9344 		22.5507
v 433.9594 		-40.4695 		22.1475
v 434.0151 		-40.5431 		22.0921
v 383.7029 		-11.7058 		9.7576
v 382.19 		-12.1758 		9.0706
v 380.7425 		-12.9326 		8.4364
v 380.0262 		-13.7657 		8.5774
v 379.3896 		-13.7536 		7.5893
v 378.7205 		-14.7593 		7.8006
v 376.4592 		-17.1697 		6.0164
v 375.5285 		-18.5511 		5.0173
v 374.7431 		-20.1145 		4.0601
v 429.6539 		-6.6425 		0.197
v 431.0141 		-7.9431 		0
v 430.3652 		-7.2161 		0
v 379.6348 		-16.9201 		12.1741
v 430.6015 		-7.4748 		0
v 377.193 		-19.3591 		10.7679
v 374.554 		-26.9463 		12.2457
v 374.5547 		-23.1264 		7.18
v 423.1377 		-6.9037 		0
v 422.8744 		-6.6412 		0.1977
v 423.106 		-4.4447 		1.853
v 421.457 		-5.2291 		1.262
v 420.609 		-4.3842 		1.8986
v 420.9913 		-4.3643 		1.9137
v 421.3274 		-4.3584 		1.9181
v 421.457 		-4.3584 		1.9182
v 373.9758 		-24.626 		5.9695
v 421.8094 		-4.3584 		1.9181
v 422.6462 		-4.4019 		1.8852
v 422.9603 		-4.4294 		1.8645
v 418.5895 		-59.7789 		7.4377
v 418.2887 		-59.7224 		7.4803
v 418.4101 		-59.7451 		7.4631
v 416.1838 		-59.1105 		7.9415
v 416.1714 		-59.1851 		7.8852
v 431.0201 		-19.2071 		0
v 416.3702 		-59.2526 		7.8343
v 416.1238 		-59.169 		7.8974
v 416.1553 		-59.1797 		7.8893
v 415.4249 		-58.9317 		8.0763
v 411.8946 		-42.5721 		15.3953
v 410.3855 		-42.572 		15.3952
v 435.1221 		-42.1248 		20.7413
v 414.03 		-42.9108 		15.14
v 414.03 		-42.9022 		15.1466
v 414.1708 		-42.924 		15.1302
v 414.03 		-42.924 		15.1302
v 405.8936 		-41.6444 		16.0944
v 405.804 		-42.146 		15.716
v 405.7787 		-42.572 		15.3952
v 405.8355 		-41.9698 		15.8491
v 405.8355 		-41.9698 		15.8492
v 405.804 		-42.1462 		15.7162
v 405.7825 		-42.5078 		15.4438
v 405.7825 		-42.5077 		15.4437
v 405.804 		-42.1463 		15.7161
v 426.3564 		-50.9425 		9.0877
v 426.3965 		-49.4861 		10.1852
v 415.4249 		-58.9317 		8.0762
v 429.4898 		-55.7425 		5.4704
v 429.2192 		-55.8807 		5.3664
v 428.9748 		-55.9909 		5.2834
v 430.6169 		-55.1127 		5.9449
v 429.8374 		-55.5602 		5.6078
v 429.6077 		-55.6822 		5.5158
v 429.2192 		-55.8808 		5.3664
v 429.6077 		-55.6823 		5.516
v 430.8799 		-54.9437 		6.0723
v 431.4546 		-54.5513 		6.3683
v 431.2102 		-54.7265 		6.2362
v 431.001 		-54.8658 		6.131
v 414.03 		-47.437 		16.7382
v 430.6169 		-55.1129 		5.9451
v 429.8374 		-55.5603 		5.6079
v 414.03 		-48.9888 		15.5688
v 431.2102 		-54.7265 		6.2362
v 431.001 		-54.866 		6.1312
v 414.03 		-50.8649 		14.1549
v 424.3959 		-57.3938 		4.2263
v 423.6226 		-57.5019 		4.1446
v 423.6226 		-57.502 		4.1448
v 416.7455 		-49.4861 		10.1852
v 420.7102 		-50.8565 		9.1525
v 421.571 		-51.1765 		8.9114
v 422.4318 		-50.8565 		9.1525
v 416.7856 		-50.9425 		9.0877
v 414.03 		-53.4264 		12.2247
v 419.7211 		-57.5245 		4.1275
v 419.6024 		-57.5135 		4.1359
v 419.7198 		-57.5292 		4.124
v 419.9155 		-57.5444 		4.1125
v 414.03 		-57.5717 		9.1016
v 421.681 		-57.6196 		4.0558
v 421.571 		-57.6196 		4.0558
v 423.2265 		-57.5447 		4.1122
v 423.0272 		-57.5663 		4.096
v 421.9791 		-57.615 		4.0593
v 423.3663 		-57.5296 		4.1237
v 423.2273 		-57.5426 		4.1139
v 423.2278 		-57.5446 		4.1124
v 421.9791 		-57.615 		4.0593
v 422.9179 		-57.5714 		4.0921
v 423.0272 		-57.5663 		4.096
v 415.122 		-58.829 		8.154
v 414.03 		-58.3369 		8.5249
v 421.5587 		-57.6196 		4.0558
v 414.03 		-58.3367 		8.5245
v 414.8352 		-58.6996 		8.2512
v 414.8352 		-58.6996 		8.2512
v 414.03 		-58.3367 		8.5246
v 421.5608 		-57.6215 		4.0544
v 421.366 		-57.6245 		4.0522
v 420.3235 		-57.576 		4.0887
v 415.1219 		-58.8288 		8.1539
v 421.2616 		-57.6196 		4.0558
v 421.366 		-57.6245 		4.0522
v 420.0267 		-57.553 		4.106
v 415.122 		-58.8289 		8.1538
v 414.03 		-57.9029 		8.8516
v 414.03 		-52.7916 		7.6941
v 414.03 		-55.1637 		5.9066
v 414.03 		-55.9292 		5.3299
v 437.235 		-29.384 		2.69
v 404.58 		-39.613 		17.6252
v 404.678 		-39.544 		17.6772
v 404.787 		-39.4862 		17.7207
v 404.761 		-39.5 		17.7103
v 404.905 		-39.44 		17.7555
v 420.5794 		-14.1651 		0
v 420.6101 		-14.213 		0
v 437.21 		-40.1431 		0
v 436.0059 		-30.3459 		1.4387
v 436.0059 		-29.2619 		0
v 436.5636 		-32.0183 		0.4497
v 405.419 		-39.386 		17.7962
v 405.288 		-39.3791 		17.8014
v 436.4252 		-31.0134 		0
v 436.5636 		-31.6794 		0
v 405.548 		-39.406 		17.7812
v 405.672 		-39.44 		17.7555
v 405.6425 		-39.432 		17.7615
v 436.8632 		-33.484 		0
v 436.9605 		-34.2006 		0
v 405.79 		-39.4862 		17.7207
v 405.899 		-39.544 		17.6772
v 405.873 		-39.5301 		17.6876
v 437.1318 		-38.4994 		3.3562
v 437.1318 		-35.9703 		0
v 437.1854 		-36.766 		0
v 437.237 		-39.8026 		1.6241
v 437.237 		-38.5787 		0
v 437.237 		-39.3342 		0
v 405.997 		-39.613 		17.6252
v 436.3327 		-30.5932 		0
v 436.8018 		-33.0679 		0
v 437.1028 		-35.6016 		0
v 437.2327 		-38.1868 		0
v 405.029 		-39.406 		17.7812
v 404.9995 		-39.414 		17.7751
v 405.158 		-39.386 		17.7962
v 421.3157 		-14.1734 		0
v 421.8232 		-14.1734 		0
v 422.9525 		-14.283 		0
v 420.9857 		-14.1823 		0
v 422.636 		-14.2399 		0
v 423.4719 		-14.3682 		0
v 424.5879 		-14.6619 		0
v 425.0985 		-14.8315 		0
v 426.1744 		-15.2988 		0
v 426.6854 		-15.5581 		0
v 427.7368 		-16.2073 		0
v 428.2003 		-16.5296 		0
v 429.2236 		-17.3634 		0
v 429.6568 		-17.7543 		0
v 430.6208 		-18.7538 		0
v 414.03 		-42.5721 		15.3953
v 424.2793 		-14.5681 		0
v 425.8804 		-15.1585 		0
v 414.03 		-61.7363 		0.954
v 427.4525 		-16.0186 		0
v 428.9439 		-17.1213 		0
v 430.3546 		-18.4624 		0
v 434.4207 		-27.3151 		3.3942
v 434.1469 		-24.1686 		0
v 434.4205 		-24.7569 		0
v 435.0476 		-26.2933 		0
v 435.2893 		-26.9478 		0
v 435.2895 		-28.7564 		2.3992
v 435.8145 		-28.5908 		0
v 434.9075 		-25.9292 		0
v 435.6973 		-28.198 		0
v 376.1703 		-40.9362 		21.7961
v 376.4448 		-40.5601 		22.0795
v 379.6328 		-37.4246 		24.4423
v 379.4655 		-37.5502 		24.3476
v 376.995 		-39.8813 		22.5909
v 379.57 		-37.446 		24.4259
v 378.5963 		-38.2578 		23.8143
v 378.7198 		-38.147 		23.8978
v 379.3747 		-37.6183 		24.2961
v 379.4655 		-37.5501 		24.3475
v 376.4448 		-40.56 		22.0794
v 376.4531 		-40.5486 		22.088
v 376.6801 		-40.2689 		22.2986
v 373.5861 		-39.6134 		22.7924
v 373.5568 		-39.7506 		22.6891
v 373.5072 		-40.0044 		22.498
v 373.6522 		-39.3035 		23.0262
v 378.7217 		-24.06 		5.2069
v 378.366 		-27.8216 		9.5348
v 373.886 		-29.1501 		11.3647
v 433.9594 		-40.3931 		22.046
v 433.5573 		-39.8984 		22.4189
v 434.1421 		-40.6346 		21.864
v 431.9072 		-38.206 		23.6943
v 432.2737 		-38.5348 		23.4462
v 433.4132 		-39.721 		22.5525
v 431.6763 		-38.0062 		23.845
v 431.655 		-37.9891 		23.858
v 414.03 		-61.7463 		0.954
v 397.325 		-61.7463 		0.954
v 435.8116 		-26.9521 		12.7679
v 435.0605 		-25.1853 		13.4168
v 434.1635 		-23.5317 		14.0438
v 431.9292 		-21.303 		16.1611
v 431.0116 		-25.5642 		23.3887
v 429.6503 		-24.5835 		24.0102
v 428.943 		-20.2162 		19.048
v 425.8949 		-18.9161 		19.9184
v 424.2753 		-18.711 		20.4402
v 422.6519 		-18.3032 		20.3319
v 430.6015 		-20.8753 		17.7834
v 429.2185 		-16.0265 		13.1714
v 379.3747 		-37.542 		24.1948
v 378.8735 		-37.9466 		23.89
v 379.6328 		-37.3481 		24.3409
v 378.7198 		-38.0706 		23.7964
v 377.1982 		-39.5718 		22.6649
v 376.995 		-39.8048 		22.4895
v 378.3627 		-38.391 		23.5547
v 376.9497 		-39.8606 		22.4474
v 376.4531 		-40.4721 		21.9865
v 375.3688 		-42.0989 		20.7608
v 375.5172 		-41.8429 		20.9536
v 376.0043 		-41.0957 		21.5165
# 2385 vertices

g group_0_6383466

usemtl color_6383466
s 0

f 2 	1 	7
f 6 	1 	8
f 6 	7 	1
f 5 	4 	6
f 10 	6 	4
f 10 	4 	3
f 10 	3 	11
f 8 	5 	6
f 14 	13 	12
f 16 	17 	15
f 17 	13 	15
f 14 	15 	13
f 24 	21 	23
f 2383 	422 	26
f 24 	22 	21
f 32 	33 	31
f 34 	35 	29
f 9 	36 	30
f 31 	30 	36
f 963 	29 	35
f 34 	29 	38
f 37 	38 	29
f 37 	29 	27
f 37 	27 	39
f 32 	31 	36
f 37 	39 	40
f 40 	39 	56
f 1666 	1647 	435
f 35 	41 	42
f 35 	42 	967
f 41 	440 	42
f 37 	40 	38
f 55 	38 	40
f 968 	437 	966
f 968 	42 	437
f 967 	42 	968
f 440 	437 	42
f 35 	34 	41
f 34 	38 	41
f 55 	41 	38
f 44 	45 	43
f 48 	49 	47
f 51 	43 	50
f 49 	52 	46
f 52 	25 	46
f 46 	25 	438
f 41 	50 	440
f 41 	51 	50
f 44 	53 	54
f 51 	55 	43
f 55 	53 	43
f 44 	43 	53
f 52 	49 	48
f 56 	53 	40
f 53 	56 	54
f 40 	53 	55
f 55 	51 	41
f 58 	59 	60
f 61 	62 	63
f 10 	120 	6
f 64 	65 	20
f 26 	24 	23
f 39 	122 	56
f 45 	44 	54
f 45 	54 	66
f 47 	25 	52
f 48 	47 	52
f 66 	54 	56
f 70 	69 	67
f 67 	68 	70
f 69 	70 	57
f 68 	118 	70
f 2319 	71 	72
f 72 	77 	2319
f 73 	2319 	77
f 828 	2319 	76
f 75 	76 	2319
f 78 	75 	2319
f 76 	79 	828
f 82 	81 	2319
f 81 	71 	2319
f 84 	89 	90
f 84 	90 	85
f 91 	89 	97
f 92 	85 	90
f 93 	85 	92
f 91 	85 	93
f 95 	101 	99
f 83 	95 	99
f 95 	83 	94
f 85 	91 	97
f 98 	97 	89
f 98 	89 	99
f 84 	99 	89
f 105 	104 	100
f 102 	101 	95
f 101 	100 	104
f 103 	402 	104
f 107 	96 	106
f 96 	107 	108
f 108 	111 	96
f 109 	96 	110
f 110 	96 	111
f 400 	106 	96
f 399 	116 	398
f 115 	398 	116
f 113 	114 	116
f 68 	116 	117
f 118 	68 	117
f 117 	119 	18
f 120 	119 	121
f 117 	121 	119
f 7 	120 	121
f 126 	140 	121
f 123 	33 	134
f 125 	124 	134
f 9 	134 	33
f 124 	123 	134
f 126 	386 	140
f 126 	127 	128
f 127 	129 	128
f 130 	132 	112
f 96 	112 	131
f 132 	131 	112
f 128 	129 	387
f 9 	121 	134
f 133 	125 	134
f 133 	134 	135
f 134 	121 	140
f 133 	135 	137
f 135 	138 	137
f 136 	137 	138
f 140 	141 	134
f 141 	148 	139
f 142 	143 	141
f 142 	141 	139
f 144 	145 	134
f 146 	134 	145
f 143 	144 	134
f 134 	141 	143
f 147 	140 	386
f 112 	147 	386
f 148 	149 	139
f 112 	139 	149
f 149 	147 	112
f 112 	122 	139
f 28 	139 	122
f 118 	150 	151
f 118 	151 	152
f 118 	152 	153
f 118 	153 	154
f 118 	154 	70
f 151 	155 	152
f 152 	155 	153
f 150 	155 	151
f 119 	14 	19
f 119 	19 	18
f 120 	10 	15
f 14 	119 	15
f 120 	15 	119
f 7 	6 	120
f 27 	28 	39
f 28 	122 	39
f 33 	32 	36
f 9 	33 	36
f 66 	56 	122
f 160 	191 	161
f 193 	162 	192
f 177 	208 	178
f 209 	179 	178
f 189 	156 	190
f 188 	156 	189
f 191 	190 	156
f 156 	830 	192
f 192 	191 	156
f 194 	193 	830
f 193 	192 	830
f 212 	211 	2361
f 200 	199 	540
f 198 	2360 	199
f 202 	201 	540
f 201 	200 	540
f 203 	202 	540
f 205 	204 	156
f 207 	206 	156
f 206 	205 	156
f 540 	156 	204
f 209 	208 	156
f 208 	207 	156
f 210 	156 	188
f 209 	156 	210
f 195 	194 	830
f 211 	196 	2361
f 830 	2361 	196
f 196 	195 	830
f 214 	213 	2361
f 213 	212 	2361
f 217 	216 	2361
f 216 	215 	2361
f 218 	217 	2361
f 2008 	2036 	229
f 1024 	2045 	234
f 2046 	2050 	234
f 2152 	237 	2025
f 2072 	2071 	236
f 236 	2073 	2072
f 232 	2025 	237
f 236 	2071 	226
f 2369 	2077 	2076
f 2153 	238 	2155
f 2372 	2155 	238
f 2090 	235 	2373
f 2369 	225 	2077
f 2081 	2082 	240
f 2081 	240 	2097
f 2095 	2096 	242
f 397 	242 	2096
f 2095 	242 	2100
f 2065 	960 	2061
f 1801 	2082 	507
f 2096 	2009 	397
f 243 	86 	83
f 84 	87 	243
f 87 	86 	243
f 245 	246 	244
f 246 	245 	247
f 94 	247 	245
f 248 	244 	250
f 244 	246 	249
f 249 	250 	244
f 251 	249 	246
f 253 	247 	252
f 254 	246 	253
f 247 	253 	246
f 254 	251 	246
f 252 	250 	253
f 249 	253 	250
f 251 	254 	249
f 253 	249 	254
f 245 	244 	248
f 89 	255 	90
f 257 	2010 	256
f 256 	2010 	97
f 98 	256 	97
f 98 	257 	256
f 89 	91 	255
f 258 	263 	260
f 274 	259 	273
f 268 	269 	261
f 263 	258 	262
f 261 	260 	263
f 259 	276 	264
f 278 	285 	277
f 266 	261 	265
f 267 	261 	266
f 268 	261 	267
f 269 	259 	261
f 270 	259 	269
f 260 	261 	259
f 272 	291 	261
f 271 	259 	270
f 273 	259 	271
f 276 	259 	275
f 281 	1121 	280
f 280 	285 	279
f 277 	264 	276
f 285 	280 	1121
f 282 	1121 	281
f 278 	279 	285
f 284 	1121 	283
f 283 	1121 	282
f 264 	277 	285
f 302 	936 	287
f 286 	287 	936
f 265 	261 	291
f 290 	291 	272
f 259 	274 	275
f 528 	292 	293
f 295 	535 	294
f 295 	297 	535
f 296 	294 	535
f 300 	301 	299
f 301 	535 	299
f 300 	288 	301
f 297 	298 	535
f 298 	299 	535
f 289 	290 	272
f 272 	301 	289
f 288 	289 	301
f 304 	936 	302
f 292 	528 	303
f 307 	939 	306
f 309 	939 	308
f 322 	325 	310
f 314 	526 	313
f 315 	526 	314
f 318 	526 	317
f 303 	528 	321
f 321 	528 	320
f 323 	325 	322
f 324 	325 	323
f 938 	939 	310
f 311 	312 	325
f 313 	527 	312
f 316 	526 	315
f 317 	526 	316
f 324 	311 	325
f 319 	530 	318
f 320 	528 	319
f 930 	932 	325
f 329 	357 	328
f 615 	552 	357
f 330 	1878 	333
f 332 	331 	350
f 366 	337 	334
f 335 	329 	338
f 336 	329 	335
f 339 	329 	336
f 332 	338 	333
f 329 	333 	338
f 340 	333 	342
f 330 	333 	340
f 341 	342 	333
f 341 	333 	329
f 337 	343 	334
f 343 	337 	344
f 339 	344 	337
f 332 	1414 	338
f 344 	339 	345
f 336 	345 	339
f 347 	328 	346
f 345 	589 	344
f 344 	348 	343
f 328 	349 	329
f 1413 	351 	335
f 336 	335 	351
f 1414 	1415 	338
f 1414 	332 	350
f 336 	351 	345
f 2183 	352 	350
f 1416 	350 	352
f 347 	354 	328
f 328 	354 	355
f 328 	355 	349
f 1413 	356 	351
f 345 	351 	356
f 346 	1418 	347
f 1424 	1422 	354
f 360 	362 	359
f 361 	359 	362
f 334 	363 	366
f 364 	365 	363
f 361 	364 	363
f 362 	364 	361
f 366 	363 	365
f 365 	367 	366
f 365 	364 	368
f 365 	368 	367
f 369 	362 	360
f 369 	368 	362
f 364 	362 	368
f 359 	369 	360
f 374 	358 	376
f 366 	329 	337
f 375 	357 	370
f 372 	357 	375
f 339 	337 	329
f 368 	369 	357
f 371 	357 	369
f 371 	370 	357
f 357 	372 	373
f 377 	376 	357
f 373 	377 	357
f 329 	366 	357
f 357 	366 	367
f 367 	368 	357
f 378 	358 	374
f 357 	376 	358
f 371 	554 	370
f 549 	554 	371
f 376 	556 	374
f 371 	369 	549
f 550 	549 	369
f 550 	369 	359
f 618 	616 	375
f 557 	556 	377
f 361 	551 	359
f 370 	619 	375
f 380 	381 	382
f 357 	358 	614
f 542 	358 	378
f 617 	628 	372
f 550 	359 	551
f 618 	375 	619
f 382 	383 	380
f 384 	385 	382
f 381 	384 	382
f 385 	383 	382
f 383 	385 	380
f 385 	384 	380
f 381 	380 	384
f 138 	146 	136
f 145 	136 	146
f 388 	112 	386
f 391 	112 	392
f 387 	129 	112
f 388 	393 	112
f 390 	112 	389
f 112 	391 	387
f 389 	112 	393
f 392 	112 	390
f 129 	130 	112
f 98 	99 	399
f 117 	116 	104
f 116 	399 	104
f 395 	396 	394
f 399 	394 	396
f 394 	399 	397
f 114 	115 	116
f 397 	399 	398
f 101 	104 	399
f 99 	101 	399
f 117 	104 	121
f 126 	121 	127
f 403 	127 	402
f 127 	121 	402
f 107 	106 	103
f 402 	121 	104
f 402 	103 	106
f 400 	96 	401
f 96 	131 	404
f 404 	407 	96
f 405 	406 	96
f 406 	401 	96
f 405 	96 	407
f 876 	875 	2105
f 895 	2135 	2124
f 2125 	898 	897
f 221 	220 	2360
f 694 	2360 	220
f 222 	2360 	223
f 221 	2360 	222
f 408 	2360 	409
f 183 	182 	413
f 410 	2360 	411
f 157 	188 	158
f 189 	158 	188
f 179 	210 	157
f 190 	159 	189
f 158 	189 	159
f 159 	190 	160
f 191 	160 	190
f 192 	161 	191
f 161 	192 	162
f 162 	193 	163
f 194 	163 	193
f 196 	165 	195
f 163 	194 	164
f 195 	164 	194
f 212 	167 	211
f 167 	212 	168
f 213 	168 	212
f 214 	169 	213
f 170 	187 	201
f 172 	171 	203
f 202 	203 	171
f 201 	202 	170
f 171 	170 	202
f 203 	204 	172
f 173 	172 	204
f 204 	205 	173
f 174 	173 	205
f 175 	174 	206
f 205 	206 	174
f 176 	175 	207
f 206 	207 	175
f 177 	176 	208
f 207 	208 	176
f 209 	178 	208
f 209 	210 	179
f 188 	157 	210
f 409 	712 	539
f 180 	712 	410
f 182 	181 	412
f 411 	412 	181
f 410 	411 	180
f 181 	180 	411
f 183 	413 	197
f 412 	413 	182
f 185 	184 	198
f 198 	199 	185
f 186 	185 	199
f 187 	186 	200
f 199 	200 	186
f 200 	201 	187
f 215 	695 	214
f 216 	696 	215
f 700 	667 	701
f 668 	702 	701
f 2152 	2155 	237
f 2372 	237 	2155
f 2367 	2151 	2373
f 226 	2071 	225
f 417 	416 	428
f 419 	428 	416
f 415 	419 	416
f 418 	417 	428
f 417 	21 	416
f 416 	22 	415
f 417 	418 	424
f 22 	425 	415
f 421 	20 	2383
f 65 	1956 	20
f 21 	417 	423
f 22 	416 	21
f 423 	417 	424
f 422 	2121 	425
f 414 	415 	425
f 436 	426 	23
f 21 	423 	23
f 424 	436 	23
f 424 	23 	423
f 436 	25 	426
f 24 	26 	425
f 22 	24 	425
f 422 	425 	26
f 421 	2383 	26
f 431 	432 	771
f 428 	771 	432
f 428 	432 	418
f 427 	771 	428
f 434 	419 	433
f 435 	433 	419
f 419 	430 	435
f 428 	419 	434
f 438 	439 	431
f 431 	429 	438
f 432 	436 	418
f 424 	418 	436
f 767 	427 	45
f 43 	427 	437
f 432 	431 	439
f 769 	46 	429
f 432 	439 	436
f 440 	50 	43
f 437 	440 	43
f 438 	25 	439
f 25 	436 	439
f 1647 	969 	433
f 444 	454 	445
f 446 	447 	448
f 445 	449 	444
f 450 	451 	452
f 451 	453 	452
f 455 	447 	105
f 446 	456 	105
f 447 	455 	448
f 987 	105 	473
f 465 	463 	462
f 464 	465 	462
f 469 	441 	470
f 466 	470 	467
f 470 	441 	467
f 471 	467 	441
f 468 	469 	470
f 469 	472 	441
f 442 	441 	472
f 473 	474 	443
f 474 	456 	443
f 476 	478 	109
f 478 	476 	477
f 442 	477 	476
f 472 	475 	479
f 472 	479 	477
f 472 	477 	442
f 481 	466 	483
f 480 	481 	483
f 467 	482 	466
f 483 	466 	482
f 468 	481 	480
f 468 	480 	484
f 468 	484 	469
f 467 	471 	482
f 484 	485 	469
f 486 	487 	472
f 488 	491 	489
f 490 	489 	491
f 485 	488 	489
f 486 	472 	489
f 472 	469 	489
f 485 	489 	469
f 492 	494 	495
f 493 	492 	495
f 475 	472 	496
f 487 	496 	472
f 493 	478 	492
f 492 	497 	494
f 486 	477 	487
f 481 	470 	466
f 478 	477 	492
f 497 	492 	477
f 490 	494 	497
f 489 	490 	497
f 493 	495 	478
f 483 	491 	480
f 255 	92 	90
f 93 	92 	255
f 93 	255 	91
f 85 	97 	2010
f 99 	84 	243
f 83 	99 	243
f 101 	498 	100
f 101 	102 	498
f 245 	248 	943
f 102 	95 	1120
f 499 	2087 	113
f 2099 	499 	500
f 501 	2085 	500
f 502 	2085 	501
f 396 	2010 	257
f 113 	116 	499
f 499 	116 	500
f 505 	504 	68
f 504 	503 	68
f 503 	502 	68
f 501 	68 	502
f 67 	1801 	505
f 394 	2009 	395
f 1808 	239 	1807
f 241 	502 	503
f 113 	2087 	114
f 2088 	114 	2087
f 398 	242 	397
f 239 	1808 	960
f 2097 	240 	506
f 240 	1801 	1802
f 240 	1802 	506
f 504 	507 	503
f 507 	241 	503
f 2098 	241 	507
f 499 	2099 	2087
f 242 	508 	2100
f 242 	398 	508
f 115 	508 	398
f 1807 	2080 	506
f 2097 	506 	2080
f 504 	505 	507
f 505 	1801 	507
f 2099 	500 	2085
f 2100 	508 	2088
f 114 	2088 	508
f 508 	115 	114
f 395 	2010 	396
f 396 	257 	399
f 98 	399 	257
f 501 	500 	116
f 117 	18 	509
f 116 	68 	501
f 1828 	2058 	1822
f 1821 	2058 	1820
f 511 	2315 	2176
f 1970 	2304 	1015
f 1957 	2270 	1970
f 514 	325 	513
f 516 	325 	515
f 517 	519 	325
f 516 	518 	325
f 518 	513 	325
f 519 	515 	325
f 514 	520 	325
f 522 	325 	521
f 521 	325 	520
f 325 	523 	524
f 527 	313 	526
f 325 	312 	527
f 529 	325 	527
f 530 	319 	528
f 526 	318 	530
f 523 	325 	531
f 532 	533 	325
f 533 	534 	325
f 531 	325 	534
f 532 	325 	529
f 517 	325 	524
f 536 	537 	535
f 301 	536 	535
f 712 	180 	538
f 184 	185 	538
f 1068 	1089 	538
f 554 	549 	1062
f 544 	545 	543
f 543 	569 	544
f 546 	543 	545
f 348 	1062 	551
f 549 	550 	1062
f 551 	1062 	550
f 553 	547 	552
f 548 	552 	547
f 556 	557 	559
f 555 	565 	557
f 545 	556 	559
f 559 	546 	545
f 542 	566 	560
f 561 	542 	560
f 564 	542 	547
f 540 	547 	542
f 555 	562 	563
f 563 	565 	555
f 547 	553 	564
f 565 	558 	557
f 566 	542 	564
f 558 	559 	557
f 542 	544 	569
f 569 	570 	542
f 540 	567 	568
f 570 	567 	542
f 540 	542 	567
f 540 	568 	541
f 540 	541 	571
f 572 	573 	540
f 571 	572 	540
f 575 	540 	574
f 577 	540 	576
f 574 	540 	577
f 540 	578 	579
f 579 	580 	540
f 573 	578 	540
f 576 	540 	580
f 585 	586 	588
f 587 	588 	586
f 587 	586 	584
f 1061 	1062 	589
f 589 	356 	590
f 352 	590 	356
f 591 	590 	581
f 591 	592 	590
f 353 	581 	590
f 582 	583 	591
f 592 	591 	583
f 595 	598 	594
f 586 	597 	584
f 593 	594 	598
f 595 	599 	598
f 597 	598 	599
f 597 	599 	600
f 603 	602 	601
f 600 	601 	602
f 596 	603 	601
f 597 	600 	1063
f 541 	604 	605
f 379 	1060 	605
f 606 	605 	604
f 544 	542 	378
f 544 	378 	545
f 374 	545 	378
f 546 	608 	611
f 610 	611 	609
f 609 	611 	608
f 612 	613 	607
f 615 	357 	614
f 548 	1428 	357
f 373 	372 	628
f 616 	617 	372
f 372 	375 	616
f 551 	361 	1430
f 370 	623 	619
f 622 	615 	620
f 614 	620 	615
f 618 	619 	611
f 611 	617 	616
f 611 	616 	618
f 607 	621 	612
f 548 	357 	552
f 623 	370 	554
f 553 	552 	625
f 625 	552 	624
f 615 	624 	552
f 622 	624 	615
f 619 	623 	1062
f 554 	1062 	623
f 542 	614 	358
f 614 	542 	561
f 562 	555 	628
f 545 	374 	556
f 376 	377 	556
f 373 	555 	377
f 557 	377 	555
f 626 	627 	607
f 613 	626 	607
f 558 	608 	559
f 609 	608 	558
f 373 	628 	555
f 561 	560 	614
f 620 	614 	560
f 563 	562 	629
f 628 	629 	562
f 630 	631 	629
f 630 	629 	628
f 627 	621 	607
f 629 	632 	563
f 630 	628 	611
f 617 	611 	628
f 626 	612 	627
f 625 	564 	553
f 608 	546 	559
f 565 	563 	632
f 564 	625 	566
f 624 	566 	625
f 632 	610 	565
f 609 	558 	610
f 624 	622 	566
f 560 	566 	622
f 560 	622 	620
f 565 	610 	558
f 631 	632 	629
f 610 	630 	611
f 630 	610 	632
f 630 	632 	631
f 621 	627 	612
f 613 	612 	626
f 379 	633 	543
f 635 	567 	634
f 636 	567 	635
f 604 	568 	567
f 637 	634 	567
f 604 	567 	636
f 637 	638 	636
f 637 	636 	634
f 604 	636 	638
f 604 	638 	606
f 641 	639 	633
f 640 	641 	633
f 639 	569 	543
f 543 	633 	639
f 639 	643 	569
f 633 	379 	640
f 637 	643 	640
f 634 	642 	635
f 570 	569 	643
f 643 	637 	570
f 635 	642 	636
f 604 	541 	568
f 570 	637 	567
f 636 	642 	634
f 641 	643 	639
f 379 	605 	640
f 637 	640 	605
f 637 	605 	638
f 641 	640 	643
f 638 	605 	606
f 647 	648 	1058
f 650 	1058 	648
f 571 	1059 	651
f 657 	579 	648
f 652 	572 	571
f 651 	653 	652
f 651 	652 	571
f 652 	654 	573
f 652 	573 	572
f 654 	650 	573
f 653 	654 	652
f 649 	659 	647
f 648 	578 	650
f 653 	651 	654
f 650 	654 	651
f 649 	1058 	656
f 656 	1058 	655
f 574 	644 	646
f 574 	646 	575
f 655 	577 	656
f 577 	576 	656
f 649 	656 	576
f 647 	657 	648
f 578 	648 	579
f 657 	647 	658
f 573 	650 	578
f 659 	580 	657
f 579 	657 	580
f 659 	649 	580
f 658 	659 	657
f 645 	644 	574
f 645 	574 	577
f 645 	577 	655
f 576 	580 	649
f 647 	659 	658
f 661 	663 	660
f 662 	660 	663
f 665 	1554 	664
f 662 	1552 	665
f 664 	1407 	666
f 1552 	1554 	665
f 708 	707 	220
f 708 	220 	221
f 711 	710 	223
f 539 	711 	408
f 223 	408 	711
f 408 	409 	539
f 668 	701 	667
f 219 	667 	700
f 669 	702 	668
f 670 	703 	669
f 668 	2361 	669
f 669 	2361 	670
f 670 	2361 	671
f 671 	2361 	672
f 673 	2361 	674
f 672 	2361 	673
f 675 	674 	1295
f 675 	1295 	676
f 681 	680 	2360
f 679 	1295 	680
f 682 	681 	2360
f 683 	682 	2360
f 683 	2360 	684
f 686 	685 	1295
f 676 	1295 	685
f 1295 	687 	686
f 2360 	680 	1295
f 677 	1295 	678
f 678 	1295 	679
f 1295 	677 	688
f 1295 	688 	687
f 684 	2360 	689
f 690 	689 	2360
f 707 	706 	694
f 691 	690 	2360
f 707 	694 	220
f 692 	691 	2360
f 693 	692 	2360
f 1274 	671 	1275
f 673 	1276 	672
f 1277 	674 	1278
f 1288 	676 	685
f 1283 	1282 	680
f 1287 	1286 	684
f 1287 	684 	689
f 1288 	685 	1289
f 686 	1289 	685
f 687 	688 	1291
f 687 	1290 	686
f 677 	1281 	688
f 164 	195 	165
f 211 	166 	196
f 165 	196 	166
f 211 	167 	166
f 168 	213 	169
f 169 	214 	695
f 695 	215 	696
f 217 	697 	216
f 696 	216 	697
f 218 	698 	217
f 697 	217 	698
f 698 	218 	699
f 219 	699 	218
f 221 	709 	708
f 222 	223 	710
f 221 	222 	709
f 710 	709 	222
f 409 	410 	712
f 184 	183 	197
f 236 	226 	1546
f 1546 	1549 	236
f 228 	2371 	1383
f 1548 	224 	1549
f 2076 	227 	1378
f 1407 	1553 	2367
f 1408 	2367 	1409
f 713 	2354 	715
f 718 	1461 	717
f 717 	1461 	716
f 488 	480 	491
f 468 	470 	481
f 479 	487 	477
f 497 	477 	486
f 496 	487 	479
f 489 	497 	486
f 480 	488 	485
f 480 	485 	484
f 479 	475 	496
f 720 	462 	719
f 721 	462 	720
f 463 	719 	462
f 464 	722 	465
f 724 	720 	723
f 719 	723 	720
f 465 	722 	463
f 722 	723 	463
f 719 	463 	723
f 724 	721 	720
f 737 	461 	736
f 459 	736 	461
f 737 	756 	461
f 725 	726 	728
f 729 	728 	726
f 730 	743 	727
f 729 	731 	744
f 729 	730 	727
f 726 	732 	731
f 726 	731 	729
f 725 	733 	726
f 733 	734 	726
f 734 	732 	726
f 747 	749 	728
f 731 	734 	728
f 732 	734 	731
f 725 	728 	734
f 725 	734 	733
f 459 	738 	736
f 1349 	738 	459
f 739 	738 	1349
f 729 	727 	740
f 742 	740 	727
f 728 	729 	741
f 741 	729 	740
f 745 	729 	744
f 730 	729 	745
f 747 	741 	746
f 740 	746 	741
f 740 	742 	746
f 744 	748 	745
f 730 	749 	750
f 730 	750 	751
f 743 	730 	751
f 750 	752 	751
f 749 	747 	752
f 749 	752 	750
f 748 	749 	730
f 748 	730 	745
f 749 	748 	731
f 731 	728 	749
f 747 	728 	741
f 744 	731 	748
f 754 	755 	753
f 737 	753 	755
f 737 	755 	756
f 735 	757 	739
f 735 	1363 	758
f 758 	759 	735
f 761 	762 	760
f 754 	760 	762
f 754 	762 	755
f 763 	764 	757
f 763 	757 	735
f 759 	763 	735
f 737 	765 	753
f 736 	765 	737
f 765 	761 	753
f 760 	753 	761
f 754 	753 	760
f 762 	756 	755
f 736 	738 	765
f 1364 	1359 	738
f 739 	1361 	738
f 764 	1362 	739
f 764 	739 	757
f 758 	1363 	759
f 763 	759 	1363
f 767 	766 	427
f 766 	1145 	768
f 428 	437 	427
f 43 	45 	427
f 429 	771 	769
f 772 	769 	771
f 773 	770 	772
f 770 	769 	772
f 775 	770 	774
f 773 	774 	770
f 771 	776 	772
f 778 	775 	777
f 774 	777 	775
f 773 	772 	776
f 773 	776 	777
f 773 	777 	774
f 770 	49 	769
f 778 	47 	770
f 778 	770 	775
f 783 	768 	782
f 768 	787 	782
f 784 	427 	783
f 427 	784 	779
f 768 	783 	427
f 427 	779 	780
f 786 	427 	780
f 785 	427 	786
f 781 	777 	785
f 427 	785 	777
f 771 	427 	776
f 429 	431 	771
f 778 	777 	781
f 776 	427 	777
f 768 	788 	787
f 790 	789 	781
f 781 	785 	790
f 786 	791 	792
f 790 	785 	792
f 786 	792 	785
f 438 	429 	46
f 800 	793 	780
f 791 	786 	793
f 780 	793 	786
f 47 	778 	789
f 46 	769 	49
f 47 	49 	770
f 781 	789 	778
f 766 	767 	795
f 794 	795 	767
f 793 	796 	791
f 792 	791 	796
f 427 	766 	768
f 805 	806 	788
f 805 	788 	768
f 798 	780 	797
f 799 	780 	798
f 800 	780 	799
f 780 	779 	797
f 1139 	1138 	782
f 787 	807 	782
f 806 	807 	788
f 802 	803 	796
f 457 	796 	803
f 800 	802 	793
f 799 	802 	800
f 796 	793 	802
f 801 	804 	797
f 798 	797 	804
f 1139 	782 	807
f 787 	788 	807
f 808 	458 	809
f 813 	458 	815
f 812 	813 	815
f 816 	815 	458
f 458 	808 	816
f 814 	816 	808
f 817 	818 	808
f 809 	821 	819
f 821 	809 	820
f 822 	819 	821
f 817 	808 	819
f 809 	819 	808
f 823 	827 	814
f 825 	826 	824
f 826 	813 	824
f 812 	824 	813
f 814 	808 	823
f 818 	823 	808
f 827 	823 	1333
f 1334 	1333 	823
f 824 	815 	825
f 816 	814 	827
f 1333 	816 	827
f 829 	547 	828
f 540 	828 	547
f 122 	112 	66
f 830 	66 	112
f 831 	836 	832
f 840 	835 	841
f 837 	835 	838
f 834 	838 	835
f 834 	833 	838
f 836 	838 	833
f 833 	832 	836
f 837 	841 	835
f 841 	859 	839
f 841 	839 	840
f 846 	886 	845
f 843 	844 	886
f 845 	886 	844
f 851 	887 	850
f 849 	850 	887
f 848 	849 	887
f 875 	888 	879
f 853 	888 	852
f 847 	887 	856
f 855 	856 	887
f 858 	845 	857
f 844 	857 	845
f 857 	844 	859
f 843 	859 	844
f 839 	859 	843
f 852 	888 	851
f 854 	855 	887
f 846 	854 	887
f 839 	886 	840
f 862 	863 	1476
f 863 	865 	842
f 862 	866 	865
f 862 	865 	863
f 862 	861 	866
f 864 	866 	861
f 864 	861 	860
f 1502 	1501 	893
f 842 	871 	831
f 831 	871 	836
f 837 	871 	841
f 836 	871 	838
f 838 	871 	837
f 871 	842 	865
f 858 	857 	872
f 859 	871 	857
f 872 	857 	871
f 859 	841 	871
f 866 	864 	871
f 890 	871 	864
f 865 	866 	871
f 2101 	879 	853
f 1518 	896 	873
f 878 	873 	896
f 2103 	2102 	877
f 877 	876 	2103
f 854 	1615 	855
f 1628 	1627 	848
f 2101 	853 	852
f 2105 	2103 	876
f 1629 	1616 	845
f 848 	847 	1628
f 856 	1613 	847
f 850 	2104 	851
f 879 	2105 	875
f 873 	2102 	874
f 878 	2102 	873
f 880 	867 	1518
f 2113 	2116 	880
f 880 	874 	2113
f 877 	878 	896
f 853 	879 	888
f 867 	2116 	868
f 1474 	1475 	883
f 1476 	1474 	860
f 861 	1476 	860
f 885 	884 	1474
f 884 	860 	1474
f 1477 	1478 	833
f 835 	840 	886
f 839 	843 	886
f 847 	848 	887
f 834 	835 	886
f 1476 	863 	842
f 861 	862 	1476
f 882 	881 	889
f 884 	890 	860
f 864 	860 	890
f 890 	884 	885
f 890 	885 	891
f 885 	883 	891
f 889 	891 	883
f 889 	883 	882
f 833 	834 	886
f 851 	1495 	887
f 868 	1518 	867
f 870 	892 	1501
f 892 	893 	1501
f 900 	1842 	894
f 2124 	2125 	894
f 892 	2120 	893
f 1243 	1561 	881
f 890 	891 	871
f 881 	1561 	889
f 889 	1561 	891
f 1478 	1479 	831
f 873 	874 	1518
f 874 	880 	1518
f 875 	876 	896
f 876 	877 	896
f 875 	896 	888
f 901 	1856 	1858
f 2120 	892 	870
f 900 	894 	2125
f 2124 	894 	895
f 2125 	897 	900
f 899 	901 	1858
f 871 	891 	1561
f 908 	1122 	907
f 906 	907 	909
f 905 	906 	909
f 904 	905 	909
f 912 	1123 	910
f 916 	1114 	915
f 914 	915 	1114
f 913 	914 	1114
f 1486 	1117 	1488
f 1243 	1475 	325
f 919 	910 	911
f 914 	921 	915
f 920 	915 	921
f 924 	921 	913
f 923 	922 	917
f 918 	917 	922
f 917 	916 	923
f 920 	923 	916
f 920 	916 	915
f 914 	913 	921
f 912 	919 	924
f 910 	919 	912
f 913 	912 	924
f 926 	1122 	925
f 927 	925 	1122
f 906 	928 	929
f 906 	929 	907
f 925 	930 	926
f 906 	905 	931
f 906 	931 	928
f 925 	927 	930
f 932 	930 	927
f 905 	904 	931
f 908 	907 	929
f 908 	929 	932
f 908 	932 	927
f 934 	909 	933
f 909 	1121 	933
f 904 	909 	934
f 933 	938 	934
f 937 	934 	938
f 933 	935 	938
f 939 	938 	935
f 935 	903 	939
f 936 	939 	903
f 936 	903 	902
f 904 	934 	931
f 937 	931 	934
f 941 	942 	943
f 940 	941 	943
f 903 	1121 	902
f 945 	1121 	944
f 284 	944 	1121
f 946 	1121 	945
f 947 	1121 	946
f 948 	1121 	947
f 949 	1121 	948
f 950 	1121 	949
f 1121 	950 	951
f 1121 	951 	952
f 952 	902 	1121
f 952 	286 	902
f 936 	902 	286
f 1850 	1849 	2138
f 2059 	1820 	2058
f 1824 	1681 	1828
f 1825 	2064 	1823
f 2065 	239 	960
f 1825 	1826 	2059
f 1815 	2061 	960
f 1815 	960 	1818
f 956 	1987 	955
f 1989 	1981 	955
f 117 	509 	118
f 1988 	955 	1987
f 1989 	955 	1988
f 961 	2349 	509
f 12 	1674 	1990
f 1991 	11 	957
f 957 	3 	959
f 1992 	2063 	958
f 1991 	2054 	1992
f 17 	958 	13
f 1992 	958 	16
f 3 	957 	11
f 1674 	13 	958
f 979 	1 	978
f 959 	3 	4
f 16 	958 	17
f 8 	979 	5
f 2 	978 	1
f 959 	4 	5
f 7 	121 	962
f 2 	7 	962
f 962 	9 	964
f 121 	9 	962
f 962 	964 	978
f 433 	435 	1647
f 434 	969 	428
f 33 	123 	977
f 2024 	978 	964
f 27 	29 	28
f 428 	1166 	963
f 963 	1166 	29
f 965 	971 	964
f 124 	2023 	123
f 31 	33 	977
f 2020 	977 	123
f 30 	965 	9
f 964 	9 	965
f 966 	437 	428
f 963 	966 	428
f 35 	967 	963
f 963 	967 	966
f 967 	968 	966
f 434 	433 	969
f 435 	430 	1666
f 1665 	1666 	430
f 1166 	428 	969
f 2020 	123 	2023
f 2024 	964 	971
f 957 	2054 	1991
f 2023 	124 	976
f 125 	976 	124
f 972 	971 	977
f 30 	977 	965
f 971 	965 	977
f 2030 	979 	973
f 5 	979 	2030
f 973 	979 	978
f 959 	974 	957
f 959 	2062 	974
f 125 	133 	976
f 30 	31 	977
f 2 	962 	978
f 5 	2030 	959
f 2062 	959 	2030
f 2063 	1992 	2054
f 982 	983 	103
f 987 	986 	103
f 104 	987 	103
f 104 	105 	987
f 981 	403 	980
f 107 	103 	983
f 986 	987 	985
f 983 	108 	107
f 985 	110 	986
f 108 	982 	111
f 986 	111 	982
f 983 	982 	108
f 984 	985 	987
f 982 	103 	986
f 984 	109 	110
f 985 	984 	110
f 111 	986 	110
f 984 	987 	109
f 100 	498 	1489
f 990 	402 	989
f 991 	980 	990
f 402 	990 	980
f 106 	400 	988
f 989 	988 	401
f 400 	401 	988
f 991 	992 	981
f 991 	981 	980
f 401 	990 	989
f 991 	990 	992
f 988 	402 	106
f 993 	994 	127
f 994 	129 	127
f 127 	996 	993
f 995 	993 	996
f 998 	403 	997
f 999 	403 	981
f 1000 	403 	999
f 997 	403 	1000
f 402 	980 	403
f 988 	989 	402
f 999 	1003 	1002
f 999 	1002 	1001
f 999 	1001 	1000
f 405 	407 	1001
f 1001 	997 	1000
f 981 	992 	1003
f 981 	1003 	999
f 401 	406 	990
f 1002 	1003 	990
f 992 	990 	1003
f 403 	998 	1004
f 1006 	1007 	403
f 1005 	1006 	1004
f 1004 	1006 	403
f 1007 	996 	403
f 127 	403 	996
f 994 	130 	129
f 404 	131 	1008
f 1007 	1008 	131
f 1006 	1009 	1008
f 1006 	1008 	1007
f 405 	1001 	406
f 1002 	406 	1001
f 1007 	131 	1010
f 132 	1010 	131
f 995 	996 	1010
f 1007 	1010 	996
f 997 	1001 	407
f 1005 	1009 	1006
f 993 	1010 	132
f 993 	132 	130
f 993 	130 	994
f 998 	407 	1004
f 997 	407 	998
f 407 	404 	1004
f 1008 	1004 	404
f 1002 	990 	406
f 1005 	1004 	1009
f 1010 	993 	995
f 1008 	1009 	1004
f 137 	2016 	133
f 2015 	976 	133
f 135 	134 	1011
f 1011 	134 	1012
f 136 	975 	137
f 1011 	138 	135
f 29 	1166 	28
f 2015 	133 	2016
f 2035 	145 	2034
f 2016 	137 	975
f 2034 	144 	2044
f 2035 	975 	145
f 139 	28 	1165
f 2034 	145 	144
f 143 	2044 	144
f 1013 	1014 	140
f 141 	140 	1014
f 2302 	1015 	2301
f 2308 	1017 	2307
f 2302 	1959 	1015
f 512 	2305 	1016
f 1946 	2317 	1017
f 2320 	510 	1948
f 2305 	512 	2302
f 1959 	2302 	512
f 1453 	2310 	1948
f 1019 	1318 	1935
f 1318 	1020 	1935
f 1904 	1910 	229
f 2006 	2362 	1023
f 229 	2363 	1904
f 1040 	1438 	2049
f 1026 	1331 	1025
f 2294 	1574 	1032
f 2295 	2282 	1033
f 1034 	2272 	1032
f 2295 	1033 	1035
f 1035 	1320 	2295
f 1019 	1300 	1318
f 1032 	1036 	1034
f 1027 	1036 	1032
f 1300 	1019 	1037
f 2002 	1022 	1900
f 1024 	1038 	1039
f 1310 	234 	1314
f 1311 	1025 	1307
f 341 	329 	1046
f 1306 	1025 	1331
f 1326 	1327 	1573
f 1304 	2272 	1034
f 1306 	1307 	1025
f 234 	1310 	1024
f 1038 	1469 	1039
f 1310 	1469 	1038
f 1301 	1037 	1019
f 1300 	1042 	1315
f 1300 	1037 	1042
f 1043 	1042 	1037
f 1045 	1037 	1044
f 1301 	1044 	1037
f 1045 	1043 	1037
f 1043 	1045 	1042
f 1044 	1042 	1045
f 1046 	1994 	1021
f 1995 	1996 	1047
f 330 	340 	1047
f 1048 	1892 	233
f 2002 	1900 	1049
f 1994 	2263 	1021
f 1892 	1879 	233
f 1311 	1312 	2048
f 584 	597 	592
f 600 	1050 	1063
f 1063 	1061 	597
f 1053 	1063 	1050
f 602 	1050 	600
f 1053 	1050 	537
f 1051 	524 	523
f 525 	535 	1051
f 535 	537 	1050
f 1051 	535 	1050
f 1050 	524 	1051
f 1052 	1053 	537
f 1067 	1055 	1066
f 1060 	1066 	1056
f 589 	592 	1061
f 1056 	1072 	1057
f 1060 	1056 	1059
f 1061 	1063 	1060
f 1056 	1057 	1059
f 1058 	1059 	1057
f 571 	541 	1059
f 1060 	1059 	541
f 543 	546 	1060
f 1061 	1060 	546
f 348 	589 	1062
f 590 	592 	589
f 592 	597 	1061
f 1064 	1060 	1063
f 1095 	1064 	1063
f 1096 	1064 	1095
f 1099 	1100 	1065
f 1066 	1060 	1064
f 1065 	1066 	1099
f 1064 	1097 	1066
f 1101 	1065 	1100
f 1065 	1102 	1066
f 1056 	1066 	1055
f 1067 	1083 	1055
f 1083 	1086 	1069
f 1068 	1069 	1086
f 538 	540 	1068
f 1055 	1069 	1070
f 1069 	1071 	1070
f 540 	1070 	1071
f 575 	1073 	540
f 1072 	540 	1073
f 1072 	1073 	1057
f 1075 	540 	1074
f 1070 	540 	1075
f 1074 	540 	1077
f 1077 	540 	1076
f 1079 	540 	1078
f 1076 	540 	1079
f 1072 	1078 	540
f 1080 	1068 	540
f 1082 	540 	1081
f 1071 	1081 	540
f 1082 	1080 	540
f 1069 	1055 	1083
f 1084 	1083 	1085
f 1067 	1085 	1083
f 538 	1084 	1085
f 1088 	538 	1087
f 1087 	538 	1090
f 1086 	1089 	1068
f 1090 	538 	1089
f 538 	1088 	1084
f 1092 	538 	1091
f 1085 	1091 	538
f 1063 	1053 	1094
f 1054 	1094 	1053
f 1098 	1099 	1097
f 1099 	1066 	1097
f 1103 	1066 	1102
f 1092 	1104 	538
f 1105 	538 	1104
f 1092 	1093 	1104
f 1123 	1122 	911
f 1122 	926 	911
f 325 	911 	926
f 911 	325 	919
f 325 	924 	919
f 921 	325 	920
f 924 	325 	921
f 920 	325 	923
f 923 	325 	922
f 926 	930 	325
f 928 	325 	929
f 931 	325 	928
f 932 	929 	325
f 307 	308 	939
f 937 	938 	325
f 939 	936 	306
f 305 	306 	936
f 304 	305 	936
f 309 	310 	939
f 325 	938 	310
f 931 	937 	325
f 1107 	1108 	325
f 922 	325 	1106
f 1108 	1109 	325
f 1106 	325 	1109
f 1110 	1111 	1121
f 285 	1121 	1111
f 697 	1112 	696
f 698 	1112 	697
f 699 	1112 	698
f 1112 	464 	830
f 751 	830 	464
f 752 	830 	751
f 1113 	1115 	1117
f 1114 	1117 	1115
f 1114 	1115 	1116
f 1121 	1123 	1119
f 1110 	1121 	1119
f 1120 	1110 	1119
f 1123 	1121 	1122
f 909 	1122 	1121
f 1114 	1116 	1123
f 1116 	452 	1123
f 1126 	1127 	1125
f 1124 	1125 	1127
f 1126 	1128 	1127
f 1129 	1116 	1128
f 1127 	1128 	1116
f 1132 	1131 	1130
f 1129 	1130 	1131
f 1132 	1130 	60
f 58 	60 	1130
f 1129 	457 	1116
f 426 	457 	1133
f 1131 	1133 	1129
f 420 	421 	1133
f 1133 	457 	1129
f 63 	420 	61
f 61 	420 	1133
f 426 	1133 	421
f 64 	20 	421
f 420 	64 	421
f 23 	426 	421
f 23 	421 	26
f 789 	796 	47
f 25 	796 	426
f 443 	448 	442
f 476 	473 	442
f 448 	443 	446
f 445 	442 	448
f 456 	446 	443
f 454 	450 	445
f 445 	448 	449
f 455 	449 	448
f 452 	445 	450
f 452 	453 	1119
f 1118 	1119 	453
f 1119 	1123 	452
f 1116 	457 	452
f 459 	445 	458
f 457 	458 	452
f 461 	442 	459
f 727 	441 	461
f 452 	458 	445
f 442 	461 	441
f 443 	442 	473
f 727 	743 	462
f 462 	441 	727
f 441 	462 	471
f 721 	471 	462
f 1112 	471 	721
f 721 	724 	1112
f 482 	1112 	483
f 1112 	482 	471
f 490 	1112 	494
f 491 	1112 	490
f 1112 	495 	494
f 491 	483 	1112
f 722 	1112 	723
f 722 	464 	1112
f 723 	1112 	724
f 756 	727 	461
f 459 	460 	1147
f 445 	459 	442
f 743 	464 	462
f 742 	727 	756
f 830 	742 	756
f 464 	743 	751
f 742 	830 	746
f 747 	830 	752
f 747 	746 	830
f 762 	761 	830
f 765 	1151 	761
f 1151 	830 	761
f 756 	762 	830
f 45 	66 	767
f 794 	767 	66
f 796 	457 	426
f 792 	796 	790
f 790 	796 	789
f 25 	47 	796
f 830 	1135 	805
f 809 	458 	1134
f 457 	1134 	458
f 1134 	807 	809
f 806 	809 	807
f 1138 	1139 	1134
f 807 	1134 	1139
f 458 	813 	810
f 810 	459 	458
f 811 	460 	810
f 460 	459 	810
f 806 	805 	820
f 806 	820 	809
f 826 	1135 	830
f 820 	805 	1135
f 830 	805 	66
f 794 	66 	1136
f 66 	805 	1136
f 1142 	1140 	1141
f 1140 	1137 	1141
f 1134 	1143 	1138
f 1137 	1138 	1144
f 1143 	1144 	1138
f 1141 	1137 	1144
f 1145 	1136 	805
f 810 	813 	1146
f 826 	830 	813
f 460 	1148 	1147
f 830 	1147 	1148
f 1148 	1154 	830
f 830 	1149 	1150
f 830 	1150 	1147
f 1153 	830 	1152
f 1151 	1152 	830
f 1153 	1149 	830
f 1157 	830 	1154
f 1156 	1161 	1155
f 1155 	830 	1157
f 1146 	813 	830
f 1158 	1146 	830
f 1162 	1163 	830
f 1160 	830 	1159
f 1164 	830 	1160
f 1162 	830 	1161
f 1161 	830 	1155
f 1159 	830 	1163
f 1164 	1158 	830
f 1165 	28 	1166
f 666 	1171 	1167
f 1408 	1171 	666
f 1185 	1186 	664
f 665 	664 	1186
f 664 	666 	1185
f 1188 	1185 	666
f 1167 	1188 	666
f 660 	1190 	661
f 1188 	1167 	1170
f 1186 	1194 	662
f 665 	1186 	662
f 662 	1194 	660
f 1170 	1167 	1171
f 1173 	663 	1178
f 1175 	663 	1174
f 1174 	663 	1179
f 1176 	1172 	1555
f 1170 	1171 	1172
f 661 	1178 	663
f 1179 	663 	1173
f 663 	1175 	1180
f 1171 	1555 	1172
f 1182 	1566 	663
f 1570 	1182 	1903
f 1171 	1408 	1183
f 663 	1206 	1181
f 663 	1181 	1182
f 1181 	1206 	1184
f 1234 	1200 	1212
f 1197 	1196 	1172
f 1173 	1178 	1187
f 1174 	1202 	1175
f 1201 	1202 	1174
f 1197 	1172 	1176
f 1177 	1199 	1176
f 1189 	1187 	1178
f 1189 	661 	1190
f 1178 	661 	1189
f 1174 	1179 	1201
f 1204 	1201 	1179
f 1191 	1207 	1192
f 1169 	1198 	1177
f 1188 	1170 	1193
f 1172 	1193 	1170
f 1190 	660 	1194
f 1179 	1173 	1195
f 1204 	1179 	1195
f 1187 	1195 	1173
f 1185 	586 	1186
f 1188 	586 	1185
f 1194 	1186 	586
f 1197 	1176 	1199
f 1198 	1199 	1177
f 1168 	1200 	1169
f 1172 	1196 	1193
f 1199 	598 	1197
f 1197 	598 	1196
f 1189 	585 	1187
f 1194 	585 	1190
f 586 	585 	1194
f 1189 	1190 	585
f 1198 	1169 	1200
f 1200 	593 	1198
f 1202 	1201 	588
f 1195 	1462 	1204
f 1203 	1175 	1202
f 1205 	1192 	1180
f 1175 	1203 	1205
f 1175 	1205 	1180
f 1204 	588 	1201
f 1203 	587 	1205
f 1202 	587 	1203
f 1206 	663 	1207
f 1207 	663 	1180
f 1906 	1907 	1910
f 1208 	1209 	1905
f 1210 	1206 	1208
f 1210 	1184 	1206
f 1191 	1208 	1207
f 1206 	1207 	1208
f 1180 	1192 	1207
f 715 	2352 	581
f 2358 	1906 	2359
f 2355 	2358 	583
f 2359 	1209 	1211
f 1211 	1209 	1208
f 1208 	1191 	1211
f 1188 	1193 	586
f 1193 	1196 	598
f 1195 	1187 	585
f 1211 	584 	2359
f 1211 	1191 	584
f 1192 	584 	1191
f 1202 	588 	587
f 1192 	1205 	587
f 1192 	587 	584
f 716 	582 	2357
f 348 	344 	589
f 2183 	590 	352
f 2353 	591 	581
f 2359 	592 	583
f 2359 	584 	592
f 2353 	582 	591
f 2183 	353 	590
f 356 	589 	345
f 1212 	1168 	1555
f 1212 	1556 	1213
f 1214 	1213 	1556
f 1213 	1234 	1212
f 1217 	1556 	1216
f 1216 	1556 	1215
f 1242 	1239 	1220
f 1242 	1220 	1222
f 1239 	1240 	1221
f 1386 	1557 	1215
f 1225 	1224 	1557
f 1224 	1215 	1557
f 1215 	1232 	1216
f 1235 	1215 	1224
f 1236 	1235 	1225
f 1225 	1235 	1224
f 1226 	1236 	1225
f 1216 	1233 	1217
f 1238 	1213 	1214
f 1226 	1228 	1229
f 1231 	1229 	1230
f 1228 	1230 	1229
f 1233 	1216 	1232
f 1235 	1232 	1215
f 1168 	1212 	1200
f 1214 	1237 	1238
f 1234 	1213 	1238
f 1236 	1226 	1231
f 1229 	1231 	1226
f 1214 	1227 	1237
f 1227 	1217 	1237
f 1233 	1237 	1217
f 1219 	1218 	1241
f 1241 	1230 	1219
f 1228 	1219 	1230
f 1218 	1223 	1240
f 1223 	1221 	1240
f 1221 	1220 	1239
f 1240 	1241 	1218
f 1241 	1240 	595
f 1230 	1241 	1231
f 1241 	595 	1231
f 594 	1231 	595
f 1231 	594 	1236
f 1235 	1236 	594
f 1232 	1235 	594
f 1242 	1245 	596
f 1232 	594 	1233
f 1237 	1233 	594
f 594 	593 	1237
f 1238 	1237 	593
f 1238 	593 	1234
f 1200 	1234 	593
f 1199 	1198 	593
f 1193 	597 	586
f 1239 	600 	599
f 1239 	599 	1240
f 601 	600 	1239
f 1240 	599 	595
f 1242 	596 	601
f 1239 	1242 	601
f 593 	598 	1199
f 597 	1193 	598
f 1245 	1243 	1244
f 1242 	1222 	1245
f 1243 	1245 	1222
f 602 	603 	1247
f 1246 	1247 	603
f 1250 	1248 	603
f 1246 	603 	1248
f 1251 	1253 	602
f 1050 	602 	1253
f 1254 	1252 	602
f 1247 	1254 	602
f 1050 	1255 	1256
f 1253 	1258 	1255
f 1253 	1255 	1050
f 325 	1244 	1243
f 514 	513 	1248
f 1260 	1251 	1259
f 1252 	1259 	1251
f 1260 	1258 	1253
f 1260 	1253 	1251
f 1259 	515 	1255
f 1258 	1260 	1255
f 1260 	1259 	1255
f 1254 	516 	1252
f 519 	517 	1256
f 513 	518 	1247
f 513 	1247 	1246
f 520 	1248 	1250
f 1261 	596 	1244
f 1245 	1244 	596
f 1249 	596 	1261
f 522 	521 	1244
f 1246 	1248 	513
f 1259 	1252 	515
f 515 	1252 	516
f 1254 	518 	516
f 1257 	1256 	517
f 1254 	1247 	518
f 1256 	1255 	519
f 515 	519 	1255
f 1248 	520 	514
f 1261 	521 	1249
f 1250 	1249 	520
f 522 	1244 	325
f 1261 	1244 	521
f 520 	1249 	521
f 1249 	1250 	603
f 1252 	1251 	602
f 1256 	1257 	1050
f 603 	596 	1249
f 1263 	1051 	1262
f 523 	1262 	1051
f 1267 	1264 	525
f 1266 	1267 	525
f 1268 	1266 	525
f 525 	1264 	535
f 1267 	527 	1264
f 526 	1264 	527
f 530 	528 	1269
f 1270 	1269 	528
f 1264 	526 	1265
f 1267 	1266 	529
f 1267 	529 	527
f 1266 	1268 	529
f 530 	1265 	526
f 1269 	1265 	530
f 1272 	525 	1271
f 525 	1051 	1271
f 1268 	525 	1272
f 1271 	1051 	1273
f 1263 	1273 	1051
f 1262 	523 	531
f 1271 	533 	1272
f 532 	1272 	533
f 1273 	534 	1271
f 533 	1271 	534
f 197 	198 	184
f 699 	219 	700
f 702 	669 	703
f 672 	1275 	671
f 703 	670 	1274
f 671 	1274 	670
f 1275 	672 	1276
f 674 	1277 	673
f 675 	1278 	674
f 676 	1279 	675
f 678 	1281 	677
f 1282 	1280 	679
f 679 	680 	1282
f 1285 	1284 	682
f 681 	682 	1284
f 680 	681 	1283
f 1284 	1283 	681
f 682 	683 	1285
f 1293 	1292 	690
f 690 	691 	1293
f 704 	1293 	691
f 705 	704 	692
f 691 	692 	704
f 693 	694 	706
f 706 	705 	693
f 692 	693 	705
f 1291 	688 	1281
f 673 	1277 	1276
f 683 	1286 	1285
f 683 	684 	1286
f 1287 	689 	1292
f 689 	690 	1292
f 1280 	1281 	678
f 678 	679 	1280
f 1278 	675 	1279
f 1279 	676 	1288
f 687 	1291 	1290
f 1289 	686 	1290
f 1295 	1112 	1294
f 1297 	1298 	248
f 248 	1296 	1297
f 1914 	1905 	2363
f 714 	713 	353
f 326 	714 	353
f 230 	1916 	1915
f 2363 	1915 	1914
f 1912 	1911 	2364
f 1911 	1916 	2364
f 2018 	1901 	2017
f 1912 	2364 	1913
f 2017 	1913 	2364
f 1318 	1319 	1020
f 1318 	1300 	1322
f 1027 	1299 	1036
f 1320 	1324 	1299
f 1036 	1299 	1324
f 1019 	1935 	1301
f 1308 	1031 	1303
f 1308 	1309 	1031
f 1309 	1329 	1030
f 1328 	1305 	1302
f 1327 	1328 	1302
f 1330 	1026 	1329
f 1031 	1302 	1303
f 1030 	1031 	1309
f 2323 	1030 	1329
f 1332 	1467 	1306
f 1038 	1024 	1310
f 2050 	2047 	1313
f 2050 	1313 	234
f 1314 	234 	1313
f 1468 	1310 	1314
f 1468 	1469 	1310
f 1314 	1313 	1468
f 1313 	1312 	1468
f 1311 	1467 	1312
f 1307 	1467 	1311
f 2032 	1888 	1022
f 1329 	1309 	1305
f 1308 	1305 	1309
f 1303 	1305 	1308
f 1034 	1041 	1304
f 1325 	1304 	1041
f 1315 	1419 	1300
f 1042 	1316 	1315
f 1935 	1046 	329
f 1420 	1421 	1301
f 1042 	1044 	1317
f 1042 	1317 	1316
f 1317 	1315 	1316
f 1320 	1035 	1321
f 1323 	1318 	1322
f 2331 	1573 	1327
f 1326 	1328 	1327
f 1303 	1302 	1305
f 1331 	1026 	1330
f 1330 	1332 	1331
f 1306 	1331 	1332
f 1332 	1330 	1329
f 1332 	1329 	1305
f 1997 	2139 	1048
f 1048 	1893 	1892
f 823 	818 	817
f 823 	819 	1334
f 822 	1334 	819
f 1334 	1135 	1333
f 1135 	826 	1333
f 825 	1333 	826
f 812 	815 	824
f 825 	815 	1333
f 816 	1333 	815
f 820 	1135 	1334
f 820 	1334 	821
f 821 	1334 	822
f 819 	823 	817
f 803 	1335 	1134
f 803 	1134 	457
f 801 	1336 	804
f 783 	782 	1138
f 784 	783 	1137
f 1138 	1137 	783
f 794 	1136 	795
f 1136 	1145 	795
f 1137 	1140 	784
f 779 	784 	1140
f 1337 	1338 	801
f 1142 	1339 	1140
f 1339 	1340 	1140
f 779 	1140 	1340
f 779 	1340 	797
f 1141 	1341 	1342
f 1141 	1342 	1142
f 1142 	1342 	1339
f 1340 	1337 	801
f 1340 	801 	797
f 1134 	1335 	1143
f 1343 	1143 	1335
f 1338 	1336 	801
f 803 	802 	1335
f 1343 	1346 	1143
f 1337 	804 	1338
f 798 	1340 	1339
f 798 	1339 	799
f 1344 	802 	1341
f 1342 	1341 	802
f 1343 	802 	1344
f 1343 	1335 	802
f 1345 	1343 	1344
f 1144 	1143 	1346
f 1345 	1346 	1343
f 1341 	1141 	1344
f 1141 	1144 	1344
f 1346 	1344 	1144
f 1344 	1346 	1345
f 799 	1339 	802
f 1342 	802 	1339
f 805 	768 	1145
f 795 	1145 	766
f 1340 	798 	804
f 1336 	1338 	804
f 1340 	804 	1337
f 810 	1146 	1347
f 810 	1347 	1348
f 811 	1350 	460
f 1352 	1350 	811
f 1351 	1369 	460
f 810 	1348 	811
f 1348 	1374 	811
f 1352 	1353 	1350
f 1351 	460 	1350
f 1147 	1354 	459
f 1349 	459 	1354
f 735 	739 	1355
f 739 	1349 	1355
f 1349 	1356 	1357
f 1149 	1354 	1150
f 1358 	1354 	1149
f 1354 	1358 	1349
f 1358 	1356 	1349
f 1359 	1152 	1151
f 1363 	1355 	1362
f 1361 	1362 	1355
f 1360 	1361 	1355
f 735 	1355 	1363
f 1355 	1349 	1360
f 1357 	1360 	1349
f 1365 	1153 	1364
f 1358 	1149 	1365
f 765 	738 	1359
f 1151 	765 	1359
f 1354 	1147 	1150
f 1153 	1152 	1364
f 1359 	1364 	1152
f 1153 	1365 	1149
f 1362 	1361 	739
f 1364 	738 	1361
f 1361 	1365 	1364
f 1360 	1358 	1365
f 1360 	1365 	1361
f 764 	763 	1363
f 764 	1363 	1362
f 1357 	1356 	1360
f 1358 	1360 	1356
f 460 	1369 	1148
f 1366 	1148 	1369
f 1368 	1369 	1367
f 1351 	1367 	1369
f 1366 	1370 	1148
f 1148 	1370 	1154
f 1370 	1368 	1154
f 1368 	1367 	1154
f 1371 	1154 	1367
f 1367 	1351 	1371
f 1371 	1372 	1154
f 1157 	1154 	1372
f 1350 	1156 	1351
f 1156 	1372 	1351
f 1155 	1372 	1156
f 1372 	1371 	1351
f 1366 	1369 	1370
f 1370 	1369 	1368
f 1155 	1157 	1372
f 1353 	1373 	1350
f 1156 	1350 	1373
f 1377 	1156 	1373
f 1377 	1373 	1163
f 1353 	1352 	1163
f 1353 	1163 	1373
f 1352 	811 	1376
f 1375 	1376 	811
f 1375 	811 	1374
f 1146 	1158 	1347
f 1375 	1160 	1376
f 1159 	1376 	1160
f 1377 	1162 	1161
f 1161 	1156 	1377
f 1160 	1375 	1164
f 1374 	1164 	1375
f 1163 	1162 	1377
f 1376 	1159 	1352
f 1163 	1352 	1159
f 1374 	1348 	1164
f 1158 	1164 	1348
f 1158 	1348 	1347
f 1381 	1556 	1380
f 1386 	1556 	1385
f 1383 	1384 	1556
f 1385 	1556 	1384
f 1391 	1557 	1390
f 1389 	1390 	1557
f 1389 	1557 	1388
f 1394 	1223 	1393
f 1389 	1395 	1396
f 1389 	1396 	1390
f 1393 	1397 	1394
f 1389 	1388 	1398
f 1389 	1398 	1395
f 1397 	1393 	1399
f 1392 	1399 	1393
f 1388 	1387 	1398
f 1391 	1390 	1396
f 1391 	1396 	1399
f 1391 	1399 	1392
f 1387 	1557 	1402
f 1401 	1402 	1557
f 1401 	1403 	1404
f 1401 	1404 	1402
f 1404 	1398 	1387
f 1404 	1387 	1402
f 1382 	1556 	1405
f 1381 	1405 	1556
f 1406 	1539 	1535
f 1874 	1543 	1555
f 1379 	1555 	1378
f 1382 	1383 	1556
f 1400 	1401 	1557
f 1386 	1400 	1557
f 1770 	266 	1769
f 271 	1775 	273
f 1776 	274 	273
f 278 	1753 	279
f 278 	1752 	1753
f 289 	1766 	290
f 1767 	1768 	290
f 1770 	1771 	267
f 1773 	269 	1772
f 268 	1772 	269
f 1772 	268 	1771
f 267 	1771 	268
f 1774 	270 	1773
f 269 	1773 	270
f 270 	1774 	271
f 1775 	271 	1774
f 1776 	273 	1775
f 1754 	279 	1753
f 1754 	280 	279
f 1780 	1703 	1779
f 1779 	1702 	1778
f 288 	1765 	289
f 1751 	276 	1750
f 275 	1750 	276
f 1751 	1752 	276
f 277 	276 	1752
f 277 	1752 	278
f 282 	1757 	283
f 1758 	283 	1757
f 281 	1756 	282
f 1758 	1759 	284
f 283 	1758 	284
f 1761 	947 	946
f 945 	1760 	946
f 951 	1789 	286
f 1041 	1328 	1325
f 1326 	1325 	1328
f 1935 	329 	1301
f 1046 	1021 	341
f 342 	341 	1021
f 1044 	1301 	1421
f 1421 	1317 	1044
f 1323 	1411 	1318
f 1319 	1318 	1411
f 1319 	1411 	1412
f 1324 	1320 	1321
f 334 	343 	1425
f 1430 	1425 	1433
f 1413 	335 	1415
f 335 	338 	1415
f 1414 	350 	1416
f 1415 	1414 	1416
f 2183 	327 	353
f 1416 	356 	1415
f 1413 	1415 	356
f 1996 	1878 	1047
f 330 	1047 	1878
f 2263 	1047 	340
f 342 	1021 	340
f 2263 	340 	1021
f 346 	1427 	1418
f 1418 	1417 	1419
f 1424 	354 	1418
f 1418 	1419 	1315
f 1420 	1301 	329
f 349 	1420 	329
f 355 	1422 	349
f 1420 	349 	1422
f 1420 	1422 	1421
f 1300 	1419 	1322
f 1423 	1322 	1419
f 1417 	1423 	1419
f 1317 	1421 	1424
f 1422 	1424 	1421
f 355 	354 	1422
f 1322 	1423 	1323
f 1411 	1323 	1423
f 1315 	1317 	1424
f 347 	1418 	354
f 1315 	1424 	1418
f 328 	357 	1428
f 363 	334 	1425
f 361 	363 	1430
f 363 	1425 	1430
f 328 	1428 	346
f 1427 	346 	1428
f 1426 	1427 	1428
f 348 	1433 	1425
f 343 	348 	1425
f 1423 	1417 	1426
f 1428 	548 	1429
f 1431 	551 	1430
f 1432 	1426 	1428
f 1434 	1436 	1432
f 1434 	1432 	1428
f 1434 	1428 	1429
f 1434 	1429 	1435
f 1431 	1430 	1433
f 1437 	1436 	1435
f 1417 	1418 	1427
f 1432 	1436 	1426
f 1427 	1426 	1417
f 1412 	1411 	1437
f 1436 	1437 	1411
f 1434 	1435 	1436
f 1423 	1426 	1436
f 1411 	1423 	1436
f 1464 	1440 	1439
f 1463 	1464 	1443
f 1439 	1443 	1464
f 1463 	1443 	1442
f 1449 	1447 	1452
f 1447 	1446 	1452
f 1451 	1446 	1444
f 1451 	1444 	1450
f 1451 	1452 	1446
f 1455 	1454 	1456
f 1452 	1456 	1454
f 1452 	1454 	1453
f 1452 	1453 	1449
f 1464 	1451 	1448
f 1448 	1445 	1464
f 1464 	1445 	1440
f 1463 	1442 	1441
f 1040 	1465 	1438
f 1458 	1459 	1460
f 1466 	1459 	1458
f 1460 	1459 	1466
f 718 	2356 	1461
f 1462 	1195 	585
f 588 	1204 	1462
f 2353 	2357 	582
f 582 	716 	1461
f 1040 	1039 	1469
f 1450 	1448 	1451
f 1441 	1438 	1463
f 1463 	1438 	1465
f 1466 	1458 	1460
f 1307 	1306 	1467
f 1468 	1312 	1467
f 581 	353 	715
f 1305 	1470 	1332
f 356 	1416 	352
f 1412 	1437 	829
f 1431 	1433 	551
f 551 	1433 	348
f 1429 	548 	1435
f 548 	547 	1435
f 547 	829 	1437
f 1435 	547 	1437
f 582 	1461 	583
f 585 	588 	1462
f 1467 	1469 	1468
f 1319 	1412 	1020
f 1020 	1412 	829
f 1036 	1324 	1035
f 1305 	1041 	1470
f 1467 	1332 	1470
f 1321 	1035 	1324
f 952 	951 	286
f 1473 	943 	1472
f 1471 	1472 	943
f 285 	943 	1473
f 942 	1471 	943
f 940 	258 	941
f 1298 	258 	940
f 260 	942 	258
f 258 	942 	941
f 1473 	1472 	264
f 259 	264 	1472
f 1471 	260 	259
f 1471 	259 	1472
f 1471 	942 	260
f 264 	285 	1473
f 940 	943 	1298
f 882 	883 	1475
f 881 	882 	1475
f 883 	885 	1474
f 1476 	842 	1479
f 1479 	1480 	1476
f 1480 	1481 	1476
f 832 	833 	1478
f 831 	832 	1478
f 833 	886 	1477
f 881 	1475 	1243
f 842 	831 	1479
f 1484 	325 	1475
f 1475 	1474 	1481
f 1482 	1484 	1475
f 1481 	1482 	1475
f 1474 	1476 	1481
f 1478 	1483 	1479
f 1480 	1479 	1483
f 1482 	1481 	1113
f 1482 	1113 	1484
f 1485 	1484 	1113
f 1487 	1485 	1113
f 1117 	1486 	1113
f 1487 	1113 	1486
f 1109 	1108 	1487
f 1486 	1109 	1487
f 917 	918 	1117
f 918 	1488 	1117
f 916 	917 	1117
f 325 	1484 	1107
f 1488 	918 	1106
f 922 	1106 	918
f 1107 	1484 	1108
f 1485 	1108 	1484
f 1485 	1487 	1108
f 1106 	1109 	1486
f 1106 	1486 	1488
f 909 	907 	1122
f 911 	910 	1123
f 1116 	1115 	1480
f 1481 	1480 	1115
f 1480 	1483 	1127
f 1480 	1127 	1116
f 1481 	1115 	1113
f 912 	913 	1114
f 916 	1117 	1114
f 908 	927 	1122
f 1118 	1489 	1119
f 912 	1114 	1123
f 935 	933 	1121
f 903 	935 	1121
f 285 	1111 	943
f 1489 	1120 	1119
f 1111 	94 	943
f 1511 	1534 	1477
f 1492 	886 	1491
f 886 	1490 	1491
f 1490 	886 	846
f 1493 	887 	1495
f 1494 	887 	1493
f 1496 	887 	1494
f 1499 	1500 	1498
f 1498 	1500 	1497
f 868 	1497 	1500
f 1518 	868 	1500
f 869 	870 	1497
f 1501 	1497 	870
f 868 	869 	1497
f 1503 	1502 	893
f 1504 	1505 	1842
f 893 	1842 	1503
f 1505 	1503 	1842
f 1836 	1497 	1501
f 1505 	1840 	1503
f 851 	888 	1495
f 1507 	1506 	888
f 1506 	1495 	888
f 1523 	1524 	1493
f 1493 	1524 	1494
f 1523 	1493 	1495
f 1506 	1529 	1495
f 1494 	1525 	1496
f 1508 	1490 	887
f 846 	887 	1490
f 1509 	1508 	887
f 1510 	1509 	887
f 1527 	1491 	1490
f 1508 	1526 	1490
f 1531 	1530 	1509
f 1509 	1530 	1508
f 1510 	1531 	1509
f 1491 	1527 	1492
f 1511 	1477 	886
f 1504 	1842 	1512
f 1513 	1514 	888
f 888 	1500 	1513
f 1507 	888 	1514
f 1517 	1492 	1516
f 886 	1492 	1517
f 886 	1517 	1511
f 1510 	887 	1496
f 1499 	1515 	1500
f 1515 	1513 	1500
f 888 	896 	1500
f 1518 	1500 	896
f 1516 	1519 	1520
f 1516 	1520 	1517
f 1505 	1504 	1840
f 1512 	1839 	1504
f 1498 	1497 	1835
f 1514 	1513 	1522
f 1521 	1522 	1513
f 1525 	1494 	1524
f 1527 	1490 	1526
f 1515 	1528 	1521
f 1515 	1521 	1513
f 1523 	1495 	1529
f 1508 	1530 	1526
f 1840 	1838 	1503
f 1503 	1838 	1502
f 1528 	1515 	1532
f 1515 	1499 	1532
f 1498 	1835 	1499
f 1514 	1522 	1533
f 1506 	1507 	1529
f 1533 	1529 	1507
f 1514 	1533 	1507
f 1510 	1496 	1531
f 1525 	1531 	1496
f 1516 	1492 	1519
f 1527 	1519 	1492
f 1534 	1511 	1520
f 1483 	1478 	1534
f 1478 	1477 	1534
f 1517 	1520 	1511
f 1521 	1128 	1522
f 1532 	1128 	1528
f 1521 	1528 	1128
f 1837 	1836 	1502
f 1532 	1499 	1835
f 2367 	1408 	1407
f 1536 	1220 	1535
f 1558 	1222 	1538
f 1536 	1535 	1539
f 1541 	1536 	1539
f 1537 	1541 	1540
f 1537 	1540 	1538
f 1536 	1541 	1537
f 1394 	1397 	871
f 871 	1406 	1394
f 1396 	1395 	871
f 1396 	871 	1399
f 1397 	1399 	871
f 1395 	1398 	871
f 1403 	1542 	1404
f 1398 	1404 	871
f 1542 	871 	1404
f 1539 	1406 	871
f 1541 	1539 	871
f 1541 	871 	1540
f 1545 	1555 	1544
f 1543 	1874 	1547
f 1548 	1549 	1874
f 1547 	1874 	1546
f 226 	1547 	1546
f 225 	1544 	226
f 2368 	224 	1410
f 1550 	1410 	224
f 2073 	236 	1549
f 1547 	226 	1543
f 2369 	1378 	1545
f 1381 	2370 	1405
f 2074 	1405 	2370
f 2371 	1385 	1384
f 1410 	1409 	2368
f 1545 	1544 	2369
f 225 	2369 	1544
f 2370 	1381 	1380
f 1550 	224 	1548
f 2073 	1549 	224
f 1543 	226 	1544
f 1378 	227 	1379
f 2074 	228 	1405
f 2371 	1384 	1383
f 1382 	1405 	228
f 1385 	2166 	1386
f 1378 	1555 	1545
f 1544 	1555 	1543
f 1546 	1874 	1549
f 1548 	1183 	1550
f 2373 	2368 	1409
f 2373 	1409 	2367
f 1552 	663 	1551
f 1408 	666 	1407
f 1553 	664 	1554
f 1553 	1407 	664
f 1379 	1212 	1555
f 1379 	1380 	1556
f 1387 	1388 	1557
f 1393 	1223 	1392
f 1226 	1225 	1557
f 1409 	1410 	1183
f 1550 	1183 	1410
f 1554 	2372 	1553
f 1554 	1552 	2366
f 2366 	1552 	1551
f 662 	663 	1552
f 1169 	1555 	1168
f 1212 	1379 	1556
f 1386 	1215 	1556
f 1219 	1557 	1218
f 1391 	1218 	1557
f 1218 	1391 	1223
f 1392 	1223 	1391
f 1227 	1214 	1556
f 1406 	1535 	1220
f 1559 	1222 	1558
f 1538 	1222 	1537
f 1536 	1537 	1220
f 1222 	1559 	1243
f 1561 	1243 	1560
f 1560 	1243 	1562
f 1540 	1563 	1538
f 1558 	1538 	1563
f 1560 	1564 	1561
f 1565 	1564 	1560
f 1562 	1565 	1560
f 1562 	1559 	1565
f 1563 	1565 	1559
f 1563 	1559 	1558
f 1406 	1220 	1221
f 1220 	1537 	1222
f 1562 	1243 	1559
f 1169 	1177 	1555
f 1177 	1176 	1555
f 1227 	1556 	1217
f 1219 	1228 	1557
f 1557 	1228 	1226
f 1223 	1394 	1221
f 1221 	1394 	1406
f 1561 	1564 	871
f 1540 	871 	1563
f 1563 	871 	1565
f 1565 	871 	1564
f 1566 	1182 	1569
f 1570 	1569 	1182
f 2051 	1025 	2048
f 1311 	2048 	1025
f 2323 	1329 	1026
f 1572 	2328 	1031
f 1302 	1031 	2328
f 2272 	1304 	1573
f 1325 	1573 	1304
f 1027 	1574 	1299
f 2282 	2283 	1029
f 1025 	1571 	1026
f 1025 	2051 	1571
f 1030 	2330 	1572
f 1030 	1572 	1031
f 1325 	1326 	1573
f 1027 	1032 	1574
f 1029 	1033 	2282
f 2330 	1030 	2323
f 1302 	2328 	1327
f 2331 	1327 	2328
f 2294 	1032 	2272
f 2295 	1320 	1299
f 1581 	1575 	1580
f 1578 	2287 	1584
f 1578 	1579 	2287
f 1580 	2287 	1579
f 2287 	1580 	1575
f 1575 	1581 	1028
f 2289 	1576 	1584
f 1577 	1579 	1578
f 1577 	1578 	1582
f 1577 	1582 	1583
f 1585 	1578 	1584
f 1578 	1585 	1586
f 1578 	1586 	1582
f 1583 	1582 	1587
f 1586 	1587 	1582
f 1592 	1934 	1020
f 2292 	1594 	2290
f 2271 	1593 	1594
f 1588 	1589 	1590
f 1588 	1590 	1591
f 2271 	1934 	1593
f 1576 	1595 	1596
f 1598 	1577 	1597
f 1584 	1576 	1596
f 1583 	1597 	1577
f 1598 	1597 	1587
f 1583 	1587 	1597
f 1588 	1599 	1600
f 1588 	1600 	1589
f 1590 	1601 	1591
f 1599 	1602 	1600
f 1602 	1601 	1590
f 1602 	1590 	1589
f 1602 	1589 	1600
f 2176 	2049 	1438
f 1439 	1440 	2314
f 1440 	1445 	2314
f 2312 	1444 	510
f 1447 	1948 	1446
f 1443 	1949 	1442
f 2312 	2321 	1444
f 2314 	1949 	1439
f 1449 	1453 	1948
f 1948 	1447 	1449
f 1604 	1937 	1603
f 1606 	1607 	1605
f 1608 	1609 	1605
f 1605 	1609 	1606
f 1612 	1613 	1611
f 1610 	1611 	1613
f 1610 	1613 	1614
f 1610 	1614 	1615
f 1610 	1615 	1616
f 1618 	1617 	1607
f 1605 	1607 	1617
f 1617 	1618 	1619
f 1617 	1619 	1620
f 1622 	1623 	1621
f 1605 	1621 	1623
f 1605 	1623 	1608
f 1621 	1624 	1622
f 1609 	2105 	1606
f 1624 	2106 	1622
f 2100 	2088 	1625
f 1617 	1620 	1625
f 1611 	1625 	1620
f 1611 	1620 	1626
f 1611 	1626 	1627
f 1611 	1627 	1628
f 1611 	1628 	1612
f 1619 	2104 	1620
f 1630 	1610 	1629
f 1616 	1629 	1610
f 1614 	855 	1615
f 1619 	1618 	2104
f 854 	846 	1616
f 854 	1616 	1615
f 1626 	1620 	2104
f 1631 	1632 	1633
f 1631 	1633 	1634
f 1631 	1634 	1635
f 2145 	2144 	1638
f 1635 	1636 	1631
f 1621 	1631 	1636
f 1621 	1636 	1637
f 1624 	1621 	1637
f 1636 	2143 	1637
f 1633 	2144 	1634
f 2134 	1636 	1635
f 2134 	1635 	1634
f 2085 	2084 	1605
f 2098 	2082 	1639
f 1639 	1644 	2098
f 1644 	1638 	2098
f 1638 	1632 	2098
f 1632 	1631 	2098
f 1631 	1621 	2098
f 2084 	2098 	1621
f 1621 	1605 	2084
f 1656 	1657 	1655
f 1659 	1660 	1658
f 1658 	1660 	1661
f 1656 	1655 	1669
f 1659 	1658 	1670
f 2167 	1670 	1658
f 2167 	1657 	1670
f 1660 	1671 	1661
f 1663 	1671 	1673
f 1673 	2057 	1663
f 1673 	1679 	1674
f 2056 	2055 	1664
f 2057 	2063 	1663
f 1662 	1663 	2063
f 1672 	1662 	2063
f 2063 	2056 	1672
f 1664 	1672 	2056
f 1262 	531 	1263
f 531 	534 	1263
f 1273 	1263 	534
f 532 	529 	1268
f 532 	1268 	1272
f 524 	1050 	1257
f 1257 	517 	524
f 1265 	535 	1264
f 1052 	1683 	1053
f 1683 	1054 	1053
f 1296 	2182 	1682
f 2316 	2185 	1052
f 1269 	535 	1265
f 1688 	1682 	1685
f 1684 	1682 	301
f 1685 	1682 	1684
f 536 	301 	1682
f 1686 	1687 	1688
f 1682 	1688 	1687
f 1690 	1682 	1689
f 1682 	1691 	1689
f 1687 	1692 	1691
f 1687 	1691 	1682
f 261 	1693 	272
f 1684 	272 	1693
f 1694 	1685 	1693
f 1684 	1693 	1685
f 1686 	1695 	1687
f 1684 	301 	272
f 1688 	1685 	1694
f 1695 	1696 	1687
f 1297 	1690 	262
f 1689 	262 	1690
f 1696 	1692 	1687
f 1697 	263 	1689
f 263 	262 	1689
f 1689 	1691 	1697
f 1691 	1688 	1697
f 1694 	1697 	1688
f 263 	1697 	261
f 1693 	261 	1697
f 1682 	1690 	1297
f 1693 	1697 	1694
f 1692 	1696 	1691
f 1688 	1691 	1696
f 1686 	1688 	1696
f 1686 	1696 	1695
f 1699 	535 	1698
f 1700 	535 	1699
f 1703 	535 	1702
f 296 	535 	1705
f 1704 	1705 	535
f 1702 	535 	1701
f 1700 	1701 	535
f 1704 	535 	1703
f 1270 	1698 	535
f 1269 	1270 	535
f 528 	293 	1270
f 1698 	1270 	293
f 1698 	293 	1699
f 1782 	296 	1705
f 1059 	1058 	650
f 541 	605 	1060
f 611 	1061 	546
f 611 	619 	1062
f 611 	1062 	1061
f 379 	543 	1060
f 650 	651 	1059
f 2212 	1095 	1063
f 649 	647 	1058
f 1068 	1707 	1069
f 1706 	1069 	1707
f 1070 	1709 	1055
f 1708 	1712 	1709
f 1712 	1055 	1709
f 1710 	1711 	1712
f 1055 	1712 	1711
f 1711 	1713 	1055
f 1056 	1055 	1713
f 645 	1057 	644
f 646 	644 	1714
f 1715 	1714 	1073
f 1714 	1057 	1073
f 1714 	644 	1057
f 655 	1058 	645
f 1057 	645 	1058
f 646 	1716 	575
f 1716 	1715 	575
f 1073 	575 	1715
f 646 	1714 	1716
f 1716 	1714 	1715
f 1717 	1718 	1720
f 1718 	1072 	1720
f 1072 	1056 	1720
f 1713 	1720 	1056
f 1713 	1719 	1720
f 1708 	1074 	1722
f 1721 	1722 	1074
f 1074 	1708 	1075
f 1709 	1075 	1708
f 1721 	1711 	1722
f 1723 	1711 	1721
f 1710 	1722 	1711
f 1722 	1712 	1708
f 1077 	1727 	1074
f 1070 	1075 	1709
f 1721 	1074 	1727
f 1712 	1722 	1710
f 1723 	1724 	1711
f 1725 	1726 	1713
f 1077 	1728 	1727
f 1076 	1728 	1077
f 1728 	1713 	1727
f 1725 	1713 	1728
f 1713 	1711 	1727
f 1724 	1727 	1711
f 1729 	1079 	1717
f 1718 	1717 	1078
f 1079 	1078 	1717
f 1726 	1719 	1713
f 1072 	1718 	1078
f 1730 	1720 	1725
f 1720 	1730 	1729
f 1720 	1729 	1717
f 1079 	1730 	1076
f 1728 	1076 	1730
f 1729 	1730 	1079
f 1719 	1726 	1720
f 1726 	1725 	1720
f 1721 	1727 	1724
f 1721 	1724 	1723
f 1728 	1730 	1725
f 1071 	1069 	1732
f 1706 	1731 	1069
f 1732 	1069 	1731
f 1068 	1080 	1707
f 1081 	1732 	1082
f 1731 	1082 	1732
f 1080 	1082 	1706
f 1707 	1080 	1706
f 1731 	1706 	1082
f 1081 	1071 	1732
f 1066 	1742 	1067
f 1733 	1734 	1735
f 1737 	1086 	1083
f 1748 	1749 	1736
f 1736 	1737 	1083
f 1734 	1739 	1738
f 1734 	1738 	1736
f 1733 	1740 	1734
f 1740 	1741 	1734
f 1741 	1739 	1734
f 1735 	2172 	1738
f 1738 	1741 	1735
f 1739 	1741 	1738
f 1733 	1735 	1741
f 1733 	1741 	1740
f 1066 	1744 	1742
f 1743 	1067 	1742
f 1066 	2232 	1744
f 1745 	1744 	2232
f 1735 	1736 	1747
f 1746 	1083 	1084
f 1736 	1083 	1746
f 1735 	1734 	1736
f 1747 	1736 	1746
f 1736 	1738 	1748
f 1737 	1736 	1749
f 1087 	1746 	1088
f 1087 	1747 	1746
f 2172 	1735 	1087
f 1747 	1087 	1735
f 1769 	265 	291
f 266 	1770 	267
f 265 	1769 	266
f 274 	1777 	275
f 1797 	1798 	293
f 292 	1797 	293
f 1702 	1779 	1703
f 1701 	1778 	1702
f 1780 	1704 	1703
f 1704 	1781 	1705
f 294 	1783 	295
f 1782 	1783 	296
f 294 	296 	1783
f 299 	1787 	300
f 1788 	288 	300
f 948 	1763 	949
f 287 	286 	1790
f 1790 	1791 	287
f 1797 	292 	1796
f 303 	1796 	292
f 1755 	280 	1754
f 288 	1788 	1765
f 1766 	289 	1765
f 1767 	290 	1766
f 291 	290 	1768
f 1768 	1769 	291
f 1777 	274 	1776
f 1750 	275 	1777
f 1788 	300 	1787
f 298 	1786 	299
f 280 	1755 	281
f 1756 	281 	1755
f 1757 	282 	1756
f 944 	284 	1759
f 1305 	1328 	1041
f 1452 	1451 	1800
f 1452 	1800 	1456
f 1457 	1456 	1800
f 1800 	1464 	1463
f 1800 	1463 	1465
f 1464 	1800 	1451
f 1467 	1470 	1469
f 67 	505 	68
f 1811 	1804 	506
f 67 	1806 	1801
f 1802 	1801 	1806
f 1817 	960 	1808
f 1803 	506 	1802
f 1811 	506 	1803
f 1805 	506 	1804
f 1807 	506 	1805
f 69 	1805 	1806
f 1804 	1806 	1805
f 1802 	1806 	1803
f 69 	1806 	67
f 2080 	1807 	239
f 1817 	1808 	57
f 1808 	1807 	57
f 69 	57 	1807
f 69 	1807 	1805
f 1810 	1811 	1803
f 1806 	1804 	1811
f 1806 	1810 	1809
f 1810 	1806 	1811
f 1810 	1813 	1809
f 1812 	1809 	1813
f 1813 	1810 	1803
f 1814 	1806 	1809
f 1814 	1809 	1812
f 1812 	1813 	1806
f 1812 	1806 	1814
f 1803 	1806 	1813
f 1816 	2060 	1815
f 1818 	960 	1817
f 57 	1815 	1818
f 57 	1818 	1817
f 70 	1816 	1815
f 1819 	1681 	1824
f 509 	2349 	1819
f 1822 	2058 	1821
f 1816 	1823 	2060
f 1826 	1944 	2059
f 1820 	2059 	1827
f 1824 	1974 	1819
f 1974 	509 	1819
f 1831 	1824 	1829
f 1822 	153 	1828
f 1830 	1831 	1829
f 1830 	1832 	1831
f 1829 	1824 	1828
f 1829 	155 	1830
f 1834 	154 	1833
f 154 	1820 	1833
f 1821 	1820 	154
f 1827 	1833 	1820
f 1826 	1825 	1834
f 1825 	1823 	1834
f 1816 	70 	1823
f 1834 	1823 	70
f 154 	1834 	70
f 1533 	1126 	1529
f 1523 	1529 	1126
f 1524 	1523 	1126
f 1835 	1497 	1836
f 1501 	1502 	1836
f 1837 	1502 	1838
f 1840 	58 	1838
f 1836 	1130 	1835
f 1838 	1130 	1837
f 1836 	1837 	1130
f 1526 	1530 	1125
f 1531 	1525 	1125
f 1530 	1531 	1125
f 1524 	1126 	1525
f 1126 	1125 	1525
f 1840 	1504 	1839
f 1839 	1873 	58
f 1840 	1839 	58
f 1534 	1520 	1519
f 1519 	1527 	1125
f 1124 	1519 	1125
f 1534 	1519 	1124
f 1526 	1125 	1527
f 1483 	1534 	1124
f 1532 	1129 	1128
f 1533 	1522 	1128
f 1129 	1532 	1130
f 1835 	1130 	1532
f 1128 	1126 	1533
f 1869 	1868 	1132
f 1869 	1132 	60
f 59 	1870 	60
f 1838 	58 	1130
f 1124 	1127 	1483
f 2375 	1133 	1131
f 2111 	2109 	2110
f 897 	1842 	900
f 893 	895 	1842
f 894 	1842 	895
f 1846 	1842 	1843
f 1844 	1842 	1846
f 1848 	1843 	1842
f 1842 	1844 	1845
f 1842 	1845 	1847
f 1842 	1847 	1512
f 1861 	1849 	1862
f 2110 	2108 	1841
f 2338 	2339 	1853
f 1852 	2338 	1853
f 1854 	1855 	2340
f 1857 	1858 	1856
f 898 	899 	1858
f 897 	898 	1858
f 1860 	1861 	1862
f 1859 	1860 	1862
f 1862 	1857 	1859
f 1865 	1863 	1857
f 1863 	1859 	1857
f 1864 	1865 	1857
f 1856 	1864 	1857
f 1858 	1842 	897
f 1642 	2156 	901
f 1857 	1862 	1848
f 1842 	1858 	1857
f 1842 	1857 	1848
f 1867 	1843 	1866
f 1844 	1868 	1869
f 1870 	1845 	1869
f 1844 	1869 	1845
f 1846 	1871 	1868
f 1846 	1868 	1844
f 1847 	1872 	1873
f 1873 	1839 	1512
f 1847 	1873 	1512
f 1871 	1846 	1867
f 1843 	1867 	1846
f 1872 	1847 	1870
f 1845 	1870 	1847
f 1866 	1132 	1867
f 1868 	1871 	1132
f 1867 	1132 	1871
f 1853 	2157 	1852
f 2021 	231 	1570
f 1903 	2038 	1570
f 1569 	2365 	1566
f 1568 	2366 	1551
f 238 	2367 	1553
f 1567 	663 	1566
f 1551 	663 	1568
f 1568 	663 	1567
f 1548 	1874 	1183
f 1408 	1409 	1183
f 1555 	1171 	1874
f 1183 	1874 	1171
f 332 	333 	331
f 1875 	1878 	1876
f 1877 	1876 	1879
f 331 	1878 	1875
f 1878 	331 	333
f 1879 	1876 	1878
f 1882 	1881 	1884
f 1881 	1880 	1884
f 1884 	1888 	1882
f 1885 	1886 	1887
f 1888 	1885 	1882
f 1889 	1890 	1891
f 1879 	1892 	1877
f 1890 	1893 	1891
f 1892 	1893 	1877
f 1996 	233 	1878
f 327 	2183 	1875
f 1889 	1891 	1894
f 1895 	1894 	1891
f 1897 	1900 	1899
f 1896 	1897 	1899
f 1898 	1883 	1880
f 1898 	1899 	1900
f 1884 	1880 	1883
f 1900 	1883 	1898
f 1902 	1181 	1901
f 1181 	1902 	1182
f 1903 	1182 	1902
f 1908 	1909 	1907
f 1210 	1208 	1905
f 1909 	1910 	1907
f 1209 	1906 	1904
f 1905 	1209 	1904
f 1910 	1904 	1906
f 1911 	1912 	1181
f 1901 	1181 	1913
f 1913 	1181 	1912
f 1911 	1181 	1184
f 1905 	1184 	1210
f 1914 	1915 	1184
f 1905 	1914 	1184
f 1911 	1184 	1916
f 1915 	1916 	1184
f 1882 	1885 	1887
f 1887 	1886 	1917
f 1907 	1917 	1908
f 1908 	1917 	1886
f 1023 	1886 	1885
f 140 	147 	1013
f 141 	1918 	148
f 1014 	1919 	1918
f 1014 	1918 	141
f 147 	149 	1920
f 147 	1920 	1013
f 1014 	1013 	1919
f 1920 	1919 	1013
f 149 	148 	1920
f 1918 	1920 	148
f 1920 	1918 	1919
f 134 	146 	1012
f 145 	975 	136
f 1011 	1012 	138
f 146 	138 	1012
f 1922 	126 	1921
f 386 	126 	1922
f 126 	128 	1921
f 1923 	388 	386
f 1922 	1924 	1923
f 1922 	1923 	386
f 1933 	1924 	1921
f 1927 	1933 	1921
f 1923 	1924 	1933
f 1926 	1927 	128
f 1925 	1926 	128
f 1927 	1921 	128
f 1928 	128 	387
f 1929 	128 	1928
f 128 	1929 	1925
f 1926 	1931 	1930
f 389 	1927 	390
f 1926 	1930 	1927
f 1930 	390 	1927
f 391 	1928 	387
f 1932 	1929 	392
f 391 	392 	1929
f 391 	1929 	1928
f 1931 	1926 	1932
f 1929 	1932 	1926
f 1929 	1926 	1925
f 390 	1930 	392
f 1932 	392 	1930
f 1932 	1930 	1931
f 1927 	389 	1933
f 1922 	1921 	1924
f 393 	1933 	389
f 388 	1923 	393
f 1933 	393 	1923
f 1935 	1020 	1934
f 1936 	1603 	1937
f 1455 	1947 	1454
f 1938 	1947 	1455
f 1939 	1947 	1938
f 1456 	1938 	1455
f 1017 	1939 	1940
f 1841 	1851 	2131
f 1941 	1946 	1940
f 1945 	1946 	1941
f 1941 	1940 	1457
f 1940 	1939 	1457
f 1939 	1938 	1457
f 1456 	1457 	1938
f 1827 	2059 	1944
f 1943 	1944 	1826
f 1827 	1944 	1833
f 1834 	1833 	1943
f 1944 	1943 	1833
f 1943 	1826 	1834
f 2306 	1946 	1942
f 1941 	1971 	1945
f 1018 	1453 	1454
f 2131 	953 	1841
f 1446 	510 	1444
f 2308 	1939 	1017
f 1017 	1940 	1946
f 1018 	1454 	1947
f 901 	899 	1642
f 510 	1446 	1948
f 2321 	2313 	1448
f 2322 	511 	1949
f 2176 	1438 	511
f 511 	1438 	1441
f 1441 	1442 	1949
f 511 	1441 	1949
f 2137 	1861 	1860
f 1945 	1942 	1946
f 2308 	1947 	1939
f 1859 	1863 	2137
f 1860 	1859 	2137
f 2149 	2138 	1849
f 1448 	1450 	2321
f 1450 	1444 	2321
f 1443 	1439 	1949
f 1457 	1971 	1941
f 1952 	1465 	1040
f 1952 	1040 	1469
f 1950 	63 	62
f 1953 	1950 	62
f 1954 	1034 	1036
f 1954 	1041 	1034
f 2306 	1942 	1016
f 1960 	1016 	1942
f 64 	420 	2381
f 1956 	65 	1955
f 2269 	1965 	1966
f 1968 	1965 	2269
f 1966 	1965 	1967
f 1965 	1968 	1972
f 1967 	1969 	1966
f 1942 	1945 	1971
f 2269 	2270 	1958
f 1961 	1016 	1960
f 1951 	1953 	62
f 1959 	1962 	1015
f 1015 	1962 	1970
f 1963 	1970 	1962
f 1016 	1961 	512
f 1964 	512 	1961
f 1970 	1963 	1957
f 1663 	1662 	2347
f 512 	1964 	1959
f 1958 	1968 	2269
f 1966 	1969 	2269
f 1972 	1967 	1965
f 1960 	1942 	1971
f 1672 	1664 	2127
f 2127 	2112 	1672
f 1815 	57 	70
f 1821 	154 	1822
f 153 	1822 	154
f 1974 	150 	118
f 1975 	1976 	1977
f 118 	509 	1974
f 1978 	1983 	1979
f 1984 	1978 	1980
f 1984 	1983 	1978
f 2349 	961 	956
f 1987 	956 	961
f 1975 	1985 	1976
f 1976 	1986 	1977
f 1976 	1985 	1986
f 1676 	955 	1981
f 1989 	19 	1981
f 18 	19 	1987
f 509 	18 	961
f 1987 	961 	18
f 1988 	1987 	19
f 1989 	1988 	19
f 1829 	1828 	153
f 155 	1974 	1830
f 155 	1829 	153
f 155 	150 	1974
f 1832 	1830 	1974
f 1824 	1831 	1974
f 1832 	1974 	1831
f 1675 	1679 	1659
f 1659 	1670 	1676
f 1660 	1659 	1679
f 1671 	1660 	1679
f 1679 	1673 	1671
f 1676 	1675 	1659
f 12 	1990 	14
f 1990 	1982 	14
f 14 	1981 	19
f 1982 	1981 	14
f 13 	1674 	12
f 1681 	1678 	1669
f 1656 	1669 	1678
f 1669 	1654 	1681
f 1654 	1653 	1681
f 1678 	1677 	1656
f 2058 	1681 	1653
f 2059 	2058 	1653
f 1653 	1668 	2059
f 1668 	1651 	2064
f 1651 	1652 	2064
f 1652 	1667 	2061
f 1667 	1650 	2061
f 1643 	2065 	1650
f 969 	1647 	1648
f 1649 	969 	1648
f 430 	2126 	1665
f 11 	1991 	10
f 1991 	1992 	10
f 15 	10 	1992
f 15 	1992 	16
f 1 	979 	8
f 969 	1649 	1166
f 858 	872 	1630
f 1610 	1603 	1611
f 1603 	1625 	1611
f 1603 	1610 	1604
f 1998 	1999 	1997
f 1998 	1997 	1048
f 1604 	1610 	1630
f 1022 	2002 	2001
f 2000 	2001 	2002
f 2006 	2003 	2005
f 2004 	2005 	2003
f 1603 	1936 	1625
f 2008 	229 	2007
f 2010 	395 	2009
f 139 	1165 	142
f 2012 	142 	1165
f 2013 	230 	2011
f 2014 	2015 	2016
f 2019 	2020 	2023
f 231 	2021 	2022
f 2026 	2027 	2024
f 971 	972 	2024
f 2026 	2024 	972
f 2029 	1998 	233
f 1048 	233 	1998
f 973 	2052 	2030
f 2031 	2002 	1049
f 2000 	2002 	2031
f 2004 	2003 	2032
f 2055 	2054 	974
f 957 	974 	2054
f 2007 	2362 	2033
f 2011 	2363 	2036
f 2034 	1165 	2035
f 2039 	2014 	2016
f 2039 	2016 	975
f 2025 	232 	2040
f 2365 	2040 	232
f 2039 	1166 	2014
f 2041 	2019 	2023
f 976 	2041 	2023
f 233 	1996 	2029
f 1999 	2031 	1997
f 1049 	1997 	2031
f 977 	2042 	972
f 2026 	972 	2042
f 2032 	1022 	2001
f 2042 	2020 	1166
f 978 	2043 	973
f 2052 	973 	2043
f 2005 	2033 	2006
f 2362 	2006 	2033
f 2055 	974 	2062
f 2363 	229 	2036
f 2037 	230 	2013
f 1166 	2035 	1165
f 1165 	2034 	2044
f 2035 	2039 	975
f 1166 	2039 	2035
f 2022 	2040 	231
f 2365 	231 	2040
f 2041 	976 	2015
f 2041 	2015 	1166
f 2015 	2014 	1166
f 2046 	234 	2045
f 2020 	2042 	977
f 2020 	2019 	1166
f 2019 	2041 	1166
f 1312 	2047 	2048
f 978 	2024 	2043
f 2027 	2043 	2024
f 1166 	1649 	2043
f 2027 	1166 	2043
f 2027 	2026 	1166
f 2026 	2042 	1166
f 1039 	2049 	1024
f 2045 	1024 	2049
f 1312 	1313 	2047
f 2013 	2011 	2314
f 2324 	1571 	2051
f 142 	2012 	143
f 2044 	143 	2012
f 1165 	2044 	2012
f 2030 	2052 	2053
f 1039 	1040 	2049
f 2055 	2056 	2054
f 2314 	2313 	2013
f 2037 	2013 	2313
f 2313 	2321 	2037
f 2057 	1674 	958
f 1673 	1674 	2057
f 2055 	2062 	1664
f 2007 	2033 	2176
f 2008 	2007 	2176
f 2049 	2176 	2033
f 1815 	2060 	2061
f 2053 	2052 	1648
f 2063 	2057 	958
f 2047 	2050 	2001
f 2048 	2047 	2001
f 2001 	2000 	2048
f 2000 	2031 	2048
f 2051 	2048 	2031
f 2031 	1999 	2051
f 2324 	2051 	1999
f 2325 	2324 	1999
f 1999 	1998 	2325
f 1998 	2029 	2325
f 2330 	2325 	2029
f 2029 	1996 	2330
f 2326 	2330 	1996
f 2327 	2326 	1996
f 1995 	2327 	1996
f 2028 	2327 	1995
f 1994 	2331 	2028
f 2060 	1823 	2064
f 2011 	2036 	2314
f 2322 	2314 	2036
f 2036 	2008 	2322
f 2315 	2322 	2008
f 2032 	2001 	2050
f 2176 	2315 	2008
f 2067 	2068 	2066
f 2030 	2053 	2062
f 2070 	2071 	2069
f 2071 	2072 	2069
f 2066 	2069 	2072
f 2066 	2072 	2073
f 2066 	2073 	2067
f 1649 	1648 	2052
f 2093 	2092 	2075
f 2056 	2063 	2054
f 1647 	1666 	2053
f 2052 	2043 	1649
f 1648 	1647 	2053
f 1665 	1664 	2062
f 1666 	1665 	2062
f 2062 	2053 	1666
f 1680 	1676 	1670
f 2069 	2092 	2077
f 2069 	2077 	2078
f 2069 	2078 	2070
f 1825 	2059 	2064
f 1677 	1680 	1656
f 1657 	1656 	1680
f 1670 	1657 	1680
f 2060 	1652 	2061
f 2061 	1650 	2065
f 2059 	1668 	2064
f 2064 	1652 	2060
f 2079 	2080 	239
f 225 	2070 	2078
f 1801 	240 	2082
f 2083 	2153 	2320
f 2084 	2085 	241
f 502 	241 	2085
f 2068 	2089 	2066
f 2086 	2066 	2089
f 2086 	2089 	2090
f 2086 	2090 	2091
f 2159 	2075 	2092
f 2092 	2093 	2094
f 2065 	2079 	239
f 2094 	2076 	2092
f 2076 	2077 	2092
f 241 	2098 	2084
f 1843 	2334 	1866
f 2079 	2065 	1643
f 2080 	2079 	1646
f 1643 	1646 	2079
f 2098 	507 	2082
f 2097 	2080 	1641
f 1642 	1641 	2080
f 1646 	1642 	2080
f 2081 	2097 	1645
f 1641 	1645 	2097
f 1852 	2157 	1851
f 1605 	1617 	2099
f 2099 	2085 	1605
f 1640 	1639 	2082
f 2082 	2081 	1640
f 1645 	1640 	2081
f 394 	397 	2009
f 2009 	2096 	2010
f 2095 	2100 	1625
f 2096 	2095 	1625
f 2088 	2087 	1617
f 2087 	2099 	1617
f 2010 	2096 	1625
f 1617 	1625 	2088
f 2010 	1625 	1936
f 1969 	85 	2269
f 2010 	2269 	85
f 1872 	1870 	59
f 1869 	60 	1870
f 1873 	1872 	59
f 872 	871 	1604
f 1937 	1604 	871
f 2157 	2131 	1851
f 845 	1616 	846
f 2128 	1863 	1865
f 1613 	856 	1614
f 2150 	1853 	1855
f 1865 	1864 	2128
f 2101 	1607 	879
f 878 	877 	2102
f 2148 	2137 	1863
f 2104 	2101 	852
f 2150 	2157 	1853
f 59 	58 	1873
f 1856 	901 	2156
f 1612 	847 	1613
f 1852 	1851 	2338
f 852 	851 	2104
f 1607 	2105 	879
f 1841 	2107 	1851
f 2106 	874 	2102
f 2116 	867 	880
f 2143 	2116 	2113
f 2115 	2118 	2114
f 2118 	2119 	2114
f 2114 	2119 	2117
f 2113 	2106 	2143
f 869 	868 	2116
f 2112 	2117 	2119
f 2120 	870 	2123
f 2122 	2117 	2127
f 2112 	2127 	2117
f 414 	2121 	2126
f 430 	419 	2126
f 422 	2383 	2121
f 2111 	2132 	2130
f 2129 	2130 	2132
f 2111 	2130 	2109
f 2113 	874 	2106
f 2134 	2123 	869
f 870 	869 	2123
f 2154 	2124 	2135
f 2135 	895 	2120
f 895 	893 	2120
f 899 	2136 	1641
f 1645 	1641 	2136
f 898 	2136 	899
f 2131 	2158 	1655
f 869 	2116 	2134
f 1636 	2134 	2116
f 898 	2125 	2136
f 2355 	1887 	1917
f 2355 	1917 	1907
f 1906 	2358 	1907
f 1881 	717 	1880
f 1209 	2359 	1906
f 1629 	845 	858
f 855 	1614 	856
f 850 	849 	1626
f 2140 	2141 	1896
f 1899 	2140 	1896
f 1891 	2139 	2141
f 1896 	2141 	2139
f 1890 	1877 	1893
f 2139 	1891 	1893
f 1624 	2143 	2106
f 1628 	847 	1612
f 2102 	1623 	2106
f 858 	1630 	1629
f 849 	1627 	1626
f 2102 	2142 	1623
f 1608 	1623 	2142
f 849 	848 	1627
f 2101 	2104 	1618
f 1608 	2142 	1609
f 2105 	1609 	2142
f 1607 	1606 	2105
f 1623 	1622 	2106
f 2101 	1618 	1607
f 2102 	2103 	2142
f 2103 	2105 	2142
f 850 	1626 	2104
f 1632 	1638 	2144
f 1633 	1632 	2144
f 2147 	2146 	1640
f 1624 	1637 	2143
f 2134 	1634 	2144
f 1902 	2018 	1903
f 2145 	1638 	1644
f 2147 	1640 	1645
f 2355 	1907 	2358
f 2116 	2143 	1636
f 2140 	2352 	2141
f 2120 	2144 	2145
f 2120 	2123 	2144
f 2125 	2124 	2146
f 1882 	1887 	718
f 2140 	1899 	2352
f 1899 	1898 	2353
f 1639 	1640 	2146
f 2125 	2146 	2147
f 1891 	2141 	1895
f 1650 	2148 	1643
f 1643 	2148 	2128
f 227 	2093 	2075
f 1651 	2149 	1652
f 1654 	2150 	1653
f 2076 	2094 	227
f 227 	2094 	2093
f 2155 	2152 	2320
f 2091 	2151 	2086
f 2083 	2086 	2151
f 2083 	2151 	238
f 2367 	238 	2151
f 2090 	2373 	2091
f 2153 	2155 	2320
f 2153 	2083 	238
f 224 	235 	2068
f 2089 	2068 	235
f 2123 	2134 	2144
f 1639 	2146 	1644
f 2154 	1644 	2146
f 2124 	2154 	2146
f 235 	2090 	2089
f 225 	2078 	2077
f 2156 	1646 	1643
f 2156 	1643 	2128
f 2091 	2373 	2151
f 1667 	1652 	2137
f 2068 	2067 	224
f 2073 	224 	2067
f 2138 	1668 	1653
f 2071 	2070 	225
f 2158 	2131 	2157
f 2086 	2083 	2320
f 2152 	2025 	2320
f 2025 	2040 	2320
f 2040 	2022 	2320
f 1669 	1655 	2158
f 2160 	2075 	2159
f 2161 	2074 	2160
f 2074 	2075 	2160
f 2162 	2163 	2164
f 2162 	2164 	2165
f 2162 	2165 	2166
f 2166 	2168 	2162
f 2168 	2169 	2162
f 2160 	2162 	2169
f 2160 	2169 	2170
f 2160 	2170 	2161
f 2164 	1401 	2165
f 2170 	228 	2161
f 1400 	2166 	2165
f 2145 	1644 	2154
f 2135 	2145 	2154
f 1401 	2164 	1403
f 1749 	1748 	2171
f 1737 	2172 	2173
f 1737 	2173 	1089
f 1086 	1737 	1089
f 1746 	1084 	1088
f 2173 	1090 	1089
f 1400 	1386 	2166
f 2172 	1087 	1090
f 2173 	2172 	1090
f 2171 	2172 	1737
f 2171 	1737 	1749
f 2172 	2171 	1738
f 1748 	1738 	2171
f 2175 	2177 	2174
f 1743 	2174 	2177
f 1743 	2177 	1085
f 1067 	1743 	1085
f 2244 	2178 	1745
f 1092 	1091 	2179
f 2175 	2179 	1091
f 2175 	1091 	2177
f 1890 	1889 	713
f 1894 	2354 	1889
f 1979 	1973 	1978
f 2189 	2188 	2182
f 350 	331 	2183
f 2184 	2185 	2186
f 2186 	2187 	2184
f 1895 	2141 	1894
f 2247 	2259 	1105
f 1973 	1980 	1978
f 1890 	714 	1877
f 2181 	2182 	2188
f 2189 	2182 	2190
f 2188 	2191 	2192
f 2189 	2193 	2191
f 2189 	2191 	2188
f 2190 	1296 	2195
f 2194 	2195 	1296
f 2196 	2189 	2195
f 2190 	2195 	2189
f 2196 	2193 	2189
f 2191 	2195 	2194
f 2191 	2194 	2192
f 2182 	1296 	2190
f 2193 	2196 	2191
f 2195 	2191 	2196
f 1022 	1883 	1900
f 2199 	2178 	2180
f 2244 	2180 	2178
f 2197 	2200 	2201
f 2197 	2201 	2202
f 2204 	2197 	2203
f 2205 	2197 	2204
f 2200 	2197 	2205
f 1743 	1093 	2174
f 1742 	1093 	1743
f 1093 	1092 	2174
f 2179 	2174 	1092
f 2201 	2206 	2202
f 2175 	2174 	2179
f 1091 	1085 	2177
f 2204 	2214 	2205
f 1742 	1744 	1093
f 2259 	1093 	1744
f 2201 	2200 	2206
f 2207 	2206 	2200
f 2207 	2200 	2205
f 2199 	2248 	1745
f 2199 	1745 	2178
f 2203 	2197 	2208
f 2198 	2208 	2197
f 2211 	2198 	2210
f 2209 	2210 	2198
f 2208 	2198 	2211
f 1094 	2212 	1063
f 2214 	2204 	2213
f 2203 	2213 	2204
f 2209 	2216 	2210
f 2207 	2205 	2214
f 1096 	2215 	1064
f 2211 	2210 	2217
f 2216 	2217 	2210
f 1098 	2218 	1099
f 1101 	2227 	1065
f 2203 	2208 	2213
f 2217 	2213 	2208
f 2217 	2208 	2211
f 2227 	1102 	1065
f 2225 	2219 	2220
f 2219 	2221 	2220
f 2218 	1100 	1099
f 2221 	79 	2220
f 2215 	1096 	2187
f 2215 	1097 	1064
f 2225 	2235 	2224
f 2212 	1094 	2187
f 2234 	2246 	2224
f 2184 	2187 	1683
f 1098 	1097 	80
f 2228 	2229 	2223
f 2229 	71 	2223
f 2223 	2231 	2228
f 2230 	2228 	2231
f 2233 	2224 	2237
f 2234 	2224 	2233
f 2236 	2224 	2235
f 2237 	2224 	2236
f 2239 	2235 	2225
f 2238 	2239 	2225
f 2240 	2235 	2239
f 2232 	1066 	1103
f 2242 	76 	2241
f 2236 	2243 	2242
f 2236 	2242 	2241
f 2236 	2241 	2237
f 2237 	2241 	2233
f 75 	2233 	2241
f 1745 	2232 	2244
f 2240 	2243 	2236
f 2240 	2236 	2235
f 2245 	2244 	2232
f 2238 	79 	2239
f 79 	76 	2239
f 2242 	2243 	2239
f 2240 	2239 	2243
f 1104 	2247 	1105
f 2246 	2252 	2224
f 2249 	2245 	2248
f 2251 	2252 	2246
f 2252 	2253 	2224
f 2253 	2231 	2224
f 2223 	2224 	2231
f 2244 	2249 	2254
f 2220 	2238 	2225
f 2250 	2248 	2245
f 2245 	2249 	2244
f 2229 	72 	71
f 2253 	2255 	74
f 2253 	74 	73
f 2252 	2256 	2255
f 2252 	2255 	2253
f 75 	2241 	76
f 73 	77 	2257
f 73 	2257 	2253
f 2230 	2231 	2257
f 2253 	2257 	2231
f 75 	78 	2233
f 2251 	2256 	2252
f 2220 	79 	2238
f 2254 	2258 	2244
f 2228 	2257 	77
f 2228 	77 	72
f 2228 	72 	2229
f 2180 	2244 	2258
f 2234 	78 	2246
f 2233 	78 	2234
f 78 	74 	2246
f 2255 	2246 	74
f 2242 	2239 	76
f 2227 	1101 	80
f 2257 	2228 	2230
f 2256 	2251 	2246
f 2256 	2246 	2255
f 1104 	1093 	2259
f 1104 	2259 	2247
f 2222 	2260 	80
f 2222 	2226 	2260
f 2248 	2259 	1745
f 1744 	1745 	2259
f 2250 	2259 	2248
f 2248 	2199 	2249
f 2180 	2249 	2199
f 2250 	2245 	2259
f 2258 	2254 	2180
f 2249 	2180 	2254
f 1105 	2259 	82
f 2232 	2259 	2245
f 1101 	1100 	80
f 2261 	2260 	2226
f 2262 	2261 	81
f 540 	172 	156
f 173 	174 	156
f 2226 	81 	2261
f 82 	2262 	81
f 82 	2261 	2262
f 161 	162 	156
f 1755 	1754 	94
f 158 	156 	157
f 159 	156 	158
f 160 	161 	156
f 247 	2188 	252
f 830 	156 	162
f 163 	830 	162
f 252 	2192 	250
f 164 	1112 	163
f 165 	1112 	164
f 167 	1112 	166
f 159 	160 	156
f 168 	1112 	167
f 169 	1112 	168
f 2192 	2194 	250
f 248 	250 	2194
f 1296 	248 	2194
f 166 	1112 	165
f 171 	540 	170
f 172 	540 	171
f 1777 	1776 	247
f 173 	156 	172
f 1750 	1777 	247
f 176 	156 	175
f 175 	156 	174
f 1752 	1751 	247
f 177 	178 	156
f 177 	156 	176
f 178 	179 	156
f 1751 	1750 	247
f 1753 	1752 	94
f 247 	94 	1752
f 1754 	1753 	94
f 157 	156 	179
f 1756 	1755 	94
f 1757 	1756 	94
f 1758 	1757 	94
f 181 	182 	538
f 182 	183 	538
f 1759 	1758 	94
f 1760 	1759 	94
f 183 	184 	538
f 1762 	1761 	94
f 1761 	1760 	94
f 1763 	1762 	94
f 540 	538 	186
f 187 	540 	186
f 185 	186 	538
f 1764 	1763 	94
f 170 	540 	187
f 1788 	2181 	1765
f 696 	1112 	695
f 695 	1112 	169
f 1766 	2188 	1767
f 1767 	2188 	1768
f 1274 	1112 	703
f 702 	1112 	701
f 700 	1112 	699
f 701 	1112 	700
f 1769 	2188 	1770
f 1768 	2188 	1769
f 705 	538 	704
f 1771 	2188 	1772
f 2192 	252 	2188
f 1770 	2188 	1771
f 2181 	2188 	1766
f 706 	538 	705
f 707 	538 	706
f 2188 	247 	1773
f 1772 	2188 	1773
f 708 	538 	707
f 709 	538 	708
f 1775 	1774 	247
f 1774 	1773 	247
f 1776 	1775 	247
f 711 	538 	710
f 539 	538 	711
f 180 	181 	538
f 538 	539 	712
f 1275 	1112 	1274
f 830 	163 	1112
f 1276 	1112 	1275
f 1277 	1112 	1276
f 703 	1112 	702
f 1780 	2181 	1781
f 1278 	1112 	1277
f 1784 	2181 	1785
f 1783 	2181 	1784
f 1782 	2181 	1783
f 1288 	1294 	1279
f 1278 	1279 	1112
f 2181 	1787 	1786
f 1786 	1785 	2181
f 1283 	1294 	1282
f 1285 	1294 	1284
f 1787 	2181 	1788
f 1766 	1765 	2181
f 2017 	2037 	2312
f 2321 	2312 	2037
f 88 	1764 	94
f 2320 	2310 	2086
f 1789 	88 	94
f 1046 	1993 	1994
f 1792 	1791 	83
f 1789 	94 	1790
f 94 	83 	1790
f 1791 	1790 	83
f 2263 	1995 	1047
f 2028 	1995 	2263
f 1793 	1792 	83
f 2028 	2263 	1994
f 1046 	1935 	1993
f 1937 	1542 	2163
f 1403 	2163 	1542
f 1980 	1973 	1794
f 2159 	1936 	2160
f 1936 	1937 	2162
f 1795 	1794 	1973
f 2162 	1937 	2163
f 2160 	1936 	2162
f 1796 	1795 	1973
f 1793 	83 	2264
f 2265 	2264 	83
f 1936 	2159 	2010
f 2267 	2265 	83
f 1957 	1958 	2270
f 1592 	1593 	1934
f 2326 	2328 	1572
f 1573 	2329 	2272
f 2266 	2267 	83
f 2274 	1574 	2277
f 2274 	2277 	2278
f 2276 	2300 	83
f 1299 	1574 	2274
f 1028 	1029 	2283
f 2280 	2281 	1980
f 2289 	1584 	2287
f 2288 	2289 	2287
f 1595 	2290 	1594
f 2291 	2292 	2290
f 1934 	2292 	2291
f 1980 	2281 	2279
f 2284 	2280 	1980
f 1574 	2294 	2277
f 2285 	2286 	1980
f 2278 	2277 	1935
f 2296 	2288 	2287
f 2296 	2287 	1575
f 2296 	2283 	1935
f 2285 	1980 	2293
f 2297 	2291 	2290
f 2297 	2290 	1576
f 1794 	2293 	1980
f 2290 	1595 	1576
f 1935 	1934 	2291
f 1935 	2291 	2297
f 2268 	83 	2299
f 2299 	83 	2298
f 2300 	2298 	83
f 83 	1980 	2276
f 2275 	2276 	1980
f 2273 	2294 	2272
f 2284 	1980 	2286
f 2278 	2295 	2274
f 1299 	2274 	2295
f 2268 	2266 	83
f 2279 	2275 	1980
f 2277 	2294 	1935
f 2294 	2273 	1935
f 1993 	1935 	2273
f 2296 	1575 	2283
f 1028 	2283 	1575
f 2288 	2296 	1935
f 2283 	2282 	1935
f 2282 	2295 	1935
f 2295 	2278 	1935
f 2289 	2297 	1576
f 1935 	2297 	2289
f 1935 	2289 	2288
f 1594 	2292 	2271
f 2271 	2292 	1934
f 2315 	511 	2322
f 86 	85 	83
f 86 	87 	85
f 87 	84 	85
f 2301 	1015 	2304
f 2269 	2159 	2304
f 1016 	2305 	2303
f 2270 	2304 	1970
f 2270 	2269 	2304
f 1975 	1977 	1969
f 85 	1969 	1977
f 2302 	2301 	2159
f 2305 	2159 	2303
f 1016 	2303 	2306
f 1985 	1979 	85
f 1975 	1979 	1985
f 2303 	2092 	2306
f 1979 	1983 	85
f 1983 	1984 	85
f 1984 	1980 	85
f 83 	85 	1980
f 2309 	2310 	1018
f 1453 	1018 	2310
f 1977 	1986 	85
f 1986 	1985 	85
f 2311 	2312 	510
f 1445 	2313 	2314
f 2181 	1778 	1973
f 2307 	1017 	2317
f 1779 	2181 	1780
f 1799 	1973 	1778
f 1798 	1973 	1799
f 1797 	1973 	1798
f 1797 	1796 	1973
f 1782 	1781 	2181
f 1779 	1778 	2181
f 1947 	2318 	1018
f 2309 	1018 	2318
f 510 	2320 	2311
f 73 	74 	2319
f 74 	78 	2319
f 1445 	1448 	2313
f 1036 	1577 	1954
f 2312 	2311 	2018
f 1946 	2306 	2317
f 2092 	2069 	2306
f 1028 	1577 	1029
f 1033 	1577 	1035
f 1035 	1577 	1036
f 2318 	1947 	2308
f 1041 	1954 	1470
f 2069 	2066 	2307
f 2317 	2306 	2069
f 2320 	1948 	2310
f 2066 	2086 	2318
f 2318 	2308 	2066
f 2308 	2307 	2066
f 2022 	2021 	2320
f 2310 	2309 	2086
f 2309 	2318 	2086
f 1033 	1029 	1577
f 2322 	1949 	2314
f 2038 	2018 	2311
f 2021 	2038 	2320
f 1580 	1577 	1581
f 1579 	1577 	1580
f 1028 	1581 	1577
f 2018 	2017 	2312
f 1020 	829 	1592
f 2324 	2323 	1571
f 1026 	1571 	2323
f 2323 	2324 	2325
f 1596 	1587 	1584
f 1587 	1586 	1584
f 1585 	1584 	1586
f 2327 	2328 	2326
f 2273 	2272 	2329
f 1591 	1601 	828
f 1577 	1594 	1599
f 1599 	1588 	1577
f 2209 	2198 	1588
f 1572 	2330 	2326
f 1593 	1592 	1599
f 1573 	2331 	2329
f 1596 	1595 	1577
f 1593 	1599 	1594
f 1598 	1596 	1577
f 1595 	1594 	1577
f 2033 	2005 	2049
f 828 	1592 	829
f 2325 	2330 	2323
f 2046 	2045 	2005
f 2045 	2049 	2005
f 1587 	1596 	1598
f 2107 	1841 	2108
f 2108 	2110 	2109
f 2338 	1851 	2107
f 1592 	828 	1601
f 1601 	1602 	1592
f 1602 	1599 	1592
f 2216 	2209 	828
f 1843 	1848 	2334
f 2115 	2332 	2118
f 2118 	2332 	2333
f 1465 	1952 	1800
f 1848 	2335 	2334
f 2119 	2118 	2347
f 2345 	2346 	2342
f 2343 	2345 	2342
f 2032 	2003 	1888
f 1469 	1470 	1952
f 1952 	1954 	1971
f 1577 	1588 	1954
f 1952 	1470 	1954
f 1968 	1957 	1972
f 1958 	1957 	1968
f 1957 	1963 	1972
f 1963 	1962 	1972
f 1962 	1959 	1971
f 1964 	1961 	1971
f 1960 	1971 	1961
f 1964 	1971 	1959
f 1971 	1972 	1962
f 1952 	1971 	1800
f 1457 	1800 	1971
f 1879 	1878 	233
f 1997 	1049 	2139
f 1971 	2223 	1972
f 1967 	1972 	1973
f 1883 	1022 	1884
f 1967 	1973 	1975
f 1975 	1969 	1967
f 1901 	2018 	1902
f 1979 	1975 	1973
f 2316 	2181 	1973
f 2185 	2316 	2186
f 1664 	1665 	2126
f 1973 	1972 	2316
f 2186 	2316 	1972
f 2186 	2222 	2187
f 2186 	1972 	2222
f 1588 	2198 	1954
f 2198 	2197 	2225
f 2132 	2133 	2129
f 1971 	1954 	2198
f 2336 	2129 	2133
f 2202 	2219 	2197
f 2225 	2197 	2219
f 2219 	2202 	828
f 828 	2202 	2206
f 2207 	828 	2206
f 2209 	1591 	828
f 1588 	1591 	2209
f 2135 	2120 	2145
f 2136 	2125 	2147
f 2214 	828 	2207
f 2337 	1862 	1850
f 1862 	1849 	1850
f 2214 	2213 	828
f 2213 	2217 	828
f 2216 	828 	2217
f 828 	2221 	2219
f 79 	2221 	828
f 2222 	1972 	2223
f 80 	2187 	2222
f 71 	2226 	2223
f 2226 	2222 	2223
f 2223 	1971 	2224
f 2225 	2224 	1971
f 1971 	2198 	2225
f 2226 	71 	81
f 1855 	1853 	2339
f 2340 	2341 	1854
f 2341 	2337 	1854
f 1850 	1854 	2337
f 2136 	2147 	1645
f 2340 	1855 	2339
f 1642 	1646 	2156
f 2346 	2347 	2342
f 2345 	2343 	2344
f 2137 	2148 	1667
f 1650 	1667 	2148
f 2138 	2149 	1668
f 1651 	1668 	2149
f 2118 	2342 	2347
f 2158 	2150 	1669
f 2157 	2150 	2158
f 1654 	1669 	2150
f 2336 	2133 	2344
f 1676 	1981 	1675
f 2345 	2344 	2348
f 2348 	2344 	2133
f 1677 	1678 	2349
f 1677 	2349 	2350
f 1990 	1679 	1982
f 1680 	1677 	2350
f 2107 	2380 	2338
f 2379 	2378 	2336
f 1681 	2349 	1678
f 1641 	1642 	899
f 2148 	1863 	2128
f 1849 	1861 	2149
f 2156 	2128 	1864
f 2109 	1953 	2108
f 1652 	1861 	2137
f 1864 	1856 	2156
f 1652 	2149 	1861
f 1855 	1653 	2150
f 1657 	953 	1655
f 953 	2131 	1655
f 1854 	2138 	1855
f 1653 	1855 	2138
f 1854 	1850 	2138
f 1950 	2130 	2129
f 1657 	2167 	953
f 1828 	1681 	2058
f 1681 	1819 	2349
f 1658 	954 	2351
f 2167 	2351 	2132
f 1661 	954 	1658
f 2351 	2167 	1658
f 2340 	2339 	2375
f 970 	1671 	1663
f 2132 	953 	2167
f 1661 	1671 	970
f 970 	954 	1661
f 970 	2347 	2346
f 1982 	1675 	1981
f 956 	2350 	2349
f 1675 	1982 	1679
f 955 	1680 	2350
f 2350 	956 	955
f 2380 	2377 	2338
f 1679 	1990 	1674
f 955 	1676 	1680
f 2107 	2108 	2380
f 2344 	2381 	2336
f 1604 	1630 	872
f 2344 	2343 	2382
f 1760 	945 	1759
f 944 	1759 	945
f 947 	1761 	1762
f 2130 	1950 	2109
f 1761 	946 	1760
f 1763 	948 	1762
f 947 	1762 	948
f 1764 	949 	1763
f 950 	949 	88
f 2345 	954 	2346
f 2110 	953 	2111
f 1699 	293 	1798
f 1799 	1700 	1798
f 1699 	1798 	1700
f 1778 	1701 	1799
f 1700 	1799 	1701
f 1781 	1704 	1780
f 1782 	1705 	1781
f 1951 	2380 	2108
f 295 	1783 	1784
f 1785 	297 	1784
f 295 	1784 	297
f 2379 	2336 	2381
f 297 	1785 	298
f 1786 	298 	1785
f 1787 	299 	1786
f 302 	287 	1791
f 1792 	304 	1791
f 2342 	2118 	2333
f 2341 	2335 	2337
f 2335 	1848 	2337
f 1862 	2337 	1848
f 2121 	2383 	2122
f 1894 	2141 	2354
f 718 	717 	1882
f 2352 	1899 	2353
f 713 	1889 	2354
f 714 	1890 	713
f 331 	1875 	2183
f 2352 	2354 	2141
f 326 	327 	1876
f 327 	1875 	1876
f 326 	1877 	714
f 1877 	326 	1876
f 1764 	88 	949
f 88 	1789 	950
f 951 	950 	1789
f 1790 	286 	1789
f 2353 	581 	2352
f 2354 	2352 	715
f 302 	1791 	304
f 1793 	305 	1792
f 2362 	1909 	1023
f 1909 	2362 	1910
f 1884 	1022 	1888
f 1908 	1023 	1909
f 1904 	2363 	1905
f 1887 	2355 	2356
f 1898 	1880 	2357
f 716 	2357 	1880
f 717 	716 	1880
f 320 	319 	1794
f 321 	320 	1795
f 1794 	1795 	320
f 1795 	1796 	321
f 1887 	2356 	718
f 1881 	1882 	717
f 1898 	2357 	2353
f 2355 	583 	2356
f 583 	1461 	2356
f 2358 	2359 	583
f 311 	2276 	2275
f 1284 	1294 	1283
f 1286 	1294 	1285
f 1286 	1287 	1294
f 1290 	1294 	1289
f 1291 	1294 	1290
f 1289 	1294 	1288
f 1291 	1281 	1294
f 1281 	1280 	1294
f 1280 	1282 	1294
f 1293 	538 	1292
f 1292 	538 	1287
f 704 	538 	1293
f 311 	2300 	2276
f 710 	538 	709
f 1112 	1279 	1294
f 1294 	1287 	538
f 258 	1298 	262
f 2268 	310 	2266
f 2299 	322 	2268
f 313 	312 	2279
f 1297 	262 	1298
f 2281 	314 	2279
f 316 	315 	2284
f 2285 	318 	2286
f 230 	2364 	1916
f 2007 	229 	1910
f 1913 	2017 	1901
f 2007 	1910 	2362
f 2286 	317 	2284
f 316 	2284 	317
f 319 	318 	2293
f 2293 	1794 	319
f 2021 	1570 	2038
f 1886 	1023 	1908
f 2298 	323 	2299
f 310 	2268 	322
f 324 	2298 	2300
f 324 	2300 	311
f 2038 	1903 	2018
f 304 	1792 	305
f 305 	1793 	306
f 2264 	306 	1793
f 2265 	307 	2264
f 306 	2264 	307
f 307 	2265 	308
f 2267 	308 	2265
f 308 	2267 	309
f 2266 	309 	2267
f 1893 	1048 	2139
f 2266 	310 	309
f 2275 	312 	311
f 2275 	2279 	312
f 1049 	1900 	1897
f 313 	2279 	314
f 314 	2281 	315
f 2280 	315 	2281
f 2280 	2284 	315
f 1896 	2139 	1049
f 1897 	1896 	1049
f 317 	2286 	318
f 715 	353 	713
f 2285 	2293 	318
f 326 	353 	327
f 2328 	2327 	2331
f 1796 	303 	321
f 322 	2299 	323
f 2327 	2028 	2331
f 2050 	2046 	2032
f 2004 	2032 	2046
f 2005 	2004 	2046
f 2331 	1994 	2329
f 323 	2298 	324
f 1994 	1993 	2329
f 2273 	2329 	1993
f 2181 	1682 	2182
f 2316 	536 	2181
f 537 	536 	2316
f 1682 	2181 	536
f 1297 	1296 	1682
f 1295 	1294 	2360
f 2311 	2320 	2038
f 2307 	2317 	2069
f 2302 	2159 	2305
f 2301 	2304 	2159
f 2269 	2010 	2159
f 2092 	2303 	2159
f 204 	203 	540
f 197 	2360 	198
f 413 	2360 	197
f 412 	2360 	413
f 411 	2360 	412
f 409 	2360 	410
f 223 	2360 	408
f 694 	693 	2360
f 540 	199 	2360
f 1542 	1937 	871
f 1023 	1885 	2003
f 2260 	2261 	1103
f 1103 	1102 	2260
f 80 	2260 	1102
f 1102 	2227 	80
f 1100 	2218 	80
f 2218 	1098 	80
f 2187 	80 	1097
f 1097 	2215 	2187
f 1096 	1095 	2187
f 1095 	2212 	2187
f 1094 	1054 	2187
f 1054 	1683 	2187
f 2185 	2184 	1683
f 1683 	1052 	2185
f 2316 	1052 	537
f 1885 	1888 	2003
f 1023 	2003 	2006
f 538 	1105 	2360
f 2232 	1103 	2261
f 2259 	2232 	2261
f 2261 	82 	2259
f 82 	2319 	1105
f 2319 	2360 	1105
f 540 	2360 	828
f 828 	2360 	2319
f 2011 	230 	1915
f 94 	1111 	95
f 245 	943 	94
f 1298 	943 	248
f 1110 	95 	1111
f 1112 	1295 	2361
f 538 	2360 	1294
f 1569 	1570 	231
f 1295 	674 	2361
f 668 	667 	2361
f 667 	219 	2361
f 219 	218 	2361
f 215 	214 	2361
f 454 	444 	100
f 444 	449 	100
f 105 	100 	449
f 449 	455 	105
f 447 	446 	105
f 456 	474 	105
f 474 	473 	105
f 473 	476 	987
f 109 	987 	476
f 478 	495 	109
f 96 	109 	495
f 2361 	96 	495
f 2361 	495 	1112
f 450 	454 	100
f 451 	450 	100
f 453 	451 	100
f 1118 	453 	100
f 1489 	1118 	100
f 498 	102 	1489
f 1120 	1489 	102
f 1110 	1120 	95
f 2011 	1915 	2363
f 96 	2361 	112
f 830 	112 	2361
f 2037 	2017 	2364
f 1568 	1567 	2365
f 1568 	2365 	232
f 2364 	230 	2037
f 231 	2365 	1569
f 1567 	1566 	2365
f 2371 	2169 	2168
f 2371 	228 	2169
f 2170 	2169 	228
f 1383 	1382 	228
f 2074 	2161 	228
f 2168 	2166 	1385
f 237 	2366 	232
f 232 	2366 	1568
f 224 	2368 	235
f 2076 	1378 	2369
f 2075 	2074 	2370
f 2168 	1385 	2371
f 2163 	1403 	2164
f 238 	1553 	2372
f 2368 	2373 	235
f 227 	2370 	1380
f 1380 	1379 	227
f 2370 	227 	2075
f 1400 	2165 	1401
f 237 	2372 	2366
f 1554 	2366 	2372
f 2332 	2342 	2333
f 414 	425 	2121
f 2114 	1956 	2115
f 2335 	2341 	2334
f 2340 	2374 	2341
f 2334 	2341 	2376
f 1131 	1132 	1866
f 2339 	2338 	2377
f 2341 	2374 	2376
f 1951 	2108 	1953
f 1950 	1953 	2109
f 2374 	2340 	2375
f 2332 	1955 	2342
f 2376 	1866 	2334
f 2385 	1956 	2114
f 2122 	2384 	2117
f 2114 	2117 	2385
f 2375 	1131 	2374
f 2376 	2374 	1131
f 2376 	1131 	1866
f 2378 	1950 	2129
f 2129 	2336 	2378
f 2381 	2344 	2382
f 2375 	2339 	2377
f 1956 	1955 	2115
f 2385 	2117 	2384
f 61 	2377 	2380
f 2375 	2377 	61
f 1950 	2378 	63
f 2378 	2379 	63
f 2379 	2381 	63
f 420 	63 	2381
f 2351 	954 	2133
f 1663 	2347 	970
f 2126 	2127 	1664
f 2348 	954 	2345
f 1662 	1672 	2119
f 2384 	2122 	2383
f 2382 	2342 	1955
f 2343 	2342 	2382
f 2332 	2115 	1955
f 2383 	20 	2384
f 2385 	2384 	20
f 1956 	2385 	20
f 2112 	2119 	1672
f 2382 	64 	2381
f 1955 	65 	2382
f 64 	2382 	65
f 2110 	1841 	953
f 2348 	2133 	954
f 2119 	2347 	1662
f 2133 	2132 	2351
f 2132 	2111 	953
f 970 	2346 	954
f 2380 	1951 	61
f 62 	61 	1951
f 1133 	2375 	61
f 2127 	2126 	2122
f 415 	414 	419
f 419 	414 	2126
f 2121 	2122 	2126
# 4766 faces

 #end of obj_0

