# Object Export From Tinkercad Server 2015

mtllib obj.mtl

o obj_0
v 337.958 		-2.724 		6.604
v 335.262 		32.276 		6.604
v 335.262 		32.276 		6.53
v 335.262 		34.0289 		6.53
v 318.349 		27.281 		6.604
v 318.237 		27.303 		6.604
v 337.958 		32.276 		6.604
v 337.958 		32.276 		6.53
v 318.128 		27.34 		6.604
v 286.265 		-2.724 		1.407
v 318.025 		27.391 		6.604
v 317.93 		27.455 		6.604
v 272.836 		25.955 		6.604
v 266.586 		25.955 		6.604
v 272.813 		28.378 		6.604
v 272.79 		28.265 		6.604
v 272.783 		28.151 		6.604
v 272.79 		28.036 		6.604
v 272.813 		27.924 		6.604
v 317.843 		27.53 		6.604
v 317.768 		27.617 		6.604
v 317.704 		27.712 		6.604
v 317.653 		27.815 		6.604
v 317.616 		27.924 		6.604
v 266.586 		2.45 		6.604
v 317.594 		28.036 		6.604
v 317.586 		28.151 		6.604
v 285.112 		-4.689 		1.976
v 317.594 		28.265 		6.604
v 317.616 		28.378 		6.604
v 285.112 		-2.724 		1.976
v 317.653 		28.487 		6.604
v 317.704 		28.589 		6.604
v 281.876 		-2.724 		2.025
v 281.876 		-5.139 		2.025
v 279.276 		-2.724 		2.025
v 279.276 		-10.939 		2.025
v 319.16 		27.617 		6.604
v 319.084 		27.53 		6.604
v 318.998 		27.455 		6.604
v 285.112 		-4.689 		4.804
v 284.939 		-4.689 		4.607
v 318.903 		27.391 		6.604
v 285.112 		-2.724 		4.804
v 318.8 		27.34 		6.604
v 284.939 		-2.724 		4.607
v 318.691 		27.303 		6.604
v 318.578 		27.281 		6.604
v 279.276 		-2.724 		4.525
v 281.876 		-5.139 		4.525
v 281.876 		-2.724 		4.525
v 318.464 		27.273 		6.604
v 279.276 		-10.939 		4.525
v 319.224 		28.589 		6.604
v 319.274 		28.487 		6.604
v 284.794 		-4.689 		4.39
v 284.678 		-4.689 		4.155
v 319.274 		27.815 		6.604
v 319.224 		27.712 		6.604
v 317.768 		28.685 		6.604
v 284.594 		-4.689 		3.908
v 284.543 		-4.689 		3.651
v 317.843 		28.771 		6.604
v 317.93 		28.847 		6.604
v 284.526 		-4.689 		3.39
v 284.543 		-4.689 		3.129
v 284.594 		-4.689 		2.872
v 284.678 		-4.689 		2.625
v 284.794 		-4.689 		2.39
v 284.939 		-4.689 		2.172
v 318.025 		28.911 		6.604
v 284.794 		-2.724 		4.39
v 318.128 		28.961 		6.604
v 284.678 		-2.724 		4.155
v 318.237 		28.998 		6.604
v 318.349 		29.021 		6.604
v 318.464 		29.028 		6.604
v 284.594 		-2.724 		3.908
v 318.578 		29.021 		6.604
v 284.543 		-2.724 		3.651
v 318.691 		28.998 		6.604
v 284.526 		-2.724 		3.39
v 318.8 		28.961 		6.604
v 284.543 		-2.724 		3.129
v 318.903 		28.911 		6.604
v 318.998 		28.847 		6.604
v 284.594 		-2.724 		2.872
v 319.084 		28.771 		6.604
v 284.678 		-2.724 		2.625
v 319.16 		28.685 		6.604
v 284.794 		-2.724 		2.39
v 284.939 		-2.724 		2.172
v 317.586 		25.955 		6.604
v 319.288 		2.45 		6.604
v 319.288 		0.151 		6.604
v 319.311 		28.378 		6.604
v 319.334 		28.265 		6.604
v 319.341 		28.151 		6.604
v 319.334 		28.036 		6.604
v 319.311 		27.924 		6.604
v 318.41 		-0.727 		6.604
v 317.533 		-2.724 		6.604
v 311.533 		2.45 		6.604
v 317.533 		0.151 		6.604
v 311.533 		25.955 		6.604
v 310.99 		2.383 		6.604
v 308.626 		1.625 		6.604
v 308.626 		-0.316 		6.604
v 310.99 		32.276 		6.604
v 272.866 		-0.076 		0
v 272.903 		-0.185 		0
v 272.954 		-0.288 		0
v 273.018 		-0.383 		0
v 273.093 		-0.47 		0
v 273.18 		-0.545 		0
v 273.275 		-0.609 		0
v 273.378 		-0.66 		0
v 273.487 		-0.697 		0
v 273.599 		-0.719 		0
v 273.714 		-0.727 		0
v 273.828 		-0.719 		0
v 273.941 		-0.697 		0
v 274.05 		-0.66 		0
v 274.153 		-0.609 		0
v 274.248 		-0.545 		0
v 274.334 		-0.47 		0
v 274.41 		-0.383 		0
v 274.474 		-0.288 		0
v 274.524 		-0.185 		0
v 274.561 		-0.076 		0
v 273.378 		0.961 		0
v 273.275 		0.911 		0
v 273.18 		0.847 		0
v 273.093 		0.771 		0
v 273.018 		0.685 		0
v 272.954 		0.589 		0
v 272.903 		0.487 		0
v 272.866 		0.378 		0
v 272.844 		0.265 		0
v 272.836 		0.151 		0
v 272.844 		0.036 		0
v 273.714 		1.028 		0
v 273.599 		1.021 		0
v 273.487 		0.998 		0
v 286.265 		-4.689 		1.407
v 286.008 		-4.689 		1.458
v 286.008 		-2.724 		1.458
v 286.526 		-4.689 		1.39
v 286.526 		-2.724 		1.39
v 274.41 		0.685 		0
v 285.576 		-5.139 		2.025
v 274.334 		0.771 		0
v 274.248 		0.847 		0
v 274.153 		0.911 		0
v 286.787 		-4.689 		5.373
v 274.05 		0.961 		0
v 273.941 		0.998 		0
v 273.828 		1.021 		0
v 286.526 		-4.689 		5.39
v 286.265 		-4.689 		5.373
v 286.008 		-4.689 		5.322
v 285.761 		-4.689 		5.238
v 285.526 		-4.689 		5.122
v 285.308 		-4.689 		4.977
v 274.584 		0.036 		0
v 274.591 		0.151 		0
v 286.787 		-2.724 		5.373
v 274.584 		0.265 		0
v 274.561 		0.378 		0
v 286.526 		-2.724 		5.39
v 274.524 		0.487 		0
v 286.265 		-2.724 		5.373
v 274.474 		0.589 		0
v 286.008 		-2.724 		5.322
v 285.761 		-2.724 		5.238
v 285.526 		-2.724 		5.122
v 285.308 		-2.724 		4.977
v 285.576 		-5.139 		4.525
v 286.787 		-2.724 		1.407
v 337.958 		32.2356 		6.53
v 338 		32.266 		6.53
v 337.958 		-2.724 		0
v 335.262 		34.0289 		0
v 338 		32.266 		0
v 337.958 		32.2356 		0
v 335.542 		214.0126 		0
v 331.9931 		229.9972 		0
v 331.3831 		231.0584 		0
v 330.7144 		232.1181 		0
v 330.0263 		233.0846 		0
v 329.2809 		234.0418 		0
v 331.6376 		230.6254 		0
v 330.3208 		232.6791 		0
v 285.308 		-2.724 		1.803
v 285.526 		-2.724 		1.658
v 285.761 		-2.724 		1.542
v 335.5031 		214.0624 		0
v 335.536 		214.8685 		0
v 335.5298 		216.1507 		0
v 335.4731 		217.5422 		0
v 335.3624 		218.8168 		0
v 335.1906 		220.2058 		0
v 318.296 		-0.719 		6.604
v 334.9801 		221.4377 		0
v 334.6957 		222.8008 		0
v 318.183 		-0.697 		6.604
v 334.3845 		224.0044 		0
v 333.9906 		225.3209 		0
v 318.074 		-0.66 		6.604
v 333.5876 		226.4647 		0
v 333.0884 		227.7228 		0
v 317.972 		-0.609 		6.604
v 317.876 		-0.545 		6.604
v 332.5821 		228.8329 		0
v 317.79 		-0.47 		6.604
v 335.536 		215.6985 		0
v 317.714 		-0.383 		6.604
v 335.4069 		218.3508 		0
v 317.65 		-0.288 		6.604
v 335.0607 		220.9905 		0
v 317.6 		-0.185 		6.604
v 334.5017 		223.5672 		0
v 333.7259 		226.084 		0
v 317.563 		-0.076 		6.604
v 332.7657 		228.4405 		0
v 319.258 		-0.076 		6.604
v 319.221 		-0.185 		6.604
v 319.17 		-0.288 		6.604
v 319.106 		-0.383 		6.604
v 319.031 		-0.47 		6.604
v 318.944 		-0.545 		6.604
v 318.849 		-0.609 		6.604
v 318.746 		-0.66 		6.604
v 318.637 		-0.697 		6.604
v 318.525 		-0.719 		6.604
v 335.542 		56.3526 		0
v 335.262 		52.1578 		0
v 335.3812 		53.1222 		0
v 317.54 		0.036 		6.604
v 335.4789 		54.389 		0
v 335.536 		55.7888 		0
v 335.4493 		53.9546 		0
v 335.536 		56.3449 		0
v 317.54 		0.265 		6.604
v 317.563 		0.378 		6.604
v 317.6 		0.487 		6.604
v 317.65 		0.589 		6.604
v 317.714 		0.685 		6.604
v 317.79 		0.771 		6.604
v 317.876 		0.847 		6.604
v 317.972 		0.911 		6.604
v 318.074 		0.961 		6.604
v 318.183 		0.998 		6.604
v 335.262 		65.561 		6.604
v 318.296 		1.021 		6.604
v 331.026 		42.061 		6.604
v 318.41 		1.028 		6.604
v 335.542 		214.0126 		6.382
v 335.536 		214.8685 		6.382
v 335.536 		215.6985 		6.382
v 335.5298 		216.1507 		6.382
v 335.4731 		217.5422 		6.382
v 335.4069 		218.3508 		6.382
v 318.525 		1.021 		6.604
v 335.5031 		214.0624 		6.382
v 318.637 		0.998 		6.604
v 335.262 		65.561 		6.382
v 318.746 		0.961 		6.604
v 318.849 		0.911 		6.604
v 318.944 		0.847 		6.604
v 319.031 		0.771 		6.604
v 319.106 		0.685 		6.604
v 335.542 		56.3526 		6.382
v 319.17 		0.589 		6.604
v 335.536 		55.7888 		6.382
v 335.536 		56.3449 		6.382
v 335.262 		52.1578 		6.382
v 335.3812 		53.1222 		6.382
v 319.221 		0.487 		6.604
v 335.4493 		53.9546 		6.382
v 335.4789 		54.389 		6.382
v 319.258 		0.378 		6.604
v 319.28 		0.265 		6.604
v 319.28 		0.036 		6.604
v 335.3624 		218.8168 		6.382
v 335.1906 		220.2058 		6.382
v 335.0607 		220.9905 		6.382
v 334.9801 		221.4377 		6.382
v 334.6957 		222.8008 		6.382
v 334.5017 		223.5672 		6.382
v 334.3845 		224.0044 		6.382
v 333.9906 		225.3209 		6.382
v 333.7259 		226.084 		6.382
v 333.5876 		226.4647 		6.382
v 333.276 		223.061 		6.382
v 331.9931 		229.9972 		6.382
v 331.6376 		230.6254 		6.382
v 331.3831 		231.0584 		6.382
v 333.0884 		227.7228 		6.382
v 332.7657 		228.4405 		6.382
v 332.5821 		228.8329 		6.382
v 332.346 		225.8 		32
v 331.958 		226.243 		32
v 331.515 		226.631 		32
v 331.026 		226.958 		32
v 332.673 		225.311 		32
v 333.276 		223.061 		32
v 333.238 		223.648 		32
v 333.123 		224.226 		32
v 332.933 		224.783 		32
v 332.933 		221.339 		32
v 333.123 		221.896 		32
v 333.238 		222.474 		32
v 331.958 		219.879 		32
v 332.346 		220.322 		32
v 332.673 		220.811 		32
v 331.026 		219.164 		32
v 331.515 		219.491 		32
v 311.176 		-5.139 		2.025
v 313.776 		-10.939 		2.025
v 307.476 		-5.139 		2.025
v 311.176 		-5.139 		4.525
v 307.476 		-5.139 		4.525
v 313.776 		-10.939 		4.525
v 308.113 		-4.689 		4.607
v 307.94 		-4.689 		4.804
v 307.744 		-4.689 		4.977
v 307.526 		-4.689 		5.122
v 308.374 		-4.689 		4.155
v 308.258 		-4.689 		4.39
v 307.526 		-4.689 		1.658
v 307.744 		-4.689 		1.803
v 307.94 		-4.689 		1.976
v 308.113 		-4.689 		2.172
v 308.258 		-4.689 		2.39
v 308.374 		-4.689 		2.625
v 308.458 		-4.689 		2.872
v 308.509 		-4.689 		3.129
v 308.526 		-4.689 		3.39
v 308.509 		-4.689 		3.651
v 308.458 		-4.689 		3.908
v 313.776 		-2.724 		2.025
v 311.176 		-2.724 		2.025
v 311.176 		-2.724 		4.525
v 313.776 		-2.724 		4.525
v 308.374 		-2.724 		4.155
v 308.258 		-2.724 		4.39
v 308.113 		-2.724 		4.607
v 307.94 		-2.724 		4.804
v 307.744 		-2.724 		4.977
v 307.526 		-2.724 		5.122
v 307.526 		-2.724 		1.658
v 307.744 		-2.724 		1.803
v 307.94 		-2.724 		1.976
v 308.113 		-2.724 		2.172
v 308.258 		-2.724 		2.39
v 308.374 		-2.724 		2.625
v 308.458 		-2.724 		2.872
v 308.509 		-2.724 		3.129
v 308.526 		-2.724 		3.39
v 308.509 		-2.724 		3.651
v 308.458 		-2.724 		3.908
v 259.037 		226.381 		6.382
v 258.594 		225.993 		6.382
v 258.206 		225.55 		6.382
v 257.879 		225.061 		6.382
v 257.619 		224.533 		6.382
v 257.429 		223.976 		6.382
v 257.315 		223.398 		6.382
v 257.276 		222.811 		6.382
v 257.315 		222.224 		6.382
v 317.586 		32.276 		0
v 318.41 		-0.727 		0
v 257.429 		221.646 		6.382
v 318.296 		-0.719 		0
v 318.183 		-0.697 		0
v 318.074 		-0.66 		0
v 317.972 		-0.609 		0
v 257.619 		221.089 		6.382
v 317.876 		-0.545 		0
v 317.79 		-0.47 		0
v 317.714 		-0.383 		0
v 257.879 		220.561 		6.382
v 317.65 		-0.288 		0
v 317.6 		-0.185 		0
v 317.563 		-0.076 		0
v 258.206 		220.072 		6.382
v 258.594 		219.629 		6.382
v 319.258 		-0.076 		0
v 319.221 		-0.185 		0
v 259.037 		219.241 		6.382
v 319.17 		-0.288 		0
v 319.106 		-0.383 		0
v 319.031 		-0.47 		0
v 318.944 		-0.545 		0
v 318.849 		-0.609 		0
v 259.276 		192.694 		30.775
v 259.276 		172.156 		30.775
v 259.276 		192.694 		6.406
v 259.276 		172.156 		6.406
v 318.746 		-0.66 		0
v 259.276 		138.646 		30.775
v 259.276 		118.109 		30.775
v 318.637 		-0.697 		0
v 259.276 		138.646 		6.406
v 259.276 		118.109 		6.406
v 318.525 		-0.719 		0
v 259.276 		84.599 		30.775
v 259.276 		65.561 		6.604
v 259.276 		64.061 		6.604
v 259.276 		64.061 		30.775
v 259.276 		65.561 		6.406
v 259.276 		84.599 		6.406
v 317.54 		0.036 		0
v 317.533 		0.151 		0
v 317.54 		0.265 		0
v 261.956 		44.55 		31.388
v 261.629 		44.061 		31.388
v 261.369 		43.533 		31.388
v 261.179 		42.976 		31.388
v 317.563 		0.378 		0
v 261.065 		42.398 		31.388
v 261.026 		41.811 		31.388
v 261.065 		41.224 		31.388
v 317.6 		0.487 		0
v 261.179 		40.646 		31.388
v 261.369 		40.089 		31.388
v 317.65 		0.589 		0
v 261.629 		39.561 		31.388
v 261.956 		39.072 		31.388
v 317.714 		0.685 		0
v 317.79 		0.771 		0
v 317.876 		0.847 		0
v 317.972 		0.911 		0
v 318.074 		0.961 		0
v 318.183 		0.998 		0
v 318.296 		1.021 		0
v 318.41 		1.028 		0
v 318.525 		1.021 		0
v 318.637 		0.998 		0
v 318.746 		0.961 		0
v 262.255 		221.654 		31.388
v 318.849 		0.911 		0
v 318.944 		0.847 		0
v 262.255 		223.968 		31.388
v 319.031 		0.771 		0
v 319.106 		0.685 		0
v 319.17 		0.589 		0
v 319.221 		0.487 		0
v 319.258 		0.378 		0
v 319.28 		0.265 		0
v 319.288 		0.151 		0
v 261.776 		227.311 		31.388
v 261.189 		227.273 		31.388
v 260.611 		227.158 		31.388
v 260.054 		226.968 		31.388
v 319.28 		0.036 		0
v 259.526 		226.708 		31.388
v 261.776 		221.559 		31.388
v 261.613 		221.569 		31.388
v 261.452 		221.601 		31.388
v 261.297 		221.654 		31.388
v 261.15 		221.726 		31.388
v 261.014 		221.817 		31.388
v 260.89 		221.925 		31.388
v 260.782 		222.049 		31.388
v 260.691 		222.185 		31.388
v 262.1 		221.601 		31.388
v 261.939 		221.569 		31.388
v 260.619 		222.332 		31.388
v 260.566 		222.487 		31.388
v 260.534 		222.648 		31.388
v 260.524 		222.811 		31.388
v 260.534 		222.974 		31.388
v 260.566 		223.135 		31.388
v 260.619 		223.29 		31.388
v 260.691 		223.437 		31.388
v 260.782 		223.573 		31.388
v 260.89 		223.697 		31.388
v 261.014 		223.805 		31.388
v 261.15 		223.896 		31.388
v 261.297 		223.968 		31.388
v 261.452 		224.021 		31.388
v 261.613 		224.053 		31.388
v 261.776 		224.064 		31.388
v 261.939 		224.053 		31.388
v 262.1 		224.021 		31.388
v 261.189 		218.35 		31.388
v 261.776 		218.311 		31.388
v 259.526 		218.914 		31.388
v 260.054 		218.654 		31.388
v 260.611 		218.464 		31.388
v 332.673 		225.311 		6.382
v 332.346 		225.8 		6.382
v 331.958 		226.243 		6.382
v 331.515 		226.631 		6.382
v 331.026 		226.958 		6.382
v 332.933 		221.339 		6.382
v 333.123 		221.896 		6.382
v 333.238 		222.474 		6.382
v 333.238 		223.648 		6.382
v 333.123 		224.226 		6.382
v 332.933 		224.783 		6.382
v 331.026 		219.164 		6.382
v 331.515 		219.491 		6.382
v 331.958 		219.879 		6.382
v 332.346 		220.322 		6.382
v 332.673 		220.811 		6.382
v 262.276 		192.694 		30.775
v 262.276 		172.156 		30.775
v 262.276 		138.646 		30.775
v 262.276 		118.109 		30.775
v 262.276 		84.599 		30.775
v 262.276 		64.061 		30.775
v 329.026 		65.561 		6.604
v 329.026 		64.061 		6.604
v 329.026 		65.561 		6.406
v 330.7144 		232.1181 		6.382
v 330.3208 		232.6791 		6.382
v 330.0263 		233.0846 		6.382
v 329.2809 		234.0418 		6.382
v 329.363 		227.523 		32
v 330.498 		227.218 		32
v 329.941 		227.408 		32
v 329.047 		221.273 		32
v 329.674 		221.441 		32
v 262.276 		65.561 		6.406
v 329.527 		221.368 		32
v 261.776 		218.311 		6.382
v 329.371 		221.316 		32
v 329.211 		221.284 		32
v 330.132 		223.152 		32
v 330.204 		223.005 		32
v 330.257 		222.85 		32
v 261.69 		234.8147 		0
v 330.289 		222.689 		32
v 260.9206 		233.9131 		0
v 260.183 		232.9666 		0
v 330.3 		222.525 		32
v 259.4929 		231.9691 		0
v 330.289 		222.362 		32
v 330.257 		222.201 		32
v 261.2209 		234.2726 		0
v 330.204 		222.046 		32
v 259.7682 		232.3754 		0
v 330.132 		221.899 		32
v 330.041 		221.763 		32
v 329.933 		221.64 		32
v 329.81 		221.532 		32
v 329.047 		223.778 		32
v 329.211 		223.767 		32
v 329.371 		223.735 		32
v 329.527 		223.683 		32
v 329.674 		223.61 		32
v 261.69 		234.8147 		6.382
v 261.2209 		234.2726 		6.382
v 260.9206 		233.9131 		6.382
v 260.183 		232.9666 		6.382
v 259.7682 		232.3754 		6.382
v 259.4929 		231.9691 		6.382
v 329.81 		223.519 		32
v 261.776 		227.311 		6.382
v 329.933 		223.411 		32
v 330.041 		223.288 		32
v 329.363 		218.6 		32
v 329.941 		218.714 		32
v 330.498 		218.904 		32
v 262.255 		221.654 		6.382
v 262.255 		223.968 		6.382
v 261.189 		227.273 		6.382
v 260.611 		227.158 		6.382
v 260.054 		226.968 		6.382
v 259.526 		226.708 		6.382
v 260.691 		222.185 		6.382
v 260.782 		222.049 		6.382
v 260.89 		221.925 		6.382
v 261.014 		221.817 		6.382
v 261.15 		221.726 		6.382
v 261.297 		221.654 		6.382
v 261.452 		221.601 		6.382
v 261.613 		221.569 		6.382
v 261.776 		221.559 		6.382
v 261.939 		221.569 		6.382
v 262.1 		221.601 		6.382
v 260.524 		222.811 		6.382
v 260.534 		222.648 		6.382
v 260.566 		222.487 		6.382
v 260.619 		222.332 		6.382
v 260.566 		223.135 		6.382
v 260.534 		222.974 		6.382
v 260.782 		223.573 		6.382
v 260.691 		223.437 		6.382
v 260.619 		223.29 		6.382
v 262.1 		224.021 		6.382
v 261.939 		224.053 		6.382
v 261.776 		224.064 		6.382
v 261.613 		224.053 		6.382
v 261.452 		224.021 		6.382
v 261.297 		223.968 		6.382
v 261.15 		223.896 		6.382
v 261.014 		223.805 		6.382
v 260.89 		223.697 		6.382
v 259.526 		218.914 		6.382
v 260.054 		218.654 		6.382
v 260.611 		218.464 		6.382
v 261.189 		218.35 		6.382
v 262.276 		172.156 		6.406
v 262.276 		192.694 		6.406
v 262.276 		118.109 		6.406
v 262.276 		138.646 		6.406
v 262.276 		84.599 		6.406
v 261.026 		41.811 		6.604
v 262.276 		64.061 		6.604
v 281.485 		55.388 		5.352
v 310.99 		55.388 		5.352
v 281.485 		55.388 		6.604
v 285.126 		56.011 		6.604
v 285.126 		58.011 		6.604
v 270.026 		41.811 		6.604
v 285.126 		56.011 		9.087
v 285.126 		53.511 		9.038
v 285.126 		58.011 		12.587
v 305.676 		56.011 		6.604
v 305.676 		58.011 		6.604
v 286.876 		58.011 		6.604
v 286.876 		56.011 		6.604
v 305.676 		56.011 		9.087
v 305.676 		53.511 		9.038
v 305.676 		58.011 		12.587
v 310.99 		55.388 		6.604
v 307.426 		58.011 		6.604
v 307.426 		56.011 		6.604
v 322.026 		42.061 		6.604
v 330.498 		227.218 		6.382
v 329.941 		227.408 		6.382
v 329.363 		227.523 		6.382
v 307.426 		56.011 		9.087
v 307.426 		58.011 		12.587
v 307.426 		53.511 		9.038
v 329.047 		221.273 		6.382
v 329.211 		221.284 		6.382
v 329.371 		221.316 		6.382
v 329.527 		221.368 		6.382
v 329.674 		221.441 		6.382
v 286.876 		56.011 		9.087
v 286.876 		58.011 		12.587
v 286.876 		53.511 		9.038
v 262.276 		65.561 		6.604
v 265.526 		46.311 		6.604
v 262.5822 		65.561 		6.382
v 266.288 		42.805 		31.388
v 266.412 		42.697 		31.388
v 266.52 		42.573 		31.388
v 266.611 		42.437 		31.388
v 329.81 		221.532 		6.382
v 329.933 		221.64 		6.382
v 330.041 		221.763 		6.382
v 330.132 		221.899 		6.382
v 330.204 		222.046 		6.382
v 330.257 		222.201 		6.382
v 330.289 		222.362 		6.382
v 330.3 		222.525 		6.382
v 330.289 		222.689 		6.382
v 330.257 		222.85 		6.382
v 330.204 		223.005 		6.382
v 330.132 		223.152 		6.382
v 266.683 		42.29 		31.388
v 266.736 		42.135 		31.388
v 266.768 		41.974 		31.388
v 266.779 		41.811 		31.388
v 266.768 		41.648 		31.388
v 266.736 		41.487 		31.388
v 329.674 		223.61 		6.382
v 329.527 		223.683 		6.382
v 329.371 		223.735 		6.382
v 329.211 		223.767 		6.382
v 329.047 		223.778 		6.382
v 272.836 		2.45 		0
v 274.591 		25.955 		0
v 272.964 		27.617 		0
v 273.04 		27.53 		0
v 273.126 		27.455 		0
v 273.222 		27.391 		0
v 273.324 		27.34 		0
v 330.041 		223.288 		6.382
v 329.933 		223.411 		6.382
v 329.81 		223.519 		6.382
v 272.9 		28.589 		0
v 272.85 		28.487 		0
v 272.85 		27.815 		0
v 272.9 		27.712 		0
v 329.363 		218.6 		6.382
v 273.433 		27.303 		0
v 273.546 		27.281 		0
v 329.941 		218.714 		6.382
v 273.66 		27.273 		0
v 273.775 		27.281 		0
v 330.498 		218.904 		6.382
v 273.887 		27.303 		0
v 273.996 		27.34 		0
v 274.099 		27.391 		0
v 274.194 		27.455 		0
v 274.281 		27.53 		0
v 330.423 		44.311 		32
v 330.096 		44.8 		32
v 329.708 		45.243 		32
v 274.356 		27.617 		0
v 329.265 		45.631 		32
v 330.988 		41.474 		32
v 331.026 		42.061 		32
v 330.988 		42.648 		32
v 330.873 		43.226 		32
v 330.683 		43.783 		32
v 274.42 		27.712 		0
v 330.423 		39.811 		32
v 330.683 		40.339 		32
v 330.873 		40.896 		32
v 329.265 		38.491 		32
v 329.708 		38.879 		32
v 330.096 		39.322 		32
v 274.42 		28.589 		0
v 274.471 		27.815 		0
v 274.508 		27.924 		0
v 274.53 		28.036 		0
v 269.988 		41.224 		6.604
v 274.538 		28.151 		0
v 274.53 		28.265 		0
v 274.508 		28.378 		0
v 274.471 		28.487 		0
v 269.988 		42.398 		6.604
v 273.324 		28.961 		0
v 273.222 		28.911 		0
v 269.873 		42.976 		6.604
v 273.126 		28.847 		0
v 273.04 		28.771 		0
v 269.683 		43.533 		6.604
v 272.964 		28.685 		0
v 269.423 		44.061 		6.604
v 273.66 		29.028 		0
v 273.546 		29.021 		0
v 269.096 		44.55 		6.604
v 273.433 		28.998 		0
v 268.708 		44.993 		6.604
v 274.356 		28.685 		0
v 268.265 		45.381 		6.604
v 274.281 		28.771 		0
v 274.194 		28.847 		0
v 267.776 		45.708 		6.604
v 274.099 		28.911 		0
v 273.996 		28.961 		0
v 267.248 		45.968 		6.604
v 273.887 		28.998 		0
v 273.775 		29.021 		0
v 266.691 		46.158 		6.604
v 266.779 		41.811 		6.604
v 266.768 		41.974 		6.604
v 266.736 		42.135 		6.604
v 266.683 		42.29 		6.604
v 266.611 		42.437 		6.604
v 266.52 		42.573 		6.604
v 266.412 		42.697 		6.604
v 266.288 		42.805 		6.604
v 266.52 		41.049 		6.604
v 266.611 		41.185 		6.604
v 266.683 		41.332 		6.604
v 266.736 		41.487 		6.604
v 266.768 		41.648 		6.604
v 266.683 		41.332 		31.388
v 266.611 		41.185 		31.388
v 266.52 		41.049 		31.388
v 266.691 		46.158 		31.388
v 330.988 		41.474 		6.604
v 269.988 		41.224 		31.388
v 270.026 		41.811 		31.388
v 269.988 		42.398 		31.388
v 269.873 		42.976 		31.388
v 269.683 		43.533 		31.388
v 269.423 		44.061 		31.388
v 269.096 		44.55 		31.388
v 268.708 		44.993 		31.388
v 268.265 		45.381 		31.388
v 267.776 		45.708 		31.388
v 267.248 		45.968 		31.388
v 330.988 		42.648 		6.604
v 264.532 		41.049 		31.388
v 330.873 		43.226 		6.604
v 264.441 		41.185 		31.388
v 330.683 		43.783 		6.604
v 264.369 		41.332 		31.388
v 264.316 		41.487 		31.388
v 330.423 		44.311 		6.604
v 264.284 		41.648 		31.388
v 330.096 		44.8 		6.604
v 264.274 		41.811 		31.388
v 264.284 		41.974 		31.388
v 329.708 		45.243 		6.604
v 264.316 		42.135 		31.388
v 329.265 		45.631 		6.604
v 264.369 		42.29 		31.388
v 264.441 		42.437 		31.388
v 264.532 		42.573 		31.388
v 264.64 		42.697 		31.388
v 264.764 		42.805 		31.388
v 264.9 		42.896 		31.388
v 329.265 		38.491 		6.604
v 265.047 		42.968 		31.388
v 329.708 		38.879 		6.604
v 266.005 		42.968 		31.388
v 330.096 		39.322 		6.604
v 266.152 		42.896 		31.388
v 330.423 		39.811 		6.604
v 330.683 		40.339 		6.604
v 265.202 		43.021 		31.388
v 265.363 		43.053 		31.388
v 330.873 		40.896 		6.604
v 265.526 		43.064 		31.388
v 265.689 		43.053 		31.388
v 265.85 		43.021 		31.388
v 329.026 		192.694 		30.775
v 329.026 		172.156 		30.775
v 329.026 		192.694 		6.406
v 329.026 		172.156 		6.406
v 329.026 		138.646 		30.775
v 329.026 		118.109 		30.775
v 265.526 		46.311 		31.388
v 264.939 		46.273 		31.388
v 329.026 		138.646 		6.406
v 264.361 		46.158 		31.388
v 329.026 		118.109 		6.406
v 329.026 		84.599 		30.775
v 266.113 		46.273 		31.388
v 329.026 		64.061 		30.775
v 329.026 		84.599 		6.406
v 272.836 		-2.724 		6.604
v 263.804 		45.968 		31.388
v 263.276 		45.708 		31.388
v 262.787 		45.381 		31.388
v 262.344 		44.993 		31.388
v 265.526 		37.311 		6.604
v 266.412 		40.925 		31.388
v 274.591 		32.276 		6.604
v 266.288 		40.817 		31.388
v 283.726 		-0.316 		6.604
v 283.726 		-0.316 		8.604
v 283.726 		1.625 		8.604
v 283.726 		1.625 		6.604
v 272.866 		-0.076 		6.604
v 272.903 		-0.185 		6.604
v 272.954 		-0.288 		6.604
v 273.018 		-0.383 		6.604
v 269.873 		40.646 		31.388
v 273.093 		-0.47 		6.604
v 273.18 		-0.545 		6.604
v 273.275 		-0.609 		6.604
v 269.683 		40.089 		31.388
v 266.691 		37.464 		31.388
v 267.248 		37.654 		31.388
v 273.378 		-0.66 		6.604
v 267.776 		37.914 		31.388
v 268.265 		38.241 		31.388
v 268.708 		38.629 		31.388
v 269.096 		39.072 		31.388
v 269.423 		39.561 		31.388
v 265.526 		40.559 		31.388
v 265.363 		40.569 		31.388
v 273.487 		-0.697 		6.604
v 265.202 		40.601 		31.388
v 273.599 		-0.719 		6.604
v 265.047 		40.654 		31.388
v 273.714 		-0.727 		6.604
v 264.9 		40.726 		31.388
v 273.828 		-0.719 		6.604
v 264.764 		40.817 		31.388
v 273.941 		-0.697 		6.604
v 264.64 		40.925 		31.388
v 274.05 		-0.66 		6.604
v 274.153 		-0.609 		6.604
v 274.248 		-0.545 		6.604
v 274.334 		-0.47 		6.604
v 274.41 		-0.383 		6.604
v 274.474 		-0.288 		6.604
v 274.524 		-0.185 		6.604
v 274.561 		-0.076 		6.604
v 273.378 		0.961 		6.604
v 273.275 		0.911 		6.604
v 273.18 		0.847 		6.604
v 273.093 		0.771 		6.604
v 273.018 		0.685 		6.604
v 272.954 		0.589 		6.604
v 272.903 		0.487 		6.604
v 272.866 		0.378 		6.604
v 272.844 		0.265 		6.604
v 272.836 		0.151 		6.604
v 272.844 		0.036 		6.604
v 273.599 		1.021 		6.604
v 273.714 		1.028 		6.604
v 273.487 		0.998 		6.604
v 274.41 		0.685 		6.604
v 274.334 		0.771 		6.604
v 274.248 		0.847 		6.604
v 274.153 		0.911 		6.604
v 274.05 		0.961 		6.604
v 273.941 		0.998 		6.604
v 273.828 		1.021 		6.604
v 274.584 		0.036 		6.604
v 266.113 		46.273 		6.604
v 274.591 		0.151 		6.604
v 274.584 		0.265 		6.604
v 274.561 		0.378 		6.604
v 274.524 		0.487 		6.604
v 274.474 		0.589 		6.604
v 264.939 		46.273 		6.604
v 264.361 		46.158 		6.604
v 272.836 		2.45 		6.604
v 272.964 		27.617 		6.604
v 263.804 		45.968 		6.604
v 273.04 		27.53 		6.604
v 273.126 		27.455 		6.604
v 273.222 		27.391 		6.604
v 263.276 		45.708 		6.604
v 273.324 		27.34 		6.604
v 262.787 		45.381 		6.604
v 272.9 		28.589 		6.604
v 272.85 		28.487 		6.604
v 262.344 		44.993 		6.604
v 272.85 		27.815 		6.604
v 272.9 		27.712 		6.604
v 273.433 		27.303 		6.604
v 264.284 		41.974 		6.604
v 273.546 		27.281 		6.604
v 264.274 		41.811 		6.604
v 264.284 		41.648 		6.604
v 264.316 		41.487 		6.604
v 264.369 		41.332 		6.604
v 264.441 		41.185 		6.604
v 264.532 		41.049 		6.604
v 273.66 		27.273 		6.604
v 273.775 		27.281 		6.604
v 273.887 		27.303 		6.604
v 273.996 		27.34 		6.604
v 274.099 		27.391 		6.604
v 274.194 		27.455 		6.604
v 274.281 		27.53 		6.604
v 274.356 		27.617 		6.604
v 274.42 		27.712 		6.604
v 274.42 		28.589 		6.604
v 274.471 		27.815 		6.604
v 274.508 		27.924 		6.604
v 274.53 		28.036 		6.604
v 274.538 		28.151 		6.604
v 266.152 		42.896 		6.604
v 266.005 		42.968 		6.604
v 274.53 		28.265 		6.604
v 265.047 		42.968 		6.604
v 264.9 		42.896 		6.604
v 264.764 		42.805 		6.604
v 264.64 		42.697 		6.604
v 274.508 		28.378 		6.604
v 264.532 		42.573 		6.604
v 264.441 		42.437 		6.604
v 264.369 		42.29 		6.604
v 264.316 		42.135 		6.604
v 274.471 		28.487 		6.604
v 273.324 		28.961 		6.604
v 273.222 		28.911 		6.604
v 273.126 		28.847 		6.604
v 273.04 		28.771 		6.604
v 272.964 		28.685 		6.604
v 273.546 		29.021 		6.604
v 273.66 		29.028 		6.604
v 273.433 		28.998 		6.604
v 274.356 		28.685 		6.604
v 274.281 		28.771 		6.604
v 274.194 		28.847 		6.604
v 274.099 		28.911 		6.604
v 273.996 		28.961 		6.604
v 273.887 		28.998 		6.604
v 273.775 		29.021 		6.604
v 280.591 		2.45 		6.604
v 280.591 		25.955 		6.604
v 281.485 		2.383 		6.604
v 261.956 		44.55 		6.604
v 261.629 		44.061 		6.604
v 261.369 		43.533 		6.604
v 261.179 		42.976 		6.604
v 261.065 		42.398 		6.604
v 261.065 		41.224 		6.604
v 265.85 		43.021 		6.604
v 265.689 		43.053 		6.604
v 265.526 		43.064 		6.604
v 265.363 		43.053 		6.604
v 265.202 		43.021 		6.604
v 261.179 		40.646 		6.604
v 261.369 		40.089 		6.604
v 261.629 		39.561 		6.604
v 261.956 		39.072 		6.604
v 266.691 		37.464 		6.604
v 267.248 		37.654 		6.604
v 267.776 		37.914 		6.604
v 268.265 		38.241 		6.604
v 268.708 		38.629 		6.604
v 269.096 		39.072 		6.604
v 269.423 		39.561 		6.604
v 269.683 		40.089 		6.604
v 269.873 		40.646 		6.604
v 266.288 		40.817 		6.604
v 266.412 		40.925 		6.604
v 266.113 		37.35 		6.604
v 262.344 		38.629 		6.604
v 262.787 		38.241 		6.604
v 263.276 		37.914 		6.604
v 263.804 		37.654 		6.604
v 264.361 		37.464 		6.604
v 264.939 		37.35 		6.604
v 264.64 		40.925 		6.604
v 264.764 		40.817 		6.604
v 264.9 		40.726 		6.604
v 265.047 		40.654 		6.604
v 265.202 		40.601 		6.604
v 265.363 		40.569 		6.604
v 265.526 		40.559 		6.604
v 265.689 		40.569 		6.604
v 265.85 		40.601 		6.604
v 266.005 		40.654 		6.604
v 266.152 		40.726 		6.604
v 266.152 		40.726 		31.388
v 266.005 		40.654 		31.388
v 265.85 		40.601 		31.388
v 265.689 		40.569 		31.388
v 264.939 		37.35 		31.388
v 265.526 		37.311 		31.388
v 266.113 		37.35 		31.388
v 264.361 		37.464 		31.388
v 262.344 		38.629 		31.388
v 262.787 		38.241 		31.388
v 263.276 		37.914 		31.388
v 263.804 		37.654 		31.388
v 317.533 		2.45 		0
v 317.586 		25.955 		0
v 318.349 		27.281 		0
v 318.464 		27.273 		0
v 318.237 		27.303 		0
v 318.128 		27.34 		0
v 318.025 		27.391 		0
v 317.93 		27.455 		0
v 317.843 		27.53 		0
v 317.768 		27.617 		0
v 317.704 		27.712 		0
v 317.653 		27.815 		0
v 317.616 		27.924 		0
v 317.594 		28.036 		0
v 317.586 		28.151 		0
v 317.594 		28.265 		0
v 317.616 		28.378 		0
v 317.653 		28.487 		0
v 317.704 		28.589 		0
v 319.16 		27.617 		0
v 319.084 		27.53 		0
v 318.998 		27.455 		0
v 318.903 		27.391 		0
v 318.8 		27.34 		0
v 318.691 		27.303 		0
v 318.578 		27.281 		0
v 319.224 		28.589 		0
v 319.274 		28.487 		0
v 319.274 		27.815 		0
v 319.224 		27.712 		0
v 317.768 		28.685 		0
v 317.843 		28.771 		0
v 317.93 		28.847 		0
v 318.025 		28.911 		0
v 318.128 		28.961 		0
v 318.237 		28.998 		0
v 318.349 		29.021 		0
v 318.464 		29.028 		0
v 318.578 		29.021 		0
v 318.691 		28.998 		0
v 318.8 		28.961 		0
v 318.903 		28.911 		0
v 318.998 		28.847 		0
v 319.084 		28.771 		0
v 319.16 		28.685 		0
v 275.787 		241 		0
v 275.7482 		240.9502 		0
v 275.1256 		240.992 		0
v 274.0817 		240.9819 		0
v 273.0421 		240.912 		0
v 272.0068 		240.7624 		0
v 325.939 		46.523 		6.604
v 325.361 		46.408 		6.604
v 324.804 		46.218 		6.604
v 324.276 		45.958 		6.604
v 323.787 		45.631 		6.604
v 325.555 		41.362 		6.604
v 325.587 		41.201 		6.604
v 325.587 		41.85 		6.604
v 325.555 		41.689 		6.604
v 325.545 		41.525 		6.604
v 325.912 		42.411 		6.604
v 325.804 		42.288 		6.604
v 325.713 		42.152 		6.604
v 325.64 		42.005 		6.604
v 325.64 		41.046 		6.604
v 323.344 		45.243 		6.604
v 322.956 		44.8 		6.604
v 322.629 		44.311 		6.604
v 322.369 		43.783 		6.604
v 322.179 		43.226 		6.604
v 322.065 		42.648 		6.604
v 322.065 		41.474 		6.604
v 322.179 		40.896 		6.604
v 322.369 		40.339 		6.604
v 322.629 		39.811 		6.604
v 322.956 		39.322 		6.604
v 323.344 		38.879 		6.604
v 323.787 		38.491 		6.604
v 324.276 		38.164 		6.604
v 324.804 		37.904 		6.604
v 325.361 		37.714 		6.604
v 325.939 		37.6 		6.604
v 325.713 		40.899 		6.604
v 325.804 		40.763 		6.604
v 325.912 		40.64 		6.604
v 326.026 		172.156 		30.775
v 326.026 		192.694 		30.775
v 326.026 		192.694 		6.406
v 326.026 		172.156 		6.406
v 326.026 		118.109 		30.775
v 326.026 		138.646 		30.775
v 326.026 		138.646 		6.406
v 326.026 		118.109 		6.406
v 326.026 		84.599 		30.775
v 326.026 		65.561 		6.604
v 326.026 		64.061 		6.604
v 326.026 		64.061 		30.775
v 326.026 		84.599 		6.406
v 326.026 		65.561 		6.406
v 328.776 		227.561 		32
v 328.189 		227.523 		32
v 328.568 		221.368 		32
v 328.421 		221.441 		32
v 328.285 		221.532 		32
v 328.162 		221.64 		32
v 328.054 		221.763 		32
v 327.963 		221.899 		32
v 327.89 		222.046 		32
v 327.837 		222.201 		32
v 328.884 		221.284 		32
v 328.723 		221.316 		32
v 327.805 		222.362 		32
v 327.795 		222.525 		32
v 327.805 		222.689 		32
v 327.837 		222.85 		32
v 327.89 		223.005 		32
v 327.963 		223.152 		32
v 328.054 		223.288 		32
v 328.162 		223.411 		32
v 328.285 		223.519 		32
v 328.421 		223.61 		32
v 328.568 		223.683 		32
v 328.723 		223.735 		32
v 328.884 		223.767 		32
v 327.611 		227.408 		32
v 327.054 		227.218 		32
v 326.526 		226.958 		32
v 326.037 		226.631 		32
v 328.189 		218.6 		32
v 328.776 		218.561 		32
v 326.526 		219.164 		32
v 327.054 		218.904 		32
v 327.611 		218.714 		32
v 326.037 		219.491 		32
v 327.683 		42.411 		32
v 327.791 		42.288 		32
v 327.882 		42.152 		32
v 327.954 		42.005 		32
v 328.007 		41.85 		32
v 328.039 		41.689 		32
v 328.05 		41.525 		32
v 328.039 		41.362 		32
v 328.007 		41.201 		32
v 327.954 		41.046 		32
v 327.691 		46.408 		32
v 328.776 		45.958 		32
v 328.248 		46.218 		32
v 326.035 		42.519 		32
v 326.171 		42.61 		32
v 326.318 		42.683 		32
v 326.473 		42.735 		32
v 326.634 		42.767 		32
v 326.797 		42.778 		32
v 326.961 		42.767 		32
v 327.121 		42.735 		32
v 327.277 		42.683 		32
v 327.424 		42.61 		32
v 327.56 		42.519 		32
v 326.526 		46.561 		32
v 327.113 		46.523 		32
v 327.882 		40.899 		32
v 327.791 		40.763 		32
v 327.683 		40.64 		32
v 270.9755 		240.5527 		0
v 269.9591 		240.2654 		0
v 268.9558 		239.9205 		0
v 267.9582 		239.4941 		0
v 266.9944 		239.0192 		0
v 266.0446 		238.4663 		0
v 265.1116 		237.856 		0
v 264.2224 		237.1866 		0
v 263.3297 		236.4424 		0
v 262.5114 		235.668 		0
v 274.5313 		240.992 		0
v 272.4509 		240.8323 		0
v 270.3836 		240.3912 		0
v 268.3705 		239.6764 		0
v 266.4162 		238.6887 		0
v 264.5749 		237.4586 		0
v 262.8333 		235.9792 		0
v 314.515 		241 		0
v 321.2149 		239.9654 		0
v 320.2018 		240.3138 		0
v 319.1895 		240.5806 		0
v 318.1514 		240.7917 		0
v 317.1154 		240.9217 		0
v 316.0696 		240.992 		0
v 315.0257 		240.9819 		0
v 314.5538 		240.9502 		0
v 321.6207 		239.806 		0
v 319.5884 		240.4811 		0
v 317.5383 		240.8744 		0
v 315.4753 		240.992 		0
v 275.7482 		240.9502 		6.382
v 275.1256 		240.992 		6.382
v 274.5313 		240.992 		6.382
v 274.0817 		240.9819 		6.382
v 273.0421 		240.912 		6.382
v 272.4509 		240.8323 		6.382
v 272.0068 		240.7624 		6.382
v 270.9755 		240.5527 		6.382
v 270.3836 		240.3912 		6.382
v 269.9591 		240.2654 		6.382
v 268.9558 		239.9205 		6.382
v 268.3705 		239.6764 		6.382
v 267.9582 		239.4941 		6.382
v 266.9944 		239.0192 		6.382
v 266.4162 		238.6887 		6.382
v 275.787 		241 		6.382
v 266.276 		222.811 		6.382
v 319.311 		28.378 		0
v 319.334 		28.265 		0
v 319.341 		28.151 		0
v 319.334 		28.036 		0
v 319.311 		27.924 		0
v 327.691 		37.714 		32
v 328.248 		37.904 		32
v 328.776 		38.164 		32
v 326.634 		40.284 		32
v 326.473 		40.316 		32
v 326.318 		40.368 		32
v 326.171 		40.441 		32
v 326.035 		40.532 		32
v 326.797 		40.273 		32
v 327.56 		40.532 		32
v 321.6207 		239.806 		6.382
v 327.424 		40.441 		32
v 321.2149 		239.9654 		6.382
v 320.2018 		240.3138 		6.382
v 319.5884 		240.4811 		6.382
v 319.1895 		240.5806 		6.382
v 318.1514 		240.7917 		6.382
v 317.5383 		240.8744 		6.382
v 317.1154 		240.9217 		6.382
v 316.0696 		240.992 		6.382
v 327.277 		40.368 		32
v 315.4753 		240.992 		6.382
v 315.0257 		240.9819 		6.382
v 314.5538 		240.9502 		6.382
v 327.121 		40.316 		32
v 326.961 		40.284 		32
v 314.515 		241 		6.382
v 326.526 		37.561 		32
v 327.113 		37.6 		32
v 311.533 		2.45 		0
v 266.0446 		238.4663 		6.382
v 265.1116 		237.856 		6.382
v 264.5749 		237.4586 		6.382
v 264.2224 		237.1866 		6.382
v 263.3297 		236.4424 		6.382
v 262.8333 		235.9792 		6.382
v 262.5114 		235.668 		6.382
v 262.986 		223.135 		31.388
v 263.018 		222.974 		31.388
v 263.029 		222.811 		31.388
v 263.018 		222.648 		31.388
v 262.986 		222.487 		31.388
v 262.933 		222.332 		31.388
v 262.861 		222.185 		31.388
v 262.77 		222.049 		31.388
v 262.662 		221.925 		31.388
v 262.538 		221.817 		31.388
v 262.402 		221.726 		31.388
v 262.402 		223.896 		31.388
v 262.538 		223.805 		31.388
v 262.662 		223.697 		31.388
v 262.77 		223.573 		31.388
v 262.861 		223.437 		31.388
v 262.933 		223.29 		31.388
v 262.941 		227.158 		31.388
v 262.363 		227.273 		31.388
v 266.123 		221.646 		31.388
v 266.238 		222.224 		31.388
v 266.276 		222.811 		31.388
v 266.238 		223.398 		31.388
v 266.123 		223.976 		31.388
v 265.933 		224.533 		31.388
v 265.673 		225.061 		31.388
v 265.346 		225.55 		31.388
v 264.958 		225.993 		31.388
v 264.515 		226.381 		31.388
v 264.026 		226.708 		31.388
v 263.498 		226.968 		31.388
v 265.346 		220.072 		31.388
v 265.673 		220.561 		31.388
v 265.933 		221.089 		31.388
v 262.363 		218.35 		31.388
v 262.941 		218.464 		31.388
v 263.498 		218.654 		31.388
v 264.026 		218.914 		31.388
v 264.515 		219.241 		31.388
v 264.958 		219.629 		31.388
v 311.533 		25.955 		0
v 310.99 		2.383 		5.352
v 305.676 		-2.724 		6.604
v 307.291 		-4.689 		5.238
v 307.044 		-4.689 		5.322
v 306.787 		-4.689 		5.373
v 306.526 		-4.689 		5.39
v 306.265 		-4.689 		5.373
v 306.008 		-4.689 		5.322
v 305.761 		-4.689 		5.238
v 307.291 		-4.689 		1.542
v 306.265 		-4.689 		1.407
v 306.526 		-4.689 		1.39
v 306.787 		-4.689 		1.407
v 307.044 		-4.689 		1.458
v 305.761 		-4.689 		1.542
v 306.008 		-4.689 		1.458
v 307.291 		-2.724 		5.238
v 307.044 		-2.724 		5.322
v 306.787 		-2.724 		5.373
v 306.526 		-2.724 		5.39
v 306.265 		-2.724 		5.373
v 306.008 		-2.724 		5.322
v 305.761 		-2.724 		5.238
v 307.291 		-2.724 		1.542
v 306.526 		-2.724 		1.39
v 306.787 		-2.724 		1.407
v 307.044 		-2.724 		1.458
v 305.761 		-2.724 		1.542
v 306.008 		-2.724 		1.458
v 306.265 		-2.724 		1.407
v 305.676 		-2.724 		0
v 280.591 		2.45 		0
v 280.591 		25.955 		0
v 281.485 		2.383 		5.352
v 328.5089 		234.9217 		0
v 327.6898 		235.7727 		0
v 328.8105 		234.5853 		0
v 266.586 		2.45 		0
v 326.8564 		236.539 		0
v 327.1766 		236.2512 		0
v 266.586 		25.955 		0
v 272.813 		28.378 		0
v 272.79 		28.265 		0
v 328.776 		218.561 		6.382
v 272.783 		28.151 		0
v 272.79 		28.036 		0
v 272.813 		27.924 		0
v 328.8105 		234.5853 		6.382
v 328.5089 		234.9217 		6.382
v 327.6898 		235.7727 		6.382
v 327.1766 		236.2512 		6.382
v 326.8564 		236.539 		6.382
v 328.776 		227.561 		6.382
v 286.787 		-4.689 		1.407
v 328.189 		227.523 		6.382
v 285.308 		-4.689 		1.803
v 285.526 		-4.689 		1.658
v 285.761 		-4.689 		1.542
v 328.421 		221.441 		6.382
v 328.568 		221.368 		6.382
v 327.837 		222.201 		6.382
v 327.89 		222.046 		6.382
v 327.963 		221.899 		6.382
v 328.054 		221.763 		6.382
v 328.162 		221.64 		6.382
v 328.285 		221.532 		6.382
v 328.723 		221.316 		6.382
v 328.884 		221.284 		6.382
v 327.963 		223.152 		6.382
v 327.89 		223.005 		6.382
v 327.837 		222.85 		6.382
v 327.805 		222.689 		6.382
v 327.795 		222.525 		6.382
v 327.805 		222.362 		6.382
v 328.884 		223.767 		6.382
v 328.723 		223.735 		6.382
v 328.568 		223.683 		6.382
v 328.421 		223.61 		6.382
v 328.285 		223.519 		6.382
v 328.162 		223.411 		6.382
v 328.054 		223.288 		6.382
v 327.611 		227.408 		6.382
v 327.054 		227.218 		6.382
v 328.776 		45.958 		6.604
v 326.526 		226.958 		6.382
v 326.037 		226.631 		6.382
v 328.248 		46.218 		6.604
v 327.691 		46.408 		6.604
v 328.189 		218.6 		6.382
v 288.526 		-2.724 		6.53
v 298.026 		-0.316 		7.09
v 298.026 		-0.316 		6.604
v 326.037 		219.491 		6.382
v 327.954 		41.046 		6.604
v 328.007 		41.201 		6.604
v 328.039 		41.362 		6.604
v 328.05 		41.525 		6.604
v 298.026 		1.625 		6.604
v 328.039 		41.689 		6.604
v 298.026 		1.625 		7.09
v 328.007 		41.85 		6.604
v 327.954 		42.005 		6.604
v 327.882 		42.152 		6.604
v 327.791 		42.288 		6.604
v 327.683 		42.411 		6.604
v 298.026 		-2.643 		7.09
v 298.026 		-2.643 		6.604
v 326.526 		219.164 		6.382
v 298.026 		2.311 		6.604
v 298.026 		2.311 		7.09
v 327.054 		218.904 		6.382
v 295.026 		-0.316 		6.604
v 295.026 		-0.316 		7.09
v 295.026 		1.625 		7.09
v 295.026 		1.625 		6.604
v 327.611 		218.714 		6.382
v 295.026 		-2.643 		6.604
v 295.026 		-2.643 		7.09
v 295.026 		2.311 		7.09
v 295.026 		2.311 		6.604
v 297.276 		1.685 		9.087
v 297.276 		-0.315 		8.604
v 297.276 		1.625 		8.604
v 297.276 		4.185 		9.038
v 297.276 		-0.315 		12.587
v 295.526 		1.685 		9.087
v 295.526 		1.625 		8.604
v 295.526 		-0.315 		8.604
v 295.526 		-0.315 		12.587
v 295.526 		4.185 		9.038
v 326.526 		37.561 		6.604
v 326.526 		46.561 		6.604
v 327.113 		46.523 		6.604
v 297.276 		1.685 		7.09
v 297.276 		1.625 		7.09
v 295.526 		1.625 		7.09
v 295.526 		1.685 		7.09
v 326.634 		42.767 		6.604
v 326.473 		42.735 		6.604
v 326.318 		42.683 		6.604
v 326.171 		42.61 		6.604
v 326.035 		42.519 		6.604
v 326.797 		42.778 		6.604
v 327.56 		42.519 		6.604
v 327.424 		42.61 		6.604
v 327.277 		42.683 		6.604
v 327.121 		42.735 		6.604
v 326.961 		42.767 		6.604
v 305.526 		-4.689 		5.122
v 305.308 		-4.689 		4.977
v 305.112 		-4.689 		4.804
v 304.939 		-4.689 		4.607
v 304.794 		-4.689 		4.39
v 304.678 		-4.689 		4.155
v 304.594 		-4.689 		3.908
v 304.543 		-4.689 		3.651
v 304.526 		-4.689 		3.39
v 304.543 		-4.689 		3.129
v 304.594 		-4.689 		2.872
v 304.678 		-4.689 		2.625
v 304.794 		-4.689 		2.39
v 304.939 		-4.689 		2.172
v 266.123 		221.646 		6.382
v 305.112 		-4.689 		1.976
v 305.308 		-4.689 		1.803
v 305.526 		-4.689 		1.658
v 288.374 		-4.689 		4.155
v 288.258 		-4.689 		4.39
v 288.113 		-4.689 		4.607
v 287.94 		-4.689 		4.804
v 287.744 		-4.689 		4.977
v 287.526 		-4.689 		5.122
v 287.291 		-4.689 		5.238
v 287.044 		-4.689 		5.322
v 266.238 		222.224 		6.382
v 287.044 		-4.689 		1.458
v 287.291 		-4.689 		1.542
v 287.526 		-4.689 		1.658
v 287.744 		-4.689 		1.803
v 287.94 		-4.689 		1.976
v 288.113 		-4.689 		2.172
v 288.258 		-4.689 		2.39
v 288.374 		-4.689 		2.625
v 288.458 		-4.689 		2.872
v 288.509 		-4.689 		3.129
v 288.526 		-4.689 		3.39
v 288.509 		-4.689 		3.651
v 288.458 		-4.689 		3.908
v 305.526 		-2.724 		5.122
v 305.308 		-2.724 		4.977
v 305.112 		-2.724 		4.804
v 304.939 		-2.724 		4.607
v 304.794 		-2.724 		4.39
v 327.691 		37.714 		6.604
v 304.678 		-2.724 		4.155
v 328.248 		37.904 		6.604
v 304.594 		-2.724 		3.908
v 328.776 		38.164 		6.604
v 304.543 		-2.724 		3.651
v 304.526 		-2.724 		3.39
v 304.543 		-2.724 		3.129
v 304.594 		-2.724 		2.872
v 304.678 		-2.724 		2.625
v 327.683 		40.64 		6.604
v 327.791 		40.763 		6.604
v 327.882 		40.899 		6.604
v 304.794 		-2.724 		2.39
v 304.939 		-2.724 		2.172
v 305.112 		-2.724 		1.976
v 327.113 		37.6 		6.604
v 305.308 		-2.724 		1.803
v 305.526 		-2.724 		1.658
v 266.238 		223.398 		6.382
v 266.123 		223.976 		6.382
v 326.035 		40.532 		6.604
v 326.171 		40.441 		6.604
v 326.318 		40.368 		6.604
v 326.473 		40.316 		6.604
v 326.634 		40.284 		6.604
v 265.933 		224.533 		6.382
v 326.797 		40.273 		6.604
v 326.961 		40.284 		6.604
v 327.121 		40.316 		6.604
v 327.277 		40.368 		6.604
v 327.424 		40.441 		6.604
v 327.56 		40.532 		6.604
v 288.374 		-2.724 		4.155
v 288.258 		-2.724 		4.39
v 265.673 		225.061 		6.382
v 265.346 		225.55 		6.382
v 264.958 		225.993 		6.382
v 264.515 		226.381 		6.382
v 264.026 		226.708 		6.382
v 263.498 		226.968 		6.382
v 262.941 		227.158 		6.382
v 262.363 		227.273 		6.382
v 262.402 		221.726 		6.382
v 262.538 		221.817 		6.382
v 262.662 		221.925 		6.382
v 262.77 		222.049 		6.382
v 262.861 		222.185 		6.382
v 262.933 		222.332 		6.382
v 262.986 		222.487 		6.382
v 263.018 		222.648 		6.382
v 263.029 		222.811 		6.382
v 263.018 		222.974 		6.382
v 262.986 		223.135 		6.382
v 262.933 		223.29 		6.382
v 262.861 		223.437 		6.382
v 262.77 		223.573 		6.382
v 262.662 		223.697 		6.382
v 262.538 		223.805 		6.382
v 262.402 		223.896 		6.382
v 262.363 		218.35 		6.382
v 262.941 		218.464 		6.382
v 263.498 		218.654 		6.382
v 264.026 		218.914 		6.382
v 264.515 		219.241 		6.382
v 264.958 		219.629 		6.382
v 265.346 		220.072 		6.382
v 265.673 		220.561 		6.382
v 265.933 		221.089 		6.382
v 325.538 		2.45 		6.604
v 325.538 		25.955 		6.604
v 325.538 		2.45 		0
v 325.538 		25.955 		0
v 325.9688 		237.2791 		0
v 325.0694 		237.9352 		0
v 324.137 		238.5451 		0
v 323.1762 		239.0838 		0
v 322.2034 		239.5629 		0
v 325.4173 		237.6877 		0
v 323.5636 		238.8728 		0
v 324.137 		238.5451 		6.382
v 323.5636 		238.8728 		6.382
v 323.1762 		239.0838 		6.382
v 322.2034 		239.5629 		6.382
v 324.276 		223.061 		6.382
v 325.9688 		237.2791 		6.382
v 325.4173 		237.6877 		6.382
v 325.0694 		237.9352 		6.382
v 325.594 		226.243 		32
v 325.206 		225.8 		32
v 324.879 		225.311 		32
v 324.619 		224.783 		32
v 324.429 		224.226 		32
v 324.315 		223.648 		32
v 324.276 		223.061 		32
v 324.315 		222.474 		32
v 324.429 		221.896 		32
v 324.619 		221.339 		32
v 324.879 		220.811 		32
v 325.206 		220.322 		32
v 325.594 		219.879 		32
v 288.113 		-2.724 		4.607
v 287.94 		-2.724 		4.804
v 287.744 		-2.724 		4.977
v 287.526 		-2.724 		5.122
v 287.291 		-2.724 		5.238
v 287.044 		-2.724 		5.322
v 287.044 		-2.724 		1.458
v 287.291 		-2.724 		1.542
v 287.526 		-2.724 		1.658
v 287.744 		-2.724 		1.803
v 287.94 		-2.724 		1.976
v 288.113 		-2.724 		2.172
v 288.258 		-2.724 		2.39
v 288.374 		-2.724 		2.625
v 288.458 		-2.724 		2.872
v 288.509 		-2.724 		3.129
v 288.526 		-2.724 		3.39
v 288.509 		-2.724 		3.651
v 288.458 		-2.724 		3.908
v 308.626 		1.625 		8.604
v 308.626 		-0.316 		8.604
v 325.594 		226.243 		6.382
v 325.206 		225.8 		6.382
v 324.879 		225.311 		6.382
v 324.619 		224.783 		6.382
v 324.429 		224.226 		6.382
v 324.315 		223.648 		6.382
v 324.315 		222.474 		6.382
v 324.429 		221.896 		6.382
v 324.619 		221.339 		6.382
v 324.879 		220.811 		6.382
v 325.206 		220.322 		6.382
v 325.594 		219.879 		6.382
v 325.587 		41.201 		32
v 325.555 		41.362 		32
v 325.545 		41.525 		32
v 325.555 		41.689 		32
v 325.587 		41.85 		32
v 325.64 		41.046 		32
v 325.64 		42.005 		32
v 325.713 		42.152 		32
v 325.804 		42.288 		32
v 325.912 		42.411 		32
v 325.939 		46.523 		32
v 325.361 		46.408 		32
v 324.804 		46.218 		32
v 324.276 		45.958 		32
v 323.787 		45.631 		32
v 323.344 		45.243 		32
v 322.956 		44.8 		32
v 322.629 		44.311 		32
v 322.369 		43.783 		32
v 322.179 		43.226 		32
v 322.065 		42.648 		32
v 322.026 		42.061 		32
v 322.065 		41.474 		32
v 325.912 		40.64 		32
v 325.804 		40.763 		32
v 325.713 		40.899 		32
v 325.939 		37.6 		32
v 322.179 		40.896 		32
v 322.369 		40.339 		32
v 322.629 		39.811 		32
v 322.956 		39.322 		32
v 323.344 		38.879 		32
v 323.787 		38.491 		32
v 324.276 		38.164 		32
v 324.804 		37.904 		32
v 325.361 		37.714 		32
v 251.998 		-2.724 		6.604
v 255.244 		65.561 		6.604
v 255.244 		34.3335 		6.53
v 255.244 		32.276 		6.53
v 255.244 		32.276 		6.604
v 251.998 		32.276 		6.604
v 252.0485 		32.276 		6.53
v 251.998 		-2.724 		0
v 255.244 		65.561 		6.382
v 254.76 		57.7734 		0
v 254.76 		57.7734 		6.382
v 254.765 		56.8929 		6.382
v 254.765 		56.1307 		6.382
v 254.7714 		55.6572 		6.382
v 254.8299 		54.2207 		6.382
v 254.8916 		53.4665 		6.382
v 254.9389 		52.9738 		6.382
v 255.1109 		51.5775 		6.382
v 255.2324 		50.8441 		6.382
v 255.244 		50.7793 		6.382
v 254.7988 		57.7236 		6.382
v 254.7714 		55.6572 		0
v 254.8299 		54.2207 		0
v 254.9389 		52.9738 		0
v 255.1109 		51.5775 		0
v 254.7988 		57.7236 		0
v 254.765 		56.8929 		0
v 254.765 		56.1307 		0
v 254.8916 		53.4665 		0
v 255.2324 		50.8441 		0
v 255.244 		50.7793 		0
v 255.244 		34.3335 		0
v 252.0485 		32.276 		0
v 251.998 		32.276 		0
v 254.76 		214.0126 		6.382
v 254.76 		214.0126 		0
v 257.1505 		227.5665 		6.382
v 256.664 		226.34 		6.382
v 256.4146 		225.6213 		6.382
v 256.2649 		225.1688 		6.382
v 255.8741 		223.8627 		6.382
v 255.6838 		223.111 		6.382
v 255.5722 		222.6422 		6.382
v 255.2896 		221.2877 		6.382
v 255.1668 		220.5467 		6.382
v 255.09 		220.0393 		6.382
v 254.9182 		218.6451 		6.382
v 254.8579 		217.9079 		6.382
v 254.823 		217.3969 		6.382
v 254.765 		215.9729 		6.382
v 254.765 		215.2102 		6.382
v 254.7714 		214.737 		6.382
v 254.7988 		214.0624 		6.382
v 254.7714 		214.737 		0
v 254.7988 		214.0624 		0
v 257.1505 		227.5665 		0
v 256.664 		226.34 		0
v 256.2649 		225.1688 		0
v 255.8741 		223.8627 		0
v 255.5722 		222.6422 		0
v 255.2896 		221.2877 		0
v 255.09 		220.0393 		0
v 254.9182 		218.6451 		0
v 254.823 		217.3969 		0
v 254.765 		215.9729 		0
v 254.765 		215.2102 		0
v 256.4146 		225.6213 		0
v 255.6838 		223.111 		0
v 255.1668 		220.5467 		0
v 254.8579 		217.9079 		0
v 258.8297 		230.9175 		0
v 258.2365 		229.8547 		0
v 258.4587 		230.2619 		0
v 257.6579 		228.7117 		0
v 257.3427 		228.0112 		0
v 258.8297 		230.9175 		6.382
v 258.4587 		230.2619 		6.382
v 258.2365 		229.8547 		6.382
v 257.6579 		228.7117 		6.382
v 257.3427 		228.0112 		6.382
v 259.037 		226.381 		31.388
v 258.594 		225.993 		31.388
v 258.206 		225.55 		31.388
v 257.879 		225.061 		31.388
v 257.619 		224.533 		31.388
v 257.429 		223.976 		31.388
v 257.315 		223.398 		31.388
v 257.276 		222.811 		31.388
v 257.315 		222.224 		31.388
v 257.429 		221.646 		31.388
v 257.619 		221.089 		31.388
v 257.879 		220.561 		31.388
v 258.206 		220.072 		31.388
v 258.594 		219.629 		31.388
v 259.037 		219.241 		31.388
# 1789 vertices

g group_0_6383466

usemtl color_6383466
s 0

f 3 	4 	2
f 2 	7 	8
f 2 	8 	3
f 12 	93 	11
f 20 	93 	12
f 21 	105 	20
f 23 	105 	22
f 22 	105 	21
f 24 	105 	23
f 26 	105 	24
f 27 	105 	26
f 30 	109 	29
f 109 	105 	29
f 32 	109 	30
f 33 	109 	32
f 34 	35 	36
f 36 	35 	37
f 37 	35 	151
f 40 	43 	1595
f 56 	28 	42
f 44 	46 	42
f 44 	42 	41
f 93 	1595 	45
f 48 	93 	47
f 49 	50 	51
f 52 	93 	48
f 45 	47 	93
f 49 	53 	50
f 53 	178 	50
f 49 	36 	37
f 49 	37 	53
f 37 	151 	53
f 57 	28 	56
f 38 	1595 	59
f 60 	109 	33
f 61 	62 	65
f 61 	65 	66
f 61 	66 	67
f 61 	67 	68
f 61 	68 	69
f 61 	69 	70
f 72 	56 	46
f 42 	46 	56
f 109 	60 	63
f 72 	74 	57
f 72 	57 	56
f 76 	1115 	75
f 74 	61 	57
f 77 	1115 	76
f 75 	1115 	73
f 74 	78 	61
f 78 	80 	62
f 78 	62 	61
f 80 	82 	65
f 80 	65 	62
f 65 	82 	84
f 65 	84 	66
f 86 	1117 	85
f 84 	87 	67
f 84 	67 	66
f 87 	89 	68
f 87 	68 	67
f 90 	1119 	88
f 88 	1118 	86
f 89 	91 	69
f 89 	69 	68
f 91 	92 	70
f 91 	70 	69
f 54 	1119 	90
f 55 	1119 	54
f 92 	31 	28
f 92 	28 	70
f 34 	51 	50
f 34 	50 	35
f 79 	1115 	77
f 81 	1115 	79
f 83 	1116 	81
f 85 	1116 	83
f 109 	73 	1115
f 50 	151 	35
f 5 	93 	52
f 9 	93 	6
f 5 	6 	93
f 11 	93 	9
f 1702 	147 	36
f 89 	34 	91
f 64 	109 	63
f 71 	109 	64
f 71 	73 	109
f 91 	34 	92
f 38 	39 	1595
f 43 	45 	1595
f 39 	40 	1595
f 97 	1595 	96
f 1595 	1119 	96
f 98 	1595 	97
f 51 	834 	49
f 100 	1595 	99
f 175 	834 	176
f 58 	59 	1595
f 55 	96 	1119
f 98 	99 	1595
f 1595 	100 	58
f 49 	834 	36
f 203 	102 	101
f 74 	51 	78
f 82 	80 	51
f 82 	51 	34
f 46 	44 	51
f 104 	244 	103
f 245 	246 	103
f 72 	46 	51
f 93 	20 	105
f 27 	29 	105
f 72 	51 	74
f 108 	102 	106
f 107 	108 	106
f 103 	105 	106
f 109 	106 	105
f 103 	106 	102
f 102 	219 	103
f 78 	51 	80
f 82 	34 	84
f 84 	34 	87
f 87 	34 	89
f 36 	147 	34
f 1702 	1369 	111
f 112 	1702 	111
f 113 	1702 	112
f 118 	1702 	117
f 115 	1702 	114
f 116 	117 	1702
f 115 	116 	1702
f 119 	120 	1702
f 124 	1362 	123
f 125 	1362 	124
f 126 	1362 	125
f 122 	123 	1362
f 127 	1362 	126
f 129 	1363 	128
f 128 	1362 	127
f 130 	1363 	129
f 133 	678 	132
f 135 	1369 	134
f 136 	137 	1369
f 137 	138 	1369
f 133 	134 	678
f 138 	139 	1369
f 10 	145 	146
f 10 	146 	147
f 131 	678 	144
f 148 	145 	10
f 148 	10 	149
f 153 	1363 	152
f 154 	1363 	153
f 157 	678 	156
f 142 	678 	158
f 162 	28 	161
f 163 	28 	162
f 161 	28 	160
f 61 	28 	57
f 164 	28 	163
f 166 	1363 	165
f 165 	1363 	130
f 167 	170 	159
f 167 	159 	155
f 170 	172 	160
f 170 	160 	159
f 172 	174 	161
f 172 	161 	160
f 174 	175 	162
f 174 	162 	161
f 175 	176 	163
f 175 	163 	162
f 150 	152 	1363
f 154 	156 	1363
f 173 	150 	1363
f 176 	177 	164
f 176 	164 	163
f 177 	44 	41
f 177 	41 	164
f 1498 	1499 	28
f 1507 	1508 	28
f 160 	28 	159
f 178 	53 	151
f 41 	42 	28
f 164 	41 	28
f 70 	28 	61
f 50 	178 	151
f 1362 	149 	1702
f 196 	34 	147
f 195 	34 	196
f 10 	1702 	149
f 179 	149 	1362
f 92 	34 	31
f 31 	34 	194
f 7 	1 	180
f 7 	180 	8
f 7 	2 	1
f 3 	8 	4
f 181 	4 	8
f 180 	181 	8
f 180 	1 	182
f 1596 	1597 	182
f 181 	184 	183
f 4 	181 	183
f 182 	185 	180
f 181 	180 	185
f 181 	185 	184
f 182 	1597 	185
f 184 	185 	183
f 190 	191 	520
f 193 	190 	520
f 194 	34 	195
f 147 	1702 	10
f 190 	193 	198
f 193 	189 	198
f 189 	188 	198
f 188 	192 	198
f 192 	187 	198
f 214 	198 	187
f 174 	172 	834
f 197 	198 	265
f 167 	1421 	170
f 211 	299 	210
f 300 	225 	214
f 211 	225 	300
f 225 	198 	214
f 198 	225 	211
f 198 	211 	210
f 198 	210 	223
f 198 	223 	208
f 198 	208 	207
f 198 	207 	222
f 198 	222 	205
f 198 	205 	204
f 198 	204 	220
f 198 	220 	202
f 198 	202 	201
f 198 	201 	218
f 200 	199 	218
f 199 	216 	218
f 198 	218 	216
f 186 	197 	265
f 186 	258 	273
f 240 	241 	275
f 240 	280 	242
f 241 	243 	275
f 280 	238 	242
f 242 	238 	1720
f 237 	1720 	238
f 236 	273 	243
f 276 	243 	273
f 786 	784 	254
f 772 	2 	256
f 254 	784 	2
f 236 	186 	273
f 263 	505 	262
f 261 	262 	505
f 505 	504 	261
f 504 	698 	261
f 258 	265 	267
f 258 	267 	273
f 198 	259 	265
f 261 	199 	262
f 200 	262 	199
f 199 	261 	216
f 260 	216 	261
f 201 	263 	218
f 260 	259 	216
f 198 	216 	259
f 263 	262 	218
f 200 	218 	262
f 186 	265 	258
f 275 	276 	277
f 278 	280 	277
f 280 	281 	277
f 275 	277 	281
f 277 	276 	267
f 276 	273 	267
f 238 	278 	237
f 277 	237 	278
f 849 	113 	112
f 281 	240 	275
f 281 	280 	240
f 275 	243 	276
f 238 	280 	278
f 1594 	1596 	94
f 4 	277 	2
f 254 	2 	277
f 254 	277 	267
f 237 	277 	183
f 4 	183 	277
f 288 	289 	500
f 500 	499 	288
f 295 	500 	289
f 289 	290 	295
f 501 	295 	290
f 291 	501 	290
f 292 	502 	291
f 293 	493 	292
f 294 	494 	293
f 499 	498 	288
f 498 	508 	287
f 286 	287 	508
f 508 	507 	286
f 285 	286 	507
f 505 	263 	506
f 285 	201 	286
f 202 	286 	201
f 288 	204 	289
f 205 	289 	204
f 291 	207 	292
f 208 	292 	207
f 263 	201 	285
f 204 	288 	220
f 287 	220 	288
f 207 	291 	222
f 290 	222 	291
f 293 	223 	210
f 293 	210 	294
f 287 	286 	220
f 202 	220 	286
f 290 	289 	222
f 205 	222 	289
f 293 	292 	223
f 208 	223 	292
f 298 	636 	297
f 297 	635 	296
f 296 	634 	301
f 214 	187 	296
f 189 	298 	188
f 188 	298 	192
f 297 	192 	298
f 297 	296 	192
f 187 	192 	296
f 296 	301 	214
f 214 	301 	300
f 211 	300 	299
f 304 	561 	303
f 305 	554 	304
f 303 	563 	302
f 310 	532 	309
f 311 	544 	316
f 316 	546 	315
f 547 	548 	314
f 314 	315 	547
f 152 	899 	153
f 900 	154 	153
f 171 	169 	910
f 171 	910 	173
f 849 	112 	111
f 303 	302 	494
f 114 	852 	115
f 853 	854 	115
f 313 	500 	307
f 501 	309 	308
f 105 	1039 	93
f 302 	306 	494
f 106 	109 	1332
f 874 	876 	122
f 320 	321 	319
f 344 	322 	345
f 323 	324 	322
f 345 	322 	324
f 312 	499 	313
f 320 	342 	345
f 324 	320 	345
f 323 	321 	320
f 323 	320 	324
f 308 	307 	501
f 344 	319 	322
f 322 	319 	321
f 322 	321 	323
f 328 	1343 	327
f 330 	325 	333
f 326 	333 	325
f 333 	326 	332
f 333 	334 	335
f 333 	335 	336
f 333 	336 	337
f 333 	337 	338
f 333 	338 	339
f 333 	339 	340
f 341 	329 	333
f 330 	333 	329
f 340 	341 	333
f 343 	342 	319
f 320 	319 	342
f 319 	344 	343
f 135 	889 	136
f 347 	330 	329
f 347 	329 	346
f 348 	325 	330
f 348 	330 	347
f 348 	349 	326
f 348 	326 	325
f 136 	889 	137
f 349 	350 	327
f 349 	327 	326
f 350 	351 	328
f 350 	328 	327
f 353 	332 	331
f 353 	331 	352
f 892 	140 	139
f 354 	333 	332
f 354 	332 	353
f 333 	354 	334
f 355 	334 	354
f 356 	335 	334
f 356 	334 	355
f 357 	336 	335
f 357 	335 	356
f 358 	337 	336
f 358 	336 	357
f 895 	143 	896
f 359 	338 	337
f 359 	337 	358
f 143 	895 	144
f 360 	339 	338
f 360 	338 	359
f 361 	340 	339
f 361 	339 	360
f 369 	370 	1781
f 362 	341 	340
f 362 	340 	361
f 329 	341 	362
f 329 	362 	346
f 899 	152 	150
f 900 	153 	899
f 343 	1362 	342
f 345 	102 	344
f 361 	360 	344
f 344 	360 	343
f 357 	343 	358
f 354 	343 	355
f 354 	353 	343
f 102 	351 	344
f 166 	907 	168
f 346 	344 	347
f 347 	344 	348
f 348 	344 	349
f 102 	1348 	351
f 363 	1731 	364
f 349 	344 	350
f 350 	344 	351
f 364 	1731 	365
f 353 	352 	343
f 352 	1355 	343
f 1731 	1732 	365
f 355 	343 	356
f 852 	114 	113
f 356 	343 	357
f 366 	365 	1732
f 853 	115 	852
f 1779 	366 	367
f 358 	343 	359
f 1732 	1733 	366
f 359 	343 	360
f 367 	368 	1779
f 361 	344 	362
f 117 	858 	118
f 1733 	1734 	366
f 362 	344 	346
f 369 	1781 	368
f 868 	119 	866
f 868 	870 	119
f 370 	1737 	371
f 874 	122 	121
f 371 	1738 	374
f 182 	1362 	373
f 375 	373 	1362
f 123 	876 	124
f 376 	1362 	377
f 377 	1362 	378
f 374 	1738 	379
f 383 	1741 	387
f 380 	378 	1362
f 379 	1739 	383
f 381 	380 	1362
f 1786 	379 	383
f 382 	381 	1362
f 384 	382 	1362
f 387 	1741 	388
f 383 	387 	1786
f 129 	882 	130
f 385 	1362 	386
f 1789 	388 	391
f 391 	603 	1789
f 400 	398 	399
f 397 	399 	398
f 395 	394 	182
f 393 	182 	394
f 396 	395 	182
f 406 	403 	405
f 402 	405 	403
f 135 	888 	889
f 401 	182 	404
f 408 	409 	411
f 410 	411 	409
f 407 	404 	182
f 408 	413 	409
f 412 	409 	413
f 138 	892 	139
f 415 	414 	1283
f 419 	800 	418
f 420 	797 	419
f 422 	797 	420
f 423 	795 	422
f 140 	894 	141
f 1034 	875 	430
f 430 	787 	429
f 429 	787 	427
f 787 	789 	427
f 141 	894 	110
f 425 	421 	1283
f 142 	896 	143
f 433 	432 	1038
f 431 	1283 	432
f 435 	434 	1038
f 434 	433 	1038
f 436 	435 	1038
f 437 	436 	1038
f 438 	1038 	439
f 439 	1038 	440
f 156 	902 	157
f 1325 	1326 	468
f 896 	142 	158
f 444 	443 	1596
f 446 	444 	1596
f 447 	446 	1596
f 448 	447 	1596
f 907 	166 	165
f 449 	448 	1596
f 450 	449 	1596
f 451 	450 	1596
f 169 	909 	910
f 456 	483 	455
f 458 	481 	456
f 455 	483 	454
f 451 	1596 	452
f 457 	1596 	389
f 496 	304 	303
f 1787 	1788 	465
f 466 	467 	1787
f 1783 	1784 	471
f 500 	313 	499
f 469 	1325 	468
f 459 	489 	469
f 473 	474 	1782
f 476 	477 	1779
f 474 	475 	1781
f 1778 	1779 	477
f 477 	478 	1777
f 310 	503 	306
f 1776 	1777 	479
f 478 	479 	1777
f 497 	305 	496
f 479 	480 	1775
f 480 	481 	1775
f 316 	508 	311
f 484 	454 	483
f 458 	1775 	481
f 485 	454 	484
f 483 	456 	482
f 498 	499 	311
f 445 	1321 	487
f 486 	1309 	485
f 487 	1309 	486
f 307 	295 	501
f 488 	489 	460
f 461 	488 	460
f 462 	463 	491
f 470 	471 	1785
f 1789 	490 	463
f 1777 	1778 	477
f 1775 	1776 	479
f 482 	456 	481
f 475 	476 	1779
f 1779 	1780 	475
f 507 	315 	314
f 1325 	469 	489
f 459 	460 	489
f 1788 	1789 	465
f 491 	492 	461
f 488 	461 	492
f 507 	508 	315
f 316 	315 	508
f 294 	299 	494
f 294 	210 	299
f 493 	293 	494
f 494 	299 	495
f 306 	493 	494
f 303 	494 	495
f 495 	299 	496
f 299 	300 	496
f 495 	496 	303
f 304 	496 	305
f 312 	311 	499
f 307 	500 	295
f 287 	288 	498
f 501 	291 	502
f 502 	309 	501
f 502 	292 	503
f 503 	292 	493
f 502 	503 	309
f 310 	309 	503
f 493 	306 	503
f 260 	261 	698
f 265 	259 	695
f 507 	506 	285
f 317 	504 	318
f 505 	318 	504
f 318 	505 	314
f 506 	314 	505
f 263 	285 	506
f 507 	314 	506
f 398 	510 	397
f 509 	397 	510
f 403 	512 	402
f 511 	402 	512
f 513 	408 	411
f 498 	311 	508
f 513 	411 	514
f 267 	517 	254
f 516 	1418 	254
f 515 	516 	254
f 515 	254 	517
f 519 	1386 	518
f 520 	1386 	519
f 521 	1413 	520
f 412 	527 	650
f 497 	301 	634
f 298 	189 	518
f 191 	521 	520
f 519 	193 	520
f 519 	518 	193
f 189 	193 	518
f 529 	606 	650
f 565 	566 	531
f 530 	531 	566
f 525 	565 	531
f 533 	309 	532
f 537 	538 	558
f 544 	311 	542
f 546 	316 	544
f 542 	312 	541
f 543 	555 	535
f 307 	539 	313
f 306 	564 	310
f 545 	558 	538
f 317 	318 	549
f 567 	317 	528
f 547 	315 	546
f 1212 	236 	1086
f 537 	543 	236
f 1086 	236 	1087
f 1087 	236 	1213
f 1213 	236 	1088
f 308 	536 	307
f 528 	530 	567
f 566 	567 	530
f 537 	236 	538
f 305 	523 	553
f 554 	305 	553
f 559 	560 	562
f 562 	1567 	559
f 558 	559 	1567
f 570 	562 	560
f 1770 	570 	560
f 1771 	570 	1770
f 563 	303 	561
f 557 	558 	1567
f 561 	304 	554
f 1211 	535 	1290
f 532 	310 	564
f 564 	306 	563
f 534 	309 	533
f 536 	308 	534
f 557 	537 	558
f 522 	551 	524
f 552 	524 	551
f 550 	551 	522
f 540 	1765 	560
f 557 	556 	543
f 557 	543 	537
f 524 	552 	523
f 552 	553 	523
f 539 	307 	536
f 541 	313 	539
f 302 	563 	306
f 309 	534 	308
f 560 	559 	545
f 560 	545 	540
f 556 	555 	543
f 526 	528 	317
f 549 	526 	317
f 559 	558 	545
f 313 	541 	312
f 318 	314 	548
f 312 	542 	311
f 548 	549 	318
f 1567 	1566 	557
f 570 	1771 	571
f 571 	1772 	572
f 573 	1774 	363
f 576 	577 	575
f 574 	575 	577
f 574 	577 	578
f 574 	578 	579
f 574 	579 	580
f 574 	580 	581
f 574 	581 	582
f 583 	584 	574
f 568 	574 	584
f 1568 	585 	568
f 582 	583 	574
f 587 	568 	586
f 588 	568 	587
f 574 	568 	588
f 586 	568 	585
f 1568 	1569 	595
f 590 	1568 	589
f 585 	1568 	590
f 593 	1568 	592
f 589 	1568 	593
f 592 	1568 	591
f 595 	596 	1568
f 596 	597 	1568
f 597 	598 	1568
f 598 	599 	1568
f 599 	600 	1568
f 600 	601 	1568
f 601 	602 	1568
f 591 	1568 	602
f 388 	1742 	391
f 1746 	1747 	604
f 391 	1744 	603
f 604 	1747 	605
f 603 	1745 	604
f 605 	650 	606
f 607 	400 	399
f 607 	399 	608
f 609 	406 	405
f 609 	405 	610
f 413 	611 	412
f 527 	412 	611
f 1696 	1699 	986
f 612 	986 	1699
f 1699 	1695 	14
f 834 	1695 	1702
f 984 	420 	419
f 423 	422 	612
f 612 	987 	423
f 206 	203 	376
f 1676 	1106 	1107
f 633 	1681 	1680
f 170 	1421 	172
f 174 	834 	175
f 834 	51 	176
f 44 	177 	51
f 177 	176 	51
f 1364 	1331 	1363
f 1331 	1364 	372
f 240 	242 	1720
f 243 	1730 	236
f 253 	435 	436
f 666 	533 	532
f 662 	539 	536
f 542 	659 	544
f 544 	659 	546
f 206 	376 	377
f 655 	549 	656
f 215 	213 	381
f 305 	497 	523
f 634 	635 	523
f 226 	389 	390
f 522 	524 	636
f 228 	392 	229
f 230 	229 	394
f 247 	425 	428
f 431 	248 	428
f 433 	250 	432
f 434 	250 	433
f 253 	436 	437
f 266 	439 	440
f 268 	266 	441
f 443 	269 	441
f 446 	447 	272
f 530 	642 	531
f 528 	526 	643
f 643 	530 	528
f 375 	203 	373
f 375 	376 	203
f 536 	663 	662
f 662 	541 	539
f 215 	381 	382
f 219 	382 	384
f 658 	546 	659
f 658 	547 	546
f 224 	385 	386
f 414 	224 	386
f 548 	656 	549
f 655 	644 	549
f 551 	550 	676
f 676 	675 	551
f 393 	229 	392
f 393 	394 	229
f 687 	561 	554
f 232 	395 	396
f 687 	686 	561
f 563 	561 	686
f 232 	396 	401
f 686 	564 	563
f 234 	401 	404
f 407 	235 	404
f 634 	523 	497
f 416 	244 	415
f 416 	421 	244
f 247 	428 	248
f 431 	432 	248
f 251 	434 	435
f 440 	441 	266
f 270 	269 	444
f 446 	271 	444
f 450 	282 	449
f 282 	450 	283
f 451 	283 	450
f 226 	457 	389
f 380 	213 	378
f 526 	644 	643
f 219 	384 	385
f 534 	663 	536
f 392 	228 	390
f 542 	541 	660
f 542 	660 	659
f 230 	394 	395
f 234 	404 	235
f 373 	101 	407
f 550 	677 	676
f 552 	551 	675
f 552 	675 	553
f 104 	414 	415
f 244 	104 	415
f 666 	532 	564
f 434 	251 	250
f 437 	255 	253
f 437 	438 	255
f 270 	444 	271
f 279 	448 	449
f 279 	449 	282
f 118 	866 	119
f 125 	124 	878
f 862 	1002 	863
f 125 	878 	126
f 126 	879 	127
f 127 	880 	128
f 641 	531 	642
f 885 	886 	132
f 526 	549 	644
f 886 	887 	133
f 134 	887 	135
f 641 	640 	531
f 533 	666 	665
f 533 	665 	534
f 617 	618 	616
f 619 	616 	730
f 648 	613 	616
f 616 	618 	648
f 656 	548 	547
f 902 	156 	154
f 615 	630 	614
f 903 	904 	157
f 617 	620 	618
f 621 	622 	620
f 618 	620 	622
f 158 	904 	896
f 624 	625 	623
f 648 	625 	1133
f 625 	626 	623
f 630 	623 	626
f 908 	168 	907
f 168 	908 	169
f 629 	624 	627
f 623 	627 	624
f 628 	629 	627
f 565 	1168 	692
f 565 	692 	566
f 630 	1134 	631
f 630 	631 	632
f 300 	301 	497
f 497 	496 	300
f 630 	109 	633
f 633 	1109 	630
f 1109 	1108 	630
f 1108 	1107 	630
f 635 	297 	636
f 1332 	109 	615
f 634 	296 	635
f 524 	523 	635
f 632 	631 	637
f 638 	637 	631
f 116 	115 	854
f 524 	635 	636
f 638 	639 	637
f 116 	854 	117
f 858 	117 	854
f 624 	631 	1133
f 866 	118 	858
f 629 	638 	624
f 631 	624 	638
f 629 	628 	639
f 629 	639 	638
f 630 	632 	623
f 640 	641 	642
f 640 	642 	643
f 640 	643 	644
f 120 	119 	870
f 616 	614 	630
f 627 	623 	632
f 627 	632 	637
f 870 	872 	120
f 627 	637 	639
f 627 	639 	628
f 626 	625 	645
f 646 	645 	625
f 646 	647 	645
f 1137 	650 	1133
f 624 	1133 	625
f 618 	625 	648
f 625 	618 	646
f 646 	618 	622
f 878 	124 	877
f 622 	621 	647
f 622 	647 	646
f 616 	630 	626
f 616 	626 	617
f 620 	617 	626
f 620 	626 	645
f 620 	645 	647
f 620 	647 	621
f 525 	531 	640
f 129 	128 	882
f 743 	616 	745
f 613 	751 	616
f 736 	733 	616
f 906 	754 	613
f 649 	906 	613
f 650 	527 	648
f 144 	897 	131
f 530 	643 	642
f 885 	132 	884
f 131 	884 	132
f 779 	780 	652
f 133 	132 	886
f 777 	778 	654
f 669 	670 	775
f 667 	668 	777
f 1398 	1399 	656
f 657 	1398 	656
f 658 	1398 	657
f 659 	1398 	658
f 660 	1398 	659
f 661 	1398 	660
f 662 	1398 	661
f 663 	1398 	662
f 664 	1398 	663
f 665 	666 	1398
f 666 	685 	1398
f 685 	686 	1398
f 665 	1398 	664
f 137 	889 	890
f 773 	774 	670
f 774 	775 	670
f 137 	890 	138
f 670 	671 	773
f 534 	665 	664
f 534 	664 	663
f 541 	662 	661
f 541 	661 	660
f 898 	150 	911
f 173 	911 	150
f 547 	658 	657
f 157 	902 	903
f 657 	656 	547
f 158 	157 	904
f 130 	883 	165
f 905 	907 	165
f 677 	1409 	676
f 676 	1410 	675
f 173 	910 	911
f 914 	979 	678
f 158 	678 	157
f 143 	678 	142
f 144 	678 	143
f 132 	678 	131
f 136 	1369 	135
f 139 	140 	1369
f 1363 	156 	678
f 553 	675 	674
f 674 	554 	553
f 674 	673 	554
f 682 	1372 	681
f 554 	673 	687
f 686 	687 	1398
f 673 	1398 	687
f 674 	1398 	673
f 693 	679 	684
f 564 	686 	685
f 685 	666 	564
f 695 	692 	265
f 680 	1372 	691
f 267 	265 	692
f 698 	695 	259
f 696 	679 	694
f 566 	692 	695
f 259 	260 	698
f 698 	567 	695
f 566 	695 	567
f 698 	504 	567
f 317 	567 	504
f 708 	1196 	706
f 706 	1173 	705
f 705 	1173 	704
f 1176 	1177 	712
f 713 	1175 	712
f 704 	1174 	713
f 714 	1364 	707
f 703 	679 	702
f 720 	1200 	719
f 1182 	1199 	715
f 716 	1182 	715
f 723 	724 	1364
f 724 	726 	1364
f 1005 	841 	725
f 619 	725 	616
f 728 	729 	1364
f 237 	1364 	729
f 798 	1415 	708
f 721 	237 	729
f 733 	730 	616
f 735 	1725 	734
f 737 	1725 	735
f 736 	616 	738
f 738 	616 	741
f 784 	711 	710
f 712 	711 	784
f 741 	616 	743
f 745 	616 	748
f 791 	704 	713
f 791 	705 	704
f 798 	708 	706
f 749 	237 	747
f 750 	752 	237
f 1725 	237 	752
f 720 	719 	807
f 746 	747 	237
f 749 	750 	237
f 237 	721 	744
f 812 	716 	715
f 716 	812 	717
f 710 	256 	784
f 788 	713 	712
f 791 	713 	788
f 758 	763 	757
f 756 	757 	763
f 759 	763 	758
f 760 	763 	759
f 761 	763 	760
f 762 	763 	761
f 1025 	1006 	762
f 763 	764 	756
f 764 	765 	756
f 755 	756 	765
f 766 	767 	765
f 755 	765 	767
f 768 	855 	672
f 807 	719 	718
f 769 	855 	768
f 815 	717 	812
f 831 	818 	771
f 771 	818 	783
f 815 	772 	717
f 709 	717 	772
f 710 	709 	256
f 772 	256 	709
f 671 	672 	773
f 851 	773 	672
f 668 	669 	775
f 775 	776 	668
f 776 	777 	668
f 654 	667 	777
f 778 	779 	654
f 653 	654 	779
f 652 	653 	779
f 780 	781 	652
f 810 	651 	781
f 781 	782 	810
f 783 	810 	782
f 256 	2 	784
f 712 	784 	786
f 786 	254 	788
f 424 	426 	790
f 786 	788 	712
f 790 	792 	424
f 788 	254 	791
f 423 	424 	792
f 791 	254 	793
f 794 	423 	792
f 791 	793 	705
f 793 	254 	796
f 706 	705 	796
f 793 	796 	705
f 796 	254 	798
f 796 	798 	706
f 946 	744 	721
f 802 	803 	837
f 803 	804 	837
f 836 	837 	804
f 806 	835 	804
f 805 	807 	718
f 807 	2 	809
f 810 	783 	808
f 807 	809 	720
f 720 	809 	715
f 811 	715 	809
f 651 	652 	781
f 811 	2 	812
f 715 	811 	812
f 814 	826 	813
f 812 	2 	815
f 772 	815 	2
f 816 	826 	814
f 828 	835 	813
f 806 	813 	835
f 819 	820 	822
f 808 	783 	818
f 821 	819 	822
f 823 	824 	829
f 827 	823 	829
f 828 	813 	826
f 825 	826 	816
f 817 	831 	816
f 818 	831 	817
f 825 	816 	831
f 832 	515 	830
f 832 	516 	515
f 830 	515 	833
f 833 	515 	517
f 1702 	36 	834
f 423 	794 	795
f 797 	422 	795
f 799 	419 	797
f 838 	417 	802
f 837 	838 	802
f 800 	419 	799
f 836 	804 	835
f 801 	802 	417
f 800 	801 	417
f 417 	418 	800
f 1014 	14 	839
f 1013 	14 	1014
f 616 	725 	841
f 974 	973 	841
f 859 	860 	1026
f 1365 	614 	616
f 857 	859 	1026
f 843 	844 	845
f 843 	845 	846
f 840 	842 	860
f 842 	1026 	860
f 770 	840 	862
f 848 	25 	849
f 852 	850 	834
f 850 	849 	834
f 852 	834 	853
f 851 	672 	855
f 1032 	856 	1028
f 856 	857 	1028
f 860 	861 	840
f 861 	862 	840
f 769 	770 	862
f 862 	863 	769
f 855 	769 	863
f 854 	834 	858
f 917 	682 	681
f 858 	834 	866
f 868 	866 	834
f 873 	1035 	871
f 871 	1037 	869
f 872 	834 	874
f 876 	834 	877
f 834 	843 	877
f 878 	877 	843
f 879 	878 	843
f 880 	879 	843
f 881 	880 	843
f 885 	914 	886
f 888 	887 	25
f 886 	914 	887
f 889 	25 	890
f 892 	891 	25
f 937 	938 	696
f 894 	25 	847
f 939 	700 	699
f 898 	979 	899
f 900 	899 	979
f 900 	979 	901
f 901 	979 	902
f 904 	903 	914
f 748 	616 	751
f 754 	751 	613
f 909 	979 	910
f 649 	613 	912
f 903 	902 	914
f 898 	911 	979
f 910 	979 	911
f 914 	902 	979
f 912 	613 	913
f 891 	890 	25
f 889 	888 	25
f 897 	914 	884
f 895 	914 	897
f 896 	914 	895
f 896 	904 	914
f 884 	914 	885
f 25 	887 	914
f 918 	917 	13
f 915 	14 	917
f 916 	913 	410
f 919 	918 	13
f 921 	919 	13
f 920 	410 	922
f 762 	929 	931
f 762 	931 	932
f 762 	932 	933
f 762 	933 	934
f 762 	934 	935
f 762 	935 	936
f 762 	936 	1015
f 1015 	1016 	762
f 928 	13 	930
f 967 	968 	735
f 937 	13 	938
f 939 	13 	940
f 943 	942 	980
f 944 	943 	980
f 945 	944 	980
f 948 	947 	980
f 947 	945 	980
f 950 	980 	953
f 992 	954 	952
f 951 	952 	954
f 762 	951 	954
f 762 	954 	955
f 762 	955 	956
f 762 	956 	957
f 762 	957 	959
f 762 	959 	960
f 762 	960 	961
f 762 	961 	962
f 929 	762 	962
f 958 	980 	963
f 953 	980 	958
f 984 	419 	418
f 964 	971 	999
f 966 	965 	999
f 680 	915 	681
f 999 	998 	966
f 424 	423 	987
f 987 	426 	424
f 970 	841 	969
f 963 	980 	946
f 972 	946 	841
f 977 	841 	978
f 976 	841 	977
f 975 	841 	976
f 973 	972 	841
f 974 	841 	975
f 417 	925 	982
f 965 	964 	999
f 978 	841 	970
f 841 	999 	969
f 971 	969 	999
f 417 	982 	418
f 616 	841 	980
f 949 	980 	950
f 949 	948 	980
f 942 	941 	980
f 941 	940 	980
f 980 	940 	13
f 13 	939 	938
f 937 	930 	13
f 928 	921 	13
f 420 	985 	422
f 986 	612 	422
f 979 	909 	908
f 979 	908 	907
f 907 	905 	979
f 846 	981 	843
f 981 	979 	843
f 1446 	1451 	846
f 979 	981 	980
f 905 	843 	979
f 981 	616 	980
f 841 	946 	980
f 426 	987 	993
f 993 	994 	426
f 905 	883 	843
f 883 	882 	843
f 882 	881 	843
f 876 	874 	834
f 870 	834 	872
f 868 	834 	870
f 427 	994 	429
f 995 	996 	430
f 995 	430 	429
f 854 	853 	834
f 1695 	834 	25
f 848 	847 	25
f 893 	25 	894
f 893 	892 	25
f 834 	849 	25
f 613 	410 	913
f 702 	701 	942
f 927 	14 	915
f 920 	916 	410
f 703 	702 	942
f 925 	922 	410
f 924 	839 	15
f 923 	1008 	924
f 998 	997 	967
f 16 	15 	14
f 17 	14 	18
f 926 	19 	14
f 926 	14 	927
f 410 	1696 	925
f 982 	925 	1696
f 967 	966 	998
f 982 	983 	418
f 983 	982 	1696
f 984 	983 	1696
f 13 	917 	14
f 14 	19 	18
f 17 	16 	14
f 983 	984 	418
f 984 	985 	420
f 985 	984 	1696
f 986 	985 	1696
f 110 	847 	848
f 110 	848 	111
f 986 	422 	985
f 849 	111 	848
f 850 	113 	849
f 1699 	987 	612
f 852 	113 	850
f 952 	988 	989
f 952 	989 	990
f 952 	990 	991
f 952 	991 	992
f 15 	839 	14
f 987 	1699 	993
f 993 	1699 	994
f 427 	426 	994
f 994 	1699 	995
f 967 	735 	734
f 995 	429 	994
f 121 	120 	872
f 995 	1699 	996
f 996 	1699 	1009
f 1008 	923 	997
f 874 	121 	872
f 123 	122 	876
f 923 	968 	997
f 877 	124 	876
f 411 	410 	613
f 411 	613 	514
f 968 	967 	997
f 403 	406 	609
f 403 	609 	512
f 879 	126 	878
f 398 	400 	607
f 398 	607 	510
f 999 	841 	1000
f 880 	127 	879
f 128 	880 	881
f 1000 	841 	1001
f 1002 	841 	1003
f 1001 	841 	1002
f 1004 	841 	1005
f 128 	881 	882
f 883 	130 	882
f 862 	1001 	1002
f 974 	747 	973
f 746 	973 	747
f 1003 	841 	1004
f 905 	165 	883
f 974 	749 	747
f 1003 	863 	1002
f 134 	133 	887
f 888 	135 	887
f 891 	138 	890
f 1007 	762 	1006
f 763 	762 	1007
f 892 	138 	891
f 919 	921 	683
f 839 	924 	1008
f 1010 	1699 	1011
f 1009 	1699 	1010
f 377 	209 	206
f 209 	377 	378
f 209 	378 	212
f 1010 	1011 	1036
f 212 	378 	213
f 1011 	1699 	1012
f 1011 	1012 	1036
f 380 	381 	213
f 1012 	14 	1013
f 697 	938 	699
f 875 	1035 	873
f 785 	430 	875
f 426 	427 	790
f 787 	430 	785
f 1028 	857 	1027
f 1026 	1027 	857
f 1029 	1032 	1028
f 864 	1031 	1029
f 1032 	1029 	1031
f 864 	865 	1031
f 1030 	1031 	865
f 1030 	865 	867
f 869 	1037 	867
f 1030 	867 	1033
f 1035 	875 	1034
f 789 	790 	427
f 1036 	871 	1035
f 1033 	867 	1037
f 1037 	871 	1036
f 724 	723 	949
f 726 	724 	949
f 731 	742 	964
f 965 	732 	964
f 731 	964 	732
f 732 	965 	734
f 268 	441 	269
f 752 	978 	753
f 443 	444 	269
f 753 	978 	739
f 915 	680 	691
f 271 	446 	272
f 272 	447 	448
f 684 	683 	921
f 693 	684 	921
f 283 	451 	452
f 284 	95 	457
f 690 	1378 	926
f 926 	691 	690
f 101 	373 	203
f 382 	217 	215
f 382 	219 	217
f 385 	221 	219
f 221 	385 	224
f 703 	943 	707
f 390 	227 	226
f 227 	390 	228
f 729 	963 	721
f 230 	395 	231
f 231 	395 	232
f 232 	401 	233
f 948 	949 	723
f 233 	401 	234
f 235 	407 	101
f 414 	239 	224
f 414 	104 	239
f 421 	245 	244
f 421 	425 	245
f 246 	245 	425
f 247 	246 	425
f 970 	740 	739
f 432 	249 	248
f 432 	250 	249
f 435 	252 	251
f 253 	252 	435
f 438 	257 	255
f 439 	264 	438
f 257 	438 	264
f 266 	264 	439
f 893 	140 	892
f 737 	968 	688
f 140 	893 	894
f 688 	923 	689
f 272 	448 	274
f 110 	894 	847
f 925 	417 	838
f 274 	448 	279
f 897 	144 	895
f 884 	131 	897
f 283 	452 	95
f 150 	898 	899
f 452 	457 	95
f 900 	901 	154
f 928 	694 	693
f 457 	226 	284
f 154 	901 	902
f 103 	94 	1038
f 937 	696 	694
f 443 	441 	1596
f 1596 	441 	1038
f 440 	1038 	441
f 438 	437 	1038
f 909 	169 	908
f 1043 	1039 	1044
f 13 	679 	980
f 1039 	1331 	1046
f 1047 	1046 	1331
f 1048 	1047 	1331
f 1050 	1049 	1331
f 1049 	1048 	1331
f 1051 	1050 	1331
f 948 	723 	722
f 1053 	1331 	1054
f 1052 	1331 	1053
f 1054 	1331 	1055
f 726 	949 	950
f 726 	950 	727
f 1055 	1331 	1056
f 927 	691 	926
f 1058 	1057 	1597
f 1059 	1058 	1597
f 1060 	1059 	1597
f 1597 	1039 	1061
f 1061 	1060 	1597
f 1062 	1061 	1039
f 1063 	1062 	1039
f 1018 	762 	1017
f 1016 	1017 	762
f 1019 	762 	1018
f 1020 	762 	1019
f 1021 	762 	1020
f 1022 	762 	1021
f 1023 	762 	1022
f 1024 	762 	1023
f 1025 	762 	1024
f 372 	1068 	1056
f 1069 	1068 	372
f 1070 	1069 	372
f 1072 	1071 	372
f 1071 	1070 	372
f 1073 	1072 	372
f 1074 	1073 	372
f 1078 	1077 	237
f 917 	681 	915
f 1080 	1079 	237
f 1081 	237 	1082
f 918 	682 	917
f 237 	183 	1082
f 919 	683 	682
f 919 	682 	918
f 5 	52 	1040
f 973 	744 	972
f 980 	1364 	979
f 981 	1365 	616
f 1676 	1105 	1106
f 1686 	1681 	1111
f 1111 	1112 	1686
f 1118 	1693 	1692
f 1693 	1118 	1119
f 32 	1054 	1055
f 1683 	1123 	1122
f 1122 	1121 	1683
f 1089 	1463 	1134
f 76 	1074 	1075
f 1090 	1089 	1134
f 1091 	1090 	1134
f 1134 	630 	1091
f 1095 	1101 	1094
f 1097 	1098 	1096
f 1094 	1101 	1098
f 1095 	1103 	1101
f 1102 	1098 	1101
f 1096 	1098 	1102
f 1103 	1121 	1101
f 1100 	1101 	1121
f 1092 	1091 	630
f 1093 	1092 	630
f 1107 	1106 	630
f 1106 	1105 	630
f 1104 	1093 	630
f 1105 	1104 	630
f 1107 	1108 	1678
f 1678 	1108 	1109
f 1680 	1109 	633
f 1110 	1681 	633
f 1110 	633 	109
f 1110 	1111 	1681
f 1687 	1686 	1112
f 1112 	1111 	109
f 1112 	1113 	1687
f 1115 	81 	1116
f 1690 	1114 	1115
f 71 	1070 	1071
f 1115 	1116 	1690
f 1116 	85 	1117
f 1116 	1117 	1692
f 1117 	1118 	1692
f 76 	1073 	1074
f 81 	1076 	1077
f 1120 	1685 	1119
f 1078 	81 	1077
f 1123 	1470 	1122
f 1546 	1469 	1123
f 5 	1040 	1042
f 1124 	1125 	1126
f 1045 	12 	1044
f 1126 	1127 	1124
f 1128 	1129 	1130
f 1130 	1131 	1128
f 12 	1045 	1046
f 1135 	1132 	1133
f 1134 	1135 	1133
f 21 	1046 	1047
f 1137 	1133 	1136
f 1132 	1136 	1133
f 1169 	1170 	1141
f 1623 	1624 	1146
f 1150 	1151 	1620
f 1616 	1617 	1154
f 1149 	1167 	1148
f 29 	1052 	1053
f 1155 	1156 	1615
f 1157 	1158 	1613
f 1613 	1614 	1157
f 1166 	1613 	1158
f 32 	1055 	1056
f 1158 	1159 	1166
f 1163 	1164 	1160
f 1165 	1166 	1159
f 1160 	1161 	1163
f 1159 	1160 	1165
f 1139 	1163 	1161
f 1164 	1165 	1160
f 1162 	550 	1138
f 522 	1138 	550
f 1138 	1139 	1162
f 1162 	1139 	1161
f 1059 	1060 	43
f 1140 	1171 	1149
f 1142 	1143 	1172
f 1144 	1145 	1625
f 1147 	1150 	1622
f 1619 	1620 	1151
f 45 	43 	1061
f 1156 	1157 	1614
f 1614 	1615 	1156
f 1615 	1616 	1155
f 1154 	1155 	1616
f 1151 	1152 	1619
f 1620 	1621 	1150
f 1167 	1149 	1171
f 1167 	1168 	1148
f 525 	1148 	1168
f 525 	1168 	565
f 1141 	1142 	1169
f 1170 	1171 	1140
f 60 	1068 	1069
f 1081 	88 	1080
f 1081 	1082 	88
f 1041 	1040 	52
f 21 	1047 	1048
f 23 	1048 	1049
f 1050 	24 	1049
f 1054 	30 	1053
f 38 	1057 	39
f 1059 	40 	1058
f 1060 	1061 	43
f 45 	1061 	1062
f 1175 	713 	1174
f 1063 	48 	1062
f 1193 	1194 	1185
f 711 	712 	1177
f 1176 	712 	1175
f 48 	1063 	52
f 1041 	52 	1063
f 1178 	711 	1177
f 1182 	716 	1181
f 1181 	717 	1180
f 1065 	55 	1064
f 717 	709 	1180
f 711 	1178 	710
f 1065 	1249 	55
f 1183 	1193 	1185
f 1179 	710 	1178
f 1180 	709 	1179
f 710 	1179 	709
f 1184 	1195 	708
f 58 	1066 	1067
f 1671 	1672 	1188
f 38 	1067 	1057
f 1191 	1197 	1190
f 1197 	1669 	1190
f 1196 	708 	1195
f 1195 	1184 	1194
f 71 	1071 	1072
f 1173 	706 	1196
f 1174 	704 	1173
f 1183 	1198 	1192
f 1193 	1183 	1192
f 1184 	1185 	1194
f 1191 	1192 	1198
f 1197 	1191 	1198
f 1263 	1265 	1256
f 720 	715 	1199
f 1265 	1274 	1256
f 717 	1181 	716
f 1200 	720 	1199
f 1278 	1279 	1254
f 1088 	1202 	1239
f 1203 	1204 	1242
f 1205 	1206 	1245
f 1209 	1210 	1288
f 1086 	1234 	1212
f 1088 	1237 	1213
f 1211 	1289 	1218
f 1234 	1085 	1212
f 1237 	1087 	1213
f 1214 	1239 	1202
f 1215 	1242 	1204
f 1216 	1245 	1206
f 1289 	1288 	1210
f 1289 	1210 	1218
f 1218 	1210 	236
f 1209 	236 	1210
f 1211 	1218 	236
f 1217 	236 	1209
f 1208 	236 	1217
f 1207 	236 	1208
f 1216 	236 	1207
f 1206 	236 	1216
f 1205 	236 	1206
f 1215 	236 	1205
f 1204 	236 	1215
f 1203 	236 	1204
f 1214 	236 	1203
f 1202 	236 	1214
f 1088 	236 	1202
f 535 	1211 	236
f 543 	535 	236
f 1768 	236 	1769
f 1084 	236 	1085
f 538 	236 	545
f 1766 	236 	1768
f 1769 	236 	1750
f 1085 	236 	1212
f 1220 	1221 	1267
f 1222 	1223 	1270
f 923 	688 	968
f 1224 	1225 	1273
f 923 	924 	689
f 1078 	83 	81
f 86 	1079 	1080
f 1231 	1273 	1225
f 88 	86 	1080
f 691 	927 	915
f 1229 	1267 	1221
f 928 	693 	921
f 1230 	1270 	1223
f 930 	694 	928
f 937 	694 	930
f 1231 	198 	1226
f 1225 	198 	1231
f 1230 	198 	1224
f 1223 	198 	1230
f 1223 	1222 	198
f 1222 	1229 	198
f 1229 	1221 	198
f 1220 	198 	1221
f 1228 	198 	1220
f 5 	1042 	6
f 697 	696 	938
f 1043 	9 	1042
f 1227 	198 	1084
f 1226 	198 	1227
f 939 	699 	938
f 1043 	1044 	11
f 1219 	1227 	1083
f 1083 	1227 	1084
f 11 	1044 	12
f 700 	939 	940
f 940 	941 	700
f 701 	700 	941
f 701 	941 	942
f 1234 	1235 	1560
f 1241 	1242 	1561
f 1242 	1243 	1561
f 1243 	1244 	1561
f 1562 	1561 	1244
f 1244 	1245 	1562
f 1245 	1246 	1562
f 1246 	1284 	1562
f 1563 	1562 	1284
f 1284 	1285 	1563
f 1285 	1286 	1563
f 1564 	1563 	1287
f 703 	942 	943
f 944 	707 	943
f 1506 	1653 	1248
f 1591 	1657 	1592
f 707 	944 	714
f 945 	714 	944
f 23 	1049 	24
f 1085 	1233 	1084
f 1232 	1084 	1233
f 947 	722 	714
f 947 	714 	945
f 1051 	26 	1050
f 1087 	1236 	1086
f 1235 	1086 	1236
f 26 	1051 	1052
f 1238 	1088 	1239
f 1241 	1203 	1242
f 1244 	1205 	1245
f 29 	1053 	30
f 1235 	1234 	1086
f 1054 	32 	30
f 947 	948 	722
f 1238 	1237 	1088
f 1241 	1240 	1214
f 1241 	1214 	1203
f 1244 	1243 	1215
f 1244 	1215 	1205
f 1056 	1068 	60
f 1207 	1284 	1246
f 1207 	1246 	1216
f 1085 	1234 	1233
f 1058 	39 	1057
f 1087 	1237 	1236
f 1240 	1239 	1214
f 1243 	1242 	1215
f 1246 	1245 	1216
f 1232 	1247 	1084
f 1083 	1084 	1247
f 64 	63 	1070
f 64 	1070 	71
f 77 	76 	1075
f 1075 	1076 	77
f 79 	77 	1076
f 81 	79 	1076
f 953 	727 	950
f 83 	1078 	1079
f 953 	958 	727
f 728 	727 	958
f 958 	963 	728
f 729 	728 	963
f 946 	721 	963
f 6 	1042 	9
f 1043 	11 	9
f 1046 	20 	12
f 20 	1046 	21
f 1048 	22 	21
f 1048 	23 	22
f 26 	24 	1050
f 1052 	27 	26
f 605 	488 	492
f 29 	27 	1052
f 1056 	33 	32
f 1067 	38 	59
f 39 	1058 	40
f 1059 	43 	40
f 45 	1062 	47
f 47 	1062 	48
f 90 	1082 	54
f 1064 	55 	54
f 59 	58 	1067
f 1056 	60 	33
f 1069 	63 	60
f 1069 	1070 	63
f 454 	570 	455
f 571 	456 	455
f 1072 	73 	71
f 1073 	75 	73
f 1073 	73 	1072
f 75 	1073 	76
f 1079 	85 	83
f 86 	85 	1079
f 1082 	90 	88
f 1064 	54 	1082
f 1079 	1078 	237
f 1081 	1080 	237
f 372 	237 	1077
f 372 	1077 	1076
f 372 	1076 	1075
f 1075 	1074 	372
f 1046 	1045 	1039
f 1045 	1044 	1039
f 1043 	1042 	1039
f 1042 	1040 	1039
f 1040 	1041 	1039
f 1041 	1063 	1039
f 372 	1056 	1331
f 1052 	1051 	1331
f 1038 	94 	1596
f 401 	396 	182
f 182 	393 	392
f 392 	390 	182
f 389 	1596 	390
f 452 	1596 	457
f 1067 	1597 	1057
f 1064 	1082 	183
f 1249 	183 	1250
f 1253 	1597 	1066
f 1066 	1597 	1067
f 1065 	1064 	183
f 1253 	100 	1252
f 1253 	1066 	100
f 96 	55 	1249
f 1066 	58 	100
f 96 	1249 	1250
f 98 	1250 	1251
f 1251 	1252 	98
f 1256 	718 	1263
f 1201 	1263 	718
f 718 	719 	1201
f 1200 	1201 	719
f 1258 	1685 	1257
f 1592 	1656 	1593
f 1261 	1682 	1691
f 1274 	1278 	1255
f 1255 	1256 	1274
f 1272 	1273 	1649
f 1270 	1271 	1649
f 1273 	1275 	1649
f 1275 	1276 	1649
f 1276 	1277 	1649
f 1277 	1248 	1649
f 1649 	1648 	1270
f 1649 	1248 	1650
f 1650 	1248 	1651
f 1651 	1248 	1652
f 1254 	1255 	1278
f 96 	1250 	97
f 1282 	1254 	1279
f 1652 	1248 	1609
f 1281 	1282 	1262
f 97 	1250 	98
f 1279 	1262 	1282
f 1281 	1262 	1257
f 1259 	1694 	1258
f 1692 	1693 	1260
f 1266 	1220 	1267
f 98 	1252 	99
f 1269 	1222 	1270
f 1252 	100 	99
f 1272 	1224 	1273
f 1276 	1226 	1227
f 1276 	1227 	1277
f 1266 	1264 	1228
f 1266 	1228 	1220
f 1249 	1065 	183
f 1269 	1268 	1229
f 1269 	1229 	1222
f 1272 	1271 	1230
f 1272 	1230 	1224
f 1253 	1252 	1597
f 1597 	1252 	1251
f 1251 	1250 	1597
f 1276 	1275 	1231
f 1276 	1231 	1226
f 1275 	1273 	1231
f 376 	375 	1362
f 373 	407 	182
f 1268 	1267 	1229
f 1038 	1283 	103
f 1271 	1270 	1230
f 1280 	1277 	1227
f 1280 	1227 	1219
f 1280 	1248 	1277
f 1247 	1232 	1280
f 428 	425 	1283
f 431 	428 	1283
f 421 	416 	1283
f 416 	415 	1283
f 1362 	1283 	414
f 414 	386 	1362
f 1038 	432 	1283
f 1280 	1219 	1247
f 1083 	1247 	1219
f 1287 	1288 	1564
f 1288 	1289 	1564
f 1289 	1290 	1564
f 1565 	1564 	1290
f 555 	556 	1565
f 1290 	555 	1565
f 1286 	1287 	1563
f 556 	557 	1566
f 1240 	1241 	1561
f 1235 	1236 	1560
f 1560 	1551 	1232
f 1545 	1280 	1551
f 1284 	1207 	1208
f 1284 	1208 	1285
f 1287 	1209 	1288
f 555 	1290 	535
f 1287 	1286 	1217
f 1287 	1217 	1209
f 1290 	1289 	1211
f 1208 	1217 	1285
f 1286 	1285 	1217
f 1311 	1312 	1293
f 1293 	1294 	1311
f 1310 	1311 	1295
f 1294 	1295 	1311
f 1296 	1324 	1295
f 1323 	1324 	1297
f 1298 	1322 	1297
f 1328 	1329 	1301
f 1299 	1322 	1298
f 442 	468 	1327
f 1326 	1327 	468
f 1302 	1321 	445
f 1309 	487 	1308
f 1307 	1291 	1315
f 1317 	1318 	1304
f 1292 	1293 	1313
f 1312 	1313 	1293
f 454 	485 	453
f 453 	485 	1309
f 1303 	1304 	1319
f 1315 	1316 	1306
f 1300 	1301 	1329
f 1291 	1292 	1313
f 1313 	1314 	1291
f 1314 	1315 	1291
f 1306 	1307 	1315
f 1316 	1317 	1306
f 1305 	1306 	1317
f 1304 	1305 	1317
f 1318 	1319 	1304
f 1302 	1303 	1319
f 1319 	1320 	1302
f 1321 	1302 	1320
f 1308 	487 	1321
f 1296 	1297 	1324
f 1310 	1295 	1324
f 1301 	442 	1327
f 1328 	1301 	1327
f 1323 	1297 	1322
f 1299 	1300 	1329
f 1329 	1330 	1299
f 1322 	1299 	1330
f 996 	1034 	430
f 1566 	1308 	1321
f 445 	569 	1584
f 1016 	1015 	873
f 471 	587 	472
f 842 	1025 	1026
f 480 	479 	601
f 480 	601 	481
f 485 	596 	486
f 595 	487 	486
f 571 	455 	570
f 745 	781 	780
f 1584 	1302 	445
f 1303 	1302 	1584
f 1575 	1574 	1294
f 1568 	1301 	1300
f 652 	651 	761
f 1568 	442 	1301
f 652 	761 	653
f 760 	653 	761
f 760 	654 	653
f 668 	757 	669
f 756 	670 	669
f 489 	529 	1325
f 769 	768 	764
f 764 	770 	769
f 1007 	840 	770
f 1566 	1567 	1308
f 581 	460 	582
f 470 	588 	587
f 459 	582 	460
f 581 	461 	460
f 463 	462 	578
f 464 	463 	577
f 578 	577 	463
f 577 	465 	464
f 575 	574 	466
f 574 	588 	467
f 587 	471 	470
f 473 	472 	585
f 473 	585 	474
f 590 	474 	585
f 1575 	1294 	1293
f 590 	589 	474
f 1295 	1294 	1574
f 1295 	1574 	1296
f 1297 	1296 	1572
f 592 	477 	476
f 1572 	1571 	1297
f 592 	591 	477
f 1298 	1571 	1299
f 1570 	1569 	1299
f 600 	599 	481
f 482 	481 	599
f 482 	599 	483
f 595 	486 	596
f 1304 	1582 	1305
f 491 	490 	603
f 529 	489 	488
f 1248 	1313 	1312
f 1315 	1314 	1545
f 442 	568 	468
f 1567 	453 	1309
f 570 	454 	453
f 935 	787 	785
f 935 	934 	787
f 573 	363 	458
f 932 	792 	790
f 932 	931 	792
f 794 	931 	795
f 929 	962 	795
f 1291 	1307 	1578
f 1577 	1292 	1578
f 1577 	1576 	1292
f 1298 	1297 	1571
f 1570 	1299 	1571
f 988 	952 	818
f 1582 	1304 	1303
f 1305 	1582 	1581
f 1581 	1306 	1305
f 990 	989 	816
f 989 	988 	817
f 529 	1585 	1325
f 1561 	1318 	1317
f 1319 	1564 	1320
f 745 	782 	781
f 1564 	1321 	1320
f 1506 	1311 	1310
f 1311 	1506 	1312
f 1545 	1314 	1313
f 1551 	1316 	1315
f 654 	759 	667
f 758 	757 	667
f 756 	669 	757
f 1291 	1578 	1292
f 465 	576 	466
f 1300 	1299 	1569
f 467 	466 	574
f 906 	825 	831
f 1300 	1569 	1568
f 912 	826 	825
f 568 	442 	1568
f 582 	459 	469
f 470 	467 	588
f 925 	838 	837
f 1581 	1580 	1306
f 1579 	1307 	1580
f 472 	586 	585
f 1561 	1317 	1316
f 1319 	1318 	1563
f 1563 	1564 	1319
f 475 	589 	476
f 592 	476 	593
f 479 	602 	601
f 481 	601 	600
f 485 	484 	596
f 1560 	1561 	1316
f 105 	1331 	1039
f 105 	103 	1331
f 1283 	1331 	103
f 569 	445 	487
f 630 	615 	109
f 456 	572 	458
f 385 	384 	1362
f 1646 	1422 	108
f 1333 	102 	108
f 1333 	108 	1423
f 106 	1440 	107
f 1335 	1336 	1334
f 328 	1334 	1336
f 328 	1336 	1337
f 328 	1337 	1338
f 328 	1338 	1339
f 328 	1339 	1340
f 328 	1340 	1480
f 1480 	1481 	328
f 327 	1343 	326
f 1341 	331 	326
f 331 	332 	326
f 1345 	1341 	326
f 1347 	1342 	328
f 1486 	1487 	328
f 1345 	326 	1344
f 1343 	1344 	326
f 1342 	1343 	328
f 328 	351 	1348
f 328 	1348 	1334
f 1348 	1335 	1334
f 1348 	1349 	1335
f 1349 	1350 	1336
f 1349 	1336 	1335
f 1350 	1351 	1337
f 1350 	1337 	1336
f 1351 	1352 	1338
f 1351 	1338 	1337
f 1352 	1353 	1339
f 1352 	1339 	1338
f 1353 	1354 	1340
f 1353 	1340 	1339
f 1354 	1480 	1340
f 331 	1341 	352
f 1355 	352 	1341
f 742 	971 	964
f 1356 	1357 	1344
f 1357 	1358 	1344
f 966 	734 	965
f 966 	967 	734
f 737 	735 	968
f 969 	740 	970
f 1344 	1343 	1356
f 969 	971 	740
f 742 	740 	971
f 1358 	1345 	1344
f 1355 	1341 	1358
f 1345 	1358 	1341
f 972 	744 	946
f 1346 	1359 	1347
f 1360 	1347 	1359
f 1361 	1342 	1347
f 1361 	1347 	1360
f 973 	746 	744
f 1343 	1342 	1361
f 1343 	1361 	1356
f 1356 	1361 	1362
f 975 	749 	974
f 750 	749 	976
f 975 	976 	749
f 1333 	1351 	1350
f 1350 	1349 	1333
f 977 	752 	976
f 750 	976 	752
f 752 	977 	978
f 739 	978 	970
f 753 	1725 	752
f 739 	1725 	753
f 1725 	739 	740
f 1725 	740 	742
f 732 	1725 	731
f 742 	731 	1725
f 734 	1725 	732
f 727 	728 	1364
f 726 	727 	1364
f 744 	746 	237
f 1348 	102 	1349
f 693 	694 	679
f 696 	697 	679
f 679 	697 	699
f 699 	700 	679
f 700 	701 	679
f 701 	702 	679
f 707 	1364 	703
f 722 	1364 	714
f 1363 	678 	979
f 1351 	1333 	1352
f 1352 	1333 	1353
f 168 	1363 	166
f 169 	1363 	168
f 1362 	128 	1363
f 1363 	169 	171
f 171 	173 	1363
f 819 	1125 	1124
f 819 	1124 	820
f 1353 	1333 	1354
f 823 	1129 	1128
f 823 	1128 	824
f 830 	1132 	1135
f 830 	1135 	832
f 679 	703 	1364
f 722 	723 	1364
f 1364 	1363 	979
f 1362 	343 	1355
f 183 	185 	1597
f 1362 	1357 	1356
f 1331 	1283 	1363
f 1357 	1362 	1358
f 1355 	1358 	1362
f 237 	372 	1364
f 1368 	521 	191
f 1371 	1382 	1367
f 1362 	1360 	1359
f 121 	1362 	120
f 122 	1362 	121
f 1702 	120 	1362
f 25 	914 	1369
f 678 	1369 	914
f 1366 	198 	1367
f 1366 	1368 	198
f 1368 	191 	198
f 191 	190 	198
f 140 	141 	1369
f 141 	110 	1369
f 110 	111 	1369
f 114 	1702 	113
f 118 	119 	1702
f 678 	134 	1369
f 1364 	980 	679
f 679 	13 	1372
f 14 	1372 	13
f 1360 	1362 	1361
f 1371 	198 	1370
f 1367 	198 	1371
f 1224 	198 	1225
f 680 	681 	1372
f 1372 	682 	683
f 197 	1084 	198
f 615 	614 	1332
f 186 	236 	197
f 1373 	1726 	689
f 1374 	1372 	1373
f 689 	1726 	688
f 650 	267 	1420
f 1376 	1372 	1374
f 1365 	1332 	614
f 1137 	517 	267
f 1362 	1363 	1283
f 1382 	1416 	1381
f 1381 	1414 	1380
f 1380 	1414 	1379
f 690 	1372 	1378
f 1379 	1414 	521
f 298 	518 	1384
f 1384 	636 	298
f 690 	691 	1372
f 1443 	1444 	843
f 1380 	1366 	1381
f 1367 	1381 	1366
f 845 	1445 	846
f 688 	1726 	737
f 1379 	1368 	1366
f 1379 	1366 	1380
f 1379 	521 	1368
f 1381 	1367 	1382
f 1383 	1370 	1598
f 1383 	1382 	1371
f 1383 	1371 	1370
f 148 	1385 	28
f 1507 	28 	1385
f 1546 	1261 	1547
f 145 	148 	28
f 145 	28 	1387
f 145 	1387 	1388
f 145 	1388 	1389
f 145 	1389 	146
f 179 	1385 	148
f 15 	1373 	689
f 179 	1507 	1385
f 148 	149 	179
f 194 	1387 	28
f 194 	28 	31
f 195 	1388 	1387
f 195 	1387 	194
f 1391 	1398 	675
f 1394 	1395 	675
f 1395 	1396 	675
f 1396 	1397 	675
f 1397 	1390 	675
f 1390 	1391 	675
f 196 	1389 	1388
f 196 	1388 	195
f 147 	146 	1389
f 147 	1389 	196
f 798 	254 	1415
f 1373 	15 	1374
f 689 	924 	15
f 655 	656 	1399
f 644 	655 	1399
f 640 	644 	1399
f 1293 	1292 	1576
f 1293 	1576 	1575
f 1377 	18 	1378
f 1401 	1402 	675
f 1402 	1403 	675
f 1403 	1404 	675
f 1404 	1405 	675
f 1405 	1392 	675
f 1393 	1394 	675
f 1392 	1393 	675
f 674 	675 	1398
f 1296 	1574 	1573
f 1296 	1573 	1572
f 677 	1406 	1407
f 677 	1407 	1408
f 677 	1408 	1409
f 1410 	676 	1409
f 1411 	675 	1410
f 1412 	1400 	675
f 1400 	1401 	675
f 1411 	1412 	675
f 1378 	19 	926
f 1306 	1580 	1307
f 1374 	15 	16
f 1413 	521 	1414
f 1384 	518 	1386
f 17 	1376 	16
f 1374 	16 	1376
f 18 	1377 	1376
f 18 	1376 	17
f 1326 	1325 	1585
f 1386 	520 	1413
f 1587 	1327 	1326
f 19 	1378 	18
f 1328 	1327 	1587
f 679 	1372 	684
f 683 	684 	1372
f 1185 	1415 	1418
f 1377 	1372 	1376
f 1378 	1372 	1377
f 1372 	1726 	1373
f 1418 	516 	1419
f 692 	1375 	267
f 1369 	1372 	14
f 1369 	14 	25
f 834 	1421 	1333
f 1454 	1453 	1645
f 1423 	108 	1422
f 1645 	107 	1431
f 1427 	1546 	1426
f 1428 	1546 	1427
f 1430 	1546 	1428
f 1432 	1546 	1430
f 1433 	1546 	1432
f 1425 	1426 	1546
f 1434 	1546 	1433
f 1435 	1546 	1434
f 1436 	1546 	1435
f 1437 	1438 	1422
f 1423 	1422 	1438
f 1440 	1441 	1431
f 1440 	1431 	1429
f 1439 	650 	1442
f 1375 	1420 	267
f 844 	843 	1444
f 1446 	846 	1445
f 1442 	650 	1447
f 1448 	1449 	1444
f 1448 	1444 	1443
f 1447 	650 	1420
f 1446 	1445 	1450
f 1446 	1450 	1451
f 1453 	1454 	1452
f 822 	1127 	1126
f 822 	1126 	821
f 1455 	1456 	1452
f 1453 	1452 	1456
f 829 	1131 	1130
f 829 	1130 	827
f 1459 	1457 	1458
f 517 	1137 	1136
f 517 	1136 	833
f 1460 	1461 	1457
f 1460 	1457 	1459
f 1525 	1595 	1527
f 2 	1527 	1595
f 1456 	1460 	1459
f 1456 	1459 	1453
f 2 	1595 	1
f 1455 	1461 	1460
f 1455 	1460 	1456
f 1323 	1592 	1324
f 1455 	1452 	1457
f 1455 	1457 	1461
f 1464 	1419 	516
f 1415 	254 	1418
f 1646 	1645 	1453
f 844 	1459 	845
f 1458 	845 	1459
f 1459 	844 	1453
f 1646 	1453 	844
f 844 	1444 	1646
f 1422 	1646 	1444
f 1463 	1464 	516
f 1465 	1452 	1454
f 1465 	1454 	1466
f 516 	1134 	1463
f 1457 	1468 	1458
f 1467 	1458 	1468
f 1457 	1452 	1468
f 1465 	1468 	1452
f 1466 	1454 	1431
f 1645 	1431 	1454
f 1458 	1467 	1445
f 1458 	1445 	845
f 1422 	1444 	1449
f 1422 	1449 	1437
f 1466 	1431 	1465
f 1441 	1465 	1431
f 1470 	1123 	1469
f 1471 	1122 	1470
f 1472 	1473 	1122
f 1473 	1099 	1122
f 1121 	1122 	1099
f 1099 	1100 	1121
f 1468 	1465 	1450
f 1450 	1445 	1468
f 1467 	1468 	1445
f 1441 	1450 	1465
f 1449 	1448 	1438
f 1449 	1438 	1437
f 1451 	1441 	1440
f 1450 	1441 	1451
f 1438 	1333 	1423
f 1429 	107 	1440
f 981 	846 	1451
f 1451 	1440 	106
f 1451 	106 	981
f 1438 	1448 	1333
f 834 	1448 	843
f 1443 	843 	1448
f 1474 	1469 	1546
f 1436 	1475 	1546
f 1475 	1476 	1546
f 1476 	1477 	1546
f 1477 	1478 	1546
f 1478 	1479 	1546
f 1474 	1546 	1479
f 834 	1333 	1448
f 1365 	981 	1332
f 1482 	328 	1481
f 1483 	328 	1482
f 1484 	328 	1483
f 1485 	328 	1484
f 1486 	328 	1485
f 1488 	328 	1487
f 1489 	328 	1488
f 1490 	328 	1489
f 1491 	328 	1490
f 1492 	328 	1491
f 1493 	328 	1492
f 1495 	1496 	328
f 1493 	1495 	328
f 1496 	1497 	328
f 1497 	1346 	328
f 1347 	328 	1346
f 1324 	1593 	1310
f 1501 	28 	1500
f 1499 	1500 	28
f 1502 	28 	1501
f 1503 	28 	1502
f 1504 	28 	1503
f 155 	28 	1505
f 159 	28 	155
f 1505 	28 	1504
f 1593 	1655 	1494
f 1494 	1654 	1506
f 1509 	28 	1508
f 1510 	28 	1509
f 1511 	28 	1510
f 1512 	28 	1511
f 1513 	28 	1512
f 1514 	28 	1513
f 1515 	28 	1514
f 1516 	28 	1515
f 1517 	28 	1516
f 1518 	28 	1517
f 1519 	28 	1518
f 1498 	28 	1519
f 1480 	1354 	1520
f 1520 	1521 	1481
f 1520 	1481 	1480
f 1521 	1522 	1482
f 1521 	1482 	1481
f 1522 	1523 	1483
f 1522 	1483 	1482
f 1523 	1524 	1484
f 1523 	1484 	1483
f 1524 	1526 	1485
f 1524 	1485 	1484
f 807 	805 	2
f 1526 	1528 	1485
f 1527 	2 	1529
f 811 	809 	2
f 1529 	2 	805
f 1494 	1506 	1310
f 718 	1529 	805
f 1531 	1532 	1489
f 1532 	1533 	1489
f 1535 	1536 	1546
f 1536 	1537 	1546
f 1537 	1425 	1546
f 1248 	1312 	1506
f 1462 	1595 	1541
f 1542 	1543 	1497
f 1541 	1595 	1525
f 1232 	1551 	1280
f 1543 	1359 	1497
f 1486 	1485 	1528
f 1248 	1544 	1313
f 1528 	1530 	1487
f 1528 	1487 	1486
f 1248 	1280 	1544
f 1488 	1487 	1531
f 1530 	1531 	1487
f 1488 	1531 	1489
f 1544 	1545 	1313
f 1489 	1533 	1490
f 1544 	1280 	1545
f 1232 	1233 	1560
f 1233 	1234 	1560
f 1548 	1549 	1547
f 1546 	1547 	1549
f 1550 	1546 	1549
f 1471 	1472 	1122
f 1546 	1550 	1552
f 1546 	1552 	1553
f 1546 	1553 	1554
f 1546 	1554 	1555
f 1546 	1555 	1556
f 1546 	1556 	1557
f 1546 	1557 	1535
f 1279 	1554 	1553
f 1135 	1134 	516
f 1135 	516 	832
f 1131 	829 	1128
f 829 	824 	1128
f 1127 	822 	1124
f 822 	820 	1124
f 1491 	1490 	1534
f 1533 	1534 	1490
f 1534 	1538 	1492
f 1534 	1492 	1491
f 1493 	1492 	1539
f 1538 	1539 	1492
f 1495 	1539 	1540
f 1493 	1539 	1495
f 1495 	1540 	1496
f 1542 	1496 	1540
f 1497 	1496 	1542
f 1359 	1346 	1497
f 1315 	1545 	1551
f 1560 	1316 	1551
f 1561 	1560 	1238
f 1236 	1237 	1560
f 1562 	1318 	1561
f 1237 	1238 	1560
f 1562 	1563 	1318
f 1238 	1239 	1561
f 1321 	1564 	1565
f 1239 	1240 	1561
f 1321 	1565 	1566
f 1566 	1565 	556
f 1309 	1308 	1567
f 1571 	594 	1570
f 1572 	594 	1571
f 1573 	594 	1572
f 1569 	1570 	594
f 1574 	569 	1573
f 1575 	569 	1574
f 1576 	569 	1575
f 1577 	569 	1576
f 1578 	569 	1577
f 594 	595 	1569
f 1307 	1579 	1578
f 461 	580 	462
f 462 	579 	578
f 576 	465 	577
f 575 	466 	576
f 790 	933 	932
f 472 	587 	586
f 961 	799 	797
f 961 	800 	799
f 1478 	1477 	1193
f 475 	474 	589
f 1579 	569 	1578
f 1580 	569 	1579
f 1581 	569 	1580
f 1582 	569 	1581
f 1583 	569 	1582
f 1584 	569 	1583
f 594 	1573 	569
f 593 	476 	589
f 1303 	1584 	1583
f 478 	477 	591
f 591 	602 	478
f 479 	478 	602
f 804 	955 	806
f 1583 	1582 	1303
f 954 	992 	806
f 483 	599 	598
f 597 	484 	598
f 484 	597 	596
f 813 	806 	992
f 813 	992 	814
f 990 	816 	814
f 487 	594 	569
f 817 	816 	989
f 529 	650 	1585
f 818 	817 	988
f 1585 	650 	1586
f 650 	1657 	1590
f 1326 	1585 	1586
f 1586 	650 	1587
f 605 	492 	491
f 1586 	1587 	1326
f 606 	488 	605
f 1587 	650 	1588
f 529 	488 	606
f 1328 	1587 	1588
f 1588 	650 	1589
f 1329 	1328 	1589
f 1588 	1589 	1328
f 1589 	650 	1590
f 1329 	1589 	1330
f 1590 	1330 	1589
f 1529 	1256 	1255
f 568 	584 	468
f 1529 	718 	1256
f 1590 	1322 	1330
f 1590 	1591 	1322
f 1590 	1657 	1591
f 1592 	1323 	1322
f 1592 	1322 	1591
f 453 	1567 	562
f 562 	570 	453
f 1593 	1324 	1592
f 571 	572 	456
f 573 	458 	572
f 1494 	1310 	1593
f 102 	182 	1
f 1462 	1120 	1595
f 1120 	1119 	1595
f 1118 	88 	1119
f 1117 	86 	1118
f 1113 	1112 	109
f 1111 	1110 	109
f 1594 	1 	1595
f 93 	1039 	1595
f 1282 	1281 	1462
f 345 	342 	102
f 182 	390 	1596
f 1039 	1597 	1595
f 1597 	1250 	183
f 1594 	1595 	1596
f 1597 	1596 	1595
f 584 	583 	468
f 1601 	1602 	1608
f 1599 	1611 	1603
f 1601 	1606 	1604
f 1611 	1598 	1603
f 1606 	1600 	1604
f 1602 	1228 	1608
f 461 	581 	580
f 1602 	198 	1228
f 1601 	198 	1602
f 1604 	198 	1601
f 1600 	198 	1604
f 1599 	198 	1600
f 1603 	198 	1599
f 1598 	198 	1603
f 1370 	198 	1598
f 579 	462 	580
f 241 	240 	1720
f 236 	1084 	197
f 1133 	631 	1134
f 1269 	1270 	1648
f 1268 	1269 	1648
f 1267 	1268 	1648
f 1611 	1417 	1610
f 1610 	1417 	1383
f 1653 	1506 	1654
f 1271 	1272 	1649
f 1607 	1608 	1647
f 1648 	1647 	1608
f 1611 	1612 	1647
f 1607 	1601 	1608
f 469 	468 	583
f 1607 	1606 	1601
f 1600 	1606 	1605
f 469 	583 	582
f 1608 	1228 	1264
f 1658 	650 	1424
f 267 	650 	1137
f 648 	1133 	650
f 1264 	1266 	1648
f 1608 	1264 	1648
f 1266 	1267 	1648
f 1647 	1417 	1611
f 1383 	1598 	1610
f 1612 	1599 	1600
f 1612 	1600 	1605
f 1612 	1611 	1599
f 1611 	1610 	1598
f 1153 	1154 	1617
f 1617 	1618 	1153
f 1152 	1153 	1618
f 1618 	1619 	1152
f 1621 	1622 	1150
f 1622 	1623 	1147
f 1146 	1147 	1623
f 1145 	1146 	1624
f 1624 	1625 	1145
f 1143 	1144 	1625
f 1625 	1172 	1143
f 1172 	1169 	1142
f 1140 	1141 	1170
f 1559 	1499 	1498
f 1559 	1498 	1558
f 1626 	1500 	1499
f 1626 	1499 	1559
f 1627 	1501 	1500
f 1627 	1500 	1626
f 1627 	1628 	1502
f 1627 	1502 	1501
f 483 	598 	484
f 1628 	1629 	1503
f 1628 	1503 	1502
f 1629 	1630 	1504
f 1629 	1504 	1503
f 1630 	1631 	1505
f 1630 	1505 	1504
f 1631 	167 	155
f 1631 	155 	1505
f 594 	487 	595
f 1632 	1507 	179
f 1633 	1508 	1507
f 1633 	1507 	1632
f 1634 	1509 	1508
f 1634 	1508 	1633
f 1004 	855 	863
f 1635 	1510 	1509
f 1635 	1509 	1634
f 1636 	1511 	1510
f 1636 	1510 	1635
f 1637 	1512 	1511
f 1637 	1511 	1636
f 1004 	1005 	855
f 603 	604 	491
f 1638 	1513 	1512
f 1638 	1512 	1637
f 604 	605 	491
f 1639 	1514 	1513
f 1639 	1513 	1638
f 1640 	1515 	1514
f 1640 	1514 	1639
f 1641 	1516 	1515
f 1641 	1515 	1640
f 1642 	1517 	1516
f 1642 	1516 	1641
f 608 	399 	509
f 397 	509 	399
f 1643 	1518 	1517
f 1643 	1517 	1642
f 610 	405 	511
f 402 	511 	405
f 611 	413 	513
f 413 	408 	513
f 1644 	1519 	1518
f 1644 	1518 	1643
f 1498 	1519 	1644
f 1498 	1644 	1558
f 1359 	1543 	1362
f 1533 	1532 	1641
f 1641 	1640 	1533
f 1421 	1626 	1530
f 1524 	1523 	1421
f 1526 	1524 	1421
f 1421 	1521 	1333
f 1034 	996 	1009
f 1522 	1521 	1421
f 1354 	1333 	1520
f 1520 	1333 	1521
f 1522 	1421 	1523
f 1526 	1421 	1528
f 1528 	1421 	1530
f 1531 	1530 	1643
f 1643 	1642 	1531
f 1534 	1639 	1538
f 1532 	1531 	1642
f 1538 	1639 	1539
f 1540 	1639 	1542
f 1539 	1639 	1540
f 1543 	1542 	1362
f 1015 	785 	875
f 1630 	1421 	1631
f 1628 	1421 	1629
f 1629 	1421 	1630
f 1628 	1627 	1421
f 834 	172 	1421
f 1559 	1530 	1626
f 1642 	1641 	1532
f 1558 	1530 	1559
f 1626 	1421 	1627
f 1138 	522 	1384
f 1631 	1421 	167
f 1138 	1384 	1139
f 865 	864 	1020
f 1633 	1362 	1634
f 179 	1362 	1632
f 867 	865 	1019
f 1632 	1362 	1633
f 1635 	1634 	1362
f 867 	1019 	869
f 1635 	1362 	1636
f 1636 	1362 	1637
f 1637 	1362 	1638
f 1638 	1362 	1639
f 1362 	1542 	1639
f 1640 	1639 	1534
f 1534 	1533 	1640
f 1643 	1530 	1644
f 1644 	1530 	1558
f 106 	1332 	981
f 182 	102 	342
f 1362 	182 	342
f 1333 	1349 	102
f 1115 	1114 	109
f 1114 	1113 	109
f 107 	1645 	1646
f 107 	1646 	108
f 1429 	1431 	107
f 203 	206 	102
f 1609 	1653 	1619
f 212 	102 	209
f 215 	102 	213
f 206 	209 	102
f 212 	213 	102
f 219 	102 	217
f 221 	103 	219
f 215 	217 	102
f 224 	103 	221
f 227 	1594 	226
f 228 	1 	227
f 229 	1 	228
f 231 	1 	230
f 1594 	227 	1
f 1650 	1617 	1616
f 233 	102 	232
f 229 	230 	1
f 1184 	708 	1415
f 234 	102 	233
f 102 	1 	232
f 1618 	1652 	1619
f 235 	102 	234
f 1415 	1185 	1184
f 1418 	1419 	1185
f 101 	102 	235
f 231 	232 	1
f 1183 	1185 	1419
f 239 	103 	224
f 1621 	1655 	1622
f 1464 	1198 	1419
f 104 	103 	239
f 245 	103 	244
f 1614 	1613 	1648
f 1648 	1615 	1614
f 247 	103 	246
f 248 	103 	247
f 1650 	1616 	1615
f 250 	103 	249
f 251 	103 	250
f 252 	103 	251
f 249 	103 	248
f 253 	94 	252
f 1609 	1619 	1652
f 255 	94 	253
f 1620 	1619 	1653
f 257 	94 	255
f 1653 	1654 	1621
f 1653 	1621 	1620
f 1654 	1655 	1621
f 271 	94 	270
f 1383 	1417 	1382
f 1414 	1381 	1416
f 279 	1594 	274
f 1612 	1605 	1647
f 1416 	1382 	1417
f 282 	1594 	279
f 274 	1594 	272
f 94 	271 	1594
f 95 	1594 	283
f 283 	1594 	282
f 226 	1594 	284
f 95 	284 	1594
f 1606 	1607 	1647
f 1647 	1648 	1613
f 264 	94 	257
f 266 	94 	264
f 268 	94 	266
f 270 	94 	269
f 269 	94 	268
f 272 	1594 	271
f 103 	252 	94
f 1615 	1648 	1649
f 1016 	873 	871
f 1605 	1606 	1647
f 1649 	1650 	1615
f 1617 	1650 	1651
f 1618 	1617 	1652
f 1651 	1652 	1617
f 1609 	1248 	1653
f 1021 	864 	1029
f 1397 	1143 	1142
f 997 	998 	857
f 997 	857 	856
f 859 	857 	999
f 998 	999 	857
f 860 	859 	1000
f 999 	1000 	859
f 1654 	1494 	1655
f 860 	1000 	861
f 1001 	861 	1000
f 1001 	862 	861
f 1655 	1593 	1656
f 1623 	1622 	1655
f 863 	1003 	1004
f 1656 	1592 	1657
f 851 	855 	1005
f 1655 	1656 	1623
f 1005 	773 	851
f 1149 	1398 	1140
f 1623 	1656 	1624
f 1656 	1657 	1624
f 1657 	650 	1658
f 1424 	650 	1439
f 1625 	1624 	1658
f 1657 	1658 	1624
f 1007 	1006 	840
f 842 	840 	1006
f 1658 	1424 	1625
f 842 	1006 	1025
f 1008 	1032 	839
f 1031 	839 	1032
f 1663 	1665 	1678
f 1666 	1667 	1676
f 1430 	1428 	1179
f 1189 	1190 	1669
f 1674 	1675 	1668
f 1660 	1687 	1659
f 1428 	1427 	1179
f 1180 	1179 	1427
f 1673 	1674 	1186
f 1668 	1186 	1674
f 1186 	1187 	1673
f 1180 	1427 	1426
f 1672 	1673 	1187
f 1187 	1188 	1672
f 1670 	1671 	1188
f 1669 	1670 	1189
f 1667 	1668 	1675
f 1188 	1189 	1670
f 1675 	1676 	1667
f 1677 	1678 	1665
f 1676 	1677 	1666
f 1665 	1666 	1677
f 522 	636 	1384
f 1662 	1663 	1679
f 1678 	1679 	1663
f 1679 	1680 	1662
f 1661 	1662 	1680
f 1680 	1681 	1661
f 1660 	1661 	1681
f 1686 	1660 	1681
f 1683 	1690 	1682
f 1690 	1691 	1682
f 1659 	1688 	1664
f 1664 	1689 	1684
f 1684 	1690 	1683
f 1281 	1257 	1685
f 1173 	1436 	1174
f 1435 	1174 	1436
f 1175 	1174 	1434
f 1435 	1434 	1174
f 1687 	1660 	1686
f 1688 	1659 	1687
f 1689 	1664 	1688
f 1690 	1684 	1689
f 1691 	1692 	1261
f 1260 	1261 	1692
f 1259 	1260 	1693
f 1693 	1694 	1259
f 1685 	1258 	1694
f 1433 	1176 	1434
f 1175 	1434 	1176
f 1432 	1177 	1433
f 1176 	1433 	1177
f 1177 	1432 	1178
f 1430 	1178 	1432
f 1430 	1179 	1178
f 1008 	997 	1032
f 997 	856 	1032
f 1149 	1399 	1398
f 1180 	1426 	1181
f 1425 	1182 	1426
f 1181 	1426 	1182
f 1034 	1009 	1035
f 1010 	1035 	1009
f 1036 	1035 	1010
f 1425 	1537 	1182
f 1012 	1037 	1036
f 1012 	1013 	1037
f 1037 	1013 	1033
f 1197 	1463 	1669
f 1033 	1013 	1030
f 1014 	1030 	1013
f 1014 	839 	1030
f 1031 	1030 	839
f 869 	1019 	1018
f 1436 	1173 	1196
f 1017 	871 	1018
f 1478 	1193 	1192
f 1183 	1419 	1198
f 875 	873 	1015
f 1197 	1198 	1463
f 1464 	1463 	1198
f 1089 	1669 	1463
f 1024 	1027 	1025
f 1026 	1025 	1027
f 1023 	1028 	1024
f 1027 	1024 	1028
f 1667 	1666 	1100
f 1029 	1028 	1022
f 1187 	1186 	1472
f 1021 	1020 	864
f 1471 	1188 	1472
f 865 	1020 	1019
f 869 	1018 	871
f 1479 	1191 	1474
f 1017 	1016 	871
f 1473 	1186 	1099
f 1475 	1196 	1476
f 1196 	1475 	1436
f 1668 	1099 	1186
f 1023 	1022 	1028
f 1022 	1021 	1029
f 1121 	1103 	1684
f 1479 	1192 	1191
f 773 	1005 	725
f 725 	619 	773
f 730 	775 	774
f 1665 	1102 	1666
f 775 	730 	776
f 1101 	1100 	1666
f 736 	777 	776
f 1100 	1668 	1667
f 738 	778 	736
f 1473 	1472 	1186
f 778 	738 	779
f 1187 	1472 	1188
f 1471 	1470 	1188
f 1189 	1188 	1470
f 1189 	1470 	1190
f 1469 	1190 	1470
f 1474 	1191 	1190
f 1469 	1474 	1190
f 751 	771 	783
f 1192 	1479 	1478
f 1194 	1193 	1477
f 1476 	1195 	1477
f 1194 	1477 	1195
f 1476 	1196 	1195
f 1673 	1093 	1674
f 1104 	1105 	1675
f 1104 	1675 	1674
f 1105 	1676 	1675
f 1525 	1527 	1254
f 1255 	1254 	1527
f 1676 	1107 	1677
f 1529 	1255 	1527
f 1107 	1678 	1677
f 1678 	1109 	1679
f 1109 	1680 	1679
f 1201 	1536 	1535
f 1557 	1263 	1535
f 1687 	1113 	1688
f 1113 	1114 	1689
f 1113 	1689 	1688
f 1114 	1690 	1689
f 1116 	1691 	1690
f 1116 	1692 	1691
f 1182 	1537 	1199
f 1119 	1694 	1693
f 1199 	1537 	1536
f 1694 	1119 	1685
f 1281 	1685 	1462
f 1462 	1685 	1120
f 1200 	1199 	1536
f 1536 	1201 	1200
f 1462 	1541 	1282
f 1541 	1254 	1282
f 1525 	1254 	1541
f 1395 	1144 	1143
f 1395 	1145 	1144
f 651 	810 	762
f 1392 	1147 	1146
f 1399 	1148 	525
f 1148 	1399 	1149
f 1403 	1402 	1152
f 1261 	1546 	1123
f 1121 	1684 	1683
f 1259 	1549 	1548
f 1408 	1160 	1159
f 1160 	1408 	1161
f 1547 	1260 	1548
f 1201 	1535 	1263
f 1274 	1265 	1555
f 1123 	1682 	1261
f 668 	667 	757
f 670 	755 	671
f 767 	766 	671
f 672 	766 	768
f 768 	765 	764
f 1259 	1548 	1260
f 1557 	1556 	1263
f 1265 	1263 	1556
f 1556 	1555 	1265
f 826 	912 	828
f 1554 	1278 	1555
f 828 	913 	916
f 828 	916 	835
f 1279 	1553 	1552
f 916 	836 	835
f 1550 	1257 	1552
f 1257 	1550 	1549
f 1547 	1261 	1260
f 1274 	1555 	1278
f 1278 	1554 	1279
f 1262 	1279 	1552
f 1262 	1552 	1257
f 1258 	1257 	1549
f 1258 	1549 	1259
f 1392 	1405 	1147
f 1150 	1147 	1405
f 525 	640 	1399
f 1405 	1151 	1150
f 1404 	1403 	1151
f 1401 	1400 	1154
f 810 	951 	762
f 1155 	1400 	1156
f 1157 	1156 	1412
f 1159 	1409 	1408
f 1407 	1162 	1161
f 677 	550 	1162
f 1414 	1165 	1164
f 1170 	1442 	1171
f 1447 	1420 	1171
f 1139 	1384 	1386
f 789 	787 	934
f 933 	790 	934
f 789 	934 	790
f 794 	792 	931
f 929 	795 	931
f 800 	960 	801
f 802 	957 	803
f 955 	804 	803
f 954 	806 	955
f 808 	818 	952
f 951 	810 	952
f 991 	814 	992
f 814 	991 	990
f 774 	773 	619
f 774 	619 	730
f 733 	776 	730
f 776 	733 	736
f 777 	736 	778
f 741 	779 	738
f 779 	741 	780
f 743 	780 	741
f 780 	743 	745
f 745 	748 	782
f 783 	782 	751
f 748 	751 	782
f 754 	771 	751
f 754 	906 	771
f 755 	670 	756
f 1397 	1142 	1141
f 1396 	1143 	1397
f 1143 	1396 	1395
f 763 	770 	764
f 1151 	1405 	1404
f 651 	762 	761
f 1152 	1151 	1403
f 1153 	1402 	1154
f 654 	760 	759
f 1155 	1154 	1400
f 758 	667 	759
f 1412 	1156 	1400
f 1411 	1157 	1412
f 1411 	1410 	1157
f 767 	671 	755
f 672 	671 	766
f 765 	768 	766
f 1683 	1682 	1123
f 763 	1007 	770
f 906 	831 	771
f 825 	906 	649
f 1089 	1090 	1670
f 1089 	1670 	1669
f 649 	912 	825
f 913 	828 	912
f 1090 	1091 	1671
f 1090 	1671 	1670
f 1671 	1091 	1672
f 1092 	1672 	1091
f 1673 	1672 	1093
f 1092 	1093 	1672
f 1104 	1674 	1093
f 836 	916 	920
f 920 	922 	837
f 920 	837 	836
f 922 	925 	837
f 1094 	1660 	1095
f 1659 	1095 	1660
f 1661 	1660 	1098
f 1094 	1098 	1660
f 1098 	1097 	1661
f 1662 	1661 	1097
f 1097 	1096 	1662
f 1663 	1662 	1096
f 1665 	1663 	1102
f 1099 	1668 	1100
f 1664 	1684 	1103
f 1095 	1659 	1103
f 1664 	1103 	1659
f 1096 	1102 	1663
f 1101 	1666 	1102
f 785 	1015 	936
f 677 	1162 	1406
f 808 	952 	810
f 1390 	1141 	1391
f 1140 	1391 	1141
f 1141 	1390 	1397
f 1393 	1392 	1146
f 1140 	1398 	1391
f 1153 	1152 	1402
f 1401 	1154 	1402
f 1158 	1157 	1410
f 1158 	1410 	1159
f 1409 	1159 	1410
f 935 	785 	936
f 1386 	1413 	1139
f 1647 	1613 	1166
f 1414 	1164 	1413
f 797 	795 	962
f 797 	962 	961
f 800 	961 	960
f 1167 	1420 	1168
f 959 	801 	960
f 959 	957 	801
f 802 	801 	957
f 1442 	1170 	1169
f 1447 	1171 	1442
f 956 	803 	957
f 1167 	1171 	1420
f 803 	956 	955
f 1163 	1139 	1413
f 1394 	1145 	1395
f 1145 	1394 	1146
f 1393 	1146 	1394
f 1161 	1408 	1407
f 1406 	1162 	1407
f 1163 	1413 	1164
f 1416 	1165 	1414
f 1166 	1165 	1417
f 1416 	1417 	1165
f 1417 	1647 	1166
f 692 	1168 	1375
f 1168 	1420 	1375
f 1424 	1172 	1625
f 1424 	1439 	1172
f 1169 	1172 	1439
f 1169 	1439 	1442
f 819 	821 	1126
f 819 	1126 	1125
f 823 	827 	1130
f 823 	1130 	1129
f 1136 	1132 	833
f 830 	833 	1132
f 509 	510 	607
f 608 	509 	607
f 511 	512 	609
f 610 	511 	609
f 514 	648 	513
f 527 	611 	648
f 514 	613 	648
f 513 	648 	611
f 1698 	1699 	1697
f 1696 	1714 	1699
f 1698 	1701 	1699
f 1700 	1699 	1701
f 1700 	1701 	1728
f 1700 	1695 	1699
f 1697 	1701 	1698
f 1702 	1695 	1728
f 1700 	1728 	1695
f 1720 	1704 	243
f 1704 	1705 	1729
f 1709 	1710 	1708
f 1707 	1708 	1710
f 1710 	1711 	1707
f 1711 	1712 	1707
f 1706 	1707 	1712
f 1713 	1715 	1712
f 1714 	1703 	1713
f 1706 	1712 	1715
f 1715 	1713 	1703
f 1705 	1715 	1703
f 1705 	1703 	1729
f 1708 	1716 	1717
f 1708 	1717 	1709
f 1711 	1718 	1719
f 1711 	1719 	1712
f 1715 	1720 	1721
f 1715 	1721 	1706
f 1707 	1722 	1716
f 1707 	1716 	1708
f 1711 	1710 	1723
f 1711 	1723 	1718
f 1724 	1725 	1714
f 1724 	1714 	1713
f 1721 	1722 	1707
f 1721 	1707 	1706
f 1717 	1723 	1710
f 1717 	1710 	1709
f 1713 	1712 	1719
f 1713 	1719 	1724
f 1719 	1718 	237
f 1718 	1723 	237
f 1723 	1717 	237
f 1721 	237 	1722
f 1716 	237 	1717
f 1722 	237 	1716
f 1720 	237 	1721
f 1704 	1720 	1715
f 1704 	1715 	1705
f 1725 	1726 	1714
f 1697 	1699 	1714
f 1703 	1714 	1696
f 1697 	1714 	1726
f 1725 	1724 	237
f 1724 	1719 	237
f 1701 	1727 	1728
f 1697 	1726 	1727
f 1697 	1727 	1701
f 1704 	1729 	1730
f 1734 	1735 	368
f 369 	368 	1735
f 1735 	1736 	369
f 370 	369 	1736
f 1737 	370 	1736
f 1738 	371 	1737
f 1739 	379 	1738
f 1740 	383 	1739
f 1741 	383 	1740
f 1742 	388 	1741
f 1743 	1744 	391
f 1745 	603 	1744
f 1743 	391 	1742
f 1746 	604 	1745
f 368 	367 	1734
f 367 	366 	1734
f 572 	1773 	573
f 1747 	1729 	650
f 1746 	1748 	1749
f 1746 	1749 	1747
f 1731 	1750 	1751
f 1731 	1751 	1732
f 1734 	1752 	1753
f 1734 	1753 	1735
f 1737 	1754 	1755
f 1737 	1755 	1738
f 1740 	1756 	1757
f 1740 	1757 	1741
f 1743 	1758 	1759
f 1743 	1759 	1744
f 1745 	1760 	1748
f 1745 	1748 	1746
f 1734 	1733 	1761
f 1734 	1761 	1752
f 1737 	1736 	1762
f 1737 	1762 	1754
f 1740 	1739 	1763
f 1740 	1763 	1756
f 1743 	1742 	1764
f 1743 	1764 	1758
f 1759 	1760 	1745
f 1759 	1745 	1744
f 1733 	1732 	1751
f 1733 	1751 	1761
f 1736 	1735 	1753
f 1736 	1753 	1762
f 1739 	1738 	1755
f 1739 	1755 	1763
f 1742 	1741 	1757
f 1742 	1757 	1764
f 1759 	236 	1760
f 1758 	236 	1759
f 1764 	236 	1758
f 1757 	236 	1764
f 1756 	236 	1757
f 1763 	236 	1756
f 1755 	236 	1763
f 1754 	236 	1755
f 1762 	236 	1754
f 1753 	236 	1762
f 1752 	236 	1753
f 1761 	236 	1752
f 1751 	236 	1761
f 1750 	236 	1751
f 1747 	1749 	1730
f 1747 	1730 	1729
f 1749 	236 	1730
f 243 	241 	1720
f 409 	1696 	410
f 14 	1012 	1699
f 25 	14 	1695
f 1728 	1727 	1702
f 1369 	1702 	1372
f 1729 	1703 	650
f 1730 	243 	1704
f 650 	1703 	412
f 409 	412 	1696
f 1703 	1696 	412
f 1726 	1372 	1727
f 1725 	737 	1726
f 1727 	1372 	1702
f 650 	605 	1747
f 1748 	236 	1749
f 1770 	560 	1765
f 545 	236 	540
f 1760 	236 	1748
f 1765 	236 	1767
f 1767 	236 	1766
f 540 	236 	1765
f 1772 	571 	1771
f 1773 	572 	1772
f 1774 	573 	1773
f 1731 	363 	1774
f 1772 	1766 	1773
f 1772 	1771 	1767
f 1772 	1767 	1766
f 1765 	1767 	1770
f 1771 	1770 	1767
f 1766 	1768 	1773
f 1750 	1731 	1769
f 1774 	1769 	1731
f 1768 	1769 	1773
f 1774 	1773 	1769
f 1781 	1782 	474
f 1780 	1781 	475
f 472 	473 	1782
f 1782 	1783 	472
f 471 	472 	1783
f 1784 	1785 	471
f 467 	470 	1785
f 1785 	1786 	467
f 1786 	1787 	467
f 465 	466 	1787
f 464 	465 	1789
f 463 	464 	1789
f 490 	491 	463
f 461 	462 	491
f 364 	1776 	1775
f 364 	365 	1776
f 379 	1786 	1785
f 1786 	387 	1787
f 1788 	1787 	388
f 387 	388 	1787
f 388 	1789 	1788
f 603 	490 	1789
f 363 	364 	1775
f 1777 	1776 	365
f 365 	366 	1777
f 1778 	1777 	366
f 366 	1779 	1778
f 368 	1780 	1779
f 368 	1781 	1780
f 370 	1782 	1781
f 1782 	370 	1783
f 371 	1783 	370
f 1784 	1783 	374
f 371 	374 	1783
f 1784 	374 	1785
f 379 	1785 	374
f 363 	1775 	458
# 3582 faces

 #end of obj_0

o obj_1
v 454.006 		51.23 		4.537
v 454.111 		50.92 		4.537
v 454.111 		50.92 		5.642
v 454.006 		51.23 		5.642
v 454.256 		50.627 		4.537
v 454.256 		50.627 		5.642
v 351.227 		62.077 		4.537
v 421.521 		113.306 		4.537
v 421.521 		100.13 		4.537
v 421.521 		95.218 		4.537
v 467.245 		113.306 		4.537
v 421.521 		18.259 		4.537
v 384.801 		131.309 		5.581
v 384.91 		131.472 		5.581
v 351.154 		61.968 		4.537
v 454.438 		50.355 		4.537
v 384.714 		131.133 		5.581
v 351.096 		61.85 		4.537
v 384.651 		130.947 		5.581
v 454.438 		50.355 		5.642
v 351.054 		61.726 		4.537
v 454.653 		50.109 		4.537
v 384.613 		130.754 		5.581
v 351.028 		61.597 		4.537
v 391.65 		18.259 		4.537
v 384.6 		130.559 		5.581
v 454.653 		50.109 		5.642
v 391.65 		32.716 		4.537
v 454.899 		49.893 		4.537
v 351.02 		61.466 		4.537
v 454.899 		49.893 		5.642
v 427.53 		103.495 		4.537
v 429.53 		103.495 		4.537
v 429.578 		103.495 		4.537
v 433.578 		103.495 		4.537
v 455.171 		49.712 		4.537
v 351.028 		61.336 		4.537
v 429.578 		103.495 		8.998
v 430.828 		103.495 		8.998
v 384.613 		130.363 		5.581
v 455.171 		49.712 		5.642
v 351.054 		61.207 		4.537
v 384.651 		130.17 		5.581
v 455.464 		49.567 		4.537
v 351.096 		61.083 		4.537
v 384.714 		129.985 		5.581
v 455.464 		49.567 		5.642
v 455.774 		49.462 		4.537
v 384.801 		129.809 		5.581
v 351.154 		60.965 		4.537
v 455.774 		49.462 		5.642
v 456.095 		49.398 		4.537
v 384.91 		129.646 		5.581
v 351.227 		60.856 		4.537
v 481.9104 		160.8489 		4.537
v 481.9104 		160.8489 		0
v 456.095 		49.398 		5.642
v 385.039 		129.498 		5.581
v 456.421 		49.377 		4.537
v 481.6072 		160.4693 		0
v 481.6072 		160.4693 		4.537
v 385.187 		129.369 		5.581
v 456.421 		49.377 		5.642
v 481.8701 		160.7932 		0
v 481.8701 		160.7932 		4.537
v 385.35 		129.26 		5.581
v 456.747 		49.398 		4.537
v 352.153 		62.46 		4.537
v 385.526 		129.173 		5.581
v 456.747 		49.398 		5.642
v 352.022 		62.469 		4.537
v 433.578 		103.495 		8.998
v 385.712 		129.11 		5.581
v 473.747 		162.714 		0
v 427.53 		103.495 		10.498
v 429.53 		103.495 		10.498
v 474.007 		162.748 		0
v 351.891 		62.46 		4.537
v 385.904 		129.072 		5.581
v 473.878 		162.722 		0
v 351.763 		62.435 		4.537
v 474.543 		163.106 		0
v 457.068 		49.462 		4.537
v 391.65 		50.059 		4.537
v 351.639 		62.393 		4.537
v 433.578 		95.495 		4.537
v 429.578 		95.495 		4.537
v 429.53 		95.495 		4.537
v 427.53 		95.495 		4.537
v 474.456 		163.008 		0
v 391.65 		70.059 		4.537
v 474.357 		162.921 		0
v 351.521 		62.335 		4.537
v 386.426 		128.08 		5.581
v 386.747 		128.144 		5.581
v 387.057 		128.249 		5.581
v 474.248 		162.848 		0
v 385.143 		128.249 		5.581
v 385.453 		128.144 		5.581
v 385.774 		128.08 		5.581
v 386.1 		128.059 		5.581
v 474.131 		162.79 		0
v 351.412 		62.262 		4.537
v 387.622 		132.542 		4.537
v 389.65 		50.059 		9.037
v 389.65 		50.059 		5.537
v 351.313 		62.175 		4.537
v 391.65 		50.059 		9.037
v 429.53 		95.495 		8.498
v 457.068 		49.462 		5.642
v 429.578 		95.495 		8.498
v 391.65 		70.059 		9.037
v 387.622 		132.542 		5.581
v 389.65 		70.059 		5.537
v 389.65 		70.059 		9.037
v 457.378 		49.567 		4.537
v 387.35 		132.724 		4.537
v 457.378 		49.567 		5.642
v 387.35 		132.724 		5.581
v 433.578 		95.495 		10.498
v 387.057 		132.868 		4.537
v 457.671 		49.712 		4.537
v 390.65 		105.059 		4.537
v 427.53 		95.495 		10.498
v 387.057 		132.868 		5.581
v 457.671 		49.712 		5.642
v 390.65 		105.059 		9.037
v 386.747 		132.973 		4.537
v 352.818 		60.856 		4.537
v 457.943 		49.893 		4.537
v 386.747 		132.973 		5.581
v 386.426 		133.037 		4.537
v 457.943 		49.893 		5.642
v 352.89 		60.965 		4.537
v 433.304 		100.235 		11.498
v 433.274 		100.354 		11.498
v 433.233 		100.469 		11.498
v 386.426 		133.037 		5.581
v 433.181 		100.58 		11.498
v 458.189 		50.109 		4.537
v 386.1 		133.059 		4.537
v 433.304 		99.747 		11.498
v 433.322 		99.868 		11.498
v 433.328 		99.991 		11.498
v 433.322 		100.113 		11.498
v 352.948 		61.083 		4.537
v 458.189 		50.109 		5.642
v 386.1 		133.059 		5.581
v 458.404 		50.355 		4.537
v 372.1 		100.309 		4.537
v 352.991 		61.207 		4.537
v 458.404 		50.355 		5.642
v 432.201 		101.235 		11.498
v 353.016 		61.336 		4.537
v 387.35 		128.394 		4.537
v 386.2 		105.059 		4.537
v 433.117 		100.685 		11.498
v 433.044 		100.784 		11.498
v 432.962 		100.875 		11.498
v 432.871 		100.957 		11.498
v 432.773 		101.03 		11.498
v 432.667 		101.093 		11.498
v 386.2 		105.059 		5.537
v 432.556 		101.146 		11.498
v 432.441 		101.187 		11.498
v 432.322 		101.217 		11.498
v 387.35 		128.394 		5.581
v 353.025 		61.466 		4.537
v 388.65 		105.059 		5.537
v 387.622 		128.575 		4.537
v 353.016 		61.597 		4.537
v 387.622 		128.575 		5.581
v 432.078 		101.241 		11.498
v 431.956 		101.235 		11.498
v 431.834 		101.217 		11.498
v 387.868 		128.791 		4.537
v 456.996 		34.01 		9.537
v 456.849 		34.082 		9.537
v 457.578 		33.251 		9.537
v 457.526 		33.405 		9.537
v 387.868 		128.791 		5.581
v 431.715 		101.187 		11.498
v 457.454 		33.552 		9.537
v 431.6 		101.146 		11.498
v 431.489 		101.093 		11.498
v 431.384 		101.03 		11.498
v 457.363 		33.688 		9.537
v 431.285 		100.957 		11.498
v 352.991 		61.726 		4.537
v 457.255 		33.811 		9.537
v 457.132 		33.919 		9.537
v 431.194 		100.875 		11.498
v 431.112 		100.784 		11.498
v 388.65 		105.059 		9.037
v 388.083 		129.037 		4.537
v 456.534 		34.166 		9.537
v 456.371 		34.177 		9.537
v 456.208 		34.166 		9.537
v 456.048 		34.134 		9.537
v 455.893 		34.082 		9.537
v 455.746 		34.01 		9.537
v 388.083 		129.037 		5.581
v 456.695 		34.134 		9.537
v 431.039 		100.685 		11.498
v 430.976 		100.58 		11.498
v 430.923 		100.469 		11.498
v 430.882 		100.354 		11.498
v 430.852 		100.235 		11.498
v 430.834 		100.113 		11.498
v 388.265 		129.309 		4.537
v 430.828 		99.991 		11.498
v 430.834 		99.868 		11.498
v 430.852 		99.747 		11.498
v 352.948 		61.85 		4.537
v 457.621 		32.927 		9.537
v 457.61 		33.09 		9.537
v 433.233 		99.512 		11.498
v 433.274 		99.628 		11.498
v 388.265 		129.309 		5.581
v 369.4 		113.306 		4.537
v 369.4 		105.059 		4.537
v 457.363 		32.166 		9.537
v 457.454 		32.302 		9.537
v 433.181 		99.401 		11.498
v 352.89 		61.968 		4.537
v 457.526 		32.449 		9.537
v 457.578 		32.603 		9.537
v 457.61 		32.764 		9.537
v 369.6 		102.809 		4.537
v 388.41 		129.602 		4.537
v 352.818 		62.077 		4.537
v 432.201 		98.747 		11.498
v 432.322 		98.765 		11.498
v 369.4 		105.059 		5.537
v 432.441 		98.795 		11.498
v 432.556 		98.836 		11.498
v 432.667 		98.888 		11.498
v 432.773 		98.951 		11.498
v 432.871 		99.024 		11.498
v 432.962 		99.107 		11.498
v 433.044 		99.198 		11.498
v 433.117 		99.296 		11.498
v 455.61 		33.919 		9.537
v 455.487 		33.811 		9.537
v 455.379 		33.688 		9.537
v 455.288 		33.552 		9.537
v 455.216 		33.405 		9.537
v 352.731 		62.175 		4.537
v 455.164 		33.251 		9.537
v 455.132 		33.09 		9.537
v 455.121 		32.927 		9.537
v 455.132 		32.764 		9.537
v 455.164 		32.603 		9.537
v 455.216 		32.449 		9.537
v 455.288 		32.302 		9.537
v 455.379 		32.166 		9.537
v 352.632 		62.262 		4.537
v 431.956 		98.747 		11.498
v 432.078 		98.741 		11.498
v 431.112 		99.198 		11.498
v 431.194 		99.107 		11.498
v 431.285 		99.024 		11.498
v 431.384 		98.951 		11.498
v 352.523 		62.335 		4.537
v 431.489 		98.888 		11.498
v 431.6 		98.836 		11.498
v 431.715 		98.795 		11.498
v 369.796 		101.796 		8.248
v 431.834 		98.765 		11.498
v 456.849 		31.772 		9.537
v 456.996 		31.844 		9.537
v 457.132 		31.935 		9.537
v 457.255 		32.043 		9.537
v 430.882 		99.628 		11.498
v 430.923 		99.512 		11.498
v 430.976 		99.401 		11.498
v 455.487 		32.043 		9.537
v 431.039 		99.296 		11.498
v 352.406 		62.393 		4.537
v 455.61 		31.935 		9.537
v 455.746 		31.844 		9.537
v 455.893 		31.772 		9.537
v 456.048 		31.72 		9.537
v 456.208 		31.688 		9.537
v 456.371 		31.677 		9.537
v 456.534 		31.688 		9.537
v 456.695 		31.72 		9.537
v 352.282 		62.435 		4.537
v 371.1 		100.309 		8.248
v 371.087 		100.504 		8.248
v 371.049 		100.697 		8.248
v 370.986 		100.883 		8.248
v 370.899 		101.059 		8.248
v 370.79 		101.222 		8.248
v 370.661 		101.369 		8.248
v 370.513 		101.499 		8.248
v 370.35 		101.608 		8.248
v 370.174 		101.694 		8.248
v 369.988 		101.758 		8.248
v 370.986 		99.735 		8.248
v 371.049 		99.92 		8.248
v 371.087 		100.113 		8.248
v 369.6 		101.809 		8.248
v 369.404 		101.796 		8.248
v 352.022 		62.469 		0
v 369.212 		101.758 		8.248
v 369.026 		101.694 		8.248
v 368.85 		101.608 		8.248
v 368.687 		101.499 		8.248
v 368.539 		101.369 		8.248
v 368.41 		101.222 		8.248
v 368.301 		101.059 		8.248
v 368.214 		100.883 		8.248
v 368.151 		100.697 		8.248
v 368.113 		100.504 		8.248
v 368.1 		100.309 		8.248
v 368.113 		100.113 		8.248
v 368.151 		99.92 		8.248
v 368.214 		99.735 		8.248
v 370.661 		99.248 		8.248
v 370.79 		99.396 		8.248
v 370.899 		99.559 		8.248
v 353.025 		61.466 		0
v 369.796 		98.822 		8.248
v 369.988 		98.86 		8.248
v 370.174 		98.923 		8.248
v 370.35 		99.01 		8.248
v 370.513 		99.119 		8.248
v 351.02 		59.306 		0
v 358.525 		59.306 		0
v 358.525 		59.306 		4.537
v 351.02 		59.306 		4.537
v 369.404 		98.822 		8.248
v 369.6 		98.809 		8.248
v 368.301 		99.559 		8.248
v 368.41 		99.396 		8.248
v 368.539 		99.248 		8.248
v 368.687 		99.119 		8.248
v 368.85 		99.01 		8.248
v 369.026 		98.923 		8.248
v 369.212 		98.86 		8.248
v 352.022 		60.464 		0
v 345.77 		59.306 		4.537
v 345.77 		59.306 		0
v 351.02 		61.466 		0
v 343.022 		60.966 		0
v 343.0308 		60.9748 		0
v 388.41 		129.602 		5.581
v 356.8097 		93.964 		0
v 356.8097 		93.964 		4.537
v 356.7256 		93.9645 		0
v 356.7256 		93.9645 		4.537
v 356.753 		93.964 		0
v 356.753 		93.964 		4.537
v 388.515 		129.912 		4.537
v 388.515 		129.912 		5.581
v 388.579 		130.232 		4.537
v 388.579 		130.232 		5.581
v 347.5597 		93.964 		0
v 347.5973 		93.966 		0
v 388.6 		130.559 		4.537
v 347.5973 		93.966 		4.537
v 347.5597 		93.964 		4.537
v 388.6 		130.559 		5.581
v 347.4756 		93.9645 		0
v 347.4756 		93.9645 		4.537
v 388.579 		130.885 		4.537
v 347.503 		93.964 		0
v 347.503 		93.964 		4.537
v 388.579 		130.885 		5.581
v 388.515 		131.206 		4.537
v 388.515 		131.206 		5.581
v 388.41 		131.515 		4.537
v 388.41 		131.515 		5.581
v 388.265 		131.809 		4.537
v 356.522 		93.966 		0
v 356.522 		93.966 		4.537
v 388.265 		131.809 		5.581
v 388.083 		132.081 		4.537
v 388.083 		132.081 		5.581
v 387.868 		132.326 		4.537
v 387.868 		132.326 		5.581
v 385.774 		133.037 		4.537
v 385.774 		133.037 		5.581
v 385.453 		132.973 		4.537
v 438.3998 		234.2466 		11.499
v 437.709 		234.3487 		11.499
v 437.223 		234.4084 		11.499
v 385.453 		132.973 		5.581
v 440.6288 		233.6756 		11.499
v 439.9494 		233.8785 		11.499
v 385.143 		132.868 		4.537
v 439.4985 		234.0016 		11.499
v 385.143 		132.868 		5.581
v 437.7108 		213.9294 		11.499
v 438.3354 		213.887 		11.499
v 384.85 		132.724 		4.537
v 439.9386 		213.7151 		11.499
v 440.5656 		213.6291 		11.499
v 384.85 		132.724 		5.581
v 437.3251 		213.9513 		11.499
v 384.578 		132.542 		4.537
v 439.6059 		213.7567 		11.499
v 384.578 		132.542 		5.581
v 343.8989 		95.7932 		4.537
v 343.8989 		95.7932 		0
v 343.639 		96.1878 		4.537
v 384.332 		132.326 		4.537
v 343.639 		96.1878 		0
v 343.8592 		95.8479 		0
v 343.8592 		95.8479 		4.537
v 343.4213 		96.608 		4.537
v 343.4213 		96.608 		0
v 384.332 		132.326 		5.581
v 343.6079 		96.2416 		0
v 343.6079 		96.2416 		4.537
v 384.117 		132.081 		4.537
v 343.2467 		97.055 		4.537
v 343.2467 		97.055 		0
v 343.3977 		96.6608 		0
v 343.3977 		96.6608 		4.537
v 384.117 		132.081 		5.581
v 343.1223 		97.5101 		4.537
v 343.1223 		97.5101 		0
v 343.2335 		97.0954 		0
v 383.935 		131.809 		4.537
v 343.2335 		97.0954 		4.537
v 343.0472 		97.9694 		4.537
v 383.935 		131.809 		5.581
v 343.0472 		97.9694 		0
v 343.1137 		97.5506 		0
v 343.1137 		97.5506 		4.537
v 383.79 		131.515 		4.537
v 383.79 		131.515 		5.581
v 343.0415 		98.0242 		0
v 343.0415 		98.0242 		4.537
v 383.685 		131.206 		4.537
v 383.685 		131.206 		5.581
v 383.621 		130.885 		4.537
v 383.621 		130.885 		5.581
v 383.6 		130.559 		4.537
v 383.6 		130.559 		5.581
v 383.621 		130.232 		4.537
v 440.5656 		213.6291 		11.498
v 439.9386 		213.7151 		11.498
v 439.6059 		213.7567 		11.498
v 383.621 		130.232 		5.581
v 438.3354 		213.887 		11.498
v 437.7108 		213.9294 		11.498
v 437.3251 		213.9513 		11.498
v 383.685 		129.912 		4.537
v 383.685 		129.912 		5.581
v 383.79 		129.602 		4.537
v 429.53 		97.495 		10.498
v 433.578 		97.495 		10.498
v 383.79 		129.602 		5.581
v 347.0812 		93.9854 		0
v 347.0812 		93.9854 		4.537
v 429.53 		97.495 		8.498
v 429.578 		97.495 		8.498
v 383.935 		129.309 		4.537
v 346.6132 		94.0567 		0
v 347.0222 		93.9916 		0
v 347.0222 		93.9916 		4.537
v 346.6132 		94.0567 		4.537
v 429.578 		97.495 		8.998
v 346.16 		94.175 		0
v 346.5578 		94.0685 		0
v 346.5578 		94.0685 		4.537
v 346.16 		94.175 		4.537
v 383.935 		129.309 		5.581
v 345.7099 		94.3444 		0
v 384.117 		129.037 		4.537
v 346.1028 		94.1934 		0
v 346.1028 		94.1934 		4.537
v 345.7099 		94.3444 		4.537
v 384.117 		129.037 		5.581
v 345.2929 		94.5543 		0
v 430.828 		99.717 		8.998
v 345.6662 		94.3641 		0
v 345.6662 		94.3641 		4.537
v 430.828 		99.991 		8.998
v 345.2929 		94.5543 		4.537
v 384.332 		128.791 		4.537
v 345.2384 		94.5866 		0
v 384.332 		128.791 		5.581
v 345.2384 		94.5866 		4.537
v 384.578 		128.575 		4.537
v 347.0234 		93.9914 		0
v 347.0234 		93.9914 		4.537
v 433.578 		97.495 		8.998
v 384.578 		128.575 		5.581
v 433.578 		98.741 		8.998
v 345.6793 		94.358 		0
v 345.6793 		94.358 		4.537
v 384.85 		128.394 		4.537
v 345.271 		94.567 		0
v 384.85 		128.394 		5.581
v 345.271 		94.567 		4.537
v 432.078 		98.741 		8.998
v 431.1 		98.741 		8.998
v 386.426 		128.08 		4.537
v 386.1 		128.059 		4.537
v 433.328 		99.991 		8.998
v 480 		118.205 		4.537
v 386.747 		128.144 		4.537
v 387.057 		128.249 		4.537
v 432.078 		101.241 		8.998
v 480 		113.306 		4.537
v 433.304 		99.747 		8.998
v 385.143 		128.249 		4.537
v 433.322 		99.868 		8.998
v 433.322 		100.113 		8.998
v 433.304 		100.235 		8.998
v 385.453 		128.144 		4.537
v 433.274 		100.354 		8.998
v 344.8974 		94.8084 		4.537
v 344.8974 		94.8084 		0
v 433.233 		100.469 		8.998
v 385.774 		128.08 		4.537
v 344.5393 		95.0938 		0
v 344.8531 		94.8407 		0
v 344.8531 		94.8407 		4.537
v 344.5393 		95.0938 		4.537
v 433.181 		100.58 		8.998
v 344.1899 		95.438 		4.537
v 344.1899 		95.438 		0
v 344.481 		95.146 		0
v 344.481 		95.146 		4.537
v 343.022 		113.306 		4.537
v 344.1617 		95.4693 		0
v 433.117 		100.685 		8.998
v 344.1617 		95.4693 		4.537
v 369.4 		125.059 		4.537
v 369.4 		125.059 		5.537
v 369.4 		118.205 		4.537
v 358.525 		113.306 		4.537
v 433.044 		100.784 		8.998
v 432.962 		100.875 		8.998
v 432.871 		100.957 		8.998
v 369.1715 		202.2725 		11.499
v 369.129 		202.2128 		11.499
v 432.773 		101.03 		8.998
v 345.77 		113.306 		4.537
v 432.667 		101.093 		8.998
v 432.556 		101.146 		8.998
v 432.441 		101.187 		8.998
v 432.322 		101.217 		8.998
v 432.201 		101.235 		8.998
v 358.1912 		94.1934 		0
v 358.1912 		94.1934 		4.537
v 369.1435 		203.0192 		11.499
v 357.7408 		94.0695 		0
v 358.1337 		94.1749 		0
v 358.1337 		94.1749 		4.537
v 431.956 		101.235 		8.998
v 357.7408 		94.0695 		4.537
v 369.136 		203.6183 		11.499
v 431.834 		101.217 		8.998
v 357.6781 		94.0561 		0
v 357.6781 		94.0561 		4.537
v 431.715 		101.187 		8.998
v 369.136 		204.6053 		11.499
v 431.6 		101.146 		8.998
v 431.489 		101.093 		8.998
v 431.384 		101.03 		8.998
v 369.1969 		206.2308 		11.499
v 431.285 		100.957 		8.998
v 431.194 		100.875 		8.998
v 369.3052 		207.7808 		11.499
v 369.2346 		206.8343 		11.499
v 431.112 		100.784 		8.998
v 357.2716 		93.9915 		4.537
v 357.2716 		93.9915 		0
v 357.2048 		93.985 		0
v 357.2048 		93.985 		4.537
v 369.133 		199.8154 		11.499
v 369.133 		200.2586 		11.499
v 431.039 		100.685 		8.998
v 356.5308 		93.9748 		0
v 369.1948 		201.0215 		11.499
v 356.5308 		93.9748 		4.537
v 369.1401 		199.5531 		11.499
v 357.2286 		93.9871 		0
v 357.2286 		93.9871 		4.537
v 430.976 		100.58 		8.998
v 430.923 		100.469 		8.998
v 430.882 		100.354 		8.998
v 369.129 		199.1702 		11.499
v 369.169 		199.1961 		11.499
v 430.852 		100.235 		8.998
v 430.834 		100.113 		8.998
v 369.2315 		201.2921 		11.499
v 430.834 		99.868 		8.998
v 369.3014 		201.7223 		11.499
v 430.852 		99.747 		8.998
v 351.227 		99.327 		0
v 351.154 		99.218 		0
v 433.181 		99.401 		8.998
v 351.096 		99.1 		0
v 351.054 		98.976 		0
v 433.233 		99.512 		8.998
v 473.747 		164.719 		0
v 433.274 		99.628 		8.998
v 351.028 		98.847 		0
v 473.878 		164.71 		0
v 351.02 		98.716 		0
v 432.201 		98.747 		8.998
v 474.007 		164.685 		0
v 432.322 		98.765 		8.998
v 351.028 		98.586 		0
v 432.441 		98.795 		8.998
v 351.054 		98.457 		0
v 369.3952 		209.2262 		11.498
v 474.131 		164.643 		0
v 369.3591 		208.3293 		11.498
v 432.556 		98.836 		8.998
v 369.358 		208.2503 		11.498
v 351.096 		98.333 		0
v 474.248 		164.585 		0
v 432.667 		98.888 		8.998
v 351.154 		98.215 		0
v 432.773 		98.951 		8.998
v 474.357 		164.512 		0
v 351.227 		98.106 		0
v 432.871 		99.024 		8.998
v 474.456 		164.425 		0
v 432.962 		99.107 		8.998
v 433.044 		99.198 		8.998
v 474.543 		164.327 		0
v 433.117 		99.296 		8.998
v 474.615 		164.218 		0
v 352.022 		97.714 		0
v 352.153 		97.722 		0
v 474.673 		164.1 		0
v 474.716 		163.976 		0
v 431.112 		99.198 		8.998
v 474.741 		163.847 		0
v 431.194 		99.107 		8.998
v 351.313 		98.008 		0
v 474.75 		163.716 		0
v 431.285 		99.024 		8.998
v 351.412 		97.921 		0
v 431.384 		98.951 		8.998
v 474.741 		163.586 		0
v 343.022 		118.205 		4.537
v 474.716 		163.457 		0
v 351.521 		97.848 		0
v 431.489 		98.888 		8.998
v 474.673 		163.333 		0
v 431.6 		98.836 		8.998
v 351.639 		97.79 		0
v 474.615 		163.215 		0
v 431.715 		98.795 		8.998
v 351.763 		97.748 		0
v 431.834 		98.765 		8.998
v 351.891 		97.722 		0
v 431.956 		98.747 		8.998
v 430.882 		99.628 		8.998
v 352.282 		97.748 		0
v 430.923 		99.512 		8.998
v 430.976 		99.401 		8.998
v 431.039 		99.296 		8.998
v 352.406 		97.79 		0
v 352.523 		97.848 		0
v 352.632 		97.921 		0
v 352.731 		98.008 		0
v 352.818 		98.106 		0
v 352.89 		98.215 		0
v 352.948 		98.333 		0
v 352.991 		98.457 		0
v 353.016 		98.586 		0
v 352.153 		99.71 		0
v 351.891 		99.71 		0
v 351.763 		99.685 		0
v 457.578 		33.251 		5.642
v 351.639 		99.643 		0
v 457.526 		33.405 		5.642
v 351.521 		99.585 		0
v 457.454 		33.552 		5.642
v 351.412 		99.512 		0
v 457.363 		33.688 		5.642
v 457.255 		33.811 		5.642
v 457.132 		33.919 		5.642
v 456.996 		34.01 		5.642
v 456.849 		34.082 		5.642
v 456.371 		34.177 		5.642
v 456.208 		34.166 		5.642
v 456.048 		34.134 		5.642
v 455.893 		34.082 		5.642
v 455.746 		34.01 		5.642
v 456.695 		34.134 		5.642
v 351.313 		99.425 		0
v 456.534 		34.166 		5.642
v 353.025 		98.716 		0
v 353.016 		98.847 		0
v 457.363 		32.166 		5.642
v 352.991 		98.976 		0
v 457.454 		32.302 		5.642
v 352.948 		99.1 		0
v 457.526 		32.449 		5.642
v 352.89 		99.218 		0
v 358.525 		118.205 		4.537
v 352.818 		99.327 		0
v 457.578 		32.603 		5.642
v 352.731 		99.425 		0
v 457.61 		32.764 		5.642
v 345.77 		118.205 		4.537
v 352.632 		99.512 		0
v 457.621 		32.927 		5.642
v 457.61 		33.09 		5.642
v 352.523 		99.585 		0
v 352.406 		99.643 		0
v 352.282 		99.685 		0
v 455.61 		33.919 		5.642
v 455.487 		33.811 		5.642
v 352.022 		99.719 		0
v 455.379 		33.688 		5.642
v 455.288 		33.552 		5.642
v 455.216 		33.405 		5.642
v 455.164 		33.251 		5.642
v 455.132 		33.09 		5.642
v 455.121 		32.927 		5.642
v 455.132 		32.764 		5.642
v 455.164 		32.603 		5.642
v 455.216 		32.449 		5.642
v 455.288 		32.302 		5.642
v 455.379 		32.166 		5.642
v 455.487 		32.043 		5.642
v 455.61 		31.935 		5.642
v 455.746 		31.844 		5.642
v 455.893 		31.772 		5.642
v 456.048 		31.72 		5.642
v 456.208 		31.688 		5.642
v 456.371 		31.677 		5.642
v 456.534 		31.688 		5.642
v 456.695 		31.72 		5.642
v 456.849 		31.772 		5.642
v 456.996 		31.844 		5.642
v 457.132 		31.935 		5.642
v 457.255 		32.043 		5.642
v 454.878 		34.901 		5.642
v 454.632 		34.685 		5.642
v 454.417 		34.44 		5.642
v 458.383 		34.44 		5.642
v 458.168 		34.685 		5.642
v 457.922 		34.901 		5.642
v 457.65 		35.083 		5.642
v 456.726 		35.396 		5.642
v 456.4 		35.418 		5.642
v 456.074 		35.396 		5.642
v 455.753 		35.332 		5.642
v 455.443 		35.227 		5.642
v 455.15 		35.083 		5.642
v 457.357 		35.227 		5.642
v 457.047 		35.332 		5.642
v 458.9 		32.918 		5.642
v 458.879 		33.244 		5.642
v 458.815 		33.565 		5.642
v 458.71 		33.874 		5.642
v 458.565 		34.168 		5.642
v 458.815 		32.271 		5.642
v 458.879 		32.591 		5.642
v 369.356 		201.9444 		11.498
v 457.922 		30.934 		5.642
v 458.168 		31.15 		5.642
v 458.383 		31.396 		5.642
v 458.565 		31.668 		5.642
v 455.753 		30.503 		5.642
v 456.074 		30.439 		5.642
v 456.4 		30.418 		5.642
v 456.726 		30.439 		5.642
v 457.047 		30.503 		5.642
v 457.357 		30.608 		5.642
v 457.65 		30.753 		5.642
v 458.71 		31.961 		5.642
v 390.65 		118.205 		4.537
v 403.521 		115.968 		4.537
v 386.2 		118.205 		4.537
v 369.356 		180.0193 		11.498
v 369.3762 		179.9928 		11.498
v 369.3591 		179.5679 		11.498
v 369.356 		179.3404 		11.498
v 369.356 		178.9949 		11.498
v 369.3923 		178.0927 		11.498
v 366.95 		125.059 		5.537
v 454.235 		34.168 		5.642
v 454.09 		33.874 		5.642
v 453.985 		33.565 		5.642
v 453.921 		33.244 		5.642
v 453.9 		32.918 		5.642
v 453.921 		32.591 		5.642
v 453.985 		32.271 		5.642
v 454.09 		31.961 		5.642
v 454.235 		31.668 		5.642
v 454.417 		31.396 		5.642
v 454.632 		31.15 		5.642
v 454.878 		30.934 		5.642
v 369.129 		202.2128 		0
v 455.15 		30.753 		5.642
v 369.1715 		202.2725 		0
v 455.443 		30.608 		5.642
v 369.1435 		203.0192 		0
v 369.3952 		209.2262 		0
v 369.3591 		208.3293 		0
v 369.358 		208.2503 		0
v 369.3052 		207.7808 		0
v 369.1969 		206.2308 		0
v 369.136 		204.6053 		0
v 369.136 		203.6183 		0
v 369.2346 		206.8343 		0
v 456.074 		35.396 		4.537
v 456.4 		35.418 		4.537
v 455.753 		35.332 		4.537
v 455.443 		35.227 		4.537
v 369.129 		199.1702 		0
v 455.15 		35.083 		4.537
v 369.133 		200.2586 		0
v 369.133 		199.8154 		0
v 369.1948 		201.0215 		0
v 454.878 		34.901 		4.537
v 369.1401 		199.5531 		0
v 454.632 		34.685 		4.537
v 454.417 		34.44 		4.537
v 369.356 		195.954 		0
v 458.383 		34.44 		4.537
v 369.169 		199.1961 		0
v 458.168 		34.685 		4.537
v 457.922 		34.901 		4.537
v 457.65 		35.083 		4.537
v 457.357 		35.227 		4.537
v 457.047 		35.332 		4.537
v 456.726 		35.396 		4.537
v 369.356 		195.954 		4.537
v 458.815 		32.271 		4.537
v 458.879 		32.591 		4.537
v 458.9 		32.918 		4.537
v 458.879 		33.244 		4.537
v 458.815 		33.565 		4.537
v 458.71 		33.874 		4.537
v 369.796 		101.796 		5.581
v 458.565 		34.168 		4.537
v 370.986 		99.735 		5.581
v 455.753 		30.503 		4.537
v 369.356 		201.9444 		0
v 369.3014 		201.7223 		0
v 371.049 		99.92 		5.581
v 369.2315 		201.2921 		0
v 456.074 		30.439 		4.537
v 371.087 		100.113 		5.581
v 456.4 		30.418 		4.537
v 453.9 		68.677 		4.537
v 371.1 		100.309 		5.581
v 371.087 		100.504 		5.581
v 456.726 		30.439 		4.537
v 371.049 		100.697 		5.581
v 457.047 		30.503 		4.537
v 370.986 		100.883 		5.581
v 457.357 		30.608 		4.537
v 370.899 		101.059 		5.581
v 438.8787 		18.265 		4.537
v 439.076 		18.265 		4.537
v 457.65 		30.753 		4.537
v 439.6012 		18.2727 		4.537
v 440.9727 		18.3342 		4.537
v 441.7559 		18.4045 		4.537
v 370.79 		101.222 		5.581
v 442.2297 		18.4541 		4.537
v 443.5957 		18.6384 		4.537
v 444.3693 		18.7785 		4.537
v 444.854 		18.8739 		4.537
v 446.1694 		19.1742 		4.537
v 446.9249 		19.3835 		4.537
v 447.4062 		19.5247 		4.537
v 448.6597 		19.9346 		4.537
v 449.4013 		20.2159 		4.537
v 449.8571 		20.397 		4.537
v 451.0518 		20.9156 		4.537
v 457.922 		30.934 		4.537
v 370.661 		101.369 		5.581
v 438.8716 		18.259 		4.537
v 458.168 		31.15 		4.537
v 370.513 		101.499 		5.581
v 458.383 		31.396 		4.537
v 370.35 		101.608 		5.581
v 458.565 		31.668 		4.537
v 370.174 		101.694 		5.581
v 458.71 		31.961 		4.537
v 454.235 		34.168 		4.537
v 454.09 		33.874 		4.537
v 453.985 		33.565 		4.537
v 453.921 		33.244 		4.537
v 369.988 		101.758 		5.581
v 453.9 		32.918 		4.537
v 369.6 		101.809 		5.581
v 453.921 		32.591 		4.537
v 369.404 		101.796 		5.581
v 453.985 		32.271 		4.537
v 454.09 		31.961 		4.537
v 451.7632 		21.2656 		4.537
v 452.1815 		21.4797 		4.537
v 453.3101 		22.1043 		4.537
v 454.235 		31.668 		4.537
v 454.417 		31.396 		4.537
v 454.632 		31.15 		4.537
v 454.878 		30.934 		4.537
v 455.15 		30.753 		4.537
v 443.022 		33.591 		4.537
v 442.914 		33.714 		4.537
v 455.443 		30.608 		4.537
v 442.823 		33.85 		4.537
v 442.75 		33.997 		4.537
v 442.697 		34.152 		4.537
v 445.117 		34.152 		4.537
v 445.064 		33.997 		4.537
v 482.75 		98.4472 		0
v 444.992 		33.85 		4.537
v 444.901 		33.714 		4.537
v 482.75 		98.4848 		0
v 482.747 		98.5414 		0
v 444.793 		33.591 		4.537
v 442.665 		34.313 		4.537
v 442.655 		34.476 		4.537
v 442.665 		34.64 		4.537
v 442.697 		34.801 		4.537
v 442.75 		34.956 		4.537
v 442.823 		35.103 		4.537
v 442.914 		35.239 		4.537
v 443.022 		35.362 		4.537
v 443.145 		35.47 		4.537
v 473.616 		97.722 		0
v 443.281 		35.561 		4.537
v 443.428 		35.634 		4.537
v 443.583 		35.686 		4.537
v 443.744 		35.718 		4.537
v 473.616 		99.71 		0
v 443.907 		35.729 		4.537
v 444.071 		35.718 		4.537
v 444.231 		35.686 		4.537
v 444.387 		35.634 		4.537
v 444.534 		35.561 		4.537
v 444.67 		35.47 		4.537
v 444.793 		35.362 		4.537
v 444.901 		35.239 		4.537
v 444.992 		35.103 		4.537
v 445.064 		34.956 		4.537
v 445.117 		34.801 		4.537
v 445.149 		34.64 		4.537
v 445.16 		34.476 		4.537
v 445.149 		34.313 		4.537
v 451.74 		42.11 		4.537
v 443.281 		33.392 		4.537
v 443.145 		33.483 		4.537
v 443.907 		33.224 		4.537
v 443.744 		33.235 		4.537
v 443.583 		33.267 		4.537
v 443.428 		33.319 		4.537
v 444.67 		33.483 		4.537
v 444.534 		33.392 		4.537
v 444.387 		33.319 		4.537
v 444.231 		33.267 		4.537
v 444.071 		33.235 		4.537
v 473.743 		101.051 		0
v 468.9593 		93.964 		0
v 469.043 		93.9644 		0
v 469.017 		93.964 		0
v 469.248 		93.966 		0
v 468.0328 		94.0685 		0
v 468.0882 		94.0567 		0
v 468.4976 		93.9915 		0
v 468.5667 		93.9848 		0
v 469.2391 		93.9749 		0
v 468.5353 		93.9876 		0
v 466.7231 		94.5802 		0
v 473.747 		162.714 		4.537
v 466.768 		94.5543 		0
v 467.1459 		94.3617 		0
v 474.007 		162.748 		4.537
v 467.1888 		94.3429 		0
v 467.5778 		94.1934 		0
v 473.878 		162.722 		4.537
v 467.635 		94.175 		0
v 474.543 		163.106 		4.537
v 466.7676 		94.5545 		0
v 474.456 		163.008 		4.537
v 467.1777 		94.3476 		0
v 474.357 		162.921 		4.537
v 474.248 		162.848 		4.537
v 474.131 		162.79 		4.537
v 473.747 		164.719 		4.537
v 473.878 		164.71 		4.537
v 474.007 		164.685 		4.537
v 474.131 		164.643 		4.537
v 474.248 		164.585 		4.537
v 474.357 		164.512 		4.537
v 473.038 		98.008 		0
v 474.456 		164.425 		4.537
v 472.952 		98.106 		0
v 474.543 		164.327 		4.537
v 472.879 		98.215 		0
v 472.821 		98.333 		0
v 474.615 		164.218 		4.537
v 472.779 		98.457 		0
v 472.753 		98.586 		0
v 474.673 		164.1 		4.537
v 474.716 		163.976 		4.537
v 473.488 		97.748 		0
v 474.741 		163.847 		4.537
v 473.364 		97.79 		0
v 473.246 		97.848 		0
v 474.75 		163.716 		4.537
v 473.137 		97.921 		0
v 474.741 		163.586 		4.537
v 474.716 		163.457 		4.537
v 472.745 		98.716 		0
v 474.673 		163.333 		4.537
v 472.753 		98.847 		0
v 474.615 		163.215 		4.537
v 472.779 		98.976 		0
v 472.821 		99.1 		0
v 472.879 		99.218 		0
v 472.952 		99.327 		0
v 473.038 		99.425 		0
v 480 		166.051 		4.537
v 480 		166.051 		0
v 473.137 		99.512 		0
v 473.246 		99.585 		0
v 473.364 		99.643 		0
v 473.488 		99.685 		0
v 482.747 		163.5414 		0
v 478.2666 		130.969 		0
v 478.2666 		130.969 		4.537
v 478.227 		130.969 		4.537
v 478.227 		130.969 		0
v 478.228 		130.969 		4.537
v 478.228 		130.969 		0
v 477.998 		130.966 		4.537
v 477.998 		130.966 		0
v 482.1652 		128.6841 		0
v 482.1652 		128.6841 		4.537
v 482.1273 		128.7498 		4.537
v 482.1273 		128.7498 		0
v 481.9099 		129.0848 		0
v 481.9099 		129.0848 		4.537
v 369.356 		180.0193 		4.537
v 481.8701 		129.1398 		4.537
v 369.3591 		179.5679 		4.537
v 369.3762 		179.9928 		4.537
v 481.8701 		129.1398 		0
v 481.6109 		129.4592 		0
v 481.6109 		129.4592 		4.537
v 481.5744 		129.4996 		4.537
v 481.5744 		129.4996 		0
v 481.2845 		129.7894 		0
v 481.2845 		129.7894 		4.537
v 369.356 		179.3404 		4.537
v 481.2345 		129.8345 		4.537
v 481.2345 		129.8345 		0
v 480.9206 		130.0892 		0
v 480.9206 		130.0892 		4.537
v 480.8683 		130.1273 		4.537
v 480.8683 		130.1273 		0
v 480.5169 		130.3554 		0
v 480.5169 		130.3554 		4.537
v 480.4799 		130.3767 		4.537
v 480.4799 		130.3767 		0
v 480.1049 		130.5678 		0
v 480.1049 		130.5678 		4.537
v 480.0498 		130.5922 		4.537
v 480.0498 		130.5922 		0
v 479.6757 		130.7359 		0
v 479.6757 		130.7359 		4.537
v 479.6011 		130.7602 		4.537
v 479.6011 		130.7602 		0
v 479.2219 		130.8618 		0
v 479.2219 		130.8618 		4.537
v 479.1448 		130.8782 		4.537
v 479.1448 		130.8782 		0
v 478.7561 		130.9399 		0
v 478.7561 		130.9399 		4.537
v 478.6819 		130.9478 		4.537
v 478.6819 		130.9478 		0
v 478.0063 		130.9577 		0
v 478.0063 		130.9577 		4.537
v 480.8702 		130.126 		4.537
v 480.8702 		130.126 		0
v 369.212 		101.758 		5.581
v 369.026 		101.694 		5.581
v 368.85 		101.608 		5.581
v 368.687 		101.499 		5.581
v 368.539 		101.369 		5.581
v 368.41 		101.222 		5.581
v 368.301 		101.059 		5.581
v 482.7382 		126.2258 		4.537
v 482.7382 		126.2258 		0
v 368.214 		100.883 		5.581
v 482.727 		126.9182 		0
v 482.727 		126.9182 		4.537
v 482.7229 		126.9569 		0
v 368.151 		100.697 		5.581
v 368.113 		100.504 		5.581
v 368.1 		100.309 		5.581
v 482.6589 		127.3653 		0
v 364.95 		118.205 		4.537
v 351.227 		99.327 		4.537
v 351.154 		99.218 		4.537
v 351.096 		99.1 		4.537
v 351.054 		98.976 		4.537
v 351.028 		98.847 		4.537
v 369.3923 		178.0927 		4.537
v 369.356 		178.9949 		4.537
v 351.02 		98.716 		4.537
v 438.8716 		18.259 		0
v 351.028 		98.586 		4.537
v 439.6012 		18.2727 		0
v 440.9727 		18.3342 		0
v 351.054 		98.457 		4.537
v 369.4 		177.9788 		4.537
v 442.2297 		18.4541 		0
v 443.5957 		18.6384 		0
v 351.096 		98.333 		4.537
v 444.854 		18.8739 		0
v 446.1694 		19.1742 		0
v 351.154 		98.215 		4.537
v 447.4062 		19.5247 		0
v 448.6597 		19.9346 		0
v 351.227 		98.106 		4.537
v 449.8571 		20.397 		0
v 451.0518 		20.9156 		0
v 445.9117 		230.8526 		0
v 439.076 		18.265 		0
v 444.9239 		231.56 		0
v 441.7559 		18.4045 		0
v 352.153 		97.722 		4.537
v 352.022 		97.714 		4.537
v 443.8657 		232.2098 		0
v 442.8204 		232.7737 		0
v 444.3693 		18.7785 		0
v 446.9249 		19.3835 		0
v 441.7234 		233.2635 		0
v 440.6288 		233.6756 		0
v 351.313 		98.008 		4.537
v 449.4013 		20.2159 		0
v 351.412 		97.921 		4.537
v 439.4985 		234.0016 		0
v 438.3998 		234.2466 		0
v 438.8787 		18.265 		0
v 351.521 		97.848 		4.537
v 405.471 		114.018 		4.537
v 351.639 		97.79 		4.537
v 482.6589 		127.3653 		4.537
v 368.113 		100.113 		5.581
v 482.7229 		126.9569 		4.537
v 482.6424 		127.4424 		0
v 482.5412 		127.8201 		0
v 482.5412 		127.8201 		4.537
v 482.6424 		127.4424 		4.537
v 368.151 		99.92 		5.581
v 482.5167 		127.8953 		0
v 482.3759 		128.2618 		0
v 482.3759 		128.2618 		4.537
v 482.5167 		127.8953 		4.537
v 368.214 		99.735 		5.581
v 482.3443 		128.3327 		4.537
v 407.421 		115.968 		4.537
v 482.3443 		128.3327 		0
v 482.6435 		127.4377 		4.537
v 416 		114.759 		4.537
v 482.6435 		127.4377 		0
v 405.471 		117.918 		4.537
v 369.796 		98.822 		5.581
v 407.404 		116.223 		4.537
v 369.988 		98.86 		5.581
v 407.355 		116.473 		4.537
v 407.273 		116.714 		4.537
v 370.174 		98.923 		5.581
v 370.35 		99.01 		5.581
v 437.223 		234.4084 		0
v 436.1235 		234.489 		0
v 370.513 		99.119 		5.581
v 370.661 		99.248 		5.581
v 434.4092 		234.5 		0
v 370.79 		99.396 		5.581
v 434.4516 		234.4404 		0
v 370.899 		99.559 		5.581
v 369.6 		98.809 		5.581
v 434.9621 		234.4778 		0
v 452.1815 		21.4797 		0
v 453.3101 		22.1043 		0
v 368.301 		99.559 		5.581
v 451.7632 		21.2656 		0
v 368.41 		99.396 		5.581
v 368.539 		99.248 		5.581
v 351.763 		97.748 		4.537
v 482.5173 		127.8935 		4.537
v 482.5173 		127.8935 		0
v 368.687 		99.119 		5.581
v 351.891 		97.722 		4.537
v 446.3432 		230.5166 		0
v 368.85 		99.01 		5.581
v 352.282 		97.748 		4.537
v 369.026 		98.923 		5.581
v 444.2957 		231.953 		0
v 369.212 		98.86 		5.581
v 352.406 		97.79 		4.537
v 369.404 		98.822 		5.581
v 442.1407 		233.0843 		0
v 352.523 		97.848 		4.537
v 352.632 		97.921 		4.537
v 482.747 		126.217 		0
v 439.9494 		233.8785 		0
v 482.747 		126.217 		4.537
v 352.731 		98.008 		4.537
v 473.747 		125.714 		0
v 437.709 		234.3487 		0
v 474.007 		125.748 		0
v 352.818 		98.106 		4.537
v 371.765 		101.559 		5.581
v 371.583 		101.831 		5.581
v 371.368 		102.076 		5.581
v 371.122 		102.292 		5.581
v 435.4255 		234.489 		0
v 372.079 		99.982 		5.581
v 372.1 		100.309 		5.581
v 352.89 		98.215 		4.537
v 372.079 		100.635 		5.581
v 372.015 		100.956 		5.581
v 371.91 		101.265 		5.581
v 407.16 		116.943 		4.537
v 352.948 		98.333 		4.537
v 369.926 		102.787 		5.581
v 407.018 		117.155 		4.537
v 370.85 		102.474 		5.581
v 370.557 		102.618 		5.581
v 370.247 		102.723 		5.581
v 406.85 		117.347 		4.537
v 352.991 		98.457 		4.537
v 406.658 		117.515 		4.537
v 353.016 		98.586 		4.537
v 443.022 		33.591 		0
v 442.914 		33.714 		0
v 442.823 		33.85 		0
v 406.713 		116.139 		4.537
v 406.681 		116.3 		4.537
v 406.628 		116.455 		4.537
v 406.556 		116.602 		4.537
v 442.75 		33.997 		0
v 352.153 		99.71 		4.537
v 442.697 		34.152 		0
v 406.446 		117.657 		4.537
v 406.217 		117.77 		4.537
v 405.976 		117.852 		4.537
v 445.117 		34.152 		0
v 405.726 		117.902 		4.537
v 351.891 		99.71 		4.537
v 445.064 		33.997 		0
v 405.216 		117.902 		4.537
v 351.763 		99.685 		4.537
v 444.992 		33.85 		0
v 404.966 		117.852 		4.537
v 444.901 		33.714 		0
v 351.639 		99.643 		4.537
v 404.725 		117.77 		4.537
v 444.793 		33.591 		0
v 351.521 		99.585 		4.537
v 404.496 		117.657 		4.537
v 351.412 		99.512 		4.537
v 351.313 		99.425 		4.537
v 442.665 		34.313 		0
v 442.655 		34.476 		0
v 405.471 		117.228 		4.537
v 405.308 		117.218 		4.537
v 405.147 		117.186 		4.537
v 404.992 		117.133 		4.537
v 404.845 		117.06 		4.537
v 442.665 		34.64 		0
v 404.709 		116.969 		4.537
v 353.025 		98.716 		4.537
v 404.585 		116.861 		4.537
v 404.477 		116.738 		4.537
v 442.697 		34.801 		0
v 353.016 		98.847 		4.537
v 442.75 		34.956 		0
v 442.823 		35.103 		0
v 352.991 		98.976 		4.537
v 442.914 		35.239 		0
v 406.465 		116.738 		4.537
v 443.022 		35.362 		0
v 406.357 		116.861 		4.537
v 406.233 		116.969 		4.537
v 352.948 		99.1 		4.537
v 406.097 		117.06 		4.537
v 405.95 		117.133 		4.537
v 405.795 		117.186 		4.537
v 405.634 		117.218 		4.537
v 443.145 		35.47 		0
v 443.281 		35.561 		0
v 352.89 		99.218 		4.537
v 404.284 		117.515 		4.537
v 404.092 		117.347 		4.537
v 352.818 		99.327 		4.537
v 443.428 		35.634 		0
v 403.924 		117.155 		4.537
v 443.583 		35.686 		0
v 352.731 		99.425 		4.537
v 403.782 		116.943 		4.537
v 443.744 		35.718 		0
v 443.907 		35.729 		0
v 403.669 		116.714 		4.537
v 352.632 		99.512 		4.537
v 368.078 		102.292 		5.581
v 403.587 		116.473 		4.537
v 444.071 		35.718 		0
v 367.832 		102.076 		5.581
v 367.617 		101.831 		5.581
v 367.435 		101.559 		5.581
v 367.29 		101.265 		5.581
v 367.185 		100.956 		5.581
v 367.121 		100.635 		5.581
v 367.1 		100.309 		5.581
v 367.121 		99.982 		5.581
v 444.231 		35.686 		0
v 352.523 		99.585 		4.537
v 403.538 		116.223 		4.537
v 444.387 		35.634 		0
v 352.406 		99.643 		4.537
v 444.534 		35.561 		0
v 444.67 		35.47 		0
v 352.282 		99.685 		4.537
v 369.6 		102.809 		5.581
v 369.274 		102.787 		5.581
v 368.953 		102.723 		5.581
v 368.643 		102.618 		5.581
v 404.386 		116.602 		4.537
v 444.793 		35.362 		0
v 368.35 		102.474 		5.581
v 404.314 		116.455 		4.537
v 404.261 		116.3 		4.537
v 404.229 		116.139 		4.537
v 444.901 		35.239 		0
v 406.658 		114.421 		4.537
v 444.992 		35.103 		0
v 352.022 		99.719 		4.537
v 445.064 		34.956 		0
v 445.117 		34.801 		0
v 445.149 		34.64 		0
v 406.85 		114.589 		4.537
v 445.16 		34.476 		0
v 445.149 		34.313 		0
v 358.525 		101.051 		4.537
v 358.525 		101.051 		0
v 407.018 		114.781 		4.537
v 473.878 		125.722 		0
v 407.16 		114.993 		4.537
v 366.95 		125.059 		9.037
v 407.273 		115.222 		4.537
v 407.355 		115.464 		4.537
v 407.404 		115.714 		4.537
v 343.022 		163.5414 		4.537
v 343.02 		163.5037 		4.537
v 343.02 		163.4284 		4.537
v 343.02 		163.4284 		0
v 343.022 		163.5414 		0
v 343.02 		163.5037 		0
v 406.556 		115.35 		4.537
v 406.628 		115.496 		4.537
v 406.681 		115.652 		4.537
v 406.713 		115.812 		4.537
v 406.724 		115.976 		4.537
v 405.726 		114.035 		4.537
v 405.976 		114.085 		4.537
v 474.673 		126.333 		0
v 406.217 		114.167 		4.537
v 343.02 		191.5037 		4.537
v 474.615 		126.215 		0
v 406.446 		114.279 		4.537
v 345.77 		101.051 		0
v 345.77 		101.051 		4.537
v 343.02 		191.5037 		0
v 404.496 		114.279 		4.537
v 404.725 		114.167 		4.537
v 343.02 		191.4284 		4.537
v 404.966 		114.085 		4.537
v 405.216 		114.035 		4.537
v 343.02 		191.4284 		0
v 474.543 		126.106 		0
v 474.456 		126.008 		0
v 370.85 		98.144 		5.581
v 371.122 		98.325 		5.581
v 371.368 		98.541 		5.581
v 371.583 		98.787 		5.581
v 474.357 		125.921 		0
v 369.926 		97.83 		5.581
v 370.247 		97.894 		5.581
v 343.022 		98.5414 		0
v 370.557 		97.999 		5.581
v 474.248 		125.848 		0
v 404.477 		115.213 		4.537
v 404.585 		115.09 		4.537
v 474.131 		125.79 		0
v 404.709 		114.982 		4.537
v 404.845 		114.891 		4.537
v 404.992 		114.819 		4.537
v 405.147 		114.766 		4.537
v 405.308 		114.734 		4.537
v 405.471 		114.723 		4.537
v 371.765 		99.059 		5.581
v 361.38 		63.713 		0
v 371.91 		99.352 		5.581
v 361.38 		63.713 		4.537
v 372.015 		99.662 		5.581
v 473.747 		127.719 		0
v 362.65 		70.059 		4.537
v 473.878 		127.71 		0
v 474.007 		127.685 		0
v 405.634 		114.734 		4.537
v 405.795 		114.766 		4.537
v 405.95 		114.819 		4.537
v 406.097 		114.891 		4.537
v 406.233 		114.982 		4.537
v 406.357 		115.09 		4.537
v 406.465 		115.213 		4.537
v 474.131 		127.643 		0
v 474.248 		127.585 		0
v 474.357 		127.512 		0
v 474.456 		127.425 		0
v 403.538 		115.714 		4.537
v 474.543 		127.327 		0
v 474.615 		127.218 		0
v 474.673 		127.1 		0
v 403.587 		115.464 		4.537
v 474.716 		126.976 		0
v 474.741 		126.847 		0
v 343.022 		191.216 		4.537
v 343.022 		191.216 		0
v 474.75 		126.716 		0
v 403.669 		115.222 		4.537
v 474.741 		126.586 		0
v 474.716 		126.457 		0
v 367.185 		99.662 		5.581
v 367.29 		99.352 		5.581
v 367.435 		99.059 		5.581
v 367.617 		98.787 		5.581
v 367.832 		98.541 		5.581
v 368.078 		98.325 		5.581
v 359.0493 		65.1006 		4.537
v 359.0276 		65.1136 		4.537
v 352.153 		162.722 		4.537
v 359.0049 		65.1267 		4.537
v 358.6299 		65.3178 		4.537
v 358.5748 		65.3422 		4.537
v 403.782 		114.993 		4.537
v 369.274 		97.83 		5.581
v 369.6 		97.809 		5.581
v 368.35 		98.144 		5.581
v 368.643 		97.999 		5.581
v 368.953 		97.894 		5.581
v 352.153 		164.71 		4.537
v 352.153 		192.71 		4.537
v 372.079 		99.982 		4.537
v 352.153 		190.722 		4.537
v 372.079 		100.635 		4.537
v 372.015 		100.956 		4.537
v 352.268 		189.556 		4.537
v 371.91 		101.265 		4.537
v 356.7256 		158.9645 		4.537
v 356.753 		158.964 		4.537
v 356.8097 		158.964 		4.537
v 371.765 		101.559 		4.537
v 371.583 		101.831 		4.537
v 357.6781 		159.0561 		4.537
v 357.7408 		159.0695 		4.537
v 358.1337 		159.1749 		4.537
v 358.1912 		159.1934 		4.537
v 371.368 		102.076 		4.537
v 357.2048 		158.985 		4.537
v 357.2286 		158.987 		4.537
v 357.2716 		158.9915 		4.537
v 371.122 		102.292 		4.537
v 356.5308 		158.9748 		4.537
v 356.522 		158.966 		4.537
v 370.85 		102.474 		4.537
v 352.282 		162.748 		4.537
v 370.557 		102.618 		4.537
v 352.406 		162.79 		4.537
v 352.523 		162.848 		4.537
v 370.247 		102.723 		4.537
v 352.632 		162.921 		4.537
v 352.731 		163.008 		4.537
v 352.818 		163.106 		4.537
v 369.926 		102.787 		4.537
v 352.89 		163.215 		4.537
v 352.948 		163.333 		4.537
v 352.991 		163.457 		4.537
v 353.016 		163.586 		4.537
v 369.274 		102.787 		4.537
v 353.025 		163.716 		4.537
v 353.016 		163.847 		4.537
v 352.991 		163.976 		4.537
v 368.953 		102.723 		4.537
v 352.948 		164.1 		4.537
v 352.89 		164.218 		4.537
v 368.643 		102.618 		4.537
v 352.818 		164.327 		4.537
v 367.1 		101.8597 		4.537
v 368.35 		102.474 		4.537
v 352.731 		164.425 		4.537
v 352.632 		164.512 		4.537
v 368.078 		102.292 		4.537
v 352.523 		164.585 		4.537
v 352.406 		164.643 		4.537
v 367.832 		102.076 		4.537
v 352.282 		164.685 		4.537
v 367.617 		101.831 		4.537
v 358.525 		166.051 		4.537
v 367.435 		101.559 		4.537
v 367.29 		101.265 		4.537
v 367.185 		100.956 		4.537
v 367.121 		100.635 		4.537
v 367.1 		100.309 		4.537
v 467.245 		101.051 		0
v 356.7916 		195.969 		4.537
v 356.7523 		195.969 		4.537
v 356.5312 		195.9577 		4.537
v 367.121 		99.982 		4.537
v 356.523 		195.966 		4.537
v 357.0467 		195.956 		4.537
v 403.924 		114.781 		4.537
v 404.092 		114.589 		4.537
v 369.926 		97.83 		4.537
v 370.247 		97.894 		4.537
v 404.284 		114.421 		4.537
v 370.557 		97.999 		4.537
v 370.85 		98.144 		4.537
v 404.219 		115.976 		4.537
v 404.229 		115.812 		4.537
v 404.261 		115.652 		4.537
v 404.314 		115.496 		4.537
v 404.386 		115.35 		4.537
v 371.122 		98.325 		4.537
v 371.368 		98.541 		4.537
v 371.583 		98.787 		4.537
v 416.068 		114.241 		4.537
v 416.017 		114.498 		4.537
v 360.514 		63.713 		4.537
v 360.435 		63.8348 		4.537
v 416.017 		115.02 		4.537
v 416.068 		115.276 		4.537
v 416.152 		115.524 		4.537
v 416.268 		115.759 		4.537
v 353.016 		191.586 		4.537
v 416.413 		115.976 		4.537
v 353.025 		191.716 		4.537
v 353.016 		191.847 		4.537
v 360.3951 		63.8898 		4.537
v 360.136 		64.209 		4.537
v 360.1356 		64.2096 		4.537
v 360.0994 		64.2496 		4.537
v 359.8096 		64.5394 		4.537
v 359.7595 		64.5845 		4.537
v 359.4487 		64.8367 		4.537
v 427.005 		201.252 		0
v 359.4379 		64.8449 		4.537
v 359.394 		64.8769 		4.537
v 352.991 		191.976 		4.537
v 352.948 		192.1 		4.537
v 352.89 		192.218 		4.537
v 416.413 		113.541 		4.537
v 352.818 		192.327 		4.537
v 352.731 		192.425 		4.537
v 416.268 		113.759 		4.537
v 416.152 		113.993 		4.537
v 352.632 		192.512 		4.537
v 352.523 		192.585 		4.537
v 416.622 		118.205 		4.537
v 352.406 		192.643 		4.537
v 416.622 		116.918 		4.537
v 352.282 		192.685 		4.537
v 416.586 		116.173 		4.537
v 416.586 		113.344 		4.537
v 420.221 		113.306 		4.537
v 420.221 		114.716 		4.537
v 442.124 		195.955 		0
v 420.221 		116.918 		4.537
v 420 		114.759 		4.537
v 419.587 		115.976 		4.537
v 419.732 		115.759 		4.537
v 419.848 		115.524 		4.537
v 419.932 		115.276 		4.537
v 419.983 		115.02 		4.537
v 358.5841 		94.3444 		4.537
v 358.6231 		94.3617 		4.537
v 359.0049 		94.5563 		4.537
v 359.0419 		94.5776 		4.537
v 359.3933 		94.8057 		4.537
v 359.3952 		94.807 		4.537
v 359.4465 		94.8444 		4.537
v 419.983 		114.498 		4.537
v 358.5748 		65.3422 		0
v 419.932 		114.241 		4.537
v 359.0049 		65.1267 		0
v 358.6299 		65.3178 		0
v 419.848 		113.993 		4.537
v 359.0493 		65.1006 		0
v 419.732 		113.759 		4.537
v 359.0276 		65.1136 		0
v 419.587 		113.541 		4.537
v 418 		116.759 		4.537
v 418.261 		116.742 		4.537
v 418.518 		116.691 		4.537
v 418.765 		116.606 		4.537
v 419 		116.491 		4.537
v 419.218 		116.345 		4.537
v 442.773 		195.955 		0
v 442.285 		195.987 		0
v 442.448 		195.998 		0
v 442.612 		195.987 		0
v 371.765 		99.059 		4.537
v 371.91 		99.352 		4.537
v 372.015 		99.662 		4.537
v 369.6 		97.809 		4.537
v 443.281 		33.392 		0
v 443.145 		33.483 		0
v 367.185 		99.662 		4.537
v 367.29 		99.352 		4.537
v 367.435 		99.059 		4.537
v 367.617 		98.787 		4.537
v 443.744 		33.235 		0
v 443.907 		33.224 		0
v 367.832 		98.541 		4.537
v 443.583 		33.267 		0
v 443.428 		33.319 		0
v 368.078 		98.325 		4.537
v 368.35 		98.144 		4.537
v 444.67 		33.483 		0
v 444.534 		33.392 		0
v 444.387 		33.319 		0
v 368.643 		97.999 		4.537
v 444.231 		33.267 		0
v 444.071 		33.235 		0
v 368.953 		97.894 		4.537
v 478.1716 		93.966 		0
v 478.2093 		93.964 		0
v 369.274 		97.83 		4.537
v 478.293 		93.9644 		0
v 478.267 		93.964 		0
v 478.6887 		93.9855 		0
v 478.7455 		93.9914 		0
v 479.1553 		94.0564 		0
v 479.2141 		94.0691 		0
v 398.2 		51.877 		4.537
v 479.6087 		94.1749 		0
v 479.6662 		94.1934 		0
v 480.0591 		94.3444 		0
v 398.179 		42.11 		4.537
v 451.339 		225.0507 		0
v 450.5455 		226.166 		0
v 352.282 		190.748 		4.537
v 480.0984 		94.3619 		0
v 480.4799 		94.5563 		0
v 398.2 		33.244 		5.642
v 398.179 		32.918 		5.642
v 352.406 		190.79 		4.537
v 449.6844 		227.2412 		0
v 448.8186 		228.2271 		0
v 398.2 		32.591 		5.642
v 480.5243 		94.5824 		0
v 480.869 		94.8062 		0
v 352.523 		190.848 		4.537
v 447.8627 		229.1895 		0
v 446.937 		230.0344 		0
v 352.632 		190.921 		4.537
v 451.6663 		224.5572 		0
v 352.731 		191.008 		4.537
v 352.818 		191.106 		4.537
v 450.0293 		226.8194 		0
v 398.2 		33.244 		4.537
v 352.89 		191.215 		4.537
v 398.179 		32.918 		4.537
v 448.232 		228.8262 		0
v 352.948 		191.333 		4.537
v 352.991 		191.457 		4.537
v 398.2 		32.591 		4.537
v 358.525 		189.556 		4.537
v 400.679 		30.418 		4.537
v 356.7916 		130.969 		4.537
v 356.7523 		130.969 		4.537
v 480.9251 		94.8474 		0
v 416.783 		116.345 		4.537
v 347.4756 		158.9645 		4.537
v 347.503 		158.964 		4.537
v 480.0973 		94.3614 		0
v 347.5597 		158.964 		4.537
v 347.5973 		158.966 		4.537
v 417 		116.491 		4.537
v 417.235 		116.606 		4.537
v 480.5026 		94.5694 		0
v 417.482 		116.691 		4.537
v 417.739 		116.742 		4.537
v 345.2384 		159.5866 		4.537
v 345.271 		159.567 		4.537
v 345.2929 		159.5543 		4.537
v 345.6662 		159.3641 		4.537
v 345.6793 		159.358 		4.537
v 345.7099 		159.3443 		4.537
v 346.1028 		159.1934 		4.537
v 346.16 		159.175 		4.537
v 346.5578 		159.0685 		4.537
v 346.6132 		159.0567 		4.537
v 347.0222 		158.9916 		4.537
v 347.0234 		158.9914 		4.537
v 347.0812 		158.9854 		4.537
v 419.414 		116.173 		4.537
v 480.9129 		94.8382 		0
v 344.1899 		160.438 		4.537
v 344.481 		160.146 		4.537
v 344.5393 		160.0938 		4.537
v 344.8531 		159.8407 		4.537
v 344.8974 		159.8084 		4.537
v 419.414 		113.344 		4.537
v 343.0415 		163.0242 		4.537
v 343.0472 		162.9693 		4.537
v 343.1137 		162.5506 		4.537
v 343.1223 		162.5101 		4.537
v 343.2335 		162.0954 		4.537
v 343.2467 		162.055 		4.537
v 343.3977 		161.6608 		4.537
v 343.4213 		161.608 		4.537
v 343.6079 		161.2416 		4.537
v 343.639 		161.1878 		4.537
v 467.245 		118.205 		4.537
v 343.8592 		160.8479 		4.537
v 343.8989 		160.7932 		4.537
v 344.1617 		160.4693 		4.537
v 351.227 		163.106 		4.537
v 352.022 		162.714 		4.537
v 351.313 		163.008 		4.537
v 351.412 		162.921 		4.537
v 351.521 		162.848 		4.537
v 351.639 		162.79 		4.537
v 351.763 		162.748 		4.537
v 351.891 		162.722 		4.537
v 351.227 		164.327 		4.537
v 403.179 		32.918 		4.537
v 481.8701 		95.7932 		0
v 400.679 		35.418 		4.537
v 481.9104 		95.8489 		0
v 482.1226 		96.1751 		0
v 400.7 		49.377 		4.537
v 482.1696 		96.2565 		0
v 482.3408 		96.5923 		0
v 482.3784 		96.6769 		0
v 482.5167 		97.0378 		0
v 482.5412 		97.1129 		0
v 482.6428 		97.4921 		0
v 400.813 		34.166 		9.537
v 400.65 		34.177 		9.537
v 400.487 		34.166 		9.537
v 401.857 		33.251 		9.537
v 401.805 		33.405 		9.537
v 482.6589 		97.5677 		0
v 401.733 		33.552 		9.537
v 482.723 		97.9771 		0
v 401.642 		33.688 		9.537
v 401.534 		33.811 		9.537
v 401.411 		33.919 		9.537
v 401.275 		34.01 		9.537
v 401.128 		34.082 		9.537
v 400.974 		34.134 		9.537
v 482.7269 		98.0137 		0
v 401.9 		32.927 		9.537
v 401.889 		33.09 		9.537
v 401.642 		32.166 		9.537
v 401.733 		32.302 		9.537
v 401.805 		32.449 		9.537
v 401.857 		32.603 		9.537
v 401.889 		32.764 		9.537
v 400.327 		34.134 		9.537
v 400.172 		34.082 		9.537
v 400.025 		34.01 		9.537
v 399.889 		33.919 		9.537
v 399.766 		33.811 		9.537
v 399.658 		33.688 		9.537
v 399.568 		33.552 		9.537
v 399.495 		33.405 		9.537
v 399.443 		33.251 		9.537
v 399.411 		33.09 		9.537
v 399.4 		32.927 		9.537
v 399.411 		32.764 		9.537
v 399.443 		32.603 		9.537
v 399.495 		32.449 		9.537
v 399.568 		32.302 		9.537
v 399.658 		32.166 		9.537
v 401.128 		31.772 		9.537
v 401.275 		31.844 		9.537
v 401.411 		31.935 		9.537
v 401.534 		32.043 		9.537
v 399.766 		32.043 		9.537
v 399.889 		31.935 		9.537
v 400.025 		31.844 		9.537
v 400.172 		31.772 		9.537
v 400.327 		31.72 		9.537
v 400.487 		31.688 		9.537
v 400.65 		31.677 		9.537
v 400.813 		31.688 		9.537
v 400.974 		31.72 		9.537
v 481.2289 		95.0931 		0
v 481.288 		95.146 		0
v 481.579 		95.438 		0
v 481.6072 		95.4693 		0
v 473.747 		97.714 		0
v 474.007 		97.748 		0
v 473.878 		97.722 		0
v 473.878 		99.71 		0
v 474.007 		99.685 		0
v 474.741 		98.586 		0
v 474.716 		98.457 		0
v 474.673 		98.333 		0
v 474.615 		98.215 		0
v 474.543 		98.106 		0
v 474.456 		98.008 		0
v 474.357 		97.921 		0
v 474.248 		97.848 		0
v 474.131 		97.79 		0
v 474.131 		99.643 		0
v 474.248 		99.585 		0
v 474.357 		99.512 		0
v 474.456 		99.425 		0
v 474.543 		99.327 		0
v 474.615 		99.218 		0
v 474.673 		99.1 		0
v 474.716 		98.976 		0
v 473.747 		125.714 		4.537
v 474.741 		98.847 		0
v 474.007 		125.748 		4.537
v 482.747 		118.205 		4.537
v 474.75 		98.716 		0
v 473.878 		125.722 		4.537
v 482.747 		113.306 		4.537
v 473.747 		99.719 		0
v 474.673 		126.333 		4.537
v 474.615 		126.215 		4.537
v 474.543 		126.106 		4.537
v 474.456 		126.008 		4.537
v 474.357 		125.921 		4.537
v 474.248 		125.848 		4.537
v 474.131 		125.79 		4.537
v 473.747 		127.719 		4.537
v 473.878 		127.71 		4.537
v 474.007 		127.685 		4.537
v 474.131 		127.643 		4.537
v 474.248 		127.585 		4.537
v 474.357 		127.512 		4.537
v 474.456 		127.425 		4.537
v 474.543 		127.327 		4.537
v 474.615 		127.218 		4.537
v 474.673 		127.1 		4.537
v 474.716 		126.976 		4.537
v 474.741 		126.847 		4.537
v 474.75 		126.716 		4.537
v 474.741 		126.586 		4.537
v 474.716 		126.457 		4.537
v 480 		124.556 		0
v 480 		124.556 		4.537
v 464.233 		160.466 		4.537
v 464.233 		129.463 		4.537
v 464.233 		129.463 		0
v 464.233 		160.466 		0
v 464.662 		195.957 		4.537
v 464.7035 		195.9556 		4.537
v 464.576 		195.954 		4.537
v 464.7043 		195.956 		4.537
v 464.8269 		195.956 		4.537
v 464.8671 		195.956 		4.537
v 464.857 		195.957 		4.537
v 464.8369 		195.957 		4.537
v 351.154 		164.218 		4.537
v 351.096 		164.1 		4.537
v 351.054 		163.976 		4.537
v 351.028 		163.847 		4.537
v 351.02 		163.716 		4.537
v 351.028 		163.586 		4.537
v 351.054 		163.457 		4.537
v 351.096 		163.333 		4.537
v 351.154 		163.215 		4.537
v 352.022 		164.719 		4.537
v 360.514 		63.713 		0
v 360.435 		63.8348 		0
v 351.891 		164.71 		4.537
v 351.763 		164.685 		4.537
v 351.639 		164.643 		4.537
v 406.556 		116.602 		8.425
v 351.521 		164.585 		4.537
v 351.412 		164.512 		4.537
v 406.628 		116.455 		8.425
v 351.313 		164.425 		4.537
v 359.394 		64.8769 		0
v 406.681 		116.3 		8.425
v 406.713 		116.139 		8.425
v 359.7595 		64.5845 		0
v 359.4487 		64.8367 		0
v 360.0994 		64.2496 		0
v 359.8096 		64.5394 		0
v 360.3951 		63.8898 		0
v 360.136 		64.209 		0
v 406.658 		117.515 		8.425
v 359.4379 		64.8449 		0
v 407.16 		116.943 		8.425
v 407.018 		117.155 		8.425
v 406.85 		117.347 		8.425
v 345.77 		166.051 		4.537
v 407.404 		116.223 		8.425
v 407.355 		116.473 		8.425
v 407.273 		116.714 		8.425
v 360.1356 		64.2096 		0
v 404.477 		116.738 		8.425
v 404.585 		116.861 		8.425
v 347.5416 		195.969 		4.537
v 347.5023 		195.969 		4.537
v 404.709 		116.969 		8.425
v 347.7637 		195.9577 		4.537
v 404.845 		117.06 		8.425
v 347.772 		195.966 		4.537
v 404.992 		117.133 		8.425
v 405.147 		117.186 		8.425
v 442.285 		193.503 		0
v 442.448 		193.493 		0
v 442.124 		193.535 		0
v 441.969 		193.588 		0
v 441.822 		193.66 		0
v 441.686 		193.751 		0
v 441.563 		193.859 		0
v 459.8189 		27.6963 		4.537
v 460.5388 		28.641 		4.537
v 443.334 		193.859 		0
v 460.9432 		29.2378 		4.537
v 461.1956 		29.6257 		4.537
v 443.211 		193.751 		0
v 443.075 		193.66 		0
v 442.928 		193.588 		0
v 453.9747 		22.5157 		4.537
v 454.3657 		22.7669 		4.537
v 455.4126 		23.4893 		4.537
v 455.9987 		23.9389 		4.537
v 456.3818 		24.2434 		4.537
v 457.3382 		25.0587 		4.537
v 442.773 		193.535 		0
v 457.8537 		25.5467 		4.537
v 458.2006 		25.8868 		4.537
v 459.0472 		26.7774 		4.537
v 459.5161 		27.3278 		4.537
v 442.612 		193.503 		0
v 441.291 		194.266 		0
v 459.8189 		27.6963 		0
v 460.5388 		28.641 		0
v 441.239 		194.421 		0
v 461.1956 		29.6257 		0
v 441.207 		194.582 		0
v 441.196 		194.745 		0
v 441.207 		194.909 		0
v 460.9432 		29.2378 		0
v 441.239 		195.069 		0
v 441.291 		195.224 		0
v 454.3657 		22.7669 		0
v 455.4126 		23.4893 		0
v 441.455 		193.983 		0
v 441.364 		194.119 		0
v 456.3818 		24.2434 		0
v 457.3382 		25.0587 		0
v 458.2006 		25.8868 		0
v 459.0472 		26.7774 		0
v 441.364 		195.371 		0
v 453.9747 		22.5157 		0
v 441.455 		195.508 		0
v 455.9987 		23.9389 		0
v 441.563 		195.631 		0
v 457.8537 		25.5467 		0
v 441.686 		195.739 		0
v 459.5161 		27.3278 		0
v 441.822 		195.83 		0
v 441.969 		195.902 		0
v 442.928 		195.902 		0
v 359.4465 		94.8444 		0
v 443.075 		195.83 		0
v 359.0419 		94.5776 		0
v 359.3933 		94.8057 		0
v 443.211 		195.739 		0
v 358.6231 		94.3617 		0
v 443.334 		195.631 		0
v 359.0049 		94.5563 		0
v 358.5841 		94.3444 		0
v 443.442 		195.508 		0
v 359.3952 		94.807 		0
v 468.9593 		28.714 		4.537
v 469.017 		28.714 		4.537
v 469.043 		28.7144 		4.537
v 443.533 		195.371 		0
v 443.606 		195.224 		0
v 478.2093 		28.714 		4.537
v 478.267 		28.714 		4.537
v 478.293 		28.7144 		4.537
v 443.658 		195.069 		0
v 478.1716 		28.716 		4.537
v 443.69 		194.909 		0
v 443.701 		194.745 		0
v 481.579 		30.188 		4.537
v 481.6072 		30.2193 		4.537
v 443.69 		194.582 		0
v 443.658 		194.421 		0
v 443.606 		194.266 		0
v 361.38 		94.967 		0
v 361.38 		94.967 		4.537
v 443.533 		194.119 		0
v 443.442 		193.983 		0
v 362.65 		94.967 		4.537
v 479.6087 		28.9249 		4.537
v 479.6662 		28.9434 		4.537
v 480.0591 		29.0944 		4.537
v 480.0973 		29.1114 		4.537
v 480.0984 		29.1119 		4.537
v 480.4799 		29.3063 		4.537
v 480.5026 		29.3194 		4.537
v 480.5243 		29.3324 		4.537
v 480.869 		29.5562 		4.537
v 359.598 		94.967 		4.537
v 480.9129 		29.5882 		4.537
v 480.9251 		29.5974 		4.537
v 481.2289 		29.8431 		4.537
v 481.288 		29.896 		4.537
v 478.6887 		28.7354 		4.537
v 478.7455 		28.7414 		4.537
v 479.1553 		28.8064 		4.537
v 479.2141 		28.8191 		4.537
v 465.6367 		30.2193 		4.537
v 465.6649 		30.188 		4.537
v 469.2391 		28.7249 		4.537
v 468.0328 		28.8185 		4.537
v 468.0882 		28.8067 		4.537
v 468.4976 		28.7415 		4.537
v 468.5353 		28.7376 		4.537
v 468.5667 		28.7348 		4.537
v 343.8989 		194.1398 		4.537
v 343.8597 		194.0857 		4.537
v 359.598 		94.967 		0
v 465.956 		29.896 		4.537
v 466.0143 		29.8438 		4.537
v 466.3281 		29.5907 		4.537
v 466.3724 		29.5584 		4.537
v 466.7231 		29.3302 		4.537
v 466.7676 		29.3045 		4.537
v 466.768 		29.3043 		4.537
v 467.1459 		29.1117 		4.537
v 467.1777 		29.0976 		4.537
v 343.634 		193.7366 		4.537
v 467.1888 		29.0929 		4.537
v 467.5778 		28.9434 		4.537
v 467.635 		28.925 		4.537
v 343.6123 		193.6989 		4.537
v 343.4177 		193.3171 		4.537
v 343.4003 		193.2781 		4.537
v 343.2466 		192.8777 		4.537
v 405.308 		117.218 		8.425
v 343.2335 		192.8376 		4.537
v 343.1223 		192.4229 		4.537
v 343.1137 		192.3824 		4.537
v 343.0474 		191.9645 		4.537
v 343.0414 		191.9077 		4.537
v 405.471 		117.228 		8.425
v 351.028 		191.847 		4.537
v 351.02 		191.716 		4.537
v 469.248 		28.716 		4.537
v 405.634 		117.218 		8.425
v 464.662 		195.957 		0
v 351.028 		191.586 		4.537
v 468.9593 		28.714 		0
v 405.795 		117.186 		8.425
v 469.043 		28.7144 		0
v 469.017 		28.714 		0
v 351.227 		192.327 		4.537
v 351.154 		192.218 		4.537
v 351.096 		192.1 		4.537
v 478.1716 		28.716 		0
v 478.2093 		28.714 		0
v 351.054 		191.976 		4.537
v 478.293 		28.7144 		0
v 478.267 		28.714 		0
v 352.022 		192.719 		4.537
v 351.891 		192.71 		4.537
v 351.763 		192.685 		4.537
v 351.639 		192.643 		4.537
v 351.521 		192.585 		4.537
v 351.412 		192.512 		4.537
v 351.313 		192.425 		4.537
v 469.248 		28.716 		0
v 481.579 		30.188 		0
v 481.6072 		30.2193 		0
v 347.0894 		195.948 		4.537
v 347.0851 		195.9476 		4.537
v 347.0119 		195.9398 		4.537
v 346.6237 		195.878 		4.537
v 346.5499 		195.8624 		4.537
v 346.1675 		195.76 		4.537
v 346.0933 		195.7359 		4.537
v 345.7191 		195.5922 		4.537
v 345.6641 		195.5678 		4.537
v 345.293 		195.3788 		4.537
v 345.2926 		195.3785 		4.537
v 345.2481 		195.3528 		4.537
v 478.6887 		28.7354 		0
v 344.8974 		195.1246 		4.537
v 344.8538 		195.0929 		4.537
v 344.5338 		194.8339 		4.537
v 478.7455 		28.7414 		0
v 344.4844 		194.7894 		4.537
v 479.1553 		28.8064 		0
v 344.1946 		194.4996 		4.537
v 344.1581 		194.4592 		4.537
v 464.7043 		195.956 		0
v 405.95 		117.133 		8.425
v 479.2141 		28.8191 		0
v 479.6087 		28.9249 		0
v 406.097 		117.06 		8.425
v 479.6662 		28.9434 		0
v 480.0591 		29.0944 		0
v 406.233 		116.969 		8.425
v 343.0308 		191.2248 		4.537
v 406.357 		116.861 		8.425
v 480.0984 		29.1119 		0
v 480.4799 		29.3063 		0
v 351.054 		191.457 		4.537
v 406.465 		116.738 		8.425
v 480.5243 		29.3324 		0
v 480.869 		29.5562 		0
v 351.096 		191.333 		4.537
v 480.9251 		29.5974 		0
v 481.2289 		29.8431 		0
v 351.154 		191.215 		4.537
v 351.227 		191.106 		4.537
v 481.288 		29.896 		0
v 480.0973 		29.1114 		0
v 405.471 		117.918 		8.425
v 405.216 		117.902 		8.425
v 404.966 		117.852 		8.425
v 404.725 		117.77 		8.425
v 404.496 		117.657 		8.425
v 352.022 		190.714 		4.537
v 480.5026 		29.3194 		0
v 351.313 		191.008 		4.537
v 406.446 		117.657 		8.425
v 406.217 		117.77 		8.425
v 405.976 		117.852 		8.425
v 405.726 		117.902 		8.425
v 351.412 		190.921 		4.537
v 480.9129 		29.5882 		0
v 400.65 		34.177 		5.642
v 351.521 		190.848 		4.537
v 400.487 		34.166 		5.642
v 404.229 		116.139 		8.425
v 351.639 		190.79 		4.537
v 404.261 		116.3 		8.425
v 404.314 		116.455 		8.425
v 404.386 		116.602 		8.425
v 401.857 		33.251 		5.642
v 401.805 		33.405 		5.642
v 464.576 		195.954 		0
v 464.7035 		195.9556 		0
v 401.733 		33.552 		5.642
v 404.284 		117.515 		8.425
v 401.642 		33.688 		5.642
v 404.092 		117.347 		8.425
v 403.924 		117.155 		8.425
v 401.534 		33.811 		5.642
v 403.782 		116.943 		8.425
v 403.669 		116.714 		8.425
v 403.587 		116.473 		8.425
v 403.538 		116.223 		8.425
v 406.724 		115.976 		8.425
v 401.411 		33.919 		5.642
v 406.713 		115.812 		8.425
v 401.275 		34.01 		5.642
v 401.128 		34.082 		5.642
v 400.974 		34.134 		5.642
v 465.6367 		30.2193 		0
v 400.813 		34.166 		5.642
v 465.6649 		30.188 		0
v 351.763 		190.748 		4.537
v 351.891 		190.722 		4.537
v 401.642 		32.166 		5.642
v 401.733 		32.302 		5.642
v 465.956 		29.896 		0
v 345.77 		189.556 		4.537
v 466.0143 		29.8438 		0
v 401.805 		32.449 		5.642
v 466.3281 		29.5907 		0
v 466.3724 		29.5584 		0
v 401.857 		32.603 		5.642
v 466.7231 		29.3302 		0
v 466.768 		29.3043 		0
v 401.889 		32.764 		5.642
v 467.1459 		29.1117 		0
v 467.1888 		29.0929 		0
v 467.5778 		28.9434 		0
v 401.9 		32.927 		5.642
v 468.0328 		28.8185 		0
v 401.889 		33.09 		5.642
v 347.5416 		130.969 		4.537
v 347.5023 		130.969 		4.537
v 467.635 		28.925 		0
v 464.8269 		195.956 		0
v 468.0882 		28.8067 		0
v 468.4976 		28.7415 		0
v 468.5667 		28.7348 		0
v 400.327 		34.134 		5.642
v 469.2391 		28.7249 		0
v 464.8369 		195.957 		0
v 347.7637 		130.9577 		4.537
v 400.172 		34.082 		5.642
v 347.0894 		130.948 		4.537
v 468.5353 		28.7376 		0
v 347.0851 		130.9476 		4.537
v 347.0119 		130.9398 		4.537
v 346.6237 		130.878 		4.537
v 346.5499 		130.8624 		4.537
v 346.1675 		130.76 		4.537
v 346.0933 		130.7359 		4.537
v 345.7191 		130.5922 		4.537
v 345.6641 		130.5678 		4.537
v 345.293 		130.3787 		4.537
v 345.2926 		130.3785 		4.537
v 345.2481 		130.3528 		4.537
v 400.025 		34.01 		5.642
v 399.889 		33.919 		5.642
v 344.8974 		130.1246 		4.537
v 344.8538 		130.0929 		4.537
v 344.5338 		129.8339 		4.537
v 344.4844 		129.7894 		4.537
v 344.1946 		129.4996 		4.537
v 399.766 		33.811 		5.642
v 399.658 		33.688 		5.642
v 464.8671 		195.956 		0
v 466.7676 		29.3045 		0
v 358.2007 		130.7359 		4.537
v 358.1261 		130.7602 		4.537
v 357.7485 		130.8614 		4.537
v 357.6675 		130.8786 		4.537
v 399.568 		33.552 		5.642
v 467.1777 		29.0976 		0
v 464.857 		195.957 		0
v 357.2823 		130.9398 		4.537
v 357.2061 		130.9479 		4.537
v 399.495 		33.405 		5.642
v 356.5312 		130.9577 		4.537
v 399.443 		33.251 		5.642
v 356.523 		130.966 		4.537
v 347.772 		130.966 		4.537
v 352.153 		162.722 		0
v 352.153 		164.71 		0
v 406.681 		115.652 		8.425
v 406.628 		115.496 		8.425
v 406.556 		115.35 		8.425
v 399.411 		33.09 		5.642
v 399.4 		32.927 		5.642
v 407.421 		115.968 		8.425
v 399.411 		32.764 		5.642
v 407.018 		114.781 		8.425
v 407.16 		114.993 		8.425
v 407.273 		115.222 		8.425
v 407.355 		115.464 		8.425
v 407.404 		115.714 		8.425
v 399.443 		32.603 		5.642
v 406.658 		114.421 		8.425
v 406.85 		114.589 		8.425
v 399.495 		32.449 		5.642
v 405.471 		114.723 		8.425
v 405.308 		114.734 		8.425
v 399.568 		32.302 		5.642
v 465.6649 		160.438 		4.537
v 465.956 		160.146 		4.537
v 466.0143 		160.0938 		4.537
v 405.147 		114.766 		8.425
v 466.3281 		159.8407 		4.537
v 466.3724 		159.8084 		4.537
v 399.658 		32.166 		5.642
v 465.6397 		160.466 		4.537
v 404.992 		114.819 		8.425
v 404.845 		114.891 		8.425
v 404.709 		114.982 		8.425
v 404.585 		115.09 		8.425
v 399.766 		32.043 		5.642
v 404.477 		115.213 		8.425
v 399.889 		31.935 		5.642
v 400.025 		31.844 		5.642
v 406.465 		115.213 		8.425
v 400.172 		31.772 		5.642
v 406.357 		115.09 		8.425
v 400.327 		31.72 		5.642
v 406.233 		114.982 		8.425
v 406.097 		114.891 		8.425
v 405.95 		114.819 		8.425
v 469.0166 		65.719 		0
v 405.795 		114.766 		8.425
v 405.634 		114.734 		8.425
v 468.977 		65.719 		0
v 468.978 		65.719 		0
v 405.216 		114.035 		8.425
v 405.471 		114.018 		8.425
v 405.726 		114.035 		8.425
v 405.976 		114.085 		8.425
v 406.217 		114.167 		8.425
v 406.446 		114.279 		8.425
v 404.496 		114.279 		8.425
v 404.725 		114.167 		8.425
v 404.966 		114.085 		8.425
v 404.386 		115.35 		8.425
v 478.2666 		65.719 		0
v 404.314 		115.496 		8.425
v 478.227 		65.719 		0
v 404.261 		115.652 		8.425
v 404.229 		115.812 		8.425
v 478.228 		65.719 		0
v 404.219 		115.976 		8.425
v 404.284 		114.421 		8.425
v 403.924 		114.781 		8.425
v 404.092 		114.589 		8.425
v 403.521 		115.968 		8.425
v 403.538 		115.714 		8.425
v 403.587 		115.464 		8.425
v 403.669 		115.222 		8.425
v 403.782 		114.993 		8.425
v 466.3724 		130.1246 		4.537
v 466.3288 		130.0929 		4.537
v 466.0088 		129.8339 		4.537
v 465.9594 		129.7894 		4.537
v 465.6696 		129.4996 		4.537
v 465.6365 		129.463 		4.537
v 469.247 		65.716 		0
v 465.6649 		160.438 		0
v 465.956 		160.146 		0
v 400.487 		31.688 		5.642
v 466.0143 		160.0938 		0
v 466.3281 		159.8407 		0
v 477.998 		65.716 		0
v 400.65 		31.677 		5.642
v 466.3724 		159.8084 		0
v 400.813 		31.688 		5.642
v 400.974 		31.72 		5.642
v 481.9099 		63.8348 		0
v 401.128 		31.772 		5.642
v 481.8701 		63.8898 		0
v 481.6109 		64.2092 		0
v 401.275 		31.844 		5.642
v 481.5744 		64.2496 		0
v 481.2845 		64.5394 		0
v 401.411 		31.935 		5.642
v 465.6397 		160.466 		0
v 401.534 		32.043 		5.642
v 481.2345 		64.5845 		0
v 480.9206 		64.8392 		0
v 480.8683 		64.8773 		0
v 480.5169 		65.1054 		0
v 480.4799 		65.1267 		0
v 399.157 		34.901 		5.642
v 398.911 		34.685 		5.642
v 398.696 		34.44 		5.642
v 480.8702 		64.876 		0
v 402.662 		34.44 		5.642
v 402.447 		34.685 		5.642
v 402.201 		34.901 		5.642
v 401.929 		35.083 		5.642
v 401.005 		35.396 		5.642
v 400.679 		35.418 		5.642
v 400.353 		35.396 		5.642
v 400.032 		35.332 		5.642
v 399.722 		35.227 		5.642
v 399.429 		35.083 		5.642
v 401.636 		35.227 		5.642
v 401.326 		35.332 		5.642
v 402.447 		31.15 		5.642
v 402.662 		31.396 		5.642
v 402.844 		31.668 		5.642
v 403.179 		32.918 		5.642
v 403.158 		33.244 		5.642
v 403.094 		33.565 		5.642
v 402.989 		33.874 		5.642
v 402.844 		34.168 		5.642
v 402.989 		31.961 		5.642
v 403.094 		32.271 		5.642
v 403.158 		32.591 		5.642
v 480.1049 		65.3178 		0
v 400.679 		30.418 		5.642
v 401.005 		30.439 		5.642
v 401.326 		30.503 		5.642
v 401.636 		30.608 		5.642
v 401.929 		30.753 		5.642
v 402.201 		30.934 		5.642
v 480.0498 		65.3422 		0
v 480 		101.051 		0
v 479.6757 		65.4859 		0
v 479.6011 		65.5102 		0
v 479.2219 		65.6118 		0
v 479.1448 		65.6282 		0
v 478.7561 		65.6899 		0
v 478.6819 		65.6978 		0
v 478.0063 		65.7077 		0
v 464.233 		94.967 		0
v 427.005 		171.004 		0
v 466.3281 		94.8407 		0
v 466.3724 		94.8084 		0
v 469.2387 		65.7077 		0
v 468.5629 		65.6979 		0
v 466.1714 		94.967 		0
v 468.4861 		65.6897 		0
v 468.0987 		65.628 		0
v 468.0249 		65.6123 		0
v 468.4886 		65.69 		0
v 467.6425 		65.51 		0
v 467.5683 		65.4859 		0
v 467.1941 		65.3422 		0
v 467.139 		65.3178 		0
v 466.7679 		65.1287 		0
v 466.7134 		65.0964 		0
v 457.379 		202.2142 		0
v 466.746 		65.116 		0
v 457.337 		202.2732 		0
v 457.373 		203.2397 		0
v 457.3659 		204.7758 		0
v 457.3041 		206.4368 		0
v 457.1814 		207.9776 		0
v 456.9958 		209.6225 		0
v 456.7591 		211.1588 		0
v 456.6844 		211.5234 		0
v 458.9 		71.045 		4.537
v 458.9 		68.677 		4.537
v 456.4541 		212.7316 		0
v 482.75 		98.4472 		4.537
v 456.1112 		214.1805 		0
v 455.6859 		215.7381 		0
v 457.373 		204.2051 		0
v 457.2343 		207.372 		0
v 456.8471 		210.5981 		0
v 456.847 		210.599 		0
v 456.8172 		210.7995 		0
v 456.8623 		210.5053 		0
v 456.2504 		213.6121 		0
v 455.4175 		216.5858 		0
v 482.75 		61.1972 		0
v 482.75 		61.2348 		0
v 482.747 		60.967 		0
v 457.032 		202.436 		0
v 398.514 		34.168 		5.642
v 398.369 		33.874 		5.642
v 398.369 		31.961 		5.642
v 398.514 		31.668 		5.642
v 398.696 		31.396 		5.642
v 398.911 		31.15 		5.642
v 399.157 		30.934 		5.642
v 400.032 		30.503 		5.642
v 400.353 		30.439 		5.642
v 399.429 		30.753 		5.642
v 399.722 		30.608 		5.642
v 466.3724 		130.1246 		0
v 466.3288 		130.0929 		0
v 466.0088 		129.8339 		0
v 465.9594 		129.7894 		0
v 465.6696 		129.4996 		0
v 356.7256 		28.7145 		4.537
v 356.753 		28.714 		4.537
v 356.8097 		28.714 		4.537
v 347.4756 		28.7145 		4.537
v 347.503 		28.714 		4.537
v 347.5597 		28.714 		4.537
v 347.5973 		28.716 		4.537
v 343.1137 		32.3006 		4.537
v 343.1223 		32.2601 		4.537
v 343.2335 		31.8454 		4.537
v 343.2467 		31.805 		4.537
v 343.3977 		31.4108 		4.537
v 343.4213 		31.358 		4.537
v 465.6365 		129.463 		0
v 343.6079 		30.9916 		4.537
v 343.639 		30.9378 		4.537
v 343.8592 		30.5979 		4.537
v 343.8989 		30.5432 		4.537
v 344.1617 		30.2193 		4.537
v 344.1899 		30.188 		4.537
v 345.2384 		29.3366 		4.537
v 345.271 		29.317 		4.537
v 345.2929 		29.3043 		4.537
v 345.6662 		29.1141 		4.537
v 345.6793 		29.108 		4.537
v 345.7099 		29.0944 		4.537
v 346.1028 		28.9434 		4.537
v 346.16 		28.925 		4.537
v 346.5578 		28.8185 		4.537
v 346.6132 		28.8067 		4.537
v 347.0222 		28.7416 		4.537
v 347.0234 		28.7414 		4.537
v 347.0812 		28.7354 		4.537
v 457.032 		195.954 		0
v 344.481 		29.896 		4.537
v 344.5393 		29.8438 		4.537
v 344.8531 		29.5907 		4.537
v 344.8974 		29.5584 		4.537
v 457.379 		199.1702 		0
v 357.6781 		28.8061 		4.537
v 357.7408 		28.8195 		4.537
v 358.1337 		28.9249 		4.537
v 358.1912 		28.9434 		4.537
v 358.5841 		29.0944 		4.537
v 358.6231 		29.1117 		4.537
v 359.0049 		29.3063 		4.537
v 359.0419 		29.3276 		4.537
v 352.153 		192.71 		0
v 398.264 		32.271 		5.642
v 398.264 		33.565 		5.642
v 356.5308 		28.7248 		4.537
v 400.353 		35.396 		4.537
v 357.2048 		28.735 		4.537
v 357.2286 		28.7371 		4.537
v 357.2716 		28.7415 		4.537
v 400.032 		35.332 		4.537
v 352.153 		32.472 		4.537
v 352.022 		32.464 		4.537
v 399.722 		35.227 		4.537
v 399.429 		35.083 		4.537
v 351.412 		32.671 		4.537
v 351.521 		32.598 		4.537
v 399.157 		34.901 		4.537
v 351.639 		32.54 		4.537
v 351.763 		32.498 		4.537
v 398.911 		34.685 		4.537
v 351.891 		32.472 		4.537
v 482.3759 		63.0118 		0
v 398.696 		34.44 		4.537
v 352.282 		32.498 		4.537
v 482.3443 		63.0827 		0
v 482.1652 		63.4341 		0
v 352.406 		32.54 		4.537
v 482.1273 		63.4998 		0
v 352.523 		32.598 		4.537
v 352.632 		32.671 		4.537
v 402.662 		34.44 		4.537
v 402.447 		34.685 		4.537
v 402.201 		34.901 		4.537
v 482.7382 		60.9758 		0
v 401.929 		35.083 		4.537
v 482.727 		61.6682 		0
v 401.636 		35.227 		4.537
v 482.7229 		61.7069 		0
v 482.6589 		62.1153 		0
v 352.153 		190.722 		0
v 482.6424 		62.1924 		0
v 482.5412 		62.5701 		0
v 401.326 		35.332 		4.537
v 356.522 		28.716 		4.537
v 482.5167 		62.6453 		0
v 401.005 		35.396 		4.537
v 482.6435 		62.1877 		0
v 482.5173 		62.6435 		0
v 356.8097 		28.714 		0
v 402.447 		31.15 		4.537
v 356.7256 		28.7145 		0
v 356.753 		28.714 		0
v 402.662 		31.396 		4.537
v 402.844 		31.668 		4.537
v 402.989 		31.961 		4.537
v 347.5597 		28.714 		0
v 347.5973 		28.716 		0
v 473.616 		60.472 		0
v 473.747 		60.464 		0
v 482.75 		98.4848 		4.537
v 347.4756 		28.7145 		0
v 482.747 		98.5414 		4.537
v 473.488 		60.498 		0
v 403.094 		32.271 		4.537
v 347.503 		28.714 		0
v 473.364 		60.54 		0
v 473.246 		60.598 		0
v 403.158 		32.591 		4.537
v 473.137 		60.671 		0
v 473.038 		60.758 		0
v 356.522 		28.716 		0
v 474.456 		60.758 		0
v 474.357 		60.671 		0
v 352.268 		189.556 		0
v 403.158 		33.244 		4.537
v 474.248 		60.598 		0
v 473.616 		97.722 		4.537
v 474.131 		60.54 		0
v 403.094 		33.565 		4.537
v 356.8097 		158.964 		0
v 474.007 		60.498 		0
v 356.7256 		158.9645 		0
v 473.878 		60.472 		0
v 402.989 		33.874 		4.537
v 356.753 		158.964 		0
v 473.616 		99.71 		4.537
v 472.952 		60.856 		0
v 402.844 		34.168 		4.537
v 457.376 		199.6438 		0
v 472.879 		60.965 		0
v 344.1899 		30.188 		0
v 472.821 		61.083 		0
v 343.8989 		30.5432 		0
v 344.1617 		30.2193 		0
v 472.779 		61.207 		0
v 468.9593 		93.964 		4.537
v 469.017 		93.964 		4.537
v 469.043 		93.9644 		4.537
v 343.639 		30.9378 		0
v 343.8592 		30.5979 		0
v 472.753 		61.336 		0
v 457.3394 		199.1958 		0
v 472.745 		61.466 		0
v 343.4213 		31.358 		0
v 343.6079 		30.9916 		0
v 401.005 		30.439 		4.537
v 468.0328 		94.0685 		4.537
v 468.0882 		94.0567 		4.537
v 468.4976 		93.9915 		4.537
v 468.5353 		93.9876 		4.537
v 468.5667 		93.9848 		4.537
v 469.2391 		93.9749 		4.537
v 472.753 		61.597 		0
v 343.2467 		31.805 		0
v 343.3977 		31.4108 		0
v 472.779 		61.726 		0
v 401.326 		30.503 		4.537
v 343.1223 		32.2601 		0
v 343.2335 		31.8454 		0
v 466.7231 		94.5802 		4.537
v 401.636 		30.608 		4.537
v 466.7676 		94.5545 		4.537
v 466.768 		94.5543 		4.537
v 467.1459 		94.3617 		4.537
v 467.1777 		94.3476 		4.537
v 467.1888 		94.3429 		4.537
v 467.5778 		94.1934 		4.537
v 467.635 		94.175 		4.537
v 343.1137 		32.3006 		0
v 472.821 		61.85 		0
v 401.929 		30.753 		4.537
v 469.248 		93.966 		4.537
v 472.879 		61.968 		0
v 402.201 		30.934 		4.537
v 472.952 		62.077 		0
v 473.038 		62.175 		0
v 473.038 		98.008 		4.537
v 473.137 		62.262 		0
v 472.952 		98.106 		4.537
v 398.514 		34.168 		4.537
v 472.879 		98.215 		4.537
v 473.246 		62.335 		0
v 472.821 		98.333 		4.537
v 473.364 		62.393 		0
v 472.779 		98.457 		4.537
v 398.369 		33.874 		4.537
v 473.488 		62.435 		0
v 472.753 		98.586 		4.537
v 473.616 		62.46 		0
v 473.488 		97.748 		4.537
v 473.747 		62.469 		0
v 457.376 		200.0478 		0
v 473.364 		97.79 		4.537
v 473.878 		62.46 		0
v 398.369 		31.961 		4.537
v 457.3675 		200.3599 		0
v 473.246 		97.848 		4.537
v 474.007 		62.435 		0
v 473.137 		97.921 		4.537
v 398.514 		31.668 		4.537
v 347.0812 		28.7354 		0
v 474.716 		61.726 		0
v 472.745 		98.716 		4.537
v 346.6132 		28.8067 		0
v 347.0222 		28.7416 		0
v 398.696 		31.396 		4.537
v 472.753 		98.847 		4.537
v 474.741 		61.597 		0
v 346.16 		28.925 		0
v 472.779 		98.976 		4.537
v 346.5578 		28.8185 		0
v 474.75 		61.466 		0
v 472.821 		99.1 		4.537
v 398.911 		31.15 		4.537
v 345.7099 		29.0944 		0
v 346.1028 		28.9434 		0
v 474.741 		61.336 		0
v 472.879 		99.218 		4.537
v 474.716 		61.207 		0
v 345.2929 		29.3043 		0
v 472.952 		99.327 		4.537
v 345.6662 		29.1141 		0
v 399.157 		30.934 		4.537
v 473.038 		99.425 		4.537
v 474.673 		61.083 		0
v 345.2384 		29.3366 		0
v 457.3057 		201.1166 		0
v 474.615 		60.965 		0
v 399.429 		30.753 		4.537
v 344.8974 		29.5584 		0
v 474.543 		60.856 		0
v 473.137 		99.512 		4.537
v 344.5393 		29.8438 		0
v 344.8531 		29.5907 		0
v 473.246 		99.585 		4.537
v 399.722 		30.608 		4.537
v 473.364 		99.643 		4.537
v 344.481 		29.896 		0
v 474.131 		62.393 		0
v 473.488 		99.685 		4.537
v 347.0234 		28.7414 		0
v 400.032 		30.503 		4.537
v 474.248 		62.335 		0
v 345.6793 		29.108 		0
v 474.357 		62.262 		0
v 400.353 		30.439 		4.537
v 474.456 		62.175 		0
v 345.271 		29.317 		0
v 474.543 		62.077 		0
v 474.615 		61.968 		0
v 474.673 		61.85 		0
v 398.264 		33.565 		4.537
v 398.264 		32.271 		4.537
v 457.2394 		201.5228 		0
v 457.1829 		201.8196 		0
v 403.2 		51.877 		4.537
v 356.522 		158.966 		0
v 359.0419 		29.3276 		0
v 400.7 		54.377 		4.537
v 358.6231 		29.1117 		0
v 359.0049 		29.3063 		0
v 400.679 		66.177 		4.537
v 358.1912 		159.1934 		0
v 358.1912 		28.9434 		0
v 358.5841 		29.0944 		0
v 357.7408 		159.0695 		0
v 358.1337 		159.1749 		0
v 357.7408 		28.8195 		0
v 358.1337 		28.9249 		0
v 357.6781 		159.0561 		0
v 400.834 		53.125 		9.537
v 357.6781 		28.8061 		0
v 400.671 		53.136 		9.537
v 400.508 		53.125 		9.537
v 401.663 		52.647 		9.537
v 357.2716 		28.7415 		0
v 401.555 		52.77 		9.537
v 401.432 		52.878 		9.537
v 401.296 		52.969 		9.537
v 401.149 		53.041 		9.537
v 400.995 		53.093 		9.537
v 357.2048 		28.735 		0
v 400.347 		53.093 		9.537
v 400.193 		53.041 		9.537
v 400.046 		52.969 		9.537
v 399.91 		52.878 		9.537
v 356.5308 		28.7248 		0
v 399.787 		52.77 		9.537
v 399.679 		52.647 		9.537
v 357.2716 		158.9915 		0
v 401.921 		51.886 		9.537
v 401.91 		52.049 		9.537
v 401.878 		52.21 		9.537
v 401.826 		52.364 		9.537
v 401.754 		52.511 		9.537
v 357.2048 		158.985 		0
v 356.5308 		158.9748 		0
v 401.91 		51.723 		9.537
v 357.2286 		158.987 		0
v 401.754 		51.261 		9.537
v 401.826 		51.408 		9.537
v 401.878 		51.562 		9.537
v 400.508 		50.647 		9.537
v 400.671 		50.636 		9.537
v 400.834 		50.647 		9.537
v 400.995 		50.679 		9.537
v 401.149 		50.731 		9.537
v 401.296 		50.803 		9.537
v 401.432 		50.894 		9.537
v 401.555 		51.002 		9.537
v 401.663 		51.125 		9.537
v 399.421 		51.886 		9.537
v 399.432 		51.723 		9.537
v 399.588 		52.511 		9.537
v 399.516 		52.364 		9.537
v 357.2286 		28.7371 		0
v 399.464 		52.21 		9.537
v 399.432 		52.049 		9.537
v 352.282 		162.748 		0
v 352.406 		162.79 		0
v 400.046 		50.803 		9.537
v 400.193 		50.731 		9.537
v 400.347 		50.679 		9.537
v 352.523 		162.848 		0
v 399.464 		51.562 		9.537
v 399.516 		51.408 		9.537
v 399.588 		51.261 		9.537
v 399.679 		51.125 		9.537
v 399.787 		51.002 		9.537
v 399.91 		50.894 		9.537
v 352.632 		162.921 		0
v 352.731 		163.008 		0
v 352.818 		163.106 		0
v 421.521 		165.251 		4.537
v 352.022 		32.464 		0
v 352.89 		163.215 		0
v 352.153 		32.472 		0
v 352.948 		163.333 		0
v 421.521 		170.997 		4.537
v 352.991 		163.457 		0
v 353.016 		163.586 		0
v 351.412 		32.671 		0
v 353.025 		163.716 		0
v 351.521 		32.598 		0
v 421.521 		171.004 		4.537
v 353.016 		163.847 		0
v 351.639 		32.54 		0
v 352.991 		163.976 		0
v 352.948 		164.1 		0
v 351.763 		32.498 		0
v 352.89 		164.218 		0
v 421.521 		118.218 		4.537
v 351.891 		32.472 		0
v 426.58 		152.495 		4.537
v 433.578 		152.495 		4.537
v 352.818 		164.327 		0
v 352.282 		32.498 		0
v 352.731 		164.425 		0
v 434.4516 		234.4404 		11.499
v 434.4092 		234.5 		11.499
v 352.406 		32.54 		0
v 352.632 		164.512 		0
v 352.523 		32.598 		0
v 352.523 		164.585 		0
v 352.406 		164.643 		0
v 352.632 		32.671 		0
v 352.282 		164.685 		0
v 436.1235 		234.489 		11.499
v 435.4255 		234.489 		11.499
v 434.9621 		234.4778 		11.499
v 435.4158 		213.994 		11.499
v 436.0636 		213.994 		11.499
v 435.0549 		213.9899 		11.499
v 434.4129 		213.996 		11.499
v 434.4539 		213.9696 		11.499
v 467.245 		101.051 		4.537
v 435.4158 		213.994 		11.498
v 435.0549 		213.9899 		11.498
v 434.4539 		213.9696 		11.498
v 454.6969 		218.6207 		0
v 454.1393 		219.9569 		0
v 453.5124 		221.3148 		0
v 452.8274 		222.6211 		0
v 452.1177 		223.8527 		0
v 454.3546 		219.4531 		0
v 453.0957 		222.1211 		0
v 455.2329 		217.142 		0
v 478.2093 		93.964 		4.537
v 478.267 		93.964 		4.537
v 478.293 		93.9644 		4.537
v 478.1716 		93.966 		4.537
v 479.1553 		94.0564 		4.537
v 479.2141 		94.0691 		4.537
v 479.6087 		94.1749 		4.537
v 479.6662 		94.1934 		4.537
v 480.0591 		94.3444 		4.537
v 480.0973 		94.3614 		4.537
v 480.0984 		94.3619 		4.537
v 480.4799 		94.5563 		4.537
v 480.5026 		94.5694 		4.537
v 480.5243 		94.5824 		4.537
v 480.869 		94.8062 		4.537
v 480.9129 		94.8382 		4.537
v 480.9251 		94.8474 		4.537
v 478.6887 		93.9855 		4.537
v 478.7455 		93.9914 		4.537
v 481.8701 		95.7932 		4.537
v 481.9104 		95.8489 		4.537
v 482.1226 		96.1751 		4.537
v 482.1696 		96.2565 		4.537
v 482.3408 		96.5923 		4.537
v 482.3784 		96.6769 		4.537
v 482.5167 		97.0378 		4.537
v 482.5412 		97.1129 		4.537
v 482.6428 		97.4921 		4.537
v 482.6589 		97.5677 		4.537
v 482.723 		97.9771 		4.537
v 482.7269 		98.0137 		4.537
v 481.2289 		95.0931 		4.537
v 481.288 		95.146 		4.537
v 481.579 		95.438 		4.537
v 481.6072 		95.4693 		4.537
v 473.747 		97.714 		4.537
v 474.007 		97.748 		4.537
v 473.878 		97.722 		4.537
v 473.878 		99.71 		4.537
v 474.007 		99.685 		4.537
v 474.741 		98.586 		4.537
v 474.716 		98.457 		4.537
v 474.673 		98.333 		4.537
v 474.615 		98.215 		4.537
v 474.543 		98.106 		4.537
v 474.456 		98.008 		4.537
v 474.357 		97.921 		4.537
v 474.248 		97.848 		4.537
v 474.131 		97.79 		4.537
v 474.131 		99.643 		4.537
v 474.248 		99.585 		4.537
v 474.357 		99.512 		4.537
v 474.456 		99.425 		4.537
v 474.543 		99.327 		4.537
v 474.615 		99.218 		4.537
v 474.673 		99.1 		4.537
v 474.716 		98.976 		4.537
v 474.741 		98.847 		4.537
v 474.75 		98.716 		4.537
v 473.747 		99.719 		4.537
v 480 		101.051 		4.537
v 436.0636 		213.994 		11.498
v 360.104 		30.188 		4.537
v 360.1322 		30.2193 		4.537
v 360.3951 		30.5432 		4.537
v 360.4354 		30.5989 		4.537
v 360.6477 		30.9251 		4.537
v 360.6946 		31.0065 		4.537
v 360.8657 		31.3423 		4.537
v 360.9034 		31.4269 		4.537
v 361.0417 		31.7878 		4.537
v 361.0662 		31.8629 		4.537
v 361.1678 		32.2421 		4.537
v 361.1839 		32.3177 		4.537
v 359.3933 		29.5557 		4.537
v 359.3952 		29.557 		4.537
v 359.4465 		29.5944 		4.537
v 359.7539 		29.8431 		4.537
v 359.813 		29.896 		4.537
v 361.1839 		32.3177 		0
v 400.671 		53.136 		5.642
v 400.508 		53.125 		5.642
v 361.0662 		31.8629 		0
v 361.1678 		32.2421 		0
v 360.9034 		31.4269 		0
v 361.0417 		31.7878 		0
v 360.6946 		31.0065 		0
v 360.8657 		31.3423 		0
v 401.663 		52.647 		5.642
v 360.4354 		30.5989 		0
v 358.525 		166.051 		0
v 360.6477 		30.9251 		0
v 401.555 		52.77 		5.642
v 360.1322 		30.2193 		0
v 401.432 		52.878 		5.642
v 360.3951 		30.5432 		0
v 434.4129 		213.996 		11.498
v 401.296 		52.969 		5.642
v 360.104 		30.188 		0
v 401.149 		53.041 		5.642
v 400.995 		53.093 		5.642
v 400.834 		53.125 		5.642
v 400.347 		53.093 		5.642
v 400.193 		53.041 		5.642
v 400.046 		52.969 		5.642
v 356.7523 		195.969 		0
v 399.91 		52.878 		5.642
v 427.005 		201.252 		11.498
v 399.787 		52.77 		5.642
v 356.7916 		195.969 		0
v 399.679 		52.647 		5.642
v 401.91 		51.723 		5.642
v 401.921 		51.886 		5.642
v 356.523 		195.966 		0
v 401.91 		52.049 		5.642
v 356.5312 		195.9577 		0
v 359.813 		29.896 		0
v 401.878 		52.21 		5.642
v 359.4465 		29.5944 		0
v 359.7539 		29.8431 		0
v 359.3933 		29.5557 		0
v 359.3952 		29.557 		0
v 361.2463 		32.716 		4.537
v 357.0467 		195.956 		0
v 361.2463 		32.716 		0
v 427.005 		170.997 		11.498
v 427.005 		170.997 		4.537
v 427.005 		171.004 		4.537
v 362.65 		32.716 		4.537
v 343.022 		33.2914 		4.537
v 343.02 		33.2537 		4.537
v 343.02 		33.1784 		4.537
v 353.016 		191.586 		0
v 353.025 		191.716 		0
v 343.0415 		32.7742 		4.537
v 343.0472 		32.7194 		4.537
v 353.016 		191.847 		0
v 351.227 		34.077 		4.537
v 351.154 		33.968 		4.537
v 352.991 		191.976 		0
v 352.948 		192.1 		0
v 351.096 		33.85 		4.537
v 352.89 		192.218 		0
v 351.054 		33.726 		4.537
v 352.818 		192.327 		0
v 352.731 		192.425 		0
v 351.028 		33.597 		4.537
v 352.632 		192.512 		0
v 351.02 		33.466 		4.537
v 352.523 		192.585 		0
v 351.028 		33.336 		4.537
v 352.406 		192.643 		0
v 351.054 		33.207 		4.537
v 352.282 		192.685 		0
v 351.096 		33.083 		4.537
v 351.154 		32.965 		4.537
v 351.227 		32.856 		4.537
v 351.313 		34.175 		4.537
v 351.313 		32.758 		4.537
v 352.731 		32.758 		4.537
v 352.818 		32.856 		4.537
v 352.89 		32.965 		4.537
v 352.948 		33.083 		4.537
v 352.991 		33.207 		4.537
v 353.016 		33.336 		4.537
v 353.025 		33.466 		4.537
v 353.016 		33.597 		4.537
v 352.991 		33.726 		4.537
v 352.948 		33.85 		4.537
v 352.89 		33.968 		4.537
v 352.818 		34.077 		4.537
v 352.731 		34.175 		4.537
v 352.632 		34.262 		4.537
v 352.523 		34.335 		4.537
v 352.406 		34.393 		4.537
v 352.282 		34.435 		4.537
v 352.153 		34.46 		4.537
v 352.022 		34.469 		4.537
v 351.891 		34.46 		4.537
v 351.763 		34.435 		4.537
v 351.639 		34.393 		4.537
v 351.521 		34.335 		4.537
v 351.412 		34.262 		4.537
v 358.525 		35.801 		4.537
v 345.77 		35.801 		4.537
v 464.233 		94.967 		4.537
v 466.3281 		94.8407 		4.537
v 466.3724 		94.8084 		4.537
v 466.1714 		94.967 		4.537
v 460.13 		103.495 		4.537
v 460.13 		103.495 		10.498
v 458.921 		87.636 		4.537
v 401.826 		52.364 		5.642
v 401.754 		52.511 		5.642
v 433.578 		152.495 		10.498
v 426.58 		152.495 		10.498
v 400.508 		50.647 		5.642
v 433.578 		145.504 		4.537
v 426.58 		145.504 		4.537
v 400.671 		50.636 		5.642
v 400.834 		50.647 		5.642
v 460.13 		95.495 		4.537
v 400.995 		50.679 		5.642
v 433.578 		145.504 		8.998
v 401.149 		50.731 		5.642
v 429.08 		145.504 		8.998
v 429.08 		145.504 		10.498
v 426.58 		145.504 		10.498
v 401.296 		50.803 		5.642
v 460.13 		95.495 		10.498
v 401.432 		50.894 		5.642
v 433.304 		147.244 		11.498
v 433.274 		147.363 		11.498
v 433.233 		147.478 		11.498
v 433.181 		147.589 		11.498
v 401.555 		51.002 		5.642
v 433.322 		146.877 		11.498
v 433.328 		147 		11.498
v 433.322 		147.122 		11.498
v 401.663 		51.125 		5.642
v 401.754 		51.261 		5.642
v 432.201 		148.244 		11.498
v 433.117 		147.694 		11.498
v 401.826 		51.408 		5.642
v 433.044 		147.793 		11.498
v 432.962 		147.884 		11.498
v 432.871 		147.966 		11.498
v 432.773 		148.039 		11.498
v 432.667 		148.102 		11.498
v 432.556 		148.155 		11.498
v 432.441 		148.196 		11.498
v 432.322 		148.226 		11.498
v 401.878 		51.562 		5.642
v 432.078 		148.25 		11.498
v 431.956 		148.244 		11.498
v 431.834 		148.226 		11.498
v 431.715 		148.196 		11.498
v 431.6 		148.155 		11.498
v 431.489 		148.102 		11.498
v 431.384 		148.039 		11.498
v 431.285 		147.966 		11.498
v 431.194 		147.884 		11.498
v 431.112 		147.793 		11.498
v 399.588 		52.511 		5.642
v 399.516 		52.364 		5.642
v 431.039 		147.694 		11.498
v 430.976 		147.589 		11.498
v 430.923 		147.478 		11.498
v 430.882 		147.363 		11.498
v 430.852 		147.244 		11.498
v 430.834 		147.122 		11.498
v 430.828 		147 		11.498
v 399.464 		52.21 		5.642
v 430.834 		146.877 		11.498
v 433.274 		146.637 		11.498
v 433.304 		146.756 		11.498
v 433.181 		146.41 		11.498
v 433.233 		146.521 		11.498
v 458.921 		87.636 		5.642
v 458.9 		87.962 		5.642
v 458.9 		87.309 		5.642
v 432.201 		145.756 		11.498
v 432.322 		145.774 		11.498
v 432.441 		145.803 		11.498
v 432.556 		145.845 		11.498
v 432.667 		145.897 		11.498
v 432.773 		145.96 		11.498
v 432.871 		146.033 		11.498
v 432.962 		146.116 		11.498
v 433.044 		146.207 		11.498
v 433.117 		146.305 		11.498
v 458.9 		87.962 		4.537
v 431.956 		145.756 		11.498
v 432.078 		145.75 		11.498
v 431.112 		146.207 		11.498
v 431.194 		146.116 		11.498
v 431.285 		146.033 		11.498
v 431.384 		145.96 		11.498
v 431.489 		145.897 		11.498
v 431.6 		145.845 		11.498
v 431.715 		145.803 		11.498
v 431.834 		145.774 		11.498
v 430.852 		146.756 		11.498
v 430.882 		146.637 		11.498
v 430.923 		146.521 		11.498
v 430.976 		146.41 		11.498
v 431.039 		146.305 		11.498
v 458.9 		87.309 		4.537
v 453.921 		87.636 		4.537
v 456.4 		71.177 		4.537
v 456.421 		85.136 		4.537
v 454.141 		103.495 		4.537
v 458.13 		103.495 		8.998
v 454.141 		103.495 		8.998
v 458.13 		103.495 		10.498
v 456.421 		90.136 		4.537
v 454.141 		95.495 		4.537
v 416.413 		115.976 		7.998
v 416.268 		115.759 		7.998
v 416.152 		115.524 		7.998
v 416.068 		115.276 		7.998
v 416.017 		115.02 		7.998
v 399.432 		52.049 		5.642
v 416 		114.759 		7.998
v 416.017 		114.498 		7.998
v 416.068 		114.241 		7.998
v 416.5 		114.759 		7.998
v 399.421 		51.886 		5.642
v 416.152 		113.993 		7.998
v 416.268 		113.759 		7.998
v 416.413 		113.541 		7.998
v 399.432 		51.723 		5.642
v 399.464 		51.562 		5.642
v 399.516 		51.408 		5.642
v 399.588 		51.261 		5.642
v 399.679 		51.125 		5.642
v 399.787 		51.002 		5.642
v 399.91 		50.894 		5.642
v 400.046 		50.803 		5.642
v 400.193 		50.731 		5.642
v 400.347 		50.679 		5.642
v 402.865 		50.627 		5.642
v 403.01 		52.833 		5.642
v 402.865 		53.127 		5.642
v 402.683 		53.399 		5.642
v 402.468 		53.644 		5.642
v 403.01 		50.92 		5.642
v 403.115 		51.23 		5.642
v 403.179 		51.55 		5.642
v 403.2 		51.877 		5.642
v 403.179 		52.203 		5.642
v 403.115 		52.524 		5.642
v 402.222 		53.86 		5.642
v 401.95 		54.042 		5.642
v 401.026 		54.355 		5.642
v 400.7 		54.377 		5.642
v 401.657 		54.186 		5.642
v 401.347 		54.291 		5.642
v 429.08 		149.995 		10.498
v 433.578 		149.995 		10.498
v 362.65 		50.059 		4.537
v 399.178 		53.86 		5.642
v 398.932 		53.644 		5.642
v 398.717 		53.399 		5.642
v 343.02 		33.1784 		0
v 398.535 		53.127 		5.642
v 398.39 		52.833 		5.642
v 398.39 		50.92 		5.642
v 398.535 		50.627 		5.642
v 433.578 		149.995 		8.998
v 343.022 		33.2914 		0
v 343.02 		33.2537 		0
v 400.374 		54.355 		5.642
v 400.053 		54.291 		5.642
v 399.743 		54.186 		5.642
v 343.0472 		32.7194 		0
v 399.45 		54.042 		5.642
v 343.0415 		32.7742 		0
v 454.141 		95.495 		10.498
v 351.227 		34.077 		0
v 351.154 		33.968 		0
v 351.096 		33.85 		0
v 351.054 		33.726 		0
v 455.763 		101.235 		11.498
v 351.028 		33.597 		0
v 456.607 		100.784 		11.498
v 456.524 		100.875 		11.498
v 456.434 		100.957 		11.498
v 456.335 		101.03 		11.498
v 456.23 		101.093 		11.498
v 456.119 		101.146 		11.498
v 456.003 		101.187 		11.498
v 351.02 		33.466 		0
v 455.884 		101.217 		11.498
v 351.028 		33.336 		0
v 351.054 		33.207 		0
v 456.891 		99.991 		11.498
v 351.096 		33.083 		0
v 456.885 		100.113 		11.498
v 456.867 		100.235 		11.498
v 456.837 		100.354 		11.498
v 456.795 		100.469 		11.498
v 456.743 		100.58 		11.498
v 456.68 		100.685 		11.498
v 351.154 		32.965 		0
v 456.867 		99.747 		11.498
v 456.885 		99.868 		11.498
v 351.227 		32.856 		0
v 455.641 		101.241 		11.498
v 455.518 		101.235 		11.498
v 455.397 		101.217 		11.498
v 455.278 		101.187 		11.498
v 455.162 		101.146 		11.498
v 455.051 		101.093 		11.498
v 454.946 		101.03 		11.498
v 454.848 		100.957 		11.498
v 454.757 		100.875 		11.498
v 454.674 		100.784 		11.498
v 351.313 		34.175 		0
v 351.313 		32.758 		0
v 454.601 		100.685 		11.498
v 454.538 		100.58 		11.498
v 454.486 		100.469 		11.498
v 454.444 		100.354 		11.498
v 454.415 		100.235 		11.498
v 454.397 		100.113 		11.498
v 454.391 		99.991 		11.498
v 454.397 		99.868 		11.498
v 454.415 		99.747 		11.498
v 456.795 		99.512 		11.498
v 456.837 		99.628 		11.498
v 352.731 		32.758 		0
v 455.763 		98.747 		11.498
v 455.884 		98.765 		11.498
v 456.003 		98.795 		11.498
v 456.119 		98.836 		11.498
v 456.23 		98.888 		11.498
v 456.335 		98.951 		11.498
v 456.434 		99.024 		11.498
v 456.524 		99.107 		11.498
v 456.607 		99.198 		11.498
v 456.68 		99.296 		11.498
v 456.743 		99.401 		11.498
v 352.818 		32.856 		0
v 352.89 		32.965 		0
v 352.948 		33.083 		0
v 455.518 		98.747 		11.498
v 455.641 		98.741 		11.498
v 454.444 		99.628 		11.498
v 454.486 		99.512 		11.498
v 454.538 		99.401 		11.498
v 454.601 		99.296 		11.498
v 454.674 		99.198 		11.498
v 454.757 		99.107 		11.498
v 454.848 		99.024 		11.498
v 454.946 		98.951 		11.498
v 455.051 		98.888 		11.498
v 455.162 		98.836 		11.498
v 455.278 		98.795 		11.498
v 455.397 		98.765 		11.498
v 398.285 		52.524 		5.642
v 398.221 		52.203 		5.642
v 398.2 		51.877 		5.642
v 398.221 		51.55 		5.642
v 352.991 		33.207 		0
v 398.285 		51.23 		5.642
v 353.016 		33.336 		0
v 398.717 		50.355 		5.642
v 398.932 		50.109 		5.642
v 399.178 		49.893 		5.642
v 353.025 		33.466 		0
v 353.016 		33.597 		0
v 352.991 		33.726 		0
v 402.222 		49.893 		5.642
v 402.468 		50.109 		5.642
v 402.683 		50.355 		5.642
v 352.948 		33.85 		0
v 399.45 		49.712 		5.642
v 399.743 		49.567 		5.642
v 400.053 		49.462 		5.642
v 400.374 		49.398 		5.642
v 400.7 		49.377 		5.642
v 401.026 		49.398 		5.642
v 401.347 		49.462 		5.642
v 401.657 		49.567 		5.642
v 352.89 		33.968 		0
v 401.95 		49.712 		5.642
v 402.865 		50.627 		4.537
v 352.818 		34.077 		0
v 352.731 		34.175 		0
v 403.01 		50.92 		4.537
v 352.632 		34.262 		0
v 403.115 		51.23 		4.537
v 352.523 		34.335 		0
v 352.406 		34.393 		0
v 403.179 		51.55 		4.537
v 352.282 		34.435 		0
v 403.179 		52.203 		4.537
v 403.115 		52.524 		4.537
v 403.01 		52.833 		4.537
v 402.865 		53.127 		4.537
v 402.683 		53.399 		4.537
v 352.282 		190.748 		0
v 352.406 		190.79 		0
v 402.468 		53.644 		4.537
v 352.523 		190.848 		0
v 352.632 		190.921 		0
v 352.731 		191.008 		0
v 352.818 		191.106 		0
v 352.89 		191.215 		0
v 402.222 		53.86 		4.537
v 352.948 		191.333 		0
v 352.991 		191.457 		0
v 401.95 		54.042 		4.537
v 401.657 		54.186 		4.537
v 401.347 		54.291 		4.537
v 401.026 		54.355 		4.537
v 400.374 		54.355 		4.537
v 400.053 		54.291 		4.537
v 399.743 		54.186 		4.537
v 472.745 		59.306 		0
v 480 		59.306 		0
v 399.45 		54.042 		4.537
v 399.178 		53.86 		4.537
v 398.932 		53.644 		4.537
v 398.717 		53.399 		4.537
v 398.535 		53.127 		4.537
v 398.39 		52.833 		4.537
v 398.39 		50.92 		4.537
v 398.535 		50.627 		4.537
v 398.285 		52.524 		4.537
v 398.221 		52.203 		4.537
v 398.221 		51.55 		4.537
v 398.285 		51.23 		4.537
v 398.717 		50.355 		4.537
v 398.932 		50.109 		4.537
v 399.178 		49.893 		4.537
v 399.45 		49.712 		4.537
v 399.743 		49.567 		4.537
v 400.053 		49.462 		4.537
v 400.374 		49.398 		4.537
v 352.153 		34.46 		0
v 352.022 		34.469 		0
v 467.245 		59.306 		0
v 351.891 		34.46 		0
v 351.763 		34.435 		0
v 458.13 		97.495 		10.498
v 454.141 		97.495 		10.498
v 351.639 		34.393 		0
v 351.521 		34.335 		0
v 351.412 		34.262 		0
v 454.141 		97.495 		8.998
v 454.141 		98.741 		8.998
v 458.13 		97.495 		8.998
v 358.525 		189.556 		0
v 458.13 		98.741 		8.998
v 455.641 		98.741 		8.998
v 416.614 		115.333 		10.098
v 416.551 		115.147 		10.098
v 416.513 		114.954 		10.098
v 416.5 		114.759 		10.098
v 416.513 		114.563 		10.098
v 416.551 		114.37 		10.098
v 454.391 		99.991 		8.998
v 416.614 		114.185 		10.098
v 356.7523 		130.969 		0
v 356.7916 		130.969 		0
v 456.891 		99.991 		8.998
v 347.5597 		158.964 		0
v 347.5973 		158.966 		0
v 455.641 		101.241 		8.998
v 433.322 		146.877 		8.998
v 347.4756 		158.9645 		0
v 416.586 		116.173 		7.998
v 456.607 		100.784 		8.998
v 433.328 		147 		8.998
v 347.503 		158.964 		0
v 433.322 		147.122 		8.998
v 456.524 		100.875 		8.998
v 416.614 		114.185 		7.998
v 456.434 		100.957 		8.998
v 456.335 		101.03 		8.998
v 416.551 		114.37 		7.998
v 456.23 		101.093 		8.998
v 456.119 		101.146 		8.998
v 456.003 		101.187 		8.998
v 455.884 		101.217 		8.998
v 455.763 		101.235 		8.998
v 456.867 		99.747 		8.998
v 456.885 		99.868 		8.998
v 401.026 		49.398 		4.537
v 456.885 		100.113 		8.998
v 456.867 		100.235 		8.998
v 401.347 		49.462 		4.537
v 456.837 		100.354 		8.998
v 347.0812 		158.9854 		0
v 456.795 		100.469 		8.998
v 456.743 		100.58 		8.998
v 346.6132 		159.0567 		0
v 347.0222 		158.9916 		0
v 456.68 		100.685 		8.998
v 346.16 		159.175 		0
v 346.5578 		159.0685 		0
v 345.7099 		159.3443 		0
v 346.1028 		159.1934 		0
v 345.2929 		159.5543 		0
v 455.518 		101.235 		8.998
v 345.6662 		159.3641 		0
v 455.397 		101.217 		8.998
v 345.2384 		159.5866 		0
v 455.278 		101.187 		8.998
v 455.162 		101.146 		8.998
v 347.0234 		158.9914 		0
v 455.051 		101.093 		8.998
v 345.6793 		159.358 		0
v 454.946 		101.03 		8.998
v 345.271 		159.567 		0
v 454.848 		100.957 		8.998
v 454.757 		100.875 		8.998
v 454.674 		100.784 		8.998
v 454.601 		100.685 		8.998
v 454.538 		100.58 		8.998
v 454.486 		100.469 		8.998
v 454.444 		100.354 		8.998
v 454.415 		100.235 		8.998
v 454.397 		100.113 		8.998
v 433.304 		147.244 		8.998
v 454.397 		99.868 		8.998
v 344.8974 		159.8084 		0
v 454.415 		99.747 		8.998
v 433.274 		147.363 		8.998
v 433.233 		147.478 		8.998
v 416.513 		114.563 		7.998
v 455.763 		98.747 		8.998
v 401.657 		49.567 		4.537
v 433.181 		147.589 		8.998
v 455.884 		98.765 		8.998
v 456.003 		98.795 		8.998
v 401.95 		49.712 		4.537
v 456.119 		98.836 		8.998
v 416.513 		114.954 		7.998
v 433.117 		147.694 		8.998
v 456.23 		98.888 		8.998
v 402.222 		49.893 		4.537
v 433.044 		147.793 		8.998
v 456.335 		98.951 		8.998
v 456.434 		99.024 		8.998
v 432.962 		147.884 		8.998
v 416.551 		115.147 		7.998
v 456.524 		99.107 		8.998
v 402.468 		50.109 		4.537
v 432.871 		147.966 		8.998
v 456.607 		99.198 		8.998
v 416.614 		115.333 		7.998
v 432.773 		148.039 		8.998
v 402.683 		50.355 		4.537
v 456.68 		99.296 		8.998
v 432.667 		148.102 		8.998
v 344.5393 		160.0938 		0
v 344.8531 		159.8407 		0
v 456.743 		99.401 		8.998
v 344.1899 		160.438 		0
v 344.481 		160.146 		0
v 432.556 		148.155 		8.998
v 456.795 		99.512 		8.998
v 432.441 		148.196 		8.998
v 456.837 		99.628 		8.998
v 432.322 		148.226 		8.998
v 421.521 		118.218 		10.937
v 432.201 		148.244 		8.998
v 454.444 		99.628 		8.998
v 454.486 		99.512 		8.998
v 432.078 		148.25 		8.998
v 454.538 		99.401 		8.998
v 431.956 		148.244 		8.998
v 454.601 		99.296 		8.998
v 431.834 		148.226 		8.998
v 416.586 		113.344 		7.998
v 454.674 		99.198 		8.998
v 343.639 		161.1878 		0
v 431.715 		148.196 		8.998
v 454.757 		99.107 		8.998
v 343.4213 		161.608 		0
v 343.6079 		161.2416 		0
v 454.848 		99.024 		8.998
v 431.6 		148.155 		8.998
v 343.2467 		162.055 		0
v 343.3977 		161.6608 		0
v 454.946 		98.951 		8.998
v 431.489 		148.102 		8.998
v 343.1223 		162.5101 		0
v 343.2335 		162.0954 		0
v 455.051 		98.888 		8.998
v 431.384 		148.039 		8.998
v 343.0472 		162.9693 		0
v 343.1137 		162.5506 		0
v 455.162 		98.836 		8.998
v 431.285 		147.966 		8.998
v 455.278 		98.795 		8.998
v 343.0415 		163.0242 		0
v 431.194 		147.884 		8.998
v 455.397 		98.765 		8.998
v 416.622 		116.918 		10.937
v 431.112 		147.793 		8.998
v 455.518 		98.747 		8.998
v 431.039 		147.694 		8.998
v 419.587 		113.541 		7.998
v 419.732 		113.759 		7.998
v 419.848 		113.993 		7.998
v 419.932 		114.241 		7.998
v 419.983 		114.498 		7.998
v 420 		114.759 		7.998
v 419.983 		115.02 		7.998
v 419.932 		115.276 		7.998
v 419.848 		115.524 		7.998
v 430.976 		147.589 		8.998
v 419.732 		115.759 		7.998
v 419.587 		115.976 		7.998
v 430.923 		147.478 		8.998
v 419.5 		114.759 		7.998
v 430.882 		147.363 		8.998
v 374.6095 		224.1948 		11.499
v 374.2906 		223.6793 		11.499
v 373.578 		222.4419 		11.499
v 464.233 		63.713 		0
v 373.191 		221.693 		11.499
v 372.9158 		221.1404 		11.499
v 372.2949 		219.7966 		11.499
v 371.9609 		218.9836 		11.499
v 369.5673 		202.7451 		11.499
v 369.708 		203.1717 		11.499
v 465.3347 		63.8357 		0
v 465.2554 		63.713 		0
v 370.135 		204.1648 		11.499
v 370.3426 		204.5775 		11.499
v 403.179 		68.677 		4.537
v 370.9326 		205.5442 		11.499
v 371.2075 		205.9422 		11.499
v 371.9317 		206.8414 		11.499
v 372.2848 		207.2363 		11.499
v 403.2 		87.636 		4.537
v 373.1595 		208.0903 		11.499
v 373.5636 		208.4494 		11.499
v 466.3724 		64.8746 		0
v 374.5793 		209.2454 		11.499
v 403.521 		95.818 		4.537
v 403.521 		97.768 		4.537
v 369.4875 		202.4802 		11.499
v 466.3288 		64.8429 		0
v 466.0088 		64.5839 		0
v 370.0161 		203.9139 		11.499
v 465.9594 		64.5394 		0
v 465.6696 		64.2496 		0
v 370.7731 		205.3015 		11.499
v 465.6329 		64.209 		0
v 465.3739 		63.8898 		0
v 371.7539 		206.6344 		11.499
v 405.471 		95.818 		4.537
v 372.9408 		207.8887 		11.499
v 465.6334 		64.2096 		0
v 374.327 		209.058 		11.499
v 407.421 		97.768 		4.537
v 416 		98.859 		4.537
v 405.471 		99.718 		4.537
v 406.658 		96.221 		4.537
v 406.85 		96.389 		4.537
v 407.018 		96.581 		4.537
v 430.852 		147.244 		8.998
v 430.834 		147.122 		8.998
v 343.8989 		160.7932 		0
v 344.1617 		160.4693 		0
v 430.828 		147 		8.998
v 343.8592 		160.8479 		0
v 430.834 		146.877 		8.998
v 433.181 		146.41 		8.998
v 433.233 		146.521 		8.998
v 433.274 		146.637 		8.998
v 351.227 		163.106 		0
v 433.304 		146.756 		8.998
v 352.022 		162.714 		0
v 432.201 		145.756 		8.998
v 418 		116.759 		7.998
v 417.739 		116.742 		7.998
v 417.482 		116.691 		7.998
v 417.235 		116.606 		7.998
v 417 		116.491 		7.998
v 416.783 		116.345 		7.998
v 351.313 		163.008 		0
v 418 		116.259 		7.998
v 419.218 		116.345 		7.998
v 419 		116.491 		7.998
v 418.765 		116.606 		7.998
v 432.322 		145.774 		8.998
v 418.518 		116.691 		7.998
v 351.412 		162.921 		0
v 418.261 		116.742 		7.998
v 351.521 		162.848 		0
v 432.441 		145.803 		8.998
v 351.639 		162.79 		0
v 432.556 		145.845 		8.998
v 351.763 		162.748 		0
v 351.891 		162.722 		0
v 432.667 		145.897 		8.998
v 432.773 		145.96 		8.998
v 351.227 		164.327 		0
v 432.871 		146.033 		8.998
v 407.16 		96.793 		4.537
v 432.962 		146.116 		8.998
v 407.273 		97.022 		4.537
v 407.355 		97.264 		4.537
v 433.044 		146.207 		8.998
v 407.404 		97.514 		4.537
v 433.117 		146.305 		8.998
v 407.404 		98.023 		4.537
v 407.355 		98.273 		4.537
v 461.7996 		30.6358 		0
v 432.078 		145.75 		8.998
v 370.1379 		213.0905 		11.499
v 407.273 		98.514 		4.537
v 370.0108 		212.5056 		11.499
v 369.7123 		210.9397 		11.499
v 369.5746 		210.0285 		11.499
v 369.486 		209.3882 		11.499
v 462.328 		31.666 		0
v 431.112 		146.207 		8.998
v 407.16 		98.743 		4.537
v 462.128 		31.2644 		0
v 407.018 		98.955 		4.537
v 431.194 		146.116 		8.998
v 371.7364 		218.4148 		11.499
v 371.216 		216.9791 		11.499
v 370.9295 		216.0741 		11.499
v 370.7665 		215.5347 		11.499
v 370.3528 		214.0196 		11.499
v 406.85 		99.147 		4.537
v 431.285 		146.033 		8.998
v 406.658 		99.315 		4.537
v 374.2906 		223.6793 		0
v 431.384 		145.96 		8.998
v 373.578 		222.4419 		0
v 372.9158 		221.1404 		0
v 372.2949 		219.7966 		0
v 431.489 		145.897 		8.998
v 431.6 		145.845 		8.998
v 462.8009 		32.716 		0
v 431.715 		145.803 		8.998
v 406.556 		97.15 		4.537
v 406.628 		97.296 		4.537
v 406.681 		97.452 		4.537
v 418 		116.259 		10.098
v 417.804 		116.246 		10.098
v 406.713 		97.612 		4.537
v 417.612 		116.208 		10.098
v 417.426 		116.144 		10.098
v 431.834 		145.774 		8.998
v 374.6095 		224.1948 		0
v 431.956 		145.756 		8.998
v 373.191 		221.693 		0
v 371.9609 		218.9836 		0
v 406.724 		97.776 		4.537
v 406.713 		97.939 		4.537
v 406.681 		98.1 		4.537
v 406.628 		98.255 		4.537
v 406.556 		98.402 		4.537
v 430.852 		146.756 		8.998
v 481.8701 		30.5432 		0
v 430.882 		146.637 		8.998
v 406.446 		99.457 		4.537
v 430.923 		146.521 		8.998
v 481.9104 		30.5989 		0
v 406.217 		99.57 		4.537
v 482.1226 		30.9251 		0
v 430.976 		146.41 		8.998
v 405.976 		99.652 		4.537
v 482.1696 		31.0065 		0
v 482.3408 		31.3423 		0
v 431.039 		146.305 		8.998
v 405.726 		99.702 		4.537
v 482.3784 		31.4269 		0
v 482.5167 		31.7878 		0
v 405.216 		99.702 		4.537
v 482.5412 		31.8629 		0
v 482.6428 		32.2421 		0
v 429.08 		149.995 		8.998
v 371.7364 		218.4148 		0
v 371.216 		216.9791 		0
v 404.966 		99.652 		4.537
v 482.6589 		32.3177 		0
v 404.725 		99.57 		4.537
v 370.1978 		213.4564 		11.498
v 369.9519 		212.6146 		11.498
v 369.9156 		212.4766 		11.498
v 369.8189 		212.0854 		11.498
v 404.496 		99.457 		4.537
v 369.8189 		212.0854 		0
v 370.1978 		213.4564 		0
v 369.9519 		212.6146 		0
v 369.9156 		212.4766 		0
v 405.471 		99.028 		4.537
v 405.308 		99.018 		4.537
v 405.147 		98.986 		4.537
v 404.992 		98.933 		4.537
v 404.845 		98.86 		4.537
v 404.709 		98.769 		4.537
v 404.585 		98.661 		4.537
v 404.477 		98.538 		4.537
v 370.7665 		215.5347 		0
v 370.3528 		214.0196 		0
v 406.465 		98.538 		4.537
v 406.357 		98.661 		4.537
v 406.233 		98.769 		4.537
v 406.097 		98.86 		4.537
v 405.95 		98.933 		4.537
v 405.795 		98.986 		4.537
v 369.6383 		211.201 		11.498
v 405.634 		99.018 		4.537
v 369.6128 		211.0557 		11.498
v 369.5509 		210.6746 		11.498
v 369.4425 		209.7782 		11.498
v 369.4216 		209.5542 		11.498
v 369.7123 		210.9397 		11.498
v 370.0108 		212.5056 		11.498
v 464.5887 		32.3006 		0
v 404.284 		99.315 		4.537
v 369.5509 		210.6746 		0
v 369.4425 		209.7782 		0
v 404.092 		99.147 		4.537
v 369.6383 		211.201 		0
v 464.5973 		32.2601 		0
v 464.7085 		31.8454 		0
v 403.924 		98.955 		4.537
v 369.4216 		209.5542 		0
v 403.782 		98.743 		4.537
v 464.7216 		31.805 		0
v 464.8727 		31.4108 		0
v 369.6128 		211.0557 		0
v 403.669 		98.514 		4.537
v 464.8963 		31.358 		0
v 465.0829 		30.9916 		0
v 403.587 		98.273 		4.537
v 403.538 		98.023 		4.537
v 465.114 		30.9378 		0
v 465.3343 		30.5979 		0
v 465.3739 		30.5432 		0
v 404.386 		98.402 		4.537
v 404.314 		98.255 		4.537
v 404.261 		98.1 		4.537
v 404.229 		97.939 		4.537
v 404.219 		97.776 		4.537
v 369.486 		209.3882 		11.498
v 405.726 		95.835 		4.537
v 405.976 		95.885 		4.537
v 406.217 		95.967 		4.537
v 406.446 		96.079 		4.537
v 404.496 		96.079 		4.537
v 404.725 		95.967 		4.537
v 404.966 		95.885 		4.537
v 405.216 		95.835 		4.537
v 370.9295 		216.0741 		0
v 370.1379 		213.0905 		11.498
v 473.616 		32.472 		0
v 473.747 		32.464 		0
v 473.488 		32.498 		0
v 404.477 		97.013 		4.537
v 473.364 		32.54 		0
v 404.585 		96.89 		4.537
v 404.709 		96.782 		4.537
v 404.845 		96.691 		4.537
v 404.992 		96.619 		4.537
v 405.147 		96.566 		4.537
v 405.308 		96.534 		4.537
v 405.471 		96.523 		4.537
v 473.246 		32.598 		0
v 369.5746 		210.0285 		11.498
v 473.137 		32.671 		0
v 405.634 		96.534 		4.537
v 405.795 		96.566 		4.537
v 405.95 		96.619 		4.537
v 406.097 		96.691 		4.537
v 370.2754 		213.685 		11.498
v 406.233 		96.782 		4.537
v 406.357 		96.89 		4.537
v 406.465 		97.013 		4.537
v 370.2754 		213.685 		0
v 403.538 		97.514 		4.537
v 403.587 		97.264 		4.537
v 403.669 		97.022 		4.537
v 403.782 		96.793 		4.537
v 403.924 		96.581 		4.537
v 404.092 		96.389 		4.537
v 404.284 		96.221 		4.537
v 404.229 		97.612 		4.537
v 404.261 		97.452 		4.537
v 404.314 		97.296 		4.537
v 404.386 		97.15 		4.537
v 405.471 		99.718 		8.425
v 406.713 		97.612 		8.425
v 406.681 		97.452 		8.425
v 406.628 		97.296 		8.425
v 406.556 		97.15 		8.425
v 474.007 		32.498 		0
v 406.556 		98.402 		8.425
v 473.878 		32.472 		0
v 406.628 		98.255 		8.425
v 406.681 		98.1 		8.425
v 406.713 		97.939 		8.425
v 406.724 		97.776 		8.425
v 406.658 		99.315 		8.425
v 407.421 		97.768 		8.425
v 407.404 		98.023 		8.425
v 407.355 		98.273 		8.425
v 407.273 		98.514 		8.425
v 407.16 		98.743 		8.425
v 407.018 		98.955 		8.425
v 406.85 		99.147 		8.425
v 407.018 		96.581 		8.425
v 407.16 		96.793 		8.425
v 407.273 		97.022 		8.425
v 407.355 		97.264 		8.425
v 407.404 		97.514 		8.425
v 406.658 		96.221 		8.425
v 406.85 		96.389 		8.425
v 404.477 		98.538 		8.425
v 404.585 		98.661 		8.425
v 404.709 		98.769 		8.425
v 404.845 		98.86 		8.425
v 404.992 		98.933 		8.425
v 405.147 		98.986 		8.425
v 405.308 		99.018 		8.425
v 405.471 		99.028 		8.425
v 405.634 		99.018 		8.425
v 405.795 		98.986 		8.425
v 405.95 		98.933 		8.425
v 351.154 		164.218 		0
v 351.096 		164.1 		0
v 474.357 		32.671 		0
v 351.054 		163.976 		0
v 474.248 		32.598 		0
v 351.028 		163.847 		0
v 474.131 		32.54 		0
v 351.02 		163.716 		0
v 351.028 		163.586 		0
v 351.054 		163.457 		0
v 374.5793 		209.2454 		11.498
v 374.327 		209.058 		11.498
v 373.5636 		208.4494 		11.498
v 373.1595 		208.0903 		11.498
v 372.9408 		207.8887 		11.498
v 351.096 		163.333 		0
v 372.2848 		207.2363 		11.498
v 371.9317 		206.8414 		11.498
v 371.7539 		206.6344 		11.498
v 371.2075 		205.9422 		11.498
v 370.9326 		205.5442 		11.498
v 370.7731 		205.3015 		11.498
v 351.154 		163.215 		0
v 370.3426 		204.5775 		11.498
v 370.135 		204.1648 		11.498
v 370.0161 		203.9139 		11.498
v 369.708 		203.1717 		11.498
v 369.5673 		202.7451 		11.498
v 369.4875 		202.4802 		11.498
v 406.097 		98.86 		8.425
v 406.233 		98.769 		8.425
v 406.357 		98.661 		8.425
v 406.465 		98.538 		8.425
v 405.216 		99.702 		8.425
v 404.966 		99.652 		8.425
v 404.725 		99.57 		8.425
v 404.496 		99.457 		8.425
v 406.446 		99.457 		8.425
v 406.217 		99.57 		8.425
v 405.976 		99.652 		8.425
v 405.726 		99.702 		8.425
v 404.219 		97.776 		8.425
v 404.229 		97.939 		8.425
v 404.261 		98.1 		8.425
v 404.314 		98.255 		8.425
v 404.386 		98.402 		8.425
v 404.284 		99.315 		8.425
v 403.521 		97.768 		8.425
v 404.092 		99.147 		8.425
v 403.924 		98.955 		8.425
v 403.782 		98.743 		8.425
v 403.669 		98.514 		8.425
v 403.587 		98.273 		8.425
v 403.538 		98.023 		8.425
v 405.471 		96.523 		8.425
v 405.308 		96.534 		8.425
v 405.147 		96.566 		8.425
v 404.992 		96.619 		8.425
v 404.845 		96.691 		8.425
v 404.709 		96.782 		8.425
v 404.585 		96.89 		8.425
v 404.477 		97.013 		8.425
v 352.022 		164.719 		0
v 351.891 		164.71 		0
v 351.763 		164.685 		0
v 351.639 		164.643 		0
v 351.521 		164.585 		0
v 351.412 		164.512 		0
v 351.313 		164.425 		0
v 374.415 		196.024 		0
v 374.551 		196.115 		0
v 374.698 		196.188 		0
v 374.853 		196.24 		0
v 374.415 		196.024 		11.498
v 374.551 		196.115 		11.498
v 374.698 		196.188 		11.498
v 374.853 		196.24 		11.498
v 418.574 		116.144 		10.098
v 418.388 		116.208 		10.098
v 418.196 		116.246 		10.098
v 406.465 		97.013 		8.425
v 419.386 		114.185 		10.098
v 419.449 		114.37 		10.098
v 419.487 		114.563 		10.098
v 419.5 		114.759 		10.098
v 419.487 		114.954 		10.098
v 419.449 		115.147 		10.098
v 406.357 		96.89 		8.425
v 419.386 		115.333 		10.098
v 419.299 		115.509 		10.098
v 419.19 		115.672 		10.098
v 419.061 		115.819 		10.098
v 418.913 		115.949 		10.098
v 406.233 		96.782 		8.425
v 406.097 		96.691 		8.425
v 405.95 		96.619 		8.425
v 405.795 		96.566 		8.425
v 405.634 		96.534 		8.425
v 405.216 		95.835 		8.425
v 405.471 		95.818 		8.425
v 405.726 		95.835 		8.425
v 405.976 		95.885 		8.425
v 406.217 		95.967 		8.425
v 406.446 		96.079 		8.425
v 418.913 		113.569 		10.098
v 419.061 		113.698 		10.098
v 404.496 		96.079 		8.425
v 419.19 		113.846 		10.098
v 404.725 		95.967 		8.425
v 419.299 		114.009 		10.098
v 404.966 		95.885 		8.425
v 404.386 		97.15 		8.425
v 404.314 		97.296 		8.425
v 418.75 		116.058 		10.098
v 417.25 		116.058 		10.098
v 417.087 		115.949 		10.098
v 416.939 		115.819 		10.098
v 416.81 		115.672 		10.098
v 416.701 		115.509 		10.098
v 404.261 		97.452 		8.425
v 404.229 		97.612 		8.425
v 418.388 		113.31 		10.098
v 418.574 		113.373 		10.098
v 418.75 		113.46 		10.098
v 416.701 		114.009 		10.098
v 416.81 		113.846 		10.098
v 416.939 		113.698 		10.098
v 417.087 		113.569 		10.098
v 417.25 		113.46 		10.098
v 417.426 		113.373 		10.098
v 417.612 		113.31 		10.098
v 404.284 		96.221 		8.425
v 403.924 		96.581 		8.425
v 404.092 		96.389 		8.425
v 403.538 		97.514 		8.425
v 403.587 		97.264 		8.425
v 403.669 		97.022 		8.425
v 403.782 		96.793 		8.425
v 358.525 		35.801 		0
v 464.5228 		32.716 		0
v 457.017 		88.728 		9.537
v 456.87 		88.8 		9.537
v 456.716 		88.852 		9.537
v 457.631 		87.482 		9.537
v 457.642 		87.645 		9.537
v 457.631 		87.808 		9.537
v 457.599 		87.969 		9.537
v 457.547 		88.123 		9.537
v 457.475 		88.27 		9.537
v 457.384 		88.406 		9.537
v 457.276 		88.529 		9.537
v 457.153 		88.637 		9.537
v 345.77 		35.801 		0
v 456.555 		88.884 		9.537
v 456.392 		88.895 		9.537
v 456.229 		88.884 		9.537
v 456.069 		88.852 		9.537
v 455.914 		88.8 		9.537
v 455.767 		88.728 		9.537
v 455.631 		88.637 		9.537
v 455.508 		88.529 		9.537
v 455.4 		88.406 		9.537
v 455.31 		88.27 		9.537
v 455.237 		88.123 		9.537
v 455.185 		87.969 		9.537
v 455.153 		87.808 		9.537
v 455.142 		87.645 		9.537
v 455.153 		87.482 		9.537
v 457.547 		87.167 		9.537
v 457.599 		87.321 		9.537
v 456.716 		86.438 		9.537
v 456.87 		86.49 		9.537
v 457.017 		86.562 		9.537
v 457.153 		86.653 		9.537
v 457.276 		86.761 		9.537
v 457.384 		86.884 		9.537
v 457.475 		87.02 		9.537
v 456.392 		86.395 		9.537
v 456.555 		86.406 		9.537
v 455.767 		86.562 		9.537
v 455.914 		86.49 		9.537
v 456.069 		86.438 		9.537
v 456.229 		86.406 		9.537
v 455.31 		87.02 		9.537
v 455.4 		86.884 		9.537
v 455.508 		86.761 		9.537
v 455.631 		86.653 		9.537
v 455.185 		87.321 		9.537
v 455.237 		87.167 		9.537
v 419.414 		116.173 		7.998
v 418.196 		116.246 		7.998
v 418.388 		116.208 		7.998
v 418.574 		116.144 		7.998
v 417.426 		116.144 		7.998
v 417.612 		116.208 		7.998
v 417.804 		116.246 		7.998
v 418.913 		115.949 		7.998
v 482.75 		33.1972 		0
v 419.061 		115.819 		7.998
v 482.75 		33.2348 		0
v 482.747 		33.2914 		0
v 419.19 		115.672 		7.998
v 419.299 		115.509 		7.998
v 419.386 		115.333 		7.998
v 482.723 		32.7271 		0
v 419.449 		115.147 		7.998
v 482.7269 		32.7637 		0
v 419.487 		114.954 		7.998
v 419.487 		114.563 		7.998
v 473.038 		32.758 		0
v 472.952 		32.856 		0
v 383.5448 		232.6967 		11.499
v 382.5081 		232.1374 		11.499
v 381.8568 		231.73 		11.499
v 381.4398 		231.4565 		11.499
v 380.4477 		230.7457 		11.499
v 380.4015 		212.2577 		11.499
v 381.853 		212.7259 		11.499
v 382.4465 		212.8966 		11.499
v 381.5209 		212.6259 		11.499
v 382.4465 		212.8966 		11.498
v 381.853 		212.7259 		11.498
v 381.5209 		212.6259 		11.498
v 380.4015 		212.2577 		11.498
v 472.879 		32.965 		0
v 472.821 		33.083 		0
v 383.5448 		232.6967 		0
v 382.5081 		232.1374 		0
v 381.4398 		231.4565 		0
v 380.4477 		230.7457 		0
v 381.8568 		231.73 		0
v 379.8557 		230.2652 		11.499
v 379.4438 		229.9174 		11.499
v 378.5128 		229.0678 		11.499
v 377.929 		228.4712 		11.499
v 377.5794 		228.1012 		11.499
v 376.7119 		227.1136 		11.499
v 376.179 		226.4396 		11.499
v 375.8521 		226.011 		11.499
v 375.0561 		224.8919 		11.499
v 472.779 		33.207 		0
v 472.753 		33.336 		0
v 375.0341 		209.5715 		11.499
v 472.745 		33.466 		0
v 376.171 		210.2932 		11.499
v 376.6841 		210.5914 		11.499
v 472.753 		33.597 		0
v 375.8878 		210.1228 		11.499
v 472.779 		33.726 		0
v 472.821 		33.85 		0
v 377.6236 		211.0824 		11.499
v 472.879 		33.968 		0
v 345.77 		166.051 		0
v 472.952 		34.077 		0
v 473.038 		34.175 		0
v 377.9211 		211.2271 		11.499
v 378.4755 		211.4872 		11.499
v 379.8256 		212.0431 		11.499
v 474.673 		33.083 		0
v 474.615 		32.965 		0
v 379.5154 		211.9228 		11.499
v 474.543 		32.856 		0
v 474.456 		32.758 		0
v 347.5023 		195.969 		0
v 347.5416 		195.969 		0
v 347.772 		195.966 		0
v 474.456 		34.175 		0
v 474.543 		34.077 		0
v 347.7637 		195.9577 		0
v 379.4438 		229.9174 		0
v 474.615 		33.968 		0
v 378.5128 		229.0678 		0
v 474.673 		33.85 		0
v 377.5794 		228.1012 		0
v 376.7119 		227.1136 		0
v 474.716 		33.726 		0
v 375.8521 		226.011 		0
v 474.741 		33.597 		0
v 375.0561 		224.8919 		0
v 474.75 		33.466 		0
v 379.8557 		230.2652 		0
v 474.741 		33.336 		0
v 377.929 		228.4712 		0
v 474.716 		33.207 		0
v 376.179 		226.4396 		0
v 473.137 		34.262 		0
v 473.246 		34.335 		0
v 473.364 		34.393 		0
v 343.8597 		194.0857 		0
v 473.488 		34.435 		0
v 473.616 		34.46 		0
v 343.8989 		194.1398 		0
v 473.747 		34.469 		0
v 473.878 		34.46 		0
v 474.007 		34.435 		0
v 474.131 		34.393 		0
v 474.248 		34.335 		0
v 343.0414 		191.9077 		0
v 474.357 		34.262 		0
v 343.1137 		192.3824 		0
v 343.0474 		191.9645 		0
v 419.449 		114.37 		7.998
v 343.2335 		192.8376 		0
v 343.1223 		192.4229 		0
v 343.4003 		193.2781 		0
v 343.2466 		192.8777 		0
v 419.386 		114.185 		7.998
v 343.6123 		193.6989 		0
v 343.4177 		193.3171 		0
v 343.634 		193.7366 		0
v 419.299 		114.009 		7.998
v 419.414 		113.344 		7.998
v 419.19 		113.846 		7.998
v 419.061 		113.698 		7.998
v 418.913 		113.569 		7.998
v 351.028 		191.847 		0
v 351.02 		191.716 		0
v 351.028 		191.586 		0
v 418.75 		116.058 		7.998
v 416.81 		115.672 		7.998
v 351.227 		192.327 		0
v 351.154 		192.218 		0
v 416.939 		115.819 		7.998
v 351.096 		192.1 		0
v 351.054 		191.976 		0
v 417.087 		115.949 		7.998
v 417.25 		116.058 		7.998
v 352.022 		192.719 		0
v 351.891 		192.71 		0
v 351.763 		192.685 		0
v 351.639 		192.643 		0
v 351.521 		192.585 		0
v 351.412 		192.512 		0
v 351.313 		192.425 		0
v 416.701 		115.509 		7.998
v 418.75 		113.46 		7.998
v 418.574 		113.373 		7.998
v 418.388 		113.31 		7.998
v 417.612 		113.31 		7.998
v 417.426 		113.373 		7.998
v 417.25 		113.46 		7.998
v 417.087 		113.569 		7.998
v 416.939 		113.698 		7.998
v 416.81 		113.846 		7.998
v 416.701 		114.009 		7.998
v 420.221 		116.918 		10.937
v 420.221 		113.306 		10.937
v 421.521 		113.306 		10.937
v 482.75 		191.4849 		4.537
v 482.75 		191.4849 		0
v 482.75 		191.4472 		4.537
v 362.65 		70.059 		9.037
v 482.75 		191.4472 		0
v 362.65 		50.059 		9.037
v 482.75 		163.4472 		4.537
v 482.75 		163.4849 		4.537
v 482.747 		163.5414 		4.537
v 364.65 		70.059 		9.037
v 446.3432 		230.5166 		11.499
v 445.9117 		230.8526 		11.499
v 444.9239 		231.56 		11.499
v 364.65 		50.059 		9.037
v 444.2957 		231.953 		11.499
v 443.8657 		232.2098 		11.499
v 442.8204 		232.7737 		11.499
v 442.1407 		233.0843 		11.499
v 441.7234 		233.2635 		11.499
v 442.1432 		213.3484 		11.499
v 442.774 		213.2161 		11.499
v 441.8079 		213.4147 		11.499
v 362.8615 		32.6064 		4.537
v 362.8615 		32.6064 		0
v 363.3461 		31.5302 		0
v 363.3461 		31.5302 		4.537
v 363.8856 		30.515 		4.537
v 363.8856 		30.515 		0
v 364.4959 		29.4943 		0
v 364.4959 		29.4943 		4.537
v 363.6846 		30.8824 		4.537
v 363.6846 		30.8824 		0
v 377.6236 		211.0824 		11.498
v 376.6841 		210.5914 		11.498
v 376.171 		210.2932 		11.498
v 375.8878 		210.1228 		11.498
v 362.8172 		32.716 		0
v 375.0341 		209.5715 		11.498
v 362.8172 		32.716 		4.537
v 379.8256 		212.0431 		11.498
v 379.5154 		211.9228 		11.498
v 378.4755 		211.4872 		11.498
v 377.9211 		211.2271 		11.498
v 482.75 		163.4472 		0
v 482.75 		163.4849 		0
v 482.75 		126.4472 		4.537
v 482.75 		126.4848 		4.537
v 364.65 		50.059 		5.537
v 482.75 		126.4472 		0
v 364.65 		70.059 		5.537
v 482.75 		126.4848 		0
v 364.95 		105.059 		9.037
v 364.95 		105.059 		4.537
v 366.95 		105.059 		9.037
v 482.747 		191.217 		0
v 482.747 		191.217 		4.537
v 345.2481 		195.3528 		0
v 345.6641 		195.5678 		0
v 345.293 		195.3788 		0
v 346.0933 		195.7359 		0
v 345.7191 		195.5922 		0
v 346.5499 		195.8624 		0
v 346.1675 		195.76 		0
v 347.0119 		195.9398 		0
v 346.6237 		195.878 		0
v 347.0894 		195.948 		0
v 345.2926 		195.3785 		0
v 347.0851 		195.9476 		0
v 344.1581 		194.4592 		0
v 473.616 		192.71 		4.537
v 344.4844 		194.7894 		0
v 344.1946 		194.4996 		0
v 344.8538 		195.0929 		0
v 344.5338 		194.8339 		0
v 344.8974 		195.1246 		0
v 444.2726 		212.8358 		11.499
v 444.8786 		212.6616 		11.499
v 446.3014 		212.1851 		11.499
v 443.9481 		212.9247 		11.499
v 473.616 		190.722 		4.537
v 446.0071 		212.2904 		11.499
v 473.616 		162.722 		4.537
v 343.0308 		191.2248 		0
v 351.054 		191.457 		0
v 473.616 		164.71 		4.537
v 351.096 		191.333 		0
v 351.154 		191.215 		0
v 351.227 		191.106 		0
v 473.616 		125.722 		4.537
v 352.022 		190.714 		0
v 351.313 		191.008 		0
v 351.412 		190.921 		0
v 351.521 		190.848 		0
v 473.616 		127.71 		4.537
v 351.639 		190.79 		0
v 351.763 		190.748 		0
v 351.891 		190.722 		0
v 473.501 		124.556 		4.537
v 468.9593 		158.964 		4.537
v 469.017 		158.964 		4.537
v 469.043 		158.9644 		4.537
v 442.774 		213.2161 		11.498
v 442.1432 		213.3484 		11.498
v 441.8079 		213.4147 		11.498
v 469.2391 		158.9749 		4.537
v 468.0328 		159.0685 		4.537
v 468.0882 		159.0567 		4.537
v 468.4976 		158.9915 		4.537
v 468.5353 		158.9876 		4.537
v 468.5667 		158.9848 		4.537
v 467.5778 		159.1934 		4.537
v 467.635 		159.175 		4.537
v 469.248 		158.966 		4.537
v 446.3014 		212.1851 		11.498
v 446.0071 		212.2904 		11.498
v 444.8786 		212.6616 		11.498
v 444.2726 		212.8358 		11.498
v 443.9481 		212.9247 		11.498
v 468.7222 		195.956 		4.537
v 469.0166 		195.969 		4.537
v 468.978 		195.969 		4.537
v 468.977 		195.969 		4.537
v 469.2387 		195.9577 		4.537
v 469.247 		195.966 		4.537
v 442.124 		195.955 		11.498
v 442.773 		195.955 		11.498
v 442.285 		195.987 		11.498
v 442.448 		195.998 		11.498
v 442.612 		195.987 		11.498
v 472.753 		191.586 		4.537
v 472.745 		191.716 		4.537
v 472.753 		191.847 		4.537
v 472.779 		191.976 		4.537
v 472.821 		192.1 		4.537
v 472.879 		192.218 		4.537
v 472.952 		192.327 		4.537
v 473.038 		192.425 		4.537
v 473.137 		192.512 		4.537
v 473.246 		192.585 		4.537
v 473.364 		192.643 		4.537
v 473.488 		192.685 		4.537
v 345.77 		189.556 		0
v 347.5023 		130.969 		0
v 347.5416 		130.969 		0
v 403.2 		87.636 		5.642
v 403.179 		87.962 		5.642
v 403.179 		87.309 		5.642
v 403.179 		87.962 		4.537
v 356.523 		130.966 		0
v 347.772 		130.966 		0
v 403.179 		87.309 		4.537
v 345.2481 		130.3528 		0
v 345.6641 		130.5678 		0
v 345.293 		130.3787 		0
v 346.0933 		130.7359 		0
v 345.7191 		130.5922 		0
v 346.5499 		130.8624 		0
v 346.1675 		130.76 		0
v 398.2 		87.636 		4.537
v 347.0119 		130.9398 		0
v 346.6237 		130.878 		0
v 347.0894 		130.948 		0
v 347.7637 		130.9577 		0
v 400.7 		85.136 		4.537
v 400.679 		71.177 		4.537
v 400.7 		90.136 		4.537
v 401.754 		88.27 		9.537
v 401.663 		88.406 		9.537
v 401.555 		88.529 		9.537
v 401.432 		88.637 		9.537
v 401.91 		87.482 		9.537
v 401.921 		87.645 		9.537
v 401.91 		87.808 		9.537
v 401.878 		87.969 		9.537
v 401.826 		88.123 		9.537
v 400.834 		88.884 		9.537
v 400.671 		88.895 		9.537
v 400.508 		88.884 		9.537
v 401.296 		88.728 		9.537
v 401.149 		88.8 		9.537
v 400.995 		88.852 		9.537
v 400.347 		88.852 		9.537
v 400.193 		88.8 		9.537
v 400.046 		88.728 		9.537
v 473.038 		191.008 		4.537
v 399.91 		88.637 		9.537
v 399.787 		88.529 		9.537
v 399.679 		88.406 		9.537
v 399.588 		88.27 		9.537
v 399.516 		88.123 		9.537
v 399.464 		87.969 		9.537
v 399.432 		87.808 		9.537
v 472.952 		191.106 		4.537
v 399.421 		87.645 		9.537
v 399.432 		87.482 		9.537
v 472.879 		191.215 		4.537
v 472.821 		191.333 		4.537
v 472.779 		191.457 		4.537
v 401.826 		87.167 		9.537
v 401.878 		87.321 		9.537
v 400.508 		86.406 		9.537
v 400.671 		86.395 		9.537
v 400.834 		86.406 		9.537
v 400.995 		86.438 		9.537
v 401.149 		86.49 		9.537
v 401.296 		86.562 		9.537
v 401.432 		86.653 		9.537
v 401.555 		86.761 		9.537
v 401.663 		86.884 		9.537
v 401.754 		87.02 		9.537
v 473.488 		190.748 		4.537
v 473.364 		190.79 		4.537
v 473.246 		190.848 		4.537
v 400.046 		86.562 		9.537
v 400.193 		86.49 		9.537
v 400.347 		86.438 		9.537
v 399.464 		87.321 		9.537
v 399.516 		87.167 		9.537
v 473.137 		190.921 		4.537
v 399.588 		87.02 		9.537
v 399.679 		86.884 		9.537
v 399.787 		86.761 		9.537
v 399.91 		86.653 		9.537
v 472.745 		189.556 		4.537
v 467.245 		189.556 		4.537
v 473.488 		162.748 		4.537
v 473.364 		162.79 		4.537
v 473.246 		162.848 		4.537
v 473.137 		162.921 		4.537
v 473.038 		163.008 		4.537
v 472.952 		163.106 		4.537
v 472.879 		163.215 		4.537
v 472.821 		163.333 		4.537
v 472.779 		163.457 		4.537
v 472.753 		163.586 		4.537
v 472.745 		163.716 		4.537
v 472.753 		163.847 		4.537
v 472.779 		163.976 		4.537
v 472.821 		164.1 		4.537
v 472.879 		164.218 		4.537
v 472.952 		164.327 		4.537
v 473.038 		164.425 		4.537
v 473.137 		164.512 		4.537
v 473.246 		164.585 		4.537
v 473.364 		164.643 		4.537
v 473.488 		164.685 		4.537
v 480 		35.801 		0
v 467.245 		35.801 		0
v 345.2926 		130.3785 		0
v 347.0851 		130.9476 		0
v 467.245 		166.051 		4.537
v 469.0166 		130.969 		4.537
v 468.978 		130.969 		4.537
v 468.977 		130.969 		4.537
v 468.5629 		130.9479 		4.537
v 468.4886 		130.94 		4.537
v 468.4861 		130.9397 		4.537
v 468.0987 		130.878 		4.537
v 468.0249 		130.8624 		4.537
v 469.2387 		130.9577 		4.537
v 365.1626 		28.525 		4.537
v 365.1626 		28.525 		0
v 467.6425 		130.76 		4.537
v 344.4844 		129.7894 		0
v 467.5683 		130.7359 		4.537
v 344.1946 		129.4996 		0
v 344.8538 		130.0929 		0
v 344.5338 		129.8339 		0
v 344.8974 		130.1246 		0
v 365.8917 		27.5681 		0
v 365.8917 		27.5681 		4.537
v 366.6721 		26.6654 		4.537
v 366.6721 		26.6654 		0
v 366.3567 		27.0221 		4.537
v 357.6675 		130.8786 		0
v 366.3567 		27.0221 		0
v 358.1261 		130.7602 		0
v 357.7485 		130.8614 		0
v 358.2007 		130.7359 		0
v 473.488 		125.748 		4.537
v 473.364 		125.79 		4.537
v 473.246 		125.848 		4.537
v 473.137 		125.921 		4.537
v 473.038 		126.008 		4.537
v 472.952 		126.106 		4.537
v 472.879 		126.215 		4.537
v 356.5312 		130.9577 		0
v 472.821 		126.333 		4.537
v 357.2061 		130.9479 		0
v 357.2823 		130.9398 		0
v 472.779 		126.457 		4.537
v 472.753 		126.586 		4.537
v 472.745 		126.716 		4.537
v 472.753 		126.847 		4.537
v 361.38 		129.463 		4.537
v 361.38 		160.467 		4.537
v 375.014 		196.272 		0
v 375.177 		196.283 		0
v 375.341 		196.272 		0
v 375.501 		196.24 		0
v 375.657 		196.188 		0
v 361.38 		160.467 		0
v 361.38 		129.463 		0
v 375.803 		196.115 		0
v 443.442 		193.983 		11.498
v 375.94 		196.024 		0
v 375.014 		196.272 		11.498
v 362.057 		195.957 		4.537
v 365.3 		42.859 		4.537
v 375.177 		196.283 		11.498
v 375.341 		196.272 		11.498
v 375.501 		196.24 		11.498
v 375.657 		196.188 		11.498
v 375.803 		196.115 		11.498
v 443.442 		195.508 		11.498
v 443.533 		195.371 		11.498
v 443.606 		195.224 		11.498
v 443.658 		195.069 		11.498
v 443.69 		194.909 		11.498
v 443.701 		194.745 		11.498
v 443.69 		194.582 		11.498
v 443.658 		194.421 		11.498
v 375.94 		196.024 		11.498
v 443.606 		194.266 		11.498
v 443.533 		194.119 		11.498
v 362.057 		195.957 		0
v 362.0146 		195.956 		4.537
v 461.7996 		30.6358 		4.537
v 462.128 		31.2644 		4.537
v 462.328 		31.666 		4.537
v 457.631 		87.482 		5.642
v 462.8009 		32.716 		4.537
v 457.642 		87.645 		5.642
v 457.631 		87.808 		5.642
v 457.599 		87.969 		5.642
v 457.547 		88.123 		5.642
v 482.6428 		32.2421 		4.537
v 482.6589 		32.3177 		4.537
v 481.8701 		30.5432 		4.537
v 481.9104 		30.5989 		4.537
v 362.0146 		195.956 		0
v 457.475 		88.27 		5.642
v 482.1226 		30.9251 		4.537
v 482.1696 		31.0065 		4.537
v 482.3408 		31.3423 		4.537
v 482.3784 		31.4269 		4.537
v 482.5167 		31.7878 		4.537
v 482.5412 		31.8629 		4.537
v 362.0155 		195.9556 		4.537
v 362.143 		195.954 		4.537
v 464.5887 		32.3006 		4.537
v 464.5973 		32.2601 		4.537
v 464.7085 		31.8454 		4.537
v 464.7216 		31.805 		4.537
v 464.8727 		31.4108 		4.537
v 464.8963 		31.358 		4.537
v 465.0829 		30.9916 		4.537
v 465.114 		30.9378 		4.537
v 465.3343 		30.5979 		4.537
v 465.3739 		30.5432 		4.537
v 473.747 		32.464 		4.537
v 473.616 		32.472 		4.537
v 473.488 		32.498 		4.537
v 473.364 		32.54 		4.537
v 473.246 		32.598 		4.537
v 473.137 		32.671 		4.537
v 366.843 		45.169 		4.537
v 366.55 		45.024 		4.537
v 474.007 		32.498 		4.537
v 366.278 		44.842 		4.537
v 473.878 		32.472 		4.537
v 366.032 		44.627 		4.537
v 474.357 		32.671 		4.537
v 365.817 		44.381 		4.537
v 474.248 		32.598 		4.537
v 474.131 		32.54 		4.537
v 365.635 		44.109 		4.537
v 362.143 		195.954 		0
v 365.49 		43.816 		4.537
v 362.0155 		195.9556 		0
v 365.385 		43.506 		4.537
v 365.321 		43.185 		4.537
v 365.321 		42.533 		4.537
v 365.635 		41.609 		4.537
v 365.817 		41.337 		4.537
v 366.032 		41.091 		4.537
v 366.278 		40.876 		4.537
v 366.55 		40.694 		4.537
v 366.843 		40.549 		4.537
v 457.384 		88.406 		5.642
v 442.448 		193.493 		11.498
v 442.285 		193.503 		11.498
v 457.276 		88.529 		5.642
v 442.124 		193.535 		11.498
v 365.385 		42.212 		4.537
v 441.969 		193.588 		11.498
v 457.153 		88.637 		5.642
v 365.49 		41.902 		4.537
v 441.822 		193.66 		11.498
v 457.017 		88.728 		5.642
v 441.686 		193.751 		11.498
v 441.563 		193.859 		11.498
v 443.334 		193.859 		11.498
v 472.779 		126.976 		4.537
v 472.821 		127.1 		4.537
v 443.211 		193.751 		11.498
v 472.879 		127.218 		4.537
v 443.075 		193.66 		11.498
v 472.952 		127.327 		4.537
v 442.928 		193.588 		11.498
v 442.773 		193.535 		11.498
v 473.038 		127.425 		4.537
v 442.612 		193.503 		11.498
v 473.137 		127.512 		4.537
v 473.246 		127.585 		4.537
v 366.887 		44.049 		8.535
v 473.364 		127.643 		4.537
v 366.739 		43.92 		8.535
v 366.61 		43.772 		8.535
v 366.501 		43.609 		8.535
v 366.414 		43.433 		8.535
v 366.351 		43.247 		8.535
v 473.488 		127.685 		4.537
v 366.313 		43.055 		8.535
v 366.3 		42.859 		8.535
v 366.313 		42.663 		8.535
v 366.351 		42.471 		8.535
v 441.455 		193.983 		11.498
v 366.414 		42.285 		8.535
v 366.501 		42.109 		8.535
v 366.61 		41.946 		8.535
v 366.739 		41.798 		8.535
v 366.887 		41.669 		8.535
v 467.245 		124.556 		4.537
v 469.247 		130.966 		4.537
v 456.87 		88.8 		5.642
v 456.716 		88.852 		5.642
v 466.7231 		159.5802 		4.537
v 466.7676 		159.5545 		4.537
v 466.768 		159.5543 		4.537
v 456.392 		88.895 		5.642
v 467.1459 		159.3617 		4.537
v 467.1777 		159.3476 		4.537
v 467.1888 		159.3429 		4.537
v 456.229 		88.884 		5.642
v 456.069 		88.852 		5.642
v 455.914 		88.8 		5.642
v 455.767 		88.728 		5.642
v 456.555 		88.884 		5.642
v 455.631 		88.637 		5.642
v 455.508 		88.529 		5.642
v 455.4 		88.406 		5.642
v 455.31 		88.27 		5.642
v 455.237 		88.123 		5.642
v 455.185 		87.969 		5.642
v 455.153 		87.808 		5.642
v 455.142 		87.645 		5.642
v 455.153 		87.482 		5.642
v 464.5228 		32.716 		4.537
v 456.716 		86.438 		5.642
v 456.87 		86.49 		5.642
v 457.017 		86.562 		5.642
v 482.75 		33.1972 		4.537
v 482.75 		33.2348 		4.537
v 457.153 		86.653 		5.642
v 482.747 		33.2914 		4.537
v 482.723 		32.7271 		4.537
v 482.7269 		32.7637 		4.537
v 457.276 		86.761 		5.642
v 473.038 		32.758 		4.537
v 457.384 		86.884 		5.642
v 472.952 		32.856 		4.537
v 457.475 		87.02 		5.642
v 472.879 		32.965 		4.537
v 472.821 		33.083 		4.537
v 457.547 		87.167 		5.642
v 457.599 		87.321 		5.642
v 472.779 		33.207 		4.537
v 472.753 		33.336 		4.537
v 472.745 		33.466 		4.537
v 455.767 		86.562 		5.642
v 472.753 		33.597 		4.537
v 455.914 		86.49 		5.642
v 472.779 		33.726 		4.537
v 456.069 		86.438 		5.642
v 472.821 		33.85 		4.537
v 472.879 		33.968 		4.537
v 456.229 		86.406 		5.642
v 472.952 		34.077 		4.537
v 473.038 		34.175 		4.537
v 456.392 		86.395 		5.642
v 456.555 		86.406 		5.642
v 474.673 		33.083 		4.537
v 474.615 		32.965 		4.537
v 474.543 		32.856 		4.537
v 474.456 		32.758 		4.537
v 361.8921 		195.956 		4.537
v 361.8519 		195.956 		4.537
v 361.882 		195.957 		4.537
v 361.8619 		195.957 		4.537
v 474.456 		34.175 		4.537
v 474.543 		34.077 		4.537
v 474.615 		33.968 		4.537
v 474.673 		33.85 		4.537
v 474.716 		33.726 		4.537
v 361.8921 		195.956 		0
v 474.741 		33.597 		4.537
v 474.75 		33.466 		4.537
v 474.741 		33.336 		4.537
v 474.716 		33.207 		4.537
v 361.882 		195.957 		0
v 401.91 		87.482 		5.642
v 473.137 		34.262 		4.537
v 473.246 		34.335 		4.537
v 401.921 		87.645 		5.642
v 361.8519 		195.956 		0
v 473.364 		34.393 		4.537
v 401.91 		87.808 		5.642
v 473.488 		34.435 		4.537
v 361.8619 		195.957 		0
v 401.878 		87.969 		5.642
v 473.616 		34.46 		4.537
v 473.747 		34.469 		4.537
v 401.826 		88.123 		5.642
v 473.878 		34.46 		4.537
v 474.007 		34.435 		4.537
v 401.754 		88.27 		5.642
v 474.131 		34.393 		4.537
v 401.663 		88.406 		5.642
v 474.248 		34.335 		4.537
v 474.357 		34.262 		4.537
v 401.555 		88.529 		5.642
v 401.432 		88.637 		5.642
v 480 		35.801 		4.537
v 400.671 		88.895 		5.642
v 400.508 		88.884 		5.642
v 455.185 		87.321 		5.642
v 455.237 		87.167 		5.642
v 401.296 		88.728 		5.642
v 467.245 		35.801 		4.537
v 455.31 		87.02 		5.642
v 401.149 		88.8 		5.642
v 455.4 		86.884 		5.642
v 400.995 		88.852 		5.642
v 364.95 		176.716 		4.537
v 455.508 		86.761 		5.642
v 400.834 		88.884 		5.642
v 455.631 		86.653 		5.642
v 364.95 		195.954 		4.537
v 400.347 		88.852 		5.642
v 400.193 		88.8 		5.642
v 458.404 		89.158 		5.642
v 458.189 		89.403 		5.642
v 457.943 		89.619 		5.642
v 457.671 		89.801 		5.642
v 400.046 		88.728 		5.642
v 458.836 		88.283 		5.642
v 458.731 		88.592 		5.642
v 458.586 		88.886 		5.642
v 399.91 		88.637 		5.642
v 399.787 		88.529 		5.642
v 456.747 		90.114 		5.642
v 358.5841 		159.3443 		4.537
v 456.421 		90.136 		5.642
v 358.6231 		159.3617 		4.537
v 456.095 		90.114 		5.642
v 359.0049 		159.5563 		4.537
v 455.774 		90.05 		5.642
v 359.0419 		159.5776 		4.537
v 359.3933 		159.8057 		4.537
v 399.679 		88.406 		5.642
v 359.3952 		159.807 		4.537
v 359.4465 		159.8444 		4.537
v 359.7539 		160.0931 		4.537
v 359.813 		160.146 		4.537
v 399.588 		88.27 		5.642
v 399.516 		88.123 		5.642
v 399.464 		87.969 		5.642
v 399.432 		87.808 		5.642
v 399.421 		87.645 		5.642
v 399.432 		87.482 		5.642
v 400.508 		86.406 		5.642
v 400.671 		86.395 		5.642
v 400.834 		86.406 		5.642
v 400.995 		86.438 		5.642
v 401.149 		86.49 		5.642
v 401.296 		86.562 		5.642
v 401.432 		86.653 		5.642
v 401.555 		86.761 		5.642
v 457.378 		89.945 		5.642
v 457.068 		90.05 		5.642
v 375.177 		193.778 		11.498
v 375.014 		193.789 		11.498
v 374.853 		193.821 		11.498
v 374.698 		193.874 		11.498
v 454.899 		89.619 		5.642
v 454.653 		89.403 		5.642
v 454.438 		89.158 		5.642
v 454.256 		88.886 		5.642
v 454.111 		88.592 		5.642
v 454.006 		88.283 		5.642
v 453.942 		87.962 		5.642
v 453.921 		87.636 		5.642
v 455.464 		89.945 		5.642
v 455.171 		89.801 		5.642
v 375.657 		193.874 		11.498
v 401.663 		86.884 		5.642
v 375.501 		193.821 		11.498
v 401.754 		87.02 		5.642
v 375.341 		193.789 		11.498
v 401.826 		87.167 		5.642
v 401.878 		87.321 		5.642
v 399.464 		87.321 		5.642
v 399.516 		87.167 		5.642
v 399.588 		87.02 		5.642
v 399.679 		86.884 		5.642
v 457.943 		85.652 		5.642
v 399.787 		86.761 		5.642
v 458.189 		85.868 		5.642
v 458.404 		86.114 		5.642
v 458.586 		86.386 		5.642
v 399.91 		86.653 		5.642
v 455.774 		85.221 		5.642
v 456.095 		85.157 		5.642
v 456.421 		85.136 		5.642
v 456.747 		85.157 		5.642
v 457.068 		85.221 		5.642
v 457.378 		85.326 		5.642
v 457.671 		85.471 		5.642
v 400.046 		86.562 		5.642
v 400.193 		86.49 		5.642
v 400.347 		86.438 		5.642
v 458.731 		86.679 		5.642
v 458.836 		86.989 		5.642
v 458.921 		51.877 		4.537
v 403.01 		88.592 		5.642
v 402.865 		88.886 		5.642
v 402.683 		89.158 		5.642
v 402.468 		89.403 		5.642
v 403.115 		88.283 		5.642
v 469.0166 		65.719 		4.537
v 468.978 		65.719 		4.537
v 468.977 		65.719 		4.537
v 478.2666 		65.719 		4.537
v 478.228 		65.719 		4.537
v 478.227 		65.719 		4.537
v 399.178 		89.619 		5.642
v 398.932 		89.403 		5.642
v 398.717 		89.158 		5.642
v 398.535 		88.886 		5.642
v 398.39 		88.592 		5.642
v 481.9099 		63.8348 		4.537
v 481.8701 		63.8898 		4.537
v 481.6109 		64.2092 		4.537
v 481.5744 		64.2496 		4.537
v 481.2845 		64.5394 		4.537
v 481.2345 		64.5845 		4.537
v 480.9206 		64.8392 		4.537
v 480.8702 		64.876 		4.537
v 402.222 		89.619 		5.642
v 480.8683 		64.8773 		4.537
v 401.95 		89.801 		5.642
v 480.5169 		65.1054 		4.537
v 480.4799 		65.1267 		4.537
v 480.1049 		65.3178 		4.537
v 480.0498 		65.3422 		4.537
v 479.6757 		65.4859 		4.537
v 479.6011 		65.5102 		4.537
v 479.2219 		65.6118 		4.537
v 479.1448 		65.6282 		4.537
v 478.7561 		65.6899 		4.537
v 478.6819 		65.6978 		4.537
v 478.0063 		65.7077 		4.537
v 401.026 		90.114 		5.642
v 400.7 		90.136 		5.642
v 400.374 		90.114 		5.642
v 400.053 		90.05 		5.642
v 399.743 		89.945 		5.642
v 399.45 		89.801 		5.642
v 468.5629 		65.6979 		4.537
v 468.4886 		65.69 		4.537
v 468.4861 		65.6897 		4.537
v 468.0987 		65.628 		4.537
v 468.0249 		65.6123 		4.537
v 401.657 		89.945 		5.642
v 469.2387 		65.7077 		4.537
v 401.347 		90.05 		5.642
v 467.6425 		65.51 		4.537
v 467.5683 		65.4859 		4.537
v 467.1941 		65.3422 		4.537
v 467.139 		65.3178 		4.537
v 466.7679 		65.1287 		4.537
v 466.746 		65.116 		4.537
v 466.7134 		65.0964 		4.537
v 374.551 		193.946 		11.498
v 453.942 		87.309 		5.642
v 454.006 		86.989 		5.642
v 454.111 		86.679 		5.642
v 454.256 		86.386 		5.642
v 454.438 		86.114 		5.642
v 454.653 		85.868 		5.642
v 454.899 		85.652 		5.642
v 477.998 		65.716 		4.537
v 455.171 		85.471 		5.642
v 469.247 		65.716 		4.537
v 455.464 		85.326 		5.642
v 456.095 		90.114 		4.537
v 455.774 		90.05 		4.537
v 375.803 		193.946 		11.498
v 458.836 		88.283 		4.537
v 458.731 		88.592 		4.537
v 458.586 		88.886 		4.537
v 458.404 		89.158 		4.537
v 458.189 		89.403 		4.537
v 366.887 		44.049 		5.868
v 457.943 		89.619 		4.537
v 366.739 		43.92 		5.868
v 457.671 		89.801 		4.537
v 366.61 		43.772 		5.868
v 366.501 		43.609 		5.868
v 457.378 		89.945 		4.537
v 366.414 		43.433 		5.868
v 457.068 		90.05 		4.537
v 366.351 		43.247 		5.868
v 456.747 		90.114 		4.537
v 366.313 		43.055 		5.868
v 366.3 		42.859 		5.868
v 360.104 		160.438 		4.537
v 360.1302 		160.467 		4.537
v 455.464 		89.945 		4.537
v 366.313 		42.663 		5.868
v 398.285 		88.283 		5.642
v 398.221 		87.962 		5.642
v 398.2 		87.636 		5.642
v 366.351 		42.471 		5.868
v 402.468 		85.868 		5.642
v 402.683 		86.114 		5.642
v 402.865 		86.386 		5.642
v 455.171 		89.801 		4.537
v 366.414 		42.285 		5.868
v 366.501 		42.109 		5.868
v 441.291 		194.266 		11.498
v 366.61 		41.946 		5.868
v 454.899 		89.619 		4.537
v 366.739 		41.798 		5.868
v 441.239 		194.421 		11.498
v 454.653 		89.403 		4.537
v 366.887 		41.669 		5.868
v 441.207 		194.582 		11.498
v 441.196 		194.745 		11.498
v 454.438 		89.158 		4.537
v 441.207 		194.909 		11.498
v 441.239 		195.069 		11.498
v 454.256 		88.886 		4.537
v 441.291 		195.224 		11.498
v 454.111 		88.592 		4.537
v 366.278 		44.842 		5.868
v 366.032 		44.627 		5.868
v 365.817 		44.381 		5.868
v 365.635 		44.109 		5.868
v 454.006 		88.283 		4.537
v 441.364 		194.119 		11.498
v 366.843 		45.169 		5.868
v 453.942 		87.962 		4.537
v 366.55 		45.024 		5.868
v 441.364 		195.371 		11.498
v 441.455 		195.508 		11.498
v 441.563 		195.631 		11.498
v 441.686 		195.739 		11.498
v 441.822 		195.83 		11.498
v 455.774 		85.221 		4.537
v 441.969 		195.902 		11.498
v 456.095 		85.157 		4.537
v 442.928 		195.902 		11.498
v 443.075 		195.83 		11.498
v 456.747 		85.157 		4.537
v 443.211 		195.739 		11.498
v 443.334 		195.631 		11.498
v 457.068 		85.221 		4.537
v 457.378 		85.326 		4.537
v 457.671 		85.471 		4.537
v 403.01 		86.679 		5.642
v 403.115 		86.989 		5.642
v 457.943 		85.652 		4.537
v 458.189 		85.868 		4.537
v 398.39 		86.679 		5.642
v 398.535 		86.386 		5.642
v 398.717 		86.114 		5.642
v 398.932 		85.868 		5.642
v 399.178 		85.652 		5.642
v 467.1941 		130.5922 		4.537
v 467.139 		130.5678 		4.537
v 458.404 		86.114 		4.537
v 466.7679 		130.3787 		4.537
v 466.746 		130.366 		4.537
v 466.7134 		130.3464 		4.537
v 365.49 		43.816 		5.868
v 365.385 		43.506 		5.868
v 365.321 		43.185 		5.868
v 365.3 		42.859 		5.868
v 365.321 		42.533 		5.868
v 458.586 		86.386 		4.537
v 400.7 		85.136 		5.642
v 401.026 		85.157 		5.642
v 401.347 		85.221 		5.642
v 365.635 		41.609 		5.868
v 401.657 		85.326 		5.642
v 365.817 		41.337 		5.868
v 401.95 		85.471 		5.642
v 366.032 		41.091 		5.868
v 402.222 		85.652 		5.642
v 366.278 		40.876 		5.868
v 458.731 		86.679 		4.537
v 366.55 		40.694 		5.868
v 366.843 		40.549 		5.868
v 399.45 		85.471 		5.642
v 399.743 		85.326 		5.642
v 458.836 		86.989 		4.537
v 400.053 		85.221 		5.642
v 400.374 		85.157 		5.642
v 453.942 		87.309 		4.537
v 365.385 		42.212 		5.868
v 365.49 		41.902 		5.868
v 478.2093 		158.964 		4.537
v 478.267 		158.964 		4.537
v 478.293 		158.9644 		4.537
v 478.1716 		158.966 		4.537
v 480.0591 		159.3443 		4.537
v 480.0973 		159.3614 		4.537
v 480.0984 		159.3619 		4.537
v 480.4799 		159.5563 		4.537
v 480.5026 		159.5694 		4.537
v 480.5243 		159.5824 		4.537
v 480.869 		159.8062 		4.537
v 480.9129 		159.8382 		4.537
v 480.9251 		159.8474 		4.537
v 481.2289 		160.0931 		4.537
v 481.288 		160.146 		4.537
v 481.579 		160.438 		4.537
v 478.6887 		158.9854 		4.537
v 478.7455 		158.9914 		4.537
v 479.1553 		159.0564 		4.537
v 479.2141 		159.0691 		4.537
v 479.6087 		159.1749 		4.537
v 479.6662 		159.1934 		4.537
v 398.221 		87.309 		5.642
v 398.285 		86.989 		5.642
v 454.006 		86.989 		4.537
v 478.2666 		195.969 		4.537
v 478.228 		195.969 		4.537
v 478.227 		195.969 		4.537
v 478.0063 		195.9577 		4.537
v 477.998 		195.966 		4.537
v 481.9099 		194.0848 		4.537
v 481.8701 		194.1398 		4.537
v 482.727 		191.9182 		4.537
v 482.7229 		191.9569 		4.537
v 482.6589 		192.3653 		4.537
v 482.6435 		192.4377 		4.537
v 482.6424 		192.4424 		4.537
v 482.5412 		192.8201 		4.537
v 482.5173 		192.8935 		4.537
v 454.111 		86.679 		4.537
v 482.5167 		192.8953 		4.537
v 482.3759 		193.2618 		4.537
v 482.3443 		193.3327 		4.537
v 482.1652 		193.6841 		4.537
v 482.1273 		193.7498 		4.537
v 454.256 		86.386 		4.537
v 403.115 		88.283 		4.537
v 454.438 		86.114 		4.537
v 474.741 		191.847 		4.537
v 403.01 		88.592 		4.537
v 474.75 		191.716 		4.537
v 454.653 		85.868 		4.537
v 474.741 		191.586 		4.537
v 402.865 		88.886 		4.537
v 402.683 		89.158 		4.537
v 473.747 		192.719 		4.537
v 402.468 		89.403 		4.537
v 473.878 		192.71 		4.537
v 474.007 		192.685 		4.537
v 474.131 		192.643 		4.537
v 400.374 		90.114 		4.537
v 474.248 		192.585 		4.537
v 474.357 		192.512 		4.537
v 400.053 		90.05 		4.537
v 474.456 		192.425 		4.537
v 474.543 		192.327 		4.537
v 399.743 		89.945 		4.537
v 474.615 		192.218 		4.537
v 474.673 		192.1 		4.537
v 454.899 		85.652 		4.537
v 474.716 		191.976 		4.537
v 399.45 		89.801 		4.537
v 399.178 		89.619 		4.537
v 455.171 		85.471 		4.537
v 398.932 		89.403 		4.537
v 455.464 		85.326 		4.537
v 398.717 		89.158 		4.537
v 398.535 		88.886 		4.537
v 398.39 		88.592 		4.537
v 481.6109 		194.4592 		4.537
v 481.5744 		194.4996 		4.537
v 481.2845 		194.7894 		4.537
v 481.2345 		194.8345 		4.537
v 456.996 		69.769 		9.537
v 480.9206 		195.0892 		4.537
v 456.849 		69.841 		9.537
v 480.8702 		195.126 		4.537
v 480.8683 		195.1273 		4.537
v 480.5169 		195.3554 		4.537
v 480.4799 		195.3767 		4.537
v 480.1049 		195.5678 		4.537
v 480.0498 		195.5922 		4.537
v 479.6757 		195.7359 		4.537
v 479.6011 		195.7602 		4.537
v 366.95 		105.059 		5.537
v 479.2219 		195.8618 		4.537
v 479.1448 		195.8782 		4.537
v 478.7561 		195.9399 		4.537
v 478.6819 		195.9478 		4.537
v 360.0994 		129.4996 		4.537
v 359.8096 		129.7894 		4.537
v 359.7595 		129.8345 		4.537
v 402.222 		89.619 		4.537
v 359.4487 		130.0867 		4.537
v 359.4379 		130.0949 		4.537
v 457.578 		69.01 		9.537
v 457.526 		69.164 		9.537
v 359.394 		130.1269 		4.537
v 359.0493 		130.3506 		4.537
v 457.454 		69.311 		9.537
v 359.0276 		130.3636 		4.537
v 457.363 		69.447 		9.537
v 359.0049 		130.3767 		4.537
v 457.255 		69.57 		9.537
v 367.1 		70.059 		5.537
v 457.132 		69.678 		9.537
v 358.6299 		130.5678 		4.537
v 358.5748 		130.5922 		4.537
v 367.1 		70.059 		4.537
v 482.7382 		191.2258 		4.537
v 473.747 		190.714 		4.537
v 456.534 		69.925 		9.537
v 401.95 		89.801 		4.537
v 456.371 		69.936 		9.537
v 456.208 		69.925 		9.537
v 456.048 		69.893 		9.537
v 367.1 		50.059 		5.537
v 455.893 		69.841 		9.537
v 474.007 		190.748 		4.537
v 367.1 		50.059 		4.537
v 359.813 		160.146 		0
v 455.746 		69.769 		9.537
v 473.878 		190.722 		4.537
v 456.695 		69.893 		9.537
v 359.4465 		159.8444 		0
v 359.7539 		160.0931 		0
v 401.657 		89.945 		4.537
v 474.716 		191.457 		4.537
v 398.179 		68.677 		4.537
v 359.0419 		159.5776 		0
v 359.3933 		159.8057 		0
v 455.61 		69.678 		9.537
v 455.487 		69.57 		9.537
v 474.673 		191.333 		4.537
v 455.379 		69.447 		9.537
v 455.288 		69.311 		9.537
v 455.216 		69.164 		9.537
v 455.164 		69.01 		9.537
v 474.615 		191.215 		4.537
v 358.6231 		159.3617 		0
v 359.0049 		159.5563 		0
v 401.347 		90.05 		4.537
v 474.543 		191.106 		4.537
v 358.5841 		159.3443 		0
v 474.456 		191.008 		4.537
v 457.621 		68.686 		9.537
v 457.61 		68.849 		9.537
v 474.357 		190.921 		4.537
v 401.026 		90.114 		4.537
v 456.849 		67.531 		9.537
v 474.248 		190.848 		4.537
v 456.996 		67.603 		9.537
v 457.132 		67.694 		9.537
v 457.255 		67.802 		9.537
v 359.3952 		159.807 		0
v 457.363 		67.925 		9.537
v 457.454 		68.061 		9.537
v 457.526 		68.208 		9.537
v 457.578 		68.362 		9.537
v 457.61 		68.523 		9.537
v 474.131 		190.79 		4.537
v 456.371 		67.436 		9.537
v 456.534 		67.447 		9.537
v 456.695 		67.479 		9.537
v 455.746 		67.603 		9.537
v 455.893 		67.531 		9.537
v 456.048 		67.479 		9.537
v 456.208 		67.447 		9.537
v 398.285 		88.283 		4.537
v 455.288 		68.061 		9.537
v 455.379 		67.925 		9.537
v 455.487 		67.802 		9.537
v 455.61 		67.694 		9.537
v 455.132 		68.849 		9.537
v 455.121 		68.686 		9.537
v 455.132 		68.523 		9.537
v 455.164 		68.362 		9.537
v 398.221 		87.962 		4.537
v 455.216 		68.208 		9.537
v 480 		189.556 		4.537
v 402.468 		85.868 		4.537
v 402.683 		86.114 		4.537
v 402.865 		86.386 		4.537
v 482.75 		61.1972 		4.537
v 482.75 		61.2348 		4.537
v 482.1226 		161.1751 		4.537
v 482.1696 		161.2565 		4.537
v 482.3408 		161.5923 		4.537
v 482.3784 		161.6769 		4.537
v 482.5167 		162.0378 		4.537
v 482.5412 		162.1129 		4.537
v 482.6428 		162.4921 		4.537
v 482.6589 		162.5677 		4.537
v 482.723 		162.9771 		4.537
v 482.7269 		163.0137 		4.537
v 403.01 		86.679 		4.537
v 482.3759 		63.0118 		4.537
v 482.3443 		63.0827 		4.537
v 482.1652 		63.4341 		4.537
v 482.1273 		63.4998 		4.537
v 403.115 		86.989 		4.537
v 378.367 		19.4723 		4.537
v 379.1549 		19.2541 		4.537
v 379.5909 		19.1405 		4.537
v 380.9184 		18.8374 		4.537
v 381.7065 		18.6945 		4.537
v 382.175 		18.617 		4.537
v 383.5385 		18.433 		4.537
v 384.3018 		18.3646 		4.537
v 384.8155 		18.3263 		4.537
v 386.1834 		18.265 		4.537
v 386.945 		18.265 		4.537
v 482.727 		61.6682 		4.537
v 387.2 		18.2687 		4.537
v 482.7229 		61.7069 		4.537
v 482.6589 		62.1153 		4.537
v 482.6435 		62.1877 		4.537
v 398.39 		86.679 		4.537
v 482.6424 		62.1924 		4.537
v 482.5412 		62.5701 		4.537
v 482.5173 		62.6435 		4.537
v 482.5167 		62.6453 		4.537
v 482.7382 		60.9758 		4.537
v 398.535 		86.386 		4.537
v 473.747 		60.464 		4.537
v 473.616 		60.472 		4.537
v 473.488 		60.498 		4.537
v 367.1 		26.2149 		4.537
v 367.5225 		25.7701 		4.537
v 368.0341 		25.2862 		4.537
v 368.4093 		24.9435 		4.537
v 398.717 		86.114 		4.537
v 369.3557 		24.137 		4.537
v 473.364 		60.54 		4.537
v 369.9207 		23.7035 		4.537
v 370.3338 		23.3972 		4.537
v 371.384 		22.6725 		4.537
v 372.0119 		22.2838 		4.537
v 372.4391 		22.029 		4.537
v 373.5726 		21.4016 		4.537
v 374.2767 		21.0554 		4.537
v 374.7038 		20.8536 		4.537
v 375.9008 		20.3337 		4.537
v 376.671 		20.0415 		4.537
v 377.0956 		19.8879 		4.537
v 473.246 		60.598 		4.537
v 398.932 		85.868 		4.537
v 473.137 		60.671 		4.537
v 473.038 		60.758 		4.537
v 399.178 		85.652 		4.537
v 378.367 		19.4723 		0
v 379.5909 		19.1405 		0
v 380.9184 		18.8374 		0
v 399.45 		85.471 		4.537
v 382.175 		18.617 		0
v 383.5385 		18.433 		0
v 474.456 		60.758 		4.537
v 384.8155 		18.3263 		0
v 386.1834 		18.265 		0
v 474.357 		60.671 		4.537
v 399.743 		85.326 		4.537
v 379.1549 		19.2541 		0
v 474.248 		60.598 		4.537
v 381.7065 		18.6945 		0
v 474.131 		60.54 		4.537
v 400.053 		85.221 		4.537
v 474.007 		60.498 		4.537
v 384.3018 		18.3646 		0
v 473.878 		60.472 		4.537
v 386.945 		18.265 		0
v 400.374 		85.157 		4.537
v 472.952 		60.856 		4.537
v 472.879 		60.965 		4.537
v 472.821 		61.083 		4.537
v 472.779 		61.207 		4.537
v 401.026 		85.157 		4.537
v 472.753 		61.336 		4.537
v 472.745 		61.466 		4.537
v 401.347 		85.221 		4.537
v 472.753 		61.597 		4.537
v 472.779 		61.726 		4.537
v 401.657 		85.326 		4.537
v 367.5225 		25.7701 		0
v 472.821 		61.85 		4.537
v 401.95 		85.471 		4.537
v 368.4093 		24.9435 		0
v 472.879 		61.968 		4.537
v 369.3557 		24.137 		0
v 402.222 		85.652 		4.537
v 370.3338 		23.3972 		0
v 472.952 		62.077 		4.537
v 371.384 		22.6725 		0
v 473.038 		62.175 		4.537
v 372.4391 		22.029 		0
v 373.5726 		21.4016 		0
v 473.137 		62.262 		4.537
v 374.7038 		20.8536 		0
v 375.9008 		20.3337 		0
v 473.246 		62.335 		4.537
v 398.221 		87.309 		4.537
v 377.0956 		19.8879 		0
v 473.364 		62.393 		4.537
v 473.488 		62.435 		4.537
v 398.285 		86.989 		4.537
v 368.0341 		25.2862 		0
v 473.616 		62.46 		4.537
v 369.9207 		23.7035 		0
v 473.747 		62.469 		4.537
v 372.0119 		22.2838 		0
v 473.878 		62.46 		4.537
v 474.007 		62.435 		4.537
v 374.2767 		21.0554 		0
v 376.671 		20.0415 		0
v 400.813 		69.925 		9.537
v 474.716 		61.726 		4.537
v 400.65 		69.936 		9.537
v 400.487 		69.925 		9.537
v 401.857 		69.01 		9.537
v 474.741 		61.597 		4.537
v 401.805 		69.164 		9.537
v 401.733 		69.311 		9.537
v 401.642 		69.447 		9.537
v 401.534 		69.57 		9.537
v 401.411 		69.678 		9.537
v 401.275 		69.769 		9.537
v 401.128 		69.841 		9.537
v 400.974 		69.893 		9.537
v 474.75 		61.466 		4.537
v 474.741 		61.336 		4.537
v 474.716 		61.207 		4.537
v 400.327 		69.893 		9.537
v 400.172 		69.841 		9.537
v 400.025 		69.769 		9.537
v 399.889 		69.678 		9.537
v 399.766 		69.57 		9.537
v 399.658 		69.447 		9.537
v 399.568 		69.311 		9.537
v 399.495 		69.164 		9.537
v 399.443 		69.01 		9.537
v 474.673 		61.083 		4.537
v 474.615 		60.965 		4.537
v 474.543 		60.856 		4.537
v 401.9 		68.686 		9.537
v 401.889 		68.849 		9.537
v 401.733 		68.061 		9.537
v 401.805 		68.208 		9.537
v 401.857 		68.362 		9.537
v 401.889 		68.523 		9.537
v 474.131 		62.393 		4.537
v 474.248 		62.335 		4.537
v 401.275 		67.603 		9.537
v 401.411 		67.694 		9.537
v 401.534 		67.802 		9.537
v 401.642 		67.925 		9.537
v 474.357 		62.262 		4.537
v 400.487 		67.447 		9.537
v 400.65 		67.436 		9.537
v 400.813 		67.447 		9.537
v 400.974 		67.479 		9.537
v 474.456 		62.175 		4.537
v 401.128 		67.531 		9.537
v 474.543 		62.077 		4.537
v 474.615 		61.968 		4.537
v 474.673 		61.85 		4.537
v 400.172 		67.531 		9.537
v 400.327 		67.479 		9.537
v 399.411 		68.849 		9.537
v 399.4 		68.686 		9.537
v 399.411 		68.523 		9.537
v 399.443 		68.362 		9.537
v 399.495 		68.208 		9.537
v 399.568 		68.061 		9.537
v 399.658 		67.925 		9.537
v 399.766 		67.802 		9.537
v 399.889 		67.694 		9.537
v 400.025 		67.603 		9.537
v 482.747 		60.967 		4.537
v 381.874 		33.768 		4.537
v 381.75 		33.876 		4.537
v 381.642 		34 		4.537
v 381.551 		34.136 		4.537
v 382.636 		33.509 		4.537
v 382.473 		33.52 		4.537
v 382.312 		33.552 		4.537
v 382.157 		33.605 		4.537
v 472.745 		59.306 		4.537
v 480 		59.306 		4.537
v 382.01 		33.677 		4.537
v 383.721 		34.136 		4.537
v 467.245 		59.306 		4.537
v 383.63 		34 		4.537
v 383.522 		33.876 		4.537
v 383.398 		33.768 		4.537
v 383.262 		33.677 		4.537
v 383.115 		33.605 		4.537
v 382.96 		33.552 		4.537
v 382.799 		33.52 		4.537
v 381.479 		34.283 		4.537
v 381.426 		34.438 		4.537
v 381.394 		34.598 		4.537
v 381.384 		34.762 		4.537
v 381.394 		34.925 		4.537
v 381.426 		35.086 		4.537
v 381.479 		35.241 		4.537
v 381.551 		35.388 		4.537
v 381.642 		35.524 		4.537
v 381.75 		35.648 		4.537
v 381.874 		35.756 		4.537
v 382.01 		35.847 		4.537
v 382.157 		35.919 		4.537
v 382.312 		35.972 		4.537
v 382.473 		36.004 		4.537
v 382.636 		36.014 		4.537
v 382.799 		36.004 		4.537
v 382.96 		35.972 		4.537
v 383.115 		35.919 		4.537
v 383.262 		35.847 		4.537
v 383.398 		35.756 		4.537
v 383.522 		35.648 		4.537
v 383.63 		35.524 		4.537
v 383.721 		35.388 		4.537
v 383.793 		35.241 		4.537
v 383.846 		35.086 		4.537
v 383.878 		34.925 		4.537
v 383.889 		34.762 		4.537
v 383.878 		34.598 		4.537
v 383.846 		34.438 		4.537
v 383.793 		34.283 		4.537
v 367.8 		40.359 		4.537
v 381.874 		33.768 		0
v 381.75 		33.876 		0
v 381.642 		34 		0
v 381.551 		34.136 		0
v 382.473 		33.52 		0
v 382.636 		33.509 		0
v 382.312 		33.552 		0
v 382.157 		33.605 		0
v 382.01 		33.677 		0
v 383.721 		34.136 		0
v 383.63 		34 		0
v 383.522 		33.876 		0
v 383.398 		33.768 		0
v 383.262 		33.677 		0
v 383.115 		33.605 		0
v 382.96 		33.552 		0
v 382.799 		33.52 		0
v 381.479 		34.283 		0
v 381.426 		34.438 		0
v 381.394 		34.598 		0
v 381.384 		34.762 		0
v 381.394 		34.925 		0
v 381.426 		35.086 		0
v 381.479 		35.241 		0
v 381.551 		35.388 		0
v 381.642 		35.524 		0
v 381.75 		35.648 		0
v 381.874 		35.756 		0
v 360.104 		160.438 		0
v 360.1302 		160.467 		0
v 374.415 		194.037 		11.498
v 382.01 		35.847 		0
v 374.292 		194.145 		11.498
v 382.157 		35.919 		0
v 382.312 		35.972 		0
v 374.184 		194.268 		11.498
v 382.473 		36.004 		0
v 374.093 		194.404 		11.498
v 382.636 		36.014 		0
v 473.616 		192.71 		0
v 382.799 		36.004 		0
v 374.02 		194.551 		11.498
v 382.96 		35.972 		0
v 373.967 		194.707 		11.498
v 383.115 		35.919 		0
v 383.262 		35.847 		0
v 383.398 		35.756 		0
v 383.522 		35.648 		0
v 383.63 		35.524 		0
v 383.721 		35.388 		0
v 383.793 		35.241 		0
v 383.846 		35.086 		0
v 383.878 		34.925 		0
v 383.889 		34.762 		0
v 383.878 		34.598 		0
v 383.846 		34.438 		0
v 383.793 		34.283 		0
v 473.616 		190.722 		0
v 473.616 		162.722 		0
v 473.616 		164.71 		0
v 473.501 		166.051 		0
v 473.616 		125.722 		0
v 473.616 		127.71 		0
v 457.578 		69.01 		5.642
v 457.526 		69.164 		5.642
v 457.454 		69.311 		5.642
v 457.363 		69.447 		5.642
v 457.255 		69.57 		5.642
v 457.132 		69.678 		5.642
v 456.996 		69.769 		5.642
v 456.849 		69.841 		5.642
v 456.371 		69.936 		5.642
v 456.208 		69.925 		5.642
v 456.048 		69.893 		5.642
v 455.893 		69.841 		5.642
v 455.746 		69.769 		5.642
v 456.695 		69.893 		5.642
v 456.534 		69.925 		5.642
v 455.61 		69.678 		5.642
v 455.487 		69.57 		5.642
v 455.379 		69.447 		5.642
v 455.288 		69.311 		5.642
v 473.501 		124.556 		0
v 455.216 		69.164 		5.642
v 455.164 		69.01 		5.642
v 468.9593 		158.964 		0
v 469.043 		158.9644 		0
v 456.849 		67.531 		5.642
v 469.017 		158.964 		0
v 456.996 		67.603 		5.642
v 457.132 		67.694 		5.642
v 469.248 		158.966 		0
v 457.255 		67.802 		5.642
v 468.0328 		159.0685 		0
v 457.363 		67.925 		5.642
v 468.0882 		159.0567 		0
v 468.4976 		158.9915 		0
v 468.5667 		158.9848 		0
v 457.454 		68.061 		5.642
v 469.2391 		158.9749 		0
v 457.526 		68.208 		5.642
v 468.5353 		158.9876 		0
v 457.578 		68.362 		5.642
v 457.61 		68.523 		5.642
v 457.621 		68.686 		5.642
v 457.61 		68.849 		5.642
v 467.5778 		159.1934 		0
v 467.635 		159.175 		0
v 400.65 		69.936 		5.642
v 400.487 		69.925 		5.642
v 401.857 		69.01 		5.642
v 401.805 		69.164 		5.642
v 401.733 		69.311 		5.642
v 468.7222 		195.956 		0
v 464.233 		63.713 		4.537
v 401.642 		69.447 		5.642
v 401.534 		69.57 		5.642
v 465.3347 		63.8357 		4.537
v 465.2554 		63.713 		4.537
v 401.411 		69.678 		5.642
v 469.0166 		195.969 		0
v 401.275 		69.769 		5.642
v 468.977 		195.969 		0
v 401.128 		69.841 		5.642
v 468.978 		195.969 		0
v 400.974 		69.893 		5.642
v 358.5748 		130.5922 		0
v 466.3724 		64.8746 		4.537
v 466.3288 		64.8429 		4.537
v 400.813 		69.925 		5.642
v 466.0088 		64.5839 		4.537
v 359.0049 		130.3767 		0
v 465.9594 		64.5394 		4.537
v 358.6299 		130.5678 		0
v 465.6696 		64.2496 		4.537
v 465.6334 		64.2096 		4.537
v 465.6329 		64.209 		4.537
v 465.3739 		63.8898 		4.537
v 359.394 		130.1269 		0
v 359.0493 		130.3506 		0
v 359.7595 		129.8345 		0
v 359.4487 		130.0867 		0
v 360.0994 		129.4996 		0
v 400.327 		69.893 		5.642
v 359.8096 		129.7894 		0
v 359.0276 		130.3636 		0
v 400.172 		69.841 		5.642
v 359.4379 		130.0949 		0
v 400.025 		69.769 		5.642
v 399.889 		69.678 		5.642
v 469.247 		195.966 		0
v 399.766 		69.57 		5.642
v 469.2387 		195.9577 		0
v 399.658 		69.447 		5.642
v 399.568 		69.311 		5.642
v 399.495 		69.164 		5.642
v 399.443 		69.01 		5.642
v 373.935 		194.867 		11.498
v 401.733 		68.061 		5.642
v 373.925 		195.031 		11.498
v 401.805 		68.208 		5.642
v 401.857 		68.362 		5.642
v 373.935 		195.194 		11.498
v 401.889 		68.523 		5.642
v 373.967 		195.355 		11.498
v 401.9 		68.686 		5.642
v 374.02 		195.51 		11.498
v 401.889 		68.849 		5.642
v 374.093 		195.657 		11.498
v 374.184 		195.793 		11.498
v 400.487 		67.447 		5.642
v 374.292 		195.916 		11.498
v 400.65 		67.436 		5.642
v 400.813 		67.447 		5.642
v 400.974 		67.479 		5.642
v 455.746 		67.603 		5.642
v 376.419 		194.867 		11.498
v 401.128 		67.531 		5.642
v 455.893 		67.531 		5.642
v 376.387 		194.707 		11.498
v 401.275 		67.603 		5.642
v 456.048 		67.479 		5.642
v 376.334 		194.551 		11.498
v 401.411 		67.694 		5.642
v 456.208 		67.447 		5.642
v 376.262 		194.404 		11.498
v 401.534 		67.802 		5.642
v 456.371 		67.436 		5.642
v 376.171 		194.268 		11.498
v 401.642 		67.925 		5.642
v 456.534 		67.447 		5.642
v 446.3685 		165.251 		11.498
v 446.37 		165.253 		11.498
v 456.695 		67.479 		5.642
v 376.063 		194.145 		11.498
v 375.94 		194.037 		11.498
v 399.411 		68.849 		5.642
v 455.132 		68.849 		5.642
v 472.753 		191.586 		0
v 399.4 		68.686 		5.642
v 455.121 		68.686 		5.642
v 472.745 		191.716 		0
v 376.063 		195.916 		11.498
v 399.411 		68.523 		5.642
v 455.132 		68.523 		5.642
v 472.753 		191.847 		0
v 376.171 		195.793 		11.498
v 399.443 		68.362 		5.642
v 455.164 		68.362 		5.642
v 446.3685 		165.251 		4.537
v 376.262 		195.657 		11.498
v 472.779 		191.976 		0
v 446.37 		165.253 		4.537
v 455.216 		68.208 		5.642
v 472.821 		192.1 		0
v 376.334 		195.51 		11.498
v 455.288 		68.061 		5.642
v 360.1324 		129.463 		4.537
v 472.879 		192.218 		0
v 376.387 		195.355 		11.498
v 472.952 		192.327 		0
v 473.038 		192.425 		0
v 376.419 		195.194 		11.498
v 399.495 		68.208 		5.642
v 473.137 		192.512 		0
v 376.43 		195.031 		11.498
v 473.246 		192.585 		0
v 399.568 		68.061 		5.642
v 473.364 		192.643 		0
v 473.488 		192.685 		0
v 399.658 		67.925 		5.642
v 399.766 		67.802 		5.642
v 399.889 		67.694 		5.642
v 400.025 		67.603 		5.642
v 400.172 		67.531 		5.642
v 360.1324 		129.463 		0
v 400.327 		67.479 		5.642
v 401.005 		71.155 		5.642
v 400.679 		71.177 		5.642
v 400.353 		71.155 		5.642
v 400.032 		71.091 		5.642
v 401.326 		71.091 		5.642
v 402.447 		66.909 		5.642
v 402.662 		67.155 		5.642
v 402.844 		67.427 		5.642
v 403.179 		68.677 		5.642
v 403.158 		69.003 		5.642
v 403.094 		69.324 		5.642
v 402.989 		69.633 		5.642
v 402.844 		69.927 		5.642
v 402.662 		70.199 		5.642
v 402.447 		70.444 		5.642
v 402.989 		67.72 		5.642
v 403.094 		68.03 		5.642
v 403.158 		68.35 		5.642
v 451.6663 		224.5572 		11.499
v 451.339 		225.0507 		11.499
v 450.5455 		226.166 		11.499
v 399.157 		70.66 		5.642
v 450.5201 		210.1874 		11.499
v 398.911 		70.444 		5.642
v 398.696 		70.199 		5.642
v 398.514 		69.927 		5.642
v 398.369 		69.633 		5.642
v 398.369 		67.72 		5.642
v 398.514 		67.427 		5.642
v 398.696 		67.155 		5.642
v 451.6357 		209.4559 		11.499
v 343.02 		126.5037 		4.537
v 343.02 		126.4284 		4.537
v 451.3958 		209.6219 		11.499
v 344.1581 		129.4592 		4.537
v 343.8989 		129.1398 		4.537
v 343.8597 		129.0857 		4.537
v 343.634 		128.7366 		4.537
v 343.6123 		128.6989 		4.537
v 458.921 		51.877 		5.642
v 458.9 		52.203 		5.642
v 458.9 		51.55 		5.642
v 458.9 		51.55 		4.537
v 451.6357 		209.4559 		11.498
v 451.3958 		209.6219 		11.498
v 450.5201 		210.1874 		11.498
v 458.9 		52.203 		4.537
v 453.921 		51.877 		4.537
v 456.4 		66.177 		4.537
v 455.331 		63.713 		4.537
v 402.201 		70.66 		5.642
v 401.929 		70.842 		5.642
v 456.421 		54.377 		4.537
v 401.636 		70.986 		5.642
v 399.722 		70.986 		5.642
v 399.429 		70.842 		5.642
v 456.555 		53.125 		9.537
v 456.392 		53.136 		9.537
v 456.229 		53.125 		9.537
v 456.069 		53.093 		9.537
v 455.914 		53.041 		9.537
v 455.767 		52.969 		9.537
v 457.384 		52.647 		9.537
v 343.4177 		128.3171 		4.537
v 343.4003 		128.2781 		4.537
v 343.2466 		127.8777 		4.537
v 343.2335 		127.8376 		4.537
v 457.276 		52.77 		9.537
v 343.1223 		127.4229 		4.537
v 457.153 		52.878 		9.537
v 343.1137 		127.3824 		4.537
v 457.017 		52.969 		9.537
v 343.0474 		126.9645 		4.537
v 456.87 		53.041 		9.537
v 343.0414 		126.9077 		4.537
v 456.716 		53.093 		9.537
v 343.0308 		126.2248 		4.537
v 455.631 		52.878 		9.537
v 455.508 		52.77 		9.537
v 455.4 		52.647 		9.537
v 351.096 		126.333 		4.537
v 351.154 		126.215 		4.537
v 457.642 		51.886 		9.537
v 457.631 		52.049 		9.537
v 457.599 		52.21 		9.537
v 457.547 		52.364 		9.537
v 457.475 		52.511 		9.537
v 351.227 		126.106 		4.537
v 457.631 		51.723 		9.537
v 457.475 		51.261 		9.537
v 457.547 		51.408 		9.537
v 457.599 		51.562 		9.537
v 456.716 		50.679 		9.537
v 456.87 		50.731 		9.537
v 457.017 		50.803 		9.537
v 457.153 		50.894 		9.537
v 455.379 		67.925 		5.642
v 457.276 		51.002 		9.537
v 457.384 		51.125 		9.537
v 455.487 		67.802 		5.642
v 456.392 		50.636 		9.537
v 456.555 		50.647 		9.537
v 455.61 		67.694 		5.642
v 455.767 		50.803 		9.537
v 455.914 		50.731 		9.537
v 456.069 		50.679 		9.537
v 456.229 		50.647 		9.537
v 456.726 		71.155 		5.642
v 455.31 		51.261 		9.537
v 456.4 		71.177 		5.642
v 455.4 		51.125 		9.537
v 456.074 		71.155 		5.642
v 455.508 		51.002 		9.537
v 455.753 		71.091 		5.642
v 455.631 		50.894 		9.537
v 457.047 		71.091 		5.642
v 455.31 		52.511 		9.537
v 455.237 		52.364 		9.537
v 455.185 		52.21 		9.537
v 455.153 		52.049 		9.537
v 455.142 		51.886 		9.537
v 455.153 		51.723 		9.537
v 455.185 		51.562 		9.537
v 455.237 		51.408 		9.537
v 458.383 		67.155 		5.642
v 458.565 		67.427 		5.642
v 450.6217 		166.4135 		11.498
v 450.9006 		166.5766 		11.498
v 451.4709 		166.9583 		11.498
v 451.6162 		167.0641 		11.498
v 450.9006 		166.5766 		4.537
v 451.4709 		166.9583 		4.537
v 451.6162 		167.0641 		4.537
v 450.6217 		166.4135 		4.537
v 458.9 		68.677 		5.642
v 458.879 		69.003 		5.642
v 458.815 		69.324 		5.642
v 458.71 		69.633 		5.642
v 458.565 		69.927 		5.642
v 458.383 		70.199 		5.642
v 458.168 		70.444 		5.642
v 457.922 		70.66 		5.642
v 457.65 		70.842 		5.642
v 458.71 		67.72 		5.642
v 458.815 		68.03 		5.642
v 458.879 		68.35 		5.642
v 352.153 		125.722 		4.537
v 352.022 		125.714 		4.537
v 457.357 		70.986 		5.642
v 351.313 		126.008 		4.537
v 351.412 		125.921 		4.537
v 351.521 		125.848 		4.537
v 351.639 		125.79 		4.537
v 351.763 		125.748 		4.537
v 351.891 		125.722 		4.537
v 352.282 		125.748 		4.537
v 352.406 		125.79 		4.537
v 352.523 		125.848 		4.537
v 352.632 		125.921 		4.537
v 352.731 		126.008 		4.537
v 352.818 		126.106 		4.537
v 352.89 		126.215 		4.537
v 352.948 		126.333 		4.537
v 351.227 		127.327 		4.537
v 351.154 		127.218 		4.537
v 351.096 		127.1 		4.537
v 469.6744 		194.206 		0
v 351.054 		126.976 		4.537
v 351.028 		126.847 		4.537
v 351.02 		126.716 		4.537
v 351.028 		126.586 		4.537
v 351.054 		126.457 		4.537
v 352.153 		127.71 		4.537
v 352.022 		127.719 		4.537
v 351.891 		127.71 		4.537
v 351.763 		127.685 		4.537
v 457.379 		202.2142 		11.499
v 457.337 		202.2732 		11.499
v 455.418 		205.7729 		11.499
v 455.6908 		205.3774 		11.499
v 456.2465 		204.417 		11.499
v 456.4596 		203.994 		11.499
v 456.8606 		202.9896 		11.499
v 457.0005 		202.5648 		11.499
v 456.1122 		204.6687 		11.499
v 456.7627 		203.264 		11.499
v 351.639 		127.643 		4.537
v 351.521 		127.585 		4.537
v 351.412 		127.512 		4.537
v 457.357 		66.367 		5.642
v 457.65 		66.512 		5.642
v 457.922 		66.693 		5.642
v 458.168 		66.909 		5.642
v 351.313 		127.425 		4.537
v 455.753 		66.262 		5.642
v 456.074 		66.198 		5.642
v 456.4 		66.177 		5.642
v 456.726 		66.198 		5.642
v 457.047 		66.262 		5.642
v 457.373 		203.2397 		11.499
v 457.373 		204.2051 		11.499
v 457.3659 		204.7758 		11.499
v 457.3041 		206.4368 		11.499
v 457.2343 		207.372 		11.499
v 457.1814 		207.9776 		11.499
v 352.991 		126.457 		4.537
v 456.9958 		209.6225 		11.499
v 456.8623 		210.5053 		11.499
v 456.7618 		211.1171 		11.499
v 456.4541 		212.7316 		11.499
v 456.2504 		213.6121 		11.499
v 353.016 		126.586 		4.537
v 353.025 		126.716 		4.537
v 454.878 		70.66 		5.642
v 454.632 		70.444 		5.642
v 454.417 		70.199 		5.642
v 454.235 		69.927 		5.642
v 353.016 		126.847 		4.537
v 454.09 		69.633 		5.642
v 453.985 		69.324 		5.642
v 453.921 		69.003 		5.642
v 453.9 		68.677 		5.642
v 453.921 		68.35 		5.642
v 453.985 		68.03 		5.642
v 454.09 		67.72 		5.642
v 454.235 		67.427 		5.642
v 454.417 		67.155 		5.642
v 352.991 		126.976 		4.537
v 456.1112 		214.1805 		11.499
v 455.6859 		215.7381 		11.499
v 455.4175 		216.5858 		11.499
v 352.948 		127.1 		4.537
v 352.89 		127.218 		4.537
v 457.376 		199.6438 		11.499
v 352.818 		127.327 		4.537
v 352.731 		127.425 		4.537
v 352.632 		127.512 		4.537
v 457.3394 		199.1958 		11.499
v 457.379 		199.1702 		11.499
v 352.523 		127.585 		4.537
v 455.443 		70.986 		5.642
v 457.376 		200.0478 		11.499
v 455.15 		70.842 		5.642
v 352.406 		127.643 		4.537
v 457.3675 		200.3599 		11.499
v 352.282 		127.685 		4.537
v 457.3057 		201.1166 		11.499
v 351.02 		124.556 		4.537
v 457.2394 		201.5228 		11.499
v 358.525 		124.556 		4.537
v 457.1829 		201.8196 		11.499
v 345.77 		124.556 		4.537
v 343.022 		126.216 		4.537
v 454.632 		66.909 		5.642
v 454.878 		66.693 		5.642
v 455.15 		66.512 		5.642
v 455.443 		66.367 		5.642
v 456.074 		71.155 		4.537
v 473.038 		191.008 		0
v 472.952 		191.106 		0
v 472.879 		191.215 		0
v 472.821 		191.333 		0
v 472.779 		191.457 		0
v 473.488 		190.748 		0
v 473.364 		190.79 		0
v 473.246 		190.848 		0
v 456.7591 		211.1588 		11.498
v 456.6844 		211.5234 		11.498
v 456.7618 		211.1171 		11.498
v 455.753 		71.091 		4.537
v 457.047 		71.091 		4.537
v 456.726 		71.155 		4.537
v 458.383 		67.155 		4.537
v 458.565 		67.427 		4.537
v 458.71 		67.72 		4.537
v 458.815 		68.03 		4.537
v 364.95 		125.059 		4.537
v 343.02 		126.4284 		0
v 458.879 		68.35 		4.537
v 343.02 		126.5037 		0
v 458.879 		69.003 		4.537
v 458.815 		69.324 		4.537
v 458.71 		69.633 		4.537
v 458.565 		69.927 		4.537
v 458.383 		70.199 		4.537
v 458.168 		70.444 		4.537
v 343.022 		126.216 		0
v 457.922 		70.66 		4.537
v 343.6123 		128.6989 		0
v 343.8597 		129.0857 		0
v 343.634 		128.7366 		0
v 457.65 		70.842 		4.537
v 344.1581 		129.4592 		0
v 343.8989 		129.1398 		0
v 457.357 		70.986 		4.537
v 455.753 		66.262 		4.537
v 343.0308 		126.2248 		0
v 456.074 		66.198 		4.537
v 343.0414 		126.9077 		0
v 343.1137 		127.3824 		0
v 343.0474 		126.9645 		0
v 473.137 		190.921 		0
v 343.2335 		127.8376 		0
v 343.1223 		127.4229 		0
v 343.4003 		128.2781 		0
v 456.726 		66.198 		4.537
v 343.2466 		127.8777 		0
v 343.4177 		128.3171 		0
v 457.047 		66.262 		4.537
v 457.357 		66.367 		4.537
v 457.65 		66.512 		4.537
v 457.922 		66.693 		4.537
v 458.168 		66.909 		4.537
v 455.443 		70.986 		4.537
v 351.096 		126.333 		0
v 351.154 		126.215 		0
v 351.227 		126.106 		0
v 455.15 		70.842 		4.537
v 352.022 		125.714 		0
v 352.153 		125.722 		0
v 454.878 		70.66 		4.537
v 351.313 		126.008 		0
v 351.412 		125.921 		0
v 454.632 		70.444 		4.537
v 351.521 		125.848 		0
v 351.639 		125.79 		0
v 454.417 		70.199 		4.537
v 351.763 		125.748 		0
v 351.891 		125.722 		0
v 454.235 		69.927 		4.537
v 352.282 		125.748 		0
v 454.09 		69.633 		4.537
v 352.406 		125.79 		0
v 453.985 		69.324 		4.537
v 453.921 		69.003 		4.537
v 453.921 		68.35 		4.537
v 453.985 		68.03 		4.537
v 454.09 		67.72 		4.537
v 454.235 		67.427 		4.537
v 454.417 		67.155 		4.537
v 398.2 		68.35 		5.642
v 398.264 		68.03 		5.642
v 398.264 		69.324 		5.642
v 454.632 		66.909 		4.537
v 398.2 		69.003 		5.642
v 398.179 		68.677 		5.642
v 398.911 		66.909 		5.642
v 399.157 		66.693 		5.642
v 454.878 		66.693 		4.537
v 456.8471 		210.5981 		11.498
v 456.847 		210.599 		11.498
v 456.8172 		210.7995 		11.498
v 400.679 		66.177 		5.642
v 401.005 		66.198 		5.642
v 401.326 		66.262 		5.642
v 401.636 		66.367 		5.642
v 401.929 		66.512 		5.642
v 402.201 		66.693 		5.642
v 455.15 		66.512 		4.537
v 399.429 		66.512 		5.642
v 399.722 		66.367 		5.642
v 400.032 		66.262 		5.642
v 400.353 		66.198 		5.642
v 400.353 		71.155 		4.537
v 455.443 		66.367 		4.537
v 352.523 		125.848 		0
v 352.632 		125.921 		0
v 352.731 		126.008 		0
v 352.818 		126.106 		0
v 352.89 		126.215 		0
v 421.521 		100.13 		10.937
v 352.948 		126.333 		0
v 421.521 		95.218 		10.937
v 367.05 		44.158 		8.535
v 351.227 		127.327 		0
v 351.154 		127.218 		0
v 367.05 		41.56 		8.535
v 351.096 		127.1 		0
v 351.054 		126.976 		0
v 351.028 		126.847 		0
v 351.02 		126.716 		0
v 351.028 		126.586 		0
v 351.054 		126.457 		0
v 352.153 		127.71 		0
v 352.022 		127.719 		0
v 351.891 		127.71 		0
v 351.763 		127.685 		0
v 351.639 		127.643 		0
v 351.521 		127.585 		0
v 351.412 		127.512 		0
v 351.313 		127.425 		0
v 367.05 		44.158 		5.868
v 352.991 		126.457 		0
v 353.016 		126.586 		0
v 353.025 		126.716 		0
v 367.05 		41.56 		5.868
v 353.016 		126.847 		0
v 352.991 		126.976 		0
v 352.948 		127.1 		0
v 352.89 		127.218 		0
v 352.818 		127.327 		0
v 352.731 		127.425 		0
v 352.632 		127.512 		0
v 352.523 		127.585 		0
v 352.406 		127.643 		0
v 352.282 		127.685 		0
v 400.032 		71.091 		4.537
v 401.326 		71.091 		4.537
v 401.005 		71.155 		4.537
v 402.447 		66.909 		4.537
v 402.662 		67.155 		4.537
v 402.844 		67.427 		4.537
v 402.989 		67.72 		4.537
v 403.094 		68.03 		4.537
v 403.158 		68.35 		4.537
v 403.158 		69.003 		4.537
v 403.094 		69.324 		4.537
v 472.745 		189.556 		0
v 402.989 		69.633 		4.537
v 402.844 		69.927 		4.537
v 402.662 		70.199 		4.537
v 402.447 		70.444 		4.537
v 367.1 		45.2561 		4.537
v 456.392 		53.136 		5.642
v 456.229 		53.125 		5.642
v 399.722 		70.986 		4.537
v 456.069 		53.093 		5.642
v 455.914 		53.041 		5.642
v 367.1 		40.462 		4.537
v 455.767 		52.969 		5.642
v 457.384 		52.647 		5.642
v 457.276 		52.77 		5.642
v 457.153 		52.878 		5.642
v 457.017 		52.969 		5.642
v 456.87 		53.041 		5.642
v 457.032 		202.436 		11.498
v 457.0005 		202.5648 		11.498
v 456.8606 		202.9896 		11.498
v 456.716 		53.093 		5.642
v 456.555 		53.125 		5.642
v 456.7627 		203.264 		11.498
v 456.4596 		203.994 		11.498
v 455.631 		52.878 		5.642
v 456.2465 		204.417 		11.498
v 456.1122 		204.6687 		11.498
v 455.6908 		205.3774 		11.498
v 455.418 		205.7729 		11.498
v 455.508 		52.77 		5.642
v 455.4 		52.647 		5.642
v 364.9128 		28.8791 		0
v 364.9128 		28.8791 		4.537
v 457.631 		51.723 		5.642
v 457.642 		51.886 		5.642
v 457.631 		52.049 		5.642
v 457.599 		52.21 		5.642
v 457.547 		52.364 		5.642
v 457.475 		52.511 		5.642
v 456.716 		50.679 		5.642
v 456.87 		50.731 		5.642
v 457.017 		50.803 		5.642
v 457.153 		50.894 		5.642
v 457.276 		51.002 		5.642
v 343.02 		61.2537 		4.537
v 343.02 		61.1784 		4.537
v 457.384 		51.125 		5.642
v 343.02 		61.1784 		0
v 399.429 		70.842 		4.537
v 457.475 		51.261 		5.642
v 343.02 		61.2537 		0
v 457.547 		51.408 		5.642
v 399.157 		70.66 		4.537
v 457.599 		51.562 		5.642
v 398.911 		70.444 		4.537
v 455.767 		50.803 		5.642
v 343.022 		98.5414 		4.537
v 343.02 		98.5037 		4.537
v 343.02 		98.4284 		4.537
v 398.696 		70.199 		4.537
v 455.914 		50.731 		5.642
v 343.02 		98.4284 		0
v 457.032 		195.954 		4.537
v 456.069 		50.679 		5.642
v 343.02 		98.5037 		0
v 398.514 		69.927 		4.537
v 456.229 		50.647 		5.642
v 398.369 		69.633 		4.537
v 456.392 		50.636 		5.642
v 456.555 		50.647 		5.642
v 398.369 		67.72 		4.537
v 455.31 		52.511 		5.642
v 455.237 		52.364 		5.642
v 398.514 		67.427 		4.537
v 455.185 		52.21 		5.642
v 398.696 		67.155 		4.537
v 455.153 		52.049 		5.642
v 455.142 		51.886 		5.642
v 455.153 		51.723 		5.642
v 455.185 		51.562 		5.642
v 402.201 		70.66 		4.537
v 455.237 		51.408 		5.642
v 343.022 		60.966 		4.537
v 401.929 		70.842 		4.537
v 455.31 		51.261 		5.642
v 455.4 		51.125 		5.642
v 401.636 		70.986 		4.537
v 455.508 		51.002 		5.642
v 455.631 		50.894 		5.642
v 356.7916 		65.719 		4.537
v 356.7523 		65.719 		4.537
v 347.5416 		65.719 		4.537
v 347.5023 		65.719 		4.537
v 398.264 		69.324 		4.537
v 458.404 		53.399 		5.642
v 458.189 		53.644 		5.642
v 457.943 		53.86 		5.642
v 457.671 		54.042 		5.642
v 458.731 		52.833 		5.642
v 458.586 		53.127 		5.642
v 398.2 		69.003 		4.537
v 347.0894 		65.698 		4.537
v 347.0851 		65.6976 		4.537
v 347.0119 		65.6898 		4.537
v 456.747 		54.355 		5.642
v 346.6237 		65.628 		4.537
v 456.421 		54.377 		5.642
v 346.5499 		65.6123 		4.537
v 456.095 		54.355 		5.642
v 346.1675 		65.51 		4.537
v 455.774 		54.291 		5.642
v 346.0933 		65.4859 		4.537
v 345.7191 		65.3422 		4.537
v 345.6641 		65.3178 		4.537
v 345.293 		65.1288 		4.537
v 398.2 		68.35 		4.537
v 345.2926 		65.1285 		4.537
v 345.2481 		65.1028 		4.537
v 347.7637 		65.7077 		4.537
v 457.378 		54.186 		5.642
v 457.068 		54.291 		5.642
v 398.264 		68.03 		4.537
v 344.8974 		64.8746 		4.537
v 344.8538 		64.8429 		4.537
v 344.5338 		64.5839 		4.537
v 344.4844 		64.5394 		4.537
v 344.1946 		64.2496 		4.537
v 344.1581 		64.2092 		4.537
v 343.8989 		63.8898 		4.537
v 343.8597 		63.8357 		4.537
v 398.911 		66.909 		4.537
v 358.2007 		65.4859 		4.537
v 358.1261 		65.5102 		4.537
v 357.7485 		65.6114 		4.537
v 357.6675 		65.6286 		4.537
v 399.157 		66.693 		4.537
v 356.5312 		65.7077 		4.537
v 399.429 		66.512 		4.537
v 357.2823 		65.6898 		4.537
v 357.2061 		65.6979 		4.537
v 347.772 		65.716 		4.537
v 399.722 		66.367 		4.537
v 356.523 		65.716 		4.537
v 400.032 		66.262 		4.537
v 400.353 		66.198 		4.537
v 343.634 		63.4866 		4.537
v 343.6123 		63.4489 		4.537
v 343.4177 		63.0671 		4.537
v 343.4003 		63.0281 		4.537
v 401.005 		66.198 		4.537
v 343.0308 		60.9748 		4.537
v 343.2466 		62.6277 		4.537
v 343.2335 		62.5876 		4.537
v 343.1223 		62.1729 		4.537
v 343.1137 		62.1324 		4.537
v 343.0474 		61.7145 		4.537
v 401.326 		66.262 		4.537
v 343.0414 		61.6577 		4.537
v 458.586 		50.627 		5.642
v 401.636 		66.367 		4.537
v 352.153 		60.472 		4.537
v 352.022 		60.464 		4.537
v 352.282 		60.498 		4.537
v 458.836 		52.524 		5.642
v 401.929 		66.512 		4.537
v 352.406 		60.54 		4.537
v 458.731 		50.92 		5.642
v 458.836 		51.23 		5.642
v 352.523 		60.598 		4.537
v 402.201 		66.693 		4.537
v 352.632 		60.671 		4.537
v 352.731 		60.758 		4.537
v 351.313 		60.758 		4.537
v 351.412 		60.671 		4.537
v 351.521 		60.598 		4.537
v 351.639 		60.54 		4.537
v 351.763 		60.498 		4.537
v 351.891 		60.472 		4.537
v 384.4 		77.109 		4.537
v 416.413 		100.076 		4.537
v 416.268 		99.859 		4.537
v 416.152 		99.624 		4.537
v 370.3 		42.859 		4.537
v 416.068 		99.376 		4.537
v 387.2 		70.059 		4.537
v 386.9 		74.609 		4.537
v 416.017 		99.12 		4.537
v 387.2 		50.059 		4.537
v 416.017 		98.598 		4.537
v 386.9 		79.609 		4.537
v 416.068 		98.341 		4.537
v 416.152 		98.093 		4.537
v 416.268 		97.859 		4.537
v 416.413 		97.641 		4.537
v 386.9 		78.609 		8.535
v 386.704 		78.596 		8.535
v 386.512 		78.558 		8.535
v 386.326 		78.495 		8.535
v 386.15 		78.408 		8.535
v 416.413 		100.076 		7.998
v 416.268 		99.859 		7.998
v 387.096 		78.596 		8.535
v 416.152 		99.624 		7.998
v 416.068 		99.376 		7.998
v 416.017 		99.12 		7.998
v 416 		98.859 		7.998
v 416.017 		98.598 		7.998
v 416.068 		98.341 		7.998
v 416.152 		98.093 		7.998
v 416.268 		97.859 		7.998
v 385.987 		78.299 		8.535
v 385.839 		78.17 		8.535
v 385.71 		78.022 		8.535
v 385.601 		77.859 		8.535
v 385.514 		77.683 		8.535
v 416.5 		98.859 		7.998
v 385.451 		77.497 		8.535
v 385.413 		77.305 		8.535
v 416.413 		97.641 		7.998
v 386.15 		75.81 		8.535
v 386.326 		75.723 		8.535
v 386.512 		75.66 		8.535
v 386.704 		75.622 		8.535
v 386.9 		75.609 		8.535
v 387.096 		75.622 		8.535
v 385.601 		76.359 		8.535
v 385.71 		76.196 		8.535
v 385.839 		76.048 		8.535
v 385.987 		75.919 		8.535
v 385.4 		77.109 		8.535
v 385.413 		76.913 		8.535
v 385.451 		76.721 		8.535
v 385.514 		76.535 		8.535
v 416.622 		51.257 		4.537
v 416.622 		95.218 		4.537
v 416.622 		96.518 		4.537
v 416.622 		18.259 		4.537
v 454.899 		53.86 		5.642
v 454.653 		53.644 		5.642
v 454.438 		53.399 		5.642
v 454.256 		53.127 		5.642
v 454.111 		52.833 		5.642
v 454.006 		52.524 		5.642
v 453.942 		52.203 		5.642
v 453.921 		51.877 		5.642
v 453.942 		51.55 		5.642
v 455.464 		54.186 		5.642
v 455.171 		54.042 		5.642
v 416.586 		100.273 		4.537
v 416.586 		97.444 		4.537
v 416.614 		99.433 		10.098
v 416.551 		99.247 		10.098
v 416.513 		99.054 		10.098
v 416.5 		98.859 		10.098
v 416.513 		98.663 		10.098
v 416.551 		98.47 		10.098
v 416.614 		98.285 		10.098
v 416.586 		100.273 		7.998
v 416.614 		99.433 		7.998
v 416.551 		99.247 		7.998
v 416.513 		99.054 		7.998
v 416.513 		98.663 		7.998
v 416.551 		98.47 		7.998
v 416.614 		98.285 		7.998
v 416.586 		97.444 		7.998
v 456.095 		54.355 		4.537
v 416.622 		96.518 		10.937
v 416.622 		95.218 		10.937
v 455.774 		54.291 		4.537
v 420.221 		96.518 		10.937
v 420.221 		100.13 		10.937
v 458.731 		52.833 		4.537
v 458.586 		53.127 		4.537
v 458.404 		53.399 		4.537
v 458.189 		53.644 		4.537
v 457.943 		53.86 		4.537
v 457.671 		54.042 		4.537
v 420.221 		96.518 		4.537
v 418 		96.859 		4.537
v 457.378 		54.186 		4.537
v 419 		97.127 		4.537
v 457.068 		54.291 		4.537
v 419.218 		97.272 		4.537
v 456.747 		54.355 		4.537
v 418.261 		96.876 		4.537
v 418.518 		96.927 		4.537
v 467.245 		189.556 		0
v 418.765 		97.011 		4.537
v 458.586 		50.627 		4.537
v 416.783 		97.272 		4.537
v 417 		97.127 		4.537
v 458.731 		50.92 		4.537
v 473.488 		162.748 		0
v 417.235 		97.011 		4.537
v 417.482 		96.927 		4.537
v 473.364 		162.79 		0
v 417.739 		96.876 		4.537
v 473.246 		162.848 		0
v 458.836 		51.23 		4.537
v 473.137 		162.921 		0
v 473.038 		163.008 		0
v 420.221 		100.13 		4.537
v 472.952 		163.106 		0
v 458.836 		52.524 		4.537
v 387.096 		78.596 		5.868
v 420 		98.859 		4.537
v 386.9 		78.609 		5.868
v 419.732 		99.859 		4.537
v 386.704 		78.596 		5.868
v 455.464 		54.186 		4.537
v 419.587 		100.076 		4.537
v 386.512 		78.558 		5.868
v 386.326 		78.495 		5.868
v 386.15 		78.408 		5.868
v 455.171 		54.042 		4.537
v 419.587 		97.641 		4.537
v 419.732 		97.859 		4.537
v 419.848 		98.093 		4.537
v 385.987 		78.299 		5.868
v 419.932 		98.341 		4.537
v 419.983 		98.598 		4.537
v 385.839 		78.17 		5.868
v 419.983 		99.12 		4.537
v 385.71 		78.022 		5.868
v 419.932 		99.376 		4.537
v 385.601 		77.859 		5.868
v 419.848 		99.624 		4.537
v 385.514 		77.683 		5.868
v 418 		100.859 		4.537
v 385.451 		77.497 		5.868
v 418 		112.759 		4.537
v 385.413 		77.305 		5.868
v 387.096 		75.622 		5.868
v 386.9 		75.609 		5.868
v 419.218 		113.172 		4.537
v 419 		113.027 		4.537
v 386.15 		75.81 		5.868
v 386.326 		75.723 		5.868
v 418.765 		112.911 		4.537
v 418.518 		112.827 		4.537
v 386.512 		75.66 		5.868
v 386.704 		75.622 		5.868
v 385.4 		77.109 		5.868
v 385.413 		76.913 		5.868
v 385.451 		76.721 		5.868
v 385.514 		76.535 		5.868
v 472.879 		163.215 		0
v 418.261 		112.776 		4.537
v 417.739 		112.776 		4.537
v 417.482 		112.827 		4.537
v 417.235 		112.911 		4.537
v 417 		113.027 		4.537
v 416.783 		113.172 		4.537
v 385.601 		76.359 		5.868
v 385.71 		76.196 		5.868
v 472.821 		163.333 		0
v 385.839 		76.048 		5.868
v 472.779 		163.457 		0
v 385.987 		75.919 		5.868
v 472.753 		163.586 		0
v 472.745 		163.716 		0
v 472.753 		163.847 		0
v 472.779 		163.976 		0
v 472.821 		164.1 		0
v 472.879 		164.218 		0
v 472.952 		164.327 		0
v 473.038 		164.425 		0
v 419.218 		100.445 		4.537
v 473.137 		164.512 		0
v 419 		100.591 		4.537
v 473.246 		164.585 		0
v 418.765 		100.706 		4.537
v 473.364 		164.643 		0
v 418.518 		100.791 		4.537
v 473.488 		164.685 		0
v 418.261 		100.842 		4.537
v 417.739 		100.842 		4.537
v 417.482 		100.791 		4.537
v 417.235 		100.706 		4.537
v 417 		100.591 		4.537
v 416.783 		100.445 		4.537
v 419.414 		100.273 		4.537
v 419.414 		97.444 		4.537
v 356.7523 		65.719 		0
v 356.7916 		65.719 		0
v 419 		97.127 		7.998
v 419.218 		97.272 		7.998
v 417.739 		96.876 		7.998
v 418 		96.859 		7.998
v 418.261 		96.876 		7.998
v 418.518 		96.927 		7.998
v 418.765 		97.011 		7.998
v 386.9 		79.609 		5.868
v 386.574 		79.588 		5.868
v 386.253 		79.524 		5.868
v 418 		97.359 		7.998
v 385.943 		79.419 		5.868
v 385.65 		79.274 		5.868
v 347.5023 		65.719 		0
v 416.783 		97.272 		7.998
v 417 		97.127 		7.998
v 417.235 		97.011 		7.998
v 417.482 		96.927 		7.998
v 347.5416 		65.719 		0
v 356.523 		65.716 		0
v 347.772 		65.716 		0
v 345.2481 		65.1028 		0
v 345.6641 		65.3178 		0
v 345.293 		65.1288 		0
v 346.0933 		65.4859 		0
v 345.7191 		65.3422 		0
v 346.5499 		65.6123 		0
v 346.1675 		65.51 		0
v 386.253 		74.694 		5.868
v 386.574 		74.63 		5.868
v 386.9 		74.609 		5.868
v 347.0119 		65.6898 		0
v 346.6237 		65.628 		0
v 347.0894 		65.698 		0
v 347.7637 		65.7077 		0
v 419.732 		99.859 		7.998
v 419.587 		100.076 		7.998
v 345.2926 		65.1285 		0
v 385.378 		79.092 		5.868
v 385.132 		78.877 		5.868
v 384.917 		78.631 		5.868
v 384.735 		78.359 		5.868
v 384.59 		78.066 		5.868
v 384.485 		77.756 		5.868
v 384.421 		77.435 		5.868
v 384.4 		77.109 		5.868
v 384.421 		76.783 		5.868
v 384.485 		76.462 		5.868
v 347.0851 		65.6976 		0
v 420 		98.859 		7.998
v 419.983 		99.12 		7.998
v 419.932 		99.376 		7.998
v 419.848 		99.624 		7.998
v 419.5 		98.859 		7.998
v 419.587 		97.641 		7.998
v 419.732 		97.859 		7.998
v 419.848 		98.093 		7.998
v 419.932 		98.341 		7.998
v 419.983 		98.598 		7.998
v 343.8597 		63.8357 		0
v 455.4784 		171.9708 		11.498
v 455.5558 		172.1397 		11.498
v 455.6985 		172.4639 		11.498
v 456.012 		173.2714 		11.498
v 344.1581 		64.2092 		0
v 343.8989 		63.8898 		0
v 419 		113.027 		7.998
v 419.218 		113.172 		7.998
v 455.6985 		172.4639 		4.537
v 344.4844 		64.5394 		0
v 456.012 		173.2714 		4.537
v 344.1946 		64.2496 		0
v 384.59 		76.152 		5.868
v 384.735 		75.859 		5.868
v 384.917 		75.587 		5.868
v 385.132 		75.341 		5.868
v 455.4784 		171.9708 		4.537
v 344.8538 		64.8429 		0
v 344.5338 		64.5839 		0
v 416.783 		113.172 		7.998
v 417 		113.027 		7.998
v 417.235 		112.911 		7.998
v 417.482 		112.827 		7.998
v 417.739 		112.776 		7.998
v 418 		112.759 		7.998
v 418.261 		112.776 		7.998
v 418.518 		112.827 		7.998
v 418.765 		112.911 		7.998
v 344.8974 		64.8746 		0
v 454.899 		53.86 		4.537
v 455.5558 		172.1397 		4.537
v 418 		113.259 		7.998
v 454.653 		53.644 		4.537
v 454.438 		53.399 		4.537
v 454.256 		53.127 		4.537
v 456.0711 		173.4379 		11.498
v 456.1871 		173.7798 		11.498
v 456.4366 		174.6334 		11.498
v 456.4794 		174.7963 		11.498
v 456.5669 		175.149 		11.498
v 456.7448 		176.0177 		11.498
v 456.7827 		176.2336 		11.498
v 456.8393 		176.5829 		11.498
v 456.9451 		177.4633 		11.498
v 456.9664 		177.6918 		11.498
v 456.9926 		178.0188 		11.498
v 457.0289 		178.918 		11.498
v 457.032 		179.1452 		11.498
v 454.111 		52.833 		4.537
v 456.9926 		178.0188 		4.537
v 457.0289 		178.918 		4.537
v 454.006 		52.524 		4.537
v 456.9451 		177.4633 		4.537
v 456.8393 		176.5829 		4.537
v 453.942 		52.203 		4.537
v 357.6675 		65.6286 		0
v 456.7448 		176.0177 		4.537
v 456.5669 		175.149 		4.537
v 358.1261 		65.5102 		0
v 357.7485 		65.6114 		0
v 456.4366 		174.6334 		4.537
v 456.1871 		173.7798 		4.537
v 358.2007 		65.4859 		0
v 457.032 		179.1452 		4.537
v 453.942 		51.55 		4.537
v 456.9664 		177.6918 		4.537
v 456.7827 		176.2336 		4.537
v 456.4794 		174.7963 		4.537
v 456.0711 		173.4379 		4.537
v 356.5312 		65.7077 		0
v 357.2061 		65.6979 		0
v 357.2823 		65.6898 		0
v 385.378 		75.126 		5.868
v 385.65 		74.944 		5.868
v 385.943 		74.799 		5.868
v 387.2 		79.5897 		4.537
v 386.574 		79.588 		4.537
v 386.253 		79.524 		4.537
v 385.943 		79.419 		4.537
v 385.65 		79.274 		4.537
v 387.2 		74.6283 		4.537
v 386.253 		74.694 		4.537
v 386.574 		74.63 		4.537
v 385.378 		79.092 		4.537
v 385.132 		78.877 		4.537
v 384.917 		78.631 		4.537
v 375.014 		193.789 		0
v 375.177 		193.778 		0
v 384.735 		78.359 		4.537
v 374.853 		193.821 		0
v 374.698 		193.874 		0
v 384.59 		78.066 		4.537
v 454.6969 		218.6207 		11.499
v 454.3546 		219.4531 		11.499
v 454.1393 		219.9569 		11.499
v 384.485 		77.756 		4.537
v 453.5124 		221.3148 		11.499
v 375.657 		193.874 		0
v 453.0957 		222.1211 		11.499
v 452.8274 		222.6211 		11.499
v 452.1177 		223.8527 		11.499
v 375.501 		193.821 		0
v 375.341 		193.789 		0
v 452.0975 		209.1246 		11.499
v 384.421 		77.435 		4.537
v 453.0845 		208.3252 		11.499
v 453.4943 		207.9613 		11.499
v 374.551 		193.946 		0
v 454.3682 		207.0753 		11.499
v 454.6996 		206.7047 		11.499
v 374.415 		194.037 		0
v 374.292 		194.145 		0
v 384.421 		76.783 		4.537
v 452.8763 		208.5038 		11.499
v 374.184 		194.268 		0
v 454.1499 		207.31 		11.499
v 374.093 		194.404 		0
v 374.02 		194.551 		0
v 455.2323 		206.0299 		11.499
v 373.967 		194.707 		0
v 373.935 		194.867 		0
v 375.803 		193.946 		0
v 417.804 		113.272 		10.098
v 418 		113.259 		10.098
v 418.196 		113.272 		10.098
v 343.4003 		63.0281 		0
v 343.6123 		63.4489 		0
v 343.4177 		63.0671 		0
v 343.634 		63.4866 		0
v 455.2329 		217.142 		11.499
v 343.0414 		61.6577 		0
v 343.1137 		62.1324 		0
v 343.0474 		61.7145 		0
v 418.196 		113.272 		7.998
v 343.2335 		62.5876 		0
v 343.1223 		62.1729 		0
v 343.2466 		62.6277 		0
v 417.804 		113.272 		7.998
v 352.153 		60.472 		0
v 419.218 		100.445 		7.998
v 455.2323 		206.0299 		11.498
v 419 		100.591 		7.998
v 454.6996 		206.7047 		11.498
v 454.3682 		207.0753 		11.498
v 454.1499 		207.31 		11.498
v 352.282 		60.498 		0
v 453.4943 		207.9613 		11.498
v 453.0845 		208.3252 		11.498
v 452.8763 		208.5038 		11.498
v 452.0975 		209.1246 		11.498
v 352.406 		60.54 		0
v 418 		100.859 		7.998
v 417.739 		100.842 		7.998
v 417.482 		100.791 		7.998
v 417.235 		100.706 		7.998
v 417 		100.591 		7.998
v 416.783 		100.445 		7.998
v 352.523 		60.598 		0
v 418 		100.359 		7.998
v 418.765 		100.706 		7.998
v 418.518 		100.791 		7.998
v 418.261 		100.842 		7.998
v 352.632 		60.671 		0
v 373.925 		195.031 		0
v 373.935 		195.194 		0
v 384.485 		76.462 		4.537
v 373.967 		195.355 		0
v 374.02 		195.51 		0
v 384.59 		76.152 		4.537
v 374.093 		195.657 		0
v 374.184 		195.793 		0
v 374.292 		195.916 		0
v 384.735 		75.859 		4.537
v 376.419 		194.867 		0
v 384.917 		75.587 		4.537
v 352.731 		60.758 		0
v 376.387 		194.707 		0
v 376.334 		194.551 		0
v 385.132 		75.341 		4.537
v 376.262 		194.404 		0
v 351.313 		60.758 		0
v 351.412 		60.671 		0
v 351.521 		60.598 		0
v 376.171 		194.268 		0
v 376.063 		194.145 		0
v 385.378 		75.126 		4.537
v 375.94 		194.037 		0
v 385.65 		74.944 		4.537
v 376.063 		195.916 		0
v 376.171 		195.793 		0
v 385.943 		74.799 		4.537
v 376.262 		195.657 		0
v 419.19 		99.772 		10.098
v 419.061 		99.919 		10.098
v 418.913 		100.049 		10.098
v 376.334 		195.51 		0
v 376.387 		195.355 		0
v 376.419 		195.194 		0
v 418 		100.359 		10.098
v 417.804 		100.346 		10.098
v 417.612 		100.308 		10.098
v 417.426 		100.244 		10.098
v 417.25 		100.158 		10.098
v 417.087 		100.049 		10.098
v 416.939 		99.919 		10.098
v 416.81 		99.772 		10.098
v 376.43 		195.031 		0
v 418.75 		100.158 		10.098
v 418.574 		100.244 		10.098
v 418.388 		100.308 		10.098
v 418.196 		100.346 		10.098
v 419.5 		98.859 		10.098
v 419.487 		99.054 		10.098
v 419.449 		99.247 		10.098
v 419.386 		99.433 		10.098
v 419.299 		99.609 		10.098
v 418.913 		97.669 		10.098
v 419.061 		97.798 		10.098
v 419.19 		97.946 		10.098
v 419.299 		98.109 		10.098
v 419.386 		98.285 		10.098
v 419.449 		98.47 		10.098
v 419.487 		98.663 		10.098
v 367.8 		45.359 		4.537
v 416.701 		98.109 		10.098
v 416.81 		97.946 		10.098
v 416.939 		97.798 		10.098
v 417.087 		97.669 		10.098
v 416.701 		99.609 		10.098
v 351.639 		60.54 		0
v 351.02 		124.556 		0
v 358.525 		124.556 		0
v 351.763 		60.498 		0
v 417.804 		97.371 		10.098
v 418 		97.359 		10.098
v 418.196 		97.371 		10.098
v 418.388 		97.41 		10.098
v 418.574 		97.473 		10.098
v 418.75 		97.56 		10.098
v 351.891 		60.472 		0
v 417.25 		97.56 		10.098
v 367.8 		44.359 		8.535
v 417.426 		97.473 		10.098
v 417.612 		97.41 		10.098
v 369.186 		43.433 		8.535
v 369.099 		43.609 		8.535
v 368.99 		43.772 		8.535
v 368.861 		43.92 		8.535
v 368.713 		44.049 		8.535
v 351.227 		62.077 		0
v 368.55 		44.158 		8.535
v 368.374 		44.245 		8.535
v 368.188 		44.308 		8.535
v 367.996 		44.346 		8.535
v 351.154 		61.968 		0
v 369.3 		42.859 		8.535
v 369.287 		43.055 		8.535
v 369.249 		43.247 		8.535
v 345.77 		124.556 		0
v 369.249 		42.471 		8.535
v 369.287 		42.663 		8.535
v 367.604 		44.346 		8.535
v 367.412 		44.308 		8.535
v 367.226 		44.245 		8.535
v 368.99 		41.946 		8.535
v 351.096 		61.85 		0
v 369.099 		42.109 		8.535
v 369.186 		42.285 		8.535
v 367.8 		41.359 		8.535
v 367.996 		41.372 		8.535
v 368.188 		41.41 		8.535
v 368.374 		41.473 		8.535
v 368.55 		41.56 		8.535
v 368.713 		41.669 		8.535
v 368.861 		41.798 		8.535
v 351.054 		61.726 		0
v 351.028 		61.597 		0
v 367.412 		41.41 		8.535
v 367.604 		41.372 		8.535
v 367.226 		41.473 		8.535
v 351.028 		61.336 		0
v 351.054 		61.207 		0
v 351.096 		61.083 		0
v 351.154 		60.965 		0
v 351.227 		60.856 		0
v 352.153 		62.46 		0
v 351.891 		62.46 		0
v 351.763 		62.435 		0
v 351.639 		62.393 		0
v 351.521 		62.335 		0
v 351.412 		62.262 		0
v 351.313 		62.175 		0
v 352.818 		60.856 		0
v 352.89 		60.965 		0
v 352.948 		61.083 		0
v 352.991 		61.207 		0
v 353.016 		61.336 		0
v 353.016 		61.597 		0
v 352.991 		61.726 		0
v 454.107 		169.6176 		11.498
v 454.2386 		169.8028 		11.498
v 454.4339 		170.0873 		11.498
v 454.8334 		170.7347 		11.498
v 454.9439 		170.9269 		11.498
v 455.1157 		171.2371 		11.498
v 352.948 		61.85 		0
v 451.8775 		167.2619 		11.498
v 452.4217 		167.7254 		11.498
v 452.5665 		167.8584 		11.498
v 452.7992 		168.08 		11.498
v 453.3062 		168.6185 		11.498
v 453.4474 		168.7796 		11.498
v 352.89 		61.968 		0
v 453.656 		169.0262 		11.498
v 455.1157 		171.2371 		4.537
v 454.8334 		170.7347 		4.537
v 454.4339 		170.0873 		4.537
v 454.107 		169.6176 		4.537
v 454.9439 		170.9269 		4.537
v 454.2386 		169.8028 		4.537
v 453.656 		169.0262 		4.537
v 467.245 		166.051 		0
v 452.7992 		168.08 		4.537
v 453.3062 		168.6185 		4.537
v 451.8775 		167.2619 		4.537
v 452.4217 		167.7254 		4.537
v 453.4474 		168.7796 		4.537
v 352.818 		62.077 		0
v 452.5665 		167.8584 		4.537
v 364.95 		125.059 		9.037
v 352.731 		62.175 		0
v 352.632 		62.262 		0
v 352.523 		62.335 		0
v 352.406 		62.393 		0
v 352.282 		62.435 		0
v 458.679 		152.504 		8.498
v 458.679 		152.504 		10.498
v 461.079 		152.504 		10.498
v 461.079 		152.504 		8.498
v 458.679 		152.495 		10.498
v 461.079 		152.495 		4.537
v 469.0166 		130.969 		0
v 454.08 		152.495 		4.537
v 468.977 		130.969 		0
v 458.679 		152.495 		8.498
v 461.079 		152.495 		8.498
v 468.978 		130.969 		0
v 454.08 		152.495 		10.498
v 454.08 		145.495 		4.537
v 454.08 		145.495 		8.998
v 461.079 		145.495 		4.537
v 419.414 		100.273 		7.998
v 419.19 		99.772 		7.998
v 461.079 		145.504 		8.998
v 461.079 		145.495 		8.998
v 458.679 		145.504 		8.998
v 469.247 		130.966 		0
v 461.079 		145.504 		10.498
v 458.679 		145.504 		10.498
v 469.2387 		130.9577 		0
v 416.622 		118.218 		10.937
v 416.622 		118.218 		4.537
v 468.5629 		130.9479 		0
v 468.4861 		130.9397 		0
v 468.0987 		130.878 		0
v 455.763 		148.248 		11.498
v 468.0249 		130.8624 		0
v 456.524 		147.888 		11.498
v 456.434 		147.97 		11.498
v 456.335 		148.043 		11.498
v 456.23 		148.106 		11.498
v 456.119 		148.159 		11.498
v 456.003 		148.2 		11.498
v 455.884 		148.23 		11.498
v 468.4886 		130.94 		0
v 456.891 		147.004 		11.498
v 456.885 		147.126 		11.498
v 456.867 		147.248 		11.498
v 456.837 		147.367 		11.498
v 456.795 		147.482 		11.498
v 456.743 		147.593 		11.498
v 456.68 		147.698 		11.498
v 456.607 		147.797 		11.498
v 467.6425 		130.76 		0
v 456.885 		146.881 		11.498
v 467.5683 		130.7359 		0
v 455.641 		148.254 		11.498
v 455.518 		148.248 		11.498
v 455.397 		148.23 		11.498
v 455.278 		148.2 		11.498
v 455.162 		148.159 		11.498
v 455.051 		148.106 		11.498
v 454.946 		148.043 		11.498
v 454.848 		147.97 		11.498
v 454.757 		147.888 		11.498
v 473.488 		125.748 		0
v 473.364 		125.79 		0
v 454.674 		147.797 		11.498
v 454.601 		147.698 		11.498
v 454.538 		147.593 		11.498
v 454.486 		147.482 		11.498
v 454.444 		147.367 		11.498
v 454.415 		147.248 		11.498
v 454.397 		147.126 		11.498
v 454.391 		147.004 		11.498
v 473.246 		125.848 		0
v 454.397 		146.881 		11.498
v 473.137 		125.921 		0
v 473.038 		126.008 		0
v 472.952 		126.106 		0
v 472.879 		126.215 		0
v 369.186 		43.433 		5.868
v 456.837 		146.641 		11.498
v 456.867 		146.76 		11.498
v 472.821 		126.333 		0
v 455.763 		145.76 		11.498
v 455.884 		145.778 		11.498
v 456.003 		145.808 		11.498
v 456.119 		145.849 		11.498
v 456.23 		145.901 		11.498
v 456.335 		145.964 		11.498
v 456.434 		146.038 		11.498
v 456.524 		146.12 		11.498
v 456.607 		146.211 		11.498
v 456.68 		146.309 		11.498
v 456.743 		146.415 		11.498
v 369.099 		43.609 		5.868
v 456.795 		146.525 		11.498
v 472.779 		126.457 		0
v 368.99 		43.772 		5.868
v 472.753 		126.586 		0
v 455.518 		145.76 		11.498
v 472.745 		126.716 		0
v 455.641 		145.754 		11.498
v 368.861 		43.92 		5.868
v 454.674 		146.211 		11.498
v 454.757 		146.12 		11.498
v 454.848 		146.038 		11.498
v 454.946 		145.964 		11.498
v 472.753 		126.847 		0
v 455.051 		145.901 		11.498
v 455.162 		145.849 		11.498
v 455.278 		145.808 		11.498
v 368.713 		44.049 		5.868
v 455.397 		145.778 		11.498
v 472.779 		126.976 		0
v 472.821 		127.1 		0
v 454.415 		146.76 		11.498
v 454.444 		146.641 		11.498
v 454.486 		146.525 		11.498
v 472.879 		127.218 		0
v 368.55 		44.158 		5.868
v 454.538 		146.415 		11.498
v 454.601 		146.309 		11.498
v 472.952 		127.327 		0
v 368.374 		44.245 		5.868
v 368.188 		44.308 		5.868
v 367.996 		44.346 		5.868
v 367.8 		44.359 		5.868
v 369.249 		42.471 		5.868
v 369.287 		42.663 		5.868
v 369.3 		42.859 		5.868
v 369.287 		43.055 		5.868
v 419.061 		99.919 		7.998
v 369.249 		43.247 		5.868
v 418.913 		100.049 		7.998
v 367.604 		44.346 		5.868
v 367.412 		44.308 		5.868
v 367.226 		44.245 		5.868
v 418.75 		100.158 		7.998
v 418.574 		100.244 		7.998
v 367.8 		41.359 		5.868
v 367.996 		41.372 		5.868
v 368.188 		41.41 		5.868
v 418.388 		100.308 		7.998
v 368.374 		41.473 		5.868
v 418.196 		100.346 		7.998
v 368.55 		41.56 		5.868
v 368.713 		41.669 		5.868
v 368.861 		41.798 		5.868
v 417.804 		100.346 		7.998
v 368.99 		41.946 		5.868
v 369.099 		42.109 		5.868
v 369.186 		42.285 		5.868
v 417.612 		100.308 		7.998
v 417.426 		100.244 		7.998
v 367.226 		41.473 		5.868
v 417.25 		100.158 		7.998
v 367.412 		41.41 		5.868
v 417.087 		100.049 		7.998
v 367.604 		41.372 		5.868
v 416.939 		99.919 		7.998
v 370.215 		43.506 		5.868
v 370.11 		43.816 		5.868
v 369.965 		44.109 		5.868
v 369.783 		44.381 		5.868
v 416.81 		99.772 		7.998
v 370.279 		42.533 		5.868
v 370.3 		42.859 		5.868
v 370.279 		43.185 		5.868
v 369.568 		44.627 		5.868
v 369.322 		44.842 		5.868
v 416.622 		171.004 		4.537
v 418.913 		97.669 		7.998
v 419.414 		97.444 		7.998
v 367.8 		45.359 		5.868
v 367.474 		45.338 		5.868
v 367.153 		45.274 		5.868
v 369.05 		45.024 		5.868
v 368.757 		45.169 		5.868
v 368.447 		45.274 		5.868
v 368.126 		45.338 		5.868
v 419.061 		97.798 		7.998
v 473.038 		127.425 		0
v 473.137 		127.512 		0
v 419.19 		97.946 		7.998
v 473.246 		127.585 		0
v 473.364 		127.643 		0
v 419.299 		98.109 		7.998
v 473.488 		127.685 		0
v 419.386 		98.285 		7.998
v 419.449 		98.47 		7.998
v 419.487 		98.663 		7.998
v 419.487 		99.054 		7.998
v 419.449 		99.247 		7.998
v 419.386 		99.433 		7.998
v 419.299 		99.609 		7.998
v 416.701 		99.609 		7.998
v 416.622 		170.997 		4.537
v 416.622 		128.059 		4.537
v 416.701 		98.109 		7.998
v 416.81 		97.946 		7.998
v 416.939 		97.798 		7.998
v 454.08 		150.095 		10.498
v 369.783 		41.337 		5.868
v 417.087 		97.669 		7.998
v 418.196 		97.371 		7.998
v 370.11 		41.902 		5.868
v 370.215 		42.212 		5.868
v 369.965 		41.609 		5.868
v 418.388 		97.41 		7.998
v 418.574 		97.473 		7.998
v 367.474 		40.38 		5.868
v 367.8 		40.359 		5.868
v 368.126 		40.38 		5.868
v 368.447 		40.444 		5.868
v 368.757 		40.549 		5.868
v 369.05 		40.694 		5.868
v 369.322 		40.876 		5.868
v 369.568 		41.091 		5.868
v 418.75 		97.56 		7.998
v 367.153 		40.444 		5.868
v 417.25 		97.56 		7.998
v 417.426 		97.473 		7.998
v 417.612 		97.41 		7.998
v 417.804 		97.371 		7.998
v 370.279 		42.533 		4.537
v 370.279 		43.185 		4.537
v 370.215 		43.506 		4.537
v 370.11 		43.816 		4.537
v 369.965 		44.109 		4.537
v 369.783 		44.381 		4.537
v 369.568 		44.627 		4.537
v 369.322 		44.842 		4.537
v 369.05 		45.024 		4.537
v 368.757 		45.169 		4.537
v 368.447 		45.274 		4.537
v 368.126 		45.338 		4.537
v 367.474 		45.338 		4.537
v 367.153 		45.274 		4.537
v 369.783 		41.337 		4.537
v 369.965 		41.609 		4.537
v 370.11 		41.902 		4.537
v 370.215 		42.212 		4.537
v 368.126 		40.38 		4.537
v 368.447 		40.444 		4.537
v 368.757 		40.549 		4.537
v 369.05 		40.694 		4.537
v 369.322 		40.876 		4.537
v 369.568 		41.091 		4.537
v 367.153 		40.444 		4.537
v 458.679 		150.095 		10.498
v 454.08 		150.095 		8.998
v 454.391 		146.821 		8.998
v 454.391 		147.004 		8.998
v 454.391 		150.095 		8.998
v 458.679 		145.754 		8.998
v 455.641 		145.754 		8.998
v 454.5646 		145.754 		8.998
v 367.474 		40.38 		4.537
v 387.2 		70.059 		5.537
v 458.679 		150.095 		8.998
v 456.891 		147.004 		8.998
v 387.2 		50.059 		5.537
v 455.641 		148.254 		8.998
v 388.349 		77.497 		8.535
v 388.286 		77.683 		8.535
v 388.199 		77.859 		8.535
v 388.387 		77.305 		8.535
v 456.524 		147.888 		8.998
v 387.474 		78.495 		8.535
v 387.288 		78.558 		8.535
v 456.434 		147.97 		8.998
v 388.09 		78.022 		8.535
v 387.961 		78.17 		8.535
v 387.813 		78.299 		8.535
v 387.65 		78.408 		8.535
v 456.335 		148.043 		8.998
v 456.23 		148.106 		8.998
v 388.4 		77.109 		8.535
v 388.199 		76.359 		8.535
v 388.286 		76.535 		8.535
v 456.119 		148.159 		8.998
v 388.349 		76.721 		8.535
v 388.387 		76.913 		8.535
v 456.003 		148.2 		8.998
v 387.288 		75.66 		8.535
v 387.474 		75.723 		8.535
v 455.884 		148.23 		8.998
v 387.65 		75.81 		8.535
v 387.813 		75.919 		8.535
v 387.961 		76.048 		8.535
v 388.09 		76.196 		8.535
v 455.763 		148.248 		8.998
v 456.885 		146.881 		8.998
v 456.885 		147.126 		8.998
v 456.867 		147.248 		8.998
v 456.837 		147.367 		8.998
v 456.795 		147.482 		8.998
v 456.743 		147.593 		8.998
v 456.68 		147.698 		8.998
v 456.607 		147.797 		8.998
v 455.518 		148.248 		8.998
v 455.397 		148.23 		8.998
v 455.278 		148.2 		8.998
v 455.162 		148.159 		8.998
v 455.051 		148.106 		8.998
v 454.946 		148.043 		8.998
v 454.848 		147.97 		8.998
v 467.245 		124.556 		0
v 454.757 		147.888 		8.998
v 454.674 		147.797 		8.998
v 454.601 		147.698 		8.998
v 454.538 		147.593 		8.998
v 454.486 		147.482 		8.998
v 454.444 		147.367 		8.998
v 454.415 		147.248 		8.998
v 454.397 		147.126 		8.998
v 454.397 		146.881 		8.998
v 466.7231 		159.5802 		0
v 466.768 		159.5543 		0
v 467.1459 		159.3617 		0
v 455.763 		145.76 		8.998
v 467.1888 		159.3429 		0
v 455.884 		145.778 		8.998
v 466.7676 		159.5545 		0
v 456.003 		145.808 		8.998
v 467.1777 		159.3476 		0
v 456.119 		145.849 		8.998
v 456.23 		145.901 		8.998
v 456.335 		145.964 		8.998
v 456.434 		146.038 		8.998
v 456.524 		146.12 		8.998
v 456.607 		146.211 		8.998
v 456.68 		146.309 		8.998
v 456.743 		146.415 		8.998
v 456.795 		146.525 		8.998
v 456.837 		146.641 		8.998
v 456.867 		146.76 		8.998
v 454.674 		146.211 		8.998
v 454.757 		146.12 		8.998
v 454.848 		146.038 		8.998
v 454.946 		145.964 		8.998
v 455.051 		145.901 		8.998
v 455.162 		145.849 		8.998
v 455.278 		145.808 		8.998
v 455.397 		145.778 		8.998
v 455.518 		145.76 		8.998
v 454.415 		146.76 		8.998
v 454.444 		146.641 		8.998
v 454.486 		146.525 		8.998
v 454.538 		146.415 		8.998
v 454.601 		146.309 		8.998
v 388.387 		77.305 		5.868
v 388.349 		77.497 		5.868
v 388.286 		77.683 		5.868
v 388.199 		77.859 		5.868
v 388.09 		78.022 		5.868
v 387.961 		78.17 		5.868
v 387.813 		78.299 		5.868
v 387.65 		78.408 		5.868
v 387.474 		78.495 		5.868
v 387.288 		78.558 		5.868
v 388.199 		76.359 		5.868
v 388.286 		76.535 		5.868
v 388.349 		76.721 		5.868
v 388.387 		76.913 		5.868
v 388.4 		77.109 		5.868
v 387.288 		75.66 		5.868
v 387.474 		75.723 		5.868
v 387.65 		75.81 		5.868
v 387.813 		75.919 		5.868
v 387.961 		76.048 		5.868
v 388.09 		76.196 		5.868
v 387.547 		79.524 		5.868
v 387.226 		79.588 		5.868
v 388.15 		79.274 		5.868
v 387.857 		79.419 		5.868
v 388.668 		75.341 		5.868
v 388.883 		75.587 		5.868
v 389.4 		77.109 		5.868
v 389.379 		77.435 		5.868
v 389.315 		77.756 		5.868
v 389.21 		78.066 		5.868
v 389.065 		78.359 		5.868
v 388.883 		78.631 		5.868
v 388.668 		78.877 		5.868
v 388.422 		79.092 		5.868
v 389.065 		75.859 		5.868
v 389.21 		76.152 		5.868
v 389.315 		76.462 		5.868
v 389.379 		76.783 		5.868
v 370.6657 		172.5251 		11.498
v 370.7271 		172.3798 		11.498
v 370.8832 		172.0244 		11.498
v 371.2535 		171.2765 		11.498
v 371.3362 		171.1216 		11.498
v 371.5068 		170.8136 		11.498
v 371.9374 		170.116 		11.498
v 372.0193 		169.9923 		11.498
v 372.2265 		169.6903 		11.498
v 380.5915 		165.2775 		11.498
v 380.6117 		165.251 		11.498
v 387.547 		74.694 		5.868
v 387.857 		74.799 		5.868
v 388.15 		74.944 		5.868
v 388.422 		75.126 		5.868
v 387.226 		74.63 		5.868
v 467.1941 		130.5922 		0
v 467.139 		130.5678 		0
v 466.7679 		130.3787 		0
v 466.7134 		130.3464 		0
v 466.746 		130.366 		0
v 388.1493 		18.259 		4.537
v 388.1493 		18.259 		0
v 387.4702 		18.2727 		0
v 388.1001 		18.301 		0
v 388.1001 		18.301 		4.537
v 387.4702 		18.2727 		4.537
v 372.7109 		169.0551 		11.498
v 372.7989 		168.9475 		11.498
v 373.0331 		168.671 		11.498
v 373.55 		168.1214 		11.498
v 373.6578 		168.0148 		11.498
v 373.9199 		167.7649 		11.498
v 374.4697 		167.2967 		11.498
v 374.5945 		167.1983 		11.498
v 374.8683 		166.991 		11.498
v 375.4388 		166.6091 		11.498
v 375.5893 		166.517 		11.498
v 375.8762 		166.3492 		11.498
v 376.4675 		166.0516 		11.498
v 376.6498 		165.9693 		11.498
v 376.9236 		165.8526 		11.498
v 377.5232 		165.6415 		11.498
v 377.7336 		165.5777 		11.498
v 378.0122 		165.5 		11.498
v 378.6276 		165.3723 		11.498
v 378.826 		165.3403 		11.498
v 379.1162 		165.3004 		11.498
v 379.7423 		165.2571 		11.498
v 379.919 		165.253 		11.498
v 380.2364 		165.253 		11.498
v 389.4 		77.109 		4.537
v 372.2265 		169.6903 		4.537
v 371.5068 		170.8136 		4.537
v 371.9374 		170.116 		4.537
v 370.8832 		172.0244 		4.537
v 371.2535 		171.2765 		4.537
v 388.15 		79.274 		4.537
v 370.6657 		172.5251 		4.537
v 372.0193 		169.9923 		4.537
v 371.3362 		171.1216 		4.537
v 387.857 		79.419 		4.537
v 370.7271 		172.3798 		4.537
v 387.547 		79.524 		4.537
v 387.226 		79.588 		4.537
v 388.668 		75.341 		4.537
v 478.1716 		158.966 		0
v 478.2093 		158.964 		0
v 388.883 		75.587 		4.537
v 380.6117 		165.251 		4.537
v 478.293 		158.9644 		0
v 389.065 		75.859 		4.537
v 380.5915 		165.2775 		4.537
v 478.267 		158.964 		0
v 389.21 		76.152 		4.537
v 380.2364 		165.253 		4.537
v 389.315 		76.462 		4.537
v 379.1162 		165.3004 		4.537
v 379.7423 		165.2571 		4.537
v 389.379 		76.783 		4.537
v 378.6276 		165.3723 		4.537
v 378.0122 		165.5 		4.537
v 389.379 		77.435 		4.537
v 377.5232 		165.6415 		4.537
v 376.9236 		165.8526 		4.537
v 389.315 		77.756 		4.537
v 478.6887 		158.9854 		0
v 376.4675 		166.0516 		4.537
v 375.8762 		166.3492 		4.537
v 478.7455 		158.9914 		0
v 389.21 		78.066 		4.537
v 479.1553 		159.0564 		0
v 375.4388 		166.6091 		4.537
v 374.8683 		166.991 		4.537
v 479.2141 		159.0691 		0
v 479.6087 		159.1749 		0
v 389.065 		78.359 		4.537
v 374.4697 		167.2967 		4.537
v 479.6662 		159.1934 		0
v 480.0591 		159.3443 		0
v 373.9199 		167.7649 		4.537
v 388.883 		78.631 		4.537
v 480.0984 		159.3619 		0
v 480.4799 		159.5563 		0
v 373.0331 		168.671 		4.537
v 373.55 		168.1214 		4.537
v 388.668 		78.877 		4.537
v 480.5243 		159.5824 		0
v 480.869 		159.8062 		0
v 372.7109 		169.0551 		4.537
v 388.422 		79.092 		4.537
v 480.9251 		159.8474 		0
v 481.2289 		160.0931 		0
v 481.288 		160.146 		0
v 379.919 		165.253 		4.537
v 481.579 		160.438 		0
v 480.0973 		159.3614 		0
v 387.226 		74.63 		4.537
v 378.826 		165.3403 		4.537
v 387.547 		74.694 		4.537
v 480.5026 		159.5694 		0
v 377.7336 		165.5777 		4.537
v 387.857 		74.799 		4.537
v 480.9129 		159.8382 		0
v 388.15 		74.944 		4.537
v 376.6498 		165.9693 		4.537
v 388.422 		75.126 		4.537
v 375.5893 		166.517 		4.537
v 374.5945 		167.1983 		4.537
v 373.6578 		168.0148 		4.537
v 372.7989 		168.9475 		4.537
v 478.2666 		195.969 		0
v 369.4074 		177.8686 		11.498
v 369.4335 		177.5431 		11.498
v 369.5426 		176.64 		11.498
v 369.5721 		176.4411 		11.498
v 369.629 		176.091 		11.498
v 369.8066 		175.2206 		11.498
v 369.8491 		175.0385 		11.498
v 369.9378 		174.6796 		11.498
v 370.1819 		173.8449 		11.498
v 370.2354 		173.6791 		11.498
v 370.3602 		173.3121 		11.498
v 478.227 		195.969 		0
v 450.0293 		226.8194 		11.499
v 449.6844 		227.2412 		11.499
v 370.3602 		173.3121 		4.537
v 448.8186 		228.2271 		11.499
v 448.232 		228.8262 		11.499
v 447.8627 		229.1895 		11.499
v 446.937 		230.0344 		11.499
v 478.228 		195.969 		0
v 369.9378 		174.6796 		4.537
v 370.1819 		173.8449 		4.537
v 446.8934 		211.9645 		11.499
v 369.629 		176.091 		4.537
v 369.8066 		175.2206 		4.537
v 448.2245 		211.3973 		11.499
v 448.7888 		211.1327 		11.499
v 369.4335 		177.5431 		4.537
v 369.5426 		176.64 		4.537
v 450.0216 		210.4771 		11.499
v 477.998 		195.966 		0
v 370.2354 		173.6791 		4.537
v 447.9279 		211.5313 		11.499
v 449.7342 		210.6384 		11.499
v 369.8491 		175.0385 		4.537
v 369.5721 		176.4411 		4.537
v 478.0063 		195.9577 		0
v 369.4074 		177.8686 		4.537
v 481.9099 		194.0848 		0
v 481.8701 		194.1398 		0
v 482.727 		191.9182 		0
v 482.7229 		191.9569 		0
v 482.6589 		192.3653 		0
v 482.6424 		192.4424 		0
v 482.5412 		192.8201 		0
v 482.5167 		192.8953 		0
v 482.3759 		193.2618 		0
v 482.3443 		193.3327 		0
v 482.1652 		193.6841 		0
v 450.0216 		210.4771 		11.498
v 449.7342 		210.6384 		11.498
v 448.7888 		211.1327 		11.498
v 448.2245 		211.3973 		11.498
v 447.9279 		211.5313 		11.498
v 446.8934 		211.9645 		11.498
v 482.1273 		193.7498 		0
v 482.6435 		192.4377 		0
v 482.5173 		192.8935 		0
v 474.741 		191.847 		0
v 474.75 		191.716 		0
v 474.741 		191.586 		0
v 473.747 		192.719 		0
v 473.878 		192.71 		0
v 474.007 		192.685 		0
v 474.131 		192.643 		0
v 474.248 		192.585 		0
v 474.357 		192.512 		0
v 474.456 		192.425 		0
v 474.543 		192.327 		0
v 474.615 		192.218 		0
v 474.673 		192.1 		0
v 474.716 		191.976 		0
v 446.5864 		165.253 		11.498
v 447.2144 		165.2963 		11.498
v 447.3856 		165.316 		11.498
v 447.6954 		165.3587 		11.498
v 448.3131 		165.4869 		11.498
v 448.5045 		165.5358 		11.498
v 448.7932 		165.6163 		11.498
v 449.4037 		165.8313 		11.498
v 449.594 		165.9076 		11.498
v 449.8594 		166.0209 		11.498
v 450.4544 		166.3204 		11.498
v 449.8594 		166.0209 		4.537
v 450.4544 		166.3204 		4.537
v 448.7932 		165.6163 		4.537
v 449.4037 		165.8313 		4.537
v 447.6954 		165.3587 		4.537
v 448.3131 		165.4869 		4.537
v 446.5864 		165.253 		4.537
v 447.2144 		165.2963 		4.537
v 449.594 		165.9076 		4.537
v 448.5045 		165.5358 		4.537
v 447.3856 		165.316 		4.537
v 390.65 		125.059 		4.537
v 390.65 		125.059 		9.037
v 386.2 		125.059 		4.537
v 386.2 		125.059 		5.537
v 388.65 		125.059 		5.537
v 388.65 		125.059 		9.037
v 481.6109 		194.4592 		0
v 481.5744 		194.4996 		0
v 481.2845 		194.7894 		0
v 481.2345 		194.8345 		0
v 480.9206 		195.0892 		0
v 480.8683 		195.1273 		0
v 480.5169 		195.3554 		0
v 480.4799 		195.3767 		0
v 480.1049 		195.5678 		0
v 480.0498 		195.5922 		0
v 479.6757 		195.7359 		0
v 479.6011 		195.7602 		0
v 479.2219 		195.8618 		0
v 479.1448 		195.8782 		0
v 478.7561 		195.9399 		0
v 478.6819 		195.9478 		0
v 480.8702 		195.126 		0
v 482.7382 		191.2258 		0
v 473.747 		190.714 		0
v 474.007 		190.748 		0
v 473.878 		190.722 		0
v 474.716 		191.457 		0
v 474.673 		191.333 		0
v 474.615 		191.215 		0
v 474.543 		191.106 		0
v 474.456 		191.008 		0
v 474.357 		190.921 		0
v 474.248 		190.848 		0
v 474.131 		190.79 		0
v 480 		189.556 		0
v 482.1226 		161.1751 		0
v 482.1696 		161.2565 		0
v 482.3408 		161.5923 		0
v 482.3784 		161.6769 		0
v 482.5167 		162.0378 		0
v 482.5412 		162.1129 		0
v 482.6428 		162.4921 		0
v 482.6589 		162.5677 		0
v 482.723 		162.9771 		0
v 482.7269 		163.0137 		0
v 392.0998 		234.5 		0
v 392.0574 		234.4404 		0
v 391.3943 		234.489 		0
v 390.2331 		234.4778 		0
v 389.1232 		234.3964 		0
v 387.9589 		234.2132 		0
v 386.86 		233.9682 		0
v 385.7251 		233.6176 		0
v 384.6487 		233.2124 		0
v 390.6965 		234.489 		0
v 388.4076 		234.2907 		0
v 386.1779 		233.7645 		0
v 383.9666 		232.9007 		0
v 399.383 		201.252 		0
v 399.383 		195.955 		0
v 399.4 		195.955 		0
v 399.4 		171.004 		0
v 392.0998 		234.5 		11.499
v 392.0574 		234.4404 		11.499
v 391.3943 		234.489 		11.499
v 390.6965 		234.489 		11.499
v 390.2331 		234.4778 		11.499
v 389.1232 		234.3964 		11.499
v 389.0562 		213.947 		11.499
v 390.6844 		213.994 		11.499
v 391.3316 		213.994 		11.499
v 390.3227 		213.9899 		11.499
v 392.055 		213.9695 		11.499
v 392.096 		213.996 		11.499
v 392.055 		213.9695 		11.498
v 391.3316 		213.994 		11.498
v 390.6844 		213.994 		11.498
v 390.3227 		213.9899 		11.498
v 389.0562 		213.947 		11.498
v 392.096 		213.996 		11.498
v 399.383 		201.252 		11.498
v 399.383 		195.955 		4.537
v 399.4 		195.955 		4.537
v 399.383 		170.997 		11.498
v 399.383 		170.997 		4.537
v 399.4 		171.004 		4.537
v 388.4076 		234.2907 		11.499
v 387.9589 		234.2132 		11.499
v 386.86 		233.9682 		11.499
v 386.1779 		233.7645 		11.499
v 385.7251 		233.6176 		11.499
v 384.6487 		233.2124 		11.499
v 383.9666 		232.9007 		11.499
v 384.0073 		213.2733 		11.499
v 384.59 		213.3956 		11.499
v 386.1707 		213.6603 		11.499
v 386.7839 		213.7445 		11.499
v 388.4073 		213.903 		11.499
v 383.6097 		213.185 		11.499
v 385.8245 		213.6086 		11.499
v 388.0654 		213.8759 		11.499
v 388.4073 		213.903 		11.498
v 388.0654 		213.8759 		11.498
v 386.7839 		213.7445 		11.498
v 386.1707 		213.6603 		11.498
v 385.8245 		213.6086 		11.498
v 384.59 		213.3956 		11.498
v 384.0073 		213.2733 		11.498
v 383.6097 		213.185 		11.498
v 386.1 		132.059 		8.248
v 387.6 		130.559 		8.248
v 387.587 		130.754 		8.248
v 387.549 		130.947 		8.248
v 387.486 		131.133 		8.248
v 387.399 		131.309 		8.248
v 387.29 		131.472 		8.248
v 387.161 		131.619 		8.248
v 387.013 		131.749 		8.248
v 386.85 		131.858 		8.248
v 386.674 		131.944 		8.248
v 386.488 		132.008 		8.248
v 386.296 		132.046 		8.248
v 385.904 		132.046 		8.248
v 385.712 		132.008 		8.248
v 385.526 		131.944 		8.248
v 385.35 		131.858 		8.248
v 385.187 		131.749 		8.248
v 385.039 		131.619 		8.248
v 384.91 		131.472 		8.248
v 384.801 		131.309 		8.248
v 384.714 		131.133 		8.248
v 384.651 		130.947 		8.248
v 384.613 		130.754 		8.248
v 384.6 		130.559 		8.248
v 387.587 		130.363 		8.248
v 386.1 		129.059 		8.248
v 386.296 		129.072 		8.248
v 386.488 		129.11 		8.248
v 386.674 		129.173 		8.248
v 386.85 		129.26 		8.248
v 387.013 		129.369 		8.248
v 387.161 		129.498 		8.248
v 387.29 		129.646 		8.248
v 387.399 		129.809 		8.248
v 387.486 		129.985 		8.248
v 387.549 		130.17 		8.248
v 385.904 		129.072 		8.248
v 384.613 		130.363 		8.248
v 384.651 		130.17 		8.248
v 384.714 		129.985 		8.248
v 384.801 		129.809 		8.248
v 384.91 		129.646 		8.248
v 385.039 		129.498 		8.248
v 385.187 		129.369 		8.248
v 385.35 		129.26 		8.248
v 385.526 		129.173 		8.248
v 385.712 		129.11 		8.248
v 387.6 		130.559 		5.581
v 387.587 		130.754 		5.581
v 387.549 		130.947 		5.581
v 387.486 		131.133 		5.581
v 387.399 		131.309 		5.581
v 387.29 		131.472 		5.581
v 387.161 		131.619 		5.581
v 387.013 		131.749 		5.581
v 386.85 		131.858 		5.581
v 386.674 		131.944 		5.581
v 386.488 		132.008 		5.581
v 386.296 		132.046 		5.581
v 386.1 		132.059 		5.581
v 385.904 		132.046 		5.581
v 385.712 		132.008 		5.581
v 385.526 		131.944 		5.581
v 385.35 		131.858 		5.581
v 385.187 		131.749 		5.581
v 385.039 		131.619 		5.581
v 386.1 		129.059 		5.581
v 386.296 		129.072 		5.581
v 386.488 		129.11 		5.581
v 386.674 		129.173 		5.581
v 386.85 		129.26 		5.581
v 387.013 		129.369 		5.581
v 387.161 		129.498 		5.581
v 387.29 		129.646 		5.581
v 387.399 		129.809 		5.581
v 387.486 		129.985 		5.581
v 387.549 		130.17 		5.581
v 387.587 		130.363 		5.581
# 7718 vertices

g group_1_6383466

usemtl color_6383466
s 0

f 1790 	1791 	1792
f 1790 	1792 	1793
f 1791 	1794 	1795
f 1791 	1795 	1792
f 1799 	1878 	1798
f 4636 	3310 	1800
f 3310 	9010 	1800
f 1809 	1795 	1794
f 2203 	2211 	1803
f 1802 	1803 	2211
f 2740 	1805 	1794
f 1790 	2740 	1791
f 1794 	1791 	2740
f 1802 	2218 	1806
f 1794 	1805 	1809
f 1805 	2740 	1811
f 1808 	1806 	2227
f 2227 	2229 	1808
f 1805 	1811 	1816
f 1805 	1816 	1809
f 1811 	2740 	1818
f 1811 	1818 	1820
f 1811 	1820 	1816
f 1797 	1821 	1822
f 1823 	1797 	1822
f 1824 	1797 	1823
f 1818 	2740 	1825
f 1833 	2740 	1837
f 1823 	1827 	1828
f 1815 	2236 	1829
f 1818 	1825 	1830
f 1818 	1830 	1820
f 1829 	2236 	1832
f 2601 	1841 	2740
f 1825 	1833 	1836
f 1825 	1836 	1830
f 1832 	2245 	1835
f 1825 	2740 	1833
f 1835 	2260 	1838
f 1833 	1837 	1840
f 1833 	1840 	1836
f 1837 	2740 	1841
f 1838 	2266 	1842
f 2266 	2275 	1847
f 1837 	1841 	1846
f 1837 	1846 	1840
f 1842 	2266 	1847
f 1841 	1848 	1852
f 1841 	1852 	1846
f 1853 	1845 	1844
f 1853 	1844 	1854
f 2275 	2281 	1847
f 1848 	2602 	1856
f 1872 	1856 	2621
f 9196 	9195 	2436
f 9195 	9209 	2436
f 1852 	1848 	1856
f 1852 	1856 	1859
f 1861 	1824 	1828
f 1823 	1828 	1824
f 1821 	1864 	1865
f 1821 	1865 	1822
f 9200 	9213 	2434
f 2602 	2622 	1856
f 1821 	1798 	1878
f 9206 	9205 	2434
f 9205 	9204 	2434
f 1801 	2902 	2670
f 1885 	9499 	1884
f 1884 	9498 	1883
f 1890 	9496 	1889
f 1883 	9496 	1890
f 8113 	1873 	1895
f 1873 	1897 	1895
f 1894 	1895 	1897
f 1898 	1900 	1913
f 1856 	1872 	1899
f 1856 	1899 	1859
f 1893 	1902 	2171
f 1901 	1880 	1903
f 1901 	1903 	1904
f 2622 	2621 	1856
f 1893 	4594 	1906
f 1875 	1909 	1900
f 1875 	1900 	1876
f 1872 	1905 	1907
f 1872 	1907 	1899
f 1893 	1906 	1908
f 1893 	1908 	1902
f 1913 	1900 	1909
f 1906 	4594 	1910
f 2621 	2620 	1872
f 1913 	1878 	1898
f 1877 	1898 	1878
f 1906 	1910 	1914
f 1906 	1914 	1908
f 1905 	1911 	1915
f 1905 	1915 	1907
f 1910 	4594 	1917
f 1910 	1917 	1920
f 1910 	1920 	1914
f 1911 	1919 	1922
f 1911 	1922 	1915
f 1917 	1921 	1927
f 1917 	1927 	1920
f 1928 	2007 	1926
f 1926 	2007 	1925
f 1932 	1925 	1931
f 1924 	1925 	1932
f 1933 	1934 	1932
f 1924 	1932 	1934
f 1929 	1936 	1922
f 1929 	1922 	1919
f 1921 	1930 	1937
f 1921 	1937 	1927
f 1929 	6548 	1938
f 1938 	1941 	1936
f 1938 	1936 	1929
f 1939 	3249 	1945
f 1947 	2055 	1946
f 1942 	1947 	1948
f 1942 	1948 	1949
f 1942 	1949 	1950
f 1942 	1950 	1951
f 1942 	1951 	1953
f 1942 	1953 	1954
f 1942 	1954 	1955
f 1944 	1956 	1885
f 1944 	2296 	9319
f 1944 	1959 	1961
f 1944 	1961 	1956
f 1952 	1945 	1958
f 1959 	1944 	9319
f 1959 	1965 	1970
f 1959 	1970 	1961
f 1967 	1992 	1969
f 1969 	1972 	1967
f 1972 	1976 	1967
f 1976 	1979 	1967
f 1979 	1980 	1967
f 1966 	1967 	1980
f 1958 	1983 	9324
f 1971 	1947 	1964
f 1963 	1964 	1947
f 1973 	1947 	1971
f 1974 	1947 	1973
f 1975 	1947 	1974
f 1977 	1947 	1975
f 1981 	1947 	1977
f 1982 	1947 	1981
f 1993 	1947 	1982
f 1962 	1963 	1947
f 1962 	1947 	1942
f 1965 	1984 	1991
f 1965 	1991 	1970
f 1987 	1988 	2005
f 2004 	2005 	1988
f 1989 	2004 	1988
f 1990 	2004 	1989
f 2032 	2004 	1990
f 1986 	1987 	2005
f 1985 	1986 	2005
f 1945 	1912 	1958
f 1912 	1916 	1958
f 1983 	1958 	1916
f 1984 	1965 	9319
f 1996 	1947 	1995
f 1997 	1947 	1996
f 1998 	1947 	1997
f 2000 	1947 	1998
f 2001 	1947 	2000
f 1994 	1995 	1947
f 2002 	1947 	2001
f 2063 	1947 	2002
f 1984 	1999 	2008
f 1984 	2008 	1991
f 1931 	1925 	2007
f 2006 	2007 	1928
f 2006 	1928 	2013
f 1968 	1969 	1992
f 2005 	1968 	1992
f 1992 	1985 	2005
f 2012 	2015 	2011
f 2016 	2062 	2015
f 2017 	2062 	2016
f 2004 	2072 	2017
f 3276 	3273 	2010
f 2009 	2010 	1945
f 3254 	1945 	3258
f 2023 	2010 	2009
f 2024 	2025 	1946
f 2025 	2026 	1946
f 2026 	2027 	1946
f 2027 	2028 	1946
f 2028 	2029 	1946
f 2029 	2030 	1946
f 2030 	2031 	1946
f 1928 	1946 	2031
f 2013 	1928 	2031
f 2022 	2024 	1946
f 2021 	2022 	1946
f 2036 	2004 	2035
f 2034 	2035 	2004
f 2038 	2004 	2036
f 2033 	2034 	2004
f 2039 	2004 	2038
f 2040 	2004 	2039
f 2041 	2004 	2040
f 2042 	2004 	2041
f 2043 	2004 	2042
f 2044 	2004 	2043
f 2045 	2004 	2044
f 2032 	2033 	2004
f 2023 	6926 	2010
f 2021 	1946 	2048
f 2048 	1946 	2047
f 1993 	1994 	1947
f 2049 	2050 	1947
f 2050 	2051 	1947
f 2051 	2052 	1947
f 2052 	2054 	1947
f 2054 	2055 	1947
f 2055 	2056 	1946
f 2056 	2058 	1946
f 2047 	1946 	2058
f 2065 	1947 	2064
f 2067 	1947 	2065
f 2049 	1947 	2067
f 2064 	1947 	2063
f 2061 	2017 	2060
f 2062 	2017 	2061
f 2011 	2015 	2062
f 2060 	2017 	2059
f 2045 	2066 	2004
f 2066 	2069 	2004
f 2069 	2070 	2004
f 2070 	2071 	2004
f 2071 	2072 	2004
f 2073 	2017 	2072
f 2074 	2017 	2073
f 2074 	2075 	2017
f 2075 	2076 	2017
f 2059 	2017 	2076
f 2081 	2082 	2080
f 2079 	2080 	2082
f 2082 	2083 	2079
f 2083 	2084 	2079
f 2084 	2085 	2079
f 2085 	2086 	2079
f 2086 	2087 	2079
f 2078 	2079 	2087
f 2078 	2087 	2088
f 2078 	2088 	2057
f 2089 	2090 	2057
f 2091 	2057 	2090
f 2078 	2057 	2091
f 2092 	2093 	2057
f 8625 	8636 	8345
f 2057 	2093 	2095
f 2057 	2095 	2096
f 2057 	2096 	2097
f 2057 	2097 	2098
f 2057 	2098 	2099
f 2057 	2099 	2100
f 2057 	2100 	2101
f 2057 	2101 	2102
f 2057 	2102 	2103
f 2057 	2103 	2104
f 2057 	2104 	2105
f 2057 	2105 	2106
f 2057 	2106 	2107
f 2108 	2057 	2107
f 2089 	2057 	2111
f 2110 	2111 	2057
f 2109 	2110 	2057
f 2113 	2114 	2057
f 2114 	2115 	2057
f 2116 	2057 	2115
f 2117 	2057 	2116
f 2109 	2057 	2117
f 8668 	2119 	2112
f 8668 	8669 	2119
f 2118 	2119 	2120
f 2118 	2120 	2121
f 2113 	2057 	2123
f 2122 	2123 	2057
f 2108 	2124 	2057
f 2124 	2125 	2057
f 2125 	2126 	2057
f 2126 	2127 	2057
f 2127 	2128 	2057
f 2128 	2129 	2057
f 2130 	2057 	2129
f 2122 	2057 	2130
f 2131 	8509 	2118
f 2118 	8516 	2119
f 2057 	2088 	2630
f 2630 	2684 	2057
f 8546 	8663 	2119
f 2132 	2133 	2118
f 2132 	2118 	2121
f 2133 	2134 	8651
f 8651 	8652 	2133
f 8553 	2118 	8552
f 8600 	2118 	8553
f 2136 	2133 	2135
f 7973 	7976 	2133
f 2136 	7973 	2133
f 8370 	8376 	2133
f 2008 	2019 	2137
f 1999 	2019 	2008
f 2140 	2142 	2143
f 2140 	2143 	2141
f 2142 	2138 	2139
f 2142 	2139 	2143
f 2019 	2144 	2145
f 2019 	2145 	2137
f 2144 	2146 	2147
f 2144 	2147 	2145
f 2148 	2149 	2151
f 2148 	2151 	2152
f 2146 	2150 	2153
f 2146 	2153 	2147
f 2150 	8900 	2156
f 2154 	2157 	2158
f 2154 	2158 	2155
f 2156 	2159 	2153
f 2156 	2153 	2150
f 2156 	8900 	2160
f 2160 	8900 	2162
f 2157 	2148 	2152
f 2157 	2152 	2158
f 2160 	2161 	2159
f 2160 	2159 	2156
f 2162 	2163 	2161
f 2162 	2161 	2160
f 8900 	4594 	2162
f 2164 	2167 	2163
f 2164 	2163 	2162
f 2164 	2162 	4594
f 2165 	2166 	2149
f 2168 	2169 	2167
f 2168 	2167 	2164
f 2527 	2528 	2059
f 2168 	2164 	4594
f 2170 	4594 	1893
f 2170 	2171 	2169
f 2170 	2169 	2168
f 2170 	1893 	2171
f 1930 	9162 	2172
f 2173 	1937 	2172
f 1930 	2172 	1937
f 2172 	9162 	2174
f 2172 	2174 	2178
f 2172 	2178 	2173
f 2182 	2175 	4632
f 2176 	4632 	2175
f 9162 	9168 	2174
f 2166 	2151 	2149
f 2174 	2181 	2183
f 2174 	2183 	2178
f 9168 	9207 	2174
f 2471 	1976 	1972
f 2181 	2186 	2189
f 2181 	2189 	2183
f 2181 	2174 	9207
f 1976 	2471 	1979
f 2472 	1979 	2471
f 2188 	9243 	2187
f 2187 	6019 	2192
f 2193 	2189 	2191
f 2186 	2191 	2189
f 2417 	2030 	2029
f 2472 	2473 	1979
f 2184 	6026 	2190
f 1980 	2473 	1966
f 2185 	6025 	2184
f 2196 	2198 	2199
f 2196 	2199 	2200
f 9207 	9171 	2181
f 2474 	1967 	1966
f 2192 	6020 	2185
f 2203 	2193 	2197
f 2191 	2197 	2193
f 2201 	2202 	2204
f 2201 	2204 	2205
f 9171 	9170 	2181
f 2207 	2208 	2209
f 2207 	2209 	2210
f 2197 	2206 	2211
f 2197 	2211 	2203
f 2476 	1987 	1986
f 2177 	4632 	2176
f 2182 	4632 	2180
f 2212 	2213 	2214
f 2212 	2214 	2216
f 2206 	2215 	2218
f 2206 	2218 	2211
f 2217 	2219 	2220
f 2217 	2220 	2221
f 2186 	2181 	9170
f 2215 	2222 	2223
f 2215 	2223 	2218
f 2199 	2195 	2194
f 2199 	2194 	2200
f 2222 	2226 	2227
f 2222 	2227 	2223
f 2204 	2198 	2196
f 2204 	2196 	2205
f 2226 	2228 	2229
f 2226 	2229 	2227
f 2209 	2202 	2201
f 2209 	2201 	2210
f 1985 	1992 	2483
f 2214 	2208 	2207
f 2214 	2207 	2216
f 2228 	2230 	2231
f 2228 	2231 	2229
f 1985 	2483 	1986
f 2476 	1986 	2483
f 2220 	2213 	2212
f 2220 	2212 	2221
f 2224 	2219 	2217
f 2224 	2217 	2225
f 2231 	2230 	2232
f 2231 	2232 	2236
f 2238 	6778 	2237
f 2237 	6780 	2235
f 2235 	6780 	2234
f 2232 	2323 	2240
f 2238 	2237 	2185
f 2238 	2185 	2184
f 2451 	2067 	2065
f 2234 	2233 	2188
f 2234 	2188 	2187
f 2496 	2017 	2016
f 2232 	2240 	2241
f 2232 	2241 	2236
f 2240 	2323 	2242
f 1913 	1909 	2243
f 2017 	2496 	2004
f 2244 	2243 	1909
f 2198 	2204 	3166
f 2204 	2202 	3166
f 7987 	3166 	2224
f 2202 	2209 	3166
f 2209 	2208 	3166
f 2208 	2214 	3166
f 2214 	2213 	3166
f 2213 	2220 	3166
f 2220 	2219 	3166
f 2224 	3166 	2219
f 2240 	2242 	2245
f 2240 	2245 	2241
f 1864 	1913 	2243
f 1864 	2243 	1865
f 2246 	2154 	2155
f 2246 	2155 	2247
f 1822 	1877 	1876
f 1822 	1876 	1823
f 2242 	2323 	2250
f 2248 	2249 	1900
f 2248 	1900 	1898
f 2251 	2252 	2253
f 2251 	2253 	2254
f 2249 	2248 	2255
f 2248 	2243 	2255
f 2244 	2255 	2243
f 2260 	2245 	2242
f 1900 	2249 	1876
f 1823 	1876 	2249
f 1823 	2249 	1827
f 2256 	2257 	2258
f 2256 	2258 	2259
f 2467 	1969 	1968
f 2260 	2242 	2250
f 1827 	2249 	2255
f 2255 	2244 	2280
f 2250 	2323 	2262
f 2261 	2263 	2264
f 2261 	2264 	2265
f 2467 	2469 	1969
f 2250 	2262 	2266
f 2250 	2266 	2260
f 2267 	2269 	2270
f 2267 	2270 	2272
f 1972 	2469 	2471
f 2262 	2323 	2273
f 2262 	2273 	2275
f 2262 	2275 	2266
f 2280 	2290 	2255
f 2255 	2268 	2271
f 1828 	1827 	2271
f 2255 	2271 	1827
f 2273 	2323 	2277
f 1980 	1979 	2473
f 2252 	2278 	2279
f 2252 	2279 	2253
f 1909 	2280 	2244
f 2277 	2281 	2275
f 2277 	2275 	2273
f 2280 	1875 	2282
f 1824 	2282 	1875
f 1875 	2280 	1909
f 2474 	1966 	2473
f 2269 	2283 	2284
f 2269 	2284 	2270
f 2277 	2323 	2285
f 1967 	2474 	2475
f 2274 	2286 	2288
f 2274 	2288 	2276
f 2285 	2287 	2281
f 2285 	2281 	2277
f 2247 	2279 	2278
f 2247 	2278 	2246
f 2475 	2481 	1992
f 2475 	1992 	1967
f 2290 	2280 	2289
f 2268 	2255 	2290
f 2282 	2289 	2280
f 1887 	2287 	2285
f 2257 	2251 	2254
f 2257 	2254 	2258
f 2292 	9321 	2291
f 1861 	2282 	1824
f 2263 	2256 	2259
f 2263 	2259 	2264
f 1988 	1987 	2478
f 1890 	2292 	2291
f 1890 	2291 	1883
f 2478 	1989 	1988
f 2291 	9321 	2295
f 2283 	2261 	2265
f 2283 	2265 	2284
f 2301 	2282 	2293
f 2299 	2282 	2301
f 2282 	2299 	2393
f 1861 	2302 	2282
f 2295 	1884 	1883
f 2295 	1883 	2291
f 1989 	2480 	1990
f 2295 	9321 	2296
f 2286 	2267 	2272
f 2286 	2272 	2288
f 2296 	1885 	1884
f 2296 	1884 	2295
f 2294 	3652 	2298
f 9321 	9319 	2296
f 1861 	1828 	2297
f 2297 	2338 	1861
f 1861 	2337 	2336
f 1861 	2336 	2335
f 1861 	2335 	2334
f 2332 	1861 	2334
f 2328 	1861 	2329
f 2314 	2308 	1861
f 1885 	2296 	1944
f 2481 	2483 	1992
f 2323 	9321 	2285
f 2300 	2285 	9321
f 2568 	9321 	2323
f 2305 	2303 	1861
f 2293 	2282 	2302
f 2285 	2300 	1887
f 2302 	1861 	2303
f 2157 	3166 	2148
f 2278 	2252 	3166
f 2246 	2278 	3166
f 2310 	3166 	2311
f 2311 	3166 	2307
f 2251 	2257 	3166
f 2257 	2256 	3166
f 2256 	2263 	3166
f 2263 	2261 	3166
f 2261 	2283 	3166
f 2283 	2269 	3166
f 2269 	2267 	3166
f 2286 	3166 	2267
f 2274 	3166 	2286
f 2307 	3166 	2274
f 2300 	9321 	2304
f 2309 	2304 	9321
f 2307 	2274 	2306
f 2276 	2306 	2274
f 2300 	2304 	1888
f 2300 	1888 	1887
f 2305 	1861 	2308
f 2310 	2311 	2312
f 2310 	2312 	2313
f 2486 	2488 	2011
f 2304 	2309 	1889
f 2304 	1889 	1888
f 2315 	2316 	2317
f 2315 	2317 	2318
f 2309 	2292 	1890
f 2309 	1890 	1889
f 2327 	2321 	1861
f 2314 	1861 	2321
f 2494 	2016 	2015
f 2322 	2194 	2320
f 2195 	2320 	2194
f 2323 	2324 	2325
f 2492 	8602 	2326
f 2311 	2307 	2306
f 2311 	2306 	2312
f 2496 	2016 	2494
f 2327 	1861 	2328
f 2317 	2310 	2313
f 2317 	2313 	2318
f 2499 	2004 	2496
f 2329 	1861 	2332
f 2315 	2322 	2320
f 2315 	2320 	2316
f 2004 	2499 	2005
f 2199 	3166 	2195
f 2252 	2251 	3166
f 2317 	3166 	2310
f 2316 	3166 	2317
f 2316 	2320 	3166
f 2195 	3166 	2320
f 2032 	1990 	2504
f 2337 	1861 	2338
f 2504 	2033 	2032
f 2034 	2033 	2507
f 2342 	2343 	2344
f 2342 	2344 	2346
f 2297 	1828 	2345
f 2035 	2034 	2508
f 2507 	2508 	2034
f 2353 	1828 	2354
f 2345 	1828 	2348
f 2349 	2350 	2362
f 2035 	2508 	2036
f 2509 	2036 	2508
f 2348 	1828 	2351
f 2343 	2339 	2340
f 2343 	2340 	2344
f 2351 	1828 	2353
f 2509 	2038 	2036
f 2349 	2342 	2346
f 2349 	2346 	2350
f 2352 	5362 	2356
f 2354 	1828 	2355
f 2039 	2038 	2511
f 2511 	2040 	2039
f 2040 	2512 	2041
f 2362 	2363 	2349
f 2365 	2139 	2364
f 2138 	2364 	2139
f 2378 	2366 	2367
f 2141 	2371 	2140
f 2369 	2140 	2371
f 2042 	2041 	2514
f 2513 	2514 	2041
f 1828 	2368 	2361
f 2358 	1828 	2361
f 1828 	2358 	2357
f 2355 	1828 	2357
f 2378 	2372 	2366
f 2364 	2373 	2374
f 2364 	2374 	2365
f 2377 	2376 	1828
f 2368 	1828 	2375
f 2043 	2042 	2515
f 2514 	2515 	2042
f 2370 	2382 	2331
f 2367 	2370 	2331
f 2378 	2367 	2331
f 2375 	1828 	2376
f 2373 	2363 	2362
f 2373 	2362 	2374
f 2043 	2515 	2044
f 2516 	2044 	2515
f 2380 	2377 	1828
f 2378 	2379 	2372
f 2516 	2045 	2044
f 2140 	2460 	2142
f 2373 	2460 	2363
f 2364 	2460 	2373
f 2142 	2460 	2138
f 1828 	2271 	2381
f 1828 	2381 	2380
f 2045 	2517 	2066
f 2165 	2369 	2371
f 2165 	2371 	2166
f 2271 	2268 	2383
f 2383 	2268 	2385
f 2519 	2069 	2066
f 2384 	2331 	2382
f 2330 	2331 	2384
f 2069 	2519 	2070
f 2393 	2391 	2282
f 2420 	2282 	2388
f 2415 	2282 	2417
f 2412 	2282 	2415
f 2390 	3166 	2389
f 2389 	3166 	2387
f 2387 	3166 	2386
f 9201 	9200 	2434
f 9216 	9201 	2434
f 2388 	2282 	2391
f 2394 	2396 	3166
f 2396 	2400 	3166
f 2395 	7331 	2398
f 2392 	7331 	2395
f 2410 	2406 	2282
f 2397 	2282 	2399
f 2399 	2282 	2401
f 2398 	7331 	2404
f 2401 	2282 	2406
f 2407 	5577 	2405
f 2408 	2149 	2402
f 2420 	2418 	2282
f 2410 	2282 	2412
f 2409 	2404 	2814
f 2417 	2282 	2418
f 2413 	2409 	2814
f 2416 	2413 	2814
f 2421 	2419 	2814
f 2419 	2416 	2814
f 2289 	2282 	2397
f 2814 	2819 	2430
f 5450 	2407 	2359
f 2449 	2453 	2165
f 2424 	2814 	2425
f 2421 	2814 	2424
f 2426 	2290 	2428
f 2428 	2290 	2431
f 2425 	2814 	2427
f 2432 	2149 	2429
f 2431 	2290 	2433
f 2433 	2290 	2438
f 2437 	2149 	2432
f 2239 	2238 	2184
f 2239 	2184 	2190
f 2438 	2290 	2440
f 2441 	2149 	2437
f 1853 	1849 	2434
f 2440 	2290 	2443
f 2597 	2352 	2356
f 2444 	2149 	2441
f 9208 	9206 	2434
f 2443 	2290 	2445
f 2290 	2447 	2445
f 2165 	2149 	2422
f 2290 	2289 	2447
f 2414 	2429 	2149
f 2422 	2423 	2165
f 2268 	2290 	2450
f 2448 	2385 	2268
f 2448 	2268 	2450
f 2356 	2360 	2597
f 2426 	2452 	2290
f 2450 	2290 	2451
f 2520 	2521 	2070
f 2071 	2070 	2521
f 2435 	7794 	2319
f 2774 	1871 	1879
f 2071 	2521 	2072
f 2522 	2072 	2521
f 2072 	2522 	2073
f 2360 	2359 	2600
f 1891 	2778 	1886
f 2524 	2074 	2073
f 2454 	2455 	2165
f 2524 	2075 	2074
f 2349 	2363 	2460
f 2458 	2459 	2369
f 2527 	2059 	2076
f 2461 	2349 	2460
f 2060 	2059 	2528
f 2235 	2234 	2187
f 2235 	2187 	2192
f 2459 	2460 	2369
f 2060 	2528 	2061
f 2529 	2061 	2528
f 2781 	2398 	2404
f 2529 	2062 	2061
f 3166 	3140 	2506
f 2185 	2237 	2235
f 2185 	2235 	2192
f 2062 	2530 	2011
f 2465 	2467 	1968
f 1972 	1969 	2469
f 2451 	2290 	2452
f 2301 	1932 	1931
f 2301 	2293 	1932
f 3000 	2180 	2930
f 2302 	1934 	1933
f 2175 	2935 	2176
f 2805 	2436 	2439
f 2476 	2477 	1987
f 1924 	1934 	2302
f 2477 	2478 	1987
f 1989 	2478 	2479
f 2308 	1926 	1925
f 2479 	2480 	1989
f 1928 	1926 	2308
f 1866 	1869 	2770
f 2314 	2321 	1928
f 2770 	1869 	1863
f 2327 	1947 	1946
f 2327 	1946 	2321
f 2470 	3166 	2468
f 1948 	1947 	2327
f 1948 	2329 	1949
f 1950 	1949 	2332
f 2329 	2332 	1949
f 2012 	2011 	2488
f 2332 	2334 	1951
f 2332 	1951 	1950
f 2012 	2488 	2015
f 2490 	2015 	2488
f 2778 	1891 	1866
f 2334 	1953 	1951
f 2490 	2494 	2015
f 3166 	8629 	2333
f 2501 	3140 	2498
f 2500 	2005 	2499
f 2465 	1968 	2500
f 2005 	2500 	1968
f 2495 	2498 	3140
f 2338 	2297 	1942
f 1990 	2480 	2504
f 2503 	2462 	3140
f 2033 	2504 	2505
f 2501 	2502 	3140
f 2502 	2503 	3140
f 2345 	1963 	1962
f 2505 	2507 	2033
f 2345 	2348 	1964
f 2345 	1964 	1963
f 2463 	2464 	3166
f 2464 	2466 	3166
f 2466 	2468 	3166
f 2470 	2482 	3166
f 2386 	3166 	2482
f 2348 	2351 	1971
f 2348 	1971 	1964
f 2351 	1973 	1971
f 2509 	2510 	2038
f 1973 	2354 	1974
f 2510 	2511 	2038
f 1975 	1974 	2355
f 2354 	2355 	1974
f 2040 	2511 	2512
f 2355 	1977 	1975
f 2513 	2041 	2512
f 2516 	2517 	2045
f 1982 	2368 	1993
f 1993 	2368 	1994
f 2375 	1994 	2368
f 2518 	2066 	2517
f 1995 	1994 	2376
f 2375 	2376 	1994
f 2376 	1996 	1995
f 2518 	2519 	2066
f 1996 	2380 	1997
f 1998 	1997 	2381
f 2380 	2381 	1997
f 2520 	2070 	2519
f 2381 	2000 	1998
f 2001 	2385 	2002
f 2522 	2523 	2073
f 2002 	2385 	2448
f 2523 	2524 	2073
f 2524 	2525 	2075
f 2076 	2075 	2526
f 2525 	2526 	2075
f 2388 	2006 	2013
f 2526 	2527 	2076
f 2007 	2393 	1931
f 2397 	2021 	2048
f 2530 	2062 	2529
f 2021 	2397 	2022
f 2399 	2022 	2397
f 2486 	2011 	2530
f 2399 	2401 	2022
f 2024 	2401 	2025
f 2449 	2423 	2990
f 2533 	2505 	2532
f 2410 	2026 	2025
f 2410 	2025 	2406
f 2453 	2449 	2990
f 2026 	2410 	2027
f 2412 	2027 	2410
f 2537 	2473 	2536
f 2535 	2536 	2472
f 2028 	2027 	2412
f 2417 	2029 	2028
f 2542 	2478 	2541
f 2480 	2479 	2543
f 2531 	2480 	2543
f 2532 	2504 	2531
f 2477 	2476 	2540
f 2538 	2539 	2483
f 2550 	2534 	2469
f 2534 	2535 	2471
f 2472 	2471 	2535
f 2467 	2465 	2549
f 2496 	2494 	2552
f 2551 	2552 	2494
f 2499 	2496 	2546
f 2546 	2496 	2552
f 2476 	2483 	2539
f 2481 	2475 	2545
f 2469 	2467 	2550
f 2431 	2051 	2050
f 2548 	2549 	2465
f 2051 	2431 	2052
f 2433 	2052 	2431
f 2547 	2548 	2500
f 2471 	2469 	2534
f 2465 	2500 	2548
f 2052 	2433 	2054
f 2438 	2054 	2433
f 2549 	2550 	2467
f 2473 	2537 	2474
f 2438 	2440 	2054
f 2055 	2054 	2440
f 2537 	2544 	2474
f 2443 	2056 	2055
f 2443 	2055 	2440
f 2472 	2536 	2473
f 2058 	2056 	2443
f 2474 	2544 	2475
f 2092 	2057 	2684
f 2447 	2047 	2058
f 2544 	2545 	2475
f 2048 	2047 	2447
f 2063 	2002 	2448
f 2448 	2064 	2063
f 2477 	2541 	2478
f 2451 	2065 	2064
f 2478 	2542 	2479
f 2542 	2543 	2479
f 2669 	2084 	2083
f 2067 	2452 	2049
f 2669 	2085 	2084
f 2538 	2481 	2545
f 2086 	2085 	2674
f 2481 	2538 	2483
f 2299 	2301 	1931
f 2674 	2676 	2087
f 2674 	2087 	2086
f 1933 	1932 	2293
f 2676 	2088 	2087
f 2293 	2302 	1933
f 2302 	2303 	1924
f 2305 	1925 	1924
f 2305 	1924 	2303
f 2486 	2556 	2488
f 2488 	2557 	2490
f 2308 	1925 	2305
f 2314 	1928 	2308
f 2490 	2551 	2494
f 2639 	2091 	2090
f 1946 	1928 	2321
f 2639 	2642 	2091
f 2078 	2091 	2642
f 2546 	2547 	2499
f 2078 	2642 	2079
f 2643 	2079 	2642
f 2500 	2499 	2547
f 2327 	2328 	1948
f 2080 	2079 	2643
f 2328 	2329 	1948
f 2647 	2081 	2080
f 2334 	2335 	1953
f 2632 	2636 	2089
f 2556 	2486 	2555
f 2555 	2530 	2554
f 2524 	2523 	2559
f 2525 	2524 	2560
f 2526 	2525 	2561
f 2527 	2526 	2562
f 2562 	2563 	2527
f 2564 	2528 	2563
f 2554 	2529 	2564
f 1954 	1953 	2336
f 2335 	2336 	1953
f 2336 	2337 	1955
f 2336 	1955 	1954
f 1942 	1955 	2338
f 2337 	2338 	1955
f 3092 	3089 	2566
f 1962 	1942 	2297
f 1945 	2568 	2009
f 2521 	2591 	2522
f 2325 	2009 	2568
f 2297 	2345 	1962
f 2520 	2589 	2521
f 2522 	2558 	2523
f 2558 	2559 	2523
f 2647 	2082 	2081
f 2559 	2560 	2524
f 2557 	2488 	2556
f 2351 	2353 	1973
f 2560 	2561 	2525
f 2551 	2490 	2565
f 2353 	2354 	1973
f 2561 	2562 	2526
f 2569 	2837 	2570
f 2085 	2672 	2674
f 2570 	2837 	2836
f 2570 	2836 	2571
f 2355 	2357 	1977
f 2565 	2490 	2557
f 2527 	2563 	2528
f 2836 	2572 	2571
f 1981 	1977 	2358
f 2357 	2358 	1977
f 2528 	2564 	2529
f 2358 	2361 	1982
f 2358 	1982 	1981
f 2088 	2676 	2682
f 2529 	2554 	2530
f 2574 	9403 	2573
f 2530 	2555 	2486
f 9262 	9225 	2907
f 2092 	2684 	2093
f 2894 	2386 	2482
f 2572 	2845 	2573
f 2093 	2686 	2095
f 2578 	2579 	2511
f 2512 	2511 	2579
f 2579 	2580 	2512
f 2513 	2512 	2580
f 2581 	2513 	2580
f 2582 	2514 	2581
f 2583 	2515 	2582
f 2584 	2516 	2583
f 2585 	2517 	2584
f 2586 	2518 	2585
f 2587 	2519 	2586
f 2511 	2510 	2578
f 2577 	2578 	2509
f 2509 	2508 	2577
f 2508 	2507 	2576
f 2539 	2540 	2476
f 2540 	2541 	2477
f 3080 	2489 	2487
f 2491 	2489 	3080
f 2480 	2531 	2504
f 2504 	2532 	2505
f 2533 	2576 	2507
f 2319 	2333 	2435
f 2497 	2435 	2333
f 2100 	2099 	2881
f 2594 	2595 	2407
f 2881 	2101 	2100
f 2505 	2533 	2507
f 2576 	2577 	2508
f 2890 	2104 	2103
f 2510 	2509 	2578
f 2890 	2105 	2104
f 2513 	2581 	2514
f 2515 	2583 	2516
f 2107 	2106 	2947
f 2514 	2582 	2515
f 2947 	2108 	2107
f 2516 	2584 	2517
f 2361 	2368 	1982
f 2386 	2894 	2387
f 2096 	2095 	2877
f 2876 	2877 	2095
f 2877 	2878 	2096
f 2517 	2585 	2518
f 2558 	2522 	2591
f 2591 	2521 	2589
f 2589 	2520 	2587
f 2376 	2377 	1996
f 2389 	2897 	2390
f 2097 	2878 	2098
f 2519 	2587 	2520
f 2518 	2586 	2519
f 2377 	2380 	1996
f 2897 	2394 	2390
f 2597 	6308 	2598
f 2600 	6309 	2597
f 2381 	2271 	2000
f 2099 	2880 	2881
f 2539 	2602 	2601
f 2539 	2601 	2540
f 2383 	2001 	2271
f 2000 	2271 	2001
f 2101 	2881 	2882
f 2383 	2385 	2001
f 2601 	2603 	2541
f 2601 	2541 	2540
f 2400 	2903 	2402
f 2882 	2102 	2101
f 2603 	2740 	2604
f 2603 	2604 	2542
f 2603 	2542 	2541
f 2013 	2031 	2388
f 2906 	2910 	2402
f 2889 	2103 	2102
f 2607 	2608 	2605
f 2388 	2391 	2006
f 2604 	2606 	2543
f 2604 	2543 	2542
f 2889 	2890 	2103
f 2393 	2007 	2006
f 2393 	2006 	2391
f 2606 	2740 	2610
f 2611 	2605 	2608
f 2299 	1931 	2393
f 2606 	2610 	2531
f 2606 	2531 	2543
f 2105 	2890 	2891
f 2607 	2588 	2609
f 2605 	2588 	2607
f 2610 	2612 	2532
f 2610 	2532 	2531
f 2106 	2105 	2941
f 2891 	2941 	2105
f 2941 	2947 	2106
f 2024 	2022 	2401
f 2612 	2613 	2533
f 2612 	2533 	2532
f 2947 	2952 	2108
f 2406 	2025 	2401
f 2613 	2678 	2533
f 2616 	2605 	2611
f 2975 	2960 	2113
f 2615 	6548 	2617
f 2415 	2028 	2412
f 2615 	2617 	2535
f 2615 	2535 	2534
f 2960 	2962 	2113
f 2114 	2113 	2962
f 2114 	2962 	2115
f 2965 	2115 	2962
f 2417 	2028 	2415
f 2617 	2618 	2536
f 2617 	2536 	2535
f 2618 	2617 	1919
f 2966 	2116 	2115
f 2966 	2115 	2965
f 2418 	2030 	2417
f 2618 	2619 	2537
f 2618 	2537 	2536
f 2116 	2966 	2117
f 2969 	2117 	2966
f 2030 	2418 	2031
f 2420 	2031 	2418
f 2970 	2109 	2117
f 2970 	2117 	2969
f 2420 	2388 	2031
f 2544 	2537 	2620
f 2619 	2620 	2537
f 2109 	2970 	2110
f 2972 	2110 	2970
f 2048 	2289 	2397
f 2620 	2621 	2545
f 2620 	2545 	2544
f 2972 	2974 	2110
f 2111 	2110 	2974
f 1911 	1905 	2619
f 2621 	2622 	2538
f 2621 	2538 	2545
f 2426 	2428 	2050
f 2426 	2050 	2049
f 2089 	2111 	2974
f 2431 	2050 	2428
f 2622 	2602 	2539
f 2622 	2539 	2538
f 2123 	2975 	2113
f 2124 	2108 	2979
f 2952 	2979 	2108
f 3725 	3726 	2673
f 2124 	2979 	2125
f 2981 	2125 	2979
f 2998 	2455 	2454
f 2624 	2625 	2552
f 2624 	2552 	2551
f 2981 	2126 	2125
f 2456 	2455 	2998
f 2986 	2127 	2126
f 2445 	2058 	2443
f 2058 	2445 	2447
f 2127 	2986 	2128
f 2989 	2128 	2986
f 2626 	2546 	2625
f 2128 	2989 	2129
f 2991 	2129 	2989
f 2289 	2048 	2447
f 2552 	2625 	2546
f 2609 	2588 	2637
f 6337 	6338 	2625
f 2991 	2993 	2129
f 2130 	2129 	2993
f 2627 	2547 	2546
f 2627 	2546 	2626
f 2064 	2448 	2450
f 2627 	6340 	2628
f 2122 	2130 	2993
f 2450 	2451 	2064
f 2628 	2548 	2547
f 2628 	2547 	2627
f 3019 	2460 	2459
f 2451 	2452 	2067
f 2975 	2123 	2122
f 2628 	6340 	2629
f 2629 	2549 	2548
f 2629 	2548 	2628
f 2426 	2049 	2452
f 3028 	2461 	2460
f 2088 	2682 	2630
f 2631 	2550 	2549
f 2631 	2549 	2629
f 1898 	1877 	2248
f 1877 	1822 	2248
f 1865 	2248 	1822
f 2243 	2248 	1865
f 2534 	2550 	2631
f 2534 	2631 	2615
f 1797 	1798 	1821
f 1864 	1821 	1878
f 1864 	1878 	1913
f 2089 	2974 	2632
f 7555 	8425 	1799
f 2641 	7842 	1877
f 2090 	2089 	2636
f 1876 	1877 	7842
f 2636 	2639 	2090
f 2633 	2638 	2559
f 2633 	2559 	2558
f 2637 	2588 	2635
f 2634 	2635 	2588
f 2590 	2634 	2588
f 2638 	2640 	2560
f 2638 	2560 	2559
f 7842 	7841 	1876
f 2699 	2696 	3733
f 2464 	3047 	2466
f 2560 	2640 	2644
f 2560 	2644 	2561
f 2645 	2080 	2643
f 2646 	3740 	2648
f 3051 	3054 	2466
f 2644 	2646 	2562
f 2644 	2562 	2561
f 2080 	2645 	2647
f 2649 	2082 	2647
f 2646 	2648 	2563
f 2646 	2563 	2562
f 3740 	3722 	2648
f 2382 	2609 	2637
f 2656 	2083 	2082
f 2656 	2082 	2649
f 2648 	2652 	2564
f 2648 	2564 	2563
f 2750 	2751 	2663
f 2661 	2662 	2751
f 2663 	2664 	2750
f 2749 	2750 	2664
f 2664 	2665 	2749
f 2681 	2680 	2738
f 2665 	2666 	2749
f 2747 	2748 	2667
f 2660 	2661 	2751
f 2685 	2706 	2687
f 2710 	2747 	2667
f 2707 	2710 	2667
f 2692 	2688 	2707
f 2652 	2648 	3722
f 2083 	2656 	2669
f 2652 	2668 	2554
f 2652 	2554 	2564
f 2659 	2660 	2743
f 2668 	2652 	3722
f 2085 	2669 	2672
f 3028 	2484 	2461
f 2668 	2671 	2555
f 2668 	2555 	2554
f 3722 	3723 	2668
f 2671 	2673 	2556
f 2671 	2556 	2555
f 2673 	2671 	3725
f 2675 	2557 	2556
f 2675 	2556 	2673
f 6557 	2623 	2614
f 2677 	2565 	2557
f 2677 	2557 	2675
f 3723 	3725 	2671
f 2677 	2624 	2565
f 2551 	2565 	2624
f 2678 	2613 	2735
f 2678 	2576 	2533
f 3094 	2495 	2493
f 2678 	2679 	2577
f 2678 	2577 	2576
f 2679 	2678 	2736
f 2679 	2680 	2578
f 2679 	2578 	2577
f 3099 	2498 	3094
f 2495 	3094 	2498
f 2780 	2779 	2395
f 2680 	2681 	2579
f 2680 	2579 	2578
f 2780 	2395 	2781
f 2398 	2781 	2395
f 2498 	3099 	2501
f 2650 	2936 	2651
f 2681 	2683 	2580
f 2681 	2580 	2579
f 2093 	2684 	2686
f 2783 	2404 	2409
f 2580 	2685 	2581
f 2413 	2783 	2409
f 2685 	2580 	2683
f 2685 	2687 	2582
f 2685 	2582 	2581
f 2419 	2421 	2791
f 2687 	2688 	2583
f 2687 	2583 	2582
f 2691 	2694 	2690
f 2689 	2690 	2693
f 2706 	2707 	2687
f 2692 	2707 	2667
f 2688 	2692 	2584
f 2688 	2584 	2583
f 2751 	2743 	2660
f 2692 	2693 	2585
f 2692 	2585 	2584
f 2389 	2896 	2897
f 2693 	2690 	2694
f 2800 	2797 	2430
f 2693 	2694 	2586
f 2693 	2586 	2585
f 2691 	3730 	2694
f 2694 	2695 	2587
f 2694 	2587 	2586
f 2396 	2903 	2400
f 2589 	2587 	2696
f 2695 	2696 	2587
f 2698 	1801 	2697
f 2906 	2402 	2903
f 2700 	1801 	2698
f 2408 	2402 	2910
f 2699 	2591 	2589
f 2699 	2589 	2696
f 2702 	1801 	2701
f 2913 	2411 	2910
f 2558 	2591 	2699
f 2558 	2699 	2633
f 2411 	2913 	2414
f 1866 	2770 	2767
f 2748 	2749 	2667
f 2706 	2685 	2704
f 2662 	2663 	2751
f 2442 	1871 	2772
f 2772 	1871 	2774
f 3552 	3550 	3605
f 2774 	1879 	1881
f 2414 	2931 	2429
f 2711 	1801 	2702
f 2712 	2713 	1801
f 2931 	2933 	2429
f 1866 	2767 	2778
f 1799 	1801 	2714
f 2937 	2437 	2432
f 2937 	2441 	2437
f 2717 	1799 	2716
f 2392 	2395 	2779
f 2718 	1799 	2717
f 2719 	1799 	2718
f 1799 	2715 	2716
f 2721 	1799 	2719
f 2983 	2987 	2444
f 2446 	2987 	2422
f 2723 	1799 	2722
f 2721 	2722 	1799
f 2724 	2726 	1799
f 2726 	2727 	1799
f 2413 	2784 	2783
f 2740 	1799 	2728
f 2727 	2728 	1799
f 2786 	2784 	2416
f 2997 	2454 	2453
f 2729 	2740 	2728
f 2419 	2788 	2416
f 2729 	2730 	2740
f 3002 	2456 	2998
f 2733 	2740 	2732
f 2734 	2740 	2733
f 2427 	2797 	2425
f 2736 	2678 	2735
f 2427 	2430 	2797
f 2739 	2703 	2683
f 2434 	2802 	2430
f 2731 	2740 	2730
f 2731 	2732 	2740
f 2735 	2740 	2734
f 2738 	2739 	2681
f 2723 	2724 	1799
f 2683 	2681 	2739
f 2685 	2683 	2704
f 2703 	2704 	2683
f 2666 	2667 	2749
f 2805 	2439 	2442
f 2713 	2714 	1801
f 2715 	1799 	2714
f 2712 	1801 	2711
f 2697 	1801 	2742
f 1863 	2764 	2770
f 2701 	1801 	2700
f 2774 	1881 	2776
f 2650 	2651 	2741
f 1886 	2777 	1881
f 2741 	2742 	2650
f 2651 	2653 	2741
f 2657 	2658 	2744
f 2744 	2745 	2657
f 2658 	2659 	2744
f 2655 	2657 	2745
f 3002 	3006 	2456
f 2745 	2746 	2655
f 2654 	2655 	2746
f 2746 	2741 	2653
f 2650 	2742 	1801
f 2653 	2654 	2746
f 2743 	2744 	2659
f 2670 	2650 	1801
f 3019 	2459 	2458
f 2737 	2738 	2680
f 2740 	1790 	1799
f 2680 	2679 	2737
f 2736 	2737 	2679
f 2740 	2735 	2613
f 2613 	2612 	2740
f 2612 	2610 	2740
f 2604 	2740 	2606
f 2413 	2416 	2784
f 2786 	2416 	2788
f 2753 	2755 	4396
f 2419 	2791 	2788
f 2762 	3310 	2760
f 2462 	2503 	3037
f 2791 	2421 	2424
f 2506 	2462 	3037
f 2753 	4396 	2760
f 2464 	2463 	3047
f 3051 	2466 	3047
f 2800 	2430 	2802
f 2762 	2760 	4410
f 4411 	4410 	2760
f 2468 	2466 	3054
f 2802 	2434 	2436
f 4410 	2759 	2762
f 2468 	3054 	2470
f 2470 	3056 	2482
f 2442 	2807 	2805
f 2760 	3310 	2753
f 2757 	3310 	2758
f 2753 	3310 	2755
f 2807 	2442 	2772
f 2482 	3057 	2894
f 3071 	3074 	2485
f 2487 	3074 	3080
f 2776 	1881 	2777
f 3087 	2491 	3080
f 1886 	2778 	2777
f 3087 	3090 	2491
f 4197 	3310 	2763
f 2763 	3310 	2773
f 2773 	3310 	2765
f 2765 	3310 	2766
f 2771 	3310 	2757
f 2769 	3310 	2771
f 2768 	3310 	2769
f 2775 	3310 	2768
f 2766 	3310 	2775
f 4432 	2761 	2756
f 2404 	2782 	2781
f 2783 	2782 	2404
f 2758 	3310 	2759
f 2761 	2785 	2756
f 2789 	2787 	2761
f 2787 	2785 	2761
f 2754 	3310 	2761
f 2789 	2761 	2790
f 2791 	2424 	2794
f 2425 	2795 	2424
f 2794 	2424 	2795
f 2795 	2425 	2797
f 2436 	2803 	2802
f 2801 	2756 	2785
f 2799 	2756 	2801
f 2803 	2436 	2805
f 2804 	3310 	2806
f 2793 	3310 	2804
f 2806 	3310 	2808
f 2808 	3310 	2809
f 2809 	3310 	2810
f 7330 	7331 	2392
f 2812 	3310 	2815
f 2811 	3310 	2812
f 2408 	2910 	2411
f 9204 	9216 	2434
f 1849 	9208 	2434
f 1845 	1853 	2434
f 2430 	9361 	2434
f 2427 	2814 	2430
f 2815 	3310 	2816
f 2817 	2816 	2752
f 2818 	2817 	2752
f 2725 	2818 	2752
f 6052 	2430 	6053
f 6053 	2430 	2819
f 2423 	2422 	2923
f 9192 	9191 	2436
f 2436 	2434 	9196
f 9213 	9196 	2434
f 9363 	2430 	9364
f 2423 	2923 	2990
f 2414 	2916 	2931
f 2822 	2824 	2825
f 2822 	2825 	2823
f 2824 	2821 	2820
f 2824 	2820 	2825
f 2868 	3221 	2871
f 2871 	3221 	2820
f 6553 	2834 	6557
f 3424 	2747 	2710
f 2441 	2939 	2444
f 2446 	2444 	2987
f 2828 	2829 	2953
f 2830 	2831 	2832
f 2830 	2832 	2833
f 3070 	2714 	2713
f 2715 	2714 	3070
f 2835 	2838 	2839
f 2835 	2839 	2840
f 2841 	2842 	2843
f 2841 	2843 	2844
f 2836 	2837 	6553
f 2453 	2990 	2994
f 2846 	2847 	2848
f 2846 	2848 	2849
f 2453 	2994 	2997
f 2850 	2851 	2852
f 2850 	2852 	2853
f 2454 	2997 	2998
f 2854 	2855 	2856
f 2854 	2856 	2857
f 2858 	2859 	2860
f 2858 	2860 	2861
f 2862 	2863 	2864
f 2862 	2864 	2865
f 2457 	2456 	3006
f 2866 	2867 	2868
f 2866 	2868 	2869
f 2458 	2457 	3006
f 2820 	2821 	2871
f 2870 	2871 	2821
f 2822 	2823 	2872
f 2822 	2872 	2873
f 2874 	2875 	2851
f 2874 	2851 	2850
f 2818 	4500 	2817
f 2830 	2829 	2828
f 2830 	2828 	2831
f 2835 	2833 	2832
f 2835 	2832 	2838
f 2841 	2840 	2839
f 2841 	2839 	2842
f 2846 	2844 	2843
f 2846 	2843 	2847
f 4441 	2787 	2789
f 2874 	2849 	2848
f 2874 	2848 	2875
f 2854 	2853 	2852
f 2854 	2852 	2855
f 2463 	3044 	3047
f 4448 	2792 	2793
f 2858 	2857 	2856
f 2858 	2856 	2859
f 2862 	2861 	2860
f 2862 	2860 	2863
f 2866 	2865 	2864
f 2866 	2864 	2867
f 4450 	4377 	2796
f 2876 	2095 	2686
f 3054 	3056 	2470
f 2870 	2869 	2868
f 2870 	2868 	2871
f 4453 	2796 	2798
f 3057 	2482 	3056
f 4453 	2798 	2799
f 2097 	2096 	2878
f 2878 	2879 	2098
f 3071 	2485 	2484
f 2099 	2098 	2880
f 2879 	2880 	2098
f 2487 	2485 	3074
f 2820 	3221 	2825
f 2825 	3221 	2823
f 2867 	3221 	2868
f 2864 	3222 	2867
f 2863 	3222 	2864
f 2860 	3222 	2863
f 2859 	3222 	2860
f 2856 	3222 	2859
f 2855 	3222 	2856
f 2852 	3222 	2855
f 2851 	3222 	2852
f 2875 	3222 	2851
f 2848 	3222 	2875
f 2847 	3222 	2848
f 2843 	3225 	2847
f 2842 	3225 	2843
f 2839 	3225 	2842
f 2838 	3225 	2839
f 2838 	2832 	3225
f 2832 	2831 	3225
f 2828 	3225 	2831
f 2102 	2882 	2885
f 2886 	2887 	6055
f 4481 	2810 	2811
f 2885 	2889 	2102
f 2812 	4484 	2811
f 4481 	2811 	4484
f 2493 	2491 	3090
f 4492 	4484 	2815
f 3094 	2493 	3090
f 2815 	2816 	4492
f 2326 	2893 	2492
f 2501 	3112 	2502
f 2818 	2725 	4500
f 3118 	2503 	3115
f 2502 	3115 	2503
f 2785 	4437 	2801
f 2834 	6553 	2837
f 3424 	3425 	2747
f 2463 	2506 	3132
f 2387 	2894 	2895
f 4846 	4612 	4845
f 2387 	2895 	2896
f 2389 	2387 	2896
f 2899 	6553 	2907
f 4450 	2796 	4453
f 2897 	2898 	2394
f 2900 	6553 	2899
f 2396 	2394 	2901
f 2898 	2901 	2394
f 4459 	4457 	2801
f 2396 	2901 	2903
f 4448 	2793 	2804
f 2836 	6553 	2845
f 4470 	2806 	2808
f 4473 	4470 	2809
f 2916 	2414 	2913
f 2331 	2330 	2590
f 2331 	2590 	2588
f 2923 	2422 	2924
f 2592 	2590 	2341
f 2330 	2341 	2590
f 2403 	2593 	2405
f 2594 	2405 	2593
f 2812 	2815 	4484
f 2594 	2407 	2405
f 2432 	2429 	2933
f 2816 	4495 	4492
f 2432 	2933 	2937
f 5516 	5514 	3172
f 3173 	3172 	5508
f 3172 	3170 	5516
f 3170 	3169 	5516
f 5521 	5516 	3169
f 2888 	2892 	2940
f 2888 	2940 	2942
f 2943 	2944 	2945
f 2943 	2945 	2946
f 3146 	3145 	3333
f 2359 	2407 	2596
f 2948 	2949 	2950
f 2948 	2950 	2951
f 2407 	2595 	2596
f 2953 	2955 	2828
f 2963 	2961 	3338
f 3339 	3341 	2964
f 2598 	2352 	2597
f 2787 	4437 	2785
f 2592 	2341 	2599
f 2599 	2341 	2347
f 3089 	3088 	2566
f 2959 	8900 	3046
f 2566 	3052 	8900
f 8900 	2959 	3043
f 3039 	3027 	8900
f 8900 	3021 	3018
f 2964 	3364 	3018
f 2961 	2954 	3337
f 3336 	3337 	2954
f 4441 	2789 	2790
f 2597 	2360 	2600
f 2598 	2599 	2352
f 2599 	2347 	2352
f 2600 	2359 	2596
f 2331 	2588 	2378
f 2912 	2911 	3429
f 3418 	3429 	2911
f 2928 	2912 	3429
f 2911 	2927 	3418
f 3417 	3418 	2927
f 2927 	2909 	3417
f 2909 	2908 	3417
f 3420 	3417 	2908
f 2908 	2922 	3420
f 3421 	3420 	2922
f 2905 	3421 	2922
f 2605 	2378 	2588
f 2902 	2936 	2670
f 4459 	2801 	4437
f 2607 	2367 	2608
f 2366 	2608 	2367
f 2370 	2609 	2382
f 2611 	2608 	2372
f 2366 	2372 	2608
f 2939 	2441 	2937
f 2956 	2958 	2943
f 2956 	2943 	2946
f 2126 	2981 	2982
f 2367 	2607 	2370
f 2609 	2370 	2607
f 2984 	2985 	2948
f 2984 	2948 	2951
f 2983 	2444 	2939
f 2982 	2986 	2126
f 2886 	2888 	2942
f 2886 	2942 	2887
f 2892 	2958 	2956
f 2892 	2956 	2940
f 2944 	2985 	2984
f 2944 	2984 	2945
f 2924 	2422 	2987
f 2949 	2955 	2953
f 2949 	2953 	2950
f 2611 	2372 	2616
f 2379 	2616 	2372
f 6059 	3225 	2886
f 2955 	3225 	2828
f 2949 	3225 	2955
f 2948 	3225 	2949
f 2985 	3225 	2948
f 2944 	3225 	2985
f 2943 	3225 	2944
f 2958 	3225 	2943
f 2892 	3225 	2958
f 2888 	3225 	2892
f 2886 	3225 	2888
f 2993 	2995 	2122
f 2378 	2605 	2379
f 2616 	2379 	2605
f 2826 	2873 	2872
f 2826 	2872 	2827
f 2995 	2975 	2122
f 2614 	2623 	2634
f 2999 	2884 	2883
f 2999 	2883 	3001
f 2623 	2553 	2634
f 3009 	2656 	3008
f 3008 	2649 	3007
f 3013 	3015 	2642
f 2645 	2643 	3015
f 3016 	2645 	3015
f 3017 	2647 	3016
f 3007 	2647 	3017
f 3337 	3338 	2961
f 3014 	2458 	3006
f 2977 	2980 	3424
f 3426 	3425 	2918
f 2458 	3014 	3019
f 3024 	3020 	2682
f 2630 	2682 	3020
f 3021 	8900 	3025
f 3026 	2460 	3019
f 3025 	8900 	3027
f 2382 	2637 	2384
f 2635 	2384 	2637
f 2460 	3026 	3028
f 3024 	2682 	3023
f 3023 	2674 	3022
f 3010 	2672 	3009
f 3067 	2484 	3028
f 2634 	2553 	2635
f 2553 	2384 	2635
f 3206 	3207 	3034
f 3035 	3190 	3034
f 3029 	3412 	2936
f 2684 	2630 	3020
f 3039 	8900 	3040
f 2834 	2569 	2623
f 3043 	3041 	8900
f 3196 	3198 	2632
f 3132 	2506 	3037
f 3040 	8900 	3041
f 2639 	2636 	3012
f 2553 	2623 	2569
f 2642 	2639 	3012
f 5443 	3746 	3137
f 3046 	8900 	3049
f 3746 	3750 	3137
f 3012 	3013 	2642
f 2834 	2837 	2569
f 2643 	2642 	3015
f 2649 	3008 	2656
f 2645 	3016 	2647
f 2572 	2836 	2845
f 3750 	3744 	3138
f 2647 	3007 	2649
f 2669 	3009 	2672
f 2573 	2900 	2574
f 2899 	2574 	2900
f 2672 	3010 	2674
f 3038 	9117 	3058
f 2656 	3009 	2669
f 2899 	2907 	2574
f 3061 	3062 	3060
f 3063 	3060 	3062
f 3064 	3060 	3063
f 3066 	3060 	3064
f 3068 	3060 	3066
f 3069 	3060 	3068
f 3010 	3022 	2674
f 2900 	2573 	2845
f 2484 	3067 	3071
f 2324 	2323 	2575
f 2676 	3023 	2682
f 2674 	3023 	2676
f 3079 	3328 	3078
f 3076 	3078 	3328
f 3081 	3328 	3079
f 3082 	3328 	3081
f 3083 	3328 	3082
f 3084 	3328 	3083
f 3060 	3328 	3084
f 2808 	2809 	4470
f 3055 	2566 	3088
f 3052 	2566 	3055
f 3049 	8900 	3052
f 3077 	7321 	3085
f 2810 	4473 	2809
f 3092 	2566 	3095
f 3086 	4194 	3091
f 3095 	2566 	3098
f 3091 	4194 	3093
f 4194 	5352 	3093
f 3101 	3098 	2566
f 2501 	3099 	3112
f 3102 	5352 	3111
f 3113 	3101 	2566
f 3106 	2885 	3105
f 3105 	2882 	3104
f 3107 	2885 	3106
f 3108 	2889 	3107
f 3109 	2891 	3108
f 3110 	2891 	3109
f 2891 	2890 	3108
f 3104 	2881 	3103
f 2880 	2879 	3103
f 2879 	2878 	3100
f 3115 	2502 	3112
f 2817 	4497 	2816
f 4495 	2816 	4497
f 3123 	3060 	3069
f 3126 	3060 	3123
f 3127 	3060 	3126
f 3128 	3060 	3127
f 3114 	3111 	5352
f 3116 	3114 	5352
f 4500 	4497 	2817
f 2503 	3118 	3037
f 3125 	2878 	3122
f 3122 	2876 	3121
f 3121 	2876 	3120
f 3100 	2878 	3125
f 2684 	3120 	2686
f 3119 	3120 	2684
f 2684 	3020 	3119
f 2725 	4386 	4500
f 5391 	5505 	2938
f 5508 	5391 	2938
f 5514 	5508 	3172
f 3136 	3130 	3360
f 3044 	2463 	3132
f 3167 	3139 	3166
f 3140 	3166 	3139
f 2462 	2506 	3140
f 2463 	3166 	2506
f 2787 	4439 	4437
f 3136 	3360 	3141
f 2686 	3120 	2876
f 3100 	3103 	2879
f 3137 	3135 	5454
f 5454 	5443 	3137
f 4441 	4439 	2787
f 2876 	3122 	2877
f 2877 	3122 	2878
f 3143 	3141 	3361
f 3360 	3361 	3141
f 4445 	4443 	2792
f 2484 	3140 	2461
f 2485 	3140 	2484
f 2489 	3140 	2487
f 2491 	3140 	2489
f 2493 	3140 	2491
f 2495 	3140 	2493
f 3145 	3143 	3332
f 3361 	3332 	3143
f 3140 	3139 	2326
f 4445 	2792 	4448
f 2957 	3336 	3147
f 3146 	2957 	3147
f 2880 	3103 	2881
f 3150 	3151 	5327
f 2881 	3104 	2882
f 3148 	3152 	3153
f 3148 	3153 	3149
f 2882 	3105 	2885
f 3153 	3151 	3150
f 3153 	3150 	3149
f 3154 	3155 	3033
f 3032 	3033 	3155
f 3032 	3155 	3156
f 3032 	3156 	3157
f 3032 	3157 	3158
f 2885 	3107 	2889
f 5666 	5668 	5913
f 5315 	5314 	5669
f 3005 	3189 	7353
f 2889 	3108 	2890
f 2938 	3173 	5508
f 2138 	2460 	2364
f 2444 	2446 	2149
f 2411 	2414 	2149
f 2446 	2422 	2149
f 2423 	2449 	2165
f 2453 	2454 	2165
f 2455 	2456 	2165
f 2369 	2165 	2456
f 2456 	2457 	2369
f 2457 	2458 	2369
f 2799 	4457 	4453
f 2891 	3110 	2941
f 2799 	2801 	4457
f 2941 	3110 	2947
f 3110 	3229 	2947
f 2390 	2394 	3166
f 2400 	2402 	3166
f 2149 	3166 	2402
f 2408 	2411 	2149
f 2148 	3166 	2149
f 2154 	2246 	3166
f 2157 	2154 	3166
f 3229 	3230 	2947
f 3163 	3168 	3174
f 3163 	3174 	3171
f 3166 	2333 	3167
f 3168 	5958 	6150
f 3179 	2970 	3178
f 3180 	2970 	3179
f 3185 	2965 	3183
f 3178 	2966 	3177
f 3177 	2965 	3185
f 2199 	2198 	3166
f 3181 	3652 	3186
f 3035 	3076 	3328
f 3035 	3328 	3187
f 3035 	3187 	3188
f 3035 	3188 	3190
f 3191 	3034 	3190
f 3192 	3034 	3191
f 3193 	3034 	3192
f 3194 	3034 	3193
f 3195 	3034 	3194
f 3652 	7353 	3189
f 3189 	3186 	3652
f 3200 	2636 	3198
f 2827 	3204 	3203
f 3201 	2827 	3203
f 3211 	3154 	3033
f 3205 	3034 	3195
f 3206 	3034 	3205
f 3207 	3208 	3034
f 3208 	3209 	3034
f 3033 	3034 	3209
f 3209 	3210 	3033
f 3211 	3033 	3210
f 2960 	3182 	2962
f 2966 	3178 	2969
f 2827 	3212 	3204
f 2567 	3113 	2566
f 3202 	3199 	4988
f 2962 	3183 	2965
f 3196 	2974 	3180
f 3318 	3317 	1912
f 2965 	3177 	2966
f 3213 	3212 	2827
f 3216 	2567 	2566
f 3317 	3241 	1912
f 2969 	3178 	2970
f 3216 	2566 	3220
f 2974 	3196 	2632
f 2970 	3180 	2972
f 3012 	2636 	3200
f 3148 	3223 	3224
f 3217 	2872 	3218
f 3219 	2872 	3221
f 3218 	2872 	3219
f 2632 	3198 	2636
f 2972 	3180 	2974
f 3152 	3148 	3224
f 3221 	2867 	3222
f 2566 	1912 	3220
f 3231 	3232 	2979
f 2981 	2979 	3232
f 2979 	2952 	3231
f 3226 	3220 	1912
f 8057 	1978 	3240
f 3183 	2962 	3182
f 3243 	3182 	2975
f 3242 	3243 	2975
f 2975 	2995 	3242
f 3244 	3245 	2991
f 3245 	3246 	2991
f 2993 	2991 	3246
f 3242 	2993 	3246
f 2975 	3182 	2960
f 3164 	3631 	3161
f 3302 	3304 	3247
f 2981 	3232 	2982
f 3233 	2982 	3232
f 2952 	2947 	3230
f 3230 	3231 	2952
f 3233 	3234 	2982
f 2991 	2989 	3244
f 2986 	2982 	3234
f 2989 	2986 	3234
f 9243 	3460 	6019
f 3234 	3244 	2989
f 2993 	3242 	2995
f 3315 	3248 	3367
f 3249 	3409 	1945
f 3249 	1939 	3013
f 3249 	3013 	3012
f 1939 	1945 	3251
f 1939 	3251 	3015
f 1939 	3015 	3013
f 3251 	1945 	3252
f 3254 	3252 	1945
f 3251 	3252 	3016
f 3251 	3016 	3015
f 3252 	3254 	3017
f 3252 	3017 	3016
f 3649 	3222 	3225
f 3265 	3283 	3257
f 3236 	1978 	3235
f 3258 	1945 	3259
f 3227 	3650 	3225
f 3254 	3258 	3007
f 3254 	3007 	3017
f 3264 	1945 	3268
f 3258 	3259 	3008
f 3258 	3008 	3007
f 3259 	1945 	3264
f 3259 	3264 	3009
f 3259 	3009 	3008
f 3267 	3283 	3266
f 3256 	3283 	3255
f 3257 	3283 	3256
f 3264 	3268 	3010
f 3264 	3010 	3009
f 3266 	3283 	3265
f 3005 	3142 	3627
f 3268 	1945 	3271
f 3273 	3271 	2010
f 3627 	3142 	3003
f 3022 	3010 	3271
f 3268 	3271 	3010
f 3271 	1945 	2010
f 3271 	3273 	3023
f 3271 	3023 	3022
f 3274 	3272 	3270
f 3274 	3270 	3275
f 3275 	3270 	3277
f 3273 	3276 	3024
f 3273 	3024 	3023
f 3280 	3276 	2010
f 3175 	3176 	3632
f 3276 	3280 	3020
f 3276 	3020 	3024
f 3633 	3176 	3634
f 3181 	3634 	3176
f 3279 	3269 	3281
f 2968 	2967 	3372
f 2967 	3004 	3372
f 3004 	2935 	3372
f 2935 	2934 	3372
f 2934 	3000 	3372
f 3000 	2930 	3372
f 2930 	2929 	3372
f 2929 	2996 	3372
f 2996 	2926 	3372
f 2926 	2925 	3372
f 2925 	2992 	3372
f 2992 	2921 	3372
f 2919 	2988 	3372
f 2988 	3460 	3372
f 2919 	3372 	2921
f 3460 	3459 	3372
f 3459 	3469 	3372
f 3634 	3181 	3186
f 3238 	1978 	3236
f 2018 	3280 	2010
f 3281 	3269 	3282
f 3282 	3269 	3283
f 3280 	2018 	3119
f 3280 	3119 	3020
f 2018 	2010 	3285
f 3294 	3298 	2010
f 2806 	4467 	2804
f 2018 	3285 	3120
f 2018 	3120 	3119
f 3286 	3304 	3287
f 3285 	2010 	3289
f 3285 	3289 	3121
f 3285 	3121 	3120
f 3289 	2010 	3292
f 3289 	3292 	3122
f 3289 	3122 	3121
f 3292 	2010 	3295
f 3292 	3295 	3125
f 3292 	3125 	3122
f 3344 	3345 	1957
f 3291 	3304 	3293
f 3295 	2010 	3298
f 3295 	3298 	3100
f 3295 	3100 	3125
f 3298 	3294 	3301
f 3298 	3301 	3103
f 3298 	3103 	3100
f 3700 	3675 	3304
f 3301 	3294 	3303
f 3301 	3303 	3104
f 3301 	3104 	3103
f 3303 	3294 	3305
f 3300 	3304 	3302
f 3299 	3304 	3300
f 3299 	3297 	3304
f 3297 	3296 	3304
f 3296 	3293 	3304
f 3304 	3291 	3290
f 3287 	3304 	3288
f 3290 	3288 	3304
f 3284 	6737 	3286
f 3303 	3305 	3105
f 3303 	3105 	3104
f 3305 	3294 	3306
f 2712 	2711 	3059
f 3305 	3306 	3106
f 3305 	3106 	3105
f 3306 	3294 	3307
f 3065 	2712 	3059
f 3306 	3307 	3107
f 3306 	3107 	3106
f 3277 	3270 	3278
f 3272 	3237 	3270
f 3255 	3283 	3269
f 3269 	3278 	3270
f 3278 	3269 	3279
f 3307 	3294 	3308
f 3309 	3308 	3294
f 3307 	3308 	3108
f 3307 	3108 	3107
f 2798 	2756 	2799
f 2790 	2761 	2792
f 2796 	2756 	2798
f 2720 	2756 	2796
f 4708 	2752 	4636
f 3109 	3108 	3309
f 3308 	3309 	3108
f 3318 	1912 	3321
f 6950 	3314 	3309
f 2811 	2810 	3310
f 2752 	2816 	3310
f 2755 	3310 	2754
f 2793 	2792 	3310
f 2792 	2761 	3310
f 3109 	3309 	3314
f 3109 	3314 	3110
f 3241 	3226 	1912
f 3413 	3314 	6950
f 3314 	3413 	3110
f 1912 	5521 	3169
f 3321 	1912 	3169
f 3410 	6950 	3319
f 3319 	3320 	3183
f 3319 	3183 	3182
f 6950 	8466 	3320
f 8462 	8459 	3320
f 3320 	3322 	3185
f 3320 	3185 	3183
f 8466 	8462 	3320
f 3322 	3320 	8456
f 3322 	3323 	3177
f 3322 	3177 	3185
f 3324 	3060 	3128
f 3325 	3060 	3324
f 3326 	3060 	3325
f 3327 	3060 	3326
f 3328 	3060 	3327
f 3323 	3329 	3178
f 3323 	3178 	3177
f 8459 	8456 	3320
f 3364 	2964 	3366
f 3329 	3330 	3179
f 3329 	3179 	3178
f 3638 	3201 	3203
f 3638 	3203 	3204
f 2957 	3146 	3333
f 2954 	3147 	3336
f 3338 	3339 	2963
f 2964 	2963 	3339
f 3641 	3640 	3213
f 3341 	3368 	2964
f 3641 	3213 	3642
f 3214 	3642 	3213
f 3366 	2964 	3368
f 3214 	3215 	3642
f 3643 	3642 	3215
f 3342 	3473 	3343
f 1960 	1957 	3350
f 3350 	3352 	1960
f 3349 	3350 	1957
f 3643 	3215 	3217
f 3347 	3348 	1957
f 3645 	3217 	3218
f 3645 	3218 	3219
f 3355 	3313 	3356
f 3332 	3333 	3145
f 3219 	3221 	3647
f 8900 	3018 	3364
f 3367 	3365 	3315
f 3353 	1978 	3352
f 3235 	1978 	3353
f 3355 	3354 	3313
f 3343 	3473 	3354
f 3340 	3473 	3342
f 3649 	3225 	3650
f 3650 	3227 	3228
f 3379 	3371 	3378
f 3373 	3378 	3371
f 3371 	3379 	3374
f 3346 	3347 	1957
f 3348 	3349 	1957
f 3345 	3346 	1957
f 1978 	1960 	3352
f 3636 	3189 	3624
f 3375 	3376 	3373
f 3005 	3627 	3624
f 3376 	3377 	3373
f 4988 	3199 	2120
f 3378 	3373 	3377
f 3358 	3356 	3313
f 3630 	3161 	3631
f 3387 	3389 	3371
f 3370 	3371 	3389
f 3381 	3028 	3380
f 3382 	3028 	3381
f 3383 	3028 	3382
f 3384 	3028 	3383
f 3632 	3631 	3175
f 3164 	3175 	3631
f 3633 	3632 	3176
f 3387 	3371 	3374
f 3389 	3392 	3370
f 3238 	3390 	3391
f 3238 	3391 	3239
f 3392 	3394 	3370
f 3394 	3396 	3370
f 3636 	3635 	3189
f 3393 	3395 	3236
f 3393 	3236 	3235
f 3005 	3624 	3189
f 3240 	3239 	3391
f 3240 	3391 	3388
f 3238 	3236 	3395
f 3238 	3395 	3390
f 3366 	3488 	3397
f 3397 	3398 	3373
f 3366 	3397 	3373
f 3399 	3373 	3398
f 3313 	3473 	3312
f 3399 	3400 	3373
f 3400 	3401 	3373
f 3390 	2119 	3391
f 3395 	2119 	3390
f 3393 	2119 	3395
f 3134 	3135 	2737
f 3363 	3362 	3315
f 3372 	3770 	2973
f 3330 	3331 	3180
f 3330 	3180 	3179
f 3329 	3323 	8454
f 3445 	3462 	3372
f 3469 	3454 	3372
f 3196 	3180 	3407
f 3331 	3407 	3180
f 2976 	3011 	3372
f 2973 	2976 	3372
f 3770 	3769 	2973
f 3408 	3198 	3196
f 3408 	3196 	3407
f 8454 	8450 	3329
f 8450 	8449 	3330
f 3131 	5171 	3133
f 3133 	5472 	3134
f 3129 	3124 	5171
f 5352 	3102 	3097
f 3096 	3093 	5352
f 3409 	3200 	3198
f 3409 	3198 	3408
f 5451 	5454 	3135
f 3134 	5472 	3135
f 3409 	3249 	3200
f 3012 	3200 	3249
f 3085 	4194 	3086
f 7280 	7327 	3058
f 7281 	7280 	3058
f 3058 	9117 	7281
f 7282 	7281 	9117
f 3036 	3031 	9117
f 3319 	3182 	3410
f 3243 	3410 	3182
f 3359 	3358 	3315
f 3362 	3359 	3315
f 3413 	3229 	3110
f 3421 	2904 	3411
f 2904 	2920 	3411
f 3413 	6950 	3414
f 3413 	3414 	3230
f 3413 	3230 	3229
f 2920 	2936 	3411
f 3414 	6950 	3415
f 3414 	3415 	3231
f 3414 	3231 	3230
f 3412 	3411 	2936
f 3415 	6950 	3416
f 3419 	3416 	6950
f 3030 	3029 	9117
f 3031 	3030 	9117
f 3415 	3416 	3232
f 3415 	3232 	3231
f 3428 	3426 	2915
f 2915 	2914 	3428
f 3416 	3419 	3233
f 3416 	3233 	3232
f 3419 	3422 	3234
f 3419 	3234 	3233
f 3769 	3767 	2973
f 3138 	3137 	3750
f 3244 	3234 	3423
f 3422 	3423 	3234
f 3744 	3743 	3138
f 3743 	3768 	3042
f 3042 	3138 	3743
f 3423 	3427 	3245
f 3423 	3245 	3244
f 4194 	6311 	3310
f 2918 	2917 	3426
f 2917 	2932 	3426
f 3427 	3430 	3246
f 3427 	3246 	3245
f 3430 	3433 	3242
f 3430 	3242 	3246
f 3433 	3410 	3243
f 3433 	3243 	3242
f 4643 	4646 	3372
f 3600 	3602 	3431
f 3601 	3613 	3431
f 3602 	3601 	3431
f 3786 	4238 	3787
f 3749 	3351 	3751
f 3365 	3363 	3315
f 4666 	3437 	3438
f 4666 	3438 	4652
f 3313 	3315 	3358
f 3312 	3473 	3311
f 3440 	5159 	1873
f 3749 	3748 	3351
f 2980 	2918 	3425
f 4655 	3442 	3443
f 4655 	3443 	4656
f 3455 	4053 	3451
f 2904 	3421 	2905
f 2914 	2928 	3429
f 3429 	3428 	2914
f 2932 	2915 	3426
f 3447 	3253 	3452
f 3038 	3036 	9117
f 2936 	9117 	3029
f 3459 	3460 	9243
f 3458 	3452 	3253
f 4314 	4313 	3444
f 3075 	7321 	3077
f 3450 	3466 	3468
f 3450 	3468 	3451
f 3464 	3463 	3473
f 3463 	3461 	3473
f 3470 	3473 	3471
f 3467 	3473 	3470
f 3464 	3473 	3467
f 2905 	2654 	2904
f 2653 	2904 	2654
f 3471 	3473 	3340
f 2909 	2658 	2908
f 2657 	2908 	2658
f 3451 	3472 	3455
f 2912 	2661 	2911
f 2660 	2911 	2661
f 3451 	3468 	3472
f 3461 	3458 	3473
f 3253 	3473 	3458
f 3250 	3253 	3447
f 2915 	2664 	2914
f 2663 	2914 	2664
f 3313 	3354 	3473
f 2667 	2666 	2918
f 2917 	2918 	2666
f 2920 	2904 	2651
f 2653 	2651 	2904
f 2908 	2657 	2922
f 2655 	2922 	2657
f 3482 	3700 	3480
f 3480 	3700 	3479
f 3484 	3485 	3366
f 3485 	3487 	3366
f 2911 	2660 	2927
f 2659 	2927 	2660
f 3488 	3366 	3487
f 2914 	2663 	2928
f 2662 	2928 	2663
f 4417 	4406 	8162
f 3474 	4506 	1814
f 4496 	1814 	4502
f 4474 	4466 	1814
f 4466 	4460 	1814
f 2917 	2666 	2932
f 2665 	2932 	2666
f 3401 	3402 	3373
f 3502 	3373 	3402
f 2651 	2936 	2920
f 3492 	3700 	3491
f 3493 	3700 	3492
f 3494 	3700 	3493
f 3495 	3700 	3494
f 3496 	3700 	3495
f 3497 	3700 	3496
f 3498 	3700 	3497
f 3499 	3700 	3498
f 3500 	3700 	3499
f 3501 	3700 	3500
f 3479 	3700 	3501
f 2655 	2654 	2922
f 2905 	2922 	2654
f 3506 	3507 	3700
f 3507 	3508 	3700
f 3508 	3489 	3700
f 3489 	3490 	3700
f 4666 	3436 	3437
f 2659 	2658 	2927
f 2909 	2927 	2658
f 3439 	4652 	3438
f 2662 	2661 	2928
f 2912 	2928 	2661
f 3478 	3484 	3366
f 3483 	3700 	3482
f 3391 	2119 	3388
f 4655 	3441 	3442
f 3478 	3366 	3368
f 2665 	2664 	2932
f 2915 	2932 	2664
f 3375 	3373 	3502
f 3481 	4656 	3443
f 2689 	2667 	2980
f 2918 	2980 	2667
f 8309 	8310 	2119
f 8442 	8426 	2119
f 3512 	3513 	3700
f 3511 	3512 	3700
f 3513 	3514 	3700
f 3514 	3515 	3700
f 3515 	3516 	3700
f 3516 	3517 	3700
f 3517 	3518 	3700
f 3518 	3519 	3700
f 3519 	3521 	3700
f 2670 	2936 	2650
f 3521 	3522 	3700
f 3490 	3491 	3700
f 2978 	2691 	2977
f 2690 	2977 	2691
f 2980 	2977 	2689
f 2690 	2689 	2977
f 3522 	3523 	3700
f 3523 	3504 	3700
f 3504 	3505 	3700
f 3505 	3506 	3700
f 3613 	3612 	3431
f 3437 	3436 	3606
f 3436 	3434 	3606
f 3610 	3609 	3431
f 3611 	3610 	3431
f 3434 	3435 	3606
f 3435 	3432 	3606
f 3432 	3431 	3606
f 3607 	3606 	3431
f 3608 	3607 	3431
f 3609 	3608 	3431
f 3674 	3483 	3524
f 3531 	3483 	3525
f 2697 	2742 	3029
f 2697 	3029 	3030
f 3030 	3031 	2698
f 3524 	3483 	3526
f 3527 	3526 	3483
f 3036 	2701 	3031
f 3528 	3527 	3483
f 3270 	3525 	3483
f 3528 	3483 	3529
f 3529 	3483 	3530
f 4679 	4664 	3596
f 3441 	3439 	3606
f 3481 	3443 	3606
f 3612 	3611 	3431
f 2704 	3045 	3048
f 3533 	8159 	4375
f 4368 	8162 	3533
f 3050 	3053 	2710
f 3444 	3535 	4346
f 3444 	4346 	4343
f 4343 	4337 	5221
f 3444 	4343 	5221
f 3538 	5168 	3444
f 3444 	5167 	5166
f 3444 	5166 	5165
f 3539 	3540 	4671
f 3454 	3453 	3372
f 3453 	3465 	3372
f 3465 	3446 	3372
f 3446 	3445 	3372
f 4640 	4647 	3405
f 4645 	4640 	3404
f 3405 	3404 	4640
f 3550 	3552 	4677
f 3547 	3548 	3546
f 3545 	3546 	3548
f 3545 	3548 	3549
f 3545 	3549 	3551
f 3545 	3551 	3553
f 3554 	3558 	3553
f 3555 	3557 	3554
f 3556 	3557 	3555
f 3558 	3554 	3557
f 3545 	3553 	3558
f 3548 	3547 	3561
f 3560 	3561 	3547
f 3583 	3584 	3547
f 3562 	3563 	3547
f 3563 	3564 	3547
f 3565 	3547 	3564
f 3566 	3547 	3565
f 3560 	3547 	3566
f 3541 	4671 	3540
f 3569 	3570 	3568
f 3567 	3568 	3570
f 3570 	3571 	3567
f 3571 	3572 	3567
f 3572 	3573 	3567
f 3547 	3567 	3573
f 3547 	3573 	3574
f 3547 	3574 	3575
f 3085 	2719 	3077
f 2719 	3085 	3086
f 3559 	4677 	3552
f 3547 	3575 	3576
f 3547 	3576 	3577
f 3547 	3577 	3578
f 3547 	3578 	3579
f 3547 	3579 	3580
f 3547 	3580 	3581
f 3547 	3581 	3582
f 3582 	3587 	3547
f 3003 	3622 	3627
f 3091 	3093 	2723
f 3537 	3536 	3605
f 3544 	3605 	3550
f 3543 	3605 	3544
f 3542 	3605 	3543
f 3541 	3605 	3542
f 3540 	3605 	3541
f 3539 	3605 	3540
f 3537 	3605 	3539
f 3534 	3599 	3605
f 3599 	3598 	3605
f 3536 	3534 	3605
f 3585 	3547 	3584
f 3586 	3547 	3585
f 3562 	3547 	3586
f 3587 	3588 	3547
f 3588 	3589 	3547
f 3589 	3590 	3547
f 3590 	3591 	3547
f 3591 	3592 	3547
f 3592 	3593 	3547
f 3593 	3594 	3547
f 3594 	3595 	3547
f 3583 	3547 	3595
f 2723 	3093 	3096
f 4681 	3597 	3598
f 4682 	3599 	3534
f 2728 	3102 	3111
f 3596 	3597 	4679
f 3114 	2729 	3111
f 3598 	3599 	4682
f 3598 	4682 	4681
f 3442 	3441 	3606
f 3598 	3597 	3605
f 3443 	3442 	3606
f 2756 	2720 	3600
f 2730 	3116 	2731
f 3117 	2731 	3116
f 3638 	3637 	3201
f 2732 	2731 	3124
f 3117 	3124 	2731
f 3449 	3448 	3606
f 3204 	3639 	3638
f 2732 	3124 	3129
f 3603 	2752 	3604
f 3212 	3640 	3204
f 3639 	3204 	3640
f 3212 	3213 	3640
f 2736 	3133 	3134
f 3134 	2737 	2736
f 3597 	3596 	3605
f 2737 	3135 	3137
f 3477 	3503 	3605
f 2739 	3137 	3138
f 3456 	3486 	3605
f 2703 	2739 	3042
f 3606 	3605 	3449
f 3486 	3449 	3605
f 3647 	3221 	3222
f 3030 	2698 	2697
f 2700 	2698 	3031
f 2700 	3031 	2701
f 3617 	3616 	4186
f 3615 	4186 	3616
f 3228 	3651 	3650
f 3038 	2702 	2701
f 3038 	2701 	3036
f 3618 	3617 	4186
f 3161 	3630 	3228
f 2702 	3038 	2711
f 3138 	3042 	2739
f 3621 	3620 	4186
f 3621 	4186 	3623
f 2298 	3628 	3625
f 2298 	3625 	2294
f 3042 	3045 	2703
f 2704 	2703 	3045
f 2706 	2704 	3048
f 3620 	3619 	4186
f 3619 	3618 	4186
f 3614 	2752 	3615
f 3614 	3604 	2752
f 3629 	2752 	3603
f 3050 	2707 	3048
f 2706 	3048 	2707
f 2707 	3050 	2710
f 3634 	3186 	3635
f 3773 	3771 	4225
f 2711 	3038 	3058
f 3186 	3189 	3635
f 3404 	3372 	4645
f 4226 	4225 	3771
f 3058 	3059 	2711
f 3065 	2713 	2712
f 2713 	3065 	3070
f 2715 	3070 	3072
f 3072 	3073 	2715
f 2716 	2715 	3073
f 2716 	3073 	2717
f 3075 	2717 	3073
f 2717 	3075 	2718
f 3077 	2718 	3075
f 3643 	3217 	3644
f 3077 	2719 	2718
f 3644 	3217 	3645
f 3086 	2721 	2719
f 3645 	3219 	3646
f 4080 	4081 	3588
f 3646 	3219 	3647
f 3647 	3222 	3648
f 2722 	2721 	3091
f 3648 	3222 	3649
f 2722 	3091 	2723
f 4128 	4132 	3592
f 3651 	3228 	3630
f 3214 	2827 	3215
f 2872 	3215 	2827
f 3214 	3213 	2827
f 3175 	3164 	3652
f 3176 	3175 	3652
f 3164 	3161 	3652
f 3161 	3228 	3652
f 3228 	3227 	3652
f 3227 	3225 	3652
f 3225 	6057 	3652
f 3222 	2847 	3225
f 3217 	3215 	2872
f 2823 	3221 	2872
f 2999 	3652 	2884
f 3142 	3005 	7353
f 3181 	3176 	3652
f 3653 	3652 	2294
f 2709 	4186 	2999
f 3654 	3655 	3656
f 3654 	3656 	3657
f 2735 	2734 	3133
f 2735 	3133 	2736
f 3086 	3091 	2721
f 4687 	4686 	3604
f 3096 	2724 	2723
f 3096 	3097 	2724
f 2726 	2724 	3097
f 2726 	3097 	2727
f 3102 	2727 	3097
f 2727 	3102 	2728
f 3558 	3557 	3971
f 4691 	3607 	3608
f 2728 	3111 	2729
f 3971 	3545 	3558
f 3659 	3658 	6233
f 3116 	2730 	3114
f 2729 	3114 	2730
f 3658 	3660 	6233
f 3659 	6233 	3661
f 3982 	3564 	3563
f 3564 	3982 	3565
f 2732 	3129 	2733
f 3988 	3566 	3565
f 3131 	2734 	3129
f 2733 	3129 	2734
f 3665 	3662 	6233
f 3662 	3661 	6233
f 3566 	3988 	3560
f 3131 	3133 	2734
f 4073 	6259 	3654
f 1800 	3520 	1797
f 3137 	2738 	2737
f 3546 	3944 	3547
f 1912 	2566 	1916
f 3137 	2739 	2738
f 2568 	1945 	1952
f 1952 	9322 	2568
f 3666 	3532 	3700
f 3667 	3666 	3700
f 3668 	3667 	3700
f 9323 	1952 	1958
f 3669 	3668 	3700
f 3421 	3411 	2741
f 9323 	1958 	9324
f 9324 	1983 	1916
f 3412 	2742 	3411
f 3953 	3549 	3548
f 3670 	3700 	3671
f 2325 	2324 	2009
f 2023 	2009 	2324
f 3953 	3956 	3549
f 2575 	2023 	2324
f 3700 	3483 	3672
f 3551 	3956 	3553
f 8533 	8546 	2119
f 3686 	3696 	2119
f 3677 	3676 	2119
f 3554 	3553 	3958
f 8700 	2893 	6060
f 6061 	6060 	2893
f 3676 	3677 	3335
f 3676 	3335 	3334
f 3554 	3967 	3555
f 3967 	3556 	3555
f 3680 	3679 	3700
f 3684 	3697 	3681
f 3556 	3970 	3557
f 3353 	3686 	3393
f 3353 	3393 	3235
f 3970 	3971 	3557
f 3683 	3700 	3685
f 3685 	3700 	3532
f 3687 	3703 	3684
f 3349 	3689 	3690
f 3349 	3690 	3350
f 3691 	3692 	3348
f 3691 	3348 	3347
f 3688 	3702 	3687
f 3682 	3700 	3683
f 3680 	3700 	3682
f 3700 	3679 	3678
f 3700 	3678 	3675
f 3247 	3304 	3675
f 3693 	3694 	3345
f 3693 	3345 	3344
f 3530 	3483 	3531
f 3525 	3270 	3237
f 3695 	3916 	3699
f 2743 	2751 	3418
f 3690 	3696 	3352
f 3690 	3352 	3350
f 3673 	3483 	3674
f 3673 	3672 	3483
f 3672 	3671 	3700
f 3670 	3669 	3700
f 3699 	3920 	3698
f 3698 	3681 	3697
f 3701 	3702 	3688
f 3703 	3687 	3702
f 3697 	3684 	3703
f 3977 	3978 	3562
f 3694 	3704 	3346
f 3694 	3346 	3345
f 2741 	3411 	2742
f 3148 	3149 	3700
f 3150 	3700 	3149
f 3150 	3510 	3700
f 3510 	3511 	3700
f 3353 	3352 	3696
f 3353 	3696 	3686
f 3985 	3565 	3982
f 3706 	3959 	3705
f 3412 	3029 	2742
f 3349 	3348 	3692
f 3349 	3692 	3689
f 3988 	3565 	3985
f 3709 	3957 	3706
f 2743 	3418 	2744
f 3417 	2744 	3418
f 3704 	3691 	3347
f 3704 	3347 	3346
f 3992 	3560 	3988
f 2745 	2744 	3420
f 3417 	3420 	2744
f 3710 	3882 	3712
f 3693 	3344 	3677
f 3335 	3677 	3344
f 3992 	3994 	3560
f 3561 	3560 	3994
f 3421 	2746 	3420
f 2745 	3420 	2746
f 4641 	4645 	3372
f 3548 	3561 	3994
f 3421 	2741 	2746
f 2710 	3053 	3424
f 2748 	2747 	3425
f 3567 	4006 	3568
f 3691 	2119 	3692
f 3689 	3692 	2119
f 3704 	2119 	3691
f 3694 	2119 	3704
f 4006 	3569 	3568
f 3426 	2749 	3425
f 2748 	3425 	2749
f 3717 	3715 	4195
f 3428 	2750 	3426
f 2749 	3426 	2750
f 3718 	3717 	4195
f 2750 	3428 	2751
f 3429 	2751 	3428
f 3719 	3718 	4195
f 3429 	3418 	2751
f 3571 	4028 	3572
f 3720 	4195 	3721
f 3572 	4028 	3573
f 4035 	3573 	4028
f 6336 	6337 	2677
f 2677 	2675 	6336
f 2624 	2677 	6337
f 3693 	2119 	3694
f 4035 	3574 	3573
f 3724 	3803 	8692
f 3690 	3689 	2119
f 3727 	3724 	8692
f 2720 	4377 	3600
f 3729 	3657 	3736
f 3741 	3736 	3657
f 3735 	3737 	2638
f 2638 	2633 	3735
f 2640 	2638 	3737
f 3737 	3738 	2640
f 2644 	2640 	3738
f 3738 	3739 	2644
f 3734 	3735 	2633
f 2646 	2644 	3739
f 3740 	2646 	3739
f 2633 	2699 	3734
f 3733 	3734 	2699
f 3732 	3733 	2696
f 3731 	3732 	2696
f 3730 	3731 	2695
f 2696 	2695 	3731
f 2692 	2667 	2693
f 2695 	2694 	3730
f 2688 	2687 	2707
f 2667 	2689 	2693
f 3722 	3743 	3744
f 3722 	3744 	3723
f 4685 	3601 	3602
f 3756 	4195 	3742
f 4053 	3578 	3577
f 4685 	3602 	3600
f 3746 	5443 	3726
f 3742 	4195 	3745
f 3722 	3740 	3743
f 4053 	4059 	3578
f 4707 	3629 	4686
f 3726 	3725 	3750
f 3726 	3750 	3746
f 3676 	3199 	3197
f 3603 	3604 	4686
f 3725 	3723 	3744
f 3725 	3744 	3750
f 3758 	3757 	3048
f 3334 	3199 	3676
f 3752 	3351 	3761
f 3751 	3351 	3752
f 3753 	3754 	3732
f 3753 	3732 	3731
f 3721 	4195 	3755
f 3757 	3758 	3735
f 3757 	3735 	3734
f 3686 	2119 	3393
f 3755 	4195 	3756
f 3759 	3760 	3739
f 3759 	3739 	3738
f 3547 	3946 	3567
f 4002 	3567 	3946
f 3730 	3762 	3753
f 3730 	3753 	3731
f 3733 	3764 	3757
f 3733 	3757 	3734
f 3696 	3690 	2119
f 3677 	2119 	3693
f 4002 	4006 	3567
f 3737 	3766 	3759
f 3737 	3759 	3738
f 3761 	3351 	3763
f 3765 	3763 	3351
f 3608 	3609 	4691
f 3743 	3740 	3768
f 3767 	3765 	3351
f 3351 	2973 	3767
f 3762 	3730 	2978
f 2691 	2978 	3730
f 3611 	4694 	3610
f 3754 	3764 	3733
f 3754 	3733 	3732
f 3570 	4021 	3571
f 4694 	3611 	3612
f 3758 	3766 	3737
f 3758 	3737 	3735
f 4027 	4028 	3571
f 3462 	4644 	3372
f 3760 	3768 	3740
f 3760 	3740 	3739
f 3772 	3833 	3386
f 3774 	3775 	3384
f 3774 	3384 	3383
f 4644 	4643 	3372
f 3777 	3779 	3382
f 3777 	3382 	3381
f 3574 	4040 	3575
f 3048 	3045 	3758
f 3757 	3764 	3048
f 2978 	2977 	3424
f 3050 	3048 	3764
f 3764 	3754 	3050
f 3053 	3050 	3754
f 3754 	3753 	3053
f 3753 	3762 	3053
f 3762 	2978 	3053
f 3424 	3053 	2978
f 4698 	3614 	3615
f 3380 	2340 	3780
f 2339 	3780 	2340
f 4646 	4642 	3372
f 4050 	3576 	4042
f 3775 	3782 	3385
f 3775 	3385 	3384
f 3615 	3616 	4698
f 3825 	6548 	3785
f 3785 	6548 	3784
f 3575 	4042 	3576
f 3782 	3772 	3386
f 3782 	3386 	3385
f 3617 	4700 	3616
f 4642 	4641 	3372
f 3779 	3774 	3383
f 3779 	3383 	3382
f 4050 	4051 	3576
f 3617 	3618 	4700
f 3780 	3777 	3381
f 3780 	3381 	3380
f 3781 	3778 	4220
f 3819 	6518 	3790
f 3790 	6518 	3789
f 3579 	3578 	4059
f 3793 	3791 	4288
f 3787 	4238 	3791
f 4059 	3580 	3579
f 3777 	3780 	3140
f 2339 	3140 	3780
f 4704 	3620 	3621
f 3580 	4065 	3581
f 3800 	3197 	3199
f 3800 	3199 	3801
f 3581 	4065 	3582
f 4072 	3582 	4065
f 3804 	3801 	3202
f 3199 	3202 	3801
f 3802 	3799 	8692
f 3803 	3802 	8692
f 4288 	8692 	3799
f 3797 	4288 	3798
f 3794 	4288 	3797
f 3793 	4288 	3794
f 3807 	6518 	3806
f 3808 	6518 	3807
f 3809 	6518 	3808
f 3810 	6518 	3809
f 3811 	6517 	3810
f 3812 	6517 	3811
f 3813 	6517 	3812
f 3815 	6517 	3813
f 3816 	6517 	3815
f 3817 	6517 	3816
f 3795 	6517 	3818
f 3796 	6517 	3795
f 3818 	6517 	3817
f 3789 	6518 	3788
f 3820 	6518 	3819
f 3806 	6518 	3805
f 3820 	3821 	6518
f 3822 	6518 	3821
f 3805 	6518 	3822
f 3603 	4686 	3629
f 3829 	3830 	6548
f 3829 	6548 	3828
f 3830 	3783 	6548
f 3784 	6548 	3783
f 3832 	3843 	3980
f 3833 	3814 	3386
f 3827 	6548 	3826
f 3837 	3838 	6548
f 3826 	6548 	3846
f 3838 	3839 	6548
f 3839 	3840 	6548
f 3840 	3841 	6548
f 3841 	3842 	6548
f 3842 	3844 	6548
f 3844 	3845 	6548
f 3846 	6548 	3845
f 3930 	3931 	3851
f 3899 	3900 	3980
f 3843 	3847 	3980
f 3847 	3848 	3980
f 3848 	3849 	3980
f 3849 	3850 	3980
f 3850 	3852 	3980
f 3852 	3853 	3980
f 3853 	3854 	3980
f 3854 	3855 	3980
f 3856 	3980 	3855
f 3163 	3980 	3856
f 3857 	3930 	3851
f 3714 	3851 	3931
f 3836 	3837 	6548
f 3828 	6548 	3827
f 3785 	3866 	3825
f 3657 	4195 	3716
f 3715 	3716 	4195
f 3716 	3741 	3657
f 3784 	3867 	3866
f 3784 	3866 	3785
f 3748 	3747 	3351
f 3747 	3745 	3351
f 3864 	3867 	3784
f 3864 	3784 	3783
f 3801 	3814 	3800
f 3833 	3800 	3814
f 3792 	3871 	3872
f 3792 	3872 	3788
f 3868 	3710 	3869
f 3789 	3875 	3874
f 3789 	3874 	3790
f 3870 	3710 	3873
f 3872 	3875 	3789
f 3872 	3789 	3788
f 5588 	5589 	3883
f 5590 	5588 	3883
f 3877 	3876 	3712
f 3879 	3878 	3712
f 3792 	3860 	3883
f 4072 	3587 	3582
f 3881 	3712 	3882
f 3882 	3710 	3868
f 3871 	3792 	3883
f 3869 	3710 	3870
f 3707 	3858 	3710
f 3880 	3712 	3881
f 3879 	3712 	3880
f 3878 	3877 	3712
f 3315 	3712 	3876
f 3248 	3315 	3876
f 4080 	3588 	3587
f 3863 	3859 	3980
f 3887 	3888 	3858
f 3886 	3887 	3858
f 3708 	3858 	3707
f 3873 	3710 	3858
f 3859 	3858 	3980
f 3919 	3863 	3980
f 3589 	3588 	4081
f 3589 	4081 	3590
f 4083 	3590 	4081
f 3591 	3590 	4083
f 3796 	3795 	3884
f 3796 	3884 	3885
f 3591 	4128 	3592
f 3912 	3910 	5944
f 3913 	3912 	5944
f 3889 	3890 	3858
f 3888 	3889 	3858
f 3890 	3891 	3858
f 3891 	3892 	3858
f 3892 	3893 	3858
f 3893 	3894 	3858
f 3894 	3895 	3858
f 3895 	3896 	3858
f 3896 	3980 	3858
f 3897 	3980 	3896
f 3593 	3592 	4132
f 3898 	3819 	3874
f 3790 	3874 	3819
f 3820 	3902 	3904
f 3820 	3904 	3821
f 3901 	3903 	3980
f 3900 	3901 	3980
f 3903 	3905 	3980
f 3905 	3906 	3980
f 3906 	3831 	3980
f 3831 	3832 	3980
f 4132 	3594 	3593
f 3886 	3858 	3708
f 3822 	3909 	3910
f 3822 	3910 	3805
f 4135 	3595 	3594
f 3912 	3913 	3807
f 3912 	3807 	3806
f 3595 	4135 	3583
f 3897 	3899 	3980
f 3917 	3918 	3810
f 3917 	3810 	3809
f 3916 	3695 	3914
f 4140 	3584 	3583
f 3921 	3922 	3813
f 3921 	3813 	3812
f 3584 	4140 	3585
f 4143 	3585 	4140
f 3924 	3925 	3817
f 3924 	3817 	3816
f 3920 	3699 	3916
f 3681 	3698 	3920
f 3928 	3884 	3818
f 3795 	3818 	3884
f 4143 	4145 	3585
f 3586 	3585 	4145
f 3926 	3980 	3927
f 3808 	3929 	3917
f 3808 	3917 	3809
f 3250 	3935 	3253
f 3811 	3936 	3921
f 3811 	3921 	3812
f 3562 	3586 	4145
f 3932 	3933 	3713
f 3711 	3713 	3933
f 3934 	3711 	3933
f 3713 	3714 	3932
f 3931 	3932 	3714
f 3930 	3857 	3861
f 3940 	3941 	3865
f 3911 	3939 	3908
f 3939 	3940 	3908
f 3914 	3938 	3911
f 3914 	3695 	3938
f 3939 	3911 	3938
f 3865 	3908 	3940
f 3861 	3865 	3941
f 3930 	3861 	3941
f 3815 	3943 	3924
f 3815 	3924 	3816
f 3862 	3660 	3658
f 3946 	3547 	3944
f 3927 	3980 	3937
f 3937 	3980 	3942
f 3898 	3902 	3820
f 3898 	3820 	3819
f 3942 	3980 	3945
f 3822 	3821 	3904
f 3822 	3904 	3909
f 3806 	3805 	3910
f 3806 	3910 	3912
f 3659 	3955 	3862
f 3658 	3659 	3862
f 3913 	3929 	3808
f 3913 	3808 	3807
f 3918 	3936 	3811
f 3918 	3811 	3810
f 3952 	3953 	3548
f 3954 	3660 	3862
f 3951 	3705 	3960
f 3959 	3960 	3705
f 3959 	3706 	3957
f 3711 	3934 	3709
f 3922 	3943 	3815
f 3922 	3815 	3813
f 3551 	3549 	3956
f 3957 	3709 	3934
f 3925 	3928 	3818
f 3925 	3818 	3817
f 3610 	4693 	3609
f 3862 	3955 	3954
f 3958 	3553 	3956
f 3554 	3958 	3961
f 3963 	3964 	3949
f 3960 	3962 	3951
f 3950 	3951 	3962
f 3962 	3963 	3950
f 3949 	3950 	3963
f 4110 	3947 	3965
f 3966 	3701 	3688
f 3961 	3967 	3554
f 4695 	3612 	3613
f 3556 	3967 	3969
f 5630 	5628 	3871
f 5628 	5667 	3871
f 5589 	5630 	3871
f 3871 	3883 	5589
f 5667 	5665 	3871
f 3910 	3909 	5944
f 3909 	3904 	5944
f 3904 	3902 	5944
f 3902 	3898 	5944
f 3898 	3874 	5944
f 5665 	5663 	3871
f 3874 	3875 	5944
f 5919 	5944 	3875
f 3875 	3872 	5919
f 5920 	5919 	3872
f 3872 	3871 	5920
f 5923 	5922 	3871
f 5663 	5923 	3871
f 3969 	3970 	3556
f 3907 	3955 	3661
f 3659 	3661 	3955
f 3971 	3973 	3545
f 3824 	3974 	3834
f 3945 	3980 	3948
f 3824 	3823 	3972
f 3824 	3972 	3974
f 3546 	3545 	3944
f 3973 	3944 	3545
f 3975 	3948 	3253
f 3562 	4145 	3977
f 3976 	3975 	3253
f 3253 	3948 	3980
f 3935 	3976 	3253
f 3563 	3562 	3978
f 3974 	3979 	3834
f 3923 	3919 	3980
f 3926 	3923 	3980
f 3835 	3981 	3983
f 3835 	3983 	3836
f 3563 	3978 	3982
f 3837 	3984 	3986
f 3837 	3986 	3838
f 3840 	3987 	3989
f 3840 	3989 	3841
f 3171 	3980 	3163
f 3915 	3980 	3171
f 3915 	3223 	3980
f 3148 	3700 	3223
f 3980 	3223 	3700
f 3844 	3990 	3991
f 3844 	3991 	3845
f 3846 	3993 	3826
f 3954 	3955 	8212
f 3955 	3907 	8212
f 3846 	3997 	3993
f 3827 	3999 	4000
f 3827 	4000 	3828
f 3548 	3994 	3952
f 3661 	3662 	3907
f 3998 	3907 	3662
f 3830 	4001 	3864
f 3830 	3864 	3783
f 3825 	3866 	4003
f 3665 	4004 	3998
f 3665 	3998 	3662
f 3830 	3829 	4008
f 3830 	4008 	4001
f 3827 	3826 	3993
f 3827 	3993 	3999
f 4006 	4020 	3569
f 4013 	4014 	7676
f 4012 	4013 	7676
f 4014 	4015 	7676
f 4015 	4016 	7676
f 4016 	4017 	7676
f 7677 	7676 	4017
f 4017 	4018 	7677
f 4018 	4019 	7677
f 4019 	4022 	7677
f 4022 	4023 	7677
f 4023 	4024 	7677
f 3829 	3828 	4000
f 3829 	4000 	4008
f 3570 	3569 	4021
f 4020 	4021 	3569
f 7543 	7544 	7677
f 4027 	3571 	4021
f 3997 	3991 	6256
f 3991 	3990 	6256
f 3840 	3839 	4030
f 3840 	4030 	3987
f 4039 	3475 	7725
f 3475 	3476 	7725
f 3842 	4036 	3990
f 3842 	3990 	3844
f 3663 	4029 	4037
f 3663 	4037 	3664
f 3835 	3834 	3979
f 3835 	3979 	3981
f 7735 	7725 	3476
f 3665 	3664 	4037
f 3665 	4037 	4004
f 4035 	4040 	3574
f 3837 	3836 	3983
f 3837 	3983 	3984
f 4004 	4037 	8212
f 4029 	8212 	4037
f 4042 	3575 	4040
f 3839 	3838 	3986
f 3839 	3986 	4030
f 3842 	3841 	3989
f 3842 	3989 	4036
f 4038 	4039 	7725
f 4044 	7681 	4043
f 4005 	7701 	4044
f 3996 	7676 	3995
f 4007 	7676 	3996
f 3846 	3845 	3991
f 3846 	3991 	3997
f 3619 	4702 	3618
f 3993 	3997 	6256
f 3999 	3993 	6256
f 3990 	4036 	6256
f 4036 	3989 	6256
f 3989 	3987 	6256
f 3987 	4030 	6256
f 4030 	3986 	6256
f 3986 	3984 	6256
f 3984 	3983 	6256
f 3983 	3981 	6256
f 3981 	3979 	6256
f 3974 	6256 	3979
f 4702 	3619 	3620
f 3860 	3825 	4003
f 3860 	4003 	3883
f 4704 	3621 	3623
f 4706 	4705 	3626
f 3972 	6256 	3974
f 5913 	4738 	5723
f 4046 	4738 	4627
f 4049 	4082 	4055
f 4090 	4098 	4088
f 4086 	4087 	4060
f 8212 	3907 	3998
f 3998 	4004 	8212
f 3577 	3576 	4051
f 4124 	3656 	3655
f 3577 	4051 	4053
f 4052 	3701 	3966
f 4052 	3966 	3968
f 4047 	4058 	3968
f 4056 	4057 	4048
f 4054 	4055 	4082
f 4055 	4056 	4049
f 4048 	4049 	4056
f 4047 	4048 	4057
f 4058 	4047 	4057
f 4052 	3968 	4058
f 4061 	4086 	4060
f 3580 	4059 	4062
f 4062 	4065 	3580
f 4076 	4111 	4075
f 4066 	6259 	4073
f 4072 	4078 	3587
f 4077 	4113 	4076
f 4078 	4080 	3587
f 4061 	4054 	4084
f 4086 	4061 	4084
f 4082 	4084 	4054
f 4099 	4060 	4087
f 4088 	4099 	4087
f 4091 	4097 	4090
f 4094 	4095 	4063
f 4092 	6650 	4093
f 6650 	4089 	4093
f 4093 	5171 	4092
f 4089 	5171 	4093
f 4096 	4063 	4095
f 4097 	4091 	4096
f 4098 	4090 	4097
f 4099 	4088 	4098
f 4063 	4096 	4091
f 4094 	4063 	4064
f 4069 	4102 	4064
f 4100 	4101 	4074
f 4075 	4100 	4074
f 4069 	4074 	4101
f 4101 	4102 	4069
f 4094 	4064 	4102
f 4116 	4117 	4105
f 4079 	4112 	4077
f 4115 	4116 	4107
f 4110 	4114 	4108
f 3947 	3949 	3964
f 4192 	5149 	4104
f 3600 	4683 	4685
f 4103 	4118 	4079
f 4108 	4115 	4107
f 4111 	4076 	4113
f 4100 	4075 	4111
f 4687 	3604 	3614
f 4113 	4077 	4112
f 3964 	3965 	3947
f 3965 	4114 	4110
f 4115 	4108 	4114
f 4105 	4107 	4116
f 4103 	4105 	4117
f 4117 	4118 	4103
f 4112 	4079 	4118
f 4068 	4070 	6259
f 2954 	2961 	3701
f 3237 	3272 	4579
f 4706 	3626 	4688
f 2961 	2963 	3702
f 2961 	3702 	3701
f 2963 	2964 	3703
f 2963 	3703 	3702
f 4688 	3605 	3606
f 2964 	3018 	3697
f 2964 	3697 	3703
f 3021 	3698 	3697
f 3021 	3697 	3018
f 4123 	4124 	6442
f 4122 	4123 	6442
f 3025 	3699 	3698
f 3025 	3698 	3021
f 3699 	3027 	3695
f 3025 	3027 	3699
f 4121 	4122 	6442
f 4120 	4121 	6442
f 3315 	4761 	5926
f 3610 	4694 	4693
f 4124 	3655 	6442
f 3655 	1797 	6442
f 4083 	4085 	3591
f 3612 	4695 	4694
f 4066 	4126 	4127
f 4066 	4127 	4067
f 4085 	4128 	3591
f 4129 	4130 	4070
f 4129 	4070 	4068
f 4132 	4134 	3594
f 4068 	4067 	4127
f 4068 	4127 	4129
f 4071 	4070 	4130
f 4071 	4130 	4133
f 4134 	4135 	3594
f 4135 	4137 	3583
f 4138 	4139 	6662
f 3583 	4137 	4140
f 4066 	4073 	4126
f 4144 	4126 	4073
f 6665 	4146 	4147
f 6665 	4147 	6666
f 3688 	3687 	3032
f 4148 	4149 	6671
f 3616 	4699 	4698
f 2346 	2344 	3028
f 4153 	4027 	4152
f 4700 	4699 	3616
f 3034 	3684 	3035
f 3681 	3035 	3684
f 3033 	3687 	3034
f 3684 	3034 	3687
f 4158 	3967 	4157
f 4157 	3961 	4156
f 3033 	3032 	3687
f 4141 	6662 	4139
f 6665 	4142 	4146
f 3386 	3814 	3028
f 4006 	4002 	4163
f 4163 	4164 	4006
f 4020 	4006 	4164
f 4151 	4020 	4164
f 4152 	4021 	4151
f 4162 	4163 	4002
f 3973 	3971 	4159
f 4159 	4160 	3973
f 4154 	6666 	4147
f 4150 	6671 	4149
f 3605 	4688 	3626
f 3046 	3931 	3930
f 3046 	3932 	3931
f 4172 	3994 	4171
f 4173 	3952 	4172
f 4174 	3953 	4173
f 3994 	3992 	4171
f 4177 	4170 	3988
f 3992 	3988 	4170
f 4170 	4171 	3992
f 4149 	4148 	5149
f 4189 	4188 	5149
f 4148 	4154 	5149
f 4154 	4147 	5149
f 4147 	4146 	5149
f 4146 	4142 	5149
f 4142 	4141 	5149
f 4141 	4139 	5149
f 4139 	4138 	5149
f 4136 	5149 	4138
f 4186 	3615 	2752
f 2725 	2752 	3629
f 2326 	3139 	2893
f 2893 	3139 	3804
f 3067 	3028 	3814
f 3804 	3139 	3801
f 4181 	4135 	4180
f 4182 	4137 	4181
f 4183 	4140 	4182
f 4184 	4143 	4183
f 4168 	3977 	4167
f 4167 	4145 	4184
f 4135 	4134 	4180
f 4128 	4247 	4132
f 4179 	4132 	4247
f 4185 	4187 	6675
f 3457 	3456 	3605
f 3503 	3457 	3605
f 3596 	3477 	3605
f 3605 	3626 	3552
f 3559 	3552 	3626
f 3623 	4186 	3626
f 4186 	2709 	3626
f 6678 	4190 	4191
f 6678 	4191 	6679
f 4708 	2298 	4186
f 3652 	4186 	2298
f 4156 	3958 	4155
f 4155 	3956 	4174
f 3988 	3985 	4177
f 4169 	4175 	3982
f 4143 	4184 	4145
f 3068 	3709 	3706
f 2705 	3626 	2708
f 3559 	3626 	2705
f 2708 	3626 	2709
f 3652 	2999 	4186
f 3438 	3437 	3606
f 3439 	3438 	3606
f 3600 	3431 	2756
f 3448 	3481 	3606
f 3063 	3713 	3711
f 4166 	4159 	3971
f 3971 	3970 	4166
f 3967 	4158 	3969
f 3961 	4157 	3967
f 3714 	3713 	3063
f 4188 	6675 	4187
f 4160 	4161 	3944
f 3944 	3973 	4160
f 6678 	4189 	4190
f 4192 	6679 	4191
f 3952 	4173 	3953
f 3953 	4174 	3956
f 4106 	4109 	5149
f 4109 	4104 	5149
f 4187 	4185 	5149
f 4188 	4187 	5149
f 4328 	5149 	4136
f 4185 	4178 	5149
f 4178 	4150 	5149
f 4150 	4149 	5149
f 3956 	4155 	3958
f 3083 	3865 	3861
f 3083 	3861 	3084
f 6711 	4193 	4131
f 3958 	4156 	3961
f 3908 	3865 	3083
f 4089 	6649 	4198
f 3970 	3969 	4165
f 3081 	3079 	3911
f 4158 	4165 	3969
f 4196 	4200 	3310
f 4165 	4166 	3970
f 4196 	3310 	4197
f 4204 	6688 	4199
f 3035 	3681 	3920
f 3977 	4168 	3978
f 3978 	4169 	3982
f 4092 	5171 	4199
f 4202 	5171 	4203
f 4201 	5171 	4202
f 4204 	5171 	4201
f 4199 	5171 	4204
f 4175 	4176 	3982
f 3985 	3982 	4176
f 3351 	3745 	4195
f 3720 	3719 	4195
f 4206 	4207 	6698
f 2762 	2759 	3310
f 4200 	4194 	3310
f 4176 	4177 	3985
f 3994 	4172 	3952
f 3127 	3949 	3947
f 4208 	6698 	4207
f 3126 	3950 	3949
f 3126 	3949 	3127
f 3951 	3950 	3126
f 2487 	3140 	2485
f 3039 	3938 	3027
f 3695 	3027 	3938
f 4207 	5171 	4208
f 4205 	5171 	4206
f 4206 	5171 	4207
f 4203 	5171 	4205
f 3039 	3040 	3939
f 3039 	3939 	3938
f 4125 	4198 	6694
f 3940 	3939 	3041
f 3040 	3041 	3939
f 3041 	3941 	3940
f 2349 	3140 	2342
f 4221 	7789 	7385
f 4193 	4507 	4131
f 4106 	5149 	4193
f 2349 	2461 	3140
f 3932 	3052 	3933
f 7385 	5352 	4833
f 3052 	3934 	3933
f 3800 	3833 	3140
f 2369 	2460 	2140
f 4144 	3657 	8692
f 3657 	4144 	3654
f 4073 	3654 	4144
f 4232 	4218 	3781
f 3857 	3060 	3084
f 4132 	4179 	4134
f 4135 	4181 	4137
f 4179 	4180 	4134
f 4137 	4182 	4140
f 4169 	3978 	4168
f 2342 	3140 	2343
f 4145 	4167 	3977
f 2343 	3140 	2339
f 3779 	3777 	3140
f 4140 	4183 	4143
f 3772 	3782 	3140
f 3068 	3706 	3705
f 3774 	3779 	3140
f 3782 	3775 	3140
f 3775 	3774 	3140
f 4051 	4050 	3450
f 4303 	4059 	3455
f 4242 	4065 	4241
f 4243 	4072 	4242
f 4244 	4078 	4243
f 4050 	4042 	4304
f 4042 	4040 	4304
f 4240 	4304 	4040
f 4035 	4028 	4239
f 4020 	4151 	4021
f 3064 	3711 	3709
f 3711 	3064 	3063
f 3714 	3063 	3062
f 3657 	3729 	8692
f 4002 	3946 	4162
f 4161 	4162 	3946
f 3851 	3714 	3062
f 3946 	3944 	4161
f 3084 	3861 	3857
f 3833 	3772 	3140
f 3140 	8602 	4194
f 4028 	4027 	4153
f 4120 	4251 	4252
f 4120 	4252 	4121
f 4223 	4220 	3778
f 4231 	4230 	3781
f 4122 	4253 	4254
f 4122 	4254 	4123
f 4120 	4119 	4250
f 4120 	4250 	4251
f 4309 	4811 	4308
f 4308 	4811 	4307
f 4021 	4152 	4027
f 4122 	4121 	4252
f 4122 	4252 	4253
f 3081 	3911 	3908
f 4153 	4239 	4028
f 4802 	4800 	4261
f 3914 	3911 	3079
f 3916 	3914 	3079
f 4239 	4240 	4035
f 4220 	4219 	3781
f 4219 	4231 	3781
f 4230 	4229 	3781
f 4229 	4232 	3781
f 4218 	4217 	3781
f 4217 	4228 	3781
f 4228 	4216 	3781
f 4216 	4215 	3781
f 4215 	4227 	3781
f 4227 	4214 	3781
f 4238 	3781 	4214
f 4214 	4213 	4238
f 4515 	4238 	4213
f 4213 	4211 	4515
f 4040 	4035 	4240
f 4251 	9010 	4252
f 4250 	9010 	4251
f 9112 	9010 	4250
f 4254 	4268 	4124
f 4254 	4124 	4123
f 3957 	3934 	3088
f 3089 	3959 	3088
f 4265 	4798 	4264
f 4266 	4798 	4265
f 4267 	4798 	4266
f 4269 	4798 	4267
f 4270 	4798 	4269
f 4263 	4264 	4798
f 4271 	4272 	4798
f 4272 	4273 	4798
f 4273 	4274 	4798
f 3957 	3088 	3959
f 4053 	3455 	4059
f 4248 	4249 	4083
f 4252 	9010 	4253
f 3089 	3092 	3959
f 4059 	4303 	4062
f 4248 	4081 	4245
f 3960 	3092 	3962
f 4062 	4241 	4065
f 3963 	3962 	3098
f 3095 	3098 	3962
f 4065 	4242 	4072
f 3098 	3964 	3963
f 4233 	4223 	3776
f 3776 	3773 	4233
f 3778 	3776 	4223
f 4800 	4798 	4277
f 4277 	4278 	4800
f 4278 	4279 	4800
f 4279 	4280 	4800
f 4280 	4281 	4800
f 4281 	4282 	4800
f 4282 	4283 	4800
f 4283 	4284 	4800
f 4284 	4285 	4800
f 4285 	4286 	4800
f 4286 	4287 	4800
f 4258 	4259 	4800
f 4259 	4260 	4800
f 4260 	4261 	4800
f 4287 	4258 	4800
f 4268 	3656 	4124
f 4292 	4275 	4798
f 4275 	4276 	4798
f 4276 	4277 	4798
f 4291 	4292 	4798
f 4072 	4243 	4078
f 4078 	4244 	4080
f 4245 	4080 	4244
f 4246 	4085 	4249
f 4612 	4846 	4594
f 4080 	4245 	4081
f 4081 	4248 	4083
f 4083 	4249 	4085
f 4247 	4128 	4246
f 4296 	4812 	4295
f 4297 	4812 	4296
f 4298 	4812 	4297
f 4299 	4812 	4298
f 4300 	4812 	4299
f 4301 	4812 	4300
f 4722 	4812 	4301
f 4246 	4128 	4085
f 3951 	3123 	3705
f 4241 	4062 	4303
f 4304 	3450 	4050
f 3450 	3451 	4051
f 4053 	4051 	3451
f 3535 	3444 	4306
f 4310 	4306 	3444
f 4294 	4811 	4309
f 5926 	4761 	5988
f 4160 	3535 	4306
f 4160 	4306 	4161
f 3941 	3041 	3043
f 4306 	4310 	4162
f 4306 	4162 	4161
f 3941 	3043 	3930
f 2959 	3930 	3043
f 4310 	3444 	4313
f 4310 	4313 	4163
f 4310 	4163 	4162
f 2959 	3046 	3930
f 4312 	4344 	4311
f 3046 	3049 	3932
f 4313 	4314 	4164
f 4313 	4164 	4163
f 3049 	3052 	3932
f 4314 	3444 	4317
f 3052 	3055 	3934
f 4314 	4317 	4151
f 4314 	4151 	4164
f 3055 	3088 	3934
f 4320 	3444 	4323
f 3444 	4320 	4317
f 4316 	4261 	4318
f 4318 	4261 	4319
f 4317 	4320 	4152
f 4317 	4152 	4151
f 4319 	4261 	4321
f 3705 	3069 	3068
f 4320 	4323 	4153
f 4320 	4153 	4152
f 4311 	4344 	4324
f 3066 	3709 	3068
f 4323 	4440 	4153
f 3709 	3066 	3064
f 4388 	8159 	4331
f 5262 	4335 	5266
f 4388 	4331 	4155
f 3248 	4302 	4801
f 4331 	8159 	4332
f 4190 	4189 	5149
f 4325 	5149 	4326
f 4322 	5149 	4325
f 4345 	5149 	4322
f 4326 	5149 	4328
f 3061 	3851 	3062
f 4331 	4332 	4156
f 4331 	4156 	4155
f 4191 	4190 	5149
f 4332 	8159 	4333
f 4335 	5262 	4337
f 3851 	3061 	3857
f 3060 	3857 	3061
f 4332 	4333 	4157
f 4332 	4157 	4156
f 4334 	4235 	7064
f 4235 	7025 	7064
f 4333 	8159 	4335
f 4333 	4335 	4158
f 4333 	4158 	4157
f 7057 	7056 	4339
f 4338 	4339 	7056
f 4165 	4158 	4337
f 4335 	4337 	4158
f 5262 	5221 	4337
f 3908 	3083 	3082
f 4337 	4343 	4166
f 4337 	4166 	4165
f 4327 	4344 	4329
f 4327 	4324 	4344
f 4321 	4261 	4312
f 4305 	4807 	4344
f 4256 	4811 	4255
f 4307 	4811 	4257
f 3908 	3082 	3081
f 4343 	4346 	4159
f 4343 	4159 	4166
f 4344 	4312 	4261
f 4290 	4291 	4798
f 4289 	4290 	4798
f 7056 	4336 	4338
f 3916 	3079 	3078
f 4339 	4347 	7057
f 4346 	3535 	4160
f 4346 	4160 	4159
f 3916 	3078 	3920
f 3076 	3920 	3078
f 4257 	4349 	4307
f 4350 	8162 	4353
f 8159 	3533 	8162
f 4353 	8162 	4354
f 3920 	3076 	3035
f 4351 	4352 	4256
f 4351 	4256 	4255
f 4355 	8162 	4364
f 4235 	5149 	4236
f 4345 	4348 	5149
f 4348 	4342 	5149
f 4342 	4341 	5149
f 4341 	4347 	5149
f 4347 	4339 	5149
f 4236 	5149 	4336
f 4338 	5149 	4339
f 4336 	5149 	4338
f 4352 	4349 	4257
f 4352 	4257 	4256
f 4350 	4353 	4168
f 4350 	4168 	4167
f 4354 	8162 	4355
f 4237 	4334 	7064
f 4237 	7064 	7218
f 4597 	4617 	4371
f 4353 	4354 	4169
f 4353 	4169 	4168
f 3960 	3959 	3092
f 4260 	4356 	4357
f 4260 	4357 	4261
f 3095 	3962 	3092
f 4175 	4169 	4355
f 4354 	4355 	4169
f 4698 	4699 	4708
f 4361 	4365 	4259
f 4361 	4259 	4258
f 4355 	4364 	4176
f 4355 	4176 	4175
f 4365 	4356 	4260
f 4365 	4260 	4259
f 2709 	4362 	2708
f 4360 	2708 	4362
f 4364 	4368 	4177
f 4364 	4177 	4176
f 4361 	5023 	4365
f 4461 	5023 	4361
f 4360 	4224 	2708
f 2705 	2708 	4224
f 4364 	8162 	4368
f 4340 	6098 	3250
f 4369 	5148 	4370
f 3628 	4362 	2709
f 4261 	4357 	4344
f 3533 	4170 	4368
f 4177 	4368 	4170
f 3253 	6150 	4374
f 4375 	4171 	4170
f 4375 	4170 	3533
f 6150 	6103 	4374
f 4375 	8159 	4379
f 4384 	8159 	4388
f 3265 	3257 	4380
f 4373 	4372 	5149
f 4379 	4172 	4171
f 4379 	4171 	4375
f 4379 	8159 	4384
f 4382 	4385 	3256
f 4382 	3256 	3255
f 4371 	4344 	4357
f 4384 	4173 	4172
f 4384 	4172 	4379
f 4378 	5149 	4381
f 4383 	4381 	5148
f 4708 	4636 	4707
f 5148 	5171 	4370
f 4388 	4174 	4173
f 4388 	4173 	4384
f 4274 	4391 	4498
f 4274 	4498 	4289
f 4390 	4387 	5171
f 4387 	4370 	5171
f 4450 	4432 	4377
f 4272 	4393 	4394
f 4272 	4394 	4273
f 4155 	4174 	4388
f 4392 	4390 	5171
f 4397 	4636 	4396
f 4398 	4636 	4397
f 4270 	4399 	4400
f 4270 	4400 	4271
f 4293 	4402 	4389
f 3474 	4179 	4247
f 4267 	4404 	4405
f 4267 	4405 	4269
f 4392 	5171 	4395
f 3474 	1814 	4406
f 4410 	4636 	4409
f 4411 	4636 	4410
f 4396 	4636 	4411
f 4408 	4409 	4636
f 4406 	4180 	4179
f 4406 	4179 	3474
f 4265 	4414 	4415
f 4265 	4415 	4266
f 1814 	8162 	4406
f 4417 	8162 	4421
f 4417 	4181 	4180
f 4417 	4180 	4406
f 4263 	4418 	4419
f 4263 	4419 	4264
f 4421 	4182 	4181
f 4421 	4181 	4417
f 4423 	4636 	4422
f 4424 	4636 	4423
f 4425 	4636 	4424
f 4426 	4636 	4425
f 4427 	4636 	4426
f 4421 	8162 	4431
f 4394 	4391 	4274
f 4394 	4274 	4273
f 4431 	4183 	4182
f 4431 	4182 	4421
f 4431 	8162 	4434
f 4400 	4393 	4272
f 4400 	4272 	4271
f 4428 	4407 	4636
f 4407 	4408 	4636
f 5171 	4198 	4416
f 4434 	4184 	4183
f 4434 	4183 	4431
f 4405 	4399 	4270
f 4405 	4270 	4269
f 4434 	8162 	4350
f 4430 	4416 	4198
f 4415 	4404 	4267
f 4415 	4267 	4266
f 4434 	4350 	4184
f 4167 	4184 	4350
f 4439 	4412 	4437
f 4441 	4412 	4439
f 4419 	4414 	4265
f 4419 	4265 	4264
f 4443 	4445 	4412
f 4429 	4418 	4263
f 4429 	4263 	4262
f 4440 	4239 	4153
f 4436 	4435 	4125
f 4198 	4125 	4435
f 4636 	4412 	4445
f 4448 	4636 	4445
f 4438 	4436 	4125
f 4440 	4446 	4240
f 4440 	4240 	4239
f 4463 	4636 	4448
f 4444 	4442 	4125
f 4442 	4438 	4125
f 4389 	4452 	4293
f 4449 	4447 	4125
f 4447 	4444 	4125
f 1817 	1814 	4460
f 4457 	4432 	4453
f 4450 	4453 	4432
f 4211 	4293 	4452
f 4456 	4211 	4452
f 4451 	4449 	4125
f 4459 	4432 	4457
f 4465 	5023 	4501
f 4399 	5022 	4400
f 5003 	5022 	4429
f 4400 	5022 	4393
f 4405 	5022 	4399
f 4404 	5022 	4405
f 4404 	4415 	5022
f 4415 	4414 	5022
f 4414 	4419 	5022
f 4418 	5022 	4419
f 4429 	5022 	4418
f 4455 	1817 	4460
f 4437 	4432 	4459
f 4258 	4287 	4361
f 4461 	4361 	4287
f 4455 	4460 	4242
f 4455 	4242 	4241
f 4464 	4465 	4285
f 4464 	4285 	4284
f 4460 	4466 	4243
f 4460 	4243 	4242
f 4469 	4471 	4283
f 4469 	4283 	4282
f 4511 	4193 	4462
f 4193 	5149 	4462
f 1814 	4489 	4483
f 4475 	4476 	4281
f 4475 	4281 	4280
f 4466 	4474 	4244
f 4466 	4244 	4243
f 4481 	4636 	4478
f 4480 	4482 	4278
f 4480 	4278 	4277
f 4484 	4636 	4481
f 4474 	4483 	4245
f 4474 	4245 	4244
f 4479 	5149 	4485
f 4490 	4486 	4275
f 4490 	4275 	4292
f 4488 	4485 	5149
f 4211 	4456 	4487
f 4483 	4489 	4248
f 4483 	4248 	4245
f 4493 	4494 	4291
f 4493 	4291 	4290
f 4495 	4636 	4492
f 4492 	4636 	4484
f 4489 	1814 	4496
f 4491 	4488 	5149
f 4372 	4491 	5149
f 4497 	4636 	4495
f 4489 	4496 	4249
f 4489 	4249 	4248
f 4500 	4636 	4497
f 4465 	4501 	4286
f 4465 	4286 	4285
f 4496 	4502 	4246
f 4496 	4246 	4249
f 4482 	4504 	4279
f 4482 	4279 	4278
f 4499 	4131 	4503
f 4502 	1814 	4506
f 4486 	4508 	4276
f 4486 	4276 	4275
f 3098 	3101 	3964
f 4506 	4247 	4246
f 4506 	4246 	4502
f 4287 	4286 	4501
f 4287 	4501 	4461
f 3101 	3113 	3965
f 3101 	3965 	3964
f 4507 	4193 	4509
f 4471 	4464 	4284
f 4471 	4284 	4283
f 4247 	4506 	3474
f 3113 	2567 	3965
f 4476 	4469 	4282
f 4476 	4282 	4281
f 4440 	1817 	4446
f 4512 	4446 	1817
f 3444 	1817 	4323
f 4504 	4475 	4280
f 4504 	4280 	4279
f 4304 	4240 	4512
f 4446 	4512 	4240
f 3947 	3128 	3127
f 4508 	4480 	4277
f 4508 	4277 	4276
f 4512 	3466 	3450
f 4512 	3450 	4304
f 4288 	3791 	4238
f 4483 	4474 	1814
f 3951 	3126 	3123
f 3472 	1817 	4513
f 3455 	3472 	4513
f 3455 	4513 	4303
f 3069 	3705 	3123
f 4513 	1817 	4455
f 4513 	4455 	4241
f 4513 	4241 	4303
f 4501 	5023 	4461
f 4464 	5023 	4465
f 4471 	5023 	4464
f 4469 	5023 	4471
f 4391 	5022 	4498
f 4476 	5023 	4469
f 4475 	5023 	4476
f 4475 	4504 	5023
f 4504 	4482 	5023
f 4482 	4480 	5023
f 4508 	5022 	4480
f 4486 	5022 	4508
f 4490 	5022 	4486
f 3130 	3136 	4061
f 3130 	4061 	4060
f 3141 	4054 	4061
f 4494 	4490 	4292
f 4494 	4292 	4291
f 4498 	4493 	4290
f 4498 	4290 	4289
f 3141 	4061 	3136
f 5123 	8159 	4516
f 4515 	4211 	4514
f 4487 	4514 	4211
f 3141 	3143 	4055
f 3141 	4055 	4054
f 4490 	4494 	5022
f 4494 	4493 	5022
f 4498 	5022 	4493
f 4385 	4380 	3257
f 4385 	3257 	3256
f 5266 	4335 	5271
f 4301 	4518 	4722
f 4299 	4520 	4521
f 4299 	4521 	4300
f 8090 	8085 	5142
f 5144 	5143 	8082
f 5147 	5146 	8069
f 5150 	5147 	8067
f 7756 	4514 	4487
f 4297 	4524 	4525
f 4297 	4525 	4298
f 4526 	4527 	3262
f 4526 	3262 	3261
f 7756 	7758 	4514
f 4295 	4528 	4529
f 4295 	4529 	4296
f 4309 	4536 	4532
f 4309 	4532 	4294
f 4527 	4523 	3263
f 4527 	3263 	3262
f 4530 	4526 	3261
f 4530 	3261 	3260
f 4534 	4535 	4533
f 4531 	4533 	4535
f 4537 	4541 	4535
f 4538 	4540 	4537
f 4539 	4540 	4538
f 4541 	4537 	4540
f 4531 	4535 	4541
f 4307 	4349 	4542
f 4255 	4305 	4351
f 4547 	4351 	4305
f 4546 	4535 	4545
f 4548 	4535 	4546
f 4544 	4545 	4535
f 4549 	4535 	4548
f 4543 	4544 	4535
f 4530 	4550 	4738
f 4521 	4518 	4301
f 4521 	4301 	4300
f 3260 	3267 	4550
f 3260 	4550 	4530
f 4525 	4520 	4299
f 4525 	4299 	4298
f 4380 	4556 	3265
f 4555 	4574 	4554
f 4553 	4554 	4574
f 4552 	4553 	4574
f 4534 	4543 	4535
f 4555 	4535 	4574
f 4551 	4552 	4574
f 4551 	4574 	4558
f 4529 	4524 	4297
f 4529 	4297 	4296
f 3255 	3269 	4382
f 4557 	4382 	3269
f 4556 	4559 	3266
f 4556 	3266 	3265
f 4532 	4528 	4295
f 4532 	4295 	4294
f 4559 	4550 	3267
f 4559 	3267 	3266
f 4382 	4738 	4385
f 4550 	4559 	4738
f 4559 	4556 	4738
f 4556 	4380 	4738
f 4385 	4738 	4380
f 4562 	4574 	4561
f 4558 	4574 	4562
f 4560 	4561 	4574
f 4563 	4564 	4574
f 4564 	4565 	4574
f 4565 	4566 	4574
f 4566 	4567 	4574
f 4567 	4568 	4574
f 4568 	4569 	4574
f 4569 	4570 	4574
f 4570 	4571 	4574
f 4560 	4574 	4571
f 4517 	4557 	3269
f 4517 	3269 	3270
f 4580 	4584 	4517
f 4520 	5799 	4521
f 4525 	5799 	4520
f 4524 	5799 	4525
f 4547 	4371 	5059
f 4573 	4585 	4575
f 4574 	4535 	4549
f 4572 	4573 	4575
f 4577 	4578 	4575
f 4572 	4575 	4578
f 4542 	4576 	4308
f 4542 	4308 	4307
f 4579 	4517 	4045
f 4576 	4536 	4309
f 4576 	4309 	4308
f 4268 	9010 	3656
f 3011 	2968 	3372
f 4583 	4574 	4582
f 4563 	4574 	4583
f 4581 	4582 	4574
f 4574 	4575 	4585
f 4585 	4586 	4574
f 4586 	4587 	4574
f 4587 	4588 	4574
f 4588 	4589 	4574
f 4589 	4590 	4574
f 4581 	4574 	4590
f 4382 	4557 	4738
f 4621 	4623 	4371
f 4623 	4626 	4371
f 4626 	5059 	4371
f 5059 	5071 	4547
f 4617 	4621 	4371
f 4533 	4729 	4534
f 4371 	4547 	4305
f 4371 	4305 	4344
f 4729 	4543 	4534
f 3143 	3145 	4056
f 3143 	4056 	4055
f 3145 	3146 	4057
f 3145 	4057 	4056
f 3146 	3147 	4058
f 3146 	4058 	4057
f 4598 	4600 	4557
f 4596 	4598 	4557
f 3147 	2954 	4052
f 3147 	4052 	4058
f 5073 	5092 	4547
f 4740 	4742 	4537
f 3701 	4052 	2954
f 4601 	4738 	4600
f 4738 	4557 	4600
f 4603 	4738 	4601
f 4607 	4357 	4604
f 4609 	4738 	4608
f 4610 	4357 	4607
f 4613 	4595 	4357
f 4604 	4357 	4602
f 4371 	4357 	4595
f 4615 	4594 	4614
f 4622 	4738 	4618
f 4351 	4547 	5092
f 4738 	4624 	4625
f 3954 	8212 	4288
f 4048 	3155 	3154
f 4636 	4500 	4386
f 4631 	2177 	4633
f 4432 	4437 	4412
f 4633 	2177 	4635
f 3966 	3688 	3158
f 3032 	3158 	3688
f 4634 	4635 	2177
f 3157 	3968 	3158
f 3966 	3158 	3968
f 2190 	2180 	4632
f 3968 	3157 	3156
f 3968 	3156 	4047
f 2177 	4628 	4634
f 4631 	4632 	2177
f 3155 	4048 	3156
f 4047 	3156 	4048
f 4048 	3154 	4049
f 4619 	4634 	4630
f 4049 	3154 	4082
f 4096 	4095 	2938
f 3165 	4099 	4098
f 4060 	4099 	3165
f 4629 	4630 	4634
f 4628 	4629 	4634
f 2177 	2968 	4628
f 3193 	3192 	4069
f 3277 	4591 	4584
f 3277 	4592 	4591
f 3656 	4195 	3657
f 4318 	4319 	4607
f 4610 	4607 	4319
f 4319 	4613 	4610
f 3729 	3728 	8692
f 4533 	4728 	4729
f 4330 	4626 	4623
f 3287 	4606 	4603
f 3287 	3288 	4606
f 4555 	4841 	4535
f 4740 	4537 	4535
f 4538 	4537 	4742
f 4538 	4742 	4539
f 4745 	4539 	4742
f 4745 	4540 	4539
f 4541 	4540 	4748
f 3406 	3405 	4647
f 4647 	4234 	3406
f 3403 	3406 	4234
f 4234 	4226 	3403
f 3771 	3403 	4226
f 4318 	4607 	4604
f 4748 	4531 	4541
f 4728 	4533 	4531
f 4543 	4729 	4750
f 4625 	3302 	4627
f 3786 	3781 	4238
f 4543 	4750 	4544
f 4751 	4544 	4750
f 3302 	3247 	4627
f 4545 	4544 	4752
f 4751 	4752 	4544
f 4225 	4233 	3773
f 4752 	4546 	4545
f 4045 	3237 	4579
f 3274 	4580 	4579
f 3728 	3727 	8692
f 4584 	4580 	3274
f 4584 	3275 	3277
f 4574 	4549 	4758
f 4762 	4552 	4551
f 3281 	4596 	4593
f 4552 	4762 	4553
f 4598 	4596 	3281
f 4553 	4765 	4554
f 4840 	4841 	4554
f 4555 	4554 	4841
f 4602 	4315 	4604
f 3283 	4601 	4600
f 3286 	4603 	4601
f 4603 	3286 	3287
f 4835 	4420 	4636
f 4398 	4412 	4636
f 4443 	4412 	4441
f 4636 	4463 	4467
f 4636 	4467 	4470
f 4636 	4470 	4473
f 4473 	4478 	4636
f 4386 	4707 	4636
f 4427 	4428 	4636
f 4608 	4606 	3288
f 3288 	4609 	4608
f 4620 	4619 	2971
f 4852 	4567 	4566
f 4666 	4689 	4665
f 4665 	4689 	4650
f 4650 	4689 	4649
f 3293 	4616 	4611
f 4567 	4852 	4568
f 4618 	4616 	3293
f 4867 	4571 	4570
f 4666 	4652 	4689
f 4655 	4689 	4654
f 4656 	4689 	4655
f 4657 	4689 	4656
f 4658 	4689 	4657
f 4659 	4689 	4658
f 4660 	4688 	4659
f 4661 	4688 	4660
f 4662 	4688 	4661
f 4663 	4688 	4662
f 4664 	4688 	4663
f 4654 	4689 	4653
f 4653 	4689 	4652
f 4571 	4867 	4560
f 4649 	4689 	4648
f 4871 	4561 	4560
f 4680 	4688 	4679
f 4046 	4627 	3247
f 4871 	4562 	4561
f 3275 	4584 	3274
f 4759 	4760 	4558
f 4224 	4360 	4706
f 4360 	4362 	4706
f 4362 	4708 	4706
f 4705 	4706 	4708
f 4704 	4705 	4708
f 4703 	4704 	4708
f 4702 	4703 	4708
f 4701 	4702 	4708
f 4700 	4701 	4708
f 4699 	4700 	4708
f 4762 	4765 	4553
f 4681 	4688 	4680
f 4682 	4688 	4681
f 4648 	4689 	4651
f 4377 	4432 	4683
f 4840 	4554 	4765
f 4685 	4683 	4651
f 4432 	4651 	4683
f 3282 	3283 	4598
f 4687 	4697 	4708
f 4686 	4687 	4708
f 4491 	4372 	7183
f 4847 	4564 	4563
f 4373 	7101 	4372
f 4689 	4659 	4688
f 4565 	4564 	4847
f 4691 	4651 	4690
f 4850 	4566 	4565
f 4852 	4566 	4850
f 4856 	4568 	4852
f 4694 	4651 	4693
f 4569 	4568 	4856
f 4863 	4570 	4569
f 4676 	4677 	4706
f 4867 	4570 	4863
f 4706 	4688 	4675
f 4868 	4560 	4867
f 4697 	4698 	4708
f 4871 	4560 	4868
f 4675 	4676 	4706
f 4671 	4672 	4688
f 4673 	4674 	4688
f 4558 	4562 	4759
f 4670 	4671 	4688
f 4597 	4311 	4617
f 4324 	4327 	4617
f 7121 	4403 	4413
f 4575 	4574 	4892
f 4327 	4329 	4621
f 4892 	4577 	4575
f 7121 	4413 	4416
f 4678 	4224 	4706
f 4674 	4675 	4688
f 4623 	4329 	4330
f 4707 	4686 	4708
f 4672 	4673 	4688
f 4669 	4670 	4688
f 4668 	4669 	4688
f 4690 	4651 	4689
f 4692 	4651 	4691
f 4693 	4651 	4692
f 4695 	4651 	4694
f 6760 	6761 	4755
f 4595 	4312 	4597
f 4311 	4597 	4312
f 4637 	4709 	4632
f 4637 	4632 	4631
f 3628 	2298 	4708
f 4677 	4678 	4706
f 3628 	4708 	4362
f 4668 	4688 	4667
f 4696 	4684 	4651
f 4684 	4685 	4651
f 4695 	4696 	4651
f 4679 	4688 	4664
f 4667 	4688 	4682
f 4602 	4806 	4315
f 4316 	4604 	4315
f 4318 	4604 	4316
f 3403 	6134 	3406
f 4638 	4637 	4631
f 4638 	4631 	4633
f 2720 	2796 	4377
f 4321 	4613 	4319
f 4312 	4595 	4613
f 4312 	4613 	4321
f 4386 	2725 	4707
f 4622 	3297 	4624
f 4581 	4590 	4965
f 4324 	4617 	4311
f 3299 	3300 	4624
f 4967 	4582 	4581
f 4621 	4617 	4327
f 4625 	3300 	3302
f 4582 	4967 	4583
f 4968 	4583 	4967
f 4411 	2760 	4396
f 4623 	4621 	4329
f 2761 	4398 	2754
f 2754 	4398 	2755
f 4397 	2755 	4398
f 4579 	3272 	3274
f 4563 	4583 	4968
f 4396 	2755 	4397
f 2771 	2757 	4407
f 3278 	4592 	3277
f 4574 	4891 	4892
f 4592 	3278 	4593
f 3279 	4593 	3278
f 2759 	4409 	2758
f 4408 	2758 	4409
f 4577 	4892 	4900
f 3279 	3281 	4593
f 4900 	4578 	4577
f 4595 	4597 	4371
f 5071 	5072 	4547
f 4610 	4613 	4357
f 5072 	5073 	4547
f 4352 	4351 	5092
f 4398 	2761 	4412
f 9238 	3453 	3454
f 4598 	3281 	3282
f 4572 	4955 	4573
f 4600 	4598 	3283
f 2757 	2758 	4407
f 4408 	4407 	2758
f 4959 	4585 	4573
f 3284 	4601 	3283
f 2759 	4410 	4409
f 4394 	5022 	4391
f 4365 	5023 	4356
f 3284 	3286 	4601
f 4197 	2763 	4420
f 9238 	3465 	3453
f 2766 	4424 	2765
f 4423 	2765 	4424
f 4586 	4962 	4587
f 4426 	2768 	4427
f 2769 	4427 	2768
f 3290 	4609 	3288
f 4587 	4962 	4588
f 4407 	4428 	2771
f 4609 	3290 	4611
f 3291 	4611 	3290
f 4423 	4422 	2773
f 4423 	2773 	2765
f 3293 	4611 	3291
f 4590 	4589 	4965
f 4714 	4715 	4812
f 4715 	4716 	4812
f 4716 	4717 	4812
f 4717 	4718 	4812
f 4813 	4812 	4718
f 4719 	4720 	4813
f 2768 	4426 	2775
f 4425 	2775 	4426
f 2763 	2773 	4420
f 4422 	4420 	2773
f 4618 	3293 	3296
f 4724 	4812 	4723
f 4723 	4812 	4722
f 4618 	3296 	3297
f 4622 	4618 	3297
f 2766 	2775 	4424
f 4425 	4424 	2775
f 4295 	4812 	4294
f 4257 	4811 	4256
f 3299 	4624 	3297
f 2769 	2771 	4427
f 4428 	4427 	2771
f 4432 	4412 	2761
f 4625 	4624 	3300
f 4727 	4772 	4721
f 4730 	4731 	4720
f 4730 	4720 	4719
f 4732 	4733 	4718
f 4732 	4718 	4717
f 4738 	5913 	3304
f 4734 	4735 	4716
f 4734 	4716 	4715
f 4535 	4841 	4736
f 4625 	4627 	4738
f 4737 	4739 	4714
f 4737 	4714 	4713
f 4736 	4740 	4535
f 4635 	4639 	4638
f 4635 	4638 	4633
f 4741 	4743 	4712
f 4741 	4712 	4711
f 4738 	4603 	4606
f 4611 	4738 	4609
f 4618 	4738 	4616
f 4624 	4738 	4622
f 4616 	4738 	4611
f 4634 	4744 	4639
f 4634 	4639 	4635
f 4745 	4747 	4540
f 4731 	4727 	4721
f 4731 	4721 	4720
f 4747 	4748 	4540
f 2239 	2190 	4709
f 4632 	4709 	2190
f 4733 	4730 	4719
f 4733 	4719 	4718
f 4608 	4738 	4606
f 4748 	4749 	4531
f 4735 	4732 	4717
f 4735 	4717 	4716
f 4749 	4728 	4531
f 4639 	4744 	4755
f 4739 	4734 	4715
f 4739 	4715 	4714
f 4584 	4591 	4517
f 4580 	4517 	4579
f 4557 	4517 	4592
f 4591 	4592 	4517
f 4743 	4737 	4713
f 4743 	4713 	4712
f 4746 	4741 	4711
f 4746 	4711 	4710
f 4546 	4752 	4754
f 3312 	4753 	4763
f 4754 	4756 	4548
f 4754 	4548 	4546
f 3312 	3311 	4757
f 3312 	4757 	4753
f 4549 	4548 	4758
f 4756 	4758 	4548
f 4551 	4558 	4760
f 6757 	6758 	4755
f 4730 	5799 	4731
f 4732 	4735 	5799
f 4733 	4732 	5799
f 4735 	4734 	5799
f 4734 	4739 	5799
f 4739 	4737 	5799
f 4737 	4743 	5799
f 4743 	4741 	5799
f 4741 	4746 	5799
f 4746 	4764 	5799
f 4551 	4760 	4762
f 3312 	4763 	3313
f 4726 	4764 	4746
f 4726 	4746 	4710
f 4724 	4766 	4767
f 4724 	4767 	4725
f 4722 	4518 	4768
f 2177 	2967 	2968
f 4771 	4757 	3316
f 4768 	4769 	4723
f 4768 	4723 	4722
f 4441 	2790 	4443
f 4767 	4764 	4726
f 4767 	4726 	4725
f 4757 	5182 	4753
f 2973 	2971 	4619
f 2790 	2792 	4443
f 4769 	4766 	4724
f 4769 	4724 	4723
f 3315 	3313 	4763
f 3315 	4763 	4761
f 2973 	4619 	2976
f 4630 	2976 	4619
f 4764 	4767 	5799
f 4767 	4766 	5799
f 4766 	4769 	5799
f 4769 	4768 	5799
f 4518 	5799 	4768
f 3011 	2976 	4629
f 4630 	4629 	2976
f 4529 	5799 	4524
f 3011 	4629 	2968
f 4628 	2968 	4629
f 3205 	4091 	4090
f 3311 	3316 	4757
f 3205 	4063 	4091
f 4448 	2804 	4463
f 4463 	2804 	4467
f 2806 	4470 	4467
f 4473 	2810 	4478
f 4478 	2810 	4481
f 4195 	4775 	3351
f 4772 	4770 	4721
f 3327 	4105 	4103
f 4107 	4105 	3327
f 6506 	4771 	3316
f 3325 	3324 	4108
f 4108 	3324 	4110
f 4773 	4774 	4599
f 4774 	4773 	4775
f 3310 	4636 	2752
f 3324 	3947 	4110
f 3432 	4648 	3431
f 4651 	3431 	4648
f 3162 	4098 	4097
f 3434 	3436 	4650
f 3165 	4098 	3162
f 3434 	4650 	3435
f 4649 	3435 	4650
f 4649 	4648 	3435
f 3432 	3435 	4648
f 4651 	4432 	3431
f 3170 	4101 	4100
f 4775 	4605 	4774
f 4599 	4774 	4605
f 4101 	3170 	4102
f 4845 	8713 	4615
f 2756 	3431 	4432
f 2938 	4095 	4094
f 4665 	4650 	3436
f 4775 	4195 	4605
f 3441 	4654 	3439
f 4653 	3439 	4654
f 3449 	4659 	3448
f 4658 	3448 	4659
f 3457 	4662 	3456
f 4661 	3456 	4662
f 3448 	4658 	3481
f 4657 	3481 	4658
f 3456 	4661 	3486
f 4660 	3486 	4661
f 4776 	4770 	4772
f 4663 	3503 	3477
f 4663 	3477 	4664
f 3436 	4666 	4665
f 4781 	4784 	5182
f 4082 	3154 	3211
f 4782 	4783 	4798
f 4783 	4262 	4798
f 4270 	4271 	4798
f 4262 	4263 	4798
f 4653 	4652 	3439
f 4084 	4082 	3211
f 3441 	4655 	4654
f 4657 	4656 	3481
f 4788 	4790 	4763
f 4660 	4659 	3486
f 3449 	3486 	4659
f 4789 	4786 	4832
f 4785 	4832 	4786
f 4663 	4662 	3503
f 3457 	3503 	4662
f 4793 	4761 	4792
f 4832 	4794 	4791
f 4791 	4789 	4832
f 4795 	4761 	4793
f 4792 	4763 	4790
f 3477 	3596 	4664
f 3534 	4667 	4682
f 7182 	4485 	4488
f 4798 	4796 	4777
f 4832 	4777 	4796
f 4302 	4761 	4801
f 3537 	4669 	3536
f 4668 	3536 	4669
f 7182 	4488 	7183
f 5988 	4761 	4302
f 4779 	4782 	4798
f 4670 	3539 	4671
f 4802 	4261 	4803
f 7098 	7183 	4372
f 4672 	3541 	3542
f 4672 	3542 	4673
f 3193 	4069 	4064
f 4803 	4261 	4804
f 3544 	4675 	3543
f 4674 	3543 	4675
f 4074 	4069 	3192
f 7190 	4499 	4503
f 4676 	3550 	4677
f 3191 	4075 	3192
f 4074 	3192 	4075
f 2705 	4224 	3559
f 4678 	3559 	4224
f 4076 	4075 	3190
f 3191 	3190 	4075
f 4804 	4261 	4806
f 4315 	4806 	4261
f 3534 	3536 	4667
f 4668 	4667 	3536
f 4076 	3190 	4077
f 4316 	4315 	4261
f 3537 	3539 	4669
f 4670 	4669 	3539
f 4077 	3188 	4079
f 4672 	4671 	3541
f 4329 	4344 	4330
f 3187 	3328 	4079
f 7204 	4510 	4511
f 4330 	4344 	4807
f 4255 	4811 	4305
f 3542 	3543 	4673
f 4674 	4673 	3543
f 4807 	4305 	4808
f 3544 	3550 	4675
f 4676 	4675 	3550
f 4808 	4305 	4809
f 4678 	4677 	3559
f 4809 	4305 	4810
f 4681 	4680 	3597
f 7067 	4358 	7068
f 3209 	4086 	4084
f 4725 	4812 	4724
f 7068 	4363 	4366
f 3208 	4087 	3209
f 4086 	3209 	4087
f 4679 	3597 	4680
f 4087 	3208 	4088
f 4781 	4780 	3342
f 4683 	3600 	4377
f 3206 	4090 	4088
f 3342 	3343 	4781
f 4090 	3206 	3205
f 4370 	7090 	4369
f 4684 	3601 	4685
f 2567 	4114 	3965
f 4115 	4114 	3216
f 2567 	3216 	4114
f 4820 	4819 	4831
f 4818 	4831 	4819
f 4116 	4115 	3220
f 3216 	3220 	4115
f 7098 	4372 	7101
f 3220 	3226 	4117
f 3220 	4117 	4116
f 3226 	4118 	4117
f 4821 	4831 	4822
f 4688 	3606 	4689
f 4823 	4831 	4824
f 3607 	4690 	3606
f 4689 	3606 	4690
f 4690 	3607 	4691
f 4691 	3609 	4692
f 4827 	4826 	4832
f 4692 	3609 	4693
f 7066 	4383 	4359
f 4829 	4828 	4832
f 4785 	4805 	4832
f 4830 	4829 	4832
f 3328 	4103 	4079
f 4695 	3613 	4696
f 4103 	3328 	3327
f 4828 	4827 	4832
f 4826 	4825 	4832
f 4831 	4832 	4825
f 4825 	4824 	4831
f 3601 	4684 	3613
f 4696 	3613 	4684
f 4784 	4781 	3343
f 7114 	4390 	4392
f 3614 	4697 	4687
f 3325 	4108 	4107
f 4697 	3614 	4698
f 4823 	4822 	4831
f 4820 	4831 	4821
f 4817 	4831 	4818
f 4816 	4831 	4817
f 4831 	4816 	4815
f 4815 	4814 	4831
f 4811 	4294 	4812
f 4810 	4305 	4811
f 4718 	4719 	4813
f 7118 	4395 	4401
f 3356 	4790 	4788
f 4700 	3618 	4701
f 4096 	2938 	3159
f 4726 	4710 	4812
f 3159 	3160 	4097
f 3159 	4097 	4096
f 4701 	3618 	4702
f 4790 	3356 	4792
f 3358 	4792 	3356
f 3160 	3162 	4097
f 4702 	3620 	4703
f 4274 	4289 	4798
f 4796 	4794 	4832
f 4805 	4830 	4832
f 4793 	4792 	3358
f 4703 	3620 	4704
f 3130 	4060 	3165
f 4778 	4798 	4777
f 4779 	4798 	4778
f 4704 	3623 	4705
f 4100 	4111 	3169
f 3623 	3626 	4705
f 4100 	3169 	3170
f 2132 	8008 	4832
f 3172 	4102 	3170
f 2725 	3629 	4707
f 4102 	3172 	4094
f 3173 	4094 	3172
f 2938 	4094 	3173
f 4186 	2752 	4708
f 5140 	3471 	4780
f 3194 	4064 	4063
f 3194 	4063 	3195
f 4780 	3340 	3342
f 4064 	3194 	3193
f 4784 	3343 	4787
f 4837 	4636 	1800
f 4077 	3190 	3188
f 4420 	4422 	4636
f 3187 	4079 	3188
f 4835 	4636 	4834
f 4836 	4636 	4833
f 4834 	4636 	4836
f 7149 	4451 	7151
f 4200 	4196 	4834
f 4835 	4197 	4420
f 4454 	4458 	7151
f 4797 	3363 	4799
f 4196 	4197 	4834
f 4835 	4834 	4197
f 4200 	4834 	4836
f 3211 	3210 	4084
f 3365 	3367 	4799
f 4200 	4833 	4194
f 4084 	3210 	3209
f 4833 	4200 	4836
f 3208 	3207 	4088
f 4468 	4472 	7169
f 1797 	4939 	1800
f 4088 	3207 	3206
f 4787 	3343 	3354
f 3195 	4063 	3205
f 4942 	4838 	4940
f 3355 	4788 	3354
f 4787 	3354 	4788
f 4788 	3355 	3356
f 4491 	7183 	4488
f 4849 	6724 	4833
f 4935 	4833 	4839
f 3359 	4793 	3358
f 3362 	4795 	3359
f 4793 	3359 	4795
f 3362 	3363 	4795
f 4797 	4795 	3363
f 3365 	4799 	3363
f 4801 	4799 	3367
f 4842 	4615 	4843
f 3248 	4801 	3367
f 4615 	4614 	4843
f 4614 	4594 	4846
f 4844 	4847 	4563
f 4509 	7203 	4507
f 4784 	4787 	5182
f 4797 	4761 	4795
f 4799 	4761 	4797
f 4847 	4848 	4565
f 7203 	4509 	7204
f 4848 	4850 	4565
f 4845 	4851 	4853
f 4845 	4853 	4846
f 4854 	4855 	4853
f 4846 	4853 	4855
f 4569 	4856 	4858
f 4942 	5174 	4838
f 4359 	4358 	7066
f 4858 	4863 	4569
f 4861 	4862 	4860
f 4859 	4860 	4862
f 4864 	4865 	4862
f 4866 	4862 	4865
f 4859 	4862 	4866
f 4636 	4837 	4833
f 4366 	7075 	7068
f 4849 	4833 	4837
f 4872 	4927 	4870
f 4869 	4872 	4873
f 4869 	4873 	4874
f 4869 	4874 	4875
f 4869 	4875 	4876
f 4869 	4876 	4877
f 4869 	4877 	4878
f 4869 	4878 	4879
f 4880 	4562 	4871
f 4849 	4837 	4857
f 4838 	4857 	4837
f 4759 	4562 	4880
f 4574 	4758 	4891
f 4884 	4872 	4883
f 4882 	4883 	4872
f 4885 	4872 	4884
f 4886 	4872 	4885
f 4887 	4872 	4886
f 4888 	4872 	4887
f 4889 	4872 	4888
f 4890 	4872 	4889
f 4893 	4872 	4890
f 4881 	4882 	4872
f 4881 	4872 	4869
f 4837 	4940 	4838
f 4896 	4872 	4895
f 4897 	4872 	4896
f 4898 	4872 	4897
f 4899 	4872 	4898
f 4894 	4895 	4872
f 4901 	4872 	4899
f 4838 	5174 	4857
f 4864 	4862 	4903
f 4902 	4903 	4862
f 4904 	4905 	4862
f 4902 	4862 	4905
f 6343 	6342 	6565
f 7101 	4373 	4376
f 4912 	4913 	4870
f 4911 	4912 	4870
f 4913 	4914 	4870
f 4914 	4915 	4870
f 4915 	4916 	4870
f 4916 	4917 	4870
f 4917 	4918 	4870
f 4862 	4870 	4918
f 4904 	4862 	4918
f 4910 	4911 	4870
f 4909 	4910 	4870
f 4839 	4906 	4908
f 4839 	4833 	4919
f 7108 	7106 	4381
f 4839 	4919 	4907
f 4839 	4907 	4906
f 6784 	4221 	6787
f 7110 	7108 	4383
f 4381 	4383 	7108
f 4909 	4870 	4921
f 4921 	4870 	4920
f 4893 	4894 	4872
f 4922 	4923 	4872
f 4923 	4924 	4872
f 4924 	4925 	4872
f 4925 	4926 	4872
f 4926 	4927 	4872
f 4927 	4928 	4870
f 4929 	4870 	4928
f 4920 	4870 	4929
f 7110 	4383 	7066
f 4933 	4872 	4932
f 4934 	4872 	4933
f 4931 	4932 	4872
f 4922 	4872 	4934
f 4930 	4931 	4872
f 4930 	4872 	4901
f 7090 	4370 	4387
f 7114 	4387 	4390
f 5203 	5205 	4865
f 4861 	5259 	4862
f 7118 	4401 	4403
f 4908 	4935 	4839
f 5263 	5269 	4862
f 4939 	1797 	1824
f 6769 	6764 	1875
f 6772 	6769 	1875
f 4938 	6781 	4937
f 4873 	5275 	4874
f 5279 	4875 	4874
f 4837 	1800 	4939
f 7132 	4433 	4435
f 4941 	4940 	4939
f 5293 	4879 	4878
f 4939 	4940 	4837
f 3226 	3241 	4118
f 4438 	7137 	4436
f 4112 	4118 	3317
f 3241 	3317 	4118
f 4442 	7140 	4438
f 3318 	4113 	3317
f 3317 	4113 	4112
f 4444 	7143 	7140
f 4444 	7140 	4442
f 7143 	4444 	4447
f 3318 	3321 	4113
f 4111 	4113 	3321
f 3169 	4111 	3321
f 5297 	5300 	4869
f 7149 	4449 	4451
f 4454 	7151 	4451
f 4107 	3327 	3326
f 3325 	4107 	3326
f 4511 	4462 	7156
f 3128 	3947 	3324
f 4468 	7160 	4462
f 4578 	4900 	4950
f 5268 	5276 	4949
f 4948 	4949 	5276
f 4954 	5268 	4949
f 4951 	4954 	4949
f 4952 	4954 	4951
f 4953 	5210 	4952
f 4947 	4948 	5276
f 4578 	4950 	4572
f 4955 	4572 	4950
f 4959 	4573 	4955
f 4953 	4952 	3332
f 4951 	4949 	3336
f 4959 	4960 	4585
f 4949 	4948 	3336
f 4586 	4585 	4961
f 4960 	4961 	4585
f 4947 	4946 	3339
f 4961 	4962 	4586
f 4946 	4945 	3339
f 4962 	4963 	4588
f 4589 	4588 	4964
f 4963 	4964 	4588
f 4503 	7191 	7190
f 4589 	4964 	4965
f 4505 	7196 	4503
f 3332 	4956 	4953
f 4581 	4965 	4966
f 2120 	4831 	4988
f 4581 	4966 	4967
f 4952 	3333 	3332
f 4510 	7204 	4509
f 4952 	4951 	3333
f 2957 	3333 	4951
f 3736 	6419 	3729
f 3336 	2957 	4951
f 4563 	4968 	4844
f 4948 	3337 	3336
f 3337 	4948 	3338
f 4947 	3338 	4948
f 3339 	3338 	4947
f 4945 	3341 	3339
f 4358 	7067 	7066
f 4973 	4736 	4972
f 4971 	4840 	4970
f 4976 	4977 	4759
f 4977 	4978 	4760
f 4762 	4760 	4978
f 4979 	4762 	4978
f 4970 	4765 	4979
f 7087 	7075 	4367
f 4895 	5348 	4896
f 5348 	4897 	4896
f 4369 	7089 	4367
f 6763 	6761 	3752
f 4729 	4728 	5000
f 4983 	5000 	4728
f 4985 	4747 	4984
f 5000 	5001 	4729
f 4729 	5001 	4750
f 5403 	5404 	4905
f 4981 	4742 	4980
f 4710 	4711 	4812
f 4736 	4973 	4740
f 4742 	4981 	4745
f 4740 	4980 	4742
f 4711 	4712 	4812
f 4726 	4812 	4725
f 4984 	4745 	4981
f 4745 	4984 	4747
f 4749 	4748 	4982
f 4747 	4985 	4748
f 4985 	4982 	4748
f 4713 	4714 	4812
f 4720 	4721 	4813
f 4982 	4983 	4749
f 4728 	4749 	4983
f 4974 	4975 	4871
f 4972 	4841 	4971
f 4712 	4713 	4812
f 4980 	4740 	4973
f 4760 	4759 	4977
f 4762 	4979 	4765
f 4765 	4970 	4840
f 4841 	4972 	4736
f 4840 	4971 	4841
f 4968 	4967 	5106
f 5106 	5107 	4968
f 4847 	4844 	5108
f 4858 	5101 	4863
f 5470 	5471 	4926
f 4721 	4770 	4813
f 5109 	5110 	4848
f 4852 	5112 	4856
f 4856 	5114 	4858
f 5103 	4867 	5102
f 5103 	4969 	4868
f 4863 	5102 	4867
f 4867 	5103 	4868
f 4776 	4988 	4770
f 4770 	4831 	4813
f 4814 	4813 	4831
f 4868 	4969 	4871
f 4759 	4880 	4976
f 4969 	4974 	4871
f 4843 	4986 	4842
f 4987 	4842 	4986
f 4854 	4986 	4855
f 4843 	4855 	4986
f 4831 	4770 	4988
f 3334 	2120 	3199
f 4845 	4615 	4997
f 4842 	4997 	4615
f 4614 	4846 	4855
f 4997 	4851 	4845
f 4777 	4998 	4999
f 4777 	4999 	4778
f 4842 	4987 	4997
f 4999 	4992 	4779
f 4999 	4779 	4778
f 4995 	4961 	5093
f 4955 	4950 	5089
f 4994 	5088 	4892
f 4955 	5090 	4959
f 4892 	4891 	4994
f 5088 	5089 	4950
f 4950 	4900 	5088
f 4754 	4752 	4989
f 5203 	4865 	4864
f 5095 	5096 	4964
f 4866 	4865 	5205
f 4866 	5205 	4859
f 5254 	4859 	5205
f 4783 	5003 	4429
f 4783 	4429 	4262
f 5004 	4751 	5002
f 5001 	5002 	4750
f 4989 	4752 	5004
f 4860 	4859 	5254
f 5005 	4782 	4992
f 4779 	4992 	4782
f 5005 	5003 	4783
f 5005 	4783 	4782
f 4751 	5004 	4752
f 4750 	5002 	4751
f 4989 	4990 	4754
f 5005 	5022 	5003
f 4393 	5022 	4394
f 4992 	5022 	5005
f 4999 	5022 	4992
f 4990 	4991 	4756
f 4857 	5006 	4944
f 4944 	4849 	4857
f 6330 	3797 	3798
f 5008 	5009 	5813
f 4756 	4754 	4990
f 5010 	5012 	5813
f 5012 	5020 	5813
f 4758 	4756 	4991
f 4993 	4994 	4891
f 5011 	5014 	5015
f 5011 	5015 	5016
f 5011 	5016 	5017
f 5011 	5017 	5018
f 5011 	5018 	5019
f 5011 	5019 	5021
f 5259 	4861 	4860
f 4991 	4993 	4758
f 5263 	4862 	5259
f 5023 	4480 	5022
f 4891 	4758 	4993
f 4900 	4892 	5088
f 5029 	5030 	5011
f 5028 	5029 	5054
f 5027 	5028 	5054
f 5030 	5031 	5011
f 5031 	5013 	5011
f 5014 	5011 	5013
f 5026 	5027 	5054
f 5054 	5055 	5026
f 7125 	4430 	4433
f 5035 	4357 	5032
f 4870 	4862 	5269
f 4870 	5269 	4872
f 5272 	4872 	5269
f 4356 	5023 	4357
f 5047 	4357 	5035
f 5275 	4873 	4872
f 5275 	4872 	5272
f 5039 	5029 	5038
f 5038 	5029 	5037
f 5040 	5029 	5039
f 5041 	5029 	5040
f 5042 	5029 	5041
f 5043 	5029 	5042
f 5044 	5029 	5043
f 5045 	5029 	5044
f 5037 	5029 	5036
f 5036 	5029 	5011
f 4959 	5091 	4960
f 5095 	4963 	4996
f 5279 	4874 	5275
f 4960 	5093 	4961
f 4963 	5095 	4964
f 4961 	4995 	4962
f 5048 	5029 	5045
f 5049 	5029 	5048
f 5050 	5029 	5049
f 5051 	5029 	5050
f 5052 	5029 	5051
f 5053 	5029 	5052
f 5054 	5029 	5053
f 5055 	5056 	5026
f 5034 	5024 	5056
f 5024 	5026 	5056
f 4875 	5285 	4876
f 4962 	4996 	4963
f 4966 	4965 	5097
f 5285 	4877 	4876
f 4602 	4357 	5047
f 4964 	5096 	4965
f 5293 	4878 	4877
f 4447 	7144 	7143
f 4542 	4349 	5092
f 5097 	5105 	4966
f 5034 	5062 	5033
f 5033 	5062 	5058
f 5060 	5061 	5034
f 5061 	5062 	5034
f 5057 	5058 	5062
f 5057 	5062 	5063
f 5057 	5063 	5064
f 5057 	5064 	5065
f 5057 	5065 	5066
f 5057 	5066 	5067
f 5057 	5067 	5068
f 5057 	5068 	5069
f 5057 	5069 	5070
f 4576 	4542 	5092
f 4449 	7147 	4447
f 5297 	4869 	4879
f 4536 	4576 	5092
f 4532 	4536 	5092
f 4349 	4352 	5092
f 4967 	4966 	5105
f 5105 	5106 	4967
f 4881 	4869 	5300
f 5060 	5034 	5075
f 5074 	5075 	5034
f 5056 	5076 	5034
f 5076 	5077 	5034
f 5077 	5078 	5034
f 5078 	5079 	5034
f 5079 	5080 	5034
f 5080 	5081 	5034
f 5081 	5082 	5034
f 5082 	5083 	5034
f 5083 	5084 	5034
f 5084 	5085 	5034
f 5085 	5086 	5034
f 5086 	5087 	5034
f 5074 	5034 	5087
f 5092 	5094 	4532
f 4881 	5300 	4882
f 5302 	4882 	5300
f 5090 	4955 	5089
f 5091 	4959 	5090
f 5093 	4960 	5091
f 4996 	4962 	4995
f 4528 	4532 	5799
f 4883 	4882 	5304
f 5302 	5304 	4882
f 5097 	4965 	5096
f 5107 	5108 	4844
f 5304 	5308 	4884
f 5304 	4884 	4883
f 4885 	4884 	5313
f 5308 	5313 	4884
f 5313 	5317 	4886
f 5313 	4886 	4885
f 7156 	4462 	7160
f 4975 	4976 	4880
f 4880 	4871 	4975
f 4844 	4968 	5107
f 5108 	5109 	4847
f 4848 	4847 	5109
f 5110 	5111 	4850
f 5102 	4863 	5101
f 4850 	4848 	5110
f 4852 	4850 	5111
f 5111 	5112 	4852
f 5114 	4856 	5112
f 5101 	4858 	5114
f 4887 	4886 	5321
f 5317 	5321 	4886
f 5116 	5799 	5113
f 7169 	4472 	4477
f 4888 	4887 	5325
f 5321 	5325 	4887
f 7171 	4477 	4479
f 5325 	4889 	4888
f 5116 	5117 	5799
f 5115 	5118 	4974
f 5115 	4974 	4969
f 5121 	5122 	5799
f 4890 	5331 	5333
f 5118 	5120 	4975
f 5118 	4975 	4974
f 5122 	5124 	5799
f 5117 	5119 	5799
f 4893 	4890 	5333
f 5123 	5120 	8159
f 5333 	4894 	4893
f 4775 	4773 	4755
f 4975 	5123 	4976
f 4894 	5346 	4895
f 5120 	5123 	4975
f 4895 	5346 	5348
f 9381 	8873 	4195
f 5123 	4516 	4977
f 5123 	4977 	4976
f 4897 	5348 	5395
f 4516 	8159 	5125
f 5126 	8159 	5127
f 4516 	5125 	4978
f 4516 	4978 	4977
f 5395 	4898 	4897
f 4755 	3351 	4775
f 5125 	8159 	5126
f 4898 	5399 	4899
f 5125 	5126 	4979
f 5125 	4979 	4978
f 4763 	4753 	5182
f 4787 	4788 	4763
f 4771 	5182 	4757
f 4899 	5399 	4901
f 5401 	4901 	5399
f 5126 	5127 	4970
f 5126 	4970 	4979
f 5182 	4738 	3304
f 5127 	8159 	5128
f 5128 	4971 	4970
f 5128 	4970 	5127
f 4213 	7685 	4211
f 5128 	8159 	5129
f 5129 	4972 	4971
f 5129 	4971 	5128
f 7190 	7152 	4499
f 4213 	4214 	7685
f 4340 	5130 	4374
f 8159 	8095 	5129
f 5132 	4973 	4972
f 5132 	4972 	5129
f 4374 	5130 	5131
f 4215 	4216 	7709
f 7714 	4217 	4218
f 5143 	5142 	8085
f 5135 	5136 	5182
f 5134 	5182 	5133
f 5145 	5000 	4519
f 4983 	4519 	5000
f 5132 	5129 	8095
f 5132 	5138 	4980
f 5132 	4980 	4973
f 5138 	5132 	8095
f 5138 	5141 	4981
f 5138 	4981 	4980
f 4780 	4781 	5182
f 5141 	5138 	8095
f 4511 	7205 	7204
f 4984 	4981 	5142
f 5141 	5142 	4981
f 8095 	8090 	5141
f 5142 	5143 	4985
f 5142 	4985 	4984
f 4511 	7156 	7205
f 4340 	3447 	5130
f 5142 	5141 	8090
f 5143 	5144 	4982
f 5143 	4982 	4985
f 4505 	4131 	4507
f 4509 	4193 	4510
f 4503 	4131 	4505
f 4458 	4454 	4131
f 4458 	4131 	4499
f 4454 	4451 	4131
f 4125 	4131 	4451
f 5144 	4519 	4983
f 5144 	4983 	4982
f 7709 	4227 	4215
f 8085 	8082 	5143
f 5145 	5146 	5001
f 5145 	5001 	5000
f 4192 	4191 	5149
f 4237 	5149 	4334
f 4334 	5149 	4235
f 4376 	4373 	5149
f 4479 	4477 	5149
f 4477 	4472 	5149
f 4472 	4468 	5149
f 4510 	4193 	4511
f 4468 	4462 	5149
f 4519 	5144 	8075
f 5152 	1880 	5153
f 5149 	7227 	5148
f 5146 	5147 	5002
f 5146 	5002 	5001
f 3470 	5139 	3467
f 8075 	4522 	4519
f 5147 	5150 	5004
f 5147 	5004 	5002
f 5148 	4369 	4367
f 5148 	4367 	4366
f 5148 	4366 	4363
f 5148 	4363 	4358
f 5148 	4358 	4359
f 4359 	4383 	5148
f 4378 	4376 	5149
f 5148 	4381 	5149
f 4219 	7859 	4231
f 5150 	5151 	4989
f 5150 	4989 	5004
f 5151 	1880 	5152
f 5401 	5492 	4901
f 4229 	7857 	4232
f 3452 	5131 	5130
f 5151 	5152 	4990
f 5151 	4990 	4989
f 5131 	3452 	5133
f 5152 	5153 	4991
f 5152 	4991 	4990
f 5403 	4905 	4904
f 4902 	4905 	5404
f 5153 	5154 	4993
f 5153 	4993 	4991
f 5404 	5406 	4902
f 4903 	4902 	5406
f 5154 	5155 	4994
f 5154 	4994 	4993
f 5406 	4864 	4903
f 3467 	5137 	5136
f 5088 	4994 	5155
f 5408 	4909 	4921
f 5420 	4910 	4909
f 5420 	4909 	5408
f 5156 	1873 	5157
f 4911 	4910 	5420
f 5264 	5265 	5061
f 7714 	4218 	7715
f 4232 	7715 	4218
f 5156 	5157 	4996
f 5156 	4996 	4995
f 5427 	4912 	4911
f 5427 	5430 	4912
f 4913 	4912 	5430
f 5157 	5162 	4996
f 4913 	5430 	4914
f 5431 	4914 	5430
f 3458 	5133 	3452
f 5154 	1880 	5155
f 5153 	1880 	5154
f 5150 	1880 	5151
f 5433 	4915 	4914
f 5433 	4914 	5431
f 5273 	5274 	5065
f 5155 	5158 	5088
f 3458 	5134 	5133
f 4915 	5433 	4916
f 5435 	4916 	5433
f 5158 	5155 	1873
f 5159 	5158 	1873
f 5158 	5159 	5089
f 5158 	5089 	5088
f 5438 	4917 	4916
f 5438 	4916 	5435
f 5159 	3440 	5090
f 5159 	5090 	5089
f 4918 	4917 	5438
f 3440 	1873 	5160
f 5161 	5160 	1873
f 5284 	5288 	5069
f 5090 	3440 	5160
f 5090 	5160 	5091
f 5137 	3467 	5139
f 3471 	5140 	3470
f 5139 	3470 	5140
f 5161 	1873 	5156
f 4922 	4934 	5452
f 5091 	5160 	5161
f 5091 	5161 	5093
f 4922 	5452 	4923
f 5456 	4923 	5452
f 4340 	3250 	3447
f 4995 	5093 	5156
f 5161 	5156 	5093
f 4923 	5456 	4924
f 5463 	4924 	5456
f 5130 	3447 	3452
f 4925 	4924 	5463
f 5157 	1873 	5162
f 3444 	5163 	1873
f 5165 	5164 	3444
f 5162 	5095 	4996
f 5470 	4926 	4925
f 5162 	1873 	5163
f 4927 	4926 	5471
f 5162 	5163 	5096
f 5162 	5096 	5095
f 5163 	3444 	5164
f 4927 	5471 	4928
f 5473 	4928 	5471
f 5163 	5164 	5097
f 5163 	5097 	5096
f 4929 	4928 	5473
f 5164 	5165 	5105
f 5164 	5105 	5097
f 5484 	4920 	4929
f 4921 	4920 	5484
f 5165 	5166 	5106
f 5165 	5106 	5105
f 4930 	4901 	5492
f 5166 	5167 	5107
f 5166 	5107 	5106
f 5492 	4931 	4930
f 5167 	3444 	5168
f 4932 	4931 	5496
f 5167 	5168 	5108
f 5167 	5108 	5107
f 5496 	4933 	4932
f 5324 	5086 	5085
f 4211 	7684 	4293
f 3461 	5134 	3458
f 5861 	6255 	4237
f 5813 	5799 	5170
f 5169 	5170 	5799
f 5134 	3461 	5135
f 3463 	5135 	3461
f 5171 	5148 	7231
f 7988 	4238 	7943
f 3463 	3464 	5135
f 5136 	5135 	3464
f 5173 	5813 	5172
f 5006 	5174 	5175
f 3467 	5136 	3464
f 5006 	4857 	5174
f 4433 	4430 	4198
f 4416 	4413 	5171
f 4413 	4403 	5171
f 4403 	4401 	5171
f 4395 	5171 	4401
f 5175 	5179 	5006
f 3340 	4780 	3471
f 5180 	4944 	5179
f 5006 	5179 	4944
f 4435 	4433 	4198
f 4198 	5171 	4089
f 5813 	5177 	5178
f 5813 	5178 	5046
f 5007 	5813 	5046
f 5009 	5010 	5813
f 4998 	5813 	5020
f 5174 	5181 	5179
f 5174 	5179 	5175
f 5139 	5140 	5182
f 4209 	4208 	5171
f 3253 	4374 	5182
f 3253 	5182 	3473
f 5131 	5133 	4374
f 5136 	5137 	5182
f 5137 	5139 	5182
f 5134 	5135 	5182
f 4374 	5133 	5182
f 4957 	3360 	3357
f 4957 	3357 	4958
f 5183 	5184 	5181
f 5179 	5181 	5184
f 5179 	5184 	5180
f 3473 	5182 	3304
f 5181 	5174 	5183
f 4942 	5183 	5174
f 3360 	4957 	3361
f 4956 	3361 	4957
f 4956 	3332 	3361
f 4939 	4944 	5180
f 4939 	5180 	4941
f 5187 	5779 	5186
f 5188 	5779 	5187
f 5189 	5779 	5188
f 5190 	5779 	5189
f 5192 	5779 	5190
f 4941 	5247 	5246
f 5246 	5245 	4941
f 5243 	5241 	4941
f 5239 	5238 	4941
f 4212 	4209 	5171
f 3476 	3475 	5194
f 3476 	5194 	5193
f 5188 	4954 	5189
f 4954 	5188 	5187
f 5217 	5183 	5195
f 5216 	5183 	5217
f 4940 	5220 	5183
f 4933 	5500 	4934
f 5022 	4800 	5023
f 5196 	5197 	3483
f 5196 	3483 	3482
f 5504 	5452 	4934
f 5023 	4800 	5025
f 5236 	5234 	4941
f 5234 	5198 	4941
f 4940 	5215 	5214
f 4940 	5214 	5213
f 4940 	5213 	5212
f 5212 	5211 	4940
f 4864 	5406 	5199
f 5200 	5204 	3480
f 5200 	3480 	3479
f 5199 	5203 	4864
f 5208 	5206 	4940
f 5204 	5196 	3482
f 5204 	3482 	3480
f 5208 	4940 	5209
f 5202 	4940 	5206
f 5204 	5670 	5196
f 5200 	5670 	5204
f 4210 	4212 	5171
f 4953 	4956 	5210
f 5207 	5210 	4956
f 5209 	4940 	5211
f 4517 	3270 	5197
f 4940 	4941 	5215
f 5047 	4806 	4602
f 3483 	5197 	3270
f 5168 	3538 	5109
f 5168 	5109 	5108
f 3538 	3444 	5218
f 5224 	5222 	4940
f 5195 	5183 	5219
f 5109 	3538 	5218
f 5109 	5218 	5110
f 5219 	5183 	5220
f 5220 	4940 	5222
f 3479 	3501 	5200
f 5223 	5200 	3501
f 5202 	5228 	4940
f 5224 	4940 	5225
f 5226 	5227 	3499
f 5226 	3499 	3498
f 5225 	4940 	5228
f 5229 	5230 	3497
f 5229 	3497 	3496
f 5231 	5232 	3495
f 5231 	3495 	3494
f 5236 	4941 	5238
f 5198 	5215 	4941
f 5233 	5235 	3492
f 5233 	3492 	3491
f 5239 	4941 	5241
f 5243 	4941 	5245
f 5227 	5240 	3500
f 5227 	3500 	3499
f 5235 	5242 	3493
f 5235 	3493 	3492
f 5237 	5244 	3490
f 5237 	3490 	3489
f 3501 	3500 	5240
f 3501 	5240 	5223
f 5230 	5226 	3498
f 5230 	3498 	3497
f 5232 	5229 	3496
f 5232 	3496 	3495
f 8467 	4641 	4642
f 5242 	5231 	3494
f 5242 	3494 	3493
f 4643 	4644 	8471
f 4941 	5248 	5247
f 5244 	5233 	3491
f 5244 	3491 	3490
f 5251 	5250 	4941
f 5248 	4941 	5249
f 4641 	8464 	4645
f 5249 	4941 	5250
f 5180 	5253 	4941
f 8464 	4640 	4645
f 5251 	4941 	5252
f 5180 	5191 	5253
f 5252 	4941 	5253
f 4646 	8469 	4642
f 5223 	5670 	5200
f 5240 	5670 	5223
f 5227 	5670 	5240
f 5226 	5670 	5227
f 5230 	5670 	5226
f 5229 	5670 	5230
f 5232 	5670 	5229
f 5231 	5670 	5232
f 5242 	5670 	5231
f 5235 	5670 	5242
f 5233 	5670 	5235
f 5191 	5180 	5255
f 8471 	4644 	3462
f 5256 	5237 	3508
f 3489 	3508 	5237
f 5258 	4860 	5254
f 5218 	3444 	5221
f 5190 	5210 	5207
f 5190 	5207 	5192
f 5260 	4952 	5210
f 4860 	5258 	5259
f 5218 	5221 	5111
f 5218 	5111 	5110
f 5210 	5190 	5260
f 5189 	5260 	5190
f 5183 	5264 	5261
f 4954 	4952 	5260
f 5221 	5262 	5112
f 5221 	5112 	5111
f 5264 	5183 	5265
f 4954 	5260 	5189
f 5278 	8159 	5283
f 5265 	5183 	5267
f 4946 	4947 	5281
f 5276 	5281 	4947
f 5262 	5266 	5114
f 5262 	5114 	5112
f 5277 	5183 	5280
f 5267 	5183 	5270
f 5280 	5183 	5284
f 5270 	5183 	5273
f 5187 	5268 	4954
f 5266 	5271 	5101
f 5266 	5101 	5114
f 5288 	5284 	5183
f 5273 	5183 	5274
f 5281 	5995 	4946
f 5274 	5183 	5277
f 5283 	8159 	5115
f 5271 	4335 	5278
f 5186 	5276 	5268
f 5186 	5268 	5187
f 5292 	5288 	5183
f 5278 	5102 	5101
f 5278 	5101 	5271
f 5279 	5282 	4875
f 5276 	5186 	5281
f 5185 	5281 	5186
f 5282 	5285 	4875
f 5286 	5287 	3507
f 5286 	3507 	3506
f 5216 	5294 	5183
f 3504 	5289 	5290
f 3504 	5290 	3505
f 5779 	5281 	5185
f 5285 	5291 	4877
f 5287 	5256 	3508
f 5287 	3508 	3507
f 5291 	5293 	4877
f 5290 	5286 	3506
f 5290 	3506 	3505
f 5292 	5183 	5294
f 5293 	5295 	4879
f 4612 	5296 	1797
f 5184 	5183 	5261
f 5295 	5297 	4879
f 5310 	5315 	5669
f 5311 	5310 	5669
f 5400 	5307 	5669
f 5307 	5311 	5669
f 5257 	5180 	5298
f 5255 	5180 	5257
f 5298 	5180 	5299
f 5299 	5180 	5301
f 5196 	5670 	5197
f 5244 	5669 	5233
f 2226 	2323 	2228
f 2230 	2228 	2323
f 2232 	2230 	2323
f 5301 	5180 	5303
f 5303 	5180 	5306
f 5305 	6003 	4958
f 6005 	4957 	4958
f 5400 	3521 	5307
f 3519 	5307 	3521
f 5306 	5180 	5309
f 3517 	5310 	5311
f 3517 	5311 	3518
f 5309 	5180 	5312
f 3515 	5314 	5315
f 3515 	5315 	3516
f 5312 	5180 	5316
f 4945 	5201 	3368
f 3513 	5318 	5319
f 3513 	5319 	3514
f 5316 	5180 	5320
f 3511 	5322 	5323
f 3511 	5323 	3512
f 5320 	5180 	5324
f 3368 	3341 	4945
f 5324 	5180 	5326
f 3150 	5327 	3510
f 4889 	5325 	5328
f 3369 	5305 	3357
f 4958 	3357 	5305
f 5326 	5180 	5329
f 5311 	5307 	3519
f 5311 	3519 	3518
f 3364 	3366 	5330
f 5328 	5331 	4890
f 5328 	4890 	4889
f 5180 	5184 	5332
f 5180 	5332 	5329
f 5315 	5310 	3517
f 5315 	3517 	3516
f 5319 	5314 	3515
f 5319 	3515 	3514
f 5323 	5318 	3513
f 5323 	3513 	3512
f 4894 	5333 	5343
f 5327 	5322 	3511
f 5327 	3511 	3510
f 5206 	5014 	5013
f 5869 	5962 	5338
f 5347 	5869 	5338
f 5339 	5347 	5338
f 5340 	5347 	5339
f 5341 	5866 	5340
f 5342 	5866 	5341
f 5337 	5338 	5962
f 5344 	5864 	5342
f 5345 	5863 	5344
f 5347 	5340 	5868
f 5336 	5337 	5962
f 5962 	5967 	5336
f 5343 	5346 	4894
f 5206 	5208 	5015
f 5206 	5015 	5014
f 5016 	5015 	5209
f 5208 	5209 	5015
f 5283 	5103 	5102
f 5283 	5102 	5278
f 5035 	4806 	5047
f 5209 	5211 	5017
f 5209 	5017 	5016
f 5283 	5115 	5103
f 4969 	5103 	5115
f 5211 	5018 	5017
f 5059 	4626 	4330
f 4194 	4833 	5352
f 5353 	5880 	5351
f 5351 	5880 	5350
f 5354 	5880 	5353
f 5355 	5918 	5354
f 5356 	5921 	5355
f 5362 	2352 	5361
f 5215 	5198 	5011
f 8159 	8160 	7923
f 7922 	8159 	5363
f 7921 	8159 	7922
f 7920 	7919 	8159
f 7921 	7920 	8159
f 5217 	5034 	5033
f 4210 	5371 	7398
f 5034 	5217 	5024
f 5195 	5024 	5217
f 5358 	2341 	5357
f 5195 	5219 	5024
f 5376 	5377 	7401
f 4813 	4814 	5098
f 5099 	5098 	4814
f 5382 	7406 	5387
f 5224 	5029 	5028
f 4814 	5100 	5099
f 5376 	7398 	5371
f 5029 	5224 	5030
f 5379 	7401 	5377
f 5228 	5031 	5030
f 5357 	2341 	5375
f 2384 	5375 	2330
f 7406 	5380 	5387
f 5113 	5104 	4816
f 5013 	5031 	5228
f 5439 	5437 	8161
f 8160 	8161 	5437
f 8107 	8106 	5455
f 3160 	3159 	5505
f 3130 	3165 	5501
f 5378 	2347 	5358
f 5361 	2352 	5378
f 2330 	5375 	2341
f 2347 	5378 	2352
f 5381 	2356 	5362
f 5364 	2356 	5381
f 2341 	5358 	2347
f 5234 	5037 	5036
f 5234 	5036 	5198
f 3165 	3162 	5501
f 5554 	5551 	1912
f 5234 	5236 	5038
f 5234 	5038 	5037
f 5365 	2356 	5364
f 5384 	2360 	5365
f 5366 	5367 	5450
f 5380 	5171 	5387
f 5376 	5371 	5171
f 4210 	5171 	5371
f 5581 	8160 	5392
f 5580 	5579 	8160
f 5236 	5039 	5038
f 5436 	5434 	8160
f 5392 	8160 	5393
f 5367 	5386 	5450
f 5449 	5450 	5386
f 5369 	5449 	5386
f 5382 	5171 	5383
f 5039 	5239 	5040
f 5393 	8160 	5394
f 5370 	5448 	5369
f 5388 	5448 	5370
f 5372 	5447 	5388
f 5041 	5040 	5241
f 5239 	5241 	5040
f 5314 	5319 	5669
f 3153 	3152 	5668
f 5319 	5318 	5669
f 5668 	5669 	5318
f 5318 	5323 	5668
f 5323 	5322 	5668
f 5322 	5327 	5668
f 5327 	3151 	5668
f 3151 	3153 	5668
f 5344 	3376 	3375
f 5344 	3375 	5345
f 5241 	5243 	5042
f 5241 	5042 	5041
f 5342 	3377 	3376
f 5342 	3376 	5344
f 3152 	5913 	5668
f 5395 	5396 	4898
f 5341 	3378 	3377
f 5341 	3377 	5342
f 5382 	5387 	5171
f 3522 	5397 	5398
f 3522 	5398 	3523
f 5396 	5399 	4898
f 5340 	3379 	3378
f 5340 	3378 	5341
f 5377 	5171 	5379
f 5339 	3374 	3379
f 5339 	3379 	5340
f 3504 	3523 	5289
f 5398 	5289 	3523
f 3374 	5339 	3387
f 5338 	3387 	5339
f 5380 	5379 	5171
f 3522 	3521 	5400
f 3522 	5400 	5397
f 5338 	5337 	3389
f 5338 	3389 	3387
f 4918 	5440 	4904
f 5402 	4904 	5440
f 5337 	5336 	3392
f 5337 	3392 	3389
f 5402 	5403 	4904
f 5336 	5335 	3394
f 5336 	3394 	3392
f 5397 	5400 	5669
f 5664 	5666 	5913
f 4824 	4825 	5169
f 5335 	5334 	3396
f 5335 	3396 	3394
f 5415 	5197 	5405
f 5412 	5855 	5411
f 5411 	5855 	5410
f 5413 	5987 	5412
f 5414 	5987 	5413
f 5852 	5853 	5419
f 5419 	5421 	5852
f 5421 	5423 	5852
f 5851 	5852 	5423
f 5416 	5851 	5423
f 5409 	5416 	5423
f 5426 	5428 	5197
f 5423 	3398 	3397
f 5423 	3397 	5409
f 5425 	4911 	5420
f 5421 	3399 	3398
f 5421 	3398 	5423
f 5428 	5429 	5197
f 5422 	5197 	5415
f 4911 	5425 	5427
f 5419 	3400 	3399
f 5419 	3399 	5421
f 5429 	5407 	5197
f 5418 	3401 	3400
f 5418 	3400 	5419
f 5376 	5171 	5377
f 4517 	5197 	5407
f 5417 	3402 	3401
f 5417 	3401 	5418
f 5394 	8160 	5434
f 3368 	5201 	3478
f 5352 	5360 	5171
f 5360 	5359 	5171
f 5359 	5383 	5171
f 5413 	3484 	3478
f 5413 	3478 	5414
f 5436 	8160 	5437
f 5412 	3485 	3484
f 5412 	3484 	5413
f 5411 	3487 	3485
f 5411 	3485 	5412
f 3117 	3116 	5171
f 5440 	4918 	5438
f 4786 	4789 	5008
f 2356 	5365 	2360
f 8161 	8175 	5439
f 8175 	8119 	5439
f 5009 	4791 	5010
f 4921 	5444 	5408
f 8119 	8118 	5439
f 5010 	4791 	5012
f 5450 	2359 	5366
f 5449 	5369 	5448
f 5384 	5366 	2359
f 2360 	5384 	2359
f 8118 	8117 	5439
f 5012 	4796 	5020
f 5441 	5389 	8114
f 8117 	8116 	5439
f 5389 	5439 	8116
f 5459 	5911 	5458
f 5458 	5916 	5457
f 4796 	4798 	5020
f 8116 	8114 	5389
f 5350 	5465 	5467
f 5350 	5467 	5351
f 5466 	4925 	5463
f 5022 	4798 	4800
f 5354 	5468 	5469
f 5354 	5469 	5355
f 5470 	4925 	5466
f 3759 	3766 	3045
f 5410 	3488 	3487
f 5410 	3487 	5411
f 3397 	3488 	5410
f 3397 	5410 	5409
f 6338 	5451 	5472
f 5474 	5475 	5476
f 5474 	5476 	5479
f 5482 	4929 	5473
f 3768 	3760 	3042
f 3045 	3042 	3760
f 5350 	5349 	5483
f 5350 	5483 	5465
f 3766 	3758 	3045
f 4929 	5482 	5484
f 5354 	5353 	5485
f 5354 	5485 	5468
f 5444 	4921 	5484
f 5479 	5487 	5474
f 5487 	5488 	5474
f 5488 	5489 	5474
f 5489 	5490 	5474
f 5491 	5474 	5490
f 4931 	5492 	5494
f 5353 	5351 	5467
f 5353 	5467 	5485
f 5494 	5496 	4931
f 5455 	5453 	8107
f 5356 	5355 	5469
f 5356 	5469 	5486
f 5495 	3369 	5498
f 4933 	5496 	5500
f 6352 	5502 	5503
f 6352 	5503 	6353
f 5504 	4934 	5500
f 3360 	3130 	5501
f 5498 	3357 	5501
f 5043 	5042 	5245
f 5243 	5245 	5042
f 5468 	5485 	9378
f 5485 	5467 	9378
f 5465 	9378 	5467
f 5483 	9378 	5465
f 5399 	5396 	4853
f 5348 	5511 	5395
f 5457 	5512 	5513
f 5457 	5513 	5458
f 5505 	5501 	3160
f 3162 	3160 	5501
f 5245 	5044 	5043
f 5519 	5549 	5518
f 5520 	5549 	5519
f 5484 	4853 	5444
f 5482 	4853 	5484
f 4851 	5444 	4853
f 5520 	5522 	5555
f 6352 	5499 	5502
f 5199 	4851 	5203
f 5404 	4851 	5406
f 4997 	5203 	4851
f 5517 	5523 	5524
f 5517 	5524 	5518
f 5506 	6353 	5503
f 5524 	5525 	5519
f 5524 	5519 	5518
f 5520 	5519 	5525
f 5520 	5525 	5522
f 5308 	5304 	5511
f 5297 	4997 	5300
f 5293 	4997 	5295
f 5511 	5302 	4997
f 5049 	5250 	5050
f 5527 	5474 	5526
f 5529 	5474 	5528
f 5530 	5474 	5529
f 5531 	5474 	5530
f 5532 	5474 	5531
f 5533 	5474 	5532
f 5523 	5611 	6314
f 5203 	4997 	5205
f 5250 	5051 	5050
f 5205 	4997 	5254
f 5254 	4997 	5258
f 5535 	5461 	5534
f 5460 	5534 	5461
f 5497 	5493 	5942
f 5493 	3885 	5942
f 3936 	3918 	5942
f 5944 	5942 	3918
f 3918 	3917 	5944
f 3917 	3929 	5944
f 5258 	4997 	5259
f 5053 	5052 	5253
f 5259 	4997 	5263
f 5474 	5491 	5536
f 5474 	5536 	5537
f 5474 	5537 	5538
f 5474 	5538 	5539
f 5474 	5539 	5540
f 5474 	5540 	5541
f 5474 	5541 	5543
f 5474 	5543 	5526
f 5253 	5054 	5053
f 5263 	4997 	5269
f 5601 	5548 	5545
f 5546 	5601 	5545
f 5542 	5544 	5548
f 5547 	5577 	5546
f 5520 	5542 	5548
f 5520 	5548 	5549
f 3159 	2938 	5505
f 5545 	5552 	5553
f 5545 	5553 	5546
f 5282 	5279 	4997
f 5551 	5521 	1912
f 5520 	5555 	5542
f 5269 	4997 	5272
f 5556 	5557 	6361
f 5564 	5560 	1912
f 5554 	1912 	5558
f 5272 	4997 	5275
f 5285 	5282 	4997
f 5553 	5559 	5547
f 5553 	5547 	5546
f 5558 	1912 	5560
f 5275 	4997 	5279
f 5293 	5291 	4997
f 5555 	5563 	5544
f 5555 	5544 	5542
f 5298 	5076 	5056
f 2403 	5547 	5559
f 6364 	5565 	5566
f 6364 	5566 	6365
f 5564 	1912 	5567
f 5545 	5544 	5563
f 5545 	5563 	5552
f 1912 	5374 	5568
f 1912 	5568 	5567
f 5285 	4997 	5291
f 4807 	5059 	4330
f 5524 	5523 	6314
f 5525 	5524 	6314
f 5522 	5525 	6314
f 5563 	5555 	6314
f 5555 	5522 	6314
f 4807 	4808 	5059
f 5447 	5549 	5548
f 5447 	5548 	5448
f 5297 	5295 	4997
f 5572 	5474 	5533
f 5573 	5474 	5572
f 5574 	5474 	5573
f 5574 	5575 	5474
f 5576 	5474 	5575
f 4808 	4809 	5071
f 5561 	6361 	5557
f 2403 	2405 	5577
f 5547 	2403 	5577
f 5385 	8160 	5578
f 5308 	5511 	5313
f 5300 	4997 	5302
f 6364 	5562 	5565
f 5578 	8160 	5579
f 5302 	5511 	5304
f 5325 	5321 	5511
f 5569 	6365 	5566
f 5559 	2593 	2403
f 5580 	8160 	5581
f 5313 	5511 	5317
f 5317 	5511 	5321
f 2407 	5450 	5577
f 5582 	5373 	5583
f 5325 	5511 	5328
f 5583 	5373 	5584
f 5457 	5356 	5486
f 5457 	5486 	5512
f 5373 	5385 	5585
f 5373 	5585 	5584
f 5460 	5459 	5586
f 5534 	5460 	5586
f 4813 	5098 	5094
f 5550 	6256 	5556
f 5557 	5556 	6256
f 5607 	5517 	5587
f 5517 	5518 	5587
f 5587 	5518 	5549
f 5331 	5328 	5511
f 5523 	5517 	5607
f 5331 	5511 	5333
f 5348 	5346 	5511
f 5343 	5333 	5511
f 5346 	5343 	5511
f 5922 	5920 	3871
f 4816 	5104 	5100
f 5447 	5445 	5587
f 5447 	5587 	5549
f 5527 	5528 	5474
f 5474 	5622 	5591
f 5474 	5591 	5593
f 5474 	5593 	5594
f 5474 	5594 	5595
f 5474 	5595 	5596
f 5474 	5596 	5597
f 5474 	5597 	5598
f 5474 	5598 	5599
f 5592 	5590 	3883
f 5395 	5511 	5396
f 5511 	4853 	5396
f 5601 	5546 	5577
f 5600 	5592 	3883
f 4853 	5401 	5399
f 5450 	5449 	5601
f 5450 	5601 	5577
f 5492 	5401 	4853
f 5459 	5458 	5513
f 5459 	5513 	5586
f 4819 	5117 	5116
f 5404 	5403 	4851
f 5440 	4851 	5402
f 5433 	4851 	5435
f 5599 	5603 	5474
f 5603 	5604 	5474
f 5604 	5605 	5474
f 5605 	5606 	5474
f 5606 	5608 	5474
f 5608 	5609 	5474
f 5610 	5474 	5609
f 5402 	4851 	5403
f 5611 	5523 	5607
f 5373 	5612 	5374
f 5535 	9378 	5611
f 5264 	5061 	5060
f 5612 	5373 	5613
f 5199 	5406 	4851
f 5613 	5373 	5614
f 5062 	5061 	5265
f 5445 	5461 	5607
f 5445 	5607 	5587
f 5614 	5373 	5615
f 4851 	5420 	5408
f 5615 	5373 	5616
f 5062 	5265 	5063
f 5267 	5063 	5265
f 5420 	4851 	5425
f 5433 	5431 	4851
f 5616 	5373 	5617
f 5121 	4822 	5122
f 5425 	4851 	5427
f 5064 	5063 	5267
f 5618 	5373 	5582
f 5617 	5373 	5618
f 5427 	4851 	5430
f 4822 	5124 	5122
f 5430 	4851 	5431
f 5440 	5438 	4851
f 5273 	5065 	5064
f 4824 	5169 	5124
f 5461 	5535 	5607
f 5066 	5065 	5274
f 5619 	5474 	5576
f 5619 	5620 	5474
f 5620 	5621 	5474
f 5622 	5474 	5621
f 5611 	5607 	5535
f 5435 	4851 	5438
f 5066 	5274 	5067
f 5277 	5067 	5274
f 5544 	5545 	5548
f 5170 	4825 	5172
f 5068 	5067 	5277
f 4851 	5408 	5444
f 5449 	5448 	5548
f 5449 	5548 	5601
f 5284 	5069 	5068
f 5463 	4853 	5466
f 4826 	4827 	5172
f 5625 	5647 	5624
f 5070 	5069 	5288
f 5452 	4853 	5456
f 5173 	4827 	5176
f 5602 	5600 	3883
f 5466 	4853 	5470
f 5482 	5473 	4853
f 5470 	4853 	5471
f 5471 	4853 	5473
f 4829 	5178 	5177
f 3928 	3925 	5942
f 5494 	5492 	4853
f 3925 	3924 	5942
f 5631 	5640 	5629
f 5463 	5456 	4853
f 2590 	2592 	2634
f 4786 	5008 	5007
f 5494 	4853 	5496
f 5070 	5288 	5057
f 5292 	5057 	5288
f 5632 	5633 	5638
f 5496 	4853 	5500
f 5504 	4853 	5452
f 5500 	4853 	5504
f 5058 	5057 	5292
f 4986 	5511 	4997
f 5009 	4789 	4791
f 5634 	5637 	5633
f 4986 	4997 	4987
f 4854 	4853 	5511
f 4854 	5511 	4986
f 4843 	4614 	4855
f 2594 	2593 	6312
f 5184 	5261 	5075
f 5637 	5638 	5633
f 5012 	4794 	4796
f 6021 	6020 	2921
f 2919 	2921 	6020
f 2595 	6309 	2596
f 5077 	5076 	5299
f 5298 	5299 	5076
f 2926 	6025 	2925
f 5299 	5301 	5078
f 5299 	5078 	5077
f 5639 	5632 	5638
f 5640 	5631 	5639
f 5641 	5629 	5640
f 5632 	5639 	5631
f 5642 	5693 	5641
f 5636 	5637 	5634
f 5636 	5634 	5624
f 5644 	5645 	5627
f 5626 	5627 	5645
f 5645 	5646 	5626
f 5625 	5626 	5646
f 5647 	5625 	5646
f 5636 	5624 	5647
f 2179 	6027 	2930
f 5025 	4802 	5032
f 5079 	5078 	5303
f 5301 	5303 	5078
f 5643 	5748 	5649
f 2175 	2182 	2935
f 2934 	2935 	2182
f 5553 	6314 	5559
f 5303 	5306 	5080
f 5303 	5080 	5079
f 5081 	5080 	5309
f 5306 	5309 	5080
f 5081 	5309 	5082
f 5312 	5082 	5309
f 6020 	6019 	2988
f 6020 	2988 	2919
f 5653 	5654 	5696
f 2599 	6307 	2592
f 5082 	5312 	5083
f 5316 	5083 	5312
f 5653 	5697 	5652
f 2925 	6024 	2992
f 2598 	6307 	2599
f 5084 	5083 	5316
f 5655 	5656 	5694
f 5559 	6312 	2593
f 2596 	6309 	2600
f 5324 	5085 	5084
f 2929 	6027 	2996
f 5657 	5623 	5656
f 5623 	5694 	5656
f 2182 	2180 	3000
f 2182 	3000 	2934
f 5071 	5059 	4808
f 3004 	2967 	2176
f 2177 	2176 	2967
f 5332 	5074 	5087
f 5072 	5071 	4809
f 5184 	5075 	5332
f 5074 	5332 	5075
f 5072 	4809 	5073
f 4810 	5073 	4809
f 5552 	6314 	5553
f 5563 	6314 	5552
f 5202 	5013 	5228
f 4811 	5092 	4810
f 5289 	5398 	5669
f 2921 	2992 	6021
f 6023 	6021 	2992
f 5287 	5286 	5669
f 5661 	5662 	5913
f 4810 	5092 	5073
f 5256 	5287 	5669
f 6025 	2926 	2996
f 4811 	4812 	5092
f 5237 	5256 	5669
f 3884 	3928 	5942
f 3885 	3884 	5942
f 2179 	2930 	2180
f 5670 	5233 	5669
f 3004 	2176 	2935
f 6319 	6320 	5678
f 5677 	5678 	6320
f 5678 	5679 	6319
f 5679 	5680 	6319
f 5680 	5681 	6319
f 5681 	5682 	6319
f 6318 	6319 	5682
f 5682 	5684 	6318
f 5684 	5685 	6318
f 5685 	5686 	6318
f 6315 	6318 	5686
f 5686 	5687 	6315
f 5687 	5688 	6315
f 5688 	5689 	6315
f 5737 	6315 	5689
f 2553 	5737 	5689
f 5691 	5698 	5690
f 5688 	5687 	5358
f 5688 	5358 	5357
f 5685 	5684 	5362
f 5685 	5362 	5361
f 5642 	5635 	5692
f 5642 	5692 	5693
f 5629 	5641 	5693
f 5681 	5680 	5365
f 5681 	5365 	5364
f 5678 	5677 	5367
f 5678 	5367 	5366
f 5674 	5673 	5370
f 5674 	5370 	5369
f 4819 	4820 	5117
f 5903 	5372 	6046
f 5671 	6046 	5372
f 5707 	5652 	5697
f 5654 	5655 	5695
f 5694 	5695 	5655
f 5623 	5657 	5658
f 5700 	5701 	5659
f 5699 	5700 	5660
f 5698 	5699 	5690
f 5698 	5691 	5635
f 5691 	5692 	5635
f 5660 	5690 	5699
f 5659 	5660 	5700
f 5623 	5658 	5701
f 5658 	5659 	5701
f 5689 	5688 	5357
f 5689 	5357 	5375
f 5121 	4821 	4822
f 5686 	5685 	5361
f 5686 	5361 	5378
f 5682 	5681 	5364
f 5682 	5364 	5381
f 5706 	5650 	5710
f 5679 	5678 	5366
f 5679 	5366 	5384
f 5170 	5169 	4825
f 5675 	5674 	5369
f 5675 	5369 	5386
f 4826 	5172 	4825
f 5709 	5710 	5650
f 5652 	5707 	5651
f 5650 	5651 	5709
f 5695 	5696 	5654
f 5672 	5671 	5372
f 5672 	5372 	5388
f 5709 	5651 	5707
f 5696 	5697 	5653
f 2384 	2553 	5375
f 5689 	5375 	2553
f 5687 	5686 	5378
f 5687 	5378 	5358
f 5177 	5176 	4829
f 5684 	5682 	5381
f 5684 	5381 	5362
f 5703 	5714 	5702
f 5704 	5713 	5703
f 5711 	5712 	5705
f 5705 	5706 	5711
f 5711 	5706 	5710
f 5704 	5705 	5712
f 5712 	5713 	5704
f 5714 	5703 	5713
f 5708 	5702 	5714
f 5680 	5679 	5384
f 5680 	5384 	5365
f 5677 	5675 	5386
f 5677 	5386 	5367
f 3446 	7527 	3445
f 5718 	5769 	5717
f 5673 	5672 	5388
f 5673 	5388 	5370
f 3454 	9240 	9238
f 5007 	4785 	4786
f 5721 	5794 	5720
f 5512 	9378 	5513
f 5469 	9378 	5486
f 5486 	9378 	5512
f 5468 	9378 	5469
f 6384 	6383 	5667
f 5009 	5008 	4789
f 7527 	3462 	3445
f 5405 	5197 	5683
f 5683 	5197 	5676
f 5202 	5206 	5013
f 5012 	4791 	4794
f 5590 	5592 	6372
f 5022 	5020 	4798
f 5600 	6373 	5592
f 5211 	5212 	5018
f 5728 	5913 	5727
f 5212 	5213 	5019
f 5212 	5019 	5018
f 5025 	4800 	4802
f 5213 	5214 	5021
f 5213 	5021 	5019
f 5432 	5661 	5913
f 5729 	5432 	5913
f 4803 	5032 	4802
f 5011 	5021 	5215
f 5214 	5215 	5021
f 5032 	4803 	5035
f 4804 	5035 	4803
f 5036 	5011 	5198
f 5035 	4804 	4806
f 6379 	5628 	5630
f 5058 	5294 	5033
f 4830 	4805 	5178
f 6379 	5630 	5589
f 5216 	5217 	5033
f 5007 	5046 	4785
f 4805 	4785 	5046
f 5026 	5024 	5219
f 5026 	5219 	5027
f 5220 	5027 	5219
f 5222 	5028 	5027
f 5222 	5027 	5220
f 5028 	5222 	5224
f 5225 	5030 	5224
f 8542 	8541 	2634
f 5030 	5225 	5228
f 5730 	8542 	2634
f 5731 	5730 	2634
f 5732 	2634 	5733
f 5094 	5092 	4812
f 4812 	4813 	5094
f 5236 	5238 	5039
f 5238 	5239 	5039
f 4815 	5100 	4814
f 5732 	5731 	2634
f 8534 	8491 	2614
f 4816 	5100 	4815
f 5665 	6383 	5663
f 5113 	4816 	4817
f 5245 	5246 	5044
f 4818 	5116 	4817
f 5113 	4817 	5116
f 5246 	5247 	5045
f 5246 	5045 	5044
f 5116 	4818 	4819
f 5048 	5045 	5248
f 5247 	5248 	5045
f 5735 	2553 	5734
f 6369 	5589 	5588
f 5119 	5117 	4820
f 5722 	5793 	5721
f 5481 	5192 	5480
f 5480 	5192 	5478
f 5478 	5192 	5477
f 5740 	5192 	5739
f 5477 	5192 	5740
f 5119 	4820 	5121
f 4821 	5121 	4820
f 3459 	9242 	3469
f 6372 	5592 	6373
f 5748 	5643 	5741
f 4823 	5124 	4822
f 5736 	2553 	5735
f 5248 	5249 	5049
f 5248 	5049 	5048
f 6373 	5600 	5602
f 5648 	5649 	5754
f 5627 	5741 	5644
f 5249 	5250 	5049
f 4824 	5124 	4823
f 5764 	5648 	5755
f 5250 	5251 	5051
f 5756 	5764 	5755
f 5754 	5649 	5748
f 5052 	5051 	5252
f 5251 	5252 	5051
f 5674 	5675 	6320
f 5757 	5763 	5756
f 5644 	5741 	5643
f 5252 	5253 	5052
f 5760 	5761 	5715
f 5754 	5755 	5648
f 5054 	5253 	5191
f 3454 	3469 	9240
f 9241 	9240 	3469
f 5589 	6369 	6379
f 5255 	5055 	5191
f 5054 	5191 	5055
f 5737 	2553 	5736
f 5675 	5677 	6320
f 5255 	5257 	5056
f 5255 	5056 	5055
f 6381 	5663 	6383
f 5257 	5298 	5056
f 5743 	5744 	5742
f 5742 	5744 	5745
f 5742 	5745 	5746
f 5742 	5746 	5747
f 5742 	5747 	5749
f 5742 	5749 	5750
f 5751 	5770 	5750
f 5752 	5770 	5751
f 5753 	5768 	5752
f 5075 	5261 	5060
f 6384 	5667 	5628
f 5758 	5715 	5761
f 5762 	5758 	5761
f 5763 	5757 	5762
f 5764 	5756 	5763
f 5758 	5762 	5757
f 5759 	5760 	5715
f 5759 	5715 	5716
f 5717 	5771 	5716
f 5719 	5767 	5718
f 5720 	5792 	5719
f 5769 	5771 	5717
f 5759 	5716 	5771
f 5768 	5753 	5766
f 5770 	5752 	5768
f 5742 	5750 	5770
f 5765 	5766 	5753
f 5261 	5264 	5060
f 5506 	5503 	5942
f 5773 	5797 	5772
f 5785 	5786 	5738
f 5192 	5785 	5738
f 5738 	5739 	5192
f 5192 	5481 	5775
f 5192 	5775 	5776
f 5192 	5776 	5777
f 5192 	5777 	5778
f 5192 	5778 	5779
f 5185 	5186 	5779
f 3929 	3913 	5944
f 3922 	3921 	5942
f 3943 	3922 	5942
f 3921 	3936 	5942
f 3924 	3943 	5942
f 5507 	5506 	5942
f 5772 	5798 	5722
f 5267 	5270 	5064
f 5571 	6256 	3972
f 3866 	3867 	5901
f 5270 	5273 	5064
f 5708 	5795 	5781
f 5708 	5781 	5702
f 5865 	6475 	5515
f 5784 	5753 	5783
f 5765 	5753 	5784
f 5782 	5783 	5753
f 5774 	5738 	5786
f 5753 	5774 	5786
f 5786 	5787 	5753
f 5787 	5788 	5753
f 5788 	5789 	5753
f 5789 	5790 	5753
f 5790 	5791 	5753
f 5791 	8493 	5753
f 5780 	5796 	5773
f 5781 	5795 	5780
f 5792 	5767 	5719
f 5769 	5718 	5767
f 5739 	5852 	5740
f 5277 	5280 	5068
f 5738 	5852 	5739
f 5792 	5720 	5794
f 5794 	5721 	5793
f 5796 	5780 	5795
f 5797 	5773 	5796
f 5798 	5772 	5797
f 5793 	5722 	5798
f 5280 	5284 	5068
f 5623 	5701 	5391
f 5870 	4003 	5871
f 5478 	5856 	5480
f 5856 	5478 	5477
f 5294 	5058 	5292
f 3883 	4003 	5870
f 5648 	5764 	5392
f 5753 	5857 	5774
f 5216 	5033 	5294
f 5392 	5393 	5649
f 5392 	5649 	5648
f 5393 	5394 	5643
f 5393 	5643 	5649
f 5394 	5434 	5644
f 5394 	5644 	5643
f 5509 	5507 	5942
f 5726 	3680 	5727
f 5434 	5436 	5645
f 5434 	5645 	5644
f 5173 	5172 	4827
f 5436 	5437 	5646
f 5436 	5646 	5645
f 4828 	5176 	4827
f 5437 	5439 	5647
f 5437 	5647 	5646
f 5176 	4828 	4829
f 5439 	5389 	5636
f 5439 	5636 	5647
f 4830 	5178 	4829
f 5441 	5637 	5636
f 5441 	5636 	5389
f 5046 	5178 	4805
f 5442 	5638 	5637
f 5442 	5637 	5441
f 5320 	5084 	5316
f 5446 	5639 	5638
f 5446 	5638 	5442
f 5324 	5084 	5320
f 5453 	5640 	5639
f 5453 	5639 	5446
f 5326 	5086 	5324
f 5170 	5172 	5813
f 5173 	5176 	5813
f 5176 	5177 	5813
f 5455 	5641 	5640
f 5455 	5640 	5453
f 5813 	4831 	5799
f 5329 	5087 	5086
f 5329 	5086 	5326
f 3682 	5728 	5727
f 5332 	5087 	5329
f 5099 	5799 	5098
f 5100 	5799 	5099
f 5104 	5799 	5100
f 5113 	5799 	5104
f 5094 	5098 	5799
f 5119 	5121 	5799
f 5124 	5169 	5799
f 4942 	4940 	5183
f 2119 	5799 	4831
f 2119 	4831 	2120
f 5736 	5731 	5732
f 5510 	5509 	5942
f 6467 	5800 	5550
f 5800 	6256 	5550
f 5803 	5804 	5802
f 5804 	5805 	5802
f 5805 	5806 	5802
f 5806 	5807 	5802
f 5807 	5808 	5802
f 5808 	5809 	5802
f 5809 	5810 	5802
f 5810 	5811 	5802
f 5811 	5812 	5802
f 5801 	5802 	5812
f 5462 	5642 	5641
f 5462 	5641 	5455
f 5813 	4832 	4831
f 4000 	6256 	4008
f 5642 	5462 	5464
f 5642 	5464 	5635
f 5841 	5842 	5817
f 5840 	5841 	5817
f 5818 	5844 	5817
f 5819 	5844 	5818
f 5816 	5817 	5842
f 5007 	5008 	5813
f 5020 	5022 	4998
f 5025 	4357 	5023
f 5032 	4357 	5025
f 5962 	5744 	5743
f 4832 	5813 	2133
f 5743 	5742 	5962
f 5819 	5820 	5821
f 5819 	5821 	5822
f 5819 	5822 	5823
f 5819 	5823 	5824
f 5819 	5824 	5825
f 5819 	5825 	5826
f 5819 	5826 	5827
f 5819 	5827 	5828
f 5973 	5770 	5768
f 5768 	5766 	5973
f 5804 	5803 	5830
f 5829 	5830 	5803
f 5831 	5832 	5803
f 5832 	5833 	5803
f 5833 	5834 	5803
f 5834 	5835 	5803
f 5835 	5836 	5803
f 5836 	5837 	5803
f 5829 	5803 	5837
f 5831 	5803 	5839
f 5838 	5839 	5803
f 5815 	5816 	5842
f 5814 	5815 	5842
f 5803 	5814 	5842
f 5842 	5843 	5803
f 5838 	5803 	5843
f 5846 	5817 	5845
f 5847 	5817 	5846
f 5840 	5817 	5847
f 5845 	5817 	5844
f 5828 	5848 	5819
f 5848 	5849 	5819
f 5844 	5819 	5849
f 4998 	5022 	4999
f 4998 	2135 	5813
f 5415 	3526 	5422
f 3527 	3528 	5422
f 5776 	5986 	5777
f 5986 	5776 	5775
f 3529 	5426 	5424
f 5428 	5426 	3529
f 4832 	2133 	2132
f 2133 	5813 	2135
f 5782 	5998 	5783
f 6777 	6776 	3767
f 3769 	6778 	3767
f 5791 	5790 	5999
f 5853 	5979 	5419
f 5491 	5490 	5631
f 5631 	5490 	5489
f 5416 	5477 	5851
f 5740 	5851 	5477
f 5418 	5419 	5979
f 5979 	5857 	5418
f 3674 	5405 	5683
f 5633 	5488 	5487
f 5852 	5851 	5740
f 5738 	5853 	5852
f 5738 	5774 	5979
f 5853 	5738 	5979
f 5624 	5634 	5479
f 5476 	5625 	5479
f 5624 	5479 	5625
f 4945 	5980 	5201
f 5854 	5412 	5987
f 3682 	5727 	3680
f 5475 	5626 	5476
f 5625 	5476 	5626
f 5775 	5481 	5987
f 5854 	5987 	5481
f 5626 	5475 	5474
f 5626 	5474 	5627
f 5856 	5410 	5855
f 5855 	5412 	5854
f 3676 	3197 	2119
f 5854 	5481 	5855
f 5480 	5855 	5481
f 5627 	5474 	5610
f 5856 	5416 	5410
f 5856 	5855 	5480
f 5629 	5491 	5631
f 5631 	5489 	5632
f 3237 	4045 	5407
f 5488 	5633 	5489
f 5632 	5489 	5633
f 3716 	3715 	6399
f 6400 	6399 	3715
f 3526 	5415 	5405
f 5633 	5487 	5634
f 6402 	6400 	3717
f 3527 	5422 	3526
f 5634 	5487 	5479
f 5409 	5410 	5416
f 5477 	5416 	5856
f 5424 	3528 	3529
f 6340 	5472 	6467
f 5857 	5859 	5850
f 5859 	5862 	5850
f 3375 	3502 	5345
f 5979 	5774 	5857
f 5345 	5850 	5862
f 5505 	5391 	5701
f 3531 	5407 	5429
f 5857 	5753 	5859
f 5752 	5859 	5753
f 5862 	5863 	5345
f 5623 	5391 	5694
f 5862 	5859 	5751
f 5752 	5751 	5859
f 5864 	5344 	5863
f 5751 	5750 	5863
f 5751 	5863 	5862
f 5866 	5342 	5864
f 5661 	3667 	5662
f 5864 	5863 	5749
f 5750 	5749 	5863
f 5662 	3667 	5664
f 5868 	5340 	5866
f 5749 	5747 	5866
f 5749 	5866 	5864
f 5868 	5866 	5746
f 5747 	5746 	5866
f 6399 	3741 	3716
f 5347 	5868 	5745
f 5746 	5745 	5868
f 5531 	5652 	5532
f 6770 	3756 	6750
f 3745 	6754 	3742
f 5736 	5732 	5733
f 3674 	5683 	5676
f 3675 	3678 	5723
f 5731 	5734 	5730
f 3685 	5729 	5728
f 5502 	5499 	5942
f 5499 	5497 	5942
f 5503 	5502 	5942
f 5491 	5629 	5693
f 5424 	5422 	3528
f 5428 	3529 	3530
f 5428 	3530 	5429
f 3531 	5429 	3530
f 5731 	5735 	5734
f 5736 	5735 	5731
f 5432 	3666 	5661
f 5733 	5737 	5736
f 5661 	3666 	3667
f 3667 	3668 	5664
f 3668 	3669 	5664
f 5666 	3669 	5668
f 5574 	5704 	5703
f 5874 	5875 	9420
f 5875 	5876 	9420
f 5668 	3670 	5669
f 5574 	5573 	5704
f 5670 	5669 	3672
f 5670 	3672 	5676
f 5495 	5698 	5635
f 5880 	5354 	5877
f 5495 	5699 	5698
f 3675 	5723 	3247
f 4046 	3247 	5723
f 5724 	5723 	3678
f 3678 	3679 	5724
f 5700 	5505 	5701
f 3680 	5726 	5725
f 5391 	5508 	5694
f 6327 	3791 	3793
f 5695 	5694 	5514
f 5508 	5514 	5694
f 5872 	5887 	5888
f 5872 	5888 	5873
f 3794 	6328 	3793
f 5514 	5516 	5696
f 5514 	5696 	5695
f 5875 	5889 	5890
f 5875 	5890 	5876
f 5516 	5697 	5696
f 5432 	5729 	3685
f 5875 	5874 	5891
f 5875 	5891 	5889
f 3524 	3526 	5405
f 5888 	5891 	5873
f 5874 	5873 	5891
f 3237 	5407 	3525
f 5884 	7473 	5883
f 7473 	7477 	5883
f 6048 	7473 	5884
f 5870 	5602 	3883
f 5871 	4003 	5885
f 5882 	5881 	5879
f 5882 	5879 	5878
f 5883 	5882 	5878
f 5883 	5878 	5880
f 5877 	5884 	5883
f 5877 	5883 	5880
f 3525 	5407 	3531
f 3685 	3532 	5432
f 5432 	3532 	3666
f 5666 	5664 	3669
f 3670 	5668 	3669
f 3671 	5669 	3670
f 3672 	5669 	3671
f 3673 	5676 	3672
f 3674 	5676 	3673
f 5889 	9378 	5890
f 5891 	9378 	5889
f 5890 	9378 	5941
f 3524 	5405 	3674
f 5094 	5799 	4532
f 5725 	5724 	3679
f 3680 	5725 	3679
f 4529 	4528 	5799
f 7858 	7857 	4230
f 4229 	4230 	7857
f 3683 	5728 	3682
f 5885 	4003 	5886
f 3866 	5901 	4003
f 3685 	5728 	3683
f 9413 	9414 	5898
f 5897 	5898 	9414
f 5896 	5897 	9414
f 5898 	5899 	9413
f 9418 	9413 	5899
f 5899 	5900 	9418
f 5900 	5349 	9418
f 5879 	9418 	5349
f 5878 	5879 	5350
f 5349 	5350 	5879
f 9414 	9419 	5896
f 4230 	4231 	7859
f 4230 	7859 	7858
f 3700 	3304 	5913
f 5532 	5651 	5650
f 5886 	4003 	5901
f 5903 	5447 	5372
f 5651 	5532 	5652
f 7715 	4232 	7857
f 5906 	5460 	5905
f 5724 	5913 	5723
f 5725 	5913 	5724
f 5726 	5913 	5725
f 5726 	5727 	5913
f 5728 	5729 	5913
f 4046 	5723 	4738
f 5531 	5530 	5652
f 5653 	5652 	5530
f 5424 	5197 	5422
f 4045 	4517 	5407
f 5908 	5445 	5903
f 5905 	5460 	5908
f 5530 	5529 	5653
f 5654 	5653 	5529
f 4225 	7718 	4233
f 5911 	5460 	5906
f 5448 	5388 	5447
f 5461 	5908 	5460
f 5447 	5903 	5445
f 5654 	5529 	5655
f 5528 	5655 	5529
f 5662 	5664 	5913
f 5286 	5290 	5669
f 5290 	5289 	5669
f 5244 	5237 	5669
f 5676 	5197 	5670
f 5424 	5426 	5197
f 5527 	5656 	5655
f 5527 	5655 	5528
f 5913 	6150 	3700
f 5917 	5457 	5916
f 5877 	5354 	5918
f 5398 	5397 	5669
f 5657 	5656 	5527
f 5657 	5527 	5526
f 5916 	5458 	5911
f 5515 	5510 	5942
f 5921 	5457 	5917
f 5918 	5355 	5921
f 3707 	5929 	5925
f 3708 	3707 	5925
f 3708 	5925 	5924
f 5526 	5658 	5657
f 5894 	5895 	9419
f 5878 	5350 	5880
f 7718 	7717 	4233
f 5895 	5896 	9419
f 3315 	5926 	3712
f 5445 	5908 	5461
f 5460 	5911 	5459
f 5457 	5921 	5356
f 5540 	5660 	5659
f 3710 	5929 	3707
f 5893 	5930 	5932
f 5893 	5932 	5894
f 5660 	5540 	5690
f 5539 	5690 	5540
f 5896 	5934 	5935
f 5896 	5935 	5897
f 5982 	5984 	5929
f 5928 	6255 	5931
f 5690 	5539 	5691
f 5538 	5691 	5539
f 5899 	5937 	5939
f 5899 	5939 	5900
f 5933 	6255 	5936
f 5926 	5929 	3710
f 5926 	3710 	3712
f 5938 	5936 	6255
f 5893 	5892 	5941
f 5893 	5941 	5930
f 4801 	4761 	4799
f 4763 	4792 	4761
f 5538 	5537 	5691
f 5692 	5691 	5537
f 5896 	5895 	5943
f 5896 	5943 	5934
f 3886 	3708 	5924
f 5692 	5537 	5536
f 5692 	5536 	5693
f 5899 	5898 	5945
f 5899 	5945 	5937
f 5861 	5860 	5942
f 5892 	5876 	5890
f 5892 	5890 	5941
f 5693 	5536 	5491
f 5914 	6256 	5915
f 5895 	5894 	5932
f 5895 	5932 	5943
f 5946 	5915 	6256
f 5898 	5897 	5935
f 5898 	5935 	5945
f 5554 	5709 	5707
f 5947 	5946 	6256
f 5349 	5900 	5483
f 5939 	5483 	5900
f 5950 	5948 	6256
f 5948 	5947 	6256
f 5951 	5950 	6256
f 3832 	3831 	5952
f 3832 	5952 	5949
f 5710 	5709 	5558
f 5554 	5558 	5709
f 5558 	5560 	5711
f 5558 	5711 	5710
f 6256 	6255 	5953
f 5954 	5953 	6255
f 6077 	6080 	5977
f 6458 	5820 	5819
f 5930 	9378 	5932
f 5939 	9378 	5483
f 5937 	9378 	5939
f 5945 	9378 	5937
f 5935 	9378 	5945
f 5934 	9378 	5935
f 5943 	9378 	5934
f 5932 	9378 	5943
f 5712 	5711 	5564
f 5560 	5564 	5711
f 6458 	5821 	5820
f 5955 	5954 	6255
f 3168 	3163 	5958
f 3856 	5958 	3163
f 5957 	5956 	6255
f 5564 	5567 	5713
f 5564 	5713 	5712
f 3854 	5960 	5961
f 3854 	5961 	3855
f 5744 	5869 	5347
f 5744 	5347 	5745
f 5713 	5567 	5714
f 5568 	5714 	5567
f 5959 	5957 	6255
f 6255 	5928 	5927
f 5959 	6255 	5927
f 5335 	5336 	5967
f 5967 	5971 	5335
f 3852 	5963 	5964
f 3852 	5964 	3853
f 5708 	5714 	5374
f 5568 	5374 	5714
f 5744 	5962 	5869
f 3849 	5965 	5966
f 3849 	5966 	3850
f 5708 	5374 	5795
f 3847 	5968 	5969
f 3847 	5969 	3848
f 5962 	5742 	5967
f 3843 	3832 	5970
f 5949 	5970 	3832
f 3856 	3855 	5961
f 3856 	5961 	5958
f 5770 	5967 	5742
f 5702 	5576 	5703
f 3854 	3853 	5964
f 3854 	5964 	5960
f 3852 	3850 	5966
f 3852 	5966 	5963
f 5574 	5703 	5575
f 5971 	5973 	5335
f 5334 	5335 	5973
f 5973 	5974 	5334
f 3849 	3848 	5969
f 3849 	5969 	5965
f 6487 	5901 	5902
f 5972 	3509 	3396
f 5972 	3396 	5334
f 5705 	5704 	5573
f 3847 	3843 	5970
f 3847 	5970 	5968
f 5706 	5705 	5573
f 5770 	5971 	5967
f 5972 	5334 	5974
f 5770 	5973 	5971
f 5975 	8378 	5974
f 5635 	5464 	5495
f 5973 	5766 	5974
f 5961 	5977 	5958
f 5960 	5977 	5961
f 5965 	5969 	5977
f 5969 	5968 	5977
f 5968 	5970 	5977
f 5966 	5977 	5963
f 5970 	5949 	5977
f 5949 	5952 	5977
f 5952 	6077 	5977
f 5963 	5977 	5964
f 5699 	5495 	5498
f 5975 	5974 	5765
f 5766 	5765 	5974
f 5699 	5498 	5700
f 5501 	5700 	5498
f 5996 	5975 	5784
f 5765 	5784 	5975
f 5501 	5505 	5700
f 5850 	5417 	5857
f 5417 	5418 	5857
f 7758 	7943 	4515
f 5983 	5201 	5980
f 5986 	5201 	5983
f 5987 	5414 	5986
f 5697 	5516 	5521
f 5980 	5778 	5983
f 5777 	5983 	5778
f 5521 	5551 	5707
f 5521 	5707 	5697
f 5976 	5977 	6082
f 5982 	5929 	5981
f 5201 	5986 	5414
f 5986 	5983 	5777
f 6080 	6079 	5977
f 5775 	5987 	5986
f 5650 	5533 	5532
f 4957 	5207 	4956
f 4389 	7741 	4452
f 7749 	4452 	7741
f 6005 	5785 	5207
f 5993 	5994 	5926
f 5992 	5993 	5926
f 7741 	4389 	4402
f 7741 	4402 	7745
f 5929 	5926 	5994
f 4402 	4293 	7745
f 5981 	5929 	5994
f 5991 	5992 	5926
f 4945 	5995 	5980
f 4945 	4946 	5995
f 5281 	5779 	5995
f 5778 	5980 	5779
f 5995 	5779 	5980
f 8377 	8378 	5996
f 8398 	8377 	5997
f 5975 	5996 	8378
f 5658 	5526 	5543
f 5783 	5997 	5996
f 5783 	5996 	5784
f 4288 	4238 	7988
f 5658 	5543 	5659
f 5541 	5659 	5543
f 5998 	5997 	5783
f 4456 	4452 	7752
f 7749 	7752 	4452
f 5659 	5541 	5540
f 8390 	8391 	6001
f 6001 	6002 	8390
f 7752 	7754 	4456
f 6002 	6003 	8390
f 5999 	5790 	6000
f 5551 	5554 	5707
f 5790 	5789 	6001
f 5790 	6001 	6000
f 4730 	4733 	5799
f 4521 	5799 	4518
f 3858 	5977 	5976
f 6002 	6001 	5788
f 5789 	5788 	6001
f 4515 	4514 	7758
f 6004 	4958 	6003
f 5305 	8390 	6003
f 5788 	5787 	6003
f 5788 	6003 	6002
f 4238 	4515 	7943
f 6005 	4958 	6004
f 3882 	5981 	5994
f 5786 	6004 	6003
f 5786 	6003 	5787
f 5207 	4957 	6005
f 4731 	5799 	4727
f 6004 	5786 	6005
f 5785 	6005 	5786
f 5192 	5207 	5785
f 3858 	5976 	5985
f 3402 	5417 	5850
f 3502 	3402 	5850
f 5575 	5703 	5576
f 5988 	3876 	5989
f 5414 	3478 	5201
f 7988 	3660 	4288
f 5850 	5345 	3502
f 5990 	3878 	5991
f 5572 	5706 	5573
f 5972 	8378 	3509
f 5991 	3879 	5992
f 5706 	5572 	5650
f 5533 	5650 	5572
f 5330 	3373 	6006
f 3373 	5330 	3366
f 5385 	5578 	5760
f 6006 	3373 	3371
f 3370 	6007 	3371
f 6006 	3371 	6007
f 5296 	6008 	1797
f 4643 	8469 	4646
f 8467 	4642 	8469
f 6010 	9265 	6009
f 4772 	4727 	5799
f 6045 	4772 	5799
f 6045 	5799 	2119
f 6011 	6009 	6882
f 6013 	6010 	6009
f 6013 	6009 	6011
f 6012 	3202 	4988
f 5984 	3870 	5985
f 6014 	6012 	4988
f 2797 	2800 	2813
f 6014 	6022 	6012
f 6018 	6012 	6022
f 5988 	4302 	3876
f 6023 	2185 	6021
f 6021 	2185 	6020
f 6024 	2185 	6023
f 6025 	2185 	6024
f 6026 	2184 	6025
f 2180 	2190 	2179
f 5989 	3878 	5990
f 2179 	2190 	6027
f 6030 	9240 	2188
f 3879 	5991 	3878
f 7294 	7293 	6045
f 6314 	6312 	5559
f 5993 	3881 	5994
f 5586 	9378 	5534
f 5534 	9378 	5535
f 5941 	9378 	5930
f 5888 	5887 	9378
f 9377 	9378 	5887
f 3863 	5978 	5977
f 5741 	5627 	5610
f 6031 	6032 	6033
f 6031 	6033 	6034
f 6035 	6036 	6037
f 6035 	6037 	6038
f 5981 	3869 	5982
f 6035 	6039 	6040
f 6035 	6040 	6036
f 5888 	9378 	5891
f 5984 	5982 	3870
f 3869 	3870 	5982
f 6039 	6034 	6033
f 6039 	6033 	6040
f 4302 	3248 	3876
f 5604 	5603 	5757
f 3197 	7302 	2119
f 7295 	7294 	2119
f 5989 	3876 	3877
f 6031 	6047 	6032
f 6045 	6032 	6047
f 5989 	3877 	3878
f 6043 	6322 	6042
f 6044 	6322 	6043
f 6046 	6322 	6044
f 5671 	6321 	6046
f 6047 	4776 	6045
f 4772 	6045 	4776
f 6043 	6042 	5906
f 6043 	5906 	5905
f 5613 	5614 	5796
f 6044 	6043 	5905
f 6044 	5905 	5908
f 3880 	3881 	5992
f 6041 	6051 	5911
f 3882 	5994 	3881
f 6046 	6044 	5908
f 6046 	5908 	5903
f 6042 	6041 	5911
f 6042 	5911 	5906
f 6031 	6034 	7936
f 3858 	3859 	5977
f 3863 	5977 	3859
f 6401 	5811 	5810
f 6051 	6050 	5917
f 6051 	5917 	5916
f 6039 	7936 	6034
f 5877 	5918 	5884
f 6048 	5884 	5918
f 6401 	5812 	5811
f 6051 	5916 	5911
f 5981 	3882 	3868
f 6049 	6048 	5918
f 6049 	5918 	5921
f 5981 	3868 	3869
f 5620 	5780 	5773
f 6053 	2819 	6017
f 6053 	6017 	6016
f 5802 	6444 	5803
f 3870 	3873 	5985
f 5619 	5781 	5780
f 6052 	6053 	6016
f 6052 	6016 	6015
f 5985 	3873 	3858
f 6445 	6457 	5803
f 5619 	5702 	5781
f 9364 	2430 	6052
f 6453 	5816 	5815
f 5761 	5760 	5578
f 2893 	3804 	6061
f 6453 	5817 	5816
f 6014 	4988 	6056
f 6014 	6056 	6022
f 5761 	5578 	5762
f 5579 	5762 	5578
f 2883 	2884 	6057
f 2883 	6057 	6054
f 3202 	6012 	6058
f 6018 	6058 	6012
f 6059 	2886 	6055
f 6456 	5819 	5818
f 5579 	5763 	5762
f 6057 	6059 	6055
f 6057 	6055 	6054
f 5992 	3879 	3880
f 5763 	5580 	5764
f 5819 	6456 	6458
f 6057 	3225 	6059
f 2884 	3652 	6057
f 5993 	5992 	3881
f 3144 	6060 	6062
f 5764 	5581 	5392
f 5769 	5767 	5582
f 6063 	6064 	2819
f 5989 	5926 	5988
f 5990 	5926 	5989
f 5991 	5926 	5990
f 5584 	5771 	5769
f 6341 	5805 	5804
f 5759 	5771 	5584
f 6082 	6081 	5976
f 5966 	5965 	5977
f 6079 	6082 	5977
f 5978 	6150 	5977
f 6341 	6342 	5805
f 5385 	5760 	5759
f 5806 	6342 	5807
f 3894 	6066 	6067
f 3894 	6067 	3895
f 5808 	5807 	6343
f 5598 	5716 	5715
f 3892 	6068 	6069
f 3892 	6069 	3893
f 2819 	6064 	6017
f 3890 	6070 	6071
f 3890 	6071 	3891
f 6487 	5902 	5904
f 6350 	5809 	5808
f 3888 	6072 	6073
f 3888 	6073 	3889
f 5907 	6490 	5904
f 5810 	5809 	6350
f 3886 	5924 	6074
f 2709 	2999 	3628
f 5909 	6490 	5907
f 6067 	6075 	3896
f 6067 	3896 	3895
f 3625 	3628 	2999
f 5812 	6401 	6405
f 6074 	6076 	3887
f 6074 	3887 	3886
f 3897 	3896 	6075
f 3897 	6075 	6065
f 5812 	6405 	5801
f 6408 	5801 	6405
f 3894 	3893 	6069
f 3894 	6069 	6066
f 6444 	5802 	6408
f 3892 	3891 	6071
f 3892 	6071 	6068
f 6445 	5803 	6444
f 3890 	3889 	6073
f 3890 	6073 	6070
f 3001 	3625 	2999
f 6521 	5915 	5946
f 3888 	3887 	6076
f 3888 	6076 	6072
f 5817 	6453 	6454
f 6454 	5818 	5817
f 6069 	6068 	5976
f 6068 	6071 	5976
f 6071 	6070 	5976
f 6070 	6073 	5976
f 6073 	6072 	5976
f 6072 	6076 	5976
f 6076 	6074 	5976
f 6074 	5924 	5976
f 5924 	5925 	5976
f 5925 	5929 	5976
f 5985 	5976 	5929
f 5984 	5985 	5929
f 3906 	6077 	5952
f 3906 	5952 	3831
f 3903 	6079 	6080
f 3903 	6080 	3905
f 5814 	5803 	6457
f 3900 	6081 	6082
f 3900 	6082 	3901
f 6029 	7528 	6028
f 6028 	9237 	6030
f 6065 	6083 	3899
f 6065 	3899 	3897
f 3906 	3905 	6080
f 3906 	6080 	6077
f 3903 	3901 	6082
f 3903 	6082 	6079
f 6085 	8471 	6084
f 3900 	3899 	6083
f 3900 	6083 	6081
f 6084 	8471 	6087
f 6087 	7526 	6029
f 6065 	6075 	5976
f 6083 	6065 	5976
f 6075 	6067 	5976
f 6081 	6083 	5976
f 6067 	6066 	5976
f 6066 	6069 	5976
f 6219 	6232 	6088
f 3152 	3224 	5913
f 3171 	3174 	6091
f 3171 	6091 	3915
f 6089 	8467 	6085
f 5716 	5598 	5597
f 5716 	5597 	5717
f 3168 	6150 	3174
f 6027 	2190 	6026
f 3915 	6091 	3224
f 3915 	3224 	3223
f 5596 	5718 	5597
f 5717 	5597 	5718
f 5719 	5718 	5595
f 5596 	5595 	5718
f 6092 	6150 	5978
f 6094 	6150 	6092
f 5719 	5595 	5594
f 5719 	5594 	5720
f 5720 	5594 	5721
f 6096 	6150 	6095
f 5591 	5722 	5721
f 4340 	4374 	6098
f 6097 	6288 	6106
f 6100 	6150 	6099
f 2996 	6027 	6026
f 6531 	6530 	5953
f 6101 	6150 	6100
f 6103 	6150 	6101
f 6096 	6099 	6150
f 6443 	6102 	3637
f 6104 	4374 	6103
f 6105 	4374 	6104
f 6026 	6025 	2996
f 6098 	4374 	6105
f 5741 	5610 	5748
f 6109 	6259 	6108
f 2234 	6133 	2233
f 2233 	6133 	6112
f 6111 	6110 	6029
f 6111 	6029 	6028
f 6115 	6116 	6259
f 6116 	6117 	6259
f 6117 	6118 	6259
f 6118 	6107 	6259
f 6108 	6259 	6107
f 6112 	6111 	6028
f 6112 	6028 	6030
f 5606 	5755 	5754
f 2188 	2233 	6112
f 2188 	6112 	6030
f 6114 	6115 	6259
f 6452 	6119 	6259
f 5755 	5606 	5756
f 5604 	5757 	5756
f 6113 	6259 	6109
f 6125 	6136 	6124
f 5758 	5757 	5603
f 6125 	6124 	6085
f 6125 	6085 	6084
f 5603 	5715 	5758
f 6126 	6125 	6084
f 6126 	6084 	6087
f 6123 	6122 	6086
f 6123 	6086 	6089
f 5613 	5796 	5795
f 6110 	6126 	6087
f 6110 	6087 	6029
f 5797 	5796 	5614
f 6085 	6124 	6123
f 6085 	6123 	6089
f 5978 	3863 	6092
f 5614 	5615 	5798
f 5614 	5798 	5797
f 5793 	5798 	5616
f 5615 	5616 	5798
f 6124 	6137 	6123
f 5616 	5794 	5793
f 5912 	6495 	5910
f 5914 	6497 	5912
f 6130 	6233 	6129
f 5591 	5622 	5722
f 5772 	5722 	5622
f 5772 	5622 	5773
f 5621 	5773 	5622
f 3948 	6103 	6101
f 5620 	5773 	5621
f 3948 	6104 	6103
f 6126 	6136 	6125
f 5780 	5620 	5619
f 6136 	6110 	6135
f 6110 	6111 	6135
f 6137 	6124 	6136
f 6134 	9279 	6137
f 6782 	9276 	6134
f 5579 	5580 	5763
f 6135 	6111 	6133
f 6110 	6136 	6126
f 2239 	6778 	2238
f 6112 	6133 	6111
f 6511 	5928 	5931
f 5581 	5764 	5580
f 6512 	6511 	5933
f 3935 	3250 	6098
f 6512 	5933 	5936
f 5767 	5792 	5582
f 6099 	6096 	3937
f 5583 	5769 	5582
f 6099 	3937 	6100
f 5584 	5769 	5583
f 6131 	6233 	6141
f 6140 	6141 	6233
f 5585 	5759 	5584
f 6517 	5940 	5942
f 6142 	6131 	6141
f 5385 	5759 	5585
f 6143 	6131 	6142
f 5598 	5715 	5599
f 6105 	3976 	6098
f 6146 	6132 	6145
f 6144 	6131 	6143
f 6147 	6132 	6146
f 5947 	6521 	5946
f 6148 	6132 	6147
f 3927 	6096 	6095
f 6527 	5948 	5950
f 6149 	6078 	6132
f 5951 	6530 	5950
f 6078 	6887 	6132
f 5721 	5594 	5593
f 5721 	5593 	5591
f 6096 	3927 	3937
f 6531 	5953 	5954
f 6534 	5954 	5955
f 6145 	6132 	6144
f 3942 	3945 	6100
f 6534 	5955 	5956
f 6101 	3945 	3948
f 6538 	5956 	5957
f 5959 	6539 	5957
f 3976 	6105 	6104
f 5748 	5610 	5609
f 3935 	6098 	3976
f 5748 	5609 	5608
f 5748 	5608 	5754
f 3919 	6092 	3863
f 6478 	5870 	6480
f 5871 	6480 	5870
f 6092 	3919 	6094
f 3923 	6094 	3919
f 5754 	5608 	5606
f 5885 	6482 	5871
f 3926 	6095 	6094
f 3926 	6094 	3923
f 5606 	5605 	5756
f 3927 	6095 	3926
f 5756 	5605 	5604
f 5901 	6486 	5886
f 6487 	6486 	5901
f 5599 	5715 	5603
f 6100 	3937 	3942
f 6137 	6136 	3405
f 5374 	5612 	5795
f 6101 	6100 	3945
f 5612 	5613 	5795
f 5909 	6492 	6490
f 3975 	6104 	3948
f 6104 	3975 	3976
f 5909 	5910 	6492
f 5794 	5616 	5617
f 3253 	3980 	6150
f 6861 	6132 	6887
f 6495 	5912 	6497
f 5794 	5617 	5792
f 5618 	5792 	5617
f 5618 	5582 	5792
f 6095 	6150 	6094
f 5964 	5977 	5960
f 5958 	5977 	6150
f 3700 	6150 	3980
f 6091 	6150 	3224
f 3174 	6150 	6091
f 6150 	5913 	3224
f 5663 	6381 	5923
f 3405 	6136 	6135
f 3996 	6151 	4007
f 5702 	5619 	5576
f 6878 	6156 	8160
f 3996 	3995 	6152
f 3996 	6152 	6151
f 6509 	5927 	5928
f 6138 	6139 	6233
f 6139 	6140 	6233
f 6648 	6526 	6154
f 5936 	6513 	6512
f 4044 	4043 	6158
f 5938 	6515 	5936
f 5368 	8160 	6156
f 5368 	6156 	6154
f 5368 	6154 	6153
f 8009 	8006 	7126
f 7037 	7024 	8160
f 4043 	6157 	6158
f 6159 	7042 	8160
f 4019 	6160 	4022
f 5368 	6159 	8160
f 4016 	6161 	6162
f 4016 	6162 	4017
f 6159 	5368 	6155
f 6153 	6155 	5368
f 5947 	6522 	6521
f 4014 	6163 	6164
f 4014 	6164 	4015
f 4012 	6165 	6166
f 4012 	6166 	4013
f 7019 	1912 	6167
f 4010 	6168 	6169
f 4010 	6169 	4011
f 4007 	6151 	6170
f 5373 	5374 	1912
f 6527 	5950 	6530
f 4005 	6171 	6152
f 4005 	6152 	3995
f 2925 	6025 	6024
f 7916 	7117 	6173
f 2929 	2930 	6027
f 6149 	6132 	6148
f 6131 	6144 	6132
f 6898 	6895 	1912
f 6990 	5373 	6174
f 6968 	5373 	6983
f 6954 	5373 	6968
f 6934 	5385 	6954
f 6023 	2992 	6024
f 6131 	6128 	6233
f 6127 	6233 	6130
f 6129 	6233 	6128
f 6177 	6209 	6176
f 6178 	6209 	6177
f 6180 	6181 	6209
f 6181 	6182 	6209
f 6182 	6183 	6209
f 6183 	6175 	6209
f 6176 	6209 	6175
f 6204 	6205 	6233
f 6186 	6209 	6185
f 6187 	6188 	6209
f 6185 	6209 	6184
f 6189 	6209 	6188
f 6184 	6209 	6189
f 6480 	5871 	6482
f 5885 	5886 	6482
f 6201 	6233 	6193
f 6192 	6194 	6191
f 6194 	6195 	6191
f 6190 	6191 	6195
f 6190 	6195 	6196
f 6190 	6196 	6197
f 6190 	6197 	6198
f 6190 	6198 	6199
f 6200 	6186 	6199
f 6202 	6186 	6200
f 6203 	6186 	6202
f 6190 	6199 	6186
f 6201 	6204 	6233
f 6206 	6138 	6233
f 6179 	6180 	6209
f 6208 	6179 	6209
f 6178 	6187 	6209
f 6207 	6208 	6209
f 6207 	6209 	6210
f 6207 	6210 	6211
f 6207 	6211 	6212
f 6207 	6212 	6213
f 6207 	6213 	6214
f 6207 	6214 	6215
f 6207 	6215 	6216
f 6207 	6216 	6217
f 6207 	6217 	6218
f 6220 	6232 	6219
f 6221 	6232 	6220
f 6224 	6186 	6223
f 6209 	6186 	6224
f 6222 	6223 	6186
f 6203 	6225 	6186
f 6225 	6226 	6186
f 6226 	6228 	6186
f 6228 	6229 	6186
f 6229 	6230 	6186
f 6230 	6231 	6186
f 6222 	6186 	6231
f 6193 	6232 	6227
f 6221 	6227 	6232
f 6205 	6206 	6233
f 6497 	5914 	5915
f 5919 	6501 	5944
f 5920 	6501 	5919
f 6503 	6502 	5922
f 6504 	6503 	5923
f 6513 	5936 	6515
f 6234 	6121 	6090
f 5938 	5940 	6515
f 6236 	6121 	6235
f 6237 	6121 	6236
f 6238 	6239 	6113
f 6234 	6235 	6121
f 6517 	5942 	5944
f 6241 	6113 	6240
f 6240 	6113 	6239
f 6242 	6113 	6241
f 6244 	6259 	6243
f 6243 	6259 	6242
f 6522 	5947 	5948
f 6249 	6259 	6248
f 6248 	6259 	6247
f 5951 	5953 	6530
f 6254 	6093 	6259
f 6093 	2779 	6259
f 6253 	6254 	6259
f 5957 	6539 	6538
f 6121 	6238 	6113
f 5956 	5955 	6255
f 5953 	5951 	6256
f 6542 	6255 	6256
f 5865 	5515 	5942
f 5860 	5858 	5942
f 5867 	5865 	5942
f 5942 	5940 	5861
f 6255 	5861 	5940
f 5940 	5938 	6255
f 5933 	5931 	6255
f 5858 	5867 	5942
f 5914 	5912 	6256
f 5910 	6256 	5912
f 5909 	6256 	5910
f 5909 	5907 	6256
f 5904 	5902 	6256
f 5902 	4001 	6256
f 5901 	4001 	5902
f 5907 	5904 	6256
f 5149 	4237 	6255
f 6255 	6542 	5149
f 6162 	6257 	4018
f 6162 	4018 	4017
f 6457 	5815 	5814
f 6170 	6258 	4009
f 6170 	4009 	4007
f 6237 	6238 	6121
f 6245 	6259 	6244
f 6246 	6259 	6245
f 6247 	6259 	6246
f 6250 	6259 	6249
f 6251 	6252 	6259
f 6252 	6253 	6259
f 6250 	6251 	6259
f 4019 	4018 	6257
f 4019 	6257 	6160
f 4016 	4015 	6164
f 4016 	6164 	6161
f 4014 	4013 	6166
f 4014 	6166 	6163
f 4012 	4011 	6169
f 4012 	6169 	6165
f 4010 	4009 	6258
f 4010 	6258 	6168
f 6259 	6113 	6242
f 4070 	4071 	6259
f 3404 	6135 	3372
f 6264 	6265 	6442
f 6137 	3406 	6134
f 6267 	6271 	6442
f 6266 	6267 	6442
f 6265 	6266 	6442
f 6133 	3372 	6135
f 6169 	6168 	8629
f 7885 	7886 	6171
f 7883 	7885 	6171
f 7882 	7883 	6171
f 6168 	6258 	8629
f 6258 	6170 	8629
f 6170 	6151 	8629
f 6151 	6152 	8629
f 6152 	6171 	8629
f 6171 	7886 	8629
f 7887 	8629 	7886
f 6269 	6270 	6279
f 4025 	6272 	6274
f 4025 	6274 	4026
f 4023 	6275 	6276
f 4023 	6276 	4024
f 6460 	5822 	5821
f 6160 	6277 	4022
f 6460 	5823 	5822
f 6274 	7800 	4026
f 6135 	3404 	3405
f 5824 	5823 	6462
f 4025 	4024 	6276
f 4025 	6276 	6272
f 6137 	3405 	3406
f 4023 	4022 	6277
f 4023 	6277 	6275
f 5825 	5824 	6463
f 6462 	6463 	5824
f 5825 	6463 	5826
f 6464 	5826 	6463
f 6279 	6270 	6278
f 6276 	8629 	6272
f 6257 	8629 	6160
f 6464 	5827 	5826
f 6158 	6171 	4005
f 6158 	4005 	4044
f 5827 	6466 	5828
f 6280 	6282 	6284
f 6280 	6284 	6281
f 4034 	6283 	4038
f 4032 	6285 	6286
f 4032 	6286 	4033
f 6282 	6279 	6278
f 6282 	6278 	6284
f 6271 	6273 	6442
f 4031 	7397 	6287
f 4034 	4033 	6286
f 4034 	6286 	6283
f 4032 	4031 	6287
f 4032 	6287 	6285
f 6291 	6442 	6290
f 6298 	7904 	6297
f 6286 	6285 	7904
f 6287 	7904 	6285
f 7397 	7904 	6287
f 7404 	7904 	7397
f 6292 	6442 	6291
f 6295 	4041 	5193
f 3476 	5193 	4041
f 6294 	6442 	6293
f 4039 	6297 	5194
f 4039 	5194 	3475
f 6283 	6298 	4038
f 6479 	5836 	5835
f 6299 	6442 	6296
f 6294 	6296 	6442
f 4039 	4038 	6298
f 4039 	6298 	6297
f 6481 	5837 	5836
f 6481 	5836 	6479
f 6300 	6442 	6299
f 6297 	7904 	5194
f 6298 	6283 	7904
f 6283 	6286 	7904
f 6301 	6442 	6300
f 4043 	4041 	6295
f 4043 	6295 	6157
f 5837 	6481 	5829
f 6050 	6049 	5921
f 6050 	5921 	5917
f 7893 	6158 	7892
f 5193 	7904 	6295
f 6295 	7908 	6157
f 5194 	7904 	5193
f 5513 	9378 	5586
f 2634 	6305 	5733
f 2592 	6307 	2634
f 6303 	6304 	6310
f 6303 	6310 	6311
f 6307 	2598 	6308
f 6309 	2595 	6312
f 6045 	2119 	7294
f 6499 	5838 	5843
f 6500 	5839 	5838
f 6500 	5838 	6499
f 6033 	6032 	7292
f 2595 	2594 	6312
f 3867 	3864 	5901
f 4001 	5901 	3864
f 4000 	3999 	6256
f 6282 	7936 	6279
f 6306 	2634 	6307
f 6305 	2634 	6306
f 6308 	2597 	6309
f 4008 	6256 	4001
f 8560 	9378 	8562
f 6320 	6321 	5674
f 5839 	6500 	5831
f 6468 	6469 	5831
f 5832 	6469 	5833
f 5569 	6256 	5570
f 5570 	6256 	5571
f 6322 	6046 	6321
f 6470 	6473 	5833
f 5561 	6256 	5562
f 5834 	6473 	5835
f 5566 	6256 	5569
f 5566 	5565 	6256
f 7944 	6323 	7943
f 6325 	7943 	6324
f 5565 	5562 	6256
f 5829 	6481 	6484
f 6326 	7943 	6325
f 6316 	6386 	6334
f 5830 	5829 	6485
f 6484 	6485 	5829
f 6123 	6137 	6122
f 6334 	6357 	6316
f 6327 	7943 	6326
f 6317 	4776 	6391
f 4988 	4776 	6317
f 6317 	6390 	4988
f 6485 	5804 	5830
f 6489 	6491 	5840
f 5673 	5674 	6321
f 5672 	5673 	6321
f 5671 	5672 	6321
f 6322 	6331 	6042
f 7943 	6328 	6329
f 6330 	8418 	6329
f 6041 	6042 	6331
f 6051 	6331 	6050
f 6496 	5843 	5842
f 6499 	5843 	6496
f 6468 	5831 	6500
f 5828 	6466 	5848
f 5352 	5171 	3116
f 5451 	3135 	5472
f 3760 	3759 	3045
f 3425 	3424 	2980
f 3131 	3129 	5171
f 3124 	3117 	5171
f 3133 	5171 	5472
f 6256 	5472 	5171
f 5561 	5557 	6256
f 5800 	5472 	6256
f 5849 	5848 	6546
f 6546 	6549 	5844
f 6546 	5844 	5849
f 2625 	2624 	6337
f 6338 	6340 	2625
f 5845 	5844 	6551
f 6549 	6551 	5844
f 6551 	6554 	5846
f 6551 	5846 	5845
f 6554 	5847 	5846
f 2675 	2673 	3726
f 2671 	2668 	3723
f 3726 	6336 	2675
f 6336 	3726 	5443
f 5847 	6556 	5840
f 6338 	6337 	5454
f 6338 	5454 	5451
f 5443 	5454 	6336
f 6337 	6336 	5454
f 2627 	2626 	6340
f 2626 	2625 	6340
f 6339 	6341 	5804
f 6338 	5472 	6340
f 5806 	5805 	6342
f 6306 	6318 	6305
f 6343 	5807 	6342
f 5808 	6343 	6344
f 6344 	6350 	5808
f 6475 	6476 	6516
f 6354 	6355 	6517
f 6355 	6356 	6517
f 6356 	6345 	6517
f 6516 	6517 	6345
f 6345 	6346 	6516
f 6346 	6475 	6516
f 6357 	3473 	6316
f 6505 	3473 	6335
f 3797 	6329 	6328
f 6280 	7936 	6282
f 7069 	7936 	6280
f 6361 	6362 	6548
f 6360 	6361 	6548
f 6364 	6548 	6363
f 6365 	6548 	6364
f 6366 	6548 	6365
f 6367 	6548 	6366
f 6368 	6548 	6367
f 3823 	6548 	6368
f 3824 	6548 	3823
f 6386 	6316 	6358
f 6031 	7936 	6047
f 6394 	6047 	6395
f 6393 	4776 	6394
f 6373 	3860 	6372
f 6372 	3860 	6371
f 3787 	6325 	3786
f 6326 	6325 	3791
f 6376 	4988 	6378
f 6326 	3791 	6327
f 6369 	3792 	6379
f 6378 	4988 	6380
f 6380 	4988 	6382
f 6382 	4988 	6385
f 6384 	3792 	6383
f 6377 	3792 	6384
f 6334 	6388 	6357
f 6385 	4988 	6387
f 6375 	4988 	6376
f 6347 	6517 	3796
f 6379 	3792 	6377
f 6370 	3860 	6369
f 6371 	3860 	6370
f 3788 	6518 	3792
f 3792 	6369 	3860
f 6387 	4988 	6389
f 6386 	6388 	6334
f 6362 	6363 	6548
f 6390 	6389 	4988
f 6323 	3781 	6324
f 6347 	3796 	5493
f 3796 	3885 	5493
f 6324 	3786 	6325
f 5499 	6351 	5497
f 6348 	5497 	6351
f 3787 	3791 	6325
f 6537 	6176 	6175
f 6354 	5506 	5507
f 6354 	5507 	6355
f 6176 	6537 	6177
f 5510 	6345 	5509
f 6356 	5509 	6345
f 6177 	6541 	6178
f 6395 	6047 	6396
f 3797 	6330 	6329
f 6388 	6349 	6357
f 6335 	6357 	6349
f 6541 	6187 	6178
f 6330 	3799 	6332
f 6388 	5182 	6349
f 6348 	6347 	5493
f 6348 	5493 	5497
f 6543 	6544 	6185
f 3799 	6333 	6332
f 5499 	6352 	6351
f 5810 	6350 	6398
f 6354 	6353 	5506
f 6398 	6401 	5810
f 5507 	5509 	6355
f 6356 	6355 	5509
f 6392 	4776 	6393
f 6406 	4776 	6392
f 6391 	4776 	6403
f 5510 	5515 	6345
f 6346 	6345 	5515
f 6403 	4776 	6406
f 6557 	6386 	6358
f 5550 	6359 	6467
f 6409 	4773 	6407
f 6360 	5556 	6361
f 5562 	6363 	5561
f 6362 	5561 	6363
f 6409 	6410 	4773
f 6416 	6418 	8418
f 6366 	5569 	5570
f 6366 	5570 	6367
f 6418 	6419 	8418
f 3972 	3823 	5571
f 6368 	5571 	3823
f 6543 	6185 	6184
f 6419 	6421 	8418
f 5550 	5556 	6359
f 6360 	6359 	5556
f 6421 	4773 	8418
f 8417 	8418 	4773
f 6422 	6423 	6443
f 6362 	6361 	5561
f 6399 	6400 	4773
f 6523 	6180 	6179
f 6425 	6443 	6423
f 6420 	6443 	6417
f 6443 	6268 	6417
f 5562 	6364 	6363
f 6431 	6443 	6425
f 6770 	6750 	4773
f 6426 	6427 	6424
f 6424 	6427 	6428
f 6424 	6428 	6429
f 6424 	6429 	6430
f 6424 	6430 	6432
f 6424 	6432 	6433
f 6424 	6433 	6434
f 6435 	7881 	6434
f 6523 	6526 	6180
f 6422 	6443 	6420
f 6102 	6443 	6431
f 6366 	6365 	5569
f 6181 	6526 	6182
f 6436 	6770 	4773
f 5570 	5571 	6367
f 6368 	6367 	5571
f 6438 	7881 	6437
f 6439 	7881 	6438
f 6440 	7881 	6439
f 6441 	7881 	6440
f 6529 	6532 	6182
f 6442 	6106 	6290
f 6293 	6442 	6292
f 6288 	6289 	6106
f 6289 	6290 	6106
f 6370 	6369 	5588
f 6535 	6175 	6183
f 6400 	6402 	4773
f 6402 	6404 	4773
f 6404 	6407 	4773
f 6421 	6399 	4773
f 5590 	6371 	5588
f 6370 	5588 	6371
f 6537 	6175 	6535
f 6758 	6760 	4755
f 6761 	6763 	4755
f 6371 	5590 	6372
f 6540 	6177 	6537
f 6442 	6301 	6302
f 6442 	6302 	6412
f 6413 	6415 	6268
f 6415 	6417 	6268
f 6412 	6413 	6268
f 6540 	6541 	6177
f 6373 	5602 	6374
f 5801 	6408 	5802
f 6541 	6547 	6187
f 6442 	6412 	6268
f 6186 	6185 	6544
f 6544 	6558 	6186
f 6377 	5628 	6379
f 6447 	6448 	6259
f 6448 	6450 	6259
f 6450 	6451 	6259
f 6119 	6120 	6259
f 6120 	6114 	6259
f 6547 	6188 	6187
f 6446 	6447 	6259
f 5815 	6449 	6453
f 5665 	5667 	6383
f 5818 	6454 	6455
f 6384 	5628 	6377
f 6455 	6456 	5818
f 6558 	6190 	6186
f 6478 	3860 	6374
f 6191 	6190 	6559
f 6558 	6559 	6190
f 6374 	3860 	6373
f 6191 	6559 	6192
f 6564 	6192 	6559
f 6315 	6305 	6318
f 6194 	6192 	6568
f 6564 	6568 	6192
f 6306 	6307 	6318
f 6319 	6318 	6307
f 5815 	6457 	6449
f 6195 	6194 	6569
f 6568 	6569 	6194
f 6308 	6320 	6307
f 6381 	3792 	6504
f 6195 	6569 	6196
f 6579 	6196 	6569
f 6383 	3792 	6381
f 5821 	6458 	6459
f 6579 	6197 	6196
f 6459 	6460 	5821
f 6471 	6472 	6516
f 6460 	6461 	5823
f 6198 	6197 	6585
f 3860 	6478 	3825
f 6461 	6462 	5823
f 6346 	5515 	6475
f 6199 	6198 	6586
f 6585 	6586 	6198
f 5870 	6478 	5602
f 5602 	6478 	6374
f 6199 	6586 	6200
f 6587 	6200 	6586
f 6464 	6465 	5827
f 5923 	6381 	6504
f 6587 	6202 	6200
f 5827 	6465 	6466
f 6359 	6360 	6548
f 3834 	6548 	3824
f 6202 	6589 	6203
f 6315 	5733 	6305
f 5800 	6467 	5472
f 5832 	5831 	6469
f 6470 	5833 	6469
f 6209 	6590 	6210
f 6591 	6210 	6590
f 6319 	6307 	6320
f 6515 	6516 	6542
f 6474 	6542 	6516
f 5834 	5833 	6473
f 6592 	6211 	6210
f 6592 	6210 	6591
f 3664 	3665 	6233
f 6309 	6320 	6308
f 6472 	6474 	6516
f 6473 	6477 	5835
f 6592 	6593 	6211
f 6212 	6211 	6593
f 6477 	6479 	5835
f 6480 	3825 	6478
f 6212 	6593 	6213
f 6594 	6213 	6593
f 6213 	6594 	6214
f 6482 	3825 	6480
f 6596 	6215 	6214
f 6486 	3825 	6483
f 6483 	3825 	6482
f 6596 	6597 	6215
f 6216 	6215 	6597
f 5804 	6485 	6339
f 6487 	6548 	6486
f 6488 	6548 	6487
f 6216 	6597 	6217
f 6615 	6217 	6597
f 5841 	5840 	6491
f 6232 	6193 	6233
f 6315 	5737 	5733
f 6217 	6615 	6218
f 6617 	6218 	6615
f 5841 	6491 	5842
f 6493 	5842 	6491
f 6127 	3663 	6233
f 6493 	6496 	5842
f 6497 	6548 	6495
f 6617 	6619 	6218
f 6207 	6218 	6619
f 6207 	6619 	6208
f 6498 	6548 	6497
f 6309 	6321 	6320
f 6316 	3473 	6358
f 6312 	6321 	6309
f 6203 	6589 	6225
f 6388 	6386 	5182
f 6504 	3792 	6503
f 3718 	6404 	3717
f 6226 	6225 	6622
f 6335 	3473 	6357
f 6622 	6623 	6228
f 6622 	6228 	6226
f 6348 	6517 	6347
f 6229 	6228 	6624
f 6623 	6624 	6228
f 6624 	6230 	6229
f 6511 	6542 	6510
f 6638 	6222 	6231
f 6512 	6513 	6542
f 6222 	6638 	6223
f 6509 	6510 	6542
f 6352 	6353 	6517
f 6513 	6515 	6542
f 6223 	6639 	6224
f 6514 	6505 	6335
f 6349 	6514 	6335
f 6209 	6224 	6640
f 6505 	6514 	6519
f 6505 	6519 	6507
f 6518 	3810 	6517
f 6520 	6179 	6620
f 6520 	6523 	6179
f 6548 	6522 	6525
f 6521 	6548 	6498
f 6181 	6180 	6526
f 6508 	6528 	6524
f 6508 	6524 	6506
f 6527 	6548 	6525
f 6522 	6548 	6521
f 6312 	6322 	6321
f 6508 	6507 	6519
f 6508 	6519 	6528
f 6529 	6182 	6526
f 6530 	6531 	6548
f 6314 	6331 	6322
f 6314 	6322 	6312
f 6528 	6519 	5182
f 6514 	5182 	6519
f 6542 	6548 	6531
f 6183 	6182 	6532
f 6532 	6535 	6183
f 6507 	3473 	6505
f 6508 	3473 	6507
f 6538 	6542 	6536
f 6542 	6533 	6534
f 6539 	6509 	6542
f 6524 	6528 	5182
f 6349 	5182 	6514
f 6538 	6539 	6542
f 6534 	6536 	6542
f 6531 	6533 	6542
f 6527 	6530 	6548
f 6353 	6354 	6517
f 6511 	6512 	6542
f 6351 	6352 	6517
f 6348 	6351 	6517
f 6502 	3792 	6501
f 6501 	3792 	6518
f 6503 	3792 	6502
f 6476 	6471 	6516
f 6466 	6545 	5848
f 6303 	7784 	6304
f 9400 	9423 	7477
f 6545 	6546 	5848
f 6490 	6548 	6488
f 6492 	6548 	6490
f 6494 	6548 	6492
f 6494 	6495 	6548
f 3825 	6486 	6548
f 3835 	3836 	6548
f 6188 	6547 	6550
f 2631 	6548 	2615
f 3835 	6548 	3834
f 7481 	9400 	7477
f 6189 	6188 	6552
f 6550 	6552 	6188
f 7490 	9400 	7486
f 6552 	6555 	6184
f 6552 	6184 	6189
f 6556 	5847 	6554
f 6555 	6543 	6184
f 6358 	3473 	6557
f 6489 	5840 	6556
f 6553 	6304 	7784
f 6563 	6405 	6562
f 6562 	6401 	6561
f 6342 	6341 	4907
f 4907 	6565 	6342
f 6565 	6566 	6343
f 6350 	6344 	6567
f 6560 	6350 	6567
f 6402 	3717 	6404
f 6579 	6584 	6197
f 6573 	3284 	6571
f 6575 	3284 	6573
f 6577 	3284 	6575
f 6578 	3284 	6577
f 6580 	3284 	6578
f 6584 	6585 	6197
f 6737 	3284 	6736
f 6467 	6359 	6548
f 6587 	6588 	6202
f 2631 	2629 	6548
f 6340 	6548 	2629
f 6467 	6548 	6340
f 6476 	5858 	6471
f 6202 	6588 	6589
f 5861 	6474 	5860
f 6472 	5860 	6474
f 6041 	6331 	6051
f 6472 	6471 	5860
f 5858 	5860 	6471
f 6476 	5867 	5858
f 5865 	5867 	6475
f 6476 	6475 	5867
f 8559 	9378 	8560
f 6482 	5886 	6483
f 6594 	6595 	6214
f 8562 	9378 	8566
f 8555 	8554 	9381
f 6595 	6596 	6214
f 5886 	6486 	6483
f 6453 	6449 	6574
f 6576 	6453 	6574
f 6572 	6574 	6449
f 6570 	6572 	6457
f 6599 	6444 	6598
f 6487 	5904 	6488
f 6488 	5904 	6490
f 4908 	4906 	6339
f 6561 	6398 	6560
f 6341 	6339 	4906
f 6492 	5910 	6494
f 4906 	4907 	6341
f 5910 	6495 	6494
f 6343 	6566 	6344
f 6566 	6567 	6344
f 6497 	5915 	6498
f 6350 	6560 	6398
f 6444 	6408 	6598
f 6498 	5915 	6521
f 6398 	6561 	6401
f 6401 	6562 	6405
f 5920 	6502 	6501
f 6405 	6563 	6408
f 5920 	5922 	6502
f 5922 	5923 	6503
f 6563 	6598 	6408
f 6444 	6599 	6445
f 4067 	4068 	6259
f 6570 	6445 	6599
f 5959 	5927 	6509
f 6509 	5928 	6510
f 6449 	6457 	6572
f 6510 	5928 	6511
f 6453 	6576 	6454
f 5931 	5933 	6511
f 6456 	6455 	6613
f 6576 	6612 	6454
f 6455 	6454 	6612
f 6515 	5940 	6516
f 6516 	5940 	6517
f 6421 	3741 	6399
f 6445 	6570 	6457
f 6517 	5944 	6518
f 6518 	5944 	6501
f 6608 	6461 	6607
f 6607 	6460 	6606
f 6609 	6462 	6608
f 6610 	6464 	6609
f 6605 	6606 	6459
f 6611 	6465 	6610
f 6459 	6458 	6605
f 6522 	5948 	6525
f 6458 	6456 	6604
f 6525 	5948 	6527
f 6703 	2569 	6603
f 6604 	6605 	6458
f 6613 	6455 	6612
f 6613 	6604 	6456
f 6531 	5954 	6533
f 6459 	6606 	6460
f 6533 	5954 	6534
f 6730 	6732 	6429
f 6460 	6607 	6461
f 6534 	5956 	6536
f 6461 	6608 	6462
f 6620 	6208 	6619
f 6536 	5956 	6538
f 6462 	6609 	6463
f 6433 	6432 	6735
f 6179 	6208 	6620
f 6463 	6609 	6464
f 6704 	6466 	6611
f 6739 	6434 	6735
f 6433 	6735 	6434
f 6464 	6610 	6465
f 6539 	5959 	6509
f 6589 	6621 	6225
f 6542 	6256 	6548
f 6739 	6743 	6434
f 6705 	6545 	6704
f 6465 	6611 	6466
f 6621 	6622 	6225
f 7228 	5149 	6542
f 6256 	5171 	6548
f 6230 	6624 	6626
f 6626 	6630 	6231
f 6626 	6231 	6230
f 6628 	6479 	6627
f 6629 	6481 	6628
f 6627 	6477 	6625
f 6632 	6633 	6499
f 6633 	6634 	6500
f 6468 	6500 	6634
f 6469 	6468 	6635
f 6635 	6636 	6469
f 6637 	6470 	6636
f 6625 	6473 	6637
f 3283 	3260 	3284
f 6426 	6727 	6427
f 6630 	6638 	6231
f 6582 	3284 	6581
f 6727 	6728 	6427
f 6639 	6223 	6638
f 7816 	8202 	7817
f 6428 	6728 	6429
f 6640 	6224 	6639
f 6209 	6640 	6590
f 6500 	6499 	6633
f 6634 	6635 	6468
f 6469 	6636 	6470
f 6643 	7231 	7554
f 6646 	6535 	6645
f 6647 	6537 	6646
f 6645 	6532 	6644
f 6644 	6529 	6648
f 6470 	6637 	6473
f 6473 	6625 	6477
f 6432 	6734 	6735
f 6692 	6696 	7121
f 7119 	7121 	6696
f 6477 	6627 	6479
f 6481 	6629 	6484
f 7205 	7156 	6681
f 7204 	7205 	6681
f 6435 	6434 	6743
f 6479 	6628 	6481
f 6642 	6484 	6641
f 6485 	6484 	6642
f 6587 	6586 	6740
f 6586 	6585 	6740
f 6659 	6740 	6585
f 6740 	6741 	6587
f 6656 	6657 	6569
f 6569 	6568 	6656
f 6568 	6564 	6655
f 6437 	6435 	6748
f 6435 	6743 	6748
f 6485 	6642 	4908
f 6438 	6437 	6749
f 6748 	6749 	6437
f 4908 	6339 	6485
f 6674 	6675 	7160
f 7203 	7204 	6681
f 7201 	7203 	6681
f 6681 	6711 	7201
f 7196 	7201 	6711
f 7191 	7196 	6711
f 7190 	7191 	6711
f 6675 	6676 	7160
f 6676 	6677 	7160
f 6677 	6678 	7160
f 6673 	6674 	7160
f 3260 	3283 	3267
f 6439 	6438 	6751
f 6749 	6751 	6438
f 6668 	6540 	6647
f 6489 	6712 	6491
f 6491 	6714 	6493
f 6451 	6452 	6259
f 6678 	6679 	7160
f 6679 	6680 	7160
f 6680 	6652 	7160
f 6652 	6653 	7160
f 6653 	6654 	7160
f 7156 	7160 	6681
f 6654 	6681 	7160
f 6493 	6631 	6496
f 6631 	6632 	6496
f 4071 	6446 	6259
f 3261 	3284 	3260
f 6544 	6543 	6684
f 6685 	6544 	6684
f 6655 	6564 	6687
f 6683 	6684 	6543
f 6682 	6683 	6555
f 6555 	6552 	6682
f 6550 	6547 	6693
f 6695 	6550 	6693
f 6698 	6699 	7119
f 6697 	6698 	7119
f 6696 	6697 	7119
f 6690 	6691 	7121
f 6691 	6692 	7121
f 6641 	6484 	6629
f 6499 	6496 	6632
f 6581 	3284 	6580
f 6620 	6619 	6791
f 6699 	6700 	7119
f 6701 	6702 	7119
f 6702 	7398 	7119
f 7398 	7399 	7119
f 6523 	6154 	6526
f 6707 	6549 	6706
f 6706 	6546 	6705
f 6708 	6551 	6707
f 6709 	6554 	6708
f 6526 	6648 	6529
f 6713 	7149 	6711
f 7152 	7190 	6711
f 6631 	6493 	6714
f 6529 	6644 	6532
f 6532 	6645 	6535
f 6466 	6704 	6545
f 6710 	6556 	6709
f 6694 	4198 	6649
f 6545 	6705 	6546
f 6551 	6708 	6554
f 6535 	6646 	6537
f 6546 	6706 	6549
f 6554 	6709 	6556
f 4199 	6688 	4092
f 4092 	6688 	6651
f 6537 	6647 	6540
f 6549 	6707 	6551
f 6712 	6714 	6491
f 6651 	6650 	4092
f 6540 	6668 	6541
f 4089 	6650 	6649
f 6712 	6489 	6710
f 6556 	6710 	6489
f 6543 	6555 	6683
f 6686 	6558 	6685
f 6680 	4192 	6652
f 4104 	6652 	4192
f 4943 	6733 	4944
f 6654 	4106 	4193
f 6572 	4943 	6715
f 6572 	6715 	6574
f 7303 	2569 	7301
f 6715 	4943 	4944
f 6654 	6653 	4109
f 6654 	4109 	4106
f 6668 	6670 	6541
f 6547 	6541 	6670
f 6715 	6716 	6576
f 6715 	6576 	6574
f 4104 	4109 	6652
f 6653 	6652 	4109
f 6670 	6693 	6547
f 6552 	6550 	6695
f 6716 	6738 	6576
f 4919 	4833 	6718
f 6695 	6682 	6552
f 4907 	4919 	6718
f 4907 	6718 	6565
f 6718 	4833 	6719
f 6720 	4833 	6721
f 6544 	6685 	6558
f 6686 	6687 	6559
f 6718 	6719 	6566
f 6718 	6566 	6565
f 6719 	4833 	6720
f 6439 	6751 	6440
f 6753 	6440 	6751
f 6558 	6686 	6559
f 6655 	6656 	6568
f 3718 	3719 	6404
f 6719 	6720 	6567
f 6719 	6567 	6566
f 6440 	6753 	6441
f 6559 	6687 	6564
f 3719 	3720 	6407
f 6720 	6721 	6560
f 6720 	6560 	6567
f 6721 	4833 	6722
f 4849 	6726 	6724
f 6721 	6722 	6561
f 6721 	6561 	6560
f 6424 	7881 	6723
f 6722 	4833 	6724
f 6658 	6659 	6584
f 6424 	6723 	6426
f 6725 	6426 	6723
f 6722 	6724 	6562
f 6722 	6562 	6561
f 6583 	3284 	6582
f 6579 	6569 	6657
f 6313 	3724 	6411
f 6725 	6727 	6426
f 6724 	6726 	6563
f 6724 	6563 	6562
f 6411 	3724 	6414
f 6657 	6658 	6579
f 6726 	4849 	6729
f 6428 	6427 	6728
f 6571 	3284 	3263
f 6584 	6579 	6658
f 6598 	6563 	6729
f 6726 	6729 	6563
f 6730 	6429 	6728
f 6729 	4849 	6731
f 6585 	6584 	6659
f 6729 	6731 	6599
f 6729 	6599 	6598
f 6430 	6429 	6732
f 6731 	4849 	6733
f 4849 	4944 	6733
f 6432 	6430 	6734
f 6732 	6734 	6430
f 6731 	6733 	6570
f 6731 	6570 	6599
f 6741 	6742 	6588
f 6588 	6587 	6741
f 6736 	3284 	6583
f 3262 	3284 	3261
f 3263 	3284 	3262
f 6733 	4943 	6572
f 6733 	6572 	6570
f 6589 	6588 	6742
f 6854 	6589 	6742
f 6716 	6715 	4944
f 6738 	6716 	4944
f 6304 	6553 	3304
f 3286 	6737 	3304
f 6746 	6617 	6745
f 6738 	6612 	6576
f 6738 	4944 	6747
f 4131 	4125 	6711
f 6738 	6747 	6613
f 6738 	6613 	6612
f 6713 	6711 	4125
f 6747 	4944 	6752
f 6755 	6752 	1824
f 6747 	6752 	6604
f 6747 	6604 	6613
f 6750 	6754 	4773
f 4755 	4773 	6754
f 4944 	1824 	6752
f 6753 	6756 	6441
f 6752 	6755 	6605
f 6752 	6605 	6604
f 6774 	6775 	4755
f 6754 	6757 	4755
f 4944 	4939 	1824
f 6756 	7884 	6441
f 6755 	6759 	6606
f 6755 	6606 	6605
f 6759 	6762 	6607
f 6759 	6607 	6606
f 6759 	6755 	1824
f 3311 	3473 	3316
f 6762 	6764 	6608
f 6762 	6608 	6607
f 6776 	6777 	4639
f 1824 	1875 	6759
f 6805 	6806 	6730
f 6732 	6730 	6806
f 6806 	6807 	6732
f 6735 	6809 	6739
f 6727 	6725 	6767
f 6766 	6767 	6725
f 6765 	6766 	6725
f 6723 	7899 	6765
f 6410 	6436 	4773
f 6764 	6769 	6609
f 6764 	6609 	6608
f 6717 	9403 	7466
f 6762 	6759 	1875
f 6764 	6762 	1875
f 6769 	6772 	6610
f 6769 	6610 	6609
f 4637 	4638 	6777
f 4638 	4639 	6777
f 6602 	2569 	6601
f 6603 	2569 	6602
f 6772 	4936 	6611
f 6772 	6611 	6610
f 4709 	4637 	6777
f 6611 	4936 	6704
f 2239 	4709 	6778
f 6780 	2237 	6778
f 6907 	6779 	6631
f 6777 	6778 	4709
f 6133 	2234 	6780
f 6779 	6781 	6632
f 6779 	6632 	6631
f 6779 	7765 	6781
f 6767 	6728 	6727
f 6781 	4938 	6633
f 6781 	6633 	6632
f 6783 	7553 	6782
f 6633 	4938 	6784
f 6633 	6784 	6634
f 6786 	8514 	6785
f 6785 	8520 	6783
f 6787 	4221 	6788
f 6767 	6768 	6728
f 6784 	6787 	6635
f 6784 	6635 	6634
f 7949 	7951 	6323
f 7385 	6810 	4221
f 6730 	6728 	6768
f 6787 	6788 	6636
f 6787 	6636 	6635
f 6768 	6805 	6730
f 6788 	4221 	6789
f 6154 	6523 	6153
f 6520 	6620 	6155
f 6791 	6155 	6620
f 6153 	6520 	6155
f 6788 	6789 	6637
f 6788 	6637 	6636
f 6789 	4221 	6792
f 6734 	6732 	6807
f 6789 	6792 	6625
f 6789 	6625 	6637
f 4066 	4067 	6259
f 8428 	8438 	6259
f 6792 	4221 	6793
f 6816 	6749 	6814
f 6739 	6809 	6743
f 6795 	6623 	6794
f 6796 	6624 	6795
f 6797 	6626 	6796
f 6792 	6793 	6627
f 6792 	6627 	6625
f 6793 	4221 	6801
f 6802 	6442 	6800
f 6793 	6801 	6628
f 6793 	6628 	6627
f 6808 	6735 	6807
f 6735 	6734 	6807
f 6809 	6735 	6808
f 6801 	4221 	6810
f 6804 	4119 	6442
f 6799 	6800 	6442
f 6273 	6799 	6442
f 6801 	6810 	6629
f 6801 	6629 	6628
f 6830 	6743 	6809
f 6820 	6753 	6818
f 6818 	6753 	6816
f 6810 	7385 	6821
f 6821 	7385 	6826
f 4328 	4136 	6660
f 6810 	6821 	6641
f 6810 	6641 	6629
f 6815 	6817 	6595
f 6817 	6819 	6596
f 6596 	6819 	6597
f 6744 	6597 	6819
f 6745 	6615 	6744
f 6594 	6593 	6813
f 6590 	6828 	6591
f 6630 	6798 	6638
f 6824 	6638 	6798
f 6827 	6828 	6590
f 6825 	6827 	6640
f 6811 	6591 	6828
f 4833 	4935 	7385
f 6826 	7385 	4935
f 6661 	4138 	6662
f 6821 	6826 	6642
f 6821 	6642 	6641
f 6743 	6830 	6748
f 6822 	7903 	6820
f 6663 	4141 	6664
f 4142 	6664 	4141
f 6748 	6814 	6749
f 6826 	4935 	4908
f 6826 	4908 	6642
f 4936 	6772 	1875
f 6879 	6877 	1875
f 6749 	6816 	6751
f 6520 	6153 	6523
f 6617 	6746 	6619
f 6812 	6813 	6593
f 6669 	4148 	6671
f 4150 	4178 	6672
f 6591 	6811 	6592
f 6813 	6815 	6594
f 6669 	6667 	4154
f 6669 	4154 	4148
f 6442 	1797 	3520
f 6811 	6812 	6592
f 6751 	6816 	6753
f 6593 	6592 	6812
f 6596 	6595 	6817
f 6263 	6264 	6442
f 6753 	6820 	6756
f 6803 	6804 	6442
f 6803 	6442 	6802
f 6595 	6594 	6815
f 6615 	6745 	6617
f 3316 	3473 	6506
f 6814 	6748 	6831
f 6831 	6748 	6830
f 6597 	6744 	6615
f 6771 	6376 	6773
f 6765 	6773 	6378
f 6376 	6378 	6773
f 6378 	6766 	6765
f 6304 	3304 	6737
f 6766 	6382 	6767
f 6382 	6768 	6767
f 6790 	6791 	6619
f 6746 	6790 	6619
f 6553 	6557 	3473
f 6262 	6263 	6442
f 4136 	4138 	6660
f 6661 	6660 	4138
f 6663 	6662 	4141
f 6261 	6442 	6260
f 6589 	6854 	6621
f 6798 	6630 	6797
f 6623 	6795 	6624
f 6621 	6855 	6622
f 6624 	6796 	6626
f 4142 	6665 	6664
f 6268 	6260 	6442
f 6261 	6262 	6442
f 4119 	4120 	6442
f 6622 	6794 	6623
f 6667 	6666 	4154
f 6672 	6671 	4150
f 6848 	2803 	6834
f 6626 	6797 	6630
f 6673 	6672 	4178
f 6638 	6824 	6639
f 6674 	4185 	6675
f 4189 	6677 	4188
f 6676 	4188 	6677
f 6640 	6639 	6825
f 6824 	6825 	6639
f 6840 	2802 	6839
f 6841 	2802 	6840
f 6842 	2802 	6841
f 6843 	2802 	6842
f 6844 	2802 	6843
f 6839 	2803 	6838
f 6838 	2803 	6837
f 6846 	2802 	6845
f 6847 	2802 	6846
f 6850 	2803 	6849
f 6849 	2803 	6848
f 6845 	2802 	6844
f 6837 	2803 	6836
f 6850 	6851 	2803
f 6851 	6852 	2803
f 6852 	6853 	2803
f 6836 	2803 	6853
f 6640 	6827 	6590
f 6654 	4193 	6681
f 6794 	6622 	6855
f 6855 	6621 	6854
f 4936 	6829 	6704
f 6674 	6673 	4178
f 6674 	4178 	4185
f 6829 	4936 	1875
f 6775 	6776 	4755
f 4639 	4755 	6776
f 6763 	6774 	4755
f 6676 	6675 	4188
f 6834 	2803 	6833
f 4189 	6678 	6677
f 6860 	6861 	6893
f 6680 	6679 	4192
f 6711 	6681 	4193
f 6889 	6890 	6861
f 6690 	4201 	4202
f 6690 	4202 	6691
f 6893 	6894 	6860
f 3751 	6761 	3749
f 6396 	6822 	6820
f 4205 	6692 	4203
f 6823 	6822 	6397
f 6396 	6397 	6822
f 6690 	6689 	4204
f 6690 	4204 	4201
f 6863 	6882 	6862
f 6689 	6688 	4204
f 4202 	4203 	6691
f 6692 	6691 	4203
f 6403 	6831 	6830
f 4205 	6696 	6692
f 6697 	4206 	6698
f 6829 	6856 	6705
f 6829 	6705 	6704
f 6856 	6829 	1875
f 6877 	6871 	1875
f 6856 	6871 	6706
f 6856 	6706 	6705
f 6871 	6856 	1875
f 6865 	6882 	6864
f 6866 	6882 	6865
f 6867 	6882 	6866
f 6868 	6882 	6867
f 6869 	6882 	6868
f 6870 	6882 	6869
f 6872 	6882 	6870
f 6873 	6882 	6872
f 6874 	6882 	6873
f 6875 	6882 	6874
f 6862 	6882 	6876
f 6875 	6876 	6882
f 6009 	6864 	6882
f 6878 	8160 	6881
f 6871 	6877 	6707
f 6871 	6707 	6706
f 6154 	6156 	6878
f 6154 	6878 	6648
f 6375 	6376 	6771
f 6877 	6879 	6708
f 6877 	6708 	6707
f 6878 	6881 	6644
f 6878 	6644 	6648
f 1875 	7825 	6879
f 6901 	6883 	7825
f 6879 	6883 	6709
f 6879 	6709 	6708
f 6881 	8160 	6885
f 6766 	6378 	6380
f 6885 	6645 	6644
f 6885 	6644 	6881
f 6380 	6382 	6766
f 6382 	6385 	6768
f 6886 	6646 	6645
f 6886 	6645 	6885
f 6886 	6885 	8160
f 6888 	6647 	6646
f 6888 	6646 	6886
f 6805 	6768 	6387
f 6385 	6387 	6768
f 6387 	6389 	6806
f 6387 	6806 	6805
f 5373 	1912 	6174
f 6807 	6806 	6390
f 6389 	6390 	6806
f 6683 	6174 	6892
f 6683 	6892 	6684
f 3304 	6553 	3473
f 6390 	6317 	6808
f 6390 	6808 	6807
f 6892 	6174 	1912
f 6808 	6317 	6809
f 6391 	6809 	6317
f 6892 	6895 	6685
f 6892 	6685 	6684
f 6391 	6403 	6809
f 6895 	6892 	1912
f 6914 	6916 	6880
f 6895 	6898 	6686
f 6895 	6686 	6685
f 6392 	6814 	6831
f 6883 	6879 	7825
f 6816 	6814 	6393
f 6392 	6393 	6814
f 6883 	6901 	6710
f 6883 	6710 	6709
f 6911 	6912 	6882
f 6898 	6903 	6687
f 6898 	6687 	6686
f 6393 	6394 	6818
f 6393 	6818 	6816
f 6903 	6898 	1912
f 6910 	6909 	1912
f 6394 	6395 	6820
f 6394 	6820 	6818
f 6901 	7825 	6905
f 6889 	6861 	6887
f 6921 	6922 	6880
f 6920 	6921 	6880
f 6919 	6920 	6880
f 6918 	6919 	6880
f 6916 	6918 	6880
f 6880 	6882 	6914
f 6913 	6914 	6882
f 6890 	6891 	6861
f 6903 	6904 	6655
f 6903 	6655 	6687
f 6712 	6710 	6905
f 6901 	6905 	6710
f 6395 	6396 	6820
f 6912 	6913 	6882
f 6863 	6911 	6882
f 6904 	6906 	6656
f 6904 	6656 	6655
f 6859 	6860 	6894
f 6891 	6893 	6861
f 6907 	6714 	6712
f 6906 	6908 	6657
f 6906 	6657 	6656
f 6403 	6830 	6809
f 6905 	6907 	6712
f 6908 	1912 	6909
f 6403 	6406 	6831
f 6631 	6714 	6907
f 6908 	6909 	6658
f 6908 	6658 	6657
f 6406 	6392 	6831
f 6506 	3473 	6508
f 6958 	6056 	6961
f 6909 	6910 	6659
f 6909 	6659 	6658
f 6946 	6950 	6058
f 6062 	6060 	6926
f 6740 	6659 	6910
f 6922 	6923 	6880
f 6923 	6924 	6880
f 6924 	6925 	6880
f 6925 	6927 	6880
f 6927 	6928 	6880
f 6902 	6880 	6928
f 6928 	6929 	6902
f 6900 	6902 	6929
f 6929 	6930 	6900
f 6899 	6900 	6930
f 6930 	6857 	6899
f 6857 	6858 	6897
f 6897 	6899 	6857
f 6896 	6897 	6858
f 6858 	6859 	6896
f 6894 	6896 	6859
f 6926 	6060 	6061
f 5385 	6888 	8160
f 6938 	6941 	6991
f 6941 	6943 	6991
f 6943 	6945 	6991
f 6945 	6947 	6991
f 6947 	6915 	6991
f 6917 	6991 	6915
f 6946 	6961 	6950
f 6882 	7021 	6011
f 6888 	6934 	6668
f 6888 	6668 	6647
f 6946 	6958 	6961
f 6935 	6936 	7720
f 6936 	6939 	7720
f 6939 	6940 	7720
f 6940 	6942 	7720
f 6942 	6944 	7720
f 7725 	7720 	6944
f 6944 	6948 	7725
f 6948 	6949 	7725
f 4034 	4038 	7725
f 6934 	6888 	5385
f 6964 	6232 	6960
f 6934 	6954 	6670
f 6934 	6670 	6668
f 6956 	7014 	6955
f 6957 	7014 	6956
f 6959 	7013 	6957
f 6963 	7013 	6959
f 6973 	7013 	6963
f 6955 	7014 	6953
f 6953 	7014 	6965
f 6952 	6232 	6964
f 6966 	6967 	6582
f 6966 	6582 	6581
f 6969 	7021 	6884
f 6971 	6972 	6578
f 6971 	6578 	6577
f 6977 	6978 	6976
f 6974 	6976 	6978
f 6978 	6979 	6974
f 6973 	6974 	6979
f 6693 	6670 	6968
f 6954 	6968 	6670
f 6980 	7021 	6975
f 7985 	7980 	1880
f 1873 	5155 	1880
f 6981 	6982 	6575
f 6981 	6575 	6573
f 6984 	7021 	6980
f 6571 	3263 	6985
f 4523 	6985 	3263
f 6968 	6983 	6695
f 6968 	6695 	6693
f 1880 	6167 	1912
f 6983 	5373 	6990
f 6992 	7021 	6989
f 6972 	6996 	6580
f 6972 	6580 	6578
f 6937 	6938 	6991
f 6988 	6937 	6991
f 6987 	6988 	6991
f 6993 	7001 	6991
f 6994 	7001 	6993
f 6995 	7001 	6994
f 6997 	6999 	6995
f 6998 	6999 	6997
f 7000 	6995 	6999
f 7001 	6995 	7000
f 6987 	6991 	7001
f 6983 	6990 	6682
f 6983 	6682 	6695
f 6967 	6962 	6583
f 6967 	6583 	6582
f 6996 	6966 	6581
f 6996 	6581 	6580
f 6990 	6174 	6683
f 6990 	6683 	6682
f 7005 	6917 	7004
f 6991 	6917 	7005
f 7003 	7004 	6917
f 7014 	7006 	6965
f 7007 	7008 	6965
f 7008 	7009 	6965
f 6917 	6965 	7009
f 7003 	6917 	7009
f 4209 	6700 	4208
f 6699 	4208 	6700
f 6982 	6971 	6577
f 6982 	6577 	6575
f 7010 	6910 	1912
f 6908 	6906 	1912
f 6906 	6904 	1912
f 6904 	6903 	1912
f 6985 	6981 	6573
f 6985 	6573 	6571
f 6702 	4210 	7398
f 6910 	7010 	6740
f 7013 	6973 	7012
f 7014 	6957 	7013
f 7006 	7007 	6965
f 7011 	7012 	6973
f 6979 	7015 	6973
f 7015 	7016 	6973
f 7016 	7017 	6973
f 7017 	7018 	6973
f 7018 	7020 	6973
f 7011 	6973 	7020
f 6702 	6701 	4212
f 6702 	4212 	4210
f 7010 	7019 	6741
f 7010 	6741 	6740
f 7019 	7010 	1912
f 6697 	6696 	4205
f 6697 	4205 	4206
f 7019 	6167 	6742
f 7019 	6742 	6741
f 4440 	4323 	1817
f 1873 	1817 	3444
f 6699 	6698 	4208
f 6167 	1880 	7141
f 6884 	7021 	6882
f 6975 	7021 	6969
f 6986 	7021 	6984
f 6989 	7021 	6986
f 6951 	6011 	7021
f 3472 	3468 	1817
f 3468 	3466 	1817
f 3466 	4512 	1817
f 6742 	6167 	7141
f 6742 	7141 	6854
f 4209 	4212 	6700
f 6701 	6700 	4212
f 7002 	6960 	7021
f 6992 	7002 	7021
f 6232 	7021 	6960
f 6232 	6952 	6088
f 4125 	6694 	6713
f 8012 	8009 	7123
f 2813 	6064 	7021
f 6064 	6951 	7021
f 7022 	7023 	6745
f 7022 	6745 	6744
f 7126 	7123 	8009
f 1880 	1901 	1873
f 7026 	7054 	7169
f 1901 	1897 	1873
f 7023 	7024 	6746
f 7023 	6746 	6745
f 7029 	7030 	2802
f 7030 	7031 	2802
f 7027 	7028 	2802
f 7031 	7032 	2802
f 2800 	2802 	7033
f 7033 	7034 	2800
f 7034 	7035 	2800
f 7035 	7036 	2800
f 7036 	6015 	2800
f 6015 	6016 	2800
f 6016 	6017 	2800
f 6017 	2813 	2800
f 6669 	6671 	7160
f 6671 	6672 	7160
f 6672 	6673 	7160
f 6790 	6746 	7037
f 7024 	7037 	6746
f 7028 	7029 	2802
f 7037 	8160 	7042
f 7037 	7042 	6791
f 7037 	6791 	6790
f 7042 	6159 	6155
f 7042 	6155 	6791
f 7238 	7223 	7048
f 7046 	7047 	7223
f 7223 	7224 	7046
f 7048 	7049 	7238
f 7049 	7050 	7238
f 7050 	7051 	7237
f 7051 	7052 	7237
f 7055 	7235 	7053
f 7053 	7236 	7052
f 2770 	2764 	6835
f 6121 	6835 	2764
f 7056 	7169 	7054
f 7057 	7169 	7056
f 7058 	7169 	7057
f 7060 	7169 	7058
f 7061 	7169 	7060
f 7062 	7169 	7061
f 7038 	7169 	7063
f 7063 	7169 	7062
f 7025 	7026 	7169
f 1880 	7980 	7107
f 7399 	7401 	7119
f 2774 	6835 	2772
f 7059 	1880 	7065
f 2772 	6835 	2807
f 2777 	6835 	2776
f 2776 	6835 	2774
f 7059 	7065 	6795
f 7059 	6795 	6794
f 7065 	1880 	7073
f 2778 	6835 	2777
f 2767 	6835 	2778
f 7065 	7073 	6796
f 7065 	6796 	6795
f 2813 	6259 	2779
f 7077 	7078 	7221
f 7220 	7221 	7078
f 7079 	7080 	7220
f 7219 	7220 	7080
f 7080 	7081 	7219
f 7081 	7082 	7219
f 7082 	7083 	7219
f 7229 	7219 	7083
f 7226 	7229 	7084
f 7084 	7085 	7226
f 7085 	7086 	7226
f 7225 	7226 	7086
f 7043 	7044 	7225
f 7224 	7225 	7044
f 7044 	7045 	7224
f 7073 	1880 	7088
f 6977 	7354 	6978
f 2782 	2813 	2781
f 2780 	2781 	2813
f 7354 	7355 	6978
f 7045 	7046 	7224
f 7221 	7222 	7077
f 7073 	7088 	6797
f 7073 	6797 	6796
f 7089 	7227 	7087
f 7088 	1880 	7091
f 7095 	1880 	7102
f 7088 	7091 	6798
f 7088 	6798 	6797
f 4527 	4738 	4523
f 7093 	7094 	7046
f 7093 	7046 	7045
f 7113 	7231 	7090
f 7089 	7090 	7227
f 7091 	1880 	7095
f 7096 	7097 	7049
f 7096 	7049 	7048
f 6824 	6798 	7095
f 7091 	7095 	6798
f 7099 	7100 	7052
f 7099 	7052 	7051
f 7101 	7228 	7098
f 6173 	7112 	7871
f 7104 	7106 	7228
f 7045 	7044 	7103
f 7045 	7103 	7093
f 7095 	7102 	6825
f 7095 	6825 	6824
f 7048 	7047 	7105
f 7048 	7105 	7096
f 7106 	7108 	7228
f 2782 	2783 	2813
f 7102 	1880 	7107
f 7227 	7228 	7108
f 7104 	7228 	7101
f 7051 	7050 	7109
f 7051 	7109 	7099
f 2791 	2813 	2788
f 2813 	2783 	2784
f 7102 	7107 	6827
f 7102 	6827 	6825
f 7110 	7227 	7108
f 2794 	2813 	2791
f 7053 	7111 	7055
f 7107 	7871 	7112
f 6172 	7112 	6173
f 7066 	7227 	7110
f 7100 	7111 	7053
f 7100 	7053 	7052
f 7107 	7112 	6828
f 7107 	6828 	6827
f 2795 	2813 	2794
f 6133 	3770 	3372
f 7044 	7043 	7092
f 7044 	7092 	7103
f 7047 	7046 	7094
f 7047 	7094 	7105
f 7403 	7405 	7119
f 7112 	6172 	6811
f 7112 	6811 	6828
f 6134 	3403 	3771
f 7050 	7049 	7097
f 7050 	7097 	7109
f 6689 	6690 	7121
f 7114 	7231 	7113
f 7123 	7120 	8012
f 6172 	6173 	7117
f 6650 	6651 	7121
f 7117 	6812 	6811
f 7117 	6811 	6172
f 6649 	6650 	7121
f 7916 	7915 	7117
f 7120 	6813 	6812
f 7120 	6812 	7117
f 7120 	7117 	7915
f 7096 	7105 	7276
f 7105 	7094 	7276
f 7275 	7276 	7094
f 7093 	7275 	7094
f 7103 	7275 	7093
f 7123 	6815 	6813
f 7123 	6813 	7120
f 6966 	6996 	4738
f 6962 	6967 	4738
f 7069 	6281 	7124
f 7069 	7124 	7070
f 7915 	8012 	7120
f 3755 	3756 	6436
f 6972 	6971 	4738
f 7126 	6817 	6815
f 7126 	6815 	7123
f 7127 	7129 	7074
f 7127 	7074 	7072
f 7122 	7125 	6694
f 7131 	7133 	7078
f 7131 	7078 	7077
f 7130 	6819 	6817
f 7130 	6817 	7126
f 7135 	7136 	7081
f 7135 	7081 	7080
f 7137 	6713 	7134
f 7125 	7128 	6694
f 3763 	6775 	3761
f 7138 	7139 	7084
f 7138 	7084 	7083
f 7130 	7022 	6819
f 6744 	6819 	7022
f 6694 	7128 	7132
f 7871 	7107 	7914
f 7142 	7092 	7086
f 7043 	7086 	7092
f 7143 	6713 	7140
f 7141 	1880 	7145
f 7072 	7071 	7146
f 7072 	7146 	7127
f 7147 	6713 	7144
f 7141 	7145 	6855
f 7141 	6855 	6854
f 7077 	7076 	7148
f 7077 	7148 	7131
f 7145 	1880 	7059
f 7145 	7059 	6794
f 7145 	6794 	6855
f 7079 	7150 	7135
f 7079 	7135 	7080
f 6778 	3769 	3770
f 7152 	6711 	7151
f 7082 	7153 	7138
f 7082 	7138 	7083
f 7085 	7154 	7142
f 7085 	7142 	7086
f 7071 	7070 	7124
f 7071 	7124 	7146
f 7158 	7159 	7157
f 7155 	7157 	7159
f 7155 	7159 	7161
f 7155 	7161 	7162
f 7155 	7162 	7163
f 7164 	7168 	7163
f 7165 	7167 	7164
f 7166 	7167 	7165
f 7168 	7164 	7167
f 7155 	7163 	7168
f 7041 	6660 	7169
f 7040 	7041 	7169
f 7076 	7074 	7129
f 7076 	7129 	7148
f 2813 	2779 	2780
f 2786 	2813 	2784
f 2786 	2788 	2813
f 2797 	2813 	2795
f 7170 	7171 	7228
f 7133 	7150 	7079
f 7133 	7079 	7078
f 7181 	7228 	7171
f 7175 	7193 	7174
f 7173 	7174 	7193
f 7176 	7193 	7175
f 7177 	7193 	7176
f 7178 	7193 	7177
f 7172 	7173 	7193
f 7179 	7200 	7178
f 7180 	7200 	7179
f 7208 	7199 	7180
f 7032 	7033 	2802
f 1850 	1854 	2802
f 6847 	1850 	2802
f 2803 	6839 	2802
f 2805 	6835 	2803
f 2807 	6835 	2805
f 7182 	7228 	7181
f 7136 	7153 	7082
f 7136 	7082 	7081
f 7183 	7228 	7182
f 7139 	7154 	7085
f 7139 	7085 	7084
f 1854 	1844 	2802
f 6017 	6064 	2813
f 7098 	7228 	7183
f 7159 	7158 	7185
f 7184 	7185 	7158
f 7193 	7194 	7172
f 7186 	7187 	7158
f 7187 	7188 	7158
f 7189 	7158 	7188
f 7184 	7158 	7189
f 6832 	2803 	6835
f 2770 	6835 	2767
f 6090 	6121 	2764
f 6833 	2803 	6832
f 1844 	7027 	2802
f 6665 	6666 	7160
f 6666 	6667 	7160
f 2822 	6055 	2824
f 7194 	7195 	7172
f 7158 	7172 	7195
f 7186 	7158 	7195
f 7198 	7199 	7208
f 7200 	7180 	7199
f 7202 	7178 	7200
f 7192 	7178 	7202
f 6663 	6664 	7169
f 7276 	7287 	7096
f 7135 	7150 	7272
f 7274 	7127 	7288
f 7288 	6281 	7289
f 7272 	7271 	7135
f 6278 	7289 	6284
f 7273 	7131 	7274
f 6284 	7289 	6281
f 7150 	7133 	7272
f 7273 	7272 	7133
f 7133 	7131 	7273
f 7148 	7274 	7131
f 7129 	7274 	7148
f 7129 	7127 	7274
f 7127 	7146 	7288
f 7146 	7124 	7288
f 6281 	7288 	7124
f 7197 	7198 	7208
f 7207 	7197 	7208
f 7192 	7193 	7178
f 7208 	7209 	7207
f 7209 	7210 	7207
f 7210 	7211 	7207
f 7211 	7212 	7207
f 7212 	7213 	7207
f 7206 	7207 	7213
f 7206 	7213 	7214
f 7206 	7214 	7215
f 7206 	7215 	7216
f 7206 	7216 	7217
f 7149 	6713 	7147
f 7151 	6711 	7149
f 7160 	7169 	6665
f 6667 	6669 	7160
f 6664 	6665 	7169
f 6662 	6663 	7169
f 2833 	6055 	2830
f 2829 	2830 	6055
f 2835 	6055 	2833
f 2840 	6055 	2835
f 2841 	6055 	2840
f 2844 	6055 	2841
f 2846 	6055 	2844
f 2849 	6055 	2846
f 2874 	6055 	2849
f 2850 	6055 	2874
f 2853 	6055 	2850
f 2854 	6055 	2853
f 2857 	6055 	2854
f 2858 	6055 	2857
f 2861 	6055 	2858
f 2862 	6055 	2861
f 2865 	6055 	2862
f 2866 	6055 	2865
f 2869 	6055 	2866
f 2870 	6055 	2869
f 2821 	6055 	2870
f 2824 	6055 	2821
f 2873 	6055 	2822
f 2953 	2829 	6055
f 7162 	7161 	7382
f 6055 	2887 	2942
f 6055 	2942 	2940
f 6055 	2940 	2956
f 6055 	2956 	2946
f 6055 	2946 	2945
f 6055 	2945 	2984
f 2951 	6055 	2984
f 2950 	6055 	2951
f 2953 	6055 	2950
f 2873 	3646 	6055
f 7222 	7239 	7072
f 7071 	7072 	7239
f 3627 	6106 	3624
f 6106 	3653 	3636
f 3622 	6106 	3627
f 7390 	7392 	7165
f 7070 	7071 	7239
f 3633 	3653 	3632
f 6661 	6662 	7169
f 6660 	6661 	7169
f 7218 	7064 	7228
f 7064 	7025 	7228
f 7169 	7228 	7025
f 7038 	7039 	7169
f 7039 	7040 	7169
f 3634 	3635 	3653
f 3632 	3653 	3631
f 4593 	4596 	4557
f 7169 	7170 	7228
f 7227 	7066 	7067
f 7227 	7067 	7068
f 7227 	7068 	7075
f 7075 	7087 	7227
f 7074 	7076 	7222
f 4530 	4738 	4526
f 4592 	4593 	4557
f 7072 	7074 	7222
f 7076 	7077 	7222
f 7232 	1817 	7230
f 6688 	6689 	7121
f 6651 	6688 	7121
f 6694 	6649 	7121
f 7122 	6694 	7121
f 7134 	6713 	7132
f 7140 	6713 	7137
f 7144 	6713 	7143
f 6694 	7132 	6713
f 7233 	1817 	7232
f 7401 	7403 	7119
f 6700 	6701 	7119
f 7234 	7055 	7233
f 7405 	7406 	7119
f 7235 	7055 	7234
f 7237 	7052 	7236
f 7240 	7069 	7239
f 7241 	7069 	7240
f 7069 	7070 	7239
f 7242 	7069 	7241
f 7026 	7025 	4236
f 4235 	4236 	7025
f 7249 	7250 	8927
f 4237 	7218 	5861
f 8108 	8927 	7250
f 6474 	5861 	7218
f 8113 	8108 	7251
f 7250 	7251 	8108
f 7252 	8113 	7251
f 6981 	4738 	6982
f 7253 	8113 	7252
f 7254 	8113 	7253
f 7256 	8113 	7255
f 7254 	7255 	8113
f 6937 	7334 	6938
f 4526 	4738 	4527
f 7337 	6943 	6941
f 7257 	8113 	7256
f 7258 	8113 	7257
f 7259 	8113 	7258
f 6943 	7337 	6945
f 7338 	6945 	7337
f 3635 	3636 	3653
f 7338 	6947 	6945
f 7340 	6917 	6915
f 3639 	3640 	2826
f 7260 	7261 	8113
f 1817 	8113 	7262
f 7342 	6956 	6955
f 7264 	1817 	7263
f 3642 	3643 	2826
f 6957 	7345 	6959
f 7063 	4345 	7038
f 4322 	7038 	4345
f 7345 	6963 	6959
f 3645 	2873 	3644
f 7269 	1817 	7268
f 4326 	7040 	4325
f 7039 	4325 	7040
f 7346 	6973 	6963
f 3646 	2873 	3645
f 2873 	2826 	3643
f 7230 	1817 	7269
f 7041 	4328 	6660
f 3649 	3653 	6054
f 6054 	6055 	3649
f 4322 	4325 	7038
f 7039 	7038 	4325
f 3650 	3653 	3649
f 4326 	4328 	7040
f 7041 	7040 	4328
f 7342 	6955 	6953
f 7260 	8113 	7259
f 7261 	7262 	8113
f 7263 	1817 	7262
f 7265 	1817 	7264
f 7266 	1817 	7265
f 7267 	1817 	7266
f 7268 	1817 	7267
f 7236 	7053 	7235
f 7047 	7048 	7223
f 7335 	6938 	7334
f 4236 	4336 	7026
f 7054 	7026 	4336
f 7335 	7336 	6938
f 7086 	7043 	7225
f 7083 	7084 	7229
f 7078 	7079 	7220
f 7238 	7050 	7237
f 1817 	7233 	7055
f 6941 	7336 	7337
f 7060 	4341 	7061
f 4342 	7061 	4341
f 7245 	7246 	8942
f 7246 	7247 	8943
f 8944 	8943 	7247
f 7248 	7249 	8927
f 7247 	7248 	8944
f 8927 	8944 	7248
f 4341 	7060 	4347
f 7058 	4347 	7060
f 6947 	7339 	6915
f 6917 	7340 	7341
f 8960 	8951 	7069
f 3638 	3639 	2826
f 3640 	3641 	2826
f 3641 	3642 	2826
f 3637 	3638 	2826
f 3644 	2873 	3643
f 6783 	3773 	6785
f 7341 	7347 	6965
f 7341 	6965 	6917
f 3646 	3647 	6055
f 3647 	3648 	6055
f 6443 	3637 	2826
f 3648 	3649 	6055
f 2883 	6054 	3653
f 3651 	3653 	3650
f 3653 	3651 	3630
f 3633 	3634 	3653
f 3630 	3631 	3653
f 3001 	2883 	3653
f 6957 	6956 	7344
f 3636 	3624 	6106
f 6097 	6106 	3622
f 7344 	7345 	6957
f 7142 	7154 	7278
f 7345 	7346 	6963
f 3653 	2294 	3625
f 3001 	3653 	3625
f 7279 	7278 	7139
f 7062 	4348 	4345
f 7062 	4345 	7063
f 4336 	7056 	7054
f 6953 	6965 	7348
f 7347 	7348 	6965
f 7057 	4347 	7058
f 7348 	7342 	6953
f 7103 	7092 	7277
f 7062 	7061 	4348
f 4342 	4348 	7061
f 7350 	6974 	6973
f 6977 	7352 	7354
f 4363 	7068 	4358
f 6979 	6978 	7355
f 3059 	3058 	7325
f 7326 	7325 	3058
f 7468 	7015 	7355
f 7327 	7326 	3058
f 7283 	7282 	9117
f 4366 	4367 	7075
f 7284 	7283 	9117
f 9117 	9116 	7284
f 7087 	4367 	7089
f 7089 	4369 	7090
f 7139 	7138 	7279
f 6618 	8473 	6600
f 7138 	7153 	7271
f 7271 	7279 	7138
f 7369 	6998 	6997
f 3781 	6323 	6786
f 6999 	6998 	7369
f 7101 	4376 	7104
f 7374 	7001 	7000
f 4378 	7106 	4376
f 7104 	4376 	7106
f 7374 	6987 	7001
f 7295 	2119 	7296
f 4378 	4381 	7106
f 7296 	2119 	7297
f 7334 	6937 	6988
f 7305 	7304 	3197
f 7298 	2119 	7302
f 7297 	2119 	7298
f 6971 	6982 	4738
f 7090 	4387 	7113
f 6985 	4523 	4738
f 7113 	4387 	7114
f 7455 	7009 	7008
f 7455 	7003 	7009
f 7114 	4392 	7115
f 7461 	7004 	7003
f 6967 	6966 	4738
f 6996 	6972 	4738
f 6981 	6985 	4738
f 4395 	7116 	4392
f 7115 	4392 	7116
f 7004 	7461 	7005
f 7464 	7005 	7461
f 7116 	4395 	7118
f 6991 	7005 	7464
f 3763 	6776 	6775
f 7118 	4403 	7119
f 7119 	4403 	7121
f 6962 	4738 	7299
f 7121 	4416 	7122
f 6962 	7299 	6736
f 6962 	6736 	6583
f 6993 	7360 	6994
f 7299 	7300 	6737
f 7299 	6737 	6736
f 7361 	7363 	6994
f 7122 	4416 	7125
f 6614 	9403 	6717
f 6995 	7363 	6997
f 7300 	6310 	6304
f 6304 	6737 	7300
f 7301 	2569 	6703
f 7299 	4738 	7300
f 9403 	6616 	2570
f 7302 	3197 	7304
f 7308 	2569 	7306
f 7305 	3197 	7307
f 6524 	5182 	4771
f 7312 	2569 	7308
f 4194 	7311 	3197
f 7313 	4194 	7315
f 7315 	4194 	7316
f 7316 	4194 	7317
f 7317 	4194 	7318
f 7318 	4194 	7319
f 7319 	4194 	7320
f 7320 	4194 	7321
f 7323 	7322 	3070
f 7310 	9286 	6078
f 7324 	7323 	3065
f 3065 	3059 	7324
f 7325 	7324 	3059
f 6524 	4771 	6506
f 7279 	7271 	7219
f 7221 	7272 	7273
f 7221 	7273 	7274
f 7157 	7379 	7158
f 7224 	7276 	7275
f 7158 	7380 	7414
f 3747 	6757 	6754
f 7277 	7225 	7275
f 6757 	3747 	6758
f 3748 	3749 	6758
f 7382 	7161 	7159
f 7383 	7162 	7382
f 7162 	7383 	7163
f 7386 	7163 	7383
f 3761 	6774 	6763
f 7164 	7163 	7386
f 7000 	7373 	7374
f 9354 	7021 	7925
f 7390 	7165 	7164
f 7328 	9343 	7925
f 7166 	7165 	7392
f 7392 	7394 	7167
f 7392 	7167 	7166
f 7394 	7168 	7167
f 7446 	7449 	7006
f 7157 	7155 	7379
f 2814 	2404 	7331
f 7172 	7158 	7414
f 7173 	7172 	7417
f 7414 	7417 	7172
f 7173 	7417 	7174
f 7419 	7174 	7417
f 7419 	7175 	7174
f 3771 	6782 	6134
f 7176 	7175 	7422
f 6979 	7355 	7015
f 6783 	6782 	3771
f 7177 	7176 	7424
f 7422 	7424 	7176
f 7016 	7015 	7471
f 7468 	7471 	7015
f 7177 	7424 	7178
f 7425 	7178 	7424
f 7017 	7016 	7475
f 7471 	7475 	7016
f 7425 	7179 	7178
f 7475 	7018 	7017
f 3776 	6786 	6785
f 7179 	7427 	7180
f 2392 	2779 	7330
f 7432 	7188 	7187
f 3761 	6775 	6774
f 6093 	7330 	2779
f 7432 	7189 	7188
f 7233 	7232 	7282
f 7436 	7184 	7189
f 7233 	7282 	7283
f 7436 	7438 	7184
f 6093 	6254 	7330
f 3770 	6780 	6778
f 1863 	7329 	2764
f 2764 	7329 	6090
f 6780 	3770 	6133
f 7443 	7198 	7197
f 7199 	7198 	7443
f 2813 	2814 	7331
f 4416 	4430 	7125
f 7448 	7202 	7200
f 7020 	7018 	7484
f 1863 	7362 	7329
f 7202 	7448 	7192
f 7011 	7020 	7487
f 7484 	7487 	7020
f 7125 	4433 	7128
f 7011 	7487 	7012
f 7604 	7012 	7487
f 7128 	4433 	7132
f 7604 	7607 	7013
f 7604 	7013 	7012
f 3003 	3142 	7353
f 7607 	7014 	7013
f 4435 	4436 	7132
f 7132 	4436 	7134
f 7014 	7610 	7006
f 7134 	4436 	7137
f 3715 	3717 	6400
f 4438 	7140 	7137
f 7333 	8727 	3201
f 6407 	6404 	3719
f 6941 	6938 	7336
f 6409 	6407 	3720
f 7144 	4447 	7147
f 6410 	6409 	3721
f 3720 	3721 	6409
f 7338 	7339 	6947
f 7185 	7184 	7438
f 4449 	7149 	7147
f 3755 	6436 	3721
f 7340 	6915 	7339
f 7159 	7185 	7438
f 4458 	7152 	7151
f 7333 	6102 	8890
f 6313 	3803 	3724
f 7197 	7441 	7443
f 7333 	3201 	6102
f 7342 	7343 	6956
f 6414 	3724 	3727
f 4458 	4499 	7152
f 7343 	7344 	6956
f 7445 	7200 	7199
f 3727 	3728 	6414
f 6416 	6414 	3728
f 7448 	7200 	7445
f 6418 	6416 	3729
f 3728 	3729 	6416
f 7451 	7192 	7448
f 3729 	6419 	6418
f 4468 	7169 	7160
f 7349 	6973 	7346
f 7193 	7192 	7451
f 3003 	7332 	3622
f 6421 	6419 	3741
f 6419 	3736 	3741
f 7169 	4477 	7170
f 7194 	7457 	7195
f 7170 	4477 	7171
f 3201 	3637 	6102
f 7460 	7429 	7195
f 7171 	4479 	4485
f 7171 	4485 	7181
f 3622 	7332 	6097
f 6750 	3742 	6754
f 7332 	8766 	6097
f 7467 	7208 	7180
f 7349 	7350 	6973
f 7181 	4485 	7182
f 3745 	3747 	6754
f 7350 	7351 	6976
f 7350 	6976 	6974
f 7209 	7208 	7470
f 3748 	6758 	3747
f 6977 	6976 	7352
f 7351 	7352 	6976
f 7474 	7210 	7470
f 7209 	7470 	7210
f 6760 	6758 	3749
f 6106 	7353 	3652
f 6106 	3652 	3653
f 7210 	7474 	7211
f 7478 	7211 	7474
f 6760 	3749 	6761
f 7332 	3003 	7353
f 7212 	7211 	7494
f 7478 	7494 	7211
f 3751 	3752 	6761
f 7213 	7212 	7498
f 7494 	7498 	7212
f 6109 	7357 	7370
f 6991 	7464 	7358
f 6763 	3752 	3761
f 6108 	7359 	7357
f 6108 	7357 	6109
f 6993 	6991 	7360
f 7358 	7360 	6991
f 7191 	4503 	7196
f 6410 	3721 	6436
f 7356 	7359 	6108
f 7356 	6108 	6107
f 7361 	6994 	7360
f 7359 	7356 	8283
f 7368 	8283 	7356
f 4507 	7201 	4505
f 7196 	4505 	7201
f 6770 	6436 	3756
f 6995 	6994 	7363
f 3742 	6750 	3756
f 7201 	4507 	7203
f 5182 	8485 	4738
f 7363 	7365 	6997
f 6115 	7366 	7367
f 6115 	7367 	6116
f 7356 	6107 	7368
f 6118 	7368 	6107
f 7213 	7498 	7214
f 7501 	7214 	7498
f 7365 	7369 	6997
f 6109 	7370 	6113
f 7369 	7371 	6999
f 6118 	6117 	7372
f 6118 	7372 	7368
f 7501 	7215 	7214
f 3765 	6776 	3763
f 6115 	6114 	7364
f 6115 	7364 	7366
f 7000 	6999 	7373
f 7371 	7373 	6999
f 7503 	7216 	7215
f 3765 	3767 	6776
f 6117 	6116 	7367
f 6117 	7367 	7372
f 7216 	7503 	7217
f 7504 	7217 	7503
f 6777 	3767 	6778
f 6987 	7374 	7375
f 7359 	8283 	7357
f 7372 	8285 	7368
f 9028 	9022 	8285
f 7367 	8285 	7372
f 7217 	7504 	7206
f 7505 	7206 	7504
f 7375 	7376 	6987
f 6988 	6987 	7376
f 7206 	7505 	7207
f 7507 	7207 	7505
f 7378 	7364 	6120
f 6114 	6120 	7364
f 7334 	6988 	7376
f 7377 	7378 	6120
f 7377 	6120 	6119
f 7507 	7441 	7207
f 9022 	9021 	8285
f 6121 	6113 	7370
f 6121 	7370 	7362
f 6783 	3771 	3773
f 7379 	7380 	7158
f 7370 	8226 	7362
f 7228 	7227 	5149
f 7231 	5148 	7227
f 3776 	6785 	3773
f 3778 	6786 	3776
f 6127 	6130 	7393
f 3778 	3781 	6786
f 7381 	7382 	7159
f 6548 	5171 	7231
f 6127 	7393 	7384
f 3786 	6324 	3781
f 5140 	4780 	5182
f 6861 	7421 	6132
f 7386 	7387 	7164
f 7227 	7090 	7231
f 7387 	7390 	7164
f 7388 	5359 	5360
f 7388 	5360 	7389
f 4787 	4763 	5182
f 6130 	6129 	7395
f 6130 	7395 	7393
f 6327 	3793 	6328
f 7394 	7396 	7168
f 6949 	7397 	4031
f 6129 	6128 	7391
f 6129 	7391 	7395
f 3794 	3797 	6328
f 7155 	7168 	7400
f 7396 	7400 	7168
f 6944 	7402 	7404
f 6944 	7404 	6948
f 7406 	7407 	7119
f 7407 	7408 	7119
f 7408 	7388 	7119
f 7388 	7389 	7119
f 7389 	7231 	7119
f 7118 	7119 	7231
f 7114 	7115 	7231
f 7115 	7116 	7231
f 7116 	7118 	7231
f 7384 	7393 	7674
f 6939 	7409 	7410
f 6939 	7410 	6940
f 7400 	7379 	7155
f 6933 	7411 	7412
f 6933 	7412 	6935
f 6330 	3798 	3799
f 7413 	7415 	6932
f 7413 	6932 	6931
f 7399 	5376 	7401
f 3802 	6333 	3799
f 7410 	7416 	6942
f 7410 	6942 	6940
f 5380 	7405 	5379
f 7403 	5379 	7405
f 7412 	7418 	6936
f 7412 	6936 	6935
f 3802 	3803 	6333
f 6313 	6333 	3803
f 6949 	6948 	7404
f 6949 	7404 	7397
f 7407 	5382 	5383
f 7407 	5383 	7408
f 7419 	7420 	7175
f 6944 	6942 	7416
f 6944 	7416 	7402
f 7407 	7406 	5382
f 7420 	7422 	7175
f 6939 	6936 	7418
f 6939 	7418 	7409
f 6131 	7423 	7391
f 6131 	7391 	6128
f 7399 	7398 	5376
f 6933 	6932 	7415
f 6933 	7415 	7411
f 7403 	7401 	5379
f 7423 	7674 	7391
f 7391 	7674 	7395
f 5380 	7406 	7405
f 7421 	7423 	6131
f 7421 	6131 	6132
f 7179 	7425 	7426
f 7408 	5359 	7388
f 5383 	5359 	7408
f 7426 	7427 	7179
f 7427 	7467 	7180
f 7389 	5360 	7385
f 7186 	7195 	7429
f 5352 	7385 	5360
f 7186 	7429 	7187
f 7431 	7187 	7429
f 7431 	7432 	7187
f 7189 	7432 	7434
f 7434 	7436 	7189
f 7389 	7385 	7231
f 7385 	8200 	7231
f 7159 	7438 	7381
f 6474 	7218 	6542
f 7228 	6542 	7218
f 7197 	7207 	7441
f 7442 	2553 	7440
f 7440 	2553 	7439
f 5734 	2553 	7442
f 7199 	7443 	7444
f 7444 	7445 	7199
f 7007 	7006 	7449
f 7007 	7449 	7008
f 7452 	7008 	7449
f 7454 	7193 	7451
f 7452 	7455 	7008
f 7456 	9403 	7453
f 7193 	7454 	7194
f 7457 	7194 	7454
f 7003 	7455 	7458
f 7003 	7458 	7461
f 7460 	7195 	7457
f 7465 	9403 	7459
f 7395 	7674 	7393
f 7423 	7421 	7674
f 7467 	7470 	7208
f 7480 	7462 	4594
f 7473 	6050 	6331
f 7018 	7475 	7479
f 7418 	7902 	7409
f 7506 	7902 	7413
f 7412 	7902 	7418
f 7411 	7902 	7412
f 7411 	7415 	7902
f 7413 	7902 	7415
f 9428 	5881 	7477
f 7479 	7484 	7018
f 7480 	7483 	7463
f 7480 	7463 	7462
f 7476 	7674 	7482
f 7463 	7483 	9297
f 7482 	7674 	7485
f 7486 	9400 	7481
f 7485 	7674 	7489
f 7240 	7239 	7289
f 7493 	9400 	7490
f 7674 	7492 	7491
f 7491 	7489 	7674
f 7496 	9400 	7493
f 7447 	9400 	7496
f 9299 	8673 	9298
f 7497 	7495 	7674
f 7492 	7674 	7495
f 7500 	7499 	7674
f 7499 	7497 	7674
f 9400 	7447 	7450
f 7453 	9403 	7450
f 7459 	9403 	7456
f 7215 	7501 	7502
f 7310 	7500 	7674
f 7502 	7503 	7215
f 7462 	7463 	4773
f 4594 	4615 	7480
f 9314 	7483 	8713
f 7488 	7506 	7413
f 7488 	7413 	6931
f 7435 	7437 	2553
f 7437 	7439 	2553
f 7428 	7430 	2553
f 2553 	2569 	7428
f 7428 	2569 	7314
f 8713 	7480 	4615
f 7380 	7379 	7510
f 7511 	7380 	7510
f 7509 	7510 	7379
f 3655 	8719 	4612
f 7518 	7438 	7517
f 7519 	7381 	7518
f 7520 	7382 	7519
f 7521 	7383 	7520
f 7522 	7386 	7521
f 7438 	7436 	7517
f 7525 	7516 	7434
f 7436 	7434 	7516
f 7516 	7517 	7436
f 7506 	7488 	6311
f 6303 	6311 	7488
f 7240 	7289 	7290
f 7530 	7541 	7718
f 7538 	7717 	7541
f 7243 	7242 	7292
f 7542 	7543 	7677
f 7574 	7576 	7677
f 7755 	7657 	7759
f 7573 	7574 	7677
f 7576 	7578 	7677
f 7578 	7580 	7677
f 7526 	6087 	8471
f 7247 	7295 	7296
f 7527 	3446 	7528
f 7548 	7960 	7547
f 3462 	7527 	7526
f 9237 	7528 	3446
f 6643 	7550 	7231
f 7549 	7550 	6643
f 7549 	6643 	7547
f 7553 	7530 	9274
f 9254 	9274 	7530
f 6643 	7554 	7548
f 6643 	7548 	7547
f 7552 	7551 	7538
f 7552 	7538 	7541
f 1929 	1919 	6548
f 7530 	7553 	7552
f 7530 	7552 	7541
f 6149 	6148 	7500
f 7467 	7427 	7850
f 7427 	7426 	7850
f 7850 	7852 	7467
f 7470 	7467 	7852
f 7535 	7494 	7849
f 7536 	7498 	7535
f 7426 	7425 	7534
f 7533 	7534 	7425
f 7531 	7532 	7422
f 7422 	7420 	7531
f 7420 	7419 	7529
f 7310 	6149 	7500
f 1877 	1878 	8405
f 8404 	8403 	1877
f 7557 	1877 	8403
f 8403 	8400 	7557
f 8405 	8404 	1877
f 1799 	8405 	1878
f 7555 	1799 	8435
f 2601 	2740 	2603
f 7469 	7472 	6138
f 7861 	7444 	7860
f 7865 	7454 	7864
f 7505 	7504 	7867
f 1841 	2602 	1848
f 2602 	1841 	2601
f 1905 	1872 	2620
f 2620 	2619 	1905
f 2619 	2618 	1911
f 1919 	1911 	2618
f 6548 	1919 	2617
f 7476 	7482 	6141
f 7556 	7557 	7813
f 7805 	7557 	7556
f 7558 	7387 	7522
f 7434 	7432 	7525
f 7432 	7431 	7524
f 7523 	7524 	7431
f 7448 	7863 	7451
f 7557 	8191 	7560
f 7557 	7560 	8209
f 7557 	8209 	8207
f 7557 	8207 	8205
f 8205 	8202 	7557
f 8200 	7385 	8201
f 7379 	7400 	7509
f 7562 	7414 	7511
f 7529 	7419 	7563
f 7508 	7509 	7400
f 7400 	7396 	7508
f 7396 	7394 	7512
f 7561 	7512 	7394
f 7394 	7392 	7561
f 7386 	7522 	7387
f 7387 	7558 	7390
f 6146 	7495 	7497
f 7512 	7508 	7396
f 7566 	7570 	7565
f 7567 	7570 	7566
f 7568 	7592 	7567
f 7569 	7592 	7568
f 7564 	7565 	7570
f 7575 	7583 	7570
f 7577 	7581 	7575
f 7579 	7581 	7577
f 7583 	7575 	7581
f 7564 	7570 	7583
f 6148 	7497 	7499
f 7572 	7573 	7677
f 7580 	7582 	7677
f 7582 	7759 	7677
f 7678 	7677 	7759
f 7679 	7678 	7759
f 7588 	7679 	7759
f 7589 	7588 	7759
f 7582 	7539 	7759
f 7540 	7759 	7539
f 7499 	7500 	6148
f 3476 	4041 	7735
f 7586 	7587 	7592
f 7587 	7624 	7592
f 6414 	6416 	8418
f 7383 	7521 	7386
f 4025 	4026 	7677
f 7594 	7567 	7593
f 7592 	7593 	7567
f 7569 	7585 	7592
f 7570 	7567 	7594
f 7592 	7626 	7591
f 7627 	7628 	7591
f 6139 	6138 	7472
f 6139 	7472 	6140
f 7476 	6140 	7472
f 7596 	7600 	7599
f 7590 	7613 	7596
f 7598 	7599 	7601
f 7601 	7599 	7600
f 7597 	7598 	7601
f 7597 	7601 	7602
f 7597 	7602 	7603
f 7597 	7603 	7605
f 7597 	7605 	7606
f 6141 	6140 	7476
f 7610 	7014 	7607
f 7600 	7596 	7609
f 7609 	7596 	7608
f 7616 	7618 	7590
f 7611 	7612 	7590
f 7612 	7613 	7590
f 7614 	7596 	7613
f 7608 	7596 	7614
f 6141 	7482 	7485
f 7446 	7006 	7610
f 7318 	7260 	7317
f 6143 	7485 	7489
f 7619 	7342 	7617
f 7621 	7343 	7619
f 7342 	7348 	7617
f 7489 	7491 	6143
f 6144 	6143 	7491
f 7620 	7590 	7618
f 7622 	7590 	7620
f 7611 	7590 	7622
f 7585 	7586 	7592
f 7624 	7625 	7592
f 7625 	7626 	7592
f 7627 	7591 	7626
f 7628 	7629 	7591
f 7629 	7630 	7591
f 7630 	7631 	7591
f 7631 	7616 	7591
f 7590 	7591 	7616
f 6144 	7491 	6145
f 7492 	6145 	7491
f 7495 	6146 	7492
f 7633 	7369 	7632
f 7455 	7703 	7458
f 7636 	8673 	7635
f 7637 	8673 	7636
f 7635 	8673 	7634
f 6147 	6146 	7497
f 7567 	7935 	7568
f 7635 	7638 	7639
f 7635 	7639 	7636
f 6148 	6147 	7497
f 7935 	7569 	7568
f 7639 	7640 	7637
f 7639 	7637 	7636
f 7644 	7376 	7643
f 7645 	7334 	7644
f 7646 	7335 	7645
f 7647 	7336 	7646
f 7648 	7337 	7647
f 7649 	7338 	7648
f 7376 	7375 	7643
f 7375 	7374 	7642
f 7651 	7652 	7371
f 7652 	7653 	7373
f 7374 	7373 	7653
f 7642 	7374 	7653
f 7545 	7546 	7677
f 7939 	7940 	7575
f 7615 	7617 	7348
f 7621 	7748 	7344
f 7348 	7347 	7615
f 7623 	7615 	7347
f 7595 	7759 	7657
f 7658 	7657 	7755
f 7659 	7658 	7755
f 7485 	6142 	6141
f 7656 	7340 	7650
f 7650 	7339 	7649
f 7660 	7659 	7755
f 7661 	7660 	7755
f 6143 	6142 	7485
f 7662 	7661 	7755
f 7334 	7645 	7335
f 7338 	7649 	7339
f 7335 	7646 	7336
f 7654 	7755 	7663
f 7336 	7647 	7337
f 7339 	7650 	7340
f 6145 	7492 	6146
f 7337 	7648 	7338
f 7664 	7757 	7665
f 7666 	7665 	7757
f 7666 	7757 	7667
f 7340 	7656 	7341
f 7668 	7757 	7669
f 7667 	7757 	7668
f 6149 	7310 	6078
f 7656 	7623 	7341
f 7669 	7757 	7670
f 7342 	7619 	7343
f 7343 	7621 	7344
f 7671 	4005 	7672
f 7748 	7750 	7345
f 7469 	8212 	7472
f 7472 	8212 	7476
f 7672 	4005 	7673
f 7673 	4005 	7675
f 7641 	7638 	7635
f 7641 	7635 	7634
f 7347 	7341 	7623
f 4010 	4011 	7676
f 4024 	4025 	7677
f 7381 	7519 	7382
f 7638 	7641 	8711
f 7639 	7638 	8711
f 7464 	7706 	7358
f 7651 	7371 	7633
f 7358 	7697 	7360
f 7382 	7520 	7383
f 7641 	9309 	8713
f 7326 	7327 	7269
f 7360 	7698 	7361
f 7559 	7392 	7390
f 7327 	7280 	7269
f 7361 	7699 	7363
f 7363 	7700 	7365
f 7559 	7561 	7392
f 7365 	7632 	7369
f 7369 	7633 	7371
f 7373 	7371 	7652
f 7421 	9255 	7674
f 7642 	7643 	7375
f 7380 	7511 	7414
f 7562 	7563 	7417
f 7376 	7644 	7334
f 7313 	7256 	7311
f 7414 	7562 	7417
f 7529 	7531 	7420
f 7417 	7563 	7419
f 7687 	7710 	7686
f 7446 	7610 	7762
f 7704 	7705 	7461
f 7708 	7709 	7689
f 7699 	7361 	7698
f 7763 	7764 	7449
f 7452 	7702 	7455
f 7692 	7710 	7687
f 7688 	7689 	7709
f 7686 	7711 	8489
f 7458 	7704 	7461
f 7424 	7422 	7532
f 7461 	7705 	7464
f 7707 	7708 	7693
f 7690 	7707 	7693
f 7683 	4044 	7694
f 7700 	7363 	7699
f 7632 	7365 	7700
f 7698 	7360 	7697
f 7706 	7464 	7705
f 7697 	7358 	7706
f 7696 	4044 	7701
f 7701 	4005 	7671
f 7670 	7757 	7713
f 7711 	7686 	7710
f 7709 	7710 	7692
f 7692 	7688 	7709
f 7712 	8480 	7711
f 7714 	8479 	7712
f 7715 	8477 	7714
f 7716 	8484 	7715
f 7717 	8474 	7716
f 7689 	7693 	7708
f 7707 	7690 	7691
f 7758 	7685 	7691
f 7707 	7691 	7685
f 7488 	6931 	7720
f 8471 	6085 	8470
f 7468 	7355 	7727
f 7355 	7354 	7727
f 7727 	7728 	7468
f 7471 	7468 	7728
f 7729 	7471 	7728
f 7726 	7727 	7354
f 7730 	7475 	7729
f 7731 	7479 	7730
f 7732 	7484 	7731
f 7733 	7487 	7732
f 7734 	7604 	7733
f 7761 	7607 	7734
f 7354 	7352 	7726
f 7724 	7726 	7352
f 7684 	7749 	7746
f 6933 	6935 	7720
f 7741 	7746 	7749
f 7745 	7746 	7741
f 4041 	4043 	7742
f 7345 	7344 	7748
f 7752 	7749 	7684
f 7744 	7743 	4043
f 7753 	7751 	4043
f 7751 	7747 	4043
f 7750 	7721 	7346
f 7721 	7722 	7349
f 7346 	7345 	7750
f 7349 	7346 	7721
f 7695 	4044 	7696
f 7694 	4044 	7695
f 7682 	4044 	7683
f 7681 	4044 	7682
f 7680 	4043 	7681
f 7680 	7753 	4043
f 3995 	7676 	4005
f 7685 	7758 	7684
f 7684 	7754 	7752
f 7350 	7349 	7722
f 7722 	7723 	7350
f 7747 	7744 	4043
f 7743 	7742 	4043
f 6932 	6933 	7720
f 6931 	6932 	7720
f 7719 	7757 	7720
f 7664 	7663 	7757
f 7755 	7757 	7663
f 7755 	7654 	7655
f 7655 	7662 	7755
f 7589 	7759 	7595
f 7351 	7350 	7723
f 7723 	7724 	7351
f 7532 	7533 	7424
f 7719 	7713 	7757
f 7352 	7351 	7724
f 7546 	7571 	7677
f 7544 	7545 	7677
f 4026 	7542 	7677
f 4011 	4012 	7676
f 4009 	4010 	7676
f 4007 	4009 	7676
f 7675 	4005 	7676
f 7515 	7523 	7431
f 7471 	7729 	7475
f 7487 	7733 	7604
f 7475 	7730 	7479
f 7429 	7515 	7431
f 7571 	7572 	7677
f 7540 	7584 	7759
f 7584 	7760 	7759
f 7760 	2435 	7759
f 2497 	7759 	2435
f 7479 	7731 	7484
f 7762 	7763 	7446
f 7484 	7732 	7487
f 7704 	7458 	7703
f 7559 	7390 	7558
f 7524 	7525 	7432
f 7604 	7734 	7607
f 7438 	7518 	7381
f 7607 	7761 	7610
f 7504 	7503 	7855
f 7855 	7867 	7504
f 7761 	7762 	7610
f 7449 	7446 	7763
f 7740 	7739 	4041
f 7443 	7860 	7444
f 7444 	7861 	7445
f 7702 	7452 	7764
f 7449 	7764 	7452
f 7703 	7455 	7702
f 4937 	6781 	7765
f 7445 	7862 	7448
f 7454 	7865 	7457
f 2893 	7757 	2492
f 7451 	7864 	7454
f 7317 	7259 	7316
f 7317 	7260 	7259
f 7754 	7684 	7756
f 7758 	7756 	7684
f 7262 	7319 	7320
f 7262 	7320 	7321
f 7767 	7766 	8212
f 4211 	7685 	7684
f 7768 	7767 	8212
f 7769 	7768 	8212
f 4214 	7707 	7685
f 7770 	7769 	8212
f 6949 	4031 	7725
f 7739 	7735 	4041
f 4032 	4033 	7725
f 4031 	4032 	7725
f 4216 	7710 	7709
f 7742 	7740 	4041
f 7328 	7925 	7771
f 7714 	7712 	4217
f 7617 	4937 	7765
f 7617 	7765 	7619
f 7775 	7776 	7774
f 7865 	7513 	7457
f 7460 	7514 	7429
f 6907 	7777 	6779
f 7765 	6779 	7777
f 7828 	1875 	7831
f 7774 	4219 	4220
f 7774 	4220 	7775
f 7765 	7777 	7621
f 7765 	7621 	7619
f 7425 	7424 	7533
f 7777 	7821 	7621
f 5734 	8542 	5730
f 7774 	7859 	4219
f 7802 	6784 	7778
f 7792 	4221 	7793
f 4938 	4937 	6784
f 7792 	7791 	4221
f 4221 	6784 	7799
f 7778 	6784 	7779
f 7779 	6784 	4937
f 7219 	7271 	7272
f 7778 	7779 	7615
f 7778 	7615 	7623
f 7488 	7720 	7757
f 7779 	4937 	7617
f 7779 	7617 	7615
f 7274 	7222 	7221
f 7780 	7385 	7781
f 7781 	7385 	7782
f 7780 	7781 	7633
f 7780 	7633 	7632
f 7651 	7633 	7782
f 7781 	7782 	7633
f 7224 	7275 	7225
f 7782 	7385 	7783
f 7784 	6303 	7757
f 4033 	4034 	7725
f 2893 	7784 	7757
f 7488 	7757 	6303
f 7225 	7277 	7278
f 7782 	7783 	7652
f 7782 	7652 	7651
f 7783 	7385 	7786
f 4222 	7786 	7385
f 7229 	7226 	7279
f 7783 	7786 	7653
f 7783 	7653 	7652
f 7582 	7787 	7539
f 7787 	7785 	7540
f 7787 	7540 	7539
f 7786 	4222 	7642
f 7786 	7642 	7653
f 4222 	7385 	7788
f 7788 	7643 	7642
f 7788 	7642 	4222
f 7760 	7794 	2435
f 7788 	7385 	7789
f 7789 	4221 	7790
f 7789 	7644 	7643
f 7789 	7643 	7788
f 7281 	7232 	7280
f 7790 	7645 	7644
f 7790 	7644 	7789
f 7281 	7282 	7232
f 7790 	4221 	7791
f 7791 	7646 	7645
f 7791 	7645 	7790
f 7283 	7234 	7233
f 7793 	4221 	7795
f 3184 	2319 	7794
f 7792 	7647 	7646
f 7792 	7646 	7791
f 7799 	6784 	7802
f 7793 	7648 	7647
f 7793 	7647 	7792
f 6160 	8629 	6277
f 6277 	8629 	6275
f 7546 	7796 	7571
f 7630 	8007 	7631
f 7793 	7795 	7649
f 7793 	7649 	7648
f 7544 	7797 	7798
f 7544 	7798 	7545
f 7795 	4221 	7799
f 7542 	7800 	7801
f 7542 	7801 	7543
f 8007 	7616 	7631
f 7546 	7545 	7798
f 7546 	7798 	7796
f 7795 	7799 	7650
f 7795 	7650 	7649
f 7544 	7543 	7801
f 7544 	7801 	7797
f 7276 	7223 	7287
f 7542 	4026 	7800
f 7656 	7650 	7802
f 7799 	7802 	7650
f 7288 	7239 	7274
f 6272 	8629 	6274
f 7798 	7797 	8629
f 6274 	8629 	7800
f 7797 	7801 	8629
f 7800 	8629 	7801
f 7802 	7778 	7623
f 7802 	7623 	7656
f 7288 	7289 	7239
f 7804 	7584 	7785
f 7540 	7785 	7584
f 7803 	7702 	7764
f 7290 	7241 	7240
f 7932 	7566 	7931
f 7565 	7931 	7566
f 7803 	7557 	7805
f 7787 	7582 	7806
f 7803 	7805 	7703
f 7803 	7703 	7702
f 7932 	7567 	7566
f 7578 	7807 	7808
f 7578 	7808 	7580
f 7772 	7771 	7925
f 7574 	7810 	7811
f 7574 	7811 	7576
f 7805 	7556 	7704
f 7805 	7704 	7703
f 7773 	7925 	7809
f 7809 	7925 	7766
f 7557 	8202 	7816
f 7572 	7812 	7814
f 7572 	7814 	7573
f 7704 	7556 	7813
f 7704 	7813 	7705
f 7796 	7815 	7571
f 7813 	7557 	7816
f 7582 	7580 	7808
f 7582 	7808 	7806
f 7569 	7937 	7585
f 7813 	7816 	7706
f 7813 	7706 	7705
f 7578 	7576 	7811
f 7578 	7811 	7807
f 7819 	7818 	7385
f 7816 	7817 	7697
f 7816 	7697 	7706
f 7574 	7573 	7814
f 7574 	7814 	7810
f 7817 	8202 	7818
f 7572 	7571 	7815
f 7572 	7815 	7812
f 7818 	7698 	7697
f 7818 	7697 	7817
f 7939 	7575 	7570
f 6717 	7466 	8557
f 8202 	7385 	7818
f 7819 	7699 	7698
f 7819 	7698 	7818
f 7577 	7575 	7940
f 7819 	7385 	7820
f 7808 	7807 	8629
f 6275 	8629 	6276
f 7807 	7811 	8629
f 7811 	7810 	8629
f 7810 	7814 	8629
f 7814 	7812 	8629
f 7812 	7815 	8629
f 7815 	7796 	8629
f 7796 	7798 	8629
f 7806 	7808 	8629
f 7787 	7806 	8629
f 7785 	7787 	8629
f 7577 	7940 	7579
f 7941 	7579 	7940
f 7820 	7700 	7699
f 7820 	7699 	7819
f 7291 	7242 	7290
f 7241 	7290 	7242
f 7584 	7804 	7794
f 7584 	7794 	7760
f 7820 	7385 	7780
f 7941 	7581 	7579
f 7291 	7292 	7242
f 7632 	7700 	7820
f 7632 	7820 	7780
f 7583 	7581 	7946
f 7243 	7292 	7293
f 7777 	6907 	7821
f 7946 	7564 	7583
f 7821 	7748 	7621
f 7294 	7245 	7293
f 7821 	6905 	7825
f 7565 	7564 	7931
f 6905 	7821 	6907
f 7245 	7294 	7295
f 7823 	7824 	8629
f 7821 	7825 	7748
f 7950 	7955 	7585
f 7748 	7825 	7750
f 7586 	7955 	7587
f 7825 	1875 	7828
f 7247 	7296 	7297
f 7825 	7828 	7721
f 7825 	7721 	7750
f 7830 	8601 	7829
f 7248 	7297 	7249
f 7824 	7829 	8629
f 7828 	7831 	7722
f 7828 	7722 	7721
f 7833 	8601 	7832
f 7298 	7302 	7249
f 7835 	8601 	7833
f 7832 	8601 	7830
f 7831 	7834 	7723
f 7831 	7723 	7722
f 7836 	8601 	7835
f 7961 	7591 	7590
f 7834 	7831 	1875
f 7826 	8601 	7836
f 7834 	7837 	7724
f 7834 	7724 	7723
f 7591 	7961 	7592
f 7837 	7834 	1875
f 7837 	7839 	7726
f 7837 	7726 	7724
f 7964 	7594 	7963
f 7593 	7963 	7594
f 7839 	7837 	1875
f 7470 	7853 	7474
f 7501 	7498 	7536
f 7839 	7841 	7727
f 7839 	7727 	7726
f 7570 	7594 	7964
f 7474 	7848 	7478
f 7841 	7839 	1875
f 1875 	1876 	7841
f 7841 	7842 	7728
f 7841 	7728 	7727
f 7478 	7849 	7494
f 7842 	2641 	7729
f 7842 	7729 	7728
f 7494 	7535 	7498
f 2641 	1877 	7843
f 7845 	7844 	1877
f 7729 	2641 	7843
f 7729 	7843 	7730
f 7843 	1877 	7844
f 7536 	7537 	7501
f 7256 	7313 	7315
f 7502 	7501 	7537
f 7843 	7844 	7731
f 7843 	7731 	7730
f 7716 	7775 	7717
f 7776 	7775 	7716
f 7845 	1877 	7846
f 7466 	7465 	8557
f 7537 	7854 	7502
f 7844 	7845 	7732
f 7844 	7732 	7731
f 7503 	7502 	7854
f 7845 	7846 	7733
f 7845 	7733 	7732
f 4220 	4223 	7775
f 7717 	7775 	4223
f 7771 	7772 	6220
f 7854 	7855 	7503
f 7846 	7847 	7734
f 7846 	7734 	7733
f 6220 	7772 	7773
f 7736 	4225 	4226
f 7736 	4226 	7737
f 7847 	7851 	7761
f 7847 	7761 	7734
f 7708 	4227 	7709
f 7849 	7478 	7848
f 7853 	7470 	7852
f 7534 	7850 	7426
f 7848 	7474 	7853
f 1877 	7557 	7846
f 7847 	7846 	7557
f 7856 	7851 	7557
f 6193 	7809 	7766
f 7868 	7869 	7507
f 7507 	7505 	7868
f 4217 	7712 	4228
f 7711 	4228 	7712
f 8562 	7481 	7477
f 6193 	7766 	7767
f 7847 	7557 	7851
f 7856 	7557 	7866
f 7776 	7857 	7858
f 7776 	7858 	7859
f 7776 	7859 	7774
f 7851 	7856 	7762
f 7851 	7762 	7761
f 7557 	7872 	7866
f 6205 	7768 	7769
f 7862 	7445 	7861
f 7863 	7448 	7862
f 7864 	7451 	7863
f 7457 	7513 	7460
f 7514 	7460 	7513
f 7515 	7429 	7514
f 7867 	7868 	7505
f 7441 	7507 	7869
f 7869 	7870 	7441
f 7443 	7441 	7870
f 7860 	7443 	7870
f 7763 	7762 	7866
f 7856 	7866 	7762
f 6205 	7769 	7770
f 7914 	7107 	7933
f 7803 	7872 	7557
f 7872 	7764 	7866
f 7764 	7763 	7866
f 7493 	8568 	8577
f 7776 	7716 	7857
f 7715 	7857 	7716
f 7764 	7872 	7803
f 7876 	7877 	8602
f 7879 	7900 	8602
f 7969 	7605 	7603
f 7880 	1798 	7878
f 7900 	7901 	8602
f 1798 	7880 	1799
f 7605 	7969 	7606
f 7975 	7597 	7606
f 7875 	7876 	8602
f 6424 	6434 	7881
f 6435 	6437 	7881
f 7597 	7975 	7598
f 6164 	6163 	8629
f 6163 	6166 	8629
f 6257 	6162 	8629
f 7888 	8629 	7887
f 7321 	7263 	7262
f 7509 	6173 	7871
f 7509 	7871 	7510
f 7263 	7321 	7322
f 7890 	8629 	7889
f 7992 	7614 	7613
f 7822 	8629 	7890
f 7992 	7994 	7614
f 7608 	7614 	7994
f 7718 	4225 	7736
f 7892 	6157 	7891
f 7608 	7994 	7609
f 7995 	7609 	7994
f 7738 	4234 	4647
f 7267 	7266 	7325
f 7708 	7707 	4227
f 4214 	4227 	7707
f 7267 	7325 	7326
f 7898 	6158 	7897
f 7711 	7710 	4228
f 4216 	4228 	7710
f 7882 	6171 	7898
f 7896 	7897 	6158
f 8839 	7899 	7881
f 7963 	7593 	7592
f 7901 	7902 	8602
f 7899 	6723 	7881
f 7506 	8602 	7902
f 4223 	4233 	7717
f 7884 	6756 	7903
f 7469 	6138 	7770
f 8650 	7884 	8857
f 7903 	8857 	7884
f 8482 	7303 	7301
f 7966 	7601 	7600
f 6773 	8839 	6771
f 7773 	6221 	6220
f 7602 	7601 	7966
f 8839 	8838 	8878
f 6221 	7773 	7809
f 7968 	7603 	7602
f 6723 	6765 	6725
f 6765 	7899 	6773
f 7912 	6157 	7911
f 7969 	7603 	7968
f 8839 	6773 	7899
f 7972 	7606 	7969
f 7871 	7914 	7511
f 7871 	7511 	7510
f 7975 	7606 	7972
f 7768 	6204 	7767
f 6204 	7768 	6205
f 7977 	7598 	7975
f 7927 	7926 	8160
f 7023 	7022 	8006
f 7598 	7977 	7599
f 7979 	7599 	7977
f 6823 	8857 	6822
f 7979 	7959 	7599
f 7022 	7130 	8006
f 6756 	6820 	7903
f 6088 	7328 	7771
f 7915 	7916 	7508
f 7915 	7508 	7512
f 7130 	7126 	8006
f 7916 	6173 	7509
f 7916 	7509 	7508
f 7986 	7612 	7611
f 7917 	8159 	7918
f 7919 	7918 	8159
f 7613 	7612 	7986
f 8095 	7917 	7513
f 7917 	7918 	7514
f 7917 	7514 	7513
f 6058 	6958 	6946
f 7767 	6201 	6193
f 6926 	2023 	2575
f 7918 	7919 	7515
f 7918 	7515 	7514
f 6204 	6201 	7767
f 7600 	7609 	7995
f 6280 	6281 	7069
f 7523 	7515 	7920
f 7919 	7920 	7515
f 7587 	7956 	7624
f 7770 	6206 	6205
f 7136 	7135 	7271
f 7625 	7624 	7998
f 7997 	7998 	7624
f 7920 	7921 	7524
f 7920 	7524 	7523
f 6206 	7770 	6138
f 7625 	7998 	7626
f 8000 	7626 	7998
f 6219 	6088 	7771
f 7921 	7922 	7525
f 7921 	7525 	7524
f 6219 	7771 	6220
f 8000 	7627 	7626
f 7922 	5363 	7516
f 7922 	7516 	7525
f 7628 	7627 	8003
f 5363 	8159 	7923
f 6221 	7809 	6227
f 7923 	7517 	7516
f 7923 	7516 	5363
f 7629 	7628 	8004
f 8003 	8004 	7628
f 6227 	7809 	6193
f 7924 	7923 	8160
f 8004 	7630 	7629
f 7924 	7518 	7517
f 7924 	7517 	7923
f 7926 	7519 	7518
f 7926 	7518 	7924
f 8212 	7766 	7925
f 7773 	7772 	7925
f 8212 	7925 	6232
f 8212 	6232 	6233
f 7926 	7924 	8160
f 7927 	7520 	7519
f 7927 	7519 	7926
f 7618 	7616 	8011
f 7770 	8212 	7469
f 7927 	8160 	7928
f 7928 	7521 	7520
f 7928 	7520 	7927
f 8011 	7620 	7618
f 7928 	8160 	7929
f 7620 	8013 	7622
f 7930 	6961 	6375
f 7929 	7522 	7521
f 7929 	7521 	7928
f 7611 	7622 	8014
f 4988 	6375 	6961
f 7933 	7107 	7974
f 7315 	7257 	7256
f 6396 	6047 	6397
f 7909 	6157 	7908
f 7258 	7315 	7316
f 7567 	7932 	7934
f 6397 	6047 	7936
f 7913 	6157 	7912
f 7891 	6157 	7913
f 7934 	7935 	7567
f 7316 	7259 	7258
f 7935 	7937 	7569
f 7950 	7585 	7937
f 7260 	7318 	7319
f 7938 	7570 	7964
f 3309 	3804 	6950
f 3294 	3804 	3309
f 2010 	6061 	3294
f 6061 	3804 	3294
f 7938 	7939 	7570
f 6375 	6771 	7930
f 6397 	7936 	6823
f 7738 	7737 	4234
f 4226 	4234 	7737
f 7322 	7264 	7263
f 6061 	2010 	6926
f 7941 	7942 	7581
f 6926 	2575 	6062
f 3144 	6062 	2575
f 7323 	7265 	7322
f 7264 	7322 	7265
f 7942 	7946 	7581
f 7948 	7949 	6323
f 6056 	6958 	6058
f 7265 	7323 	7324
f 7946 	7947 	7564
f 7947 	7931 	7564
f 6032 	6045 	7292
f 7293 	7292 	6045
f 7948 	6323 	7945
f 6786 	6323 	7951
f 7954 	6786 	7953
f 7586 	7585 	7955
f 7956 	7587 	7955
f 6269 	7958 	6270
f 7957 	6270 	7958
f 7958 	6038 	6037
f 7958 	6037 	7957
f 7596 	7599 	7959
f 7666 	7874 	7873
f 7686 	7954 	7953
f 7686 	7953 	7687
f 7590 	7596 	7960
f 7959 	7960 	7596
f 7666 	7667 	7874
f 7219 	7272 	7220
f 7590 	7960 	7961
f 7221 	7220 	7272
f 7688 	7951 	7949
f 7688 	7949 	7689
f 7592 	7961 	7962
f 7274 	7239 	7222
f 6038 	7936 	6035
f 7958 	6269 	7936
f 6269 	6279 	7936
f 7963 	7592 	7962
f 7690 	7945 	7944
f 7690 	7944 	7691
f 6038 	7958 	7936
f 7276 	7224 	7223
f 6047 	6394 	4776
f 6035 	7936 	6039
f 7686 	8511 	7954
f 7692 	7952 	7951
f 7692 	7951 	7688
f 7965 	7600 	7995
f 7278 	7226 	7225
f 7965 	7966 	7600
f 7278 	7279 	7226
f 3202 	6950 	3804
f 7693 	7948 	7945
f 7693 	7945 	7690
f 4988 	6961 	6056
f 7602 	7966 	7967
f 6058 	6950 	3202
f 7279 	7219 	7229
f 6022 	6056 	6058
f 6022 	6058 	6018
f 7967 	7968 	7602
f 7687 	7953 	7952
f 7687 	7952 	7692
f 7689 	7949 	7948
f 7689 	7948 	7693
f 7914 	7933 	7562
f 7914 	7562 	7511
f 7230 	7280 	7232
f 7970 	8501 	7976
f 7933 	7974 	7563
f 7933 	7563 	7562
f 7974 	7107 	7978
f 7976 	7973 	7971
f 7976 	7971 	7970
f 7691 	7944 	7943
f 7943 	7758 	7691
f 7234 	7283 	7284
f 7234 	7284 	7235
f 7974 	7978 	7529
f 7974 	7529 	7563
f 8501 	2133 	7976
f 7285 	7236 	7284
f 7235 	7284 	7236
f 7978 	7980 	7531
f 7978 	7531 	7529
f 7981 	7611 	8014
f 7236 	7285 	7286
f 7236 	7286 	7237
f 2225 	3167 	7984
f 7984 	3167 	7983
f 7981 	7986 	7611
f 7980 	7985 	7532
f 7980 	7532 	7531
f 2224 	2225 	7987
f 7984 	7987 	2225
f 7287 	7238 	7286
f 7237 	7286 	7238
f 7982 	3184 	7990
f 7982 	7990 	7983
f 7613 	7986 	7989
f 7238 	7287 	7223
f 7990 	7987 	7984
f 7990 	7984 	7983
f 7989 	7992 	7613
f 7985 	7991 	7533
f 7985 	7533 	7532
f 7985 	1880 	7991
f 7990 	3166 	7987
f 3184 	3166 	7990
f 7991 	7993 	7534
f 7991 	7534 	7533
f 7997 	7624 	7956
f 7996 	7535 	7849
f 7996 	1880 	7999
f 7293 	7244 	7243
f 7996 	7999 	7536
f 7996 	7536 	7535
f 7245 	7244 	7293
f 8000 	8002 	7627
f 7295 	7246 	7245
f 7999 	8001 	7537
f 7999 	7537 	7536
f 8002 	8003 	7627
f 7247 	7246 	7295
f 2135 	4998 	4777
f 7297 	7248 	7247
f 7630 	8004 	8005
f 7929 	8160 	8006
f 8160 	7024 	8006
f 7745 	4293 	7746
f 7298 	7249 	7297
f 8005 	8007 	7630
f 4777 	8008 	2135
f 7558 	7522 	8006
f 7929 	8006 	7522
f 7302 	7250 	7249
f 7982 	2319 	3184
f 8007 	8010 	7616
f 8006 	8009 	7559
f 8006 	7559 	7558
f 8010 	8011 	7616
f 7250 	7302 	7251
f 7304 	7251 	7302
f 8011 	8013 	7620
f 7251 	7304 	7252
f 7305 	7252 	7304
f 7561 	7559 	8012
f 8009 	8012 	7559
f 7024 	7023 	8006
f 8014 	7622 	8013
f 7307 	7253 	7252
f 7307 	7252 	7305
f 8012 	7915 	7512
f 8012 	7512 	7561
f 7309 	7254 	7307
f 7253 	7307 	7254
f 7254 	7309 	7255
f 7311 	7255 	7309
f 7993 	7991 	1880
f 8019 	7993 	1880
f 7978 	7107 	7980
f 7850 	7534 	8019
f 7993 	8019 	7534
f 7311 	7256 	7255
f 8023 	7940 	8022
f 8021 	8022 	7939
f 8020 	8021 	7938
f 7939 	7938 	8021
f 8019 	1880 	8026
f 8019 	8026 	7852
f 8019 	7852 	7850
f 6970 	8026 	1880
f 8026 	6970 	7853
f 8026 	7853 	7852
f 6970 	1880 	8041
f 7258 	7257 	7315
f 7853 	6970 	8041
f 7853 	8041 	7848
f 8031 	2132 	8029
f 8028 	8029 	2132
f 8033 	2132 	8031
f 8035 	2132 	8033
f 8037 	2132 	8035
f 8038 	2132 	8037
f 8039 	2132 	8038
f 8040 	2132 	8039
f 8042 	2132 	8040
f 8043 	2132 	8042
f 8048 	2132 	8043
f 8017 	8018 	2132
f 8027 	2132 	8018
f 7932 	7931 	8034
f 8036 	7932 	8034
f 8172 	7934 	8036
f 8032 	8034 	7931
f 8030 	8032 	7947
f 8046 	7942 	8045
f 8045 	7941 	8023
f 8041 	1880 	8047
f 8001 	7999 	1880
f 8041 	8047 	7849
f 8041 	7849 	7848
f 7931 	7947 	8032
f 8047 	1880 	7996
f 7746 	4293 	7684
f 7932 	8036 	7934
f 8047 	7996 	7849
f 8052 	2132 	8051
f 8051 	2132 	8050
f 8050 	2132 	8049
f 8053 	2132 	8052
f 8054 	2132 	8053
f 8055 	2132 	8054
f 7260 	7319 	7261
f 7756 	4487 	7754
f 7934 	8172 	7935
f 7261 	7319 	7262
f 4487 	4456 	7754
f 1880 	5150 	8001
f 8056 	8001 	5150
f 8172 	8173 	7935
f 7854 	7537 	8056
f 8001 	8056 	7537
f 8060 	8064 	1978
f 8059 	8060 	1978
f 8064 	8065 	1978
f 8065 	8015 	1978
f 8056 	5150 	8061
f 8056 	8061 	7855
f 8056 	7855 	7854
f 8061 	5150 	8063
f 8015 	8016 	1978
f 8016 	8062 	1978
f 7939 	8022 	7940
f 8025 	8020 	7964
f 7963 	7962 	8024
f 7867 	7855 	8063
f 8061 	8063 	7855
f 8063 	5150 	8067
f 7324 	7266 	7265
f 7938 	7964 	8020
f 8063 	8067 	7868
f 8063 	7868 	7867
f 7941 	8045 	7942
f 7324 	7325 	7266
f 8044 	1896 	8066
f 8058 	1978 	8057
f 2003 	1978 	8062
f 7940 	8023 	7941
f 7267 	7326 	7268
f 8067 	8069 	7869
f 8067 	7869 	7868
f 8049 	2132 	8048
f 7952 	7953 	6786
f 7951 	7952 	6786
f 8069 	8067 	5147
f 8030 	7946 	8046
f 7326 	7269 	7268
f 8069 	8070 	7870
f 8069 	7870 	7869
f 7942 	8046 	7946
f 8513 	6786 	8511
f 8074 	8077 	2132
f 8073 	8074 	2132
f 8071 	2132 	8055
f 7280 	7230 	7269
f 8070 	4522 	7860
f 8070 	7860 	7870
f 7946 	8030 	7947
f 8070 	8069 	5146
f 8075 	7861 	7860
f 8075 	7860 	4522
f 8076 	2132 	7971
f 8077 	8078 	2132
f 8078 	8079 	2132
f 8079 	8080 	2132
f 8080 	8081 	2132
f 8083 	2132 	8081
f 7970 	2132 	8083
f 7971 	2132 	7970
f 5146 	5145 	8070
f 7322 	7321 	3072
f 7309 	3197 	7311
f 7309 	7307 	3197
f 8082 	7862 	7861
f 8082 	7861 	8075
f 8084 	7975 	1941
f 1941 	7972 	1936
f 4522 	8070 	5145
f 7917 	8095 	8159
f 8085 	7863 	7862
f 8085 	7862 	8082
f 9116 	7111 	7284
f 3070 	3065 	7323
f 3072 	3070 	7322
f 5145 	4519 	4522
f 8090 	7864 	7863
f 8090 	7863 	8085
f 7959 	7547 	7960
f 8093 	7977 	8092
f 7959 	7979 	7549
f 7547 	7959 	7549
f 8091 	8088 	2120
f 8082 	8075 	5144
f 7278 	7277 	7142
f 7154 	7139 	7278
f 7092 	7142 	7277
f 7277 	7275 	7103
f 7286 	7285 	7100
f 7111 	7100 	7285
f 7285 	7284 	7111
f 8095 	7865 	7864
f 8095 	7864 	8090
f 8096 	8094 	2120
f 7291 	7290 	6037
f 6037 	6036 	7291
f 7957 	6037 	7290
f 6270 	7957 	7290
f 6278 	6270 	7290
f 7289 	6278 	7290
f 7513 	7865 	8095
f 8089 	8024 	7962
f 7960 	7548 	7961
f 7548 	8089 	7961
f 8097 	8096 	2120
f 7292 	7291 	6033
f 3954 	4288 	3660
f 5373 	6954 	5385
f 6886 	8160 	6888
f 8099 	8098 	2121
f 8100 	8099 	2121
f 8101 	8100 	2121
f 8102 	8101 	2121
f 3197 	3800 	4194
f 8103 	8102 	2121
f 7311 	4194 	7313
f 8159 	5278 	4335
f 8044 	1804 	1796
f 4194 	3085 	7321
f 1807 	1804 	8044
f 7153 	7136 	7271
f 6040 	6033 	7291
f 6036 	6040 	7291
f 2936 	2902 	9117
f 1810 	1807 	8044
f 8044 	2132 	1810
f 3800 	3140 	4194
f 3357 	5498 	3369
f 1834 	2132 	1839
f 1831 	2132 	1834
f 8475 	8466 	6950
f 8113 	8110 	6950
f 1839 	2132 	1843
f 5464 	5462 	8105
f 8943 	8942 	7246
f 8942 	8941 	7245
f 8108 	8113 	8928
f 8931 	8930 	8113
f 1882 	8066 	1892
f 5462 	5455 	8106
f 8106 	8105 	5462
f 1892 	8066 	1896
f 8044 	1796 	1896
f 8549 	6950 	8556
f 8109 	8107 	5453
f 1843 	2132 	8098
f 5453 	5446 	8109
f 8112 	8109 	5446
f 2120 	1918 	8097
f 5446 	5442 	8112
f 1923 	1918 	2120
f 7945 	6323 	7944
f 5442 	5441 	5390
f 1940 	1935 	2120
f 1935 	1923 	2120
f 3334 	1957 	2120
f 8124 	8150 	8123
f 8123 	8150 	8122
f 8122 	8150 	8121
f 8121 	8150 	8120
f 3334 	3335 	1957
f 8137 	8138 	8136
f 8138 	8139 	8136
f 8124 	8136 	8139
f 8124 	8139 	8140
f 8124 	8140 	8142
f 8124 	8142 	8143
f 8131 	8141 	8130
f 8132 	8141 	8131
f 8133 	8188 	8132
f 8141 	8186 	8130
f 8134 	8188 	8133
f 8135 	8189 	8134
f 8186 	8185 	8130
f 8129 	8130 	8185
f 8128 	8129 	8185
f 7830 	7658 	7832
f 8125 	8183 	8105
f 3335 	3344 	1957
f 8105 	8106 	8126
f 8105 	8126 	8125
f 8024 	8025 	7963
f 7962 	7961 	8089
f 8124 	8145 	8146
f 8124 	8146 	8147
f 8124 	8147 	8148
f 8124 	8148 	8149
f 8124 	8149 	8150
f 8987 	8127 	8150
f 8106 	8107 	8126
f 8128 	8126 	8107
f 2014 	8062 	2020
f 7964 	7963 	8025
f 8107 	8129 	8128
f 8062 	8068 	2020
f 2037 	2020 	8068
f 8154 	8124 	8153
f 8152 	8153 	8124
f 8145 	8124 	8154
f 8151 	8152 	8124
f 8143 	8155 	8124
f 8155 	8156 	8124
f 8156 	8157 	8124
f 8157 	8158 	8124
f 8151 	8124 	8158
f 8092 	7977 	8084
f 2046 	2037 	8068
f 1859 	1899 	7965
f 8066 	1860 	8068
f 2077 	8068 	1857
f 2068 	2053 	8068
f 7966 	1907 	7967
f 8133 	8117 	8134
f 7967 	1915 	7968
f 7968 	1922 	7969
f 8117 	8135 	8134
f 1874 	8066 	1882
f 1870 	8066 	1874
f 1867 	8066 	1870
f 1860 	8066 	1867
f 1857 	8068 	1860
f 2077 	2068 	8068
f 7969 	1936 	7972
f 7972 	1941 	7975
f 8122 	8238 	8123
f 2053 	2046 	8068
f 2014 	2003 	8062
f 8058 	8059 	1978
f 1943 	2120 	1957
f 1940 	2120 	1943
f 3240 	1978 	3239
f 3239 	1978 	3238
f 8238 	8124 	8123
f 8129 	8107 	8109
f 7977 	8093 	7979
f 7975 	8084 	7977
f 8130 	8129 	8112
f 8109 	8112 	8129
f 8093 	7549 	7979
f 8112 	5390 	8131
f 8112 	8131 	8130
f 8094 	8091 	2120
f 8086 	2121 	8088
f 2120 	8088 	2121
f 2121 	8086 	8087
f 8087 	8103 	2121
f 8114 	8132 	5390
f 8131 	5390 	8132
f 8133 	8132 	8116
f 8114 	8116 	8132
f 8116 	8117 	8133
f 7981 	1830 	7986
f 8117 	8118 	8135
f 8118 	8144 	8135
f 8118 	8119 	8144
f 7986 	1836 	7989
f 1846 	1852 	7994
f 8175 	8190 	8119
f 2121 	8098 	2132
f 1831 	1826 	2132
f 8017 	2132 	8044
f 1826 	1819 	2132
f 1819 	1813 	2132
f 1813 	1810 	2132
f 1836 	1840 	7989
f 7992 	7989 	1840
f 1840 	1846 	7992
f 7994 	7992 	1846
f 8027 	8028 	2132
f 8071 	8072 	2132
f 8072 	8073 	2132
f 8076 	8008 	2132
f 4777 	4832 	8008
f 3097 	3096 	5352
f 8162 	1814 	9115
f 2983 	2939 	2151
f 8002 	8000 	8168
f 8000 	7998 	8168
f 8168 	8169 	8002
f 8003 	8002 	8169
f 8170 	8003 	8169
f 8167 	8168 	7998
f 8171 	8004 	8170
f 1793 	8005 	8171
f 1809 	8011 	1795
f 1792 	8007 	1793
f 7998 	7997 	8167
f 8166 	8167 	7997
f 7997 	7956 	8166
f 5118 	5115 	8159
f 5120 	5118 	8159
f 1816 	8013 	1809
f 1820 	8014 	1816
f 2902 	9115 	9117
f 7950 	7937 	8163
f 2221 	3167 	2217
f 2212 	3167 	2221
f 2216 	3167 	2212
f 2207 	3167 	2216
f 2210 	3167 	2207
f 2201 	3167 	2210
f 2205 	3167 	2201
f 2194 	2322 	3167
f 2196 	3167 	2205
f 8270 	8271 	8157
f 7937 	7935 	8173
f 7955 	7950 	8164
f 8173 	8163 	7937
f 8163 	8164 	7950
f 3360 	5501 	3357
f 8164 	8165 	7955
f 2288 	3167 	2276
f 2272 	3167 	2288
f 2270 	3167 	2272
f 2284 	3167 	2270
f 2265 	3167 	2284
f 2264 	3167 	2265
f 2259 	3167 	2264
f 2258 	3167 	2259
f 2253 	2279 	3167
f 2279 	2247 	3167
f 2247 	2155 	3167
f 2155 	2158 	3167
f 2254 	3167 	2258
f 8282 	8154 	8153
f 8105 	8174 	5464
f 8306 	8276 	8174
f 7956 	7955 	8165
f 8165 	8166 	7956
f 8174 	8276 	5464
f 2315 	3167 	2322
f 2318 	3167 	2315
f 2313 	3167 	2318
f 2312 	3167 	2313
f 2306 	3167 	2312
f 2276 	3167 	2306
f 2200 	2194 	3167
f 5390 	8112 	5442
f 8114 	5390 	5441
f 2362 	2350 	3028
f 8120 	8234 	8121
f 8234 	8122 	8121
f 8003 	8170 	8004
f 8011 	8010 	1795
f 8582 	8583 	8178
f 8179 	8582 	8178
f 8180 	8582 	8179
f 8181 	8582 	8180
f 8182 	8582 	8181
f 3385 	3028 	3384
f 2340 	3380 	3028
f 2344 	2340 	3028
f 8122 	8237 	8238
f 8004 	8171 	8005
f 8011 	1809 	8013
f 8005 	1793 	8007
f 2350 	2346 	3028
f 3385 	3386 	3028
f 2143 	2139 	3026
f 2365 	3026 	2139
f 8007 	1792 	8010
f 8178 	8141 	8179
f 8179 	8141 	8180
f 8014 	1820 	7981
f 1792 	1795 	8010
f 2895 	2894 	3167
f 8013 	1816 	8014
f 8249 	8138 	8137
f 2897 	2896 	3167
f 2896 	2895 	3167
f 8249 	8139 	8138
f 2898 	2897 	3167
f 2901 	2898 	3167
f 8126 	8898 	8125
f 8128 	8184 	8126
f 8125 	8867 	8183
f 8140 	8139 	8253
f 1836 	7986 	1830
f 8142 	8140 	8255
f 8253 	8255 	8140
f 2903 	3167 	2906
f 2901 	3167 	2903
f 8255 	8143 	8142
f 2152 	2151 	3167
f 8898 	8126 	8184
f 2906 	3167 	2151
f 8184 	8128 	8185
f 8149 	8259 	8150
f 8258 	8150 	8259
f 2910 	2906 	2151
f 8177 	8176 	8185
f 8184 	8185 	8176
f 8482 	7306 	7303
f 8178 	8177 	8186
f 8185 	8186 	8177
f 8186 	8141 	8178
f 8145 	8262 	8146
f 8263 	8146 	8262
f 2913 	2910 	2151
f 8141 	8132 	8187
f 2916 	2913 	2151
f 8141 	8187 	8180
f 8147 	8146 	8263
f 7873 	7840 	7664
f 2931 	2916 	2151
f 8187 	8132 	8188
f 8181 	8180 	8188
f 8187 	8188 	8180
f 2933 	2931 	2151
f 8259 	8149 	8148
f 8188 	8134 	8189
f 2937 	2933 	2151
f 2983 	2151 	2987
f 8188 	8189 	8182
f 8188 	8182 	8181
f 7669 	7877 	7876
f 2923 	2166 	2990
f 8270 	8157 	8156
f 7669 	7879 	7877
f 8190 	8903 	8144
f 8158 	8157 	8271
f 8271 	8279 	8151
f 8271 	8151 	8158
f 2994 	2166 	2997
f 2997 	2166 	2998
f 8279 	8152 	8151
f 1936 	7969 	1922
f 1830 	7981 	1820
f 7965 	7995 	1859
f 1852 	1859 	7995
f 7966 	7965 	1899
f 7995 	7994 	1852
f 1899 	1907 	7966
f 1915 	7967 	1907
f 1922 	7968 	1915
f 8174 	8105 	8183
f 3002 	2998 	2166
f 8282 	8153 	8152
f 8144 	8119 	8190
f 2166 	2371 	3002
f 8032 	7560 	8191
f 8032 	8191 	8034
f 8192 	8161 	8160
f 8192 	8160 	8193
f 7880 	7878 	8195
f 8191 	7557 	8194
f 8196 	8195 	7878
f 8192 	8193 	8195
f 8193 	7880 	8195
f 8191 	8194 	8036
f 8191 	8036 	8034
f 8172 	8036 	8235
f 8194 	8235 	8036
f 1801 	8162 	2902
f 9115 	2902 	8162
f 8197 	7231 	8198
f 7554 	7231 	8229
f 8229 	8197 	8024
f 8229 	7231 	8197
f 8198 	7231 	8199
f 3073 	7321 	3075
f 8197 	8198 	8025
f 8197 	8025 	8024
f 1799 	8160 	8159
f 7678 	7890 	7889
f 8198 	8199 	8020
f 8198 	8020 	8025
f 8199 	7231 	8200
f 8199 	8200 	8021
f 8199 	8021 	8020
f 1801 	8159 	8162
f 8200 	8201 	8022
f 8200 	8022 	8021
f 1799 	8159 	1801
f 8201 	7385 	8202
f 8201 	8202 	8023
f 8201 	8023 	8022
f 8203 	8204 	8161
f 8204 	8222 	8161
f 8219 	8216 	8161
f 8045 	8023 	8205
f 8202 	8205 	8023
f 8213 	8203 	8206
f 7894 	7694 	7895
f 8206 	8203 	8208
f 8205 	8207 	8046
f 8205 	8046 	8045
f 7459 	7456 	8554
f 7895 	7694 	7896
f 8211 	8210 	8203
f 8204 	8203 	8210
f 8207 	8209 	8030
f 8207 	8030 	8046
f 7459 	8554 	7465
f 8211 	8203 	8213
f 8209 	7560 	8032
f 8209 	8032 	8030
f 7231 	7550 	6548
f 8215 	8175 	8161
f 8084 	1941 	8214
f 1938 	8214 	1941
f 8215 	8161 	8216
f 1938 	6548 	8214
f 8214 	6548 	8217
f 7329 	7362 	8218
f 8219 	8161 	8220
f 8092 	8084 	8217
f 8214 	8217 	8084
f 8220 	8161 	8222
f 8217 	6548 	8224
f 7725 	7904 	7902
f 7725 	7902 	7720
f 8217 	8224 	8093
f 8217 	8093 	8092
f 1797 	3370 	1798
f 1798 	3370 	8227
f 8224 	6548 	7550
f 7725 	7735 	7904
f 8225 	7362 	8226
f 8223 	7362 	8225
f 8260 	8295 	3509
f 3370 	8307 	8227
f 7549 	8224 	7550
f 8226 	7370 	8228
f 7549 	8093 	8224
f 8262 	8145 	8154
f 8127 	8972 	8230
f 8229 	8089 	7548
f 8229 	7548 	7554
f 8246 	8203 	8231
f 8242 	8241 	8203
f 8227 	8231 	8203
f 8127 	8230 	8120
f 8232 	8120 	8230
f 8024 	8089 	8229
f 8233 	8227 	8236
f 8227 	8233 	8252
f 7943 	8418 	7988
f 8232 	8234 	8120
f 8235 	8194 	7557
f 8122 	8234 	8237
f 8240 	7557 	8400
f 8235 	7557 	8240
f 7910 	7744 	7911
f 8238 	8239 	8124
f 7912 	7751 	7913
f 8239 	8244 	8136
f 8239 	8136 	8124
f 8235 	8173 	8172
f 8434 	7988 	8418
f 8246 	8245 	8203
f 8242 	8203 	8243
f 8173 	8235 	8240
f 8243 	8203 	8245
f 7753 	7680 	7913
f 8137 	8136 	8247
f 8244 	8247 	8136
f 8231 	8227 	8248
f 8247 	8249 	8137
f 8248 	8227 	8250
f 8249 	8251 	8139
f 8250 	8227 	8252
f 8251 	8253 	8139
f 7654 	7827 	7655
f 8301 	8256 	8254
f 8293 	3370 	8295
f 8295 	8264 	8297
f 8256 	8274 	8254
f 8143 	8255 	8257
f 8143 	8257 	8155
f 8268 	8155 	8257
f 7824 	7657 	7829
f 8261 	8264 	8295
f 8258 	8987 	8150
f 8265 	8299 	8264
f 7661 	7835 	7833
f 8263 	8266 	8147
f 7835 	7661 	7836
f 8148 	8147 	8267
f 8266 	8267 	8147
f 3014 	2371 	3019
f 3006 	3002 	2371
f 8267 	8259 	8148
f 3019 	2371 	3026
f 7664 	7840 	7838
f 8155 	8268 	8269
f 8155 	8269 	8156
f 3167 	3132 	3139
f 3118 	3139 	3037
f 8434 	8421 	6233
f 8269 	8270 	8156
f 8273 	8299 	8265
f 8256 	8301 	8273
f 7876 	7668 	7669
f 8275 	8302 	8274
f 8276 	8277 	5464
f 3051 	3167 	3054
f 8275 	8276 	8303
f 8277 	8278 	5464
f 3056 	3167 	3057
f 3057 	3167 	2894
f 5495 	5464 	8278
f 3369 	5495 	8278
f 2365 	2374 	3028
f 8562 	8566 	7481
f 8279 	8280 	8152
f 8228 	7370 	8272
f 8280 	8282 	8152
f 8260 	8261 	8295
f 3370 	3509 	8295
f 3370 	3396 	3509
f 8272 	7370 	8281
f 8281 	7370 	8283
f 8283 	7368 	8285
f 3090 	3139 	3094
f 7673 	7885 	7883
f 7366 	7364 	8285
f 7885 	7673 	7886
f 7675 	7886 	7673
f 3112 	3099 	3139
f 9021 	9026 	8285
f 7675 	7887 	7886
f 3118 	3115 	3139
f 3115 	3112 	3139
f 8307 	3370 	8293
f 7888 	7678 	7889
f 9020 	4133 	8285
f 3056 	3054 	3167
f 3167 	3051 	3047
f 3047 	3044 	3167
f 3044 	3132 	3167
f 3037 	3139 	3132
f 8292 	8692 	8294
f 4129 	4127 	8285
f 8297 	8264 	8299
f 8291 	8692 	8292
f 8294 	8692 	8296
f 8299 	8273 	8301
f 7312 	7308 	8488
f 8300 	8298 	7331
f 8298 	8296 	7331
f 8254 	8274 	8302
f 7891 	7680 	7892
f 8305 	8276 	8306
f 8302 	8275 	8303
f 3099 	3094 	3139
f 3090 	3087 	3139
f 3087 	3080 	3139
f 3080 	3074 	3139
f 3074 	3071 	3139
f 3071 	3067 	3139
f 2374 	2362 	3028
f 7330 	8300 	7331
f 8303 	8276 	8304
f 7314 	7312 	8488
f 8304 	8276 	8305
f 7893 	7683 	7894
f 3814 	3139 	3067
f 3814 	3801 	3139
f 7894 	7683 	7694
f 7694 	7695 	7896
f 8236 	8227 	8307
f 7896 	7695 	7897
f 3028 	3026 	2365
f 3014 	3006 	2371
f 2994 	2990 	2166
f 2924 	2166 	2923
f 2987 	2151 	2924
f 2939 	2937 	2151
f 2141 	2143 	3026
f 2371 	2141 	3026
f 7897 	7701 	7898
f 7898 	7701 	7882
f 8308 	8208 	8203
f 2196 	2200 	3167
f 2254 	2253 	3167
f 2166 	2924 	2151
f 2158 	2152 	3167
f 8308 	8203 	8241
f 2225 	2217 	3167
f 7982 	3167 	2319
f 2333 	2319 	3167
f 7982 	7983 	3167
f 7720 	7902 	7901
f 8193 	8160 	1799
f 8193 	1799 	7880
f 8284 	8154 	8282
f 7905 	7904 	7735
f 8542 	7442 	7440
f 8262 	8154 	8284
f 8016 	8015 	8310
f 8016 	8310 	8309
f 7905 	7735 	7906
f 8310 	8441 	2119
f 7740 	7907 	7906
f 7908 	7907 	7740
f 8018 	8324 	8027
f 8317 	8912 	8316
f 8315 	8316 	8907
f 8314 	8315 	8907
f 8907 	8321 	8314
f 8313 	8314 	8926
f 8327 	8328 	8924
f 8925 	8924 	8328
f 8313 	8926 	8328
f 8320 	8237 	8319
f 8322 	8238 	8320
f 8323 	8238 	8322
f 8318 	8319 	8232
f 8311 	8317 	8206
f 8213 	8206 	8317
f 8206 	8208 	8312
f 8206 	8312 	8311
f 8018 	8017 	8329
f 8018 	8329 	8324
f 8267 	8340 	8259
f 8208 	8308 	8312
f 7744 	7910 	7909
f 8314 	8204 	8315
f 8230 	9076 	8232
f 8487 	7308 	7306
f 9075 	9076 	9063
f 8487 	8488 	7308
f 7891 	7913 	7680
f 8232 	8319 	8234
f 8238 	8323 	8239
f 8234 	8319 	8237
f 8237 	8320 	8238
f 8491 	7428 	7314
f 7595 	7824 	7823
f 7824 	7595 	7657
f 8204 	8314 	8313
f 8331 	8068 	8330
f 8204 	8210 	8315
f 7826 	7655 	7827
f 8341 	9108 	8259
f 8258 	8259 	9108
f 8491 	7430 	7428
f 8210 	8211 	8316
f 8210 	8316 	8315
f 8211 	8213 	8317
f 8211 	8317 	8316
f 8068 	8331 	8066
f 8262 	8444 	8263
f 8043 	8332 	8399
f 8043 	8399 	8048
f 8325 	8215 	8326
f 8216 	8326 	8215
f 8263 	8339 	8266
f 8219 	8327 	8326
f 8219 	8326 	8216
f 8039 	8333 	8334
f 8039 	8334 	8040
f 8339 	8340 	8266
f 8267 	8266 	8340
f 7832 	7659 	7833
f 7660 	7833 	7659
f 8327 	8219 	8328
f 8220 	8328 	8219
f 8037 	8335 	8336
f 8037 	8336 	8038
f 7833 	7660 	7661
f 8328 	8220 	8313
f 8222 	8313 	8220
f 8033 	8337 	8338
f 8033 	8338 	8035
f 8204 	8313 	8222
f 8341 	8259 	8340
f 8196 	8203 	8195
f 8029 	8342 	8343
f 8029 	8343 	8031
f 7826 	7836 	7655
f 8027 	8324 	8344
f 1798 	8227 	8196
f 1798 	8196 	7878
f 8542 	5734 	7442
f 8044 	8345 	8329
f 8044 	8329 	8017
f 8347 	8897 	8346
f 8334 	8348 	8042
f 8334 	8042 	8040
f 7666 	7873 	7665
f 8344 	8359 	8028
f 8344 	8028 	8027
f 7875 	7874 	7667
f 8043 	8042 	8348
f 8043 	8348 	8332
f 7875 	7667 	7876
f 8362 	8895 	8361
f 8363 	8895 	8362
f 8894 	8364 	8361
f 8893 	8369 	8364
f 8889 	8366 	8891
f 8365 	8366 	8886
f 8889 	8886 	8366
f 8892 	8891 	8367
f 8367 	8368 	8892
f 8893 	8892 	8369
f 8360 	8364 	8369
f 8039 	8038 	8336
f 8039 	8336 	8333
f 8252 	8233 	8346
f 8037 	8035 	8338
f 8037 	8338 	8335
f 8233 	8236 	8347
f 8233 	8347 	8346
f 7670 	7879 	7669
f 8307 	8347 	8236
f 8033 	8031 	8343
f 8033 	8343 	8337
f 7713 	7900 	7670
f 8029 	8028 	8359
f 8029 	8359 	8342
f 8241 	8242 	8366
f 8241 	8366 	8365
f 8242 	8243 	8367
f 8242 	8367 	8366
f 8243 	8245 	8368
f 8243 	8368 	8367
f 7671 	7672 	7882
f 8245 	8246 	8369
f 8245 	8369 	8368
f 7883 	7672 	7673
f 8246 	8231 	8360
f 8246 	8360 	8369
f 8248 	8361 	8360
f 8248 	8360 	8231
f 8250 	8362 	8361
f 8250 	8361 	8248
f 8332 	8348 	2133
f 8348 	8334 	2133
f 8334 	8333 	2133
f 8329 	2133 	8324
f 8333 	8336 	2133
f 8336 	8335 	2133
f 8335 	8338 	2133
f 8338 	8337 	2133
f 8337 	8343 	2133
f 8343 	8342 	2133
f 8342 	8359 	2133
f 8359 	8344 	2133
f 8324 	2133 	8344
f 8252 	8363 	8362
f 8252 	8362 	8250
f 8346 	8363 	8252
f 8055 	8370 	8071
f 7887 	7677 	7888
f 8196 	8227 	8203
f 8053 	8375 	8376
f 8053 	8376 	8054
f 7888 	7677 	7678
f 8373 	8379 	8381
f 8373 	8381 	8374
f 8051 	8380 	8382
f 8051 	8382 	8052
f 8387 	8371 	8685
f 8049 	8388 	8389
f 8049 	8389 	8050
f 8381 	8439 	8374
f 8387 	8401 	8372
f 8387 	8372 	8371
f 8394 	8395 	8402
f 8402 	8508 	8394
f 8395 	8396 	8402
f 8508 	5999 	8394
f 8504 	8402 	8396
f 8397 	5998 	8396
f 8398 	5997 	8397
f 8393 	8394 	5999
f 5999 	6000 	8393
f 8055 	8054 	8376
f 8055 	8376 	8370
f 8240 	8400 	8163
f 8240 	8163 	8173
f 8401 	8379 	8373
f 8401 	8373 	8372
f 8053 	8052 	8382
f 8053 	8382 	8375
f 8378 	8377 	8261
f 8378 	8261 	8260
f 8400 	8403 	8164
f 8400 	8164 	8163
f 8051 	8050 	8389
f 8051 	8389 	8380
f 1799 	8419 	8405
f 8049 	8048 	8399
f 8049 	8399 	8388
f 8403 	8404 	8165
f 8403 	8165 	8164
f 8404 	8405 	8166
f 8404 	8166 	8165
f 8396 	8273 	8397
f 8408 	4773 	8407
f 8406 	8407 	4773
f 8409 	4773 	8408
f 8410 	4773 	8409
f 8411 	4773 	8410
f 8412 	4773 	8411
f 8413 	4773 	8412
f 8414 	4773 	8413
f 8415 	4773 	8414
f 8416 	4773 	8415
f 8395 	8273 	8396
f 8405 	8419 	8167
f 8405 	8167 	8166
f 8399 	8332 	2133
f 8376 	8375 	2133
f 8375 	8382 	2133
f 8382 	8380 	2133
f 8389 	2133 	8380
f 8388 	2133 	8389
f 8399 	2133 	8388
f 8395 	8394 	8274
f 8416 	8420 	8421
f 8416 	8421 	8417
f 8419 	1799 	8422
f 8394 	8393 	8274
f 8331 	8345 	8044
f 8331 	8044 	8066
f 8419 	8422 	8168
f 8419 	8168 	8167
f 8423 	8414 	8413
f 8423 	8413 	8424
f 8276 	8393 	8392
f 8422 	1799 	8425
f 8060 	8426 	8442
f 8060 	8442 	8064
f 8392 	8391 	8277
f 8392 	8277 	8276
f 8427 	8411 	8410
f 8427 	8410 	8428
f 8422 	8425 	8169
f 8422 	8169 	8168
f 8058 	8429 	8430
f 8058 	8430 	8059
f 8391 	8390 	8277
f 8431 	8408 	8407
f 8431 	8407 	8432
f 8577 	7447 	7496
f 8425 	7555 	8170
f 8425 	8170 	8169
f 8433 	8057 	3388
f 3240 	3388 	8057
f 8421 	8434 	8418
f 8421 	8418 	8417
f 8377 	8398 	8261
f 8264 	8261 	8398
f 8060 	8059 	8430
f 8060 	8430 	8426
f 8423 	8436 	8415
f 8423 	8415 	8414
f 8264 	8398 	8265
f 8397 	8265 	8398
f 8058 	8057 	8433
f 8058 	8433 	8429
f 8427 	8437 	8412
f 8427 	8412 	8411
f 8273 	8265 	8397
f 7450 	8548 	7453
f 8395 	8256 	8273
f 8431 	8438 	8409
f 8431 	8409 	8408
f 7678 	7679 	7890
f 8170 	7555 	8435
f 8170 	8435 	8171
f 7453 	8548 	7456
f 8353 	8354 	8253
f 8255 	8253 	8354
f 8354 	8355 	8255
f 8257 	8255 	8355
f 8268 	8257 	8355
f 8356 	8268 	8355
f 8357 	8268 	8356
f 8358 	8270 	8357
f 8383 	8271 	8358
f 8384 	8271 	8383
f 8385 	8279 	8384
f 8386 	8282 	8385
f 8352 	8353 	8253
f 8350 	8351 	8247
f 8374 	8439 	8406
f 8435 	1799 	1790
f 8416 	8415 	8436
f 8416 	8436 	8420
f 8435 	1790 	8171
f 8437 	8424 	8413
f 8437 	8413 	8412
f 7680 	7681 	7892
f 8247 	8244 	8349
f 8438 	8428 	8410
f 8438 	8410 	8409
f 7682 	7893 	7681
f 8171 	1790 	1793
f 8439 	8432 	8407
f 8439 	8407 	8406
f 7893 	7682 	7683
f 8323 	8349 	8239
f 8244 	8239 	8349
f 8349 	8350 	8247
f 8249 	8247 	8351
f 7897 	7696 	7701
f 7481 	8566 	7486
f 8251 	8249 	8351
f 8401 	8387 	6259
f 8387 	8685 	6259
f 7879 	7670 	7900
f 8689 	8686 	6259
f 7486 	8566 	7490
f 8351 	8352 	8251
f 8253 	8251 	8352
f 7900 	7713 	7901
f 8685 	8689 	6259
f 7493 	8577 	7496
f 8268 	8357 	8269
f 8443 	8282 	8386
f 8421 	8420 	6259
f 8269 	8357 	8270
f 8436 	8423 	6259
f 8420 	8436 	6259
f 8270 	8358 	8271
f 8280 	8385 	8282
f 7306 	2569 	7303
f 8271 	8384 	8279
f 8430 	8429 	2119
f 8433 	2119 	8429
f 3388 	2119 	8433
f 8424 	6259 	8423
f 8440 	8062 	8309
f 8016 	8309 	8062
f 8339 	8263 	8445
f 8279 	8385 	8280
f 8427 	6259 	8437
f 8065 	8441 	8310
f 8065 	8310 	8015
f 8282 	8443 	8284
f 8218 	8221 	6235
f 8443 	8444 	8262
f 8439 	8381 	6259
f 8379 	8401 	6259
f 8381 	8379 	6259
f 8065 	8064 	8442
f 8065 	8442 	8441
f 6235 	8221 	8223
f 8284 	8443 	8262
f 8445 	8263 	8444
f 8442 	2119 	8441
f 6259 	6233 	8421
f 8068 	8062 	8440
f 8068 	8440 	8330
f 8428 	6259 	8427
f 6601 	2569 	6600
f 1945 	8115 	8446
f 8432 	8439 	6259
f 8431 	8432 	6259
f 8318 	9076 	8446
f 8704 	8705 	8330
f 8703 	8330 	8702
f 8440 	8698 	8330
f 8440 	8309 	2119
f 8426 	8430 	2119
f 2119 	8669 	8440
f 8657 	8658 	8331
f 8329 	8345 	2133
f 8115 	1945 	8447
f 8115 	8447 	8319
f 8115 	8319 	8318
f 8447 	1945 	8448
f 8447 	8448 	8320
f 8447 	8320 	8319
f 7314 	2569 	7312
f 1945 	3409 	8448
f 8448 	8449 	8322
f 8448 	8322 	8320
f 3409 	3408 	8448
f 3408 	3407 	8448
f 7433 	7435 	2553
f 8449 	8450 	8323
f 8449 	8323 	8322
f 7911 	7744 	7747
f 3660 	7988 	6233
f 7912 	7911 	7751
f 7747 	7751 	7911
f 8290 	6248 	8289
f 8451 	8111 	8110
f 7753 	7913 	7751
f 8341 	8111 	8451
f 9210 	9108 	8451
f 7430 	7433 	2553
f 6248 	8290 	8291
f 8452 	8110 	8453
f 7890 	7679 	7822
f 8452 	8453 	8340
f 8452 	8340 	8339
f 7589 	7823 	7588
f 7822 	7588 	7823
f 8111 	8453 	8110
f 7823 	7589 	7595
f 8453 	8111 	8341
f 8453 	8341 	8340
f 7466 	9403 	7465
f 8434 	6233 	7988
f 8450 	8454 	8349
f 8450 	8349 	8323
f 8438 	8431 	6259
f 6050 	7473 	6049
f 3407 	3331 	8448
f 8454 	8455 	8350
f 8454 	8350 	8349
f 7658 	7830 	7829
f 7658 	7829 	7657
f 8449 	8448 	3331
f 7832 	7658 	7659
f 8455 	8456 	8351
f 8455 	8351 	8350
f 3663 	3664 	6233
f 3331 	3330 	8449
f 8424 	8437 	6259
f 8456 	8459 	8352
f 8456 	8352 	8351
f 3330 	3329 	8450
f 8456 	8455 	3322
f 7836 	7661 	7662
f 8228 	6239 	8226
f 8459 	8462 	8353
f 8459 	8353 	8352
f 8461 	8460 	4738
f 8460 	8457 	4738
f 3323 	3322 	8455
f 6240 	8228 	8272
f 7836 	7662 	7655
f 8469 	6085 	8467
f 8467 	6086 	8465
f 8465 	9247 	8464
f 7528 	6029 	7527
f 8462 	8466 	8354
f 8462 	8354 	8353
f 7827 	7654 	7838
f 7663 	7838 	7654
f 7664 	7838 	7663
f 6241 	6240 	8281
f 8466 	8475 	8355
f 8466 	8355 	8354
f 7873 	7664 	7665
f 6241 	8281 	8283
f 8480 	7712 	8479
f 6243 	8283 	8285
f 8475 	8104 	8356
f 8475 	8356 	8355
f 8474 	7717 	7538
f 8483 	8104 	6950
f 8104 	8475 	6950
f 8285 	8286 	6243
f 8256 	8395 	8274
f 7668 	7876 	7667
f 8274 	8393 	8275
f 8393 	8276 	8275
f 8485 	5182 	8487
f 8277 	8390 	8278
f 8488 	8487 	5182
f 8484 	7716 	8474
f 8476 	7715 	8484
f 7882 	7701 	7671
f 7883 	7882 	7672
f 8477 	7715 	8476
f 8486 	7714 	8477
f 8479 	7714 	8486
f 8495 	5753 	8494
f 5782 	5753 	8495
f 8493 	8494 	5753
f 8074 	8496 	8507
f 7718 	7541 	7717
f 8489 	7711 	8480
f 8072 	8497 	8498
f 8072 	8498 	8073
f 7676 	7887 	7675
f 7738 	8500 	9251
f 8071 	8370 	8499
f 7887 	7676 	7677
f 8296 	6252 	8294
f 8494 	8493 	8508
f 8074 	8073 	8498
f 8074 	8498 	8496
f 8298 	6252 	8296
f 8072 	8071 	8499
f 8072 	8499 	8497
f 5791 	8508 	8493
f 8300 	6254 	8298
f 7588 	7822 	7679
f 5972 	5974 	8378
f 8500 	8463 	9250
f 8464 	9247 	8463
f 8470 	6085 	8469
f 8498 	8497 	2133
f 8499 	2133 	8497
f 8370 	2133 	8499
f 8260 	3509 	8378
f 8500 	4647 	8463
f 5996 	5997 	8377
f 2136 	8076 	7973
f 7971 	7973 	8076
f 8465 	4641 	8467
f 7892 	7681 	7893
f 5998 	8397 	5997
f 8083 	8501 	7970
f 8223 	6236 	6235
f 8470 	4643 	8471
f 8080 	8502 	8503
f 8080 	8503 	8081
f 8225 	6237 	8223
f 6236 	8223 	6237
f 8504 	8396 	5998
f 8078 	8505 	8506
f 8078 	8506 	8079
f 8465 	8464 	4641
f 8225 	8226 	6237
f 8507 	8077 	8074
f 5782 	8495 	5998
f 8504 	5998 	8495
f 8470 	8469 	4643
f 7696 	7897 	7695
f 8083 	8081 	8503
f 8083 	8503 	8501
f 8464 	8463 	4640
f 8494 	8402 	8504
f 8494 	8504 	8495
f 8080 	8079 	8506
f 8080 	8506 	8502
f 8078 	8077 	8507
f 8078 	8507 	8505
f 8392 	8393 	6000
f 6000 	6001 	8391
f 3462 	7526 	8471
f 5305 	3369 	8390
f 8272 	8281 	6240
f 7719 	7901 	7713
f 8508 	8402 	8494
f 4640 	8463 	4647
f 8391 	8392 	6000
f 8503 	2133 	8501
f 8502 	2133 	8503
f 8506 	2133 	8502
f 8505 	2133 	8506
f 8507 	2133 	8505
f 8496 	2133 	8507
f 8496 	8498 	2133
f 7720 	7901 	7719
f 7738 	4647 	8500
f 5999 	8508 	5791
f 8076 	2136 	2135
f 8076 	2135 	8008
f 6244 	6243 	8286
f 6244 	8286 	6245
f 8287 	6245 	8286
f 8278 	8390 	3369
f 7906 	7735 	7739
f 8287 	8288 	6245
f 8516 	2118 	8509
f 7906 	7739 	7740
f 8514 	6786 	8513
f 8515 	6785 	8514
f 8517 	6785 	8515
f 8518 	6785 	8517
f 8519 	6785 	8518
f 8520 	6785 	8519
f 7551 	6783 	8520
f 6247 	6246 	8289
f 8521 	2119 	8516
f 7908 	7740 	7742
f 8474 	7538 	8520
f 7551 	8520 	7538
f 8528 	2119 	8521
f 6248 	6247 	8289
f 7908 	7742 	7909
f 7743 	7909 	7742
f 8525 	8855 	8524
f 8524 	8855 	8523
f 8526 	8858 	8525
f 8527 	8858 	8526
f 8522 	8523 	8529
f 8847 	8532 	8529
f 8531 	8845 	8530
f 8522 	8529 	8532
f 8518 	8517 	8477
f 8518 	8477 	8476
f 8722 	8293 	8510
f 7744 	7909 	7743
f 8479 	8514 	8513
f 8479 	8513 	8480
f 8293 	8295 	8512
f 8293 	8512 	8510
f 8356 	8104 	8483
f 8356 	8483 	8357
f 8292 	6250 	8291
f 8519 	8518 	8476
f 8519 	8476 	8484
f 8483 	8536 	8358
f 8483 	8358 	8357
f 8486 	8515 	8514
f 8486 	8514 	8479
f 8536 	6950 	8539
f 8543 	6950 	8545
f 8489 	8511 	7686
f 8536 	8539 	8383
f 8536 	8383 	8358
f 8538 	2614 	8540
f 8474 	8520 	8519
f 8474 	8519 	8484
f 8539 	6950 	8543
f 8477 	8517 	8515
f 8477 	8515 	8486
f 8541 	8540 	2634
f 8539 	8543 	8384
f 8539 	8384 	8383
f 8480 	8513 	8511
f 8480 	8511 	8489
f 8533 	2119 	8528
f 6158 	6157 	7892
f 7911 	6157 	7910
f 7893 	7894 	6158
f 7894 	7895 	6158
f 7896 	6158 	7895
f 6166 	6165 	8629
f 6162 	6161 	8629
f 8543 	8545 	8385
f 8543 	8385 	8384
f 8511 	6786 	7954
f 8663 	8664 	2119
f 8545 	8549 	8386
f 8545 	8386 	8385
f 8530 	8512 	8297
f 8295 	8297 	8512
f 8297 	8299 	8531
f 8297 	8531 	8530
f 8552 	2118 	8551
f 8299 	8301 	8532
f 8299 	8532 	8531
f 8443 	8386 	8549
f 8301 	8254 	8522
f 8301 	8522 	8532
f 8254 	8302 	8523
f 8254 	8523 	8522
f 8302 	8303 	8524
f 8302 	8524 	8523
f 8300 	7330 	6254
f 8556 	6950 	8558
f 8110 	8558 	6950
f 8545 	6950 	8549
f 8536 	8483 	6950
f 8303 	8304 	8525
f 8303 	8525 	8524
f 6090 	7329 	8218
f 6090 	8218 	6234
f 8304 	8305 	8526
f 8304 	8526 	8525
f 8549 	8556 	8443
f 6234 	8218 	6235
f 8555 	9381 	8557
f 8492 	9381 	8468
f 8557 	9381 	8492
f 8305 	8306 	8527
f 8305 	8527 	8526
f 8452 	8561 	8110
f 8183 	8527 	8306
f 8558 	8444 	8443
f 8558 	8443 	8556
f 8558 	8110 	8561
f 6237 	8226 	6238
f 8561 	8445 	8444
f 8561 	8444 	8558
f 8565 	8575 	8564
f 6239 	6238 	8226
f 8559 	6314 	9378
f 6314 	5611 	9378
f 8228 	6240 	6239
f 8561 	8452 	8445
f 8339 	8445 	8452
f 6961 	8935 	8113
f 6950 	6961 	8113
f 8567 	9378 	8568
f 8566 	9378 	8567
f 8572 	8565 	8571
f 8570 	8571 	8565
f 8573 	8565 	8572
f 8574 	8565 	8573
f 8575 	8565 	8574
f 8576 	8583 	8575
f 8565 	8578 	8570
f 8578 	8579 	8570
f 8569 	8570 	8579
f 8580 	8581 	8579
f 8569 	8579 	8581
f 8283 	6242 	6241
f 7553 	6783 	7552
f 8468 	9381 	8472
f 8554 	8550 	9381
f 8550 	8548 	9381
f 8547 	9379 	8548
f 9381 	8548 	9379
f 8544 	9379 	8547
f 8577 	9379 	8544
f 8568 	9379 	8577
f 6243 	6242 	8283
f 8478 	8461 	4738
f 8457 	8458 	4738
f 6310 	4738 	8458
f 8473 	8472 	6310
f 3319 	6950 	3320
f 3433 	6950 	3410
f 8455 	8454 	3323
f 6950 	3433 	3430
f 6950 	3430 	3427
f 3423 	3422 	6950
f 3419 	6950 	3422
f 3427 	3423 	6950
f 7552 	6783 	7551
f 8586 	8575 	8585
f 8584 	8585 	8575
f 8563 	8575 	8586
f 8583 	8584 	8575
f 8564 	8575 	8563
f 8576 	8599 	8583
f 8182 	8595 	8590
f 8590 	8591 	8182
f 8591 	8592 	8182
f 8593 	8182 	8592
f 8582 	8182 	8593
f 8288 	6246 	6245
f 8594 	8938 	6961
f 8938 	8937 	6961
f 8929 	8113 	8930
f 8931 	8113 	8932
f 8928 	8113 	8929
f 8588 	8589 	8596
f 8597 	8588 	8596
f 8598 	8588 	8597
f 8589 	8590 	8596
f 8595 	8596 	8590
f 8599 	8176 	8583
f 8177 	8178 	8583
f 8177 	8583 	8176
f 7402 	7904 	7404
f 7905 	6295 	7904
f 7906 	6295 	7905
f 7907 	6295 	7906
f 7910 	6157 	7909
f 7908 	6295 	7907
f 8601 	8602 	7757
f 8601 	7757 	7755
f 8603 	2118 	8600
f 8607 	8588 	8606
f 8608 	8609 	8607
f 8605 	8606 	8588
f 8587 	8607 	8609
f 8588 	8607 	8587
f 8604 	8605 	8588
f 8598 	8611 	8588
f 8611 	8613 	8588
f 8614 	8588 	8613
f 8604 	8588 	8614
f 2131 	2118 	8610
f 8603 	8610 	2118
f 8629 	7829 	8601
f 8601 	7826 	7827
f 8601 	7827 	7838
f 7840 	8602 	7838
f 7873 	8602 	7840
f 7874 	8602 	7873
f 7874 	7875 	8602
f 8601 	7838 	8602
f 3140 	2326 	8602
f 7757 	8602 	2492
f 8616 	6441 	8615
f 8617 	8618 	6441
f 8618 	8619 	6441
f 8619 	8621 	6441
f 8621 	8622 	6441
f 8623 	6441 	8622
f 8624 	6441 	8623
f 8612 	6441 	8624
f 8834 	8564 	8563
f 8834 	8565 	8564
f 7877 	7879 	8602
f 7506 	6311 	8602
f 8565 	8840 	8578
f 8288 	8289 	6246
f 7759 	8629 	8601
f 7759 	8601 	7755
f 8628 	6441 	8627
f 8615 	6441 	8628
f 8627 	6441 	8626
f 8631 	6441 	8630
f 8626 	6441 	8631
f 8840 	8579 	8578
f 6158 	7898 	6171
f 6165 	6169 	8629
f 6161 	6164 	8629
f 7888 	7889 	8629
f 7822 	7823 	8629
f 8634 	6441 	8633
f 8632 	8633 	6441
f 7881 	6441 	8634
f 8612 	8632 	6441
f 6441 	7884 	8635
f 8616 	8617 	6441
f 7759 	2497 	8629
f 2497 	2333 	8629
f 6249 	6248 	8291
f 6249 	8291 	6250
f 8581 	8529 	8569
f 8636 	8646 	8345
f 8629 	3166 	7794
f 7804 	8629 	7794
f 7804 	7785 	8629
f 3184 	7794 	3166
f 8569 	8529 	8570
f 8630 	6441 	8638
f 8638 	6441 	8637
f 8637 	6441 	8635
f 8640 	8635 	8639
f 8650 	8648 	8635
f 8635 	8640 	8641
f 8635 	8641 	8642
f 8635 	8642 	8643
f 8635 	8643 	8644
f 8635 	8644 	8645
f 2133 	8345 	8646
f 8620 	8625 	8345
f 8571 	8856 	8572
f 8639 	8635 	8649
f 8649 	8635 	8648
f 8650 	8635 	7884
f 8647 	2133 	8646
f 2134 	2133 	8647
f 8856 	8573 	8572
f 8782 	8616 	8615
f 8654 	8655 	2133
f 2118 	2133 	8551
f 8652 	8653 	2133
f 8655 	8551 	2133
f 8653 	8654 	2133
f 6332 	8418 	6330
f 2094 	8657 	8331
f 8331 	8330 	2094
f 2614 	2634 	8540
f 8537 	2614 	8538
f 8490 	8488 	2614
f 5182 	2614 	8488
f 8491 	8490 	2614
f 8535 	8534 	2614
f 8537 	8535 	2614
f 8659 	8660 	8331
f 8658 	8659 	8331
f 8661 	8662 	8331
f 7904 	7402 	7902
f 8660 	8661 	8331
f 8620 	8345 	8662
f 8345 	8331 	8662
f 8665 	8666 	2119
f 8664 	8665 	2119
f 7409 	7902 	7410
f 6313 	8418 	6333
f 7410 	7902 	7416
f 8667 	2119 	8666
f 2112 	2119 	8667
f 6411 	8418 	6313
f 8676 	8440 	8669
f 7637 	8670 	8671
f 7637 	8671 	8672
f 7637 	8672 	8673
f 8674 	4773 	8673
f 8675 	4773 	8674
f 8371 	4773 	8675
f 7637 	8677 	8678
f 7637 	8678 	8679
f 7637 	8679 	8680
f 7637 	8680 	8681
f 7637 	8681 	8682
f 7637 	8682 	8684
f 8670 	7637 	8684
f 8294 	6251 	6250
f 8294 	6250 	8292
f 8675 	8685 	8371
f 6252 	6251 	8294
f 8686 	8673 	8672
f 8686 	8672 	8687
f 8298 	6253 	6252
f 8688 	8670 	8691
f 6254 	6253 	8298
f 8686 	8689 	8674
f 8686 	8674 	8673
f 8688 	8690 	8671
f 8688 	8671 	8670
f 8692 	6259 	7331
f 2813 	7331 	6259
f 8689 	8685 	8675
f 8689 	8675 	8674
f 8690 	8687 	8672
f 8690 	8672 	8671
f 8684 	8691 	8670
f 8221 	7362 	8223
f 7357 	8283 	7370
f 8218 	7362 	8221
f 8853 	8637 	8635
f 8680 	8693 	8694
f 8680 	8694 	8681
f 8853 	8854 	8637
f 8677 	8695 	8696
f 8677 	8696 	8678
f 8694 	8697 	8682
f 8694 	8682 	8681
f 7416 	7902 	7402
f 4194 	8602 	6311
f 8698 	8440 	8683
f 8696 	8699 	8679
f 8696 	8679 	8678
f 8700 	7784 	2893
f 3144 	8700 	6060
f 8697 	8691 	8684
f 8697 	8684 	8682
f 8683 	8440 	8676
f 8699 	8693 	8680
f 8699 	8680 	8679
f 8648 	8650 	8857
f 8695 	8677 	7640
f 7637 	7640 	8677
f 6386 	2614 	5182
f 8701 	8330 	8698
f 8690 	8688 	3654
f 8702 	8330 	8701
f 8656 	2094 	8330
f 8705 	8656 	8330
f 8704 	8330 	8703
f 8686 	8687 	6259
f 3654 	6259 	8687
f 8691 	8697 	3654
f 8697 	8694 	3654
f 6310 	9381 	6311
f 8694 	8693 	3654
f 8621 	8619 	8822
f 8688 	8691 	3654
f 8693 	8699 	3654
f 8696 	8695 	8711
f 8687 	8690 	3654
f 7300 	4738 	6310
f 8711 	3654 	8699
f 8699 	8696 	8711
f 8822 	8622 	8621
f 8695 	7640 	8711
f 7640 	7639 	8711
f 2614 	6386 	6557
f 8482 	4738 	8485
f 8482 	8481 	4738
f 8709 	8706 	8708
f 8707 	8708 	8706
f 4130 	4129 	8285
f 9024 	9028 	8285
f 7377 	9024 	8285
f 9026 	9020 	8285
f 7378 	7377 	8285
f 7364 	7378 	8285
f 7367 	7366 	8285
f 8707 	8710 	8708
f 6233 	6259 	8212
f 8692 	8212 	6259
f 8832 	8626 	8631
f 8626 	8832 	8627
f 8833 	8627 	8832
f 8290 	8289 	8692
f 8212 	8692 	4288
f 8833 	8835 	8627
f 8628 	8627 	8835
f 8711 	8721 	3654
f 6262 	8714 	6263
f 8706 	8716 	8715
f 8835 	8782 	8615
f 6262 	6261 	8717
f 6262 	8717 	8714
f 8709 	8716 	8706
f 6261 	6260 	8712
f 6261 	8712 	8717
f 8707 	8706 	8715
f 8707 	8715 	8710
f 8800 	8617 	8616
f 8708 	8716 	8709
f 8617 	8800 	8618
f 8716 	8711 	8715
f 8713 	8715 	8711
f 8805 	8814 	8618
f 8619 	8814 	8822
f 8622 	8822 	8826
f 8710 	8715 	8718
f 8713 	8718 	8715
f 8826 	8623 	8622
f 8624 	8623 	8828
f 8828 	8829 	8624
f 8587 	8609 	8921
f 8923 	8611 	8598
f 8613 	8611 	8923
f 8830 	8831 	8630
f 8559 	7473 	6314
f 8615 	8628 	8835
f 8530 	8840 	8512
f 8347 	8723 	8897
f 8896 	8346 	8897
f 8346 	8896 	8363
f 8347 	8307 	8722
f 8712 	9010 	8717
f 6553 	7784 	2323
f 8720 	8725 	8726
f 8724 	8726 	8725
f 2827 	8727 	2826
f 8837 	8632 	8612
f 8837 	8633 	8632
f 2623 	6557 	2834
f 2845 	6553 	2900
f 6443 	2826 	8727
f 2323 	2907 	6553
f 8720 	8721 	8725
f 8843 	8640 	8639
f 8843 	8639 	8842
f 8720 	8719 	8721
f 8640 	8843 	8641
f 8724 	8728 	8729
f 8724 	8729 	8726
f 2323 	7784 	2575
f 7784 	8700 	2575
f 3144 	2575 	8700
f 6268 	8730 	8712
f 6268 	8712 	6260
f 8846 	8642 	8641
f 6263 	8714 	8733
f 8731 	8732 	3364
f 8731 	3364 	5330
f 6265 	8734 	8735
f 6265 	8735 	6266
f 8846 	8848 	8642
f 8643 	8642 	8848
f 6267 	8737 	8754
f 8757 	8758 	8741
f 8736 	8757 	8741
f 8736 	8741 	8742
f 8736 	8742 	8743
f 8736 	8743 	8744
f 8643 	8848 	8644
f 8849 	8644 	8848
f 6265 	6264 	8745
f 6265 	8745 	8734
f 6264 	6263 	8733
f 6264 	8733 	8745
f 8644 	8849 	8645
f 6267 	6266 	8735
f 6267 	8735 	8737
f 8852 	8635 	8645
f 8730 	9010 	8712
f 4268 	4254 	9010
f 8734 	9010 	8735
f 8745 	9010 	8734
f 8733 	9010 	8745
f 8714 	9010 	8733
f 8717 	9010 	8714
f 8635 	8852 	8853
f 8754 	6271 	6267
f 8750 	8751 	8760
f 8749 	8750 	8774
f 8748 	8749 	8774
f 8751 	8752 	8760
f 8752 	8753 	8760
f 8738 	8760 	8753
f 8739 	8760 	8738
f 8747 	8748 	8774
f 8746 	8747 	8774
f 6273 	8756 	6799
f 8638 	8637 	8854
f 6273 	6271 	8754
f 6273 	8754 	8756
f 8630 	8638 	8854
f 8739 	8740 	8760
f 8740 	8741 	8760
f 8761 	8750 	8760
f 8762 	8750 	8761
f 8763 	8750 	8762
f 8764 	8750 	8763
f 8765 	8750 	8764
f 8759 	8760 	8741
f 8758 	8759 	8741
f 8727 	8730 	6268
f 8727 	6268 	6443
f 8639 	8649 	8861
f 8766 	7332 	7353
f 8859 	8648 	8857
f 8768 	8750 	8765
f 8769 	8750 	8768
f 8770 	8750 	8769
f 8771 	8750 	8770
f 8772 	8750 	8771
f 8773 	8750 	8772
f 8774 	8750 	8773
f 8775 	8746 	8774
f 8777 	8746 	8775
f 8755 	8746 	8818
f 8777 	8818 	8746
f 8861 	8649 	8648
f 8861 	8648 	8859
f 7353 	9010 	8776
f 8780 	8779 	9010
f 8778 	8776 	9010
f 8781 	8780 	9010
f 8787 	8788 	8755
f 8786 	8787 	8755
f 8784 	8755 	8788
f 8783 	8784 	8788
f 8783 	8788 	8789
f 8783 	8789 	8790
f 8783 	8790 	8791
f 8783 	8791 	8792
f 8783 	8792 	8793
f 8794 	8796 	8793
f 8795 	8796 	8794
f 8798 	8793 	8796
f 8783 	8793 	8798
f 8782 	8797 	8616
f 8797 	8800 	8616
f 8785 	9010 	8799
f 8801 	8799 	9010
f 8805 	8618 	8800
f 8786 	8755 	8804
f 8802 	8804 	8755
f 8818 	8819 	8755
f 8806 	8807 	8755
f 8807 	8808 	8755
f 8808 	8809 	8755
f 8809 	8811 	8755
f 8811 	8812 	8755
f 8812 	8813 	8755
f 8813 	8815 	8755
f 8802 	8755 	8815
f 8619 	8618 	8814
f 8820 	8755 	8819
f 8823 	8755 	8820
f 8824 	8755 	8823
f 8806 	8755 	8824
f 8826 	8827 	8623
f 8827 	8828 	8623
f 8612 	8624 	8829
f 8837 	8612 	8829
f 8630 	8854 	8830
f 7456 	8548 	8550
f 8631 	8630 	8831
f 8631 	8831 	8832
f 8899 	4773 	4599
f 8586 	8723 	8563
f 8347 	8722 	8723
f 8836 	8834 	8722
f 8563 	8723 	8834
f 8834 	8723 	8722
f 8834 	8836 	8565
f 8722 	8510 	8836
f 8633 	8837 	8838
f 8836 	8840 	8565
f 8634 	8633 	8839
f 8838 	8839 	8633
f 8510 	8512 	8836
f 8840 	8530 	8841
f 8840 	8836 	8512
f 7881 	8634 	8839
f 8531 	8532 	8845
f 9000 	8752 	8751
f 8579 	8840 	8841
f 8600 	8101 	8603
f 8641 	8843 	8844
f 8841 	8530 	8845
f 8841 	8845 	8580
f 8841 	8580 	8579
f 8844 	8846 	8641
f 8845 	8532 	8847
f 8581 	8580 	8847
f 8845 	8847 	8580
f 8847 	8529 	8581
f 8849 	8850 	8645
f 8759 	9004 	8760
f 8529 	8523 	8851
f 8851 	8523 	8855
f 8183 	8860 	8527
f 8850 	8852 	8645
f 9005 	8761 	8760
f 8529 	8851 	8570
f 8636 	1810 	8646
f 8571 	8570 	8855
f 8851 	8855 	8570
f 8855 	8525 	8856
f 8646 	1810 	8647
f 8842 	8639 	8861
f 8855 	8856 	8571
f 8856 	8525 	8858
f 8573 	8856 	8858
f 8858 	8527 	8860
f 8858 	8860 	8574
f 8858 	8574 	8573
f 8860 	8183 	8862
f 8652 	1831 	8653
f 8575 	8574 	8862
f 8860 	8862 	8574
f 8862 	8183 	8867
f 8835 	8833 	8870
f 8866 	8797 	8865
f 8865 	8782 	8864
f 8864 	8782 	8863
f 8863 	8835 	8870
f 8862 	8867 	8576
f 8862 	8576 	8575
f 8898 	8599 	8867
f 8871 	8805 	8866
f 8830 	8854 	8909
f 4605 	4195 	8873
f 8312 	8875 	8883
f 8312 	8921 	8311
f 8311 	8912 	8317
f 8365 	8883 	8875
f 6771 	8839 	8878
f 8876 	8877 	8829
f 8828 	8882 	8829
f 8827 	8826 	8881
f 8828 	8827 	8882
f 8876 	8829 	8882
f 8874 	8587 	8921
f 8874 	8312 	8883
f 8886 	8883 	8365
f 8879 	8822 	8872
f 8874 	8883 	8588
f 8874 	8588 	8587
f 8782 	8865 	8797
f 8805 	8872 	8814
f 8797 	8866 	8800
f 8800 	8866 	8805
f 8589 	8588 	8886
f 8883 	8886 	8588
f 8885 	8884 	8727
f 8825 	8727 	8884
f 8816 	8730 	8817
f 8885 	8727 	8887
f 2827 	3201 	8727
f 8822 	8879 	8826
f 1882 	1892 	8660
f 8886 	8889 	8590
f 8886 	8590 	8589
f 8888 	8727 	8890
f 8887 	8727 	8888
f 8814 	8872 	8822
f 8880 	8881 	8826
f 8890 	8727 	7333
f 8591 	8590 	8891
f 8889 	8891 	8590
f 8879 	8880 	8826
f 8366 	8367 	8891
f 8368 	8369 	8892
f 8891 	8892 	8592
f 8891 	8592 	8591
f 8881 	8882 	8827
f 8593 	8592 	8893
f 8892 	8893 	8592
f 8837 	8829 	8877
f 8893 	8364 	8582
f 8893 	8582 	8593
f 8894 	8361 	8895
f 8360 	8361 	8364
f 8908 	8909 	8854
f 8894 	8583 	8582
f 8894 	8582 	8364
f 8872 	8805 	8871
f 8831 	8830 	8868
f 8583 	8894 	8584
f 8895 	8584 	8894
f 8833 	8832 	8870
f 8895 	8363 	8896
f 8835 	8863 	8782
f 8896 	8585 	8584
f 8896 	8584 	8895
f 8585 	8896 	8586
f 8897 	8586 	8896
f 8837 	8877 	8838
f 8877 	8878 	8838
f 9044 	9045 	8811
f 8723 	8586 	8897
f 8867 	8125 	8898
f 8576 	8867 	8599
f 4599 	4605 	8873
f 4599 	8873 	8899
f 8176 	8599 	8184
f 8898 	8184 	8599
f 4594 	8900 	4612
f 4612 	8900 	8732
f 8190 	8325 	8903
f 8135 	8144 	8901
f 8189 	8135 	8901
f 9051 	9052 	8820
f 8901 	8595 	8189
f 8182 	8189 	8595
f 8701 	2046 	8702
f 8901 	8144 	8902
f 5296 	4612 	8732
f 5296 	8732 	8731
f 8596 	8595 	8902
f 8901 	8902 	8595
f 8702 	2046 	8703
f 8902 	8144 	8903
f 8902 	8903 	8597
f 8902 	8597 	8596
f 8903 	8906 	8597
f 8598 	8597 	8906
f 2077 	8705 	8704
f 8321 	8926 	8314
f 8869 	8870 	8832
f 8868 	8869 	8832
f 8909 	8868 	8830
f 8832 	8831 	8868
f 8907 	8606 	8321
f 8605 	8321 	8606
f 2077 	8656 	8705
f 8907 	8316 	8911
f 8911 	8316 	8912
f 8911 	8607 	8606
f 8911 	8606 	8907
f 8874 	8921 	8312
f 8607 	8911 	8608
f 8912 	8608 	8911
f 8509 	8086 	8516
f 7473 	6331 	6314
f 8912 	8311 	8921
f 8921 	8609 	8608
f 8921 	8608 	8912
f 8916 	8844 	8915
f 8917 	8846 	8916
f 8918 	8846 	8917
f 8919 	8848 	8918
f 8844 	8843 	8915
f 8843 	8842 	8915
f 8914 	8915 	8842
f 8091 	8521 	8516
f 8091 	8094 	8521
f 8910 	8853 	8905
f 8849 	8919 	8850
f 8852 	8850 	8905
f 8920 	8850 	8919
f 8913 	8914 	8842
f 8906 	8325 	8923
f 8906 	8903 	8325
f 8326 	8923 	8325
f 8190 	8215 	8325
f 8844 	8916 	8846
f 8906 	8923 	8598
f 8846 	8918 	8848
f 8920 	8905 	8850
f 8923 	8326 	8924
f 8326 	8327 	8924
f 8848 	8919 	8849
f 8852 	8905 	8853
f 8613 	8923 	8924
f 8924 	8925 	8614
f 8924 	8614 	8613
f 8925 	8328 	8926
f 8552 	8551 	8098
f 8925 	8926 	8604
f 8925 	8604 	8614
f 6703 	6603 	8478
f 8853 	8910 	8854
f 8605 	8604 	8321
f 8926 	8321 	8604
f 8910 	8908 	8854
f 8101 	8600 	8553
f 6616 	6614 	8472
f 8722 	8307 	8293
f 6616 	8472 	8473
f 8859 	8857 	8922
f 8174 	8183 	8306
f 6600 	8473 	8458
f 8603 	8102 	8610
f 8312 	8308 	8875
f 8365 	8875 	8241
f 8308 	8241 	8875
f 8103 	8087 	8610
f 8913 	8859 	8922
f 6703 	8478 	7301
f 8175 	8215 	8190
f 8195 	8203 	8161
f 8195 	8161 	8192
f 7903 	6822 	8857
f 1797 	6008 	6007
f 1797 	6007 	3370
f 6823 	8922 	8857
f 5330 	6006 	8731
f 5296 	8731 	6006
f 6007 	6008 	6006
f 6008 	5296 	6006
f 8842 	8861 	8913
f 8861 	8859 	8913
f 1807 	8636 	8625
f 8636 	1807 	1810
f 3520 	1800 	9010
f 8944 	8927 	8868
f 1810 	1813 	8647
f 8927 	8108 	8869
f 8927 	8869 	8868
f 8647 	1813 	2134
f 8108 	8928 	8870
f 8108 	8870 	8869
f 8928 	8929 	8863
f 8928 	8863 	8870
f 1831 	8652 	8651
f 8799 	6299 	8785
f 8930 	8864 	8863
f 8930 	8863 	8929
f 8931 	8865 	8864
f 8931 	8864 	8930
f 8932 	8866 	8865
f 8932 	8865 	8931
f 8654 	1843 	8655
f 8866 	8932 	8933
f 8932 	8113 	8933
f 8934 	8113 	8935
f 8933 	8871 	8866
f 7440 	8540 	8541
f 8933 	8113 	8934
f 6961 	8936 	8935
f 8933 	8934 	8872
f 8933 	8872 	8871
f 2094 	1867 	8657
f 8879 	8872 	8935
f 8934 	8935 	8872
f 8885 	6422 	8884
f 8657 	1867 	8658
f 8935 	8936 	8880
f 8935 	8880 	8879
f 8481 	7301 	8478
f 8936 	8937 	8881
f 8936 	8881 	8880
f 7301 	8481 	8482
f 8937 	8936 	6961
f 1882 	8660 	8659
f 7306 	8482 	8485
f 8937 	8938 	8882
f 8937 	8882 	8881
f 8487 	7306 	8485
f 8661 	8660 	1892
f 8938 	8594 	8876
f 8938 	8876 	8882
f 8594 	6961 	8939
f 7930 	8940 	6961
f 8661 	1892 	8662
f 8594 	8939 	8877
f 8594 	8877 	8876
f 8939 	6961 	8940
f 8939 	8940 	8878
f 8939 	8878 	8877
f 8098 	8551 	1843
f 6292 	6291 	8779
f 8878 	7930 	6771
f 8940 	7930 	8878
f 8950 	8949 	7243
f 7242 	7243 	8949
f 8947 	8946 	7069
f 8948 	8947 	7069
f 8785 	6296 	8781
f 8950 	8941 	8905
f 8910 	8905 	8942
f 8941 	8942 	8905
f 7243 	7244 	8950
f 1935 	1940 	8665
f 8942 	8943 	8908
f 8942 	8908 	8910
f 8667 	8666 	1940
f 8941 	8950 	7244
f 7244 	7245 	8941
f 6301 	8801 	8803
f 8944 	8909 	8908
f 8944 	8908 	8943
f 8810 	6302 	8803
f 6301 	8803 	6302
f 8868 	8909 	8944
f 8816 	6412 	8810
f 6302 	8810 	6412
f 8668 	2112 	1960
f 7270 	7069 	8945
f 8816 	8817 	6412
f 8668 	1960 	8669
f 8945 	8915 	8914
f 8945 	8914 	7270
f 8945 	7069 	8946
f 8946 	8916 	8915
f 8946 	8915 	8945
f 8949 	8948 	7242
f 7450 	7447 	8547
f 8947 	8917 	8916
f 8947 	8916 	8946
f 7450 	8547 	8548
f 2014 	8683 	8676
f 8948 	8918 	8917
f 8948 	8917 	8947
f 7069 	7242 	8948
f 6423 	6422 	8887
f 8683 	2014 	8698
f 8949 	8919 	8918
f 8949 	8918 	8948
f 8887 	8888 	6423
f 6425 	6423 	8888
f 8890 	6431 	8888
f 8950 	8920 	8919
f 8950 	8919 	8949
f 8701 	2037 	2046
f 8905 	8920 	8950
f 8560 	7477 	8559
f 7936 	7069 	8951
f 8766 	8767 	6289
f 8776 	6290 	8767
f 6289 	8767 	6290
f 7936 	8951 	8922
f 6823 	7936 	8922
f 8704 	2068 	2077
f 6290 	8776 	8778
f 6290 	8778 	6291
f 8778 	8779 	6291
f 8729 	8728 	8952
f 8728 	8708 	8952
f 8710 	8952 	8708
f 6292 	8779 	8780
f 8086 	8509 	2131
f 8718 	8904 	8952
f 8718 	8952 	8710
f 8713 	8719 	8953
f 6296 	8785 	6299
f 3655 	3654 	8721
f 8528 	8521 	8094
f 8801 	6299 	8799
f 8711 	8716 	8721
f 8716 	8724 	8721
f 8096 	8533 	8094
f 8719 	8720 	8953
f 8904 	8718 	8953
f 8713 	8953 	8718
f 8533 	8096 	8546
f 7465 	8554 	8555
f 8817 	6413 	6412
f 7465 	8555 	8557
f 8720 	8954 	8955
f 8956 	8953 	8955
f 8720 	8955 	8953
f 6413 	8817 	8821
f 8904 	8953 	8956
f 6717 	8557 	8492
f 8655 	1843 	8551
f 6417 	6415 	8825
f 7473 	8559 	7477
f 6420 	8825 	8884
f 8726 	8957 	8958
f 8959 	8720 	8958
f 8954 	8720 	8959
f 8726 	8958 	8720
f 8729 	8957 	8726
f 7477 	8560 	8562
f 8951 	8960 	8913
f 8951 	8913 	8922
f 8725 	8721 	8724
f 7270 	8960 	7069
f 8960 	7270 	8914
f 8960 	8914 	8913
f 7490 	8566 	8567
f 8964 	8961 	8110
f 8567 	8568 	7490
f 8113 	8964 	8110
f 6425 	8888 	6431
f 8998 	8997 	8962
f 8963 	8995 	8957
f 8957 	8995 	9039
f 8957 	9039 	9038
f 9033 	8957 	9034
f 9029 	9027 	8957
f 8890 	6102 	6431
f 6288 	6097 	8766
f 8968 	8981 	8967
f 8966 	8967 	8981
f 8965 	8994 	8956
f 8986 	8962 	8989
f 8983 	8962 	8986
f 8956 	8989 	8962
f 6288 	8766 	6289
f 6601 	6600 	8457
f 8458 	8457 	6600
f 9002 	8962 	8970
f 9002 	9001 	8962
f 8999 	8998 	8962
f 8460 	6602 	8457
f 6601 	8457 	6602
f 8983 	8979 	8962
f 8962 	8973 	8970
f 8120 	8150 	8127
f 8972 	8127 	8987
f 8974 	8975 	8987
f 8975 	8976 	8987
f 8976 	8977 	8987
f 8977 	8971 	8987
f 8971 	8972 	8987
f 8973 	8962 	8978
f 8662 	1896 	8620
f 8461 	6603 	8460
f 6602 	8460 	6603
f 8978 	8962 	8979
f 8780 	6293 	6292
f 8625 	8620 	1804
f 1796 	1804 	8620
f 8969 	8966 	8981
f 8980 	8969 	8981
f 8982 	8984 	8981
f 8985 	8981 	8984
f 8980 	8981 	8985
f 6293 	8780 	6294
f 8781 	6294 	8780
f 8781 	6296 	6294
f 8625 	1804 	1807
f 6614 	6717 	8468
f 8990 	8968 	8988
f 8991 	8968 	8990
f 8992 	8968 	8991
f 8993 	8968 	8992
f 8981 	8968 	8993
f 8987 	8988 	8968
f 8968 	8974 	8987
f 8468 	8472 	6614
f 8956 	8994 	8989
f 8801 	6300 	6299
f 8473 	6618 	6616
f 6300 	8801 	6301
f 2134 	1813 	1819
f 9055 	9056 	8966
f 8996 	8957 	8997
f 8963 	8957 	8996
f 6603 	8461 	8478
f 1826 	8651 	1819
f 2134 	1819 	8651
f 8957 	8962 	8997
f 8821 	6415 	6413
f 1826 	1831 	8651
f 8821 	8825 	6415
f 8999 	8962 	9000
f 8653 	1831 	1834
f 9000 	8962 	9001
f 6417 	8825 	6420
f 1839 	8654 	1834
f 8653 	1834 	8654
f 6420 	8884 	6422
f 8885 	8887 	6422
f 8654 	1839 	1843
f 8965 	8956 	9003
f 9003 	8956 	9004
f 9004 	8956 	9005
f 9063 	8230 	8972
f 9005 	8956 	9006
f 7314 	8488 	8490
f 9006 	8956 	9007
f 7353 	6106 	6442
f 9007 	8956 	9008
f 7314 	8490 	8491
f 8779 	8778 	9010
f 8776 	8767 	7353
f 8767 	8766 	7353
f 8656 	1857 	2094
f 1860 	2094 	1857
f 9009 	8956 	9011
f 9008 	8956 	9009
f 6442 	9010 	7353
f 9011 	8956 	9012
f 8534 	7430 	8491
f 2094 	1860 	1867
f 8658 	1867 	1870
f 8980 	9068 	9054
f 9012 	8956 	9013
f 9013 	8956 	9014
f 8659 	8658 	1874
f 1870 	1874 	8658
f 8735 	9010 	8737
f 8727 	8825 	8730
f 8821 	8730 	8825
f 8817 	8730 	8821
f 9010 	8730 	8816
f 8816 	8810 	9010
f 9010 	8810 	8803
f 8803 	8801 	9010
f 8785 	8781 	9010
f 8492 	8468 	6717
f 9014 	8956 	9015
f 9010 	6442 	3520
f 9015 	8956 	9016
f 8659 	1874 	1882
f 9016 	8956 	9017
f 8956 	8955 	9018
f 8956 	9018 	9017
f 3310 	6311 	9010
f 7430 	8534 	7433
f 8535 	7433 	8534
f 1892 	1896 	8662
f 8955 	8954 	9019
f 8535 	8537 	7433
f 7435 	7433 	8537
f 4133 	9020 	6446
f 4133 	6446 	4071
f 1796 	8620 	1896
f 9021 	9022 	6450
f 9021 	6450 	6448
f 8537 	8538 	7435
f 7437 	7435 	8538
f 9025 	9023 	8957
f 8957 	9023 	8958
f 6119 	6452 	7377
f 9024 	7377 	6452
f 9025 	8957 	9027
f 7437 	8538 	7439
f 8540 	7439 	8538
f 6448 	6447 	9026
f 6448 	9026 	9021
f 9029 	8957 	9030
f 6451 	9028 	9024
f 6451 	9024 	6452
f 8540 	7440 	7439
f 9033 	9032 	8957
f 9055 	8966 	8969
f 1918 	8663 	8546
f 6447 	6446 	9020
f 6447 	9020 	9026
f 8967 	8966 	9056
f 7440 	8541 	8542
f 9022 	9028 	6451
f 9022 	6451 	6450
f 9030 	8957 	9031
f 8968 	8967 	9056
f 1918 	1923 	8663
f 8664 	8663 	1923
f 9031 	8957 	9032
f 8665 	8664 	1935
f 1935 	8664 	1923
f 9038 	9037 	8957
f 8286 	8285 	4144
f 4144 	8692 	8286
f 8287 	8286 	8692
f 8288 	8287 	8692
f 9058 	8974 	8968
f 7447 	8577 	8544
f 9034 	8957 	9035
f 8666 	8665 	1940
f 8974 	9058 	8975
f 9059 	8975 	9058
f 9035 	8957 	9036
f 8544 	8547 	7447
f 8667 	1940 	1943
f 7384 	4029 	6127
f 3663 	6127 	4029
f 9059 	8976 	8975
f 9036 	8957 	9037
f 8977 	8976 	9061
f 1957 	2112 	1943
f 8667 	1943 	2112
f 9061 	8971 	8977
f 2112 	1957 	1960
f 8971 	9062 	8972
f 7456 	8550 	8554
f 8669 	1960 	1978
f 8669 	1978 	8676
f 2003 	8676 	1978
f 9040 	8959 	9041
f 8981 	9064 	8982
f 9065 	8982 	9064
f 9041 	8959 	9042
f 9042 	8959 	9043
f 8984 	8982 	9065
f 9043 	8959 	9044
f 9044 	8959 	9045
f 2014 	8676 	2003
f 9045 	8959 	9046
f 8985 	9067 	8980
f 2020 	8698 	2014
f 9046 	8959 	9047
f 8959 	8958 	9048
f 8959 	9048 	9047
f 8701 	8698 	2037
f 2037 	8698 	2020
f 8959 	9050 	8954
f 8954 	9049 	9019
f 9070 	8988 	8987
f 9070 	8987 	9069
f 9049 	8954 	9050
f 8703 	2046 	2053
f 9050 	8959 	9051
f 8990 	8988 	9070
f 9040 	9053 	8959
f 9051 	8959 	9052
f 9072 	8991 	8990
f 8704 	8703 	2068
f 2053 	2068 	8703
f 9052 	8959 	9053
f 7493 	7490 	8568
f 9073 	8992 	8991
f 9073 	8991 	9072
f 8952 	8962 	8957
f 8952 	8957 	8729
f 8992 	9073 	8993
f 7384 	7674 	4029
f 8716 	8708 	8724
f 8728 	8724 	8708
f 8656 	2077 	1857
f 8904 	8956 	8952
f 8962 	8952 	8956
f 8086 	2131 	8087
f 8969 	8980 	9054
f 8088 	8516 	8086
f 9054 	9055 	8969
f 8738 	8973 	8739
f 8091 	8516 	8088
f 8973 	8978 	8740
f 8973 	8740 	8739
f 9057 	8968 	9056
f 8741 	8740 	8979
f 8978 	8979 	8740
f 9058 	8968 	9057
f 8528 	8094 	8533
f 8979 	8742 	8741
f 7674 	7476 	8212
f 8212 	4029 	7674
f 8097 	8546 	8096
f 8097 	1918 	8546
f 9059 	9060 	8976
f 2570 	6618 	2569
f 9060 	9061 	8976
f 8971 	9061 	9062
f 8552 	8098 	8099
f 9063 	8972 	9062
f 8552 	8099 	8553
f 8100 	8553 	8099
f 8553 	8100 	8101
f 3799 	3798 	4288
f 8996 	8747 	8746
f 8603 	8101 	8102
f 8103 	8610 	8102
f 8748 	8747 	8996
f 2131 	8610 	8087
f 8998 	8749 	8748
f 9065 	9066 	8984
f 8750 	8749 	8998
f 8984 	9066 	8985
f 9067 	8985 	9066
f 9000 	8751 	8750
f 9068 	8980 	9067
f 6618 	2570 	6616
f 9069 	8987 	8258
f 8736 	8965 	8757
f 9071 	8990 	9070
f 8758 	8757 	8965
f 6614 	6616 	9403
f 8990 	9071 	9072
f 9004 	8759 	8758
f 9005 	8760 	9004
f 9074 	8993 	9073
f 8981 	8993 	9074
f 8981 	9074 	9064
f 8761 	9007 	8762
f 8763 	8762 	9008
f 9007 	9008 	8762
f 8318 	8232 	9076
f 8230 	9063 	9076
f 6600 	2569 	6618
f 8291 	8290 	8692
f 9008 	9009 	8764
f 9008 	8764 	8763
f 9009 	8765 	8764
f 9104 	9105 	9070
f 8768 	9013 	8769
f 2570 	2571 	9403
f 9013 	9014 	8770
f 9013 	8770 	8769
f 9083 	9055 	9082
f 9084 	9056 	9083
f 9085 	9056 	9084
f 9086 	9057 	9085
f 9087 	9059 	9086
f 9081 	9082 	9068
f 9067 	9092 	9068
f 9090 	9091 	9065
f 9066 	9065 	9091
f 9067 	9066 	9092
f 9081 	9068 	9092
f 8771 	8770 	9015
f 9014 	9015 	8770
f 9015 	9016 	8772
f 9015 	8772 	8771
f 8773 	8772 	9017
f 9016 	9017 	8772
f 9078 	9075 	9062
f 9017 	8774 	8773
f 4133 	4130 	8285
f 9088 	9059 	9087
f 9068 	9082 	9054
f 8289 	8288 	8692
f 9019 	8777 	8775
f 9054 	9082 	9055
f 9058 	9086 	9059
f 8473 	6310 	8458
f 9049 	8818 	9019
f 9055 	9083 	9056
f 9060 	9088 	9061
f 9056 	9085 	9057
f 8786 	8804 	9023
f 8786 	9023 	8787
f 9057 	9086 	9058
f 9095 	9096 	9403
f 9096 	9097 	9403
f 9097 	9098 	9403
f 9098 	9099 	9403
f 9099 	9100 	9403
f 9077 	9061 	9088
f 9029 	8789 	8788
f 9059 	9088 	9060
f 9061 	9077 	9062
f 8789 	9029 	8790
f 9030 	8790 	9029
f 9063 	9062 	9075
f 8791 	8790 	9030
f 9077 	9078 	9062
f 7462 	4773 	9103
f 9033 	8793 	8792
f 9100 	9101 	9403
f 8794 	8793 	9033
f 9035 	8795 	8794
f 9064 	9080 	9089
f 9065 	9064 	9089
f 8795 	9035 	8796
f 9036 	8796 	9035
f 4126 	4144 	8285
f 4127 	4126 	8285
f 9089 	9090 	9065
f 9091 	9092 	9066
f 8798 	8796 	9036
f 9039 	8784 	8783
f 9069 	8258 	9108
f 9070 	9069 	9104
f 8755 	8784 	9039
f 9071 	9070 	9106
f 9108 	9104 	9069
f 9072 	9071 	9107
f 9042 	8808 	8807
f 9073 	9080 	9074
f 8809 	8808 	9042
f 9044 	8811 	8809
f 9064 	9074 	9080
f 8812 	8811 	9045
f 9073 	9072 	9107
f 9107 	9079 	9073
f 9080 	9073 	9079
f 9106 	9107 	9071
f 9105 	9106 	9070
f 8812 	9045 	8813
f 9046 	8813 	9045
f 8815 	8813 	9046
f 9048 	8802 	8815
f 9075 	9157 	9076
f 8804 	8802 	9048
f 8115 	8318 	8446
f 9157 	8446 	9076
f 8777 	9019 	8818
f 9049 	9050 	8818
f 9051 	8820 	8819
f 9158 	9161 	9080
f 9158 	9080 	9079
f 8823 	8820 	9052
f 9089 	9080 	9164
f 9161 	9164 	9080
f 9052 	8824 	8823
f 9164 	9090 	9089
f 8824 	9053 	8806
f 8970 	8738 	8753
f 8970 	8973 	8738
f 9175 	9082 	9081
f 8979 	8983 	8742
f 9083 	9082 	9175
f 8743 	8742 	8986
f 8983 	8986 	8742
f 8986 	8989 	8744
f 8986 	8744 	8743
f 8736 	8744 	8994
f 8989 	8994 	8744
f 8994 	8965 	8736
f 8755 	9039 	8995
f 9087 	9203 	9088
f 8995 	8963 	8746
f 8995 	8746 	8755
f 8996 	8746 	8963
f 8997 	8748 	8996
f 8341 	8451 	9108
f 9210 	9104 	9108
f 8998 	8748 	8997
f 8999 	8750 	8998
f 9000 	8750 	8999
f 9219 	9107 	9106
f 7331 	8296 	8692
f 9001 	8752 	9000
f 6799 	8756 	9109
f 9219 	9158 	9107
f 9079 	9107 	9158
f 9002 	8753 	8752
f 9002 	8752 	9001
f 6800 	9110 	9111
f 6800 	9111 	6802
f 1903 	8961 	8964
f 1903 	8964 	1895
f 8753 	9002 	8970
f 6804 	9112 	4250
f 6804 	4250 	4119
f 6804 	6803 	9113
f 6804 	9113 	9112
f 6800 	6799 	9109
f 6800 	9109 	9110
f 6803 	6802 	9111
f 6803 	9111 	9113
f 8965 	9003 	8758
f 9116 	9117 	9118
f 9116 	9118 	9119
f 9003 	9004 	8758
f 7055 	7111 	9116
f 7055 	9116 	9119
f 9109 	9010 	9110
f 8756 	9010 	9109
f 7099 	7109 	7286
f 7109 	7097 	7287
f 8754 	9010 	8756
f 9005 	9006 	8761
f 9114 	9118 	9117
f 9114 	9117 	9115
f 9006 	9007 	8761
f 9110 	9010 	9111
f 7097 	7096 	7287
f 7100 	7099 	7286
f 7287 	7286 	7109
f 9009 	9011 	8765
f 9011 	9012 	8768
f 9011 	8768 	8765
f 3072 	7321 	3073
f 9012 	9013 	8768
f 9118 	1817 	9119
f 3656 	9010 	6311
f 9114 	1817 	9118
f 1814 	1817 	9114
f 8113 	1817 	1873
f 7055 	9119 	1817
f 9017 	9018 	8774
f 8775 	8774 	8955
f 9018 	8955 	8774
f 8775 	8955 	9019
f 9215 	9212 	1880
f 4254 	4253 	9010
f 9113 	9010 	9112
f 9111 	9010 	9113
f 8787 	9023 	9025
f 9121 	9123 	9120
f 9122 	9123 	9121
f 9101 	9120 	9123
f 9101 	9123 	9124
f 9101 	9124 	9125
f 9101 	9125 	9126
f 9101 	9126 	9127
f 9101 	9127 	9128
f 9101 	9128 	9129
f 9101 	9129 	9130
f 9101 	9130 	9131
f 9101 	9131 	9132
f 9101 	9132 	9133
f 9101 	9133 	9134
f 9101 	9134 	9135
f 9101 	9135 	9136
f 9101 	9136 	9137
f 9101 	9137 	9138
f 9101 	9138 	9139
f 9101 	9139 	9140
f 9101 	9140 	9141
f 9101 	9141 	9142
f 9101 	9142 	9143
f 9101 	9143 	9102
f 9101 	9102 	9403
f 9102 	9103 	9403
f 1912 	9175 	1880
f 9144 	9172 	1880
f 1880 	9164 	9161
f 9215 	1880 	9217
f 9025 	9027 	8788
f 9025 	8788 	8787
f 9027 	9029 	8788
f 9154 	1912 	9156
f 9098 	9146 	9147
f 9098 	9147 	9099
f 9095 	9148 	9149
f 9095 	9149 	9096
f 9093 	9239 	9151
f 9030 	9031 	8791
f 9147 	9152 	9100
f 9147 	9100 	9099
f 9203 	1912 	9150
f 9199 	9194 	1912
f 9149 	9153 	9097
f 9149 	9097 	9096
f 9031 	9032 	8792
f 9031 	8792 	8791
f 9150 	1912 	9154
f 9151 	9155 	9094
f 9151 	9094 	9093
f 9032 	9033 	8792
f 9152 	9145 	9101
f 9152 	9101 	9100
f 9153 	9146 	9098
f 9153 	9098 	9097
f 9033 	9034 	8794
f 9155 	9148 	9095
f 9155 	9095 	9094
f 9157 	1912 	8446
f 9156 	1912 	9157
f 9034 	9035 	8794
f 8737 	9010 	8754
f 9162 	4594 	9103
f 9036 	9037 	8798
f 6835 	9159 	9160
f 6835 	9160 	6832
f 9037 	9038 	8783
f 9037 	8783 	8798
f 9158 	1880 	9161
f 9102 	9165 	9162
f 9102 	9162 	9103
f 6833 	9166 	9163
f 6833 	9163 	6834
f 9039 	8783 	9038
f 9164 	1880 	9167
f 9160 	9166 	6833
f 9160 	6833 	6832
f 9172 	9169 	1880
f 9143 	9168 	9165
f 9143 	9165 	9102
f 1869 	1866 	9159
f 1866 	1891 	9159
f 1863 	1869 	9159
f 9167 	1880 	9169
f 9023 	8804 	8958
f 6835 	6121 	7362
f 9140 	9170 	9171
f 9140 	9171 	9141
f 9173 	9138 	9137
f 9173 	9137 	9174
f 9040 	9041 	8807
f 9040 	8807 	8806
f 6835 	7362 	9159
f 9178 	9175 	1912
f 9144 	1880 	9175
f 9042 	8807 	9041
f 9176 	9135 	9134
f 9176 	9134 	9177
f 9043 	8809 	9042
f 9178 	1912 	9183
f 9179 	6848 	9163
f 6834 	9163 	6848
f 9180 	9132 	9131
f 9180 	9131 	9181
f 9044 	8809 	9043
f 6849 	9182 	9184
f 6849 	9184 	6850
f 9185 	9129 	9128
f 9185 	9128 	9186
f 6851 	9187 	9188
f 6851 	9188 	6852
f 9183 	1912 	9189
f 9190 	9126 	9125
f 9190 	9125 	9193
f 6853 	9191 	9192
f 6853 	9192 	6836
f 9189 	1912 	9194
f 9047 	8815 	9046
f 6838 	9195 	9196
f 6838 	9196 	6839
f 9122 	9197 	9198
f 9122 	9198 	9123
f 1945 	8446 	1912
f 8815 	9047 	9048
f 6841 	9200 	9201
f 6841 	9201 	6842
f 8958 	8804 	9048
f 9120 	9101 	9202
f 9145 	9202 	9101
f 9204 	9205 	6845
f 9204 	6845 	6844
f 9199 	1912 	9203
f 9206 	9208 	6847
f 9206 	6847 	6846
f 9207 	9142 	9141
f 9207 	9141 	9171
f 8819 	8818 	9050
f 9210 	8110 	9212
f 8451 	8110 	9210
f 6837 	9209 	9195
f 6837 	9195 	6838
f 9050 	9051 	8819
f 9173 	9211 	9139
f 9173 	9139 	9138
f 8110 	1880 	9212
f 6840 	9213 	9200
f 6840 	9200 	6841
f 9176 	9214 	9136
f 9176 	9136 	9135
f 8824 	9052 	9053
f 6843 	9216 	9204
f 6843 	9204 	6844
f 9040 	8806 	9053
f 9179 	9182 	6849
f 9179 	6849 	6848
f 9180 	9218 	9133
f 9180 	9133 	9132
f 1880 	9158 	9219
f 9217 	1880 	9219
f 6851 	6850 	9184
f 6851 	9184 	9187
f 8713 	8711 	7641
f 9185 	9220 	9130
f 9185 	9130 	9129
f 6853 	6852 	9188
f 6853 	9188 	9191
f 8964 	8113 	1895
f 9190 	9221 	9127
f 9190 	9127 	9126
f 6837 	6836 	9192
f 6837 	9192 	9209
f 9203 	9150 	9077
f 9198 	9222 	9124
f 9198 	9124 	9123
f 9150 	9154 	9078
f 9150 	9078 	9077
f 6840 	6839 	9196
f 6840 	9196 	9213
f 9075 	9078 	9156
f 9154 	9156 	9078
f 9201 	9216 	6843
f 9201 	6843 	6842
f 9223 	9121 	9120
f 9223 	9120 	9202
f 9156 	9157 	9075
f 9205 	9206 	6846
f 9205 	6846 	6845
f 9207 	9168 	9143
f 9207 	9143 	9142
f 9208 	1850 	6847
f 9247 	8465 	6086
f 9140 	9139 	9211
f 9140 	9211 	9170
f 9214 	9174 	9137
f 9214 	9137 	9136
f 6086 	8467 	6089
f 9218 	9177 	9134
f 9218 	9134 	9133
f 9237 	6028 	7528
f 9090 	9164 	9167
f 9220 	9181 	9131
f 9220 	9131 	9130
f 9167 	9169 	9091
f 9167 	9091 	9090
f 9221 	9186 	9128
f 9221 	9128 	9127
f 2442 	2439 	9159
f 1871 	2442 	9159
f 1879 	1871 	9159
f 1881 	1879 	9159
f 1886 	1881 	9159
f 2439 	2436 	9159
f 9191 	9188 	2436
f 9188 	9187 	2436
f 9187 	9184 	2436
f 9184 	9182 	2436
f 9182 	9179 	2436
f 9179 	9163 	2436
f 9163 	9166 	2436
f 9166 	9160 	2436
f 9160 	9159 	2436
f 6122 	6137 	9279
f 9169 	9172 	9092
f 9169 	9092 	9091
f 9222 	9193 	9125
f 9222 	9125 	9124
f 6086 	6122 	9279
f 6086 	9279 	9247
f 9172 	9144 	9081
f 9172 	9081 	9092
f 9208 	1849 	1850
f 9122 	9121 	9223
f 9122 	9223 	9197
f 9275 	6782 	9274
f 6324 	7943 	6323
f 9209 	9192 	2436
f 2573 	9403 	2572
f 9175 	9081 	9144
f 7362 	1863 	9159
f 1891 	1886 	9159
f 9178 	9083 	9175
f 2988 	6019 	3460
f 9083 	9178 	9084
f 9183 	9084 	9178
f 9230 	9231 	9403
f 9229 	9230 	9403
f 9231 	9232 	9403
f 9232 	9233 	9403
f 9233 	9234 	9403
f 9234 	9235 	9403
f 9235 	9093 	9403
f 9093 	9094 	9403
f 9094 	9095 	9403
f 9189 	9085 	9084
f 9189 	9084 	9183
f 9235 	9239 	9093
f 6859 	6858 	9244
f 6859 	9244 	9236
f 9241 	2188 	9240
f 9240 	6030 	9238
f 9242 	2188 	9241
f 9243 	2188 	9242
f 6019 	2187 	9243
f 6020 	2192 	6019
f 9085 	9189 	9086
f 9194 	9086 	9189
f 9232 	9245 	9246
f 9232 	9246 	9233
f 6858 	6857 	9224
f 6858 	9224 	9244
f 9229 	9248 	9249
f 9229 	9249 	9230
f 9199 	9087 	9086
f 9199 	9086 	9194
f 9253 	9227 	9252
f 9226 	9252 	9227
f 9199 	9203 	9087
f 9246 	9256 	9234
f 9246 	9234 	9233
f 9255 	7421 	6861
f 9088 	9203 	9077
f 9249 	9259 	9231
f 9249 	9231 	9230
f 7736 	7737 	7530
f 6857 	6930 	9224
f 9253 	9260 	9228
f 9253 	9228 	9227
f 9251 	9258 	7737
f 6859 	9236 	9261
f 6859 	9261 	6860
f 9258 	9254 	7737
f 9254 	7530 	7737
f 9257 	8463 	9247
f 9104 	9210 	9212
f 9225 	2574 	2907
f 9339 	9338 	9283
f 9104 	9212 	9105
f 9215 	9105 	9212
f 9250 	8463 	9257
f 7718 	7736 	7530
f 9256 	9239 	9235
f 9256 	9235 	9234
f 6861 	6860 	9261
f 6861 	9261 	9255
f 9217 	9106 	9105
f 9217 	9105 	9215
f 9259 	9245 	9232
f 9259 	9232 	9231
f 9287 	9286 	9255
f 9106 	9217 	9219
f 9260 	9248 	9229
f 9260 	9229 	9228
f 7737 	7738 	9251
f 9251 	8500 	9250
f 9262 	9252 	9226
f 9262 	9226 	9225
f 9340 	9224 	6930
f 1903 	1880 	8110
f 1903 	8110 	8961
f 9238 	6030 	9237
f 7527 	6029 	7526
f 1895 	1894 	1904
f 1895 	1904 	1903
f 1901 	1904 	1894
f 1897 	1901 	1894
f 9236 	9283 	9261
f 9170 	9211 	2186
f 3459 	9243 	9242
f 9263 	6862 	6876
f 9238 	9237 	3465
f 6863 	6862 	9263
f 6863 	9263 	9264
f 9114 	9115 	1814
f 9241 	3469 	9242
f 9211 	2323 	2215
f 2215 	2206 	9211
f 3446 	3465 	9237
f 9265 	6864 	6009
f 2323 	9146 	9153
f 9153 	9149 	2323
f 9266 	9267 	6866
f 9266 	6866 	6865
f 9268 	9269 	6869
f 9268 	6869 	6868
f 9239 	2323 	9151
f 9147 	9146 	2323
f 9152 	9147 	2323
f 9270 	9271 	6873
f 9270 	6873 	6872
f 9272 	9273 	6875
f 9272 	6875 	6874
f 9155 	9151 	2323
f 9277 	6134 	9276
f 9276 	6782 	9275
f 9278 	6134 	9277
f 9279 	6134 	9278
f 9145 	9152 	2323
f 6876 	9280 	9263
f 6867 	9281 	9268
f 6867 	9268 	6868
f 9277 	9276 	9251
f 9277 	9251 	9250
f 6870 	9282 	9270
f 6870 	9270 	6872
f 2191 	2186 	9211
f 9265 	9266 	6865
f 9265 	6865 	6864
f 9278 	9277 	9250
f 9278 	9250 	9257
f 9267 	9281 	6867
f 9267 	6867 	6866
f 2197 	2191 	9211
f 9275 	9274 	9254
f 9275 	9254 	9258
f 9269 	9282 	6870
f 9269 	6870 	6869
f 9162 	9165 	9168
f 9247 	9279 	9278
f 9247 	9278 	9257
f 9271 	9272 	6874
f 9271 	6874 	6873
f 2222 	2215 	2323
f 9173 	2323 	9211
f 9174 	2323 	9173
f 9251 	9276 	9275
f 9251 	9275 	9258
f 9273 	9280 	6876
f 9273 	6876 	6875
f 9214 	2323 	9174
f 2226 	2222 	2323
f 9214 	9176 	2323
f 9274 	6782 	7553
f 9177 	2323 	9176
f 9218 	9180 	2323
f 9180 	9181 	2323
f 9177 	9218 	2323
f 9220 	9185 	2323
f 9181 	9220 	2323
f 6010 	6013 	9284
f 9273 	9272 	9284
f 9272 	9271 	9284
f 9271 	9270 	9284
f 9270 	9282 	9284
f 9280 	9273 	9284
f 9282 	9269 	9284
f 9266 	9265 	9284
f 9269 	9268 	9284
f 9268 	9281 	9284
f 9281 	9267 	9284
f 9266 	9284 	9267
f 9265 	6010 	9284
f 6333 	8418 	6332
f 9190 	9193 	2323
f 9221 	9190 	2323
f 6327 	6328 	7943
f 9223 	2323 	9197
f 9223 	9202 	2323
f 9145 	2323 	9202
f 9287 	9255 	9288
f 9186 	9221 	2323
f 9185 	9186 	2323
f 7943 	6329 	8418
f 9222 	9198 	2323
f 9193 	9222 	2323
f 9198 	9197 	2323
f 9290 	9255 	9291
f 6411 	6414 	8418
f 9291 	9255 	9292
f 9293 	9261 	9294
f 9292 	9261 	9293
f 2206 	2197 	9211
f 9294 	9261 	9295
f 9295 	9261 	9296
f 9149 	9148 	2323
f 9148 	9155 	2323
f 8373 	8374 	4773
f 8417 	4773 	8416
f 9297 	8673 	7463
f 9245 	2323 	9246
f 9239 	9256 	2323
f 9259 	9249 	2323
f 9260 	9253 	2323
f 9248 	9260 	2323
f 9246 	2323 	9256
f 9248 	2323 	9249
f 9301 	8673 	9300
f 4773 	7463 	8673
f 9302 	8673 	9301
f 9303 	8673 	9302
f 9304 	8673 	9303
f 9305 	8673 	9304
f 9306 	8673 	9305
f 9307 	8673 	9306
f 7634 	8673 	9307
f 9306 	9308 	9309
f 9306 	9309 	9307
f 9245 	9259 	2323
f 9303 	9310 	9311
f 9303 	9311 	9304
f 6900 	9295 	9296
f 9300 	9312 	9313
f 9300 	9313 	9301
f 9297 	9314 	9315
f 9297 	9315 	9298
f 9252 	2323 	9253
f 7634 	9307 	7641
f 9309 	7641 	9307
f 9311 	9316 	9305
f 9311 	9305 	9304
f 9313 	9317 	9302
f 9313 	9302 	9301
f 9315 	9318 	9299
f 9315 	9299 	9298
f 2907 	2323 	9262
f 9252 	9262 	2323
f 9297 	7483 	9314
f 9316 	9308 	9306
f 9316 	9306 	9305
f 9317 	9310 	9303
f 9317 	9303 	9302
f 9318 	9312 	9300
f 9318 	9300 	9299
f 8374 	8406 	4773
f 9298 	8673 	9297
f 8373 	4773 	8372
f 8371 	8372 	4773
f 9300 	8673 	9299
f 9313 	9312 	8713
f 2325 	2568 	2323
f 9308 	9316 	8713
f 2566 	8900 	9319
f 3364 	8732 	8900
f 9310 	9317 	8713
f 9313 	8713 	9317
f 1916 	2566 	9320
f 9319 	9320 	2566
f 7480 	8713 	7483
f 9314 	8713 	9315
f 2292 	2309 	9321
f 9309 	9308 	8713
f 9322 	9321 	2568
f 9311 	9310 	8713
f 9323 	9322 	1952
f 9381 	3656 	6311
f 9315 	8713 	9318
f 9312 	9318 	8713
f 9323 	9319 	9321
f 9323 	9321 	9322
f 6889 	9286 	9287
f 9316 	9311 	8713
f 9320 	9324 	1916
f 9320 	9319 	9323
f 9320 	9323 	9324
f 8713 	4845 	8719
f 9291 	6893 	9290
f 8721 	8719 	3655
f 9294 	6899 	9293
f 6900 	6899 	9295
f 9294 	9295 	6899
f 9287 	9288 	6889
f 9288 	9289 	6891
f 9290 	6893 	9289
f 9291 	6894 	6893
f 9292 	6896 	9291
f 6880 	6902 	9283
f 9284 	6882 	9283
f 6880 	9283 	6882
f 9285 	6884 	9284
f 6882 	9284 	6884
f 9285 	6969 	6884
f 6887 	6078 	9286
f 6889 	6887 	9286
f 9288 	6890 	6889
f 6890 	9288 	6891
f 6893 	6891 	9289
f 6894 	9291 	6896
f 6896 	9292 	9293
f 6896 	9293 	6897
f 6897 	9293 	6899
f 6900 	9296 	6902
f 6902 	9296 	9283
f 9224 	9283 	9244
f 9289 	9255 	9290
f 9288 	9255 	9289
f 9286 	7310 	9255
f 7674 	9255 	7310
f 9378 	9366 	3351
f 9342 	9354 	6013
f 9263 	9280 	9284
f 9340 	9339 	9283
f 9224 	9340 	9283
f 9296 	9261 	9283
f 9264 	9263 	9284
f 6911 	6863 	9264
f 9337 	9336 	9283
f 9244 	9283 	9236
f 6911 	9264 	9325
f 6912 	9326 	9327
f 6912 	9327 	6913
f 6914 	9328 	9329
f 6914 	9329 	6916
f 4612 	1797 	3655
f 6919 	9330 	9331
f 6919 	9331 	6920
f 6921 	9332 	9333
f 6921 	9333 	6922
f 6923 	9334 	9335
f 6923 	9335 	6924
f 6925 	9336 	9337
f 6925 	9337 	6927
f 6928 	9338 	9339
f 6928 	9339 	6929
f 4845 	4612 	8719
f 6918 	9341 	9330
f 6918 	9330 	6919
f 6912 	6911 	9325
f 6912 	9325 	9326
f 6914 	6913 	9327
f 6914 	9327 	9328
f 6918 	6916 	9329
f 6918 	9329 	9341
f 6921 	6920 	9331
f 6921 	9331 	9332
f 6923 	6922 	9333
f 6923 	9333 	9334
f 6925 	6924 	9335
f 6925 	9335 	9336
f 6928 	6927 	9337
f 6928 	9337 	9338
f 6930 	6929 	9339
f 6930 	9339 	9340
f 9338 	9337 	9283
f 9336 	9335 	9283
f 9334 	9333 	9283
f 9335 	9334 	9283
f 9333 	9332 	9283
f 9284 	9283 	9332
f 9332 	9331 	9284
f 9331 	9330 	9284
f 9330 	9341 	9284
f 9341 	9329 	9284
f 9329 	9328 	9284
f 9328 	9327 	9284
f 9327 	9326 	9284
f 9326 	9325 	9284
f 9264 	9284 	9325
f 9261 	9292 	9255
f 6013 	6011 	9342
f 6951 	9342 	6011
f 6063 	9342 	6951
f 6063 	6951 	6064
f 9343 	9345 	7925
f 9284 	6013 	9354
f 9285 	9284 	9354
f 9348 	9347 	9354
f 9349 	9348 	9354
f 9352 	9351 	9354
f 9353 	9354 	9344
f 9343 	7328 	6952
f 9285 	9346 	6969
f 9346 	9347 	6969
f 7328 	6088 	6952
f 6960 	9344 	9345
f 6952 	9345 	9343
f 9347 	6975 	6969
f 6980 	6975 	9348
f 6980 	9348 	9349
f 9350 	6986 	9349
f 6986 	9350 	9351
f 6960 	9345 	6964
f 6964 	9345 	6952
f 9351 	9352 	6992
f 9352 	9353 	6992
f 9344 	6960 	9353
f 2973 	3351 	9365
f 9347 	9348 	6975
f 6980 	9349 	6984
f 6984 	9349 	6986
f 6986 	9351 	6989
f 6989 	9351 	6992
f 6992 	9353 	7002
f 7002 	9353 	6960
f 9351 	9350 	9354
f 9350 	9349 	9354
f 9347 	9346 	9354
f 9346 	9285 	9354
f 6063 	9354 	9342
f 6232 	7925 	7021
f 9345 	9344 	7925
f 2814 	2813 	9354
f 7021 	9354 	2813
f 2814 	9354 	6063
f 2819 	2814 	6063
f 7925 	9344 	9354
f 9353 	9352 	9354
f 1845 	9355 	7027
f 1845 	7027 	1844
f 9365 	3351 	9366
f 2971 	2973 	9365
f 7028 	9356 	9357
f 7028 	9357 	7029
f 7030 	9358 	9359
f 7030 	9359 	7031
f 9377 	9373 	9378
f 7032 	9360 	9361
f 7032 	9361 	7033
f 7034 	9362 	9363
f 7034 	9363 	7035
f 6052 	6015 	9364
f 7036 	9364 	6015
f 7028 	7027 	9355
f 7028 	9355 	9356
f 7030 	7029 	9357
f 7030 	9357 	9358
f 7032 	7031 	9359
f 7032 	9359 	9360
f 7034 	7033 	9361
f 7034 	9361 	9362
f 7036 	7035 	9363
f 7036 	9363 	9364
f 9355 	2434 	9356
f 9361 	2430 	9362
f 9360 	2434 	9361
f 9359 	2434 	9360
f 9358 	2434 	9359
f 9357 	2434 	9358
f 1845 	2434 	9355
f 9356 	2434 	9357
f 9362 	2430 	9363
f 1849 	1853 	1854
f 1849 	1854 	1850
f 9412 	9373 	9377
f 9372 	9378 	9373
f 9376 	9378 	9372
f 9371 	9378 	9376
f 9370 	9378 	9371
f 9375 	9378 	9370
f 9369 	9378 	9375
f 9368 	9378 	9369
f 9374 	9378 	9368
f 9367 	9378 	9374
f 9366 	9378 	9367
f 9379 	8568 	9378
f 9380 	9381 	9379
f 4195 	3656 	9381
f 8481 	8478 	4738
f 6310 	8472 	9381
f 2170 	2168 	4594
f 8900 	2150 	2146
f 2019 	1999 	8900
f 2146 	2144 	8900
f 4620 	9382 	9383
f 9383 	9393 	4620
f 4619 	4620 	9393
f 4634 	4619 	9393
f 9386 	9389 	9385
f 9387 	9391 	9386
f 9385 	9390 	9384
f 9390 	9385 	9389
f 9387 	9406 	9391
f 9389 	9386 	9391
f 9392 	9393 	9383
f 9383 	9384 	9390
f 9390 	9392 	9383
f 4744 	9399 	4755
f 9400 	4755 	9399
f 9393 	9399 	4744
f 4634 	9393 	4744
f 9365 	9366 	9383
f 9365 	9383 	9382
f 9367 	9384 	9366
f 9383 	9366 	9384
f 9386 	9369 	9387
f 9367 	9385 	9384
f 9375 	9406 	9369
f 9394 	9400 	9399
f 9395 	9400 	9394
f 9421 	9400 	9398
f 9390 	9396 	9395
f 9389 	9396 	9390
f 9397 	9396 	9389
f 9397 	9389 	9391
f 9388 	9398 	9397
f 9388 	9397 	9391
f 9390 	9395 	9394
f 9390 	9394 	9392
f 9394 	9399 	9393
f 9394 	9393 	9392
f 4755 	9400 	9378
f 9378 	3351 	4755
f 9365 	4620 	2971
f 9382 	4620 	9365
f 9386 	9368 	9369
f 9374 	9368 	9385
f 9386 	9385 	9368
f 9385 	9367 	9374
f 9400 	9401 	9378
f 9379 	9378 	9401
f 9379 	9401 	9380
f 9402 	9380 	9401
f 9396 	9397 	9400
f 9404 	9401 	9403
f 9396 	9400 	9395
f 9404 	9403 	8899
f 9403 	9103 	4773
f 4773 	8899 	9403
f 2574 	9225 	9403
f 7462 	9103 	4594
f 9400 	9403 	9401
f 9402 	9401 	9405
f 8873 	9405 	8899
f 9162 	1917 	4594
f 9404 	8899 	9405
f 9404 	9405 	9401
f 9405 	8873 	9381
f 9381 	9380 	9402
f 9405 	9381 	9402
f 1965 	1959 	9319
f 1999 	1984 	9319
f 9319 	8900 	1999
f 2144 	2019 	8900
f 1921 	9162 	1930
f 1921 	1917 	9162
f 9412 	5872 	9388
f 9411 	9412 	9388
f 9410 	9411 	9388
f 9417 	9388 	5872
f 9420 	9417 	5872
f 5872 	5873 	9420
f 5873 	5874 	9420
f 9388 	9391 	9410
f 9409 	9410 	9391
f 9416 	9420 	5876
f 5893 	5894 	9415
f 9419 	9415 	5894
f 9415 	9416 	5893
f 5876 	5892 	9416
f 5892 	5893 	9416
f 9408 	9409 	9391
f 9407 	9408 	9391
f 9406 	9407 	9391
f 9407 	9406 	9375
f 9397 	9398 	9400
f 9422 	9400 	9421
f 9423 	9400 	9422
f 9424 	7477 	9423
f 9425 	7477 	9424
f 9426 	7477 	9425
f 9427 	7477 	9426
f 9428 	7477 	9427
f 5882 	5883 	7477
f 9427 	9426 	9414
f 9427 	9414 	9413
f 9424 	9423 	9416
f 9424 	9416 	9415
f 9388 	9417 	9398
f 9421 	9398 	9417
f 9428 	9427 	9413
f 9428 	9413 	9418
f 9425 	9424 	9415
f 9425 	9415 	9419
f 9422 	9421 	9417
f 9422 	9417 	9420
f 9428 	9418 	5881
f 5879 	5881 	9418
f 9414 	9426 	9425
f 9414 	9425 	9419
f 9416 	9423 	9422
f 9416 	9422 	9420
f 5881 	5882 	7477
f 6049 	7473 	6048
f 9371 	9408 	9370
f 9407 	9370 	9408
f 9373 	9411 	9372
f 9410 	9372 	9411
f 9407 	9375 	9370
f 9376 	9372 	9409
f 9410 	9409 	9372
f 9377 	5887 	9412
f 5887 	5872 	9412
f 9387 	9369 	9406
f 9409 	9408 	9371
f 9409 	9371 	9376
f 9373 	9412 	9411
f 9400 	7450 	9403
f 9228 	9403 	9227
f 9227 	9403 	9226
f 9225 	9226 	9403
f 9228 	9229 	9403
f 2571 	2572 	9403
f 9429 	9442 	9432
f 9429 	9432 	9433
f 9429 	9433 	9434
f 9429 	9434 	9435
f 9429 	9435 	9436
f 9429 	9436 	9437
f 9429 	9437 	9438
f 9429 	9438 	9439
f 9440 	9441 	9439
f 9429 	9439 	9441
f 9444 	9432 	9443
f 9442 	9443 	9432
f 9445 	9431 	9444
f 9446 	9431 	9445
f 9447 	9431 	9446
f 9448 	9431 	9447
f 9449 	9431 	9448
f 9450 	9431 	9449
f 9451 	9431 	9450
f 9452 	9431 	9451
f 9453 	9431 	9452
f 9432 	9444 	9431
f 9431 	9457 	9430
f 9455 	9456 	9431
f 9456 	9457 	9431
f 9454 	9430 	9457
f 9454 	9457 	9458
f 9454 	9458 	9459
f 9454 	9459 	9460
f 9454 	9460 	9461
f 9454 	9461 	9462
f 9454 	9462 	9463
f 9454 	9463 	9464
f 9454 	9464 	9465
f 9466 	9455 	9431
f 9453 	9467 	9431
f 9467 	9468 	9431
f 9468 	9469 	9431
f 9469 	9470 	9431
f 9470 	9471 	9431
f 9471 	9472 	9431
f 9472 	9473 	9431
f 9473 	9474 	9431
f 9474 	9475 	9431
f 9476 	9431 	9475
f 9466 	9431 	9476
f 9430 	9477 	9431
f 9478 	9479 	9431
f 9482 	9483 	9435
f 9494 	9495 	9446
f 9478 	9431 	9477
f 9432 	9431 	9479
f 9432 	9479 	9433
f 9480 	9433 	9479
f 9434 	9433 	9480
f 9482 	9435 	9434
f 9436 	9435 	9483
f 9483 	9484 	9437
f 9483 	9437 	9436
f 9484 	9438 	9437
f 9440 	9439 	9487
f 9487 	9441 	9440
f 9441 	9488 	9429
f 9429 	9489 	9442
f 9442 	9489 	9490
f 9442 	9490 	9443
f 9491 	9443 	9490
f 9491 	9492 	9444
f 9491 	9444 	9443
f 9492 	9445 	9444
f 9494 	9446 	9445
f 9447 	9446 	9495
f 9495 	1803 	9448
f 9495 	9448 	9447
f 9449 	9448 	1802
f 1803 	1802 	9448
f 1802 	9450 	9449
f 9450 	1808 	9451
f 1808 	9452 	9451
f 9497 	9456 	9455
f 9497 	9455 	9496
f 9456 	9497 	9457
f 9498 	9457 	9497
f 9498 	9499 	9457
f 9458 	9457 	9499
f 9500 	9459 	9458
f 9500 	9458 	9499
f 9459 	9500 	9460
f 9501 	9460 	9500
f 9460 	9501 	9461
f 9502 	9461 	9501
f 9502 	9503 	9461
f 9462 	9461 	9503
f 9504 	9463 	9462
f 9504 	9462 	9503
f 9463 	9504 	9464
f 9505 	9464 	9504
f 9464 	9505 	9465
f 9506 	9465 	9505
f 9465 	9506 	9454
f 9507 	9454 	9506
f 9430 	9454 	9507
f 9468 	1835 	9469
f 1835 	1838 	9470
f 1835 	9470 	9469
f 1838 	9471 	9470
f 1862 	9476 	9475
f 1862 	1868 	9476
f 9466 	9476 	1868
f 1868 	9455 	9466
f 9480 	9481 	9434
f 9481 	9482 	9434
f 9484 	9485 	9438
f 9439 	9438 	9486
f 9485 	9486 	9438
f 9486 	9487 	9439
f 9441 	9487 	9488
f 9489 	9429 	9488
f 9492 	9493 	9445
f 9493 	9494 	9445
f 1802 	1806 	9450
f 1806 	1808 	9450
f 1808 	1812 	9452
f 9453 	9452 	1815
f 1812 	1815 	9452
f 9453 	1815 	9467
f 9430 	9507 	9477
f 1815 	1829 	9467
f 9468 	9467 	1832
f 1829 	1832 	9467
f 1832 	1835 	9468
f 1838 	1842 	9471
f 1842 	1847 	9472
f 1842 	9472 	9471
f 9473 	9472 	1851
f 1847 	1851 	9472
f 1851 	1855 	9474
f 1851 	9474 	9473
f 9475 	9474 	1858
f 1855 	1858 	9474
f 1858 	1862 	9475
f 9496 	9455 	1868
f 1927 	1937 	9489
f 1937 	2173 	9489
f 9490 	9489 	2173
f 1970 	9502 	1961
f 1961 	9500 	1956
f 1868 	1862 	1889
f 9496 	1868 	1889
f 1956 	9499 	1885
f 2161 	9479 	2159
f 2163 	9480 	2161
f 2167 	9480 	2163
f 2169 	9481 	2167
f 2171 	9482 	2169
f 9479 	9478 	2159
f 2145 	2147 	9506
f 2137 	9505 	2008
f 2137 	2145 	9506
f 9507 	9506 	2147
f 2153 	9477 	2147
f 9487 	9486 	1914
f 1908 	9485 	1902
f 2171 	1902 	9484
f 2171 	9484 	9483
f 2171 	9483 	9482
f 9481 	2169 	9482
f 2153 	2159 	9477
f 9478 	9477 	2159
f 9479 	2161 	9480
f 9480 	2167 	9481
f 9484 	1902 	9485
f 1908 	1914 	9485
f 9486 	9485 	1914
f 1914 	1920 	9487
f 9496 	1883 	9497
f 1991 	9502 	1970
f 9497 	1883 	9498
f 9498 	1884 	9499
f 9501 	1961 	9502
f 9499 	1956 	9500
f 9500 	1961 	9501
f 2008 	9504 	1991
f 9502 	1991 	9503
f 9504 	2008 	9505
f 9503 	1991 	9504
f 9505 	2137 	9506
f 9507 	2147 	9477
f 2189 	9493 	2183
f 2183 	9491 	2178
f 2178 	9491 	2173
f 2193 	9493 	2189
f 9491 	9490 	2173
f 2223 	1806 	2218
f 2211 	2218 	1802
f 2227 	1806 	2223
f 1815 	1812 	2229
f 1812 	1808 	2229
f 2231 	1815 	2229
f 2236 	1815 	2231
f 2241 	1832 	2236
f 2245 	1832 	2241
f 2260 	1835 	2245
f 2287 	1855 	2281
f 2266 	1838 	2260
f 9495 	9494 	2203
f 9494 	9493 	2193
f 1888 	1889 	1862
f 2287 	1887 	1858
f 1851 	2281 	1855
f 1858 	1855 	2287
f 1851 	1847 	2281
f 1862 	1858 	1888
f 1888 	1858 	1887
f 9491 	2183 	9492
f 9489 	9488 	1927
f 1920 	1927 	9487
f 9488 	9487 	1927
f 2193 	2203 	9494
f 9492 	2183 	9493
f 9495 	2203 	1803
# 15528 faces

 #end of obj_1

