# Object Export From Tinkercad Server 2015

mtllib obj.mtl

o obj_0
v 149.395 		170.044 		0.001
v 149.109 		170.142 		0.001
v 148.838 		170.275 		0.001
v 148.587 		170.443 		0.001
v 148.36 		170.642 		0.001
v 148.16 		170.869 		0.001
v 147.993 		171.121 		0.001
v 147.859 		171.392 		0.001
v 126.038 		219.504 		4.502
v 126.038 		219.504 		4.531
v 125.507 		219.858 		4.531
v 125.507 		219.858 		4.502
v 126.61 		219.221 		4.502
v 126.61 		219.221 		4.531
v 127 		219.0884 		4.502
v 153.619 		200.749 		4.502
v 128.475 		218.85 		4.502
v 151.399 		170.443 		0.001
v 147.859 		171.392 		2.415
v 147.993 		171.121 		2.415
v 151.148 		170.275 		0.001
v 150.877 		170.142 		0.001
v 150.591 		170.044 		0.001
v 147.7868 		171.605 		2.415
v 150.294 		169.985 		0.001
v 147.7868 		171.605 		0.029
v 149.993 		169.966 		0.001
v 149.691 		169.985 		0.001
v 149.61 		197.444 		4.502
v 151.399 		170.443 		2.415
v 133.35 		223.725 		4.502
v 132.979 		225.591 		4.502
v 151.148 		170.275 		2.415
v 133.0303 		225.44 		4.502
v 132.7378 		226.0802 		4.502
v 131.443 		219.858 		4.502
v 131.096 		219.6262 		4.502
v 150.877 		170.142 		2.415
v 131.922 		220.278 		4.502
v 132.343 		220.758 		4.502
v 150.591 		170.044 		2.415
v 132.697 		221.288 		4.502
v 132.979 		221.86 		4.502
v 133.184 		222.464 		4.502
v 150.294 		169.985 		2.415
v 133.308 		223.089 		4.502
v 133.308 		224.362 		4.502
v 149.993 		169.966 		2.415
v 133.184 		224.987 		4.502
v 127.213 		219.016 		4.502
v 149.691 		169.985 		2.415
v 127.839 		218.892 		4.502
v 129.111 		218.892 		4.502
v 129.737 		219.016 		4.502
v 130.341 		219.221 		4.502
v 152.127 		171.392 		0.001
v 152.127 		171.392 		2.415
v 152.1992 		171.605 		2.415
v 152.1992 		171.605 		0.029
v 151.993 		171.121 		0.001
v 151.993 		171.121 		2.415
v 151.826 		170.869 		0.001
v 151.826 		170.869 		2.415
v 151.626 		170.642 		0.001
v 151.626 		170.642 		2.415
v 154.956 		171.48 		0.001
v 154.832 		170.855 		0.001
v 154.627 		170.251 		0.001
v 153.256 		171.245 		2.415
v 153.256 		171.245 		4.531
v 153.3274 		171.605 		4.502
v 153.3274 		171.605 		2.415
v 154.345 		169.679 		0.001
v 153.99 		169.149 		0.001
v 153.57 		168.67 		0.001
v 153.108 		170.81 		2.415
v 153.108 		170.81 		4.531
v 153.09 		168.249 		0.001
v 152.906 		170.399 		2.415
v 152.906 		170.399 		4.531
v 152.651 		170.018 		2.415
v 152.651 		170.018 		4.531
v 152.56 		167.895 		0.001
v 151.988 		167.613 		0.001
v 151.385 		167.408 		0.001
v 150.759 		167.283 		0.001
v 150.123 		167.242 		0.001
v 149.486 		167.283 		0.001
v 148.861 		167.408 		0.001
v 148.257 		167.613 		0.001
v 147.685 		167.895 		0.001
v 130.913 		219.504 		4.502
v 151.211 		168.913 		2.415
v 151.211 		168.913 		4.531
v 124.787 		220.396 		4.502
v 150.777 		168.766 		2.415
v 150.777 		168.766 		4.531
v 125.028 		220.278 		4.502
v 124.867 		220.462 		4.502
v 150.327 		168.676 		2.415
v 150.327 		168.676 		4.531
v 149.869 		168.646 		2.415
v 149.869 		168.646 		4.531
v 149.412 		168.676 		2.415
v 149.412 		168.676 		4.531
v 148.962 		168.766 		2.415
v 148.962 		168.766 		4.531
v 148.528 		168.913 		2.415
v 148.528 		168.913 		4.531
v 124.787 		220.396 		0.029
v 148.116 		169.116 		2.415
v 148.116 		169.116 		4.531
v 152.443 		202.176 		4.501
v 152.4429 		202.1758 		4.501
v 153.619 		200.749 		4.501
v 147.735 		169.371 		2.415
v 147.735 		169.371 		4.531
v 152.4429 		202.1758 		0.029
v 132.7378 		226.0802 		0.029
v 152.348 		169.673 		2.415
v 152.348 		169.673 		4.531
v 152.004 		169.371 		2.415
v 152.004 		169.371 		4.531
v 151.622 		169.116 		2.415
v 151.622 		169.116 		4.531
v 154.977 		197.444 		4.502
v 154.977 		197.444 		4.501
v 149.61 		197.444 		4.501
v 154.973 		195.645 		0.001
v 149.567 		196.577 		0.001
v 154.977 		195.94 		0.029
v 154.973 		195.645 		0.029
v 149.567 		196.577 		0.029
v 145.227 		195.6011 		0.029
v 145.227 		195.6011 		4.502
v 147.685 		167.895 		4.531
v 147.195 		193.783 		4.502
v 148.682 		193.584 		4.502
v 152.032 		193.604 		4.502
v 153.527 		193.725 		4.502
v 148.257 		167.613 		4.531
v 148.861 		167.408 		4.531
v 149.486 		167.283 		4.531
v 154.977 		195.94 		4.501
v 150.123 		167.242 		4.531
v 150.759 		167.283 		4.531
v 151.385 		167.408 		4.531
v 152.032 		193.604 		6.913
v 153.527 		193.725 		6.913
v 151.988 		167.613 		4.531
v 154.977 		192.7416 		0.029
v 152.56 		167.895 		4.531
v 145.281 		171.605 		4.502
v 145.281 		171.605 		0.029
v 145.289 		171.48 		0.001
v 145.289 		171.48 		4.531
v 145.414 		170.855 		0.001
v 145.414 		170.855 		4.531
v 145.619 		170.251 		0.001
v 145.619 		170.251 		4.531
v 145.901 		169.679 		0.001
v 145.901 		169.679 		4.531
v 146.255 		169.149 		0.001
v 146.255 		169.149 		4.531
v 147.195 		193.783 		6.842
v 148.682 		193.584 		6.842
v 146.676 		168.67 		4.531
v 146.676 		168.67 		0.001
v 145.227 		183.5794 		4.502
v 145.82 		183.5 		4.502
v 145.82 		183.5 		6.842
v 147.155 		168.249 		0.001
v 147.155 		168.249 		4.531
v 147.39 		169.673 		2.415
v 147.39 		169.673 		4.531
v 154.977 		182.2746 		4.502
v 154.352 		183.508 		4.502
v 152.857 		183.387 		4.502
v 147.088 		170.018 		2.415
v 147.088 		170.018 		4.531
v 146.833 		170.399 		2.415
v 146.833 		170.399 		4.531
v 154.352 		183.508 		6.913
v 152.857 		183.387 		6.913
v 146.63 		170.81 		2.415
v 146.63 		170.81 		4.531
v 146.483 		171.245 		2.415
v 146.483 		171.245 		4.531
v 146.4116 		171.605 		2.415
v 146.4116 		171.605 		4.502
v 147.307 		183.301 		4.502
v 154.977 		171.605 		4.502
v 154.9642 		171.605 		4.502
v 154.9642 		171.605 		0.029
v 154.977 		171.605 		0.029
v 147.307 		183.301 		6.842
v 145.227 		171.605 		4.502
v 145.227 		171.605 		0.029
v 147.685 		176.339 		0.001
v 148.257 		176.621 		0.001
v 148.861 		176.826 		0.001
v 149.486 		176.95 		0.001
v 150.123 		176.992 		0.001
v 150.759 		176.95 		0.001
v 151.385 		176.826 		0.001
v 151.988 		176.621 		0.001
v 152.56 		176.339 		0.001
v 147.703 		172.577 		0.001
v 147.683 		172.276 		0.001
v 147.762 		172.873 		0.001
v 147.859 		173.16 		0.001
v 147.993 		173.431 		0.001
v 148.16 		173.682 		0.001
v 148.36 		173.909 		0.001
v 148.587 		174.108 		0.001
v 148.838 		174.276 		0.001
v 149.109 		174.41 		0.001
v 149.395 		174.507 		0.001
v 154.832 		170.855 		4.531
v 154.956 		171.48 		4.531
v 154.627 		170.251 		4.531
v 146.47 		175.3291 		4.502
v 146.47 		175.3291 		4.531
v 146.3666 		172.192 		4.502
v 146.364 		172.152 		4.531
v 146.364 		172.152 		4.502
v 146.3935 		171.701 		4.502
v 146.394 		172.61 		4.502
v 146.394 		172.61 		4.531
v 146.47 		172.9934 		4.531
v 146.47 		172.9934 		4.502
v 146.394 		171.694 		4.502
v 146.394 		171.694 		4.531
v 153.375 		178.706 		4.502
v 154.977 		172.435 		4.502
v 154.956 		172.753 		4.502
v 154.832 		173.378 		4.502
v 153.57 		168.67 		4.531
v 153.99 		169.149 		4.531
v 154.345 		169.679 		4.531
v 154.627 		173.982 		4.502
v 154.345 		174.554 		4.502
v 153.99 		175.084 		4.502
v 153.09 		168.249 		4.531
v 153.57 		175.564 		4.502
v 149.691 		174.566 		0.001
v 149.993 		174.586 		0.001
v 150.294 		174.566 		0.001
v 150.591 		174.507 		0.001
v 150.877 		174.41 		0.001
v 151.148 		174.276 		0.001
v 151.399 		174.108 		0.001
v 151.626 		173.909 		0.001
v 151.826 		173.682 		0.001
v 151.993 		173.431 		0.001
v 152.127 		173.16 		0.001
v 152.224 		172.873 		0.001
v 152.283 		172.577 		0.001
v 152.303 		172.276 		0.001
v 153.09 		175.984 		0.001
v 153.57 		175.564 		0.001
v 153.99 		175.084 		0.001
v 154.345 		174.554 		0.001
v 154.627 		173.982 		0.001
v 154.832 		173.378 		0.001
v 154.956 		172.753 		0.001
v 147.762 		171.678 		0.001
v 147.703 		171.974 		0.001
v 152.283 		171.974 		0.001
v 152.224 		171.678 		0.001
v 154.998 		172.117 		0.001
v 145.248 		172.117 		0.001
v 145.289 		172.753 		0.001
v 145.414 		173.378 		0.001
v 145.619 		173.982 		0.001
v 145.901 		174.554 		0.001
v 146.255 		175.084 		0.001
v 146.676 		175.564 		0.001
v 147.155 		175.984 		0.001
v 149.395 		170.044 		2.415
v 152.56 		176.339 		0.029
v 152.6361 		176.288 		0.029
v 151.988 		176.621 		0.029
v 152.303 		176.4657 		0.029
v 151.385 		176.826 		0.029
v 149.109 		170.142 		2.415
v 150.759 		176.95 		0.029
v 150.123 		176.992 		0.029
v 149.486 		176.95 		0.029
v 148.861 		176.826 		0.029
v 148.257 		176.621 		0.029
v 148.838 		170.275 		2.415
v 147.685 		176.339 		0.029
v 147.6089 		176.288 		0.029
v 147.683 		176.3377 		0.029
v 148.587 		170.443 		2.415
v 154.956 		172.753 		0.029
v 154.977 		172.435 		0.029
v 154.832 		173.378 		0.029
v 154.627 		173.982 		0.029
v 148.36 		170.642 		2.415
v 154.345 		174.554 		0.029
v 153.99 		175.084 		0.029
v 153.57 		175.564 		0.029
v 148.16 		170.869 		2.415
v 153.09 		175.984 		0.029
v 153.375 		175.7346 		0.029
v 147.48 		176.2017 		0.029
v 147.703 		172.577 		0.029
v 147.683 		172.276 		0.029
v 147.762 		172.873 		0.029
v 147.859 		173.16 		0.029
v 147.993 		173.431 		0.029
v 148.16 		173.682 		0.029
v 148.36 		173.909 		0.029
v 148.587 		174.108 		0.029
v 148.838 		174.276 		0.029
v 149.109 		174.41 		0.029
v 149.395 		174.507 		0.029
v 149.528 		174.5335 		0.029
v 147.6886 		172.192 		0.029
v 149.691 		174.566 		0.029
v 149.993 		174.586 		0.029
v 150.294 		174.566 		0.029
v 150.591 		174.507 		0.029
v 150.877 		174.41 		0.029
v 151.148 		174.276 		0.029
v 151.399 		174.108 		0.029
v 151.576 		173.9528 		0.029
v 151.626 		173.909 		0.029
v 151.826 		173.682 		0.029
v 151.993 		173.431 		0.029
v 152.127 		173.16 		0.029
v 152.224 		172.873 		0.029
v 152.283 		172.577 		0.029
v 152.303 		172.276 		0.029
v 152.2974 		172.192 		0.029
v 154.977 		171.7985 		0.029
v 154.9706 		171.701 		0.029
v 147.762 		171.678 		0.029
v 147.703 		171.974 		0.029
v 147.7574 		171.701 		0.029
v 152.283 		171.974 		0.029
v 152.224 		171.678 		0.029
v 152.2286 		171.701 		0.029
v 145.2748 		171.701 		0.029
v 145.248 		172.117 		0.029
v 147.155 		175.984 		0.029
v 146.676 		175.564 		0.029
v 146.255 		175.084 		0.029
v 146.364 		175.2083 		0.029
v 146.47 		175.3291 		0.029
v 145.901 		174.554 		0.029
v 145.619 		173.982 		0.029
v 145.414 		173.378 		0.029
v 145.289 		172.753 		0.029
v 153.375 		175.7346 		4.502
v 154.9706 		171.701 		4.502
v 154.977 		171.7985 		4.502
v 146.364 		175.2083 		4.502
v 146.47 		178.706 		4.502
v 145.248 		172.117 		4.502
v 145.2748 		171.701 		4.502
v 146.255 		175.084 		4.502
v 145.901 		174.554 		4.502
v 145.619 		173.982 		4.502
v 145.414 		173.378 		4.502
v 145.289 		172.753 		4.502
v 147.762 		171.678 		2.415
v 147.703 		171.974 		1.898
v 147.7574 		171.701 		1.898
v 147.7574 		171.701 		2.415
v 152.283 		171.974 		1.898
v 152.2286 		171.701 		1.898
v 152.224 		171.678 		2.415
v 152.2286 		171.701 		2.415
v 147.703 		172.577 		1.898
v 147.683 		172.276 		1.898
v 147.762 		172.873 		1.898
v 147.859 		173.16 		1.898
v 147.993 		173.431 		1.898
v 148.16 		173.682 		1.898
v 148.36 		173.909 		1.898
v 148.587 		174.108 		1.898
v 148.838 		174.276 		1.898
v 149.109 		174.41 		1.898
v 149.395 		174.507 		1.898
v 149.691 		174.566 		1.898
v 149.993 		174.586 		1.898
v 150.294 		174.566 		1.898
v 150.591 		174.507 		1.898
v 150.877 		174.41 		1.898
v 151.148 		174.276 		1.898
v 151.399 		174.108 		1.898
v 151.626 		173.909 		1.898
v 151.826 		173.682 		1.898
v 151.993 		173.431 		1.898
v 152.127 		173.16 		1.898
v 152.224 		172.873 		1.898
v 152.283 		172.577 		1.898
v 152.303 		172.276 		1.898
v 153.375 		171.701 		1.898
v 153.375 		178.706 		1.898
v 153.375 		171.701 		4.502
v 153.3455 		171.701 		2.415
v 153.3455 		171.701 		4.502
v 153.345 		171.694 		2.415
v 153.345 		171.694 		4.502
v 146.47 		178.706 		1.898
v 146.47 		171.701 		1.898
v 146.47 		172.9934 		2.415
v 146.47 		171.701 		2.415
v 146.364 		172.152 		2.415
v 146.394 		172.61 		2.415
v 146.394 		171.694 		2.415
v 131.443 		227.593 		0.001
v 131.922 		227.173 		0.001
v 132.343 		226.693 		0.001
v 123.971 		225.591 		0.001
v 124.253 		226.163 		0.001
v 124.608 		226.693 		0.001
v 125.028 		227.173 		0.001
v 125.507 		227.593 		0.001
v 126.038 		227.947 		0.001
v 126.61 		228.229 		0.001
v 127.213 		228.434 		0.001
v 127.839 		228.559 		0.001
v 128.475 		228.6 		0.001
v 129.111 		228.559 		0.001
v 129.737 		228.434 		0.001
v 130.341 		228.229 		0.001
v 130.913 		227.947 		0.001
v 123.6 		223.725 		0.001
v 123.642 		224.362 		0.001
v 123.766 		224.987 		0.001
v 124.608 		220.758 		0.001
v 124.253 		221.288 		0.001
v 123.971 		221.86 		0.001
v 123.766 		222.464 		0.001
v 123.642 		223.089 		0.001
v 132.343 		226.693 		4.531
v 131.922 		227.173 		4.531
v 131.443 		227.593 		4.531
v 128.475 		228.6 		4.531
v 127.839 		228.559 		4.531
v 127.213 		228.434 		4.531
v 126.61 		228.229 		4.531
v 126.038 		227.947 		4.531
v 125.507 		227.593 		4.531
v 125.028 		227.173 		4.531
v 124.608 		226.693 		4.531
v 124.253 		226.163 		4.531
v 123.971 		225.591 		4.531
v 130.913 		227.947 		4.531
v 130.341 		228.229 		4.531
v 129.737 		228.434 		4.531
v 129.111 		228.559 		4.531
v 123.766 		224.987 		4.531
v 123.642 		224.362 		4.531
v 123.6 		223.725 		4.531
v 123.642 		223.089 		4.531
v 123.766 		222.464 		4.531
v 123.971 		221.86 		4.531
v 124.253 		221.288 		4.531
v 124.608 		220.758 		4.531
v 124.867 		220.462 		0.029
v 155.02 		199.111 		4.501
v 155.02 		199.111 		0.001
v 149.505 		197.825 		0.001
v 152.443 		202.176 		0.001
v 149.505 		197.825 		0.029
v 132.697 		226.163 		0.001
v 132.979 		225.591 		0.001
v 133.184 		224.987 		0.001
v 133.308 		224.362 		0.001
v 133.35 		223.725 		0.001
v 133.308 		223.089 		0.001
v 133.184 		222.464 		0.001
v 132.979 		221.86 		0.001
v 132.697 		221.288 		0.001
v 132.343 		220.758 		0.001
v 131.922 		220.278 		0.001
v 131.443 		219.858 		0.001
v 130.913 		219.504 		0.001
v 130.341 		219.221 		0.001
v 129.737 		219.016 		0.001
v 129.111 		218.892 		0.001
v 128.475 		218.85 		0.001
v 127.839 		218.892 		0.001
v 127.213 		219.016 		0.001
v 126.61 		219.221 		0.001
v 126.038 		219.504 		0.001
v 125.507 		219.858 		0.001
v 125.028 		220.278 		0.001
v 132.979 		225.591 		0.029
v 133.0303 		225.44 		0.029
v 131.443 		219.858 		0.029
v 131.096 		219.6262 		0.029
v 131.922 		220.278 		0.029
v 132.343 		220.758 		0.029
v 132.697 		221.288 		0.029
v 132.979 		221.86 		0.029
v 133.184 		222.464 		0.029
v 133.308 		223.089 		0.029
v 133.35 		223.725 		0.029
v 133.308 		224.362 		0.029
v 133.184 		224.987 		0.029
v 127.213 		219.016 		0.029
v 127 		219.0884 		0.029
v 127.839 		218.892 		0.029
v 128.475 		218.85 		0.029
v 129.111 		218.892 		0.029
v 129.737 		219.016 		0.029
v 130.341 		219.221 		0.029
v 130.913 		219.504 		0.029
v 125.028 		220.278 		0.029
v 125.507 		219.858 		0.029
v 126.038 		219.504 		0.029
v 126.61 		219.221 		0.029
v 132.979 		225.591 		4.531
v 132.697 		226.163 		4.531
v 133.35 		223.725 		4.531
v 133.308 		224.362 		4.531
v 133.184 		224.987 		4.531
v 131.443 		219.858 		4.531
v 131.922 		220.278 		4.531
v 132.343 		220.758 		4.531
v 132.697 		221.288 		4.531
v 132.979 		221.86 		4.531
v 133.184 		222.464 		4.531
v 133.308 		223.089 		4.531
v 128.475 		218.85 		4.531
v 129.111 		218.892 		4.531
v 129.737 		219.016 		4.531
v 130.341 		219.221 		4.531
v 130.913 		219.504 		4.531
v 127.213 		219.016 		4.531
v 127.839 		218.892 		4.531
v 125.028 		220.278 		4.531
v 154.956 		172.753 		4.531
v 154.832 		173.378 		4.531
v 154.627 		173.982 		4.531
v 154.345 		174.554 		4.531
v 153.99 		175.084 		4.531
v 153.57 		175.564 		4.531
v 153.375 		175.7346 		4.531
v 154.998 		172.117 		4.531
v 153.375 		171.701 		4.531
v 153.3455 		171.701 		4.531
v 153.345 		171.694 		4.531
v 146.255 		175.084 		4.531
v 145.901 		174.554 		4.531
v 145.619 		173.982 		4.531
v 145.414 		173.378 		4.531
v 145.289 		172.753 		4.531
v 145.248 		172.117 		4.531
# 556 vertices

g group_0_6383466

usemtl color_6383466
s 0

f 88 	89 	28
f 2 	91 	3
f 3 	172 	4
f 4 	168 	5
f 5 	163 	6
f 9 	10 	11
f 9 	11 	12
f 13 	14 	10
f 13 	10 	9
f 7 	6 	161
f 14 	13 	15
f 8 	19 	20
f 8 	20 	7
f 187 	185 	19
f 64 	62 	74
f 74 	75 	64
f 8 	26 	19
f 24 	19 	26
f 18 	64 	75
f 75 	78 	18
f 78 	83 	18
f 23 	22 	85
f 189 	187 	24
f 24 	187 	19
f 17 	135 	53
f 52 	135 	17
f 31 	46 	16
f 43 	16 	44
f 34 	16 	32
f 33 	30 	18
f 33 	18 	21
f 38 	41 	93
f 37 	135 	36
f 36 	29 	39
f 38 	33 	21
f 38 	21 	22
f 43 	42 	16
f 96 	93 	41
f 39 	16 	40
f 40 	16 	42
f 41 	38 	22
f 41 	22 	23
f 41 	45 	96
f 45 	41 	23
f 45 	23 	25
f 44 	16 	46
f 31 	16 	47
f 34 	49 	16
f 35 	32 	16
f 48 	45 	25
f 48 	25 	27
f 47 	16 	49
f 100 	96 	45
f 48 	100 	45
f 28 	51 	48
f 28 	48 	27
f 50 	135 	52
f 51 	28 	280
f 1 	280 	28
f 53 	135 	54
f 54 	135 	55
f 92 	135 	37
f 58 	59 	57
f 56 	57 	59
f 60 	61 	57
f 60 	57 	56
f 62 	63 	61
f 62 	61 	60
f 67 	68 	56
f 68 	73 	60
f 64 	65 	63
f 64 	63 	62
f 62 	60 	73
f 73 	74 	62
f 61 	63 	79
f 65 	81 	63
f 65 	64 	30
f 18 	30 	64
f 60 	56 	68
f 56 	270 	67
f 67 	270 	66
f 33 	122 	30
f 30 	120 	65
f 69 	70 	71
f 69 	71 	72
f 163 	161 	6
f 27 	25 	87
f 83 	84 	21
f 21 	18 	83
f 22 	21 	84
f 84 	85 	22
f 85 	86 	23
f 76 	77 	70
f 76 	70 	69
f 25 	23 	86
f 86 	87 	25
f 79 	80 	77
f 79 	77 	76
f 89 	90 	1
f 81 	82 	80
f 81 	80 	79
f 87 	88 	27
f 28 	27 	88
f 168 	4 	172
f 172 	3 	91
f 1 	28 	89
f 2 	1 	90
f 91 	2 	90
f 76 	69 	57
f 57 	61 	76
f 58 	57 	69
f 72 	58 	69
f 79 	76 	61
f 81 	79 	63
f 55 	135 	92
f 94 	93 	96
f 94 	96 	97
f 95 	135 	12
f 95 	98 	99
f 97 	96 	100
f 97 	100 	101
f 98 	95 	12
f 12 	135 	9
f 101 	100 	102
f 101 	102 	103
f 16 	39 	29
f 103 	102 	104
f 103 	104 	105
f 105 	104 	106
f 105 	106 	107
f 9 	135 	13
f 15 	135 	50
f 13 	135 	15
f 107 	106 	108
f 107 	108 	109
f 95 	110 	134
f 109 	108 	111
f 109 	111 	112
f 113 	114 	115
f 112 	111 	116
f 112 	116 	117
f 113 	118 	114
f 35 	119 	472
f 82 	81 	121
f 120 	121 	81
f 122 	123 	121
f 122 	121 	120
f 16 	115 	114
f 124 	125 	123
f 124 	123 	122
f 125 	124 	94
f 93 	94 	124
f 118 	119 	114
f 35 	114 	119
f 16 	114 	35
f 126 	127 	128
f 126 	128 	29
f 469 	468 	130
f 132 	129 	131
f 130 	133 	469
f 132 	133 	130
f 132 	130 	129
f 106 	104 	280
f 51 	280 	104
f 104 	102 	51
f 48 	51 	102
f 124 	38 	93
f 100 	48 	102
f 280 	286 	106
f 108 	106 	286
f 296 	301 	116
f 131 	151 	132
f 122 	33 	124
f 33 	38 	124
f 120 	30 	122
f 81 	65 	120
f 116 	174 	117
f 133 	132 	151
f 179 	174 	301
f 91 	90 	141
f 91 	141 	136
f 138 	139 	29
f 137 	138 	29
f 126 	29 	139
f 140 	126 	139
f 135 	137 	29
f 29 	36 	135
f 95 	134 	135
f 90 	89 	142
f 90 	142 	141
f 89 	88 	143
f 89 	143 	142
f 127 	144 	467
f 88 	87 	145
f 88 	145 	143
f 144 	131 	467
f 126 	176 	144
f 127 	126 	144
f 145 	87 	86
f 145 	86 	146
f 131 	144 	151
f 85 	147 	146
f 85 	146 	86
f 148 	149 	140
f 148 	140 	139
f 84 	150 	147
f 84 	147 	85
f 83 	152 	150
f 83 	150 	84
f 140 	177 	126
f 152 	83 	78
f 176 	151 	144
f 154 	155 	153
f 156 	153 	155
f 155 	157 	158
f 155 	158 	156
f 157 	159 	160
f 157 	160 	158
f 159 	161 	162
f 159 	162 	160
f 161 	163 	164
f 161 	164 	162
f 165 	166 	138
f 165 	138 	137
f 167 	164 	163
f 163 	168 	167
f 170 	137 	169
f 135 	169 	137
f 135 	134 	169
f 172 	167 	168
f 137 	170 	171
f 137 	171 	165
f 167 	172 	173
f 136 	173 	172
f 136 	172 	91
f 117 	174 	175
f 176 	177 	178
f 179 	180 	175
f 179 	175 	174
f 181 	182 	180
f 181 	180 	179
f 183 	184 	178
f 183 	178 	177
f 185 	186 	182
f 185 	182 	181
f 176 	126 	177
f 187 	188 	186
f 187 	186 	185
f 177 	140 	183
f 149 	183 	140
f 189 	190 	187
f 188 	187 	190
f 191 	234 	178
f 191 	178 	138
f 139 	138 	178
f 181 	20 	185
f 179 	305 	181
f 19 	185 	20
f 116 	301 	174
f 184 	148 	178
f 139 	178 	148
f 184 	183 	148
f 149 	148 	183
f 166 	196 	191
f 166 	191 	138
f 192 	193 	195
f 194 	195 	193
f 166 	165 	171
f 166 	171 	196
f 153 	197 	154
f 198 	154 	197
f 163 	5 	168
f 202 	246 	201
f 201 	218 	200
f 203 	247 	202
f 205 	249 	204
f 206 	250 	205
f 207 	251 	206
f 204 	248 	203
f 157 	155 	267
f 272 	268 	155
f 211 	276 	212
f 210 	275 	211
f 212 	277 	213
f 213 	278 	214
f 215 	279 	216
f 217 	200 	218
f 70 	219 	548
f 220 	548 	219
f 77 	221 	70
f 80 	240 	77
f 238 	239 	82
f 219 	70 	221
f 101 	146 	97
f 97 	147 	94
f 141 	142 	107
f 224 	225 	226
f 227 	226 	225
f 227 	225 	233
f 109 	112 	136
f 225 	224 	229
f 228 	229 	224
f 173 	136 	112
f 230 	229 	228
f 230 	228 	231
f 121 	238 	82
f 188 	190 	233
f 232 	233 	190
f 123 	244 	121
f 233 	232 	227
f 125 	152 	123
f 94 	150 	125
f 242 	176 	243
f 357 	245 	234
f 237 	236 	176
f 235 	176 	236
f 80 	82 	239
f 239 	240 	80
f 221 	77 	240
f 237 	176 	241
f 241 	176 	242
f 103 	145 	101
f 107 	109 	141
f 136 	141 	109
f 244 	123 	152
f 238 	121 	244
f 176 	234 	243
f 117 	175 	167
f 173 	112 	117
f 150 	94 	147
f 152 	125 	150
f 147 	97 	146
f 142 	143 	105
f 103 	105 	143
f 105 	107 	142
f 145 	103 	143
f 146 	101 	145
f 180 	164 	175
f 182 	162 	180
f 252 	251 	207
f 156 	158 	188
f 207 	260 	252
f 253 	252 	260
f 186 	188 	158
f 260 	261 	253
f 255 	254 	262
f 182 	186 	160
f 158 	160 	186
f 173 	117 	167
f 261 	262 	254
f 254 	253 	261
f 250 	206 	251
f 249 	205 	250
f 248 	204 	249
f 247 	203 	248
f 246 	202 	247
f 218 	201 	246
f 167 	175 	164
f 164 	180 	162
f 162 	182 	160
f 78 	244 	152
f 257 	256 	264
f 264 	265 	257
f 263 	264 	256
f 258 	257 	265
f 265 	266 	258
f 259 	258 	266
f 256 	255 	263
f 262 	263 	255
f 244 	75 	238
f 78 	75 	244
f 75 	239 	238
f 216 	199 	217
f 214 	279 	215
f 208 	274 	210
f 209 	273 	208
f 267 	8 	157
f 199 	216 	279
f 200 	217 	199
f 75 	74 	239
f 239 	73 	240
f 74 	73 	239
f 161 	159 	7
f 8 	7 	159
f 266 	271 	259
f 240 	68 	221
f 73 	68 	240
f 271 	66 	269
f 219 	221 	67
f 68 	67 	221
f 270 	269 	66
f 269 	259 	271
f 67 	66 	220
f 67 	220 	219
f 159 	157 	8
f 66 	193 	220
f 271 	338 	66
f 193 	66 	194
f 274 	208 	273
f 275 	210 	274
f 276 	211 	275
f 277 	212 	276
f 278 	213 	277
f 279 	214 	278
f 268 	272 	209
f 273 	209 	272
f 268 	267 	155
f 207 	281 	282
f 283 	284 	206
f 207 	206 	284
f 207 	284 	281
f 206 	205 	285
f 206 	285 	283
f 205 	204 	287
f 205 	287 	285
f 286 	280 	1
f 286 	1 	2
f 204 	203 	288
f 204 	288 	287
f 203 	202 	289
f 203 	289 	288
f 286 	292 	108
f 202 	201 	290
f 202 	290 	289
f 201 	200 	291
f 201 	291 	290
f 3 	292 	286
f 3 	286 	2
f 200 	199 	293
f 200 	293 	291
f 292 	296 	111
f 294 	295 	199
f 199 	295 	293
f 4 	296 	292
f 4 	292 	3
f 266 	297 	298
f 266 	298 	271
f 265 	299 	297
f 265 	297 	266
f 111 	108 	292
f 264 	300 	299
f 264 	299 	265
f 5 	301 	296
f 5 	296 	4
f 263 	302 	300
f 263 	300 	264
f 262 	303 	302
f 262 	302 	263
f 261 	304 	303
f 261 	303 	262
f 6 	305 	301
f 6 	301 	5
f 306 	307 	260
f 261 	260 	307
f 261 	307 	304
f 260 	207 	282
f 260 	282 	306
f 305 	179 	301
f 308 	294 	199
f 7 	20 	305
f 7 	305 	6
f 116 	111 	296
f 20 	181 	305
f 208 	309 	310
f 208 	310 	209
f 210 	311 	309
f 210 	309 	208
f 211 	312 	311
f 211 	311 	210
f 212 	313 	312
f 212 	312 	211
f 213 	314 	313
f 213 	313 	212
f 214 	315 	314
f 214 	314 	213
f 215 	316 	315
f 215 	315 	214
f 216 	317 	316
f 216 	316 	215
f 217 	318 	317
f 217 	317 	216
f 218 	319 	318
f 218 	318 	217
f 319 	218 	320
f 246 	320 	218
f 321 	268 	209
f 321 	209 	310
f 246 	322 	320
f 247 	323 	322
f 247 	322 	246
f 248 	324 	323
f 248 	323 	247
f 249 	325 	324
f 249 	324 	248
f 250 	326 	325
f 250 	325 	249
f 251 	327 	326
f 251 	326 	250
f 252 	328 	327
f 252 	327 	251
f 252 	329 	328
f 253 	330 	329
f 253 	329 	252
f 330 	253 	254
f 330 	254 	331
f 331 	254 	255
f 331 	255 	332
f 332 	255 	256
f 332 	256 	333
f 257 	334 	333
f 257 	333 	256
f 258 	335 	334
f 258 	334 	257
f 259 	336 	335
f 259 	335 	258
f 259 	337 	336
f 339 	66 	338
f 194 	66 	339
f 267 	340 	26
f 267 	26 	8
f 268 	341 	342
f 340 	267 	342
f 268 	342 	267
f 268 	321 	341
f 337 	259 	269
f 337 	269 	343
f 270 	344 	345
f 343 	269 	345
f 270 	345 	269
f 56 	59 	270
f 344 	270 	59
f 347 	272 	346
f 272 	155 	346
f 154 	346 	155
f 348 	308 	279
f 199 	279 	308
f 279 	278 	349
f 279 	349 	348
f 350 	351 	277
f 351 	352 	277
f 278 	277 	352
f 278 	352 	349
f 277 	276 	353
f 277 	353 	350
f 276 	275 	354
f 276 	354 	353
f 275 	274 	355
f 275 	355 	354
f 274 	273 	356
f 274 	356 	355
f 273 	272 	347
f 273 	347 	356
f 290 	134 	289
f 245 	243 	234
f 192 	359 	358
f 192 	358 	193
f 176 	178 	234
f 222 	361 	360
f 363 	362 	197
f 362 	169 	197
f 169 	365 	361
f 360 	361 	364
f 364 	361 	365
f 365 	169 	366
f 366 	169 	367
f 367 	169 	368
f 362 	368 	169
f 153 	363 	197
f 361 	170 	169
f 234 	191 	361
f 191 	170 	361
f 197 	169 	198
f 134 	198 	169
f 298 	235 	271
f 271 	547 	359
f 271 	359 	338
f 151 	176 	298
f 235 	298 	176
f 359 	195 	338
f 192 	195 	359
f 340 	369 	24
f 340 	24 	26
f 341 	370 	371
f 341 	371 	342
f 372 	369 	371
f 369 	340 	371
f 342 	371 	340
f 371 	412 	372
f 372 	412 	369
f 24 	369 	412
f 321 	370 	341
f 373 	337 	343
f 345 	374 	373
f 345 	373 	343
f 376 	374 	375
f 344 	375 	374
f 344 	374 	345
f 58 	375 	344
f 58 	344 	59
f 376 	405 	374
f 375 	72 	376
f 407 	376 	72
f 58 	72 	375
f 309 	377 	378
f 309 	378 	310
f 311 	379 	377
f 311 	377 	309
f 410 	377 	379
f 312 	380 	379
f 312 	379 	311
f 313 	381 	380
f 313 	380 	312
f 314 	382 	381
f 314 	381 	313
f 380 	409 	379
f 315 	383 	382
f 315 	382 	314
f 316 	384 	383
f 316 	383 	315
f 317 	385 	384
f 317 	384 	316
f 318 	386 	385
f 318 	385 	317
f 319 	387 	386
f 319 	386 	318
f 385 	409 	384
f 320 	387 	319
f 387 	409 	386
f 370 	321 	378
f 310 	378 	321
f 378 	410 	370
f 387 	320 	388
f 322 	388 	320
f 323 	389 	388
f 323 	388 	322
f 324 	390 	389
f 324 	389 	323
f 325 	391 	390
f 325 	390 	324
f 326 	392 	391
f 326 	391 	325
f 327 	393 	392
f 327 	392 	326
f 328 	394 	393
f 328 	393 	327
f 393 	403 	392
f 329 	394 	328
f 394 	329 	395
f 330 	395 	329
f 396 	395 	330
f 396 	330 	331
f 396 	403 	395
f 397 	396 	331
f 397 	331 	332
f 394 	395 	403
f 398 	397 	332
f 398 	332 	333
f 334 	399 	398
f 334 	398 	333
f 397 	403 	396
f 399 	403 	398
f 335 	400 	399
f 335 	399 	334
f 336 	401 	400
f 336 	400 	335
f 399 	400 	402
f 401 	402 	400
f 337 	373 	401
f 337 	401 	336
f 387 	388 	409
f 389 	409 	388
f 390 	403 	389
f 391 	403 	390
f 392 	403 	391
f 394 	403 	393
f 409 	389 	403
f 398 	403 	397
f 402 	403 	399
f 402 	401 	373
f 402 	373 	374
f 404 	357 	402
f 403 	402 	357
f 357 	234 	403
f 406 	404 	405
f 404 	402 	405
f 374 	405 	402
f 407 	408 	406
f 407 	406 	405
f 408 	407 	72
f 408 	72 	71
f 405 	376 	407
f 234 	361 	403
f 371 	370 	410
f 378 	377 	410
f 410 	379 	409
f 380 	381 	409
f 381 	382 	409
f 409 	382 	383
f 383 	384 	409
f 385 	386 	409
f 222 	231 	411
f 411 	409 	222
f 361 	222 	409
f 410 	409 	411
f 410 	411 	412
f 413 	224 	226
f 413 	226 	227
f 414 	228 	224
f 414 	224 	413
f 231 	228 	414
f 231 	414 	411
f 411 	414 	412
f 413 	412 	414
f 371 	410 	412
f 415 	232 	190
f 415 	190 	189
f 413 	227 	415
f 232 	415 	227
f 189 	412 	415
f 413 	415 	412
f 189 	24 	412
f 409 	403 	361
f 196 	171 	170
f 196 	170 	191
f 472 	483 	418
f 483 	484 	421
f 422 	483 	421
f 423 	483 	422
f 424 	483 	423
f 425 	483 	424
f 426 	483 	425
f 427 	483 	426
f 428 	483 	427
f 429 	483 	428
f 430 	483 	429
f 431 	483 	430
f 432 	483 	431
f 416 	483 	432
f 420 	421 	484
f 419 	436 	435
f 435 	436 	434
f 437 	440 	436
f 434 	436 	433
f 438 	440 	437
f 439 	440 	438
f 433 	436 	440
f 442 	525 	441
f 443 	525 	442
f 446 	537 	445
f 447 	537 	446
f 448 	537 	447
f 449 	537 	448
f 450 	537 	449
f 451 	537 	450
f 452 	537 	451
f 453 	537 	452
f 458 	537 	453
f 454 	455 	525
f 455 	456 	525
f 456 	457 	525
f 444 	525 	457
f 459 	537 	458
f 459 	460 	461
f 459 	461 	462
f 459 	462 	463
f 459 	463 	464
f 459 	464 	465
f 418 	441 	521
f 417 	442 	441
f 417 	441 	418
f 417 	416 	443
f 417 	443 	442
f 454 	443 	432
f 416 	432 	443
f 432 	431 	455
f 432 	455 	454
f 431 	430 	456
f 431 	456 	455
f 430 	429 	457
f 430 	457 	456
f 429 	428 	444
f 429 	444 	457
f 428 	427 	445
f 428 	445 	444
f 427 	426 	446
f 427 	446 	445
f 426 	425 	447
f 426 	447 	446
f 425 	424 	448
f 425 	448 	447
f 424 	423 	449
f 424 	449 	448
f 423 	422 	450
f 423 	450 	449
f 422 	421 	451
f 422 	451 	450
f 421 	420 	452
f 421 	452 	451
f 420 	419 	453
f 420 	453 	452
f 419 	458 	453
f 460 	433 	440
f 460 	440 	461
f 440 	439 	462
f 440 	462 	461
f 439 	438 	463
f 439 	463 	462
f 438 	437 	464
f 438 	464 	463
f 437 	436 	465
f 437 	465 	464
f 436 	466 	99
f 436 	99 	465
f 419 	435 	458
f 435 	434 	459
f 435 	459 	458
f 434 	433 	460
f 434 	460 	459
f 466 	110 	95
f 466 	95 	99
f 113 	115 	467
f 127 	467 	128
f 115 	128 	467
f 129 	130 	468
f 129 	468 	131
f 467 	131 	468
f 113 	467 	468
f 115 	16 	29
f 115 	29 	128
f 470 	468 	469
f 470 	113 	468
f 471 	118 	469
f 470 	469 	118
f 470 	118 	113
f 469 	133 	471
f 473 	483 	472
f 474 	483 	473
f 417 	418 	483
f 416 	417 	483
f 476 	477 	475
f 474 	475 	477
f 474 	477 	478
f 474 	478 	479
f 474 	479 	480
f 474 	480 	481
f 474 	481 	482
f 474 	482 	483
f 486 	419 	485
f 487 	419 	486
f 484 	485 	419
f 488 	419 	487
f 489 	419 	488
f 490 	419 	489
f 419 	420 	484
f 419 	490 	491
f 419 	491 	492
f 419 	492 	493
f 419 	493 	494
f 419 	494 	436
f 495 	496 	473
f 474 	473 	496
f 473 	472 	119
f 473 	119 	495
f 521 	472 	418
f 483 	497 	498
f 483 	482 	499
f 483 	499 	497
f 482 	481 	500
f 482 	500 	499
f 481 	480 	501
f 481 	501 	500
f 480 	479 	502
f 480 	502 	501
f 479 	478 	503
f 479 	503 	502
f 478 	477 	504
f 478 	504 	503
f 477 	476 	505
f 477 	505 	504
f 475 	506 	505
f 475 	505 	476
f 474 	507 	506
f 474 	506 	475
f 496 	507 	474
f 490 	508 	509
f 489 	510 	508
f 489 	508 	490
f 488 	511 	510
f 488 	510 	489
f 487 	512 	511
f 487 	511 	488
f 486 	513 	512
f 486 	512 	487
f 485 	514 	513
f 485 	513 	486
f 484 	515 	514
f 484 	514 	485
f 498 	515 	484
f 498 	484 	483
f 494 	516 	466
f 494 	466 	436
f 493 	517 	516
f 493 	516 	494
f 492 	518 	517
f 492 	517 	493
f 491 	519 	518
f 491 	518 	492
f 509 	519 	491
f 509 	491 	490
f 517 	518 	134
f 508 	510 	134
f 511 	512 	134
f 118 	471 	497
f 134 	497 	471
f 471 	133 	134
f 501 	502 	118
f 118 	504 	505
f 496 	495 	118
f 119 	118 	495
f 513 	514 	134
f 134 	498 	497
f 499 	118 	497
f 499 	500 	118
f 501 	118 	500
f 502 	503 	118
f 118 	503 	504
f 506 	507 	118
f 505 	506 	118
f 118 	507 	496
f 510 	511 	134
f 512 	513 	134
f 514 	515 	134
f 498 	134 	515
f 466 	516 	110
f 516 	517 	110
f 134 	110 	517
f 519 	509 	134
f 518 	519 	134
f 508 	134 	509
f 441 	525 	521
f 521 	525 	520
f 454 	525 	443
f 520 	525 	524
f 525 	526 	523
f 526 	527 	523
f 522 	523 	527
f 528 	531 	527
f 529 	531 	528
f 530 	531 	529
f 522 	527 	531
f 536 	444 	535
f 534 	535 	444
f 533 	534 	444
f 523 	524 	525
f 536 	525 	444
f 532 	533 	444
f 444 	445 	537
f 14 	537 	459
f 537 	538 	444
f 532 	444 	538
f 14 	459 	10
f 11 	10 	459
f 465 	539 	459
f 11 	459 	539
f 34 	32 	520
f 472 	521 	35
f 521 	520 	35
f 32 	35 	520
f 37 	36 	525
f 36 	39 	526
f 36 	526 	525
f 39 	40 	527
f 39 	527 	526
f 40 	42 	528
f 40 	528 	527
f 42 	43 	529
f 42 	529 	528
f 43 	44 	530
f 43 	530 	529
f 44 	46 	531
f 44 	531 	530
f 46 	31 	522
f 46 	522 	531
f 47 	523 	522
f 47 	522 	31
f 49 	524 	523
f 49 	523 	47
f 49 	34 	524
f 520 	524 	34
f 15 	50 	537
f 15 	537 	14
f 50 	52 	538
f 50 	538 	537
f 52 	17 	532
f 52 	532 	538
f 53 	533 	532
f 53 	532 	17
f 54 	534 	533
f 54 	533 	53
f 55 	535 	534
f 55 	534 	54
f 92 	536 	535
f 92 	535 	55
f 92 	37 	536
f 525 	536 	37
f 98 	539 	99
f 465 	99 	539
f 98 	12 	11
f 98 	11 	539
f 295 	134 	293
f 287 	288 	151
f 289 	133 	288
f 281 	284 	151
f 283 	285 	151
f 281 	151 	282
f 283 	151 	284
f 282 	151 	306
f 299 	300 	151
f 151 	298 	297
f 297 	299 	151
f 300 	302 	151
f 302 	303 	151
f 303 	304 	151
f 307 	151 	304
f 306 	151 	307
f 195 	339 	338
f 194 	339 	195
f 285 	287 	151
f 291 	134 	290
f 293 	134 	291
f 308 	134 	294
f 294 	134 	295
f 348 	134 	308
f 133 	289 	134
f 198 	134 	347
f 134 	348 	349
f 346 	198 	347
f 352 	351 	134
f 134 	349 	352
f 350 	353 	134
f 350 	134 	351
f 353 	354 	134
f 355 	134 	354
f 355 	356 	134
f 356 	347 	134
f 154 	198 	346
f 151 	288 	133
f 542 	548 	541
f 543 	548 	542
f 544 	548 	543
f 540 	541 	548
f 545 	548 	544
f 546 	548 	545
f 547 	540 	548
f 549 	550 	548
f 548 	550 	70
f 220 	547 	548
f 554 	555 	230
f 556 	233 	225
f 229 	555 	225
f 223 	551 	230
f 552 	553 	230
f 553 	554 	230
f 551 	552 	230
f 229 	230 	555
f 556 	225 	555
f 156 	188 	233
f 556 	156 	233
f 547 	235 	540
f 547 	271 	235
f 236 	540 	235
f 237 	541 	540
f 237 	540 	236
f 241 	542 	541
f 241 	541 	237
f 242 	543 	542
f 242 	542 	241
f 243 	544 	543
f 243 	543 	242
f 245 	545 	544
f 245 	544 	243
f 245 	357 	546
f 245 	546 	545
f 357 	404 	546
f 547 	220 	359
f 358 	359 	220
f 193 	358 	220
f 404 	548 	546
f 406 	549 	404
f 548 	404 	549
f 408 	550 	549
f 408 	549 	406
f 550 	408 	71
f 550 	71 	70
f 556 	362 	363
f 153 	156 	363
f 556 	363 	156
f 223 	222 	360
f 223 	360 	551
f 551 	360 	364
f 364 	365 	552
f 364 	552 	551
f 365 	366 	553
f 365 	553 	552
f 366 	367 	554
f 366 	554 	553
f 367 	368 	555
f 367 	555 	554
f 368 	362 	556
f 368 	556 	555
f 231 	222 	230
f 223 	230 	222
# 1112 faces

 #end of obj_0

o obj_1
v 123.395 		170.044 		0.001
v 123.109 		170.142 		0.001
v 122.838 		170.275 		0.001
v 122.587 		170.443 		0.001
v 122.36 		170.642 		0.001
v 122.16 		170.869 		0.001
v 121.993 		171.121 		0.001
v 121.859 		171.392 		0.001
v 100.038 		219.504 		4.502
v 100.038 		219.504 		4.531
v 99.507 		219.858 		4.531
v 99.507 		219.858 		4.502
v 100.61 		219.221 		4.502
v 100.61 		219.221 		4.531
v 101 		219.0884 		4.502
v 127.619 		200.749 		4.502
v 102.475 		218.85 		4.502
v 125.399 		170.443 		0.001
v 123.61 		197.444 		4.502
v 125.148 		170.275 		0.001
v 107.35 		223.725 		4.502
v 124.877 		170.142 		0.001
v 124.591 		170.044 		0.001
v 98.787 		220.396 		0.029
v 121.859 		171.392 		2.415
v 121.993 		171.121 		2.415
v 124.294 		169.985 		0.001
v 123.993 		169.966 		0.001
v 123.691 		169.985 		0.001
v 121.7868 		171.605 		2.415
v 121.7868 		171.605 		0.029
v 126.127 		171.392 		0.001
v 125.993 		171.121 		0.001
v 125.826 		170.869 		0.001
v 125.626 		170.642 		0.001
v 125.399 		170.443 		2.415
v 125.148 		170.275 		2.415
v 128.956 		171.48 		0.001
v 128.832 		170.855 		0.001
v 128.627 		170.251 		0.001
v 124.877 		170.142 		2.415
v 124.591 		170.044 		2.415
v 128.345 		169.679 		0.001
v 127.99 		169.149 		0.001
v 127.57 		168.67 		0.001
v 124.294 		169.985 		2.415
v 127.09 		168.249 		0.001
v 123.993 		169.966 		2.415
v 123.691 		169.985 		2.415
v 126.56 		167.895 		0.001
v 121.683 		176.3377 		0.029
v 125.988 		167.613 		0.001
v 125.385 		167.408 		0.001
v 121.685 		176.339 		0.029
v 124.759 		167.283 		0.001
v 124.123 		167.242 		0.001
v 123.486 		167.283 		0.001
v 122.861 		167.408 		0.001
v 122.257 		167.613 		0.001
v 121.685 		167.895 		0.001
v 120.676 		168.67 		0.001
v 121.155 		168.249 		0.001
v 126.6361 		176.288 		0.029
v 126.56 		176.339 		0.029
v 126.303 		176.4657 		0.029
v 120.255 		169.149 		0.001
v 119.901 		169.679 		0.001
v 119.619 		170.251 		0.001
v 119.414 		170.855 		0.001
v 119.289 		171.48 		0.001
v 127.256 		171.245 		4.531
v 127.375 		175.7346 		0.029
v 127.09 		175.984 		0.029
v 127.108 		170.81 		4.531
v 126.906 		170.399 		4.531
v 126.651 		170.018 		4.531
v 128.977 		172.435 		0.029
v 128.956 		172.753 		0.029
v 128.832 		173.378 		0.029
v 128.627 		173.982 		0.029
v 128.345 		174.554 		0.029
v 127.99 		175.084 		0.029
v 128.832 		170.855 		4.531
v 128.956 		171.48 		4.531
v 127.57 		175.564 		0.029
v 128.627 		170.251 		4.531
v 128.9706 		171.701 		0.029
v 125.211 		168.913 		4.531
v 128.977 		171.7985 		0.029
v 128.9642 		171.605 		0.029
v 124.777 		168.766 		4.531
v 128.977 		171.605 		0.029
v 123.691 		174.566 		0.001
v 106.979 		225.591 		4.502
v 107.0303 		225.44 		4.502
v 106.7378 		226.0802 		4.502
v 105.443 		219.858 		4.502
v 105.096 		219.6262 		4.502
v 105.922 		220.278 		4.502
v 106.343 		220.758 		4.502
v 106.697 		221.288 		4.502
v 121.6089 		176.288 		0.029
v 106.979 		221.86 		4.502
v 107.184 		222.464 		4.502
v 121.48 		176.2017 		0.029
v 107.308 		223.089 		4.502
v 121.155 		175.984 		0.029
v 120.676 		175.564 		0.029
v 107.308 		224.362 		4.502
v 124.327 		168.676 		4.531
v 107.184 		224.987 		4.502
v 123.869 		168.646 		4.531
v 123.412 		168.676 		4.531
v 101.213 		219.016 		4.502
v 122.962 		168.766 		4.531
v 101.839 		218.892 		4.502
v 122.528 		168.913 		4.531
v 122.116 		169.116 		4.531
v 103.111 		218.892 		4.502
v 121.735 		169.371 		4.531
v 103.737 		219.016 		4.502
v 104.341 		219.221 		4.502
v 126.348 		169.673 		4.531
v 104.913 		219.504 		4.502
v 126.004 		169.371 		4.531
v 98.787 		220.396 		4.502
v 125.622 		169.116 		4.531
v 99.028 		220.278 		4.502
v 98.867 		220.462 		4.502
v 127.57 		168.67 		4.531
v 127.99 		169.149 		4.531
v 128.345 		169.679 		4.531
v 127.09 		168.249 		4.531
v 126.443 		202.176 		4.501
v 126.4429 		202.1758 		4.501
v 127.619 		200.749 		4.501
v 126.4429 		202.1758 		0.029
v 106.7378 		226.0802 		0.029
v 124.759 		167.283 		4.531
v 125.385 		167.408 		4.531
v 125.988 		167.613 		4.531
v 126.56 		167.895 		4.531
v 121.685 		167.895 		4.531
v 122.257 		167.613 		4.531
v 122.861 		167.408 		4.531
v 123.486 		167.283 		4.531
v 124.123 		167.242 		4.531
v 121.39 		169.673 		4.531
v 121.088 		170.018 		4.531
v 120.833 		170.399 		4.531
v 120.63 		170.81 		4.531
v 120.483 		171.245 		4.531
v 120.676 		168.67 		4.531
v 128.977 		197.444 		4.502
v 128.977 		197.444 		4.501
v 123.61 		197.444 		4.501
v 128.973 		195.645 		0.001
v 123.567 		196.577 		0.001
v 128.977 		195.94 		0.029
v 128.973 		195.645 		0.029
v 123.567 		196.577 		0.029
v 121.155 		168.249 		4.531
v 119.227 		195.6011 		0.029
v 119.901 		169.679 		4.531
v 120.255 		169.149 		4.531
v 119.289 		171.48 		4.531
v 119.414 		170.855 		4.531
v 119.619 		170.251 		4.531
v 119.227 		195.6011 		4.502
v 121.195 		193.783 		4.502
v 122.682 		193.584 		4.502
v 126.032 		193.604 		4.502
v 127.527 		193.725 		4.502
v 128.977 		195.94 		4.501
v 126.032 		193.604 		6.913
v 127.527 		193.725 		6.913
v 128.977 		192.7416 		0.029
v 126.127 		171.392 		2.415
v 126.1992 		171.605 		2.415
v 126.1992 		171.605 		0.029
v 125.993 		171.121 		2.415
v 121.195 		193.783 		6.842
v 122.682 		193.584 		6.842
v 125.826 		170.869 		2.415
v 119.82 		183.5 		4.502
v 119.82 		183.5 		6.842
v 125.626 		170.642 		2.415
v 128.977 		182.2746 		4.502
v 128.352 		183.508 		4.502
v 126.857 		183.387 		4.502
v 128.352 		183.508 		6.913
v 126.857 		183.387 		6.913
v 127.256 		171.245 		2.415
v 127.3274 		171.605 		4.502
v 127.3274 		171.605 		2.415
v 127.108 		170.81 		2.415
v 126.906 		170.399 		2.415
v 121.307 		183.301 		4.502
v 126.651 		170.018 		2.415
v 121.307 		183.301 		6.842
v 120.47 		175.3291 		0.029
v 125.211 		168.913 		2.415
v 124.777 		168.766 		2.415
v 124.327 		168.676 		2.415
v 123.869 		168.646 		2.415
v 123.412 		168.676 		2.415
v 122.962 		168.766 		2.415
v 120.364 		175.2083 		0.029
v 122.528 		168.913 		2.415
v 122.116 		169.116 		2.415
v 119.248 		172.117 		0.029
v 121.735 		169.371 		2.415
v 126.348 		169.673 		2.415
v 126.004 		169.371 		2.415
v 119.2748 		171.701 		0.029
v 125.622 		169.116 		2.415
v 120.255 		175.084 		0.029
v 119.901 		174.554 		0.029
v 119.619 		173.982 		0.029
v 119.414 		173.378 		0.029
v 119.289 		172.753 		0.029
v 119.227 		171.605 		0.029
v 119.281 		171.605 		0.029
v 128.956 		172.753 		4.531
v 128.832 		173.378 		4.531
v 128.627 		173.982 		4.531
v 128.345 		174.554 		4.531
v 127.99 		175.084 		4.531
v 127.57 		175.564 		4.531
v 127.375 		175.7346 		4.531
v 128.998 		172.117 		4.531
v 127.375 		171.701 		4.531
v 127.3455 		171.701 		4.531
v 127.345 		171.694 		4.531
v 120.364 		172.152 		4.531
v 120.394 		172.61 		4.531
v 120.47 		172.9934 		4.531
v 119.281 		171.605 		4.502
v 120.47 		175.3291 		4.531
v 120.255 		175.084 		4.531
v 119.901 		174.554 		4.531
v 119.619 		173.982 		4.531
v 119.414 		173.378 		4.531
v 119.289 		172.753 		4.531
v 119.248 		172.117 		4.531
v 120.394 		171.694 		4.531
v 121.39 		169.673 		2.415
v 121.088 		170.018 		2.415
v 128.956 		172.753 		4.502
v 128.977 		172.435 		4.502
v 120.833 		170.399 		2.415
v 128.832 		173.378 		4.502
v 120.63 		170.81 		2.415
v 128.627 		173.982 		4.502
v 120.483 		171.245 		2.415
v 128.345 		174.554 		4.502
v 127.99 		175.084 		4.502
v 120.4116 		171.605 		2.415
v 120.4116 		171.605 		4.502
v 127.57 		175.564 		4.502
v 127.375 		175.7346 		4.502
v 128.977 		171.605 		4.502
v 128.9642 		171.605 		4.502
v 128.9706 		171.701 		4.502
v 128.977 		171.7985 		4.502
v 119.227 		171.605 		4.502
v 127.375 		171.701 		4.502
v 127.3455 		171.701 		4.502
v 121.685 		176.339 		0.001
v 122.257 		176.621 		0.001
v 122.861 		176.826 		0.001
v 123.486 		176.95 		0.001
v 124.123 		176.992 		0.001
v 124.759 		176.95 		0.001
v 125.385 		176.826 		0.001
v 125.988 		176.621 		0.001
v 126.56 		176.339 		0.001
v 127.345 		171.694 		4.502
v 121.703 		172.577 		0.001
v 121.683 		172.276 		0.001
v 121.762 		172.873 		0.001
v 121.859 		173.16 		0.001
v 119.248 		172.117 		4.502
v 119.2748 		171.701 		4.502
v 121.993 		173.431 		0.001
v 122.16 		173.682 		0.001
v 120.47 		175.3291 		4.502
v 120.364 		175.2083 		4.502
v 122.36 		173.909 		0.001
v 120.255 		175.084 		4.502
v 122.587 		174.108 		0.001
v 119.901 		174.554 		4.502
v 122.838 		174.276 		0.001
v 119.619 		173.982 		4.502
v 123.109 		174.41 		0.001
v 119.414 		173.378 		4.502
v 123.395 		174.507 		0.001
v 119.289 		172.753 		4.502
v 120.47 		172.9934 		4.502
v 121.683 		172.276 		0.029
v 123.395 		170.044 		2.415
v 123.109 		170.142 		2.415
v 122.838 		170.275 		2.415
v 122.587 		170.443 		2.415
v 122.36 		170.642 		2.415
v 122.16 		170.869 		2.415
v 98.867 		220.462 		0.029
v 120.3666 		172.192 		4.502
v 129.02 		199.111 		4.501
v 120.364 		172.152 		4.502
v 129.02 		199.111 		0.001
v 120.3935 		171.701 		4.502
v 120.394 		172.61 		4.502
v 123.505 		197.825 		0.001
v 126.443 		202.176 		0.001
v 123.505 		197.825 		0.029
v 120.394 		171.694 		4.502
v 106.697 		226.163 		0.001
v 106.979 		225.591 		0.001
v 107.184 		224.987 		0.001
v 107.308 		224.362 		0.001
v 107.35 		223.725 		0.001
v 127.375 		178.706 		4.502
v 107.308 		223.089 		0.001
v 107.184 		222.464 		0.001
v 106.979 		221.86 		0.001
v 106.697 		221.288 		0.001
v 106.343 		220.758 		0.001
v 105.922 		220.278 		0.001
v 105.443 		219.858 		0.001
v 104.913 		219.504 		0.001
v 104.341 		219.221 		0.001
v 103.737 		219.016 		0.001
v 103.111 		218.892 		0.001
v 102.475 		218.85 		0.001
v 101.839 		218.892 		0.001
v 101.213 		219.016 		0.001
v 100.61 		219.221 		0.001
v 100.038 		219.504 		0.001
v 99.507 		219.858 		0.001
v 99.028 		220.278 		0.001
v 106.979 		225.591 		0.029
v 107.0303 		225.44 		0.029
v 105.443 		219.858 		0.029
v 105.096 		219.6262 		0.029
v 105.922 		220.278 		0.029
v 106.343 		220.758 		0.029
v 106.697 		221.288 		0.029
v 106.979 		221.86 		0.029
v 107.184 		222.464 		0.029
v 107.308 		223.089 		0.029
v 107.35 		223.725 		0.029
v 107.308 		224.362 		0.029
v 107.184 		224.987 		0.029
v 120.47 		178.706 		4.502
v 101.213 		219.016 		0.029
v 101 		219.0884 		0.029
v 101.839 		218.892 		0.029
v 102.475 		218.85 		0.029
v 119.227 		178.706 		4.502
v 103.111 		218.892 		0.029
v 103.737 		219.016 		0.029
v 104.341 		219.221 		0.029
v 104.913 		219.504 		0.029
v 99.028 		220.278 		0.029
v 99.507 		219.858 		0.029
v 100.038 		219.504 		0.029
v 100.61 		219.221 		0.029
v 121.762 		171.678 		0.029
v 121.762 		171.678 		2.415
v 121.703 		171.974 		0.029
v 121.703 		171.974 		1.898
v 121.7574 		171.701 		1.898
v 121.7574 		171.701 		0.029
v 121.7574 		171.701 		2.415
v 106.979 		225.591 		4.531
v 106.697 		226.163 		4.531
v 121.6886 		172.192 		0.029
v 107.35 		223.725 		4.531
v 107.308 		224.362 		4.531
v 107.184 		224.987 		4.531
v 105.443 		219.858 		4.531
v 105.922 		220.278 		4.531
v 106.343 		220.758 		4.531
v 106.697 		221.288 		4.531
v 106.979 		221.86 		4.531
v 107.184 		222.464 		4.531
v 107.308 		223.089 		4.531
v 102.475 		218.85 		4.531
v 103.111 		218.892 		4.531
v 103.737 		219.016 		4.531
v 104.341 		219.221 		4.531
v 104.913 		219.504 		4.531
v 101.213 		219.016 		4.531
v 101.839 		218.892 		4.531
v 126.283 		171.974 		1.898
v 126.2974 		172.192 		0.029
v 126.283 		171.974 		0.029
v 99.028 		220.278 		4.531
v 126.2286 		171.701 		0.029
v 126.2286 		171.701 		1.898
v 126.224 		171.678 		0.029
v 126.224 		171.678 		2.415
v 126.2286 		171.701 		2.415
v 121.703 		172.577 		0.029
v 121.703 		172.577 		1.898
v 121.683 		172.276 		1.898
v 121.762 		172.873 		0.029
v 121.762 		172.873 		1.898
v 121.859 		173.16 		0.029
v 121.859 		173.16 		1.898
v 121.993 		173.431 		0.029
v 121.993 		173.431 		1.898
v 122.16 		173.682 		0.029
v 122.16 		173.682 		1.898
v 122.36 		173.909 		0.029
v 122.36 		173.909 		1.898
v 122.587 		174.108 		0.029
v 122.587 		174.108 		1.898
v 122.838 		174.276 		0.029
v 122.838 		174.276 		1.898
v 123.109 		174.41 		0.029
v 123.109 		174.41 		1.898
v 123.395 		174.507 		0.029
v 123.395 		174.507 		1.898
v 123.528 		174.5335 		0.029
v 123.993 		174.586 		0.001
v 124.294 		174.566 		0.001
v 124.591 		174.507 		0.001
v 124.877 		174.41 		0.001
v 125.148 		174.276 		0.001
v 125.399 		174.108 		0.001
v 125.626 		173.909 		0.001
v 125.826 		173.682 		0.001
v 125.993 		173.431 		0.001
v 126.127 		173.16 		0.001
v 126.224 		172.873 		0.001
v 126.283 		172.577 		0.001
v 126.303 		172.276 		0.001
v 127.09 		175.984 		0.001
v 127.57 		175.564 		0.001
v 127.99 		175.084 		0.001
v 128.345 		174.554 		0.001
v 128.627 		173.982 		0.001
v 128.832 		173.378 		0.001
v 128.956 		172.753 		0.001
v 121.762 		171.678 		0.001
v 121.703 		171.974 		0.001
v 126.283 		171.974 		0.001
v 126.224 		171.678 		0.001
v 128.998 		172.117 		0.001
v 119.248 		172.117 		0.001
v 119.289 		172.753 		0.001
v 119.414 		173.378 		0.001
v 119.619 		173.982 		0.001
v 119.901 		174.554 		0.001
v 120.255 		175.084 		0.001
v 120.676 		175.564 		0.001
v 121.155 		175.984 		0.001
v 125.988 		176.621 		0.029
v 125.385 		176.826 		0.029
v 124.759 		176.95 		0.029
v 124.123 		176.992 		0.029
v 123.486 		176.95 		0.029
v 122.861 		176.826 		0.029
v 122.257 		176.621 		0.029
v 123.691 		174.566 		0.029
v 123.993 		174.586 		0.029
v 124.294 		174.566 		0.029
v 124.591 		174.507 		0.029
v 124.877 		174.41 		0.029
v 125.148 		174.276 		0.029
v 125.399 		174.108 		0.029
v 125.576 		173.9528 		0.029
v 125.626 		173.909 		0.029
v 125.826 		173.682 		0.029
v 125.993 		173.431 		0.029
v 126.127 		173.16 		0.029
v 126.224 		172.873 		0.029
v 126.283 		172.577 		0.029
v 126.303 		172.276 		0.029
v 123.691 		174.566 		1.898
v 123.993 		174.586 		1.898
v 124.294 		174.566 		1.898
v 124.591 		174.507 		1.898
v 124.877 		174.41 		1.898
v 125.148 		174.276 		1.898
v 125.399 		174.108 		1.898
v 125.626 		173.909 		1.898
v 125.826 		173.682 		1.898
v 125.993 		173.431 		1.898
v 126.127 		173.16 		1.898
v 126.224 		172.873 		1.898
v 126.283 		172.577 		1.898
v 126.303 		172.276 		1.898
v 127.375 		171.701 		1.898
v 127.375 		178.706 		1.898
v 127.3455 		171.701 		2.415
v 127.345 		171.694 		2.415
v 120.47 		178.706 		1.898
v 120.47 		171.701 		1.898
v 120.47 		172.9934 		2.415
v 120.47 		171.701 		2.415
v 120.364 		172.152 		2.415
v 120.394 		172.61 		2.415
v 120.394 		171.694 		2.415
v 105.443 		227.593 		0.001
v 105.922 		227.173 		0.001
v 106.343 		226.693 		0.001
v 97.971 		225.591 		0.001
v 98.253 		226.163 		0.001
v 98.608 		226.693 		0.001
v 99.028 		227.173 		0.001
v 99.507 		227.593 		0.001
v 100.038 		227.947 		0.001
v 100.61 		228.229 		0.001
v 101.213 		228.434 		0.001
v 101.839 		228.559 		0.001
v 102.475 		228.6 		0.001
v 103.111 		228.559 		0.001
v 103.737 		228.434 		0.001
v 104.341 		228.229 		0.001
v 104.913 		227.947 		0.001
v 97.6 		223.725 		0.001
v 97.642 		224.362 		0.001
v 97.766 		224.987 		0.001
v 98.608 		220.758 		0.001
v 98.253 		221.288 		0.001
v 97.971 		221.86 		0.001
v 97.766 		222.464 		0.001
v 97.642 		223.089 		0.001
v 106.343 		226.693 		4.531
v 105.922 		227.173 		4.531
v 105.443 		227.593 		4.531
v 102.475 		228.6 		4.531
v 101.839 		228.559 		4.531
v 101.213 		228.434 		4.531
v 100.61 		228.229 		4.531
v 100.038 		227.947 		4.531
v 99.507 		227.593 		4.531
v 99.028 		227.173 		4.531
v 98.608 		226.693 		4.531
v 98.253 		226.163 		4.531
v 97.971 		225.591 		4.531
v 104.913 		227.947 		4.531
v 104.341 		228.229 		4.531
v 103.737 		228.434 		4.531
v 103.111 		228.559 		4.531
v 97.766 		224.987 		4.531
v 97.642 		224.362 		4.531
v 97.6 		223.725 		4.531
v 97.642 		223.089 		4.531
v 97.766 		222.464 		4.531
v 97.971 		221.86 		4.531
v 98.253 		221.288 		4.531
v 98.608 		220.758 		4.531
# 556 vertices

g group_1_6383466

usemtl color_6383466
s 0

f 613 	614 	585
f 558 	616 	559
f 559 	618 	560
f 561 	560 	617
f 617 	622 	561
f 565 	566 	567
f 565 	567 	568
f 569 	570 	566
f 569 	566 	565
f 622 	623 	562
f 570 	569 	571
f 573 	725 	675
f 672 	725 	573
f 577 	662 	572
f 659 	572 	660
f 591 	590 	600
f 600 	601 	591
f 564 	581 	582
f 564 	582 	563
f 574 	591 	601
f 601 	603 	574
f 811 	809 	581
f 603 	606 	574
f 564 	587 	581
f 586 	581 	587
f 609 	611 	579
f 814 	811 	586
f 586 	811 	581
f 588 	1006 	595
f 596 	599 	589
f 590 	589 	599
f 599 	600 	590
f 593 	592 	574
f 593 	574 	576
f 597 	598 	758
f 589 	588 	596
f 595 	596 	588
f 597 	593 	576
f 597 	576 	578
f 759 	758 	598
f 598 	597 	578
f 598 	578 	579
f 598 	602 	759
f 562 	561 	622
f 584 	583 	612
f 606 	608 	576
f 576 	574 	606
f 578 	576 	608
f 608 	609 	578
f 579 	578 	609
f 602 	598 	579
f 602 	579 	583
f 583 	579 	611
f 611 	612 	583
f 585 	584 	613
f 563 	562 	623
f 604 	602 	583
f 604 	583 	584
f 760 	759 	602
f 604 	760 	602
f 585 	605 	604
f 585 	604 	584
f 612 	613 	584
f 617 	560 	618
f 618 	559 	616
f 557 	585 	614
f 558 	557 	615
f 616 	558 	615
f 614 	615 	557
f 621 	733 	620
f 621 	1016 	733
f 625 	626 	1003
f 1004 	1003 	626
f 687 	688 	631
f 637 	638 	733
f 619 	733 	629
f 733 	633 	634
f 634 	635 	733
f 686 	687 	632
f 635 	636 	733
f 637 	733 	636
f 638 	641 	733
f 641 	628 	733
f 629 	733 	628
f 627 	639 	788
f 640 	788 	639
f 630 	642 	627
f 631 	688 	630
f 639 	627 	642
f 645 	648 	643
f 646 	643 	648
f 647 	696 	644
f 651 	572 	650
f 654 	725 	653
f 653 	575 	655
f 659 	657 	572
f 655 	572 	656
f 656 	572 	657
f 658 	719 	607
f 660 	572 	662
f 663 	719 	661
f 661 	719 	658
f 666 	695 	647
f 577 	572 	665
f 651 	667 	572
f 652 	650 	572
f 665 	572 	667
f 670 	725 	672
f 673 	674 	699
f 718 	699 	674
f 675 	725 	677
f 677 	725 	678
f 680 	725 	654
f 678 	725 	680
f 681 	689 	679
f 679 	686 	632
f 683 	698 	681
f 682 	725 	568
f 682 	684 	685
f 631 	632 	687
f 644 	697 	683
f 668 	703 	666
f 684 	682 	568
f 568 	725 	565
f 642 	630 	688
f 572 	655 	575
f 565 	725 	569
f 571 	725 	670
f 569 	725 	571
f 669 	702 	668
f 700 	701 	671
f 676 	718 	674
f 696 	647 	695
f 689 	681 	698
f 686 	679 	689
f 682 	580 	719
f 690 	691 	692
f 690 	693 	691
f 652 	694 	874
f 697 	644 	696
f 698 	683 	697
f 669 	671 	701
f 701 	702 	669
f 703 	668 	702
f 695 	666 	703
f 572 	692 	691
f 705 	721 	704
f 693 	694 	691
f 652 	691 	694
f 707 	724 	706
f 706 	720 	705
f 704 	709 	676
f 722 	723 	708
f 572 	691 	652
f 710 	711 	712
f 710 	712 	575
f 718 	676 	709
f 870 	867 	714
f 716 	713 	715
f 714 	717 	870
f 699 	700 	673
f 671 	673 	700
f 716 	717 	714
f 716 	714 	713
f 709 	704 	721
f 723 	724 	707
f 720 	706 	724
f 715 	733 	716
f 603 	689 	698
f 689 	601 	686
f 603 	601 	689
f 716 	733 	717
f 687 	686 	600
f 601 	600 	686
f 727 	728 	575
f 726 	727 	575
f 710 	575 	728
f 729 	710 	728
f 725 	726 	575
f 575 	653 	725
f 682 	719 	725
f 600 	599 	688
f 600 	688 	687
f 711 	730 	865
f 730 	715 	865
f 710 	744 	730
f 711 	710 	730
f 715 	730 	733
f 731 	732 	729
f 731 	729 	728
f 605 	585 	857
f 557 	857 	585
f 729 	745 	710
f 744 	733 	730
f 735 	736 	734
f 588 	734 	736
f 588 	736 	1006
f 589 	737 	734
f 589 	734 	588
f 738 	739 	727
f 738 	727 	726
f 752 	749 	734
f 590 	740 	737
f 590 	737 	589
f 741 	726 	725
f 726 	741 	742
f 726 	742 	738
f 591 	743 	740
f 591 	740 	590
f 743 	755 	740
f 743 	591 	592
f 574 	592 	591
f 744 	745 	746
f 747 	748 	746
f 747 	746 	745
f 593 	770 	592
f 592 	769 	743
f 744 	710 	745
f 749 	627 	750
f 749 	750 	751
f 745 	729 	747
f 732 	747 	729
f 752 	630 	627
f 752 	627 	749
f 753 	631 	630
f 753 	630 	752
f 754 	879 	746
f 754 	746 	727
f 728 	727 	746
f 748 	731 	746
f 728 	746 	731
f 755 	632 	631
f 755 	631 	753
f 748 	747 	731
f 732 	731 	747
f 739 	756 	754
f 739 	754 	727
f 739 	738 	742
f 739 	742 	756
f 735 	734 	749
f 734 	737 	752
f 751 	735 	749
f 753 	752 	737
f 737 	740 	753
f 755 	753 	740
f 644 	772 	758
f 644 	758 	759
f 644 	759 	647
f 647 	759 	760
f 647 	760 	666
f 666 	760 	761
f 666 	761 	668
f 668 	761 	762
f 668 	762 	669
f 669 	762 	763
f 669 	763 	671
f 671 	763 	765
f 671 	765 	673
f 673 	765 	766
f 673 	766 	674
f 778 	719 	767
f 674 	766 	768
f 674 	768 	676
f 764 	719 	757
f 632 	755 	679
f 769 	679 	755
f 664 	719 	663
f 770 	681 	679
f 770 	679 	769
f 771 	778 	767
f 772 	683 	681
f 772 	681 	770
f 757 	719 	664
f 773 	719 	764
f 772 	644 	683
f 773 	774 	719
f 775 	776 	719
f 774 	775 	719
f 776 	777 	719
f 777 	767 	719
f 763 	762 	857
f 605 	857 	762
f 762 	761 	605
f 604 	605 	761
f 772 	597 	758
f 770 	593 	772
f 760 	604 	761
f 857 	858 	763
f 765 	763 	858
f 779 	778 	771
f 733 	1019 	717
f 717 	1020 	719
f 593 	597 	772
f 769 	592 	770
f 755 	743 	769
f 704 	676 	803
f 768 	803 	676
f 782 	788 	781
f 783 	788 	782
f 784 	788 	783
f 785 	788 	784
f 786 	788 	785
f 804 	803 	861
f 780 	781 	788
f 787 	780 	788
f 616 	615 	700
f 616 	700 	699
f 615 	614 	701
f 615 	701 	700
f 789 	790 	788
f 788 	790 	627
f 614 	613 	702
f 614 	702 	701
f 787 	788 	640
f 613 	612 	703
f 613 	703 	702
f 703 	612 	611
f 703 	611 	695
f 791 	801 	802
f 609 	696 	695
f 609 	695 	611
f 608 	697 	696
f 608 	696 	609
f 606 	698 	697
f 606 	697 	608
f 698 	606 	603
f 779 	626 	794
f 626 	722 	794
f 626 	625 	723
f 626 	723 	722
f 625 	624 	724
f 625 	724 	723
f 624 	623 	720
f 624 	720 	724
f 623 	622 	721
f 623 	721 	720
f 709 	622 	617
f 622 	709 	721
f 618 	718 	709
f 792 	800 	791
f 798 	799 	793
f 795 	796 	793
f 796 	797 	793
f 797 	798 	793
f 799 	800 	793
f 792 	793 	800
f 801 	791 	800
f 722 	802 	801
f 709 	617 	618
f 802 	722 	708
f 699 	718 	618
f 699 	618 	616
f 720 	721 	705
f 707 	708 	723
f 804 	705 	704
f 804 	704 	803
f 805 	780 	806
f 807 	706 	705
f 807 	705 	804
f 808 	781 	780
f 808 	780 	805
f 809 	707 	706
f 809 	706 	807
f 810 	782 	781
f 810 	781 	808
f 811 	708 	707
f 811 	707 	809
f 812 	783 	782
f 812 	782 	810
f 813 	784 	783
f 813 	783 	812
f 814 	815 	811
f 708 	811 	815
f 816 	785 	784
f 816 	784 	813
f 816 	817 	786
f 816 	786 	785
f 807 	582 	809
f 804 	862 	807
f 581 	809 	582
f 768 	861 	803
f 817 	823 	786
f 646 	818 	819
f 787 	640 	821
f 646 	648 	818
f 820 	821 	640
f 819 	820 	640
f 779 	822 	778
f 780 	787 	806
f 779 	794 	822
f 823 	788 	786
f 828 	649 	827
f 649 	853 	827
f 829 	983 	828
f 830 	984 	829
f 831 	985 	830
f 832 	986 	831
f 833 	987 	832
f 788 	823 	824
f 788 	824 	789
f 834 	790 	789
f 834 	789 	824
f 790 	834 	750
f 790 	750 	627
f 835 	1010 	837
f 801 	839 	840
f 801 	840 	722
f 837 	1011 	838
f 722 	840 	794
f 838 	1012 	841
f 795 	843 	844
f 846 	796 	844
f 795 	844 	796
f 846 	848 	797
f 846 	797 	796
f 842 	1014 	845
f 848 	850 	798
f 848 	798 	797
f 850 	852 	799
f 850 	799 	798
f 847 	1015 	849
f 852 	854 	800
f 852 	800 	799
f 854 	839 	801
f 854 	801 	800
f 825 	826 	851
f 1003 	564 	625
f 599 	596 	688
f 688 	596 	642
f 596 	595 	639
f 596 	639 	642
f 595 	640 	639
f 595 	594 	640
f 640 	594 	819
f 646 	819 	594
f 858 	857 	557
f 858 	557 	558
f 766 	765 	859
f 559 	859 	858
f 559 	858 	558
f 858 	859 	765
f 560 	860 	859
f 560 	859 	559
f 768 	766 	860
f 561 	861 	860
f 561 	860 	560
f 861 	768 	860
f 562 	862 	861
f 562 	861 	561
f 862 	804 	861
f 563 	582 	862
f 563 	862 	562
f 859 	860 	766
f 582 	807 	862
f 843 	795 	855
f 793 	855 	795
f 863 	580 	682
f 863 	682 	685
f 690 	692 	865
f 711 	865 	712
f 692 	712 	865
f 864 	791 	866
f 713 	714 	867
f 713 	867 	715
f 865 	715 	867
f 868 	866 	791
f 868 	791 	802
f 690 	865 	867
f 692 	572 	575
f 692 	575 	712
f 791 	864 	792
f 869 	792 	864
f 871 	867 	870
f 871 	690 	867
f 872 	693 	870
f 871 	870 	693
f 871 	693 	690
f 793 	792 	869
f 793 	869 	855
f 870 	717 	872
f 708 	815 	802
f 873 	802 	815
f 875 	1083 	874
f 802 	873 	868
f 875 	876 	877
f 875 	877 	878
f 875 	878 	880
f 875 	880 	881
f 875 	881 	882
f 875 	882 	883
f 875 	883 	884
f 875 	884 	885
f 875 	885 	886
f 887 	875 	886
f 817 	816 	879
f 810 	808 	744
f 806 	744 	805
f 875 	887 	888
f 875 	888 	889
f 875 	889 	890
f 875 	890 	891
f 875 	891 	892
f 875 	892 	893
f 875 	893 	894
f 805 	744 	808
f 1083 	875 	897
f 896 	897 	875
f 810 	744 	812
f 875 	898 	899
f 875 	874 	694
f 875 	694 	898
f 812 	744 	813
f 816 	813 	879
f 744 	879 	813
f 900 	901 	886
f 887 	886 	901
f 886 	885 	902
f 886 	902 	900
f 820 	818 	821
f 885 	884 	903
f 885 	903 	902
f 884 	883 	904
f 884 	904 	903
f 818 	820 	819
f 883 	882 	905
f 883 	905 	904
f 744 	746 	879
f 882 	881 	906
f 882 	906 	905
f 881 	880 	907
f 881 	907 	906
f 880 	878 	908
f 880 	908 	907
f 877 	909 	908
f 877 	908 	878
f 844 	843 	916
f 876 	910 	909
f 876 	909 	877
f 899 	910 	876
f 899 	876 	875
f 893 	912 	913
f 893 	913 	894
f 892 	914 	912
f 892 	912 	893
f 891 	915 	914
f 891 	914 	892
f 890 	917 	915
f 890 	915 	891
f 840 	839 	822
f 839 	916 	822
f 843 	911 	916
f 889 	918 	917
f 889 	917 	890
f 888 	919 	918
f 888 	918 	889
f 887 	920 	919
f 887 	919 	888
f 901 	920 	887
f 897 	921 	863
f 896 	922 	921
f 896 	921 	897
f 895 	923 	922
f 895 	922 	896
f 844 	916 	846
f 894 	924 	923
f 894 	923 	895
f 846 	916 	848
f 913 	924 	894
f 848 	916 	850
f 850 	916 	852
f 852 	916 	854
f 839 	854 	916
f 922 	923 	719
f 912 	914 	719
f 915 	917 	719
f 693 	872 	900
f 719 	900 	872
f 872 	717 	719
f 904 	905 	693
f 693 	907 	908
f 794 	840 	822
f 899 	898 	693
f 694 	693 	898
f 911 	741 	916
f 879 	754 	911
f 754 	741 	911
f 725 	916 	741
f 918 	919 	719
f 719 	901 	900
f 902 	693 	900
f 916 	719 	778
f 916 	778 	822
f 902 	903 	693
f 904 	693 	903
f 725 	719 	916
f 905 	906 	693
f 693 	906 	907
f 645 	1007 	821
f 787 	821 	1007
f 909 	910 	693
f 908 	909 	693
f 693 	910 	899
f 733 	744 	633
f 806 	633 	744
f 914 	915 	719
f 917 	918 	719
f 821 	818 	648
f 821 	648 	645
f 919 	920 	719
f 901 	719 	920
f 863 	921 	580
f 925 	926 	586
f 925 	586 	587
f 921 	922 	580
f 719 	580 	922
f 927 	928 	929
f 927 	929 	930
f 924 	913 	719
f 923 	924 	719
f 931 	926 	929
f 926 	925 	929
f 930 	929 	925
f 912 	719 	913
f 929 	1059 	931
f 931 	1059 	926
f 586 	926 	1059
f 934 	928 	927
f 929 	928 	1057
f 933 	949 	932
f 932 	949 	937
f 937 	949 	936
f 939 	936 	938
f 940 	936 	939
f 935 	936 	940
f 941 	944 	940
f 942 	944 	941
f 943 	944 	942
f 935 	940 	944
f 1057 	1059 	929
f 814 	586 	1059
f 949 	933 	948
f 947 	948 	933
f 946 	947 	933
f 938 	936 	949
f 945 	946 	933
f 950 	951 	933
f 945 	933 	951
f 952 	953 	954
f 950 	933 	570
f 566 	570 	933
f 567 	566 	933
f 651 	650 	932
f 956 	957 	952
f 956 	952 	954
f 874 	933 	652
f 933 	932 	652
f 650 	652 	932
f 1065 	1088 	874
f 960 	957 	959
f 958 	959 	957
f 958 	957 	956
f 654 	653 	938
f 653 	655 	939
f 653 	939 	938
f 655 	656 	940
f 655 	940 	939
f 656 	657 	941
f 656 	941 	940
f 735 	959 	958
f 735 	958 	736
f 657 	659 	942
f 657 	942 	941
f 659 	660 	943
f 659 	943 	942
f 660 	662 	944
f 660 	944 	943
f 960 	1054 	957
f 662 	577 	935
f 662 	935 	944
f 959 	751 	960
f 1055 	960 	751
f 665 	936 	935
f 665 	935 	577
f 667 	937 	936
f 667 	936 	665
f 667 	651 	937
f 932 	937 	651
f 735 	751 	959
f 571 	670 	950
f 571 	950 	570
f 670 	672 	951
f 670 	951 	950
f 672 	573 	945
f 672 	945 	951
f 961 	962 	963
f 961 	963 	856
f 675 	946 	945
f 675 	945 	573
f 677 	947 	946
f 677 	946 	675
f 678 	948 	947
f 678 	947 	677
f 964 	965 	962
f 964 	962 	961
f 680 	949 	948
f 680 	948 	678
f 1057 	962 	965
f 680 	654 	949
f 938 	949 	654
f 955 	685 	684
f 966 	967 	965
f 966 	965 	964
f 684 	568 	567
f 684 	567 	955
f 968 	969 	967
f 968 	967 	966
f 969 	1056 	967
f 970 	971 	969
f 970 	969 	968
f 972 	973 	971
f 972 	971 	970
f 974 	975 	973
f 974 	973 	972
f 967 	1056 	965
f 976 	977 	975
f 976 	975 	974
f 971 	1056 	969
f 978 	979 	977
f 978 	977 	976
f 980 	981 	979
f 980 	979 	978
f 977 	1056 	975
f 982 	981 	980
f 981 	1056 	979
f 988 	987 	833
f 833 	996 	988
f 989 	988 	996
f 996 	997 	989
f 991 	990 	998
f 997 	998 	990
f 990 	989 	997
f 986 	832 	987
f 985 	831 	986
f 984 	830 	985
f 983 	829 	984
f 649 	828 	983
f 853 	851 	826
f 826 	827 	853
f 993 	992 	1000
f 1000 	1001 	993
f 999 	1000 	992
f 994 	993 	1001
f 1005 	995 	1007
f 1001 	1002 	994
f 992 	991 	999
f 998 	999 	991
f 851 	849 	825
f 845 	1015 	847
f 841 	1013 	842
f 825 	849 	1015
f 836 	1009 	835
f 624 	625 	564
f 623 	624 	563
f 995 	994 	1002
f 1007 	594 	1005
f 1002 	1007 	995
f 1006 	1005 	594
f 594 	595 	1006
f 564 	563 	624
f 1010 	835 	1009
f 1011 	837 	1010
f 1012 	838 	1011
f 1013 	841 	1012
f 1014 	842 	1013
f 1015 	845 	1014
f 1004 	1008 	836
f 1009 	836 	1008
f 1008 	1004 	626
f 833 	620 	619
f 1016 	621 	832
f 833 	832 	621
f 833 	621 	620
f 832 	831 	1017
f 832 	1017 	1016
f 831 	830 	1018
f 831 	1018 	1017
f 830 	829 	1019
f 830 	1019 	1018
f 829 	828 	1020
f 829 	1020 	1019
f 828 	827 	1021
f 828 	1021 	1020
f 827 	826 	1022
f 827 	1022 	1021
f 826 	825 	610
f 826 	610 	1022
f 658 	607 	825
f 825 	607 	610
f 1002 	634 	633
f 787 	1007 	806
f 1002 	633 	1007
f 1001 	635 	634
f 1001 	634 	1002
f 1000 	636 	635
f 1000 	635 	1001
f 999 	637 	636
f 999 	636 	1000
f 998 	638 	637
f 998 	637 	999
f 997 	641 	638
f 997 	638 	998
f 629 	628 	996
f 997 	996 	628
f 997 	628 	641
f 996 	833 	619
f 996 	619 	629
f 661 	658 	825
f 835 	961 	856
f 835 	856 	836
f 837 	964 	961
f 837 	961 	835
f 838 	966 	964
f 838 	964 	837
f 841 	968 	966
f 841 	966 	838
f 842 	970 	968
f 842 	968 	841
f 845 	972 	970
f 845 	970 	842
f 847 	974 	972
f 847 	972 	845
f 849 	976 	974
f 849 	974 	847
f 851 	978 	976
f 851 	976 	849
f 853 	980 	978
f 853 	978 	851
f 980 	853 	982
f 649 	982 	853
f 934 	1004 	836
f 934 	836 	856
f 649 	1023 	982
f 983 	1024 	1023
f 983 	1023 	649
f 984 	1025 	1024
f 984 	1024 	983
f 985 	1026 	1025
f 985 	1025 	984
f 986 	1027 	1026
f 986 	1026 	985
f 987 	1028 	1027
f 987 	1027 	986
f 988 	1029 	1028
f 988 	1028 	987
f 988 	1030 	1029
f 989 	1031 	1030
f 989 	1030 	988
f 1031 	989 	990
f 1031 	990 	1032
f 1032 	990 	991
f 1032 	991 	1033
f 1033 	991 	992
f 1033 	992 	1034
f 993 	1035 	1034
f 993 	1034 	992
f 994 	1036 	1035
f 994 	1035 	993
f 995 	1037 	1036
f 995 	1036 	994
f 995 	953 	1037
f 643 	594 	645
f 646 	594 	643
f 1007 	645 	594
f 633 	806 	1007
f 1003 	925 	587
f 1003 	587 	564
f 1004 	927 	930
f 925 	1003 	930
f 1004 	930 	1003
f 1004 	934 	927
f 953 	995 	1005
f 953 	1005 	954
f 1006 	958 	956
f 954 	1005 	956
f 1006 	956 	1005
f 958 	1006 	736
f 767 	1008 	771
f 1008 	626 	771
f 779 	771 	626
f 663 	661 	1015
f 825 	1015 	661
f 1015 	1014 	664
f 1015 	664 	663
f 773 	764 	1013
f 764 	757 	1013
f 1014 	1013 	757
f 1014 	757 	664
f 1013 	1012 	774
f 1013 	774 	773
f 1012 	1011 	775
f 1012 	775 	774
f 1011 	1010 	776
f 1011 	776 	775
f 1010 	1009 	777
f 1010 	777 	776
f 1009 	1008 	767
f 1009 	767 	777
f 619 	620 	733
f 1017 	1018 	733
f 733 	1018 	1019
f 1020 	717 	1019
f 1017 	733 	1016
f 1021 	719 	1020
f 1022 	719 	1021
f 610 	719 	1022
f 607 	719 	610
f 928 	934 	963
f 856 	963 	934
f 963 	1057 	928
f 981 	982 	1038
f 1023 	1038 	982
f 1024 	1039 	1038
f 1024 	1038 	1023
f 1025 	1040 	1039
f 1025 	1039 	1024
f 1026 	1041 	1040
f 1026 	1040 	1025
f 1027 	1042 	1041
f 1027 	1041 	1026
f 1028 	1043 	1042
f 1028 	1042 	1027
f 1029 	1044 	1043
f 1029 	1043 	1028
f 1043 	1053 	1042
f 1030 	1044 	1029
f 1044 	1030 	1045
f 1031 	1045 	1030
f 1046 	1045 	1031
f 1046 	1031 	1032
f 1046 	1053 	1045
f 1047 	1046 	1032
f 1047 	1032 	1033
f 1044 	1045 	1053
f 1048 	1047 	1033
f 1048 	1033 	1034
f 1035 	1049 	1048
f 1035 	1048 	1034
f 1047 	1053 	1046
f 1049 	1053 	1048
f 1036 	1050 	1049
f 1036 	1049 	1035
f 1037 	1051 	1050
f 1037 	1050 	1036
f 1049 	1050 	1052
f 1051 	1052 	1050
f 953 	952 	1051
f 953 	1051 	1037
f 981 	1038 	1056
f 1039 	1056 	1038
f 1040 	1053 	1039
f 1041 	1053 	1040
f 1042 	1053 	1041
f 1044 	1053 	1043
f 1056 	1039 	1053
f 1048 	1053 	1047
f 1052 	1053 	1049
f 1052 	1051 	952
f 1052 	952 	957
f 823 	817 	1052
f 1053 	1052 	817
f 879 	1053 	817
f 1052 	1054 	823
f 824 	823 	1054
f 957 	1054 	1052
f 1055 	834 	824
f 1055 	824 	1054
f 834 	1055 	751
f 834 	751 	750
f 1054 	960 	1055
f 879 	1056 	1053
f 963 	962 	1057
f 1057 	965 	1056
f 1056 	971 	973
f 973 	975 	1056
f 977 	979 	1056
f 1058 	1056 	843
f 855 	1058 	843
f 911 	843 	1056
f 1057 	1056 	1058
f 1057 	1058 	1059
f 1060 	864 	866
f 1060 	866 	868
f 1061 	869 	864
f 1061 	864 	1060
f 855 	869 	1061
f 855 	1061 	1058
f 1058 	1061 	1059
f 1060 	1059 	1061
f 1062 	873 	815
f 1062 	815 	814
f 1060 	868 	1062
f 873 	1062 	868
f 814 	1059 	1062
f 1060 	1062 	1059
f 879 	911 	1056
f 756 	742 	741
f 756 	741 	754
f 874 	1066 	1065
f 1064 	1065 	1066
f 1067 	1068 	1066
f 1066 	1068 	1069
f 1066 	1069 	1070
f 1066 	1070 	1071
f 1066 	1071 	1072
f 1066 	1072 	1073
f 1066 	1073 	1074
f 1066 	1074 	1075
f 1066 	1075 	1076
f 1066 	1076 	1077
f 1066 	1077 	1078
f 1066 	1078 	1079
f 1063 	1066 	1079
f 1063 	1064 	1066
f 894 	895 	875
f 1066 	874 	1082
f 1082 	874 	1081
f 1083 	1084 	874
f 895 	896 	875
f 1081 	874 	1080
f 1084 	1085 	874
f 1085 	1086 	874
f 1087 	874 	1086
f 1080 	874 	1087
f 1089 	933 	1088
f 1090 	933 	1089
f 1093 	933 	1092
f 1094 	933 	1093
f 1095 	933 	1094
f 1096 	933 	1095
f 1097 	933 	1096
f 1098 	933 	1097
f 1099 	933 	1098
f 1100 	933 	1099
f 1101 	1102 	933
f 1090 	1101 	933
f 1092 	933 	1091
f 1102 	1103 	933
f 1103 	1104 	933
f 1091 	933 	1104
f 1100 	1105 	933
f 1106 	933 	1105
f 1106 	1107 	933
f 1107 	1108 	933
f 1108 	1109 	933
f 1109 	1110 	933
f 1110 	1111 	933
f 1111 	1112 	933
f 1112 	955 	933
f 955 	567 	933
f 933 	874 	1088
f 1064 	1089 	1088
f 1064 	1088 	1065
f 1064 	1063 	1090
f 1064 	1090 	1089
f 1101 	1090 	1079
f 1063 	1079 	1090
f 1079 	1078 	1102
f 1079 	1102 	1101
f 1078 	1077 	1103
f 1078 	1103 	1102
f 1077 	1076 	1104
f 1077 	1104 	1103
f 1076 	1075 	1091
f 1076 	1091 	1104
f 1075 	1074 	1092
f 1075 	1092 	1091
f 1074 	1073 	1093
f 1074 	1093 	1092
f 1073 	1072 	1094
f 1073 	1094 	1093
f 1072 	1071 	1095
f 1072 	1095 	1094
f 1071 	1070 	1096
f 1071 	1096 	1095
f 1070 	1069 	1097
f 1070 	1097 	1096
f 1069 	1068 	1098
f 1069 	1098 	1097
f 1068 	1067 	1099
f 1068 	1099 	1098
f 1067 	1066 	1100
f 1067 	1100 	1099
f 1066 	1105 	1100
f 1107 	1080 	1087
f 1107 	1087 	1108
f 1087 	1086 	1109
f 1087 	1109 	1108
f 1086 	1085 	1110
f 1086 	1110 	1109
f 1085 	1084 	1111
f 1085 	1111 	1110
f 1084 	1083 	1112
f 1084 	1112 	1111
f 1083 	897 	863
f 1083 	863 	685
f 955 	1112 	685
f 1083 	685 	1112
f 1066 	1082 	1105
f 1082 	1081 	1106
f 1082 	1106 	1105
f 1081 	1080 	1107
f 1081 	1107 	1106
# 1112 faces

 #end of obj_1

o obj_2
v 97.395 		170.044 		0.001
v 97.109 		170.142 		0.001
v 96.838 		170.275 		0.001
v 96.587 		170.443 		0.001
v 96.36 		170.642 		0.001
v 96.16 		170.869 		0.001
v 95.993 		171.121 		0.001
v 95.859 		171.392 		0.001
v 74.038 		219.504 		4.502
v 74.038 		219.504 		4.531
v 73.507 		219.858 		4.531
v 73.507 		219.858 		4.502
v 74.61 		219.221 		4.502
v 74.61 		219.221 		4.531
v 75 		219.0884 		4.502
v 101.619 		200.749 		4.502
v 76.475 		218.85 		4.502
v 99.399 		170.443 		0.001
v 97.61 		197.444 		4.502
v 99.148 		170.275 		0.001
v 81.35 		223.725 		4.502
v 98.877 		170.142 		0.001
v 98.591 		170.044 		0.001
v 80.979 		225.591 		4.502
v 81.0303 		225.44 		4.502
v 80.7378 		226.0802 		4.502
v 98.294 		169.985 		0.001
v 97.993 		169.966 		0.001
v 79.443 		219.858 		4.502
v 79.096 		219.6262 		4.502
v 95.859 		171.392 		2.415
v 95.993 		171.121 		2.415
v 79.922 		220.278 		4.502
v 80.343 		220.758 		4.502
v 95.7868 		171.605 		2.415
v 95.7868 		171.605 		0.029
v 80.697 		221.288 		4.502
v 80.979 		221.86 		4.502
v 81.184 		222.464 		4.502
v 81.308 		223.089 		4.502
v 81.308 		224.362 		4.502
v 99.399 		170.443 		2.415
v 81.184 		224.987 		4.502
v 99.148 		170.275 		2.415
v 75.213 		219.016 		4.502
v 75.839 		218.892 		4.502
v 98.877 		170.142 		2.415
v 77.111 		218.892 		4.502
v 98.591 		170.044 		2.415
v 77.737 		219.016 		4.502
v 78.341 		219.221 		4.502
v 98.294 		169.985 		2.415
v 78.913 		219.504 		4.502
v 97.993 		169.966 		2.415
v 72.787 		220.396 		4.502
v 73.028 		220.278 		4.502
v 72.867 		220.462 		4.502
v 97.691 		169.985 		0.001
v 97.691 		169.985 		2.415
v 72.787 		220.396 		0.029
v 100.127 		171.392 		0.001
v 100.127 		171.392 		2.415
v 100.1992 		171.605 		2.415
v 100.1992 		171.605 		0.029
v 100.443 		202.176 		4.501
v 100.4429 		202.1758 		4.501
v 101.619 		200.749 		4.501
v 99.993 		171.121 		0.001
v 99.993 		171.121 		2.415
v 100.4429 		202.1758 		0.029
v 80.7378 		226.0802 		0.029
v 99.826 		170.869 		0.001
v 99.826 		170.869 		2.415
v 99.626 		170.642 		0.001
v 99.626 		170.642 		2.415
v 102.977 		197.444 		4.502
v 102.977 		197.444 		4.501
v 101.256 		171.245 		2.415
v 97.61 		197.444 		4.501
v 101.256 		171.245 		4.531
v 101.3274 		171.605 		4.502
v 101.3274 		171.605 		2.415
v 102.973 		195.645 		0.001
v 97.567 		196.577 		0.001
v 101.108 		170.81 		2.415
v 101.108 		170.81 		4.531
v 102.977 		195.94 		0.029
v 102.973 		195.645 		0.029
v 100.906 		170.399 		2.415
v 100.906 		170.399 		4.531
v 97.567 		196.577 		0.029
v 100.651 		170.018 		2.415
v 100.651 		170.018 		4.531
v 93.227 		195.6011 		0.029
v 99.211 		168.913 		2.415
v 99.211 		168.913 		4.531
v 93.227 		195.6011 		4.502
v 98.777 		168.766 		2.415
v 98.777 		168.766 		4.531
v 95.195 		193.783 		4.502
v 96.682 		193.584 		4.502
v 98.327 		168.676 		2.415
v 98.327 		168.676 		4.531
v 100.032 		193.604 		4.502
v 101.527 		193.725 		4.502
v 97.869 		168.646 		2.415
v 97.869 		168.646 		4.531
v 102.977 		195.94 		4.501
v 97.412 		168.676 		2.415
v 97.412 		168.676 		4.531
v 96.962 		168.766 		2.415
v 96.962 		168.766 		4.531
v 96.528 		168.913 		2.415
v 96.528 		168.913 		4.531
v 100.032 		193.604 		6.913
v 101.527 		193.725 		6.913
v 96.116 		169.116 		2.415
v 102.977 		192.7416 		0.029
v 96.116 		169.116 		4.531
v 95.735 		169.371 		2.415
v 95.735 		169.371 		4.531
v 100.348 		169.673 		2.415
v 100.348 		169.673 		4.531
v 100.004 		169.371 		2.415
v 100.004 		169.371 		4.531
v 99.622 		169.116 		2.415
v 99.622 		169.116 		4.531
v 95.195 		193.783 		6.842
v 96.682 		193.584 		6.842
v 93.227 		183.5794 		4.502
v 93.82 		183.5 		4.502
v 93.82 		183.5 		6.842
v 102.977 		182.2746 		4.502
v 102.352 		183.508 		4.502
v 100.857 		183.387 		4.502
v 102.352 		183.508 		6.913
v 100.857 		183.387 		6.913
v 95.685 		167.895 		0.001
v 95.685 		167.895 		4.531
v 96.257 		167.613 		0.001
v 96.257 		167.613 		4.531
v 96.861 		167.408 		0.001
v 96.861 		167.408 		4.531
v 97.486 		167.283 		0.001
v 97.486 		167.283 		4.531
v 95.307 		183.301 		4.502
v 98.123 		167.242 		0.001
v 98.123 		167.242 		4.531
v 98.759 		167.283 		0.001
v 98.759 		167.283 		4.531
v 99.385 		167.408 		0.001
v 99.385 		167.408 		4.531
v 99.988 		167.613 		0.001
v 99.988 		167.613 		4.531
v 95.307 		183.301 		6.842
v 100.56 		167.895 		0.001
v 100.56 		167.895 		4.531
v 93.281 		171.605 		4.502
v 93.281 		171.605 		0.029
v 97.691 		174.566 		0.001
v 93.289 		171.48 		0.001
v 93.289 		171.48 		4.531
v 93.414 		170.855 		0.001
v 93.414 		170.855 		4.531
v 97.993 		174.586 		0.001
v 93.619 		170.251 		0.001
v 93.619 		170.251 		4.531
v 93.901 		169.679 		0.001
v 93.901 		169.679 		4.531
v 98.294 		174.566 		0.001
v 94.255 		169.149 		0.001
v 94.255 		169.149 		4.531
v 98.591 		174.507 		0.001
v 94.676 		168.67 		4.531
v 98.877 		174.41 		0.001
v 99.148 		174.276 		0.001
v 94.676 		168.67 		0.001
v 99.399 		174.108 		0.001
v 99.626 		173.909 		0.001
v 95.155 		168.249 		0.001
v 95.155 		168.249 		4.531
v 99.826 		173.682 		0.001
v 99.993 		173.431 		0.001
v 95.39 		169.673 		2.415
v 95.39 		169.673 		4.531
v 95.088 		170.018 		2.415
v 95.088 		170.018 		4.531
v 94.833 		170.399 		2.415
v 94.833 		170.399 		4.531
v 94.63 		170.81 		2.415
v 94.63 		170.81 		4.531
v 94.483 		171.245 		2.415
v 94.483 		171.245 		4.531
v 94.4116 		171.605 		2.415
v 94.4116 		171.605 		4.502
v 102.977 		171.605 		4.502
v 102.9642 		171.605 		4.502
v 102.956 		171.48 		0.001
v 102.832 		170.855 		0.001
v 102.627 		170.251 		0.001
v 102.9642 		171.605 		0.029
v 102.977 		171.605 		0.029
v 93.227 		171.605 		4.502
v 93.227 		171.605 		0.029
v 102.345 		169.679 		0.001
v 95.685 		176.339 		0.001
v 101.99 		169.149 		0.001
v 101.57 		168.67 		0.001
v 96.257 		176.621 		0.001
v 96.861 		176.826 		0.001
v 97.486 		176.95 		0.001
v 98.123 		176.992 		0.001
v 98.759 		176.95 		0.001
v 99.385 		176.826 		0.001
v 99.988 		176.621 		0.001
v 100.56 		176.339 		0.001
v 101.09 		168.249 		0.001
v 95.703 		172.577 		0.001
v 95.683 		172.276 		0.001
v 95.762 		172.873 		0.001
v 95.859 		173.16 		0.001
v 95.993 		173.431 		0.001
v 96.16 		173.682 		0.001
v 96.36 		173.909 		0.001
v 96.587 		174.108 		0.001
v 96.838 		174.276 		0.001
v 97.109 		174.41 		0.001
v 97.395 		174.507 		0.001
v 100.127 		173.16 		0.001
v 100.224 		172.873 		0.001
v 100.283 		172.577 		0.001
v 100.303 		172.276 		0.001
v 94.47 		175.3291 		4.502
v 94.47 		175.3291 		4.531
v 94.3666 		172.192 		4.502
v 94.364 		172.152 		4.531
v 94.364 		172.152 		4.502
v 94.3935 		171.701 		4.502
v 94.394 		172.61 		4.502
v 94.394 		172.61 		4.531
v 101.09 		175.984 		0.001
v 101.57 		175.564 		0.001
v 101.99 		175.084 		0.001
v 102.345 		174.554 		0.001
v 102.627 		173.982 		0.001
v 102.832 		173.378 		0.001
v 102.956 		172.753 		0.001
v 94.47 		172.9934 		4.531
v 94.47 		172.9934 		4.502
v 94.394 		171.694 		4.502
v 94.394 		171.694 		4.531
v 95.762 		171.678 		0.001
v 95.703 		171.974 		0.001
v 101.375 		178.706 		4.502
v 100.283 		171.974 		0.001
v 100.224 		171.678 		0.001
v 102.977 		172.435 		4.502
v 102.956 		172.753 		4.502
v 102.832 		173.378 		4.502
v 102.627 		173.982 		4.502
v 102.345 		174.554 		4.502
v 102.998 		172.117 		0.001
v 101.99 		175.084 		4.502
v 101.57 		175.564 		4.502
v 101.375 		175.7346 		4.502
v 93.248 		172.117 		0.001
v 93.289 		172.753 		0.001
v 93.414 		173.378 		0.001
v 93.619 		173.982 		0.001
v 93.901 		174.554 		0.001
v 94.255 		175.084 		0.001
v 102.9706 		171.701 		4.502
v 94.676 		175.564 		0.001
v 95.155 		175.984 		0.001
v 102.977 		171.7985 		4.502
v 100.56 		176.339 		0.029
v 100.6361 		176.288 		0.029
v 99.988 		176.621 		0.029
v 100.303 		176.4657 		0.029
v 99.385 		176.826 		0.029
v 98.759 		176.95 		0.029
v 98.123 		176.992 		0.029
v 94.364 		175.2083 		4.502
v 97.486 		176.95 		0.029
v 94.47 		178.706 		4.502
v 96.861 		176.826 		0.029
v 96.257 		176.621 		0.029
v 95.685 		176.339 		0.029
v 95.6089 		176.288 		0.029
v 93.248 		172.117 		4.502
v 95.683 		176.3377 		0.029
v 102.956 		172.753 		0.029
v 102.977 		172.435 		0.029
v 102.832 		173.378 		0.029
v 93.2748 		171.701 		4.502
v 102.627 		173.982 		0.029
v 102.345 		174.554 		0.029
v 101.99 		175.084 		0.029
v 94.255 		175.084 		4.502
v 101.57 		175.564 		0.029
v 93.901 		174.554 		4.502
v 101.09 		175.984 		0.029
v 101.375 		175.7346 		0.029
v 93.619 		173.982 		4.502
v 93.414 		173.378 		4.502
v 95.48 		176.2017 		0.029
v 93.289 		172.753 		4.502
v 95.703 		172.577 		0.029
v 95.683 		172.276 		0.029
v 95.762 		172.873 		0.029
v 95.859 		173.16 		0.029
v 95.993 		173.431 		0.029
v 96.16 		173.682 		0.029
v 102.977 		171.7985 		0.029
v 96.36 		173.909 		0.029
v 96.587 		174.108 		0.029
v 96.838 		174.276 		0.029
v 97.109 		174.41 		0.029
v 97.395 		174.507 		0.029
v 95.762 		171.678 		0.029
v 95.762 		171.678 		2.415
v 97.528 		174.5335 		0.029
v 95.6886 		172.192 		0.029
v 95.703 		171.974 		0.029
v 95.703 		171.974 		1.898
v 95.7574 		171.701 		1.898
v 95.7574 		171.701 		0.029
v 95.7574 		171.701 		2.415
v 97.691 		174.566 		0.029
v 97.993 		174.586 		0.029
v 98.294 		174.566 		0.029
v 98.591 		174.507 		0.029
v 98.877 		174.41 		0.029
v 99.148 		174.276 		0.029
v 100.283 		171.974 		1.898
v 100.2974 		172.192 		0.029
v 100.283 		171.974 		0.029
v 99.399 		174.108 		0.029
v 100.2286 		171.701 		0.029
v 100.2286 		171.701 		1.898
v 99.576 		173.9528 		0.029
v 100.224 		171.678 		0.029
v 100.224 		171.678 		2.415
v 100.2286 		171.701 		2.415
v 99.626 		173.909 		0.029
v 99.826 		173.682 		0.029
v 99.993 		173.431 		0.029
v 100.127 		173.16 		0.029
v 100.224 		172.873 		0.029
v 100.283 		172.577 		0.029
v 100.303 		172.276 		0.029
v 95.703 		172.577 		1.898
v 95.683 		172.276 		1.898
v 102.9706 		171.701 		0.029
v 95.762 		172.873 		1.898
v 95.859 		173.16 		1.898
v 95.993 		173.431 		1.898
v 96.16 		173.682 		1.898
v 93.2748 		171.701 		0.029
v 93.248 		172.117 		0.029
v 95.155 		175.984 		0.029
v 94.676 		175.564 		0.029
v 96.36 		173.909 		1.898
v 94.255 		175.084 		0.029
v 94.364 		175.2083 		0.029
v 94.47 		175.3291 		0.029
v 93.901 		174.554 		0.029
v 93.619 		173.982 		0.029
v 96.587 		174.108 		1.898
v 93.414 		173.378 		0.029
v 93.289 		172.753 		0.029
v 96.838 		174.276 		1.898
v 97.109 		174.41 		1.898
v 97.395 		174.507 		1.898
v 102.832 		170.855 		4.531
v 102.956 		171.48 		4.531
v 102.627 		170.251 		4.531
v 101.57 		168.67 		4.531
v 101.99 		169.149 		4.531
v 102.345 		169.679 		4.531
v 101.09 		168.249 		4.531
v 97.395 		170.044 		2.415
v 97.109 		170.142 		2.415
v 96.838 		170.275 		2.415
v 96.587 		170.443 		2.415
v 96.36 		170.642 		2.415
v 96.16 		170.869 		2.415
v 102.956 		172.753 		4.531
v 102.832 		173.378 		4.531
v 102.627 		173.982 		4.531
v 102.345 		174.554 		4.531
v 101.99 		175.084 		4.531
v 101.57 		175.564 		4.531
v 101.375 		175.7346 		4.531
v 102.998 		172.117 		4.531
v 101.375 		171.701 		4.531
v 101.3455 		171.701 		4.531
v 101.345 		171.694 		4.531
v 94.255 		175.084 		4.531
v 93.901 		174.554 		4.531
v 93.619 		173.982 		4.531
v 93.414 		173.378 		4.531
v 93.289 		172.753 		4.531
v 93.248 		172.117 		4.531
v 101.375 		171.701 		4.502
v 101.3455 		171.701 		4.502
v 101.345 		171.694 		4.502
v 97.691 		174.566 		1.898
v 97.993 		174.586 		1.898
v 98.294 		174.566 		1.898
v 98.591 		174.507 		1.898
v 98.877 		174.41 		1.898
v 99.148 		174.276 		1.898
v 99.399 		174.108 		1.898
v 99.626 		173.909 		1.898
v 99.826 		173.682 		1.898
v 99.993 		173.431 		1.898
v 100.127 		173.16 		1.898
v 100.224 		172.873 		1.898
v 100.283 		172.577 		1.898
v 100.303 		172.276 		1.898
v 101.375 		171.701 		1.898
v 101.375 		178.706 		1.898
v 101.3455 		171.701 		2.415
v 101.345 		171.694 		2.415
v 94.47 		178.706 		1.898
v 94.47 		171.701 		1.898
v 94.47 		172.9934 		2.415
v 94.47 		171.701 		2.415
v 94.364 		172.152 		2.415
v 94.394 		172.61 		2.415
v 94.394 		171.694 		2.415
v 79.443 		227.593 		0.001
v 79.922 		227.173 		0.001
v 80.343 		226.693 		0.001
v 71.971 		225.591 		0.001
v 72.253 		226.163 		0.001
v 72.608 		226.693 		0.001
v 73.028 		227.173 		0.001
v 73.507 		227.593 		0.001
v 74.038 		227.947 		0.001
v 74.61 		228.229 		0.001
v 75.213 		228.434 		0.001
v 75.839 		228.559 		0.001
v 76.475 		228.6 		0.001
v 77.111 		228.559 		0.001
v 77.737 		228.434 		0.001
v 78.341 		228.229 		0.001
v 78.913 		227.947 		0.001
v 71.6 		223.725 		0.001
v 71.642 		224.362 		0.001
v 71.766 		224.987 		0.001
v 72.608 		220.758 		0.001
v 72.253 		221.288 		0.001
v 71.971 		221.86 		0.001
v 71.766 		222.464 		0.001
v 71.642 		223.089 		0.001
v 80.343 		226.693 		4.531
v 79.922 		227.173 		4.531
v 79.443 		227.593 		4.531
v 76.475 		228.6 		4.531
v 75.839 		228.559 		4.531
v 75.213 		228.434 		4.531
v 74.61 		228.229 		4.531
v 74.038 		227.947 		4.531
v 73.507 		227.593 		4.531
v 73.028 		227.173 		4.531
v 72.608 		226.693 		4.531
v 72.253 		226.163 		4.531
v 71.971 		225.591 		4.531
v 78.913 		227.947 		4.531
v 78.341 		228.229 		4.531
v 77.737 		228.434 		4.531
v 77.111 		228.559 		4.531
v 71.766 		224.987 		4.531
v 71.642 		224.362 		4.531
v 71.6 		223.725 		4.531
v 71.642 		223.089 		4.531
v 71.766 		222.464 		4.531
v 71.971 		221.86 		4.531
v 72.253 		221.288 		4.531
v 72.608 		220.758 		4.531
v 72.867 		220.462 		0.029
v 103.02 		199.111 		4.501
v 103.02 		199.111 		0.001
v 97.505 		197.825 		0.001
v 100.443 		202.176 		0.001
v 97.505 		197.825 		0.029
v 80.697 		226.163 		0.001
v 80.979 		225.591 		0.001
v 81.184 		224.987 		0.001
v 81.308 		224.362 		0.001
v 81.35 		223.725 		0.001
v 81.308 		223.089 		0.001
v 81.184 		222.464 		0.001
v 80.979 		221.86 		0.001
v 80.697 		221.288 		0.001
v 80.343 		220.758 		0.001
v 79.922 		220.278 		0.001
v 79.443 		219.858 		0.001
v 78.913 		219.504 		0.001
v 78.341 		219.221 		0.001
v 77.737 		219.016 		0.001
v 77.111 		218.892 		0.001
v 76.475 		218.85 		0.001
v 75.839 		218.892 		0.001
v 75.213 		219.016 		0.001
v 74.61 		219.221 		0.001
v 74.038 		219.504 		0.001
v 73.507 		219.858 		0.001
v 73.028 		220.278 		0.001
v 80.979 		225.591 		0.029
v 81.0303 		225.44 		0.029
v 79.443 		219.858 		0.029
v 79.096 		219.6262 		0.029
v 79.922 		220.278 		0.029
v 80.343 		220.758 		0.029
v 80.697 		221.288 		0.029
v 80.979 		221.86 		0.029
v 81.184 		222.464 		0.029
v 81.308 		223.089 		0.029
v 81.35 		223.725 		0.029
v 81.308 		224.362 		0.029
v 81.184 		224.987 		0.029
v 75.213 		219.016 		0.029
v 75 		219.0884 		0.029
v 75.839 		218.892 		0.029
v 76.475 		218.85 		0.029
v 77.111 		218.892 		0.029
v 77.737 		219.016 		0.029
v 78.341 		219.221 		0.029
v 78.913 		219.504 		0.029
v 73.028 		220.278 		0.029
v 73.507 		219.858 		0.029
v 74.038 		219.504 		0.029
v 74.61 		219.221 		0.029
v 80.979 		225.591 		4.531
v 80.697 		226.163 		4.531
v 81.35 		223.725 		4.531
v 81.308 		224.362 		4.531
v 81.184 		224.987 		4.531
v 79.443 		219.858 		4.531
v 79.922 		220.278 		4.531
v 80.343 		220.758 		4.531
v 80.697 		221.288 		4.531
v 80.979 		221.86 		4.531
v 81.184 		222.464 		4.531
v 81.308 		223.089 		4.531
v 76.475 		218.85 		4.531
v 77.111 		218.892 		4.531
v 77.737 		219.016 		4.531
v 78.341 		219.221 		4.531
v 78.913 		219.504 		4.531
v 75.213 		219.016 		4.531
v 75.839 		218.892 		4.531
v 73.028 		220.278 		4.531
# 556 vertices

g group_2_6383466

usemtl color_6383466
s 0

f 1140 	1139 	1259
f 1256 	1254 	1170
f 1114 	1113 	1252
f 1250 	1292 	1115
f 1117 	1116 	1289
f 1121 	1122 	1123
f 1121 	1123 	1124
f 1125 	1126 	1122
f 1125 	1122 	1121
f 1118 	1280 	1119
f 1120 	1119 	1278
f 1126 	1125 	1127
f 1129 	1209 	1160
f 1158 	1209 	1129
f 1186 	1184 	1319
f 1133 	1152 	1128
f 1150 	1128 	1151
f 1137 	1128 	1136
f 1319 	1320 	1186
f 1130 	1186 	1320
f 1320 	1329 	1130
f 1120 	1143 	1144
f 1120 	1144 	1119
f 1142 	1209 	1141
f 1141 	1131 	1145
f 1304 	1302 	1143
f 1150 	1149 	1128
f 1145 	1128 	1146
f 1120 	1148 	1143
f 1147 	1143 	1148
f 1146 	1128 	1149
f 1151 	1128 	1152
f 1306 	1304 	1147
f 1147 	1304 	1143
f 1133 	1128 	1153
f 1137 	1155 	1128
f 1138 	1136 	1128
f 1153 	1128 	1155
f 1156 	1154 	1130
f 1156 	1130 	1132
f 1159 	1161 	1207
f 1157 	1209 	1158
f 1159 	1156 	1132
f 1159 	1132 	1134
f 1210 	1207 	1161
f 1161 	1159 	1134
f 1161 	1134 	1135
f 1160 	1209 	1162
f 1162 	1209 	1163
f 1161 	1164 	1210
f 1165 	1209 	1142
f 1164 	1161 	1135
f 1164 	1135 	1139
f 1163 	1209 	1165
f 1166 	1164 	1139
f 1166 	1139 	1140
f 1214 	1210 	1164
f 1166 	1214 	1164
f 1167 	1209 	1124
f 1167 	1168 	1169
f 1170 	1171 	1166
f 1170 	1166 	1140
f 1168 	1167 	1124
f 1124 	1209 	1121
f 1128 	1145 	1131
f 1113 	1171 	1170
f 1121 	1209 	1125
f 1127 	1209 	1157
f 1125 	1209 	1127
f 1167 	1172 	1206
f 1175 	1176 	1174
f 1173 	1174 	1176
f 1177 	1178 	1179
f 1180 	1181 	1174
f 1180 	1174 	1173
f 1177 	1182 	1178
f 1138 	1183 	1601
f 1184 	1185 	1181
f 1184 	1181 	1180
f 1128 	1179 	1178
f 1186 	1187 	1185
f 1186 	1185 	1184
f 1181 	1185 	1201
f 1187 	1204 	1185
f 1182 	1183 	1178
f 1187 	1186 	1154
f 1130 	1154 	1186
f 1138 	1178 	1183
f 1156 	1236 	1154
f 1154 	1234 	1187
f 1128 	1178 	1138
f 1188 	1189 	1191
f 1188 	1191 	1131
f 1190 	1192 	1193
f 1190 	1193 	1194
f 1598 	1597 	1196
f 1197 	1198 	1192
f 1197 	1192 	1190
f 1200 	1195 	1199
f 1201 	1202 	1198
f 1201 	1198 	1197
f 1196 	1203 	1598
f 1200 	1203 	1196
f 1200 	1196 	1195
f 1204 	1205 	1202
f 1204 	1202 	1201
f 1199 	1230 	1200
f 1197 	1190 	1174
f 1174 	1181 	1197
f 1175 	1174 	1190
f 1194 	1175 	1190
f 1201 	1197 	1181
f 1204 	1201 	1185
f 1203 	1200 	1230
f 1208 	1207 	1210
f 1208 	1210 	1211
f 1211 	1210 	1214
f 1211 	1214 	1215
f 1213 	1216 	1131
f 1212 	1213 	1131
f 1188 	1131 	1216
f 1217 	1188 	1216
f 1209 	1212 	1131
f 1131 	1141 	1209
f 1167 	1206 	1209
f 1215 	1214 	1218
f 1215 	1218 	1219
f 1189 	1220 	1596
f 1219 	1218 	1221
f 1219 	1221 	1222
f 1220 	1199 	1596
f 1222 	1221 	1223
f 1222 	1223 	1224
f 1188 	1245 	1220
f 1189 	1188 	1220
f 1199 	1220 	1230
f 1224 	1223 	1225
f 1224 	1225 	1226
f 1227 	1228 	1217
f 1227 	1217 	1216
f 1226 	1225 	1229
f 1226 	1229 	1231
f 1217 	1246 	1188
f 1231 	1229 	1232
f 1231 	1232 	1233
f 1245 	1230 	1220
f 1205 	1204 	1235
f 1234 	1235 	1204
f 1236 	1237 	1235
f 1236 	1235 	1234
f 1238 	1239 	1237
f 1238 	1237 	1236
f 1239 	1238 	1208
f 1207 	1208 	1238
f 1240 	1241 	1213
f 1240 	1213 	1212
f 1243 	1212 	1242
f 1209 	1242 	1212
f 1209 	1206 	1242
f 1212 	1243 	1244
f 1212 	1244 	1240
f 1223 	1221 	1494
f 1171 	1494 	1221
f 1221 	1218 	1171
f 1166 	1171 	1218
f 1238 	1159 	1207
f 1214 	1166 	1218
f 1494 	1495 	1223
f 1225 	1223 	1495
f 1232 	1229 	1497
f 1245 	1246 	1247
f 1236 	1156 	1238
f 1156 	1159 	1238
f 1234 	1154 	1236
f 1204 	1187 	1234
f 1248 	1249 	1247
f 1248 	1247 	1246
f 1232 	1296 	1233
f 1245 	1188 	1246
f 1298 	1296 	1498
f 1246 	1217 	1248
f 1228 	1248 	1217
f 1250 	1252 	1253
f 1250 	1253 	1251
f 1252 	1254 	1255
f 1252 	1255 	1253
f 1254 	1256 	1257
f 1254 	1257 	1255
f 1258 	1366 	1247
f 1258 	1247 	1213
f 1216 	1213 	1247
f 1256 	1259 	1260
f 1256 	1260 	1257
f 1249 	1227 	1247
f 1216 	1247 	1227
f 1260 	1259 	1261
f 1260 	1261 	1262
f 1263 	1264 	1262
f 1263 	1262 	1261
f 1249 	1248 	1227
f 1228 	1227 	1248
f 1265 	1266 	1264
f 1265 	1264 	1263
f 1241 	1267 	1258
f 1241 	1258 	1213
f 1268 	1269 	1266
f 1268 	1266 	1265
f 1269 	1268 	1329
f 1241 	1240 	1244
f 1241 	1244 	1267
f 1271 	1273 	1270
f 1274 	1270 	1273
f 1273 	1275 	1276
f 1273 	1276 	1274
f 1275 	1278 	1279
f 1275 	1279 	1276
f 1278 	1280 	1281
f 1278 	1281 	1279
f 1280 	1283 	1284
f 1280 	1284 	1281
f 1277 	1324 	1282
f 1285 	1326 	1287
f 1283 	1289 	1284
f 1286 	1284 	1289
f 1327 	1328 	1288
f 1292 	1286 	1289
f 1290 	1288 	1328
f 1286 	1292 	1293
f 1328 	1353 	1290
f 1251 	1293 	1292
f 1251 	1292 	1250
f 1329 	1268 	1130
f 1233 	1296 	1297
f 1298 	1299 	1297
f 1298 	1297 	1296
f 1134 	1132 	1265
f 1300 	1301 	1299
f 1300 	1299 	1298
f 1302 	1303 	1301
f 1302 	1301 	1300
f 1304 	1305 	1303
f 1304 	1303 	1302
f 1306 	1307 	1304
f 1305 	1304 	1307
f 1311 	1312 	1173
f 1312 	1317 	1180
f 1300 	1144 	1302
f 1298 	1499 	1300
f 1143 	1302 	1144
f 1232 	1498 	1296
f 1184 	1180 	1317
f 1317 	1319 	1184
f 1180 	1173 	1312
f 1173 	1368 	1311
f 1311 	1368 	1310
f 1308 	1309 	1314
f 1313 	1314 	1309
f 1270 	1315 	1271
f 1316 	1271 	1315
f 1263 	1261 	1135
f 1268 	1265 	1132
f 1132 	1130 	1268
f 1265 	1263 	1134
f 1135 	1134 	1263
f 1139 	1135 	1261
f 1323 	1272 	1322
f 1322 	1340 	1321
f 1324 	1277 	1323
f 1326 	1285 	1325
f 1327 	1287 	1326
f 1325 	1282 	1324
f 1261 	1259 	1139
f 1259 	1256 	1140
f 1118 	1117 	1283
f 1278 	1275 	1120
f 1170 	1140 	1256
f 1252 	1250 	1114
f 1333 	1382 	1334
f 1332 	1381 	1333
f 1113 	1170 	1254
f 1254 	1252 	1113
f 1115 	1114 	1250
f 1116 	1115 	1292
f 1292 	1289 	1116
f 1280 	1118 	1283
f 1278 	1119 	1280
f 1334 	1383 	1335
f 1289 	1283 	1117
f 1335 	1385 	1336
f 1331 	1365 	1378
f 1337 	1386 	1338
f 1340 	1322 	1272
f 1339 	1321 	1340
f 1353 	1354 	1291
f 1355 	1356 	1295
f 1347 	1348 	1349
f 1354 	1355 	1294
f 1294 	1291 	1354
f 1291 	1290 	1353
f 1288 	1287 	1327
f 1282 	1325 	1285
f 1272 	1323 	1277
f 1350 	1349 	1348
f 1350 	1348 	1363
f 1348 	1347 	1352
f 1351 	1352 	1347
f 1342 	1341 	1357
f 1357 	1358 	1342
f 1343 	1342 	1358
f 1358 	1359 	1343
f 1344 	1343 	1359
f 1356 	1357 	1341
f 1341 	1295 	1356
f 1295 	1294 	1355
f 1360 	1352 	1351
f 1360 	1351 	1361
f 1305 	1307 	1363
f 1362 	1363 	1307
f 1338 	1318 	1339
f 1336 	1386 	1337
f 1386 	1336 	1385
f 1365 	1364 	1273
f 1331 	1379 	1330
f 1275 	1273 	1364
f 1318 	1338 	1386
f 1321 	1339 	1318
f 1363 	1362 	1350
f 1364 	1120 	1275
f 1359 	1374 	1344
f 1373 	1245 	1375
f 1377 	1376 	1366
f 1371 	1370 	1245
f 1369 	1245 	1370
f 1374 	1310 	1367
f 1368 	1367 	1310
f 1371 	1245 	1372
f 1372 	1245 	1373
f 1367 	1344 	1374
f 1245 	1366 	1375
f 1376 	1375 	1366
f 1380 	1330 	1379
f 1381 	1332 	1380
f 1382 	1333 	1381
f 1383 	1334 	1382
f 1385 	1335 	1383
f 1330 	1380 	1332
f 1379 	1331 	1378
f 1273 	1378 	1365
f 1308 	1387 	1384
f 1308 	1384 	1309
f 1388 	1389 	1328
f 1353 	1328 	1389
f 1245 	1247 	1366
f 1390 	1391 	1327
f 1328 	1327 	1391
f 1328 	1391 	1388
f 1327 	1326 	1392
f 1327 	1392 	1390
f 1326 	1325 	1393
f 1326 	1393 	1392
f 1325 	1324 	1394
f 1325 	1394 	1393
f 1345 	1397 	1395
f 1324 	1323 	1396
f 1324 	1396 	1394
f 1323 	1322 	1398
f 1323 	1398 	1396
f 1322 	1321 	1399
f 1322 	1399 	1398
f 1321 	1318 	1400
f 1321 	1400 	1399
f 1401 	1403 	1318
f 1318 	1403 	1400
f 1407 	1402 	1315
f 1402 	1242 	1315
f 1359 	1404 	1405
f 1359 	1405 	1374
f 1242 	1413 	1397
f 1358 	1406 	1404
f 1358 	1404 	1359
f 1357 	1408 	1406
f 1357 	1406 	1358
f 1356 	1409 	1408
f 1356 	1408 	1357
f 1355 	1410 	1409
f 1355 	1409 	1356
f 1395 	1397 	1411
f 1354 	1412 	1410
f 1354 	1410 	1355
f 1411 	1397 	1413
f 1414 	1415 	1353
f 1354 	1353 	1415
f 1354 	1415 	1412
f 1413 	1242 	1416
f 1353 	1389 	1414
f 1416 	1242 	1417
f 1418 	1401 	1318
f 1417 	1242 	1419
f 1402 	1419 	1242
f 1330 	1420 	1421
f 1330 	1421 	1331
f 1270 	1407 	1315
f 1332 	1422 	1420
f 1332 	1420 	1330
f 1397 	1243 	1242
f 1366 	1258 	1397
f 1258 	1243 	1397
f 1333 	1423 	1422
f 1333 	1422 	1332
f 1315 	1242 	1316
f 1206 	1316 	1242
f 1334 	1424 	1423
f 1334 	1423 	1333
f 1405 	1369 	1374
f 1335 	1425 	1424
f 1335 	1424 	1334
f 1426 	1374 	1387
f 1336 	1427 	1425
f 1336 	1425 	1335
f 1337 	1428 	1427
f 1337 	1427 	1336
f 1230 	1245 	1405
f 1369 	1405 	1245
f 1338 	1429 	1428
f 1338 	1428 	1337
f 1387 	1314 	1426
f 1308 	1314 	1387
f 1339 	1430 	1429
f 1339 	1429 	1338
f 1340 	1431 	1430
f 1340 	1430 	1339
f 1432 	1433 	1147
f 1432 	1147 	1148
f 1431 	1340 	1434
f 1272 	1434 	1340
f 1435 	1365 	1331
f 1435 	1331 	1421
f 1436 	1437 	1438
f 1436 	1438 	1439
f 1440 	1433 	1438
f 1433 	1432 	1438
f 1439 	1438 	1432
f 1272 	1441 	1434
f 1438 	1541 	1440
f 1277 	1442 	1441
f 1277 	1441 	1272
f 1440 	1541 	1433
f 1147 	1433 	1541
f 1282 	1443 	1442
f 1282 	1442 	1277
f 1435 	1437 	1436
f 1285 	1444 	1443
f 1285 	1443 	1282
f 1287 	1445 	1444
f 1287 	1444 	1285
f 1288 	1446 	1445
f 1288 	1445 	1287
f 1447 	1448 	1449
f 1290 	1450 	1446
f 1290 	1446 	1288
f 1451 	1452 	1447
f 1451 	1447 	1449
f 1290 	1453 	1450
f 1456 	1452 	1455
f 1454 	1455 	1452
f 1454 	1452 	1451
f 1291 	1457 	1453
f 1291 	1453 	1290
f 1457 	1291 	1294
f 1457 	1294 	1458
f 1458 	1294 	1295
f 1458 	1295 	1459
f 1175 	1455 	1454
f 1175 	1454 	1176
f 1459 	1295 	1341
f 1459 	1341 	1460
f 1456 	1536 	1452
f 1342 	1461 	1460
f 1342 	1460 	1341
f 1455 	1194 	1456
f 1343 	1462 	1461
f 1343 	1461 	1342
f 1344 	1463 	1462
f 1344 	1462 	1343
f 1537 	1456 	1194
f 1175 	1194 	1455
f 1344 	1448 	1463
f 1420 	1464 	1465
f 1420 	1465 	1421
f 1507 	1387 	1374
f 1466 	1310 	1426
f 1313 	1310 	1466
f 1422 	1467 	1464
f 1422 	1464 	1420
f 1364 	1432 	1148
f 1364 	1148 	1120
f 1539 	1464 	1467
f 1365 	1436 	1439
f 1432 	1364 	1439
f 1365 	1439 	1364
f 1423 	1468 	1467
f 1423 	1467 	1422
f 1365 	1435 	1436
f 1448 	1344 	1367
f 1448 	1367 	1449
f 1424 	1469 	1468
f 1424 	1468 	1423
f 1368 	1454 	1451
f 1449 	1367 	1451
f 1368 	1451 	1367
f 1173 	1176 	1368
f 1454 	1368 	1176
f 1425 	1470 	1469
f 1425 	1469 	1424
f 1472 	1378 	1471
f 1378 	1273 	1471
f 1271 	1471 	1273
f 1468 	1538 	1467
f 1473 	1418 	1386
f 1318 	1386 	1418
f 1386 	1385 	1474
f 1386 	1474 	1473
f 1427 	1475 	1470
f 1427 	1470 	1425
f 1476 	1477 	1383
f 1477 	1478 	1383
f 1385 	1383 	1478
f 1385 	1478 	1474
f 1383 	1382 	1479
f 1383 	1479 	1476
f 1382 	1381 	1480
f 1382 	1480 	1479
f 1428 	1481 	1475
f 1428 	1475 	1427
f 1381 	1380 	1482
f 1381 	1482 	1480
f 1380 	1379 	1483
f 1380 	1483 	1482
f 1379 	1378 	1472
f 1379 	1472 	1483
f 1429 	1484 	1481
f 1429 	1481 	1428
f 1430 	1485 	1484
f 1430 	1484 	1429
f 1394 	1230 	1393
f 1431 	1486 	1485
f 1431 	1485 	1430
f 1484 	1538 	1481
f 1398 	1206 	1396
f 1434 	1486 	1431
f 1486 	1538 	1485
f 1192 	1487 	1508
f 1488 	1508 	1487
f 1198 	1489 	1192
f 1202 	1492 	1198
f 1490 	1491 	1205
f 1487 	1192 	1489
f 1215 	1262 	1211
f 1262 	1264 	1211
f 1219 	1260 	1215
f 1226 	1231 	1251
f 1293 	1251 	1231
f 1235 	1490 	1205
f 1237 	1493 	1235
f 1239 	1269 	1237
f 1211 	1264 	1208
f 1202 	1205 	1491
f 1491 	1492 	1202
f 1489 	1198 	1492
f 1208 	1266 	1239
f 1222 	1257 	1219
f 1253 	1255 	1224
f 1493 	1237 	1269
f 1490 	1235 	1493
f 1233 	1293 	1231
f 1266 	1208 	1264
f 1269 	1239 	1266
f 1224 	1226 	1253
f 1222 	1224 	1255
f 1255 	1257 	1222
f 1260 	1219 	1257
f 1262 	1215 	1260
f 1299 	1284 	1297
f 1301 	1281 	1299
f 1276 	1279 	1303
f 1233 	1297 	1286
f 1274 	1276 	1305
f 1286 	1297 	1284
f 1286 	1293 	1233
f 1303 	1305 	1276
f 1303 	1279 	1301
f 1251 	1253 	1226
f 1284 	1299 	1281
f 1281 	1301 	1279
f 1329 	1493 	1269
f 1493 	1320 	1490
f 1329 	1320 	1493
f 1320 	1491 	1490
f 1320 	1319 	1491
f 1491 	1317 	1492
f 1319 	1317 	1491
f 1492 	1312 	1489
f 1317 	1312 	1492
f 1487 	1489 	1311
f 1312 	1311 	1489
f 1311 	1310 	1488
f 1311 	1488 	1487
f 1310 	1309 	1488
f 1374 	1426 	1310
f 1309 	1310 	1313
f 1494 	1171 	1113
f 1495 	1494 	1113
f 1495 	1113 	1114
f 1229 	1225 	1496
f 1115 	1496 	1495
f 1115 	1495 	1114
f 1495 	1496 	1225
f 1116 	1497 	1496
f 1116 	1496 	1115
f 1117 	1498 	1497
f 1117 	1497 	1116
f 1498 	1232 	1497
f 1118 	1499 	1498
f 1118 	1498 	1117
f 1496 	1497 	1229
f 1499 	1298 	1498
f 1119 	1144 	1499
f 1119 	1499 	1118
f 1144 	1300 	1499
f 1403 	1206 	1400
f 1396 	1203 	1394
f 1388 	1391 	1230
f 1390 	1392 	1230
f 1388 	1230 	1389
f 1390 	1230 	1391
f 1389 	1230 	1414
f 1406 	1408 	1230
f 1230 	1405 	1404
f 1404 	1406 	1230
f 1408 	1409 	1230
f 1410 	1230 	1409
f 1412 	1230 	1410
f 1415 	1230 	1412
f 1414 	1230 	1415
f 1314 	1466 	1426
f 1313 	1466 	1314
f 1392 	1393 	1230
f 1399 	1206 	1398
f 1400 	1206 	1399
f 1418 	1206 	1401
f 1401 	1206 	1403
f 1473 	1206 	1418
f 1203 	1396 	1206
f 1316 	1206 	1472
f 1206 	1473 	1474
f 1471 	1316 	1472
f 1478 	1477 	1206
f 1206 	1474 	1478
f 1476 	1479 	1206
f 1476 	1206 	1477
f 1479 	1480 	1206
f 1482 	1206 	1480
f 1482 	1483 	1206
f 1483 	1472 	1206
f 1271 	1316 	1471
f 1230 	1394 	1203
f 1502 	1508 	1501
f 1503 	1508 	1502
f 1504 	1508 	1503
f 1500 	1501 	1508
f 1505 	1508 	1504
f 1506 	1508 	1505
f 1488 	1507 	1508
f 1507 	1500 	1508
f 1509 	1510 	1508
f 1508 	1510 	1192
f 1348 	1516 	1363
f 1352 	1515 	1348
f 1360 	1515 	1352
f 1346 	1511 	1360
f 1512 	1360 	1511
f 1513 	1360 	1512
f 1513 	1514 	1360
f 1514 	1515 	1360
f 1516 	1348 	1515
f 1274 	1363 	1516
f 1274 	1305 	1363
f 1507 	1369 	1500
f 1507 	1374 	1369
f 1370 	1500 	1369
f 1371 	1501 	1500
f 1371 	1500 	1370
f 1372 	1502 	1501
f 1372 	1501 	1371
f 1373 	1503 	1502
f 1373 	1502 	1372
f 1375 	1504 	1503
f 1375 	1503 	1373
f 1376 	1505 	1504
f 1376 	1504 	1375
f 1376 	1377 	1506
f 1376 	1506 	1505
f 1377 	1517 	1506
f 1488 	1384 	1387
f 1488 	1387 	1507
f 1384 	1488 	1309
f 1517 	1508 	1506
f 1508 	1517 	1518
f 1508 	1518 	1509
f 1519 	1510 	1509
f 1519 	1509 	1518
f 1510 	1519 	1193
f 1510 	1193 	1192
f 1516 	1402 	1407
f 1516 	1407 	1274
f 1274 	1407 	1270
f 1346 	1345 	1395
f 1346 	1395 	1511
f 1511 	1395 	1411
f 1411 	1413 	1512
f 1411 	1512 	1511
f 1413 	1416 	1513
f 1413 	1513 	1512
f 1416 	1417 	1514
f 1416 	1514 	1513
f 1417 	1419 	1515
f 1417 	1515 	1514
f 1419 	1402 	1516
f 1419 	1516 	1515
f 1360 	1361 	1346
f 1345 	1346 	1361
f 1437 	1435 	1465
f 1421 	1465 	1435
f 1465 	1539 	1437
f 1486 	1434 	1520
f 1441 	1520 	1434
f 1442 	1521 	1520
f 1442 	1520 	1441
f 1443 	1522 	1521
f 1443 	1521 	1442
f 1444 	1523 	1522
f 1444 	1522 	1443
f 1445 	1524 	1523
f 1445 	1523 	1444
f 1446 	1525 	1524
f 1446 	1524 	1445
f 1450 	1526 	1525
f 1450 	1525 	1446
f 1525 	1535 	1524
f 1453 	1526 	1450
f 1526 	1453 	1527
f 1457 	1527 	1453
f 1528 	1527 	1457
f 1528 	1457 	1458
f 1528 	1535 	1527
f 1529 	1528 	1458
f 1529 	1458 	1459
f 1526 	1527 	1535
f 1530 	1529 	1459
f 1530 	1459 	1460
f 1461 	1531 	1530
f 1461 	1530 	1460
f 1529 	1535 	1528
f 1531 	1535 	1530
f 1462 	1532 	1531
f 1462 	1531 	1461
f 1463 	1533 	1532
f 1463 	1532 	1462
f 1531 	1532 	1534
f 1533 	1534 	1532
f 1448 	1447 	1533
f 1448 	1533 	1463
f 1486 	1520 	1538
f 1521 	1538 	1520
f 1522 	1535 	1521
f 1523 	1535 	1522
f 1524 	1535 	1523
f 1526 	1535 	1525
f 1538 	1521 	1535
f 1530 	1535 	1529
f 1534 	1535 	1531
f 1534 	1533 	1447
f 1534 	1447 	1452
f 1517 	1377 	1534
f 1535 	1534 	1377
f 1377 	1366 	1535
f 1534 	1536 	1517
f 1518 	1517 	1536
f 1452 	1536 	1534
f 1537 	1519 	1518
f 1537 	1518 	1536
f 1519 	1537 	1194
f 1519 	1194 	1193
f 1536 	1456 	1537
f 1366 	1397 	1535
f 1438 	1437 	1539
f 1465 	1464 	1539
f 1539 	1467 	1538
f 1468 	1469 	1538
f 1469 	1470 	1538
f 1538 	1470 	1475
f 1475 	1481 	1538
f 1484 	1485 	1538
f 1361 	1540 	1345
f 1540 	1538 	1345
f 1397 	1345 	1538
f 1539 	1538 	1540
f 1539 	1540 	1541
f 1542 	1347 	1349
f 1542 	1349 	1350
f 1543 	1351 	1347
f 1543 	1347 	1542
f 1361 	1351 	1543
f 1361 	1543 	1540
f 1542 	1541 	1543
f 1540 	1543 	1541
f 1438 	1539 	1541
f 1544 	1362 	1307
f 1544 	1307 	1306
f 1542 	1350 	1544
f 1362 	1544 	1350
f 1306 	1541 	1544
f 1542 	1544 	1541
f 1306 	1147 	1541
f 1538 	1535 	1397
f 1267 	1244 	1243
f 1267 	1243 	1258
f 1601 	1612 	1547
f 1612 	1613 	1550
f 1551 	1612 	1550
f 1552 	1612 	1551
f 1553 	1612 	1552
f 1554 	1612 	1553
f 1555 	1612 	1554
f 1556 	1612 	1555
f 1557 	1612 	1556
f 1558 	1612 	1557
f 1559 	1612 	1558
f 1560 	1612 	1559
f 1561 	1612 	1560
f 1545 	1612 	1561
f 1549 	1550 	1613
f 1548 	1565 	1564
f 1564 	1565 	1563
f 1566 	1569 	1565
f 1563 	1565 	1562
f 1567 	1569 	1566
f 1568 	1569 	1567
f 1562 	1565 	1569
f 1571 	1654 	1570
f 1572 	1654 	1571
f 1575 	1666 	1574
f 1576 	1666 	1575
f 1577 	1666 	1576
f 1578 	1666 	1577
f 1579 	1666 	1578
f 1580 	1666 	1579
f 1581 	1666 	1580
f 1582 	1666 	1581
f 1587 	1666 	1582
f 1583 	1584 	1654
f 1584 	1585 	1654
f 1585 	1586 	1654
f 1573 	1654 	1586
f 1588 	1666 	1587
f 1588 	1589 	1590
f 1588 	1590 	1591
f 1588 	1591 	1592
f 1588 	1592 	1593
f 1588 	1593 	1594
f 1547 	1570 	1650
f 1546 	1571 	1570
f 1546 	1570 	1547
f 1546 	1545 	1572
f 1546 	1572 	1571
f 1583 	1572 	1561
f 1545 	1561 	1572
f 1561 	1560 	1584
f 1561 	1584 	1583
f 1560 	1559 	1585
f 1560 	1585 	1584
f 1559 	1558 	1586
f 1559 	1586 	1585
f 1558 	1557 	1573
f 1558 	1573 	1586
f 1557 	1556 	1574
f 1557 	1574 	1573
f 1556 	1555 	1575
f 1556 	1575 	1574
f 1555 	1554 	1576
f 1555 	1576 	1575
f 1554 	1553 	1577
f 1554 	1577 	1576
f 1553 	1552 	1578
f 1553 	1578 	1577
f 1552 	1551 	1579
f 1552 	1579 	1578
f 1551 	1550 	1580
f 1551 	1580 	1579
f 1550 	1549 	1581
f 1550 	1581 	1580
f 1549 	1548 	1582
f 1549 	1582 	1581
f 1548 	1587 	1582
f 1589 	1562 	1569
f 1589 	1569 	1590
f 1569 	1568 	1591
f 1569 	1591 	1590
f 1568 	1567 	1592
f 1568 	1592 	1591
f 1567 	1566 	1593
f 1567 	1593 	1592
f 1566 	1565 	1594
f 1566 	1594 	1593
f 1565 	1595 	1169
f 1565 	1169 	1594
f 1548 	1564 	1587
f 1564 	1563 	1588
f 1564 	1588 	1587
f 1563 	1562 	1589
f 1563 	1589 	1588
f 1595 	1172 	1167
f 1595 	1167 	1169
f 1177 	1179 	1596
f 1189 	1596 	1191
f 1179 	1191 	1596
f 1195 	1196 	1597
f 1195 	1597 	1199
f 1596 	1199 	1597
f 1177 	1596 	1597
f 1179 	1128 	1131
f 1179 	1131 	1191
f 1599 	1597 	1598
f 1599 	1177 	1597
f 1600 	1182 	1598
f 1599 	1598 	1182
f 1599 	1182 	1177
f 1598 	1203 	1600
f 1602 	1612 	1601
f 1603 	1612 	1602
f 1546 	1547 	1612
f 1545 	1546 	1612
f 1605 	1606 	1604
f 1603 	1604 	1606
f 1603 	1606 	1607
f 1603 	1607 	1608
f 1603 	1608 	1609
f 1603 	1609 	1610
f 1603 	1610 	1611
f 1603 	1611 	1612
f 1615 	1548 	1614
f 1616 	1548 	1615
f 1613 	1614 	1548
f 1617 	1548 	1616
f 1618 	1548 	1617
f 1619 	1548 	1618
f 1548 	1549 	1613
f 1548 	1619 	1620
f 1548 	1620 	1621
f 1548 	1621 	1622
f 1548 	1622 	1623
f 1548 	1623 	1565
f 1624 	1625 	1602
f 1603 	1602 	1625
f 1602 	1601 	1183
f 1602 	1183 	1624
f 1650 	1601 	1547
f 1612 	1626 	1627
f 1612 	1611 	1628
f 1612 	1628 	1626
f 1611 	1610 	1629
f 1611 	1629 	1628
f 1610 	1609 	1630
f 1610 	1630 	1629
f 1609 	1608 	1631
f 1609 	1631 	1630
f 1608 	1607 	1632
f 1608 	1632 	1631
f 1607 	1606 	1633
f 1607 	1633 	1632
f 1606 	1605 	1634
f 1606 	1634 	1633
f 1604 	1635 	1634
f 1604 	1634 	1605
f 1603 	1636 	1635
f 1603 	1635 	1604
f 1625 	1636 	1603
f 1619 	1637 	1638
f 1618 	1639 	1637
f 1618 	1637 	1619
f 1617 	1640 	1639
f 1617 	1639 	1618
f 1616 	1641 	1640
f 1616 	1640 	1617
f 1615 	1642 	1641
f 1615 	1641 	1616
f 1614 	1643 	1642
f 1614 	1642 	1615
f 1613 	1644 	1643
f 1613 	1643 	1614
f 1627 	1644 	1613
f 1627 	1613 	1612
f 1623 	1645 	1595
f 1623 	1595 	1565
f 1622 	1646 	1645
f 1622 	1645 	1623
f 1621 	1647 	1646
f 1621 	1646 	1622
f 1620 	1648 	1647
f 1620 	1647 	1621
f 1638 	1648 	1620
f 1638 	1620 	1619
f 1646 	1647 	1206
f 1637 	1639 	1206
f 1640 	1641 	1206
f 1182 	1600 	1626
f 1206 	1626 	1600
f 1600 	1203 	1206
f 1630 	1631 	1182
f 1182 	1633 	1634
f 1625 	1624 	1182
f 1183 	1182 	1624
f 1642 	1643 	1206
f 1206 	1627 	1626
f 1628 	1182 	1626
f 1628 	1629 	1182
f 1630 	1182 	1629
f 1631 	1632 	1182
f 1182 	1632 	1633
f 1635 	1636 	1182
f 1634 	1635 	1182
f 1182 	1636 	1625
f 1639 	1640 	1206
f 1641 	1642 	1206
f 1643 	1644 	1206
f 1627 	1206 	1644
f 1595 	1645 	1172
f 1645 	1646 	1172
f 1206 	1172 	1646
f 1648 	1638 	1206
f 1647 	1648 	1206
f 1637 	1206 	1638
f 1570 	1654 	1650
f 1650 	1654 	1649
f 1583 	1654 	1572
f 1649 	1654 	1653
f 1654 	1655 	1652
f 1655 	1656 	1652
f 1651 	1652 	1656
f 1657 	1660 	1656
f 1658 	1660 	1657
f 1659 	1660 	1658
f 1651 	1656 	1660
f 1665 	1573 	1664
f 1663 	1664 	1573
f 1662 	1663 	1573
f 1652 	1653 	1654
f 1665 	1654 	1573
f 1661 	1662 	1573
f 1573 	1574 	1666
f 1126 	1666 	1588
f 1666 	1667 	1573
f 1661 	1573 	1667
f 1126 	1588 	1122
f 1123 	1122 	1588
f 1594 	1668 	1588
f 1123 	1588 	1668
f 1137 	1136 	1649
f 1601 	1650 	1138
f 1650 	1649 	1138
f 1136 	1138 	1649
f 1142 	1141 	1654
f 1141 	1145 	1655
f 1141 	1655 	1654
f 1145 	1146 	1656
f 1145 	1656 	1655
f 1146 	1149 	1657
f 1146 	1657 	1656
f 1149 	1150 	1658
f 1149 	1658 	1657
f 1150 	1151 	1659
f 1150 	1659 	1658
f 1151 	1152 	1660
f 1151 	1660 	1659
f 1152 	1133 	1651
f 1152 	1651 	1660
f 1153 	1652 	1651
f 1153 	1651 	1133
f 1155 	1653 	1652
f 1155 	1652 	1153
f 1155 	1137 	1653
f 1649 	1653 	1137
f 1127 	1157 	1666
f 1127 	1666 	1126
f 1157 	1158 	1667
f 1157 	1667 	1666
f 1158 	1129 	1661
f 1158 	1661 	1667
f 1160 	1662 	1661
f 1160 	1661 	1129
f 1162 	1663 	1662
f 1162 	1662 	1160
f 1163 	1664 	1663
f 1163 	1663 	1162
f 1165 	1665 	1664
f 1165 	1664 	1163
f 1165 	1142 	1665
f 1654 	1665 	1142
f 1168 	1668 	1169
f 1594 	1169 	1668
f 1168 	1124 	1123
f 1168 	1123 	1668
# 1112 faces

 #end of obj_2

o obj_3
v 170.825 		76.444 		0.001
v 171.111 		76.542 		0.001
v 171.382 		76.675 		0.001
v 171.633 		76.843 		0.001
v 171.86 		77.042 		0.001
v 172.06 		77.269 		0.001
v 172.227 		77.521 		0.001
v 172.361 		77.792 		0.001
v 194.182 		125.904 		4.502
v 194.182 		125.904 		4.531
v 194.713 		126.258 		4.531
v 194.713 		126.258 		4.502
v 193.61 		125.621 		4.502
v 193.61 		125.621 		4.531
v 193.22 		125.4884 		4.502
v 166.601 		107.149 		4.502
v 168.821 		76.843 		0.001
v 191.745 		125.25 		4.502
v 170.61 		103.844 		4.502
v 169.072 		76.675 		0.001
v 186.87 		130.125 		4.502
v 169.343 		76.542 		0.001
v 187.241 		131.991 		4.502
v 169.629 		76.444 		0.001
v 187.1897 		131.84 		4.502
v 187.4822 		132.4802 		4.502
v 169.926 		76.385 		0.001
v 188.777 		126.258 		4.502
v 189.124 		126.0262 		4.502
v 170.227 		76.366 		0.001
v 170.529 		76.385 		0.001
v 188.298 		126.678 		4.502
v 187.877 		127.158 		4.502
v 187.523 		127.688 		4.502
v 168.093 		77.792 		0.001
v 187.241 		128.26 		4.502
v 168.227 		77.521 		0.001
v 187.036 		128.864 		4.502
v 186.912 		129.489 		4.502
v 168.394 		77.269 		0.001
v 168.594 		77.042 		0.001
v 186.912 		130.762 		4.502
v 187.036 		131.387 		4.502
v 165.264 		77.88 		0.001
v 193.007 		125.416 		4.502
v 165.388 		77.255 		0.001
v 165.593 		76.651 		0.001
v 192.381 		125.292 		4.502
v 191.109 		125.292 		4.502
v 190.483 		125.416 		4.502
v 189.879 		125.621 		4.502
v 165.875 		76.079 		0.001
v 166.23 		75.549 		0.001
v 166.65 		75.07 		0.001
v 189.307 		125.904 		4.502
v 167.13 		74.649 		0.001
v 195.433 		126.796 		4.502
v 195.192 		126.678 		4.502
v 195.353 		126.862 		4.502
v 167.66 		74.295 		0.001
v 168.232 		74.013 		0.001
v 168.835 		73.808 		0.001
v 169.461 		73.683 		0.001
v 170.097 		73.642 		0.001
v 170.734 		73.683 		0.001
v 171.359 		73.808 		0.001
v 171.963 		74.013 		0.001
v 172.535 		74.295 		0.001
v 173.544 		75.07 		0.001
v 195.433 		126.796 		0.029
v 173.065 		74.649 		0.001
v 167.777 		108.576 		4.501
v 167.7771 		108.5758 		4.501
v 166.601 		107.149 		4.501
v 173.965 		75.549 		0.001
v 174.319 		76.079 		0.001
v 174.601 		76.651 		0.001
v 174.806 		77.255 		0.001
v 174.931 		77.88 		0.001
v 167.7771 		108.5758 		0.029
v 166.964 		77.645 		4.531
v 187.4822 		132.4802 		0.029
v 167.112 		77.21 		4.531
v 167.314 		76.799 		4.531
v 167.569 		76.418 		4.531
v 165.243 		103.844 		4.502
v 165.243 		103.844 		4.501
v 170.61 		103.844 		4.501
v 165.247 		102.045 		0.001
v 170.653 		102.977 		0.001
v 165.243 		102.34 		0.029
v 165.247 		102.045 		0.029
v 170.653 		102.977 		0.029
v 165.388 		77.255 		4.531
v 165.264 		77.88 		4.531
v 174.993 		102.0011 		0.029
v 165.593 		76.651 		4.531
v 169.009 		75.313 		4.531
v 169.443 		75.166 		4.531
v 169.893 		75.076 		4.531
v 170.351 		75.046 		4.531
v 170.808 		75.076 		4.531
v 174.993 		102.0011 		4.502
v 171.258 		75.166 		4.531
v 173.025 		100.183 		4.502
v 171.538 		99.984 		4.502
v 168.188 		100.004 		4.502
v 166.693 		100.125 		4.502
v 171.692 		75.313 		4.531
v 172.104 		75.516 		4.531
v 165.243 		102.34 		4.501
v 172.485 		75.771 		4.531
v 167.872 		76.073 		4.531
v 168.188 		100.004 		6.913
v 166.693 		100.125 		6.913
v 168.216 		75.771 		4.531
v 165.243 		99.1416 		0.029
v 168.598 		75.516 		4.531
v 166.65 		75.07 		4.531
v 166.23 		75.549 		4.531
v 165.875 		76.079 		4.531
v 173.025 		100.183 		6.842
v 171.538 		99.984 		6.842
v 167.13 		74.649 		4.531
v 174.4 		89.9 		4.502
v 174.4 		89.9 		6.842
v 169.461 		73.683 		4.531
v 168.835 		73.808 		4.531
v 168.232 		74.013 		4.531
v 167.66 		74.295 		4.531
v 165.243 		88.6746 		4.502
v 165.868 		89.908 		4.502
v 167.363 		89.787 		4.502
v 172.535 		74.295 		4.531
v 171.963 		74.013 		4.531
v 171.359 		73.808 		4.531
v 170.734 		73.683 		4.531
v 170.097 		73.642 		4.531
v 165.868 		89.908 		6.913
v 167.363 		89.787 		6.913
v 172.83 		76.073 		4.531
v 173.132 		76.418 		4.531
v 173.387 		76.799 		4.531
v 173.59 		77.21 		4.531
v 173.737 		77.645 		4.531
v 172.913 		89.701 		4.502
v 173.544 		75.07 		4.531
v 173.065 		74.649 		4.531
v 172.913 		89.701 		6.842
v 174.319 		76.079 		4.531
v 173.965 		75.549 		4.531
v 174.931 		77.88 		4.531
v 174.806 		77.255 		4.531
v 174.601 		76.651 		4.531
v 170.529 		80.966 		0.001
v 170.227 		80.986 		0.001
v 169.926 		80.966 		0.001
v 169.629 		80.907 		0.001
v 169.343 		80.81 		0.001
v 169.072 		80.676 		0.001
v 168.821 		80.508 		0.001
v 168.594 		80.309 		0.001
v 168.394 		80.082 		0.001
v 168.227 		79.831 		0.001
v 168.093 		79.56 		0.001
v 167.996 		79.273 		0.001
v 167.937 		78.977 		0.001
v 165.2558 		78.005 		4.502
v 167.917 		78.676 		0.001
v 165.2558 		78.005 		0.029
v 170.825 		76.444 		2.415
v 171.111 		76.542 		2.415
v 167.13 		82.384 		0.001
v 166.65 		81.964 		0.001
v 166.23 		81.484 		0.001
v 165.875 		80.954 		0.001
v 165.593 		80.382 		0.001
v 165.388 		79.778 		0.001
v 165.264 		79.153 		0.001
v 171.382 		76.675 		2.415
v 172.537 		78.676 		0.001
v 171.633 		76.843 		2.415
v 172.458 		78.078 		0.001
v 172.517 		78.374 		0.001
v 167.937 		78.374 		0.001
v 167.996 		78.078 		0.001
v 171.86 		77.042 		2.415
v 165.222 		78.517 		0.001
v 172.06 		77.269 		2.415
v 174.972 		78.517 		0.001
v 174.931 		79.153 		0.001
v 174.806 		79.778 		0.001
v 174.601 		80.382 		0.001
v 174.319 		80.954 		0.001
v 173.965 		81.484 		0.001
v 173.544 		81.964 		0.001
v 173.065 		82.384 		0.001
v 172.227 		77.521 		2.415
v 167.66 		82.739 		0.001
v 167.66 		82.739 		0.029
v 167.5839 		82.688 		0.029
v 168.232 		83.021 		0.001
v 168.232 		83.021 		0.029
v 167.917 		82.8657 		0.029
v 168.835 		83.226 		0.001
v 168.835 		83.226 		0.029
v 169.461 		83.35 		0.001
v 169.461 		83.35 		0.029
v 170.097 		83.392 		0.001
v 170.097 		83.392 		0.029
v 172.361 		77.792 		2.415
v 170.734 		83.35 		0.001
v 170.734 		83.35 		0.029
v 171.359 		83.226 		0.001
v 171.359 		83.226 		0.029
v 171.963 		83.021 		0.001
v 171.963 		83.021 		0.029
v 172.4332 		78.005 		2.415
v 172.535 		82.739 		0.001
v 172.4332 		78.005 		0.029
v 172.535 		82.739 		0.029
v 172.6111 		82.688 		0.029
v 172.537 		82.7377 		0.029
v 165.264 		79.153 		0.029
v 165.243 		78.835 		0.029
v 165.388 		79.778 		0.029
v 165.593 		80.382 		0.029
v 165.875 		80.954 		0.029
v 168.821 		76.843 		2.415
v 166.23 		81.484 		0.029
v 166.65 		81.964 		0.029
v 169.072 		76.675 		2.415
v 167.13 		82.384 		0.029
v 166.845 		82.1346 		0.029
v 169.343 		76.542 		2.415
v 172.74 		82.6017 		0.029
v 169.629 		76.444 		2.415
v 172.517 		78.977 		0.001
v 172.517 		78.977 		0.029
v 172.537 		78.676 		0.029
v 172.458 		79.273 		0.001
v 172.458 		79.273 		0.029
v 169.926 		76.385 		2.415
v 172.361 		79.56 		0.001
v 172.361 		79.56 		0.029
v 170.227 		76.366 		2.415
v 172.227 		79.831 		0.001
v 172.227 		79.831 		0.029
v 170.529 		76.385 		2.415
v 172.06 		80.082 		0.001
v 172.06 		80.082 		0.029
v 171.86 		80.309 		0.001
v 171.86 		80.309 		0.029
v 171.633 		80.508 		0.001
v 171.633 		80.508 		0.029
v 168.093 		77.792 		2.415
v 168.0208 		78.005 		2.415
v 171.382 		80.676 		0.001
v 168.0208 		78.005 		0.029
v 171.382 		80.676 		0.029
v 171.111 		80.81 		0.001
v 171.111 		80.81 		0.029
v 168.227 		77.521 		2.415
v 170.825 		80.907 		0.001
v 170.825 		80.907 		0.029
v 168.394 		77.269 		2.415
v 170.692 		80.9335 		0.029
v 168.594 		77.042 		2.415
v 172.5314 		78.592 		0.029
v 170.529 		80.966 		0.029
v 170.227 		80.986 		0.029
v 169.926 		80.966 		0.029
v 166.964 		77.645 		2.415
v 166.8926 		78.005 		4.502
v 166.8926 		78.005 		2.415
v 169.629 		80.907 		0.029
v 167.112 		77.21 		2.415
v 167.314 		76.799 		2.415
v 169.343 		80.81 		0.029
v 167.569 		76.418 		2.415
v 169.072 		80.676 		0.029
v 168.821 		80.508 		0.029
v 168.644 		80.3528 		0.029
v 168.594 		80.309 		0.029
v 169.009 		75.313 		2.415
v 168.394 		80.082 		0.029
v 169.443 		75.166 		2.415
v 168.227 		79.831 		0.029
v 169.893 		75.076 		2.415
v 170.351 		75.046 		2.415
v 168.093 		79.56 		0.029
v 170.808 		75.076 		2.415
v 167.996 		79.273 		0.029
v 171.258 		75.166 		2.415
v 167.937 		78.977 		0.029
v 171.692 		75.313 		2.415
v 167.917 		78.676 		0.029
v 172.104 		75.516 		2.415
v 167.9226 		78.592 		0.029
v 172.485 		75.771 		2.415
v 165.243 		78.1985 		0.029
v 165.2494 		78.101 		0.029
v 167.872 		76.073 		2.415
v 168.216 		75.771 		2.415
v 172.458 		78.078 		0.029
v 168.598 		75.516 		2.415
v 172.517 		78.374 		0.029
v 172.4626 		78.101 		0.029
v 167.937 		78.374 		0.029
v 167.996 		78.078 		0.029
v 167.9914 		78.101 		0.029
v 174.939 		78.005 		0.029
v 174.9452 		78.101 		0.029
v 174.972 		78.517 		0.029
v 173.065 		82.384 		0.029
v 173.544 		81.964 		0.029
v 173.965 		81.484 		0.029
v 173.856 		81.6083 		0.029
v 173.75 		81.7291 		0.029
v 174.319 		80.954 		0.029
v 174.601 		80.382 		0.029
v 174.806 		79.778 		0.029
v 174.931 		79.153 		0.029
v 174.939 		78.005 		4.502
v 172.537 		78.676 		1.898
v 170.529 		80.966 		1.898
v 170.227 		80.986 		1.898
v 172.83 		76.073 		2.415
v 169.926 		80.966 		1.898
v 173.132 		76.418 		2.415
v 173.387 		76.799 		2.415
v 169.629 		80.907 		1.898
v 173.59 		77.21 		2.415
v 173.737 		77.645 		2.415
v 173.8084 		78.005 		2.415
v 173.8084 		78.005 		4.502
v 169.343 		80.81 		1.898
v 169.072 		80.676 		1.898
v 165.243 		78.005 		4.502
v 168.821 		80.508 		1.898
v 165.243 		78.005 		0.029
v 174.993 		78.005 		4.502
v 174.993 		78.005 		0.029
v 168.594 		80.309 		1.898
v 168.394 		80.082 		1.898
v 168.227 		79.831 		1.898
v 168.093 		79.56 		1.898
v 167.996 		79.273 		1.898
v 167.937 		78.977 		1.898
v 167.917 		78.676 		1.898
v 173.75 		81.7291 		4.502
v 173.75 		81.7291 		4.531
v 173.8534 		78.592 		4.502
v 173.856 		78.552 		4.531
v 173.856 		78.552 		4.502
v 166.845 		78.101 		1.898
v 166.845 		85.106 		1.898
v 173.8265 		78.101 		4.502
v 166.845 		85.106 		4.502
v 173.826 		79.01 		4.502
v 166.845 		78.101 		4.502
v 173.826 		79.01 		4.531
v 166.845 		82.1346 		4.502
v 166.8745 		78.101 		2.415
v 173.75 		79.3934 		4.531
v 166.8745 		78.101 		4.502
v 173.75 		79.3934 		4.502
v 173.826 		78.094 		4.502
v 173.826 		78.094 		4.531
v 166.875 		78.094 		2.415
v 166.875 		78.094 		4.502
v 165.243 		78.835 		4.502
v 165.264 		79.153 		4.502
v 173.75 		85.106 		1.898
v 173.75 		78.101 		1.898
v 165.388 		79.778 		4.502
v 165.593 		80.382 		4.502
v 165.875 		80.954 		4.502
v 173.75 		79.3934 		2.415
v 166.23 		81.484 		4.502
v 166.65 		81.964 		4.502
v 165.2494 		78.101 		4.502
v 165.243 		78.1985 		4.502
v 173.75 		85.106 		4.502
v 173.856 		81.6083 		4.502
v 173.75 		78.101 		2.415
v 173.856 		78.552 		2.415
v 173.826 		79.01 		2.415
v 174.972 		78.517 		4.502
v 174.972 		83.392 		4.502
v 174.9452 		78.101 		4.502
v 173.826 		78.094 		2.415
v 173.965 		81.484 		4.502
v 174.319 		80.954 		4.502
v 174.601 		80.382 		4.502
v 174.806 		79.778 		4.502
v 174.931 		79.153 		4.502
v 188.777 		133.993 		0.001
v 188.298 		133.573 		0.001
v 187.877 		133.093 		0.001
v 196.249 		131.991 		0.001
v 195.967 		132.563 		0.001
v 195.612 		133.093 		0.001
v 195.192 		133.573 		0.001
v 194.713 		133.993 		0.001
v 194.182 		134.347 		0.001
v 193.61 		134.629 		0.001
v 193.007 		134.834 		0.001
v 192.381 		134.959 		0.001
v 191.745 		135 		0.001
v 191.109 		134.959 		0.001
v 190.483 		134.834 		0.001
v 189.879 		134.629 		0.001
v 189.307 		134.347 		0.001
v 196.62 		130.125 		0.001
v 196.578 		130.762 		0.001
v 196.454 		131.387 		0.001
v 195.612 		127.158 		0.001
v 195.967 		127.688 		0.001
v 196.249 		128.26 		0.001
v 196.454 		128.864 		0.001
v 196.578 		129.489 		0.001
v 187.877 		133.093 		4.531
v 188.298 		133.573 		4.531
v 188.777 		133.993 		4.531
v 172.458 		78.078 		2.415
v 191.745 		135 		4.531
v 192.381 		134.959 		4.531
v 193.007 		134.834 		4.531
v 193.61 		134.629 		4.531
v 194.182 		134.347 		4.531
v 194.713 		133.993 		4.531
v 195.192 		133.573 		4.531
v 195.612 		133.093 		4.531
v 195.967 		132.563 		4.531
v 196.249 		131.991 		4.531
v 172.517 		78.374 		1.898
v 172.4626 		78.101 		1.898
v 189.307 		134.347 		4.531
v 189.879 		134.629 		4.531
v 190.483 		134.834 		4.531
v 191.109 		134.959 		4.531
v 172.4626 		78.101 		2.415
v 196.454 		131.387 		4.531
v 196.578 		130.762 		4.531
v 196.62 		130.125 		4.531
v 196.578 		129.489 		4.531
v 196.454 		128.864 		4.531
v 196.249 		128.26 		4.531
v 195.967 		127.688 		4.531
v 195.612 		127.158 		4.531
v 167.937 		78.374 		1.898
v 167.9914 		78.101 		1.898
v 167.996 		78.078 		2.415
v 167.9914 		78.101 		2.415
v 172.517 		78.977 		1.898
v 172.458 		79.273 		1.898
v 172.361 		79.56 		1.898
v 172.227 		79.831 		1.898
v 195.353 		126.862 		0.029
v 172.06 		80.082 		1.898
v 171.86 		80.309 		1.898
v 171.633 		80.508 		1.898
v 171.382 		80.676 		1.898
v 165.2 		105.511 		4.501
v 165.2 		105.511 		0.001
v 171.111 		80.81 		1.898
v 170.825 		80.907 		1.898
v 170.715 		104.225 		0.001
v 167.777 		108.576 		0.001
v 170.715 		104.225 		0.029
v 187.523 		132.563 		0.001
v 187.241 		131.991 		0.001
v 187.036 		131.387 		0.001
v 186.912 		130.762 		0.001
v 186.87 		130.125 		0.001
v 186.912 		129.489 		0.001
v 187.036 		128.864 		0.001
v 187.241 		128.26 		0.001
v 187.523 		127.688 		0.001
v 187.877 		127.158 		0.001
v 188.298 		126.678 		0.001
v 188.777 		126.258 		0.001
v 189.307 		125.904 		0.001
v 189.879 		125.621 		0.001
v 190.483 		125.416 		0.001
v 191.109 		125.292 		0.001
v 191.745 		125.25 		0.001
v 192.381 		125.292 		0.001
v 193.007 		125.416 		0.001
v 193.61 		125.621 		0.001
v 194.182 		125.904 		0.001
v 194.713 		126.258 		0.001
v 195.192 		126.678 		0.001
v 187.241 		131.991 		0.029
v 187.1897 		131.84 		0.029
v 188.777 		126.258 		0.029
v 189.124 		126.0262 		0.029
v 188.298 		126.678 		0.029
v 187.877 		127.158 		0.029
v 187.523 		127.688 		0.029
v 187.241 		128.26 		0.029
v 187.036 		128.864 		0.029
v 186.912 		129.489 		0.029
v 186.87 		130.125 		0.029
v 186.912 		130.762 		0.029
v 187.036 		131.387 		0.029
v 193.007 		125.416 		0.029
v 193.22 		125.4884 		0.029
v 192.381 		125.292 		0.029
v 191.745 		125.25 		0.029
v 191.109 		125.292 		0.029
v 190.483 		125.416 		0.029
v 189.879 		125.621 		0.029
v 189.307 		125.904 		0.029
v 195.192 		126.678 		0.029
v 194.713 		126.258 		0.029
v 194.182 		125.904 		0.029
v 193.61 		125.621 		0.029
v 165.264 		79.153 		4.531
v 165.388 		79.778 		4.531
v 165.593 		80.382 		4.531
v 165.875 		80.954 		4.531
v 166.23 		81.484 		4.531
v 166.65 		81.964 		4.531
v 166.845 		82.1346 		4.531
v 165.222 		78.517 		4.531
v 166.845 		78.101 		4.531
v 166.8745 		78.101 		4.531
v 166.875 		78.094 		4.531
v 187.241 		131.991 		4.531
v 187.523 		132.563 		4.531
v 186.87 		130.125 		4.531
v 186.912 		130.762 		4.531
v 187.036 		131.387 		4.531
v 188.777 		126.258 		4.531
v 188.298 		126.678 		4.531
v 187.877 		127.158 		4.531
v 187.523 		127.688 		4.531
v 187.241 		128.26 		4.531
v 187.036 		128.864 		4.531
v 186.912 		129.489 		4.531
v 173.965 		81.484 		4.531
v 174.319 		80.954 		4.531
v 174.601 		80.382 		4.531
v 174.806 		79.778 		4.531
v 174.931 		79.153 		4.531
v 174.972 		78.517 		4.531
v 191.745 		125.25 		4.531
v 191.109 		125.292 		4.531
v 190.483 		125.416 		4.531
v 189.879 		125.621 		4.531
v 189.307 		125.904 		4.531
v 193.007 		125.416 		4.531
v 192.381 		125.292 		4.531
v 195.192 		126.678 		4.531
# 556 vertices

g group_3_6383466

usemtl color_6383466
s 0

f 1734 	1733 	1699
f 1736 	1670 	1671
f 1739 	1671 	1672
f 1672 	1673 	1737
f 1743 	1737 	1673
f 1678 	1677 	1679
f 1679 	1677 	1680
f 1682 	1681 	1678
f 1678 	1681 	1677
f 1744 	1743 	1674
f 1681 	1682 	1683
f 1745 	1744 	1675
f 1771 	1686 	1717
f 1771 	1716 	1686
f 1707 	1689 	1684
f 1684 	1704 	1706
f 1708 	1709 	1721
f 1684 	1693 	1691
f 1722 	1721 	1709
f 1709 	1685 	1722
f 1724 	1722 	1685
f 1728 	1724 	1685
f 1771 	1697 	1696
f 1687 	1696 	1700
f 1702 	1704 	1684
f 1731 	1730 	1692
f 1684 	1700 	1701
f 1684 	1701 	1702
f 1684 	1706 	1707
f 1854 	1703 	1714
f 1703 	1705 	1715
f 1684 	1689 	1710
f 1711 	1693 	1684
f 1691 	1694 	1684
f 1684 	1710 	1711
f 1705 	1708 	1720
f 1721 	1720 	1708
f 1720 	1715 	1705
f 1715 	1714 	1703
f 1771 	1713 	1716
f 1771 	1717 	1718
f 1771 	1718 	1719
f 1771 	1723 	1697
f 1673 	1674 	1743
f 1695 	1698 	1732
f 1729 	1728 	1688
f 1685 	1688 	1728
f 1688 	1690 	1729
f 1730 	1729 	1690
f 1690 	1692 	1730
f 1771 	1719 	1723
f 1692 	1695 	1731
f 1732 	1731 	1695
f 1698 	1699 	1733
f 1746 	1676 	1851
f 1771 	1725 	1680
f 1726 	1725 	1727
f 1725 	1726 	1680
f 1771 	1680 	1677
f 1700 	1684 	1687
f 1733 	1732 	1698
f 1672 	1737 	1739
f 1671 	1739 	1736
f 1699 	1669 	1734
f 1669 	1670 	1735
f 1670 	1736 	1735
f 1771 	1677 	1681
f 1771 	1683 	1713
f 1771 	1681 	1683
f 1738 	1725 	1764
f 1735 	1734 	1669
f 1741 	1740 	1742
f 1675 	1676 	1745
f 1676 	1746 	1745
f 1851 	1747 	1746
f 1748 	1740 	1741
f 1750 	1694 	2140
f 1742 	1684 	1741
f 1789 	1788 	1752
f 1750 	1748 	1741
f 1788 	1787 	1753
f 1741 	1694 	1750
f 1741 	1684 	1694
f 1755 	1754 	1756
f 1756 	1754 	1687
f 2134 	2137 	1758
f 1757 	1760 	1759
f 1761 	1758 	2137
f 1761 	1760 	1758
f 1758 	1760 	1757
f 1762 	1749 	2196
f 2196 	1763 	1762
f 1765 	1751 	1749
f 1789 	1752 	1751
f 1749 	1762 	1765
f 1785 	1759 	1760
f 1796 	1767 	1766
f 1795 	1768 	1767
f 1760 	1761 	1785
f 1775 	1774 	1687
f 1774 	1773 	1687
f 1687 	1754 	1775
f 1754 	1776 	1775
f 1773 	1771 	1687
f 1696 	1687 	1771
f 1764 	1725 	1771
f 1778 	1777 	1802
f 1779 	1755 	2133
f 1802 	1816 	1778
f 1759 	1779 	2133
f 1799 	1754 	1779
f 1754 	1755 	1779
f 1779 	1759 	1785
f 1783 	1782 	1776
f 1776 	1782 	1775
f 1792 	1784 	1781
f 1787 	1781 	1753
f 1798 	1786 	1784
f 1800 	1776 	1754
f 1785 	1799 	1779
f 1753 	1752 	1788
f 1797 	1766 	1786
f 1806 	1769 	1768
f 1751 	1765 	1789
f 1791 	1790 	1774
f 1774 	1790 	1773
f 1805 	1770 	1769
f 1804 	1803 	1772
f 1816 	1780 	1778
f 1767 	1796 	1795
f 1784 	1792 	1798
f 1781 	1787 	1792
f 1773 	1793 	1771
f 1793 	1773 	1794
f 1794 	1773 	1790
f 1800 	1799 	1801
f 1766 	1797 	1796
f 1786 	1798 	1797
f 1772 	1770 	1804
f 1805 	1804 	1770
f 1769 	1806 	1805
f 1768 	1795 	1806
f 1808 	1807 	1801
f 1801 	1807 	1800
f 1754 	1799 	1800
f 1819 	1810 	1809
f 1776 	1800 	1807
f 1807 	1783 	1776
f 1822 	1812 	1811
f 1818 	1811 	1810
f 1815 	1809 	1780
f 1821 	1820 	1813
f 1801 	1814 	1774
f 1774 	1775 	1801
f 1780 	1816 	1815
f 1782 	1808 	1801
f 1801 	1775 	1782
f 1807 	1808 	1782
f 1782 	1783 	1807
f 1817 	1791 	1814
f 1814 	1791 	1774
f 1803 	1802 	1777
f 1777 	1772 	1803
f 1809 	1815 	1819
f 1822 	1821 	1812
f 1811 	1818 	1822
f 1790 	1791 	1794
f 1794 	1791 	1817
f 1792 	1724 	1798
f 1722 	1792 	1787
f 1722 	1724 	1792
f 1787 	1788 	1721
f 1721 	1722 	1787
f 1877 	1824 	1825
f 1720 	1721 	1789
f 1789 	1721 	1788
f 1873 	1826 	1827
f 1720 	1789 	1765
f 1867 	1828 	1829
f 1765 	1715 	1720
f 1841 	1867 	1829
f 1829 	1830 	1841
f 1714 	1715 	1762
f 1762 	1715 	1765
f 1762 	1763 	1712
f 1712 	1714 	1762
f 1836 	1712 	1763
f 1712 	1836 	1838
f 1843 	1842 	1831
f 1830 	1831 	1842
f 1842 	1841 	1830
f 1870 	1827 	1828
f 1875 	1825 	1826
f 1880 	1823 	1824
f 1839 	1840 	1669
f 1669 	1840 	1670
f 1833 	1834 	1845
f 1846 	1845 	1834
f 1834 	1835 	1846
f 1837 	1853 	1856
f 1847 	1846 	1835
f 1845 	1844 	1833
f 1832 	1833 	1844
f 1831 	1832 	1843
f 1848 	1671 	1840
f 1840 	1671 	1670
f 1926 	1929 	1887
f 1850 	1672 	1848
f 1848 	1672 	1671
f 1747 	1851 	1852
f 1835 	1837 	1847
f 1712 	1856 	1853
f 1855 	1673 	1850
f 1850 	1673 	1672
f 1856 	1847 	1837
f 1853 	1854 	1712
f 1714 	1712 	1854
f 1857 	1674 	1855
f 1855 	1674 	1673
f 1850 	1848 	1966
f 1866 	1675 	1857
f 1857 	1675 	1674
f 1906 	1860 	1859
f 1909 	1861 	1860
f 1912 	1862 	1861
f 1918 	1864 	1863
f 1920 	1865 	1864
f 1929 	1932 	1884
f 1859 	1858 	1849
f 1674 	1675 	1744
f 1852 	1849 	1858
f 1852 	1858 	1747
f 1879 	1866 	2001
f 1869 	1868 	1867
f 1867 	1841 	1869
f 1872 	1871 	1870
f 1870 	1867 	1872
f 1872 	1867 	1868
f 1873 	1870 	1874
f 1874 	1870 	1871
f 1875 	1873 	1876
f 1876 	1873 	1874
f 1877 	1875 	1878
f 1878 	1875 	1876
f 1879 	1676 	1866
f 1866 	1676 	1675
f 1880 	1877 	1881
f 1881 	1877 	1878
f 1998 	1857 	1855
f 1882 	1880 	1883
f 1883 	1880 	1881
f 1884 	1882 	1885
f 1885 	1882 	1883
f 1888 	1676 	1879
f 1879 	1886 	1888
f 1887 	1884 	1889
f 1889 	1884 	1885
f 1891 	1890 	1887
f 1891 	1887 	1889
f 1892 	1847 	1893
f 1893 	1847 	1856
f 2001 	2002 	1879
f 1894 	1846 	1892
f 1892 	1846 	1847
f 2002 	2003 	1886
f 1895 	1845 	1894
f 1894 	1845 	1846
f 1896 	1844 	1895
f 1895 	1844 	1845
f 1936 	1897 	1685
f 1898 	1843 	1896
f 1896 	1843 	1844
f 1899 	1842 	1898
f 1898 	1842 	1843
f 1897 	1900 	1685
f 1685 	1900 	1688
f 1902 	1901 	1841
f 1841 	1842 	1902
f 1902 	1842 	1899
f 1905 	1903 	1953
f 1869 	1841 	1901
f 1900 	1903 	1688
f 1688 	1903 	1690
f 1890 	1904 	1887
f 1953 	1955 	1905
f 1903 	1905 	1690
f 1690 	1905 	1692
f 1907 	1906 	1908
f 1908 	1906 	1849
f 1911 	1905 	1955
f 1910 	1909 	1907
f 1907 	1909 	1906
f 1905 	1911 	1692
f 1692 	1911 	1695
f 1913 	1912 	1910
f 1910 	1912 	1909
f 1911 	1914 	1695
f 1695 	1914 	1698
f 1955 	1957 	1911
f 1957 	1914 	1911
f 1916 	1915 	1913
f 1913 	1915 	1912
f 1917 	1699 	1914
f 1914 	1699 	1698
f 1919 	1918 	1916
f 1916 	1918 	1915
f 1921 	1920 	1919
f 1919 	1920 	1918
f 1699 	1917 	1839
f 1839 	1669 	1699
f 1923 	1922 	1921
f 1921 	1922 	1920
f 1927 	1925 	1924
f 1924 	1703 	1927
f 1927 	1703 	1854
f 1928 	1926 	1923
f 1923 	1926 	1922
f 1930 	1929 	1928
f 1928 	1929 	1926
f 1931 	1705 	1924
f 1924 	1705 	1703
f 1933 	1932 	1930
f 1930 	1932 	1929
f 1941 	1945 	1924
f 1934 	1708 	1931
f 1931 	1708 	1705
f 1932 	1933 	1935
f 1935 	1823 	1932
f 1936 	1709 	1934
f 1934 	1709 	1708
f 1852 	1937 	1849
f 1849 	1937 	1908
f 1948 	1936 	1934
f 1936 	1685 	1709
f 1938 	1823 	1935
f 1939 	1824 	1938
f 1938 	1824 	1823
f 1972 	1900 	1897
f 1971 	1897 	1936
f 1940 	1825 	1939
f 1939 	1825 	1824
f 1749 	1941 	1942
f 1942 	1941 	1943
f 1944 	1826 	1940
f 1940 	1826 	1825
f 1751 	1945 	1749
f 1749 	1945 	1941
f 1752 	1946 	1751
f 1751 	1946 	1945
f 1947 	1827 	1944
f 1944 	1827 	1826
f 1753 	1948 	1752
f 1752 	1948 	1946
f 1949 	1828 	1947
f 1947 	1828 	1827
f 1950 	1829 	1949
f 1949 	1829 	1828
f 1951 	1829 	1950
f 1924 	1925 	1941
f 1931 	1924 	1945
f 1925 	1943 	1941
f 1945 	1946 	1931
f 1934 	1931 	1946
f 1946 	1948 	1934
f 1952 	1830 	1951
f 1951 	1830 	1829
f 1974 	1766 	1953
f 1830 	1952 	1831
f 1831 	1952 	1954
f 1953 	1766 	1955
f 1955 	1766 	1767
f 1831 	1954 	1832
f 1832 	1954 	1956
f 1955 	1767 	1957
f 1957 	1767 	1768
f 1957 	1768 	1958
f 1958 	1768 	1769
f 1832 	1956 	1833
f 1833 	1956 	1959
f 1958 	1769 	1960
f 1960 	1769 	1770
f 1961 	1834 	1959
f 1959 	1834 	1833
f 1960 	1770 	1962
f 1962 	1770 	1772
f 1963 	1835 	1961
f 1961 	1835 	1834
f 1962 	1772 	1964
f 1964 	1772 	1777
f 1965 	1837 	1963
f 1963 	1837 	1835
f 1964 	1777 	1966
f 1966 	1777 	1778
f 1967 	1837 	1965
f 1966 	1778 	1968
f 1968 	1778 	1780
f 1712 	1970 	1969
f 1712 	1838 	1970
f 1969 	1856 	1712
f 1948 	1753 	1781
f 1781 	1971 	1948
f 1784 	1972 	1781
f 1781 	1972 	1971
f 1973 	1851 	1888
f 1888 	1851 	1676
f 1786 	1974 	1784
f 1784 	1974 	1972
f 1975 	1852 	1976
f 1851 	1973 	1976
f 1976 	1852 	1851
f 1766 	1974 	1786
f 1937 	1852 	1975
f 1837 	1967 	1853
f 1853 	1967 	1977
f 1978 	1854 	1979
f 1853 	1977 	1979
f 1979 	1854 	1853
f 1854 	1978 	1927
f 1858 	1982 	1981
f 1747 	1858 	1981
f 1981 	1980 	1747
f 1904 	1983 	1865
f 1865 	1887 	1904
f 1960 	1962 	1839
f 1839 	1917 	1960
f 1958 	1960 	1917
f 1917 	1914 	1958
f 1903 	1974 	1953
f 1900 	1972 	1974
f 1914 	1957 	1958
f 1840 	1839 	1962
f 1848 	1840 	1964
f 1962 	1964 	1840
f 1964 	1966 	1848
f 1966 	1968 	1850
f 1855 	1850 	1968
f 1886 	1879 	2002
f 1864 	1865 	1984
f 1984 	1865 	1983
f 1986 	1985 	1863
f 1987 	1986 	1863
f 1863 	1864 	1987
f 1987 	1864 	1984
f 1903 	1900 	1974
f 1897 	1971 	1972
f 1936 	1948 	1971
f 1862 	1863 	1988
f 1988 	1863 	1985
f 1861 	1862 	1989
f 1989 	1862 	1988
f 1780 	1809 	1968
f 1860 	1861 	1990
f 1990 	1861 	1989
f 1859 	1860 	1991
f 1991 	1860 	1990
f 1999 	1866 	1857
f 1858 	1859 	1982
f 1982 	1859 	1991
f 1735 	1736 	1803
f 1803 	1736 	1802
f 1764 	1883 	1881
f 1734 	1735 	1804
f 1804 	1735 	1803
f 1733 	1734 	1805
f 1805 	1734 	1804
f 1732 	1733 	1806
f 1806 	1733 	1805
f 1732 	1806 	1731
f 1731 	1806 	1795
f 1796 	1730 	1795
f 1795 	1730 	1731
f 1874 	1785 	1876
f 1797 	1729 	1796
f 1796 	1729 	1730
f 1785 	1878 	1876
f 1798 	1728 	1797
f 1797 	1728 	1729
f 1728 	1798 	1724
f 1747 	1980 	1992
f 1820 	1747 	1992
f 1746 	1747 	1821
f 1821 	1747 	1820
f 1745 	1746 	1822
f 1822 	1746 	1821
f 1744 	1745 	1818
f 1818 	1745 	1822
f 1743 	1744 	1819
f 1819 	1744 	1818
f 1743 	1815 	1737
f 1993 	1908 	1937
f 1815 	1743 	1819
f 1816 	1739 	1815
f 1737 	1815 	1739
f 1994 	1938 	1935
f 1995 	1939 	1994
f 1994 	1939 	1938
f 1816 	1802 	1739
f 1739 	1802 	1736
f 2042 	2025 	1995
f 1968 	1809 	1996
f 1997 	1940 	1995
f 1995 	1940 	1939
f 1810 	1998 	1809
f 1809 	1998 	1996
f 1811 	1999 	1810
f 1810 	1999 	1998
f 2000 	1944 	1997
f 1997 	1944 	1940
f 1812 	2001 	1811
f 1811 	2001 	1999
f 1813 	2002 	1812
f 1812 	2002 	2001
f 2004 	2003 	2002
f 2002 	1813 	2004
f 2005 	1947 	2000
f 2000 	1947 	1944
f 2006 	1949 	2005
f 2005 	1949 	1947
f 1866 	1999 	2001
f 1857 	1998 	1999
f 1855 	1996 	1998
f 1855 	1968 	1996
f 2008 	1950 	2006
f 2006 	1950 	1949
f 1836 	2007 	2009
f 2009 	1838 	1836
f 2025 	2006 	2005
f 2008 	1951 	1950
f 2010 	1992 	1980
f 1980 	2011 	2010
f 2008 	2006 	2025
f 1823 	1880 	1882
f 1882 	1884 	1932
f 1825 	1875 	1877
f 1826 	1873 	1875
f 1828 	1867 	1870
f 1844 	1843 	1832
f 1827 	1870 	1873
f 1951 	2008 	2012
f 2012 	1952 	1951
f 2012 	2013 	1952
f 1952 	2013 	1954
f 1860 	1906 	1909
f 1859 	1849 	1906
f 2012 	2008 	2025
f 2013 	2014 	1954
f 1954 	2014 	1956
f 1861 	1909 	1912
f 2013 	2012 	2025
f 1862 	1912 	1915
f 1915 	1863 	1862
f 2014 	2015 	1956
f 1956 	2015 	1959
f 1863 	1915 	1918
f 2016 	1961 	2015
f 2015 	1961 	1959
f 1864 	1918 	1920
f 2025 	2014 	2013
f 2025 	2016 	2015
f 1865 	1922 	1926
f 1865 	1920 	1922
f 2017 	1963 	2016
f 2016 	1963 	1961
f 1887 	1865 	1926
f 1882 	1932 	1823
f 1884 	1887 	1929
f 1824 	1877 	1880
f 2018 	1965 	2017
f 2017 	1965 	1963
f 2024 	2018 	2017
f 2018 	1967 	1965
f 1995 	1994 	2042
f 1995 	2025 	1997
f 1997 	2025 	2000
f 2005 	2000 	2025
f 2025 	2015 	2014
f 2024 	2017 	2016
f 2022 	2021 	2023
f 2016 	2025 	2024
f 2120 	2018 	2024
f 2023 	2026 	2022
f 2022 	2026 	2037
f 2021 	2022 	2030
f 2030 	2028 	2021
f 2031 	2029 	2024
f 2024 	2025 	2031
f 2027 	2031 	2025
f 2030 	2033 	2028
f 2028 	2033 	2035
f 2004 	1813 	2037
f 2037 	2036 	2004
f 2029 	2034 	2032
f 2024 	2029 	2032
f 2039 	2038 	2034
f 2034 	2038 	2032
f 2036 	2037 	2026
f 2027 	2052 	1814
f 2038 	2039 	1943
f 1943 	2039 	1942
f 2123 	2032 	2038
f 2049 	2031 	2027
f 2027 	2025 	2052
f 2041 	2044 	1799
f 1799 	2040 	2041
f 1799 	2044 	2045
f 1799 	2045 	2046
f 2043 	2124 	1993
f 2125 	2043 	2042
f 2127 	2042 	2129
f 2130 	2129 	2042
f 2048 	2049 	2027
f 1799 	2046 	2048
f 2027 	1799 	2048
f 2051 	2007 	2050
f 2050 	2007 	1836
f 2035 	2019 	2047
f 1814 	1801 	2027
f 2027 	1801 	1799
f 2042 	2047 	2019
f 2058 	2019 	2053
f 2019 	2052 	2042
f 2042 	2043 	2047
f 2047 	2043 	2054
f 2021 	2055 	2023
f 2023 	2055 	2026
f 2028 	2056 	2021
f 2021 	2056 	2055
f 2057 	2059 	2010
f 2058 	2057 	2010
f 2010 	1771 	2058
f 2028 	2035 	2056
f 2056 	2035 	2047
f 2056 	2047 	2054
f 2054 	2055 	2056
f 2058 	2052 	2019
f 2036 	2060 	2004
f 2004 	2060 	2003
f 2058 	2053 	2061
f 2026 	2055 	2060
f 2060 	2036 	2026
f 2058 	2061 	2062
f 2054 	2003 	2060
f 2060 	2055 	2054
f 2058 	2062 	2063
f 2058 	2063 	2064
f 2052 	2025 	2042
f 2058 	2064 	2065
f 2065 	2057 	2058
f 1794 	1817 	1793
f 1793 	1817 	1814
f 2059 	1992 	2010
f 2151 	2140 	2068
f 1793 	2052 	2058
f 1793 	1814 	2052
f 2058 	1771 	1793
f 1771 	2010 	2011
f 2011 	1764 	1771
f 2040 	1893 	1856
f 2152 	2151 	2071
f 2151 	2072 	2071
f 2151 	2073 	2072
f 2151 	2074 	2073
f 2151 	2075 	2074
f 2151 	2076 	2075
f 2151 	2077 	2076
f 2151 	2078 	2077
f 2151 	2079 	2078
f 2151 	2080 	2079
f 2151 	2081 	2080
f 2151 	2082 	2081
f 2151 	2066 	2082
f 2071 	2070 	2152
f 1856 	1969 	2051
f 2051 	2195 	1856
f 1799 	1785 	1893
f 1893 	2040 	1799
f 2086 	2069 	2085
f 2086 	2085 	2084
f 2090 	2087 	2086
f 2086 	2084 	2083
f 2090 	2088 	2087
f 2090 	2089 	2088
f 2086 	2083 	2090
f 1969 	2007 	2051
f 2204 	2092 	2091
f 2204 	2093 	2092
f 2009 	2007 	1969
f 2094 	1973 	1886
f 1886 	1973 	1888
f 2105 	1975 	2106
f 2106 	1975 	1976
f 2222 	2097 	2096
f 2222 	2098 	2097
f 2222 	2099 	2098
f 2222 	2100 	2099
f 2222 	2101 	2100
f 2222 	2102 	2101
f 2222 	2103 	2102
f 2222 	2104 	2103
f 2222 	2112 	2104
f 2108 	2107 	2204
f 2109 	2108 	2204
f 2110 	2109 	2204
f 2204 	2095 	2110
f 2094 	2111 	2106
f 1973 	2094 	2106
f 2106 	1976 	1973
f 2054 	2094 	1886
f 2054 	2111 	2094
f 2222 	2113 	2112
f 2114 	2113 	2115
f 2115 	2113 	2116
f 2116 	2113 	2117
f 2117 	2113 	2118
f 2118 	2113 	2119
f 1993 	1937 	2105
f 2105 	1937 	1975
f 2091 	2068 	2200
f 2105 	2106 	2043
f 2105 	2043 	1993
f 2092 	2067 	2091
f 2091 	2067 	2068
f 2106 	2111 	2054
f 2054 	2043 	2106
f 2066 	2067 	2093
f 2093 	2067 	2092
f 1886 	2003 	2054
f 2018 	2120 	1967
f 1967 	2120 	1977
f 2093 	2107 	2082
f 2082 	2066 	2093
f 2081 	2082 	2108
f 2108 	2082 	2107
f 2121 	1979 	2120
f 2120 	1979 	1977
f 2080 	2081 	2109
f 2109 	2081 	2108
f 2121 	2123 	2122
f 2122 	1978 	2121
f 2121 	1978 	1979
f 2079 	2080 	2110
f 2110 	2080 	2109
f 2024 	2121 	2120
f 2078 	2079 	2095
f 2095 	2079 	2110
f 2077 	2078 	2096
f 2096 	2078 	2095
f 2122 	1925 	1978
f 1978 	1925 	1927
f 2076 	2077 	2097
f 2097 	2077 	2096
f 2075 	2076 	2098
f 2098 	2076 	2097
f 2032 	2123 	2121
f 2074 	2075 	2099
f 2099 	2075 	2098
f 1943 	2122 	2123
f 2123 	2038 	1943
f 2073 	2074 	2100
f 2100 	2074 	2099
f 2032 	2121 	2024
f 2072 	2073 	2101
f 2101 	2073 	2100
f 1943 	1925 	2122
f 2071 	2072 	2102
f 2102 	2072 	2101
f 2070 	2071 	2103
f 2103 	2071 	2102
f 2124 	1907 	1993
f 1993 	1907 	1908
f 2069 	2070 	2104
f 2104 	2070 	2103
f 2112 	2069 	2104
f 2125 	1910 	2124
f 2124 	1910 	1907
f 2083 	2114 	2090
f 2090 	2114 	2115
f 2089 	2090 	2116
f 2116 	2090 	2115
f 2088 	2089 	2117
f 2117 	2089 	2116
f 2126 	1913 	2125
f 2125 	1913 	1910
f 2087 	2088 	2118
f 2118 	2088 	2117
f 2042 	2126 	2125
f 2086 	2087 	2119
f 2119 	2087 	2118
f 2127 	1916 	2126
f 2126 	1916 	1913
f 2125 	2124 	2043
f 2042 	2127 	2126
f 2128 	2086 	1727
f 1727 	2086 	2119
f 2085 	2069 	2112
f 2129 	1919 	2127
f 2127 	1919 	1916
f 2084 	2085 	2113
f 2113 	2085 	2112
f 2083 	2084 	2114
f 2114 	2084 	2113
f 2130 	1921 	2129
f 2129 	1921 	1919
f 2131 	1923 	2130
f 2130 	1923 	1921
f 1738 	2128 	1725
f 2042 	2131 	2130
f 1725 	2128 	1727
f 2132 	1928 	2131
f 2131 	1928 	1923
f 1742 	1740 	2133
f 2133 	1755 	1756
f 1756 	1742 	2133
f 1758 	1757 	2134
f 2134 	1757 	1759
f 1759 	2133 	2134
f 2135 	1930 	2132
f 2132 	1930 	1928
f 2133 	1740 	2134
f 2042 	2135 	2132
f 1684 	1742 	1687
f 1687 	1742 	1756
f 2136 	1933 	2135
f 2135 	1933 	1930
f 2134 	2138 	2137
f 2042 	2136 	2135
f 1740 	2138 	2134
f 1748 	2139 	2137
f 2137 	2138 	1748
f 1748 	2138 	1740
f 1994 	1935 	2136
f 2136 	1935 	1933
f 1761 	2137 	2139
f 2132 	2131 	2042
f 2042 	1994 	2136
f 2151 	2141 	2140
f 2151 	2142 	2141
f 2068 	2067 	2151
f 2067 	2066 	2151
f 1764 	1891 	1889
f 2145 	2144 	2143
f 2143 	2142 	2145
f 2145 	2142 	2146
f 2146 	2142 	2147
f 2147 	2142 	2148
f 2148 	2142 	2149
f 2149 	2142 	2150
f 2150 	2142 	2151
f 1785 	1874 	1871
f 1785 	1868 	1869
f 1871 	1872 	1785
f 2069 	2154 	2153
f 2069 	2155 	2154
f 2153 	2152 	2069
f 2069 	2156 	2155
f 2069 	2157 	2156
f 2069 	2158 	2157
f 2070 	2069 	2152
f 2158 	2069 	2159
f 2159 	2069 	2160
f 2160 	2069 	2161
f 2161 	2069 	2162
f 2162 	2069 	2086
f 2164 	2163 	2141
f 2141 	2142 	2164
f 2140 	2141 	1750
f 1750 	2141 	2163
f 1901 	1902 	1785
f 2140 	2200 	2068
f 2165 	2151 	2166
f 1869 	1901 	1785
f 1893 	1785 	1892
f 1894 	1892 	1785
f 2150 	2151 	2167
f 2167 	2151 	2165
f 1895 	1894 	1785
f 2149 	2150 	2168
f 2168 	2150 	2167
f 1785 	1896 	1895
f 2148 	2149 	2169
f 2169 	2149 	2168
f 1898 	1896 	1785
f 2147 	2148 	2170
f 2170 	2148 	2169
f 1899 	1898 	1785
f 1899 	1785 	1902
f 2146 	2147 	2171
f 2171 	2147 	2170
f 2145 	2146 	2172
f 2172 	2146 	2171
f 2144 	2145 	2173
f 2173 	2145 	2172
f 2174 	2143 	2173
f 2173 	2143 	2144
f 2009 	1969 	1970
f 1970 	1838 	2009
f 2175 	2142 	2174
f 2174 	2142 	2143
f 1872 	1868 	1785
f 2175 	2164 	2142
f 1764 	1885 	1883
f 2176 	2158 	2177
f 1764 	1889 	1885
f 2178 	2157 	2176
f 2176 	2157 	2158
f 2179 	2156 	2178
f 2178 	2156 	2157
f 2180 	2155 	2179
f 2179 	2155 	2156
f 1764 	1904 	1890
f 2181 	2154 	2180
f 2180 	2154 	2155
f 1764 	1890 	1891
f 2182 	2153 	2181
f 2181 	2153 	2154
f 2183 	2152 	2182
f 2182 	2152 	2153
f 2183 	2166 	2152
f 2152 	2166 	2151
f 1764 	1983 	1904
f 2184 	2162 	2128
f 2128 	2162 	2086
f 2185 	2161 	2184
f 2184 	2161 	2162
f 2186 	2160 	2185
f 2185 	2160 	2161
f 2187 	2159 	2186
f 2186 	2159 	2160
f 2187 	2177 	2159
f 2159 	2177 	2158
f 2186 	2185 	1764
f 2178 	2176 	1764
f 2180 	2179 	1764
f 2139 	1748 	2165
f 2165 	1764 	2139
f 1761 	2139 	1764
f 1764 	2011 	1982
f 2170 	2169 	1748
f 2172 	1748 	2173
f 2163 	2164 	1748
f 1748 	1750 	2163
f 1764 	1984 	1983
f 1764 	1986 	1987
f 2182 	2181 	1764
f 2166 	1764 	2165
f 1748 	2167 	2165
f 2011 	1981 	1982
f 2168 	2167 	1748
f 1748 	2169 	2168
f 1881 	1878 	1761
f 1764 	1987 	1984
f 1988 	1985 	1764
f 2171 	2170 	1748
f 1764 	1985 	1986
f 1989 	1988 	1764
f 2171 	1748 	2172
f 1764 	1990 	1989
f 1991 	1990 	1764
f 1764 	1982 	1991
f 2175 	2174 	1748
f 2174 	2173 	1748
f 2175 	1748 	2164
f 2011 	1980 	1981
f 1761 	1764 	1881
f 1878 	1785 	1761
f 2179 	2178 	1764
f 2181 	2180 	1764
f 2196 	2190 	2189
f 2196 	2191 	2190
f 2196 	2192 	2191
f 2196 	2193 	2192
f 2196 	2194 	2193
f 2189 	2188 	2196
f 2195 	1763 	2196
f 2188 	2195 	2196
f 2183 	2182 	1764
f 1764 	2166 	2183
f 2198 	2197 	2196
f 2198 	2196 	1749
f 2184 	2128 	1738
f 2185 	2184 	1738
f 1738 	1764 	2185
f 2216 	2022 	2037
f 2177 	2187 	1764
f 2187 	2186 	1764
f 2215 	2214 	2033
f 1764 	2176 	2177
f 2204 	2091 	2200
f 2204 	2200 	2199
f 2204 	2107 	2093
f 2204 	2199 	2203
f 2205 	2204 	2202
f 2206 	2205 	2202
f 2202 	2201 	2206
f 2210 	2207 	2206
f 2210 	2208 	2207
f 2210 	2209 	2208
f 2206 	2201 	2210
f 2215 	2030 	2022
f 2211 	2020 	2033
f 2212 	2211 	2033
f 2213 	2212 	2033
f 2214 	2213 	2033
f 2033 	2030 	2215
f 2022 	2216 	2215
f 2037 	1820 	2216
f 1820 	2037 	1813
f 1819 	1818 	1810
f 2095 	2221 	2220
f 2220 	2219 	2095
f 2219 	2218 	2095
f 2203 	2202 	2204
f 2204 	2221 	2095
f 2218 	2217 	2095
f 2096 	2095 	2222
f 2222 	1682 	2113
f 2223 	2222 	2095
f 2095 	2217 	2223
f 1813 	1812 	1821
f 2040 	2195 	2188
f 1856 	2195 	2040
f 2188 	2041 	2040
f 2113 	1682 	1678
f 1678 	1679 	2113
f 2224 	2119 	2113
f 2113 	1679 	2224
f 2189 	2044 	2188
f 2188 	2044 	2041
f 1691 	1693 	2199
f 2190 	2045 	2189
f 2189 	2045 	2044
f 2200 	2140 	1694
f 2199 	2200 	1694
f 1694 	1691 	2199
f 2191 	2046 	2190
f 2190 	2046 	2045
f 2192 	2048 	2191
f 2191 	2048 	2046
f 1696 	1697 	2204
f 2193 	2049 	2192
f 2192 	2049 	2048
f 1700 	1696 	2205
f 2205 	1696 	2204
f 2031 	2049 	2194
f 2194 	2049 	2193
f 1701 	1700 	2206
f 2206 	1700 	2205
f 2029 	2031 	2194
f 1702 	1701 	2207
f 2207 	1701 	2206
f 2050 	1763 	2051
f 2051 	1763 	2195
f 1704 	1702 	2208
f 2208 	1702 	2207
f 1763 	2050 	1836
f 1706 	1704 	2209
f 2209 	1704 	2208
f 2196 	2029 	2194
f 1707 	1706 	2210
f 2210 	1706 	2209
f 1689 	1707 	2201
f 2201 	1707 	2210
f 2197 	2034 	2029
f 2029 	2196 	2197
f 2202 	1710 	2201
f 2201 	1710 	1689
f 2198 	2039 	2197
f 2197 	2039 	2034
f 2203 	1711 	2202
f 2202 	1711 	1710
f 2039 	2198 	1942
f 1942 	2198 	1749
f 1693 	1711 	2203
f 2203 	2199 	1693
f 2057 	2216 	2059
f 2059 	2216 	1820
f 1713 	1683 	2222
f 2222 	1683 	1682
f 2059 	1820 	1992
f 1716 	1713 	2223
f 2223 	1713 	2222
f 1686 	1716 	2217
f 2217 	1716 	2223
f 2019 	2020 	2053
f 2218 	1717 	2217
f 2217 	1717 	1686
f 2211 	2061 	2053
f 2053 	2020 	2211
f 2219 	1718 	2218
f 2218 	1718 	1717
f 2062 	2061 	2212
f 2212 	2061 	2211
f 2220 	1719 	2219
f 2219 	1719 	1718
f 2063 	2062 	2213
f 2213 	2062 	2212
f 2221 	1723 	2220
f 2220 	1723 	1719
f 2064 	2063 	2214
f 2214 	2063 	2213
f 1697 	1723 	2221
f 2221 	2204 	1697
f 2065 	2064 	2215
f 2215 	2064 	2214
f 2057 	2065 	2216
f 2216 	2065 	2215
f 2224 	1726 	1727
f 1727 	2119 	2224
f 1680 	1726 	1679
f 1679 	1726 	2224
f 2019 	2035 	2033
f 2033 	2020 	2019
# 1112 faces

 #end of obj_3

o obj_4
v 196.825 		76.444 		0.001
v 197.111 		76.542 		0.001
v 197.382 		76.675 		0.001
v 197.633 		76.843 		0.001
v 197.86 		77.042 		0.001
v 198.06 		77.269 		0.001
v 198.227 		77.521 		0.001
v 198.361 		77.792 		0.001
v 220.182 		125.904 		4.502
v 220.182 		125.904 		4.531
v 220.713 		126.258 		4.531
v 220.713 		126.258 		4.502
v 219.61 		125.621 		4.502
v 219.61 		125.621 		4.531
v 219.22 		125.4884 		4.502
v 192.601 		107.149 		4.502
v 217.745 		125.25 		4.502
v 194.821 		76.843 		0.001
v 196.61 		103.844 		4.502
v 212.87 		130.125 		4.502
v 195.072 		76.675 		0.001
v 213.241 		131.991 		4.502
v 213.1897 		131.84 		4.502
v 195.343 		76.542 		0.001
v 213.4822 		132.4802 		4.502
v 195.629 		76.444 		0.001
v 214.777 		126.258 		4.502
v 215.124 		126.0262 		4.502
v 195.926 		76.385 		0.001
v 214.298 		126.678 		4.502
v 196.227 		76.366 		0.001
v 213.877 		127.158 		4.502
v 196.529 		76.385 		0.001
v 213.523 		127.688 		4.502
v 213.241 		128.26 		4.502
v 213.036 		128.864 		4.502
v 194.093 		77.792 		0.001
v 212.912 		129.489 		4.502
v 194.227 		77.521 		0.001
v 212.912 		130.762 		4.502
v 194.394 		77.269 		0.001
v 213.036 		131.387 		4.502
v 194.594 		77.042 		0.001
v 219.007 		125.416 		4.502
v 218.381 		125.292 		4.502
v 191.264 		77.88 		0.001
v 217.109 		125.292 		4.502
v 191.388 		77.255 		0.001
v 191.593 		76.651 		0.001
v 216.483 		125.416 		4.502
v 215.879 		125.621 		4.502
v 215.307 		125.904 		4.502
v 191.875 		76.079 		0.001
v 192.23 		75.549 		0.001
v 192.65 		75.07 		0.001
v 221.433 		126.796 		4.502
v 193.13 		74.649 		0.001
v 221.192 		126.678 		4.502
v 221.353 		126.862 		4.502
v 193.66 		74.295 		0.001
v 194.232 		74.013 		0.001
v 194.835 		73.808 		0.001
v 195.461 		73.683 		0.001
v 196.097 		73.642 		0.001
v 221.433 		126.796 		0.029
v 196.734 		73.683 		0.001
v 197.359 		73.808 		0.001
v 197.963 		74.013 		0.001
v 198.535 		74.295 		0.001
v 193.777 		108.576 		4.501
v 193.7771 		108.5758 		4.501
v 192.601 		107.149 		4.501
v 199.544 		75.07 		0.001
v 193.7771 		108.5758 		0.029
v 199.065 		74.649 		0.001
v 213.4822 		132.4802 		0.029
v 199.965 		75.549 		0.001
v 200.319 		76.079 		0.001
v 200.601 		76.651 		0.001
v 200.806 		77.255 		0.001
v 200.931 		77.88 		0.001
v 192.964 		77.645 		4.531
v 193.112 		77.21 		4.531
v 193.314 		76.799 		4.531
v 193.569 		76.418 		4.531
v 191.243 		103.844 		4.502
v 191.243 		103.844 		4.501
v 196.61 		103.844 		4.501
v 191.247 		102.045 		0.001
v 196.653 		102.977 		0.001
v 191.243 		102.34 		0.029
v 191.247 		102.045 		0.029
v 196.653 		102.977 		0.029
v 191.388 		77.255 		4.531
v 191.264 		77.88 		4.531
v 200.993 		102.0011 		0.029
v 191.593 		76.651 		4.531
v 195.009 		75.313 		4.531
v 195.443 		75.166 		4.531
v 195.893 		75.076 		4.531
v 200.993 		102.0011 		4.502
v 196.351 		75.046 		4.531
v 199.025 		100.183 		4.502
v 197.538 		99.984 		4.502
v 196.808 		75.076 		4.531
v 194.188 		100.004 		4.502
v 192.693 		100.125 		4.502
v 197.258 		75.166 		4.531
v 191.243 		102.34 		4.501
v 197.692 		75.313 		4.531
v 198.104 		75.516 		4.531
v 198.485 		75.771 		4.531
v 194.188 		100.004 		6.913
v 192.693 		100.125 		6.913
v 191.243 		99.1416 		0.029
v 193.872 		76.073 		4.531
v 194.216 		75.771 		4.531
v 194.598 		75.516 		4.531
v 199.025 		100.183 		6.842
v 197.538 		99.984 		6.842
v 192.65 		75.07 		4.531
v 192.23 		75.549 		4.531
v 191.875 		76.079 		4.531
v 200.4 		89.9 		4.502
v 193.13 		74.649 		4.531
v 200.4 		89.9 		6.842
v 191.243 		88.6746 		4.502
v 191.868 		89.908 		4.502
v 193.363 		89.787 		4.502
v 195.461 		73.683 		4.531
v 194.835 		73.808 		4.531
v 194.232 		74.013 		4.531
v 193.66 		74.295 		4.531
v 191.868 		89.908 		6.913
v 193.363 		89.787 		6.913
v 198.535 		74.295 		4.531
v 197.963 		74.013 		4.531
v 197.359 		73.808 		4.531
v 196.734 		73.683 		4.531
v 196.097 		73.642 		4.531
v 198.83 		76.073 		4.531
v 199.132 		76.418 		4.531
v 199.387 		76.799 		4.531
v 199.59 		77.21 		4.531
v 198.913 		89.701 		4.502
v 199.737 		77.645 		4.531
v 199.544 		75.07 		4.531
v 198.913 		89.701 		6.842
v 199.065 		74.649 		4.531
v 200.319 		76.079 		4.531
v 199.965 		75.549 		4.531
v 200.931 		77.88 		4.531
v 200.806 		77.255 		4.531
v 200.601 		76.651 		4.531
v 221.353 		126.862 		0.029
v 191.2 		105.511 		4.501
v 191.2 		105.511 		0.001
v 196.715 		104.225 		0.001
v 193.777 		108.576 		0.001
v 196.715 		104.225 		0.029
v 213.523 		132.563 		0.001
v 213.241 		131.991 		0.001
v 213.036 		131.387 		0.001
v 212.912 		130.762 		0.001
v 212.87 		130.125 		0.001
v 212.912 		129.489 		0.001
v 213.036 		128.864 		0.001
v 213.241 		128.26 		0.001
v 213.523 		127.688 		0.001
v 213.877 		127.158 		0.001
v 214.298 		126.678 		0.001
v 214.777 		126.258 		0.001
v 191.2558 		78.005 		4.502
v 215.307 		125.904 		0.001
v 215.879 		125.621 		0.001
v 216.483 		125.416 		0.001
v 217.109 		125.292 		0.001
v 217.745 		125.25 		0.001
v 218.381 		125.292 		0.001
v 219.007 		125.416 		0.001
v 191.2558 		78.005 		0.029
v 219.61 		125.621 		0.001
v 220.182 		125.904 		0.001
v 196.825 		76.444 		2.415
v 220.713 		126.258 		0.001
v 221.192 		126.678 		0.001
v 213.241 		131.991 		0.029
v 213.1897 		131.84 		0.029
v 197.111 		76.542 		2.415
v 214.777 		126.258 		0.029
v 215.124 		126.0262 		0.029
v 214.298 		126.678 		0.029
v 197.382 		76.675 		2.415
v 213.877 		127.158 		0.029
v 213.523 		127.688 		0.029
v 213.241 		128.26 		0.029
v 197.633 		76.843 		2.415
v 213.036 		128.864 		0.029
v 212.912 		129.489 		0.029
v 212.87 		130.125 		0.029
v 197.86 		77.042 		2.415
v 212.912 		130.762 		0.029
v 213.036 		131.387 		0.029
v 198.06 		77.269 		2.415
v 219.007 		125.416 		0.029
v 219.22 		125.4884 		0.029
v 218.381 		125.292 		0.029
v 198.227 		77.521 		2.415
v 217.745 		125.25 		0.029
v 217.109 		125.292 		0.029
v 216.483 		125.416 		0.029
v 215.879 		125.621 		0.029
v 215.307 		125.904 		0.029
v 198.361 		77.792 		2.415
v 221.192 		126.678 		0.029
v 220.713 		126.258 		0.029
v 220.182 		125.904 		0.029
v 198.4332 		78.005 		2.415
v 198.4332 		78.005 		0.029
v 219.61 		125.621 		0.029
v 194.821 		76.843 		2.415
v 195.072 		76.675 		2.415
v 195.343 		76.542 		2.415
v 195.629 		76.444 		2.415
v 195.926 		76.385 		2.415
v 196.227 		76.366 		2.415
v 196.529 		76.385 		2.415
v 194.093 		77.792 		2.415
v 194.0208 		78.005 		2.415
v 194.0208 		78.005 		0.029
v 194.227 		77.521 		2.415
v 194.394 		77.269 		2.415
v 213.241 		131.991 		4.531
v 213.523 		132.563 		4.531
v 194.594 		77.042 		2.415
v 212.87 		130.125 		4.531
v 212.912 		130.762 		4.531
v 213.036 		131.387 		4.531
v 214.777 		126.258 		4.531
v 214.298 		126.678 		4.531
v 213.877 		127.158 		4.531
v 213.523 		127.688 		4.531
v 213.241 		128.26 		4.531
v 213.036 		128.864 		4.531
v 212.912 		129.489 		4.531
v 217.745 		125.25 		4.531
v 217.109 		125.292 		4.531
v 216.483 		125.416 		4.531
v 215.879 		125.621 		4.531
v 215.307 		125.904 		4.531
v 192.964 		77.645 		2.415
v 192.8926 		78.005 		4.502
v 219.007 		125.416 		4.531
v 192.8926 		78.005 		2.415
v 218.381 		125.292 		4.531
v 193.112 		77.21 		2.415
v 221.192 		126.678 		4.531
v 193.314 		76.799 		2.415
v 193.569 		76.418 		2.415
v 195.009 		75.313 		2.415
v 195.443 		75.166 		2.415
v 195.893 		75.076 		2.415
v 196.351 		75.046 		2.415
v 196.808 		75.076 		2.415
v 197.258 		75.166 		2.415
v 197.692 		75.313 		2.415
v 198.104 		75.516 		2.415
v 198.485 		75.771 		2.415
v 193.872 		76.073 		2.415
v 194.216 		75.771 		2.415
v 194.598 		75.516 		2.415
v 198.537 		78.676 		0.029
v 198.537 		78.676 		1.898
v 198.5314 		78.592 		0.029
v 196.529 		80.966 		0.029
v 196.529 		80.966 		1.898
v 196.692 		80.9335 		0.029
v 196.227 		80.986 		0.029
v 196.227 		80.986 		1.898
v 195.926 		80.966 		0.029
v 195.926 		80.966 		1.898
v 195.629 		80.907 		0.029
v 195.629 		80.907 		1.898
v 195.343 		80.81 		0.029
v 195.343 		80.81 		1.898
v 195.072 		80.676 		0.029
v 195.072 		80.676 		1.898
v 194.821 		80.508 		0.029
v 194.821 		80.508 		1.898
v 194.644 		80.3528 		0.029
v 200.939 		78.005 		4.502
v 200.939 		78.005 		0.029
v 194.594 		80.309 		0.029
v 194.594 		80.309 		1.898
v 194.394 		80.082 		1.898
v 194.394 		80.082 		0.029
v 194.227 		79.831 		1.898
v 194.227 		79.831 		0.029
v 194.093 		79.56 		1.898
v 194.093 		79.56 		0.029
v 193.996 		79.273 		0.029
v 193.996 		79.273 		1.898
v 193.937 		78.977 		0.029
v 193.937 		78.977 		1.898
v 198.83 		76.073 		2.415
v 199.132 		76.418 		2.415
v 193.917 		78.676 		0.029
v 193.917 		78.676 		1.898
v 199.387 		76.799 		2.415
v 199.59 		77.21 		2.415
v 193.9226 		78.592 		0.029
v 199.737 		77.645 		2.415
v 199.8084 		78.005 		2.415
v 199.8084 		78.005 		4.502
v 192.845 		78.101 		1.898
v 192.845 		85.106 		1.898
v 191.243 		78.005 		4.502
v 192.845 		85.106 		4.502
v 191.243 		78.005 		0.029
v 192.845 		78.101 		4.502
v 192.845 		82.1346 		4.502
v 200.993 		78.005 		4.502
v 200.993 		78.005 		0.029
v 192.8745 		78.101 		2.415
v 192.8745 		78.101 		4.502
v 198.535 		82.739 		0.001
v 197.963 		83.021 		0.001
v 197.359 		83.226 		0.001
v 196.734 		83.35 		0.001
v 196.097 		83.392 		0.001
v 195.461 		83.35 		0.001
v 192.875 		78.094 		2.415
v 194.835 		83.226 		0.001
v 194.232 		83.021 		0.001
v 192.875 		78.094 		4.502
v 193.66 		82.739 		0.001
v 198.517 		78.977 		0.001
v 198.537 		78.676 		0.001
v 198.458 		79.273 		0.001
v 198.361 		79.56 		0.001
v 199.75 		85.106 		1.898
v 198.227 		79.831 		0.001
v 199.75 		78.101 		1.898
v 198.06 		80.082 		0.001
v 197.86 		80.309 		0.001
v 199.75 		79.3934 		4.502
v 199.75 		79.3934 		2.415
v 197.633 		80.508 		0.001
v 197.382 		80.676 		0.001
v 197.111 		80.81 		0.001
v 196.825 		80.907 		0.001
v 199.75 		81.7291 		4.502
v 199.75 		85.106 		4.502
v 199.75 		78.101 		2.415
v 199.8534 		78.592 		4.502
v 199.856 		78.552 		4.502
v 199.856 		78.552 		2.415
v 198.537 		82.7377 		0.029
v 198.535 		82.739 		0.029
v 199.8265 		78.101 		4.502
v 199.826 		79.01 		2.415
v 199.826 		79.01 		4.502
v 193.5839 		82.688 		0.029
v 193.66 		82.739 		0.029
v 193.917 		82.8657 		0.029
v 199.826 		78.094 		2.415
v 199.826 		78.094 		4.502
v 192.845 		82.1346 		0.029
v 193.13 		82.384 		0.029
v 191.243 		78.835 		0.029
v 191.264 		79.153 		0.029
v 191.388 		79.778 		0.029
v 191.593 		80.382 		0.029
v 214.777 		133.993 		0.001
v 214.298 		133.573 		0.001
v 213.877 		133.093 		0.001
v 191.875 		80.954 		0.029
v 192.23 		81.484 		0.029
v 192.65 		81.964 		0.029
v 222.249 		131.991 		0.001
v 221.967 		132.563 		0.001
v 221.612 		133.093 		0.001
v 221.192 		133.573 		0.001
v 220.713 		133.993 		0.001
v 220.182 		134.347 		0.001
v 219.61 		134.629 		0.001
v 219.007 		134.834 		0.001
v 191.2494 		78.101 		0.029
v 218.381 		134.959 		0.001
v 191.243 		78.1985 		0.029
v 217.745 		135 		0.001
v 217.109 		134.959 		0.001
v 216.483 		134.834 		0.001
v 215.879 		134.629 		0.001
v 215.307 		134.347 		0.001
v 222.62 		130.125 		0.001
v 222.578 		130.762 		0.001
v 222.454 		131.387 		0.001
v 221.612 		127.158 		0.001
v 221.967 		127.688 		0.001
v 222.249 		128.26 		0.001
v 222.454 		128.864 		0.001
v 222.578 		129.489 		0.001
v 213.877 		133.093 		4.531
v 214.298 		133.573 		4.531
v 214.777 		133.993 		4.531
v 198.6111 		82.688 		0.029
v 217.745 		135 		4.531
v 218.381 		134.959 		4.531
v 219.007 		134.834 		4.531
v 219.61 		134.629 		4.531
v 220.182 		134.347 		4.531
v 220.713 		133.993 		4.531
v 221.192 		133.573 		4.531
v 198.74 		82.6017 		0.029
v 221.612 		133.093 		4.531
v 221.967 		132.563 		4.531
v 222.249 		131.991 		4.531
v 215.307 		134.347 		4.531
v 215.879 		134.629 		4.531
v 216.483 		134.834 		4.531
v 199.065 		82.384 		0.029
v 217.109 		134.959 		4.531
v 199.544 		81.964 		0.029
v 199.75 		81.7291 		0.029
v 222.454 		131.387 		4.531
v 222.578 		130.762 		4.531
v 222.62 		130.125 		4.531
v 222.578 		129.489 		4.531
v 222.454 		128.864 		4.531
v 222.249 		128.26 		4.531
v 221.967 		127.688 		4.531
v 221.612 		127.158 		4.531
v 199.856 		81.6083 		0.029
v 200.972 		78.517 		0.029
v 200.9452 		78.101 		0.029
v 199.965 		81.484 		0.029
v 200.319 		80.954 		0.029
v 200.601 		80.382 		0.029
v 200.806 		79.778 		0.029
v 200.931 		79.153 		0.029
v 191.264 		79.153 		4.531
v 191.388 		79.778 		4.531
v 191.593 		80.382 		4.531
v 191.875 		80.954 		4.531
v 192.23 		81.484 		4.531
v 192.65 		81.964 		4.531
v 192.845 		82.1346 		4.531
v 191.222 		78.517 		4.531
v 192.845 		78.101 		4.531
v 192.8745 		78.101 		4.531
v 192.875 		78.094 		4.531
v 199.856 		78.552 		4.531
v 199.826 		79.01 		4.531
v 199.75 		79.3934 		4.531
v 199.75 		81.7291 		4.531
v 199.826 		78.094 		4.531
v 199.965 		81.484 		4.531
v 200.319 		80.954 		4.531
v 200.601 		80.382 		4.531
v 200.806 		79.778 		4.531
v 200.931 		79.153 		4.531
v 200.972 		78.517 		4.531
v 191.243 		78.835 		4.502
v 191.264 		79.153 		4.502
v 191.388 		79.778 		4.502
v 191.593 		80.382 		4.502
v 191.875 		80.954 		4.502
v 192.23 		81.484 		4.502
v 192.65 		81.964 		4.502
v 191.2494 		78.101 		4.502
v 191.243 		78.1985 		4.502
v 199.856 		81.6083 		4.502
v 200.993 		85.106 		4.502
v 200.972 		78.517 		4.502
v 200.9452 		78.101 		4.502
v 199.965 		81.484 		4.502
v 200.319 		80.954 		4.502
v 200.601 		80.382 		4.502
v 200.806 		79.778 		4.502
v 200.931 		79.153 		4.502
v 196.529 		80.966 		0.001
v 196.227 		80.986 		0.001
v 195.926 		80.966 		0.001
v 195.629 		80.907 		0.001
v 195.343 		80.81 		0.001
v 195.072 		80.676 		0.001
v 194.821 		80.508 		0.001
v 194.594 		80.309 		0.001
v 198.458 		78.078 		0.029
v 198.458 		78.078 		2.415
v 194.394 		80.082 		0.001
v 194.227 		79.831 		0.001
v 198.517 		78.374 		0.029
v 198.517 		78.374 		1.898
v 198.4626 		78.101 		1.898
v 198.4626 		78.101 		0.029
v 194.093 		79.56 		0.001
v 198.4626 		78.101 		2.415
v 193.996 		79.273 		0.001
v 193.937 		78.977 		0.001
v 193.917 		78.676 		0.001
v 193.937 		78.374 		1.898
v 193.13 		82.384 		0.001
v 192.65 		81.964 		0.001
v 192.23 		81.484 		0.001
v 193.937 		78.374 		0.029
v 191.875 		80.954 		0.001
v 191.593 		80.382 		0.001
v 191.388 		79.778 		0.001
v 191.264 		79.153 		0.001
v 193.9914 		78.101 		0.029
v 193.9914 		78.101 		1.898
v 193.996 		78.078 		0.029
v 193.996 		78.078 		2.415
v 193.9914 		78.101 		2.415
v 198.458 		78.078 		0.001
v 198.517 		78.374 		0.001
v 193.937 		78.374 		0.001
v 193.996 		78.078 		0.001
v 191.222 		78.517 		0.001
v 198.517 		78.977 		0.029
v 198.517 		78.977 		1.898
v 198.458 		79.273 		0.029
v 198.458 		79.273 		1.898
v 200.972 		78.517 		0.001
v 200.931 		79.153 		0.001
v 200.806 		79.778 		0.001
v 200.601 		80.382 		0.001
v 200.319 		80.954 		0.001
v 199.965 		81.484 		0.001
v 199.544 		81.964 		0.001
v 199.065 		82.384 		0.001
v 198.361 		79.56 		0.029
v 198.361 		79.56 		1.898
v 194.232 		83.021 		0.029
v 194.835 		83.226 		0.029
v 198.227 		79.831 		0.029
v 198.227 		79.831 		1.898
v 195.461 		83.35 		0.029
v 196.097 		83.392 		0.029
v 196.734 		83.35 		0.029
v 198.06 		80.082 		0.029
v 198.06 		80.082 		1.898
v 197.359 		83.226 		0.029
v 197.963 		83.021 		0.029
v 197.86 		80.309 		0.029
v 197.86 		80.309 		1.898
v 197.633 		80.508 		0.029
v 197.633 		80.508 		1.898
v 197.382 		80.676 		0.029
v 197.382 		80.676 		1.898
v 197.111 		80.81 		0.029
v 197.111 		80.81 		1.898
v 196.825 		80.907 		0.029
v 196.825 		80.907 		1.898
# 556 vertices

g group_4_6383466

usemtl color_6383466
s 0

f 2257 	2225 	2291
f 2292 	2291 	2225
f 2225 	2226 	2292
f 2293 	2292 	2226
f 2226 	2227 	2293
f 2234 	2233 	2235
f 2235 	2233 	2236
f 2238 	2237 	2234
f 2234 	2237 	2233
f 2227 	2228 	2299
f 2237 	2238 	2239
f 2325 	2241 	2271
f 2325 	2269 	2241
f 2262 	2244 	2240
f 2240 	2259 	2260
f 2240 	2247 	2246
f 2265 	2267 	2278
f 2279 	2278 	2267
f 2325 	2252 	2251
f 2243 	2251 	2254
f 2267 	2242 	2279
f 2281 	2279 	2242
f 2258 	2259 	2240
f 2284 	2281 	2242
f 2240 	2254 	2256
f 2240 	2256 	2258
f 2245 	2248 	2285
f 2240 	2260 	2262
f 2240 	2244 	2264
f 2266 	2247 	2240
f 2246 	2249 	2240
f 2240 	2264 	2266
f 2744 	2261 	2272
f 2261 	2263 	2273
f 2263 	2265 	2277
f 2278 	2277 	2265
f 2325 	2268 	2269
f 2277 	2273 	2263
f 2273 	2272 	2261
f 2325 	2271 	2274
f 2325 	2274 	2275
f 2325 	2276 	2252
f 2325 	2275 	2276
f 2299 	2293 	2227
f 2291 	2290 	2257
f 2285 	2284 	2245
f 2242 	2245 	2284
f 2255 	2257 	2290
f 2286 	2285 	2248
f 2287 	2286 	2250
f 2253 	2255 	2288
f 2248 	2250 	2286
f 2325 	2280 	2236
f 2282 	2280 	2283
f 2280 	2282 	2236
f 2325 	2236 	2233
f 2253 	2288 	2287
f 2254 	2240 	2243
f 2325 	2233 	2237
f 2325 	2239 	2268
f 2325 	2237 	2239
f 2250 	2253 	2287
f 2255 	2290 	2288
f 2228 	2229 	2297
f 2301 	2297 	2229
f 2289 	2280 	2320
f 2295 	2294 	2296
f 2298 	2294 	2295
f 2229 	2230 	2301
f 2297 	2299 	2228
f 2300 	2249 	2385
f 2305 	2304 	2741
f 2741 	2742 	2305
f 2750 	2305 	2742
f 2296 	2240 	2295
f 2300 	2298 	2295
f 2295 	2249 	2300
f 2347 	2346 	2308
f 2295 	2240 	2249
f 2311 	2310 	2312
f 2312 	2310 	2243
f 2308 	2346 	2309
f 2381 	2382 	2314
f 2313 	2316 	2315
f 2317 	2314 	2382
f 2317 	2316 	2314
f 2314 	2316 	2313
f 2321 	2307 	2306
f 2347 	2308 	2307
f 2307 	2321 	2347
f 2306 	2318 	2321
f 2339 	2315 	2316
f 2355 	2323 	2322
f 2354 	2324 	2323
f 2339 	2316 	2317
f 2330 	2328 	2243
f 2328 	2327 	2243
f 2243 	2310 	2330
f 2310 	2331 	2330
f 2327 	2325 	2243
f 2251 	2243 	2325
f 2320 	2280 	2325
f 2333 	2311 	2380
f 2315 	2333 	2380
f 2335 	2334 	2360
f 2351 	2310 	2333
f 2310 	2311 	2333
f 2333 	2315 	2339
f 2360 	2373 	2335
f 2338 	2337 	2331
f 2331 	2337 	2330
f 2352 	2331 	2310
f 2339 	2351 	2333
f 2349 	2341 	2340
f 2345 	2340 	2309
f 2357 	2342 	2341
f 2309 	2346 	2345
f 2356 	2322 	2342
f 2364 	2326 	2324
f 2344 	2343 	2328
f 2328 	2343 	2327
f 2327 	2348 	2325
f 2363 	2329 	2326
f 2362 	2361 	2332
f 2373 	2336 	2335
f 2323 	2355 	2354
f 2341 	2349 	2357
f 2340 	2345 	2349
f 2348 	2327 	2350
f 2350 	2327 	2343
f 2352 	2351 	2353
f 2359 	2358 	2353
f 2353 	2358 	2352
f 2322 	2356 	2355
f 2342 	2357 	2356
f 2332 	2329 	2362
f 2363 	2362 	2329
f 2326 	2364 	2363
f 2324 	2354 	2364
f 2310 	2351 	2352
f 2375 	2366 	2365
f 2331 	2352 	2358
f 2358 	2338 	2331
f 2378 	2368 	2367
f 2374 	2367 	2366
f 2371 	2365 	2336
f 2353 	2369 	2328
f 2328 	2330 	2353
f 2377 	2376 	2370
f 2337 	2359 	2353
f 2353 	2330 	2337
f 2336 	2373 	2371
f 2358 	2359 	2337
f 2337 	2338 	2358
f 2372 	2344 	2369
f 2369 	2344 	2328
f 2361 	2360 	2334
f 2334 	2332 	2361
f 2343 	2344 	2350
f 2350 	2344 	2372
f 2289 	2379 	2280
f 2365 	2371 	2375
f 2378 	2377 	2368
f 2367 	2374 	2378
f 2349 	2281 	2357
f 2280 	2379 	2283
f 2296 	2294 	2380
f 2380 	2311 	2312
f 2312 	2296 	2380
f 2314 	2313 	2381
f 2381 	2313 	2315
f 2315 	2380 	2381
f 2279 	2349 	2345
f 2279 	2281 	2349
f 2380 	2294 	2381
f 2345 	2346 	2278
f 2278 	2279 	2345
f 2240 	2296 	2243
f 2243 	2296 	2312
f 2381 	2383 	2382
f 2294 	2383 	2381
f 2277 	2278 	2347
f 2347 	2278 	2346
f 2298 	2384 	2382
f 2382 	2383 	2298
f 2298 	2383 	2294
f 2317 	2382 	2384
f 2277 	2347 	2321
f 2623 	2386 	2385
f 2321 	2273 	2277
f 2272 	2273 	2318
f 2318 	2273 	2321
f 2318 	2319 	2270
f 2270 	2272 	2318
f 2387 	2386 	2388
f 2388 	2386 	2389
f 2389 	2386 	2390
f 2390 	2386 	2391
f 2391 	2386 	2392
f 2392 	2386 	2393
f 2393 	2386 	2394
f 2394 	2386 	2395
f 2395 	2386 	2396
f 2386 	2398 	2396
f 2397 	2270 	2319
f 2398 	2386 	2399
f 2399 	2386 	2400
f 2400 	2386 	2401
f 2401 	2386 	2402
f 2402 	2386 	2403
f 2403 	2386 	2404
f 2404 	2386 	2406
f 2270 	2397 	2405
f 2386 	2623 	2410
f 2410 	2409 	2386
f 2411 	2386 	2412
f 2385 	2386 	2300
f 2300 	2386 	2411
f 2408 	2413 	2225
f 2225 	2413 	2226
f 2415 	2414 	2396
f 2396 	2398 	2415
f 2395 	2396 	2416
f 2416 	2396 	2414
f 2417 	2227 	2413
f 2413 	2227 	2226
f 2394 	2395 	2418
f 2418 	2395 	2416
f 2393 	2394 	2419
f 2419 	2394 	2418
f 2392 	2393 	2420
f 2420 	2393 	2419
f 2421 	2228 	2417
f 2417 	2228 	2227
f 2391 	2392 	2422
f 2422 	2392 	2420
f 2390 	2391 	2423
f 2423 	2391 	2422
f 2389 	2390 	2424
f 2424 	2390 	2423
f 2425 	2229 	2421
f 2421 	2229 	2228
f 2426 	2388 	2424
f 2424 	2388 	2389
f 2427 	2387 	2426
f 2426 	2387 	2388
f 2427 	2412 	2387
f 2387 	2412 	2386
f 2428 	2230 	2425
f 2425 	2230 	2229
f 2429 	2404 	2430
f 2430 	2404 	2406
f 2421 	2417 	2491
f 2431 	2403 	2429
f 2429 	2403 	2404
f 2432 	2231 	2428
f 2428 	2231 	2230
f 2433 	2402 	2431
f 2431 	2402 	2403
f 2434 	2401 	2433
f 2433 	2401 	2402
f 2438 	2432 	2534
f 2435 	2400 	2434
f 2434 	2400 	2401
f 2436 	2399 	2435
f 2435 	2399 	2400
f 2437 	2398 	2436
f 2436 	2398 	2399
f 2437 	2415 	2398
f 2438 	2232 	2432
f 2432 	2232 	2231
f 2439 	2410 	2379
f 2530 	2428 	2425
f 2440 	2409 	2439
f 2439 	2409 	2410
f 2441 	2407 	2440
f 2440 	2407 	2409
f 2443 	2232 	2438
f 2438 	2442 	2443
f 2444 	2406 	2441
f 2441 	2406 	2407
f 2444 	2430 	2406
f 2534 	2536 	2438
f 2536 	2537 	2442
f 2441 	2440 	2320
f 2431 	2429 	2320
f 2434 	2433 	2320
f 2384 	2298 	2414
f 2414 	2320 	2384
f 2317 	2384 	2320
f 2459 	2445 	2242
f 2420 	2419 	2298
f 2423 	2298 	2424
f 2411 	2412 	2298
f 2298 	2300 	2411
f 2445 	2446 	2242
f 2242 	2446 	2245
f 2448 	2447 	2484
f 2436 	2435 	2320
f 2415 	2320 	2414
f 2298 	2416 	2414
f 2446 	2447 	2245
f 2245 	2447 	2248
f 2418 	2416 	2298
f 2298 	2419 	2418
f 2484 	2485 	2448
f 2422 	2420 	2298
f 2447 	2448 	2248
f 2248 	2448 	2250
f 2449 	2448 	2485
f 2422 	2298 	2423
f 2448 	2449 	2250
f 2250 	2449 	2253
f 2427 	2426 	2298
f 2426 	2424 	2298
f 2449 	2450 	2253
f 2253 	2450 	2255
f 2427 	2298 	2412
f 2485 	2486 	2449
f 2486 	2450 	2449
f 2451 	2257 	2450
f 2450 	2257 	2255
f 2433 	2431 	2320
f 2435 	2434 	2320
f 2257 	2451 	2408
f 2408 	2225 	2257
f 2437 	2436 	2320
f 2320 	2415 	2437
f 2454 	2453 	2452
f 2452 	2261 	2454
f 2454 	2261 	2744
f 2439 	2379 	2289
f 2440 	2439 	2289
f 2289 	2320 	2440
f 2455 	2263 	2452
f 2452 	2263 	2261
f 2430 	2444 	2320
f 2444 	2441 	2320
f 2475 	2480 	2452
f 2456 	2265 	2455
f 2455 	2265 	2263
f 2320 	2429 	2430
f 2459 	2267 	2456
f 2456 	2267 	2265
f 2483 	2459 	2456
f 2459 	2242 	2267
f 2474 	2458 	2457
f 2474 	2457 	2462
f 2474 	2462 	2461
f 2461 	2464 	2463
f 2461 	2465 	2464
f 2461 	2460 	2465
f 2469 	2466 	2465
f 2469 	2467 	2466
f 2469 	2468 	2467
f 2465 	2460 	2469
f 2494 	2446 	2445
f 2493 	2445 	2459
f 2306 	2475 	2476
f 2476 	2475 	2478
f 2458 	2474 	2473
f 2473 	2472 	2458
f 2472 	2471 	2458
f 2461 	2463 	2474
f 2471 	2470 	2458
f 2479 	2477 	2458
f 2458 	2470 	2479
f 2307 	2480 	2306
f 2306 	2480 	2475
f 2458 	2477 	2238
f 2238 	2234 	2458
f 2234 	2235 	2458
f 2308 	2482 	2307
f 2307 	2482 	2480
f 2246 	2247 	2457
f 2309 	2483 	2308
f 2308 	2483 	2482
f 2458 	2385 	2249
f 2457 	2458 	2249
f 2249 	2246 	2457
f 2628 	2600 	2385
f 2251 	2252 	2463
f 2254 	2251 	2464
f 2464 	2251 	2463
f 2256 	2254 	2465
f 2465 	2254 	2464
f 2452 	2453 	2475
f 2455 	2452 	2480
f 2453 	2478 	2475
f 2480 	2482 	2455
f 2456 	2455 	2482
f 2482 	2483 	2456
f 2258 	2256 	2466
f 2466 	2256 	2465
f 2495 	2322 	2484
f 2259 	2258 	2467
f 2467 	2258 	2466
f 2260 	2259 	2468
f 2468 	2259 	2467
f 2484 	2322 	2485
f 2485 	2322 	2323
f 2262 	2260 	2469
f 2469 	2260 	2468
f 2485 	2323 	2486
f 2486 	2323 	2324
f 2244 	2262 	2460
f 2460 	2262 	2469
f 2486 	2324 	2487
f 2487 	2324 	2326
f 2461 	2264 	2460
f 2460 	2264 	2244
f 2487 	2326 	2488
f 2488 	2326 	2329
f 2462 	2266 	2461
f 2461 	2266 	2264
f 2247 	2266 	2462
f 2462 	2457 	2247
f 2488 	2329 	2489
f 2489 	2329 	2332
f 2268 	2239 	2477
f 2477 	2239 	2238
f 2489 	2332 	2490
f 2490 	2332 	2334
f 2269 	2268 	2479
f 2479 	2268 	2477
f 2490 	2334 	2491
f 2491 	2334 	2335
f 2241 	2269 	2470
f 2470 	2269 	2479
f 2471 	2271 	2470
f 2470 	2271 	2241
f 2491 	2335 	2492
f 2492 	2335 	2336
f 2472 	2274 	2471
f 2471 	2274 	2271
f 2473 	2275 	2472
f 2472 	2275 	2274
f 2474 	2276 	2473
f 2473 	2276 	2275
f 2483 	2309 	2340
f 2340 	2493 	2483
f 2252 	2276 	2474
f 2474 	2463 	2252
f 2341 	2494 	2340
f 2340 	2494 	2493
f 2283 	2481 	2282
f 2342 	2495 	2341
f 2341 	2495 	2494
f 2236 	2282 	2235
f 2235 	2282 	2481
f 2322 	2495 	2342
f 2497 	2496 	2498
f 2500 	2499 	2501
f 2488 	2489 	2408
f 2408 	2451 	2488
f 2487 	2488 	2451
f 2451 	2450 	2487
f 2447 	2495 	2484
f 2446 	2494 	2495
f 2450 	2486 	2487
f 2413 	2408 	2489
f 2417 	2413 	2490
f 2489 	2490 	2413
f 2490 	2491 	2417
f 2491 	2492 	2421
f 2425 	2421 	2492
f 2442 	2438 	2536
f 2503 	2502 	2500
f 2500 	2502 	2499
f 2565 	2540 	2503
f 2447 	2446 	2495
f 2445 	2493 	2494
f 2459 	2483 	2493
f 2505 	2504 	2503
f 2503 	2504 	2502
f 2336 	2365 	2492
f 2507 	2506 	2505
f 2505 	2506 	2504
f 2533 	2432 	2428
f 2292 	2293 	2361
f 2361 	2293 	2360
f 2509 	2508 	2507
f 2507 	2508 	2506
f 2291 	2292 	2362
f 2362 	2292 	2361
f 2290 	2291 	2363
f 2363 	2291 	2362
f 2511 	2510 	2509
f 2509 	2510 	2508
f 2288 	2290 	2364
f 2364 	2290 	2363
f 2288 	2364 	2287
f 2287 	2364 	2354
f 2513 	2512 	2511
f 2511 	2512 	2510
f 2355 	2286 	2354
f 2354 	2286 	2287
f 2540 	2511 	2509
f 2356 	2285 	2355
f 2355 	2285 	2286
f 2357 	2284 	2356
f 2356 	2284 	2285
f 2513 	2514 	2512
f 2284 	2357 	2281
f 2513 	2511 	2540
f 2305 	2516 	2515
f 2376 	2305 	2515
f 2514 	2513 	2518
f 2518 	2517 	2514
f 2304 	2305 	2377
f 2377 	2305 	2376
f 2303 	2304 	2378
f 2378 	2304 	2377
f 2302 	2303 	2374
f 2374 	2303 	2378
f 2518 	2519 	2517
f 2517 	2519 	2520
f 2301 	2302 	2375
f 2375 	2302 	2374
f 2518 	2513 	2540
f 2519 	2521 	2520
f 2520 	2521 	2522
f 2519 	2518 	2540
f 2301 	2371 	2297
f 2371 	2301 	2375
f 2521 	2523 	2522
f 2522 	2523 	2524
f 2373 	2299 	2371
f 2297 	2371 	2299
f 2526 	2525 	2523
f 2523 	2525 	2524
f 2540 	2521 	2519
f 2540 	2526 	2523
f 2373 	2360 	2299
f 2299 	2360 	2293
f 2528 	2527 	2526
f 2526 	2527 	2525
f 2492 	2365 	2529
f 2366 	2530 	2365
f 2365 	2530 	2529
f 2532 	2531 	2528
f 2528 	2531 	2527
f 2367 	2533 	2366
f 2366 	2533 	2530
f 2539 	2532 	2528
f 2368 	2534 	2367
f 2367 	2534 	2533
f 2532 	2535 	2531
f 2370 	2536 	2368
f 2368 	2536 	2534
f 2538 	2537 	2536
f 2536 	2370 	2538
f 2503 	2500 	2565
f 2503 	2540 	2505
f 2505 	2540 	2507
f 2509 	2507 	2540
f 2540 	2523 	2521
f 2539 	2528 	2526
f 2432 	2533 	2534
f 2428 	2530 	2533
f 2425 	2529 	2530
f 2425 	2492 	2529
f 2526 	2540 	2539
f 2727 	2532 	2539
f 2397 	2541 	2543
f 2543 	2405 	2397
f 2545 	2544 	2539
f 2539 	2540 	2545
f 2540 	2542 	2545
f 2546 	2515 	2516
f 2516 	2547 	2546
f 2544 	2549 	2548
f 2539 	2544 	2548
f 2559 	2556 	2549
f 2549 	2556 	2548
f 2706 	2553 	2552
f 2575 	2552 	2551
f 2707 	2554 	2553
f 2709 	2557 	2555
f 2710 	2558 	2557
f 2711 	2560 	2558
f 2708 	2555 	2554
f 2556 	2559 	2478
f 2478 	2559 	2476
f 2740 	2548 	2556
f 2542 	2540 	2577
f 2754 	2564 	2566
f 2753 	2563 	2564
f 2747 	2497 	2567
f 2565 	2763 	2759
f 2749 	2567 	2565
f 2763 	2565 	2768
f 2772 	2768 	2565
f 2755 	2566 	2568
f 2756 	2568 	2569
f 2757 	2572 	2573
f 2551 	2574 	2575
f 2565 	2571 	2576
f 2571 	2570 	2576
f 2576 	2577 	2565
f 2565 	2567 	2571
f 2571 	2567 	2578
f 2579 	2581 	2580
f 2580 	2581 	2584
f 2586 	2585 	2579
f 2579 	2585 	2581
f 2586 	2570 	2585
f 2585 	2570 	2571
f 2339 	2588 	2587
f 2339 	2589 	2588
f 2585 	2571 	2578
f 2760 	2589 	2339
f 2578 	2581 	2585
f 2591 	2590 	2538
f 2538 	2590 	2537
f 2584 	2581 	2590
f 2590 	2591 	2584
f 2578 	2537 	2590
f 2590 	2581 	2578
f 2602 	2601 	2339
f 2577 	2540 	2565
f 2594 	2339 	2595
f 2596 	2595 	2339
f 2350 	2372 	2348
f 2348 	2372 	2369
f 2597 	2596 	2339
f 2339 	2601 	2597
f 2604 	2385 	2600
f 2600 	2599 	2604
f 2603 	2602 	2339
f 2339 	2592 	2603
f 2339 	2593 	2592
f 2606 	2605 	2604
f 2606 	2604 	2607
f 2607 	2604 	2608
f 2608 	2604 	2609
f 2609 	2604 	2610
f 2610 	2604 	2611
f 2611 	2604 	2613
f 2613 	2604 	2615
f 2615 	2604 	2616
f 2616 	2604 	2617
f 2617 	2604 	2618
f 2618 	2604 	2619
f 2604 	2598 	2619
f 2599 	2598 	2604
f 2543 	2614 	2612
f 2612 	2405 	2543
f 2407 	2406 	2386
f 2385 	2604 	2622
f 2385 	2622 	2621
f 2624 	2623 	2385
f 2409 	2407 	2386
f 2385 	2621 	2620
f 2625 	2624 	2385
f 2626 	2625 	2385
f 2385 	2627 	2626
f 2385 	2620 	2627
f 2458 	2629 	2628
f 2458 	2630 	2629
f 2320 	2631 	2582
f 2458 	2634 	2633
f 2458 	2635 	2634
f 2458 	2636 	2635
f 2458 	2637 	2636
f 2458 	2638 	2637
f 2458 	2640 	2638
f 2458 	2641 	2640
f 2458 	2642 	2641
f 2644 	2643 	2458
f 2643 	2630 	2458
f 2458 	2633 	2632
f 2645 	2644 	2458
f 2647 	2645 	2458
f 2458 	2632 	2647
f 2320 	2646 	2639
f 2320 	2639 	2631
f 2650 	2642 	2458
f 2458 	2651 	2650
f 2652 	2651 	2458
f 2653 	2652 	2458
f 2654 	2653 	2458
f 2655 	2654 	2458
f 2656 	2655 	2458
f 2657 	2656 	2458
f 2481 	2657 	2458
f 2235 	2481 	2458
f 2385 	2458 	2628
f 2629 	2599 	2628
f 2628 	2599 	2600
f 2320 	2648 	2646
f 2598 	2599 	2630
f 2630 	2599 	2629
f 2630 	2643 	2619
f 2619 	2598 	2630
f 2618 	2619 	2644
f 2644 	2619 	2643
f 2617 	2618 	2645
f 2645 	2618 	2644
f 2320 	2547 	2659
f 2616 	2617 	2647
f 2647 	2617 	2645
f 2615 	2616 	2632
f 2632 	2616 	2647
f 2613 	2615 	2633
f 2633 	2615 	2632
f 2611 	2613 	2634
f 2634 	2613 	2633
f 2547 	2660 	2659
f 2610 	2611 	2635
f 2635 	2611 	2634
f 2609 	2610 	2636
f 2636 	2610 	2635
f 2658 	2649 	2320
f 2648 	2320 	2649
f 2608 	2609 	2637
f 2637 	2609 	2636
f 2320 	2661 	2658
f 2662 	2661 	2320
f 2607 	2608 	2638
f 2638 	2608 	2637
f 2663 	2662 	2320
f 2606 	2607 	2640
f 2640 	2607 	2638
f 2664 	2663 	2320
f 2605 	2606 	2641
f 2641 	2606 	2640
f 2604 	2605 	2642
f 2642 	2605 	2641
f 2665 	2664 	2320
f 2659 	2665 	2320
f 2650 	2604 	2642
f 2620 	2652 	2627
f 2627 	2652 	2653
f 2516 	2660 	2547
f 2626 	2627 	2654
f 2654 	2627 	2653
f 2625 	2626 	2655
f 2655 	2626 	2654
f 2766 	2765 	2317
f 2765 	2339 	2317
f 2624 	2625 	2656
f 2656 	2625 	2655
f 2623 	2624 	2657
f 2657 	2624 	2656
f 2674 	2668 	2667
f 2674 	2669 	2668
f 2674 	2670 	2669
f 2674 	2671 	2670
f 2674 	2672 	2671
f 2667 	2666 	2674
f 2410 	2623 	2379
f 2379 	2623 	2283
f 2657 	2481 	2283
f 2283 	2623 	2657
f 2666 	2673 	2674
f 2622 	2604 	2650
f 2621 	2622 	2651
f 2651 	2622 	2650
f 2676 	2675 	2674
f 2306 	2676 	2674
f 2674 	2318 	2306
f 2620 	2621 	2652
f 2652 	2621 	2651
f 2319 	2318 	2674
f 2674 	2673 	2319
f 2687 	2677 	2681
f 2686 	2685 	2679
f 2677 	2579 	2580
f 2580 	2584 	2677
f 2677 	2584 	2681
f 2579 	2677 	2678
f 2678 	2586 	2579
f 2678 	2679 	2586
f 2586 	2679 	2570
f 2538 	2370 	2681
f 2681 	2591 	2538
f 2591 	2681 	2584
f 2686 	2678 	2677
f 2679 	2684 	2683
f 2679 	2683 	2682
f 2682 	2680 	2679
f 2685 	2684 	2679
f 2679 	2678 	2686
f 2677 	2687 	2686
f 2681 	2376 	2687
f 2542 	2577 	2369
f 2376 	2681 	2370
f 2375 	2374 	2366
f 2370 	2368 	2377
f 2694 	2545 	2542
f 2351 	2688 	2689
f 2666 	2689 	2688
f 2351 	2689 	2690
f 2667 	2690 	2666
f 2666 	2690 	2689
f 2351 	2690 	2691
f 2668 	2691 	2667
f 2667 	2691 	2690
f 2351 	2691 	2692
f 2669 	2692 	2668
f 2668 	2692 	2691
f 2693 	2694 	2542
f 2351 	2692 	2693
f 2670 	2693 	2669
f 2669 	2693 	2692
f 2542 	2351 	2693
f 2671 	2694 	2670
f 2670 	2694 	2693
f 2545 	2694 	2672
f 2672 	2694 	2671
f 2544 	2545 	2674
f 2674 	2545 	2672
f 2696 	2541 	2695
f 2695 	2541 	2397
f 2319 	2673 	2696
f 2369 	2353 	2542
f 2542 	2353 	2351
f 2397 	2319 	2695
f 2696 	2695 	2319
f 2673 	2666 	2688
f 2698 	2576 	2697
f 2675 	2549 	2544
f 2544 	2674 	2675
f 2676 	2559 	2675
f 2675 	2559 	2549
f 2559 	2676 	2476
f 2476 	2676 	2306
f 2699 	2700 	2546
f 2698 	2699 	2546
f 2699 	2687 	2700
f 2700 	2687 	2376
f 2577 	2576 	2698
f 2700 	2376 	2515
f 2576 	2680 	2697
f 2682 	2701 	2697
f 2697 	2680 	2682
f 2702 	2701 	2683
f 2683 	2701 	2682
f 2698 	2697 	2701
f 2703 	2702 	2684
f 2684 	2702 	2683
f 2698 	2701 	2702
f 2704 	2703 	2685
f 2685 	2703 	2684
f 2698 	2702 	2703
f 2705 	2704 	2686
f 2686 	2704 	2685
f 2698 	2703 	2704
f 2699 	2705 	2687
f 2687 	2705 	2686
f 2698 	2704 	2705
f 2705 	2699 	2698
f 2570 	2679 	2680
f 2700 	2515 	2546
f 2576 	2570 	2680
f 2348 	2577 	2698
f 2348 	2369 	2577
f 2698 	2325 	2348
f 2547 	2320 	2698
f 2698 	2546 	2547
f 2320 	2325 	2698
f 2745 	2614 	2696
f 2351 	2339 	2594
f 2594 	2688 	2351
f 2696 	2614 	2543
f 2543 	2541 	2696
f 2711 	2712 	2560
f 2715 	2714 	2442
f 2442 	2714 	2443
f 2728 	2560 	2712
f 2712 	2713 	2728
f 2719 	2718 	2720
f 2720 	2718 	2721
f 2715 	2723 	2720
f 2714 	2715 	2720
f 2720 	2721 	2714
f 2729 	2728 	2713
f 2578 	2715 	2442
f 2578 	2723 	2715
f 2716 	2717 	2730
f 2497 	2498 	2719
f 2719 	2498 	2718
f 2719 	2720 	2567
f 2719 	2567 	2497
f 2720 	2723 	2578
f 2578 	2567 	2720
f 2730 	2729 	2716
f 2713 	2716 	2729
f 2558 	2710 	2711
f 2557 	2709 	2710
f 2555 	2708 	2709
f 2554 	2707 	2708
f 2553 	2706 	2707
f 2552 	2575 	2706
f 2442 	2537 	2578
f 2532 	2727 	2535
f 2535 	2727 	2731
f 2722 	2724 	2733
f 2734 	2733 	2724
f 2733 	2732 	2722
f 2724 	2725 	2734
f 2726 	2743 	2745
f 2735 	2734 	2725
f 2717 	2722 	2732
f 2732 	2730 	2717
f 2737 	2736 	2727
f 2727 	2736 	2731
f 2737 	2740 	2739
f 2739 	2738 	2737
f 2737 	2738 	2736
f 2539 	2737 	2727
f 2550 	2573 	2574
f 2757 	2569 	2572
f 2752 	2561 	2563
f 2751 	2562 	2561
f 2231 	2232 	2303
f 2573 	2550 	2757
f 2574 	2551 	2550
f 2302 	2301 	2230
f 2739 	2453 	2738
f 2738 	2453 	2454
f 2303 	2302 	2231
f 2230 	2231 	2302
f 2548 	2740 	2737
f 2725 	2726 	2735
f 2478 	2739 	2740
f 2740 	2556 	2478
f 2270 	2745 	2743
f 2548 	2737 	2539
f 2478 	2453 	2739
f 2745 	2735 	2726
f 2743 	2744 	2270
f 2272 	2270 	2744
f 2747 	2746 	2497
f 2497 	2746 	2496
f 2232 	2741 	2304
f 2749 	2748 	2747
f 2747 	2748 	2746
f 2561 	2752 	2751
f 2563 	2753 	2752
f 2564 	2754 	2753
f 2566 	2755 	2754
f 2568 	2756 	2755
f 2569 	2757 	2756
f 2304 	2303 	2232
f 2562 	2751 	2750
f 2742 	2562 	2750
f 2588 	2560 	2587
f 2759 	2758 	2749
f 2749 	2758 	2748
f 2589 	2760 	2558
f 2558 	2560 	2589
f 2589 	2560 	2588
f 2565 	2759 	2749
f 2557 	2558 	2761
f 2761 	2558 	2760
f 2555 	2557 	2764
f 2764 	2557 	2761
f 2763 	2762 	2759
f 2759 	2762 	2758
f 2554 	2555 	2765
f 2765 	2555 	2764
f 2749 	2747 	2567
f 2553 	2554 	2766
f 2766 	2554 	2765
f 2768 	2767 	2763
f 2763 	2767 	2762
f 2552 	2553 	2769
f 2769 	2553 	2766
f 2551 	2552 	2770
f 2770 	2552 	2769
f 2550 	2551 	2583
f 2583 	2551 	2770
f 2772 	2771 	2768
f 2768 	2771 	2767
f 2582 	2631 	2550
f 2582 	2550 	2583
f 2595 	2735 	2594
f 2745 	2673 	2688
f 2594 	2735 	2745
f 2774 	2773 	2772
f 2772 	2773 	2771
f 2596 	2734 	2595
f 2595 	2734 	2735
f 2565 	2774 	2772
f 2597 	2733 	2596
f 2596 	2733 	2734
f 2776 	2775 	2774
f 2774 	2775 	2773
f 2601 	2732 	2597
f 2597 	2732 	2733
f 2602 	2730 	2601
f 2601 	2730 	2732
f 2603 	2729 	2602
f 2602 	2729 	2730
f 2778 	2777 	2776
f 2776 	2777 	2775
f 2592 	2593 	2728
f 2728 	2729 	2592
f 2592 	2729 	2603
f 2565 	2778 	2776
f 2560 	2728 	2587
f 2587 	2728 	2593
f 2780 	2779 	2778
f 2778 	2779 	2777
f 2631 	2639 	2550
f 2565 	2780 	2778
f 2500 	2501 	2780
f 2780 	2501 	2779
f 2746 	2561 	2496
f 2496 	2561 	2562
f 2776 	2774 	2565
f 2565 	2500 	2780
f 2748 	2563 	2746
f 2746 	2563 	2561
f 2758 	2564 	2748
f 2748 	2564 	2563
f 2762 	2566 	2758
f 2758 	2566 	2564
f 2767 	2568 	2762
f 2762 	2568 	2566
f 2771 	2569 	2767
f 2767 	2569 	2568
f 2773 	2572 	2771
f 2771 	2572 	2569
f 2775 	2573 	2773
f 2773 	2573 	2572
f 2777 	2574 	2775
f 2775 	2574 	2573
f 2779 	2575 	2777
f 2777 	2575 	2574
f 2575 	2779 	2501
f 2501 	2706 	2575
f 2742 	2498 	2562
f 2562 	2498 	2496
f 2499 	2706 	2501
f 2502 	2707 	2499
f 2499 	2707 	2706
f 2504 	2708 	2502
f 2502 	2708 	2707
f 2506 	2709 	2504
f 2504 	2709 	2708
f 2508 	2710 	2506
f 2506 	2710 	2709
f 2510 	2711 	2508
f 2508 	2711 	2710
f 2512 	2712 	2510
f 2510 	2712 	2711
f 2514 	2712 	2512
f 2517 	2713 	2514
f 2514 	2713 	2712
f 2713 	2517 	2716
f 2716 	2517 	2520
f 2716 	2520 	2717
f 2717 	2520 	2522
f 2717 	2522 	2722
f 2722 	2522 	2524
f 2525 	2724 	2524
f 2524 	2724 	2722
f 2527 	2725 	2525
f 2525 	2725 	2724
f 2531 	2726 	2527
f 2527 	2726 	2725
f 2535 	2726 	2531
f 2696 	2673 	2745
f 2270 	2612 	2614
f 2270 	2405 	2612
f 2614 	2745 	2270
f 2688 	2594 	2745
f 2714 	2741 	2443
f 2443 	2741 	2232
f 2718 	2742 	2721
f 2741 	2714 	2721
f 2721 	2742 	2741
f 2498 	2742 	2718
f 2726 	2535 	2743
f 2743 	2535 	2731
f 2738 	2744 	2736
f 2743 	2731 	2736
f 2736 	2744 	2743
f 2744 	2738 	2454
f 2750 	2659 	2660
f 2305 	2750 	2660
f 2660 	2516 	2305
f 2639 	2646 	2757
f 2757 	2550 	2639
f 2756 	2757 	2648
f 2648 	2757 	2646
f 2658 	2661 	2755
f 2649 	2658 	2755
f 2755 	2756 	2649
f 2649 	2756 	2648
f 2754 	2755 	2662
f 2662 	2755 	2661
f 2753 	2754 	2663
f 2663 	2754 	2662
f 2752 	2753 	2664
f 2664 	2753 	2663
f 2751 	2752 	2665
f 2665 	2752 	2664
f 2750 	2751 	2659
f 2659 	2751 	2665
f 2587 	2593 	2339
f 2764 	2761 	2339
f 2339 	2765 	2764
f 2317 	2320 	2766
f 2339 	2761 	2760
f 2320 	2770 	2769
f 2320 	2769 	2766
f 2320 	2583 	2770
f 2320 	2582 	2583
# 1112 faces

 #end of obj_4

o obj_5
v 222.825 		76.444 		0.001
v 223.111 		76.542 		0.001
v 223.382 		76.675 		0.001
v 223.633 		76.843 		0.001
v 223.86 		77.042 		0.001
v 224.06 		77.269 		0.001
v 224.227 		77.521 		0.001
v 224.361 		77.792 		0.001
v 246.182 		125.904 		4.502
v 246.182 		125.904 		4.531
v 246.713 		126.258 		4.531
v 246.713 		126.258 		4.502
v 245.61 		125.621 		4.502
v 245.61 		125.621 		4.531
v 245.22 		125.4884 		4.502
v 220.821 		76.843 		0.001
v 218.601 		107.149 		4.502
v 221.072 		76.675 		0.001
v 243.745 		125.25 		4.502
v 222.61 		103.844 		4.502
v 221.343 		76.542 		0.001
v 238.87 		130.125 		4.502
v 221.629 		76.444 		0.001
v 239.241 		131.991 		4.502
v 239.1897 		131.84 		4.502
v 221.926 		76.385 		0.001
v 239.4822 		132.4802 		4.502
v 222.227 		76.366 		0.001
v 240.777 		126.258 		4.502
v 241.124 		126.0262 		4.502
v 222.529 		76.385 		0.001
v 240.298 		126.678 		4.502
v 239.877 		127.158 		4.502
v 239.523 		127.688 		4.502
v 220.093 		77.792 		0.001
v 239.241 		128.26 		4.502
v 220.227 		77.521 		0.001
v 239.036 		128.864 		4.502
v 220.394 		77.269 		0.001
v 238.912 		129.489 		4.502
v 220.594 		77.042 		0.001
v 238.912 		130.762 		4.502
v 239.036 		131.387 		4.502
v 245.007 		125.416 		4.502
v 217.264 		77.88 		0.001
v 217.388 		77.255 		0.001
v 217.593 		76.651 		0.001
v 244.381 		125.292 		4.502
v 243.109 		125.292 		4.502
v 242.483 		125.416 		4.502
v 241.879 		125.621 		4.502
v 217.875 		76.079 		0.001
v 218.23 		75.549 		0.001
v 218.65 		75.07 		0.001
v 241.307 		125.904 		4.502
v 219.13 		74.649 		0.001
v 247.433 		126.796 		4.502
v 247.192 		126.678 		4.502
v 247.353 		126.862 		4.502
v 219.66 		74.295 		0.001
v 220.232 		74.013 		0.001
v 220.835 		73.808 		0.001
v 221.461 		73.683 		0.001
v 222.097 		73.642 		0.001
v 222.734 		73.683 		0.001
v 223.359 		73.808 		0.001
v 223.963 		74.013 		0.001
v 224.535 		74.295 		0.001
v 247.433 		126.796 		0.029
v 225.544 		75.07 		0.001
v 219.777 		108.576 		4.501
v 219.7771 		108.5758 		4.501
v 218.601 		107.149 		4.501
v 225.065 		74.649 		0.001
v 219.7771 		108.5758 		0.029
v 225.965 		75.549 		0.001
v 226.319 		76.079 		0.001
v 226.601 		76.651 		0.001
v 226.806 		77.255 		0.001
v 226.931 		77.88 		0.001
v 239.4822 		132.4802 		0.029
v 218.964 		77.645 		4.531
v 219.112 		77.21 		4.531
v 219.314 		76.799 		4.531
v 219.569 		76.418 		4.531
v 217.243 		103.844 		4.502
v 217.243 		103.844 		4.501
v 222.61 		103.844 		4.501
v 217.247 		102.045 		0.001
v 222.653 		102.977 		0.001
v 217.243 		102.34 		0.029
v 217.247 		102.045 		0.029
v 217.388 		77.255 		4.531
v 217.264 		77.88 		4.531
v 222.653 		102.977 		0.029
v 217.593 		76.651 		4.531
v 226.993 		102.0011 		0.029
v 221.009 		75.313 		4.531
v 221.443 		75.166 		4.531
v 221.893 		75.076 		4.531
v 222.351 		75.046 		4.531
v 222.808 		75.076 		4.531
v 226.993 		102.0011 		4.502
v 223.258 		75.166 		4.531
v 225.025 		100.183 		4.502
v 223.538 		99.984 		4.502
v 220.188 		100.004 		4.502
v 218.693 		100.125 		4.502
v 223.692 		75.313 		4.531
v 224.104 		75.516 		4.531
v 217.243 		102.34 		4.501
v 224.485 		75.771 		4.531
v 220.188 		100.004 		6.913
v 218.693 		100.125 		6.913
v 219.872 		76.073 		4.531
v 217.243 		99.1416 		0.029
v 220.216 		75.771 		4.531
v 220.598 		75.516 		4.531
v 218.65 		75.07 		4.531
v 218.23 		75.549 		4.531
v 217.875 		76.079 		4.531
v 225.025 		100.183 		6.842
v 223.538 		99.984 		6.842
v 219.13 		74.649 		4.531
v 226.993 		89.9794 		4.502
v 226.4 		89.9 		4.502
v 226.4 		89.9 		6.842
v 221.461 		73.683 		4.531
v 220.835 		73.808 		4.531
v 220.232 		74.013 		4.531
v 219.66 		74.295 		4.531
v 224.535 		74.295 		4.531
v 217.243 		88.6746 		4.502
v 223.963 		74.013 		4.531
v 223.359 		73.808 		4.531
v 217.868 		89.908 		4.502
v 222.734 		73.683 		4.531
v 219.363 		89.787 		4.502
v 222.097 		73.642 		4.531
v 224.83 		76.073 		4.531
v 217.868 		89.908 		6.913
v 219.363 		89.787 		6.913
v 225.132 		76.418 		4.531
v 225.387 		76.799 		4.531
v 225.59 		77.21 		4.531
v 225.737 		77.645 		4.531
v 224.913 		89.701 		4.502
v 225.544 		75.07 		4.531
v 225.065 		74.649 		4.531
v 224.913 		89.701 		6.842
v 226.319 		76.079 		4.531
v 225.965 		75.549 		4.531
v 226.931 		77.88 		4.531
v 226.806 		77.255 		4.531
v 226.601 		76.651 		4.531
v 222.529 		80.966 		0.001
v 222.227 		80.986 		0.001
v 221.926 		80.966 		0.001
v 221.629 		80.907 		0.001
v 221.343 		80.81 		0.001
v 221.072 		80.676 		0.001
v 220.821 		80.508 		0.001
v 220.594 		80.309 		0.001
v 220.394 		80.082 		0.001
v 220.227 		79.831 		0.001
v 220.093 		79.56 		0.001
v 219.996 		79.273 		0.001
v 219.937 		78.977 		0.001
v 217.2558 		78.005 		4.502
v 219.917 		78.676 		0.001
v 217.2558 		78.005 		0.029
v 222.825 		76.444 		2.415
v 223.111 		76.542 		2.415
v 219.13 		82.384 		0.001
v 218.65 		81.964 		0.001
v 218.23 		81.484 		0.001
v 217.875 		80.954 		0.001
v 217.593 		80.382 		0.001
v 217.388 		79.778 		0.001
v 217.264 		79.153 		0.001
v 223.382 		76.675 		2.415
v 224.537 		78.676 		0.001
v 223.633 		76.843 		2.415
v 224.458 		78.078 		0.001
v 224.517 		78.374 		0.001
v 223.86 		77.042 		2.415
v 219.937 		78.374 		0.001
v 219.996 		78.078 		0.001
v 224.06 		77.269 		2.415
v 224.227 		77.521 		2.415
v 217.222 		78.517 		0.001
v 226.972 		78.517 		0.001
v 226.931 		79.153 		0.001
v 226.806 		79.778 		0.001
v 226.601 		80.382 		0.001
v 226.319 		80.954 		0.001
v 225.965 		81.484 		0.001
v 225.544 		81.964 		0.001
v 225.065 		82.384 		0.001
v 219.66 		82.739 		0.001
v 219.66 		82.739 		0.029
v 219.5839 		82.688 		0.029
v 224.361 		77.792 		2.415
v 220.232 		83.021 		0.001
v 220.232 		83.021 		0.029
v 219.917 		82.8657 		0.029
v 220.835 		83.226 		0.001
v 220.835 		83.226 		0.029
v 221.461 		83.35 		0.001
v 221.461 		83.35 		0.029
v 224.4332 		78.005 		2.415
v 222.097 		83.392 		0.001
v 222.097 		83.392 		0.029
v 224.4332 		78.005 		0.029
v 222.734 		83.35 		0.001
v 222.734 		83.35 		0.029
v 223.359 		83.226 		0.001
v 223.359 		83.226 		0.029
v 223.963 		83.021 		0.001
v 223.963 		83.021 		0.029
v 224.535 		82.739 		0.001
v 224.535 		82.739 		0.029
v 224.6111 		82.688 		0.029
v 224.537 		82.7377 		0.029
v 217.264 		79.153 		0.029
v 217.243 		78.835 		0.029
v 217.388 		79.778 		0.029
v 220.821 		76.843 		2.415
v 217.593 		80.382 		0.029
v 217.875 		80.954 		0.029
v 221.072 		76.675 		2.415
v 218.23 		81.484 		0.029
v 218.65 		81.964 		0.029
v 221.343 		76.542 		2.415
v 219.13 		82.384 		0.029
v 218.845 		82.1346 		0.029
v 221.629 		76.444 		2.415
v 224.74 		82.6017 		0.029
v 224.517 		78.977 		0.001
v 224.517 		78.977 		0.029
v 224.537 		78.676 		0.029
v 221.926 		76.385 		2.415
v 224.458 		79.273 		0.001
v 224.458 		79.273 		0.029
v 222.227 		76.366 		2.415
v 224.361 		79.56 		0.001
v 224.361 		79.56 		0.029
v 224.227 		79.831 		0.001
v 224.227 		79.831 		0.029
v 222.529 		76.385 		2.415
v 224.06 		80.082 		0.001
v 224.06 		80.082 		0.029
v 223.86 		80.309 		0.001
v 223.86 		80.309 		0.029
v 223.633 		80.508 		0.001
v 223.633 		80.508 		0.029
v 223.382 		80.676 		0.001
v 223.382 		80.676 		0.029
v 220.093 		77.792 		2.415
v 220.0208 		78.005 		2.415
v 220.0208 		78.005 		0.029
v 223.111 		80.81 		0.001
v 223.111 		80.81 		0.029
v 220.227 		77.521 		2.415
v 222.825 		80.907 		0.001
v 222.825 		80.907 		0.029
v 222.692 		80.9335 		0.029
v 220.394 		77.269 		2.415
v 224.5314 		78.592 		0.029
v 220.594 		77.042 		2.415
v 222.529 		80.966 		0.029
v 222.227 		80.986 		0.029
v 221.926 		80.966 		0.029
v 221.629 		80.907 		0.029
v 218.964 		77.645 		2.415
v 218.8926 		78.005 		4.502
v 218.8926 		78.005 		2.415
v 221.343 		80.81 		0.029
v 219.112 		77.21 		2.415
v 221.072 		80.676 		0.029
v 219.314 		76.799 		2.415
v 220.821 		80.508 		0.029
v 219.569 		76.418 		2.415
v 220.644 		80.3528 		0.029
v 220.594 		80.309 		0.029
v 220.394 		80.082 		0.029
v 221.009 		75.313 		2.415
v 220.227 		79.831 		0.029
v 221.443 		75.166 		2.415
v 220.093 		79.56 		0.029
v 221.893 		75.076 		2.415
v 219.996 		79.273 		0.029
v 222.351 		75.046 		2.415
v 219.937 		78.977 		0.029
v 222.808 		75.076 		2.415
v 219.917 		78.676 		0.029
v 223.258 		75.166 		2.415
v 219.9226 		78.592 		0.029
v 223.692 		75.313 		2.415
v 217.243 		78.1985 		0.029
v 217.2494 		78.101 		0.029
v 224.104 		75.516 		2.415
v 224.485 		75.771 		2.415
v 224.458 		78.078 		0.029
v 224.517 		78.374 		0.029
v 224.4626 		78.101 		0.029
v 219.872 		76.073 		2.415
v 220.216 		75.771 		2.415
v 220.598 		75.516 		2.415
v 219.937 		78.374 		0.029
v 219.996 		78.078 		0.029
v 219.9914 		78.101 		0.029
v 226.939 		78.005 		0.029
v 226.9452 		78.101 		0.029
v 226.972 		78.517 		0.029
v 225.065 		82.384 		0.029
v 225.544 		81.964 		0.029
v 225.965 		81.484 		0.029
v 225.856 		81.6083 		0.029
v 225.75 		81.7291 		0.029
v 226.319 		80.954 		0.029
v 226.601 		80.382 		0.029
v 226.806 		79.778 		0.029
v 226.931 		79.153 		0.029
v 226.939 		78.005 		4.502
v 224.537 		78.676 		1.898
v 222.529 		80.966 		1.898
v 222.227 		80.986 		1.898
v 221.926 		80.966 		1.898
v 221.629 		80.907 		1.898
v 224.83 		76.073 		2.415
v 221.343 		80.81 		1.898
v 225.132 		76.418 		2.415
v 221.072 		80.676 		1.898
v 225.387 		76.799 		2.415
v 225.59 		77.21 		2.415
v 220.821 		80.508 		1.898
v 225.737 		77.645 		2.415
v 225.8084 		78.005 		2.415
v 225.8084 		78.005 		4.502
v 220.594 		80.309 		1.898
v 217.243 		78.005 		4.502
v 220.394 		80.082 		1.898
v 217.243 		78.005 		0.029
v 226.993 		78.005 		4.502
v 226.993 		78.005 		0.029
v 220.227 		79.831 		1.898
v 220.093 		79.56 		1.898
v 219.996 		79.273 		1.898
v 219.937 		78.977 		1.898
v 219.917 		78.676 		1.898
v 218.845 		78.101 		1.898
v 218.845 		85.106 		1.898
v 218.845 		85.106 		4.502
v 218.845 		78.101 		4.502
v 218.845 		82.1346 		4.502
v 218.8745 		78.101 		2.415
v 218.8745 		78.101 		4.502
v 225.75 		81.7291 		4.502
v 225.75 		81.7291 		4.531
v 218.875 		78.094 		2.415
v 218.875 		78.094 		4.502
v 225.8534 		78.592 		4.502
v 225.856 		78.552 		4.531
v 225.856 		78.552 		4.502
v 225.8265 		78.101 		4.502
v 225.826 		79.01 		4.502
v 225.826 		79.01 		4.531
v 225.75 		79.3934 		4.531
v 225.75 		85.106 		1.898
v 225.75 		78.101 		1.898
v 225.75 		79.3934 		4.502
v 225.826 		78.094 		4.502
v 225.826 		78.094 		4.531
v 225.75 		79.3934 		2.415
v 217.243 		78.835 		4.502
v 217.264 		79.153 		4.502
v 217.388 		79.778 		4.502
v 217.593 		80.382 		4.502
v 225.75 		85.106 		4.502
v 217.875 		80.954 		4.502
v 218.23 		81.484 		4.502
v 225.75 		78.101 		2.415
v 218.65 		81.964 		4.502
v 225.856 		78.552 		2.415
v 217.2494 		78.101 		4.502
v 217.243 		78.1985 		4.502
v 225.826 		79.01 		2.415
v 225.856 		81.6083 		4.502
v 225.826 		78.094 		2.415
v 226.972 		78.517 		4.502
v 226.9452 		78.101 		4.502
v 240.777 		133.993 		0.001
v 240.298 		133.573 		0.001
v 239.877 		133.093 		0.001
v 225.965 		81.484 		4.502
v 226.319 		80.954 		4.502
v 248.249 		131.991 		0.001
v 247.967 		132.563 		0.001
v 247.612 		133.093 		0.001
v 247.192 		133.573 		0.001
v 246.713 		133.993 		0.001
v 246.182 		134.347 		0.001
v 226.601 		80.382 		4.502
v 245.61 		134.629 		0.001
v 245.007 		134.834 		0.001
v 244.381 		134.959 		0.001
v 243.745 		135 		0.001
v 243.109 		134.959 		0.001
v 242.483 		134.834 		0.001
v 241.879 		134.629 		0.001
v 241.307 		134.347 		0.001
v 226.806 		79.778 		4.502
v 226.931 		79.153 		4.502
v 248.62 		130.125 		0.001
v 248.578 		130.762 		0.001
v 248.454 		131.387 		0.001
v 247.612 		127.158 		0.001
v 247.967 		127.688 		0.001
v 248.249 		128.26 		0.001
v 248.454 		128.864 		0.001
v 248.578 		129.489 		0.001
v 239.877 		133.093 		4.531
v 240.298 		133.573 		4.531
v 240.777 		133.993 		4.531
v 243.745 		135 		4.531
v 244.381 		134.959 		4.531
v 245.007 		134.834 		4.531
v 245.61 		134.629 		4.531
v 246.182 		134.347 		4.531
v 246.713 		133.993 		4.531
v 247.192 		133.573 		4.531
v 247.612 		133.093 		4.531
v 247.967 		132.563 		4.531
v 248.249 		131.991 		4.531
v 241.307 		134.347 		4.531
v 241.879 		134.629 		4.531
v 242.483 		134.834 		4.531
v 243.109 		134.959 		4.531
v 248.454 		131.387 		4.531
v 248.578 		130.762 		4.531
v 248.62 		130.125 		4.531
v 248.578 		129.489 		4.531
v 248.454 		128.864 		4.531
v 248.249 		128.26 		4.531
v 247.967 		127.688 		4.531
v 247.612 		127.158 		4.531
v 224.458 		78.078 		2.415
v 224.517 		78.374 		1.898
v 224.4626 		78.101 		1.898
v 224.4626 		78.101 		2.415
v 219.937 		78.374 		1.898
v 219.9914 		78.101 		1.898
v 219.996 		78.078 		2.415
v 219.9914 		78.101 		2.415
v 247.353 		126.862 		0.029
v 224.517 		78.977 		1.898
v 224.458 		79.273 		1.898
v 217.2 		105.511 		4.501
v 224.361 		79.56 		1.898
v 217.2 		105.511 		0.001
v 224.227 		79.831 		1.898
v 222.715 		104.225 		0.001
v 219.777 		108.576 		0.001
v 224.06 		80.082 		1.898
v 222.715 		104.225 		0.029
v 239.523 		132.563 		0.001
v 239.241 		131.991 		0.001
v 223.86 		80.309 		1.898
v 223.633 		80.508 		1.898
v 239.036 		131.387 		0.001
v 238.912 		130.762 		0.001
v 238.87 		130.125 		0.001
v 238.912 		129.489 		0.001
v 239.036 		128.864 		0.001
v 239.241 		128.26 		0.001
v 239.523 		127.688 		0.001
v 239.877 		127.158 		0.001
v 240.298 		126.678 		0.001
v 240.777 		126.258 		0.001
v 223.382 		80.676 		1.898
v 223.111 		80.81 		1.898
v 241.307 		125.904 		0.001
v 241.879 		125.621 		0.001
v 242.483 		125.416 		0.001
v 243.109 		125.292 		0.001
v 243.745 		125.25 		0.001
v 244.381 		125.292 		0.001
v 245.007 		125.416 		0.001
v 222.825 		80.907 		1.898
v 245.61 		125.621 		0.001
v 246.182 		125.904 		0.001
v 246.713 		126.258 		0.001
v 247.192 		126.678 		0.001
v 239.241 		131.991 		0.029
v 239.1897 		131.84 		0.029
v 240.777 		126.258 		0.029
v 241.124 		126.0262 		0.029
v 240.298 		126.678 		0.029
v 239.877 		127.158 		0.029
v 239.523 		127.688 		0.029
v 239.241 		128.26 		0.029
v 239.036 		128.864 		0.029
v 238.912 		129.489 		0.029
v 238.87 		130.125 		0.029
v 238.912 		130.762 		0.029
v 239.036 		131.387 		0.029
v 245.007 		125.416 		0.029
v 245.22 		125.4884 		0.029
v 244.381 		125.292 		0.029
v 243.745 		125.25 		0.029
v 243.109 		125.292 		0.029
v 242.483 		125.416 		0.029
v 241.879 		125.621 		0.029
v 241.307 		125.904 		0.029
v 247.192 		126.678 		0.029
v 246.713 		126.258 		0.029
v 246.182 		125.904 		0.029
v 245.61 		125.621 		0.029
v 239.241 		131.991 		4.531
v 239.523 		132.563 		4.531
v 238.87 		130.125 		4.531
v 238.912 		130.762 		4.531
v 239.036 		131.387 		4.531
v 240.777 		126.258 		4.531
v 240.298 		126.678 		4.531
v 239.877 		127.158 		4.531
v 239.523 		127.688 		4.531
v 239.241 		128.26 		4.531
v 239.036 		128.864 		4.531
v 238.912 		129.489 		4.531
v 217.264 		79.153 		4.531
v 217.388 		79.778 		4.531
v 217.593 		80.382 		4.531
v 217.875 		80.954 		4.531
v 218.23 		81.484 		4.531
v 218.65 		81.964 		4.531
v 218.845 		82.1346 		4.531
v 243.745 		125.25 		4.531
v 243.109 		125.292 		4.531
v 242.483 		125.416 		4.531
v 241.879 		125.621 		4.531
v 241.307 		125.904 		4.531
v 217.222 		78.517 		4.531
v 218.845 		78.101 		4.531
v 245.007 		125.416 		4.531
v 244.381 		125.292 		4.531
v 218.8745 		78.101 		4.531
v 218.875 		78.094 		4.531
v 247.192 		126.678 		4.531
v 225.965 		81.484 		4.531
v 226.319 		80.954 		4.531
v 226.601 		80.382 		4.531
v 226.806 		79.778 		4.531
v 226.931 		79.153 		4.531
v 226.972 		78.517 		4.531
# 556 vertices

g group_5_6383466

usemtl color_6383466
s 0

f 2846 	2845 	2811
f 2848 	2782 	2783
f 2854 	2783 	2784
f 2784 	2785 	2850
f 2856 	2850 	2785
f 2790 	2789 	2791
f 2791 	2789 	2792
f 2857 	2856 	2786
f 2794 	2793 	2790
f 2790 	2793 	2789
f 2858 	2857 	2787
f 2793 	2794 	2795
f 2883 	2799 	2829
f 2883 	2828 	2799
f 2819 	2821 	2833
f 2820 	2802 	2797
f 2797 	2816 	2818
f 2834 	2833 	2821
f 2797 	2805 	2804
f 2821 	2796 	2834
f 2836 	2834 	2796
f 2840 	2836 	2796
f 2883 	2810 	2809
f 2800 	2809 	2812
f 2814 	2816 	2797
f 2843 	2842 	2803
f 2797 	2812 	2813
f 2797 	2813 	2814
f 2797 	2818 	2820
f 2968 	2815 	2826
f 2815 	2817 	2827
f 2797 	2802 	2822
f 2823 	2805 	2797
f 2804 	2807 	2797
f 2797 	2822 	2823
f 2817 	2819 	2832
f 2833 	2832 	2819
f 2832 	2827 	2817
f 2827 	2826 	2815
f 2883 	2824 	2828
f 2883 	2829 	2830
f 2883 	2830 	2831
f 2883 	2835 	2810
f 2785 	2786 	2856
f 2806 	2808 	2844
f 2841 	2840 	2798
f 2796 	2798 	2840
f 2798 	2801 	2841
f 2842 	2841 	2801
f 2801 	2803 	2842
f 2883 	2831 	2835
f 2803 	2806 	2843
f 2844 	2843 	2806
f 2808 	2811 	2845
f 2859 	2788 	2964
f 2883 	2837 	2792
f 2838 	2837 	2839
f 2837 	2838 	2792
f 2883 	2792 	2789
f 2812 	2797 	2800
f 2883 	2789 	2793
f 2883 	2795 	2824
f 2845 	2844 	2808
f 2784 	2850 	2854
f 2783 	2854 	2848
f 2811 	2781 	2846
f 2781 	2782 	2847
f 2782 	2848 	2847
f 2883 	2793 	2795
f 2849 	2837 	2877
f 2852 	2851 	2853
f 2847 	2846 	2781
f 2855 	2851 	2852
f 2787 	2788 	2858
f 2788 	2859 	2858
f 2964 	2860 	2859
f 2861 	2807 	3247
f 2853 	2797 	2852
f 2901 	2900 	2864
f 2861 	2855 	2852
f 2852 	2807 	2861
f 2900 	2899 	2865
f 2852 	2797 	2807
f 2867 	2866 	2868
f 2868 	2866 	2800
f 3241 	3243 	2870
f 2869 	2872 	2871
f 2875 	2870 	3243
f 2875 	2872 	2870
f 2870 	2872 	2869
f 2873 	2862 	3325
f 3325 	2874 	2873
f 2876 	2863 	2862
f 2901 	2864 	2863
f 2862 	2873 	2876
f 2896 	2871 	2872
f 2909 	2879 	2878
f 2908 	2880 	2879
f 2872 	2875 	2896
f 2887 	2886 	2800
f 2886 	2885 	2800
f 2800 	2866 	2887
f 2866 	2888 	2887
f 2885 	2883 	2800
f 2809 	2800 	2883
f 2877 	2837 	2883
f 2890 	2889 	2912
f 2891 	2867 	3239
f 2912 	2929 	2890
f 2871 	2891 	3239
f 2913 	2866 	2891
f 2866 	2867 	2891
f 2891 	2871 	2896
f 2894 	2893 	2888
f 2888 	2893 	2887
f 2904 	2897 	2895
f 2899 	2895 	2865
f 2916 	2888 	2866
f 2911 	2898 	2897
f 2896 	2913 	2891
f 2865 	2864 	2900
f 2910 	2878 	2898
f 2919 	2881 	2880
f 2863 	2876 	2901
f 2903 	2902 	2886
f 2886 	2902 	2885
f 2917 	2882 	2881
f 2915 	2914 	2884
f 2929 	2892 	2890
f 2879 	2909 	2908
f 2897 	2904 	2911
f 2895 	2899 	2904
f 2885 	2906 	2905
f 2905 	2883 	2885
f 2877 	2883 	2905
f 2906 	2885 	2907
f 2907 	2885 	2902
f 2878 	2910 	2909
f 2898 	2911 	2910
f 2884 	2882 	2915
f 2917 	2915 	2882
f 2881 	2919 	2917
f 2880 	2908 	2919
f 2916 	2913 	2918
f 2922 	2921 	2918
f 2918 	2921 	2916
f 2932 	2923 	2920
f 2866 	2913 	2916
f 2888 	2916 	2921
f 2921 	2894 	2888
f 2935 	2925 	2924
f 2931 	2924 	2923
f 2928 	2920 	2892
f 2934 	2933 	2926
f 2918 	2927 	2886
f 2886 	2887 	2918
f 2892 	2929 	2928
f 2893 	2922 	2918
f 2918 	2887 	2893
f 2921 	2922 	2893
f 2893 	2894 	2921
f 2930 	2903 	2927
f 2927 	2903 	2886
f 2914 	2912 	2889
f 2889 	2884 	2914
f 2920 	2928 	2932
f 2935 	2934 	2925
f 2924 	2931 	2935
f 2902 	2903 	2907
f 2907 	2903 	2930
f 2904 	2836 	2911
f 2834 	2904 	2899
f 2834 	2836 	2904
f 2992 	2937 	2938
f 2899 	2900 	2833
f 2833 	2834 	2899
f 2832 	2833 	2901
f 2901 	2833 	2900
f 2987 	2939 	2940
f 2832 	2901 	2876
f 2980 	2941 	2942
f 2876 	2827 	2832
f 2954 	2980 	2942
f 2942 	2943 	2954
f 2826 	2827 	2873
f 2873 	2827 	2876
f 2873 	2874 	2825
f 2825 	2826 	2873
f 2949 	2825 	2874
f 2825 	2949 	2951
f 2956 	2955 	2944
f 2943 	2944 	2955
f 2955 	2954 	2943
f 2984 	2940 	2941
f 2989 	2938 	2939
f 2995 	2936 	2937
f 2952 	2953 	2781
f 2781 	2953 	2782
f 2946 	2947 	2958
f 2959 	2958 	2947
f 2947 	2948 	2959
f 2950 	2967 	2971
f 2960 	2959 	2948
f 2958 	2957 	2946
f 2945 	2946 	2957
f 2944 	2945 	2956
f 2961 	2783 	2953
f 2953 	2783 	2782
f 3037 	3042 	3001
f 2963 	2784 	2961
f 2961 	2784 	2783
f 2966 	2785 	2963
f 2963 	2785 	2784
f 2860 	2964 	2965
f 2948 	2950 	2960
f 2969 	2786 	2966
f 2966 	2786 	2785
f 2825 	2971 	2967
f 2963 	2961 	3082
f 2970 	2787 	2969
f 2969 	2787 	2786
f 2971 	2960 	2950
f 2967 	2968 	2825
f 2826 	2825 	2968
f 2983 	2970 	3116
f 3019 	2974 	2973
f 3023 	2975 	2974
f 3026 	2976 	2975
f 3031 	2978 	2977
f 3033 	2979 	2978
f 3042 	3045 	2999
f 2973 	2972 	2962
f 2786 	2787 	2857
f 2965 	2962 	2972
f 2965 	2972 	2860
f 2982 	2981 	2980
f 2980 	2954 	2982
f 2983 	2788 	2970
f 2970 	2788 	2787
f 2986 	2985 	2984
f 2984 	2980 	2986
f 2986 	2980 	2981
f 3113 	2969 	2966
f 2987 	2984 	2988
f 2988 	2984 	2985
f 2989 	2987 	2990
f 2990 	2987 	2988
f 2992 	2989 	2993
f 2993 	2989 	2990
f 2994 	2788 	2983
f 2983 	2991 	2994
f 2995 	2992 	2996
f 2996 	2992 	2993
f 2997 	2995 	2998
f 2998 	2995 	2996
f 2999 	2997 	3000
f 3000 	2997 	2998
f 3116 	3118 	2983
f 3001 	2999 	3002
f 3002 	2999 	3000
f 3004 	3003 	3001
f 3004 	3001 	3002
f 3118 	3119 	2991
f 3005 	2960 	3006
f 3006 	2960 	2971
f 3007 	2959 	3005
f 3005 	2959 	2960
f 3050 	3008 	2796
f 3009 	2958 	3007
f 3007 	2958 	2959
f 3010 	2957 	3009
f 3009 	2957 	2958
f 3008 	3011 	2796
f 2796 	3011 	2798
f 3012 	2956 	3010
f 3010 	2956 	2957
f 3017 	3014 	3067
f 3013 	2955 	3012
f 3012 	2955 	2956
f 3011 	3014 	2798
f 2798 	3014 	2801
f 3016 	3015 	2954
f 2954 	2955 	3016
f 3016 	2955 	3013
f 3067 	3069 	3017
f 2982 	2954 	3015
f 3003 	3018 	3001
f 3014 	3017 	2801
f 2801 	3017 	2803
f 3022 	3017 	3069
f 3020 	3019 	3021
f 3021 	3019 	2962
f 3017 	3022 	2803
f 2803 	3022 	2806
f 3024 	3023 	3020
f 3020 	3023 	3019
f 3027 	3026 	3024
f 3024 	3026 	3023
f 3022 	3025 	2806
f 2806 	3025 	2808
f 3069 	3071 	3022
f 3071 	3025 	3022
f 3029 	3028 	3027
f 3027 	3028 	3026
f 3030 	2811 	3025
f 3025 	2811 	2808
f 3032 	3031 	3029
f 3029 	3031 	3028
f 3034 	3033 	3032
f 3032 	3033 	3031
f 2811 	3030 	2952
f 2952 	2781 	2811
f 3036 	3035 	3034
f 3034 	3035 	3033
f 3038 	3037 	3036
f 3036 	3037 	3035
f 3041 	3040 	3039
f 3039 	2815 	3041
f 3041 	2815 	2968
f 3043 	3042 	3038
f 3038 	3042 	3037
f 3044 	2817 	3039
f 3039 	2817 	2815
f 3046 	3045 	3043
f 3043 	3045 	3042
f 3055 	3059 	3039
f 3045 	3046 	3047
f 3047 	2936 	3045
f 3048 	2819 	3044
f 3044 	2819 	2817
f 2965 	3049 	2962
f 2962 	3049 	3021
f 3050 	2821 	3048
f 3048 	2821 	2819
f 3063 	3050 	3048
f 3051 	2936 	3047
f 3050 	2796 	2821
f 3052 	2937 	3051
f 3051 	2937 	2936
f 3053 	2938 	3052
f 3052 	2938 	2937
f 3088 	3011 	3008
f 3087 	3008 	3050
f 3054 	2939 	3053
f 3053 	2939 	2938
f 2862 	3055 	3056
f 3056 	3055 	3057
f 3058 	2940 	3054
f 3054 	2940 	2939
f 2863 	3059 	2862
f 2862 	3059 	3055
f 3060 	2941 	3058
f 3058 	2941 	2940
f 2864 	3061 	2863
f 2863 	3061 	3059
f 3062 	2942 	3060
f 3060 	2942 	2941
f 2865 	3063 	2864
f 2864 	3063 	3061
f 3064 	2942 	3062
f 3065 	2943 	3064
f 3064 	2943 	2942
f 2943 	3065 	2944
f 2944 	3065 	3066
f 3039 	3040 	3055
f 3044 	3039 	3059
f 3040 	3057 	3055
f 3059 	3061 	3044
f 3048 	3044 	3061
f 3061 	3063 	3048
f 3089 	2878 	3067
f 2944 	3066 	2945
f 2945 	3066 	3068
f 3067 	2878 	3069
f 3069 	2878 	2879
f 2945 	3068 	2946
f 2946 	3068 	3070
f 3069 	2879 	3071
f 3071 	2879 	2880
f 3072 	2947 	3070
f 3070 	2947 	2946
f 3071 	2880 	3073
f 3073 	2880 	2881
f 3074 	2948 	3072
f 3072 	2948 	2947
f 3073 	2881 	3075
f 3075 	2881 	2882
f 3076 	2950 	3074
f 3074 	2950 	2948
f 3075 	2882 	3077
f 3077 	2882 	2884
f 3078 	2950 	3076
f 3077 	2884 	3079
f 3079 	2884 	2889
f 2825 	3081 	3080
f 2825 	2951 	3081
f 3080 	2971 	2825
f 3079 	2889 	3082
f 3082 	2889 	2890
f 3082 	2890 	3083
f 3083 	2890 	2892
f 3084 	2964 	2994
f 2994 	2964 	2788
f 3085 	2965 	3086
f 2964 	3084 	3086
f 3086 	2965 	2964
f 3063 	2865 	2895
f 2895 	3087 	3063
f 3049 	2965 	3085
f 2897 	3088 	2895
f 2895 	3088 	3087
f 2898 	3089 	2897
f 2897 	3089 	3088
f 2950 	3078 	2967
f 2967 	3078 	3090
f 2878 	3089 	2898
f 3091 	2968 	3092
f 2967 	3090 	3092
f 3092 	2968 	2967
f 2968 	3091 	3041
f 2972 	3095 	3094
f 2860 	2972 	3094
f 3094 	3093 	2860
f 3018 	3096 	2979
f 2979 	3001 	3018
f 2978 	2979 	3097
f 3097 	2979 	3096
f 3099 	3098 	2977
f 3100 	3099 	2977
f 2977 	2978 	3100
f 3100 	2978 	3097
f 2976 	2977 	3101
f 3101 	2977 	3098
f 2975 	2976 	3102
f 3102 	2976 	3101
f 3075 	3077 	2952
f 2952 	3030 	3075
f 3073 	3075 	3030
f 3030 	3025 	3073
f 3014 	3089 	3067
f 3011 	3088 	3089
f 3025 	3071 	3073
f 2953 	2952 	3077
f 2961 	2953 	3079
f 3077 	3079 	2953
f 3079 	3082 	2961
f 3082 	3083 	2963
f 2966 	2963 	3083
f 2991 	2983 	3118
f 2974 	2975 	3103
f 3103 	2975 	3102
f 2973 	2974 	3104
f 3104 	2974 	3103
f 3014 	3011 	3089
f 3008 	3087 	3088
f 3050 	3063 	3087
f 2972 	2973 	3095
f 3095 	2973 	3104
f 2892 	2920 	3083
f 2877 	2998 	2996
f 3115 	2970 	2969
f 2847 	2848 	2914
f 2914 	2848 	2912
f 2988 	2896 	2990
f 2846 	2847 	2915
f 2915 	2847 	2914
f 2896 	2993 	2990
f 2845 	2846 	2917
f 2917 	2846 	2915
f 2844 	2845 	2919
f 2919 	2845 	2917
f 2844 	2919 	2843
f 2843 	2919 	2908
f 2909 	2842 	2908
f 2908 	2842 	2843
f 2910 	2841 	2909
f 2909 	2841 	2842
f 2911 	2840 	2910
f 2910 	2840 	2841
f 2840 	2911 	2836
f 2860 	3093 	3105
f 2933 	2860 	3105
f 2859 	2860 	2934
f 2934 	2860 	2933
f 2858 	2859 	2935
f 2935 	2859 	2934
f 3106 	3021 	3049
f 2857 	2858 	2931
f 2931 	2858 	2935
f 2856 	2857 	2932
f 2932 	2857 	2931
f 3107 	3051 	3047
f 2856 	2928 	2850
f 3108 	3052 	3107
f 3107 	3052 	3051
f 2928 	2856 	2932
f 3150 	3133 	3108
f 2929 	2854 	2928
f 2850 	2928 	2854
f 3109 	3053 	3108
f 3108 	3053 	3052
f 2929 	2912 	2854
f 2854 	2912 	2848
f 3110 	3054 	3109
f 3109 	3054 	3053
f 3112 	3058 	3110
f 3110 	3058 	3054
f 3083 	2920 	3111
f 2923 	3113 	2920
f 2920 	3113 	3111
f 3114 	3060 	3112
f 3112 	3060 	3058
f 2924 	3115 	2923
f 2923 	3115 	3113
f 2925 	3116 	2924
f 2924 	3116 	3115
f 3117 	3062 	3114
f 3114 	3062 	3060
f 2926 	3118 	2925
f 2925 	3118 	3116
f 3133 	3114 	3112
f 3120 	3119 	3118
f 3118 	2926 	3120
f 3117 	3064 	3062
f 3117 	3114 	3133
f 2970 	3115 	3116
f 2969 	3113 	3115
f 2966 	3111 	3113
f 2966 	3083 	3111
f 3064 	3117 	3121
f 3121 	3065 	3064
f 3121 	3123 	3065
f 3065 	3123 	3066
f 2949 	3122 	3124
f 3124 	2951 	2949
f 3121 	3117 	3133
f 3123 	3127 	3066
f 3066 	3127 	3068
f 3125 	3105 	3093
f 3093 	3126 	3125
f 3123 	3121 	3133
f 3127 	3128 	3068
f 3068 	3128 	3070
f 2936 	2995 	2997
f 2997 	2999 	3045
f 2938 	2989 	2992
f 2939 	2987 	2989
f 2941 	2980 	2984
f 2957 	2956 	2945
f 2940 	2984 	2987
f 3129 	3072 	3128
f 3128 	3072 	3070
f 2974 	3019 	3023
f 2973 	2962 	3019
f 3133 	3127 	3123
f 3133 	3129 	3128
f 3130 	3074 	3129
f 3129 	3074 	3072
f 2975 	3023 	3026
f 2976 	3026 	3028
f 3028 	2977 	2976
f 3131 	3076 	3130
f 3130 	3076 	3074
f 3132 	3131 	3130
f 2977 	3028 	3031
f 3131 	3078 	3076
f 2978 	3031 	3033
f 2979 	3035 	3037
f 2979 	3033 	3035
f 3001 	2979 	3037
f 3108 	3107 	3150
f 3108 	3133 	3109
f 3109 	3133 	3110
f 3112 	3110 	3133
f 3133 	3128 	3127
f 3132 	3130 	3129
f 2997 	3045 	2936
f 2999 	3001 	3042
f 2937 	2992 	2995
f 3129 	3133 	3132
f 3232 	3131 	3132
f 3136 	3135 	3132
f 3132 	3133 	3136
f 3134 	3136 	3133
f 3135 	3138 	3137
f 3132 	3135 	3137
f 3142 	3141 	3138
f 3138 	3141 	3137
f 3144 	3143 	3145
f 3141 	3142 	3057
f 3057 	3142 	3056
f 3145 	3146 	3144
f 3144 	3146 	3154
f 3235 	3137 	3141
f 3134 	3133 	3160
f 3143 	3144 	3148
f 3148 	3147 	3143
f 3148 	3149 	3147
f 3147 	3149 	3152
f 3151 	3237 	3106
f 3238 	3151 	3150
f 3242 	3150 	3245
f 3249 	3245 	3150
f 3120 	2926 	3154
f 3154 	3153 	3120
f 3153 	3154 	3146
f 3134 	3160 	2927
f 3164 	3136 	3134
f 3152 	3139 	3155
f 3157 	3158 	2913
f 2913 	3156 	3157
f 3150 	3155 	3139
f 2913 	3158 	3159
f 2913 	3159 	3161
f 3139 	3160 	3150
f 3150 	3151 	3155
f 3155 	3151 	3163
f 3162 	3164 	3134
f 2913 	3161 	3162
f 3134 	2913 	3162
f 3143 	3165 	3145
f 3145 	3165 	3146
f 3147 	3168 	3143
f 3143 	3168 	3165
f 3167 	3122 	3166
f 3166 	3122 	2949
f 3147 	3152 	3168
f 3168 	3152 	3155
f 2927 	2918 	3134
f 3134 	2918 	2913
f 3168 	3155 	3163
f 3163 	3165 	3168
f 3153 	3170 	3120
f 3120 	3170 	3119
f 3146 	3165 	3170
f 3170 	3153 	3146
f 3160 	3139 	3169
f 3163 	3119 	3170
f 3170 	3165 	3163
f 3171 	3172 	3125
f 2905 	3171 	3125
f 3160 	3133 	3150
f 2907 	2930 	2906
f 2906 	2930 	2927
f 3260 	3247 	3175
f 3160 	3176 	3177
f 3177 	2905 	3160
f 3160 	3169 	3176
f 2905 	3177 	3184
f 2905 	3184 	3193
f 3263 	3260 	3180
f 3260 	3181 	3180
f 3260 	3182 	3181
f 3260 	3183 	3182
f 3260 	3185 	3183
f 3260 	3186 	3185
f 3260 	3187 	3186
f 3260 	3188 	3187
f 3260 	3189 	3188
f 3260 	3190 	3189
f 3260 	3191 	3190
f 3260 	3192 	3191
f 3260 	3173 	3192
f 3180 	3179 	3263
f 2905 	3193 	3194
f 3194 	3171 	2905
f 3172 	3105 	3125
f 3198 	3178 	3197
f 3198 	3197 	3196
f 3202 	3199 	3198
f 3198 	3196 	3195
f 3202 	3200 	3199
f 3202 	3201 	3200
f 3198 	3195 	3202
f 2906 	2927 	3160
f 2905 	2906 	3160
f 2905 	3125 	3126
f 3126 	2877 	2905
f 3305 	3204 	3203
f 3305 	3205 	3204
f 3156 	3006 	2971
f 2971 	3080 	3167
f 3167 	3324 	2971
f 3326 	3208 	3207
f 3326 	3209 	3208
f 3326 	3210 	3209
f 3326 	3211 	3210
f 3326 	3212 	3211
f 3326 	3213 	3212
f 3326 	3214 	3213
f 3326 	3215 	3214
f 3326 	3220 	3215
f 3217 	3216 	3305
f 3218 	3217 	3305
f 3219 	3218 	3305
f 3305 	3206 	3219
f 2913 	2896 	3006
f 3006 	3156 	2913
f 3080 	3122 	3167
f 3326 	3221 	3220
f 3222 	3221 	3223
f 3223 	3221 	3224
f 3224 	3221 	3225
f 3225 	3221 	3226
f 3226 	3221 	3227
f 3124 	3122 	3080
f 3203 	3175 	3301
f 3204 	3174 	3203
f 3203 	3174 	3175
f 3173 	3174 	3205
f 3205 	3174 	3204
f 3228 	3084 	2991
f 2991 	3084 	2994
f 3205 	3216 	3192
f 3192 	3173 	3205
f 3229 	3085 	3230
f 3230 	3085 	3086
f 3191 	3192 	3217
f 3217 	3192 	3216
f 3228 	3231 	3230
f 3084 	3228 	3230
f 3230 	3086 	3084
f 3190 	3191 	3218
f 3218 	3191 	3217
f 3189 	3190 	3219
f 3219 	3190 	3218
f 3163 	3228 	2991
f 3163 	3231 	3228
f 3188 	3189 	3206
f 3206 	3189 	3219
f 3187 	3188 	3207
f 3207 	3188 	3206
f 3106 	3049 	3229
f 3229 	3049 	3085
f 3186 	3187 	3208
f 3208 	3187 	3207
f 3229 	3230 	3151
f 3229 	3151 	3106
f 3185 	3186 	3209
f 3209 	3186 	3208
f 3230 	3231 	3163
f 3163 	3151 	3230
f 3183 	3185 	3210
f 3210 	3185 	3209
f 2991 	3119 	3163
f 3182 	3183 	3211
f 3211 	3183 	3210
f 3131 	3232 	3078
f 3078 	3232 	3090
f 3181 	3182 	3212
f 3212 	3182 	3211
f 3180 	3181 	3213
f 3213 	3181 	3212
f 3233 	3092 	3232
f 3232 	3092 	3090
f 3179 	3180 	3214
f 3214 	3180 	3213
f 3233 	3235 	3234
f 3234 	3091 	3233
f 3233 	3091 	3092
f 3178 	3179 	3215
f 3215 	3179 	3214
f 3132 	3233 	3232
f 3220 	3178 	3215
f 3195 	3222 	3202
f 3202 	3222 	3223
f 3201 	3202 	3224
f 3224 	3202 	3223
f 3234 	3040 	3091
f 3091 	3040 	3041
f 3200 	3201 	3225
f 3225 	3201 	3224
f 3199 	3200 	3226
f 3226 	3200 	3225
f 3137 	3235 	3233
f 3198 	3199 	3227
f 3227 	3199 	3226
f 3057 	3234 	3235
f 3235 	3141 	3057
f 3236 	3198 	2839
f 2839 	3198 	3227
f 3137 	3233 	3132
f 3197 	3178 	3220
f 3057 	3040 	3234
f 3196 	3197 	3221
f 3221 	3197 	3220
f 3195 	3196 	3222
f 3222 	3196 	3221
f 3237 	3020 	3106
f 3106 	3020 	3021
f 3238 	3024 	3237
f 3237 	3024 	3020
f 2849 	3236 	2837
f 2837 	3236 	2839
f 2853 	2851 	3239
f 3239 	2867 	2868
f 2868 	2853 	3239
f 3240 	3027 	3238
f 3238 	3027 	3024
f 2870 	2869 	3241
f 3150 	3240 	3238
f 3241 	2869 	2871
f 2871 	3239 	3241
f 3239 	2851 	3241
f 3242 	3029 	3240
f 3240 	3029 	3027
f 2797 	2853 	2800
f 2800 	2853 	2868
f 3238 	3237 	3151
f 3150 	3242 	3240
f 3241 	3244 	3243
f 2851 	3244 	3241
f 3245 	3032 	3242
f 3242 	3032 	3029
f 2855 	3246 	3243
f 3243 	3244 	2855
f 2855 	3244 	2851
f 2875 	3243 	3246
f 3260 	3248 	3247
f 3260 	3251 	3248
f 3175 	3174 	3260
f 3249 	3034 	3245
f 3245 	3034 	3032
f 3174 	3173 	3260
f 3250 	3036 	3249
f 3249 	3036 	3034
f 3150 	3250 	3249
f 3254 	3253 	3252
f 3252 	3251 	3254
f 3254 	3251 	3255
f 3255 	3251 	3256
f 3256 	3251 	3257
f 3257 	3251 	3258
f 3258 	3251 	3259
f 3259 	3251 	3260
f 3261 	3038 	3250
f 3250 	3038 	3036
f 3262 	3043 	3261
f 3261 	3043 	3038
f 3150 	3262 	3261
f 3178 	3265 	3264
f 3178 	3266 	3265
f 3264 	3263 	3178
f 3178 	3267 	3266
f 3178 	3268 	3267
f 3178 	3269 	3268
f 3179 	3178 	3263
f 3270 	3046 	3262
f 3262 	3046 	3043
f 3269 	3178 	3271
f 3271 	3178 	3272
f 3272 	3178 	3273
f 3273 	3178 	3274
f 3274 	3178 	3198
f 3150 	3270 	3262
f 3276 	3275 	3248
f 3248 	3251 	3276
f 3247 	3248 	2861
f 2861 	3248 	3275
f 3107 	3047 	3270
f 3270 	3047 	3046
f 3247 	3301 	3175
f 3261 	3250 	3150
f 3150 	3107 	3270
f 3277 	3260 	3278
f 3259 	3260 	3279
f 3279 	3260 	3277
f 3258 	3259 	3280
f 3280 	3259 	3279
f 3257 	3258 	3281
f 3281 	3258 	3280
f 2877 	3004 	3002
f 3256 	3257 	3282
f 3282 	3257 	3281
f 3255 	3256 	3283
f 3283 	3256 	3282
f 2896 	2988 	2985
f 3254 	3255 	3284
f 3284 	3255 	3283
f 3253 	3254 	3285
f 3285 	3254 	3284
f 2896 	2981 	2982
f 2985 	2986 	2896
f 3286 	3252 	3285
f 3285 	3252 	3253
f 3287 	3251 	3286
f 3286 	3251 	3252
f 3287 	3276 	3251
f 3288 	3269 	3289
f 3290 	3268 	3288
f 3288 	3268 	3269
f 3015 	3016 	2896
f 3291 	3267 	3290
f 3290 	3267 	3268
f 3292 	3266 	3291
f 3291 	3266 	3267
f 2982 	3015 	2896
f 3293 	3265 	3292
f 3292 	3265 	3266
f 3006 	2896 	3005
f 3007 	3005 	2896
f 3294 	3264 	3293
f 3293 	3264 	3265
f 3009 	3007 	2896
f 3295 	3263 	3294
f 3294 	3263 	3264
f 2896 	3010 	3009
f 3295 	3278 	3263
f 3263 	3278 	3260
f 3012 	3010 	2896
f 3296 	3274 	3236
f 3236 	3274 	3198
f 3013 	3012 	2896
f 3013 	2896 	3016
f 3297 	3273 	3296
f 3296 	3273 	3274
f 3298 	3272 	3297
f 3297 	3272 	3273
f 3299 	3271 	3298
f 3298 	3271 	3272
f 3124 	3080 	3081
f 3081 	2951 	3124
f 3299 	3289 	3271
f 3271 	3289 	3269
f 2986 	2981 	2896
f 2877 	3000 	2998
f 3298 	3297 	2877
f 3290 	3288 	2877
f 3292 	3291 	2877
f 3246 	2855 	3277
f 3277 	2877 	3246
f 2875 	3246 	2877
f 2877 	3002 	3000
f 3282 	3281 	2855
f 3284 	2855 	3285
f 2877 	3018 	3003
f 3275 	3276 	2855
f 2855 	2861 	3275
f 2877 	3003 	3004
f 3294 	3293 	2877
f 3278 	2877 	3277
f 2855 	3279 	3277
f 3280 	3279 	2855
f 2855 	3281 	3280
f 2877 	3096 	3018
f 3283 	3282 	2855
f 3283 	2855 	3284
f 3287 	3286 	2855
f 3286 	3285 	2855
f 3287 	2855 	3276
f 3291 	3290 	2877
f 2877 	3126 	3095
f 3293 	3292 	2877
f 2993 	2896 	2875
f 3295 	3294 	2877
f 2877 	3278 	3295
f 2877 	3097 	3096
f 2877 	3100 	3097
f 3296 	3236 	2849
f 3126 	3094 	3095
f 2877 	3098 	3099
f 2877 	3099 	3100
f 3297 	3296 	2849
f 2849 	2877 	3297
f 2996 	2875 	2877
f 2877 	3101 	3098
f 3289 	3299 	2877
f 3299 	3298 	2877
f 3102 	3101 	2877
f 2877 	3288 	3289
f 3103 	3102 	2877
f 3104 	3103 	2877
f 3305 	3203 	3301
f 3305 	3301 	3300
f 3095 	3104 	2877
f 3305 	3216 	3205
f 3126 	3093 	3094
f 2875 	2996 	2993
f 3305 	3300 	3304
f 3306 	3305 	3303
f 3307 	3306 	3303
f 3303 	3302 	3307
f 3311 	3308 	3307
f 3311 	3309 	3308
f 3311 	3310 	3309
f 3307 	3302 	3311
f 3325 	3314 	3313
f 3325 	3315 	3314
f 3325 	3316 	3315
f 3325 	3317 	3316
f 3325 	3318 	3317
f 3313 	3312 	3325
f 3324 	2874 	3325
f 3312 	3324 	3325
f 3206 	3323 	3322
f 3322 	3321 	3206
f 3321 	3320 	3206
f 3304 	3303 	3305
f 3305 	3323 	3206
f 3320 	3319 	3206
f 3207 	3206 	3326
f 3326 	2794 	3221
f 3327 	3326 	3206
f 3206 	3319 	3327
f 3329 	3328 	3325
f 3329 	3325 	2862
f 3221 	2794 	2790
f 2790 	2791 	3221
f 3330 	3227 	3221
f 3221 	2791 	3330
f 2804 	2805 	3300
f 3301 	3247 	2807
f 3300 	3301 	2807
f 2807 	2804 	3300
f 3336 	3144 	3154
f 2809 	2810 	3305
f 2812 	2809 	3306
f 3306 	2809 	3305
f 2813 	2812 	3307
f 3307 	2812 	3306
f 3335 	3334 	3149
f 2814 	2813 	3308
f 3308 	2813 	3307
f 2816 	2814 	3309
f 3309 	2814 	3308
f 2818 	2816 	3310
f 3310 	2816 	3309
f 2820 	2818 	3311
f 3311 	2818 	3310
f 2802 	2820 	3302
f 3302 	2820 	3311
f 3303 	2822 	3302
f 3302 	2822 	2802
f 3304 	2823 	3303
f 3303 	2823 	2822
f 2805 	2823 	3304
f 3304 	3300 	2805
f 3335 	3148 	3144
f 3331 	3140 	3149
f 3332 	3331 	3149
f 3333 	3332 	3149
f 3334 	3333 	3149
f 3149 	3148 	3335
f 3144 	3336 	3335
f 3154 	2933 	3336
f 2824 	2795 	3326
f 3326 	2795 	2794
f 2933 	3154 	2926
f 2828 	2824 	3327
f 3327 	2824 	3326
f 2932 	2931 	2923
f 2799 	2828 	3319
f 3319 	2828 	3327
f 2926 	2925 	2934
f 3320 	2829 	3319
f 3319 	2829 	2799
f 3321 	2830 	3320
f 3320 	2830 	2829
f 3156 	3324 	3312
f 2971 	3324 	3156
f 3312 	3157 	3156
f 3322 	2831 	3321
f 3321 	2831 	2830
f 3313 	3158 	3312
f 3312 	3158 	3157
f 3323 	2835 	3322
f 3322 	2835 	2831
f 3314 	3159 	3313
f 3313 	3159 	3158
f 3315 	3161 	3314
f 3314 	3161 	3159
f 2810 	2835 	3323
f 3323 	3305 	2810
f 3316 	3162 	3315
f 3315 	3162 	3161
f 3330 	2838 	2839
f 2839 	3227 	3330
f 3317 	3164 	3316
f 3316 	3164 	3162
f 2792 	2838 	2791
f 2791 	2838 	3330
f 3136 	3164 	3318
f 3318 	3164 	3317
f 3135 	3136 	3318
f 3166 	2874 	3167
f 3167 	2874 	3324
f 2874 	3166 	2949
f 3325 	3135 	3318
f 3328 	3138 	3135
f 3135 	3325 	3328
f 3329 	3142 	3328
f 3328 	3142 	3138
f 3142 	3329 	3056
f 3056 	3329 	2862
f 3171 	3336 	3172
f 3172 	3336 	2933
f 3172 	2933 	3105
f 3139 	3140 	3169
f 3331 	3176 	3169
f 3169 	3140 	3331
f 3177 	3176 	3332
f 3332 	3176 	3331
f 3184 	3177 	3333
f 3333 	3177 	3332
f 3193 	3184 	3334
f 3334 	3184 	3333
f 3194 	3193 	3335
f 3335 	3193 	3334
f 3171 	3194 	3336
f 3336 	3194 	3335
f 3139 	3152 	3149
f 3149 	3140 	3139
# 1112 faces

 #end of obj_5

o obj_6
v 156.547 		96.47 		2.437
v 156.192 		96.47 		1.907
v 156.192 		101 		1.907
v 156.547 		101 		2.437
v 155.772 		96.47 		1.428
v 155.772 		101 		1.428
v 155.292 		96.47 		1.007
v 155.292 		101 		1.007
v 154.762 		96.47 		0.653
v 154.762 		101 		0.653
v 154.19 		96.47 		0.371
v 154.19 		101 		0.371
v 153.586 		96.47 		0.166
v 153.586 		101 		0.166
v 152.961 		96.47 		0.042
v 152.961 		101 		0.042
v 152.325 		96.47 		0
v 152.325 		96.498 		0
v 152.325 		100.972 		0
v 152.325 		101 		0
v 152.871 		98.585 		2.693
v 152.871 		101 		2.693
v 98.924 		61.27 		6.354
v 98.924 		61.27 		2.854
v 152.575 		99.102 		2.634
v 152.847 		99.102 		2.6882
v 152.575 		101 		2.634
v 100.758 		60.225 		2.884
v 100.393 		60.315 		2.884
v 100.042 		60.451 		2.884
v 99.712 		60.632 		2.884
v 99.409 		60.854 		2.884
v 99.137 		61.114 		2.884
v 152.847 		98.585 		2.6882
v 98.9803 		61.3094 		2.884
v 99.7364 		61.8389 		2.884
v 99.137 		61.114 		6.384
v 99.409 		60.854 		6.384
v 99.712 		60.632 		6.384
v 100.042 		60.451 		6.384
v 100.393 		60.315 		6.384
v 100.758 		60.225 		6.384
v 98.9803 		61.3094 		6.354
v 152.325 		99.102 		2.6174
v 152.325 		100.972 		2.6174
v 93.47 		69.901 		0.042
v 93.8288 		70.28 		0.0083
v 93.876 		70.2126 		0.0083
v 155.178 		98.585 		2.666
v 155.178 		96.47 		2.666
v 152.325 		99.102 		1.401
v 152.847 		99.102 		1.401
v 152.325 		98.585 		1.401
v 152.847 		98.585 		1.401
v 152.397 		98.585 		1.294
v 152.325 		98.585 		1.2987
v 152.325 		96.498 		1.2987
v 152.397 		96.47 		1.294
v 154.876 		98.585 		2.321
v 154.876 		96.47 		2.321
v 154.531 		98.585 		2.019
v 154.531 		96.47 		2.019
v 154.15 		98.585 		1.764
v 154.15 		96.47 		1.764
v 153.738 		98.585 		1.561
v 153.738 		96.47 		1.561
v 153.304 		98.585 		1.414
v 153.304 		96.47 		1.414
v 152.854 		98.585 		1.324
v 152.854 		96.47 		1.324
v 151.389 		101 		2.79
v 92.3955 		72.328 		0.0082
v 93.3771 		70.9255 		0.0083
v 151.389 		101 		7.058
v 151.675 		101 		7.155
v 151.972 		101 		7.214
v 152.273 		101 		7.234
v 151.688 		101 		9.708
v 152.325 		101 		9.75
v 151.118 		101 		2.923
v 150.867 		101 		3.091
v 150.64 		101 		3.29
v 89.865 		72.907 		0.371
v 150.441 		101 		3.518
v 150.273 		101 		3.769
v 150.139 		101 		4.04
v 150.042 		101 		4.326
v 149.983 		101 		4.622
v 90.872 		73.612 		0.042
v 149.963 		101 		4.924
v 149.983 		101 		5.225
v 90.36 		73.253 		0.166
v 150.042 		101 		5.522
v 150.139 		101 		5.808
v 150.273 		101 		6.079
v 150.441 		101 		6.33
v 150.64 		101 		6.557
v 150.867 		101 		6.756
v 151.118 		101 		6.924
v 150.459 		101 		9.379
v 151.063 		101 		9.584
v 147.45 		101 		4.875
v 147.491 		101 		5.511
v 147.616 		101 		6.137
v 147.821 		101 		6.741
v 148.103 		101 		7.312
v 148.457 		101 		7.843
v 148.878 		101 		8.322
v 149.357 		101 		8.743
v 149.887 		101 		9.097
v 147.821 		101 		3.009
v 147.616 		101 		3.613
v 147.491 		101 		4.239
v 91.317 		73.869 		0.0082
v 151.972 		101 		2.634
v 91.3178 		73.8679 		0.0082
v 152.273 		101 		2.614
v 151.675 		101 		2.693
v 151.688 		101 		0.042
v 151.063 		101 		0.166
v 150.459 		101 		0.371
v 148.878 		101 		1.428
v 148.457 		101 		1.907
v 148.103 		101 		2.437
v 149.887 		101 		0.653
v 149.357 		101 		1.007
v 151.688 		100.972 		9.708
v 151.22 		100.972 		9.6151
v 152.325 		100.972 		9.75
v 88.57 		72 		8.322
v 88.962 		72.275 		8.743
v 151.4214 		100.972 		2.779
v 151.389 		100.972 		2.79
v 151.22 		100.972 		2.8729
v 151.389 		100.972 		7.058
v 151.22 		100.972 		6.9744
v 151.675 		100.972 		7.155
v 88.225 		71.758 		7.843
v 151.972 		100.972 		7.214
v 152.273 		100.972 		7.234
v 152.325 		100.972 		7.2306
v 151.063 		100.972 		9.584
v 150.459 		100.972 		9.379
v 147.9344 		100.972 		2.779
v 147.821 		100.972 		3.009
v 147.616 		100.972 		3.613
v 147.491 		100.972 		4.239
v 147.45 		100.972 		4.875
v 87.935 		71.555 		7.312
v 147.491 		100.972 		5.511
v 147.616 		100.972 		6.137
v 147.821 		100.972 		6.741
v 148.103 		100.972 		7.312
v 148.457 		100.972 		7.843
v 148.878 		100.972 		8.322
v 148.8639 		100.972 		8.306
v 149.357 		100.972 		8.743
v 149.887 		100.972 		9.097
v 149.963 		100.972 		9.1345
v 151.118 		100.972 		2.923
v 150.867 		100.972 		3.091
v 150.64 		100.972 		3.29
v 150.441 		100.972 		3.518
v 150.273 		100.972 		3.769
v 150.139 		100.972 		4.04
v 150.042 		100.972 		4.326
v 149.983 		100.972 		4.622
v 87.704 		71.394 		3.009
v 87.536 		71.276 		3.613
v 87.434 		71.205 		4.239
v 97.7843 		72.9232 		3.3831
v 97.7849 		72.9223 		3.3831
v 87.4 		71.181 		4.875
v 87.434 		71.205 		5.511
v 87.704 		71.394 		6.741
v 97.6182 		72.8057 		2.854
v 97.6175 		72.8066 		2.854
v 97.849 		72.967 		6.137
v 97.785 		72.9221 		6.354
v 97.785 		72.9222 		6.1161
v 96.9369 		72.328 		6.354
v 97.681 		72.849 		6.741
v 97.6739 		72.8592 		6.741
v 97.6198 		72.8213 		6.875
v 97.8421 		72.9769 		6.137
v 97.9439 		73.0482 		5.511
v 97.972 		73.0679 		4.9861
v 97.9439 		73.0482 		4.239
v 97.972 		73.0679 		4.7639
v 97.778 		72.9321 		2.854
v 97.8421 		72.9769 		3.613
v 87.536 		71.276 		6.137
v 97.778 		72.9321 		3.3831
v 97.6114 		72.8154 		2.854
v 97.5812 		72.7942 		2.779
v 96.423 		71.968 		1.007
v 96.815 		72.243 		1.428
v 95.52 		71.336 		0.371
v 95.988 		71.664 		0.653
v 94.513 		70.631 		0.042
v 95.025 		70.99 		0.166
v 93.992 		70.266 		0
v 149.963 		100.972 		4.924
v 149.983 		100.972 		5.225
v 150.042 		100.972 		5.522
v 150.139 		100.972 		5.808
v 150.273 		100.972 		6.079
v 150.441 		100.972 		6.33
v 150.64 		100.972 		6.557
v 150.867 		100.972 		6.756
v 151.0448 		100.972 		6.875
v 151.118 		100.972 		6.924
v 89.397 		72.579 		9.097
v 151.688 		100.972 		0.042
v 151.063 		100.972 		0.166
v 150.459 		100.972 		0.371
v 149.963 		100.972 		0.6155
v 149.887 		100.972 		0.653
v 149.357 		100.972 		1.007
v 148.9087 		100.972 		1.401
v 148.878 		100.972 		1.428
v 148.457 		100.972 		1.907
v 148.103 		100.972 		2.437
v 151.972 		100.972 		2.634
v 152.273 		100.972 		2.614
v 151.675 		100.972 		2.693
v 88.962 		72.275 		1.007
v 89.397 		72.579 		0.653
v 87.935 		71.555 		2.437
v 88.225 		71.758 		1.907
v 88.57 		72 		1.428
v 130.0284 		100.972 		0
v 130.0284 		100.972 		9.75
v 141.248 		96.498 		2.238
v 141.248 		94.158 		2.238
v 141.049 		94.158 		0.751
v 141.049 		96.498 		0.751
v 141.041 		96.498 		9.283
v 141.041 		94.087 		9.283
v 141.161 		94.087 		7.788
v 141.161 		96.498 		7.788
v 131.4331 		96.498 		2.0364
v 131.4331 		96.498 		8.5077
v 131.4331 		96.498 		7.0022
v 131.4331 		96.498 		3.55
v 91.317 		73.869 		9.75
v 131.4331 		96.498 		0
v 91.317 		73.869 		9.7418
v 91.3178 		73.8679 		9.7418
v 131.4331 		96.498 		9.75
v 91.317 		73.869 		0
v 93.882 		70.204 		9.75
v 93.876 		70.2126 		9.7417
v 93.882 		70.204 		9.7417
v 152.325 		96.47 		9.75
v 151.688 		96.47 		9.708
v 93.8288 		70.28 		9.7417
v 92.3955 		72.328 		9.7418
v 151.063 		96.47 		9.584
v 150.459 		96.47 		9.379
v 149.887 		96.47 		9.097
v 149.357 		96.47 		8.743
v 148.878 		96.47 		8.322
v 148.8639 		96.47 		8.306
v 91.7989 		73.1804 		9.7418
v 151.939 		96.47 		1.324
v 93.882 		70.204 		0
v 151.554 		96.47 		1.401
v 93.882 		70.204 		0.0083
v 94.217 		75.954 		8.322
v 148.9087 		96.47 		1.401
v 94.852 		76.398 		7.312
v 94.562 		76.195 		7.843
v 149.357 		96.47 		1.007
v 149.887 		96.47 		0.653
v 150.459 		96.47 		0.371
v 151.063 		96.47 		0.166
v 151.688 		96.47 		0.042
v 151.688 		96.498 		9.708
v 151.22 		96.498 		9.6151
v 152.325 		96.498 		9.75
v 152.325 		96.498 		8.306
v 151.063 		96.498 		9.584
v 150.459 		96.498 		9.379
v 94.2426 		75.9175 		8.322
v 148.878 		96.498 		8.322
v 148.8639 		96.498 		8.306
v 94.2387 		75.9148 		8.3261
v 149.357 		96.498 		8.743
v 93.876 		75.6608 		8.7148
v 149.887 		96.498 		9.097
v 94.5854 		76.1575 		7.8457
v 94.5873 		76.1588 		7.843
v 149.963 		96.498 		9.1345
v 94.8745 		76.3599 		7.3172
v 151.688 		96.498 		0.042
v 94.8773 		76.3619 		7.312
v 151.063 		96.498 		0.166
v 94.966 		76.424 		7.0928
v 150.459 		96.498 		0.371
v 149.887 		96.498 		0.653
v 149.963 		96.498 		0.6155
v 149.357 		96.498 		1.007
v 149.0305 		96.498 		1.294
v 148.9087 		96.498 		1.401
v 151.554 		96.498 		1.401
v 151.939 		96.498 		1.324
v 91.393 		73.977 		9.75
v 91.915 		74.342 		9.708
v 149.963 		96.498 		0
v 145.842 		96.498 		1.401
v 91.4136 		73.9366 		9.7496
v 91.4187 		73.9402 		9.75
v 145.842 		96.498 		8.306
v 91.9354 		74.302 		9.7084
v 91.9405 		74.3056 		9.708
v 92.0411 		74.376 		9.6836
v 92.427 		74.701 		9.584
v 93.39 		75.375 		9.097
v 92.922 		75.047 		9.379
v 93.824 		75.679 		8.743
v 98.707 		61.729 		6.384
v 98.902 		61.407 		6.384
v 141.0035 		96.498 		9.75
v 98.555 		62.073 		6.384
v 98.385 		63.182 		6.384
v 98.393 		62.806 		6.384
v 98.45 		62.434 		6.384
v 98.426 		63.556 		6.384
v 98.5506 		62.088 		6.354
v 98.555 		62.073 		6.354
v 98.707 		61.729 		6.354
v 98.902 		61.407 		6.354
v 98.4541 		63.6712 		6.354
v 98.426 		63.556 		6.354
v 98.385 		63.182 		6.354
v 98.393 		62.806 		6.354
v 98.45 		62.434 		6.354
v 151.972 		99.102 		2.634
v 152.273 		99.102 		2.614
v 151.675 		99.102 		2.693
v 94.5824 		67.47 		2.854
v 151.118 		99.102 		2.923
v 98.493 		67.27 		2.854
v 98.541 		67.393 		2.854
v 90.824 		68.048 		7.843
v 90.533 		67.845 		7.312
v 98.604 		67.508 		2.854
v 98.682 		67.614 		2.854
v 98.773 		67.709 		2.854
v 98.875 		67.791 		2.854
v 99.108 		67.912 		2.854
v 99.234 		67.949 		2.854
v 99.364 		67.969 		2.854
v 99.496 		67.972 		2.854
v 99.626 		67.957 		2.854
v 99.754 		67.926 		2.854
v 90.134 		67.565 		3.613
v 90.302 		67.683 		3.009
v 99.877 		67.879 		2.854
v 99.992 		67.815 		2.854
v 98.806 		66.198 		2.854
v 89.998 		67.47 		4.875
v 90.032 		67.494 		4.239
v 98.711 		66.289 		2.854
v 90.134 		67.565 		6.137
v 90.032 		67.494 		5.511
v 98.629 		66.391 		2.854
v 90.302 		67.683 		6.741
v 98.56 		66.504 		2.854
v 98.508 		66.624 		2.854
v 98.471 		66.75 		2.854
v 98.451 		66.88 		2.854
v 98.448 		67.012 		2.854
v 98.462 		67.142 		2.854
v 100.098 		67.738 		2.854
v 100.193 		67.647 		2.854
v 100.275 		67.544 		2.854
v 100.343 		67.432 		2.854
v 100.396 		67.312 		2.854
v 100.433 		67.185 		2.854
v 100.453 		67.055 		2.854
v 100.456 		66.924 		2.854
v 100.441 		66.793 		2.854
v 100.41 		66.666 		2.854
v 100.363 		66.543 		2.854
v 100.299 		66.428 		2.854
v 100.222 		66.322 		2.854
v 100.131 		66.227 		2.854
v 100.028 		66.145 		2.854
v 99.916 		66.076 		2.854
v 99.796 		66.024 		2.854
v 99.669 		65.987 		2.854
v 99.539 		65.967 		2.854
v 99.408 		65.964 		2.854
v 99.277 		65.978 		2.854
v 99.15 		66.009 		2.854
v 99.027 		66.057 		2.854
v 93.876 		68.4789 		6.354
v 98.912 		66.12 		2.854
v 93.889 		70.194 		6.354
v 93.876 		70.1849 		6.354
v 93.876 		70.1849 		2.854
v 93.889 		70.194 		2.854
v 91.561 		68.564 		8.743
v 91.168 		68.289 		8.322
v 91.995 		68.868 		9.097
v 92.463 		69.196 		9.379
v 92.958 		69.542 		9.584
v 93.47 		69.901 		9.708
v 92.4527 		74.6642 		9.584
v 92.9475 		75.0106 		9.379
v 93.4131 		75.3366 		9.0985
v 93.4156 		75.3384 		9.097
v 93.8454 		75.6393 		8.7465
v 93.8497 		75.6424 		8.743
v 93.0744 		69.6236 		4.875
v 93.0744 		69.6236 		4.827
v 93.0744 		69.6236 		5.1752
v 93.0744 		69.6236 		5.0224
v 93.0744 		69.6236 		5.7347
v 93.0743 		69.6237 		5.5215
v 93.0744 		69.6236 		5.339
v 93.0744 		69.6236 		6.335
v 93.0744 		69.6236 		5.995
v 93.0744 		69.6236 		6.354
v 93.6672 		70.0386 		6.354
v 93.5418 		69.9509 		6.354
v 93.2924 		69.7763 		6.354
v 93.4899 		69.9146 		6.354
v 150.867 		99.102 		3.091
v 150.64 		99.102 		3.29
v 150.441 		99.102 		3.518
v 150.273 		99.102 		3.769
v 150.139 		99.102 		4.04
v 150.042 		99.102 		4.326
v 149.983 		99.102 		4.622
v 149.963 		99.102 		4.924
v 149.983 		99.102 		5.225
v 150.042 		99.102 		5.522
v 150.139 		99.102 		5.808
v 150.273 		99.102 		6.079
v 150.441 		99.102 		6.33
v 150.64 		99.102 		6.557
v 150.867 		99.102 		6.756
v 151.118 		99.102 		6.924
v 151.389 		99.102 		2.79
v 151.389 		99.102 		7.058
v 151.675 		99.102 		7.155
v 151.972 		99.102 		7.214
v 121.421 		82.624 		2.854
v 121.384 		82.75 		2.854
v 152.273 		99.102 		7.234
v 121.364 		82.88 		2.854
v 121.361 		83.012 		2.854
v 152.325 		99.102 		7.2306
v 121.375 		83.142 		2.854
v 121.407 		83.27 		2.854
v 121.454 		83.393 		2.854
v 152.325 		99.102 		8.306
v 121.518 		83.508 		2.854
v 151.554 		98.585 		1.401
v 122.453 		81.967 		2.854
v 122.321 		81.964 		2.854
v 122.191 		81.978 		2.854
v 122.063 		82.009 		2.854
v 121.94 		82.057 		2.854
v 121.825 		82.12 		2.854
v 121.719 		82.198 		2.854
v 121.624 		82.289 		2.854
v 121.542 		82.391 		2.854
v 151.939 		98.585 		1.324
v 121.474 		82.504 		2.854
v 122.583 		81.987 		2.854
v 145.842 		99.102 		8.306
v 145.842 		99.102 		1.401
v 121.361 		80.2224 		2.854
v 122.409 		83.972 		2.854
v 121.7379 		89.7093 		2.854
v 117.0279 		86.4112 		2.854
v 121.789 		83.791 		6.354
v 121.901 		83.859 		6.354
v 122.021 		83.912 		6.354
v 122.148 		83.949 		6.354
v 122.277 		83.969 		6.354
v 122.409 		83.972 		6.354
v 122.54 		83.957 		6.354
v 121.595 		83.614 		6.354
v 121.686 		83.709 		6.354
v 93.8323 		70.1543 		6.354
v 121.421 		82.624 		6.354
v 121.384 		82.75 		6.354
v 121.364 		82.88 		6.354
v 121.361 		83.012 		6.354
v 121.375 		83.142 		6.354
v 121.407 		83.27 		6.354
v 121.454 		83.393 		6.354
v 121.518 		83.508 		6.354
v 93.5482 		69.9553 		2.854
v 93.7737 		70.1134 		2.854
v 93.0744 		69.6236 		2.854
v 93.0744 		69.6236 		2.935
v 122.453 		81.967 		6.354
v 93.3059 		69.7859 		2.854
v 122.321 		81.964 		6.354
v 122.191 		81.978 		6.354
v 122.063 		82.009 		6.354
v 121.94 		82.057 		6.354
v 93.0744 		69.6236 		3.415
v 121.825 		82.12 		6.354
v 121.719 		82.198 		6.354
v 93.0744 		69.6236 		4.0153
v 93.0744 		69.6236 		3.755
v 121.624 		82.289 		6.354
v 121.542 		82.391 		6.354
v 121.474 		82.504 		6.354
v 93.0744 		69.6236 		4.5748
v 93.0744 		69.6236 		4.4109
v 93.0743 		69.6237 		4.3623
v 93.0744 		69.6236 		4.1285
v 122.583 		81.987 		6.354
v 93.0744 		69.6236 		4.5973
v 122.585 		79.487 		6.354
v 121.361 		80.2224 		6.354
v 93.0744 		69.6236 		4.7276
v 121.7379 		89.7093 		6.354
v 117.0279 		86.4112 		6.354
v 121.901 		83.859 		2.854
v 121.789 		83.791 		2.854
v 122.021 		83.912 		2.854
v 122.148 		83.949 		2.854
v 93.0743 		69.6237 		4.2282
v 122.277 		83.969 		2.854
v 122.54 		83.957 		2.854
v 121.595 		83.614 		2.854
v 121.686 		83.709 		2.854
v 90.36 		73.253 		9.584
v 90.872 		73.612 		9.708
v 89.865 		72.907 		9.379
v 98.988 		67.859 		6.354
v 98.875 		67.791 		6.354
v 98.493 		67.27 		6.354
v 98.541 		67.393 		6.354
v 98.604 		67.508 		6.354
v 98.682 		67.614 		6.354
v 98.773 		67.709 		6.354
v 99.108 		67.912 		6.354
v 99.234 		67.949 		6.354
v 99.364 		67.969 		6.354
v 99.496 		67.972 		6.354
v 99.626 		67.957 		6.354
v 99.754 		67.926 		6.354
v 99.877 		67.879 		6.354
v 99.992 		67.815 		6.354
v 98.806 		66.198 		6.354
v 98.711 		66.289 		6.354
v 98.629 		66.391 		6.354
v 98.56 		66.504 		6.354
v 98.508 		66.624 		6.354
v 98.471 		66.75 		6.354
v 98.451 		66.88 		6.354
v 98.448 		67.012 		6.354
v 98.462 		67.142 		6.354
v 100.098 		67.738 		6.354
v 100.193 		67.647 		6.354
v 100.275 		67.544 		6.354
v 100.343 		67.432 		6.354
v 100.396 		67.312 		6.354
v 100.433 		67.185 		6.354
v 100.453 		67.055 		6.354
v 100.456 		66.924 		6.354
v 100.441 		66.793 		6.354
v 100.41 		66.666 		6.354
v 100.363 		66.543 		6.354
v 100.299 		66.428 		6.354
v 100.222 		66.322 		6.354
v 100.131 		66.227 		6.354
v 100.028 		66.145 		6.354
v 99.916 		66.076 		6.354
v 99.796 		66.024 		6.354
v 99.669 		65.987 		6.354
v 99.539 		65.967 		6.354
v 99.408 		65.964 		6.354
v 99.277 		65.978 		6.354
v 99.15 		66.009 		6.354
v 99.027 		66.057 		6.354
v 98.912 		66.12 		6.354
v 97.985 		73.062 		4.875
v 97.978 		73.0721 		4.875
v 93.992 		70.266 		9.75
v 95.52 		71.336 		9.379
v 96.423 		71.968 		8.743
v 95.988 		71.664 		9.097
v 96.815 		72.243 		8.322
v 94.513 		70.631 		9.708
v 95.025 		70.99 		9.584
v 90.824 		68.048 		1.907
v 90.533 		67.845 		2.437
v 93.9849 		70.2761 		9.75
v 94.506 		70.641 		9.708
v 93.9864 		70.2771 		9.7499
v 95.0183 		70.9996 		9.584
v 95.513 		71.346 		9.379
v 95.9811 		71.6738 		9.097
v 95.9811 		71.6738 		9.097
v 95.9823 		71.6746 		9.0961
v 96.4158 		71.9782 		8.743
v 96.8081 		72.2529 		8.322
v 96.4169 		71.979 		8.7418
v 92.958 		69.542 		0.166
v 91.995 		68.868 		0.653
v 92.463 		69.196 		0.371
v 96.9153 		72.328 		8.173
v 91.561 		68.564 		1.007
v 91.168 		68.289 		1.428
v 93.992 		70.266 		6.354
v 94.012 		70.28 		6.354
v 93.992 		70.266 		2.854
v 94.012 		70.28 		2.854
v 94.4938 		70.6174 		6.354
v 94.3835 		70.5403 		6.354
v 94.1514 		70.3777 		6.354
v 94.9215 		70.9168 		6.354
v 94.6912 		70.7557 		6.354
v 95.5707 		71.3713 		6.354
v 95.2033 		71.1143 		6.354
v 96.9159 		72.3133 		6.354
v 96.0906 		71.7359 		6.354
v 96.1492 		71.7763 		2.854
v 122.715 		80.226 		6.384
v 122.626 		79.861 		6.384
v 122.585 		79.487 		6.384
v 122.593 		79.111 		6.384
v 122.65 		78.74 		6.384
v 122.755 		78.379 		6.384
v 122.907 		78.034 		6.384
v 123.102 		77.713 		6.384
v 123.337 		77.42 		6.384
v 123.609 		77.16 		6.384
v 123.912 		76.937 		6.384
v 128.007 		80.689 		6.384
v 127.812 		81.011 		6.384
v 127.577 		81.304 		6.384
v 127.305 		81.564 		6.384
v 127.002 		81.787 		6.384
v 126.672 		81.968 		6.384
v 126.322 		82.104 		6.384
v 125.956 		82.193 		6.384
v 125.583 		82.234 		6.384
v 125.207 		82.226 		6.384
v 124.835 		82.169 		6.384
v 124.474 		82.064 		6.384
v 124.13 		81.912 		6.384
v 123.808 		81.717 		6.384
v 123.515 		81.482 		6.384
v 123.255 		81.21 		6.384
v 123.032 		80.907 		6.384
v 122.851 		80.577 		6.384
v 126.785 		76.812 		2.884
v 126.785 		76.812 		6.384
v 127.106 		77.007 		2.884
v 127.106 		77.007 		6.384
v 127.399 		77.242 		2.884
v 127.399 		77.242 		6.384
v 127.659 		77.514 		2.884
v 127.659 		77.514 		6.384
v 127.882 		77.817 		2.884
v 127.882 		77.817 		6.384
v 128.063 		78.147 		2.884
v 128.063 		78.147 		6.384
v 128.199 		78.497 		2.884
v 128.199 		78.497 		6.384
v 128.288 		78.863 		2.884
v 128.288 		78.863 		6.384
v 96.8081 		72.2529 		1.428
v 96.8081 		72.2529 		1.428
v 128.329 		79.237 		2.884
v 128.329 		79.237 		6.384
v 96.9153 		72.328 		1.577
v 128.321 		79.613 		2.884
v 128.321 		79.613 		6.384
v 96.807 		72.2522 		1.4269
v 128.264 		79.984 		2.884
v 128.264 		79.984 		6.384
v 96.4158 		71.9782 		1.007
v 128.159 		80.345 		2.884
v 128.159 		80.345 		6.384
v 95.9811 		71.6738 		0.653
v 96.4146 		71.9774 		1.006
v 122.715 		80.226 		6.354
v 122.8289 		80.52 		6.354
v 95.513 		71.346 		0.371
v 95.0183 		70.9996 		0.166
v 94.506 		70.641 		0.042
v 122.626 		79.861 		6.354
v 94.506 		70.641 		0.042
v 94.5046 		70.64 		0.0419
v 93.9849 		70.2761 		0
v 93.9849 		70.2761 		0
v 122.593 		79.111 		6.354
v 93.9835 		70.2751 		0.0001
v 122.65 		78.74 		6.354
v 97.16 		72.484 		1.907
v 97.45 		72.688 		2.437
v 122.755 		78.379 		6.354
v 97.4432 		72.6977 		2.437
v 97.4425 		72.6971 		2.4356
v 122.907 		78.034 		6.354
v 97.1528 		72.4943 		1.907
v 122.9974 		77.8852 		2.884
v 122.9974 		77.8852 		6.354
v 123.102 		77.713 		2.884
v 123.314 		77.433 		6.354
v 123.2276 		77.5564 		6.354
v 123.2276 		77.5564 		2.884
v 128.0913 		94.158 		2.4831
v 123.3221 		77.4386 		2.884
v 123.3221 		77.4386 		6.354
v 127.9899 		94.087 		8.2298
v 123.337 		77.42 		2.884
v 123.609 		77.16 		2.884
v 127.9899 		94.087 		6.7241
v 123.912 		76.937 		2.884
v 128.0913 		94.158 		3.9967
v 127.577 		81.304 		6.354
v 127.812 		81.011 		6.354
v 127.305 		81.564 		6.354
v 127.002 		81.787 		6.354
v 126.672 		81.968 		6.354
v 96.9153 		72.328 		9.75
v 126.644 		81.9789 		6.354
v 128.024 		80.731 		6.354
v 128.007 		80.689 		2.884
v 127.9942 		80.7101 		6.354
v 127.9942 		80.7101 		2.884
v 126.322 		82.104 		6.354
v 125.956 		82.193 		6.354
v 125.583 		82.234 		6.354
v 97.1528 		72.4943 		7.843
v 97.1528 		72.4943 		7.843
v 97.1536 		72.4948 		7.8415
v 97.4432 		72.6977 		7.312
v 123.044 		82.227 		6.354
v 97.4438 		72.6981 		7.3105
v 125.207 		82.226 		6.354
v 97.972 		73.0679 		0
v 122.941 		82.145 		6.354
v 122.829 		82.076 		6.354
v 122.709 		82.024 		6.354
v 124.835 		82.169 		6.354
v 117.68 		92.326 		9.75
v 117.679 		92.3275 		9.75
v 117.679 		92.3275 		0
v 117.68 		92.326 		0
v 91.4187 		73.9402 		0
v 155.772 		101 		8.322
v 156.192 		101 		7.843
v 156.547 		101 		7.312
v 156.829 		101 		6.741
v 157.034 		101 		6.137
v 157.158 		101 		5.511
v 157.2 		101 		4.875
v 157.158 		101 		4.239
v 157.034 		101 		3.613
v 156.829 		101 		3.009
v 154.563 		101 		4.622
v 154.504 		101 		4.326
v 154.407 		101 		4.04
v 154.274 		101 		3.769
v 154.106 		101 		3.518
v 153.906 		101 		3.29
v 153.679 		101 		3.091
v 153.428 		101 		2.923
v 153.157 		101 		2.79
v 153.679 		101 		6.756
v 153.906 		101 		6.557
v 154.106 		101 		6.33
v 154.274 		101 		6.079
v 154.407 		101 		5.808
v 124.474 		82.064 		6.354
v 154.504 		101 		5.522
v 154.563 		101 		5.225
v 124.13 		81.912 		6.354
v 154.583 		101 		4.924
v 123.808 		81.717 		6.354
v 152.575 		101 		7.214
v 123.515 		81.482 		6.354
v 152.871 		101 		7.155
v 123.255 		81.21 		6.354
v 123.032 		80.907 		6.354
v 122.851 		80.577 		6.354
v 126.44 		76.66 		2.884
v 126.079 		76.555 		2.884
v 125.708 		76.498 		2.884
v 125.332 		76.49 		2.884
v 124.958 		76.531 		2.884
v 124.593 		76.62 		2.884
v 124.242 		76.756 		2.884
v 103.2417 		65.1283 		2.884
v 103.377 		64.999 		2.884
v 103.612 		64.706 		2.884
v 103.807 		64.384 		2.884
v 103.634 		64.568 		2.884
v 125.332 		76.49 		6.384
v 125.708 		76.498 		6.384
v 126.079 		76.555 		6.384
v 126.44 		76.66 		6.384
v 124.958 		76.531 		6.384
v 124.242 		76.756 		6.384
v 124.593 		76.62 		6.384
v 103.807 		64.384 		6.384
v 103.612 		64.706 		6.384
v 103.377 		64.999 		6.384
v 103.2417 		65.1283 		6.354
v 103.634 		64.568 		2.854
v 101.2508 		67.972 		2.854
v 102.6811 		65.929 		6.354
v 98.448 		71.9752 		2.854
v 98.385 		72.0652 		6.354
v 103.959 		64.04 		2.884
v 104.064 		63.679 		2.884
v 104.121 		63.307 		2.884
v 104.129 		62.931 		2.884
v 104.088 		62.557 		2.884
v 103.999 		62.192 		2.884
v 103.863 		61.841 		2.884
v 103.682 		61.512 		2.884
v 103.459 		61.208 		2.884
v 103.199 		60.937 		2.884
v 102.906 		60.701 		2.884
v 102.585 		60.506 		2.884
v 102.24 		60.355 		2.884
v 102.068 		63.4715 		2.884
v 103.0171 		64.136 		2.884
v 100.0922 		62.088 		2.884
v 101.879 		60.25 		2.884
v 101.508 		60.192 		2.884
v 101.132 		60.184 		2.884
v 100.456 		62.3427 		2.884
v 104.129 		62.931 		6.384
v 104.121 		63.307 		6.384
v 104.064 		63.679 		6.384
v 103.959 		64.04 		6.384
v 102.24 		60.355 		6.384
v 102.585 		60.506 		6.384
v 102.906 		60.701 		6.384
v 103.199 		60.937 		6.384
v 103.459 		61.208 		6.384
v 103.682 		61.512 		6.384
v 103.863 		61.841 		6.384
v 103.999 		62.192 		6.384
v 104.088 		62.557 		6.384
v 101.132 		60.184 		6.384
v 101.508 		60.192 		6.384
v 101.879 		60.25 		6.384
v 98.988 		67.859 		2.854
v 123.314 		77.433 		2.854
v 128.024 		80.731 		2.854
v 124.596 		78.3307 		2.884
v 122.667 		83.926 		2.854
v 122.79 		83.879 		2.854
v 122.905 		83.815 		2.854
v 123.011 		83.738 		2.854
v 123.106 		83.647 		2.854
v 123.188 		83.544 		2.854
v 123.256 		83.432 		2.854
v 123.309 		83.312 		2.854
v 123.346 		83.185 		2.854
v 123.366 		83.055 		2.854
v 123.369 		82.924 		2.854
v 123.355 		82.793 		2.854
v 123.323 		82.666 		2.854
v 123.276 		82.543 		2.854
v 123.213 		82.428 		2.854
v 123.135 		82.322 		2.854
v 123.044 		82.227 		2.854
v 122.941 		82.145 		2.854
v 122.829 		82.076 		2.854
v 122.709 		82.024 		2.854
v 98.515 		63.921 		6.384
v 102.802 		65.481 		6.384
v 102.472 		65.662 		6.384
v 102.122 		65.798 		6.384
v 103.105 		65.259 		6.384
v 99.055 		64.905 		6.384
v 98.832 		64.601 		6.384
v 98.651 		64.272 		6.384
v 101.756 		65.888 		6.384
v 101.383 		65.929 		6.384
v 101.007 		65.921 		6.384
v 100.635 		65.863 		6.384
v 100.274 		65.758 		6.384
v 99.93 		65.607 		6.384
v 99.608 		65.412 		6.384
v 99.315 		65.176 		6.384
v 98.5983 		64.136 		6.354
v 98.515 		63.921 		6.354
v 103.105 		65.259 		6.354
v 102.802 		65.481 		6.354
v 102.472 		65.662 		6.354
v 102.122 		65.798 		6.354
v 102.068 		65.8113 		6.354
v 101.756 		65.888 		6.354
v 101.383 		65.929 		6.354
v 101.007 		65.921 		6.354
v 100.635 		65.863 		6.354
v 100.456 		65.8109 		6.354
v 100.274 		65.758 		6.354
v 99.93 		65.607 		6.354
v 99.608 		65.412 		6.354
v 99.315 		65.176 		6.354
v 99.055 		64.905 		6.354
v 98.832 		64.601 		6.354
v 98.651 		64.272 		6.354
v 122.667 		83.926 		6.354
v 122.79 		83.879 		6.354
v 122.905 		83.815 		6.354
v 123.011 		83.738 		6.354
v 123.106 		83.647 		6.354
v 123.188 		83.544 		6.354
v 123.256 		83.432 		6.354
v 123.309 		83.312 		6.354
v 123.346 		83.185 		6.354
v 123.366 		83.055 		6.354
v 123.369 		82.924 		6.354
v 123.355 		82.793 		6.354
v 123.323 		82.666 		6.354
v 123.276 		82.543 		6.354
v 123.213 		82.428 		6.354
v 123.135 		82.322 		6.354
v 91.393 		73.977 		4.875
v 153.157 		101 		7.058
v 153.428 		101 		6.924
v 152.961 		101 		9.708
v 153.586 		101 		9.584
v 154.19 		101 		9.379
v 154.762 		101 		9.097
v 155.292 		101 		8.743
v 96.8585 		72.2737 		2.854
v 96.9361 		72.328 		2.854
v 95.2622 		71.1553 		2.854
v 95.6471 		71.4251 		2.854
v 94.6776 		70.7461 		2.854
v 94.9475 		70.9352 		2.854
v 94.2099 		70.4186 		2.854
v 94.527 		70.6408 		2.854
v 155.433 		96.47 		6.553
v 155.636 		96.47 		6.142
v 155.783 		96.47 		5.708
v 155.873 		96.47 		5.258
v 155.902 		96.47 		4.8
v 155.873 		96.47 		4.343
v 155.783 		96.47 		3.893
v 155.636 		96.47 		3.459
v 155.433 		96.47 		3.047
v 155.772 		96.47 		8.322
v 94.3165 		70.4934 		6.354
v 156.829 		96.47 		3.009
v 157.034 		96.47 		3.613
v 157.158 		96.47 		4.239
v 157.2 		96.47 		4.875
v 157.158 		96.47 		5.511
v 157.034 		96.47 		6.137
v 156.829 		96.47 		6.741
v 156.547 		96.47 		7.312
v 156.192 		96.47 		7.843
v 94.4353 		70.5767 		2.854
v 152.847 		96.47 		8.306
v 152.847 		96.47 		8.2765
v 152.854 		96.47 		8.276
v 153.304 		96.47 		8.187
v 153.738 		96.47 		8.039
v 154.15 		96.47 		7.836
v 97.16 		72.484 		7.843
v 154.531 		96.47 		7.582
v 97.45 		72.688 		7.312
v 154.19 		96.47 		9.379
v 153.586 		96.47 		9.584
v 152.961 		96.47 		9.708
v 154.876 		96.47 		7.279
v 155.178 		96.47 		6.934
v 155.292 		96.47 		8.743
v 154.762 		96.47 		9.097
v 97.7852 		72.9219 		5.4844
v 97.951 		73.038 		5.511
v 97.7852 		72.9219 		4.2656
v 97.7851 		72.922 		4.875
v 97.951 		73.038 		4.239
v 97.785 		72.9221 		3.3831
v 97.785 		72.9222 		3.6339
v 97.849 		72.967 		3.613
v 97.6184 		72.8054 		2.854
v 97.7849 		72.9223 		3.3831
v 155.433 		98.585 		6.553
v 155.636 		98.585 		6.142
v 155.783 		98.585 		5.708
v 155.873 		98.585 		5.258
v 155.902 		98.585 		4.8
v 155.873 		98.585 		4.343
v 155.783 		98.585 		3.893
v 155.636 		98.585 		3.459
v 155.433 		98.585 		3.047
v 154.563 		98.585 		4.622
v 154.504 		98.585 		4.326
v 154.407 		98.585 		4.04
v 154.274 		98.585 		3.769
v 154.106 		98.585 		3.518
v 153.906 		98.585 		3.29
v 153.679 		98.585 		3.091
v 153.428 		98.585 		2.923
v 153.157 		98.585 		2.79
v 153.679 		98.585 		6.756
v 153.906 		98.585 		6.557
v 154.106 		98.585 		6.33
v 154.274 		98.585 		6.079
v 154.407 		98.585 		5.808
v 154.504 		98.585 		5.522
v 154.563 		98.585 		5.225
v 154.583 		98.585 		4.924
v 152.575 		99.102 		7.214
v 152.847 		99.102 		7.1598
v 152.871 		98.585 		7.155
v 152.847 		98.585 		7.1598
v 153.157 		98.585 		7.058
v 153.428 		98.585 		6.924
v 152.847 		99.102 		8.306
v 152.847 		98.585 		8.2765
v 152.854 		98.585 		8.276
v 153.304 		98.585 		8.187
v 153.738 		98.585 		8.039
v 154.15 		98.585 		7.836
v 154.531 		98.585 		7.582
v 154.876 		98.585 		7.279
v 155.178 		98.585 		6.934
v 95.083 		76.56 		6.741
v 95.251 		76.678 		6.137
v 95.353 		76.749 		5.511
v 95.387 		76.773 		4.875
v 95.353 		76.749 		4.239
v 95.251 		76.678 		3.613
v 95.083 		76.56 		3.009
v 95.1084 		76.5237 		6.741
v 95.1061 		76.5221 		6.7466
v 95.2766 		76.6415 		6.137
v 95.3784 		76.7128 		5.511
v 95.4125 		76.7366 		4.875
v 95.3784 		76.7128 		4.239
v 95.2766 		76.6415 		3.613
v 95.1084 		76.5237 		3.009
v 95.0155 		76.4586 		2.779
v 94.562 		76.195 		1.907
v 94.217 		75.954 		1.428
v 94.852 		76.398 		2.437
v 94.966 		76.424 		2.6565
v 94.8795 		76.3635 		2.4426
v 94.8773 		76.3619 		2.437
v 94.5901 		76.1608 		1.9122
v 94.5873 		76.1588 		1.907
v 94.2448 		75.919 		1.4311
v 94.2426 		75.9175 		1.428
v 93.876 		75.6608 		1.0352
v 91.915 		74.342 		0.042
v 91.393 		73.977 		0
v 91.9408 		74.3058 		0.0421
v 91.9405 		74.3056 		0.042
v 92.0411 		74.376 		0.0663
v 91.4239 		73.9439 		0.0004
v 91.4191 		73.9405 		0
v 93.824 		75.679 		1.007
v 92.427 		74.701 		0.166
v 93.39 		75.375 		0.653
v 92.922 		75.047 		0.371
v 93.8535 		75.6451 		1.0112
v 93.8497 		75.6424 		1.007
v 93.4199 		75.3414 		0.6565
v 93.4156 		75.3384 		0.653
v 92.9475 		75.0106 		0.371
v 92.4527 		74.6642 		0.166
# 1078 vertices

g group_6_6383466

usemtl color_6383466
s 0

f 3337 	3338 	3339
f 3337 	3339 	3340
f 3338 	3341 	3342
f 3338 	3342 	3339
f 3343 	3344 	3342
f 3343 	3342 	3341
f 3345 	3346 	3344
f 3345 	3344 	3343
f 3347 	3348 	3346
f 3347 	3346 	3345
f 3349 	3350 	3348
f 3349 	3348 	3347
f 3351 	3352 	3350
f 3351 	3350 	3349
f 3355 	3352 	3354
f 3356 	3352 	3355
f 3353 	3354 	3351
f 3351 	3354 	3352
f 3735 	3678 	3359
f 3361 	3362 	3363
f 3367 	3372 	3366
f 3368 	3372 	3367
f 3372 	4171 	3366
f 3369 	3372 	3368
f 3371 	3372 	3369
f 3365 	3366 	4171
f 3358 	3362 	3357
f 3363 	3362 	3358
f 3370 	3357 	3362
f 3377 	4177 	3376
f 3375 	3376 	4177
f 3374 	3375 	4177
f 3378 	4177 	3377
f 3659 	3373 	4177
f 3390 	3403 	3370
f 3369 	3373 	3379
f 3369 	3379 	3371
f 3368 	3374 	3373
f 3368 	3373 	3369
f 3363 	3381 	3361
f 3380 	3361 	3381
f 3362 	3361 	3388
f 3380 	3387 	3361
f 3362 	3388 	3370
f 3382 	3383 	3384
f 3386 	3385 	3395
f 3386 	3395 	3396
f 3388 	3361 	3387
f 3389 	3390 	3388
f 3389 	3388 	3387
f 3391 	3392 	3393
f 3391 	3393 	3394
f 3405 	3391 	3394
f 3389 	3392 	3391
f 3405 	3390 	3391
f 3389 	3391 	3390
f 3388 	3390 	3370
f 3396 	3395 	3397
f 3396 	3397 	3398
f 3398 	3397 	3399
f 3398 	3399 	3400
f 3401 	3402 	3400
f 3401 	3400 	3399
f 3403 	3404 	3402
f 3403 	3402 	3401
f 3405 	3406 	3404
f 3405 	3404 	3403
f 3406 	3405 	3394
f 3397 	3395 	4344
f 3397 	4345 	3399
f 3399 	4346 	3401
f 3385 	4344 	3395
f 3401 	4347 	3403
f 3357 	3370 	3403
f 3405 	3403 	3390
f 3425 	3408 	3409
f 3425 	3409 	3382
f 3382 	3409 	3383
f 3446 	3436 	3410
f 3411 	3437 	3412
f 3413 	3412 	3414
f 3413 	3414 	3415
f 3407 	3461 	3416
f 3461 	3462 	3416
f 3417 	3416 	3462
f 3420 	3460 	3421
f 3458 	3459 	3418
f 3460 	3447 	3421
f 3422 	3421 	3447
f 3438 	3439 	3426
f 4399 	3450 	3425
f 3440 	3441 	3429
f 3367 	3375 	3374
f 3367 	3374 	3368
f 3366 	3376 	3375
f 3366 	3375 	3367
f 3433 	3444 	3434
f 3365 	3377 	3376
f 3365 	3376 	3366
f 3364 	3378 	3377
f 3364 	3377 	3365
f 3434 	3445 	3435
f 3435 	3446 	3410
f 3372 	3371 	3360
f 3436 	3437 	3411
f 3414 	3412 	3437
f 3360 	3371 	3359
f 3379 	3359 	3371
f 3419 	3948 	3564
f 3430 	3429 	3441
f 3441 	3442 	3430
f 3431 	3430 	3442
f 3443 	3431 	3442
f 3444 	3445 	3434
f 3446 	3435 	3445
f 3411 	3410 	3436
f 3444 	3432 	3443
f 3432 	3444 	3433
f 3431 	3443 	3432
f 3429 	3427 	3440
f 3439 	3440 	3427
f 3427 	3426 	3439
f 3438 	3426 	3424
f 3423 	3422 	3448
f 3448 	3449 	3423
f 3424 	3423 	3449
f 3438 	3424 	3449
f 3425 	3450 	3452
f 3408 	3425 	3452
f 3425 	3382 	3428
f 3946 	3428 	3382
f 3419 	3428 	3948
f 3946 	3948 	3428
f 3451 	3456 	3454
f 3462 	3458 	3417
f 3454 	3457 	3407
f 3453 	3455 	3451
f 3456 	3451 	3455
f 3457 	3454 	3456
f 3461 	3407 	3457
f 3447 	3448 	3422
f 3460 	3420 	3459
f 3418 	3417 	3458
f 3420 	3418 	3459
f 3463 	3414 	3464
f 3463 	3465 	3415
f 3463 	3415 	3414
f 3468 	3454 	3407
f 3468 	3407 	3469
f 3416 	3470 	3407
f 3469 	3407 	3470
f 3410 	3471 	3472
f 3411 	3473 	3471
f 3411 	3471 	3410
f 3412 	3475 	3473
f 3412 	3473 	3411
f 3413 	3476 	3475
f 3413 	3475 	3412
f 3476 	3413 	3477
f 3478 	3437 	3436
f 3478 	3436 	3479
f 3478 	3464 	3437
f 3414 	3437 	3464
f 3480 	3481 	3447
f 3480 	3447 	3460
f 3481 	3482 	3448
f 3481 	3448 	3447
f 3482 	3483 	3449
f 3482 	3449 	3448
f 3483 	3484 	3438
f 3483 	3438 	3449
f 3486 	3439 	3438
f 3486 	3438 	3484
f 3487 	3440 	3439
f 3487 	3439 	3486
f 3488 	3441 	3440
f 3488 	3440 	3487
f 3489 	3442 	3441
f 3489 	3441 	3488
f 3490 	3443 	3442
f 3490 	3442 	3489
f 3443 	3492 	3444
f 3490 	3492 	3443
f 3491 	3444 	3492
f 3493 	3445 	3444
f 3493 	3444 	3491
f 3494 	3446 	3445
f 3494 	3445 	3493
f 3436 	3446 	3495
f 3436 	3495 	3479
f 3495 	3446 	3494
f 3470 	3416 	3496
f 3496 	3416 	3417
f 3496 	3417 	3497
f 3497 	3417 	3418
f 3497 	3418 	3498
f 3420 	3499 	3498
f 3420 	3498 	3418
f 3421 	3500 	3499
f 3421 	3499 	3420
f 3422 	3501 	3500
f 3422 	3500 	3421
f 3423 	3502 	3501
f 3423 	3501 	3422
f 3424 	3503 	3502
f 3424 	3502 	3423
f 3424 	3539 	3503
f 3527 	4327 	3507
f 3531 	3513 	3512
f 3514 	3518 	3515
f 3514 	3515 	3516
f 3518 	3517 	3515
f 3518 	3519 	3520
f 3518 	3520 	4312
f 3514 	3521 	3519
f 3514 	3519 	3518
f 3522 	3521 	3514
f 4324 	4327 	3524
f 3508 	3526 	3507
f 3529 	3507 	3526
f 3507 	3529 	3527
f 3530 	3526 	3513
f 3531 	3530 	3513
f 3694 	3505 	3695
f 3510 	3703 	3528
f 3702 	3705 	3528
f 3539 	3424 	3426
f 3427 	3540 	3539
f 3427 	3539 	3426
f 3429 	3541 	3540
f 3429 	3540 	3427
f 3430 	3542 	3541
f 3430 	3541 	3429
f 3431 	3543 	3542
f 3431 	3542 	3430
f 3432 	3544 	3543
f 3432 	3543 	3431
f 3433 	3545 	3544
f 3433 	3544 	3432
f 3434 	3546 	3545
f 3434 	3545 	3433
f 3434 	3547 	3546
f 3435 	3548 	3547
f 3435 	3547 	3434
f 3548 	3435 	3472
f 3410 	3472 	3435
f 3356 	3355 	3550
f 3356 	3550 	3455
f 3550 	3551 	3456
f 3550 	3456 	3455
f 3551 	3552 	3457
f 3551 	3457 	3456
f 3461 	3457 	3553
f 3552 	3553 	3457
f 3461 	3553 	3554
f 3554 	3555 	3462
f 3554 	3462 	3461
f 3557 	3458 	3556
f 3458 	3462 	3556
f 3555 	3556 	3462
f 3558 	3459 	3458
f 3558 	3458 	3557
f 3559 	3460 	3459
f 3559 	3459 	3558
f 3460 	3559 	3480
f 3451 	3560 	3561
f 3451 	3561 	3453
f 3454 	3562 	3560
f 3454 	3560 	3451
f 3454 	3468 	3562
f 3381 	3363 	3453
f 3381 	3453 	3561
f 3464 	3569 	3463
f 3465 	3463 	3569
f 3569 	3464 	3478
f 3569 	3478 	3479
f 3569 	3479 	3495
f 3568 	3550 	3355
f 3550 	3568 	3551
f 3483 	3568 	3484
f 3568 	3481 	3480
f 3481 	3568 	3482
f 3483 	3482 	3568
f 3568 	3569 	3484
f 3557 	3568 	3558
f 3480 	3559 	3568
f 3558 	3568 	3559
f 3486 	3484 	3569
f 3551 	3568 	3552
f 3552 	3568 	3553
f 3557 	3556 	3568
f 3555 	3554 	3568
f 3555 	3568 	3556
f 3553 	3568 	3554
f 3494 	3493 	3569
f 3488 	3569 	3489
f 3486 	3569 	3487
f 3487 	3569 	3488
f 3489 	3569 	3490
f 3492 	3490 	3569
f 3493 	3491 	3569
f 3492 	3569 	3491
f 3495 	3494 	3569
f 3570 	3571 	3572
f 3570 	3572 	3573
f 3950 	3951 	3567
f 3574 	3575 	3576
f 3574 	3576 	3577
f 3566 	3951 	3933
f 4058 	3580 	3576
f 3566 	3567 	3951
f 3565 	3566 	3933
f 3572 	4052 	3578
f 3572 	3578 	3573
f 3574 	3579 	3575
f 3577 	3576 	3580
f 3575 	4055 	3576
f 3504 	3565 	3934
f 3570 	3581 	3571
f 3504 	3934 	3695
f 3584 	3585 	3582
f 3578 	4052 	3583
f 3585 	3601 	3582
f 4066 	4055 	3586
f 3587 	3452 	3450
f 4058 	4060 	3580
f 3569 	4087 	3586
f 3588 	3589 	3590
f 3591 	3592 	4304
f 3593 	3589 	3588
f 3588 	3594 	3593
f 3596 	4304 	3595
f 3597 	4304 	3596
f 3598 	4304 	3597
f 3599 	4304 	3598
f 3600 	4304 	3599
f 3592 	3595 	4304
f 3588 	3582 	3594
f 3601 	3594 	3582
f 3603 	3605 	3384
f 3603 	3384 	3383
f 3383 	3409 	3603
f 3409 	3408 	3603
f 3587 	3603 	3408
f 3607 	3610 	3604
f 3452 	3587 	3408
f 3610 	3611 	3604
f 3611 	3612 	3604
f 3612 	3613 	3604
f 3613 	3614 	3604
f 3602 	3604 	3614
f 3614 	3353 	3602
f 3394 	3602 	3353
f 3592 	3615 	3616
f 3609 	3631 	3608
f 3591 	3617 	3615
f 3591 	3615 	3592
f 3633 	3608 	3631
f 3633 	3635 	3608
f 3595 	3619 	3620
f 3595 	3620 	3596
f 3616 	3619 	3595
f 3616 	3595 	3592
f 3621 	3606 	3624
f 3599 	3622 	3623
f 3599 	3623 	3600
f 3598 	3625 	3622
f 3598 	3622 	3599
f 3606 	3626 	3624
f 3597 	3627 	3625
f 3597 	3625 	3598
f 3629 	3609 	3628
f 3606 	3628 	3609
f 3627 	3597 	3630
f 3597 	3596 	3630
f 3620 	3630 	3596
f 3621 	3628 	3606
f 3623 	3618 	3600
f 4304 	3600 	3618
f 3629 	3631 	3609
f 3614 	3632 	3354
f 3614 	3354 	3353
f 3614 	3613 	3634
f 3614 	3634 	3632
f 4379 	4371 	3635
f 3613 	3612 	3636
f 3613 	3636 	3634
f 3637 	3638 	3611
f 3612 	3611 	3638
f 3612 	3638 	3636
f 3611 	3610 	3639
f 3611 	3639 	3637
f 3640 	3607 	3641
f 3610 	3607 	3640
f 3610 	3640 	3639
f 3604 	3642 	3641
f 3604 	3641 	3607
f 3394 	3393 	3602
f 3643 	3602 	3393
f 3604 	3602 	3643
f 3604 	3643 	3642
f 3616 	3615 	3660
f 3615 	3617 	3660
f 3660 	3620 	3619
f 3619 	3616 	3660
f 3660 	3630 	3620
f 3354 	3632 	3646
f 3634 	3636 	3646
f 3632 	3634 	3646
f 3636 	3638 	3646
f 3584 	3648 	3644
f 3646 	3639 	3647
f 3652 	3645 	3651
f 3645 	3644 	3651
f 3646 	3638 	3637
f 3639 	3646 	3637
f 3640 	3647 	3639
f 3641 	3647 	3640
f 3644 	3648 	3649
f 3649 	3651 	3644
f 3625 	3627 	3650
f 3622 	3625 	3650
f 3660 	3650 	3627
f 3623 	3622 	3650
f 3660 	3627 	3630
f 3660 	3574 	3650
f 3577 	3570 	3650
f 3647 	3650 	3570
f 3570 	3573 	3647
f 3646 	3647 	3573
f 3646 	3573 	3583
f 3577 	3650 	3574
f 3373 	3374 	4177
f 3580 	3581 	3577
f 3661 	3658 	4177
f 3664 	3661 	4177
f 3663 	3664 	4177
f 3573 	3578 	3583
f 3666 	3667 	3661
f 3666 	3661 	3664
f 3667 	3668 	3658
f 3667 	3658 	3661
f 3574 	3660 	3579
f 3586 	3579 	3660
f 3570 	3577 	3581
f 3668 	3669 	3659
f 3668 	3659 	3658
f 3569 	3660 	3465
f 3617 	3465 	3660
f 3373 	3659 	3379
f 3669 	3379 	3659
f 3670 	3671 	3665
f 3586 	3660 	3569
f 3671 	3672 	3662
f 3671 	3662 	3665
f 3673 	3663 	3662
f 3673 	3662 	3672
f 3646 	3355 	3354
f 3674 	3664 	3663
f 3674 	3663 	3673
f 3568 	3355 	3646
f 3664 	3674 	3666
f 3646 	3583 	3568
f 3672 	3735 	3673
f 3560 	3675 	3676
f 3560 	3676 	3561
f 3666 	3735 	3667
f 3667 	3735 	3668
f 3669 	3668 	3359
f 3735 	3359 	3668
f 3379 	3669 	3359
f 3562 	3677 	3675
f 3562 	3675 	3560
f 3468 	3677 	3562
f 3670 	3735 	3671
f 3672 	3671 	3735
f 3677 	3783 	3387
f 3767 	3768 	3812
f 3770 	3771 	3812
f 3673 	3735 	3674
f 3666 	3674 	3735
f 3561 	3676 	3380
f 3561 	3380 	3381
f 3360 	3359 	3678
f 3679 	3470 	3496
f 3700 	3861 	3699
f 3756 	3755 	3703
f 3756 	3703 	3699
f 3694 	3853 	3700
f 3506 	3505 	3700
f 3906 	3717 	3718
f 3504 	3695 	3505
f 3694 	3700 	3505
f 3699 	3509 	3700
f 3506 	3700 	3509
f 3699 	3703 	3509
f 3510 	3509 	3703
f 3702 	3528 	3703
f 3511 	3528 	3705
f 3485 	3511 	3705
f 3826 	3763 	3899
f 3763 	3735 	3899
f 3898 	3899 	3735
f 3738 	3926 	3826
f 3952 	3926 	3737
f 3688 	3883 	4192
f 3835 	3836 	3678
f 3878 	3711 	3680
f 3681 	3879 	3680
f 3878 	3680 	3879
f 3880 	3879 	3684
f 3681 	3684 	3879
f 3880 	3684 	3685
f 3836 	3538 	3739
f 3758 	3757 	3683
f 3682 	3683 	3757
f 3884 	3688 	3689
f 3884 	3689 	3690
f 3692 	3887 	3691
f 3757 	3761 	3682
f 3887 	3692 	3693
f 3889 	3693 	3696
f 3889 	3696 	3697
f 3750 	3655 	3749
f 3749 	3655 	3656
f 3750 	3751 	3655
f 3606 	3657 	3626
f 3752 	3626 	3657
f 3590 	3589 	3746
f 3653 	3747 	3654
f 3652 	3653 	3645
f 3654 	3645 	3653
f 3745 	3763 	3746
f 3747 	3748 	3656
f 3747 	3656 	3654
f 3748 	3749 	3656
f 3657 	3655 	3751
f 3657 	3751 	3752
f 3589 	3593 	3746
f 3683 	3682 	3474
f 3474 	3485 	3683
f 3466 	3474 	3682
f 3682 	3742 	3466
f 3742 	3467 	3466
f 3873 	3744 	3745
f 3873 	3745 	3746
f 3593 	3594 	3746
f 3742 	3741 	3467
f 3549 	3467 	3741
f 3741 	3743 	3549
f 3756 	3678 	3755
f 3735 	3755 	3678
f 3756 	3753 	3678
f 3763 	3764 	3735
f 3753 	3699 	3754
f 3861 	3754 	3699
f 3754 	3678 	3753
f 3702 	3703 	3755
f 3759 	3735 	3758
f 3755 	3735 	3759
f 3757 	3758 	3735
f 3761 	3735 	3760
f 3757 	3735 	3761
f 3741 	3742 	3760
f 3761 	3760 	3742
f 3735 	3762 	3760
f 3764 	3766 	3735
f 3735 	3765 	3762
f 3765 	3743 	3762
f 3743 	3741 	3762
f 3760 	3762 	3741
f 3765 	3735 	3766
f 3744 	3743 	3765
f 3744 	3765 	3766
f 3767 	3679 	3496
f 3767 	3496 	3497
f 3767 	3812 	3679
f 3768 	3767 	3497
f 3768 	3497 	3498
f 3679 	3812 	3783
f 3499 	3769 	3768
f 3499 	3768 	3498
f 3812 	3387 	3783
f 3769 	3812 	3768
f 3500 	3770 	3769
f 3500 	3769 	3499
f 3501 	3771 	3770
f 3501 	3770 	3500
f 3502 	3772 	3771
f 3502 	3771 	3501
f 3770 	3812 	3769
f 3503 	3773 	3772
f 3503 	3772 	3502
f 3772 	3773 	3812
f 3539 	3774 	3773
f 3539 	3773 	3503
f 3773 	3774 	3812
f 3811 	3812 	3774
f 3540 	3775 	3774
f 3540 	3774 	3539
f 3776 	3811 	3775
f 3541 	3776 	3775
f 3541 	3775 	3540
f 3542 	3777 	3776
f 3542 	3776 	3541
f 3543 	3778 	3777
f 3543 	3777 	3542
f 3544 	3779 	3778
f 3544 	3778 	3543
f 3779 	3811 	3778
f 3545 	3780 	3779
f 3545 	3779 	3544
f 3780 	3811 	3779
f 3546 	3781 	3780
f 3546 	3780 	3545
f 3781 	3782 	3811
f 3547 	3781 	3546
f 3704 	3893 	3701
f 3781 	3547 	3782
f 3548 	3782 	3547
f 3893 	3704 	3706
f 3893 	3706 	3894
f 3472 	3782 	3548
f 3895 	3894 	3707
f 3706 	3707 	3894
f 3796 	3811 	3784
f 3895 	3707 	3708
f 3783 	3677 	3468
f 3783 	3468 	3469
f 3469 	3470 	3783
f 3679 	3783 	3470
f 3782 	3472 	3784
f 3471 	3784 	3472
f 3898 	3710 	3711
f 3473 	3785 	3784
f 3473 	3784 	3471
f 3475 	3786 	3785
f 3475 	3785 	3473
f 3476 	3789 	3786
f 3476 	3786 	3475
f 3816 	3790 	3788
f 3788 	3787 	3816
f 3786 	3796 	3785
f 3789 	3796 	3786
f 3715 	3903 	3714
f 3792 	3789 	3476
f 3792 	3476 	3477
f 3791 	3816 	3793
f 3716 	3904 	3903
f 3716 	3903 	3715
f 3793 	3816 	3794
f 3782 	3784 	3811
f 3784 	3785 	3796
f 3796 	3789 	3792
f 3795 	3794 	3816
f 3796 	3618 	3623
f 3797 	3795 	3816
f 3380 	3676 	3387
f 3676 	3675 	3387
f 3675 	3677 	3387
f 3641 	3642 	3798
f 3800 	3799 	4193
f 3722 	3910 	3721
f 3910 	3722 	3723
f 3389 	3387 	3798
f 3725 	3913 	3724
f 3804 	3813 	3805
f 3392 	3808 	3643
f 3392 	3643 	3393
f 3806 	3813 	3807
f 3643 	3808 	3798
f 3643 	3798 	3642
f 3809 	3813 	3787
f 3807 	3813 	3809
f 3816 	3787 	3813
f 3392 	3389 	3808
f 3798 	3808 	3389
f 3771 	3772 	3812
f 3774 	3775 	3811
f 3776 	3777 	3811
f 3777 	3778 	3811
f 3780 	3781 	3811
f 3728 	3916 	3727
f 3647 	3641 	3812
f 3641 	3798 	3812
f 3387 	3812 	3798
f 3806 	3805 	3813
f 3803 	3813 	3804
f 3802 	3801 	3813
f 3801 	3800 	3813
f 3799 	3810 	4193
f 3810 	4215 	4193
f 3803 	3802 	3813
f 3916 	3728 	3729
f 3814 	3869 	3815
f 3796 	3623 	3811
f 3650 	3811 	3623
f 3812 	3811 	3650
f 3812 	3650 	3647
f 3730 	3731 	3919
f 3791 	3790 	3816
f 3742 	3682 	3761
f 3919 	3731 	3732
f 3705 	3759 	3758
f 3683 	3705 	3758
f 3732 	3733 	3921
f 3755 	3759 	3702
f 3705 	3702 	3759
f 3922 	3921 	3734
f 3733 	3734 	3921
f 3821 	3862 	3820
f 3699 	3753 	3756
f 3922 	3734 	3736
f 3820 	3862 	3819
f 3822 	3862 	3821
f 3763 	3745 	3764
f 3687 	4192 	3877
f 3764 	3745 	3766
f 3745 	3744 	3766
f 3825 	3863 	3824
f 3863 	3825 	3817
f 3818 	3862 	3817
f 3819 	3862 	3818
f 3737 	3926 	3738
f 3826 	3746 	3763
f 3828 	3863 	3827
f 3829 	3863 	3828
f 3830 	3863 	3829
f 3705 	3683 	3485
f 3882 	3881 	3686
f 3882 	3686 	3877
f 3687 	3877 	3686
f 3834 	3863 	3833
f 3824 	3863 	3834
f 3836 	3739 	3678
f 3739 	3740 	3678
f 3837 	3840 	3678
f 3822 	3823 	3862
f 3837 	3678 	3838
f 3835 	3678 	3840
f 3838 	3947 	3837
f 3838 	3678 	3845
f 3845 	3950 	3838
f 3847 	3860 	3846
f 3844 	3846 	3860
f 3849 	3678 	3848
f 3845 	3678 	3849
f 3850 	3860 	3847
f 3951 	3849 	3933
f 3848 	3933 	3849
f 3855 	3868 	3678
f 3848 	3678 	3856
f 3854 	3855 	3678
f 3853 	3854 	3678
f 3754 	3861 	3678
f 3695 	3854 	3694
f 3853 	3694 	3854
f 3853 	3678 	3858
f 3861 	3700 	3858
f 3934 	3868 	3695
f 3855 	3695 	3868
f 4036 	3859 	3860
f 3839 	4126 	3857
f 3841 	4126 	3839
f 3859 	4031 	3860
f 3860 	3842 	3843
f 3844 	3860 	3843
f 3851 	3860 	3850
f 3852 	3860 	3851
f 3858 	3678 	3861
f 3897 	3896 	3709
f 3863 	3817 	3862
f 3710 	3898 	3709
f 3827 	3860 	3852
f 3860 	3827 	3863
f 3831 	3863 	3830
f 3832 	3863 	3831
f 3832 	3833 	3863
f 3853 	3858 	3700
f 3856 	3934 	3848
f 3845 	3849 	3951
f 3900 	3890 	3712
f 3856 	3678 	3868
f 3854 	3695 	3855
f 3933 	3848 	3934
f 3868 	3934 	3856
f 3717 	3904 	3716
f 3739 	3538 	3740
f 3905 	3904 	3717
f 3906 	3905 	3717
f 3906 	3718 	3719
f 3746 	3601 	3874
f 3723 	3911 	3910
f 3724 	3912 	3723
f 3746 	3874 	3873
f 3913 	3725 	3726
f 3834 	3833 	3797
f 3644 	3874 	3584
f 3915 	3726 	3727
f 3743 	3744 	3549
f 3875 	3744 	3873
f 3601 	3746 	3594
f 3584 	3874 	3585
f 3585 	3874 	3601
f 3802 	3843 	3801
f 3875 	3549 	3744
f 3736 	3923 	3922
f 3846 	3803 	3804
f 3805 	3847 	3804
f 3880 	3685 	3881
f 3685 	3686 	3881
f 3876 	4192 	3883
f 3884 	3883 	3688
f 3866 	3819 	3864
f 3690 	3885 	3884
f 3866 	3867 	3819
f 3820 	3819 	3867
f 3885 	3690 	3691
f 3885 	3691 	3886
f 3887 	3886 	3691
f 4267 	3874 	3644
f 3693 	3888 	3887
f 3889 	3888 	3693
f 3697 	3890 	3889
f 3697 	3712 	3890
f 3701 	3892 	3698
f 3891 	3698 	3892
f 3892 	3701 	3893
f 3895 	3708 	3896
f 3787 	3788 	3828
f 3708 	3709 	3896
f 3790 	3829 	3788
f 3897 	3709 	3898
f 3898 	3711 	3899
f 3829 	3790 	3830
f 3899 	3711 	3878
f 3900 	3712 	3901
f 3713 	3901 	3712
f 3901 	3713 	3902
f 3714 	3902 	3713
f 3714 	3903 	3902
f 3906 	3719 	3907
f 3720 	3908 	3907
f 3720 	3907 	3719
f 3908 	3720 	3909
f 3721 	3909 	3720
f 3910 	3909 	3721
f 3873 	3874 	4267
f 3911 	3723 	3912
f 3913 	3912 	3724
f 3914 	3913 	3726
f 3914 	3726 	3915
f 3915 	3727 	3916
f 3729 	3917 	3916
f 3917 	3729 	3730
f 3917 	3730 	3918
f 3918 	3730 	3919
f 3732 	3920 	3919
f 3920 	3732 	3921
f 3736 	3698 	3923
f 3698 	3891 	3923
f 4323 	4322 	3924
f 4324 	3525 	3924
f 3924 	3925 	3523
f 3925 	3924 	3525
f 3746 	3826 	3926
f 3960 	3959 	3929
f 3943 	3942 	3928
f 3960 	3929 	3927
f 3944 	3945 	3930
f 3952 	3953 	3926
f 3932 	3927 	3938
f 3939 	3938 	3927
f 3929 	3928 	3942
f 3930 	4310 	3949
f 3746 	3926 	3590
f 3935 	3590 	3926
f 3934 	3565 	3933
f 3931 	3936 	3937
f 3931 	3937 	3926
f 3937 	3935 	3926
f 3932 	3938 	3936
f 3932 	3936 	3931
f 3382 	3605 	3538
f 3929 	3940 	3941
f 3939 	3927 	3941
f 3929 	3941 	3927
f 3929 	3942 	3940
f 3382 	3384 	3605
f 3928 	3930 	3945
f 3836 	3835 	3382
f 3946 	3382 	3835
f 3945 	3943 	3928
f 3947 	3948 	3837
f 3840 	3837 	3948
f 3944 	3930 	3949
f 3947 	3838 	3950
f 3957 	4293 	3878
f 4293 	3958 	3878
f 3952 	3737 	3899
f 3738 	3826 	3899
f 3845 	3951 	3950
f 3737 	3738 	3899
f 3953 	3958 	3926
f 4281 	3680 	3955
f 3955 	3680 	3954
f 3740 	3954 	3678
f 3955 	3954 	3538
f 3954 	3740 	3538
f 3948 	3946 	3840
f 3835 	3840 	3946
f 3947 	3564 	3948
f 3899 	3878 	3953
f 3956 	3957 	3879
f 3956 	3927 	3932
f 3947 	3950 	3563
f 3563 	3564 	3947
f 3958 	3953 	3878
f 3959 	3960 	3880
f 3950 	3567 	3563
f 3928 	3929 	3959
f 3878 	3879 	3957
f 3962 	3961 	3930
f 3960 	3956 	3879
f 3879 	3880 	3960
f 3382 	3538 	3836
f 3518 	4312 	3963
f 4278 	3686 	4277
f 4024 	3535 	4028
f 4280 	3684 	4279
f 4275 	4276 	4192
f 3532 	4277 	3535
f 3968 	3969 	3970
f 3968 	3970 	3971
f 3968 	3971 	3972
f 3968 	3972 	3973
f 3968 	3973 	3974
f 3968 	3974 	3975
f 3968 	3975 	3976
f 3968 	3976 	4145
f 4021 	4018 	3532
f 4024 	4025 	3535
f 3979 	3980 	3978
f 3977 	3978 	3980
f 3977 	3980 	3981
f 3977 	3981 	3982
f 3534 	4028 	3535
f 3537 	4029 	3534
f 4143 	3996 	3984
f 3985 	4143 	3984
f 3986 	4143 	3985
f 3987 	4143 	3986
f 3988 	4143 	3987
f 3989 	4143 	3988
f 3990 	4143 	3989
f 3991 	4143 	3990
f 3992 	4143 	3991
f 3993 	4143 	3992
f 3966 	4143 	3994
f 3967 	4143 	3966
f 3993 	3994 	4143
f 3995 	3997 	3998
f 3995 	3998 	3996
f 3538 	4034 	4035
f 3997 	3999 	4000
f 3997 	4000 	3998
f 4035 	4033 	3538
f 3999 	4001 	4002
f 3999 	4002 	4000
f 4037 	4034 	3538
f 4001 	4003 	4004
f 4001 	4004 	4002
f 4003 	4005 	4006
f 4003 	4006 	4004
f 4005 	4007 	4008
f 4005 	4008 	4006
f 4007 	4009 	4010
f 4007 	4010 	4008
f 3533 	4011 	4012
f 4009 	4013 	4014
f 4009 	4014 	4010
f 3533 	4012 	4015
f 4045 	4039 	4015
f 4013 	4016 	4017
f 4013 	4017 	4014
f 4018 	4011 	3533
f 4016 	4019 	4020
f 4016 	4020 	4017
f 3533 	3532 	4018
f 4019 	4022 	4023
f 4019 	4023 	4020
f 3532 	3535 	4025
f 3977 	4023 	4022
f 4025 	4021 	3532
f 4127 	3841 	3860
f 4028 	3534 	4029
f 4027 	4026 	3966
f 4029 	3537 	4032
f 4027 	4127 	3860
f 4026 	4027 	3860
f 4030 	4032 	3537
f 3536 	4030 	3537
f 4026 	4031 	3967
f 4026 	3967 	3966
f 4033 	4030 	3536
f 4031 	3859 	3968
f 4031 	3968 	3967
f 3536 	3538 	4033
f 4031 	4026 	3860
f 3859 	4036 	3969
f 3859 	3969 	3968
f 3538 	3605 	4037
f 4036 	3860 	4038
f 4036 	4038 	3970
f 4036 	3970 	3969
f 3533 	4015 	4039
f 4038 	3860 	4041
f 4038 	4041 	3971
f 4038 	3971 	3970
f 4040 	4042 	3531
f 4041 	3860 	4044
f 4040 	4039 	4043
f 4043 	4039 	4045
f 4043 	4042 	4040
f 4041 	4044 	3972
f 4041 	3972 	3971
f 3860 	4046 	4047
f 4076 	4077 	3863
f 4066 	4076 	3863
f 4047 	4044 	3860
f 3583 	4052 	3815
f 3816 	3583 	3815
f 3972 	4047 	3973
f 4048 	3973 	4047
f 4048 	4047 	4046
f 4066 	3863 	4055
f 4044 	4047 	3972
f 4049 	4050 	4051
f 4060 	3815 	4052
f 4053 	4054 	4049
f 4054 	4050 	4049
f 3815 	4060 	3862
f 4058 	4055 	3862
f 3973 	4048 	4050
f 4051 	4050 	4048
f 3973 	4050 	3974
f 4056 	3974 	4054
f 4056 	4054 	4053
f 3862 	4055 	3863
f 4054 	3974 	4050
f 3579 	3586 	4055
f 4057 	3975 	3974
f 4057 	3974 	4056
f 4059 	3976 	3975
f 4059 	3975 	4057
f 4058 	3862 	4060
f 3581 	3580 	4060
f 4059 	4145 	3976
f 3525 	3816 	3925
f 4062 	3862 	4061
f 4068 	3862 	4062
f 4063 	4061 	3862
f 3978 	4062 	4061
f 3978 	4061 	3979
f 4063 	3862 	4064
f 4061 	4063 	3980
f 4061 	3980 	3979
f 3816 	3863 	3925
f 3523 	3925 	3863
f 3525 	3524 	3816
f 3524 	3527 	3816
f 3527 	3529 	3816
f 4063 	4064 	3981
f 4063 	3981 	3980
f 3590 	3935 	3588
f 4065 	3862 	4067
f 4064 	4065 	3982
f 4064 	3982 	3981
f 4066 	3937 	3936
f 3936 	3938 	4066
f 4066 	3935 	3937
f 4065 	4067 	3982
f 3939 	4066 	3938
f 3940 	4066 	3941
f 3943 	3945 	4066
f 3945 	3944 	4066
f 4022 	4069 	3977
f 4068 	4062 	4070
f 4069 	4071 	4070
f 3978 	3977 	4070
f 4069 	4070 	3977
f 3939 	3941 	4066
f 3940 	3942 	4066
f 3978 	4070 	4062
f 3942 	3943 	4066
f 4067 	3862 	4072
f 4067 	4072 	3983
f 4067 	3983 	3982
f 3949 	4066 	3944
f 4072 	4073 	3984
f 4072 	3984 	3983
f 4076 	4066 	4075
f 4077 	4078 	3863
f 3949 	4075 	4066
f 4073 	4074 	3985
f 4073 	3985 	3984
f 4078 	4080 	3863
f 4080 	3520 	3863
f 3520 	3519 	3863
f 3521 	3522 	3863
f 3519 	3521 	3863
f 3522 	3523 	3863
f 3526 	4082 	3816
f 3526 	3530 	3531
f 3529 	3526 	3816
f 4012 	4011 	4082
f 4011 	4018 	4082
f 4018 	4021 	4082
f 4021 	4025 	4082
f 4025 	4024 	4082
f 4024 	4028 	4082
f 4028 	4029 	4082
f 4074 	4081 	3986
f 4074 	3986 	3985
f 4029 	4032 	4082
f 4032 	4030 	4082
f 4033 	4082 	4030
f 4084 	4125 	4083
f 4034 	4082 	4033
f 4034 	4033 	4035
f 4085 	4125 	4084
f 4083 	4123 	4079
f 3603 	4034 	4037
f 3603 	4037 	3605
f 4086 	4261 	4116
f 3583 	3816 	4082
f 3531 	4042 	3526
f 4082 	3526 	4042
f 4042 	4043 	4082
f 4045 	4015 	4082
f 4043 	4045 	4082
f 4015 	4012 	4082
f 3935 	4066 	3649
f 3649 	3582 	3935
f 3588 	3935 	3582
f 4066 	3586 	4087
f 3649 	4066 	4088
f 4087 	4088 	4066
f 3583 	4082 	4090
f 4090 	4082 	4089
f 4091 	4034 	3587
f 4090 	3568 	3583
f 4091 	4089 	4082
f 4082 	4034 	4091
f 3603 	3587 	4034
f 4087 	4090 	4089
f 4087 	4089 	4088
f 4090 	4087 	3568
f 3569 	3568 	4087
f 4083 	4079 	4213
f 4213 	4214 	4083
f 4094 	4095 	4115
f 4095 	4096 	4117
f 4118 	4117 	4096
f 4120 	4118 	4097
f 4097 	4098 	4120
f 4099 	4102 	4098
f 4101 	3340 	4105
f 4107 	4106 	3339
f 4083 	4214 	4084
f 4084 	4214 	4085
f 4273 	4274 	4111
f 4112 	4111 	4274
f 4081 	4086 	3987
f 4081 	3987 	3986
f 4274 	4092 	4112
f 3857 	4125 	4085
f 4113 	4112 	4092
f 4086 	4116 	3988
f 4086 	3988 	3987
f 4115 	4114 	4094
f 4121 	4079 	4123
f 4117 	4115 	4095
f 4116 	4119 	3989
f 4116 	3989 	3988
f 4119 	4121 	3990
f 4119 	3990 	3989
f 4121 	4123 	3991
f 4121 	3991 	3990
f 4123 	4083 	4125
f 3830 	3791 	3793
f 4125 	3992 	3991
f 4125 	3991 	4123
f 4125 	3857 	4126
f 3842 	3860 	3841
f 3795 	3833 	3794
f 4126 	3993 	3992
f 4126 	3992 	4125
f 4126 	3841 	4127
f 3795 	3797 	3833
f 4127 	3994 	3993
f 4127 	3993 	4126
f 3834 	3797 	3871
f 4127 	4027 	3994
f 3966 	3994 	4027
f 4131 	4195 	4130
f 4129 	4130 	4195
f 4132 	4195 	4131
f 3842 	3800 	3801
f 4134 	4195 	4133
f 4059 	4195 	4134
f 4137 	4139 	4136
f 4138 	4139 	4137
f 4135 	4136 	4139
f 3843 	3802 	3803
f 4142 	3967 	4141
f 4143 	3967 	4142
f 4140 	4141 	3967
f 4140 	3967 	4144
f 3846 	3804 	3847
f 4144 	3968 	4146
f 4145 	4146 	3968
f 3847 	3805 	3806
f 4128 	3995 	3996
f 4131 	4140 	4144
f 4131 	4144 	4132
f 4130 	4141 	4140
f 4130 	4140 	4131
f 4129 	4142 	4141
f 4129 	4141 	4130
f 4128 	4143 	4142
f 4128 	4142 	4129
f 3996 	4143 	4128
f 4134 	4145 	4059
f 4133 	4146 	4145
f 4133 	4145 	4134
f 4144 	4146 	4133
f 4144 	4133 	4132
f 4220 	4222 	4149
f 4148 	4137 	4136
f 4148 	4136 	4149
f 3820 	3867 	3869
f 4136 	4135 	4150
f 4136 	4150 	4149
f 4138 	4137 	4148
f 4138 	4148 	4147
f 4152 	4135 	4151
f 4139 	4151 	4135
f 4150 	4135 	4153
f 4152 	4153 	4135
f 4154 	4155 	4152
f 4155 	4153 	4152
f 3871 	3872 	3825
f 3865 	3817 	3872
f 3828 	3788 	3829
f 3791 	3830 	3790
f 4158 	4169 	4157
f 4159 	4169 	4158
f 4160 	4169 	4159
f 4161 	4169 	4160
f 4162 	4169 	4161
f 4163 	4169 	4162
f 4164 	4169 	4163
f 4165 	4169 	4164
f 4166 	4169 	4165
f 4167 	4169 	4166
f 4168 	4169 	4167
f 4170 	4157 	4169
f 4156 	4157 	4170
f 3830 	3793 	3831
f 4175 	4169 	4173
f 4173 	4174 	4175
f 4174 	3364 	4175
f 4171 	4175 	3364
f 3364 	3365 	4171
f 3794 	3832 	3793
f 4172 	4173 	4169
f 4168 	4172 	4169
f 4138 	4156 	4170
f 4138 	4170 	4139
f 4147 	4148 	4222
f 4181 	4176 	4180
f 4182 	4176 	4181
f 4177 	4191 	4176
f 4176 	4182 	4183
f 4184 	4188 	4183
f 4185 	4188 	4184
f 4186 	4187 	4185
f 4188 	4185 	4187
f 4176 	4183 	4188
f 3799 	3800 	3839
f 4191 	4177 	4190
f 4180 	4176 	4191
f 4189 	4190 	4177
f 4189 	4177 	3378
f 4148 	4149 	4222
f 4168 	4167 	4181
f 4168 	4181 	4180
f 4167 	4166 	4182
f 4167 	4182 	4181
f 4166 	4165 	4183
f 4166 	4183 	4182
f 4165 	4164 	4184
f 4165 	4184 	4183
f 3847 	3806 	3850
f 4164 	4163 	4185
f 4164 	4185 	4184
f 3807 	3851 	3806
f 4163 	4162 	4186
f 4163 	4186 	4185
f 4162 	4161 	4187
f 4162 	4187 	4186
f 4161 	4160 	4188
f 4161 	4188 	4187
f 3787 	3827 	3809
f 4160 	4159 	4176
f 4160 	4176 	4188
f 4085 	4215 	3810
f 4159 	4158 	4177
f 4159 	4177 	4176
f 3839 	3810 	3799
f 4158 	4157 	4178
f 4158 	4178 	4177
f 3817 	3865 	3818
f 3864 	3818 	3865
f 4157 	4156 	4179
f 4157 	4179 	4178
f 3819 	3818 	3864
f 4156 	4147 	4179
f 4174 	4189 	3378
f 4174 	3378 	3364
f 4173 	4190 	4189
f 4173 	4189 	4174
f 3869 	3821 	3820
f 4172 	4191 	4190
f 4172 	4190 	4173
f 3821 	3869 	3814
f 3821 	3814 	3822
f 4180 	4191 	4172
f 4180 	4172 	4168
f 4156 	4138 	4147
f 3870 	3823 	3822
f 3870 	3822 	3814
f 4171 	3360 	4175
f 4151 	4169 	3360
f 3372 	3360 	4171
f 4175 	3360 	4169
f 4170 	4169 	4151
f 4139 	4170 	4151
f 3824 	3834 	3871
f 3824 	3871 	3825
f 3825 	3872 	3817
f 3852 	3809 	3827
f 3678 	3954 	3680
f 3827 	3787 	3828
f 3680 	4303 	3681
f 3681 	4279 	3684
f 3831 	3793 	3832
f 3686 	4278 	3687
f 3685 	4277 	3686
f 3794 	3833 	3832
f 4192 	4154 	3688
f 3689 	3688 	4154
f 3690 	3689 	4154
f 3693 	3692 	4154
f 3800 	3841 	3839
f 3696 	4154 	3697
f 3841 	3800 	3842
f 3801 	3843 	3842
f 3843 	3803 	3844
f 3704 	3701 	3360
f 3844 	3803 	3846
f 3706 	3704 	3678
f 3360 	3678 	3704
f 3707 	3706 	3678
f 3708 	3707 	3678
f 3850 	3806 	3851
f 3710 	3678 	3711
f 3807 	3809 	3851
f 3851 	3809 	3852
f 3711 	3678 	3680
f 3712 	3697 	4152
f 4085 	3810 	3857
f 3857 	3810 	3839
f 3713 	3712 	4152
f 3714 	3713 	4152
f 4049 	4051 	4193
f 4193 	4051 	4046
f 3715 	3714 	4152
f 3716 	3715 	4152
f 3572 	3571 	4052
f 4068 	4194 	3862
f 3717 	4152 	3718
f 4194 	3815 	3862
f 3720 	3719 	4151
f 4049 	4193 	4053
f 4194 	4195 	4193
f 4068 	4070 	4071
f 4053 	4193 	4195
f 4071 	4195 	4194
f 4068 	4071 	4194
f 3723 	3722 	4151
f 3721 	4151 	3722
f 3724 	3723 	4151
f 3724 	4151 	3725
f 4196 	3815 	4197
f 3726 	3725 	4151
f 4198 	3815 	4199
f 3727 	3726 	4151
f 4194 	4201 	3815
f 4200 	4199 	3815
f 4151 	3360 	3727
f 3728 	3727 	3360
f 3729 	3728 	3360
f 4201 	4194 	4202
f 4203 	4194 	4204
f 3732 	3731 	3360
f 3732 	3360 	3733
f 3733 	3360 	3734
f 4207 	4194 	4208
f 3734 	3360 	3736
f 3360 	3701 	3698
f 3698 	3736 	3360
f 3731 	3730 	3360
f 3730 	3729 	3360
f 4210 	4209 	4194
f 4194 	4211 	4210
f 3719 	3718 	4151
f 4152 	4151 	3718
f 3717 	3716 	4152
f 4151 	3721 	3720
f 4211 	4194 	4212
f 4152 	3697 	4154
f 3696 	3693 	4154
f 4154 	3692 	3691
f 3691 	3690 	4154
f 3687 	3965 	4192
f 4213 	4212 	4193
f 4194 	4193 	4212
f 4214 	4213 	4193
f 3684 	4280 	3685
f 3710 	3709 	3678
f 3709 	3708 	3678
f 4215 	4214 	4193
f 4193 	3813 	3800
f 4179 	4147 	4222
f 4208 	4194 	4209
f 4194 	4207 	4206
f 4205 	4194 	4206
f 3658 	3659 	4177
f 4205 	4204 	4194
f 4203 	4202 	4194
f 4200 	3815 	4201
f 4198 	4197 	3815
f 3815 	4196 	3870
f 4177 	4178 	4222
f 4216 	3665 	4177
f 3665 	3662 	4177
f 3662 	3663 	4177
f 4178 	4179 	4222
f 4217 	4222 	4220
f 4218 	4222 	4217
f 4216 	4177 	4223
f 4223 	4177 	4222
f 4218 	4219 	4222
f 4225 	4221 	4224
f 4219 	4224 	4221
f 4221 	4222 	4219
f 4221 	4225 	4226
f 4221 	4226 	4227
f 4228 	4231 	4227
f 4229 	4231 	4228
f 4230 	4231 	4229
f 4221 	4227 	4231
f 4232 	4233 	4216
f 3665 	4216 	3670
f 4233 	3670 	4216
f 4257 	4201 	4202
f 4234 	4220 	4150
f 4149 	4150 	4220
f 4234 	4235 	4217
f 4234 	4217 	4220
f 4235 	4236 	4218
f 4235 	4218 	4217
f 4236 	4237 	4219
f 4236 	4219 	4218
f 4237 	4238 	4219
f 4238 	4239 	4224
f 4238 	4224 	4219
f 4239 	4240 	4225
f 4239 	4225 	4224
f 4240 	4241 	4226
f 4240 	4226 	4225
f 4241 	4242 	4227
f 4241 	4227 	4226
f 4244 	4228 	4243
f 4228 	4227 	4243
f 4242 	4243 	4227
f 4244 	4245 	4229
f 4244 	4229 	4228
f 4245 	4246 	4230
f 4245 	4230 	4229
f 4246 	4247 	4231
f 4246 	4231 	4230
f 4247 	4248 	4221
f 4247 	4221 	4231
f 4079 	4211 	4212
f 4249 	4222 	4221
f 4249 	4221 	4248
f 4250 	4223 	4222
f 4250 	4222 	4249
f 4079 	4212 	4213
f 4250 	4232 	4223
f 4216 	4223 	4232
f 4085 	4214 	4215
f 3883 	4155 	3876
f 3882 	3877 	3961
f 3964 	3961 	3877
f 3877 	3876 	3964
f 3881 	3882 	3961
f 3963 	3964 	3876
f 4013 	4195 	4016
f 4019 	4016 	4195
f 4069 	4022 	4195
f 4007 	4195 	4009
f 4005 	4195 	4007
f 4003 	4195 	4005
f 4001 	4195 	4003
f 3999 	4195 	4001
f 3997 	4195 	3999
f 3995 	4195 	3997
f 4128 	4195 	3995
f 4009 	4195 	4013
f 3517 	3963 	3876
f 4155 	3517 	3876
f 4071 	4069 	4195
f 4129 	4195 	4128
f 4051 	4048 	4046
f 3884 	4155 	3883
f 3885 	4155 	3884
f 4132 	4133 	4195
f 4195 	4059 	4057
f 4053 	4195 	4056
f 4057 	4056 	4195
f 3886 	4155 	3885
f 4022 	4019 	4195
f 3575 	3579 	4055
f 4058 	3576 	4055
f 3581 	4060 	3571
f 4060 	4052 	3571
f 3893 	3735 	3892
f 3895 	3735 	3894
f 3894 	3735 	3893
f 4251 	3862 	3823
f 3896 	3735 	3895
f 4254 	3862 	4253
f 3898 	3735 	3897
f 4255 	3862 	4254
f 4081 	4074 	4257
f 4258 	4081 	4257
f 4252 	4253 	3862
f 3901 	4155 	3900
f 4259 	4081 	4258
f 4255 	4256 	3862
f 3902 	4153 	3901
f 3900 	4155 	3890
f 4260 	4086 	4259
f 4074 	3862 	4256
f 3903 	4153 	3902
f 4261 	4086 	4260
f 4256 	4257 	4074
f 3904 	4153 	3903
f 4263 	4116 	4262
f 4262 	4116 	4261
f 3889 	3890 	4155
f 3906 	4153 	3905
f 3905 	4153 	3904
f 3907 	4240 	3906
f 4266 	4121 	4265
f 4119 	4265 	4121
f 4079 	4121 	4266
f 4264 	4119 	4263
f 4264 	4265 	4119
f 3912 	4242 	3911
f 3913 	4243 	3912
f 4081 	4259 	4086
f 4116 	4263 	4119
f 4073 	3862 	4074
f 4073 	4072 	3862
f 4065 	4064 	3862
f 3914 	4244 	3913
f 4251 	4252 	3862
f 3915 	4244 	3914
f 4196 	4251 	3870
f 3916 	4245 	3915
f 3910 	3911 	4241
f 4197 	4252 	4196
f 3919 	4246 	3918
f 3921 	3922 	4247
f 3922 	3923 	4248
f 3921 	4247 	3920
f 4200 	4255 	4199
f 3923 	3891 	4248
f 3891 	3892 	4248
f 3735 	4248 	3892
f 4203 	4258 	4257
f 4257 	4202 	4203
f 3920 	4247 	3919
f 4243 	3913 	4244
f 4245 	3917 	4246
f 4262 	4206 	4207
f 4247 	3922 	4248
f 4262 	4207 	4263
f 4265 	4209 	4210
f 4155 	3901 	4153
f 3908 	4240 	3907
f 3909 	4240 	3908
f 3910 	4241 	3909
f 4240 	3909 	4241
f 3917 	4245 	3916
f 4241 	3911 	4242
f 4239 	3906 	4240
f 4235 	4153 	4236
f 4150 	4153 	4234
f 4234 	4153 	4235
f 4251 	3823 	3870
f 4153 	3906 	4238
f 4236 	4153 	4237
f 4237 	4153 	4238
f 4253 	4252 	4198
f 4239 	4238 	3906
f 4199 	4254 	4198
f 3918 	4246 	3917
f 4242 	3912 	4243
f 4255 	4200 	4201
f 4155 	3886 	3887
f 4155 	3887 	3888
f 4155 	3888 	3889
f 4249 	3735 	4250
f 3880 	3881 	3962
f 4233 	4232 	3735
f 4204 	4258 	4203
f 3897 	3735 	3896
f 3961 	3962 	3881
f 3735 	3670 	4233
f 4208 	4263 	4207
f 4249 	4248 	3735
f 4244 	3915 	4245
f 4232 	4250 	3735
f 4246 	3919 	4247
f 4265 	4210 	4211
f 3876 	3877 	4192
f 4251 	4196 	4252
f 4197 	4198 	4252
f 4253 	4198 	4254
f 4204 	4259 	4258
f 4205 	4260 	4259
f 4205 	4259 	4204
f 4261 	4260 	4205
f 4261 	4205 	4206
f 4262 	4261 	4206
f 4263 	4208 	4209
f 4211 	4266 	4265
f 4267 	3644 	3645
f 4199 	4255 	4254
f 4201 	4256 	4255
f 4257 	4256 	4201
f 4209 	4264 	4263
f 4265 	4264 	4209
f 4124 	4271 	4268
f 4268 	4272 	4269
f 4092 	4093 	4113
f 4122 	3413 	3415
f 3415 	4270 	4122
f 4271 	4124 	4270
f 4272 	4268 	4271
f 4273 	4269 	4272
f 4122 	4270 	4124
f 4111 	4269 	4273
f 3340 	3339 	4106
f 4105 	4104 	4101
f 4104 	4103 	4100
f 4100 	4101 	4104
f 4102 	4099 	4103
f 4099 	4100 	4103
f 4120 	4098 	4102
f 4096 	4097 	4118
f 4114 	4113 	4093
f 4093 	4094 	4114
f 4108 	4107 	3344
f 3344 	3346 	4108
f 4275 	3965 	4039
f 3346 	3348 	4109
f 3965 	3687 	4278
f 4109 	4108 	3346
f 4106 	4105 	3340
f 3339 	3342 	4107
f 3533 	4278 	3532
f 4277 	3532 	4278
f 4277 	3685 	4280
f 3455 	3453 	3356
f 3348 	3350 	4110
f 3535 	4280 	3534
f 4279 	3534 	4280
f 4110 	4109 	3348
f 3342 	3344 	4107
f 4279 	3681 	4282
f 4303 	3680 	4281
f 3350 	3352 	3358
f 3358 	4110 	3350
f 3453 	3363 	3356
f 3363 	3358 	3352
f 3352 	3356 	3363
f 4282 	3537 	4279
f 4284 	4300 	4283
f 4277 	4280 	3535
f 4039 	3965 	3533
f 4278 	3533 	3965
f 4286 	4298 	4285
f 4285 	4299 	4284
f 4276 	4275 	4040
f 4287 	4297 	4286
f 3963 	3517 	3518
f 4290 	4294 	4289
f 3959 	3962 	3928
f 3930 	3928 	3962
f 3927 	3956 	3960
f 3538 	3536 	4281
f 3538 	4281 	3955
f 3931 	3926 	3958
f 3953 	3952 	3899
f 4293 	3957 	3932
f 3957 	3956 	3932
f 4287 	4288 	4296
f 4297 	4287 	4296
f 4298 	4286 	4297
f 4299 	4285 	4298
f 4300 	4284 	4299
f 4301 	4283 	4300
f 4302 	4317 	4301
f 4295 	4296 	4288
f 4288 	4289 	4295
f 4294 	4295 	4289
f 4291 	3337 	4290
f 4282 	3681 	4303
f 3537 	4303 	3536
f 4281 	3536 	4303
f 4307 	4304 	4306
f 4305 	4306 	4304
f 3534 	4279 	3537
f 4303 	3537 	4282
f 3958 	4293 	3931
f 3932 	3931 	4293
f 4310 	3930 	3961
f 4311 	4318 	4309
f 3520 	4080 	4312
f 4312 	4310 	3964
f 3961 	3964 	4310
f 4310 	4076 	4075
f 4307 	4314 	4304
f 4308 	4313 	4307
f 4309 	4319 	4308
f 4313 	4308 	4319
f 4314 	4307 	4313
f 4315 	4304 	4314
f 3591 	4304 	4315
f 4317 	4302 	4316
f 4075 	3949 	4310
f 4077 	4076 	4310
f 4077 	4310 	4312
f 4077 	4312 	4078
f 4292 	4318 	4311
f 4311 	4316 	4292
f 4283 	4301 	4317
f 4292 	4316 	4302
f 4080 	4078 	4312
f 4319 	4309 	4318
f 4325 	4326 	4154
f 3526 	4325 	4154
f 4275 	4192 	3965
f 4294 	4290 	3337
f 3338 	3337 	4291
f 3338 	3386 	3341
f 3396 	3398 	3341
f 3398 	3400 	3343
f 3962 	3959 	3880
f 3515 	3517 	4155
f 3396 	3341 	3386
f 3338 	4291 	3386
f 3964 	3963 	4312
f 3515 	4155 	3516
f 4320 	3516 	4155
f 4328 	4154 	4276
f 4154 	4192 	4276
f 3394 	3353 	3351
f 3516 	4320 	4321
f 3516 	4321 	3514
f 3345 	3343 	3400
f 4155 	4154 	4323
f 4320 	4155 	4323
f 3404 	3347 	3402
f 3351 	3349 	3406
f 3400 	3402 	3345
f 4324 	3924 	4322
f 3394 	3351 	3406
f 3404 	3406 	3349
f 3345 	3402 	3347
f 4326 	4322 	4154
f 4322 	4323 	4154
f 3347 	3404 	3349
f 3341 	3398 	3343
f 4326 	4325 	4327
f 3526 	4154 	4328
f 4292 	4302 	4092
f 4275 	4039 	4040
f 4092 	4302 	4093
f 4276 	4040 	4328
f 4094 	4093 	4301
f 4302 	4301 	4093
f 4325 	3526 	4329
f 4329 	3526 	3508
f 4301 	4300 	4094
f 4094 	4300 	4095
f 3512 	3513 	3526
f 4328 	3512 	3526
f 4329 	3508 	4327
f 4096 	4095 	4299
f 4300 	4299 	4095
f 4299 	4298 	4097
f 4299 	4097 	4096
f 3512 	4328 	3531
f 4040 	3531 	4328
f 4327 	4324 	4326
f 4322 	4326 	4324
f 4098 	4097 	4297
f 4298 	4297 	4097
f 3524 	3525 	4324
f 4297 	4296 	4099
f 4297 	4099 	4098
f 4100 	4296 	4295
f 3527 	3524 	4327
f 4296 	4100 	4099
f 4295 	4294 	4100
f 4100 	4294 	4101
f 3508 	3507 	4327
f 4325 	4329 	4327
f 4320 	4323 	3924
f 4320 	3924 	4321
f 4321 	3522 	3514
f 4283 	4370 	4330
f 3522 	4321 	3523
f 3924 	3523 	4321
f 4283 	4330 	4331
f 4283 	4331 	4284
f 4284 	4331 	4332
f 4284 	4332 	4285
f 4285 	4332 	4333
f 4285 	4333 	4286
f 3657 	4267 	3655
f 4334 	4287 	4286
f 4334 	4286 	4333
f 4335 	4288 	4287
f 4335 	4287 	4334
f 4336 	4289 	4288
f 4336 	4288 	4335
f 4337 	4290 	4289
f 4337 	4289 	4336
f 4338 	4291 	4290
f 4338 	4290 	4337
f 4373 	4374 	4267
f 4375 	4376 	4267
f 4387 	4388 	4267
f 4339 	4340 	4335
f 4335 	4334 	4339
f 4355 	4339 	4334
f 4332 	4354 	4333
f 4336 	4335 	4340
f 4331 	4353 	4332
f 4330 	4352 	4331
f 4388 	4405 	4267
f 4315 	4270 	3617
f 3591 	4315 	3617
f 3465 	3617 	4270
f 4405 	4407 	4267
f 3415 	3465 	4270
f 4314 	4271 	4315
f 4315 	4271 	4270
f 4313 	4272 	4271
f 4313 	4271 	4314
f 4389 	4387 	4267
f 4272 	4313 	4273
f 4377 	4389 	4267
f 4313 	4319 	4273
f 4376 	4377 	4267
f 4318 	4274 	4319
f 4319 	4274 	4273
f 4374 	4375 	4267
f 4318 	4292 	4274
f 4092 	4274 	4292
f 4267 	4372 	4373
f 4339 	4355 	4102
f 3606 	4267 	3657
f 4103 	4340 	4339
f 4103 	4339 	4102
f 3609 	3608 	4267
f 4104 	4341 	4340
f 4104 	4340 	4103
f 3609 	4267 	3606
f 4105 	4342 	4341
f 4105 	4341 	4104
f 4106 	4343 	4342
f 4106 	4342 	4105
f 4267 	4408 	4406
f 4107 	4344 	4343
f 4107 	4343 	4106
f 4267 	4398 	4399
f 4108 	4345 	4344
f 4108 	4344 	4107
f 4267 	3428 	3419
f 4109 	4346 	4345
f 4109 	4345 	4108
f 3564 	3563 	4267
f 4344 	3385 	4343
f 4110 	4347 	4346
f 4110 	4346 	4109
f 4346 	3399 	4345
f 3358 	3357 	4347
f 3358 	4347 	4110
f 3509 	3510 	4267
f 4347 	3401 	4346
f 3357 	3403 	4347
f 4112 	4349 	4348
f 4112 	4348 	4111
f 4350 	4349 	4112
f 4350 	4112 	4113
f 3506 	3509 	4267
f 4370 	4369 	4350
f 4351 	4350 	4113
f 4351 	4113 	4114
f 4351 	4370 	4350
f 4352 	4351 	4114
f 4352 	4114 	4115
f 4352 	4330 	4351
f 4353 	4352 	4115
f 4353 	4115 	4117
f 4267 	3466 	3467
f 4353 	4331 	4352
f 4354 	4353 	4117
f 4354 	4117 	4118
f 4267 	3467 	3549
f 4354 	4332 	4353
f 4355 	4354 	4118
f 4355 	4118 	4120
f 4355 	4333 	4354
f 3511 	3485 	4267
f 4102 	4355 	4120
f 3792 	3477 	4356
f 4122 	4356 	3477
f 4122 	3477 	3413
f 3567 	3566 	4267
f 3563 	3567 	4267
f 4122 	4357 	4356
f 3419 	3564 	4267
f 4359 	4357 	4358
f 4124 	4358 	4357
f 4124 	4357 	4122
f 4267 	4399 	3425
f 4357 	4362 	4356
f 3425 	3428 	4267
f 4268 	4360 	4358
f 4268 	4358 	4124
f 4267 	4406 	4398
f 4360 	4361 	4366
f 4269 	4361 	4360
f 4269 	4360 	4268
f 4359 	4363 	4357
f 3474 	3466 	4267
f 4361 	4348 	4367
f 4368 	4367 	4348
f 4111 	4348 	4361
f 4111 	4361 	4269
f 4267 	3485 	3474
f 4349 	4350 	4369
f 4348 	4349 	4368
f 3792 	4356 	3796
f 3796 	4356 	4362
f 4304 	3618 	4362
f 3796 	4362 	3618
f 4304 	4362 	4363
f 4304 	4363 	4305
f 4362 	4357 	4363
f 4364 	4306 	4305
f 4364 	4305 	4363
f 4365 	4307 	4306
f 4365 	4306 	4364
f 4366 	4308 	4307
f 4366 	4307 	4365
f 4367 	4309 	4308
f 4367 	4308 	4366
f 4368 	4311 	4309
f 4368 	4309 	4367
f 4316 	4311 	4368
f 4367 	4366 	4361
f 4366 	4365 	4360
f 4358 	4360 	4365
f 4365 	4364 	4358
f 4359 	4358 	4364
f 4359 	4364 	4363
f 4369 	4316 	4368
f 4370 	4317 	4316
f 4370 	4316 	4369
f 4370 	4283 	4317
f 3385 	3386 	4338
f 4291 	4338 	3386
f 4333 	4355 	4334
f 4368 	4349 	4369
f 4370 	4351 	4330
f 4340 	4341 	4336
f 4341 	4342 	4337
f 4337 	4336 	4341
f 4338 	4337 	4342
f 4342 	4343 	4338
f 3385 	4338 	4343
f 4345 	3397 	4344
f 3340 	4101 	3337
f 4294 	3337 	4101
f 4266 	4211 	4079
f 4020 	3982 	4017
f 4023 	3982 	4020
f 3977 	3982 	4023
f 4014 	4017 	3982
f 3998 	4000 	3984
f 4000 	4002 	3984
f 3983 	3984 	4002
f 3982 	3983 	4002
f 4002 	4004 	3982
f 4004 	4006 	3982
f 4006 	4008 	3982
f 4010 	3982 	4008
f 4014 	3982 	4010
f 3996 	3998 	3984
f 3968 	4144 	3967
f 3654 	4267 	3645
f 3656 	3655 	4267
f 4267 	4371 	4372
f 4267 	3608 	4371
f 3654 	3656 	4267
f 3875 	3873 	4267
f 3505 	3506 	4267
f 3528 	3511 	4267
f 4267 	3549 	3875
f 3510 	3528 	4267
f 3505 	4267 	3504
f 4267 	4407 	4408
f 3565 	3504 	4267
f 3566 	3565 	4267
f 4376 	4384 	4377
f 4382 	4374 	4373
f 4383 	4375 	4382
f 4374 	4382 	4375
f 4383 	4384 	4375
f 4376 	4375 	4384
f 4378 	4371 	4379
f 3608 	3635 	4371
f 4372 	4371 	4380
f 4378 	4380 	4371
f 4372 	4380 	4373
f 4381 	4373 	4380
f 4381 	4382 	4373
f 4377 	4384 	4385
f 4386 	4377 	4385
f 4394 	4395 	4387
f 4396 	4397 	4388
f 4391 	4389 	4390
f 4377 	4386 	4389
f 4392 	4389 	4391
f 4387 	4393 	4394
f 4392 	4393 	4389
f 4387 	4389 	4393
f 4396 	4388 	4395
f 4388 	4387 	4395
f 3450 	4399 	4091
f 4398 	4400 	4401
f 4402 	4400 	4398
f 4401 	4403 	4398
f 4399 	4398 	4403
f 4091 	4399 	4404
f 4403 	4404 	4399
f 4388 	4397 	4405
f 4410 	4405 	4409
f 4410 	4411 	4405
f 4406 	4408 	4414
f 4413 	4414 	4408
f 4409 	4405 	4397
f 4407 	4411 	4412
f 4407 	4405 	4411
f 4412 	4413 	4408
f 4412 	4408 	4407
f 4398 	4406 	4402
f 4402 	4406 	4414
f 4390 	4389 	4386
f 4089 	4382 	4088
f 3621 	4088 	3628
f 3628 	4088 	3629
f 3629 	4088 	3631
f 3582 	3649 	3648
f 3582 	3648 	3584
f 3651 	4088 	3652
f 3747 	3653 	4088
f 3651 	3649 	4088
f 3652 	4088 	3653
f 3747 	4088 	3748
f 3624 	3626 	4088
f 3749 	4088 	3750
f 3748 	4088 	3749
f 3750 	4088 	3751
f 3752 	3751 	4088
f 3752 	4088 	3626
f 3633 	4088 	3635
f 4379 	3635 	4088
f 4378 	4379 	4088
f 3633 	3631 	4088
f 4088 	3621 	3624
f 4378 	4088 	4380
f 4088 	4381 	4380
f 4383 	4382 	4089
f 4381 	4088 	4382
f 4384 	4089 	4385
f 4391 	4089 	4392
f 4390 	4089 	4391
f 4393 	4089 	4394
f 4392 	4089 	4393
f 4394 	4089 	4395
f 4395 	4089 	4396
f 4089 	4401 	4400
f 4089 	4400 	4402
f 4089 	4091 	4404
f 4089 	4404 	4403
f 4089 	4403 	4401
f 3450 	4091 	3587
f 4412 	4089 	4413
f 4410 	4409 	4089
f 4397 	4089 	4409
f 4397 	4396 	4089
f 4411 	4089 	4412
f 4410 	4089 	4411
f 4413 	4089 	4414
f 4414 	4089 	4402
f 4386 	4089 	4390
f 4386 	4385 	4089
f 4383 	4089 	4384
f 4046 	3860 	3813
f 4193 	4046 	3813
f 3813 	3860 	3863
f 3813 	3863 	3816
f 3865 	3815 	3864
f 3866 	3864 	3815
f 3866 	3815 	3867
f 3869 	3867 	3815
f 3814 	3815 	3870
f 3816 	3871 	3797
f 3815 	3865 	3816
f 3872 	3816 	3865
f 3871 	3816 	3872
# 2164 faces

 #end of obj_6

o obj_7
v 98.924 		88.97 		6.354
v 98.924 		88.97 		2.854
v 100.758 		87.925 		2.884
v 100.393 		88.015 		2.884
v 100.042 		88.151 		2.884
v 99.712 		88.332 		2.884
v 99.409 		88.554 		2.884
v 99.137 		88.814 		2.884
v 98.9803 		89.0094 		2.884
v 99.7364 		89.5389 		2.884
v 99.137 		88.814 		6.384
v 99.409 		88.554 		6.384
v 99.712 		88.332 		6.384
v 100.042 		88.151 		6.384
v 100.393 		88.015 		6.384
v 100.758 		87.925 		6.384
v 98.9803 		89.0094 		6.354
v 156.547 		124.17 		2.437
v 156.192 		124.17 		1.907
v 156.192 		128.7 		1.907
v 156.547 		128.7 		2.437
v 155.772 		124.17 		1.428
v 155.772 		128.7 		1.428
v 93.47 		97.601 		0.042
v 93.8288 		97.98 		0.0083
v 93.876 		97.9126 		0.0083
v 98.707 		89.429 		6.384
v 98.902 		89.107 		6.384
v 98.555 		89.773 		6.384
v 98.385 		90.882 		6.384
v 98.393 		90.506 		6.384
v 98.45 		90.134 		6.384
v 98.426 		91.256 		6.384
v 98.5506 		89.788 		6.354
v 98.555 		89.773 		6.354
v 98.707 		89.429 		6.354
v 98.902 		89.107 		6.354
v 98.4541 		91.3712 		6.354
v 98.426 		91.256 		6.354
v 98.385 		90.882 		6.354
v 98.393 		90.506 		6.354
v 98.45 		90.134 		6.354
v 94.5824 		95.17 		2.854
v 92.3955 		100.028 		0.0082
v 93.3771 		98.6255 		0.0083
v 90.824 		95.748 		7.843
v 90.533 		95.545 		7.312
v 89.865 		100.607 		0.371
v 90.134 		95.265 		3.613
v 90.302 		95.383 		3.009
v 90.872 		101.312 		0.042
v 90.36 		100.953 		0.166
v 89.998 		95.17 		4.875
v 90.032 		95.194 		4.239
v 90.134 		95.265 		6.137
v 90.032 		95.194 		5.511
v 90.302 		95.383 		6.741
v 155.292 		124.17 		1.007
v 155.292 		128.7 		1.007
v 91.317 		101.569 		0.0082
v 91.3178 		101.5679 		0.0082
v 88.57 		99.7 		8.322
v 88.962 		99.975 		8.743
v 88.225 		99.458 		7.843
v 87.935 		99.255 		7.312
v 93.882 		97.904 		9.7417
v 93.876 		97.9126 		9.7417
v 93.876 		96.1789 		6.354
v 93.889 		97.894 		6.354
v 93.876 		97.8849 		6.354
v 93.876 		97.8849 		2.854
v 93.889 		97.894 		2.854
v 91.561 		96.264 		8.743
v 91.168 		95.989 		8.322
v 91.995 		96.568 		9.097
v 92.463 		96.896 		9.379
v 87.704 		99.094 		3.009
v 87.536 		98.976 		3.613
v 87.434 		98.905 		4.239
v 87.4 		98.881 		4.875
v 87.434 		98.905 		5.511
v 87.704 		99.094 		6.741
v 87.536 		98.976 		6.137
v 92.958 		97.242 		9.584
v 93.47 		97.601 		9.708
v 93.8288 		97.98 		9.7417
v 92.3955 		100.028 		9.7418
v 89.397 		100.279 		9.097
v 93.0744 		97.3236 		4.875
v 93.0744 		97.3236 		4.827
v 93.0744 		97.3236 		5.1752
v 93.0744 		97.3236 		5.0224
v 93.0744 		97.3236 		5.7347
v 93.0743 		97.3237 		5.5215
v 93.0744 		97.3236 		5.339
v 93.0744 		97.3236 		6.335
v 93.0744 		97.3236 		5.995
v 93.0744 		97.3236 		6.354
v 93.6672 		97.7386 		6.354
v 93.5418 		97.6509 		6.354
v 93.2924 		97.4763 		6.354
v 93.4899 		97.6146 		6.354
v 88.962 		99.975 		1.007
v 89.397 		100.279 		0.653
v 87.935 		99.255 		2.437
v 88.225 		99.458 		1.907
v 88.57 		99.7 		1.428
v 93.8323 		97.8543 		6.354
v 93.5482 		97.6553 		2.854
v 93.7737 		97.8134 		2.854
v 93.0744 		97.3236 		2.854
v 93.0744 		97.3236 		2.935
v 93.3059 		97.4859 		2.854
v 93.0744 		97.3236 		3.415
v 93.0744 		97.3236 		4.0153
v 93.0744 		97.3236 		3.755
v 93.0744 		97.3236 		4.5748
v 93.0744 		97.3236 		4.4109
v 93.0743 		97.3237 		4.3623
v 93.0744 		97.3236 		4.1285
v 93.0744 		97.3236 		4.5973
v 93.0744 		97.3236 		4.7276
v 93.0743 		97.3237 		4.2282
v 90.36 		100.953 		9.584
v 90.872 		101.312 		9.708
v 89.865 		100.607 		9.379
v 91.393 		101.677 		4.875
v 91.7989 		100.8804 		9.7418
v 91.3178 		101.5679 		9.7418
v 91.317 		101.569 		9.7418
v 154.762 		124.17 		0.653
v 154.762 		128.7 		0.653
v 154.19 		124.17 		0.371
v 154.19 		128.7 		0.371
v 153.586 		124.17 		0.166
v 153.586 		128.7 		0.166
v 152.961 		124.17 		0.042
v 152.961 		128.7 		0.042
v 152.325 		124.17 		0
v 152.325 		124.198 		0
v 152.325 		128.672 		0
v 152.325 		128.7 		0
v 152.871 		126.285 		2.693
v 152.871 		128.7 		2.693
v 152.575 		126.802 		2.634
v 152.847 		126.802 		2.6882
v 152.575 		128.7 		2.634
v 152.847 		126.285 		2.6882
v 152.325 		126.802 		2.6174
v 152.325 		128.672 		2.6174
v 155.178 		126.285 		2.666
v 155.178 		124.17 		2.666
v 152.325 		126.802 		1.401
v 152.847 		126.802 		1.401
v 152.325 		126.285 		1.401
v 152.847 		126.285 		1.401
v 152.397 		126.285 		1.294
v 152.325 		126.285 		1.2987
v 152.325 		124.198 		1.2987
v 152.397 		124.17 		1.294
v 154.876 		126.285 		2.321
v 154.876 		124.17 		2.321
v 154.531 		126.285 		2.019
v 154.531 		124.17 		2.019
v 154.15 		126.285 		1.764
v 154.15 		124.17 		1.764
v 153.738 		126.285 		1.561
v 153.738 		124.17 		1.561
v 153.304 		126.285 		1.414
v 153.304 		124.17 		1.414
v 152.854 		126.285 		1.324
v 152.854 		124.17 		1.324
v 151.389 		128.7 		2.79
v 151.389 		128.7 		7.058
v 151.675 		128.7 		7.155
v 151.972 		128.7 		7.214
v 152.273 		128.7 		7.234
v 151.688 		128.7 		9.708
v 152.325 		128.7 		9.75
v 151.118 		128.7 		2.923
v 150.867 		128.7 		3.091
v 150.64 		128.7 		3.29
v 150.441 		128.7 		3.518
v 150.273 		128.7 		3.769
v 150.139 		128.7 		4.04
v 150.042 		128.7 		4.326
v 149.983 		128.7 		4.622
v 149.963 		128.7 		4.924
v 149.983 		128.7 		5.225
v 150.042 		128.7 		5.522
v 150.139 		128.7 		5.808
v 150.273 		128.7 		6.079
v 150.441 		128.7 		6.33
v 150.64 		128.7 		6.557
v 150.867 		128.7 		6.756
v 151.118 		128.7 		6.924
v 91.317 		101.569 		9.75
v 150.459 		128.7 		9.379
v 151.063 		128.7 		9.584
v 91.317 		101.569 		0
v 93.882 		97.904 		9.75
v 147.45 		128.7 		4.875
v 147.491 		128.7 		5.511
v 147.616 		128.7 		6.137
v 147.821 		128.7 		6.741
v 148.103 		128.7 		7.312
v 148.457 		128.7 		7.843
v 148.878 		128.7 		8.322
v 149.357 		128.7 		8.743
v 149.887 		128.7 		9.097
v 147.821 		128.7 		3.009
v 147.616 		128.7 		3.613
v 147.491 		128.7 		4.239
v 151.972 		128.7 		2.634
v 152.273 		128.7 		2.614
v 151.675 		128.7 		2.693
v 93.882 		97.904 		0
v 93.882 		97.904 		0.0083
v 94.217 		103.654 		8.322
v 151.688 		128.7 		0.042
v 151.063 		128.7 		0.166
v 94.852 		104.098 		7.312
v 150.459 		128.7 		0.371
v 148.878 		128.7 		1.428
v 148.457 		128.7 		1.907
v 148.103 		128.7 		2.437
v 94.562 		103.895 		7.843
v 149.887 		128.7 		0.653
v 149.357 		128.7 		1.007
v 151.688 		128.672 		9.708
v 151.22 		128.672 		9.6151
v 152.325 		128.672 		9.75
v 151.4214 		128.672 		2.779
v 151.389 		128.672 		2.79
v 151.22 		128.672 		2.8729
v 151.389 		128.672 		7.058
v 151.22 		128.672 		6.9744
v 151.675 		128.672 		7.155
v 94.2426 		103.6175 		8.322
v 94.2387 		103.6148 		8.3261
v 151.972 		128.672 		7.214
v 152.273 		128.672 		7.234
v 93.876 		103.3608 		8.7148
v 94.5854 		103.8575 		7.8457
v 94.5873 		103.8588 		7.843
v 152.325 		128.672 		7.2306
v 151.063 		128.672 		9.584
v 150.459 		128.672 		9.379
v 94.8745 		104.0599 		7.3172
v 94.8773 		104.0619 		7.312
v 147.9344 		128.672 		2.779
v 147.821 		128.672 		3.009
v 94.966 		104.124 		7.0928
v 147.616 		128.672 		3.613
v 147.491 		128.672 		4.239
v 147.45 		128.672 		4.875
v 147.491 		128.672 		5.511
v 147.616 		128.672 		6.137
v 147.821 		128.672 		6.741
v 148.103 		128.672 		7.312
v 148.457 		128.672 		7.843
v 148.878 		128.672 		8.322
v 148.8639 		128.672 		8.306
v 149.357 		128.672 		8.743
v 149.887 		128.672 		9.097
v 149.963 		128.672 		9.1345
v 91.393 		101.677 		9.75
v 151.118 		128.672 		2.923
v 91.915 		102.042 		9.708
v 150.867 		128.672 		3.091
v 150.64 		128.672 		3.29
v 150.441 		128.672 		3.518
v 150.273 		128.672 		3.769
v 150.139 		128.672 		4.04
v 150.042 		128.672 		4.326
v 149.983 		128.672 		4.622
v 149.963 		128.672 		4.924
v 91.4136 		101.6366 		9.7496
v 91.4187 		101.6402 		9.75
v 149.983 		128.672 		5.225
v 91.9354 		102.002 		9.7084
v 91.9405 		102.0056 		9.708
v 150.042 		128.672 		5.522
v 92.0411 		102.076 		9.6836
v 150.139 		128.672 		5.808
v 92.427 		102.401 		9.584
v 93.39 		103.075 		9.097
v 150.273 		128.672 		6.079
v 92.922 		102.747 		9.379
v 93.824 		103.379 		8.743
v 150.441 		128.672 		6.33
v 150.64 		128.672 		6.557
v 150.867 		128.672 		6.756
v 151.0448 		128.672 		6.875
v 151.118 		128.672 		6.924
v 151.688 		128.672 		0.042
v 151.063 		128.672 		0.166
v 150.459 		128.672 		0.371
v 149.963 		128.672 		0.6155
v 149.887 		128.672 		0.653
v 149.357 		128.672 		1.007
v 92.4527 		102.3642 		9.584
v 148.9087 		128.672 		1.401
v 148.878 		128.672 		1.428
v 92.9475 		102.7106 		9.379
v 148.457 		128.672 		1.907
v 148.103 		128.672 		2.437
v 93.4131 		103.0366 		9.0985
v 93.4156 		103.0384 		9.097
v 151.972 		128.672 		2.634
v 93.8454 		103.3393 		8.7465
v 152.273 		128.672 		2.614
v 93.8497 		103.3424 		8.743
v 151.675 		128.672 		2.693
v 130.0284 		128.672 		0
v 130.0284 		128.672 		9.75
v 141.248 		124.198 		2.238
v 141.248 		121.858 		2.238
v 141.049 		121.858 		0.751
v 141.049 		124.198 		0.751
v 141.041 		124.198 		9.283
v 141.041 		121.787 		9.283
v 141.161 		121.787 		7.788
v 141.161 		124.198 		7.788
v 131.4331 		124.198 		2.0364
v 131.4331 		124.198 		8.5077
v 131.4331 		124.198 		7.0022
v 131.4331 		124.198 		3.55
v 131.4331 		124.198 		0
v 131.4331 		124.198 		9.75
v 152.325 		124.17 		9.75
v 151.688 		124.17 		9.708
v 151.063 		124.17 		9.584
v 150.459 		124.17 		9.379
v 149.887 		124.17 		9.097
v 149.357 		124.17 		8.743
v 148.878 		124.17 		8.322
v 148.8639 		124.17 		8.306
v 151.939 		124.17 		1.324
v 151.554 		124.17 		1.401
v 148.9087 		124.17 		1.401
v 149.357 		124.17 		1.007
v 149.887 		124.17 		0.653
v 150.459 		124.17 		0.371
v 151.063 		124.17 		0.166
v 151.688 		124.17 		0.042
v 151.688 		124.198 		9.708
v 151.22 		124.198 		9.6151
v 152.325 		124.198 		9.75
v 152.325 		124.198 		8.306
v 151.063 		124.198 		9.584
v 150.459 		124.198 		9.379
v 148.878 		124.198 		8.322
v 148.8639 		124.198 		8.306
v 149.357 		124.198 		8.743
v 149.887 		124.198 		9.097
v 149.963 		124.198 		9.1345
v 151.688 		124.198 		0.042
v 151.063 		124.198 		0.166
v 98.493 		94.97 		2.854
v 150.459 		124.198 		0.371
v 149.887 		124.198 		0.653
v 149.963 		124.198 		0.6155
v 98.541 		95.093 		2.854
v 149.357 		124.198 		1.007
v 98.604 		95.208 		2.854
v 149.0305 		124.198 		1.294
v 148.9087 		124.198 		1.401
v 98.682 		95.314 		2.854
v 151.554 		124.198 		1.401
v 98.773 		95.409 		2.854
v 98.875 		95.491 		2.854
v 99.108 		95.612 		2.854
v 99.234 		95.649 		2.854
v 99.364 		95.669 		2.854
v 99.496 		95.672 		2.854
v 151.939 		124.198 		1.324
v 99.626 		95.657 		2.854
v 99.754 		95.626 		2.854
v 99.877 		95.579 		2.854
v 99.992 		95.515 		2.854
v 98.806 		93.898 		2.854
v 149.963 		124.198 		0
v 98.711 		93.989 		2.854
v 98.629 		94.091 		2.854
v 145.842 		124.198 		1.401
v 98.56 		94.204 		2.854
v 145.842 		124.198 		8.306
v 141.0035 		124.198 		9.75
v 151.972 		126.802 		2.634
v 152.273 		126.802 		2.614
v 151.675 		126.802 		2.693
v 151.118 		126.802 		2.923
v 150.867 		126.802 		3.091
v 150.64 		126.802 		3.29
v 150.441 		126.802 		3.518
v 150.273 		126.802 		3.769
v 150.139 		126.802 		4.04
v 150.042 		126.802 		4.326
v 149.983 		126.802 		4.622
v 149.963 		126.802 		4.924
v 149.983 		126.802 		5.225
v 150.042 		126.802 		5.522
v 150.139 		126.802 		5.808
v 150.273 		126.802 		6.079
v 150.441 		126.802 		6.33
v 150.64 		126.802 		6.557
v 150.867 		126.802 		6.756
v 151.118 		126.802 		6.924
v 151.389 		126.802 		2.79
v 151.389 		126.802 		7.058
v 151.675 		126.802 		7.155
v 151.972 		126.802 		7.214
v 152.273 		126.802 		7.234
v 152.325 		126.802 		7.2306
v 152.325 		126.802 		8.306
v 151.554 		126.285 		1.401
v 151.939 		126.285 		1.324
v 145.842 		126.802 		8.306
v 145.842 		126.802 		1.401
v 98.508 		94.324 		2.854
v 98.471 		94.45 		2.854
v 98.451 		94.58 		2.854
v 98.448 		94.712 		2.854
v 98.462 		94.842 		2.854
v 121.421 		110.324 		2.854
v 121.384 		110.45 		2.854
v 100.098 		95.438 		2.854
v 121.364 		110.58 		2.854
v 100.193 		95.347 		2.854
v 121.361 		110.712 		2.854
v 122.715 		107.926 		6.384
v 100.275 		95.244 		2.854
v 122.626 		107.561 		6.384
v 121.375 		110.842 		2.854
v 122.585 		107.187 		6.384
v 122.593 		106.811 		6.384
v 122.65 		106.44 		6.384
v 122.755 		106.079 		6.384
v 122.907 		105.734 		6.384
v 123.102 		105.413 		6.384
v 121.407 		110.97 		2.854
v 123.337 		105.12 		6.384
v 123.609 		104.86 		6.384
v 123.912 		104.637 		6.384
v 100.343 		95.132 		2.854
v 100.396 		95.012 		2.854
v 100.433 		94.885 		2.854
v 100.453 		94.755 		2.854
v 100.456 		94.624 		2.854
v 100.441 		94.493 		2.854
v 100.41 		94.366 		2.854
v 100.363 		94.243 		2.854
v 100.299 		94.128 		2.854
v 97.7843 		100.6232 		3.3831
v 97.7849 		100.6223 		3.3831
v 97.6182 		100.5057 		2.854
v 97.6175 		100.5066 		2.854
v 97.849 		100.667 		6.137
v 97.785 		100.6221 		6.354
v 97.785 		100.6222 		6.1161
v 96.9369 		100.028 		6.354
v 97.681 		100.549 		6.741
v 97.6739 		100.5592 		6.741
v 97.6198 		100.5213 		6.875
v 97.8421 		100.6769 		6.137
v 97.9439 		100.7482 		5.511
v 97.972 		100.7679 		4.9861
v 97.9439 		100.7482 		4.239
v 97.972 		100.7679 		4.7639
v 97.778 		100.6321 		2.854
v 97.8421 		100.6769 		3.613
v 97.778 		100.6321 		3.3831
v 97.6114 		100.5154 		2.854
v 97.5812 		100.4942 		2.779
v 96.423 		99.668 		1.007
v 96.815 		99.943 		1.428
v 95.52 		99.036 		0.371
v 95.988 		99.364 		0.653
v 94.513 		98.331 		0.042
v 95.025 		98.69 		0.166
v 93.992 		97.966 		0
v 90.824 		95.748 		1.907
v 90.533 		95.545 		2.437
v 92.958 		97.242 		0.166
v 91.995 		96.568 		0.653
v 92.463 		96.896 		0.371
v 91.561 		96.264 		1.007
v 91.168 		95.989 		1.428
v 96.8081 		99.9529 		1.428
v 96.8081 		99.9529 		1.428
v 96.9153 		100.028 		1.577
v 96.807 		99.9522 		1.4269
v 96.4158 		99.6782 		1.007
v 95.9811 		99.3738 		0.653
v 96.4146 		99.6774 		1.006
v 95.513 		99.046 		0.371
v 95.0183 		98.6996 		0.166
v 94.506 		98.341 		0.042
v 94.506 		98.341 		0.042
v 94.5046 		98.34 		0.0419
v 93.9849 		97.9761 		0
v 93.9849 		97.9761 		0
v 93.9835 		97.9751 		0.0001
v 97.16 		100.184 		1.907
v 97.45 		100.388 		2.437
v 97.4432 		100.3977 		2.437
v 97.4425 		100.3971 		2.4356
v 97.1528 		100.1943 		1.907
v 117.0279 		114.1112 		2.854
v 117.0279 		114.1112 		6.354
v 121.7379 		117.4093 		6.354
v 121.7379 		117.4093 		2.854
v 128.0913 		121.858 		2.4831
v 100.222 		94.022 		2.854
v 100.131 		93.927 		2.854
v 127.9899 		121.787 		8.2298
v 100.028 		93.845 		2.854
v 99.916 		93.776 		2.854
v 127.9899 		121.787 		6.7241
v 128.0913 		121.858 		3.9967
v 99.796 		93.724 		2.854
v 99.669 		93.687 		2.854
v 99.539 		93.667 		2.854
v 99.408 		93.664 		2.854
v 99.277 		93.678 		2.854
v 97.978 		100.7721 		4.875
v 99.15 		93.709 		2.854
v 99.027 		93.757 		2.854
v 93.9849 		97.9761 		9.75
v 96.9153 		100.028 		9.75
v 93.9864 		97.9771 		9.7499
v 94.506 		98.341 		9.708
v 98.912 		93.82 		2.854
v 95.0183 		98.6996 		9.584
v 95.513 		99.046 		9.379
v 95.9811 		99.3738 		9.097
v 95.9811 		99.3738 		9.097
v 95.9823 		99.3746 		9.0961
v 96.4158 		99.6782 		8.743
v 96.4169 		99.679 		8.7418
v 96.8081 		99.9529 		8.322
v 96.9153 		100.028 		8.173
v 97.1528 		100.1943 		7.843
v 97.1528 		100.1943 		7.843
v 97.1536 		100.1948 		7.8415
v 97.4432 		100.3977 		7.312
v 97.4438 		100.3981 		7.3105
v 96.9153 		100.028 		0
v 128.007 		108.389 		6.384
v 127.812 		108.711 		6.384
v 127.577 		109.004 		6.384
v 127.305 		109.264 		6.384
v 127.002 		109.487 		6.384
v 126.672 		109.668 		6.384
v 126.322 		109.804 		6.384
v 125.956 		109.893 		6.384
v 125.583 		109.934 		6.384
v 125.207 		109.926 		6.384
v 124.835 		109.869 		6.384
v 124.474 		109.764 		6.384
v 124.13 		109.612 		6.384
v 123.808 		109.417 		6.384
v 123.515 		109.182 		6.384
v 123.255 		108.91 		6.384
v 123.032 		108.607 		6.384
v 122.851 		108.277 		6.384
v 126.785 		104.512 		2.884
v 126.785 		104.512 		6.384
v 127.106 		104.707 		2.884
v 127.106 		104.707 		6.384
v 127.399 		104.942 		2.884
v 127.399 		104.942 		6.384
v 127.659 		105.214 		2.884
v 127.659 		105.214 		6.384
v 127.882 		105.517 		2.884
v 127.882 		105.517 		6.384
v 128.063 		105.847 		2.884
v 128.063 		105.847 		6.384
v 128.199 		106.197 		2.884
v 128.199 		106.197 		6.384
v 128.288 		106.563 		2.884
v 128.288 		106.563 		6.384
v 128.329 		106.937 		2.884
v 128.329 		106.937 		6.384
v 128.321 		107.313 		2.884
v 128.321 		107.313 		6.384
v 128.264 		107.684 		2.884
v 128.264 		107.684 		6.384
v 128.159 		108.045 		2.884
v 128.159 		108.045 		6.384
v 122.715 		107.926 		6.354
v 122.8289 		108.22 		6.354
v 122.626 		107.561 		6.354
v 122.585 		107.187 		6.354
v 122.593 		106.811 		6.354
v 122.65 		106.44 		6.354
v 122.755 		106.079 		6.354
v 121.454 		111.093 		2.854
v 121.518 		111.208 		2.854
v 122.453 		109.667 		2.854
v 122.321 		109.664 		2.854
v 122.191 		109.678 		2.854
v 122.063 		109.709 		2.854
v 121.94 		109.757 		2.854
v 121.825 		109.82 		2.854
v 121.719 		109.898 		2.854
v 121.624 		109.989 		2.854
v 121.542 		110.091 		2.854
v 121.474 		110.204 		2.854
v 122.583 		109.687 		2.854
v 98.988 		95.559 		6.354
v 98.875 		95.491 		6.354
v 98.493 		94.97 		6.354
v 98.541 		95.093 		6.354
v 98.604 		95.208 		6.354
v 98.682 		95.314 		6.354
v 98.773 		95.409 		6.354
v 99.108 		95.612 		6.354
v 99.234 		95.649 		6.354
v 99.364 		95.669 		6.354
v 99.496 		95.672 		6.354
v 99.626 		95.657 		6.354
v 99.754 		95.626 		6.354
v 99.877 		95.579 		6.354
v 99.992 		95.515 		6.354
v 122.907 		105.734 		6.354
v 122.9974 		105.5852 		2.884
v 122.9974 		105.5852 		6.354
v 98.806 		93.898 		6.354
v 98.711 		93.989 		6.354
v 123.102 		105.413 		2.884
v 98.629 		94.091 		6.354
v 98.56 		94.204 		6.354
v 123.314 		105.133 		6.354
v 123.2276 		105.2564 		6.354
v 123.2276 		105.2564 		2.884
v 98.508 		94.324 		6.354
v 123.3221 		105.1386 		2.884
v 123.3221 		105.1386 		6.354
v 98.471 		94.45 		6.354
v 98.451 		94.58 		6.354
v 123.337 		105.12 		2.884
v 98.448 		94.712 		6.354
v 98.462 		94.842 		6.354
v 123.609 		104.86 		2.884
v 123.912 		104.637 		2.884
v 100.098 		95.438 		6.354
v 100.193 		95.347 		6.354
v 127.577 		109.004 		6.354
v 127.812 		108.711 		6.354
v 100.275 		95.244 		6.354
v 100.343 		95.132 		6.354
v 127.305 		109.264 		6.354
v 100.396 		95.012 		6.354
v 127.002 		109.487 		6.354
v 100.433 		94.885 		6.354
v 126.672 		109.668 		6.354
v 100.453 		94.755 		6.354
v 126.644 		109.6789 		6.354
v 100.456 		94.624 		6.354
v 128.024 		108.431 		6.354
v 100.441 		94.493 		6.354
v 100.41 		94.366 		6.354
v 128.007 		108.389 		2.884
v 100.363 		94.243 		6.354
v 127.9942 		108.4101 		6.354
v 127.9942 		108.4101 		2.884
v 100.299 		94.128 		6.354
v 100.222 		94.022 		6.354
v 100.131 		93.927 		6.354
v 126.322 		109.804 		6.354
v 125.956 		109.893 		6.354
v 100.028 		93.845 		6.354
v 99.916 		93.776 		6.354
v 125.583 		109.934 		6.354
v 99.796 		93.724 		6.354
v 123.044 		109.927 		6.354
v 99.669 		93.687 		6.354
v 99.539 		93.667 		6.354
v 99.408 		93.664 		6.354
v 99.277 		93.678 		6.354
v 99.15 		93.709 		6.354
v 125.207 		109.926 		6.354
v 99.027 		93.757 		6.354
v 98.912 		93.82 		6.354
v 97.985 		100.762 		4.875
v 122.941 		109.845 		6.354
v 122.829 		109.776 		6.354
v 122.709 		109.724 		6.354
v 93.992 		97.966 		9.75
v 95.52 		99.036 		9.379
v 96.423 		99.668 		8.743
v 95.988 		99.364 		9.097
v 96.815 		99.943 		8.322
v 124.835 		109.869 		6.354
v 94.513 		98.331 		9.708
v 95.025 		98.69 		9.584
v 124.474 		109.764 		6.354
v 124.13 		109.612 		6.354
v 123.808 		109.417 		6.354
v 121.361 		107.9224 		2.854
v 123.515 		109.182 		6.354
v 122.409 		111.672 		2.854
v 123.255 		108.91 		6.354
v 121.789 		111.491 		6.354
v 121.901 		111.559 		6.354
v 122.021 		111.612 		6.354
v 123.032 		108.607 		6.354
v 122.148 		111.649 		6.354
v 122.277 		111.669 		6.354
v 122.851 		108.277 		6.354
v 122.409 		111.672 		6.354
v 122.54 		111.657 		6.354
v 121.595 		111.314 		6.354
v 121.686 		111.409 		6.354
v 126.44 		104.36 		2.884
v 126.079 		104.255 		2.884
v 125.708 		104.198 		2.884
v 125.332 		104.19 		2.884
v 121.421 		110.324 		6.354
v 124.958 		104.231 		2.884
v 121.384 		110.45 		6.354
v 124.593 		104.32 		2.884
v 121.364 		110.58 		6.354
v 124.242 		104.456 		2.884
v 121.361 		110.712 		6.354
v 103.2417 		92.8283 		2.884
v 103.377 		92.699 		2.884
v 103.612 		92.406 		2.884
v 103.807 		92.084 		2.884
v 103.634 		92.268 		2.884
v 121.375 		110.842 		6.354
v 121.407 		110.97 		6.354
v 121.454 		111.093 		6.354
v 125.332 		104.19 		6.384
v 121.518 		111.208 		6.354
v 125.708 		104.198 		6.384
v 126.079 		104.255 		6.384
v 126.44 		104.36 		6.384
v 124.958 		104.231 		6.384
v 93.992 		97.966 		6.354
v 124.242 		104.456 		6.384
v 124.593 		104.32 		6.384
v 94.012 		97.98 		6.354
v 122.453 		109.667 		6.354
v 122.321 		109.664 		6.354
v 122.191 		109.678 		6.354
v 122.063 		109.709 		6.354
v 121.94 		109.757 		6.354
v 93.992 		97.966 		2.854
v 94.012 		97.98 		2.854
v 121.825 		109.82 		6.354
v 121.719 		109.898 		6.354
v 121.624 		109.989 		6.354
v 121.542 		110.091 		6.354
v 121.474 		110.204 		6.354
v 103.807 		92.084 		6.384
v 103.612 		92.406 		6.384
v 103.377 		92.699 		6.384
v 122.583 		109.687 		6.354
v 94.4938 		98.3174 		6.354
v 103.2417 		92.8283 		6.354
v 94.3835 		98.2403 		6.354
v 94.1514 		98.0777 		6.354
v 103.634 		92.268 		2.854
v 101.2508 		95.672 		2.854
v 121.361 		107.9224 		6.354
v 94.9215 		98.6168 		6.354
v 94.6912 		98.4557 		6.354
v 121.901 		111.559 		2.854
v 121.789 		111.491 		2.854
v 95.5707 		99.0713 		6.354
v 95.2033 		98.8143 		6.354
v 122.021 		111.612 		2.854
v 122.148 		111.649 		2.854
v 96.9159 		100.0133 		6.354
v 96.0906 		99.4359 		6.354
v 122.277 		111.669 		2.854
v 122.54 		111.657 		2.854
v 121.595 		111.314 		2.854
v 121.686 		111.409 		2.854
v 96.1492 		99.4763 		2.854
v 96.8585 		99.9737 		2.854
v 96.9361 		100.028 		2.854
v 95.2622 		98.8553 		2.854
v 95.6471 		99.1251 		2.854
v 94.6776 		98.4461 		2.854
v 94.9475 		98.6352 		2.854
v 94.2099 		98.1186 		2.854
v 94.527 		98.3408 		2.854
v 94.3165 		98.1934 		6.354
v 94.4353 		98.2767 		2.854
v 97.16 		100.184 		7.843
v 97.45 		100.388 		7.312
v 97.7852 		100.6219 		5.4844
v 97.951 		100.738 		5.511
v 97.7852 		100.6219 		4.2656
v 97.7851 		100.622 		4.875
v 97.951 		100.738 		4.239
v 97.785 		100.6221 		3.3831
v 97.785 		100.6222 		3.6339
v 97.849 		100.667 		3.613
v 97.6184 		100.5054 		2.854
v 97.7849 		100.6223 		3.3831
v 117.68 		120.026 		9.75
v 117.679 		120.0275 		9.75
v 117.679 		120.0275 		0
v 117.68 		120.026 		0
v 91.4187 		101.6402 		0
v 155.772 		128.7 		8.322
v 156.192 		128.7 		7.843
v 156.547 		128.7 		7.312
v 156.829 		128.7 		6.741
v 157.034 		128.7 		6.137
v 157.158 		128.7 		5.511
v 157.2 		128.7 		4.875
v 157.158 		128.7 		4.239
v 157.034 		128.7 		3.613
v 156.829 		128.7 		3.009
v 154.563 		128.7 		4.622
v 154.504 		128.7 		4.326
v 154.407 		128.7 		4.04
v 154.274 		128.7 		3.769
v 154.106 		128.7 		3.518
v 153.906 		128.7 		3.29
v 153.679 		128.7 		3.091
v 153.428 		128.7 		2.923
v 153.157 		128.7 		2.79
v 153.679 		128.7 		6.756
v 153.906 		128.7 		6.557
v 154.106 		128.7 		6.33
v 154.274 		128.7 		6.079
v 154.407 		128.7 		5.808
v 154.504 		128.7 		5.522
v 154.563 		128.7 		5.225
v 154.583 		128.7 		4.924
v 152.575 		128.7 		7.214
v 152.871 		128.7 		7.155
v 153.157 		128.7 		7.058
v 153.428 		128.7 		6.924
v 152.961 		128.7 		9.708
v 153.586 		128.7 		9.584
v 154.19 		128.7 		9.379
v 154.762 		128.7 		9.097
v 155.292 		128.7 		8.743
v 155.433 		124.17 		6.553
v 155.636 		124.17 		6.142
v 155.783 		124.17 		5.708
v 155.873 		124.17 		5.258
v 155.902 		124.17 		4.8
v 155.873 		124.17 		4.343
v 155.783 		124.17 		3.893
v 155.636 		124.17 		3.459
v 155.433 		124.17 		3.047
v 123.314 		105.133 		2.854
v 155.772 		124.17 		8.322
v 156.829 		124.17 		3.009
v 157.034 		124.17 		3.613
v 157.158 		124.17 		4.239
v 157.2 		124.17 		4.875
v 157.158 		124.17 		5.511
v 157.034 		124.17 		6.137
v 156.829 		124.17 		6.741
v 156.547 		124.17 		7.312
v 156.192 		124.17 		7.843
v 128.024 		108.431 		2.854
v 152.847 		124.17 		8.306
v 152.847 		124.17 		8.2765
v 152.854 		124.17 		8.276
v 153.304 		124.17 		8.187
v 153.738 		124.17 		8.039
v 124.596 		106.0307 		2.884
v 154.15 		124.17 		7.836
v 122.667 		111.626 		2.854
v 154.531 		124.17 		7.582
v 122.79 		111.579 		2.854
v 122.905 		111.515 		2.854
v 123.011 		111.438 		2.854
v 123.106 		111.347 		2.854
v 154.19 		124.17 		9.379
v 153.586 		124.17 		9.584
v 152.961 		124.17 		9.708
v 123.188 		111.244 		2.854
v 154.876 		124.17 		7.279
v 123.256 		111.132 		2.854
v 155.178 		124.17 		6.934
v 123.309 		111.012 		2.854
v 123.346 		110.885 		2.854
v 123.366 		110.755 		2.854
v 123.369 		110.624 		2.854
v 123.355 		110.493 		2.854
v 155.292 		124.17 		8.743
v 154.762 		124.17 		9.097
v 123.323 		110.366 		2.854
v 123.276 		110.243 		2.854
v 123.213 		110.128 		2.854
v 123.135 		110.022 		2.854
v 123.044 		109.927 		2.854
v 122.941 		109.845 		2.854
v 122.829 		109.776 		2.854
v 122.709 		109.724 		2.854
v 155.433 		126.285 		6.553
v 155.636 		126.285 		6.142
v 155.783 		126.285 		5.708
v 155.873 		126.285 		5.258
v 155.902 		126.285 		4.8
v 155.873 		126.285 		4.343
v 155.783 		126.285 		3.893
v 155.636 		126.285 		3.459
v 155.433 		126.285 		3.047
v 122.667 		111.626 		6.354
v 122.79 		111.579 		6.354
v 154.563 		126.285 		4.622
v 122.905 		111.515 		6.354
v 123.011 		111.438 		6.354
v 154.504 		126.285 		4.326
v 123.106 		111.347 		6.354
v 123.188 		111.244 		6.354
v 154.407 		126.285 		4.04
v 154.274 		126.285 		3.769
v 154.106 		126.285 		3.518
v 153.906 		126.285 		3.29
v 153.679 		126.285 		3.091
v 153.428 		126.285 		2.923
v 153.157 		126.285 		2.79
v 153.679 		126.285 		6.756
v 153.906 		126.285 		6.557
v 154.106 		126.285 		6.33
v 154.274 		126.285 		6.079
v 154.407 		126.285 		5.808
v 154.504 		126.285 		5.522
v 154.563 		126.285 		5.225
v 154.583 		126.285 		4.924
v 152.575 		126.802 		7.214
v 152.847 		126.802 		7.1598
v 152.871 		126.285 		7.155
v 152.847 		126.285 		7.1598
v 153.157 		126.285 		7.058
v 153.428 		126.285 		6.924
v 152.847 		126.802 		8.306
v 152.847 		126.285 		8.2765
v 152.854 		126.285 		8.276
v 153.304 		126.285 		8.187
v 153.738 		126.285 		8.039
v 154.15 		126.285 		7.836
v 154.531 		126.285 		7.582
v 154.876 		126.285 		7.279
v 155.178 		126.285 		6.934
v 102.6811 		93.629 		6.354
v 98.448 		99.6752 		2.854
v 103.959 		91.74 		2.884
v 104.064 		91.379 		2.884
v 104.121 		91.007 		2.884
v 104.129 		90.631 		2.884
v 104.088 		90.257 		2.884
v 103.999 		89.892 		2.884
v 103.863 		89.541 		2.884
v 103.682 		89.212 		2.884
v 103.459 		88.908 		2.884
v 103.199 		88.637 		2.884
v 102.906 		88.401 		2.884
v 102.585 		88.206 		2.884
v 102.24 		88.055 		2.884
v 102.068 		91.1715 		2.884
v 103.0171 		91.836 		2.884
v 100.0922 		89.788 		2.884
v 101.879 		87.95 		2.884
v 101.508 		87.892 		2.884
v 101.132 		87.884 		2.884
v 100.456 		90.0427 		2.884
v 104.129 		90.631 		6.384
v 104.121 		91.007 		6.384
v 104.064 		91.379 		6.384
v 103.959 		91.74 		6.384
v 102.24 		88.055 		6.384
v 102.585 		88.206 		6.384
v 102.906 		88.401 		6.384
v 103.199 		88.637 		6.384
v 103.459 		88.908 		6.384
v 103.682 		89.212 		6.384
v 103.863 		89.541 		6.384
v 103.999 		89.892 		6.384
v 104.088 		90.257 		6.384
v 101.132 		87.884 		6.384
v 101.508 		87.892 		6.384
v 101.879 		87.95 		6.384
v 95.083 		104.26 		6.741
v 95.251 		104.378 		6.137
v 95.353 		104.449 		5.511
v 95.387 		104.473 		4.875
v 95.353 		104.449 		4.239
v 95.251 		104.378 		3.613
v 95.083 		104.26 		3.009
v 123.256 		111.132 		6.354
v 123.309 		111.012 		6.354
v 123.346 		110.885 		6.354
v 123.366 		110.755 		6.354
v 123.369 		110.624 		6.354
v 123.355 		110.493 		6.354
v 123.323 		110.366 		6.354
v 98.988 		95.559 		2.854
v 123.276 		110.243 		6.354
v 123.213 		110.128 		6.354
v 123.135 		110.022 		6.354
v 98.515 		91.621 		6.384
v 102.802 		93.181 		6.384
v 102.472 		93.362 		6.384
v 102.122 		93.498 		6.384
v 103.105 		92.959 		6.384
v 99.055 		92.605 		6.384
v 98.832 		92.301 		6.384
v 98.651 		91.972 		6.384
v 101.756 		93.588 		6.384
v 101.383 		93.629 		6.384
v 101.007 		93.621 		6.384
v 100.635 		93.563 		6.384
v 100.274 		93.458 		6.384
v 99.93 		93.307 		6.384
v 99.608 		93.112 		6.384
v 99.315 		92.876 		6.384
v 98.5983 		91.836 		6.354
v 98.515 		91.621 		6.354
v 103.105 		92.959 		6.354
v 102.802 		93.181 		6.354
v 102.472 		93.362 		6.354
v 102.122 		93.498 		6.354
v 102.068 		93.5113 		6.354
v 101.756 		93.588 		6.354
v 101.383 		93.629 		6.354
v 101.007 		93.621 		6.354
v 100.635 		93.563 		6.354
v 100.456 		93.5109 		6.354
v 100.274 		93.458 		6.354
v 99.93 		93.307 		6.354
v 99.608 		93.112 		6.354
v 99.315 		92.876 		6.354
v 99.055 		92.605 		6.354
v 98.832 		92.301 		6.354
v 98.651 		91.972 		6.354
v 100.456 		95.672 		6.354
v 95.1084 		104.2237 		6.741
v 95.1061 		104.2221 		6.7466
v 95.2766 		104.3415 		6.137
v 95.3784 		104.4128 		5.511
v 95.4125 		104.4366 		4.875
v 95.3784 		104.4128 		4.239
v 95.2766 		104.3415 		3.613
v 95.1084 		104.2237 		3.009
v 95.0155 		104.1586 		2.779
v 94.562 		103.895 		1.907
v 94.217 		103.654 		1.428
v 94.852 		104.098 		2.437
v 94.966 		104.124 		2.6565
v 94.8795 		104.0635 		2.4426
v 94.8773 		104.0619 		2.437
v 94.5901 		103.8608 		1.9122
v 94.5873 		103.8588 		1.907
v 94.2448 		103.619 		1.4311
v 94.2426 		103.6175 		1.428
v 93.876 		103.3608 		1.0352
v 91.915 		102.042 		0.042
v 91.393 		101.677 		0
v 91.9408 		102.0058 		0.0421
v 91.9405 		102.0056 		0.042
v 92.0411 		102.076 		0.0663
v 91.4239 		101.6439 		0.0004
v 91.4191 		101.6405 		0
v 93.824 		103.379 		1.007
v 92.427 		102.401 		0.166
v 93.39 		103.075 		0.653
v 92.922 		102.747 		0.371
v 93.8535 		103.3451 		1.0112
v 93.8497 		103.3424 		1.007
v 93.4199 		103.0414 		0.6565
v 93.4156 		103.0384 		0.653
v 92.9475 		102.7106 		0.371
v 92.4527 		102.3642 		0.166
# 1078 vertices

g group_7_6383466

usemtl color_6383466
s 0

f 4482 	4457 	4415
f 4420 	4424 	4419
f 4421 	4424 	4420
f 4424 	5381 	4419
f 4422 	4424 	4421
f 4423 	4424 	4422
f 4418 	4419 	5381
f 4429 	5387 	4428
f 4427 	4428 	5387
f 4426 	4427 	5387
f 4430 	5387 	4429
f 4442 	4425 	5387
f 4422 	4425 	4431
f 4422 	4431 	4423
f 4421 	4426 	4425
f 4421 	4425 	4422
f 4420 	4427 	4426
f 4420 	4426 	4421
f 4419 	4428 	4427
f 4419 	4427 	4420
f 4418 	4429 	4428
f 4418 	4428 	4419
f 4417 	4430 	4429
f 4417 	4429 	4418
f 4432 	4433 	4434
f 4432 	4434 	4435
f 4433 	4436 	4437
f 4433 	4437 	4434
f 4424 	4423 	4416
f 4416 	4423 	4415
f 4431 	4415 	4423
f 4438 	4439 	4440
f 4425 	4426 	5387
f 4443 	4441 	5387
f 4446 	4443 	5387
f 4445 	4446 	5387
f 4448 	4449 	4443
f 4448 	4443 	4446
f 4449 	4450 	4441
f 4449 	4441 	4443
f 4450 	4451 	4442
f 4450 	4442 	4441
f 4425 	4442 	4431
f 4451 	4431 	4442
f 4452 	4453 	4447
f 4453 	4454 	4444
f 4453 	4444 	4447
f 4455 	4445 	4444
f 4455 	4444 	4454
f 4456 	4446 	4445
f 4456 	4445 	4455
f 4446 	4456 	4448
f 4454 	4482 	4455
f 4448 	4482 	4449
f 4449 	4482 	4450
f 4451 	4450 	4415
f 4482 	4415 	4450
f 4431 	4451 	4415
f 4452 	4482 	4453
f 4454 	4453 	4482
f 4455 	4482 	4456
f 4448 	4456 	4482
f 4416 	4415 	4457
f 4465 	4458 	4459
f 4465 	4459 	4438
f 4438 	4459 	4439
f 4533 	4464 	4537
f 4468 	4536 	4467
f 4506 	4505 	4470
f 5477 	4474 	4465
f 4462 	4901 	4518
f 4465 	4474 	4475
f 4458 	4465 	4475
f 4506 	4470 	4467
f 4465 	4438 	4466
f 4899 	4466 	4438
f 4462 	4466 	4901
f 4899 	4901 	4466
f 4463 	4531 	4468
f 4492 	4463 	4468
f 4494 	4468 	4467
f 4467 	4470 	4494
f 4496 	4497 	4471
f 4484 	4522 	5059
f 4522 	4513 	5059
f 4482 	5059 	4513
f 4499 	4522 	5105
f 5156 	5105 	4483
f 4476 	4478 	4460
f 4523 	4524 	4457
f 5165 	4839 	4486
f 4486 	4485 	4896
f 4508 	4507 	4461
f 4460 	4461 	4507
f 4507 	4511 	4460
f 4471 	4508 	4461
f 4480 	4481 	4499
f 4464 	4463 	4492
f 4464 	4492 	4491
f 4500 	4501 	4499
f 4481 	4500 	4499
f 4492 	4468 	4493
f 4468 	4494 	4493
f 4470 	4495 	4494
f 4469 	4497 	4470
f 4495 	4470 	4497
f 4461 	4460 	4478
f 4469 	4471 	4497
f 4478 	4479 	4461
f 4488 	4476 	4460
f 4477 	4476 	4488
f 4538 	4490 	4498
f 4542 	4499 	4501
f 4488 	4487 	4477
f 4506 	4457 	4505
f 4482 	4505 	4457
f 4506 	4503 	4457
f 4513 	4514 	4482
f 4503 	4467 	4504
f 4536 	4504 	4467
f 4540 	4502 	4490
f 4504 	4457 	4503
f 4469 	4470 	4505
f 4509 	4482 	4508
f 4505 	4482 	4509
f 4507 	4508 	4482
f 4511 	4482 	4510
f 4507 	4482 	4511
f 4487 	4488 	4510
f 4511 	4510 	4488
f 4502 	4487 	4489
f 4482 	4512 	4510
f 4514 	4516 	4482
f 4482 	4515 	4512
f 4487 	4502 	4477
f 4515 	4489 	4512
f 4489 	4487 	4512
f 4510 	4512 	4487
f 4489 	4490 	4502
f 4515 	4482 	4516
f 4490 	4489 	4515
f 4490 	4515 	4516
f 4488 	4460 	4511
f 4471 	4509 	4508
f 4505 	4509 	4469
f 4471 	4469 	4509
f 4467 	4503 	4506
f 4513 	4498 	4514
f 4514 	4498 	4516
f 4498 	4490 	4516
f 4483 	5105 	4484
f 4484 	5105 	4522
f 4513 	4522 	4499
f 4513 	4499 	4498
f 4479 	4471 	4461
f 4479 	4496 	4471
f 4524 	4485 	4457
f 4485 	4486 	4457
f 4525 	4527 	4457
f 4525 	4457 	4526
f 4523 	4457 	4527
f 4526 	4900 	4525
f 4526 	4457 	4528
f 4528 	4902 	4526
f 4530 	4457 	4529
f 4528 	4457 	4530
f 4529 	4897 	4530
f 4533 	4537 	4457
f 4529 	4457 	4534
f 4532 	4533 	4457
f 4531 	4532 	4457
f 4504 	4536 	4457
f 4464 	4532 	4463
f 4531 	4463 	4532
f 4531 	4457 	4535
f 4536 	4468 	4535
f 4898 	4537 	4464
f 4535 	4457 	4536
f 4531 	4535 	4468
f 4534 	4898 	4529
f 4534 	4457 	4537
f 4532 	4464 	4533
f 4897 	4529 	4898
f 4537 	4898 	4534
f 4896 	4485 	4524
f 4540 	4490 	4538
f 4539 	4538 	4499
f 4498 	4499 	4538
f 4544 	4539 	4543
f 4542 	4543 	4539
f 4542 	4539 	4499
f 5465 	5466 	4541
f 5467 	5465 	4541
f 4472 	4473 	4437
f 4472 	4437 	4436
f 4545 	4546 	4473
f 4545 	4473 	4472
f 4547 	4548 	4546
f 4547 	4546 	4545
f 4549 	4550 	4548
f 4549 	4548 	4547
f 4551 	4552 	4550
f 4551 	4550 	4549
f 4555 	4552 	4554
f 4556 	4552 	4555
f 4553 	4554 	4551
f 4551 	4554 	4552
f 5403 	5404 	4541
f 4559 	4560 	4561
f 4558 	4560 	4557
f 4561 	4560 	4558
f 4562 	4557 	4560
f 4641 	4636 	4541
f 4570 	4583 	4562
f 4641 	4541 	4633
f 4561 	4564 	4559
f 4563 	4559 	4564
f 4560 	4559 	4568
f 4563 	4567 	4559
f 4560 	4568 	4562
f 4538 	4541 	4540
f 4541 	5486 	5484
f 4566 	4565 	4575
f 4566 	4575 	4576
f 4541 	5476 	5477
f 4541 	4466 	4462
f 4568 	4559 	4567
f 4518 	4517 	4541
f 4569 	4570 	4568
f 4569 	4568 	4567
f 4571 	4572 	4573
f 4571 	4573 	4574
f 4585 	4571 	4574
f 4492 	4493 	4541
f 4569 	4572 	4571
f 4585 	4570 	4571
f 4569 	4571 	4570
f 4494 	4495 	4541
f 4568 	4570 	4562
f 4541 	4497 	4496
f 4576 	4575 	4577
f 4576 	4577 	4578
f 4578 	4577 	4579
f 4578 	4579 	4580
f 4581 	4582 	4580
f 4581 	4580 	4579
f 4583 	4584 	4582
f 4583 	4582 	4581
f 4585 	4586 	4584
f 4585 	4584 	4583
f 4493 	4494 	4541
f 4586 	4585 	4574
f 4491 	4492 	4541
f 4520 	4519 	4541
f 4577 	4575 	5337
f 4577 	5338 	4579
f 4579 	5339 	4581
f 4565 	5337 	4575
f 4581 	5340 	4583
f 4557 	4562 	4583
f 4585 	4583 	4570
f 4624 	4612 	4588
f 4589 	4613 	4590
f 4591 	4590 	4592
f 4591 	4592 	4593
f 4587 	4642 	4594
f 4642 	4643 	4594
f 4595 	4594 	4643
f 4597 	4640 	4598
f 4638 	4639 	4596
f 4640 	4625 	4598
f 4599 	4598 	4625
f 4902 	4903 	4521
f 4520 	4903 	4897
f 4616 	4617 	4602
f 4520 	4521 	4903
f 4519 	4520 	4897
f 4618 	4619 	4604
f 4608 	4622 	4609
f 4544 	4543 	4611
f 4609 	4623 	4610
f 4610 	4624 	4588
f 4543 	4542 	4611
f 4612 	4613 	4589
f 4592 	4590 	4613
f 4614 	4475 	4474
f 4615 	4481 	4480
f 4615 	4500 	4481
f 4615 	4501 	4500
f 4605 	4604 	4619
f 4619 	4620 	4605
f 4606 	4605 	4620
f 4621 	4606 	4620
f 4622 	4623 	4609
f 4624 	4610 	4623
f 4589 	4588 	4612
f 4622 	4607 	4621
f 4607 	4622 	4608
f 4606 	4621 	4607
f 4604 	4603 	4618
f 4617 	4618 	4603
f 4603 	4602 	4617
f 4616 	4602 	4601
f 4600 	4599 	4626
f 4626 	4627 	4600
f 4601 	4600 	4627
f 4616 	4601 	4627
f 4615 	4611 	4501
f 4542 	4501 	4611
f 4631 	4632 	4440
f 4631 	4440 	4439
f 4628 	4635 	4630
f 4643 	4638 	4595
f 4630 	4637 	4587
f 4439 	4459 	4631
f 4459 	4458 	4631
f 4614 	4631 	4458
f 4475 	4614 	4458
f 4629 	4634 	4628
f 4635 	4628 	4634
f 4637 	4630 	4635
f 4642 	4587 	4637
f 4625 	4626 	4599
f 4640 	4597 	4639
f 4596 	4595 	4638
f 4597 	4596 	4639
f 4644 	4592 	4645
f 4644 	4646 	4593
f 4644 	4593 	4592
f 4641 	4663 	4636
f 4664 	4636 	4663
f 4647 	4630 	4587
f 4647 	4587 	4648
f 4664 	4667 	4636
f 4594 	4649 	4587
f 4648 	4587 	4649
f 4588 	4650 	4651
f 4589 	4652 	4650
f 4589 	4650 	4588
f 4653 	4633 	4654
f 4590 	4655 	4652
f 4590 	4652 	4589
f 4633 	4657 	4654
f 4591 	4656 	4655
f 4591 	4655 	4590
f 4659 	4641 	4658
f 4633 	4658 	4641
f 4656 	4591 	4660
f 4653 	4658 	4633
f 4661 	4613 	4612
f 4661 	4612 	4662
f 4659 	4663 	4641
f 4661 	4645 	4613
f 4592 	4613 	4645
f 4665 	4666 	4625
f 4665 	4625 	4640
f 5457 	5402 	4667
f 4666 	4668 	4626
f 4666 	4626 	4625
f 4668 	4669 	4627
f 4668 	4627 	4626
f 4669 	4670 	4616
f 4669 	4616 	4627
f 4671 	4617 	4616
f 4671 	4616 	4670
f 4672 	4618 	4617
f 4672 	4617 	4671
f 4673 	4619 	4618
f 4673 	4618 	4672
f 4674 	4620 	4619
f 4674 	4619 	4673
f 4675 	4621 	4620
f 4675 	4620 	4674
f 4621 	4677 	4622
f 4675 	4677 	4621
f 4676 	4622 	4677
f 4678 	4623 	4622
f 4678 	4622 	4676
f 4679 	4624 	4623
f 4679 	4623 	4678
f 4612 	4624 	4680
f 4612 	4680 	4662
f 4680 	4624 	4679
f 4649 	4594 	4682
f 4682 	4594 	4595
f 4682 	4595 	4684
f 4684 	4595 	4596
f 4684 	4596 	4685
f 4597 	4686 	4685
f 4597 	4685 	4596
f 4598 	4687 	4686
f 4598 	4686 	4597
f 4599 	4688 	4687
f 4599 	4687 	4598
f 4600 	4689 	4688
f 4600 	4688 	4599
f 4693 	4681 	4692
f 4539 	4544 	4681
f 4601 	4690 	4689
f 4601 	4689 	4600
f 4696 	4683 	4695
f 4601 	4691 	4690
f 4693 	4695 	4681
f 4683 	4681 	4695
f 4691 	4601 	4602
f 4692 	4681 	4544
f 4603 	4694 	4691
f 4603 	4691 	4602
f 4604 	4697 	4694
f 4604 	4694 	4603
f 4698 	4683 	4696
f 4605 	4699 	4697
f 4605 	4697 	4604
f 4606 	4702 	4699
f 4606 	4699 	4605
f 4607 	4705 	4702
f 4607 	4702 	4606
f 4608 	4706 	4705
f 4608 	4705 	4607
f 4609 	4707 	4706
f 4609 	4706 	4608
f 4609 	4708 	4707
f 4610 	4709 	4708
f 4610 	4708 	4609
f 4723 	4701 	4722
f 4709 	4610 	4651
f 4588 	4651 	4610
f 4722 	4701 	4703
f 4723 	4725 	4701
f 4556 	4555 	4710
f 4556 	4710 	4634
f 4710 	4711 	4635
f 4710 	4635 	4634
f 4711 	4712 	4637
f 4711 	4637 	4635
f 4633 	4704 	4657
f 4727 	4657 	4704
f 4642 	4637 	4713
f 4712 	4713 	4637
f 4642 	4713 	4714
f 4714 	4715 	4643
f 4714 	4643 	4642
f 4698 	4716 	4700
f 4683 	4698 	4700
f 4718 	4638 	4717
f 4638 	4643 	4717
f 4715 	4717 	4643
f 4716 	4719 	4703
f 4716 	4703 	4700
f 4720 	4639 	4638
f 4720 	4638 	4718
f 4721 	4640 	4639
f 4721 	4639 	4720
f 4640 	4721 	4665
f 4719 	4722 	4703
f 4704 	4701 	4725
f 4628 	4724 	4726
f 4628 	4726 	4629
f 4704 	4725 	4727
f 4630 	4728 	4724
f 4630 	4724 	4628
f 4630 	4647 	4728
f 4564 	4561 	4629
f 4564 	4629 	4726
f 4645 	4730 	4644
f 4646 	4644 	4730
f 4730 	4645 	4661
f 4730 	4661 	4662
f 4730 	4662 	4680
f 4729 	4710 	4555
f 4710 	4729 	4711
f 4669 	4729 	4670
f 4729 	4666 	4665
f 4666 	4729 	4668
f 4669 	4668 	4729
f 4729 	4730 	4670
f 4718 	4729 	4720
f 4665 	4721 	4729
f 4720 	4729 	4721
f 4671 	4670 	4730
f 4711 	4729 	4712
f 4712 	4729 	4713
f 4718 	4717 	4729
f 4715 	4714 	4729
f 4715 	4729 	4717
f 4713 	4729 	4714
f 4538 	4539 	4541
f 4679 	4678 	4730
f 4673 	4730 	4674
f 4671 	4730 	4672
f 4672 	4730 	4673
f 4674 	4730 	4675
f 4677 	4675 	4730
f 4678 	4676 	4730
f 4677 	4730 	4676
f 4680 	4679 	4730
f 4731 	4732 	4733
f 4731 	4733 	4734
f 4735 	4736 	4737
f 4735 	4737 	4738
f 4733 	4928 	4739
f 4733 	4739 	4734
f 4735 	4740 	4736
f 4737 	4934 	4741
f 4737 	4741 	4738
f 4736 	4931 	4737
f 4731 	4742 	4732
f 4935 	4732 	4742
f 4739 	4928 	4743
f 4945 	4931 	4744
f 4541 	4539 	4681
f 4730 	5220 	4744
f 4683 	4700 	4541
f 4745 	4746 	5282
f 4683 	4541 	4681
f 4748 	5282 	4747
f 4749 	5282 	4748
f 4750 	5282 	4749
f 4751 	5282 	4750
f 4752 	5282 	4751
f 4746 	4747 	5282
f 4755 	4756 	4754
f 4756 	4757 	4754
f 4757 	4758 	4754
f 4758 	4759 	4754
f 4759 	4760 	4754
f 4753 	4754 	4760
f 4760 	4553 	4753
f 4574 	4753 	4553
f 4746 	4761 	4762
f 4745 	4763 	4761
f 4745 	4761 	4746
f 4747 	4765 	4766
f 4747 	4766 	4748
f 4762 	4765 	4747
f 4762 	4747 	4746
f 4751 	4767 	4768
f 4751 	4768 	4752
f 4750 	4769 	4767
f 4750 	4767 	4751
f 4749 	4770 	4769
f 4749 	4769 	4750
f 4770 	4749 	4771
f 4749 	4748 	4771
f 4766 	4771 	4748
f 4768 	4764 	4752
f 5282 	4752 	4764
f 4760 	4772 	4554
f 4760 	4554 	4553
f 4760 	4759 	4773
f 4760 	4773 	4772
f 4759 	4758 	4775
f 4759 	4775 	4773
f 4776 	4777 	4757
f 4758 	4757 	4777
f 4758 	4777 	4775
f 4757 	4756 	4779
f 4757 	4779 	4776
f 4781 	4755 	4782
f 4756 	4755 	4781
f 4756 	4781 	4779
f 4754 	4784 	4782
f 4754 	4782 	4755
f 4574 	4573 	4753
f 4791 	4753 	4573
f 4754 	4753 	4791
f 4754 	4791 	4784
f 4762 	4761 	4803
f 4761 	4763 	4803
f 4803 	4766 	4765
f 4765 	4762 	4803
f 4803 	4771 	4766
f 4554 	4772 	4797
f 4773 	4775 	4797
f 4772 	4773 	4797
f 4775 	4777 	4797
f 4797 	4779 	4800
f 4797 	4777 	4776
f 4779 	4797 	4776
f 4781 	4800 	4779
f 4782 	4800 	4781
f 4769 	4770 	4802
f 4767 	4769 	4802
f 4803 	4802 	4770
f 4768 	4767 	4802
f 4803 	4770 	4771
f 4803 	4735 	4802
f 4738 	4731 	4802
f 4800 	4802 	4731
f 4731 	4734 	4800
f 4797 	4800 	4734
f 4797 	4734 	4743
f 4738 	4802 	4735
f 4744 	4740 	4803
f 4741 	4742 	4738
f 4734 	4739 	4743
f 4735 	4803 	4740
f 4731 	4738 	4742
f 4730 	4803 	4646
f 4763 	4646 	4803
f 4744 	4803 	4730
f 4797 	4555 	4554
f 4729 	4555 	4797
f 4797 	4743 	4729
f 4724 	4804 	4805
f 4724 	4805 	4726
f 4728 	4806 	4804
f 4728 	4804 	4724
f 4647 	4806 	4728
f 4806 	4824 	4567
f 4808 	4809 	4834
f 4811 	4812 	4834
f 4726 	4805 	4563
f 4726 	4563 	4564
f 4807 	4649 	4682
f 4808 	4807 	4682
f 4808 	4682 	4684
f 4808 	4834 	4807
f 4809 	4808 	4684
f 4809 	4684 	4685
f 4807 	4834 	4824
f 4686 	4810 	4809
f 4686 	4809 	4685
f 4834 	4567 	4824
f 4810 	4834 	4809
f 4687 	4811 	4810
f 4687 	4810 	4686
f 4688 	4812 	4811
f 4688 	4811 	4687
f 4689 	4813 	4812
f 4689 	4812 	4688
f 4811 	4834 	4810
f 4690 	4814 	4813
f 4690 	4813 	4689
f 4813 	4814 	4834
f 4691 	4815 	4814
f 4691 	4814 	4690
f 4814 	4815 	4834
f 4833 	4834 	4815
f 4694 	4816 	4815
f 4694 	4815 	4691
f 4817 	4833 	4816
f 4697 	4817 	4816
f 4697 	4816 	4694
f 4699 	4818 	4817
f 4699 	4817 	4697
f 4702 	4819 	4818
f 4702 	4818 	4699
f 4705 	4820 	4819
f 4705 	4819 	4702
f 4820 	4833 	4819
f 4706 	4821 	4820
f 4706 	4820 	4705
f 4821 	4833 	4820
f 4707 	4822 	4821
f 4707 	4821 	4706
f 4822 	4823 	4833
f 4708 	4822 	4707
f 4822 	4708 	4823
f 4709 	4823 	4708
f 4651 	4823 	4709
f 4830 	4833 	4825
f 4824 	4806 	4647
f 4824 	4647 	4648
f 4648 	4649 	4824
f 4807 	4824 	4649
f 4823 	4651 	4825
f 4650 	4825 	4651
f 4652 	4826 	4825
f 4652 	4825 	4650
f 4655 	4827 	4826
f 4655 	4826 	4652
f 4656 	4828 	4827
f 4656 	4827 	4655
f 4827 	4830 	4826
f 4828 	4830 	4827
f 4829 	4828 	4656
f 4829 	4656 	4660
f 4823 	4825 	4833
f 4825 	4826 	4830
f 4830 	4828 	4829
f 4830 	4764 	4768
f 4563 	4805 	4567
f 4805 	4804 	4567
f 4804 	4806 	4567
f 4782 	4784 	4831
f 4569 	4567 	4831
f 4572 	4832 	4791
f 4572 	4791 	4573
f 4791 	4832 	4831
f 4791 	4831 	4784
f 4572 	4569 	4832
f 4831 	4832 	4569
f 4812 	4813 	4834
f 4815 	4816 	4833
f 4817 	4818 	4833
f 4818 	4819 	4833
f 4821 	4822 	4833
f 4800 	4782 	4834
f 4782 	4831 	4834
f 4567 	4834 	4831
f 4830 	4768 	4833
f 4802 	4833 	4768
f 4834 	4833 	4802
f 4834 	4802 	4800
f 4924 	4843 	4841
f 4841 	4840 	4924
f 4850 	4851 	4852
f 4850 	4852 	4853
f 4850 	4853 	4854
f 4850 	4854 	4855
f 4850 	4855 	4857
f 4850 	4857 	4858
f 4850 	4858 	4859
f 4850 	4859 	5157
f 5073 	4862 	4863
f 4502 	4540 	4541
f 4541 	4477 	4502
f 4886 	5217 	4869
f 4889 	4872 	4871
f 4873 	4877 	4874
f 4873 	4874 	4875
f 4877 	4876 	4874
f 4877 	4878 	4879
f 4877 	4879 	5209
f 4873 	4880 	4878
f 4873 	4878 	4877
f 4881 	4880 	4873
f 5214 	5217 	4883
f 4870 	4885 	4869
f 4887 	4869 	4885
f 4869 	4887 	4886
f 4888 	4885 	4872
f 4871 	4872 	4885
f 4889 	4888 	4872
f 4894 	4913 	4895
f 4892 	5202 	4895
f 4909 	4893 	4911
f 4890 	5200 	4893
f 4908 	4907 	4890
f 4898 	4519 	4897
f 4909 	4910 	4893
f 4491 	4519 	4898
f 4491 	4898 	4464
f 4892 	4911 	4893
f 4895 	4912 	4892
f 4438 	4632 	4896
f 4896 	4916 	4917
f 4438 	4440 	4632
f 4632 	4918 	4896
f 4917 	4915 	4896
f 4524 	4523 	4438
f 4899 	4438 	4523
f 4918 	4916 	4896
f 4900 	4901 	4525
f 4527 	4525 	4901
f 4900 	4526 	4902
f 4530 	4897 	4903
f 4891 	4904 	4905
f 4891 	4905 	4906
f 4923 	4919 	4906
f 4907 	4904 	4891
f 4891 	4890 	4907
f 4902 	4528 	4903
f 4530 	4903 	4528
f 4890 	4893 	4910
f 4910 	4908 	4890
f 4911 	4892 	4912
f 4912 	4895 	4914
f 4913 	4914 	4895
f 4915 	4913 	4894
f 4894 	4896 	4915
f 4901 	4899 	4527
f 4523 	4527 	4899
f 4900 	4518 	4901
f 4891 	4906 	4919
f 4900 	4902 	4517
f 4517 	4518 	4900
f 4902 	4521 	4517
f 4920 	4921 	4889
f 4920 	4919 	4922
f 4922 	4919 	4923
f 4922 	4921 	4920
f 4959 	4960 	4925
f 4945 	4959 	4925
f 4924 	4743 	4927
f 4438 	4896 	4524
f 4945 	4925 	4931
f 4928 	4927 	4743
f 4928 	4935 	4927
f 4926 	4927 	4935
f 4926 	4931 	4925
f 4934 	4931 	4926
f 4740 	4744 	4931
f 4934 	4926 	4935
f 4935 	4741 	4934
f 4742 	4741 	4935
f 4884 	4924 	4941
f 4958 	4945 	4957
f 4924 	4925 	4941
f 4882 	4941 	4925
f 4884 	4883 	4924
f 4883 	4886 	4924
f 4480 	4944 	4615
f 4945 	4946 	4947
f 4947 	4949 	4945
f 4945 	4944 	4946
f 4950 	4945 	4949
f 4952 	4945 	4951
f 4954 	4945 	4953
f 4787 	5033 	5416
f 5028 	4839 	4774
f 4778 	5029 	4774
f 5028 	4774 	5029
f 4950 	4951 	4945
f 4952 	4953 	4945
f 5030 	5029 	4780
f 4778 	4780 	5029
f 4955 	4956 	4945
f 4954 	4955 	4945
f 5030 	4780 	4783
f 4956 	4957 	4945
f 4959 	4945 	4958
f 4961 	4962 	4925
f 4960 	4961 	4925
f 4879 	4878 	4925
f 5034 	4787 	4788
f 5034 	4788 	4789
f 4962 	4879 	4925
f 4880 	4881 	4925
f 4878 	4880 	4925
f 4881 	4882 	4925
f 4792 	5037 	4790
f 5037 	4792 	4793
f 4886 	4887 	4924
f 5039 	4793 	4794
f 4885 	4924 	4887
f 4889 	4921 	4885
f 5039 	4794 	4795
f 4885 	4921 	4924
f 4885 	4888 	4889
f 4799 	5047 	4798
f 4966 	4967 	4965
f 4964 	4965 	4967
f 4964 	4967 	4968
f 4964 	4968 	4969
f 5047 	4799 	4801
f 5047 	4801 	5048
f 5052 	5048 	4835
f 4801 	4835 	5048
f 5052 	4835 	4836
f 5154 	4983 	4971
f 4972 	5154 	4971
f 4973 	5154 	4972
f 4974 	5154 	4973
f 4975 	5154 	4974
f 4976 	5154 	4975
f 4977 	5154 	4976
f 4978 	5154 	4977
f 4979 	5154 	4978
f 4980 	5154 	4979
f 4846 	5154 	4981
f 4848 	5154 	4846
f 4980 	4981 	5154
f 4982 	4984 	4985
f 4982 	4985 	4983
f 4984 	4986 	4987
f 4984 	4987 	4985
f 5058 	4838 	4839
f 4986 	4988 	4989
f 4986 	4989 	4987
f 4988 	4990 	4991
f 4988 	4991 	4989
f 4990 	4992 	4993
f 4990 	4993 	4991
f 4992 	4994 	4995
f 4992 	4995 	4993
f 4994 	4996 	4997
f 4994 	4997 	4995
f 4996 	4998 	4999
f 4996 	4999 	4997
f 4998 	5000 	5001
f 4998 	5001 	4999
f 4860 	5067 	4847
f 5000 	5002 	5003
f 5000 	5003 	5001
f 4861 	5069 	5067
f 4861 	5067 	4860
f 5002 	5004 	5005
f 5002 	5005 	5003
f 4964 	5005 	5004
f 5007 	5182 	5006
f 5007 	5006 	4846
f 5006 	5182 	5008
f 5006 	5008 	4848
f 5006 	4848 	4846
f 5008 	5009 	4850
f 5008 	4850 	4848
f 5009 	5182 	5010
f 4867 	5080 	4866
f 5009 	5010 	4851
f 5009 	4851 	4850
f 5080 	4867 	4868
f 5010 	5182 	5011
f 5010 	5011 	4852
f 5010 	4852 	4851
f 4930 	5085 	4929
f 5011 	5182 	5012
f 5011 	5012 	4853
f 5011 	4853 	4852
f 4479 	4478 	4541
f 4496 	4479 	4541
f 4936 	5091 	4933
f 4495 	4497 	4541
f 5091 	4936 	4937
f 4521 	4520 	4541
f 4517 	4521 	4541
f 4938 	4939 	5095
f 4462 	4518 	4541
f 5095 	4939 	4940
f 4541 	5477 	4465
f 4940 	4942 	5097
f 5099 	5097 	4943
f 4942 	4943 	5097
f 4465 	4466 	4541
f 5099 	4943 	4948
f 4541 	5484 	5476
f 4786 	5416 	5027
f 4476 	4477 	4541
f 4478 	4476 	4541
f 5032 	5031 	4785
f 5032 	4785 	5027
f 4786 	5027 	4785
f 5056 	5055 	4837
f 4838 	5058 	4837
f 4845 	4924 	4849
f 4849 	4924 	4856
f 5013 	4856 	4924
f 5014 	5013 	4924
f 5062 	5040 	4842
f 4541 	4703 	4701
f 4704 	4541 	4701
f 5270 	5116 	5016
f 4541 	5402 	5403
f 4862 	5069 	4861
f 5071 	5069 	4862
f 5020 	5116 	5021
f 5022 	5116 	5023
f 4541 	4636 	5402
f 5073 	5071 	4862
f 5024 	5116 	4840
f 5023 	5116 	5024
f 4924 	4840 	5116
f 5073 	4863 	4864
f 4868 	5083 	5080
f 4929 	5084 	4868
f 5085 	4930 	4932
f 5089 	4932 	4933
f 4948 	5100 	5099
f 4541 	4700 	4703
f 5030 	4783 	5031
f 4541 	5404 	5405
f 4783 	4785 	5031
f 5026 	5416 	5033
f 5034 	5033 	4787
f 4541 	4704 	4633
f 4789 	5035 	5034
f 5035 	4789 	4790
f 5035 	4790 	5036
f 5037 	5036 	4790
f 4793 	5038 	5037
f 5039 	5038 	4793
f 4795 	5040 	5039
f 5012 	5182 	5041
f 4795 	4842 	5040
f 5012 	5041 	4854
f 5012 	4854 	4853
f 5182 	5042 	5043
f 5043 	5041 	5182
f 4798 	5045 	4796
f 5044 	4796 	5045
f 4854 	5043 	4855
f 5046 	4855 	5043
f 5046 	5043 	5042
f 5045 	4798 	5047
f 5041 	5043 	4854
f 5049 	5050 	5051
f 5053 	5054 	5049
f 5054 	5050 	5049
f 5052 	4836 	5055
f 4855 	5046 	5050
f 5051 	5050 	5046
f 4836 	4837 	5055
f 4855 	5050 	4857
f 5057 	4857 	5054
f 5057 	5054 	5053
f 5056 	4837 	5058
f 5054 	4857 	5050
f 5058 	4839 	5059
f 5060 	4858 	4857
f 5060 	4857 	5057
f 5059 	4839 	5028
f 5061 	4859 	4858
f 5061 	4858 	5060
f 5061 	5157 	4859
f 5062 	4842 	5063
f 4844 	5063 	4842
f 5065 	4926 	5064
f 5076 	4926 	5065
f 5068 	5064 	4926
f 5063 	4844 	5066
f 4847 	5066 	4844
f 4965 	5065 	5064
f 4965 	5064 	4966
f 4847 	5067 	5066
f 5068 	4926 	5070
f 5064 	5068 	4967
f 5064 	4967 	4966
f 5068 	5070 	4968
f 5068 	4968 	4967
f 5072 	4926 	5074
f 5070 	5072 	4969
f 5070 	4969 	4968
f 5072 	5074 	4969
f 5073 	4864 	5075
f 4865 	5077 	5075
f 4865 	5075 	4864
f 5077 	4865 	5078
f 4866 	5078 	4865
f 5004 	5079 	4964
f 5080 	5078 	4866
f 5076 	5065 	5081
f 5079 	5082 	5081
f 4965 	4964 	5081
f 5079 	5081 	4964
f 5083 	4868 	5084
f 4965 	5081 	5065
f 5085 	5084 	4929
f 5074 	4926 	5086
f 5074 	5086 	4970
f 5074 	4970 	4969
f 5088 	5085 	4932
f 5086 	5087 	4971
f 5086 	4971 	4970
f 5088 	4932 	5089
f 5089 	4933 	5091
f 5087 	5090 	4972
f 5087 	4972 	4971
f 4937 	5093 	5091
f 5093 	4937 	4938
f 5093 	4938 	5094
f 5094 	4938 	5095
f 4940 	5096 	5095
f 5096 	4940 	5097
f 5090 	4926 	5098
f 4948 	4796 	5100
f 4796 	5044 	5100
f 5213 	5212 	5101
f 5214 	4884 	5101
f 5090 	5098 	4973
f 5090 	4973 	4972
f 5101 	4941 	4882
f 4941 	5101 	4884
f 5102 	5117 	5092
f 5103 	5119 	5102
f 5113 	5415 	5114
f 5184 	5183 	5108
f 5184 	5108 	5106
f 5092 	5314 	5102
f 5315 	5103 	5314
f 5102 	5314 	5103
f 5156 	5159 	5105
f 5103 	5315 	5104
f 5112 	5106 	4949
f 4950 	4949 	5106
f 5098 	5110 	4974
f 5098 	4974 	4973
f 5110 	5413 	5113
f 5110 	5113 	4975
f 5110 	4975 	4974
f 5113 	5114 	4976
f 5113 	4976 	4975
f 5114 	5418 	5115
f 5022 	5021 	5116
f 5019 	5116 	5020
f 5018 	5017 	5116
f 5017 	5016 	5116
f 5015 	5270 	5016
f 5015 	5025 	5270
f 5019 	5018 	5116
f 5114 	5115 	4977
f 5114 	4977 	4976
f 5115 	5092 	5117
f 5118 	5193 	4927
f 5109 	5208 	4957
f 5115 	5117 	4978
f 5115 	4978 	4977
f 4845 	4843 	4924
f 5117 	5102 	5119
f 5119 	4979 	4978
f 5119 	4978 	5117
f 4499 	5105 	4480
f 4944 	4480 	5105
f 5103 	5104 	5119
f 5007 	5126 	5182
f 5111 	4947 	4946
f 5111 	4946 	5105
f 4946 	4944 	5105
f 5123 	4980 	4979
f 5123 	4979 	5119
f 5125 	4926 	5124
f 5112 	4949 	4947
f 5112 	4947 	5111
f 5124 	4926 	5122
f 5127 	4926 	5125
f 5126 	4981 	4980
f 5126 	4980 	5123
f 5108 	4952 	4951
f 4950 	5106 	4951
f 5126 	5007 	4981
f 4846 	4981 	5007
f 5108 	4951 	5106
f 5130 	4925 	5129
f 4953 	4952 	5108
f 4925 	5130 	5120
f 5121 	4926 	5120
f 5122 	4926 	5121
f 5107 	4954 	4953
f 5108 	5107 	4953
f 5134 	5287 	5133
f 5132 	5133 	5287
f 5136 	5287 	5134
f 5109 	4956 	4955
f 5107 	5109 	4955
f 5137 	4925 	5135
f 4955 	4954 	5107
f 5140 	5287 	5138
f 5061 	5287 	5140
f 5139 	4925 	5137
f 5141 	4925 	5139
f 4956 	5109 	4957
f 5144 	5146 	5143
f 5145 	5146 	5144
f 5142 	5143 	5146
f 5028 	5029 	5178
f 5151 	4925 	5149
f 5149 	4925 	5148
f 5153 	4848 	5152
f 5154 	4848 	5153
f 5150 	5152 	4848
f 5150 	4848 	5155
f 5188 	5183 	5030
f 5159 	5156 	5059
f 4483 	4484 	5059
f 5129 	4925 	5151
f 5155 	4850 	5158
f 5157 	5158 	4850
f 5156 	4483 	5059
f 5131 	4982 	4983
f 5179 	5105 	5159
f 5182 	5126 	5161
f 5134 	5150 	5155
f 5134 	5155 	5136
f 5203 	4780 	5202
f 5166 	4839 	5165
f 5133 	5152 	5150
f 5133 	5150 	5134
f 5132 	5153 	5152
f 5132 	5152 	5133
f 5131 	5154 	5153
f 5131 	5153 	5132
f 4983 	5154 	5131
f 5166 	5165 	4896
f 5140 	5157 	5061
f 5170 	5182 	5169
f 5138 	5158 	5157
f 5138 	5157 	5140
f 5155 	5158 	5138
f 5155 	5138 	5136
f 4486 	4896 	5165
f 5424 	5426 	5174
f 5123 	5119 	5175
f 5173 	5144 	5143
f 5173 	5143 	5174
f 5104 	5175 	5119
f 5160 	5123 	5175
f 5143 	5142 	5177
f 5143 	5177 	5174
f 5179 	5159 	5028
f 5206 	5179 	5028
f 5184 	5176 	5029
f 5145 	5144 	5173
f 5145 	5173 	5172
f 5176 	5106 	5112
f 5181 	5142 	5180
f 5146 	5180 	5142
f 5009 	5008 	5182
f 5123 	5161 	5126
f 5160 	5161 	5123
f 5182 	5161 	5162
f 5182 	5162 	5163
f 5182 	5163 	5164
f 5168 	5182 	5167
f 5164 	5167 	5182
f 5168 	5169 	5182
f 5171 	5182 	5170
f 5178 	5206 	5028
f 5030 	5031 	5188
f 5127 	5128 	4926
f 4925 	5120 	4926
f 5107 	5108 	5183
f 5135 	5182 	5171
f 5182 	5135 	4925
f 5147 	4925 	5141
f 5147 	5148 	4925
f 5176 	5178 	5029
f 5188 	5187 	5109
f 5029 	5030 	5184
f 5183 	5184 	5030
f 4877 	5209 	5191
f 5201 	4785 	5200
f 5197 	4786 	5201
f 5365 	5416 	5199
f 5198 	5197 	4919
f 4891 	5201 	4890
f 5200 	4890 	5201
f 5200 	4783 	5203
f 4893 	5203 	4892
f 5202 	4892 	5203
f 5151 	5013 	5014
f 5205 	4778 	5207
f 5207 	4774 	5204
f 5204 	4774 	5166
f 5205 	4895 	5202
f 5200 	5203 	4893
f 4919 	5197 	4891
f 5201 	4891 	5197
f 5199 	5198 	4920
f 5191 	4876 	4877
f 5018 	5163 	5017
f 5183 	5188 	5107
f 5109 	5107 	5188
f 5106 	5176 	5184
f 5167 	5164 	5020
f 4896 	4894 	5204
f 4896 	5204 	5166
f 5111 	5105 	5179
f 5059 	5028 	5159
f 5206 	5178 	5112
f 5178 	5176 	5112
f 5202 	4778 	5205
f 4895 	5207 	4894
f 5204 	4894 	5207
f 4895 	5205 	5207
f 5179 	5206 	5111
f 5112 	5111 	5206
f 5208 	5109 	5187
f 4879 	4962 	5209
f 5209 	5208 	5192
f 5187 	5192 	5208
f 5124 	5189 	5190
f 5208 	4959 	4958
f 4958 	4957 	5208
f 5127 	5193 	5118
f 4960 	4959 	5208
f 4960 	5208 	5209
f 4960 	5209 	4961
f 5127 	5118 	5194
f 4962 	4961 	5209
f 5216 	5212 	5365
f 5199 	5416 	5198
f 5198 	5416 	5197
f 5192 	5191 	5209
f 4874 	5364 	4875
f 4840 	4841 	5137
f 5218 	5365 	5199
f 4843 	5139 	4841
f 4875 	5210 	5211
f 4875 	5211 	4873
f 5139 	4843 	5141
f 4885 	5215 	5365
f 5210 	5364 	5213
f 4875 	5364 	5210
f 5141 	4845 	4849
f 5214 	5101 	5212
f 5213 	5181 	5212
f 5216 	5215 	5217
f 5195 	5129 	5014
f 5151 	5014 	5129
f 4885 	5365 	5218
f 5198 	4919 	4920
f 5199 	4920 	5218
f 5215 	4885 	5219
f 5219 	4885 	4870
f 5218 	4871 	4885
f 5219 	4870 	5217
f 5019 	5164 	5018
f 5163 	5018 	5164
f 5019 	5020 	5164
f 4871 	5218 	4889
f 4920 	4889 	5218
f 5167 	5020 	5021
f 5217 	5214 	5216
f 5212 	5216 	5214
f 4883 	4884 	5214
f 5022 	5023 	5170
f 4886 	4883 	5217
f 5170 	5023 	5024
f 4870 	4869 	5217
f 5215 	5219 	5217
f 5210 	5213 	5101
f 5210 	5101 	5211
f 5104 	5316 	5175
f 5211 	4881 	4873
f 4881 	5211 	4882
f 5101 	4882 	5211
f 4743 	4924 	4963
f 4904 	4907 	4963
f 5124 	5190 	5193
f 4907 	4908 	4963
f 4908 	4910 	4963
f 4910 	4909 	4963
f 4909 	4911 	4963
f 4911 	4912 	4963
f 4912 	4914 	4963
f 4914 	4913 	4963
f 4915 	4963 	4913
f 4916 	4963 	4915
f 4916 	4915 	4917
f 4631 	4916 	4918
f 4631 	4918 	4632
f 5129 	5195 	5196
f 5129 	5196 	5130
f 5186 	5120 	5196
f 4921 	4922 	4924
f 4922 	4923 	4924
f 4923 	4906 	4924
f 4905 	4904 	4924
f 4906 	4905 	4924
f 4904 	4963 	4924
f 4944 	4945 	4693
f 4693 	4611 	4944
f 4615 	4944 	4611
f 5137 	4841 	5139
f 4845 	5141 	4843
f 5141 	4849 	5147
f 4945 	4744 	5220
f 4693 	4945 	5221
f 5220 	5221 	4945
f 4856 	5148 	4849
f 5223 	4963 	5222
f 5224 	4916 	4614
f 4729 	4743 	5223
f 4743 	4963 	5223
f 5224 	5222 	4963
f 4963 	4916 	5224
f 4631 	4614 	4916
f 5220 	5223 	5222
f 5220 	5222 	5221
f 5223 	5220 	4729
f 4730 	4729 	5220
f 5227 	5228 	5248
f 5228 	5229 	5249
f 5250 	5249 	5229
f 5251 	5250 	5230
f 5230 	5231 	5251
f 5232 	5235 	5231
f 5160 	5015 	5016
f 5160 	5016 	5161
f 5017 	5162 	5016
f 5234 	4435 	5238
f 5021 	5022 	5169
f 5240 	5239 	4434
f 5169 	5022 	5170
f 5170 	5024 	5171
f 5259 	5260 	5244
f 5245 	5244 	5260
f 4840 	5135 	5024
f 5260 	5225 	5245
f 5246 	5245 	5225
f 5160 	5175 	5015
f 5025 	5015 	5175
f 5248 	5247 	5227
f 5249 	5248 	5228
f 5120 	5186 	5121
f 5185 	5121 	5186
f 5189 	5122 	5121
f 5189 	5121 	5185
f 5124 	5122 	5189
f 5193 	5125 	5124
f 5125 	5193 	5127
f 5194 	5128 	5127
f 5253 	5257 	5254
f 5254 	5258 	5255
f 5225 	5226 	5246
f 5130 	5196 	5120
f 5252 	4591 	4593
f 4593 	5256 	5252
f 5257 	5253 	5256
f 5258 	5254 	5257
f 5259 	5255 	5258
f 5252 	5256 	5253
f 5244 	5255 	5259
f 5135 	4840 	5137
f 4435 	4434 	5239
f 5238 	5237 	5234
f 5237 	5236 	5233
f 5233 	5234 	5237
f 5235 	5232 	5236
f 5232 	5233 	5236
f 5251 	5231 	5235
f 5229 	5230 	5250
f 5247 	5246 	5226
f 5226 	5227 	5247
f 5147 	4849 	5148
f 4856 	5013 	5148
f 5148 	5013 	5149
f 5241 	5240 	4473
f 4473 	4546 	5241
f 5149 	5013 	5151
f 4546 	4548 	5242
f 5242 	5241 	4546
f 5239 	5238 	4435
f 4434 	4437 	5240
f 4634 	4629 	4556
f 4548 	4550 	5243
f 5161 	5016 	5162
f 5243 	5242 	4548
f 4437 	4473 	5240
f 5017 	5163 	5162
f 4550 	4552 	4558
f 4558 	5243 	4550
f 4629 	4561 	4556
f 4561 	4558 	4552
f 4552 	4556 	4561
f 5262 	5278 	5261
f 5167 	5021 	5168
f 5168 	5021 	5169
f 5264 	5276 	5263
f 5263 	5277 	5262
f 5265 	5275 	5264
f 5171 	5024 	5135
f 5268 	5272 	5267
f 5049 	5051 	5270
f 5270 	5051 	5042
f 4733 	4732 	4928
f 5265 	5266 	5274
f 5275 	5265 	5274
f 5276 	5264 	5275
f 5277 	5263 	5276
f 5278 	5262 	5277
f 5279 	5261 	5278
f 5280 	5301 	5279
f 5273 	5274 	5266
f 5266 	5267 	5273
f 5272 	5273 	5267
f 5269 	4432 	5268
f 4926 	5281 	4927
f 5049 	5270 	5053
f 5285 	5282 	5284
f 5283 	5284 	5282
f 5076 	5081 	5082
f 5270 	5281 	5287
f 5053 	5270 	5287
f 5082 	5287 	5281
f 5076 	5082 	5281
f 5290 	5307 	5288
f 5289 	4927 	5291
f 5285 	5296 	5282
f 5286 	5295 	5285
f 5288 	5308 	5286
f 5295 	5286 	5308
f 5296 	5285 	5295
f 5297 	5282 	5296
f 4745 	5282 	5297
f 5292 	4927 	5293
f 5293 	4927 	5294
f 5301 	5280 	5299
f 5298 	5281 	5300
f 5271 	5307 	5290
f 5290 	5299 	5271
f 5261 	5279 	5301
f 5271 	5299 	5280
f 5302 	5281 	5303
f 5308 	5288 	5307
f 5306 	5281 	5309
f 5272 	5268 	4432
f 4433 	4432 	5269
f 4433 	4566 	4436
f 4576 	4578 	4436
f 4578 	4580 	4472
f 4576 	4436 	4566
f 4433 	5269 	4566
f 5310 	5281 	5311
f 5311 	5281 	5312
f 5313 	5270 	5314
f 4574 	4553 	4551
f 5315 	5314 	5270
f 5025 	5316 	5270
f 4545 	4472 	4580
f 5316 	5315 	5270
f 5312 	5281 	5313
f 5270 	5313 	5281
f 5281 	5310 	5309
f 5281 	5306 	5305
f 5304 	5281 	5305
f 4584 	4547 	4582
f 4551 	4549 	4586
f 4580 	4582 	4545
f 5304 	5303 	5281
f 5302 	5300 	5281
f 5294 	4927 	5298
f 5281 	5298 	4927
f 5292 	5291 	4927
f 4927 	5289 	5194
f 4574 	4551 	4586
f 4584 	4586 	4549
f 4545 	4582 	4547
f 4547 	4584 	4549
f 4436 	4578 	4472
f 5271 	5280 	5225
f 5225 	5280 	5226
f 5227 	5226 	5279
f 5280 	5279 	5226
f 5409 	5298 	5300
f 5279 	5278 	5227
f 5227 	5278 	5228
f 5229 	5228 	5277
f 5278 	5277 	5228
f 5277 	5276 	5230
f 5277 	5230 	5229
f 5231 	5230 	5275
f 5276 	5275 	5230
f 5275 	5274 	5232
f 5275 	5232 	5231
f 5233 	5274 	5273
f 5274 	5233 	5232
f 5273 	5272 	5233
f 5233 	5272 	5234
f 5261 	5363 	5317
f 5313 	5092 	5312
f 5261 	5317 	5318
f 5261 	5318 	5262
f 5092 	5313 	5314
f 5262 	5318 	5319
f 5262 	5319 	5263
f 5263 	5319 	5320
f 5263 	5320 	5264
f 5104 	5315 	5316
f 5321 	5265 	5264
f 5321 	5264 	5320
f 5025 	5175 	5316
f 5322 	5266 	5265
f 5322 	5265 	5321
f 5323 	5267 	5266
f 5323 	5266 	5322
f 5324 	5268 	5267
f 5324 	5267 	5323
f 5325 	5269 	5268
f 5325 	5268 	5324
f 4998 	5287 	5000
f 5002 	5000 	5287
f 5079 	5004 	5287
f 4994 	5287 	4996
f 4992 	5287 	4994
f 4990 	5287 	4992
f 4988 	5287 	4990
f 4986 	5287 	4988
f 4984 	5287 	4986
f 4982 	5287 	4984
f 5131 	5287 	4982
f 4996 	5287 	4998
f 5082 	5079 	5287
f 5132 	5287 	5131
f 5051 	5046 	5042
f 5328 	5331 	5322
f 5322 	5321 	5328
f 5348 	5328 	5321
f 5319 	5347 	5320
f 5323 	5322 	5331
f 5318 	5346 	5319
f 5317 	5345 	5318
f 5297 	5256 	4763
f 4745 	5297 	4763
f 5136 	5138 	5287
f 5287 	5061 	5060
f 5053 	5287 	5057
f 5060 	5057 	5287
f 4646 	4763 	5256
f 5004 	5002 	5287
f 4593 	4646 	5256
f 5296 	5257 	5297
f 4934 	4737 	4931
f 5297 	5257 	5256
f 4931 	4736 	4740
f 5295 	5258 	5257
f 5295 	5257 	5296
f 5258 	5295 	5259
f 4935 	4928 	4732
f 5295 	5308 	5259
f 5076 	5281 	4926
f 5307 	5260 	5308
f 5308 	5260 	5259
f 5307 	5271 	5260
f 5225 	5260 	5271
f 5326 	4926 	5128
f 5328 	5348 	5235
f 5330 	4926 	5329
f 5236 	5331 	5328
f 5236 	5328 	5235
f 5332 	4926 	5330
f 5237 	5334 	5331
f 5237 	5331 	5236
f 5238 	5335 	5334
f 5238 	5334 	5237
f 5239 	5336 	5335
f 5239 	5335 	5238
f 5240 	5337 	5336
f 5240 	5336 	5239
f 5241 	5338 	5337
f 5241 	5337 	5240
f 5242 	5339 	5338
f 5242 	5338 	5241
f 5337 	4565 	5336
f 5243 	5340 	5339
f 5243 	5339 	5242
f 5339 	4579 	5338
f 4558 	4557 	5340
f 4558 	5340 	5243
f 5340 	4581 	5339
f 4557 	4583 	5340
f 5245 	5342 	5341
f 5245 	5341 	5244
f 5343 	5342 	5245
f 5343 	5245 	5246
f 5363 	5362 	5343
f 5344 	5343 	5246
f 5344 	5246 	5247
f 5344 	5363 	5343
f 5345 	5344 	5247
f 5345 	5247 	5248
f 5345 	5317 	5344
f 5346 	5345 	5248
f 5346 	5248 	5249
f 5346 	5318 	5345
f 5347 	5346 	5249
f 5347 	5249 	5250
f 5347 	5319 	5346
f 5348 	5347 	5250
f 5348 	5250 	5251
f 5348 	5320 	5347
f 5235 	5348 	5251
f 4829 	4660 	5349
f 5252 	5349 	4660
f 5252 	4660 	4591
f 5252 	5350 	5349
f 5352 	5350 	5351
f 5253 	5351 	5350
f 5253 	5350 	5252
f 5350 	5355 	5349
f 5254 	5353 	5351
f 5254 	5351 	5253
f 5353 	5354 	5359
f 5255 	5354 	5353
f 5255 	5353 	5254
f 5352 	5356 	5350
f 5354 	5341 	5360
f 5361 	5360 	5341
f 5244 	5341 	5354
f 5244 	5354 	5255
f 5342 	5343 	5362
f 5341 	5342 	5361
f 4829 	5349 	4830
f 4830 	5349 	5355
f 5282 	4764 	5355
f 4830 	5355 	4764
f 5282 	5355 	5356
f 5282 	5356 	5283
f 5355 	5350 	5356
f 5357 	5284 	5283
f 5357 	5283 	5356
f 5358 	5285 	5284
f 5358 	5284 	5357
f 5359 	5286 	5285
f 5359 	5285 	5358
f 5360 	5288 	5286
f 5360 	5286 	5359
f 4541 	5485 	5486
f 5361 	5290 	5288
f 5361 	5288 	5360
f 5299 	5290 	5361
f 5360 	5359 	5354
f 5359 	5358 	5353
f 5351 	5353 	5358
f 5358 	5357 	5351
f 5352 	5351 	5357
f 5352 	5357 	5356
f 5362 	5299 	5361
f 4491 	4541 	4519
f 5363 	5301 	5299
f 5363 	5299 	5362
f 5363 	5261 	5301
f 4565 	4566 	5325
f 5269 	5325 	4566
f 5320 	5348 	5321
f 5361 	5342 	5362
f 5363 	5344 	5317
f 5331 	5334 	5323
f 5334 	5335 	5324
f 5324 	5323 	5334
f 5325 	5324 	5335
f 5335 	5336 	5325
f 4565 	5325 	5336
f 5338 	4577 	5337
f 4435 	5234 	4432
f 5272 	4432 	5234
f 4541 	5406 	5407
f 5177 	5142 	5364
f 5181 	5364 	5142
f 5365 	5212 	5181
f 5181 	5213 	5364
f 5215 	5216 	5365
f 5368 	5379 	5367
f 5369 	5379 	5368
f 5370 	5379 	5369
f 5371 	5379 	5370
f 5372 	5379 	5371
f 5373 	5379 	5372
f 5374 	5379 	5373
f 5375 	5379 	5374
f 5376 	5379 	5375
f 5377 	5379 	5376
f 5378 	5379 	5377
f 5380 	5367 	5379
f 5366 	5367 	5380
f 5385 	5379 	5383
f 5383 	5384 	5385
f 5384 	4417 	5385
f 5381 	5385 	4417
f 4417 	4418 	5381
f 5382 	5383 	5379
f 5378 	5382 	5379
f 5145 	5366 	5380
f 5145 	5380 	5146
f 4541 	5405 	5406
f 5172 	5173 	5426
f 5391 	5386 	5390
f 5392 	5386 	5391
f 5387 	5401 	5386
f 5386 	5392 	5393
f 5394 	5398 	5393
f 5395 	5398 	5394
f 5396 	5397 	5395
f 5398 	5395 	5397
f 5386 	5393 	5398
f 5401 	5387 	5400
f 5390 	5386 	5401
f 5399 	5400 	5387
f 5399 	5387 	4430
f 5173 	5174 	5426
f 5378 	5377 	5391
f 5378 	5391 	5390
f 5377 	5376 	5392
f 5377 	5392 	5391
f 5376 	5375 	5393
f 5376 	5393 	5392
f 5375 	5374 	5394
f 5375 	5394 	5393
f 5374 	5373 	5395
f 5374 	5395 	5394
f 5373 	5372 	5396
f 5373 	5396 	5395
f 5372 	5371 	5397
f 5372 	5397 	5396
f 5408 	4541 	5407
f 5371 	5370 	5398
f 5371 	5398 	5397
f 5407 	5462 	5408
f 5370 	5369 	5386
f 5370 	5386 	5398
f 5369 	5368 	5387
f 5369 	5387 	5386
f 5368 	5367 	5388
f 5368 	5388 	5387
f 5460 	5405 	5404
f 5367 	5366 	5389
f 5367 	5389 	5388
f 5461 	5406 	5460
f 5405 	5460 	5406
f 5366 	5172 	5389
f 5461 	5462 	5406
f 5407 	5406 	5462
f 5384 	5399 	4430
f 5384 	4430 	4417
f 5383 	5400 	5399
f 5383 	5399 	5384
f 5333 	4926 	5332
f 5382 	5401 	5400
f 5382 	5400 	5383
f 4926 	5333 	5098
f 5390 	5401 	5382
f 5390 	5382 	5378
f 5410 	5098 	5409
f 5411 	5098 	5410
f 5366 	5145 	5172
f 5412 	5110 	5411
f 5381 	4416 	5385
f 5180 	5379 	4416
f 4424 	4416 	5381
f 5413 	5110 	5412
f 5385 	4416 	5379
f 5380 	5379 	5180
f 5146 	5380 	5180
f 5415 	5113 	5414
f 5414 	5113 	5413
f 4774 	5207 	4778
f 5092 	5115 	5419
f 4778 	5202 	4780
f 5417 	5114 	5415
f 4780 	5203 	4783
f 5419 	5115 	5418
f 4785 	5201 	4786
f 4783 	5200 	4785
f 5098 	5411 	5110
f 5418 	5114 	5417
f 5409 	5098 	5333
f 5087 	4926 	5090
f 5087 	5086 	4926
f 5072 	5070 	4926
f 5416 	5365 	4787
f 5327 	5329 	4926
f 5326 	5327 	4926
f 4788 	4787 	5365
f 4789 	4788 	5365
f 5289 	5326 	5194
f 4793 	4792 	5365
f 4794 	5365 	4795
f 4799 	4798 	4416
f 5294 	5332 	5293
f 4801 	4799 	4457
f 4416 	4457 	4799
f 4835 	4801 	4457
f 4836 	4835 	4457
f 4838 	4457 	4839
f 5302 	5410 	5409
f 5409 	5300 	5302
f 4839 	5166 	4774
f 4842 	4795 	5181
f 4844 	4842 	5181
f 4847 	4844 	5181
f 4860 	4847 	5181
f 4861 	4860 	5181
f 4862 	5181 	4863
f 4865 	4864 	5180
f 5418 	5310 	5311
f 4868 	4867 	5180
f 4866 	5180 	4867
f 4929 	4868 	5180
f 4929 	5180 	4930
f 4932 	4930 	5180
f 4933 	4932 	5180
f 5180 	4416 	4933
f 4936 	4933 	4416
f 4937 	4936 	4416
f 5329 	5327 	5292
f 4940 	4939 	4416
f 5293 	5330 	5292
f 4940 	4416 	4942
f 4942 	4416 	4943
f 4943 	4416 	4948
f 4416 	4798 	4796
f 4796 	4948 	4416
f 4939 	4938 	4416
f 4938 	4937 	4416
f 4864 	4863 	5180
f 5181 	5180 	4863
f 4862 	4861 	5181
f 5180 	4866 	4865
f 5303 	5410 	5302
f 5181 	4795 	5365
f 4794 	4793 	5365
f 5365 	4792 	4790
f 4790 	4789 	5365
f 4786 	5197 	5416
f 4457 	4486 	4839
f 4838 	4837 	4457
f 4837 	4836 	4457
f 5389 	5172 	5426
f 4441 	4442 	5387
f 5387 	5388 	5426
f 5420 	4447 	5387
f 4447 	4444 	5387
f 4444 	4445 	5387
f 5388 	5389 	5426
f 5421 	5426 	5424
f 5422 	5426 	5421
f 5418 	5311 	5312
f 5420 	5387 	5427
f 5427 	5387 	5426
f 5422 	5423 	5426
f 5429 	5425 	5428
f 5423 	5428 	5425
f 5425 	5426 	5423
f 5425 	5429 	5430
f 5425 	5430 	5431
f 5432 	5435 	5431
f 5433 	5435 	5432
f 5434 	5435 	5433
f 5425 	5431 	5435
f 5436 	5437 	5420
f 5128 	5194 	5326
f 4447 	5420 	4452
f 5437 	4452 	5420
f 5438 	5424 	5177
f 5174 	5177 	5424
f 5326 	5289 	5327
f 5291 	5327 	5289
f 5438 	5439 	5421
f 5438 	5421 	5424
f 5291 	5292 	5327
f 5439 	5440 	5422
f 5439 	5422 	5421
f 5440 	5441 	5423
f 5440 	5423 	5422
f 5329 	5292 	5330
f 5441 	5442 	5423
f 5442 	5443 	5428
f 5442 	5428 	5423
f 5332 	5294 	5298
f 5443 	5444 	5429
f 5443 	5429 	5428
f 5444 	5445 	5430
f 5444 	5430 	5429
f 5445 	5446 	5431
f 5445 	5431 	5430
f 5448 	5432 	5447
f 5432 	5431 	5447
f 5446 	5447 	5431
f 5303 	5411 	5410
f 5448 	5449 	5433
f 5448 	5433 	5432
f 5449 	5450 	5434
f 5449 	5434 	5433
f 5304 	5412 	5411
f 5304 	5411 	5303
f 5450 	5451 	5435
f 5450 	5435 	5434
f 5413 	5412 	5304
f 5413 	5304 	5305
f 5451 	5452 	5425
f 5451 	5425 	5435
f 5306 	5413 	5305
f 5453 	5426 	5425
f 5453 	5425 	5452
f 5454 	5427 	5426
f 5454 	5426 	5453
f 5454 	5436 	5427
f 5420 	5427 	5436
f 4874 	4876 	5033
f 5032 	5027 	5187
f 5312 	5419 	5418
f 5192 	5187 	5027
f 5027 	5026 	5192
f 5031 	5032 	5187
f 5191 	5192 	5026
f 5026 	5033 	5191
f 4876 	5191 	5033
f 5034 	4874 	5033
f 5035 	4874 	5034
f 5036 	4874 	5035
f 5293 	5332 	5330
f 5298 	5333 	5332
f 5409 	5333 	5298
f 5047 	4482 	5045
f 5306 	5414 	5413
f 5052 	4482 	5048
f 5048 	4482 	5047
f 5309 	5415 	5414
f 5309 	5414 	5306
f 5052 	5055 	4482
f 5309 	5310 	5415
f 5058 	5059 	4482
f 5417 	5415 	5310
f 5418 	5417 	5310
f 5063 	5455 	5062
f 5066 	5455 	5063
f 5062 	5455 	5040
f 5419 	5312 	5092
f 5067 	5455 	5066
f 5069 	5455 	5067
f 5039 	5040 	5455
f 5003 	4969 	5001
f 5005 	4969 	5003
f 4964 	4969 	5005
f 4999 	5001 	4969
f 4985 	4987 	4971
f 4987 	4989 	4971
f 4970 	4971 	4989
f 4969 	4970 	4989
f 4989 	4991 	4969
f 4991 	4993 	4969
f 4993 	4995 	4969
f 4997 	4969 	4995
f 4999 	4969 	4997
f 5073 	5364 	5071
f 5071 	5364 	5069
f 5075 	5444 	5073
f 4983 	4985 	4971
f 4850 	5155 	4848
f 5084 	5446 	5083
f 5456 	5402 	5457
f 5085 	5447 	5084
f 5088 	5448 	5085
f 4636 	4667 	5402
f 5403 	5402 	5458
f 5456 	5458 	5402
f 5089 	5448 	5088
f 5403 	5458 	5404
f 5459 	5404 	5458
f 5091 	5449 	5089
f 5459 	5460 	5404
f 5080 	5083 	5445
f 5095 	5450 	5094
f 5408 	5462 	5463
f 5464 	5408 	5463
f 5097 	5099 	5451
f 5099 	5100 	5452
f 5097 	5451 	5096
f 5100 	5044 	5452
f 5044 	5045 	5452
f 4482 	5452 	5045
f 5472 	5473 	5465
f 5474 	5475 	5466
f 5096 	5451 	5095
f 4541 	5408 	5467
f 5447 	5085 	5448
f 5469 	5467 	5468
f 5408 	5464 	5467
f 5449 	5093 	5450
f 5470 	5467 	5469
f 5465 	5471 	5472
f 5470 	5471 	5467
f 5465 	5467 	5471
f 5474 	5466 	5473
f 5466 	5465 	5473
f 5455 	5069 	5364
f 5077 	5444 	5075
f 5078 	5444 	5077
f 5080 	5445 	5078
f 5444 	5078 	5445
f 5093 	5449 	5091
f 5445 	5083 	5446
f 5443 	5073 	5444
f 5439 	5364 	5440
f 5177 	5364 	5438
f 5438 	5364 	5439
f 5364 	5073 	5442
f 4474 	5477 	5224
f 5440 	5364 	5441
f 5441 	5364 	5442
f 5443 	5442 	5073
f 5476 	5478 	5479
f 5094 	5450 	5093
f 5480 	5478 	5476
f 5446 	5084 	5447
f 5479 	5481 	5476
f 5477 	5476 	5481
f 5224 	5477 	5482
f 5481 	5482 	5477
f 4874 	5036 	5037
f 4874 	5037 	5038
f 4874 	5038 	5039
f 4874 	5039 	5455
f 4874 	5455 	5364
f 5058 	4482 	5056
f 5454 	5453 	4482
f 5056 	4482 	5055
f 5187 	5188 	5031
f 5483 	4541 	5466
f 5437 	5436 	4482
f 4452 	5437 	4482
f 5451 	5099 	5452
f 5448 	5089 	5449
f 5483 	5485 	4541
f 5452 	4482 	5453
f 5450 	5095 	5451
f 5466 	5475 	5483
f 5454 	4482 	5436
f 5488 	5483 	5487
f 5026 	5027 	5416
f 5488 	5489 	5483
f 5484 	5486 	5492
f 5491 	5492 	5486
f 5487 	5483 	5475
f 5485 	5489 	5490
f 5485 	5483 	5489
f 5490 	5491 	5486
f 5490 	5486 	5485
f 5476 	5484 	5480
f 5480 	5484 	5492
f 5468 	5467 	5464
f 5222 	5460 	5221
f 4653 	5221 	4658
f 4658 	5221 	4659
f 4659 	5221 	4663
f 4611 	4693 	4692
f 4611 	4692 	4544
f 4695 	5221 	4696
f 4716 	4698 	5221
f 4695 	4693 	5221
f 4696 	5221 	4698
f 4716 	5221 	4719
f 4654 	4657 	5221
f 4722 	5221 	4723
f 4719 	5221 	4722
f 4723 	5221 	4725
f 4727 	4725 	5221
f 4727 	5221 	4657
f 4664 	5221 	4667
f 5457 	4667 	5221
f 5456 	5457 	5221
f 4664 	4663 	5221
f 5221 	4653 	4654
f 5456 	5221 	5458
f 5221 	5459 	5458
f 5461 	5460 	5222
f 5459 	5221 	5460
f 5462 	5222 	5463
f 5469 	5222 	5470
f 5468 	5222 	5469
f 5471 	5222 	5472
f 5470 	5222 	5471
f 5472 	5222 	5473
f 5473 	5222 	5474
f 5222 	5479 	5478
f 5222 	5478 	5480
f 5222 	5224 	5482
f 5222 	5482 	5481
f 5222 	5481 	5479
f 4474 	5224 	4614
f 5490 	5222 	5491
f 5488 	5487 	5222
f 5475 	5222 	5487
f 5475 	5474 	5222
f 5489 	5222 	5490
f 5488 	5222 	5489
f 5491 	5222 	5492
f 5492 	5222 	5480
f 5464 	5222 	5468
f 5464 	5463 	5222
f 5461 	5222 	5462
f 5042 	5182 	5116
f 5270 	5042 	5116
f 5116 	5182 	4925
f 5116 	4925 	4924
f 5186 	4927 	5185
f 5189 	5185 	4927
f 5189 	4927 	5190
f 5193 	5190 	4927
f 5118 	4927 	5194
f 4924 	5195 	5014
f 5195 	4924 	5196
f 5196 	4924 	5186
f 4927 	5186 	4924
# 2164 faces

 #end of obj_7

o obj_8
v 156.547 		151.27 		2.437
v 156.192 		151.27 		1.907
v 156.192 		155.8 		1.907
v 156.547 		155.8 		2.437
v 155.772 		151.27 		1.428
v 155.772 		155.8 		1.428
v 155.292 		151.27 		1.007
v 155.292 		155.8 		1.007
v 154.762 		151.27 		0.653
v 154.762 		155.8 		0.653
v 154.19 		151.27 		0.371
v 154.19 		155.8 		0.371
v 153.586 		151.27 		0.166
v 153.586 		155.8 		0.166
v 152.961 		151.27 		0.042
v 152.961 		155.8 		0.042
v 152.325 		151.27 		0
v 152.325 		151.298 		0
v 152.325 		155.772 		0
v 152.325 		155.8 		0
v 152.871 		153.385 		2.693
v 152.871 		155.8 		2.693
v 152.575 		153.902 		2.634
v 152.847 		153.902 		2.6882
v 152.575 		155.8 		2.634
v 152.847 		153.385 		2.6882
v 152.325 		153.902 		2.6174
v 152.325 		155.772 		2.6174
v 155.178 		153.385 		2.666
v 155.178 		151.27 		2.666
v 152.325 		153.902 		1.401
v 152.847 		153.902 		1.401
v 152.325 		153.385 		1.401
v 152.847 		153.385 		1.401
v 152.397 		153.385 		1.294
v 152.325 		153.385 		1.2987
v 152.325 		151.298 		1.2987
v 152.397 		151.27 		1.294
v 154.876 		153.385 		2.321
v 154.876 		151.27 		2.321
v 154.531 		153.385 		2.019
v 154.531 		151.27 		2.019
v 154.15 		153.385 		1.764
v 154.15 		151.27 		1.764
v 153.738 		153.385 		1.561
v 153.738 		151.27 		1.561
v 153.304 		153.385 		1.414
v 153.304 		151.27 		1.414
v 152.854 		153.385 		1.324
v 152.854 		151.27 		1.324
v 151.389 		155.8 		2.79
v 151.389 		155.8 		7.058
v 151.675 		155.8 		7.155
v 151.972 		155.8 		7.214
v 152.273 		155.8 		7.234
v 151.688 		155.8 		9.708
v 152.325 		155.8 		9.75
v 151.118 		155.8 		2.923
v 150.867 		155.8 		3.091
v 150.64 		155.8 		3.29
v 150.441 		155.8 		3.518
v 150.273 		155.8 		3.769
v 150.139 		155.8 		4.04
v 150.042 		155.8 		4.326
v 149.983 		155.8 		4.622
v 149.963 		155.8 		4.924
v 149.983 		155.8 		5.225
v 150.042 		155.8 		5.522
v 150.139 		155.8 		5.808
v 150.273 		155.8 		6.079
v 150.441 		155.8 		6.33
v 150.64 		155.8 		6.557
v 150.867 		155.8 		6.756
v 151.118 		155.8 		6.924
v 150.459 		155.8 		9.379
v 151.063 		155.8 		9.584
v 147.45 		155.8 		4.875
v 147.491 		155.8 		5.511
v 147.616 		155.8 		6.137
v 147.821 		155.8 		6.741
v 148.103 		155.8 		7.312
v 148.457 		155.8 		7.843
v 148.878 		155.8 		8.322
v 149.357 		155.8 		8.743
v 149.887 		155.8 		9.097
v 147.821 		155.8 		3.009
v 147.616 		155.8 		3.613
v 147.491 		155.8 		4.239
v 151.972 		155.8 		2.634
v 152.273 		155.8 		2.614
v 151.675 		155.8 		2.693
v 151.688 		155.8 		0.042
v 151.063 		155.8 		0.166
v 150.459 		155.8 		0.371
v 148.878 		155.8 		1.428
v 148.457 		155.8 		1.907
v 148.103 		155.8 		2.437
v 149.887 		155.8 		0.653
v 149.357 		155.8 		1.007
v 151.688 		155.772 		9.708
v 151.22 		155.772 		9.6151
v 152.325 		155.772 		9.75
v 151.4214 		155.772 		2.779
v 151.389 		155.772 		2.79
v 151.22 		155.772 		2.8729
v 151.389 		155.772 		7.058
v 151.22 		155.772 		6.9744
v 151.675 		155.772 		7.155
v 151.972 		155.772 		7.214
v 152.273 		155.772 		7.234
v 152.325 		155.772 		7.2306
v 151.063 		155.772 		9.584
v 150.459 		155.772 		9.379
v 147.9344 		155.772 		2.779
v 147.821 		155.772 		3.009
v 147.616 		155.772 		3.613
v 147.491 		155.772 		4.239
v 147.45 		155.772 		4.875
v 147.491 		155.772 		5.511
v 147.616 		155.772 		6.137
v 147.821 		155.772 		6.741
v 148.103 		155.772 		7.312
v 148.457 		155.772 		7.843
v 148.878 		155.772 		8.322
v 148.8639 		155.772 		8.306
v 149.357 		155.772 		8.743
v 149.887 		155.772 		9.097
v 149.963 		155.772 		9.1345
v 151.118 		155.772 		2.923
v 150.867 		155.772 		3.091
v 98.924 		116.07 		6.354
v 98.924 		116.07 		2.854
v 150.64 		155.772 		3.29
v 150.441 		155.772 		3.518
v 100.758 		115.025 		2.884
v 100.393 		115.115 		2.884
v 100.042 		115.251 		2.884
v 99.712 		115.432 		2.884
v 99.409 		115.654 		2.884
v 99.137 		115.914 		2.884
v 98.9803 		116.1094 		2.884
v 99.7364 		116.6389 		2.884
v 150.273 		155.772 		3.769
v 99.137 		115.914 		6.384
v 99.409 		115.654 		6.384
v 99.712 		115.432 		6.384
v 100.042 		115.251 		6.384
v 100.393 		115.115 		6.384
v 100.758 		115.025 		6.384
v 150.139 		155.772 		4.04
v 98.9803 		116.1094 		6.354
v 150.042 		155.772 		4.326
v 149.983 		155.772 		4.622
v 149.963 		155.772 		4.924
v 149.983 		155.772 		5.225
v 150.042 		155.772 		5.522
v 98.707 		116.529 		6.384
v 98.902 		116.207 		6.384
v 98.555 		116.873 		6.384
v 150.139 		155.772 		5.808
v 98.385 		117.982 		6.384
v 98.393 		117.606 		6.384
v 98.45 		117.234 		6.384
v 98.426 		118.356 		6.384
v 150.273 		155.772 		6.079
v 98.5506 		116.888 		6.354
v 98.555 		116.873 		6.354
v 98.707 		116.529 		6.354
v 98.902 		116.207 		6.354
v 150.441 		155.772 		6.33
v 121.421 		137.424 		2.854
v 150.64 		155.772 		6.557
v 121.384 		137.55 		2.854
v 150.867 		155.772 		6.756
v 121.364 		137.68 		2.854
v 121.361 		137.812 		2.854
v 151.0448 		155.772 		6.875
v 121.375 		137.942 		2.854
v 121.407 		138.07 		2.854
v 151.118 		155.772 		6.924
v 121.454 		138.193 		2.854
v 121.518 		138.308 		2.854
v 151.688 		155.772 		0.042
v 151.063 		155.772 		0.166
v 150.459 		155.772 		0.371
v 149.963 		155.772 		0.6155
v 149.887 		155.772 		0.653
v 122.453 		136.767 		2.854
v 149.357 		155.772 		1.007
v 122.321 		136.764 		2.854
v 148.9087 		155.772 		1.401
v 148.878 		155.772 		1.428
v 148.457 		155.772 		1.907
v 122.191 		136.778 		2.854
v 148.103 		155.772 		2.437
v 122.063 		136.809 		2.854
v 121.94 		136.857 		2.854
v 121.825 		136.92 		2.854
v 151.972 		155.772 		2.634
v 152.273 		155.772 		2.614
v 121.719 		136.998 		2.854
v 151.675 		155.772 		2.693
v 121.624 		137.089 		2.854
v 121.542 		137.191 		2.854
v 121.474 		137.304 		2.854
v 122.583 		136.787 		2.854
v 121.361 		135.0224 		2.854
v 122.409 		138.772 		2.854
v 121.7379 		144.5093 		2.854
v 117.0279 		141.2112 		2.854
v 121.789 		138.591 		6.354
v 121.901 		138.659 		6.354
v 122.021 		138.712 		6.354
v 122.148 		138.749 		6.354
v 122.277 		138.769 		6.354
v 122.409 		138.772 		6.354
v 122.54 		138.757 		6.354
v 121.595 		138.414 		6.354
v 121.686 		138.509 		6.354
v 121.421 		137.424 		6.354
v 121.384 		137.55 		6.354
v 121.364 		137.68 		6.354
v 121.361 		137.812 		6.354
v 121.375 		137.942 		6.354
v 121.407 		138.07 		6.354
v 121.454 		138.193 		6.354
v 121.518 		138.308 		6.354
v 122.453 		136.767 		6.354
v 122.321 		136.764 		6.354
v 122.191 		136.778 		6.354
v 122.063 		136.809 		6.354
v 121.94 		136.857 		6.354
v 121.825 		136.92 		6.354
v 121.719 		136.998 		6.354
v 121.624 		137.089 		6.354
v 121.542 		137.191 		6.354
v 121.474 		137.304 		6.354
v 122.583 		136.787 		6.354
v 122.585 		134.287 		6.354
v 121.361 		135.0224 		6.354
v 121.7379 		144.5093 		6.354
v 130.0284 		155.772 		0
v 130.0284 		155.772 		9.75
v 141.248 		151.298 		2.238
v 141.248 		148.958 		2.238
v 117.0279 		141.2112 		6.354
v 141.049 		148.958 		0.751
v 141.049 		151.298 		0.751
v 121.901 		138.659 		2.854
v 141.041 		151.298 		9.283
v 141.041 		148.887 		9.283
v 141.161 		148.887 		7.788
v 141.161 		151.298 		7.788
v 121.789 		138.591 		2.854
v 122.021 		138.712 		2.854
v 122.148 		138.749 		2.854
v 122.277 		138.769 		2.854
v 131.4331 		151.298 		2.0364
v 122.54 		138.757 		2.854
v 131.4331 		151.298 		8.5077
v 131.4331 		151.298 		7.0022
v 121.595 		138.414 		2.854
v 131.4331 		151.298 		3.55
v 121.686 		138.509 		2.854
v 131.4331 		151.298 		0
v 131.4331 		151.298 		9.75
v 152.325 		151.27 		9.75
v 151.688 		151.27 		9.708
v 151.063 		151.27 		9.584
v 150.459 		151.27 		9.379
v 149.887 		151.27 		9.097
v 149.357 		151.27 		8.743
v 148.878 		151.27 		8.322
v 148.8639 		151.27 		8.306
v 151.939 		151.27 		1.324
v 151.554 		151.27 		1.401
v 98.493 		122.07 		2.854
v 148.9087 		151.27 		1.401
v 98.541 		122.193 		2.854
v 98.604 		122.308 		2.854
v 149.357 		151.27 		1.007
v 149.887 		151.27 		0.653
v 150.459 		151.27 		0.371
v 151.063 		151.27 		0.166
v 151.688 		151.27 		0.042
v 98.682 		122.414 		2.854
v 151.688 		151.298 		9.708
v 151.22 		151.298 		9.6151
v 98.773 		122.509 		2.854
v 152.325 		151.298 		9.75
v 152.325 		151.298 		8.306
v 98.875 		122.591 		2.854
v 151.063 		151.298 		9.584
v 150.459 		151.298 		9.379
v 99.108 		122.712 		2.854
v 99.234 		122.749 		2.854
v 148.878 		151.298 		8.322
v 148.8639 		151.298 		8.306
v 99.364 		122.769 		2.854
v 149.357 		151.298 		8.743
v 149.887 		151.298 		9.097
v 99.496 		122.772 		2.854
v 149.963 		151.298 		9.1345
v 99.626 		122.757 		2.854
v 99.754 		122.726 		2.854
v 151.688 		151.298 		0.042
v 99.877 		122.679 		2.854
v 151.063 		151.298 		0.166
v 150.459 		151.298 		0.371
v 99.992 		122.615 		2.854
v 149.887 		151.298 		0.653
v 149.963 		151.298 		0.6155
v 149.357 		151.298 		1.007
v 149.0305 		151.298 		1.294
v 148.9087 		151.298 		1.401
v 98.806 		120.998 		2.854
v 151.554 		151.298 		1.401
v 98.711 		121.089 		2.854
v 98.629 		121.191 		2.854
v 98.56 		121.304 		2.854
v 98.508 		121.424 		2.854
v 98.471 		121.55 		2.854
v 98.451 		121.68 		2.854
v 151.939 		151.298 		1.324
v 98.448 		121.812 		2.854
v 98.462 		121.942 		2.854
v 100.098 		122.538 		2.854
v 100.193 		122.447 		2.854
v 100.275 		122.344 		2.854
v 100.343 		122.232 		2.854
v 149.963 		151.298 		0
v 100.396 		122.112 		2.854
v 145.842 		151.298 		1.401
v 100.433 		121.985 		2.854
v 100.453 		121.855 		2.854
v 100.456 		121.724 		2.854
v 100.441 		121.593 		2.854
v 100.41 		121.466 		2.854
v 145.842 		151.298 		8.306
v 100.363 		121.343 		2.854
v 100.299 		121.228 		2.854
v 100.222 		121.122 		2.854
v 100.131 		121.027 		2.854
v 100.028 		120.945 		2.854
v 99.916 		120.876 		2.854
v 99.796 		120.824 		2.854
v 99.669 		120.787 		2.854
v 99.539 		120.767 		2.854
v 141.0035 		151.298 		9.75
v 99.408 		120.764 		2.854
v 99.277 		120.778 		2.854
v 99.15 		120.809 		2.854
v 99.027 		120.857 		2.854
v 98.912 		120.92 		2.854
v 151.972 		153.902 		2.634
v 152.273 		153.902 		2.614
v 151.675 		153.902 		2.693
v 151.118 		153.902 		2.923
v 150.867 		153.902 		3.091
v 150.64 		153.902 		3.29
v 150.441 		153.902 		3.518
v 150.273 		153.902 		3.769
v 150.139 		153.902 		4.04
v 150.042 		153.902 		4.326
v 149.983 		153.902 		4.622
v 149.963 		153.902 		4.924
v 149.983 		153.902 		5.225
v 150.042 		153.902 		5.522
v 150.139 		153.902 		5.808
v 150.273 		153.902 		6.079
v 150.441 		153.902 		6.33
v 150.64 		153.902 		6.557
v 150.867 		153.902 		6.756
v 151.118 		153.902 		6.924
v 151.389 		153.902 		2.79
v 151.389 		153.902 		7.058
v 151.675 		153.902 		7.155
v 151.972 		153.902 		7.214
v 152.273 		153.902 		7.234
v 152.325 		153.902 		7.2306
v 152.325 		153.902 		8.306
v 151.554 		153.385 		1.401
v 151.939 		153.385 		1.324
v 145.842 		153.902 		8.306
v 145.842 		153.902 		1.401
v 98.4541 		118.4712 		6.354
v 98.426 		118.356 		6.354
v 98.385 		117.982 		6.354
v 98.393 		117.606 		6.354
v 98.45 		117.234 		6.354
v 94.5824 		122.27 		2.854
v 90.824 		122.848 		7.843
v 90.533 		122.645 		7.312
v 90.134 		122.365 		3.613
v 90.302 		122.483 		3.009
v 89.998 		122.27 		4.875
v 90.032 		122.294 		4.239
v 90.134 		122.365 		6.137
v 90.032 		122.294 		5.511
v 90.302 		122.483 		6.741
v 98.988 		122.659 		6.354
v 98.875 		122.591 		6.354
v 98.493 		122.07 		6.354
v 98.541 		122.193 		6.354
v 98.604 		122.308 		6.354
v 98.682 		122.414 		6.354
v 98.773 		122.509 		6.354
v 99.108 		122.712 		6.354
v 99.234 		122.749 		6.354
v 99.364 		122.769 		6.354
v 93.882 		125.004 		9.7417
v 93.876 		125.0126 		9.7417
v 99.496 		122.772 		6.354
v 99.626 		122.757 		6.354
v 99.754 		122.726 		6.354
v 93.889 		124.994 		6.354
v 93.876 		124.9849 		6.354
v 99.877 		122.679 		6.354
v 99.992 		122.615 		6.354
v 98.806 		120.998 		6.354
v 98.711 		121.089 		6.354
v 93.876 		124.9849 		2.854
v 93.889 		124.994 		2.854
v 98.629 		121.191 		6.354
v 98.56 		121.304 		6.354
v 98.508 		121.424 		6.354
v 91.561 		123.364 		8.743
v 91.168 		123.089 		8.322
v 98.471 		121.55 		6.354
v 91.995 		123.668 		9.097
v 98.451 		121.68 		6.354
v 92.463 		123.996 		9.379
v 98.448 		121.812 		6.354
v 98.462 		121.942 		6.354
v 100.098 		122.538 		6.354
v 100.193 		122.447 		6.354
v 100.275 		122.344 		6.354
v 100.343 		122.232 		6.354
v 100.396 		122.112 		6.354
v 100.433 		121.985 		6.354
v 100.453 		121.855 		6.354
v 100.456 		121.724 		6.354
v 100.441 		121.593 		6.354
v 100.41 		121.466 		6.354
v 100.363 		121.343 		6.354
v 100.299 		121.228 		6.354
v 100.222 		121.122 		6.354
v 100.131 		121.027 		6.354
v 92.958 		124.342 		9.584
v 100.028 		120.945 		6.354
v 93.47 		124.701 		9.708
v 99.916 		120.876 		6.354
v 99.796 		120.824 		6.354
v 99.669 		120.787 		6.354
v 99.539 		120.767 		6.354
v 99.408 		120.764 		6.354
v 93.8288 		125.08 		9.7417
v 99.277 		120.778 		6.354
v 99.15 		120.809 		6.354
v 99.027 		120.857 		6.354
v 98.912 		120.92 		6.354
v 122.715 		135.026 		6.384
v 122.626 		134.661 		6.384
v 122.585 		134.287 		6.384
v 122.593 		133.911 		6.384
v 122.65 		133.54 		6.384
v 122.755 		133.179 		6.384
v 122.907 		132.834 		6.384
v 123.102 		132.513 		6.384
v 123.337 		132.22 		6.384
v 123.609 		131.96 		6.384
v 123.912 		131.737 		6.384
v 97.985 		127.862 		4.875
v 128.007 		135.489 		6.384
v 127.812 		135.811 		6.384
v 127.577 		136.104 		6.384
v 127.305 		136.364 		6.384
v 127.002 		136.587 		6.384
v 126.672 		136.768 		6.384
v 97.978 		127.8721 		4.875
v 97.972 		127.8679 		4.9861
v 97.972 		127.8679 		4.7639
v 93.992 		125.066 		9.75
v 126.322 		136.904 		6.384
v 125.956 		136.993 		6.384
v 125.583 		137.034 		6.384
v 125.207 		137.026 		6.384
v 124.835 		136.969 		6.384
v 124.474 		136.864 		6.384
v 124.13 		136.712 		6.384
v 123.808 		136.517 		6.384
v 123.515 		136.282 		6.384
v 123.255 		136.01 		6.384
v 123.032 		135.707 		6.384
v 122.851 		135.377 		6.384
v 95.52 		126.136 		9.379
v 96.423 		126.768 		8.743
v 95.988 		126.464 		9.097
v 126.785 		131.612 		2.884
v 126.785 		131.612 		6.384
v 127.106 		131.807 		2.884
v 127.106 		131.807 		6.384
v 96.815 		127.043 		8.322
v 127.399 		132.042 		2.884
v 127.399 		132.042 		6.384
v 92.3955 		127.128 		9.7418
v 127.659 		132.314 		2.884
v 127.659 		132.314 		6.384
v 127.882 		132.617 		2.884
v 127.882 		132.617 		6.384
v 128.063 		132.947 		2.884
v 128.063 		132.947 		6.384
v 128.199 		133.297 		2.884
v 128.199 		133.297 		6.384
v 128.288 		133.663 		2.884
v 128.288 		133.663 		6.384
v 128.329 		134.037 		2.884
v 128.329 		134.037 		6.384
v 128.321 		134.413 		2.884
v 128.321 		134.413 		6.384
v 93.0744 		124.4236 		4.875
v 93.0744 		124.4236 		4.827
v 93.0744 		124.4236 		5.1752
v 94.513 		125.431 		9.708
v 93.0744 		124.4236 		5.0224
v 95.025 		125.79 		9.584
v 93.0744 		124.4236 		5.7347
v 93.0743 		124.4237 		5.5215
v 93.0744 		124.4236 		5.339
v 93.0744 		124.4236 		6.335
v 93.0744 		124.4236 		5.995
v 93.0744 		124.4236 		6.354
v 93.6672 		124.8386 		6.354
v 93.5418 		124.7509 		6.354
v 93.2924 		124.5763 		6.354
v 93.9849 		125.0761 		9.75
v 93.4899 		124.7146 		6.354
v 94.506 		125.441 		9.708
v 93.9864 		125.0771 		9.7499
v 95.0183 		125.7996 		9.584
v 95.513 		126.146 		9.379
v 95.9811 		126.4738 		9.097
v 95.9811 		126.4738 		9.097
v 95.9823 		126.4746 		9.0961
v 96.4158 		126.7782 		8.743
v 96.8081 		127.0529 		8.322
v 96.4169 		126.779 		8.7418
v 93.8323 		124.9543 		6.354
v 96.9153 		127.128 		8.173
v 93.992 		125.066 		6.354
v 94.012 		125.08 		6.354
v 93.5482 		124.7553 		2.854
v 93.7737 		124.9134 		2.854
v 93.0744 		124.4236 		2.854
v 93.0744 		124.4236 		2.935
v 93.992 		125.066 		2.854
v 93.3059 		124.5859 		2.854
v 94.012 		125.08 		2.854
v 93.0744 		124.4236 		3.415
v 93.0744 		124.4236 		4.0153
v 93.0744 		124.4236 		3.755
v 94.4938 		125.4174 		6.354
v 94.3835 		125.3403 		6.354
v 94.1514 		125.1777 		6.354
v 93.0744 		124.4236 		4.5748
v 93.0744 		124.4236 		4.4109
v 93.0743 		124.4237 		4.3623
v 93.0744 		124.4236 		4.1285
v 94.9215 		125.7168 		6.354
v 94.6912 		125.5557 		6.354
v 93.0744 		124.4236 		4.5973
v 95.5707 		126.1713 		6.354
v 95.2033 		125.9143 		6.354
v 93.0744 		124.4236 		4.7276
v 96.9159 		127.1133 		6.354
v 96.0906 		126.5359 		6.354
v 96.9369 		127.128 		6.354
v 93.0743 		124.4237 		4.2282
v 96.1492 		126.5763 		2.854
v 96.8585 		127.0737 		2.854
v 96.9361 		127.128 		2.854
v 95.2622 		125.9553 		2.854
v 95.6471 		126.2251 		2.854
v 90.36 		128.053 		9.584
v 90.872 		128.412 		9.708
v 94.6776 		125.5461 		2.854
v 94.9475 		125.7352 		2.854
v 89.865 		127.707 		9.379
v 94.2099 		125.2186 		2.854
v 94.527 		125.4408 		2.854
v 91.7989 		127.9804 		9.7418
v 91.3178 		128.6679 		9.7418
v 91.317 		128.669 		9.7418
v 94.3165 		125.2934 		6.354
v 94.4353 		125.3767 		2.854
v 97.16 		127.284 		7.843
v 97.45 		127.488 		7.312
v 97.1528 		127.2943 		7.843
v 97.1528 		127.2943 		7.843
v 97.1536 		127.2948 		7.8415
v 97.4432 		127.4977 		7.312
v 97.4438 		127.4981 		7.3105
v 97.6198 		127.6213 		6.875
v 97.681 		127.649 		6.741
v 97.7852 		127.7219 		5.4844
v 97.785 		127.7222 		6.1161
v 97.785 		127.7221 		6.354
v 97.951 		127.838 		5.511
v 97.849 		127.767 		6.137
v 97.7852 		127.7219 		4.2656
v 97.7851 		127.722 		4.875
v 97.951 		127.838 		4.239
v 97.785 		127.7221 		3.3831
v 97.785 		127.7222 		3.6339
v 97.849 		127.767 		3.613
v 97.6184 		127.6054 		2.854
v 97.7849 		127.7223 		3.3831
v 97.6182 		127.6057 		2.854
v 97.7849 		127.7223 		3.3831
v 97.7843 		127.7232 		3.3831
v 97.6175 		127.6066 		2.854
v 97.6739 		127.6592 		6.741
v 97.8421 		127.7769 		6.137
v 97.9439 		127.8482 		5.511
v 97.9439 		127.8482 		4.239
v 97.778 		127.7321 		2.854
v 97.8421 		127.7769 		3.613
v 97.778 		127.7321 		3.3831
v 97.6114 		127.6154 		2.854
v 97.5812 		127.5942 		2.779
v 96.423 		126.768 		1.007
v 96.815 		127.043 		1.428
v 95.52 		126.136 		0.371
v 95.988 		126.464 		0.653
v 94.513 		125.431 		0.042
v 95.025 		125.79 		0.166
v 93.992 		125.066 		0
v 90.824 		122.848 		1.907
v 90.533 		122.645 		2.437
v 93.876 		125.0126 		0.0083
v 93.882 		125.004 		0.0083
v 92.958 		124.342 		0.166
v 93.47 		124.701 		0.042
v 91.995 		123.668 		0.653
v 92.463 		123.996 		0.371
v 91.561 		123.364 		1.007
v 91.168 		123.089 		1.428
v 96.8081 		127.0529 		1.428
v 96.8081 		127.0529 		1.428
v 96.9153 		127.128 		1.577
v 96.807 		127.0522 		1.4269
v 96.4158 		126.7782 		1.007
v 95.9811 		126.4738 		0.653
v 96.4146 		126.7774 		1.006
v 95.513 		126.146 		0.371
v 95.0183 		125.7996 		0.166
v 94.506 		125.441 		0.042
v 94.506 		125.441 		0.042
v 94.5046 		125.44 		0.0419
v 93.9849 		125.0761 		0
v 93.9849 		125.0761 		0
v 93.9835 		125.0751 		0.0001
v 97.16 		127.284 		1.907
v 97.45 		127.488 		2.437
v 97.4432 		127.4977 		2.437
v 97.4425 		127.4971 		2.4356
v 97.1528 		127.2943 		1.907
v 128.0913 		148.958 		2.4831
v 127.9899 		148.887 		8.2298
v 127.9899 		148.887 		6.7241
v 128.0913 		148.958 		3.9967
v 93.882 		125.004 		9.75
v 97.972 		127.8679 		0
v 93.882 		125.004 		0
v 117.68 		147.126 		9.75
v 117.679 		147.1275 		9.75
v 91.4187 		128.7402 		9.75
v 91.317 		128.669 		9.75
v 117.679 		147.1275 		0
v 117.68 		147.126 		0
v 91.317 		128.669 		0
v 91.4187 		128.7402 		0
v 155.772 		155.8 		8.322
v 156.192 		155.8 		7.843
v 156.547 		155.8 		7.312
v 156.829 		155.8 		6.741
v 157.034 		155.8 		6.137
v 157.158 		155.8 		5.511
v 157.2 		155.8 		4.875
v 157.158 		155.8 		4.239
v 157.034 		155.8 		3.613
v 156.829 		155.8 		3.009
v 154.563 		155.8 		4.622
v 154.504 		155.8 		4.326
v 154.407 		155.8 		4.04
v 154.274 		155.8 		3.769
v 154.106 		155.8 		3.518
v 153.906 		155.8 		3.29
v 153.679 		155.8 		3.091
v 153.428 		155.8 		2.923
v 153.157 		155.8 		2.79
v 153.679 		155.8 		6.756
v 153.906 		155.8 		6.557
v 154.106 		155.8 		6.33
v 154.274 		155.8 		6.079
v 154.407 		155.8 		5.808
v 154.504 		155.8 		5.522
v 154.563 		155.8 		5.225
v 154.583 		155.8 		4.924
v 152.575 		155.8 		7.214
v 152.871 		155.8 		7.155
v 153.157 		155.8 		7.058
v 153.428 		155.8 		6.924
v 152.961 		155.8 		9.708
v 153.586 		155.8 		9.584
v 154.19 		155.8 		9.379
v 154.762 		155.8 		9.097
v 155.292 		155.8 		8.743
v 155.433 		151.27 		6.553
v 155.636 		151.27 		6.142
v 155.783 		151.27 		5.708
v 155.873 		151.27 		5.258
v 155.902 		151.27 		4.8
v 155.873 		151.27 		4.343
v 155.783 		151.27 		3.893
v 155.636 		151.27 		3.459
v 155.433 		151.27 		3.047
v 155.772 		151.27 		8.322
v 156.829 		151.27 		3.009
v 157.034 		151.27 		3.613
v 157.158 		151.27 		4.239
v 157.2 		151.27 		4.875
v 157.158 		151.27 		5.511
v 157.034 		151.27 		6.137
v 156.829 		151.27 		6.741
v 156.547 		151.27 		7.312
v 156.192 		151.27 		7.843
v 152.847 		151.27 		8.306
v 152.847 		151.27 		8.2765
v 152.854 		151.27 		8.276
v 153.304 		151.27 		8.187
v 153.738 		151.27 		8.039
v 154.15 		151.27 		7.836
v 154.531 		151.27 		7.582
v 123.314 		132.233 		2.854
v 123.2276 		132.3564 		2.884
v 122.9974 		132.6852 		2.884
v 154.19 		151.27 		9.379
v 153.586 		151.27 		9.584
v 152.961 		151.27 		9.708
v 128.024 		135.531 		2.854
v 154.876 		151.27 		7.279
v 155.178 		151.27 		6.934
v 123.3221 		132.2386 		2.884
v 127.9942 		135.5101 		2.884
v 124.596 		133.1307 		2.884
v 122.667 		138.726 		2.854
v 155.292 		151.27 		8.743
v 154.762 		151.27 		9.097
v 122.79 		138.679 		2.854
v 122.905 		138.615 		2.854
v 123.011 		138.538 		2.854
v 123.106 		138.447 		2.854
v 123.188 		138.344 		2.854
v 123.256 		138.232 		2.854
v 123.309 		138.112 		2.854
v 123.346 		137.985 		2.854
v 123.366 		137.855 		2.854
v 123.369 		137.724 		2.854
v 123.355 		137.593 		2.854
v 123.323 		137.466 		2.854
v 123.276 		137.343 		2.854
v 123.213 		137.228 		2.854
v 123.135 		137.122 		2.854
v 123.044 		137.027 		2.854
v 122.941 		136.945 		2.854
v 122.829 		136.876 		2.854
v 122.709 		136.824 		2.854
v 155.433 		153.385 		6.553
v 155.636 		153.385 		6.142
v 155.783 		153.385 		5.708
v 155.873 		153.385 		5.258
v 155.902 		153.385 		4.8
v 155.873 		153.385 		4.343
v 155.783 		153.385 		3.893
v 155.636 		153.385 		3.459
v 155.433 		153.385 		3.047
v 128.159 		135.145 		2.884
v 128.264 		134.784 		2.884
v 123.102 		132.513 		2.884
v 123.912 		131.737 		2.884
v 123.609 		131.96 		2.884
v 123.337 		132.22 		2.884
v 128.007 		135.489 		2.884
v 154.563 		153.385 		4.622
v 154.504 		153.385 		4.326
v 154.407 		153.385 		4.04
v 154.274 		153.385 		3.769
v 122.667 		138.726 		6.354
v 122.79 		138.679 		6.354
v 154.106 		153.385 		3.518
v 122.905 		138.615 		6.354
v 123.011 		138.538 		6.354
v 153.906 		153.385 		3.29
v 123.106 		138.447 		6.354
v 123.188 		138.344 		6.354
v 123.256 		138.232 		6.354
v 153.679 		153.385 		3.091
v 123.309 		138.112 		6.354
v 123.346 		137.985 		6.354
v 123.366 		137.855 		6.354
v 153.428 		153.385 		2.923
v 123.369 		137.724 		6.354
v 123.355 		137.593 		6.354
v 123.323 		137.466 		6.354
v 123.276 		137.343 		6.354
v 123.213 		137.228 		6.354
v 123.135 		137.122 		6.354
v 93.8288 		125.08 		0.0083
v 128.264 		134.784 		6.384
v 128.159 		135.145 		6.384
v 125.583 		137.034 		6.354
v 122.715 		135.026 		6.354
v 122.8289 		135.32 		6.354
v 122.626 		134.661 		6.354
v 122.593 		133.911 		6.354
v 122.65 		133.54 		6.354
v 122.755 		133.179 		6.354
v 122.907 		132.834 		6.354
v 122.9974 		132.6852 		6.354
v 123.314 		132.233 		6.354
v 123.2276 		132.3564 		6.354
v 123.3221 		132.2386 		6.354
v 127.577 		136.104 		6.354
v 127.812 		135.811 		6.354
v 127.305 		136.364 		6.354
v 127.002 		136.587 		6.354
v 126.672 		136.768 		6.354
v 126.644 		136.7789 		6.354
v 128.024 		135.531 		6.354
v 127.9942 		135.5101 		6.354
v 126.322 		136.904 		6.354
v 125.956 		136.993 		6.354
v 123.044 		137.027 		6.354
v 125.207 		137.026 		6.354
v 122.941 		136.945 		6.354
v 122.829 		136.876 		6.354
v 122.709 		136.824 		6.354
v 124.835 		136.969 		6.354
v 124.474 		136.864 		6.354
v 153.157 		153.385 		2.79
v 124.13 		136.712 		6.354
v 123.808 		136.517 		6.354
v 123.515 		136.282 		6.354
v 153.679 		153.385 		6.756
v 123.255 		136.01 		6.354
v 153.906 		153.385 		6.557
v 154.106 		153.385 		6.33
v 123.032 		135.707 		6.354
v 122.851 		135.377 		6.354
v 154.274 		153.385 		6.079
v 154.407 		153.385 		5.808
v 154.504 		153.385 		5.522
v 126.44 		131.46 		2.884
v 126.079 		131.355 		2.884
v 154.563 		153.385 		5.225
v 125.708 		131.298 		2.884
v 125.332 		131.29 		2.884
v 124.958 		131.331 		2.884
v 124.593 		131.42 		2.884
v 154.583 		153.385 		4.924
v 124.242 		131.556 		2.884
v 103.2417 		119.9283 		2.884
v 103.377 		119.799 		2.884
v 103.612 		119.506 		2.884
v 103.807 		119.184 		2.884
v 103.634 		119.368 		2.884
v 125.332 		131.29 		6.384
v 125.708 		131.298 		6.384
v 126.079 		131.355 		6.384
v 126.44 		131.46 		6.384
v 152.575 		153.902 		7.214
v 124.958 		131.331 		6.384
v 124.242 		131.556 		6.384
v 124.593 		131.42 		6.384
v 152.847 		153.902 		7.1598
v 152.871 		153.385 		7.155
v 152.847 		153.385 		7.1598
v 153.157 		153.385 		7.058
v 153.428 		153.385 		6.924
v 103.807 		119.184 		6.384
v 103.612 		119.506 		6.384
v 103.377 		119.799 		6.384
v 103.2417 		119.9283 		6.354
v 103.634 		119.368 		2.854
v 101.2508 		122.772 		2.854
v 102.6811 		120.729 		6.354
v 152.847 		153.902 		8.306
v 98.448 		126.7752 		2.854
v 152.847 		153.385 		8.2765
v 98.448 		126.7752 		6.354
v 152.854 		153.385 		8.276
v 153.304 		153.385 		8.187
v 153.738 		153.385 		8.039
v 154.15 		153.385 		7.836
v 103.959 		118.84 		2.884
v 104.064 		118.479 		2.884
v 104.121 		118.107 		2.884
v 104.129 		117.731 		2.884
v 104.088 		117.357 		2.884
v 103.999 		116.992 		2.884
v 103.863 		116.641 		2.884
v 103.682 		116.312 		2.884
v 103.459 		116.008 		2.884
v 103.199 		115.737 		2.884
v 102.906 		115.501 		2.884
v 154.531 		153.385 		7.582
v 102.585 		115.306 		2.884
v 102.24 		115.155 		2.884
v 102.068 		118.2715 		2.884
v 103.0171 		118.936 		2.884
v 100.0922 		116.888 		2.884
v 101.879 		115.05 		2.884
v 101.508 		114.992 		2.884
v 101.132 		114.984 		2.884
v 100.456 		117.1427 		2.884
v 154.876 		153.385 		7.279
v 155.178 		153.385 		6.934
v 104.129 		117.731 		6.384
v 104.121 		118.107 		6.384
v 104.064 		118.479 		6.384
v 103.959 		118.84 		6.384
v 102.24 		115.155 		6.384
v 102.585 		115.306 		6.384
v 102.906 		115.501 		6.384
v 103.199 		115.737 		6.384
v 103.459 		116.008 		6.384
v 103.682 		116.312 		6.384
v 103.863 		116.641 		6.384
v 103.999 		116.992 		6.384
v 104.088 		117.357 		6.384
v 101.132 		114.984 		6.384
v 101.508 		114.992 		6.384
v 101.879 		115.05 		6.384
v 98.988 		122.659 		2.854
v 91.393 		128.777 		4.875
v 98.515 		118.721 		6.384
v 102.802 		120.281 		6.384
v 102.472 		120.462 		6.384
v 102.122 		120.598 		6.384
v 103.105 		120.059 		6.384
v 99.055 		119.705 		6.384
v 98.832 		119.401 		6.384
v 98.651 		119.072 		6.384
v 101.756 		120.688 		6.384
v 101.383 		120.729 		6.384
v 101.007 		120.721 		6.384
v 100.635 		120.663 		6.384
v 100.274 		120.558 		6.384
v 99.93 		120.407 		6.384
v 99.608 		120.212 		6.384
v 99.315 		119.976 		6.384
v 98.5983 		118.936 		6.354
v 98.515 		118.721 		6.354
v 103.105 		120.059 		6.354
v 102.802 		120.281 		6.354
v 102.472 		120.462 		6.354
v 102.122 		120.598 		6.354
v 102.068 		120.6113 		6.354
v 101.756 		120.688 		6.354
v 101.383 		120.729 		6.354
v 101.007 		120.721 		6.354
v 100.635 		120.663 		6.354
v 100.456 		120.6109 		6.354
v 100.274 		120.558 		6.354
v 99.93 		120.407 		6.354
v 99.608 		120.212 		6.354
v 99.315 		119.976 		6.354
v 99.055 		119.705 		6.354
v 98.832 		119.401 		6.354
v 98.651 		119.072 		6.354
v 92.3955 		127.128 		0.0082
v 93.3771 		125.7255 		0.0083
v 89.865 		127.707 		0.371
v 90.872 		128.412 		0.042
v 90.36 		128.053 		0.166
v 91.317 		128.669 		0.0082
v 91.3178 		128.6679 		0.0082
v 88.57 		126.8 		8.322
v 88.962 		127.075 		8.743
v 88.225 		126.558 		7.843
v 87.935 		126.355 		7.312
v 87.704 		126.194 		3.009
v 95.083 		131.36 		6.741
v 95.251 		131.478 		6.137
v 87.536 		126.076 		3.613
v 87.434 		126.005 		4.239
v 87.4 		125.981 		4.875
v 87.434 		126.005 		5.511
v 87.704 		126.194 		6.741
v 95.353 		131.549 		5.511
v 95.387 		131.573 		4.875
v 95.353 		131.549 		4.239
v 95.251 		131.478 		3.613
v 95.083 		131.36 		3.009
v 95.1084 		131.3237 		6.741
v 95.1061 		131.3221 		6.7466
v 94.966 		131.224 		7.0928
v 87.536 		126.076 		6.137
v 95.2766 		131.4415 		6.137
v 95.3784 		131.5128 		5.511
v 95.4125 		131.5366 		4.875
v 95.3784 		131.5128 		4.239
v 95.2766 		131.4415 		3.613
v 95.1084 		131.3237 		3.009
v 95.0155 		131.2586 		2.779
v 94.562 		130.995 		1.907
v 94.217 		130.754 		1.428
v 94.852 		131.198 		2.437
v 94.966 		131.224 		2.6565
v 94.8795 		131.1635 		2.4426
v 94.8773 		131.1619 		2.437
v 94.5901 		130.9608 		1.9122
v 94.5873 		130.9588 		1.907
v 94.2448 		130.719 		1.4311
v 94.2426 		130.7175 		1.428
v 93.876 		130.4608 		1.0352
v 91.915 		129.142 		0.042
v 91.393 		128.777 		0
v 91.9408 		129.1058 		0.0421
v 91.9405 		129.1056 		0.042
v 92.0411 		129.176 		0.0663
v 91.4239 		128.7439 		0.0004
v 91.4191 		128.7405 		0
v 89.397 		127.379 		9.097
v 93.824 		130.479 		1.007
v 92.427 		129.501 		0.166
v 93.39 		130.175 		0.653
v 92.922 		129.847 		0.371
v 93.8535 		130.4451 		1.0112
v 93.8497 		130.4424 		1.007
v 88.962 		127.075 		1.007
v 93.4199 		130.1414 		0.6565
v 93.4156 		130.1384 		0.653
v 89.397 		127.379 		0.653
v 87.935 		126.355 		2.437
v 92.9475 		129.8106 		0.371
v 92.4527 		129.4642 		0.166
v 88.225 		126.558 		1.907
v 88.57 		126.8 		1.428
v 94.2426 		130.7175 		8.322
v 94.2387 		130.7148 		8.3261
v 93.876 		130.4608 		8.7148
v 94.5873 		130.9588 		7.843
v 94.5854 		130.9575 		7.8457
v 94.8773 		131.1619 		7.312
v 94.8745 		131.1599 		7.3172
v 91.4136 		128.7366 		9.7496
v 91.9405 		129.1056 		9.708
v 91.9354 		129.102 		9.7084
v 92.0411 		129.176 		9.6836
v 92.4527 		129.4642 		9.584
v 92.9475 		129.8106 		9.379
v 93.4156 		130.1384 		9.097
v 93.4131 		130.1366 		9.0985
v 93.8497 		130.4424 		8.743
v 93.8454 		130.4393 		8.7465
v 94.217 		130.754 		8.322
v 94.852 		131.198 		7.312
v 94.562 		130.995 		7.843
v 91.393 		128.777 		9.75
v 91.915 		129.142 		9.708
v 92.427 		129.501 		9.584
v 93.39 		130.175 		9.097
v 92.922 		129.847 		9.379
v 93.824 		130.479 		8.743
# 1076 vertices

g group_8_6383466

usemtl color_6383466
s 0

f 5493 	5494 	5495
f 5493 	5495 	5496
f 5494 	5497 	5498
f 5494 	5498 	5495
f 5499 	5500 	5498
f 5499 	5498 	5497
f 5501 	5502 	5500
f 5501 	5500 	5499
f 5503 	5504 	5502
f 5503 	5502 	5501
f 5505 	5506 	5504
f 5505 	5504 	5503
f 5507 	5508 	5506
f 5507 	5506 	5505
f 5511 	5508 	5510
f 5512 	5508 	5511
f 5509 	5510 	5507
f 5507 	5510 	5508
f 5515 	5516 	5517
f 5514 	5516 	5513
f 5517 	5516 	5514
f 5518 	5513 	5516
f 5526 	5539 	5518
f 5517 	5520 	5515
f 5519 	5515 	5520
f 5516 	5515 	5524
f 5519 	5523 	5515
f 5516 	5524 	5518
f 5522 	5521 	5531
f 5522 	5531 	5532
f 5524 	5515 	5523
f 5525 	5526 	5524
f 5525 	5524 	5523
f 5527 	5528 	5529
f 5527 	5529 	5530
f 5541 	5527 	5530
f 5525 	5528 	5527
f 5541 	5526 	5527
f 5525 	5527 	5526
f 5524 	5526 	5518
f 5532 	5531 	5533
f 5532 	5533 	5534
f 5534 	5533 	5535
f 5534 	5535 	5536
f 5537 	5538 	5536
f 5537 	5536 	5535
f 5539 	5540 	5538
f 5539 	5538 	5537
f 5541 	5542 	5540
f 5541 	5540 	5539
f 5542 	5541 	5530
f 5533 	5531 	6296
f 5533 	6300 	5535
f 5535 	6304 	5537
f 5521 	6296 	5531
f 5537 	6343 	5539
f 5513 	5518 	5539
f 5541 	5539 	5526
f 5577 	5567 	5544
f 5545 	5568 	5546
f 5547 	5546 	5548
f 5547 	5548 	5549
f 5543 	5590 	5550
f 5590 	5591 	5550
f 5551 	5550 	5591
f 5553 	5589 	5554
f 5587 	5588 	5552
f 5589 	5578 	5554
f 5555 	5554 	5578
f 5569 	5570 	5558
f 5571 	5572 	5560
f 5564 	5575 	5565
f 5565 	5576 	5566
f 5566 	5577 	5544
f 5567 	5568 	5545
f 5548 	5546 	5568
f 5561 	5560 	5572
f 5572 	5573 	5561
f 5562 	5561 	5573
f 5574 	5562 	5573
f 5575 	5576 	5565
f 5577 	5566 	5576
f 5545 	5544 	5567
f 5575 	5563 	5574
f 5563 	5575 	5564
f 5562 	5574 	5563
f 5560 	5559 	5571
f 5570 	5571 	5559
f 5559 	5558 	5570
f 5569 	5558 	5557
f 5556 	5555 	5579
f 5579 	5580 	5556
f 5557 	5556 	5580
f 5569 	5557 	5580
f 5581 	5585 	5583
f 5591 	5587 	5551
f 5583 	5586 	5543
f 5582 	5584 	5581
f 5585 	5581 	5584
f 5586 	5583 	5585
f 5590 	5543 	5586
f 5578 	5579 	5555
f 5589 	5553 	5588
f 5552 	5551 	5587
f 5553 	5552 	5588
f 5592 	5548 	5593
f 5592 	5594 	5549
f 5592 	5549 	5548
f 5595 	5583 	5543
f 5595 	5543 	5596
f 5550 	5597 	5543
f 5596 	5543 	5597
f 5544 	5598 	5599
f 5545 	5600 	5598
f 5545 	5598 	5544
f 5546 	5601 	5600
f 5546 	5600 	5545
f 5547 	5602 	5601
f 5547 	5601 	5546
f 5602 	5547 	5603
f 5604 	5568 	5567
f 5604 	5567 	5605
f 5604 	5593 	5568
f 5548 	5568 	5593
f 5606 	5607 	5578
f 5606 	5578 	5589
f 5607 	5608 	5579
f 5607 	5579 	5578
f 5608 	5609 	5580
f 5608 	5580 	5579
f 5609 	5610 	5569
f 5609 	5569 	5580
f 5611 	5570 	5569
f 5611 	5569 	5610
f 5612 	5571 	5570
f 5612 	5570 	5611
f 5613 	5572 	5571
f 5613 	5571 	5612
f 5614 	5573 	5572
f 5614 	5572 	5613
f 5615 	5574 	5573
f 5615 	5573 	5614
f 5574 	5617 	5575
f 5615 	5617 	5574
f 5616 	5575 	5617
f 5618 	5576 	5575
f 5618 	5575 	5616
f 5619 	5577 	5576
f 5619 	5576 	5618
f 5567 	5577 	5620
f 5567 	5620 	5605
f 5620 	5577 	5619
f 5597 	5550 	5621
f 5621 	5550 	5551
f 5621 	5551 	5622
f 6024 	6022 	5623
f 5622 	5551 	5552
f 5622 	5552 	5625
f 5553 	5626 	5625
f 5553 	5625 	5552
f 5630 	5634 	5629
f 5631 	5634 	5630
f 5634 	6414 	5629
f 5632 	5634 	5631
f 5633 	5634 	5632
f 5628 	5629 	6414
f 5554 	5635 	5626
f 5554 	5626 	5553
f 5640 	6422 	5639
f 5638 	5639 	6422
f 5637 	5638 	6422
f 5641 	6422 	5640
f 5650 	5636 	6422
f 5555 	5642 	5635
f 5555 	5635 	5554
f 5632 	5636 	5643
f 5632 	5643 	5633
f 5631 	5637 	5636
f 5631 	5636 	5632
f 5556 	5644 	5642
f 5556 	5642 	5555
f 5630 	5638 	5637
f 5630 	5637 	5631
f 5629 	5639 	5638
f 5629 	5638 	5630
f 5557 	5645 	5644
f 5557 	5644 	5556
f 5628 	5640 	5639
f 5628 	5639 	5629
f 5627 	5641 	5640
f 5627 	5640 	5628
f 5557 	5646 	5645
f 5634 	5633 	5624
f 5646 	5557 	5558
f 5624 	5633 	5623
f 5643 	5623 	5633
f 5559 	5647 	5646
f 5559 	5646 	5558
f 5560 	5648 	5647
f 5560 	5647 	5559
f 5636 	5637 	6422
f 5561 	5652 	5648
f 5561 	5648 	5560
f 5651 	5649 	6422
f 5655 	5651 	6422
f 5654 	5655 	6422
f 5562 	5657 	5652
f 5562 	5652 	5561
f 5658 	5659 	5651
f 5658 	5651 	5655
f 5659 	5660 	5649
f 5659 	5649 	5651
f 5563 	5662 	5657
f 5563 	5657 	5562
f 5564 	5664 	5662
f 5564 	5662 	5563
f 5702 	5667 	5665
f 5665 	5663 	5702
f 5565 	5666 	5664
f 5565 	5664 	5564
f 5565 	5669 	5666
f 5668 	5702 	5670
f 5566 	5672 	5669
f 5566 	5669 	5565
f 5670 	5702 	5671
f 5673 	5671 	5702
f 5672 	5566 	5599
f 5544 	5599 	5566
f 5512 	5511 	5675
f 5512 	5675 	5584
f 5674 	5673 	5702
f 5675 	5676 	5585
f 5675 	5585 	5584
f 5676 	5677 	5586
f 5676 	5586 	5585
f 5590 	5586 	5678
f 5677 	5678 	5586
f 5590 	5678 	5679
f 5679 	5681 	5591
f 5679 	5591 	5590
f 5684 	5587 	5683
f 5587 	5591 	5683
f 5681 	5683 	5591
f 5685 	5588 	5587
f 5685 	5587 	5684
f 5687 	5589 	5588
f 5687 	5588 	5685
f 6237 	5699 	5682
f 5589 	5687 	5606
f 5581 	5691 	5692
f 5581 	5692 	5582
f 5583 	5694 	5691
f 5583 	5691 	5581
f 5690 	5699 	5693
f 5583 	5595 	5694
f 5695 	5699 	5696
f 5520 	5517 	5582
f 5520 	5582 	5692
f 5697 	5699 	5663
f 5696 	5699 	5697
f 5702 	5663 	5699
f 5593 	5735 	5592
f 5594 	5592 	5735
f 5735 	5593 	5604
f 5735 	5604 	5605
f 5695 	5693 	5699
f 5689 	5699 	5690
f 5688 	5686 	5699
f 5686 	5682 	5699
f 5680 	6237 	5682
f 5680 	5698 	6237
f 5689 	5688 	5699
f 5735 	5605 	5620
f 5700 	5749 	5701
f 5734 	5675 	5511
f 5668 	5667 	5702
f 5675 	5734 	5676
f 5609 	5734 	5610
f 5707 	5733 	5706
f 5706 	5733 	5705
f 5708 	5733 	5707
f 5734 	5607 	5606
f 5607 	5734 	5608
f 5609 	5608 	5734
f 5711 	5738 	5710
f 5734 	5735 	5610
f 5738 	5711 	5703
f 5704 	5733 	5703
f 5705 	5733 	5704
f 5713 	5738 	5712
f 5714 	5738 	5713
f 5715 	5738 	5714
f 5719 	5738 	5718
f 5684 	5734 	5685
f 5710 	5738 	5719
f 5606 	5687 	5734
f 5685 	5734 	5687
f 5611 	5610 	5735
f 5676 	5734 	5677
f 5677 	5734 	5678
f 5684 	5683 	5734
f 5681 	5679 	5734
f 5681 	5734 	5683
f 5678 	5734 	5679
f 5726 	5732 	5725
f 5724 	5725 	5732
f 5727 	5732 	5726
f 5619 	5618 	5735
f 5613 	5735 	5614
f 5611 	5735 	5612
f 5612 	5735 	5613
f 5614 	5735 	5615
f 5617 	5615 	5735
f 5618 	5616 	5735
f 5617 	5735 	5616
f 6318 	5731 	5732
f 5720 	6351 	5730
f 5721 	6351 	5720
f 5731 	6317 	5732
f 5732 	5722 	5723
f 5724 	5732 	5723
f 5728 	5732 	5727
f 5729 	5732 	5728
f 5620 	5619 	5735
f 5738 	5703 	5733
f 5709 	5733 	5708
f 5712 	5732 	5729
f 5732 	5712 	5738
f 5716 	5738 	5715
f 5717 	5738 	5716
f 5717 	5718 	5738
f 5736 	5737 	5739
f 5736 	5739 	5740
f 5742 	5743 	5744
f 5742 	5744 	5745
f 6162 	5753 	5744
f 5739 	5750 	5740
f 5742 	5752 	5743
f 5745 	5744 	5753
f 5736 	5755 	5737
f 6163 	5737 	5755
f 6163 	6160 	5737
f 5735 	6167 	5758
f 5759 	5760 	6230
f 5762 	6230 	5761
f 5763 	6230 	5762
f 5764 	6230 	5763
f 5765 	6230 	5764
f 5766 	6230 	5765
f 5760 	5761 	6230
f 5719 	5718 	5674
f 5770 	5773 	5768
f 5773 	5774 	5768
f 5774 	5775 	5768
f 5775 	5776 	5768
f 5776 	5777 	5768
f 5767 	5768 	5777
f 5777 	5509 	5767
f 5530 	5767 	5509
f 5760 	5779 	5780
f 5759 	5782 	5779
f 5759 	5779 	5760
f 5761 	5785 	5786
f 5761 	5786 	5762
f 5780 	5785 	5761
f 5780 	5761 	5760
f 5765 	5789 	5790
f 5765 	5790 	5766
f 5764 	5792 	5789
f 5764 	5789 	5765
f 5763 	5793 	5792
f 5763 	5792 	5764
f 5793 	5763 	5795
f 5763 	5762 	5795
f 5786 	5795 	5762
f 5790 	5783 	5766
f 6230 	5766 	5783
f 5777 	5798 	5510
f 5777 	5510 	5509
f 5777 	5776 	5800
f 5777 	5800 	5798
f 5776 	5775 	5801
f 5776 	5801 	5800
f 5803 	5804 	5774
f 5775 	5774 	5804
f 5775 	5804 	5801
f 5774 	5773 	5805
f 5774 	5805 	5803
f 5806 	5770 	5807
f 5773 	5770 	5806
f 5773 	5806 	5805
f 5768 	5809 	5807
f 5768 	5807 	5770
f 5530 	5529 	5767
f 5816 	5767 	5529
f 5768 	5767 	5816
f 5768 	5816 	5809
f 5780 	5779 	5841
f 5779 	5782 	5841
f 5841 	5786 	5785
f 5785 	5780 	5841
f 5841 	5795 	5786
f 5510 	5798 	5823
f 5800 	5801 	5823
f 5798 	5800 	5823
f 5801 	5804 	5823
f 5933 	5826 	5827
f 5823 	5805 	5825
f 5823 	5804 	5803
f 5805 	5823 	5803
f 5806 	5825 	5805
f 5807 	5825 	5806
f 5792 	5793 	5831
f 5789 	5792 	5831
f 5841 	5831 	5793
f 5790 	5789 	5831
f 5841 	5793 	5795
f 5841 	5742 	5831
f 5745 	5736 	5831
f 5825 	5831 	5736
f 5736 	5740 	5825
f 5823 	5825 	5740
f 5823 	5740 	5757
f 5740 	5750 	5757
f 5745 	5831 	5742
f 5753 	5755 	5745
f 5742 	5841 	5752
f 5758 	5752 	5841
f 5736 	5745 	5755
f 5735 	5841 	5594
f 5782 	5594 	5841
f 5758 	5841 	5735
f 5823 	5511 	5510
f 5734 	5511 	5823
f 5787 	5900 	6437
f 5823 	5757 	5734
f 5895 	5818 	5769
f 5691 	5847 	5848
f 5691 	5848 	5692
f 5771 	5896 	5769
f 5895 	5769 	5896
f 5694 	5849 	5847
f 5694 	5847 	5691
f 5897 	5896 	5772
f 5771 	5772 	5896
f 5595 	5849 	5694
f 5897 	5772 	5778
f 5849 	5867 	5523
f 5851 	5852 	5877
f 5854 	5855 	5877
f 5692 	5848 	5519
f 5692 	5519 	5520
f 5850 	5597 	5621
f 5901 	5787 	5788
f 5851 	5850 	5621
f 5851 	5621 	5622
f 5901 	5788 	5791
f 5851 	5877 	5850
f 5852 	5851 	5622
f 5852 	5622 	5625
f 5850 	5877 	5867
f 5796 	5906 	5794
f 5626 	5853 	5852
f 5626 	5852 	5625
f 5906 	5796 	5797
f 5877 	5523 	5867
f 5853 	5877 	5852
f 5910 	5797 	5799
f 5635 	5854 	5853
f 5635 	5853 	5626
f 5910 	5799 	5802
f 5642 	5855 	5854
f 5642 	5854 	5635
f 5644 	5856 	5855
f 5644 	5855 	5642
f 5854 	5877 	5853
f 5645 	5857 	5856
f 5645 	5856 	5644
f 5856 	5857 	5877
f 5811 	5916 	5810
f 5646 	5858 	5857
f 5646 	5857 	5645
f 5916 	5811 	5812
f 5916 	5812 	5917
f 5857 	5858 	5877
f 5876 	5877 	5858
f 5918 	5917 	5813
f 5812 	5813 	5917
f 5918 	5813 	5814
f 5647 	5859 	5858
f 5647 	5858 	5646
f 5860 	5876 	5859
f 5648 	5860 	5859
f 5648 	5859 	5647
f 5925 	5817 	5818
f 5652 	5861 	5860
f 5652 	5860 	5648
f 5657 	5862 	5861
f 5657 	5861 	5652
f 5662 	5863 	5862
f 5662 	5862 	5657
f 5863 	5876 	5862
f 5822 	5930 	5821
f 5664 	5864 	5863
f 5664 	5863 	5662
f 5824 	5931 	5930
f 5824 	5930 	5822
f 5864 	5876 	5863
f 5666 	5865 	5864
f 5666 	5864 	5664
f 5865 	5866 	5876
f 5669 	5865 	5666
f 5865 	5669 	5866
f 5672 	5866 	5669
f 5599 	5866 	5672
f 5873 	5876 	5868
f 5832 	5937 	5830
f 5867 	5849 	5595
f 5867 	5595 	5596
f 5937 	5832 	5833
f 5596 	5597 	5867
f 5850 	5867 	5597
f 5866 	5599 	5868
f 5598 	5868 	5599
f 5835 	5940 	5834
f 5600 	5869 	5868
f 5600 	5868 	5598
f 5601 	5870 	5869
f 5601 	5869 	5600
f 5602 	5871 	5870
f 5602 	5870 	5601
f 5870 	5873 	5869
f 5871 	5873 	5870
f 5838 	5945 	5837
f 5872 	5871 	5602
f 5872 	5602 	5603
f 5945 	5838 	5839
f 5866 	5868 	5876
f 5868 	5869 	5873
f 5873 	5871 	5872
f 5873 	5783 	5790
f 5840 	5842 	5948
f 5519 	5848 	5523
f 5848 	5847 	5523
f 5847 	5849 	5523
f 5948 	5842 	5843
f 5843 	5844 	5951
f 5952 	5951 	5845
f 5844 	5845 	5951
f 5807 	5809 	5874
f 5952 	5845 	5846
f 5525 	5523 	5874
f 5784 	6437 	5894
f 5528 	5875 	5816
f 5528 	5816 	5529
f 5816 	5875 	5874
f 5816 	5874 	5809
f 5528 	5525 	5875
f 5874 	5875 	5525
f 5855 	5856 	5877
f 5858 	5859 	5876
f 5860 	5861 	5876
f 5861 	5862 	5876
f 5864 	5865 	5876
f 5825 	5807 	5877
f 5807 	5874 	5877
f 5523 	5877 	5874
f 5899 	5898 	5781
f 5873 	5790 	5876
f 5831 	5876 	5790
f 5877 	5876 	5831
f 5877 	5831 	5825
f 5899 	5781 	5894
f 5784 	5894 	5781
f 5660 	5661 	5650
f 5660 	5650 	5649
f 5636 	5650 	5643
f 5661 	5643 	5650
f 5878 	5879 	5656
f 5879 	5880 	5653
f 5879 	5653 	5656
f 5881 	5654 	5653
f 5881 	5653 	5880
f 5882 	5655 	5654
f 5882 	5654 	5881
f 5655 	5882 	5658
f 5880 	6024 	5881
f 5658 	6024 	5659
f 5659 	6024 	5660
f 5661 	5660 	5623
f 6024 	5623 	5660
f 5643 	5661 	5623
f 5878 	6024 	5879
f 5880 	5879 	6024
f 5881 	6024 	5882
f 5658 	5882 	6024
f 5624 	5623 	5883
f 5923 	5921 	5815
f 5817 	5925 	5815
f 5927 	5911 	5819
f 5826 	5931 	5824
f 6059 	5887 	6070
f 5932 	5931 	5826
f 5889 	6066 	5888
f 5933 	5932 	5826
f 6017 	6015 	5891
f 5933 	5827 	5828
f 5833 	5938 	5937
f 6017 	5891 	5888
f 5834 	5939 	5833
f 5940 	5835 	5836
f 5944 	5836 	5837
f 5886 	6057 	5889
f 6501 	5891 	5890
f 5846 	5953 	5952
f 5897 	5778 	5898
f 5778 	5781 	5898
f 6501 	5890 	5892
f 5893 	6437 	5900
f 5901 	5900 	5787
f 5791 	5902 	5901
f 5902 	5791 	5794
f 5902 	5794 	5905
f 5906 	5905 	5794
f 5797 	5907 	5906
f 5909 	5926 	5908
f 6040 	5926 	5909
f 5910 	5907 	5797
f 5943 	6040 	5975
f 6042 	5975 	5908
f 5802 	5911 	5910
f 5802 	5819 	5911
f 6044 	6045 	5883
f 5810 	5913 	5808
f 5912 	5808 	5913
f 6048 	5818 	5915
f 5913 	5810 	5916
f 5914 	6045 	6129
f 6020 	6019 	5885
f 5884 	5885 	6019
f 5918 	5814 	5921
f 5814 	5815 	5921
f 5923 	5815 	5925
f 5925 	5818 	5926
f 5926 	5818 	5895
f 5927 	5819 	5928
f 5820 	5928 	5819
f 5928 	5820 	5929
f 5821 	5929 	5820
f 6019 	6023 	5884
f 5821 	5930 	5929
f 5933 	5828 	5934
f 5829 	5935 	5934
f 5829 	5934 	5828
f 5892 	6020 	5885
f 5935 	5829 	5936
f 5830 	5936 	5829
f 5937 	5936 	5830
f 5938 	5833 	5939
f 5940 	5939 	5834
f 5942 	5940 	5836
f 5942 	5836 	5944
f 5903 	5904 	5943
f 5944 	5837 	5945
f 5839 	5946 	5945
f 5946 	5839 	5840
f 5946 	5840 	5947
f 5947 	5840 	5948
f 5843 	5950 	5948
f 5949 	5998 	5943
f 5904 	5949 	5943
f 5950 	5843 	5951
f 5846 	5808 	5953
f 5808 	5912 	5953
f 5956 	5957 	5958
f 5956 	5958 	5959
f 5956 	5959 	5960
f 5956 	5960 	5961
f 5956 	5961 	5962
f 5956 	5962 	5963
f 5956 	5963 	5964
f 5956 	5964 	6376
f 5968 	5969 	5967
f 5966 	5967 	5969
f 5966 	5969 	5970
f 5966 	5970 	5971
f 5965 	5972 	5973
f 5972 	5965 	5974
f 6104 	5974 	5965
f 6373 	5992 	5977
f 5978 	6373 	5977
f 5979 	6373 	5978
f 5980 	6373 	5979
f 5981 	6373 	5980
f 5982 	6373 	5981
f 5983 	6373 	5982
f 5984 	6373 	5983
f 5985 	6373 	5984
f 5986 	6373 	5985
f 5954 	6373 	5987
f 5955 	6373 	5954
f 5986 	5987 	6373
f 5941 	6076 	5924
f 5991 	5993 	5994
f 5991 	5994 	5992
f 6076 	5941 	5943
f 5993 	5996 	5997
f 5993 	5997 	5994
f 6083 	5943 	5998
f 5996 	5999 	6000
f 5996 	6000 	5997
f 5999 	6001 	6002
f 5999 	6002 	6000
f 6001 	6003 	6004
f 6001 	6004 	6002
f 6037 	6036 	5989
f 6003 	6005 	6006
f 6003 	6006 	6004
f 6005 	6007 	6008
f 6005 	6008 	6006
f 6007 	6009 	6010
f 6007 	6010 	6008
f 6009 	6011 	6012
f 6009 	6012 	6010
f 6017 	6013 	5623
f 6015 	6017 	5623
f 6025 	5926 	6040
f 6038 	6039 	5995
f 6013 	6014 	5623
f 6014 	6066 	5623
f 6026 	6029 	5925
f 6013 	5888 	6014
f 6066 	6014 	5888
f 6042 	6043 	5975
f 5890 	5891 	6015
f 6019 	6020 	5623
f 6015 	5623 	6021
f 6021 	5623 	6020
f 6018 	5988 	6032
f 6033 	6032 	5988
f 6023 	5623 	6022
f 6019 	5623 	6023
f 6029 	6027 	5925
f 5919 	5920 	6022
f 6023 	6022 	5920
f 5989 	5995 	6039
f 5989 	6039 	6037
f 5995 	6088 	6041
f 6027 	5922 	6024
f 5922 	5919 	6024
f 6022 	6024 	5919
f 5943 	5975 	5903
f 6028 	5903 	5975
f 6024 	5925 	6027
f 6016 	6030 	6031
f 6016 	6031 	5975
f 6031 	6028 	5975
f 6018 	6032 	6030
f 6018 	6030 	6016
f 5924 	5922 	6027
f 5924 	6027 	6029
f 5920 	5884 	6023
f 5990 	6034 	6035
f 6033 	5988 	6035
f 5892 	6021 	6020
f 5990 	6035 	5988
f 6015 	6021 	5890
f 5892 	5890 	6021
f 6036 	6034 	5990
f 5888 	6013 	6017
f 5990 	5989 	6036
f 6025 	5941 	6026
f 5924 	6029 	5941
f 6026 	5941 	6029
f 6038 	5995 	6041
f 5908 	5975 	5909
f 5909 	5975 	6040
f 6062 	6054 	5896
f 6025 	6040 	5943
f 6025 	5943 	5941
f 6054 	6055 	5896
f 6043 	5895 	6056
f 5908 	5926 	6042
f 6042 	5926 	6043
f 6056 	5975 	6043
f 6045 	5914 	5883
f 5914 	5915 	5883
f 6046 	6049 	5883
f 6087 	5769 	6081
f 6050 	5818 	6048
f 6045 	6044 	6135
f 6066 	6063 	5623
f 6046 	5883 	6047
f 6044 	5883 	6049
f 6047 	6136 	6046
f 6048 	6129 	6050
f 6047 	5883 	6051
f 5915 	5914 	6129
f 6051 	6138 	6047
f 6053 	5883 	6052
f 6051 	5883 	6053
f 6052 	6130 	6053
f 6086 	5895 	6055
f 5895 	5896 	6055
f 6061 	6062 	5897
f 5897 	5898 	6065
f 6059 	6070 	5883
f 6052 	5883 	6060
f 6058 	6059 	5883
f 6058 	5883 	6057
f 6054 	5988 	6018
f 5887 	6058 	5886
f 6057 	5886 	6058
f 5883 	5623 	6057
f 5989 	5990 	6061
f 6062 	6061 	5990
f 6066 	5889 	6063
f 6131 	6070 	5887
f 5896 	5897 	6062
f 6063 	6057 	5623
f 6065 	6064 	5995
f 6065 	6061 	5897
f 6057 	6063 	5889
f 6060 	6131 	6052
f 6071 	5784 	6075
f 6075 	5781 	6074
f 6060 	5883 	6070
f 6058 	5887 	6059
f 6079 	5772 	6078
f 6070 	6131 	6060
f 6135 	6129 	6045
f 6071 	6155 	6072
f 6072 	6073 	6437
f 6074 	5778 	6079
f 6082 	5771 	6087
f 6081 	5769 	6050
f 6087 	6128 	6082
f 5924 	6076 	6080
f 6061 	6065 	5989
f 5995 	5989 	6065
f 6076 	5943 	6077
f 6054 	6062 	5988
f 5990 	5988 	6062
f 6085 	6077 	6084
f 6083 	6084 	6077
f 5943 	6083 	6077
f 6016 	5975 	6056
f 6080 	6527 	5924
f 6056 	5895 	6086
f 6086 	6055 	6018
f 6055 	6054 	6018
f 6078 	5771 	6082
f 6056 	6086 	6016
f 6018 	6016 	6086
f 6088 	5995 	6064
f 6068 	6067 	6089
f 6095 	6094 	6089
f 6089 	6088 	6068
f 6064 	6068 	6088
f 6088 	6090 	6091
f 6091 	6041 	6088
f 6092 	6090 	6088
f 6092 	6088 	6089
f 6092 	6089 	6093
f 6094 	6093 	6089
f 6105 	6106 	6391
f 6118 	6105 	6391
f 6108 	6391 	6073
f 6072 	6437 	6071
f 6099 	6069 	6393
f 6096 	6089 	6067
f 6099 	6393 	6098
f 6097 	6098 	6393
f 6391 	6437 	6073
f 6064 	6065 	5898
f 6098 	6097 	6100
f 6098 	6100 	6101
f 6393 	6391 	6103
f 6097 	6393 	6103
f 6104 	5965 	6102
f 6103 	6102 	5965
f 6106 	6102 	6391
f 6102 	6103 	6391
f 6106 	6105 	6107
f 6108 	6073 	6156
f 6072 	6156 	6073
f 6121 	6118 	6113
f 6109 	6107 	6105
f 6110 	6118 	6108
f 6113 	6118 	6110
f 6107 	6104 	6106
f 6102 	6106 	6104
f 6109 	6105 	6118
f 6111 	6109 	6118
f 6111 	6112 	6107
f 6097 	6103 	5965
f 6097 	5965 	6100
f 6116 	6100 	5973
f 6117 	5974 	6104
f 6391 	6108 	6118
f 6119 	6117 	6107
f 6118 	6112 	6111
f 6119 	6107 	6112
f 6109 	6111 	6107
f 6113 	6110 	6122
f 6108 	6122 	6110
f 6101 	6096 	6099
f 6101 	6099 	6098
f 6099 	6096 	6069
f 6067 	6069 	6096
f 6089 	6096 	6095
f 6114 	6095 	6096
f 6096 	6101 	6114
f 6115 	6114 	6101
f 6115 	6101 	6116
f 6100 	6116 	6101
f 5965 	5973 	6100
f 6120 	6112 	6118
f 6104 	6107 	6117
f 6112 	6120 	6119
f 6122 	6121 	6113
f 6075 	6074 	6123
f 6075 	6123 	6124
f 6079 	6078 	6125
f 6079 	6125 	6126
f 6087 	6081 	6127
f 6087 	6127 	6128
f 6127 	6081 	6129
f 6050 	6129 	6081
f 6125 	6078 	6128
f 6082 	6128 	6078
f 6127 	6149 	6128
f 6152 	6151 	6129
f 6074 	6079 	6126
f 6074 	6126 	6123
f 6048 	5915 	6129
f 6125 	6147 	6126
f 6128 	6148 	6125
f 6135 	6133 	6129
f 6044 	6134 	6135
f 6136 	6137 	6046
f 6049 	6046 	6137
f 6136 	6047 	6138
f 6154 	6152 	6129
f 6053 	6130 	6139
f 6154 	6129 	6133
f 6071 	6075 	6124
f 6124 	6140 	6141
f 6138 	6051 	6139
f 6053 	6139 	6051
f 6124 	6141 	6142
f 6130 	6052 	6131
f 6143 	6140 	6124
f 6123 	6144 	6143
f 6124 	6123 	6143
f 6126 	6145 	6146
f 6123 	6126 	6146
f 6146 	6144 	6123
f 6147 	6145 	6126
f 6147 	6125 	6148
f 6148 	6128 	6150
f 6149 	6150 	6128
f 6137 	6134 	6049
f 6044 	6049 	6134
f 6151 	6149 	6127
f 6152 	6153 	6151
f 6127 	6129 	6151
f 6156 	6072 	6155
f 6071 	6124 	6155
f 6159 	6155 	6142
f 6156 	6157 	6122
f 6156 	6122 	6108
f 6156 	6155 	6158
f 6158 	6155 	6159
f 6158 	6157 	6156
f 6124 	6142 	6155
f 5738 	6161 	6033
f 5733 	6161 	5738
f 5701 	6163 	5733
f 5702 	5757 	5701
f 5758 	6033 	6161
f 5750 	6160 	5757
f 5688 	5723 	5686
f 5725 	5689 	5690
f 5752 	5758 	6161
f 5693 	5726 	5690
f 6161 	5733 	6162
f 6163 	5753 	6162
f 5755 	5753 	6163
f 6162 	5733 	6163
f 5757 	6160 	5701
f 6163 	5701 	6160
f 5702 	5738 	5972
f 6116 	5973 	5738
f 5972 	5974 	5702
f 5974 	6117 	5702
f 6117 	6119 	5702
f 6119 	6120 	5702
f 5903 	6028 	6164
f 5758 	6031 	6030
f 6030 	6032 	5758
f 5758 	6028 	6031
f 5747 	5705 	5741
f 6033 	5758 	6032
f 5747 	5748 	5705
f 5706 	5705 	5748
f 6034 	5738 	6033
f 5708 	5749 	5700
f 6038 	5738 	6039
f 5708 	5700 	5751
f 6035 	6034 	6033
f 6036 	5738 	6034
f 6039 	5738 	6037
f 6037 	5738 	6036
f 6041 	5738 	6038
f 6091 	5738 	6041
f 6090 	5738 	6091
f 6093 	5738 	6092
f 6092 	5738 	6090
f 5663 	5665 	5713
f 6094 	5738 	6093
f 5667 	5714 	5665
f 6114 	5738 	6095
f 5714 	5667 	5715
f 6095 	5738 	6094
f 5715 	5668 	5670
f 6115 	5738 	6114
f 5973 	5972 	5738
f 6116 	5738 	6115
f 5673 	5718 	5671
f 6120 	6118 	5702
f 5673 	5674 	5718
f 6118 	6165 	5702
f 5719 	5674 	5754
f 6121 	6122 	6118
f 6122 	6157 	6118
f 5722 	5682 	5686
f 6140 	6143 	6165
f 5723 	5688 	5689
f 6143 	6144 	6165
f 6144 	6146 	6165
f 6146 	6145 	6165
f 6147 	6165 	6145
f 6147 	6148 	6165
f 5725 	5690 	5726
f 5726 	5693 	5695
f 6148 	6150 	6165
f 6150 	6149 	6165
f 6151 	6165 	6149
f 6152 	6165 	6151
f 6152 	6151 	6153
f 6166 	6152 	6154
f 6166 	6154 	6133
f 5757 	5702 	6165
f 6165 	6118 	6157
f 6157 	6158 	6165
f 6158 	6159 	6165
f 6159 	6142 	6165
f 6142 	6141 	6165
f 6141 	6140 	6165
f 5758 	6167 	6028
f 6169 	6170 	6028
f 6164 	6028 	6170
f 6168 	6169 	6167
f 6169 	6028 	6167
f 5706 	5748 	5749
f 6172 	6165 	6171
f 6171 	6165 	6174
f 5757 	6165 	6172
f 6165 	6152 	6174
f 5757 	6172 	5734
f 6173 	6174 	6152
f 6166 	6173 	6152
f 6167 	6172 	6171
f 6167 	6171 	6168
f 6172 	6167 	5734
f 5735 	5734 	6167
f 5754 	5756 	5711
f 5746 	5703 	5756
f 6177 	6178 	6198
f 6178 	6179 	6199
f 6200 	6199 	6179
f 6201 	6200 	6180
f 6180 	6181 	6201
f 6182 	6185 	6181
f 5713 	5665 	5714
f 5668 	5715 	5667
f 5715 	5670 	5716
f 5671 	5717 	5670
f 6184 	5496 	6188
f 6190 	6189 	5495
f 6209 	6210 	6194
f 6195 	6194 	6210
f 6210 	6175 	6195
f 6196 	6195 	6175
f 6198 	6197 	6177
f 6199 	6198 	6178
f 5726 	5695 	5727
f 6203 	6207 	6204
f 5696 	5728 	5695
f 6204 	6208 	6205
f 6175 	6176 	6196
f 5663 	5712 	5697
f 6202 	5547 	5549
f 5549 	6206 	6202
f 6207 	6203 	6206
f 6208 	6204 	6207
f 6209 	6205 	6208
f 6202 	6206 	6203
f 6194 	6205 	6209
f 5703 	5746 	5704
f 5741 	5704 	5746
f 5705 	5704 	5741
f 5496 	5495 	6189
f 6188 	6187 	6184
f 6187 	6186 	6183
f 6183 	6184 	6187
f 6185 	6182 	6186
f 6182 	6183 	6186
f 6201 	6181 	6185
f 6179 	6180 	6200
f 6197 	6196 	6176
f 6176 	6177 	6197
f 5749 	5707 	5706
f 5707 	5749 	5708
f 5751 	5709 	5708
f 6249 	6291 	5751
f 5710 	5719 	5754
f 5710 	5754 	5711
f 6191 	6190 	5500
f 5500 	5502 	6191
f 5711 	5756 	5703
f 5502 	5504 	6192
f 6192 	6191 	5502
f 5729 	5697 	5712
f 6189 	6188 	5496
f 5495 	5498 	6190
f 5712 	5663 	5713
f 5584 	5582 	5512
f 5504 	5506 	6193
f 6193 	6192 	5504
f 5498 	5500 	6190
f 5716 	5670 	5717
f 5506 	5508 	5514
f 5514 	6193 	5506
f 5582 	5517 	5512
f 5517 	5514 	5508
f 5508 	5512 	5517
f 5671 	5718 	5717
f 6212 	6227 	6211
f 6214 	6225 	6213
f 6213 	6226 	6212
f 5730 	5698 	5720
f 6215 	6224 	6214
f 5682 	5721 	5680
f 5720 	5680 	5721
f 5721 	5682 	5722
f 6218 	6221 	6217
f 5686 	5723 	5722
f 5723 	5689 	5724
f 5724 	5689 	5725
f 6215 	6216 	6223
f 6224 	6215 	6223
f 6225 	6214 	6224
f 6226 	6213 	6225
f 6227 	6212 	6226
f 6228 	6211 	6227
f 6229 	6245 	6228
f 6222 	6223 	6216
f 6216 	6217 	6222
f 6221 	6222 	6217
f 6219 	5493 	6218
f 5727 	5695 	5728
f 5696 	5697 	5728
f 5728 	5697 	5729
f 6233 	6230 	6232
f 6231 	6232 	6230
f 6236 	6250 	6235
f 5680 	5720 	5698
f 6238 	6239 	6237
f 5739 	6160 	5750
f 6233 	6241 	6230
f 6234 	6240 	6233
f 6235 	6251 	6234
f 6240 	6234 	6251
f 6241 	6233 	6240
f 6242 	6230 	6241
f 5759 	6230 	6242
f 6245 	6229 	6244
f 6243 	5701 	5733
f 6243 	6248 	6237
f 6220 	6250 	6236
f 6236 	6244 	6220
f 6211 	6228 	6245
f 6220 	6244 	6229
f 6246 	6237 	6248
f 6247 	6248 	6243
f 6251 	6235 	6250
f 6221 	6218 	5493
f 5494 	5493 	6219
f 5494 	5522 	5497
f 5532 	5534 	5497
f 5534 	5536 	5499
f 6249 	5701 	6252
f 5532 	5497 	5522
f 5494 	6219 	5522
f 6253 	5701 	6254
f 6243 	6256 	5701
f 6255 	6254 	5701
f 6256 	6243 	6257
f 6258 	6243 	6259
f 5530 	5509 	5507
f 5501 	5499 	5536
f 6262 	6243 	6263
f 5540 	5503 	5538
f 5507 	5505 	5542
f 5536 	5538 	5501
f 5530 	5507 	5542
f 5540 	5542 	5505
f 5501 	5538 	5503
f 6264 	6243 	6265
f 6266 	6265 	6243
f 5503 	5540 	5505
f 5497 	5534 	5499
f 6268 	6267 	6237
f 6269 	6268 	6237
f 5698 	6270 	6237
f 6270 	6269 	6237
f 6220 	6229 	6175
f 6243 	6237 	6267
f 6266 	6243 	6267
f 6264 	6263 	6243
f 6243 	6262 	6261
f 6260 	6243 	6261
f 6175 	6229 	6176
f 6177 	6176 	6228
f 6229 	6228 	6176
f 6260 	6259 	6243
f 6258 	6257 	6243
f 6255 	5701 	6256
f 6253 	6252 	5701
f 5701 	6249 	5751
f 6228 	6227 	6177
f 6177 	6227 	6178
f 6179 	6178 	6226
f 6227 	6226 	6178
f 6226 	6225 	6180
f 6226 	6180 	6179
f 6181 	6180 	6224
f 6225 	6224 	6180
f 6224 	6223 	6182
f 6224 	6182 	6181
f 6183 	6223 	6222
f 6299 	6256 	6257
f 6223 	6183 	6182
f 6222 	6221 	6183
f 6183 	6221 	6184
f 6211 	6420 	6271
f 6211 	6271 	6272
f 6211 	6272 	6212
f 6212 	6272 	6273
f 6212 	6273 	6213
f 6213 	6273 	6274
f 6213 	6274 	6214
f 6275 	6215 	6214
f 6275 	6214 	6274
f 6276 	6216 	6215
f 6276 	6215 	6275
f 6277 	6217 	6216
f 6277 	6216 	6276
f 6278 	6218 	6217
f 6278 	6217 	6277
f 6279 	6219 	6218
f 6279 	6218 	6278
f 6287 	6288 	6276
f 6276 	6275 	6287
f 6363 	6287 	6275
f 6273 	6358 	6274
f 6277 	6276 	6288
f 6272 	6355 	6273
f 6271 	6354 	6272
f 6242 	6206 	5782
f 5759 	6242 	5782
f 5594 	5782 	6206
f 5549 	5594 	6206
f 6241 	6207 	6242
f 6242 	6207 	6206
f 6240 	6208 	6207
f 6240 	6207 	6241
f 6009 	6248 	6011
f 6281 	6011 	6248
f 6007 	6248 	6009
f 6005 	6248 	6007
f 6003 	6248 	6005
f 6001 	6248 	6003
f 5999 	6248 	6001
f 5996 	6248 	5999
f 5993 	6248 	5996
f 5991 	6248 	5993
f 6280 	6281 	6248
f 6208 	6240 	6209
f 6238 	6282 	6239
f 6240 	6251 	6209
f 6250 	6210 	6251
f 6251 	6210 	6209
f 6248 	6283 	6284
f 6246 	6248 	6285
f 6284 	6285 	6248
f 6250 	6220 	6210
f 6175 	6210 	6220
f 6280 	6248 	6286
f 6247 	6286 	6248
f 6287 	6363 	6185
f 6161 	5743 	5752
f 6186 	6288 	6287
f 6186 	6287 	6185
f 6162 	5744 	6161
f 5743 	6161 	5744
f 5739 	5737 	6160
f 6187 	6289 	6288
f 6187 	6288 	6186
f 6188 	6290 	6289
f 6188 	6289 	6187
f 5709 	6291 	5733
f 6189 	6293 	6290
f 6189 	6290 	6188
f 6295 	6297 	5733
f 6190 	6296 	6293
f 6190 	6293 	6189
f 6299 	6314 	6298
f 6294 	6295 	5733
f 6191 	6300 	6296
f 6191 	6296 	6190
f 6301 	6337 	6299
f 6297 	6298 	5733
f 6302 	6337 	6301
f 6303 	6341 	6302
f 6335 	5733 	6314
f 6192 	6304 	6300
f 6192 	6300 	6191
f 6305 	6341 	6303
f 6296 	5521 	6293
f 6308 	6344 	6307
f 6307 	6342 	6306
f 6135 	6311 	6132
f 6133 	6135 	6132
f 6310 	6345 	6309
f 6011 	6281 	6312
f 6011 	6312 	6012
f 6281 	6280 	6313
f 6281 	6313 	6312
f 6306 	6342 	6305
f 6309 	6344 	6308
f 5966 	6313 	6280
f 6352 	5721 	5732
f 6292 	6294 	5733
f 6291 	6292 	5733
f 6314 	5733 	6298
f 6335 	6334 	5733
f 6316 	6315 	5954
f 6316 	6352 	5732
f 6315 	6316 	5732
f 6315 	6317 	5955
f 6315 	5955 	5954
f 6317 	5731 	5956
f 6317 	5956 	5955
f 6317 	6315 	5732
f 5731 	6318 	5957
f 5731 	5957 	5956
f 6255 	6297 	6254
f 6318 	5732 	6319
f 6318 	6319 	5958
f 6318 	5958 	5957
f 6319 	5732 	6320
f 6258 	6301 	6299
f 6299 	6257 	6258
f 6319 	6320 	5959
f 6319 	5959 	5958
f 6320 	5732 	6321
f 6320 	6321 	5960
f 6320 	5960 	5959
f 5732 	6239 	6322
f 6322 	6321 	5732
f 5960 	6322 	5961
f 6282 	5961 	6322
f 6282 	6322 	6239
f 6321 	6322 	5960
f 6324 	6238 	6323
f 6237 	6323 	6238
f 6246 	6325 	6323
f 6246 	6323 	6237
f 6325 	6324 	6323
f 5961 	6282 	6324
f 6238 	6324 	6282
f 5961 	6324 	5962
f 6285 	5962 	6325
f 6285 	6325 	6246
f 6325 	5962 	6324
f 6284 	5963 	5962
f 6284 	5962 	6285
f 6283 	5964 	5963
f 6283 	5963 	6284
f 6283 	6376 	5964
f 6332 	6243 	5733
f 6294 	6292 	6253
f 6327 	5733 	6326
f 6332 	5733 	6327
f 6254 	6295 	6253
f 5967 	6327 	6326
f 5967 	6326 	5968
f 6326 	5733 	6328
f 6326 	6328 	5969
f 6326 	5969 	5968
f 6328 	5733 	6329
f 6328 	6329 	5970
f 6328 	5970 	5969
f 6329 	5733 	6330
f 6329 	6330 	5971
f 6329 	5971 	5970
f 6330 	6331 	5971
f 6259 	6301 	6258
f 6333 	6247 	6332
f 6327 	6333 	6332
f 6280 	6286 	5966
f 6243 	6332 	6247
f 6286 	6247 	6333
f 5967 	5966 	6333
f 6286 	6333 	5966
f 5967 	6333 	6327
f 6330 	5733 	6331
f 6334 	6331 	5733
f 6331 	6334 	5976
f 6331 	5976 	5971
f 6309 	6264 	6265
f 6266 	6310 	6265
f 6334 	6335 	5977
f 6334 	5977 	5976
f 6335 	6314 	5978
f 6335 	5978 	5977
f 5709 	5751 	6291
f 6291 	6249 	6292
f 6252 	6292 	6249
f 6252 	6253 	6292
f 6294 	6253 	6295
f 6297 	6255 	6256
f 6336 	6345 	6310
f 6342 	6307 	6344
f 6337 	6302 	6341
f 6314 	6299 	6337
f 6259 	6302 	6301
f 6260 	6303 	6302
f 6260 	6302 	6259
f 6305 	6303 	6260
f 6305 	6260 	6261
f 6267 	6336 	6266
f 6262 	6305 	6261
f 6266 	6336 	6310
f 6314 	6337 	5979
f 6314 	5979 	5978
f 6339 	6348 	6338
f 6338 	6346 	6336
f 6340 	6348 	6339
f 5730 	6348 	6340
f 6254 	6297 	6295
f 6256 	6298 	6297
f 6336 	6267 	6268
f 6299 	6298 	6256
f 6336 	6268 	6338
f 6269 	6339 	6268
f 6262 	6306 	6305
f 6340 	6339 	6270
f 6263 	6307 	6306
f 6263 	6306 	6262
f 6340 	6270 	5698
f 6264 	6308 	6307
f 6264 	6307 	6263
f 6338 	6268 	6339
f 6309 	6308 	6264
f 6269 	6270 	6339
f 6309 	6265 	6310
f 6312 	5971 	6012
f 6313 	5971 	6312
f 5966 	5971 	6313
f 6010 	6012 	5971
f 5997 	6000 	5977
f 5976 	5977 	6000
f 5971 	5976 	6000
f 6000 	6002 	5971
f 6002 	6004 	5971
f 6004 	6006 	5971
f 6008 	5971 	6006
f 6010 	5971 	6008
f 6340 	5698 	5730
f 5992 	5994 	5977
f 5956 	6375 	5955
f 6337 	6341 	5980
f 6337 	5980 	5979
f 6341 	6305 	6342
f 6344 	6309 	6345
f 6341 	6342 	5981
f 6341 	5981 	5980
f 6193 	6343 	6304
f 6193 	6304 	6192
f 6345 	6336 	6346
f 6304 	5535 	6300
f 6342 	6344 	5982
f 6342 	5982 	5981
f 5514 	5513 	6343
f 5514 	6343 	6193
f 6343 	5537 	6304
f 5513 	5539 	6343
f 6344 	6345 	5983
f 6344 	5983 	5982
f 6345 	6346 	5984
f 6345 	5984 	5983
f 6195 	6349 	6347
f 6195 	6347 	6194
f 6346 	6338 	6348
f 6348 	5985 	5984
f 6348 	5984 	6346
f 6348 	5730 	6351
f 5722 	5732 	5721
f 6350 	6349 	6195
f 6350 	6195 	6196
f 6420 	6419 	6350
f 6351 	5986 	5985
f 6351 	5985 	6348
f 6351 	5721 	6352
f 6353 	6350 	6196
f 6353 	6196 	6197
f 6352 	5987 	5986
f 6352 	5986 	6351
f 6353 	6420 	6350
f 6354 	6353 	6197
f 6354 	6197 	6198
f 6352 	6316 	5987
f 5954 	5987 	6316
f 6354 	6271 	6353
f 6355 	6354 	6198
f 6355 	6198 	6199
f 6355 	6272 	6354
f 6358 	6355 	6199
f 6358 	6199 	6200
f 6248 	5991 	6356
f 6248 	6356 	6357
f 6248 	6357 	6359
f 6248 	6359 	6360
f 6361 	6248 	6360
f 6362 	6248 	6361
f 6358 	6273 	6355
f 6364 	6248 	6362
f 6283 	6248 	6364
f 6363 	6358 	6200
f 6363 	6200 	6201
f 6363 	6274 	6358
f 6367 	6369 	6366
f 6368 	6369 	6367
f 6365 	6366 	6369
f 5994 	5997 	5977
f 6185 	6363 	6201
f 6372 	5955 	6371
f 6373 	5955 	6372
f 6370 	6371 	5955
f 6370 	5955 	6375
f 5872 	5603 	6374
f 6202 	6374 	5603
f 6202 	5603 	5547
f 6375 	5956 	6377
f 6376 	6377 	5956
f 6202 	6378 	6374
f 6373 	5991 	5992
f 6380 	6378 	6379
f 6203 	6379 	6378
f 6203 	6378 	6202
f 6361 	6375 	6362
f 6360 	6370 	6375
f 6360 	6375 	6361
f 6378 	6390 	6374
f 6359 	6371 	6370
f 6359 	6370 	6360
f 6357 	6372 	6371
f 6357 	6371 	6359
f 6356 	6373 	6372
f 6356 	6372 	6357
f 6204 	6381 	6379
f 6204 	6379 	6203
f 6373 	6356 	5991
f 6364 	6376 	6283
f 6381 	6382 	6396
f 6362 	6377 	6376
f 6362 	6376 	6364
f 6205 	6382 	6381
f 6205 	6381 	6204
f 6375 	6377 	6362
f 6443 	6445 	6385
f 6380 	6392 	6378
f 6384 	6367 	6366
f 6384 	6366 	6385
f 6382 	6347 	6397
f 6409 	6397 	6347
f 6366 	6365 	6386
f 6366 	6386 	6385
f 6194 	6347 	6382
f 6194 	6382 	6205
f 6368 	6367 	6384
f 6368 	6384 	6383
f 6349 	6350 	6419
f 6347 	6349 	6409
f 6388 	6365 	6387
f 6369 	6387 	6365
f 5872 	6374 	5873
f 5873 	6374 	6390
f 6386 	6365 	6389
f 6230 	5783 	6390
f 5873 	6390 	5783
f 6388 	6389 	6365
f 6391 	6393 	6388
f 6393 	6389 	6388
f 6230 	6390 	6392
f 6230 	6392 	6231
f 6390 	6378 	6392
f 6394 	6232 	6231
f 6394 	6231 	6392
f 6395 	6233 	6232
f 6395 	6232 	6394
f 6396 	6234 	6233
f 6396 	6233 	6395
f 6397 	6235 	6234
f 6397 	6234 	6396
f 6409 	6236 	6235
f 6409 	6235 	6397
f 6400 	6412 	6399
f 6401 	6412 	6400
f 6402 	6412 	6401
f 6403 	6412 	6402
f 6404 	6412 	6403
f 6405 	6412 	6404
f 6406 	6412 	6405
f 6407 	6412 	6406
f 6408 	6412 	6407
f 6410 	6412 	6408
f 6411 	6412 	6410
f 6413 	6399 	6412
f 6398 	6399 	6413
f 6244 	6236 	6409
f 6418 	6412 	6416
f 6416 	6417 	6418
f 6417 	5627 	6418
f 6414 	6418 	5627
f 5627 	5628 	6414
f 6415 	6416 	6412
f 6411 	6415 	6412
f 6397 	6396 	6382
f 6396 	6395 	6381
f 6379 	6381 	6395
f 6395 	6394 	6379
f 6380 	6379 	6394
f 6380 	6394 	6392
f 6368 	6398 	6413
f 6368 	6413 	6369
f 6419 	6244 	6409
f 6420 	6245 	6244
f 6420 	6244 	6419
f 6420 	6211 	6245
f 5521 	5522 	6279
f 6219 	6279 	5522
f 6383 	6384 	6445
f 6426 	6421 	6425
f 6427 	6421 	6426
f 6422 	6436 	6421
f 6421 	6427 	6428
f 6429 	6433 	6428
f 6430 	6433 	6429
f 6431 	6432 	6430
f 6433 	6430 	6432
f 6421 	6428 	6433
f 6436 	6422 	6435
f 6425 	6421 	6436
f 6434 	6435 	6422
f 6434 	6422 	5641
f 6274 	6363 	6275
f 6409 	6349 	6419
f 6420 	6353 	6271
f 6288 	6289 	6277
f 6289 	6290 	6278
f 6278 	6277 	6289
f 6279 	6278 	6290
f 6290 	6293 	6279
f 5521 	6279 	6293
f 6300 	5533 	6296
f 5496 	6184 	5493
f 6221 	5493 	6184
f 6384 	6385 	6445
f 6411 	6410 	6426
f 6411 	6426 	6425
f 6410 	6408 	6427
f 6410 	6427 	6426
f 6408 	6407 	6428
f 6408 	6428 	6427
f 6407 	6406 	6429
f 6407 	6429 	6428
f 6406 	6405 	6430
f 6406 	6430 	6429
f 6405 	6404 	6431
f 6405 	6431 	6430
f 6404 	6403 	6432
f 6404 	6432 	6431
f 6403 	6402 	6433
f 6403 	6433 	6432
f 6402 	6401 	6421
f 6402 	6421 	6433
f 6401 	6400 	6422
f 6401 	6422 	6421
f 6400 	6399 	6423
f 6400 	6423 	6422
f 6399 	6398 	6424
f 6399 	6424 	6423
f 6398 	6383 	6424
f 6417 	6434 	5641
f 6417 	5641 	5627
f 6416 	6435 	6434
f 6416 	6434 	6417
f 6415 	6436 	6435
f 6415 	6435 	6416
f 6425 	6436 	6415
f 6425 	6415 	6411
f 6398 	6368 	6383
f 6414 	5624 	6418
f 6387 	6412 	5624
f 5634 	5624 	6414
f 6418 	5624 	6412
f 6413 	6412 	6387
f 6369 	6413 	6387
f 5769 	6087 	5771
f 5771 	6078 	5772
f 5772 	6079 	5778
f 5781 	6075 	5784
f 5778 	6074 	5781
f 6437 	6391 	5787
f 5788 	5787 	6391
f 5791 	5788 	6391
f 5797 	5796 	6391
f 5799 	6391 	5802
f 5811 	5810 	5624
f 5812 	5811 	5883
f 5624 	5883 	5811
f 5813 	5812 	5883
f 5814 	5813 	5883
f 5817 	5883 	5818
f 5818 	6050 	5769
f 5819 	5802 	6388
f 6509 	6510 	6438
f 5820 	5819 	6388
f 5821 	5820 	6388
f 6510 	6528 	6438
f 5822 	5821 	6388
f 5824 	5822 	6388
f 6528 	6530 	6438
f 5826 	6388 	5827
f 5829 	5828 	6387
f 6511 	6509 	6438
f 5833 	5832 	6387
f 5830 	6387 	5832
f 5834 	5833 	6387
f 5834 	6387 	5835
f 5836 	5835 	6387
f 5837 	5836 	6387
f 6387 	5624 	5837
f 5838 	5837 	5624
f 5839 	5838 	5624
f 6562 	6561 	6438
f 5843 	5842 	5624
f 5843 	5624 	5844
f 5844 	5624 	5845
f 5845 	5624 	5846
f 5624 	5810 	5808
f 6564 	6438 	6563
f 5808 	5846 	5624
f 5842 	5840 	5624
f 5840 	5839 	5624
f 6076 	6438 	6080
f 6438 	6531 	6529
f 5828 	5827 	6387
f 6388 	6387 	5827
f 5826 	5824 	6388
f 6387 	5830 	5829
f 6438 	6520 	6521
f 6388 	5802 	6391
f 5799 	5797 	6391
f 6391 	5796 	5794
f 5794 	5791 	6391
f 5784 	6071 	6437
f 5883 	5915 	5818
f 5817 	5815 	5883
f 5815 	5814 	5883
f 6537 	6534 	6438
f 6424 	6383 	6445
f 5649 	5650 	6422
f 6538 	6485 	6438
f 6488 	6489 	6438
f 6422 	6423 	6445
f 6439 	5656 	6422
f 5656 	5653 	6422
f 5653 	5654 	6422
f 6490 	6491 	6438
f 6423 	6424 	6445
f 6440 	6445 	6443
f 6441 	6445 	6440
f 6439 	6422 	6446
f 6446 	6422 	6445
f 6441 	6442 	6445
f 6448 	6444 	6447
f 6442 	6447 	6444
f 6444 	6445 	6442
f 6444 	6448 	6449
f 6444 	6449 	6450
f 6451 	6454 	6450
f 6452 	6454 	6451
f 6453 	6454 	6452
f 6444 	6450 	6454
f 6455 	6456 	6439
f 6489 	6490 	6438
f 5656 	6439 	5878
f 6456 	5878 	6439
f 6485 	6488 	6438
f 6457 	6443 	6386
f 6385 	6386 	6443
f 6541 	6538 	6438
f 6457 	6458 	6440
f 6457 	6440 	6443
f 6458 	6459 	6441
f 6458 	6441 	6440
f 6459 	6460 	6442
f 6459 	6442 	6441
f 6460 	6461 	6442
f 6461 	6462 	6447
f 6461 	6447 	6442
f 6462 	6463 	6448
f 6462 	6448 	6447
f 6463 	6464 	6449
f 6463 	6449 	6448
f 6464 	6465 	6450
f 6464 	6450 	6449
f 6492 	6484 	6438
f 6467 	6451 	6466
f 6451 	6450 	6466
f 6465 	6466 	6450
f 6467 	6468 	6452
f 6467 	6452 	6451
f 6468 	6469 	6453
f 6468 	6453 	6452
f 6542 	6541 	6438
f 6469 	6470 	6454
f 6469 	6454 	6453
f 6534 	6542 	6438
f 6470 	6471 	6444
f 6470 	6444 	6454
f 6472 	6445 	6444
f 6472 	6444 	6471
f 6476 	6537 	6438
f 6473 	6446 	6445
f 6473 	6445 	6472
f 6473 	6455 	6446
f 6439 	6446 	6455
f 6477 	6478 	6438
f 5900 	6393 	5893
f 6438 	6529 	6520
f 5898 	5899 	6064
f 5899 	5894 	6064
f 6068 	6064 	5894
f 5894 	5893 	6068
f 6067 	6068 	5893
f 6483 	6481 	6438
f 6069 	6067 	5893
f 6393 	6069 	5893
f 5901 	6393 	5900
f 5902 	6393 	5901
f 6438 	6484 	6483
f 5905 	6393 	5902
f 5918 	6024 	5917
f 5917 	6024 	5916
f 5921 	6024 	5918
f 5925 	6024 	5923
f 5895 	6043 	5926
f 5928 	6393 	5927
f 5929 	6389 	5928
f 5927 	6393 	5911
f 5930 	6389 	5929
f 5931 	6389 	5930
f 5910 	5911 	6393
f 5933 	6389 	5932
f 5932 	6389 	5931
f 5934 	6463 	5933
f 5939 	6465 	5938
f 5940 	6466 	5939
f 5942 	6467 	5940
f 5944 	6467 	5942
f 5945 	6468 	5944
f 5937 	5938 	6464
f 5948 	6469 	5947
f 5951 	5952 	6470
f 6471 	6470 	5952
f 5951 	6470 	5950
f 6486 	6487 	6438
f 5952 	5953 	6471
f 6471 	5953 	5912
f 5916 	6472 	5913
f 5913 	6472 	5912
f 6438 	6561 	6486
f 5950 	6470 	5948
f 6466 	5940 	6467
f 6468 	5946 	6469
f 6471 	5912 	6472
f 6393 	5928 	6389
f 5935 	6463 	5934
f 5936 	6463 	5935
f 5937 	6464 	5936
f 6463 	5936 	6464
f 5946 	6468 	5945
f 6464 	5938 	6465
f 6462 	5933 	6463
f 6458 	6389 	6459
f 6386 	6389 	6457
f 6457 	6389 	6458
f 6389 	5933 	6461
f 6459 	6389 	6460
f 6460 	6389 	6461
f 6462 	6461 	5933
f 5947 	6469 	5946
f 6465 	5939 	6466
f 6393 	5905 	5906
f 6393 	5906 	5907
f 6393 	5907 	5910
f 6472 	6024 	6473
f 6455 	6473 	6024
f 6026 	5926 	6025
f 6024 	6472 	5916
f 5926 	6026 	5925
f 6456 	6455 	6024
f 5923 	6024 	5921
f 6024 	5878 	6456
f 6467 	5944 	6468
f 6485 	6131 	5887
f 6477 	6474 	6475
f 6135 	6477 	6475
f 6311 	6135 	6475
f 6521 	6479 	6477
f 6137 	6478 	6134
f 6477 	6479 	6480
f 6474 	6477 	6480
f 6477 	6135 	6478
f 6134 	6478 	6135
f 6476 	6478 	6137
f 6489 	6488 	5889
f 5888 	6490 	5889
f 6476 	6438 	6478
f 6438 	6530 	6531
f 6484 	5892 	5885
f 5885 	5884 	6483
f 6483 	6484 	5885
f 6481 	6483 	5884
f 5884 	5920 	6481
f 6482 	5920 	5919
f 5920 	6482 	6481
f 6527 	6482 	5919
f 6505 	6506 	6495
f 6506 	6497 	6496
f 6504 	6494 	6493
f 6505 	6495 	6504
f 6494 	6504 	6495
f 5888 	5891 	6490
f 6496 	6495 	6506
f 6507 	6508 	6497
f 6498 	6486 	6499
f 6561 	6500 	6486
f 6487 	6486 	6502
f 6498 	6502 	6486
f 6502 	6503 	6493
f 6502 	6493 	6487
f 6503 	6504 	6493
f 5892 	6484 	6492
f 6506 	6507 	6497
f 6511 	6497 	6508
f 5886 	6488 	5887
f 5887 	6488 	6485
f 6516 	6509 	6515
f 5886 	5889 	6488
f 6511 	6515 	6509
f 6489 	5889 	6490
f 6516 	6517 	6509
f 6518 	6519 	6510
f 6491 	6490 	5891
f 5891 	6501 	6491
f 6511 	6512 	6513
f 6492 	6501 	5892
f 6514 	6511 	6513
f 6514 	6515 	6511
f 6518 	6510 	6517
f 6510 	6509 	6517
f 6477 	6438 	6521
f 6501 	6492 	6438
f 6520 	6522 	6523
f 6524 	6522 	6520
f 6523 	6525 	6520
f 6521 	6520 	6525
f 6525 	6526 	6521
f 6526 	6174 	6521
f 6174 	6479 	6521
f 6510 	6519 	6528
f 6533 	6528 	6532
f 6501 	6438 	6491
f 6533 	6535 	6528
f 5922 	5924 	6527
f 6529 	6531 	6540
f 6539 	6540 	6531
f 6527 	5919 	5922
f 6532 	6528 	6519
f 6530 	6535 	6536
f 6530 	6528 	6535
f 6536 	6539 	6531
f 6536 	6531 	6530
f 6520 	6529 	6524
f 6524 	6529 	6540
f 6508 	6512 	6511
f 6503 	6168 	6504
f 6171 	6504 	6168
f 6556 	6557 	6168
f 6542 	6139 	6541
f 6544 	6168 	6543
f 6131 	6485 	6538
f 6558 	6168 	6545
f 6543 	6168 	6547
f 6546 	6547 	6168
f 6548 	6549 	6168
f 6546 	6168 	6549
f 6168 	6500 	6548
f 6542 	6534 	6138
f 6139 	6542 	6138
f 6170 	6169 	6550
f 6170 	6550 	6085
f 6168 	6551 	6552
f 6552 	6169 	6168
f 6553 	6551 	6168
f 6553 	6168 	6554
f 6555 	6554 	6168
f 6555 	6168 	6557
f 6556 	6168 	6559
f 6544 	6545 	6168
f 6136 	6537 	6137
f 6476 	6137 	6537
f 6534 	6136 	6138
f 6500 	6168 	6499
f 6498 	6499 	6168
f 6558 	6559 	6168
f 6534 	6537 	6136
f 6498 	6168 	6502
f 6168 	6503 	6502
f 6504 	6171 	6505
f 6505 	6171 	6506
f 6541 	6139 	6130
f 6506 	6171 	6507
f 6513 	6171 	6514
f 6512 	6171 	6513
f 6538 	6541 	6130
f 6515 	6171 	6516
f 6514 	6171 	6515
f 6130 	6131 	6538
f 6516 	6171 	6517
f 6517 	6171 	6518
f 6171 	6523 	6522
f 6171 	6522 	6524
f 6171 	6174 	6526
f 6171 	6526 	6525
f 6171 	6525 	6523
f 6479 	6174 	6173
f 6084 	6083 	6170
f 6536 	6171 	6539
f 6533 	6532 	6171
f 6519 	6171 	6532
f 6519 	6518 	6171
f 6170 	6085 	6084
f 6535 	6171 	6536
f 6533 	6171 	6535
f 6173 	6480 	6479
f 6164 	5904 	5903
f 6539 	6171 	6540
f 5949 	5904 	6164
f 6540 	6171 	6524
f 6164 	5998 	5949
f 6508 	6171 	6512
f 6508 	6507 	6171
f 6083 	5998 	6170
f 6164 	6170 	5998
f 6239 	5732 	5699
f 6237 	6239 	5699
f 5699 	5732 	5738
f 5699 	5738 	5702
f 6133 	6132 	6166
f 6132 	6311 	6166
f 6311 	6475 	6166
f 5746 	5701 	5741
f 6475 	6474 	6166
f 6173 	6166 	6474
f 5747 	5741 	5701
f 6480 	6173 	6474
f 5747 	5701 	5748
f 5749 	5748 	5701
f 5700 	5701 	5751
f 5702 	5754 	5674
f 5701 	5746 	5702
f 5756 	5702 	5746
f 5754 	5702 	5756
f 6548 	6500 	6561
f 6543 	6560 	6544
f 6546 	6562 	6547
f 6560 	6547 	6562
f 6543 	6547 	6560
f 6546 	6549 	6562
f 6561 	6562 	6549
f 6561 	6549 	6548
f 6499 	6486 	6500
f 6497 	6438 	6496
f 6438 	6497 	6511
f 6077 	6085 	6563
f 6550 	6563 	6085
f 6551 	6564 	6552
f 6564 	6563 	6552
f 6550 	6169 	6563
f 6169 	6552 	6563
f 6567 	6557 	6566
f 6556 	6559 	6566
f 6568 	6545 	6560
f 6553 	6554 	6565
f 6551 	6553 	6564
f 6565 	6564 	6553
f 6554 	6555 	6567
f 6554 	6567 	6565
f 6556 	6566 	6557
f 6555 	6557 	6567
f 6568 	6566 	6559
f 6568 	6559 	6558
f 6544 	6560 	6545
f 6558 	6545 	6568
f 6493 	6438 	6487
f 6438 	6564 	6565
f 6438 	6567 	6566
f 6566 	6568 	6438
f 6568 	6560 	6438
f 6438 	6560 	6562
f 6565 	6567 	6438
f 6493 	6494 	6438
f 6495 	6496 	6438
f 6494 	6495 	6438
f 6438 	6076 	6077
f 6077 	6563 	6438
f 6438 	6481 	6482
f 6482 	6527 	6438
f 6080 	6438 	6527
f 6469 	5948 	6470
f 5893 	5894 	6437
# 2160 faces

 #end of obj_8

o obj_9
v 183.124 		239.214 		6.354
v 183.124 		239.214 		2.854
v 184.958 		240.259 		2.884
v 184.593 		240.169 		2.884
v 184.242 		240.033 		2.884
v 183.912 		239.852 		2.884
v 183.609 		239.63 		2.884
v 183.337 		239.37 		2.884
v 183.1803 		239.1746 		2.884
v 183.9364 		238.6451 		2.884
v 183.337 		239.37 		6.384
v 183.609 		239.63 		6.384
v 183.912 		239.852 		6.384
v 184.242 		240.033 		6.384
v 184.593 		240.169 		6.384
v 184.958 		240.259 		6.384
v 183.1803 		239.1746 		6.354
v 240.747 		204.014 		2.437
v 240.392 		204.014 		1.907
v 240.392 		199.484 		1.907
v 240.747 		199.484 		2.437
v 239.972 		204.014 		1.428
v 239.972 		199.484 		1.428
v 239.492 		204.014 		1.007
v 239.492 		199.484 		1.007
v 238.962 		204.014 		0.653
v 238.962 		199.484 		0.653
v 238.39 		204.014 		0.371
v 238.39 		199.484 		0.371
v 237.786 		204.014 		0.166
v 237.786 		199.484 		0.166
v 182.907 		238.755 		6.384
v 183.102 		239.077 		6.384
v 237.161 		204.014 		0.042
v 237.161 		199.484 		0.042
v 182.755 		238.411 		6.384
v 236.525 		204.014 		0
v 236.525 		203.986 		0
v 236.525 		199.512 		0
v 182.585 		237.302 		6.384
v 236.525 		199.484 		0
v 182.593 		237.678 		6.384
v 182.65 		238.05 		6.384
v 182.626 		236.928 		6.384
v 182.7506 		238.396 		6.354
v 182.755 		238.411 		6.354
v 237.071 		201.899 		2.693
v 182.907 		238.755 		6.354
v 237.071 		199.484 		2.693
v 183.102 		239.077 		6.354
v 236.775 		201.382 		2.634
v 237.047 		201.382 		2.6882
v 236.775 		199.484 		2.634
v 182.6541 		236.8128 		6.354
v 182.626 		236.928 		6.354
v 237.047 		201.899 		2.6882
v 182.585 		237.302 		6.354
v 182.593 		237.678 		6.354
v 182.65 		238.05 		6.354
v 236.525 		201.382 		2.6174
v 236.525 		199.512 		2.6174
v 177.67 		230.583 		0.042
v 178.0288 		230.204 		0.0083
v 178.076 		230.2714 		0.0083
v 239.378 		201.899 		2.666
v 239.378 		204.014 		2.666
v 236.525 		201.382 		1.401
v 237.047 		201.382 		1.401
v 236.525 		201.899 		1.401
v 237.047 		201.899 		1.401
v 236.597 		201.899 		1.294
v 236.525 		201.899 		1.2987
v 236.525 		203.986 		1.2987
v 236.597 		204.014 		1.294
v 239.076 		201.899 		2.321
v 239.076 		204.014 		2.321
v 238.731 		201.899 		2.019
v 238.731 		204.014 		2.019
v 238.35 		201.899 		1.764
v 238.35 		204.014 		1.764
v 237.938 		201.899 		1.561
v 237.938 		204.014 		1.561
v 237.504 		201.899 		1.414
v 237.504 		204.014 		1.414
v 237.054 		201.899 		1.324
v 237.054 		204.014 		1.324
v 235.589 		199.484 		2.79
v 176.5955 		228.156 		0.0082
v 177.5771 		229.5585 		0.0083
v 235.589 		199.484 		7.058
v 235.875 		199.484 		7.155
v 236.172 		199.484 		7.214
v 236.473 		199.484 		7.234
v 235.888 		199.484 		9.708
v 236.525 		199.484 		9.75
v 235.318 		199.484 		2.923
v 235.067 		199.484 		3.091
v 234.84 		199.484 		3.29
v 234.641 		199.484 		3.518
v 174.065 		227.577 		0.371
v 234.473 		199.484 		3.769
v 234.339 		199.484 		4.04
v 234.242 		199.484 		4.326
v 234.183 		199.484 		4.622
v 175.072 		226.872 		0.042
v 234.163 		199.484 		4.924
v 234.183 		199.484 		5.225
v 234.242 		199.484 		5.522
v 174.56 		227.231 		0.166
v 234.339 		199.484 		5.808
v 234.473 		199.484 		6.079
v 234.641 		199.484 		6.33
v 234.84 		199.484 		6.557
v 235.067 		199.484 		6.756
v 235.318 		199.484 		6.924
v 234.659 		199.484 		9.379
v 235.263 		199.484 		9.584
v 231.65 		199.484 		4.875
v 231.691 		199.484 		5.511
v 231.816 		199.484 		6.137
v 232.021 		199.484 		6.741
v 232.303 		199.484 		7.312
v 232.657 		199.484 		7.843
v 233.078 		199.484 		8.322
v 233.557 		199.484 		8.743
v 234.087 		199.484 		9.097
v 232.021 		199.484 		3.009
v 231.816 		199.484 		3.613
v 231.691 		199.484 		4.239
v 236.172 		199.484 		2.634
v 236.473 		199.484 		2.614
v 235.875 		199.484 		2.693
v 235.888 		199.484 		0.042
v 235.263 		199.484 		0.166
v 234.659 		199.484 		0.371
v 233.078 		199.484 		1.428
v 232.657 		199.484 		1.907
v 232.303 		199.484 		2.437
v 234.087 		199.484 		0.653
v 233.557 		199.484 		1.007
v 235.888 		199.512 		9.708
v 235.42 		199.512 		9.6151
v 236.525 		199.512 		9.75
v 235.6214 		199.512 		2.779
v 235.589 		199.512 		2.79
v 235.42 		199.512 		2.8729
v 235.589 		199.512 		7.058
v 235.42 		199.512 		6.9744
v 235.875 		199.512 		7.155
v 236.172 		199.512 		7.214
v 236.473 		199.512 		7.234
v 236.525 		199.512 		7.2306
v 235.263 		199.512 		9.584
v 234.659 		199.512 		9.379
v 232.1344 		199.512 		2.779
v 232.021 		199.512 		3.009
v 231.816 		199.512 		3.613
v 175.593 		226.507 		4.875
v 231.691 		199.512 		4.239
v 231.65 		199.512 		4.875
v 231.691 		199.512 		5.511
v 231.816 		199.512 		6.137
v 232.021 		199.512 		6.741
v 232.303 		199.512 		7.312
v 232.657 		199.512 		7.843
v 233.078 		199.512 		8.322
v 233.0639 		199.512 		8.306
v 233.557 		199.512 		8.743
v 234.087 		199.512 		9.097
v 234.163 		199.512 		9.1345
v 235.318 		199.512 		2.923
v 235.067 		199.512 		3.091
v 234.84 		199.512 		3.29
v 234.641 		199.512 		3.518
v 234.473 		199.512 		3.769
v 234.339 		199.512 		4.04
v 234.242 		199.512 		4.326
v 234.183 		199.512 		4.622
v 234.163 		199.512 		4.924
v 234.183 		199.512 		5.225
v 234.242 		199.512 		5.522
v 234.339 		199.512 		5.808
v 234.473 		199.512 		6.079
v 234.641 		199.512 		6.33
v 234.84 		199.512 		6.557
v 235.067 		199.512 		6.756
v 235.2448 		199.512 		6.875
v 235.318 		199.512 		6.924
v 235.888 		199.512 		0.042
v 235.263 		199.512 		0.166
v 234.659 		199.512 		0.371
v 234.163 		199.512 		0.6155
v 234.087 		199.512 		0.653
v 233.557 		199.512 		1.007
v 233.1087 		199.512 		1.401
v 233.078 		199.512 		1.428
v 232.657 		199.512 		1.907
v 232.303 		199.512 		2.437
v 236.172 		199.512 		2.634
v 236.473 		199.512 		2.614
v 235.875 		199.512 		2.693
v 214.2284 		199.512 		0
v 214.2284 		199.512 		9.75
v 225.448 		203.986 		2.238
v 225.448 		206.326 		2.238
v 225.249 		206.326 		0.751
v 225.249 		203.986 		0.751
v 225.241 		203.986 		9.283
v 225.241 		206.397 		9.283
v 225.361 		206.397 		7.788
v 225.361 		203.986 		7.788
v 215.6331 		203.986 		2.0364
v 215.6331 		203.986 		8.5077
v 215.6331 		203.986 		7.0022
v 215.6331 		203.986 		3.55
v 215.6331 		203.986 		0
v 215.6331 		203.986 		9.75
v 236.525 		204.014 		9.75
v 235.888 		204.014 		9.708
v 235.263 		204.014 		9.584
v 234.659 		204.014 		9.379
v 234.087 		204.014 		9.097
v 233.557 		204.014 		8.743
v 233.078 		204.014 		8.322
v 233.0639 		204.014 		8.306
v 236.139 		204.014 		1.324
v 235.754 		204.014 		1.401
v 233.1087 		204.014 		1.401
v 233.557 		204.014 		1.007
v 234.087 		204.014 		0.653
v 234.659 		204.014 		0.371
v 235.263 		204.014 		0.166
v 235.888 		204.014 		0.042
v 235.888 		203.986 		9.708
v 235.42 		203.986 		9.6151
v 236.525 		203.986 		9.75
v 236.525 		203.986 		8.306
v 235.263 		203.986 		9.584
v 234.659 		203.986 		9.379
v 233.078 		203.986 		8.322
v 233.0639 		203.986 		8.306
v 233.557 		203.986 		8.743
v 234.087 		203.986 		9.097
v 234.163 		203.986 		9.1345
v 235.888 		203.986 		0.042
v 235.263 		203.986 		0.166
v 234.659 		203.986 		0.371
v 234.087 		203.986 		0.653
v 234.163 		203.986 		0.6155
v 233.557 		203.986 		1.007
v 233.2305 		203.986 		1.294
v 233.1087 		203.986 		1.401
v 235.754 		203.986 		1.401
v 236.139 		203.986 		1.324
v 234.163 		203.986 		0
v 230.042 		203.986 		1.401
v 230.042 		203.986 		8.306
v 225.2035 		203.986 		9.75
v 236.172 		201.382 		2.634
v 236.473 		201.382 		2.614
v 235.875 		201.382 		2.693
v 235.318 		201.382 		2.923
v 235.067 		201.382 		3.091
v 234.84 		201.382 		3.29
v 234.641 		201.382 		3.518
v 234.473 		201.382 		3.769
v 234.339 		201.382 		4.04
v 234.242 		201.382 		4.326
v 234.183 		201.382 		4.622
v 234.163 		201.382 		4.924
v 234.183 		201.382 		5.225
v 234.242 		201.382 		5.522
v 234.339 		201.382 		5.808
v 234.473 		201.382 		6.079
v 234.641 		201.382 		6.33
v 234.84 		201.382 		6.557
v 235.067 		201.382 		6.756
v 235.318 		201.382 		6.924
v 235.589 		201.382 		2.79
v 235.589 		201.382 		7.058
v 235.875 		201.382 		7.155
v 236.172 		201.382 		7.214
v 236.473 		201.382 		7.234
v 236.525 		201.382 		7.2306
v 236.525 		201.382 		8.306
v 235.754 		201.899 		1.401
v 236.139 		201.899 		1.324
v 230.042 		201.382 		8.306
v 230.042 		201.382 		1.401
v 178.7824 		233.014 		2.854
v 179.283 		223.924 		6.741
v 179.451 		223.806 		6.137
v 175.024 		232.436 		7.843
v 174.733 		232.639 		7.312
v 179.553 		223.735 		5.511
v 179.587 		223.711 		4.875
v 179.553 		223.735 		4.239
v 179.451 		223.806 		3.613
v 179.283 		223.924 		3.009
v 174.334 		232.919 		3.613
v 174.502 		232.801 		3.009
v 179.3084 		223.9603 		6.741
v 179.3061 		223.9619 		6.7466
v 179.166 		224.06 		7.0928
v 179.4766 		223.8425 		6.137
v 179.5784 		223.7712 		5.511
v 179.6125 		223.7474 		4.875
v 174.198 		233.014 		4.875
v 174.232 		232.99 		4.239
v 179.5784 		223.7712 		4.239
v 179.4766 		223.8425 		3.613
v 174.334 		232.919 		6.137
v 174.232 		232.99 		5.511
v 179.3084 		223.9603 		3.009
v 174.502 		232.801 		6.741
v 179.2155 		224.0254 		2.779
v 178.762 		224.289 		1.907
v 178.417 		224.53 		1.428
v 179.052 		224.086 		2.437
v 179.166 		224.06 		2.6565
v 179.0795 		224.1205 		2.4426
v 179.0773 		224.1221 		2.437
v 178.7901 		224.3232 		1.9122
v 178.7873 		224.3251 		1.907
v 178.4448 		224.5649 		1.4311
v 178.4426 		224.5665 		1.428
v 178.076 		224.8232 		1.0352
v 176.115 		226.142 		0.042
v 175.593 		226.507 		0
v 176.1408 		226.1782 		0.0421
v 176.1405 		226.1784 		0.042
v 176.2411 		226.108 		0.0663
v 175.6239 		226.5401 		0.0004
v 175.6191 		226.5435 		0
v 175.6187 		226.5438 		0
v 175.517 		226.615 		0.0082
v 178.024 		224.805 		1.007
v 176.627 		225.783 		0.166
v 178.082 		230.28 		9.7417
v 178.076 		230.2714 		9.7417
v 177.59 		225.109 		0.653
v 178.076 		232.0051 		6.354
v 178.089 		230.29 		6.354
v 178.076 		230.2991 		6.354
v 177.122 		225.437 		0.371
v 178.076 		230.2991 		2.854
v 178.089 		230.29 		2.854
v 175.761 		231.92 		8.743
v 175.368 		232.195 		8.322
v 178.0535 		224.8389 		1.0112
v 178.0497 		224.8416 		1.007
v 176.195 		231.616 		9.097
v 177.6199 		225.1426 		0.6565
v 177.6156 		225.1456 		0.653
v 176.663 		231.288 		9.379
v 177.1475 		225.4734 		0.371
v 176.6527 		225.8198 		0.166
v 201.879 		208.1565 		9.75
v 201.879 		208.1565 		0
v 178.4426 		224.5665 		8.322
v 178.4387 		224.5692 		8.3261
v 178.076 		224.8232 		8.7148
v 178.7873 		224.3251 		7.843
v 178.7854 		224.3265 		7.8457
v 179.0773 		224.1221 		7.312
v 179.0745 		224.1241 		7.3172
v 205.621 		217.86 		2.854
v 205.584 		217.734 		2.854
v 205.564 		217.604 		2.854
v 205.561 		217.472 		2.854
v 205.575 		217.342 		2.854
v 205.607 		217.214 		2.854
v 177.158 		230.942 		9.584
v 205.654 		217.091 		2.854
v 205.718 		216.976 		2.854
v 177.67 		230.583 		9.708
v 206.653 		218.517 		2.854
v 206.521 		218.52 		2.854
v 206.391 		218.506 		2.854
v 206.263 		218.475 		2.854
v 206.14 		218.427 		2.854
v 178.0288 		230.204 		9.7417
v 206.025 		218.364 		2.854
v 205.919 		218.286 		2.854
v 205.824 		218.195 		2.854
v 205.742 		218.093 		2.854
v 205.674 		217.98 		2.854
v 206.783 		218.497 		2.854
v 205.561 		220.2616 		2.854
v 206.609 		216.512 		2.854
v 205.9379 		210.7747 		2.854
v 201.2279 		214.0728 		2.854
v 205.989 		216.693 		6.354
v 206.101 		216.625 		6.354
v 206.221 		216.572 		6.354
v 206.348 		216.535 		6.354
v 206.477 		216.515 		6.354
v 206.609 		216.512 		6.354
v 206.74 		216.527 		6.354
v 205.795 		216.87 		6.354
v 205.886 		216.775 		6.354
v 205.621 		217.86 		6.354
v 176.5955 		228.156 		9.7418
v 205.584 		217.734 		6.354
v 205.564 		217.604 		6.354
v 205.561 		217.472 		6.354
v 205.575 		217.342 		6.354
v 205.607 		217.214 		6.354
v 205.654 		217.091 		6.354
v 205.718 		216.976 		6.354
v 206.653 		218.517 		6.354
v 206.521 		218.52 		6.354
v 206.391 		218.506 		6.354
v 206.263 		218.475 		6.354
v 177.2744 		230.8604 		4.875
v 177.2744 		230.8604 		4.827
v 206.14 		218.427 		6.354
v 206.025 		218.364 		6.354
v 205.919 		218.286 		6.354
v 205.824 		218.195 		6.354
v 177.2744 		230.8604 		5.1752
v 177.2744 		230.8603 		5.0224
v 205.742 		218.093 		6.354
v 205.674 		217.98 		6.354
v 182.693 		233.214 		2.854
v 206.783 		218.497 		6.354
v 182.741 		233.091 		2.854
v 182.804 		232.976 		2.854
v 182.882 		232.87 		2.854
v 206.785 		220.997 		6.354
v 182.973 		232.775 		2.854
v 183.075 		232.693 		2.854
v 205.9379 		210.7747 		6.354
v 183.308 		232.572 		2.854
v 201.2279 		214.0728 		6.354
v 183.434 		232.535 		2.854
v 206.101 		216.625 		2.854
v 205.989 		216.693 		2.854
v 183.564 		232.515 		2.854
v 206.221 		216.572 		2.854
v 183.696 		232.512 		2.854
v 206.348 		216.535 		2.854
v 183.826 		232.527 		2.854
v 206.477 		216.515 		2.854
v 183.954 		232.558 		2.854
v 184.077 		232.605 		2.854
v 206.74 		216.527 		2.854
v 184.192 		232.669 		2.854
v 205.795 		216.87 		2.854
v 183.006 		234.286 		2.854
v 205.886 		216.775 		2.854
v 182.911 		234.195 		2.854
v 182.829 		234.093 		2.854
v 182.76 		233.98 		2.854
v 182.708 		233.86 		2.854
v 182.671 		233.734 		2.854
v 182.651 		233.604 		2.854
v 206.915 		220.258 		6.384
v 206.826 		220.623 		6.384
v 182.648 		233.472 		2.854
v 206.785 		220.997 		6.384
v 206.793 		221.373 		6.384
v 206.85 		221.744 		6.384
v 206.955 		222.105 		6.384
v 207.107 		222.45 		6.384
v 207.302 		222.771 		6.384
v 207.537 		223.064 		6.384
v 182.662 		233.342 		2.854
v 207.809 		223.324 		6.384
v 208.112 		223.547 		6.384
v 212.207 		219.795 		6.384
v 212.012 		219.473 		6.384
v 211.777 		219.18 		6.384
v 211.505 		218.92 		6.384
v 211.202 		218.697 		6.384
v 210.872 		218.516 		6.384
v 184.298 		232.746 		2.854
v 184.393 		232.837 		2.854
v 184.475 		232.94 		2.854
v 210.522 		218.38 		6.384
v 210.156 		218.291 		6.384
v 209.783 		218.25 		6.384
v 209.407 		218.258 		6.384
v 184.543 		233.052 		2.854
v 209.035 		218.315 		6.384
v 208.674 		218.42 		6.384
v 208.33 		218.572 		6.384
v 208.008 		218.767 		6.384
v 207.715 		219.002 		6.384
v 207.455 		219.274 		6.384
v 207.232 		219.577 		6.384
v 207.051 		219.907 		6.384
v 184.596 		233.172 		2.854
v 210.985 		223.672 		2.884
v 210.985 		223.672 		6.384
v 211.306 		223.477 		2.884
v 211.306 		223.477 		6.384
v 184.633 		233.299 		2.854
v 211.599 		223.242 		2.884
v 211.599 		223.242 		6.384
v 211.859 		222.97 		2.884
v 211.859 		222.97 		6.384
v 184.653 		233.429 		2.854
v 212.082 		222.667 		2.884
v 212.082 		222.667 		6.384
v 184.656 		233.56 		2.854
v 212.263 		222.337 		2.884
v 212.263 		222.337 		6.384
v 184.641 		233.691 		2.854
v 212.399 		221.987 		2.884
v 212.399 		221.987 		6.384
v 212.488 		221.621 		2.884
v 212.488 		221.621 		6.384
v 184.61 		233.818 		2.854
v 212.529 		221.247 		2.884
v 212.529 		221.247 		6.384
v 184.563 		233.941 		2.854
v 212.521 		220.871 		2.884
v 212.521 		220.871 		6.384
v 184.499 		234.056 		2.854
v 212.464 		220.5 		2.884
v 212.464 		220.5 		6.384
v 212.359 		220.139 		2.884
v 184.422 		234.162 		2.854
v 212.359 		220.139 		6.384
v 184.331 		234.257 		2.854
v 206.915 		220.258 		6.354
v 207.0289 		219.964 		6.354
v 206.826 		220.623 		6.354
v 184.228 		234.339 		2.854
v 184.116 		234.408 		2.854
v 183.996 		234.46 		2.854
v 183.869 		234.497 		2.854
v 183.739 		234.517 		2.854
v 206.793 		221.373 		6.354
v 183.608 		234.52 		2.854
v 183.477 		234.506 		2.854
v 206.85 		221.744 		6.354
v 183.35 		234.475 		2.854
v 183.227 		234.427 		2.854
v 206.955 		222.105 		6.354
v 183.112 		234.364 		2.854
v 207.107 		222.45 		6.354
v 207.1974 		222.5988 		2.884
v 207.1974 		222.5988 		6.354
v 207.302 		222.771 		2.884
v 207.514 		223.051 		6.354
v 207.4276 		222.9276 		6.354
v 207.4276 		222.9276 		2.884
v 207.5221 		223.0454 		2.884
v 207.5221 		223.0454 		6.354
v 207.537 		223.064 		2.884
v 207.809 		223.324 		2.884
v 208.112 		223.547 		2.884
v 211.777 		219.18 		6.354
v 212.012 		219.473 		6.354
v 211.505 		218.92 		6.354
v 211.202 		218.697 		6.354
v 210.872 		218.516 		6.354
v 210.844 		218.5051 		6.354
v 212.224 		219.753 		6.354
v 212.207 		219.795 		2.884
v 212.1942 		219.7739 		6.354
v 212.1942 		219.7739 		2.884
v 210.522 		218.38 		6.354
v 210.156 		218.291 		6.354
v 209.783 		218.25 		6.354
v 207.244 		218.257 		6.354
v 209.407 		218.258 		6.354
v 207.141 		218.339 		6.354
v 207.029 		218.408 		6.354
v 206.909 		218.46 		6.354
v 209.035 		218.315 		6.354
v 177.2744 		230.8604 		5.7347
v 177.2743 		230.8603 		5.5215
v 177.2744 		230.8603 		5.339
v 177.2744 		230.8604 		6.335
v 177.2744 		230.8604 		5.995
v 177.2744 		230.8604 		6.354
v 177.8672 		230.4454 		6.354
v 177.7418 		230.5331 		6.354
v 177.4924 		230.7077 		6.354
v 177.6899 		230.5694 		6.354
v 178.0323 		230.3297 		6.354
v 175.5178 		226.6161 		0.0082
v 177.7482 		230.5287 		2.854
v 177.9737 		230.3706 		2.854
v 177.2744 		230.8604 		2.854
v 177.2744 		230.8604 		2.935
v 172.77 		228.484 		8.322
v 177.5059 		230.6981 		2.854
v 173.162 		228.209 		8.743
v 177.2744 		230.8604 		3.415
v 172.425 		228.726 		7.843
v 177.2744 		230.8604 		4.0153
v 177.2744 		230.8604 		3.755
v 177.2744 		230.8604 		4.5748
v 177.2744 		230.8603 		4.4109
v 177.2743 		230.8603 		4.3623
v 177.2744 		230.8604 		4.1285
v 177.2744 		230.8604 		4.5973
v 172.135 		228.929 		7.312
v 177.2744 		230.8603 		4.7276
v 177.2743 		230.8603 		4.2282
v 174.56 		227.231 		9.584
v 175.072 		226.872 		9.708
v 174.065 		227.577 		9.379
v 183.188 		232.625 		6.354
v 183.075 		232.693 		6.354
v 171.904 		229.09 		3.009
v 171.736 		229.208 		3.613
v 171.634 		229.279 		4.239
v 182.693 		233.214 		6.354
v 171.6 		229.303 		4.875
v 171.634 		229.279 		5.511
v 182.741 		233.091 		6.354
v 175.9989 		227.3036 		9.7418
v 171.904 		229.09 		6.741
v 182.804 		232.976 		6.354
v 175.5178 		226.6161 		9.7418
v 175.517 		226.615 		9.7418
v 182.882 		232.87 		6.354
v 182.973 		232.775 		6.354
v 183.308 		232.572 		6.354
v 183.434 		232.535 		6.354
v 183.564 		232.515 		6.354
v 183.696 		232.512 		6.354
v 183.826 		232.527 		6.354
v 183.954 		232.558 		6.354
v 184.077 		232.605 		6.354
v 184.192 		232.669 		6.354
v 183.006 		234.286 		6.354
v 182.911 		234.195 		6.354
v 182.829 		234.093 		6.354
v 182.76 		233.98 		6.354
v 182.708 		233.86 		6.354
v 182.671 		233.734 		6.354
v 182.651 		233.604 		6.354
v 182.648 		233.472 		6.354
v 182.662 		233.342 		6.354
v 184.298 		232.746 		6.354
v 184.393 		232.837 		6.354
v 184.475 		232.94 		6.354
v 184.543 		233.052 		6.354
v 184.596 		233.172 		6.354
v 184.633 		233.299 		6.354
v 184.653 		233.429 		6.354
v 184.656 		233.56 		6.354
v 184.641 		233.691 		6.354
v 184.61 		233.818 		6.354
v 184.563 		233.941 		6.354
v 184.499 		234.056 		6.354
v 184.422 		234.162 		6.354
v 184.331 		234.257 		6.354
v 184.228 		234.339 		6.354
v 184.116 		234.408 		6.354
v 183.996 		234.46 		6.354
v 183.869 		234.497 		6.354
v 183.739 		234.517 		6.354
v 183.608 		234.52 		6.354
v 183.477 		234.506 		6.354
v 183.35 		234.475 		6.354
v 183.227 		234.427 		6.354
v 183.112 		234.364 		6.354
v 182.185 		227.422 		4.875
v 182.178 		227.4119 		4.875
v 182.172 		227.4161 		4.9861
v 208.674 		218.42 		6.354
v 182.172 		227.4161 		4.7639
v 208.33 		218.572 		6.354
v 178.192 		230.218 		9.75
v 179.72 		229.148 		9.379
v 208.008 		218.767 		6.354
v 180.623 		228.516 		8.743
v 180.188 		228.82 		9.097
v 207.715 		219.002 		6.354
v 181.015 		228.241 		8.322
v 207.455 		219.274 		6.354
v 207.232 		219.577 		6.354
v 207.051 		219.907 		6.354
v 210.64 		223.824 		2.884
v 210.279 		223.929 		2.884
v 209.908 		223.986 		2.884
v 209.532 		223.994 		2.884
v 209.158 		223.953 		2.884
v 178.713 		229.853 		9.708
v 179.225 		229.494 		9.584
v 175.024 		232.436 		1.907
v 174.733 		232.639 		2.437
v 178.1849 		230.2079 		9.75
v 178.706 		229.843 		9.708
v 178.1864 		230.2069 		9.7499
v 179.2183 		229.4844 		9.584
v 179.713 		229.138 		9.379
v 180.1811 		228.8102 		9.097
v 180.1811 		228.8102 		9.097
v 180.1823 		228.8094 		9.0961
v 180.6158 		228.5058 		8.743
v 181.0081 		228.2311 		8.322
v 180.6169 		228.505 		8.7418
v 181.1153 		228.156 		8.173
v 178.082 		230.28 		0.0083
v 177.158 		230.942 		0.166
v 178.192 		230.218 		6.354
v 176.195 		231.616 		0.653
v 176.663 		231.288 		0.371
v 178.212 		230.204 		6.354
v 175.761 		231.92 		1.007
v 175.368 		232.195 		1.428
v 178.192 		230.218 		2.854
v 178.212 		230.204 		2.854
v 178.6938 		229.8666 		6.354
v 178.5835 		229.9437 		6.354
v 178.3514 		230.1063 		6.354
v 179.1215 		229.5672 		6.354
v 178.8912 		229.7283 		6.354
v 179.7707 		229.1127 		6.354
v 179.4033 		229.3697 		6.354
v 181.1159 		228.1707 		6.354
v 180.2906 		228.7481 		6.354
v 181.1369 		228.156 		6.354
v 180.3492 		228.7077 		2.854
v 181.0585 		228.2103 		2.854
v 181.1361 		228.156 		2.854
v 175.517 		226.615 		9.75
v 175.6187 		226.5438 		9.75
v 175.6136 		226.5474 		9.7496
v 179.4622 		229.3287 		2.854
v 179.8471 		229.0589 		2.854
v 176.1405 		226.1784 		9.708
v 176.1354 		226.182 		9.7084
v 176.2411 		226.108 		9.6836
v 178.8776 		229.7379 		2.854
v 179.1475 		229.5488 		2.854
v 176.6527 		225.8198 		9.584
v 177.1475 		225.4734 		9.379
v 177.6156 		225.1456 		9.097
v 177.6131 		225.1474 		9.0985
v 178.4099 		230.0654 		2.854
v 178.727 		229.8432 		2.854
v 178.0497 		224.8416 		8.743
v 178.0454 		224.8446 		8.7465
v 178.5165 		229.9906 		6.354
v 178.6353 		229.9073 		2.854
v 175.517 		226.615 		0
v 181.36 		228 		7.843
v 181.65 		227.796 		7.312
v 181.3528 		227.9897 		7.843
v 181.3528 		227.9897 		7.843
v 181.3536 		227.9892 		7.8415
v 181.6432 		227.7863 		7.312
v 181.6438 		227.7859 		7.3105
v 181.8198 		227.6627 		6.875
v 181.881 		227.635 		6.741
v 181.9852 		227.5621 		5.4844
v 181.985 		227.5618 		6.1161
v 181.985 		227.5619 		6.354
v 182.151 		227.446 		5.511
v 182.049 		227.517 		6.137
v 181.9852 		227.5621 		4.2656
v 181.9851 		227.562 		4.875
v 181.9843 		227.5608 		3.3831
v 181.9849 		227.5617 		3.3831
v 182.151 		227.446 		4.239
v 181.985 		227.5619 		3.3831
v 181.985 		227.5618 		3.6339
v 181.8182 		227.6783 		2.854
v 181.8175 		227.6774 		2.854
v 182.049 		227.517 		3.613
v 181.8184 		227.6786 		2.854
v 181.8739 		227.6248 		6.741
v 182.0421 		227.5071 		6.137
v 182.1439 		227.4358 		5.511
v 181.9849 		227.5617 		3.3831
v 182.1439 		227.4358 		4.239
v 181.978 		227.5519 		2.854
v 182.0421 		227.5071 		3.613
v 181.978 		227.5519 		3.3831
v 181.8114 		227.6686 		2.854
v 181.7812 		227.6898 		2.779
v 180.623 		228.516 		1.007
v 181.015 		228.241 		1.428
v 179.72 		229.148 		0.371
v 180.188 		228.82 		0.653
v 178.713 		229.853 		0.042
v 179.225 		229.494 		0.166
v 178.192 		230.218 		0
v 207.514 		223.051 		2.854
v 212.2913 		206.326 		2.4831
v 212.224 		219.753 		2.854
v 208.796 		222.1533 		2.884
v 206.867 		216.558 		2.854
v 206.99 		216.605 		2.854
v 207.105 		216.669 		2.854
v 207.211 		216.746 		2.854
v 207.306 		216.837 		2.854
v 207.388 		216.94 		2.854
v 181.0081 		228.2311 		1.428
v 181.0081 		228.2311 		1.428
v 207.456 		217.052 		2.854
v 181.1153 		228.156 		1.577
v 207.509 		217.172 		2.854
v 181.007 		228.2318 		1.4269
v 207.546 		217.299 		2.854
v 180.6158 		228.5058 		1.007
v 207.566 		217.429 		2.854
v 207.569 		217.56 		2.854
v 180.1811 		228.8102 		0.653
v 180.6146 		228.5066 		1.006
v 207.555 		217.691 		2.854
v 207.523 		217.818 		2.854
v 179.713 		229.138 		0.371
v 207.476 		217.941 		2.854
v 179.2183 		229.4844 		0.166
v 207.413 		218.056 		2.854
v 178.706 		229.843 		0.042
v 178.706 		229.843 		0.042
v 207.335 		218.162 		2.854
v 207.244 		218.257 		2.854
v 178.7046 		229.844 		0.0419
v 207.141 		218.339 		2.854
v 207.029 		218.408 		2.854
v 178.1849 		230.2079 		0
v 178.1849 		230.2079 		0
v 206.909 		218.46 		2.854
v 178.1835 		230.2089 		0.0001
v 181.36 		228 		1.907
v 181.65 		227.796 		2.437
v 181.6432 		227.7863 		2.437
v 181.6425 		227.7869 		2.4356
v 181.3528 		227.9897 		1.907
v 212.1899 		206.397 		8.2298
v 212.1899 		206.397 		6.7241
v 212.2913 		206.326 		3.9967
v 178.082 		230.28 		9.75
v 206.867 		216.558 		6.354
v 206.99 		216.605 		6.354
v 207.105 		216.669 		6.354
v 207.211 		216.746 		6.354
v 207.306 		216.837 		6.354
v 207.388 		216.94 		6.354
v 207.456 		217.052 		6.354
v 207.509 		217.172 		6.354
v 207.546 		217.299 		6.354
v 182.172 		227.4161 		0
v 207.566 		217.429 		6.354
v 207.569 		217.56 		6.354
v 207.555 		217.691 		6.354
v 207.523 		217.818 		6.354
v 207.476 		217.941 		6.354
v 207.413 		218.056 		6.354
v 207.335 		218.162 		6.354
v 178.082 		230.28 		0
v 201.88 		208.158 		9.75
v 201.88 		208.158 		0
v 239.972 		199.484 		8.322
v 240.392 		199.484 		7.843
v 240.747 		199.484 		7.312
v 241.029 		199.484 		6.741
v 241.234 		199.484 		6.137
v 241.358 		199.484 		5.511
v 241.4 		199.484 		4.875
v 241.358 		199.484 		4.239
v 241.234 		199.484 		3.613
v 241.029 		199.484 		3.009
v 238.763 		199.484 		4.622
v 238.704 		199.484 		4.326
v 238.607 		199.484 		4.04
v 238.474 		199.484 		3.769
v 238.306 		199.484 		3.518
v 238.106 		199.484 		3.29
v 237.879 		199.484 		3.091
v 237.628 		199.484 		2.923
v 237.357 		199.484 		2.79
v 237.879 		199.484 		6.756
v 238.106 		199.484 		6.557
v 238.306 		199.484 		6.33
v 238.474 		199.484 		6.079
v 238.607 		199.484 		5.808
v 238.704 		199.484 		5.522
v 238.763 		199.484 		5.225
v 238.783 		199.484 		4.924
v 236.775 		199.484 		7.214
v 237.071 		199.484 		7.155
v 237.357 		199.484 		7.058
v 237.628 		199.484 		6.924
v 237.161 		199.484 		9.708
v 237.786 		199.484 		9.584
v 238.39 		199.484 		9.379
v 238.962 		199.484 		9.097
v 239.492 		199.484 		8.743
v 208.793 		223.864 		2.884
v 208.442 		223.728 		2.884
v 187.4417 		235.3557 		2.884
v 187.577 		235.485 		2.884
v 187.812 		235.778 		2.884
v 188.007 		236.1 		2.884
v 187.834 		235.916 		2.884
v 209.532 		223.994 		6.384
v 209.908 		223.986 		6.384
v 210.279 		223.929 		6.384
v 210.64 		223.824 		6.384
v 209.158 		223.953 		6.384
v 208.442 		223.728 		6.384
v 208.793 		223.864 		6.384
v 239.633 		204.014 		6.553
v 239.836 		204.014 		6.142
v 239.983 		204.014 		5.708
v 240.073 		204.014 		5.258
v 188.007 		236.1 		6.384
v 187.812 		235.778 		6.384
v 187.577 		235.485 		6.384
v 240.102 		204.014 		4.8
v 187.4417 		235.3557 		6.354
v 240.073 		204.014 		4.343
v 239.983 		204.014 		3.893
v 239.836 		204.014 		3.459
v 187.834 		235.916 		2.854
v 185.4508 		232.512 		2.854
v 239.633 		204.014 		3.047
v 186.8811 		234.555 		6.354
v 239.972 		204.014 		8.322
v 182.648 		228.5088 		2.854
v 241.029 		204.014 		3.009
v 241.234 		204.014 		3.613
v 241.358 		204.014 		4.239
v 241.4 		204.014 		4.875
v 241.358 		204.014 		5.511
v 241.234 		204.014 		6.137
v 241.029 		204.014 		6.741
v 240.747 		204.014 		7.312
v 240.392 		204.014 		7.843
v 237.047 		204.014 		8.306
v 237.047 		204.014 		8.2765
v 237.054 		204.014 		8.276
v 237.504 		204.014 		8.187
v 237.938 		204.014 		8.039
v 188.159 		236.444 		2.884
v 188.264 		236.805 		2.884
v 188.321 		237.177 		2.884
v 238.35 		204.014 		7.836
v 188.329 		237.553 		2.884
v 188.288 		237.927 		2.884
v 188.199 		238.292 		2.884
v 188.063 		238.643 		2.884
v 187.882 		238.972 		2.884
v 187.659 		239.276 		2.884
v 187.399 		239.547 		2.884
v 187.106 		239.783 		2.884
v 238.731 		204.014 		7.582
v 186.785 		239.978 		2.884
v 186.44 		240.129 		2.884
v 186.268 		237.0125 		2.884
v 187.2171 		236.348 		2.884
v 184.2922 		238.396 		2.884
v 186.079 		240.234 		2.884
v 185.708 		240.292 		2.884
v 185.332 		240.3 		2.884
v 184.656 		238.1413 		2.884
v 238.39 		204.014 		9.379
v 237.786 		204.014 		9.584
v 237.161 		204.014 		9.708
v 239.076 		204.014 		7.279
v 239.378 		204.014 		6.934
v 188.329 		237.553 		6.384
v 188.321 		237.177 		6.384
v 188.264 		236.805 		6.384
v 188.159 		236.444 		6.384
v 186.44 		240.129 		6.384
v 186.785 		239.978 		6.384
v 187.106 		239.783 		6.384
v 187.399 		239.547 		6.384
v 187.659 		239.276 		6.384
v 187.882 		238.972 		6.384
v 188.063 		238.643 		6.384
v 188.199 		238.292 		6.384
v 188.288 		237.927 		6.384
v 239.492 		204.014 		8.743
v 238.962 		204.014 		9.097
v 185.332 		240.3 		6.384
v 185.708 		240.292 		6.384
v 186.079 		240.234 		6.384
v 183.188 		232.625 		2.854
v 239.633 		201.899 		6.553
v 239.836 		201.899 		6.142
v 239.983 		201.899 		5.708
v 240.073 		201.899 		5.258
v 240.102 		201.899 		4.8
v 240.073 		201.899 		4.343
v 239.983 		201.899 		3.893
v 239.836 		201.899 		3.459
v 239.633 		201.899 		3.047
v 238.763 		201.899 		4.622
v 238.704 		201.899 		4.326
v 238.607 		201.899 		4.04
v 238.474 		201.899 		3.769
v 238.306 		201.899 		3.518
v 238.106 		201.899 		3.29
v 237.879 		201.899 		3.091
v 237.628 		201.899 		2.923
v 237.357 		201.899 		2.79
v 237.879 		201.899 		6.756
v 182.715 		236.563 		6.384
v 238.106 		201.899 		6.557
v 187.002 		235.003 		6.384
v 186.672 		234.822 		6.384
v 186.322 		234.686 		6.384
v 187.305 		235.225 		6.384
v 238.306 		201.899 		6.33
v 183.255 		235.579 		6.384
v 183.032 		235.883 		6.384
v 182.851 		236.212 		6.384
v 238.474 		201.899 		6.079
v 185.956 		234.596 		6.384
v 185.583 		234.555 		6.384
v 185.207 		234.563 		6.384
v 184.835 		234.621 		6.384
v 184.474 		234.726 		6.384
v 184.13 		234.877 		6.384
v 183.808 		235.072 		6.384
v 183.515 		235.308 		6.384
v 182.7983 		236.348 		6.354
v 182.715 		236.563 		6.354
v 238.607 		201.899 		5.808
v 187.305 		235.225 		6.354
v 238.704 		201.899 		5.522
v 187.002 		235.003 		6.354
v 186.672 		234.822 		6.354
v 238.763 		201.899 		5.225
v 186.322 		234.686 		6.354
v 186.268 		234.6727 		6.354
v 238.783 		201.899 		4.924
v 185.956 		234.596 		6.354
v 185.583 		234.555 		6.354
v 185.207 		234.563 		6.354
v 184.835 		234.621 		6.354
v 236.775 		201.382 		7.214
v 184.656 		234.6731 		6.354
v 184.474 		234.726 		6.354
v 184.13 		234.877 		6.354
v 237.047 		201.382 		7.1598
v 183.808 		235.072 		6.354
v 237.071 		201.899 		7.155
v 237.047 		201.899 		7.1598
v 183.515 		235.308 		6.354
v 183.255 		235.579 		6.354
v 183.032 		235.883 		6.354
v 182.851 		236.212 		6.354
v 237.357 		201.899 		7.058
v 237.628 		201.899 		6.924
v 237.047 		201.382 		8.306
v 237.047 		201.899 		8.2765
v 237.054 		201.899 		8.276
v 237.504 		201.899 		8.187
v 237.938 		201.899 		8.039
v 238.35 		201.899 		7.836
v 238.731 		201.899 		7.582
v 239.076 		201.899 		7.279
v 239.378 		201.899 		6.934
v 184.656 		232.512 		6.354
v 171.736 		229.208 		6.137
v 173.597 		227.905 		9.097
v 173.162 		228.209 		1.007
v 173.597 		227.905 		0.653
v 172.135 		228.929 		2.437
v 172.425 		228.726 		1.907
v 172.77 		228.484 		1.428
v 178.417 		224.53 		8.322
v 179.052 		224.086 		7.312
v 178.762 		224.289 		7.843
v 175.593 		226.507 		9.75
v 176.115 		226.142 		9.708
v 176.627 		225.783 		9.584
v 177.59 		225.109 		9.097
v 177.122 		225.437 		9.379
v 178.024 		224.805 		8.743
# 1076 vertices

g group_9_6383466

usemtl color_6383466
s 0

f 6858 	6910 	6569
f 6578 	6574 	6573
f 6578 	6575 	6574
f 7523 	6578 	6573
f 6578 	6576 	6575
f 6578 	6577 	6576
f 6573 	6572 	7523
f 7534 	6583 	6582
f 6582 	6581 	7534
f 6581 	6580 	7534
f 7534 	6584 	6583
f 6579 	6601 	7534
f 6579 	6576 	6585
f 6585 	6576 	6577
f 6580 	6575 	6579
f 6579 	6575 	6576
f 6581 	6574 	6580
f 6580 	6574 	6575
f 6582 	6573 	6581
f 6581 	6573 	6574
f 6583 	6572 	6582
f 6582 	6572 	6573
f 6584 	6571 	6583
f 6583 	6571 	6572
f 6587 	6586 	6588
f 6588 	6586 	6589
f 6577 	6578 	6570
f 6590 	6587 	6591
f 6591 	6587 	6588
f 6577 	6570 	6569
f 6569 	6585 	6577
f 6593 	6592 	6591
f 6591 	6592 	6590
f 6595 	6594 	6593
f 6593 	6594 	6592
f 6597 	6596 	6595
f 6595 	6596 	6594
f 6599 	6598 	6597
f 6597 	6598 	6596
f 6603 	6602 	6599
f 6599 	6602 	6598
f 6580 	6579 	7534
f 6603 	6607 	6606
f 6603 	6609 	6607
f 6606 	6605 	6602
f 6600 	6604 	7534
f 6604 	6611 	7534
f 6611 	6610 	7534
f 6606 	6602 	6603
f 6614 	6613 	6604
f 6604 	6613 	6611
f 6616 	6614 	6600
f 6600 	6614 	6604
f 6618 	6616 	6601
f 6601 	6616 	6600
f 6601 	6579 	6585
f 6585 	6618 	6601
f 6620 	6619 	6621
f 6623 	6622 	6612
f 6620 	6617 	6615
f 6620 	6621 	6617
f 6615 	6624 	6620
f 6625 	6623 	6608
f 6608 	6623 	6612
f 6610 	6626 	6608
f 6608 	6626 	6625
f 6611 	6627 	6610
f 6610 	6627 	6626
f 6627 	6611 	6613
f 6651 	6638 	6624
f 6910 	6625 	6626
f 6910 	6613 	6614
f 6629 	6621 	6619
f 6619 	6628 	6629
f 6910 	6614 	6616
f 6616 	6618 	6569
f 6619 	6620 	6636
f 6635 	6628 	6619
f 6636 	6620 	6624
f 6631 	6630 	6632
f 6633 	6634 	6643
f 6643 	6634 	6644
f 6619 	6636 	6635
f 6638 	6637 	6636
f 6636 	6637 	6635
f 6640 	6639 	6641
f 6641 	6639 	6642
f 6639 	6653 	6642
f 6640 	6637 	6639
f 6638 	6653 	6639
f 6639 	6637 	6638
f 6638 	6636 	6624
f 6643 	6644 	6645
f 6645 	6644 	6646
f 6645 	6646 	6647
f 6647 	6646 	6648
f 6650 	6649 	6648
f 6648 	6649 	6647
f 6652 	6651 	6650
f 6650 	6651 	6649
f 6654 	6653 	6652
f 6652 	6653 	6651
f 6653 	6654 	6642
f 6643 	6645 	7566
f 7567 	6645 	6647
f 7568 	6647 	6649
f 7566 	6633 	6643
f 7569 	6649 	6651
f 6624 	6615 	6651
f 6651 	6653 	6638
f 6656 	6673 	6657
f 6657 	6673 	6630
f 6657 	6630 	6631
f 6684 	6694 	6658
f 6685 	6659 	6660
f 6660 	6661 	6662
f 6662 	6661 	6663
f 6707 	6655 	6664
f 6708 	6707 	6664
f 6664 	6665 	6708
f 6706 	6667 	6669
f 6705 	6704 	6666
f 6695 	6706 	6669
f 6669 	6670 	6695
f 6687 	6686 	6674
f 6689 	6688 	6676
f 6692 	6681 	6682
f 6693 	6682 	6683
f 6694 	6683 	6658
f 6685 	6684 	6659
f 6660 	6662 	6685
f 6676 	6678 	6689
f 6690 	6689 	6678
f 6678 	6679 	6690
f 6679 	6691 	6690
f 6693 	6692 	6682
f 6683 	6694 	6693
f 6658 	6659 	6684
f 6680 	6692 	6691
f 6692 	6680 	6681
f 6691 	6679 	6680
f 6675 	6676 	6688
f 6688 	6687 	6675
f 6674 	6675 	6687
f 6674 	6686 	6672
f 6670 	6671 	6696
f 6697 	6696 	6671
f 6671 	6672 	6697
f 6672 	6686 	6697
f 6702 	6698 	6700
f 6704 	6708 	6665
f 6703 	6700 	6655
f 6701 	6699 	6698
f 6698 	6702 	6701
f 6700 	6703 	6702
f 6655 	6707 	6703
f 6696 	6695 	6670
f 6667 	6706 	6705
f 6665 	6666 	6704
f 6666 	6667 	6705
f 6662 	6709 	6710
f 6711 	6709 	6663
f 6663 	6709 	6662
f 6700 	6712 	6655
f 6655 	6712 	6713
f 6714 	6664 	6655
f 6655 	6713 	6714
f 6715 	6658 	6716
f 6717 	6659 	6715
f 6715 	6659 	6658
f 6718 	6660 	6717
f 6717 	6660 	6659
f 6719 	6661 	6718
f 6718 	6661 	6660
f 6661 	6719 	6720
f 6685 	6721 	6684
f 6684 	6721 	6722
f 6710 	6721 	6685
f 6685 	6662 	6710
f 6724 	6723 	6695
f 6695 	6723 	6706
f 6725 	6724 	6696
f 6696 	6724 	6695
f 6727 	6725 	6697
f 6697 	6725 	6696
f 6728 	6727 	6686
f 6686 	6727 	6697
f 6687 	6729 	6686
f 6686 	6729 	6728
f 6688 	6730 	6687
f 6687 	6730 	6729
f 6689 	6731 	6688
f 6688 	6731 	6730
f 6690 	6732 	6689
f 6689 	6732 	6731
f 6691 	6733 	6690
f 6690 	6733 	6732
f 6735 	6691 	6692
f 6735 	6733 	6691
f 6692 	6734 	6735
f 6693 	6736 	6692
f 6692 	6736 	6734
f 6694 	6737 	6693
f 6693 	6737 	6736
f 6694 	6684 	6738
f 6738 	6684 	6722
f 6694 	6738 	6737
f 6664 	6714 	6739
f 6886 	6885 	6726
f 6664 	6739 	6665
f 6665 	6739 	6740
f 6905 	6886 	6726
f 6665 	6740 	6666
f 6666 	6740 	6741
f 6909 	6905 	6726
f 6742 	6667 	6741
f 6741 	6667 	6666
f 6743 	6669 	6742
f 6742 	6669 	6667
f 6744 	6670 	6743
f 6743 	6670 	6669
f 6885 	6887 	6726
f 6745 	6671 	6744
f 6744 	6671 	6670
f 6746 	6672 	6745
f 6745 	6672 	6671
f 6747 	6672 	6746
f 6672 	6747 	6674
f 6863 	6860 	6726
f 6748 	6675 	6747
f 6747 	6675 	6674
f 6749 	6676 	6748
f 6748 	6676 	6675
f 6750 	6678 	6749
f 6749 	6678 	6676
f 7637 	7638 	6726
f 6751 	6679 	6750
f 6750 	6679 	6678
f 6752 	6680 	6751
f 6751 	6680 	6679
f 6753 	6681 	6752
f 6752 	6681 	6680
f 6754 	6682 	6753
f 6753 	6682 	6681
f 6913 	6726 	6906
f 6755 	6682 	6754
f 6896 	6726 	6897
f 6756 	6683 	6755
f 6755 	6683 	6682
f 6677 	6726 	6668
f 6683 	6756 	6716
f 6716 	6658 	6683
f 7631 	7632 	6726
f 6607 	6609 	6757
f 6757 	6609 	6701
f 6758 	6757 	6702
f 6702 	6757 	6701
f 7178 	7633 	6726
f 6759 	6758 	6703
f 6703 	6758 	6702
f 6703 	6707 	6760
f 6760 	6759 	6703
f 7180 	7179 	6726
f 6760 	6707 	6761
f 6762 	6761 	6708
f 6708 	6761 	6707
f 7183 	7182 	6726
f 6704 	6764 	6763
f 6708 	6704 	6763
f 6763 	6762 	6708
f 6705 	6765 	6704
f 6704 	6765 	6764
f 6706 	6766 	6705
f 6705 	6766 	6765
f 6766 	6706 	6723
f 6767 	6698 	6768
f 6768 	6698 	6699
f 6769 	6700 	6767
f 6767 	6700 	6698
f 7182 	7180 	6726
f 6712 	6700 	6769
f 7179 	7178 	6726
f 6621 	6629 	6699
f 6699 	6629 	6768
f 6771 	6710 	6709
f 7633 	7634 	6726
f 6709 	6711 	6771
f 6710 	6771 	6721
f 6721 	6771 	6722
f 6722 	6771 	6738
f 6757 	6770 	6607
f 6770 	6757 	6758
f 7170 	7186 	6726
f 6770 	6727 	6728
f 6724 	6770 	6723
f 7634 	7635 	6726
f 6770 	6724 	6725
f 6725 	6727 	6770
f 7635 	7631 	6726
f 6771 	6770 	6728
f 7632 	6668 	6726
f 6897 	6726 	6673
f 6677 	6673 	6726
f 6770 	6764 	6765
f 6766 	6723 	6770
f 6770 	6765 	6766
f 6728 	6729 	6771
f 7160 	7158 	6726
f 7158 	7162 	6726
f 6770 	6758 	6759
f 6770 	6759 	6760
f 6763 	6764 	6770
f 6761 	6762 	6770
f 6770 	6762 	6763
f 6770 	6760 	6761
f 7170 	6726 	7162
f 6736 	6737 	6771
f 6771 	6731 	6732
f 6771 	6729 	6730
f 6771 	6730 	6731
f 6771 	6732 	6733
f 6733 	6735 	6771
f 6734 	6736 	6771
f 6771 	6735 	6734
f 6737 	6738 	6771
f 6773 	6772 	6774
f 6774 	6772 	6775
f 6777 	6776 	6778
f 6778 	6776 	6779
f 6782 	7401 	6778
f 7357 	6774 	6780
f 6780 	6774 	6775
f 6781 	6776 	6777
f 6778 	6779 	6782
f 6783 	6772 	6773
f 6773 	7402 	6783
f 6773 	6774 	7357
f 7357 	7402 	6773
f 7357 	6780 	6784
f 7422 	6771 	6785
f 6787 	6786 	7501
f 7501 	6789 	6788
f 7501 	6790 	6789
f 7501 	6791 	6790
f 7501 	6792 	6791
f 7501 	6793 	6792
f 6788 	6787 	7501
f 6797 	6796 	6795
f 6798 	6797 	6795
f 6860 	6859 	6726
f 6799 	6798 	6795
f 6800 	6799 	6795
f 6801 	6800 	6795
f 6795 	6794 	6801
f 6605 	6801 	6794
f 6794 	6642 	6605
f 6802 	6787 	6803
f 7637 	6726 	6859
f 6804 	6786 	6802
f 6802 	6786 	6787
f 6806 	6788 	6807
f 6807 	6788 	6789
f 6806 	6803 	6788
f 6788 	6803 	6787
f 6808 	6792 	6809
f 6809 	6792 	6793
f 6810 	6791 	6808
f 6808 	6791 	6792
f 6811 	6790 	6810
f 6810 	6790 	6791
f 6790 	6811 	6812
f 6789 	6790 	6812
f 6812 	6807 	6789
f 6805 	6809 	6793
f 6793 	7501 	6805
f 6813 	6801 	6606
f 6606 	6801 	6605
f 6800 	6801 	6814
f 6814 	6801 	6813
f 6799 	6800 	6815
f 6815 	6800 	6814
f 6817 	6816 	6798
f 6798 	6799 	6817
f 6817 	6799 	6815
f 6797 	6798 	6818
f 6818 	6798 	6816
f 6796 	6819 	6820
f 6796 	6797 	6819
f 6819 	6797 	6818
f 6821 	6795 	6820
f 6820 	6795 	6796
f 6641 	6642 	6794
f 6794 	6822 	6641
f 6794 	6795 	6822
f 6822 	6795 	6821
f 6802 	6803 	6826
f 6804 	6802 	6826
f 6807 	6826 	6806
f 6803 	6806 	6826
f 6812 	6826 	6807
f 6813 	6606 	6823
f 6815 	6814 	6823
f 6814 	6813 	6823
f 6817 	6815 	6823
f 6818 	6823 	6824
f 6817 	6823 	6816
f 6823 	6818 	6816
f 6824 	6819 	6818
f 6824 	6820 	6819
f 6811 	6810 	6825
f 6810 	6808 	6825
f 6825 	6826 	6811
f 6808 	6809 	6825
f 6811 	6826 	6812
f 6776 	6826 	6825
f 6772 	6779 	6825
f 6825 	6824 	6772
f 6775 	6772 	6824
f 6824 	6823 	6775
f 6775 	6823 	6784
f 6780 	6775 	6784
f 6825 	6779 	6776
f 6783 	6782 	6779
f 6826 	6776 	6781
f 6781 	6785 	6826
f 6779 	6772 	6783
f 6826 	6771 	6711
f 6711 	6804 	6826
f 6826 	6785 	6771
f 6607 	6823 	6606
f 6607 	6770 	6823
f 6784 	6823 	6770
f 6827 	6767 	6828
f 6828 	6767 	6768
f 6829 	6769 	6827
f 6827 	6769 	6767
f 6829 	6712 	6769
f 6847 	6829 	6635
f 6832 	6831 	6857
f 6835 	6834 	6857
f 6828 	6768 	6628
f 6628 	6768 	6629
f 6714 	6830 	6739
f 6830 	6831 	6739
f 6739 	6831 	6740
f 6857 	6831 	6830
f 6831 	6832 	6740
f 6740 	6832 	6741
f 6857 	6830 	6847
f 6833 	6742 	6832
f 6832 	6742 	6741
f 6635 	6857 	6847
f 6857 	6833 	6832
f 6834 	6743 	6833
f 6833 	6743 	6742
f 6835 	6744 	6834
f 6834 	6744 	6743
f 6836 	6745 	6835
f 6835 	6745 	6744
f 6857 	6834 	6833
f 6837 	6746 	6836
f 6836 	6746 	6745
f 6837 	6836 	6857
f 6838 	6747 	6837
f 6837 	6747 	6746
f 6838 	6837 	6857
f 6857 	6856 	6838
f 6839 	6748 	6838
f 6838 	6748 	6747
f 6856 	6840 	6839
f 6840 	6749 	6839
f 6839 	6749 	6748
f 6841 	6750 	6840
f 6840 	6750 	6749
f 6842 	6751 	6841
f 6841 	6751 	6750
f 6843 	6752 	6842
f 6842 	6752 	6751
f 6856 	6843 	6842
f 6844 	6753 	6843
f 6843 	6753 	6752
f 6856 	6844 	6843
f 6845 	6754 	6844
f 6844 	6754 	6753
f 6846 	6845 	6856
f 6845 	6755 	6754
f 6755 	6845 	6846
f 6846 	6756 	6755
f 6846 	6716 	6756
f 6856 	6853 	6848
f 6909 	6726 	6913
f 6829 	6847 	6712
f 6712 	6847 	6713
f 6714 	6713 	6847
f 6847 	6830 	6714
f 6716 	6846 	6848
f 6848 	6715 	6716
f 6849 	6717 	6848
f 6848 	6717 	6715
f 6850 	6718 	6849
f 6849 	6718 	6717
f 6851 	6719 	6850
f 6850 	6719 	6718
f 6853 	6850 	6849
f 6853 	6851 	6850
f 6851 	6852 	6719
f 6719 	6852 	6720
f 6848 	6846 	6856
f 6849 	6848 	6853
f 6851 	6853 	6852
f 6805 	6853 	6809
f 6828 	6628 	6635
f 6827 	6828 	6635
f 6829 	6827 	6635
f 6821 	6820 	6854
f 6635 	6637 	6854
f 6855 	6640 	6822
f 6822 	6640 	6641
f 6855 	6822 	6854
f 6854 	6822 	6821
f 6637 	6640 	6855
f 6855 	6854 	6637
f 6836 	6835 	6857
f 6839 	6838 	6856
f 6841 	6840 	6856
f 6842 	6841 	6856
f 6845 	6844 	6856
f 6820 	6824 	6857
f 6854 	6820 	6857
f 6857 	6635 	6854
f 6809 	6853 	6856
f 6856 	6825 	6809
f 6856 	6857 	6825
f 6825 	6857 	6824
f 6569 	6910 	6616
f 6618 	6585 	6569
f 6910 	6622 	6623
f 6623 	6625 	6910
f 6910 	6626 	6627
f 6627 	6613 	6910
f 6569 	6570 	6858
f 6879 	6878 	6865
f 6867 	6879 	6866
f 6864 	6875 	6863
f 6865 	6878 	6875
f 6875 	6864 	6865
f 6865 	6866 	6879
f 6884 	6882 	6867
f 6859 	6870 	6871
f 6872 	7637 	6859
f 6859 	6860 	6873
f 6873 	6870 	6859
f 6874 	6873 	6863
f 6863 	6873 	6860
f 6869 	7167 	7172
f 6875 	6874 	6863
f 7171 	6877 	6876
f 6989 	6990 	6881
f 6882 	6879 	6867
f 6867 	6887 	6884
f 6885 	6892 	6891
f 6891 	6887 	6885
f 6881 	6990 	6876
f 6893 	6892 	6885
f 6895 	6894 	6886
f 6888 	6887 	6889
f 6887 	6890 	6889
f 6891 	6890 	6887
f 6886 	6894 	6893
f 6885 	6886 	6893
f 7165 	6868 	6877
f 6881 	7629 	6880
f 6904 	6903 	6897
f 6897 	6673 	6904
f 6906 	6726 	6896
f 6896 	6899 	6898
f 6900 	6906 	6896
f 6896 	6898 	6900
f 6901 	6899 	6896
f 6896 	6897 	6901
f 6897 	6903 	6902
f 6902 	6901 	6897
f 6880 	7629 	6883
f 7152 	6912 	7208
f 7148 	7152 	7208
f 7208 	6910 	7148
f 6895 	6886 	6905
f 7152 	6944 	7239
f 7239 	7272 	6911
f 6905 	6919 	6918
f 6921 	6919 	6905
f 7155 	7154 	6858
f 6858 	7278 	6915
f 6925 	6924 	6913
f 7155 	6914 	7355
f 7142 	7143 	6862
f 6862 	6861 	7142
f 6905 	6918 	6895
f 6921 	6909 	6922
f 6905 	6909 	6921
f 6924 	6922 	6913
f 6913 	6922 	6909
f 6913 	6906 	6925
f 6906 	6900 	6925
f 6888 	6884 	6887
f 7146 	7142 	6861
f 6927 	6926 	6875
f 6926 	6929 	6928
f 6926 	6930 	6929
f 6926 	6928 	6932
f 6932 	6931 	6926
f 7143 	6883 	6862
f 6934 	6933 	6926
f 6926 	6931 	6934
f 6937 	6960 	6936
f 6935 	6936 	6960
f 6960 	6938 	6939
f 6960 	6939 	6940
f 6940 	6942 	6960
f 6942 	6943 	6960
f 6908 	6907 	6944
f 6957 	6946 	6947
f 6971 	6950 	6944
f 6950 	6908 	6944
f 6957 	6951 	6952
f 6957 	6953 	6954
f 6957 	6955 	6935
f 6957 	6954 	6955
f 6935 	6960 	6957
f 6952 	6953 	6957
f 6957 	6949 	6951
f 6947 	6948 	6957
f 7356 	6945 	6946
f 7356 	6956 	6945
f 6948 	6949 	6957
f 7012 	6958 	6959
f 6937 	6938 	6960
f 7001 	6965 	6964
f 7001 	6964 	6963
f 7001 	6966 	6965
f 7003 	6969 	6968
f 7173 	6941 	6923
f 6941 	7173 	6944
f 6969 	7003 	6961
f 7001 	6962 	6961
f 7001 	6963 	6962
f 6944 	7185 	6971
f 7003 	6972 	6970
f 7003 	6973 	6972
f 7003 	6974 	6973
f 7003 	6978 	6977
f 7003 	6968 	6978
f 6858 	6990 	6989
f 6989 	6910 	6858
f 6983 	6990 	6858
f 7149 	7148 	6910
f 6991 	6988 	6998
f 6876 	6983 	6984
f 6984 	7171 	6876
f 6988 	6987 	6998
f 6858 	6984 	6983
f 7003 	6991 	6998
f 6881 	6880 	6989
f 6986 	6985 	7095
f 7247 	6979 	6994
f 7247 	6980 	6979
f 7095 	7097 	6986
f 6987 	6986 	7097
f 7097 	6998 	6987
f 6998 	7103 	7003
f 7003 	6992 	6991
f 6961 	7003 	7001
f 7001 	6967 	6966
f 7003 	6970 	6992
f 7003 	6975 	6974
f 7003 	6976 	6975
f 6977 	6976 	7003
f 7030 	7029 	7031
f 7031 	7029 	7032
f 7032 	7029 	7033
f 7033 	7029 	7034
f 7034 	7029 	7035
f 7035 	7029 	7037
f 7037 	7029 	7038
f 7038 	7029 	7472
f 6942 	6978 	6943
f 7042 	7041 	7040
f 7040 	7039 	7042
f 7042 	7039 	7043
f 7043 	7039 	7044
f 7063 	7470 	7049
f 7470 	7050 	7049
f 7470 	7051 	7050
f 7470 	7053 	7051
f 7470 	7054 	7053
f 7470 	7055 	7054
f 7470 	7056 	7055
f 7470 	7057 	7056
f 7470 	7058 	7057
f 7470 	7059 	7058
f 7470 	7026 	7060
f 7470 	7027 	7026
f 7060 	7059 	7470
f 7064 	7062 	7065
f 7065 	7062 	7063
f 7067 	7064 	7068
f 7068 	7064 	7065
f 6982 	6948 	6947
f 7069 	7067 	7070
f 7070 	7067 	7068
f 7066 	7215 	7071
f 7072 	7069 	7073
f 7073 	7069 	7070
f 6985 	6986 	6951
f 7075 	7072 	7076
f 7076 	7072 	7073
f 7078 	7075 	7079
f 7079 	7075 	7076
f 7080 	7078 	7081
f 7081 	7078 	7079
f 7083 	7080 	7084
f 7084 	7080 	7081
f 7086 	7083 	7087
f 7087 	7083 	7084
f 7089 	7086 	7090
f 7090 	7086 	7087
f 7091 	7089 	7093
f 7093 	7089 	7090
f 7093 	7039 	7091
f 6982 	6981 	7248
f 7095 	7096 	7026
f 7248 	7096 	6982
f 7096 	7095 	6982
f 6963 	7008 	7005
f 7097 	7095 	7027
f 7027 	7095 	7026
f 7010 	7008 	6963
f 6963 	6964 	7010
f 6998 	7097 	7029
f 7029 	7097 	7027
f 7113 	7112 	6957
f 6985 	6982 	7095
f 7012 	6966 	6958
f 7103 	6998 	7030
f 7030 	6998 	7029
f 6958 	6966 	7015
f 7003 	7103 	7106
f 7106 	7103 	7031
f 7031 	7103 	7030
f 7003 	7106 	7109
f 7109 	7106 	7032
f 7032 	7106 	7031
f 7003 	7109 	7111
f 7111 	7109 	7033
f 7033 	7109 	7032
f 7192 	7002 	7551
f 6936 	6935 	6972
f 6957 	7003 	7113
f 7111 	7113 	7003
f 6973 	6937 	6936
f 7036 	7181 	6993
f 7113 	7033 	7034
f 7034 	7114 	7113
f 7113 	7114 	7112
f 6937 	6973 	6974
f 7184 	6995 	6993
f 6993 	7181 	7184
f 7113 	7111 	7033
f 6938 	6974 	6939
f 7184 	7187 	6996
f 6996 	6995 	7184
f 7116 	7115 	7117
f 6996 	7187 	6997
f 7119 	7118 	7115
f 7116 	7119 	7115
f 7114 	7034 	7116
f 7116 	7117 	7114
f 7116 	7034 	7035
f 7035 	7120 	7119
f 7119 	7120 	7118
f 6968 	7017 	6943
f 6943 	6978 	6968
f 7035 	7119 	7116
f 7037 	7121 	7035
f 7035 	7121 	7120
f 7002 	7193 	7004
f 7038 	7122 	7037
f 7037 	7122 	7121
f 7004 	7193 	7007
f 7472 	7122 	7038
f 7001 	7124 	7123
f 7001 	7129 	7124
f 7123 	7125 	7001
f 7196 	7011 	7009
f 6946 	6981 	6947
f 7124 	7040 	7123
f 7123 	7040 	7041
f 7011 	7196 	7013
f 7001 	7125 	7126
f 7125 	7123 	7042
f 7042 	7123 	7041
f 7013 	7198 	7014
f 6985 	6949 	6948
f 6948 	6982 	6985
f 7126 	7125 	7043
f 7043 	7125 	7042
f 7014 	7198 	7016
f 6951 	6949 	6985
f 7001 	7127 	7128
f 7127 	7126 	7044
f 7044 	7126 	7043
f 6951 	6986 	6952
f 7128 	7127 	7044
f 7202 	7021 	7020
f 7130 	7091 	7039
f 7021 	7202 	7022
f 7022 	7202 	7203
f 7203 	7204 	7023
f 7023 	7022 	7203
f 7124 	7129 	7131
f 7132 	7130 	7131
f 7039 	7040 	7131
f 7131 	7130 	7039
f 7023 	7204 	7024
f 7131 	7040 	7124
f 7001 	7128 	7133
f 7133 	7128 	7048
f 7048 	7128 	7044
f 7028 	7207 	7036
f 7134 	7133 	7049
f 7049 	7133 	7048
f 7010 	6964 	7012
f 7135 	7134 	7050
f 7050 	7134 	7049
f 7212 	7052 	7047
f 7213 	7061 	7212
f 7212 	7061 	7052
f 7017 	6968 	7019
f 7019 	6968 	6969
f 7001 	7135 	7137
f 6961 	7006 	7019
f 6936 	6972 	6973
f 6974 	6938 	6937
f 6939 	6974 	6975
f 6976 	6940 	6939
f 7219 	7085 	7082
f 7085 	7219 	7088
f 7137 	7135 	7051
f 7051 	7135 	7050
f 7222 	7094 	7092
f 7246 	7139 	7138
f 7246 	7140 	7139
f 7244 	7138 	7136
f 7415 	7141 	7236
f 7419 	7238 	7241
f 7225 	7100 	7099
f 7100 	7225 	7101
f 7104 	7102 	7228
f 7104 	7228 	7105
f 7387 	7138 	7389
f 6953 	6952 	6988
f 7107 	7105 	7230
f 7390 	7389 	7138
f 6991 	6954 	6953
f 7230 	7231 	7108
f 7108 	7107 	7230
f 6991 	6992 	6955
f 7108 	7231 	7110
f 6970 	6935 	6955
f 7138 	7387 	7136
f 7551 	7000 	7177
f 7006 	6961 	6962
f 6962 	7005 	7006
f 6910 	7144 	7143
f 6910 	6989 	7144
f 7143 	7142 	6910
f 6962 	6963 	7005
f 6910 	7146 	7145
f 6910 	7142 	7146
f 6965 	7012 	6964
f 7012 	6965 	6966
f 6917 	6916 	7145
f 7145 	7146 	6917
f 6967 	7015 	6966
f 7147 	6910 	7145
f 7190 	7191 	6999
f 7151 	7149 	6910
f 7150 	6910 	7147
f 6999 	7191 	7177
f 7177 	7000 	6999
f 6920 	7150 	7147
f 6916 	6920 	7147
f 7147 	7145 	6916
f 7019 	6969 	6961
f 6910 	7150 	7151
f 6935 	6970 	6972
f 6920 	6923 	7150
f 7150 	6923 	7151
f 6861 	6917 	7146
f 7144 	6883 	7143
f 7144 	6989 	6880
f 6880 	6883 	7144
f 6983 	6876 	6990
f 6941 	7148 	7149
f 7151 	6923 	6941
f 7274 	6677 	6668
f 6941 	7149 	7151
f 7632 	7273 	7274
f 6904 	6673 	7153
f 6673 	6656 	7153
f 7239 	6911 	6912
f 7239 	6912 	7152
f 7152 	7148 	6944
f 6944 	7148 	6941
f 6630 	6673 	6677
f 6677 	7271 	6630
f 7274 	7271 	6677
f 6862 	6883 	7170
f 6914 	7155 	6858
f 6915 	6914 	6858
f 7159 	7156 	6858
f 7205 	7206 	7025
f 7207 	7028 	7025
f 6858 	7156 	7157
f 6858 	7154 	7159
f 7273 	7157 	7156
f 7199 	7209 	7045
f 6858 	7157 	7161
f 7276 	7161 	7157
f 6858 	7164 	7163
f 6858 	7161 	7164
f 7256 	7163 	7164
f 7172 	7167 	6858
f 6858 	7163 	7168
f 7167 	7166 	6858
f 7166 	7165 	6858
f 7171 	6984 	6858
f 7213 	7066 	7061
f 7166 	6869 	6868
f 6868 	7165 	7166
f 7213 	7214 	7066
f 6858 	7165 	7169
f 6877 	7171 	7169
f 7214 	7215 	7066
f 7172 	7257 	6869
f 7071 	7215 	7074
f 6858 	7169 	7171
f 7169 	7165 	6877
f 7257 	7168 	7163
f 7220 	7088 	7219
f 6858 	7168 	7172
f 7221 	7092 	7088
f 6869 	7166 	7167
f 7257 	7172 	7168
f 7094 	7222 	7098
f 7355 	6630 	7155
f 6861 	6862 	7162
f 7098 	7224 	7099
f 7170 	7162 	6862
f 7162 	7158 	6861
f 6917 	6861 	7158
f 6916 	6917 	7160
f 7158 	7160 	6917
f 7232 	7110 	7231
f 7160 	7630 	6916
f 6916 	7630 	6920
f 7173 	6923 	7175
f 6944 	7173 	7174
f 7174 	7189 	7188
f 7188 	7185 	7174
f 7185 	6944 	7174
f 6997 	7187 	7190
f 6999 	6997 	7190
f 7551 	7176 	7192
f 7192 	7193 	7002
f 7194 	7007 	7193
f 7007 	7194 	7009
f 7009 	7194 	7195
f 7195 	7196 	7009
f 7197 	7013 	7196
f 7197 	7198 	7013
f 7199 	7016 	7198
f 7045 	7016 	7199
f 7201 	7020 	7018
f 7018 	7200 	7201
f 7020 	7201 	7202
f 7024 	7204 	7205
f 7025 	7024 	7205
f 7025 	7206 	7207
f 7036 	7207 	7208
f 7036 	7208 	7181
f 7045 	7209 	7210
f 7210 	7046 	7045
f 7046 	7210 	7211
f 7211 	7047 	7046
f 7212 	7047 	7211
f 7074 	7215 	7216
f 7217 	7077 	7216
f 7216 	7077 	7074
f 7077 	7217 	7218
f 7218 	7082 	7077
f 7218 	7219 	7082
f 7088 	7220 	7221
f 7221 	7222 	7092
f 7222 	7223 	7098
f 7098 	7223 	7224
f 7099 	7224 	7225
f 7226 	7101 	7225
f 7101 	7226 	7102
f 7102 	7226 	7227
f 7102 	7227 	7228
f 7229 	7105 	7228
f 7105 	7229 	7230
f 7018 	7110 	7232
f 7200 	7018 	7232
f 7393 	7140 	6956
f 7390 	7138 	7139
f 7393 	7390 	7139
f 6956 	7140 	6994
f 7141 	7137 	7053
f 7053 	7137 	7051
f 7234 	7233 	7235
f 7246 	6994 	7140
f 7233 	7234 	7237
f 7237 	7332 	7233
f 7236 	7141 	7054
f 7054 	7141 	7053
f 7136 	7241 	7244
f 7238 	7236 	7055
f 7055 	7236 	7054
f 7241 	7238 	7056
f 7056 	7238 	7055
f 7244 	7241 	7057
f 7057 	7241 	7056
f 7138 	7244 	7246
f 7058 	7246 	7057
f 7057 	7246 	7244
f 6994 	7246 	7247
f 6981 	6980 	7248
f 7059 	7247 	7058
f 7058 	7247 	7246
f 7265 	7266 	7242
f 6980 	7247 	7248
f 7060 	7248 	7059
f 7059 	7248 	7247
f 7096 	7248 	7060
f 7060 	7026 	7096
f 7359 	7252 	7251
f 7251 	7250 	7359
f 7359 	7253 	7252
f 7268 	7267 	7245
f 7275 	7272 	7239
f 7240 	7255 	7261
f 7261 	7262 	7240
f 7245 	7242 	7268
f 7268 	7242 	7266
f 7314 	7245 	7269
f 7239 	6944 	6907
f 6907 	7258 	7239
f 7259 	7254 	7260
f 7260 	7254 	7239
f 7258 	7260 	7239
f 7261 	7255 	7259
f 7259 	7255 	7254
f 7263 	7243 	7264
f 7240 	7262 	7264
f 7264 	7243 	7240
f 7263 	7265 	7243
f 7242 	7243 	7265
f 7245 	7267 	7269
f 6630 	7355 	7270
f 7184 	7181 	7281
f 6630 	7270 	6632
f 7154 	7155 	6630
f 6630 	7271 	7154
f 7283 	7286 	7187
f 7272 	7275 	7208
f 6912 	6911 	7208
f 7274 	7273 	7156
f 7156 	7159 	7274
f 6911 	7272 	7208
f 7157 	7273 	7276
f 7239 	7282 	7275
f 7256 	7164 	7277
f 7163 	7256 	7257
f 7301 	7308 	6995
f 7307 	7279 	6993
f 7161 	7276 	7277
f 7277 	7164 	7161
f 7278 	7279 	7355
f 7355 	7279 	7307
f 6915 	7278 	7355
f 6914 	6915 	7355
f 7275 	7282 	7181
f 7282 	7311 	7181
f 7280 	7284 	7184
f 7240 	7280 	7255
f 7271 	7274 	7159
f 7159 	7154 	7271
f 7311 	7281 	7181
f 7243 	7242 	7283
f 7283 	7284 	7243
f 7281 	7280 	7184
f 7285 	7286 	7245
f 7187 	7184 	7284
f 7284 	7283 	7187
f 7000 	7290 	7297
f 6999 	7297 	7296
f 6996 	6997 	7302
f 6933 	6872 	6926
f 7294 	7293 	7295
f 7292 	7291 	7551
f 7295 	7293 	7189
f 6926 	7299 	7298
f 7298 	7300 	6926
f 7349 	7296 	7297
f 7294 	7299 	6926
f 6997 	7296 	7302
f 6995 	6996 	7301
f 6926 	7300 	7303
f 7304 	7306 	6926
f 6926 	7303 	7304
f 6926 	7306 	7305
f 7305 	7310 	6926
f 7308 	7312 	6995
f 6926 	7310 	7309
f 6926 	7309 	6930
f 7354 	7312 	7308
f 6872 	6871 	6926
f 7297 	7290 	7350
f 6871 	6870 	6926
f 6870 	6873 	6926
f 6873 	6874 	6926
f 6926 	6874 	6875
f 6927 	6875 	6878
f 6927 	6878 	6879
f 7286 	7283 	7242
f 7242 	7245 	7286
f 6927 	6879 	6882
f 7284 	7280 	7240
f 7240 	7243 	7284
f 6927 	6889 	6890
f 6927 	6888 	6889
f 6927 	6891 	6892
f 6927 	6890 	6891
f 7239 	7254 	7282
f 7181 	7208 	7275
f 6927 	6893 	6894
f 6927 	6892 	6893
f 6918 	6919 	6927
f 6927 	6894 	6895
f 7281 	7311 	7255
f 7280 	7281 	7255
f 6899 	6927 	6898
f 6898 	6927 	6900
f 7302 	7301 	6996
f 6903 	6927 	6902
f 6902 	6927 	6901
f 6901 	6927 	6899
f 6903 	6904 	7313
f 6927 	6895 	6918
f 7311 	7282 	7254
f 7254 	7255 	7311
f 6927 	6921 	6922
f 7245 	7314 	7285
f 6919 	6921 	6927
f 7287 	7288 	7315
f 6927 	6922 	6924
f 7320 	7321 	7315
f 6927 	6924 	6925
f 6927 	6925 	6900
f 7314 	7315 	7288
f 7288 	7285 	7314
f 7316 	7314 	7317
f 6927 	6882 	6884
f 6884 	6888 	6927
f 7269 	7317 	7314
f 7003 	6957 	6960
f 7316 	7318 	7314
f 7314 	7318 	7315
f 7315 	7318 	7319
f 6959 	7006 	7005
f 7005 	7008 	6959
f 7319 	7320 	7315
f 7328 	7334 	7491
f 6959 	7008 	7010
f 7010 	7012 	6959
f 7491 	7338 	7292
f 6959 	6958 	7015
f 7017 	6960 	6943
f 7006 	6959 	6960
f 7315 	7322 	7287
f 7489 	7325 	7324
f 6960 	7019 	7006
f 6960 	7017 	7019
f 7551 	7491 	7292
f 7190 	7187 	7286
f 7323 	7324 	7326
f 7326 	7324 	7327
f 7489 	7323 	7329
f 7489 	7324 	7323
f 7344 	7331 	7330
f 7233 	7332 	7328
f 7328 	7329 	7233
f 7337 	7345 	7330
f 7333 	7342 	7344
f 7487 	7329 	7328
f 7335 	7344 	7336
f 7333 	7334 	7337
f 7336 	7348 	7335
f 7322 	7327 	7325
f 7325 	7327 	7324
f 7491 	7344 	7338
f 7344 	7335 	7338
f 7322 	7325 	7289
f 7289 	7287 	7322
f 7322 	7315 	7321
f 7321 	7339 	7322
f 7396 	7291 	7292
f 7327 	7322 	7339
f 7339 	7340 	7327
f 7340 	7341 	7327
f 7344 	7491 	7333
f 7331 	7342 	7337
f 7338 	7335 	7348
f 7337 	7332 	7343
f 7332 	7337 	7334
f 7334 	7328 	7332
f 7330 	7346 	7344
f 7344 	7342 	7331
f 7346 	7330 	7345
f 7343 	7345 	7337
f 7344 	7347 	7336
f 7330 	7331 	7337
f 7342 	7333 	7337
f 7347 	7348 	7336
f 7395 	7290 	7291
f 7329 	7323 	7233
f 7233 	7323 	7326
f 7341 	7326 	7327
f 7297 	7350 	7349
f 7326 	7341 	7235
f 7235 	7233 	7326
f 7301 	7302 	7351
f 7351 	7302 	7352
f 7237 	7343 	7332
f 7307 	7312 	7353
f 7353 	7312 	7354
f 7355 	7307 	7353
f 6939 	6975 	6976
f 6942 	6940 	6976
f 6942 	6976 	6977
f 6942 	6977 	6978
f 6956 	6994 	6979
f 7301 	7351 	7354
f 7354 	7308 	7301
f 6980 	6946 	6945
f 6945 	6979 	6980
f 6946 	6980 	6981
f 6982 	6947 	6981
f 7384 	7353 	7354
f 6952 	6986 	6987
f 6952 	6987 	6988
f 7388 	7391 	7355
f 7391 	7394 	7355
f 6953 	6988 	6991
f 6955 	6954 	6991
f 6955 	6992 	6970
f 7302 	7296 	7352
f 7352 	7296 	7349
f 6979 	6945 	6956
f 7117 	7115 	7356
f 7112 	7117 	7356
f 7356 	6957 	7112
f 7380 	7351 	7352
f 7382 	7354 	7351
f 7001 	6959 	7358
f 7356 	7115 	7118
f 7359 	7358 	7356
f 7131 	7129 	7132
f 7358 	7359 	7132
f 7356 	7118 	7359
f 7132 	7129 	7358
f 7355 	7394 	7270
f 6959 	7360 	7361
f 6959 	7362 	7363
f 7366 	7350 	7367
f 7365 	7358 	6959
f 7363 	7364 	6959
f 7367 	7350 	7369
f 7366 	7371 	7350
f 7358 	7365 	7368
f 7373 	7349 	7371
f 7349 	7350 	7371
f 7358 	7370 	7372
f 7376 	7352 	7377
f 7352 	7349 	7377
f 7373 	7377 	7349
f 7376 	7380 	7352
f 7351 	7380 	7382
f 7354 	7382 	7385
f 7385 	7384 	7354
f 7358 	7383 	7386
f 7384 	7388 	7353
f 7386 	7387 	7358
f 7392 	7391 	7388
f 7356 	7358 	7387
f 7355 	7353 	7388
f 7390 	7393 	7356
f 7387 	7389 	7356
f 7389 	7390 	7356
f 7356 	7393 	6956
f 6946 	6957 	7356
f 7381 	7383 	7358
f 7358 	7379 	7381
f 7378 	7358 	7375
f 7358 	7374 	7375
f 7378 	7379 	7358
f 7291 	7396 	7395
f 7350 	7290 	7395
f 7372 	7374 	7358
f 7368 	7370 	7358
f 6959 	7364 	7365
f 7361 	7362 	6959
f 7360 	6959 	7015
f 7395 	7399 	7369
f 7292 	7338 	7396
f 7397 	7396 	7348
f 7348 	7396 	7338
f 7395 	7396 	7398
f 7395 	7398 	7399
f 7397 	7398 	7396
f 7369 	7350 	7395
f 7400 	7003 	7262
f 7402 	6959 	7001
f 6784 	6960 	6959
f 7400 	7001 	7003
f 7409 	7410 	7368
f 6959 	7402 	7357
f 7357 	6784 	6959
f 7262 	6785 	7400
f 6785 	6781 	7400
f 7417 	7379 	7378
f 7001 	7400 	7401
f 6782 	7402 	7401
f 6782 	6783 	7402
f 7001 	7401 	7402
f 7235 	7341 	7003
f 7003 	7319 	7318
f 7237 	7234 	6960
f 7234 	7235 	7003
f 7343 	7237 	6960
f 7345 	7343 	6960
f 7346 	7345 	6960
f 7258 	6907 	7403
f 7260 	6785 	7259
f 7261 	7259 	6785
f 7139 	7140 	7393
f 7258 	6785 	7260
f 6785 	7262 	7261
f 7003 	7263 	7262
f 7003 	7267 	7268
f 7359 	7083 	7086
f 7086 	7089 	7359
f 7359 	7080 	7083
f 7359 	7078 	7080
f 7359 	7075 	7078
f 7359 	7072 	7075
f 7359 	7069 	7072
f 7359 	7067 	7069
f 7359 	7064 	7067
f 7359 	7062 	7064
f 7359 	7249 	7062
f 7089 	7091 	7359
f 7250 	7249 	7359
f 7114 	7117 	7112
f 7263 	7264 	7262
f 7003 	7265 	7263
f 7003 	7268 	7266
f 7003 	7266 	7265
f 7460 	7253 	7359
f 7122 	7359 	7121
f 7359 	7118 	7120
f 7120 	7121 	7359
f 7003 	7269 	7267
f 7359 	7091 	7130
f 7130 	7132 	7359
f 7003 	7317 	7269
f 7003 	7316 	7317
f 7003 	7318 	7316
f 6777 	7400 	6781
f 7003 	7320 	7319
f 6778 	7401 	7400
f 7400 	6777 	6778
f 7003 	7339 	7321
f 7003 	7321 	7320
f 7358 	7129 	7001
f 7003 	7340 	7339
f 7003 	7341 	7340
f 7003 	6960 	7234
f 7344 	7346 	6960
f 7001 	7404 	6967
f 7413 	7344 	6960
f 7348 	7347 	7344
f 7137 	7411 	7410
f 7137 	7412 	7411
f 7001 	7408 	7407
f 7397 	7348 	7344
f 7409 	7001 	7137
f 6960 	6784 	7413
f 7141 	7414 	7412
f 7137 	7410 	7409
f 7371 	7366 	7413
f 7141 	7415 	7414
f 7373 	7371 	7413
f 7377 	7373 	7413
f 7236 	7417 	7416
f 7376 	7377 	7413
f 7413 	7380 	7376
f 7382 	7380 	7413
f 7238 	7418 	7417
f 7241 	7420 	7419
f 7385 	7382 	7413
f 7384 	7385 	7413
f 7413 	7388 	7384
f 7241 	7136 	7420
f 7413 	7391 	7388
f 7388 	7391 	7392
f 7391 	7421 	7394
f 7394 	7421 	7270
f 7238 	7419 	7418
f 7344 	7413 	7397
f 7398 	7397 	7413
f 7399 	7398 	7413
f 7369 	7399 	7413
f 7367 	7369 	7413
f 7236 	7416 	7415
f 7417 	7236 	7238
f 7412 	7137 	7141
f 7001 	7134 	7135
f 7133 	7134 	7001
f 7126 	7127 	7001
f 7366 	7367 	7413
f 7001 	7406 	7405
f 7001 	7409 	7408
f 7407 	7406 	7001
f 7405 	7404 	7001
f 7293 	7294 	7258
f 7258 	7403 	7293
f 7404 	7360 	7015
f 7361 	7406 	7362
f 7422 	6785 	7258
f 7294 	6926 	7422
f 7258 	7294 	7422
f 7406 	7363 	7362
f 7413 	7423 	6927
f 7391 	6903 	7313
f 6770 	7423 	6784
f 7413 	6784 	7423
f 6903 	7391 	7413
f 7413 	6927 	6903
f 7313 	7421 	7391
f 7423 	7422 	6927
f 6927 	7422 	6926
f 7411 	7370 	7410
f 7368 	7410 	7370
f 7422 	7423 	6770
f 6770 	6771 	7422
f 7427 	7426 	7447
f 7428 	7427 	7448
f 7448 	7449 	7428
f 7449 	7450 	7429
f 7430 	7429 	7450
f 7434 	7431 	7430
f 7379 	7417 	7381
f 6589 	7433 	7437
f 7381 	7419 	7383
f 7438 	7439 	6588
f 7420 	7386 	7383
f 7387 	7386 	7420
f 7459 	7458 	7443
f 7443 	7444 	7459
f 7424 	7459 	7444
f 7444 	7445 	7424
f 7446 	7447 	7426
f 7447 	7448 	7427
f 7407 	7363 	7406
f 7411 	7372 	7370
f 7456 	7452 	7453
f 7457 	7453 	7454
f 7425 	7424 	7445
f 6661 	7451 	6663
f 7455 	6663 	7451
f 7452 	7456 	7455
f 7453 	7457 	7456
f 7454 	7458 	7457
f 7455 	7451 	7452
f 7454 	7443 	7458
f 6588 	6589 	7438
f 7436 	7437 	7433
f 7435 	7436 	7432
f 7433 	7432 	7436
f 7431 	7434 	7435
f 7432 	7431 	7435
f 7430 	7450 	7434
f 7429 	7428 	7449
f 7445 	7446 	7425
f 7426 	7425 	7446
f 7359 	7461 	7460
f 7359 	7122 	7461
f 7466 	7464 	7463
f 7466 	7465 	7464
f 7463 	7462 	7466
f 7439 	7440 	6593
f 6595 	6593 	7440
f 7027 	7469 	7468
f 7027 	7470 	7469
f 7468 	7467 	7027
f 7027 	7467 	7471
f 6597 	6595 	7441
f 7440 	7441 	6595
f 7029 	7471 	7473
f 7473 	7472 	7029
f 7437 	7438 	6589
f 6591 	6588 	7439
f 7062 	7249 	7063
f 6699 	6701 	6609
f 7467 	7252 	7471
f 7471 	7252 	7253
f 6599 	6597 	7442
f 7468 	7251 	7467
f 7467 	7251 	7252
f 7441 	7442 	6597
f 6593 	6591 	7439
f 7469 	7250 	7468
f 7468 	7250 	7251
f 7470 	7249 	7469
f 7469 	7249 	7250
f 6603 	6599 	6617
f 7442 	6617 	6599
f 6621 	6699 	6609
f 6617 	6621 	6603
f 6609 	6603 	6621
f 7470 	7063 	7249
f 7472 	7461 	7122
f 7498 	7475 	7474
f 7473 	7460 	7472
f 7472 	7460 	7461
f 7473 	7471 	7460
f 7460 	7471 	7253
f 7496 	7477 	7476
f 7497 	7476 	7475
f 7579 	7576 	7480
f 7464 	7479 	7463
f 7463 	7479 	7480
f 7495 	7481 	7477
f 7462 	7463 	7482
f 7482 	7463 	7480
f 7464 	7465 	7479
f 7479 	7465 	7478
f 7492 	7485 	7484
f 7462 	7487 	7486
f 7486 	7466 	7462
f 7462 	7482 	7489
f 7489 	7487 	7462
f 7328 	7491 	7487
f 7329 	7487 	7489
f 7334 	7333 	7491
f 7483 	7481 	7494
f 7481 	7495 	7494
f 7477 	7496 	7495
f 7476 	7497 	7496
f 7475 	7498 	7497
f 7474 	7499 	7498
f 7532 	7500 	7499
f 7494 	7493 	7483
f 7484 	7483 	7493
f 7493 	7492 	7484
f 6586 	7488 	7485
f 7501 	7504 	7503
f 7503 	7502 	7501
f 7546 	7518 	7509
f 7521 	7508 	7507
f 7521 	7510 	7508
f 7521 	7511 	7510
f 7521 	7512 	7511
f 7521 	7513 	7512
f 7521 	7514 	7513
f 7521 	7515 	7514
f 7521 	7516 	7515
f 7521 	7517 	7516
f 7521 	7519 	7517
f 7521 	7520 	7519
f 7507 	7522 	7521
f 7507 	7506 	7522
f 7521 	7527 	7525
f 7526 	7525 	7527
f 6571 	7526 	7527
f 7527 	7523 	6571
f 6572 	6571 	7523
f 7525 	7524 	7521
f 7524 	7520 	7521
f 7529 	7504 	7501
f 7528 	7505 	7504
f 7547 	7509 	7505
f 7505 	7528 	7547
f 7504 	7529 	7528
f 7501 	7530 	7529
f 7501 	6786 	7530
f 7506 	7465 	7522
f 7522 	7465 	7466
f 7500 	7532 	7531
f 7546 	7490 	7518
f 7531 	7518 	7490
f 7499 	7474 	7532
f 7531 	7490 	7500
f 7479 	7478 	7579
f 7533 	7538 	7537
f 7533 	7539 	7538
f 7550 	7534 	7533
f 7539 	7533 	7540
f 7545 	7541 	7540
f 7545 	7542 	7541
f 7544 	7543 	7542
f 7542 	7545 	7544
f 7540 	7533 	7545
f 7509 	7547 	7546
f 7534 	7550 	7549
f 7533 	7537 	7550
f 7549 	7548 	7534
f 7534 	7548 	6584
f 7485 	7492 	6586
f 6586 	6587 	7488
f 6634 	6587 	6590
f 6646 	6644 	6590
f 6648 	6646 	6592
f 7480 	7479 	7579
f 6590 	6644 	6634
f 7488 	6587 	6634
f 7519 	7520 	7538
f 7538 	7520 	7537
f 7517 	7519 	7539
f 7539 	7519 	7538
f 6605 	6642 	6602
f 7516 	7517 	7540
f 7540 	7517 	7539
f 7515 	7516 	7541
f 7541 	7516 	7540
f 7514 	7515 	7542
f 7542 	7515 	7541
f 6592 	6594 	6648
f 7513 	7514 	7543
f 7543 	7514 	7542
f 6596 	6652 	6650
f 7512 	7513 	7544
f 7544 	7513 	7543
f 6598 	6602 	6654
f 6650 	6648 	6594
f 7511 	7512 	7545
f 7545 	7512 	7544
f 6602 	6642 	6654
f 6654 	6652 	6598
f 6650 	6594 	6596
f 7510 	7511 	7533
f 7533 	7511 	7545
f 6652 	6596 	6598
f 6646 	6590 	6592
f 7508 	7510 	7534
f 7534 	7510 	7533
f 7507 	7508 	7535
f 7535 	7508 	7534
f 7506 	7507 	7536
f 7536 	7507 	7535
f 7478 	7506 	7536
f 7500 	7490 	7424
f 7548 	7526 	6584
f 6584 	7526 	6571
f 7549 	7525 	7548
f 7548 	7525 	7526
f 7500 	7424 	7425
f 7550 	7524 	7549
f 7549 	7524 	7525
f 7425 	7426 	7499
f 7499 	7500 	7425
f 7550 	7537 	7524
f 7524 	7537 	7520
f 7465 	7506 	7478
f 7498 	7499 	7426
f 6570 	7523 	7527
f 7521 	7486 	6570
f 6570 	6578 	7523
f 7498 	7426 	7427
f 6570 	7527 	7521
f 7521 	7522 	7486
f 7522 	7466 	7486
f 7427 	7428 	7497
f 7497 	7498 	7427
f 7496 	7497 	7429
f 7429 	7497 	7428
f 7429 	7430 	7495
f 7495 	7496 	7429
f 7278 	6858 	6993
f 7494 	7495 	7431
f 7431 	7495 	7430
f 7279 	7278 	6993
f 7494 	7432 	7493
f 7312 	7307 	6993
f 7432 	7494 	7431
f 7492 	7493 	7432
f 7297 	6999 	7000
f 7296 	6997 	6999
f 7492 	7432 	7433
f 7491 	7551 	7002
f 7627 	7474 	7552
f 7002 	7004 	7491
f 7004 	7007 	7491
f 7552 	7474 	7553
f 7553 	7474 	7475
f 7553 	7475 	7554
f 7554 	7475 	7476
f 7011 	7013 	7491
f 7554 	7476 	7555
f 7555 	7476 	7477
f 7481 	7556 	7477
f 7477 	7556 	7555
f 7491 	7014 	7016
f 7483 	7557 	7481
f 7481 	7557 	7556
f 7484 	7558 	7483
f 7483 	7558 	7557
f 7485 	7559 	7484
f 7484 	7559 	7558
f 7020 	7021 	6570
f 7488 	7560 	7485
f 7485 	7560 	7559
f 7021 	7022 	6858
f 6858 	6570 	7021
f 7022 	7023 	6858
f 7023 	7024 	6858
f 6858 	7028 	7036
f 6858 	7036 	6993
f 7562 	7561 	7557
f 7556 	7557 	7561
f 7561 	7600 	7556
f 7597 	7554 	7555
f 7557 	7558 	7562
f 7594 	7553 	7554
f 7592 	7552 	7553
f 7016 	7045 	7487
f 7455 	7530 	6804
f 7530 	6786 	6804
f 6804 	6711 	7455
f 6711 	6663 	7455
f 7045 	7046 	7487
f 7456 	7529 	7530
f 7046 	7047 	7487
f 7456 	7530 	7455
f 7457 	7528 	7456
f 7456 	7528 	7529
f 7047 	7052 	7487
f 7052 	7061 	7487
f 7528 	7457 	7458
f 7487 	7066 	7071
f 7547 	7528 	7458
f 7459 	7546 	7547
f 7074 	7077 	7486
f 7459 	7547 	7458
f 7490 	7546 	7459
f 7459 	7424 	7490
f 7085 	7088 	7486
f 7486 	7082 	7085
f 7088 	7092 	7486
f 7600 	7561 	7434
f 7486 	7092 	7094
f 7562 	7435 	7561
f 7561 	7435 	7434
f 7094 	7098 	7486
f 7563 	7436 	7562
f 7562 	7436 	7435
f 7098 	7099 	7486
f 6570 	7486 	7099
f 7099 	7100 	6570
f 7100 	7101 	6570
f 7564 	7437 	7563
f 7563 	7437 	7436
f 7104 	7105 	6570
f 6570 	7105 	7107
f 7565 	7438 	7564
f 7564 	7438 	7437
f 6570 	7107 	7108
f 7566 	7439 	7565
f 7565 	7439 	7438
f 6570 	7108 	7110
f 7020 	6570 	7018
f 7110 	7018 	6570
f 7102 	7104 	6570
f 7101 	7102 	6570
f 7567 	7440 	7566
f 7566 	7440 	7439
f 7071 	7074 	7486
f 7486 	7487 	7071
f 7061 	7066 	7487
f 7082 	7486 	7077
f 7568 	7441 	7567
f 7567 	7441 	7440
f 6633 	7566 	7565
f 7016 	7487 	7491
f 7013 	7014 	7491
f 7011 	7491 	7009
f 7007 	7009 	7491
f 7290 	7000 	7551
f 7569 	7442 	7568
f 7568 	7442 	7441
f 6647 	7568 	7567
f 6993 	6995 	7312
f 7025 	7028 	6858
f 7024 	7025 	6858
f 7551 	7291 	7290
f 6615 	6617 	7569
f 7569 	6617 	7442
f 7478 	7536 	7579
f 6601 	6600 	7534
f 6649 	7569 	7568
f 6651 	6615 	7569
f 7535 	7534 	7579
f 6612 	7571 	7534
f 6608 	6612 	7534
f 6610 	6608 	7534
f 7572 	7444 	7570
f 7570 	7444 	7443
f 7536 	7535 	7579
f 7579 	7573 	7576
f 7579 	7574 	7573
f 7572 	7577 	7444
f 7444 	7577 	7445
f 7626 	7627 	7577
f 7577 	7581 	7445
f 7445 	7581 	7446
f 7534 	7571 	7580
f 7534 	7580 	7579
f 7575 	7574 	7579
f 7578 	7583 	7582
f 7582 	7575 	7578
f 7579 	7578 	7575
f 7583 	7578 	7584
f 7584 	7578 	7585
f 7589 	7586 	7585
f 7589 	7587 	7586
f 7589 	7588 	7587
f 7585 	7578 	7589
f 7627 	7581 	7577
f 7591 	7590 	7571
f 7581 	7592 	7446
f 7446 	7592 	7447
f 7571 	6612 	6622
f 6622 	7591 	7571
f 7552 	7592 	7581
f 7576 	7593 	7482
f 7482 	7480 	7576
f 7592 	7594 	7447
f 7447 	7594 	7448
f 7595 	7593 	7573
f 7573 	7593 	7576
f 7553 	7594 	7592
f 7596 	7595 	7574
f 7574 	7595 	7573
f 7594 	7597 	7448
f 7448 	7597 	7449
f 7598 	7596 	7575
f 7575 	7596 	7574
f 7554 	7597 	7594
f 7599 	7598 	7575
f 7597 	7600 	7449
f 7449 	7600 	7450
f 7601 	7599 	7582
f 7582 	7599 	7575
f 7555 	7600 	7597
f 7602 	7601 	7583
f 7583 	7601 	7582
f 7600 	7434 	7450
f 7603 	7602 	7584
f 7584 	7602 	7583
f 7604 	7603 	7585
f 7585 	7603 	7584
f 6720 	6852 	7605
f 7605 	7451 	6720
f 6720 	7451 	6661
f 7586 	7607 	7606
f 7585 	7586 	7606
f 7606 	7604 	7585
f 7608 	7607 	7587
f 7587 	7607 	7586
f 7609 	7451 	7605
f 7610 	7608 	7588
f 7588 	7608 	7587
f 7609 	7612 	7611
f 7611 	7452 	7609
f 7609 	7452 	7451
f 7613 	7610 	7589
f 7589 	7610 	7588
f 7614 	7613 	7578
f 7578 	7613 	7589
f 7619 	7609 	7605
f 7579 	7615 	7578
f 7578 	7615 	7614
f 7580 	7616 	7579
f 7579 	7616 	7615
f 7617 	7453 	7611
f 7611 	7453 	7452
f 7590 	7616 	7580
f 7580 	7571 	7590
f 7289 	7325 	7192
f 7618 	7617 	7623
f 7618 	7454 	7617
f 7617 	7454 	7453
f 7177 	7191 	7285
f 7620 	7612 	7609
f 7285 	7288 	7177
f 7176 	7177 	7288
f 7191 	7190 	7285
f 7570 	7618 	7624
f 7624 	7625 	7570
f 7288 	7287 	7176
f 7570 	7443 	7618
f 7618 	7443 	7454
f 7192 	7176 	7287
f 7287 	7289 	7192
f 7577 	7572 	7626
f 7572 	7570 	7625
f 7325 	7193 	7192
f 7605 	6852 	6853
f 7605 	6853 	7619
f 7325 	7194 	7193
f 6805 	7501 	7619
f 7619 	6853 	6805
f 7325 	7195 	7194
f 7619 	7501 	7620
f 7620 	7501 	7502
f 7609 	7619 	7620
f 7503 	7621 	7502
f 7502 	7621 	7620
f 7504 	7622 	7503
f 7503 	7622 	7621
f 7505 	7623 	7504
f 7504 	7623 	7622
f 7509 	7624 	7505
f 7505 	7624 	7623
f 7518 	7625 	7509
f 7509 	7625 	7624
f 6910 	7202 	7201
f 7518 	7531 	7625
f 6910 	7204 	7203
f 6910 	7203 	7202
f 7205 	7204 	6910
f 7623 	7624 	7618
f 7622 	7623 	7617
f 7617 	7611 	7622
f 7621 	7622 	7611
f 7611 	7612 	7621
f 7621 	7612 	7620
f 7208 	7207 	6910
f 7531 	7626 	7625
f 7532 	7627 	7531
f 7531 	7627 	7626
f 7474 	7627 	7532
f 7628 	7210 	7209
f 6634 	6633 	7560
f 7560 	7488 	6634
f 7628 	7211 	7210
f 7628 	7209 	7199
f 7628 	7212 	7211
f 7628 	7213 	7212
f 7199 	7198 	7628
f 7600 	7555 	7556
f 7572 	7625 	7626
f 7581 	7627 	7552
f 7563 	7562 	7558
f 7564 	7563 	7559
f 7558 	7559 	7563
f 7559 	7560 	7564
f 7565 	7564 	7560
f 7560 	6633 	7565
f 6645 	7567 	7566
f 7433 	6589 	6586
f 6586 	7492 	7433
f 7489 	7215 	7214
f 7489 	7214 	7213
f 7602 	7216 	7215
f 7604 	7221 	7220
f 7606 	7222 	7221
f 7607 	7223 	7222
f 7607 	7224 	7223
f 7608 	7225 	7224
f 7220 	7219 	7603
f 7610 	7228 	7227
f 7231 	7230 	7613
f 7232 	7231 	7614
f 7613 	7230 	7229
f 7200 	7232 	7614
f 7201 	7200 	7614
f 7614 	6910 	7201
f 7613 	7229 	7228
f 7222 	7606 	7607
f 7226 	7608 	7610
f 7213 	7628 	7489
f 7602 	7217 	7216
f 7602 	7218 	7217
f 7603 	7219 	7218
f 7218 	7602 	7603
f 7608 	7226 	7225
f 7220 	7603 	7604
f 7215 	7601 	7602
f 7489 	7595 	7596
f 7489 	7482 	7593
f 7489 	7593 	7595
f 7215 	7489 	7599
f 7489 	7596 	7598
f 7489 	7598 	7599
f 7599 	7601 	7215
f 7610 	7227 	7226
f 7221 	7604 	7606
f 7195 	7325 	7196
f 7196 	7325 	7197
f 7197 	7325 	7198
f 7198 	7325 	7628
f 7628 	7325 	7489
f 6910 	7207 	7206
f 7615 	7616 	6910
f 6910 	7206 	7205
f 7286 	7285 	7190
f 7590 	7591 	6910
f 7591 	6622 	6910
f 7231 	7613 	7614
f 7224 	7607 	7608
f 6910 	7614 	7615
f 7228 	7610 	7613
f 6910 	7616 	7590
f 7177 	7176 	7551
f 6877 	7180 	7182
f 6881 	6876 	7182
f 7629 	7186 	6883
f 7178 	6869 	7257
f 6869 	7178 	7179
f 7179 	6868 	6869
f 7179 	7180 	6877
f 6877 	6868 	7179
f 7182 	6876 	6877
f 7182 	7183 	6881
f 7629 	6881 	7183
f 6883 	7186 	7170
f 7383 	7419 	7420
f 7186 	7629 	6726
f 7015 	6967 	7404
f 7405 	7361 	7360
f 7407 	7408 	7364
f 6726 	7630 	7160
f 7364 	7408 	7409
f 7409 	7365 	7364
f 7368 	7365 	7409
f 7412 	7372 	7411
f 7414 	7374 	7412
f 7412 	7374 	7372
f 7414 	7415 	7374
f 7374 	7415 	7375
f 7415 	7378 	7375
f 6726 	7629 	7183
f 6923 	6920 	7630
f 7630 	7175 	6923
f 7136 	7387 	7420
f 7360 	7404 	7405
f 7405 	7406 	7361
f 7364 	7363 	7407
f 7416 	7378 	7415
f 7417 	7378 	7416
f 7418 	7381 	7417
f 7418 	7419 	7381
f 7044 	7090 	7087
f 7044 	7093 	7090
f 7044 	7039 	7093
f 7087 	7084 	7044
f 7068 	7065 	7049
f 7070 	7068 	7049
f 7049 	7048 	7070
f 7048 	7044 	7070
f 7073 	7070 	7044
f 7076 	7073 	7044
f 7079 	7076 	7044
f 7044 	7081 	7079
f 7044 	7084 	7081
f 7065 	7063 	7049
f 7471 	7029 	7027
f 7633 	7178 	7257
f 7274 	6668 	7632
f 7273 	7631 	7276
f 7273 	7632 	7631
f 7631 	7635 	7276
f 7635 	7277 	7276
f 7277 	7634 	7256
f 7634 	7277 	7635
f 7634 	7633 	7256
f 7256 	7633 	7257
f 7189 	7293 	7188
f 7153 	7313 	6904
f 6908 	7403 	6907
f 6908 	6950 	7403
f 6971 	7403 	6950
f 7185 	7188 	7293
f 6971 	7185 	7293
f 7293 	7403 	6971
f 6632 	7270 	7421
f 6631 	6632 	7421
f 6657 	6631 	7421
f 6656 	6657 	7421
f 7421 	7313 	6656
f 7313 	7153 	6656
f 6872 	6933 	7637
f 7636 	6928 	6929
f 7638 	6931 	6932
f 6932 	7636 	7638
f 6932 	6928 	7636
f 6934 	6931 	7638
f 7638 	7637 	6934
f 6934 	7637 	6933
f 6859 	6871 	6872
f 6863 	6726 	6864
f 6726 	6867 	6866
f 6867 	6726 	6887
f 7189 	7174 	7639
f 7639 	7294 	7295
f 7639 	7295 	7189
f 7299 	7294 	7639
f 7299 	7640 	7298
f 7639 	7640 	7299
f 7306 	7643 	7642
f 7310 	7305 	7642
f 7642 	7644 	7310
f 7644 	7309 	7310
f 6930 	7644 	7636
f 6930 	7309 	7644
f 7303 	7300 	7641
f 7300 	7298 	7640
f 7640 	7641 	7300
f 7304 	7303 	7643
f 7643 	7303 	7641
f 7642 	7305 	7306
f 7306 	7304 	7643
f 7636 	6929 	6930
f 7640 	6726 	7641
f 7641 	6726 	7643
f 7642 	7643 	6726
f 7642 	6726 	7644
f 7644 	6726 	7636
f 7636 	6726 	7638
f 6866 	6865 	6726
f 6865 	6864 	6726
f 7174 	7173 	6726
f 7174 	6726 	7639
f 7640 	7639 	6726
f 7173 	7175 	6726
f 7175 	7630 	6726
# 2160 faces

 #end of obj_9

o obj_10
v 183.124 		211.514 		6.354
v 183.124 		211.514 		2.854
v 184.958 		212.559 		2.884
v 184.593 		212.469 		2.884
v 184.242 		212.333 		2.884
v 183.912 		212.152 		2.884
v 183.609 		211.93 		2.884
v 183.337 		211.67 		2.884
v 183.1803 		211.4746 		2.884
v 183.9364 		210.9451 		2.884
v 183.337 		211.67 		6.384
v 183.609 		211.93 		6.384
v 183.912 		212.152 		6.384
v 184.242 		212.333 		6.384
v 184.593 		212.469 		6.384
v 184.958 		212.559 		6.384
v 183.1803 		211.4746 		6.354
v 240.747 		176.314 		2.437
v 240.392 		176.314 		1.907
v 240.392 		171.784 		1.907
v 240.747 		171.784 		2.437
v 239.972 		176.314 		1.428
v 239.972 		171.784 		1.428
v 239.492 		176.314 		1.007
v 239.492 		171.784 		1.007
v 238.962 		176.314 		0.653
v 238.962 		171.784 		0.653
v 238.39 		176.314 		0.371
v 238.39 		171.784 		0.371
v 237.786 		176.314 		0.166
v 237.786 		171.784 		0.166
v 237.161 		176.314 		0.042
v 237.161 		171.784 		0.042
v 182.907 		211.055 		6.384
v 183.102 		211.377 		6.384
v 182.755 		210.711 		6.384
v 236.525 		176.314 		0
v 236.525 		176.286 		0
v 236.525 		171.812 		0
v 236.525 		171.784 		0
v 237.071 		174.199 		2.693
v 237.071 		171.784 		2.693
v 236.775 		173.682 		2.634
v 237.047 		173.682 		2.6882
v 236.775 		171.784 		2.634
v 182.693 		205.514 		2.854
v 237.047 		174.199 		2.6882
v 182.741 		205.391 		2.854
v 182.804 		205.276 		2.854
v 182.882 		205.17 		2.854
v 236.525 		173.682 		2.6174
v 182.973 		205.075 		2.854
v 236.525 		171.812 		2.6174
v 183.075 		204.993 		2.854
v 183.308 		204.872 		2.854
v 183.434 		204.835 		2.854
v 239.378 		174.199 		2.666
v 239.378 		176.314 		2.666
v 183.564 		204.815 		2.854
v 183.696 		204.812 		2.854
v 236.525 		173.682 		1.401
v 237.047 		173.682 		1.401
v 183.826 		204.827 		2.854
v 236.525 		174.199 		1.401
v 237.047 		174.199 		1.401
v 183.954 		204.858 		2.854
v 236.597 		174.199 		1.294
v 236.525 		174.199 		1.2987
v 236.525 		176.286 		1.2987
v 236.597 		176.314 		1.294
v 184.077 		204.905 		2.854
v 184.192 		204.969 		2.854
v 239.076 		174.199 		2.321
v 239.076 		176.314 		2.321
v 183.006 		206.586 		2.854
v 238.731 		174.199 		2.019
v 238.731 		176.314 		2.019
v 182.911 		206.495 		2.854
v 238.35 		174.199 		1.764
v 238.35 		176.314 		1.764
v 237.938 		174.199 		1.561
v 237.938 		176.314 		1.561
v 182.829 		206.393 		2.854
v 237.504 		174.199 		1.414
v 237.504 		176.314 		1.414
v 182.76 		206.28 		2.854
v 237.054 		174.199 		1.324
v 237.054 		176.314 		1.324
v 182.708 		206.16 		2.854
v 182.671 		206.034 		2.854
v 182.651 		205.904 		2.854
v 235.589 		171.784 		2.79
v 182.648 		205.772 		2.854
v 182.662 		205.642 		2.854
v 235.589 		171.784 		7.058
v 235.875 		171.784 		7.155
v 236.172 		171.784 		7.214
v 184.298 		205.046 		2.854
v 236.473 		171.784 		7.234
v 184.393 		205.137 		2.854
v 184.475 		205.24 		2.854
v 235.888 		171.784 		9.708
v 236.525 		171.784 		9.75
v 184.543 		205.352 		2.854
v 235.318 		171.784 		2.923
v 184.596 		205.472 		2.854
v 235.067 		171.784 		3.091
v 234.84 		171.784 		3.29
v 184.633 		205.599 		2.854
v 234.641 		171.784 		3.518
v 184.653 		205.729 		2.854
v 234.473 		171.784 		3.769
v 184.656 		205.86 		2.854
v 234.339 		171.784 		4.04
v 184.641 		205.991 		2.854
v 234.242 		171.784 		4.326
v 184.61 		206.118 		2.854
v 234.183 		171.784 		4.622
v 184.563 		206.241 		2.854
v 184.499 		206.356 		2.854
v 234.163 		171.784 		4.924
v 184.422 		206.462 		2.854
v 234.183 		171.784 		5.225
v 234.242 		171.784 		5.522
v 184.331 		206.557 		2.854
v 234.339 		171.784 		5.808
v 234.473 		171.784 		6.079
v 234.641 		171.784 		6.33
v 184.228 		206.639 		2.854
v 234.84 		171.784 		6.557
v 184.116 		206.708 		2.854
v 235.067 		171.784 		6.756
v 183.996 		206.76 		2.854
v 183.869 		206.797 		2.854
v 235.318 		171.784 		6.924
v 183.739 		206.817 		2.854
v 183.608 		206.82 		2.854
v 183.477 		206.806 		2.854
v 234.659 		171.784 		9.379
v 235.263 		171.784 		9.584
v 183.35 		206.775 		2.854
v 183.227 		206.727 		2.854
v 231.65 		171.784 		4.875
v 231.691 		171.784 		5.511
v 231.816 		171.784 		6.137
v 232.021 		171.784 		6.741
v 183.112 		206.664 		2.854
v 232.303 		171.784 		7.312
v 232.657 		171.784 		7.843
v 233.078 		171.784 		8.322
v 233.557 		171.784 		8.743
v 234.087 		171.784 		9.097
v 232.021 		171.784 		3.009
v 231.816 		171.784 		3.613
v 231.691 		171.784 		4.239
v 236.172 		171.784 		2.634
v 236.473 		171.784 		2.614
v 235.875 		171.784 		2.693
v 235.888 		171.784 		0.042
v 235.263 		171.784 		0.166
v 234.659 		171.784 		0.371
v 233.078 		171.784 		1.428
v 232.657 		171.784 		1.907
v 232.303 		171.784 		2.437
v 234.087 		171.784 		0.653
v 233.557 		171.784 		1.007
v 235.888 		171.812 		9.708
v 235.42 		171.812 		9.6151
v 236.525 		171.812 		9.75
v 235.6214 		171.812 		2.779
v 235.589 		171.812 		2.79
v 235.42 		171.812 		2.8729
v 235.589 		171.812 		7.058
v 235.42 		171.812 		6.9744
v 235.875 		171.812 		7.155
v 236.172 		171.812 		7.214
v 236.473 		171.812 		7.234
v 236.525 		171.812 		7.2306
v 235.263 		171.812 		9.584
v 234.659 		171.812 		9.379
v 232.1344 		171.812 		2.779
v 232.021 		171.812 		3.009
v 231.816 		171.812 		3.613
v 231.691 		171.812 		4.239
v 231.65 		171.812 		4.875
v 231.691 		171.812 		5.511
v 231.816 		171.812 		6.137
v 232.021 		171.812 		6.741
v 232.303 		171.812 		7.312
v 232.657 		171.812 		7.843
v 233.078 		171.812 		8.322
v 233.0639 		171.812 		8.306
v 233.557 		171.812 		8.743
v 234.087 		171.812 		9.097
v 234.163 		171.812 		9.1345
v 235.318 		171.812 		2.923
v 235.067 		171.812 		3.091
v 234.84 		171.812 		3.29
v 234.641 		171.812 		3.518
v 234.473 		171.812 		3.769
v 234.339 		171.812 		4.04
v 234.242 		171.812 		4.326
v 234.183 		171.812 		4.622
v 182.585 		209.602 		6.384
v 182.593 		209.978 		6.384
v 182.65 		210.35 		6.384
v 182.626 		209.228 		6.384
v 182.7506 		210.696 		6.354
v 182.755 		210.711 		6.354
v 182.907 		211.055 		6.354
v 183.102 		211.377 		6.354
v 182.6541 		209.1128 		6.354
v 182.626 		209.228 		6.354
v 182.585 		209.602 		6.354
v 182.593 		209.978 		6.354
v 182.65 		210.35 		6.354
v 181.9843 		199.8608 		3.3831
v 181.9849 		199.8617 		3.3831
v 181.8182 		199.9783 		2.854
v 181.8175 		199.9774 		2.854
v 182.049 		199.817 		6.137
v 181.985 		199.8619 		6.354
v 181.985 		199.8618 		6.1161
v 181.1369 		200.456 		6.354
v 181.881 		199.935 		6.741
v 181.8739 		199.9248 		6.741
v 181.8198 		199.9627 		6.875
v 182.0421 		199.8071 		6.137
v 182.1439 		199.7358 		5.511
v 182.172 		199.7161 		4.9861
v 182.1439 		199.7358 		4.239
v 182.172 		199.7161 		4.7639
v 181.978 		199.8519 		2.854
v 182.0421 		199.8071 		3.613
v 181.978 		199.8519 		3.3831
v 181.8114 		199.9686 		2.854
v 181.7812 		199.9898 		2.779
v 177.67 		202.883 		0.042
v 178.0288 		202.504 		0.0083
v 178.076 		202.5714 		0.0083
v 180.623 		200.816 		1.007
v 181.015 		200.541 		1.428
v 179.72 		201.448 		0.371
v 180.188 		201.12 		0.653
v 234.163 		171.812 		4.924
v 178.713 		202.153 		0.042
v 179.225 		201.794 		0.166
v 234.183 		171.812 		5.225
v 178.192 		202.518 		0
v 234.242 		171.812 		5.522
v 234.339 		171.812 		5.808
v 234.473 		171.812 		6.079
v 234.641 		171.812 		6.33
v 234.84 		171.812 		6.557
v 235.067 		171.812 		6.756
v 235.2448 		171.812 		6.875
v 235.318 		171.812 		6.924
v 235.888 		171.812 		0.042
v 235.263 		171.812 		0.166
v 234.659 		171.812 		0.371
v 234.163 		171.812 		0.6155
v 234.087 		171.812 		0.653
v 233.557 		171.812 		1.007
v 233.1087 		171.812 		1.401
v 233.078 		171.812 		1.428
v 232.657 		171.812 		1.907
v 232.303 		171.812 		2.437
v 236.172 		171.812 		2.634
v 236.473 		171.812 		2.614
v 235.875 		171.812 		2.693
v 181.0081 		200.5311 		1.428
v 181.0081 		200.5311 		1.428
v 181.1153 		200.456 		1.577
v 181.007 		200.5318 		1.4269
v 180.6158 		200.8058 		1.007
v 180.1811 		201.1102 		0.653
v 180.6146 		200.8066 		1.006
v 179.713 		201.438 		0.371
v 179.2183 		201.7844 		0.166
v 178.706 		202.143 		0.042
v 178.706 		202.143 		0.042
v 178.7046 		202.144 		0.0419
v 178.1849 		202.5079 		0
v 178.1849 		202.5079 		0
v 178.1835 		202.5089 		0.0001
v 178.082 		202.58 		0.0083
v 181.36 		200.3 		1.907
v 181.65 		200.096 		2.437
v 181.6432 		200.0863 		2.437
v 181.6425 		200.0869 		2.4356
v 181.3528 		200.2897 		1.907
v 201.2279 		186.3728 		2.854
v 201.2279 		186.3728 		6.354
v 205.9379 		183.0747 		6.354
v 205.9379 		183.0747 		2.854
v 212.2913 		178.626 		2.4831
v 212.1899 		178.697 		8.2298
v 214.2284 		171.812 		0
v 214.2284 		171.812 		9.75
v 225.448 		176.286 		2.238
v 225.448 		178.626 		2.238
v 225.249 		178.626 		0.751
v 225.249 		176.286 		0.751
v 225.241 		176.286 		9.283
v 225.241 		178.697 		9.283
v 225.361 		178.697 		7.788
v 225.361 		176.286 		7.788
v 212.1899 		178.697 		6.7241
v 212.2913 		178.626 		3.9967
v 215.6331 		176.286 		2.0364
v 215.6331 		176.286 		8.5077
v 215.6331 		176.286 		7.0022
v 182.178 		199.7119 		4.875
v 215.6331 		176.286 		3.55
v 178.082 		202.58 		9.7417
v 178.1849 		202.5079 		9.75
v 178.082 		202.58 		9.75
v 215.6331 		176.286 		0
v 181.1153 		200.456 		9.75
v 178.1864 		202.5069 		9.7499
v 215.6331 		176.286 		9.75
v 178.706 		202.143 		9.708
v 179.2183 		201.7844 		9.584
v 179.713 		201.438 		9.379
v 236.525 		176.314 		9.75
v 235.888 		176.314 		9.708
v 180.1811 		201.1102 		9.097
v 180.1811 		201.1102 		9.097
v 180.1823 		201.1094 		9.0961
v 235.263 		176.314 		9.584
v 180.6158 		200.8058 		8.743
v 234.659 		176.314 		9.379
v 234.087 		176.314 		9.097
v 233.557 		176.314 		8.743
v 233.078 		176.314 		8.322
v 233.0639 		176.314 		8.306
v 180.6169 		200.805 		8.7418
v 181.0081 		200.5311 		8.322
v 236.139 		176.314 		1.324
v 181.1153 		200.456 		8.173
v 235.754 		176.314 		1.401
v 181.3528 		200.2897 		7.843
v 233.1087 		176.314 		1.401
v 181.3528 		200.2897 		7.843
v 181.3536 		200.2892 		7.8415
v 181.6432 		200.0863 		7.312
v 233.557 		176.314 		1.007
v 234.087 		176.314 		0.653
v 234.659 		176.314 		0.371
v 235.263 		176.314 		0.166
v 235.888 		176.314 		0.042
v 181.6438 		200.0859 		7.3105
v 235.888 		176.286 		9.708
v 235.42 		176.286 		9.6151
v 236.525 		176.286 		9.75
v 236.525 		176.286 		8.306
v 235.263 		176.286 		9.584
v 234.659 		176.286 		9.379
v 233.078 		176.286 		8.322
v 233.0639 		176.286 		8.306
v 233.557 		176.286 		8.743
v 234.087 		176.286 		9.097
v 234.163 		176.286 		9.1345
v 235.888 		176.286 		0.042
v 235.263 		176.286 		0.166
v 234.659 		176.286 		0.371
v 234.087 		176.286 		0.653
v 234.163 		176.286 		0.6155
v 233.557 		176.286 		1.007
v 233.2305 		176.286 		1.294
v 233.1087 		176.286 		1.401
v 235.754 		176.286 		1.401
v 178.082 		202.58 		0
v 236.139 		176.286 		1.324
v 201.88 		180.458 		9.75
v 201.879 		180.4565 		9.75
v 175.6187 		198.8438 		9.75
v 175.517 		198.915 		9.75
v 201.879 		180.4565 		0
v 201.88 		180.458 		0
v 175.517 		198.915 		0
v 175.6187 		198.8438 		0
v 234.163 		176.286 		0
v 230.042 		176.286 		1.401
v 239.972 		171.784 		8.322
v 240.392 		171.784 		7.843
v 240.747 		171.784 		7.312
v 241.029 		171.784 		6.741
v 241.234 		171.784 		6.137
v 241.358 		171.784 		5.511
v 241.4 		171.784 		4.875
v 241.358 		171.784 		4.239
v 241.234 		171.784 		3.613
v 241.029 		171.784 		3.009
v 238.763 		171.784 		4.622
v 238.704 		171.784 		4.326
v 238.607 		171.784 		4.04
v 230.042 		176.286 		8.306
v 238.474 		171.784 		3.769
v 238.306 		171.784 		3.518
v 238.106 		171.784 		3.29
v 237.879 		171.784 		3.091
v 237.628 		171.784 		2.923
v 237.357 		171.784 		2.79
v 237.879 		171.784 		6.756
v 238.106 		171.784 		6.557
v 225.2035 		176.286 		9.75
v 236.172 		173.682 		2.634
v 236.473 		173.682 		2.614
v 235.875 		173.682 		2.693
v 176.5955 		200.456 		0.0082
v 177.5771 		201.8585 		0.0083
v 235.318 		173.682 		2.923
v 235.067 		173.682 		3.091
v 234.84 		173.682 		3.29
v 234.641 		173.682 		3.518
v 234.473 		173.682 		3.769
v 234.339 		173.682 		4.04
v 234.242 		173.682 		4.326
v 234.183 		173.682 		4.622
v 234.163 		173.682 		4.924
v 234.183 		173.682 		5.225
v 234.242 		173.682 		5.522
v 234.339 		173.682 		5.808
v 234.473 		173.682 		6.079
v 234.641 		173.682 		6.33
v 234.84 		173.682 		6.557
v 235.067 		173.682 		6.756
v 235.318 		173.682 		6.924
v 235.589 		173.682 		2.79
v 235.589 		173.682 		7.058
v 235.875 		173.682 		7.155
v 236.172 		173.682 		7.214
v 236.473 		173.682 		7.234
v 236.525 		173.682 		7.2306
v 236.525 		173.682 		8.306
v 235.754 		174.199 		1.401
v 183.188 		204.925 		6.354
v 183.075 		204.993 		6.354
v 182.693 		205.514 		6.354
v 182.741 		205.391 		6.354
v 182.804 		205.276 		6.354
v 236.139 		174.199 		1.324
v 182.882 		205.17 		6.354
v 182.973 		205.075 		6.354
v 230.042 		173.682 		8.306
v 230.042 		173.682 		1.401
v 183.308 		204.872 		6.354
v 183.434 		204.835 		6.354
v 183.564 		204.815 		6.354
v 206.915 		192.558 		6.384
v 183.696 		204.812 		6.354
v 206.826 		192.923 		6.384
v 206.785 		193.297 		6.384
v 206.793 		193.673 		6.384
v 206.85 		194.044 		6.384
v 206.955 		194.405 		6.384
v 207.107 		194.75 		6.384
v 207.302 		195.071 		6.384
v 183.826 		204.827 		6.354
v 207.537 		195.364 		6.384
v 207.809 		195.624 		6.384
v 208.112 		195.847 		6.384
v 183.954 		204.858 		6.354
v 212.207 		192.095 		6.384
v 212.012 		191.773 		6.384
v 211.777 		191.48 		6.384
v 184.077 		204.905 		6.354
v 211.505 		191.22 		6.384
v 211.202 		190.997 		6.384
v 210.872 		190.816 		6.384
v 184.192 		204.969 		6.354
v 210.522 		190.68 		6.384
v 210.156 		190.591 		6.384
v 209.783 		190.55 		6.384
v 209.407 		190.558 		6.384
v 209.035 		190.615 		6.384
v 208.674 		190.72 		6.384
v 208.33 		190.872 		6.384
v 208.008 		191.067 		6.384
v 183.006 		206.586 		6.354
v 207.715 		191.302 		6.384
v 207.455 		191.574 		6.384
v 207.232 		191.877 		6.384
v 207.051 		192.207 		6.384
v 210.985 		195.972 		2.884
v 210.985 		195.972 		6.384
v 211.306 		195.777 		2.884
v 211.306 		195.777 		6.384
v 211.599 		195.542 		2.884
v 211.599 		195.542 		6.384
v 211.859 		195.27 		2.884
v 211.859 		195.27 		6.384
v 212.082 		194.967 		2.884
v 212.082 		194.967 		6.384
v 212.263 		194.637 		2.884
v 212.263 		194.637 		6.384
v 212.399 		194.287 		2.884
v 212.399 		194.287 		6.384
v 174.065 		199.877 		0.371
v 212.488 		193.921 		2.884
v 212.488 		193.921 		6.384
v 212.529 		193.547 		2.884
v 212.529 		193.547 		6.384
v 212.521 		193.171 		2.884
v 212.521 		193.171 		6.384
v 212.464 		192.8 		2.884
v 212.464 		192.8 		6.384
v 212.359 		192.439 		2.884
v 212.359 		192.439 		6.384
v 206.915 		192.558 		6.354
v 207.0289 		192.264 		6.354
v 175.072 		199.172 		0.042
v 206.826 		192.923 		6.354
v 174.56 		199.531 		0.166
v 206.785 		193.297 		6.354
v 206.793 		193.673 		6.354
v 206.85 		194.044 		6.354
v 175.517 		198.915 		0.0082
v 175.5178 		198.9161 		0.0082
v 206.955 		194.405 		6.354
v 207.107 		194.75 		6.354
v 207.1974 		194.8988 		2.884
v 207.1974 		194.8988 		6.354
v 207.302 		195.071 		2.884
v 207.514 		195.351 		6.354
v 207.4276 		195.2276 		6.354
v 207.4276 		195.2276 		2.884
v 172.77 		200.784 		8.322
v 173.162 		200.509 		8.743
v 207.5221 		195.3454 		2.884
v 207.5221 		195.3454 		6.354
v 207.537 		195.364 		2.884
v 172.425 		201.026 		7.843
v 207.809 		195.624 		2.884
v 208.112 		195.847 		2.884
v 211.777 		191.48 		6.354
v 212.012 		191.773 		6.354
v 211.505 		191.22 		6.354
v 211.202 		190.997 		6.354
v 172.135 		201.229 		7.312
v 210.872 		190.816 		6.354
v 210.844 		190.8051 		6.354
v 212.224 		192.053 		6.354
v 212.207 		192.095 		2.884
v 212.1942 		192.0739 		6.354
v 212.1942 		192.0739 		2.884
v 210.522 		190.68 		6.354
v 210.156 		190.591 		6.354
v 209.783 		190.55 		6.354
v 207.244 		190.557 		6.354
v 209.407 		190.558 		6.354
v 171.904 		201.39 		3.009
v 171.736 		201.508 		3.613
v 171.634 		201.579 		4.239
v 171.6 		201.603 		4.875
v 171.634 		201.579 		5.511
v 171.904 		201.39 		6.741
v 207.141 		190.639 		6.354
v 207.029 		190.708 		6.354
v 206.909 		190.76 		6.354
v 238.306 		171.784 		6.33
v 238.474 		171.784 		6.079
v 238.607 		171.784 		5.808
v 238.704 		171.784 		5.522
v 238.763 		171.784 		5.225
v 209.035 		190.615 		6.354
v 238.783 		171.784 		4.924
v 236.775 		171.784 		7.214
v 237.071 		171.784 		7.155
v 237.357 		171.784 		7.058
v 171.736 		201.508 		6.137
v 208.674 		190.72 		6.354
v 208.33 		190.872 		6.354
v 208.008 		191.067 		6.354
v 207.715 		191.302 		6.354
v 237.628 		171.784 		6.924
v 207.455 		191.574 		6.354
v 207.232 		191.877 		6.354
v 207.051 		192.207 		6.354
v 237.161 		171.784 		9.708
v 237.786 		171.784 		9.584
v 238.39 		171.784 		9.379
v 238.962 		171.784 		9.097
v 239.492 		171.784 		8.743
v 178.7824 		205.314 		2.854
v 239.633 		176.314 		6.553
v 239.836 		176.314 		6.142
v 175.024 		204.736 		7.843
v 239.983 		176.314 		5.708
v 174.733 		204.939 		7.312
v 240.073 		176.314 		5.258
v 240.102 		176.314 		4.8
v 240.073 		176.314 		4.343
v 239.983 		176.314 		3.893
v 239.836 		176.314 		3.459
v 239.633 		176.314 		3.047
v 239.972 		176.314 		8.322
v 241.029 		176.314 		3.009
v 241.234 		176.314 		3.613
v 241.358 		176.314 		4.239
v 241.4 		176.314 		4.875
v 241.358 		176.314 		5.511
v 241.234 		176.314 		6.137
v 241.029 		176.314 		6.741
v 240.747 		176.314 		7.312
v 240.392 		176.314 		7.843
v 174.334 		205.219 		3.613
v 237.047 		176.314 		8.306
v 174.502 		205.101 		3.009
v 237.047 		176.314 		8.2765
v 237.054 		176.314 		8.276
v 237.504 		176.314 		8.187
v 237.938 		176.314 		8.039
v 238.35 		176.314 		7.836
v 238.731 		176.314 		7.582
v 174.198 		205.314 		4.875
v 174.232 		205.29 		4.239
v 174.334 		205.219 		6.137
v 174.232 		205.29 		5.511
v 174.502 		205.101 		6.741
v 238.39 		176.314 		9.379
v 237.786 		176.314 		9.584
v 237.161 		176.314 		9.708
v 239.076 		176.314 		7.279
v 239.378 		176.314 		6.934
v 239.492 		176.314 		8.743
v 238.962 		176.314 		9.097
v 239.633 		174.199 		6.553
v 239.836 		174.199 		6.142
v 239.983 		174.199 		5.708
v 240.073 		174.199 		5.258
v 240.102 		174.199 		4.8
v 240.073 		174.199 		4.343
v 239.983 		174.199 		3.893
v 239.836 		174.199 		3.459
v 239.633 		174.199 		3.047
v 175.593 		198.807 		4.875
v 238.763 		174.199 		4.622
v 238.704 		174.199 		4.326
v 238.607 		174.199 		4.04
v 238.474 		174.199 		3.769
v 238.306 		174.199 		3.518
v 238.106 		174.199 		3.29
v 237.879 		174.199 		3.091
v 237.628 		174.199 		2.923
v 237.357 		174.199 		2.79
v 237.879 		174.199 		6.756
v 238.106 		174.199 		6.557
v 238.306 		174.199 		6.33
v 238.474 		174.199 		6.079
v 238.607 		174.199 		5.808
v 238.704 		174.199 		5.522
v 238.763 		174.199 		5.225
v 205.621 		190.16 		2.854
v 205.584 		190.034 		2.854
v 238.783 		174.199 		4.924
v 205.564 		189.904 		2.854
v 205.561 		189.772 		2.854
v 205.575 		189.642 		2.854
v 205.607 		189.514 		2.854
v 205.654 		189.391 		2.854
v 205.718 		189.276 		2.854
v 236.775 		173.682 		7.214
v 237.047 		173.682 		7.1598
v 206.653 		190.817 		2.854
v 206.521 		190.82 		2.854
v 237.071 		174.199 		7.155
v 237.047 		174.199 		7.1598
v 206.391 		190.806 		2.854
v 206.263 		190.775 		2.854
v 206.14 		190.727 		2.854
v 206.025 		190.664 		2.854
v 205.919 		190.586 		2.854
v 205.824 		190.495 		2.854
v 237.357 		174.199 		7.058
v 205.742 		190.393 		2.854
v 205.674 		190.28 		2.854
v 206.783 		190.797 		2.854
v 237.628 		174.199 		6.924
v 205.561 		192.5616 		2.854
v 206.609 		188.812 		2.854
v 205.989 		188.993 		6.354
v 206.101 		188.925 		6.354
v 206.221 		188.872 		6.354
v 206.348 		188.835 		6.354
v 237.047 		173.682 		8.306
v 206.477 		188.815 		6.354
v 206.609 		188.812 		6.354
v 206.74 		188.827 		6.354
v 237.047 		174.199 		8.2765
v 205.795 		189.17 		6.354
v 205.886 		189.075 		6.354
v 205.621 		190.16 		6.354
v 237.054 		174.199 		8.276
v 205.584 		190.034 		6.354
v 237.504 		174.199 		8.187
v 205.564 		189.904 		6.354
v 205.561 		189.772 		6.354
v 237.938 		174.199 		8.039
v 205.575 		189.642 		6.354
v 238.35 		174.199 		7.836
v 205.607 		189.514 		6.354
v 205.654 		189.391 		6.354
v 182.911 		206.495 		6.354
v 205.718 		189.276 		6.354
v 182.829 		206.393 		6.354
v 182.76 		206.28 		6.354
v 206.653 		190.817 		6.354
v 182.708 		206.16 		6.354
v 206.521 		190.82 		6.354
v 206.391 		190.806 		6.354
v 182.671 		206.034 		6.354
v 206.263 		190.775 		6.354
v 182.651 		205.904 		6.354
v 206.14 		190.727 		6.354
v 206.025 		190.664 		6.354
v 182.648 		205.772 		6.354
v 205.919 		190.586 		6.354
v 205.824 		190.495 		6.354
v 182.662 		205.642 		6.354
v 205.742 		190.393 		6.354
v 205.674 		190.28 		6.354
v 184.298 		205.046 		6.354
v 206.783 		190.797 		6.354
v 184.393 		205.137 		6.354
v 184.475 		205.24 		6.354
v 184.543 		205.352 		6.354
v 205.561 		192.5616 		6.354
v 184.596 		205.472 		6.354
v 206.101 		188.925 		2.854
v 205.989 		188.993 		2.854
v 206.221 		188.872 		2.854
v 206.348 		188.835 		2.854
v 206.477 		188.815 		2.854
v 206.74 		188.827 		2.854
v 205.795 		189.17 		2.854
v 205.886 		189.075 		2.854
v 178.076 		202.5714 		9.7417
v 178.089 		202.59 		6.354
v 178.076 		202.5991 		6.354
v 173.597 		200.205 		9.097
v 178.076 		202.5991 		2.854
v 178.089 		202.59 		2.854
v 175.761 		204.22 		8.743
v 175.368 		204.495 		8.322
v 176.195 		203.916 		9.097
v 176.663 		203.588 		9.379
v 173.162 		200.509 		1.007
v 173.597 		200.205 		0.653
v 172.135 		201.229 		2.437
v 172.425 		201.026 		1.907
v 177.158 		203.242 		9.584
v 172.77 		200.784 		1.428
v 184.633 		205.599 		6.354
v 177.67 		202.883 		9.708
v 184.653 		205.729 		6.354
v 184.656 		205.86 		6.354
v 184.641 		205.991 		6.354
v 184.61 		206.118 		6.354
v 184.563 		206.241 		6.354
v 178.0288 		202.504 		9.7417
v 184.499 		206.356 		6.354
v 184.422 		206.462 		6.354
v 184.331 		206.557 		6.354
v 184.228 		206.639 		6.354
v 184.116 		206.708 		6.354
v 183.996 		206.76 		6.354
v 183.869 		206.797 		6.354
v 183.739 		206.817 		6.354
v 183.608 		206.82 		6.354
v 183.477 		206.806 		6.354
v 183.35 		206.775 		6.354
v 183.227 		206.727 		6.354
v 183.112 		206.664 		6.354
v 176.5955 		200.456 		9.7418
v 182.185 		199.722 		4.875
v 178.192 		202.518 		9.75
v 179.72 		201.448 		9.379
v 180.623 		200.816 		8.743
v 180.188 		201.12 		9.097
v 177.2744 		203.1604 		4.875
v 177.2744 		203.1604 		4.827
v 181.015 		200.541 		8.322
v 177.2744 		203.1604 		5.1752
v 177.2744 		203.1603 		5.0224
v 177.2744 		203.1604 		5.7347
v 177.2743 		203.1603 		5.5215
v 177.2744 		203.1603 		5.339
v 177.2744 		203.1604 		6.335
v 177.2744 		203.1604 		5.995
v 177.2744 		203.1604 		6.354
v 177.8672 		202.7454 		6.354
v 177.7418 		202.8331 		6.354
v 177.4924 		203.0077 		6.354
v 177.6899 		202.8694 		6.354
v 178.713 		202.153 		9.708
v 179.225 		201.794 		9.584
v 178.0323 		202.6297 		6.354
v 177.7482 		202.8287 		2.854
v 177.9737 		202.6706 		2.854
v 177.2744 		203.1604 		2.854
v 177.2744 		203.1604 		2.935
v 177.5059 		202.9981 		2.854
v 177.2744 		203.1604 		3.415
v 177.2744 		203.1604 		4.0153
v 177.2744 		203.1604 		3.755
v 177.2744 		203.1604 		4.5748
v 177.2744 		203.1603 		4.4109
v 177.2743 		203.1603 		4.3623
v 177.2744 		203.1604 		4.1285
v 178.192 		202.518 		6.354
v 177.2744 		203.1604 		4.5973
v 178.212 		202.504 		6.354
v 177.2744 		203.1603 		4.7276
v 178.192 		202.518 		2.854
v 178.212 		202.504 		2.854
v 177.2743 		203.1603 		4.2282
v 178.6938 		202.1666 		6.354
v 178.5835 		202.2437 		6.354
v 178.3514 		202.4063 		6.354
v 179.1215 		201.8672 		6.354
v 178.8912 		202.0283 		6.354
v 174.56 		199.531 		9.584
v 175.072 		199.172 		9.708
v 179.7707 		201.4127 		6.354
v 179.4033 		201.6697 		6.354
v 181.1159 		200.4707 		6.354
v 180.2906 		201.0481 		6.354
v 174.065 		199.877 		9.379
v 180.3492 		201.0077 		2.854
v 181.0585 		200.5103 		2.854
v 181.1361 		200.456 		2.854
v 179.4622 		201.6287 		2.854
v 179.8471 		201.3589 		2.854
v 175.9989 		199.6036 		9.7418
v 175.5178 		198.9161 		9.7418
v 175.517 		198.915 		9.7418
v 178.8776 		202.0379 		2.854
v 179.1475 		201.8488 		2.854
v 178.4099 		202.3654 		2.854
v 178.727 		202.1432 		2.854
v 178.5165 		202.2906 		6.354
v 238.731 		174.199 		7.582
v 239.076 		174.199 		7.279
v 239.378 		174.199 		6.934
v 178.417 		196.83 		8.322
v 179.052 		196.386 		7.312
v 178.762 		196.589 		7.843
v 178.4426 		196.8665 		8.322
v 178.4387 		196.8692 		8.3261
v 178.076 		197.1232 		8.7148
v 178.7854 		196.6265 		7.8457
v 178.7873 		196.6251 		7.843
v 179.0745 		196.4241 		7.3172
v 179.0773 		196.4221 		7.312
v 179.166 		196.36 		7.0928
v 178.6353 		202.2073 		2.854
v 181.36 		200.3 		7.843
v 181.65 		200.096 		7.312
v 175.593 		198.807 		9.75
v 176.115 		198.442 		9.708
v 175.6136 		198.8474 		9.7496
v 176.1354 		198.482 		9.7084
v 176.1405 		198.4784 		9.708
v 176.2411 		198.408 		9.6836
v 176.627 		198.083 		9.584
v 177.59 		197.409 		9.097
v 177.122 		197.737 		9.379
v 178.024 		197.105 		8.743
v 210.64 		196.124 		2.884
v 210.279 		196.229 		2.884
v 209.908 		196.286 		2.884
v 209.532 		196.294 		2.884
v 209.158 		196.253 		2.884
v 208.793 		196.164 		2.884
v 208.442 		196.028 		2.884
v 187.4417 		207.6557 		2.884
v 187.577 		207.785 		2.884
v 187.812 		208.078 		2.884
v 188.007 		208.4 		2.884
v 187.834 		208.216 		2.884
v 176.6527 		198.1198 		9.584
v 209.532 		196.294 		6.384
v 209.908 		196.286 		6.384
v 210.279 		196.229 		6.384
v 210.64 		196.124 		6.384
v 209.158 		196.253 		6.384
v 177.1475 		197.7734 		9.379
v 208.442 		196.028 		6.384
v 177.6131 		197.4474 		9.0985
v 208.793 		196.164 		6.384
v 177.6156 		197.4456 		9.097
v 178.0454 		197.1446 		8.7465
v 178.0497 		197.1416 		8.743
v 188.007 		208.4 		6.384
v 187.812 		208.078 		6.384
v 187.577 		207.785 		6.384
v 187.4417 		207.6557 		6.354
v 187.834 		208.216 		2.854
v 185.4508 		204.812 		2.854
v 186.8811 		206.855 		6.354
v 182.648 		200.8088 		2.854
v 182.648 		200.8088 		6.354
v 188.159 		208.744 		2.884
v 188.264 		209.105 		2.884
v 188.321 		209.477 		2.884
v 188.329 		209.853 		2.884
v 188.288 		210.227 		2.884
v 188.199 		210.592 		2.884
v 188.063 		210.943 		2.884
v 187.882 		211.272 		2.884
v 187.659 		211.576 		2.884
v 187.399 		211.847 		2.884
v 187.106 		212.083 		2.884
v 186.785 		212.278 		2.884
v 186.44 		212.429 		2.884
v 186.268 		209.3125 		2.884
v 187.2171 		208.648 		2.884
v 184.2922 		210.696 		2.884
v 186.079 		212.534 		2.884
v 185.708 		212.592 		2.884
v 185.332 		212.6 		2.884
v 184.656 		210.4413 		2.884
v 188.329 		209.853 		6.384
v 188.321 		209.477 		6.384
v 188.264 		209.105 		6.384
v 188.159 		208.744 		6.384
v 186.44 		212.429 		6.384
v 186.785 		212.278 		6.384
v 187.106 		212.083 		6.384
v 187.399 		211.847 		6.384
v 187.659 		211.576 		6.384
v 187.882 		211.272 		6.384
v 188.063 		210.943 		6.384
v 188.199 		210.592 		6.384
v 188.288 		210.227 		6.384
v 185.332 		212.6 		6.384
v 185.708 		212.592 		6.384
v 186.079 		212.534 		6.384
v 181.9852 		199.8621 		5.4844
v 182.151 		199.746 		5.511
v 181.9852 		199.8621 		4.2656
v 181.9851 		199.862 		4.875
v 182.151 		199.746 		4.239
v 181.985 		199.8619 		3.3831
v 181.985 		199.8618 		3.6339
v 182.049 		199.817 		3.613
v 181.8184 		199.9786 		2.854
v 181.9849 		199.8617 		3.3831
v 183.188 		204.925 		2.854
v 175.024 		204.736 		1.907
v 174.733 		204.939 		2.437
v 177.158 		203.242 		0.166
v 176.195 		203.916 		0.653
v 176.663 		203.588 		0.371
v 175.761 		204.22 		1.007
v 175.368 		204.495 		1.428
v 207.514 		195.351 		2.854
v 212.224 		192.053 		2.854
v 179.283 		196.224 		6.741
v 179.451 		196.106 		6.137
v 208.796 		194.4533 		2.884
v 206.867 		188.858 		2.854
v 179.553 		196.035 		5.511
v 179.587 		196.011 		4.875
v 206.99 		188.905 		2.854
v 179.553 		196.035 		4.239
v 179.451 		196.106 		3.613
v 207.105 		188.969 		2.854
v 179.283 		196.224 		3.009
v 207.211 		189.046 		2.854
v 207.306 		189.137 		2.854
v 207.388 		189.24 		2.854
v 207.456 		189.352 		2.854
v 207.509 		189.472 		2.854
v 207.546 		189.599 		2.854
v 207.566 		189.729 		2.854
v 207.569 		189.86 		2.854
v 207.555 		189.991 		2.854
v 207.523 		190.118 		2.854
v 207.476 		190.241 		2.854
v 207.413 		190.356 		2.854
v 207.335 		190.462 		2.854
v 179.3084 		196.2603 		6.741
v 179.3061 		196.2619 		6.7466
v 207.244 		190.557 		2.854
v 207.141 		190.639 		2.854
v 207.029 		190.708 		2.854
v 179.4766 		196.1425 		6.137
v 206.909 		190.76 		2.854
v 179.5784 		196.0712 		5.511
v 179.6125 		196.0474 		4.875
v 179.5784 		196.0712 		4.239
v 179.4766 		196.1425 		3.613
v 179.3084 		196.2603 		3.009
v 179.2155 		196.3254 		2.779
v 178.762 		196.589 		1.907
v 178.417 		196.83 		1.428
v 179.052 		196.386 		2.437
v 179.166 		196.36 		2.6565
v 179.0795 		196.4205 		2.4426
v 179.0773 		196.4221 		2.437
v 178.7901 		196.6232 		1.9122
v 178.7873 		196.6251 		1.907
v 178.4448 		196.8649 		1.4311
v 178.4426 		196.8665 		1.428
v 178.076 		197.1232 		1.0352
v 206.867 		188.858 		6.354
v 206.99 		188.905 		6.354
v 207.105 		188.969 		6.354
v 207.211 		189.046 		6.354
v 207.306 		189.137 		6.354
v 207.388 		189.24 		6.354
v 207.456 		189.352 		6.354
v 207.509 		189.472 		6.354
v 207.546 		189.599 		6.354
v 207.566 		189.729 		6.354
v 207.569 		189.86 		6.354
v 207.555 		189.991 		6.354
v 182.715 		208.863 		6.384
v 207.523 		190.118 		6.354
v 187.002 		207.303 		6.384
v 186.672 		207.122 		6.384
v 186.322 		206.986 		6.384
v 207.476 		190.241 		6.354
v 187.305 		207.525 		6.384
v 207.413 		190.356 		6.354
v 207.335 		190.462 		6.354
v 183.255 		207.879 		6.384
v 183.032 		208.183 		6.384
v 182.851 		208.512 		6.384
v 185.956 		206.896 		6.384
v 185.583 		206.855 		6.384
v 185.207 		206.863 		6.384
v 184.835 		206.921 		6.384
v 184.474 		207.026 		6.384
v 184.13 		207.177 		6.384
v 183.808 		207.372 		6.384
v 183.515 		207.608 		6.384
v 182.7983 		208.648 		6.354
v 182.715 		208.863 		6.354
v 187.305 		207.525 		6.354
v 187.002 		207.303 		6.354
v 186.672 		207.122 		6.354
v 186.322 		206.986 		6.354
v 186.268 		206.9727 		6.354
v 185.956 		206.896 		6.354
v 185.583 		206.855 		6.354
v 185.207 		206.863 		6.354
v 184.835 		206.921 		6.354
v 184.656 		206.9731 		6.354
v 184.474 		207.026 		6.354
v 184.13 		207.177 		6.354
v 183.808 		207.372 		6.354
v 183.515 		207.608 		6.354
v 183.255 		207.879 		6.354
v 183.032 		208.183 		6.354
v 182.851 		208.512 		6.354
v 176.115 		198.442 		0.042
v 175.593 		198.807 		0
v 176.1408 		198.4782 		0.0421
v 176.1405 		198.4784 		0.042
v 176.2411 		198.408 		0.0663
v 175.6239 		198.8401 		0.0004
v 175.6191 		198.8435 		0
v 178.024 		197.105 		1.007
v 176.627 		198.083 		0.166
v 177.59 		197.409 		0.653
v 177.122 		197.737 		0.371
v 178.0535 		197.1389 		1.0112
v 178.0497 		197.1416 		1.007
v 177.6199 		197.4426 		0.6565
v 177.6156 		197.4456 		0.653
v 177.1475 		197.7734 		0.371
v 176.6527 		198.1198 		0.166
# 1076 vertices

g group_10_6383466

usemtl color_6383466
s 0

f 8434 	8436 	7645
f 7654 	7650 	7649
f 7654 	7651 	7650
f 8564 	7654 	7649
f 7654 	7652 	7651
f 7654 	7653 	7652
f 7649 	7648 	8564
f 8570 	7659 	7658
f 7658 	7657 	8570
f 7657 	7656 	8570
f 8570 	7660 	7659
f 7655 	7679 	8570
f 7655 	7652 	7661
f 7661 	7652 	7653
f 7656 	7651 	7655
f 7655 	7651 	7652
f 7657 	7650 	7656
f 7656 	7650 	7651
f 7658 	7649 	7657
f 7657 	7649 	7650
f 7659 	7648 	7658
f 7658 	7648 	7649
f 7660 	7647 	7659
f 7659 	7647 	7648
f 7663 	7662 	7664
f 7664 	7662 	7665
f 7666 	7663 	7667
f 7667 	7663 	7664
f 7653 	7654 	7646
f 7669 	7668 	7667
f 7667 	7668 	7666
f 7653 	7646 	7645
f 7671 	7670 	7669
f 7669 	7670 	7668
f 7645 	7661 	7653
f 7673 	7672 	7671
f 7671 	7672 	7670
f 7675 	7674 	7673
f 7673 	7674 	7672
f 7677 	7676 	7675
f 7675 	7676 	7674
f 7656 	7655 	8570
f 7677 	7683 	7682
f 7677 	7684 	7683
f 7682 	7681 	7676
f 7682 	7676 	7677
f 7688 	7687 	7689
f 7688 	7686 	7685
f 7688 	7689 	7686
f 7685 	7691 	7688
f 7728 	7709 	7691
f 7697 	7689 	7687
f 7687 	7695 	7697
f 7687 	7688 	7706
f 7705 	7695 	7687
f 7706 	7688 	7691
f 7701 	7702 	7717
f 7717 	7702 	7718
f 7687 	7706 	7705
f 7709 	7708 	7706
f 7706 	7708 	7705
f 7712 	7711 	7713
f 7713 	7711 	7714
f 7711 	7731 	7714
f 7712 	7708 	7711
f 7709 	7731 	7711
f 7711 	7708 	7709
f 7709 	7706 	7691
f 7717 	7718 	7720
f 7720 	7718 	7721
f 7720 	7721 	7723
f 7723 	7721 	7724
f 7726 	7725 	7724
f 7724 	7725 	7723
f 7729 	7728 	7726
f 7726 	7728 	7725
f 7732 	7731 	7729
f 7729 	7731 	7728
f 7731 	7732 	7714
f 7717 	7720 	8288
f 8289 	7720 	7723
f 8290 	7723 	7725
f 8288 	7701 	7717
f 8291 	7725 	7728
f 7691 	7685 	7728
f 7728 	7731 	7709
f 7783 	7796 	7739
f 7784 	7740 	7741
f 7741 	7743 	7746
f 7746 	7743 	7747
f 7809 	7736 	7749
f 7810 	7809 	7749
f 7753 	8401 	7755
f 7749 	7751 	7810
f 7808 	7754 	7756
f 7807 	7806 	7752
f 7797 	7808 	7756
f 7756 	7758 	7797
f 7788 	7787 	7765
f 7790 	7789 	7768
f 7794 	7774 	7776
f 7795 	7776 	7779
f 7796 	7779 	7739
f 7784 	7783 	7740
f 7741 	7746 	7784
f 7768 	7770 	7790
f 7792 	7790 	7770
f 7770 	7771 	7792
f 7771 	7793 	7792
f 7795 	7794 	7776
f 7779 	7796 	7795
f 7739 	7740 	7783
f 7772 	7794 	7793
f 7794 	7772 	7774
f 7793 	7771 	7772
f 7767 	7768 	7789
f 7789 	7788 	7767
f 7765 	7767 	7788
f 7765 	7787 	7762
f 7758 	7760 	7798
f 7799 	7798 	7760
f 7760 	7762 	7799
f 7762 	7787 	7799
f 8092 	7699 	8595
f 7804 	7800 	7802
f 7806 	7810 	7751
f 7805 	7802 	7736
f 7738 	8084 	7690
f 8085 	7692 	7690
f 7690 	8084 	8085
f 8085 	8086 	7693
f 7693 	7692 	8085
f 7803 	7801 	7800
f 7800 	7804 	7803
f 7802 	7805 	7804
f 7736 	7809 	7805
f 7693 	8086 	7694
f 7798 	7797 	7758
f 7754 	7808 	7807
f 7751 	7752 	7806
f 7752 	7754 	7807
f 7746 	7811 	7812
f 7813 	7811 	7747
f 7747 	7811 	7746
f 7802 	7814 	7736
f 7736 	7814 	7815
f 7816 	7749 	7736
f 7736 	7815 	7816
f 7817 	7739 	7818
f 7699 	8093 	7700
f 7819 	7740 	7817
f 7817 	7740 	7739
f 7700 	8093 	7703
f 7820 	7741 	7819
f 7819 	7741 	7740
f 7821 	7743 	7820
f 7820 	7743 	7741
f 7743 	7821 	7822
f 8104 	7707 	7704
f 7784 	7823 	7783
f 7783 	7823 	7824
f 7707 	8104 	7710
f 7812 	7823 	7784
f 7784 	7746 	7812
f 7826 	7825 	7797
f 7797 	7825 	7808
f 7710 	8112 	7715
f 7827 	7826 	7798
f 7798 	7826 	7797
f 7715 	8112 	7716
f 7828 	7827 	7799
f 7799 	7827 	7798
f 7829 	7828 	7787
f 7787 	7828 	7799
f 7788 	7830 	7787
f 7787 	7830 	7829
f 7789 	7831 	7788
f 7788 	7831 	7830
f 7790 	7832 	7789
f 7789 	7832 	7831
f 7792 	7833 	7790
f 7790 	7833 	7832
f 8351 	7727 	7722
f 7793 	7834 	7792
f 7792 	7834 	7833
f 7727 	8351 	7730
f 7730 	8351 	8352
f 7836 	7793 	7794
f 7836 	7834 	7793
f 7794 	7835 	7836
f 7795 	7837 	7794
f 7794 	7837 	7835
f 8352 	8354 	7733
f 7733 	7730 	8352
f 7796 	7838 	7795
f 7795 	7838 	7837
f 7733 	8354 	7734
f 7796 	7783 	7839
f 7839 	7783 	7824
f 7796 	7839 	7838
f 7749 	7816 	7840
f 7737 	8362 	7738
f 7749 	7840 	7751
f 7751 	7840 	7841
f 7751 	7841 	7752
f 7752 	7841 	7842
f 7843 	7754 	7842
f 7842 	7754 	7752
f 7844 	7756 	7843
f 7843 	7756 	7754
f 7845 	7758 	7844
f 7844 	7758 	7756
f 8372 	7748 	7745
f 8374 	7750 	8372
f 8372 	7750 	7748
f 7846 	7760 	7845
f 7845 	7760 	7758
f 7847 	7762 	7846
f 7846 	7762 	7760
f 7889 	7762 	7847
f 7678 	7680 	8570
f 7680 	7850 	8570
f 7850 	7849 	8570
f 7853 	7852 	7680
f 7680 	7852 	7850
f 7854 	7853 	7678
f 7678 	7853 	7680
f 7855 	7854 	7679
f 7679 	7854 	7678
f 7679 	7655 	7661
f 7661 	7855 	7679
f 7857 	7856 	7851
f 8405 	7763 	7761
f 7858 	7857 	7848
f 7848 	7857 	7851
f 7849 	7859 	7848
f 7848 	7859 	7858
f 7763 	8405 	7764
f 7850 	7860 	7849
f 7849 	7860 	7859
f 7860 	7850 	7852
f 8436 	7858 	7859
f 8409 	7769 	7766
f 8436 	7852 	7853
f 8436 	7853 	7854
f 7854 	7855 	7645
f 8412 	7777 	7775
f 7777 	8412 	7778
f 8592 	7878 	7861
f 7781 	7780 	8415
f 7864 	7881 	7863
f 7781 	8415 	7782
f 7869 	7865 	7866
f 7866 	7865 	7867
f 7785 	7782 	8417
f 7868 	7869 	7866
f 8417 	8418 	7786
f 7786 	7785 	8417
f 7870 	7869 	7871
f 7871 	7869 	8504
f 7786 	8418 	7791
f 7872 	7865 	7870
f 7870 	7865 	7869
f 7872 	7873 	7865
f 8595 	7698 	8083
f 8592 	8589 	7875
f 7877 	7862 	7861
f 7861 	7879 	7877
f 7879 	7861 	7878
f 8088 	8089 	7696
f 7877 	7880 	7864
f 7864 	7863 	7877
f 7696 	8089 	8083
f 8083 	7698 	7696
f 7880 	7881 	7864
f 7883 	7882 	7884
f 7762 	7889 	7765
f 7892 	7767 	7889
f 7889 	7767 	7765
f 7894 	7768 	7892
f 7892 	7768 	7767
f 7895 	7770 	7894
f 7894 	7770 	7768
f 7896 	7771 	7895
f 7895 	7771 	7770
f 7897 	7772 	7896
f 7896 	7772 	7771
f 7898 	7774 	7897
f 7897 	7774 	7772
f 7899 	7776 	7898
f 7898 	7776 	7774
f 7900 	7776 	7899
f 7888 	7920 	7922
f 7901 	7779 	7900
f 7900 	7779 	7776
f 7779 	7901 	7818
f 7818 	7739 	7779
f 7683 	7684 	7902
f 7902 	7684 	7803
f 7903 	7902 	7804
f 7804 	7902 	7803
f 7904 	7903 	7805
f 7805 	7903 	7804
f 7805 	7809 	7905
f 7905 	7904 	7805
f 7905 	7809 	7906
f 7907 	7906 	7810
f 7810 	7906 	7809
f 7806 	7909 	7908
f 7810 	7806 	7908
f 7908 	7907 	7810
f 7807 	7910 	7806
f 7806 	7910 	7909
f 7808 	7911 	7807
f 7807 	7911 	7910
f 8478 	7885 	7888
f 7911 	7808 	7825
f 7918 	7919 	7885
f 7912 	7800 	7913
f 7913 	7800 	7801
f 7921 	7920 	7888
f 7914 	7802 	7912
f 7912 	7802 	7800
f 7814 	7802 	7914
f 7922 	7887 	7888
f 7689 	7697 	7801
f 7801 	7697 	7913
f 7923 	7891 	7887
f 7943 	7812 	7811
f 7811 	7813 	7943
f 7812 	7943 	7823
f 7823 	7943 	7824
f 7824 	7943 	7839
f 7927 	7893 	7928
f 7926 	7928 	7893
f 7902 	7942 	7683
f 7927 	7929 	7893
f 7942 	7902 	7903
f 7942 	7828 	7829
f 7915 	7886 	7916
f 7826 	7942 	7825
f 7916 	7886 	7917
f 7931 	7935 	7917
f 7942 	7826 	7827
f 7915 	7918 	7886
f 7827 	7828 	7942
f 7885 	7886 	7918
f 7888 	7885 	7921
f 7943 	7942 	7829
f 7919 	7921 	7885
f 7887 	7922 	7923
f 7891 	7923 	7925
f 7925 	7924 	7891
f 7924 	7890 	7891
f 7924 	7926 	7890
f 7942 	7909 	7910
f 7911 	7825 	7942
f 7893 	7890 	7926
f 7942 	7910 	7911
f 7829 	7830 	7943
f 7942 	7903 	7904
f 7942 	7904 	7905
f 7908 	7909 	7942
f 7906 	7907 	7942
f 7917 	7886 	7931
f 7942 	7907 	7908
f 7942 	7905 	7906
f 7933 	7932 	7881
f 7931 	7932 	7934
f 7931 	7934 	7935
f 7837 	7838 	7943
f 7943 	7832 	7833
f 7933 	7934 	7932
f 7943 	7830 	7831
f 7943 	7831 	7832
f 7988 	7963 	7937
f 7943 	7833 	7834
f 7834 	7836 	7943
f 7936 	7939 	7962
f 7937 	7963 	7941
f 7835 	7837 	7943
f 7943 	7836 	7835
f 7838 	7839 	7943
f 7945 	7944 	7946
f 7946 	7944 	7947
f 7941 	7952 	7938
f 7941 	7938 	7937
f 7938 	7952 	7953
f 7949 	7948 	7950
f 7950 	7948 	7951
f 7956 	7958 	7953
f 7939 	7953 	7940
f 7876 	7957 	7936
f 7940 	7946 	7954
f 7954 	7946 	7947
f 7955 	7948 	7949
f 7956 	7952 	7950
f 7956 	7950 	7951
f 7982 	7963 	7984
f 7937 	7936 	7957
f 7875 	7876 	7936
f 7958 	7944 	7945
f 7958 	7945 	7953
f 7878 	7875 	7936
f 7946 	7940 	7945
f 7960 	7959 	7961
f 7939 	7940 	7962
f 7940 	7954 	7962
f 7964 	7963 	7966
f 7967 	7966 	7963
f 7965 	7955 	7941
f 7941 	7963 	7965
f 7960 	7963 	7964
f 7953 	7939 	7938
f 7953 	7952 	7956
f 7963 	7968 	7967
f 7970 	7969 	8253
f 7963 	7972 	7971
f 7963 	7975 	7973
f 8253 	7976 	7974
f 8253 	7977 	7976
f 8253 	7978 	7977
f 8253 	7979 	7978
f 8253 	7980 	7979
f 7974 	7970 	8253
f 7971 	7968 	7963
f 7973 	7972 	7963
f 7982 	7981 	7963
f 7981 	7975 	7963
f 7991 	7987 	7985
f 7992 	7991 	7985
f 7963 	7988 	7986
f 7937 	7989 	7988
f 7986 	7984 	7963
f 7937 	7990 	7989
f 7937 	7871 	7996
f 7993 	7992 	7985
f 7994 	7993 	7985
f 7995 	7994 	7985
f 7985 	7983 	7995
f 7681 	7995 	7983
f 7983 	7714 	7681
f 7997 	7970 	7998
f 7937 	7996 	7990
f 7999 	7969 	7997
f 7997 	7969 	7970
f 7873 	7872 	7937
f 7937 	7870 	7871
f 7872 	7870 	7937
f 8001 	7974 	8002
f 8002 	7974 	7976
f 7874 	7873 	7937
f 7957 	7874 	7937
f 8001 	7998 	7974
f 7974 	7998 	7970
f 7879 	7878 	7936
f 8003 	7979 	8004
f 8004 	7979 	7980
f 7877 	7879 	7936
f 8005 	7978 	8003
f 8003 	7978 	7979
f 7933 	7881 	7877
f 8006 	7977 	8005
f 8005 	7977 	7978
f 7933 	7877 	7936
f 7977 	8006 	8007
f 7976 	7977 	8007
f 8007 	8002 	7976
f 7880 	7877 	7881
f 8000 	8004 	7980
f 7980 	8253 	8000
f 8008 	7995 	7682
f 7682 	7995 	7681
f 7994 	7995 	8009
f 8009 	7995 	8008
f 7993 	7994 	8010
f 8010 	7994 	8009
f 7918 	7915 	7936
f 7919 	7918 	7936
f 8012 	8011 	7992
f 7992 	7993 	8012
f 8012 	7993 	8010
f 7921 	7919 	7936
f 7920 	7921 	7936
f 7991 	7992 	8013
f 8013 	7992 	8011
f 7922 	7920 	7936
f 7936 	7962 	7922
f 7987 	8014 	8015
f 7987 	7991 	8014
f 8014 	7991 	8013
f 7923 	7922 	7962
f 7925 	7923 	7962
f 7924 	7925 	7962
f 7962 	7926 	7924
f 7962 	7927 	7926
f 7926 	7927 	7928
f 8016 	7985 	8015
f 7927 	8017 	7929
f 7929 	8017 	7930
f 7934 	7933 	7936
f 7935 	7934 	7936
f 7917 	7935 	7936
f 8015 	7985 	7987
f 7916 	7917 	7936
f 7915 	7916 	7936
f 7713 	7714 	7983
f 7983 	8018 	7713
f 7963 	8021 	8020
f 7960 	7961 	8022
f 7983 	7985 	8018
f 8018 	7985 	8016
f 7997 	7998 	8051
f 7999 	7997 	8051
f 7965 	7963 	8019
f 8019 	7943 	7965
f 8022 	8021 	7960
f 7963 	7960 	8021
f 8020 	8019 	7963
f 8002 	8051 	8001
f 7998 	8001 	8051
f 7927 	7962 	8024
f 8007 	8051 	8002
f 8008 	7682 	8027
f 8010 	8009 	8027
f 8009 	8008 	8027
f 8026 	7927 	8024
f 7962 	7942 	8024
f 8024 	8023 	8026
f 7927 	8026 	8025
f 8025 	8017 	7927
f 8012 	8010 	8027
f 8024 	8019 	8023
f 8023 	8019 	8020
f 8019 	8024 	7942
f 7942 	7943 	8019
f 8032 	8031 	8208
f 8033 	8032 	8209
f 8209 	8210 	8033
f 8210 	8212 	8034
f 8035 	8034 	8212
f 8039 	8036 	8035
f 8013 	8027 	8028
f 8012 	8027 	8011
f 8027 	8013 	8011
f 8028 	8014 	8013
f 8028 	8015 	8014
f 7665 	8038 	8043
f 8044 	8045 	7664
f 8006 	8005 	8042
f 8005 	8003 	8042
f 8042 	8051 	8006
f 8003 	8004 	8042
f 8006 	8051 	8007
f 7948 	8051 	8042
f 7944 	7951 	8042
f 8042 	8028 	7944
f 7947 	7944 	8028
f 8028 	8027 	7947
f 7947 	8027 	7962
f 7954 	7947 	7962
f 8042 	7951 	7948
f 7958 	7956 	7951
f 8051 	7948 	7955
f 7955 	7965 	8051
f 7951 	7944 	7958
f 8051 	7943 	7813
f 7813 	7999 	8051
f 8051 	7965 	7943
f 7683 	8027 	7682
f 7683 	7942 	8027
f 7962 	8027 	7942
f 8052 	7912 	8053
f 8053 	7912 	7913
f 8054 	7914 	8052
f 8052 	7914 	7912
f 8055 	8157 	8056
f 7882 	8056 	8157
f 8056 	7882 	7883
f 8054 	7814 	7914
f 8074 	8054 	7705
f 8059 	8058 	8091
f 8062 	8061 	8091
f 8053 	7913 	7695
f 7695 	7913 	7697
f 7816 	8057 	7840
f 8057 	8058 	7840
f 7840 	8058 	7841
f 8091 	8058 	8057
f 8058 	8059 	7841
f 7841 	8059 	7842
f 8091 	8057 	8074
f 8060 	7843 	8059
f 8059 	7843 	7842
f 7705 	8091 	8074
f 8091 	8060 	8059
f 8061 	7844 	8060
f 8060 	7844 	7843
f 8062 	7845 	8061
f 8061 	7845 	7844
f 8063 	7846 	8062
f 8062 	7846 	7845
f 8091 	8061 	8060
f 8064 	7847 	8063
f 8063 	7847 	7846
f 8064 	8063 	8091
f 8065 	7889 	8064
f 8064 	7889 	7847
f 8357 	8359 	7735
f 8065 	8064 	8091
f 8091 	8090 	8065
f 8362 	7737 	7735
f 8066 	7892 	8065
f 8065 	7892 	7889
f 8090 	8067 	8066
f 8116 	8368 	7742
f 8067 	7894 	8066
f 8066 	7894 	7892
f 8068 	7895 	8067
f 8067 	7895 	7894
f 8069 	7896 	8068
f 8068 	7896 	7895
f 8374 	7753 	7750
f 8070 	7897 	8069
f 8069 	7897 	7896
f 8374 	8399 	7753
f 8090 	8070 	8069
f 8071 	7898 	8070
f 8070 	7898 	7897
f 8399 	8401 	7753
f 8090 	8071 	8070
f 7755 	8401 	7757
f 8072 	7899 	8071
f 8071 	7899 	7898
f 8073 	8072 	8090
f 8072 	7900 	7899
f 7900 	8072 	8073
f 8073 	7901 	7900
f 8407 	7764 	8405
f 8073 	7818 	7901
f 8408 	7766 	7764
f 8090 	8080 	8075
f 8054 	8074 	7814
f 7814 	8074 	7815
f 7816 	7815 	8074
f 8074 	8057 	7816
f 7769 	8409 	7773
f 7818 	8073 	8075
f 8075 	7817 	7818
f 7773 	8411 	7775
f 8076 	7819 	8075
f 8075 	7819 	7817
f 8077 	7820 	8076
f 8076 	7820 	7819
f 8078 	7821 	8077
f 8077 	7821 	7820
f 8080 	8077 	8076
f 8080 	8078 	8077
f 8078 	8079 	7821
f 7821 	8079 	7822
f 8075 	8073 	8090
f 8076 	8075 	8080
f 8078 	8080 	8079
f 8000 	8080 	8004
f 8053 	7695 	7705
f 8052 	8053 	7705
f 8054 	8052 	7705
f 8419 	7791 	8418
f 8016 	8015 	8081
f 7705 	7708 	8081
f 8087 	7712 	8018
f 8018 	7712 	7713
f 7694 	8086 	8088
f 8087 	8018 	8081
f 8081 	8018 	8016
f 7708 	7712 	8087
f 8087 	8081 	7708
f 7696 	7694 	8088
f 8063 	8062 	8091
f 8066 	8065 	8090
f 8068 	8067 	8090
f 8069 	8068 	8090
f 8072 	8071 	8090
f 8595 	8082 	8092
f 8015 	8028 	8091
f 8081 	8015 	8091
f 8091 	7705 	8081
f 8092 	8093 	7699
f 8094 	7703 	8093
f 8004 	8080 	8090
f 8090 	8042 	8004
f 8090 	8091 	8042
f 8042 	8091 	8028
f 7703 	8094 	7704
f 7704 	8094 	8096
f 8096 	8104 	7704
f 8099 	8098 	8100
f 8100 	8098 	8101
f 8101 	8098 	8102
f 8102 	8098 	8103
f 8103 	8098 	8105
f 8105 	8098 	8106
f 8106 	8098 	8107
f 8107 	8098 	8534
f 8108 	7710 	8104
f 8108 	8112 	7710
f 8113 	8111 	8110
f 8110 	8109 	8113
f 8113 	8109 	8114
f 8114 	8109 	8115
f 8116 	7716 	8112
f 7742 	7716 	8116
f 7882 	8157 	8159
f 8131 	8531 	8118
f 8531 	8119 	8118
f 8531 	8120 	8119
f 8531 	8121 	8120
f 8531 	8122 	8121
f 8531 	8123 	8122
f 8531 	8124 	8123
f 8531 	8126 	8124
f 8531 	8127 	8126
f 8531 	8128 	8127
f 8531 	8095 	8129
f 8531 	8097 	8095
f 8129 	8128 	8531
f 8132 	8130 	8133
f 8133 	8130 	8131
f 8134 	8132 	8135
f 8135 	8132 	8133
f 8136 	8134 	8137
f 8137 	8134 	8135
f 8138 	8136 	8139
f 8139 	8136 	8137
f 8140 	8138 	8141
f 8141 	8138 	8139
f 8142 	8140 	8143
f 8143 	8140 	8141
f 8145 	8142 	8146
f 8146 	8142 	8143
f 8147 	8145 	8148
f 8148 	8145 	8146
f 8149 	8147 	8150
f 8150 	8147 	8148
f 8151 	8149 	8152
f 8152 	8149 	8150
f 8153 	8151 	8154
f 8154 	8151 	8152
f 8154 	8109 	8153
f 8373 	8156 	8155
f 8155 	8156 	8095
f 8373 	8155 	8158
f 8158 	8155 	8097
f 8097 	8155 	8095
f 8160 	8158 	8098
f 8098 	8158 	8097
f 8163 	8705 	8157
f 8373 	8160 	8161
f 8161 	8160 	8099
f 8099 	8160 	8098
f 8373 	8161 	8162
f 8162 	8161 	8100
f 8100 	8161 	8099
f 8163 	8157 	8164
f 8157 	8055 	8164
f 8373 	8162 	8165
f 8165 	8162 	8101
f 8101 	8162 	8100
f 8373 	8165 	8166
f 8166 	8165 	8102
f 8102 	8165 	8101
f 8167 	8373 	8168
f 8166 	8168 	8373
f 8168 	8102 	8103
f 8103 	8169 	8168
f 8168 	8169 	8167
f 8168 	8166 	8102
f 8171 	8170 	8172
f 8176 	8175 	8170
f 8171 	8176 	8170
f 8169 	8103 	8171
f 8171 	8172 	8169
f 8171 	8103 	8105
f 8105 	8177 	8176
f 8176 	8177 	8175
f 8105 	8176 	8171
f 8106 	8179 	8105
f 8105 	8179 	8177
f 8107 	8180 	8106
f 8106 	8180 	8179
f 8534 	8180 	8107
f 7938 	8182 	8181
f 7938 	8188 	8182
f 8181 	8183 	7938
f 8182 	8110 	8181
f 8181 	8110 	8111
f 7938 	8183 	8184
f 8183 	8181 	8113
f 8113 	8181 	8111
f 8184 	8183 	8114
f 8114 	8183 	8113
f 7938 	8186 	8187
f 8186 	8184 	8115
f 8115 	8184 	8114
f 8187 	8186 	8115
f 8189 	8153 	8109
f 8182 	8188 	8190
f 8191 	8189 	8190
f 8109 	8110 	8190
f 8190 	8189 	8109
f 8190 	8110 	8182
f 7938 	8187 	8192
f 8192 	8187 	8117
f 8117 	8187 	8115
f 8193 	8192 	8118
f 8118 	8192 	8117
f 8178 	8173 	8233
f 8194 	8193 	8119
f 8119 	8193 	8118
f 7938 	8194 	8196
f 8196 	8194 	8120
f 8120 	8194 	8119
f 8220 	8203 	8195
f 8222 	8204 	8203
f 8229 	8228 	8049
f 8049 	8050 	8229
f 8666 	8217 	8218
f 8029 	8229 	8050
f 8050 	8206 	8029
f 8207 	8208 	8031
f 8208 	8209 	8032
f 8632 	8195 	8203
f 8632 	8203 	8204
f 8211 	8196 	8121
f 8121 	8196 	8120
f 8663 	8211 	8217
f 8217 	8211 	8122
f 8122 	8211 	8121
f 8218 	8217 	8123
f 8123 	8217 	8122
f 8198 	8252 	8254
f 8672 	8218 	8219
f 8219 	8218 	8124
f 8124 	8218 	8123
f 8195 	8219 	8220
f 8220 	8219 	8126
f 8126 	8219 	8124
f 8226 	8214 	8215
f 8203 	8220 	8222
f 8227 	8215 	8221
f 8030 	8029 	8206
f 8127 	8222 	8126
f 8126 	8222 	8220
f 8205 	8204 	8222
f 8224 	8156 	8373
f 8128 	8223 	8127
f 8127 	8223 	8222
f 7743 	8213 	7747
f 8129 	8224 	8128
f 8128 	8224 	8223
f 8225 	7747 	8213
f 8214 	8226 	8225
f 8215 	8227 	8226
f 8221 	8228 	8227
f 8225 	8213 	8214
f 8221 	8049 	8228
f 8156 	8224 	8129
f 8129 	8095 	8156
f 7664 	7665 	8044
f 8041 	8043 	8038
f 8040 	8041 	8037
f 8038 	8037 	8041
f 8036 	8039 	8040
f 8037 	8036 	8040
f 8035 	8212 	8039
f 8034 	8033 	8210
f 8206 	8207 	8030
f 8031 	8030 	8207
f 8045 	8046 	7669
f 7671 	7669 	8046
f 7673 	7671 	8047
f 7645 	8436 	7854
f 7855 	7661 	7645
f 8046 	8047 	7671
f 8043 	8044 	7665
f 7667 	7664 	8045
f 8436 	7856 	7857
f 7857 	7858 	8436
f 7801 	7803 	7684
f 8436 	7859 	7860
f 7675 	7673 	8048
f 7860 	7852 	8436
f 7645 	7646 	8230
f 8047 	8048 	7673
f 7669 	7667 	8045
f 7677 	7675 	7686
f 8048 	7686 	7675
f 7689 	7801 	7684
f 7686 	7689 	7677
f 7684 	7677 	7689
f 8249 	8232 	8231
f 8247 	8236 	8234
f 8248 	8234 	8232
f 8246 	8237 	8236
f 8233 	8173 	8390
f 8243 	8240 	8239
f 8238 	8237 	8245
f 8237 	8246 	8245
f 8236 	8247 	8246
f 8234 	8248 	8247
f 8232 	8249 	8248
f 8231 	8250 	8249
f 8270 	8251 	8250
f 8245 	8244 	8238
f 8239 	8238 	8244
f 8244 	8243 	8239
f 7662 	8241 	8240
f 8253 	8257 	8256
f 8256 	8255 	8253
f 8271 	8260 	8259
f 8459 	8262 	8261
f 8429 	8430 	8264
f 8267 	8257 	8253
f 8266 	8258 	8257
f 8272 	8259 	8258
f 8258 	8266 	8272
f 8257 	8267 	8266
f 8253 	8268 	8267
f 8253 	7969 	8268
f 8251 	8270 	8269
f 8271 	8242 	8260
f 8269 	8260 	8242
f 8250 	8231 	8270
f 8269 	8242 	8251
f 8259 	8272 	8271
f 8264 	8430 	8261
f 8240 	8243 	7662
f 7662 	7663 	8241
f 7702 	7663 	7666
f 7721 	7718 	7666
f 7724 	7721 	7668
f 7666 	7718 	7702
f 8241 	7663 	7702
f 7681 	7714 	7676
f 8452 	8252 	8262
f 7668 	7670 	7724
f 8198 	8199 	8262
f 7672 	7729 	7726
f 7674 	7676 	7732
f 7726 	7724 	7670
f 7676 	7714 	7732
f 7732 	7729 	7674
f 7726 	7670 	7672
f 7729 	7672 	7674
f 7721 	7666 	7668
f 8251 	8242 	8029
f 8251 	8029 	8030
f 8030 	8031 	8250
f 8250 	8251 	8030
f 8249 	8250 	8031
f 8249 	8031 	8032
f 8032 	8033 	8248
f 8248 	8249 	8032
f 8247 	8248 	8034
f 8034 	8248 	8033
f 8034 	8035 	8246
f 8246 	8247 	8034
f 8245 	8246 	8036
f 8036 	8246 	8035
f 8245 	8037 	8244
f 8037 	8245 	8036
f 8243 	8244 	8037
f 8243 	8037 	8038
f 8490 	8231 	8273
f 8273 	8231 	8274
f 8274 	8231 	8232
f 8274 	8232 	8275
f 8275 	8232 	8234
f 8275 	8234 	8276
f 8276 	8234 	8236
f 8237 	8277 	8236
f 8236 	8277 	8276
f 8238 	8278 	8237
f 8237 	8278 	8277
f 8239 	8279 	8238
f 8238 	8279 	8278
f 8240 	8280 	8239
f 8239 	8280 	8279
f 8241 	8281 	8240
f 8240 	8281 	8280
f 8284 	8283 	8278
f 8277 	8278 	8283
f 8283 	8301 	8277
f 8298 	8275 	8276
f 8278 	8279 	8284
f 8297 	8274 	8275
f 8296 	8273 	8274
f 8225 	8268 	7999
f 8268 	7969 	7999
f 7999 	7813 	8225
f 7813 	7747 	8225
f 8226 	8267 	8268
f 8226 	8268 	8225
f 8227 	8266 	8226
f 8226 	8266 	8267
f 8266 	8227 	8228
f 8272 	8266 	8228
f 8229 	8271 	8272
f 8229 	8272 	8228
f 8242 	8271 	8229
f 8229 	8029 	8242
f 8643 	8642 	8282
f 8301 	8283 	8039
f 8284 	8040 	8283
f 8283 	8040 	8039
f 8285 	8041 	8284
f 8284 	8041 	8040
f 8642 	8644 	8282
f 8286 	8043 	8285
f 8285 	8043 	8041
f 8287 	8044 	8286
f 8286 	8044 	8043
f 8288 	8045 	8287
f 8287 	8045 	8044
f 8609 	8606 	8282
f 8289 	8046 	8288
f 8288 	8046 	8045
f 8290 	8047 	8289
f 8289 	8047 	8046
f 7701 	8288 	8287
f 8492 	8493 	8282
f 8291 	8048 	8290
f 8290 	8048 	8047
f 7723 	8290 	8289
f 7685 	7686 	8291
f 8291 	7686 	8048
f 7725 	8291 	8290
f 7728 	7685 	8291
f 8282 	8506 	8505
f 8714 	8282 	8712
f 8293 	8050 	8292
f 8292 	8050 	8049
f 8704 	8282 	8705
f 8293 	8294 	8050
f 8050 	8294 	8206
f 8159 	8282 	8144
f 8489 	8490 	8294
f 8294 	8295 	8206
f 8206 	8295 	8207
f 8393 	8394 	8282
f 8490 	8295 	8294
f 8295 	8296 	8207
f 8207 	8296 	8208
f 8273 	8296 	8295
f 8199 	8198 	8282
f 8296 	8297 	8208
f 8208 	8297 	8209
f 8201 	8200 	8282
f 8274 	8297 	8296
f 8297 	8298 	8209
f 8209 	8298 	8210
f 8275 	8298 	8297
f 8299 	8300 	7936
f 8298 	8301 	8210
f 8210 	8301 	8212
f 8300 	8302 	7936
f 8276 	8301 	8298
f 8301 	8039 	8212
f 8200 	8199 	8282
f 7936 	8305 	8306
f 7822 	8079 	8308
f 8308 	8213 	7822
f 7822 	8213 	7743
f 8395 	8396 	8282
f 8309 	8213 	8308
f 8309 	8313 	8312
f 8312 	8214 	8309
f 8309 	8214 	8213
f 8325 	8603 	8311
f 8331 	8309 	8308
f 8320 	8215 	8312
f 8312 	8215 	8214
f 8325 	8317 	8318
f 8325 	8319 	8321
f 8185 	8202 	8282
f 8325 	8322 	8299
f 8325 	8321 	8322
f 8299 	7936 	8325
f 8324 	8320 	8344
f 8324 	8221 	8320
f 8320 	8221 	8215
f 8396 	8398 	8282
f 8335 	8313 	8309
f 8318 	8319 	8325
f 8317 	8325 	8316
f 8314 	8315 	8325
f 8603 	8310 	8311
f 8323 	8310 	8603
f 8315 	8316 	8325
f 8398 	8393 	8282
f 8292 	8324 	8346
f 8346 	8488 	8292
f 8379 	8326 	7939
f 8394 	8144 	8282
f 8292 	8049 	8324
f 8324 	8049 	8221
f 8306 	8307 	7936
f 8305 	7936 	8304
f 8304 	7936 	8303
f 8302 	8303 	7936
f 8705 	8282 	8157
f 8294 	8293 	8489
f 8293 	8292 	8488
f 7938 	8332 	8330
f 8308 	8079 	8080
f 8308 	8080 	8331
f 8159 	8157 	8282
f 7938 	8330 	8329
f 7938 	8333 	8332
f 8000 	8253 	8331
f 8331 	8080 	8000
f 8712 	8282 	8704
f 7937 	8337 	8336
f 8331 	8253 	8335
f 8335 	8253 	8255
f 8337 	7937 	8327
f 7938 	8328 	8327
f 7938 	8329 	8328
f 8309 	8331 	8335
f 8256 	8339 	8255
f 8255 	8339 	8335
f 7937 	8340 	8338
f 8257 	8341 	8256
f 8256 	8341 	8339
f 7937 	8342 	8340
f 7937 	8343 	8342
f 8258 	8344 	8257
f 8257 	8344 	8341
f 8185 	8282 	8178
f 8349 	7722 	7719
f 7719 	8125 	8349
f 7937 	8350 	8348
f 7937 	8336 	8350
f 7722 	8349 	8351
f 8334 	8333 	7938
f 8224 	8373 	8355
f 7734 	8354 	8357
f 7735 	7734 	8357
f 7735 	8359 	8362
f 7738 	8362 	8365
f 8373 	8366 	8364
f 7738 	8365 	8084
f 8222 	8223 	8369
f 8369 	8205 	8222
f 8223 	8353 	8369
f 7742 	8368 	8370
f 8370 	7744 	7742
f 7744 	8370 	8371
f 8371 	7745 	7744
f 8158 	8160 	8373
f 8355 	8223 	8224
f 8355 	8353 	8223
f 8355 	8373 	8356
f 8356 	8373 	8358
f 8358 	8373 	8360
f 8373 	8363 	8361
f 8361 	8360 	8373
f 8364 	8363 	8373
f 8373 	8367 	8366
f 8372 	7745 	8371
f 8327 	7937 	7938
f 8373 	8338 	8367
f 8338 	8373 	7937
f 7937 	8345 	8343
f 7937 	8347 	8345
f 8348 	8347 	7937
f 8216 	8202 	8265
f 8264 	8201 	8216
f 8265 	8263 	8216
f 8254 	8197 	8198
f 8262 	8252 	8198
f 8200 	8261 	8262
f 8262 	8199 	8200
f 8264 	8261 	8200
f 8200 	8201 	8264
f 8216 	8263 	8264
f 8265 	8202 	8185
f 8365 	8385 	8384
f 8365 	8443 	8385
f 8422 	8385 	8443
f 8422 	8456 	8384
f 8445 	8444 	8230
f 7893 	7882 	8445
f 8431 	8432 	8235
f 8235 	8233 	8431
f 8435 	8431 	8233
f 8383 	7959 	8400
f 7757 	8401 	8402
f 8437 	8397 	8400
f 8403 	7759 	8402
f 8402 	7759 	7757
f 7759 	8403 	8404
f 8404 	7761 	7759
f 8404 	8405 	7761
f 8406 	8383 	8400
f 7764 	8407 	8408
f 8408 	8409 	7766
f 8235 	8178 	8233
f 8409 	8410 	7773
f 8185 	8178 	8235
f 7773 	8410 	8411
f 7775 	8411 	8412
f 8413 	7778 	8412
f 7778 	8413 	7780
f 7780 	8413 	8414
f 7780 	8414 	8415
f 8416 	7782 	8415
f 8174 	8390 	8173
f 7782 	8416 	8417
f 7719 	7791 	8419
f 8125 	7719 	8419
f 8392 	8468 	8397
f 8420 	8406 	8400
f 8389 	8390 	8174
f 8587 	8588 	8421
f 7876 	8589 	8421
f 8174 	8386 	8389
f 8391 	8389 	8386
f 7957 	8421 	7874
f 8421 	7957 	7876
f 8443 	8400 	8422
f 8426 	8430 	7645
f 8430 	8429 	7645
f 8365 	8437 	8443
f 8466 	8467 	8425
f 8427 	8426 	7645
f 8459 	8427 	7645
f 8440 	8438 	8362
f 8261 	8426 	8427
f 8427 	8459 	8261
f 8264 	8263 	8429
f 8432 	8431 	7645
f 7645 	8429 	8433
f 7645 	8433 	8432
f 7645 	8435 	8434
f 7645 	8431 	8435
f 8439 	8440 	8362
f 8425 	8467 	8423
f 8390 	8389 	8434
f 8434 	8435 	8390
f 8391 	8439 	8436
f 8389 	8391 	8436
f 8436 	8434 	8389
f 7981 	7982 	8428
f 8362 	8436 	8439
f 8391 	8392 	8439
f 8439 	8392 	8440
f 8458 	8456 	8422
f 8233 	8390 	8435
f 8423 	8442 	7967
f 7967 	7968 	8423
f 8433 	8265 	8432
f 8265 	8235 	8432
f 8433 	8429 	8263
f 8263 	8265 	8433
f 8426 	8261 	8430
f 8397 	8437 	8438
f 8397 	8438 	8440
f 8392 	8397 	8440
f 8422 	8384 	8385
f 8400 	8443 	8437
f 8422 	8400 	7959
f 7959 	7960 	8422
f 8235 	8265 	8185
f 7966 	8441 	7964
f 7964 	8441 	8422
f 7960 	7964 	8422
f 7967 	8442 	7966
f 7966 	8442 	8441
f 8387 	8445 	8230
f 8388 	8387 	8230
f 8448 	8446 	8230
f 7972 	8425 	7971
f 8423 	7968 	7971
f 8457 	8459 	7645
f 8230 	8446 	8447
f 7971 	8425 	8423
f 8230 	8444 	8448
f 7972 	7973 	8425
f 8599 	8447 	8446
f 7975 	8424 	7973
f 8424 	8425 	7973
f 8428 	8424 	7981
f 8230 	8447 	8449
f 7975 	7981 	8424
f 8601 	8449 	8447
f 8428 	7982 	7984
f 8230 	8451 	8450
f 8230 	8449 	8451
f 8463 	8467 	8085
f 8451 	8602 	8596
f 8596 	8450 	8451
f 8462 	8454 	8230
f 8230 	8450 	8455
f 8454 	8453 	8230
f 8230 	8453 	8452
f 8464 	8463 	8085
f 8084 	8458 	8465
f 8365 	8384 	8456
f 8453 	8254 	8252
f 8252 	8452 	8453
f 7645 	8230 	8452
f 8365 	8456 	8458
f 8262 	8459 	8457
f 8465 	8458 	8422
f 8462 	8597 	8254
f 8254 	8454 	8462
f 7690 	7692 	8502
f 8485 	8461 	7690
f 8452 	8457 	7645
f 8460 	8388 	8230
f 8457 	8452 	8262
f 8460 	8461 	7893
f 8597 	8455 	8450
f 8451 	8449 	8602
f 8230 	8455 	8462
f 8388 	8460 	7893
f 8254 	8453 	8454
f 8450 	8596 	8597
f 8597 	8462 	8455
f 8084 	8487 	8464
f 8085 	8084 	8464
f 8467 	8466 	8086
f 8088 	8086 	8471
f 8423 	8463 	8442
f 8445 	8387 	7893
f 8425 	8424 	8466
f 8086 	8085 	8467
f 8470 	8471 	8428
f 8466 	8471 	8086
f 8504 	7869 	8472
f 7696 	8479 	8478
f 7693 	8484 	8483
f 8392 	8391 	8386
f 8595 	8547 	8477
f 8392 	8474 	8468
f 8475 	8476 	7931
f 8468 	8469 	8400
f 8400 	8397 	8468
f 8400 	8480 	8420
f 8479 	7886 	7885
f 7885 	8478 	8479
f 8469 	8482 	8481
f 8481 	8480 	8469
f 8469 	8480 	8400
f 7694 	8478 	8484
f 8386 	8474 	8392
f 8484 	7888 	7887
f 7887 	8483 	8484
f 7692 	7693 	8483
f 8486 	8502 	7692
f 7891 	8486 	8483
f 8484 	8478 	7888
f 8475 	7931 	7886
f 7886 	8479 	8475
f 8476 	8477 	7932
f 7868 	8472 	7869
f 8471 	8466 	8424
f 8424 	8428 	8471
f 8463 	8423 	8467
f 7890 	7893 	8485
f 8485 	7893 	8461
f 8422 	8441 	8465
f 8259 	8346 	8258
f 8258 	8346 	8344
f 8084 	8465 	8487
f 8464 	8487 	8442
f 8463 	8464 	8442
f 8260 	8488 	8259
f 8259 	8488 	8346
f 8260 	8269 	8488
f 8344 	8346 	8324
f 8341 	8344 	8320
f 8320 	8312 	8341
f 8339 	8341 	8312
f 8312 	8313 	8339
f 8339 	8313 	8335
f 8269 	8489 	8488
f 8270 	8490 	8269
f 8269 	8490 	8489
f 8231 	8490 	8270
f 7702 	7701 	8281
f 8281 	8241 	7702
f 8301 	8276 	8277
f 8293 	8488 	8489
f 8295 	8490 	8273
f 8285 	8284 	8279
f 8286 	8285 	8280
f 8279 	8280 	8285
f 8280 	8281 	8286
f 8287 	8286 	8281
f 8281 	7701 	8287
f 7720 	8289 	8288
f 8038 	7665 	7662
f 7662 	8243 	8038
f 8602 	8398 	8396
f 8395 	8596 	8396
f 8596 	8395 	8597
f 8395 	8197 	8597
f 8597 	8197 	8254
f 8022 	8481 	8482
f 8164 	8025 	8163
f 8383 	7961 	7959
f 8383 	8406 	7961
f 8406 	8420 	7961
f 8420 	8480 	8022
f 8022 	7961 	8420
f 8481 	8022 	8480
f 7884 	7930 	8017
f 7883 	7884 	8017
f 8056 	7883 	8017
f 8055 	8056 	8017
f 8017 	8025 	8055
f 8025 	8164 	8055
f 8499 	8493 	8492
f 8492 	8500 	8499
f 8501 	8500 	8492
f 8491 	8494 	8495
f 8496 	8491 	8495
f 8493 	8498 	8497
f 8497 	8491 	8493
f 8497 	8494 	8491
f 8499 	8498 	8493
f 8605 	8630 	8501
f 8483 	8486 	7692
f 8502 	7891 	7890
f 7890 	8485 	8502
f 8483 	7887 	7891
f 7891 	8502 	8486
f 8487 	8465 	8441
f 8441 	8442 	8487
f 8428 	8503 	8470
f 7996 	7871 	8504
f 8503 	8504 	8473
f 8473 	8470 	8503
f 7988 	8503 	7986
f 7986 	8503 	7984
f 7984 	8503 	8428
f 7988 	7989 	8503
f 8282 	8386 	8174
f 8503 	7989 	8504
f 8504 	7989 	7990
f 7990 	7996 	8504
f 8591 	8590 	8547
f 8590 	7877 	8547
f 8202 	8216 	8282
f 8216 	8201 	8282
f 8509 	8506 	8510
f 8505 	8021 	8507
f 8482 	8469 	8505
f 8508 	8021 	8505
f 8505 	8507 	8482
f 8508 	8506 	8509
f 8505 	8506 	8508
f 8512 	8537 	8535
f 8607 	8518 	8517
f 8517 	8516 	8607
f 8607 	8519 	8518
f 8512 	8535 	8513
f 8538 	8537 	8512
f 8607 	8521 	8520
f 8607 	8180 	8521
f 8526 	8524 	8523
f 8526 	8525 	8524
f 8523 	8522 	8526
f 8514 	8491 	8496
f 8496 	8539 	8514
f 8527 	8510 	8511
f 8510 	8506 	8511
f 8097 	8530 	8529
f 8097 	8531 	8530
f 8529 	8528 	8097
f 8097 	8528 	8532
f 8533 	8527 	8513
f 8513 	8527 	8511
f 8098 	8532 	8536
f 8536 	8534 	8098
f 8535 	8533 	8513
f 8130 	8515 	8131
f 8512 	8514 	8538
f 8538 	8514 	8539
f 8528 	8518 	8532
f 8532 	8518 	8519
f 8529 	8517 	8528
f 8528 	8517 	8518
f 8530 	8516 	8529
f 8529 	8516 	8517
f 8531 	8515 	8530
f 8530 	8515 	8516
f 8531 	8131 	8515
f 8534 	8521 	8180
f 8536 	8520 	8534
f 8534 	8520 	8521
f 8536 	8532 	8520
f 8520 	8532 	8519
f 8675 	8671 	8542
f 8524 	8541 	8523
f 8523 	8541 	8542
f 8522 	8523 	8543
f 8543 	8523 	8542
f 8524 	8525 	8541
f 8541 	8525 	8540
f 8522 	8545 	8544
f 8544 	8526 	8522
f 8522 	8543 	8546
f 8546 	8545 	8522
f 8548 	8547 	8545
f 8546 	8548 	8545
f 8562 	8551 	8550
f 8562 	8552 	8551
f 8562 	8553 	8552
f 8562 	8554 	8553
f 8562 	8555 	8554
f 8562 	8556 	8555
f 8562 	8557 	8556
f 8562 	8558 	8557
f 8562 	8559 	8558
f 8562 	8560 	8559
f 8562 	8561 	8560
f 8550 	8563 	8562
f 8550 	8549 	8563
f 8562 	8568 	8566
f 8567 	8566 	8568
f 7647 	8567 	8568
f 8568 	8564 	7647
f 7648 	7647 	8564
f 8566 	8565 	8562
f 8565 	8561 	8562
f 8549 	8525 	8563
f 8563 	8525 	8526
f 8541 	8540 	8675
f 8569 	8574 	8573
f 8569 	8575 	8574
f 8584 	8570 	8569
f 8575 	8569 	8576
f 8581 	8577 	8576
f 8581 	8578 	8577
f 8580 	8579 	8578
f 8578 	8581 	8580
f 8576 	8569 	8581
f 8570 	8584 	8583
f 8569 	8573 	8584
f 8583 	8582 	8570
f 8570 	8582 	7660
f 8595 	8477 	8476
f 8471 	8470 	8088
f 7868 	7866 	8548
f 8542 	8541 	8675
f 8472 	8473 	8504
f 8560 	8561 	8574
f 8574 	8561 	8573
f 8548 	7866 	7867
f 7867 	8585 	8548
f 8559 	8560 	8575
f 8575 	8560 	8574
f 8547 	8593 	8477
f 8558 	8559 	8576
f 8576 	8559 	8575
f 8557 	8558 	8577
f 8577 	8558 	8576
f 8585 	7867 	8586
f 8586 	7867 	7865
f 8556 	8557 	8578
f 8578 	8557 	8577
f 8547 	8548 	8588
f 8548 	8585 	8588
f 8555 	8556 	8579
f 8579 	8556 	8578
f 8554 	8555 	8580
f 8580 	8555 	8579
f 8553 	8554 	8581
f 8581 	8554 	8580
f 8421 	8589 	8587
f 8552 	8553 	8569
f 8569 	8553 	8581
f 8587 	8591 	8547
f 8588 	8587 	8547
f 8551 	8552 	8570
f 8570 	8552 	8569
f 8550 	8551 	8571
f 8571 	8551 	8570
f 8590 	8591 	8592
f 8549 	8550 	8572
f 8572 	8550 	8571
f 8540 	8549 	8572
f 8547 	7877 	8593
f 8582 	8567 	7660
f 7660 	8567 	7647
f 7931 	8476 	7932
f 8583 	8566 	8582
f 8582 	8566 	8567
f 8584 	8565 	8583
f 8583 	8565 	8566
f 7932 	8477 	8593
f 8584 	8573 	8565
f 8565 	8573 	8561
f 8525 	8549 	8540
f 7877 	8590 	8594
f 7877 	8594 	7862
f 7646 	8564 	8568
f 8562 	8544 	7646
f 7646 	7654 	8564
f 7863 	8593 	7877
f 7646 	8568 	8562
f 8562 	8563 	8544
f 8563 	8526 	8544
f 7862 	8594 	8592
f 8595 	8476 	8475
f 8593 	7863 	7881
f 7881 	7932 	8593
f 8589 	8592 	8591
f 8591 	8587 	8589
f 7876 	7875 	8589
f 8460 	8230 	7690
f 8461 	8460 	7690
f 8484 	7693 	7694
f 7875 	7878 	8592
f 8479 	7696 	7698
f 8478 	7694 	7696
f 7861 	7862 	8592
f 8594 	8590 	8592
f 8588 	8585 	8421
f 8421 	8585 	8586
f 8547 	8595 	7699
f 7873 	8586 	7865
f 7699 	7700 	8547
f 7700 	7703 	8547
f 8586 	7873 	7874
f 7874 	8421 	8586
f 7707 	7710 	8547
f 8506 	8282 	8511
f 8396 	8596 	8602
f 8513 	8511 	8282
f 7930 	7882 	7893
f 7893 	7929 	7930
f 7884 	7882 	7930
f 8444 	8445 	7882
f 7882 	8598 	8444
f 8600 	8599 	8446
f 8446 	8448 	8600
f 8447 	8599 	8601
f 8469 	8468 	8282
f 8469 	8282 	8505
f 8602 	8449 	8601
f 8600 	8144 	8394
f 8282 	8468 	8474
f 8474 	8386 	8282
f 8598 	8600 	8448
f 8448 	8444 	8598
f 8159 	8598 	7882
f 8600 	8598 	8159
f 8159 	8144 	8600
f 8394 	8599 	8600
f 8601 	8599 	8393
f 8394 	8393 	8599
f 8393 	8398 	8601
f 8601 	8398 	8602
f 8387 	8388 	7893
f 8547 	7715 	7716
f 8306 	8350 	8307
f 8513 	8282 	8512
f 8512 	8282 	8514
f 8605 	8282 	8606
f 8355 	8356 	8314
f 8358 	8315 	8314
f 8492 	8282 	8605
f 8327 	8375 	8376
f 8377 	8330 	8378
f 8327 	8376 	8382
f 8303 	8343 	8304
f 8304 	8347 	8305
f 8609 	8282 	8610
f 8336 	8381 	8307
f 8307 	8350 	8336
f 8323 	8353 	8310
f 8491 	8282 	8493
f 8314 	8356 	8358
f 8315 	8358 	8316
f 8174 	8173 	8282
f 8173 	8178 	8282
f 8378 	8330 	8379
f 8336 	8337 	8382
f 8382 	8381 	8336
f 8337 	8327 	8382
f 8340 	8300 	8299
f 8299 	8338 	8340
f 8342 	8302 	8300
f 8300 	8340 	8342
f 8303 	8302 	8342
f 8305 	8347 	8306
f 8311 	8310 	8355
f 8314 	8311 	8355
f 8198 	8197 	8282
f 8635 	8205 	8323
f 8328 	8375 	8327
f 8329 	8377 	8328
f 8328 	8377 	8375
f 8329 	8330 	8377
f 8332 	8379 	8330
f 8379 	8332 	8326
f 8326 	8332 	8333
f 8713 	8282 	8714
f 8334 	8380 	8333
f 8333 	8380 	8326
f 8395 	8282 	8197
f 8343 	8303 	8342
f 8304 	8343 	8345
f 8304 	8345 	8347
f 8306 	8347 	8348
f 8306 	8348 	8350
f 8612 	8282 	8613
f 8310 	8353 	8355
f 8316 	8358 	8360
f 8361 	8317 	8316
f 8316 	8360 	8361
f 8363 	8318 	8317
f 8317 	8361 	8363
f 8364 	8319 	8318
f 8318 	8363 	8364
f 8366 	8321 	8319
f 8319 	8364 	8366
f 8322 	8321 	8366
f 8322 	8366 	8367
f 8322 	8367 	8299
f 8299 	8367 	8338
f 8369 	8323 	8205
f 8610 	8282 	8612
f 8323 	8369 	8353
f 8282 	8491 	8514
f 8172 	8170 	8603
f 8172 	8603 	8167
f 7953 	7945 	7940
f 8604 	7938 	7939
f 8603 	8170 	8175
f 8190 	8188 	8191
f 8604 	8603 	8607
f 8603 	8175 	8607
f 8607 	8191 	8604
f 8191 	8188 	8604
f 7939 	8380 	8608
f 7939 	8608 	8611
f 8282 	8615 	8613
f 7939 	8614 	8616
f 7939 	8616 	8617
f 8639 	8613 	8615
f 8604 	8618 	8619
f 8604 	8620 	8621
f 8610 	8637 	8609
f 8612 	8638 	8637
f 8637 	8610 	8612
f 8639 	8638 	8612
f 8612 	8613 	8639
f 8604 	8624 	8625
f 8605 	8629 	8630
f 8604 	8626 	8627
f 8501 	8492 	8605
f 8604 	8627 	8628
f 8605 	8606 	8634
f 8634 	8629 	8605
f 8603 	8631 	8632
f 8634 	8606 	8609
f 8609 	8636 	8634
f 8632 	8633 	8603
f 8637 	8636 	8609
f 8635 	8323 	8603
f 8311 	8314 	8325
f 8639 	8615 	8640
f 8633 	8635 	8603
f 8604 	8628 	8631
f 8631 	8603 	8604
f 8626 	8604 	8625
f 8624 	8604 	8623
f 8604 	8622 	8623
f 8615 	8641 	8640
f 8621 	8622 	8604
f 8619 	8620 	8604
f 7939 	8617 	8618
f 8618 	8604 	7939
f 8611 	8614 	7939
f 8650 	8649 	8642
f 8652 	8651 	8643
f 8615 	8282 	8644
f 8644 	8646 	8645
f 8641 	8615 	8644
f 8658 	8659 	8619
f 8644 	8647 	8646
f 8648 	8642 	8649
f 8648 	8647 	8644
f 8644 	8642 	8648
f 8643 	8651 	8650
f 8642 	8643 	8650
f 7722 	7727 	7646
f 7727 	7730 	8230
f 8230 	7646 	7727
f 7730 	7733 	8230
f 7733 	7734 	8230
f 8230 	7737 	7738
f 8230 	7738 	7690
f 7716 	7742 	8545
f 8195 	8631 	8628
f 8631 	8195 	8632
f 7742 	7744 	8545
f 7744 	7745 	8545
f 8204 	8633 	8632
f 7745 	7748 	8545
f 7748 	7750 	8545
f 8635 	8633 	8204
f 8204 	8205 	8635
f 8545 	7753 	7755
f 7757 	7759 	8544
f 8607 	8147 	8149
f 8149 	8151 	8607
f 8607 	8145 	8147
f 8607 	8142 	8145
f 8607 	8140 	8142
f 8607 	8138 	8140
f 8607 	8136 	8138
f 8607 	8134 	8136
f 8607 	8132 	8134
f 8607 	8130 	8132
f 8607 	8515 	8130
f 8151 	8153 	8607
f 7763 	7764 	8544
f 8544 	7761 	7763
f 7764 	7766 	8544
f 8516 	8515 	8607
f 8169 	8172 	8167
f 8544 	7766 	7769
f 7769 	7773 	8544
f 8520 	8519 	8607
f 8180 	8607 	8179
f 8607 	8175 	8177
f 8177 	8179 	8607
f 8607 	8153 	8189
f 8189 	8191 	8607
f 7773 	7775 	8544
f 7646 	8544 	7775
f 7775 	7777 	7646
f 7777 	7778 	7646
f 7955 	7949 	7941
f 7781 	7782 	7646
f 7941 	7949 	7950
f 7950 	7952 	7941
f 7646 	7782 	7785
f 7646 	7785 	7786
f 8604 	8188 	7938
f 7646 	7786 	7791
f 7722 	7646 	7719
f 7791 	7719 	7646
f 7780 	7781 	7646
f 7778 	7780 	7646
f 7938 	8653 	8334
f 7755 	7757 	8544
f 8544 	8545 	7755
f 7750 	7753 	8545
f 7761 	8544 	7759
f 7716 	8545 	8547
f 7710 	7715 	8547
f 7707 	8547 	7704
f 7703 	7704 	8547
f 8475 	7698 	8595
f 7938 	8657 	8656
f 7938 	8658 	8657
f 8502 	8485 	7690
f 7735 	7737 	8230
f 7734 	7735 	8230
f 7698 	8475 	8479
f 8196 	8660 	8659
f 8658 	7938 	8196
f 8656 	8655 	7938
f 8540 	8572 	8675
f 8196 	8661 	8660
f 7679 	7678 	8570
f 8211 	8662 	8661
f 8211 	8663 	8662
f 8571 	8570 	8675
f 7851 	8665 	8570
f 7848 	7851 	8570
f 7849 	7848 	8570
f 8217 	8666 	8664
f 8217 	8664 	8663
f 8572 	8571 	8675
f 8675 	8667 	8671
f 8675 	8668 	8667
f 8219 	8195 	8673
f 8218 	8670 	8666
f 8570 	8665 	8676
f 8570 	8676 	8675
f 8669 	8668 	8675
f 8674 	8678 	8677
f 8677 	8669 	8674
f 8675 	8674 	8669
f 8678 	8674 	8679
f 8679 	8674 	8680
f 8684 	8681 	8680
f 8684 	8682 	8681
f 8684 	8683 	8682
f 8680 	8674 	8684
f 8219 	8673 	8672
f 8686 	8685 	8665
f 8665 	7851 	7856
f 7856 	8686 	8665
f 8671 	8687 	8543
f 8543 	8542 	8671
f 8661 	8196 	8211
f 8218 	8672 	8670
f 8196 	8659 	8658
f 7938 	8193 	8194
f 8192 	8193 	7938
f 8184 	8186 	7938
f 8688 	8687 	8667
f 8667 	8687 	8671
f 8689 	8688 	8668
f 8668 	8688 	8667
f 8655 	8654 	7938
f 8654 	8653 	7938
f 8690 	8689 	8669
f 8669 	8689 	8668
f 8691 	8690 	8669
f 8380 	8653 	8608
f 8692 	8691 	8677
f 8677 	8691 	8669
f 8654 	8611 	8608
f 8693 	8692 	8678
f 8678 	8692 	8677
f 8694 	8693 	8679
f 8679 	8693 	8678
f 8695 	8694 	8680
f 8680 	8694 	8679
f 8681 	8697 	8696
f 8680 	8681 	8696
f 8696 	8695 	8680
f 8698 	8697 	8682
f 8682 	8697 	8681
f 8699 	8698 	8683
f 8683 	8698 	8682
f 8700 	8699 	8684
f 8684 	8699 	8683
f 8701 	8700 	8674
f 8674 	8700 	8684
f 8660 	8620 	8659
f 8619 	8659 	8620
f 8675 	8702 	8674
f 8674 	8702 	8701
f 8676 	8703 	8675
f 8675 	8703 	8702
f 8685 	8703 	8676
f 8676 	8665 	8685
f 8548 	8092 	8082
f 8089 	8088 	8470
f 8083 	8089 	8470
f 8470 	8473 	8083
f 8082 	8083 	8473
f 8473 	8472 	8082
f 8472 	7868 	8082
f 7868 	8548 	8082
f 8626 	8672 	8627
f 8548 	8093 	8092
f 8548 	8094 	8093
f 8548 	8096 	8094
f 8654 	8655 	8614
f 8656 	8616 	8614
f 8436 	8354 	8352
f 8436 	8352 	8351
f 8436 	8357 	8354
f 8436 	8362 	8359
f 8660 	8621 	8620
f 8458 	8084 	8365
f 8548 	8370 	8368
f 8546 	8371 	8370
f 8548 	8368 	8116
f 8546 	8372 	8371
f 8546 	8374 	8372
f 8116 	8112 	8548
f 8546 	8401 	8399
f 8546 	8399 	8374
f 8693 	8402 	8401
f 8627 	8672 	8628
f 8380 	8334 	8653
f 8695 	8408 	8407
f 8696 	8409 	8408
f 8608 	8653 	8654
f 8697 	8410 	8409
f 8614 	8611 	8654
f 8614 	8655 	8656
f 8697 	8411 	8410
f 8698 	8412 	8411
f 8656 	8657 	8617
f 8407 	8405 	8694
f 8617 	8657 	8658
f 8658 	8618 	8617
f 8699 	8415 	8414
f 8619 	8618 	8658
f 8418 	8417 	8700
f 8700 	8701 	8418
f 8700 	8417 	8416
f 8661 	8621 	8660
f 8662 	8622 	8661
f 8661 	8622 	8621
f 8419 	8418 	8701
f 8419 	8701 	8125
f 8702 	8351 	8349
f 8702 	8349 	8125
f 8662 	8663 	8622
f 8622 	8663 	8623
f 8663 	8624 	8623
f 8700 	8416 	8415
f 8409 	8696 	8697
f 8413 	8698 	8699
f 8673 	8628 	8672
f 8125 	8701 	8702
f 8370 	8548 	8546
f 8693 	8403 	8402
f 8693 	8404 	8403
f 8694 	8405 	8404
f 8404 	8693 	8694
f 8698 	8413 	8412
f 8407 	8694 	8695
f 8401 	8692 	8693
f 8546 	8688 	8689
f 8617 	8616 	8656
f 8546 	8543 	8687
f 8546 	8687 	8688
f 8401 	8546 	8691
f 8546 	8689 	8690
f 8546 	8690 	8691
f 8691 	8692 	8401
f 8699 	8414 	8413
f 8408 	8695 	8696
f 8664 	8624 	8663
f 8666 	8625 	8664
f 8664 	8625 	8624
f 8096 	8548 	8104
f 8104 	8548 	8108
f 8108 	8548 	8112
f 8626 	8625 	8666
f 8436 	8702 	8703
f 8703 	8685 	8436
f 8365 	8438 	8437
f 8702 	8436 	8351
f 8438 	8365 	8362
f 8685 	8686 	8436
f 8666 	8670 	8626
f 8670 	8672 	8626
f 8436 	8359 	8357
f 8628 	8673 	8195
f 7856 	8436 	8686
f 8411 	8697 	8698
f 8115 	8152 	8150
f 8115 	8154 	8152
f 8115 	8109 	8154
f 8150 	8148 	8115
f 8135 	8133 	8118
f 8137 	8135 	8118
f 8118 	8117 	8137
f 8117 	8115 	8137
f 8139 	8137 	8115
f 8141 	8139 	8115
f 8143 	8141 	8115
f 8115 	8146 	8143
f 8115 	8148 	8146
f 8415 	8699 	8700
f 8133 	8131 	8118
f 8532 	8098 	8097
f 8083 	8082 	8595
f 8163 	8026 	8705
f 8704 	8707 	8706
f 8708 	8712 	8704
f 8704 	8706 	8708
f 8709 	8707 	8704
f 8704 	8705 	8709
f 8710 	8709 	8705
f 8710 	8705 	8026
f 8282 	8711 	8643
f 8713 	8711 	8282
f 8652 	8643 	8711
f 8711 	8716 	8715
f 8717 	8716 	8711
f 8714 	8712 	8720
f 8720 	8719 	8714
f 8711 	8715 	8652
f 8717 	8713 	8718
f 8711 	8713 	8717
f 8719 	8718 	8714
f 8714 	8718 	8713
f 8712 	8708 	8720
f 8644 	8645 	8641
f 8637 	8023 	8020
f 8636 	8020 	8634
f 8535 	8537 	8020
f 8020 	8539 	8496
f 8020 	8494 	8497
f 8497 	8498 	8020
f 8499 	8500 	8020
f 8020 	8498 	8499
f 8021 	8022 	8507
f 8507 	8022 	8482
f 8020 	8508 	8509
f 8021 	8508 	8020
f 8020 	8509 	8510
f 8510 	8527 	8020
f 8527 	8533 	8020
f 8020 	8533 	8535
f 8020 	8537 	8538
f 8020 	8495 	8494
f 8501 	8630 	8020
f 8630 	8629 	8020
f 8496 	8495 	8020
f 8538 	8539 	8020
f 8629 	8634 	8020
f 8500 	8501 	8020
f 8637 	8638 	8023
f 8020 	8636 	8637
f 8023 	8638 	8639
f 8023 	8641 	8645
f 8023 	8639 	8640
f 8023 	8646 	8647
f 8023 	8645 	8646
f 8023 	8648 	8649
f 8023 	8647 	8648
f 8023 	8649 	8650
f 8023 	8650 	8651
f 8707 	8023 	8706
f 8706 	8023 	8708
f 8026 	8023 	8710
f 8710 	8023 	8709
f 8709 	8023 	8707
f 8026 	8163 	8025
f 8023 	8718 	8719
f 8715 	8716 	8023
f 8023 	8652 	8715
f 8651 	8652 	8023
f 8023 	8717 	8718
f 8023 	8716 	8717
f 8023 	8719 	8720
f 8023 	8720 	8708
f 8023 	8640 	8641
f 8373 	8167 	8325
f 8167 	8603 	8325
f 8373 	8325 	7937
f 7937 	8325 	7936
f 8376 	8375 	7939
f 7939 	7936 	8376
f 7939 	8377 	8378
f 8378 	8379 	7939
f 7939 	8326 	8380
f 8307 	8381 	7936
f 8375 	8377 	7939
f 8376 	7936 	8382
f 8381 	8382 	7936
# 2160 faces

 #end of obj_10

o obj_11
v 240.747 		149.214 		2.437
v 240.392 		149.214 		1.907
v 240.392 		144.684 		1.907
v 240.747 		144.684 		2.437
v 239.972 		149.214 		1.428
v 239.972 		144.684 		1.428
v 239.492 		149.214 		1.007
v 239.492 		144.684 		1.007
v 238.962 		149.214 		0.653
v 238.962 		144.684 		0.653
v 238.39 		149.214 		0.371
v 238.39 		144.684 		0.371
v 237.786 		149.214 		0.166
v 237.786 		144.684 		0.166
v 237.161 		149.214 		0.042
v 237.161 		144.684 		0.042
v 236.525 		149.214 		0
v 236.525 		149.186 		0
v 236.525 		144.712 		0
v 236.525 		144.684 		0
v 237.071 		147.099 		2.693
v 237.071 		144.684 		2.693
v 236.775 		146.582 		2.634
v 237.047 		146.582 		2.6882
v 236.775 		144.684 		2.634
v 237.047 		147.099 		2.6882
v 183.124 		184.414 		6.354
v 183.124 		184.414 		2.854
v 236.525 		146.582 		2.6174
v 236.525 		144.712 		2.6174
v 184.958 		185.459 		2.884
v 184.593 		185.369 		2.884
v 184.242 		185.233 		2.884
v 183.912 		185.052 		2.884
v 183.609 		184.83 		2.884
v 183.337 		184.57 		2.884
v 183.1803 		184.3746 		2.884
v 239.378 		147.099 		2.666
v 239.378 		149.214 		2.666
v 236.525 		146.582 		1.401
v 237.047 		146.582 		1.401
v 177.67 		175.783 		0.042
v 178.0288 		175.404 		0.0083
v 178.076 		175.4714 		0.0083
v 236.525 		147.099 		1.401
v 237.047 		147.099 		1.401
v 236.597 		147.099 		1.294
v 236.525 		147.099 		1.2987
v 236.525 		149.186 		1.2987
v 236.597 		149.214 		1.294
v 239.076 		147.099 		2.321
v 239.076 		149.214 		2.321
v 238.731 		147.099 		2.019
v 238.731 		149.214 		2.019
v 181.9843 		172.7608 		3.3831
v 181.9849 		172.7617 		3.3831
v 238.35 		147.099 		1.764
v 238.35 		149.214 		1.764
v 237.938 		147.099 		1.561
v 237.938 		149.214 		1.561
v 237.504 		147.099 		1.414
v 237.504 		149.214 		1.414
v 237.054 		147.099 		1.324
v 237.054 		149.214 		1.324
v 181.8182 		172.8783 		2.854
v 181.8175 		172.8774 		2.854
v 182.693 		178.414 		2.854
v 235.589 		144.684 		2.79
v 182.741 		178.291 		2.854
v 235.589 		144.684 		7.058
v 235.875 		144.684 		7.155
v 236.172 		144.684 		7.214
v 236.473 		144.684 		7.234
v 235.888 		144.684 		9.708
v 236.525 		144.684 		9.75
v 235.318 		144.684 		2.923
v 235.067 		144.684 		3.091
v 234.84 		144.684 		3.29
v 234.641 		144.684 		3.518
v 234.473 		144.684 		3.769
v 234.339 		144.684 		4.04
v 234.242 		144.684 		4.326
v 234.183 		144.684 		4.622
v 234.163 		144.684 		4.924
v 234.183 		144.684 		5.225
v 234.242 		144.684 		5.522
v 234.339 		144.684 		5.808
v 234.473 		144.684 		6.079
v 176.5955 		173.356 		0.0082
v 177.5771 		174.7585 		0.0083
v 234.641 		144.684 		6.33
v 234.84 		144.684 		6.557
v 235.067 		144.684 		6.756
v 235.318 		144.684 		6.924
v 234.659 		144.684 		9.379
v 235.263 		144.684 		9.584
v 174.065 		172.777 		0.371
v 231.65 		144.684 		4.875
v 231.691 		144.684 		5.511
v 231.816 		144.684 		6.137
v 232.021 		144.684 		6.741
v 232.303 		144.684 		7.312
v 232.657 		144.684 		7.843
v 233.078 		144.684 		8.322
v 233.557 		144.684 		8.743
v 234.087 		144.684 		9.097
v 232.021 		144.684 		3.009
v 231.816 		144.684 		3.613
v 231.691 		144.684 		4.239
v 182.804 		178.176 		2.854
v 236.172 		144.684 		2.634
v 236.473 		144.684 		2.614
v 235.875 		144.684 		2.693
v 182.882 		178.07 		2.854
v 182.973 		177.975 		2.854
v 183.075 		177.893 		2.854
v 183.308 		177.772 		2.854
v 183.434 		177.735 		2.854
v 235.888 		144.684 		0.042
v 235.263 		144.684 		0.166
v 234.659 		144.684 		0.371
v 183.564 		177.715 		2.854
v 233.078 		144.684 		1.428
v 232.657 		144.684 		1.907
v 232.303 		144.684 		2.437
v 234.087 		144.684 		0.653
v 233.557 		144.684 		1.007
v 183.696 		177.712 		2.854
v 235.888 		144.712 		9.708
v 235.42 		144.712 		9.6151
v 183.826 		177.727 		2.854
v 236.525 		144.712 		9.75
v 235.6214 		144.712 		2.779
v 183.954 		177.758 		2.854
v 235.589 		144.712 		2.79
v 184.077 		177.805 		2.854
v 235.42 		144.712 		2.8729
v 235.589 		144.712 		7.058
v 184.192 		177.869 		2.854
v 235.42 		144.712 		6.9744
v 235.875 		144.712 		7.155
v 236.172 		144.712 		7.214
v 236.473 		144.712 		7.234
v 183.006 		179.486 		2.854
v 236.525 		144.712 		7.2306
v 182.911 		179.395 		2.854
v 235.263 		144.712 		9.584
v 234.659 		144.712 		9.379
v 182.829 		179.293 		2.854
v 182.76 		179.18 		2.854
v 232.1344 		144.712 		2.779
v 232.021 		144.712 		3.009
v 182.708 		179.06 		2.854
v 231.816 		144.712 		3.613
v 231.691 		144.712 		4.239
v 182.671 		178.934 		2.854
v 231.65 		144.712 		4.875
v 182.651 		178.804 		2.854
v 231.691 		144.712 		5.511
v 182.648 		178.672 		2.854
v 231.816 		144.712 		6.137
v 182.662 		178.542 		2.854
v 232.021 		144.712 		6.741
v 232.303 		144.712 		7.312
v 232.657 		144.712 		7.843
v 184.298 		177.946 		2.854
v 233.078 		144.712 		8.322
v 233.0639 		144.712 		8.306
v 184.393 		178.037 		2.854
v 233.557 		144.712 		8.743
v 184.475 		178.14 		2.854
v 234.087 		144.712 		9.097
v 184.543 		178.252 		2.854
v 234.163 		144.712 		9.1345
v 184.596 		178.372 		2.854
v 235.318 		144.712 		2.923
v 184.633 		178.499 		2.854
v 235.067 		144.712 		3.091
v 184.653 		178.629 		2.854
v 234.84 		144.712 		3.29
v 184.656 		178.76 		2.854
v 184.641 		178.891 		2.854
v 234.641 		144.712 		3.518
v 184.61 		179.018 		2.854
v 234.473 		144.712 		3.769
v 184.563 		179.141 		2.854
v 234.339 		144.712 		4.04
v 184.499 		179.256 		2.854
v 234.242 		144.712 		4.326
v 184.422 		179.362 		2.854
v 234.183 		144.712 		4.622
v 184.331 		179.457 		2.854
v 184.228 		179.539 		2.854
v 234.163 		144.712 		4.924
v 184.116 		179.608 		2.854
v 234.183 		144.712 		5.225
v 183.996 		179.66 		2.854
v 234.242 		144.712 		5.522
v 183.869 		179.697 		2.854
v 183.739 		179.717 		2.854
v 234.339 		144.712 		5.808
v 183.608 		179.72 		2.854
v 234.473 		144.712 		6.079
v 183.477 		179.706 		2.854
v 234.641 		144.712 		6.33
v 183.35 		179.675 		2.854
v 183.227 		179.627 		2.854
v 234.84 		144.712 		6.557
v 183.112 		179.564 		2.854
v 235.067 		144.712 		6.756
v 235.2448 		144.712 		6.875
v 235.318 		144.712 		6.924
v 235.888 		144.712 		0.042
v 235.263 		144.712 		0.166
v 234.659 		144.712 		0.371
v 234.163 		144.712 		0.6155
v 234.087 		144.712 		0.653
v 233.557 		144.712 		1.007
v 233.1087 		144.712 		1.401
v 233.078 		144.712 		1.428
v 232.657 		144.712 		1.907
v 232.303 		144.712 		2.437
v 236.172 		144.712 		2.634
v 236.473 		144.712 		2.614
v 235.875 		144.712 		2.693
v 183.9364 		183.8451 		2.884
v 183.337 		184.57 		6.384
v 183.609 		184.83 		6.384
v 183.912 		185.052 		6.384
v 184.242 		185.233 		6.384
v 184.593 		185.369 		6.384
v 184.958 		185.459 		6.384
v 183.1803 		184.3746 		6.354
v 182.907 		183.955 		6.384
v 183.102 		184.277 		6.384
v 182.755 		183.611 		6.384
v 182.585 		182.502 		6.384
v 182.593 		182.878 		6.384
v 182.65 		183.25 		6.384
v 182.626 		182.128 		6.384
v 182.7506 		183.596 		6.354
v 182.755 		183.611 		6.354
v 182.907 		183.955 		6.354
v 183.102 		184.277 		6.354
v 214.2284 		144.712 		0
v 214.2284 		144.712 		9.75
v 225.448 		149.186 		2.238
v 225.448 		151.526 		2.238
v 225.249 		151.526 		0.751
v 225.249 		149.186 		0.751
v 182.6541 		182.0128 		6.354
v 182.626 		182.128 		6.354
v 225.241 		149.186 		9.283
v 225.241 		151.597 		9.283
v 182.585 		182.502 		6.354
v 225.361 		151.597 		7.788
v 225.361 		149.186 		7.788
v 182.593 		182.878 		6.354
v 182.65 		183.25 		6.354
v 215.6331 		149.186 		2.0364
v 215.6331 		149.186 		8.5077
v 215.6331 		149.186 		7.0022
v 215.6331 		149.186 		3.55
v 178.7824 		178.214 		2.854
v 215.6331 		149.186 		0
v 215.6331 		149.186 		9.75
v 236.525 		149.214 		9.75
v 235.888 		149.214 		9.708
v 175.024 		177.636 		7.843
v 174.733 		177.839 		7.312
v 235.263 		149.214 		9.584
v 234.659 		149.214 		9.379
v 234.087 		149.214 		9.097
v 233.557 		149.214 		8.743
v 233.078 		149.214 		8.322
v 233.0639 		149.214 		8.306
v 236.139 		149.214 		1.324
v 235.754 		149.214 		1.401
v 233.1087 		149.214 		1.401
v 233.557 		149.214 		1.007
v 234.087 		149.214 		0.653
v 234.659 		149.214 		0.371
v 235.263 		149.214 		0.166
v 235.888 		149.214 		0.042
v 235.888 		149.186 		9.708
v 235.42 		149.186 		9.6151
v 174.334 		178.119 		3.613
v 174.502 		178.001 		3.009
v 236.525 		149.186 		9.75
v 236.525 		149.186 		8.306
v 235.263 		149.186 		9.584
v 234.659 		149.186 		9.379
v 233.078 		149.186 		8.322
v 233.0639 		149.186 		8.306
v 174.198 		178.214 		4.875
v 233.557 		149.186 		8.743
v 174.232 		178.19 		4.239
v 234.087 		149.186 		9.097
v 174.334 		178.119 		6.137
v 174.232 		178.19 		5.511
v 234.163 		149.186 		9.1345
v 174.502 		178.001 		6.741
v 235.888 		149.186 		0.042
v 235.263 		149.186 		0.166
v 234.659 		149.186 		0.371
v 234.087 		149.186 		0.653
v 234.163 		149.186 		0.6155
v 233.557 		149.186 		1.007
v 233.2305 		149.186 		1.294
v 233.1087 		149.186 		1.401
v 235.754 		149.186 		1.401
v 236.139 		149.186 		1.324
v 234.163 		149.186 		0
v 230.042 		149.186 		1.401
v 230.042 		149.186 		8.306
v 178.082 		175.48 		9.7417
v 178.076 		175.4714 		9.7417
v 178.076 		177.2051 		6.354
v 178.089 		175.49 		6.354
v 178.076 		175.4991 		6.354
v 225.2035 		149.186 		9.75
v 178.076 		175.4991 		2.854
v 178.089 		175.49 		2.854
v 175.761 		177.12 		8.743
v 175.368 		177.395 		8.322
v 176.195 		176.816 		9.097
v 176.663 		176.488 		9.379
v 177.158 		176.142 		9.584
v 177.67 		175.783 		9.708
v 178.0288 		175.404 		9.7417
v 176.5955 		173.356 		9.7418
v 177.2744 		176.0604 		4.875
v 177.2744 		176.0604 		4.827
v 177.2744 		176.0604 		5.1752
v 177.2744 		176.0603 		5.0224
v 177.2744 		176.0604 		5.7347
v 177.2743 		176.0603 		5.5215
v 177.2744 		176.0603 		5.339
v 177.2744 		176.0604 		6.335
v 177.2744 		176.0604 		5.995
v 177.2744 		176.0604 		6.354
v 177.8672 		175.6454 		6.354
v 177.7418 		175.7331 		6.354
v 177.4924 		175.9077 		6.354
v 177.6899 		175.7694 		6.354
v 178.0323 		175.5297 		6.354
v 177.7482 		175.7287 		2.854
v 177.9737 		175.5706 		2.854
v 177.2744 		176.0604 		2.854
v 177.2744 		176.0604 		2.935
v 177.5059 		175.8981 		2.854
v 177.2744 		176.0604 		3.415
v 177.2744 		176.0604 		4.0153
v 177.2744 		176.0604 		3.755
v 183.188 		177.825 		6.354
v 183.075 		177.893 		6.354
v 177.2744 		176.0604 		4.5748
v 177.2744 		176.0603 		4.4109
v 177.2743 		176.0603 		4.3623
v 177.2744 		176.0604 		4.1285
v 182.693 		178.414 		6.354
v 182.741 		178.291 		6.354
v 177.2744 		176.0604 		4.5973
v 182.804 		178.176 		6.354
v 182.882 		178.07 		6.354
v 182.973 		177.975 		6.354
v 177.2744 		176.0603 		4.7276
v 183.308 		177.772 		6.354
v 183.434 		177.735 		6.354
v 183.564 		177.715 		6.354
v 177.2743 		176.0603 		4.2282
v 183.696 		177.712 		6.354
v 183.826 		177.727 		6.354
v 183.954 		177.758 		6.354
v 184.077 		177.805 		6.354
v 184.192 		177.869 		6.354
v 183.006 		179.486 		6.354
v 174.56 		172.431 		9.584
v 175.072 		172.072 		9.708
v 182.911 		179.395 		6.354
v 182.829 		179.293 		6.354
v 182.049 		172.717 		6.137
v 181.985 		172.7619 		6.354
v 181.985 		172.7618 		6.1161
v 182.76 		179.18 		6.354
v 181.1369 		173.356 		6.354
v 181.881 		172.835 		6.741
v 182.708 		179.06 		6.354
v 181.8739 		172.8248 		6.741
v 181.8198 		172.8627 		6.875
v 182.671 		178.934 		6.354
v 182.0421 		172.7071 		6.137
v 182.651 		178.804 		6.354
v 182.1439 		172.6358 		5.511
v 182.648 		178.672 		6.354
v 182.172 		172.6161 		4.9861
v 182.662 		178.542 		6.354
v 182.1439 		172.6358 		4.239
v 182.172 		172.6161 		4.7639
v 181.978 		172.7519 		2.854
v 184.298 		177.946 		6.354
v 184.393 		178.037 		6.354
v 182.0421 		172.7071 		3.613
v 181.978 		172.7519 		3.3831
v 184.475 		178.14 		6.354
v 184.543 		178.252 		6.354
v 184.596 		178.372 		6.354
v 181.8114 		172.8686 		2.854
v 181.7812 		172.8898 		2.779
v 184.633 		178.499 		6.354
v 184.653 		178.629 		6.354
v 180.623 		173.716 		1.007
v 181.015 		173.441 		1.428
v 184.656 		178.76 		6.354
v 184.641 		178.891 		6.354
v 179.72 		174.348 		0.371
v 180.188 		174.02 		0.653
v 184.61 		179.018 		6.354
v 178.713 		175.053 		0.042
v 179.225 		174.694 		0.166
v 184.563 		179.141 		6.354
v 178.192 		175.418 		0
v 184.499 		179.256 		6.354
v 184.422 		179.362 		6.354
v 184.331 		179.457 		6.354
v 184.228 		179.539 		6.354
v 184.116 		179.608 		6.354
v 183.996 		179.66 		6.354
v 183.869 		179.697 		6.354
v 183.739 		179.717 		6.354
v 183.608 		179.72 		6.354
v 183.477 		179.706 		6.354
v 183.35 		179.675 		6.354
v 183.227 		179.627 		6.354
v 183.112 		179.564 		6.354
v 182.185 		172.622 		4.875
v 182.178 		172.6119 		4.875
v 178.192 		175.418 		9.75
v 179.72 		174.348 		9.379
v 180.623 		173.716 		8.743
v 180.188 		174.02 		9.097
v 181.015 		173.441 		8.322
v 181.0081 		173.4311 		1.428
v 181.0081 		173.4311 		1.428
v 181.1153 		173.356 		1.577
v 181.007 		173.4318 		1.4269
v 180.6158 		173.7058 		1.007
v 180.1811 		174.0102 		0.653
v 180.6146 		173.7066 		1.006
v 179.713 		174.338 		0.371
v 179.2183 		174.6844 		0.166
v 178.706 		175.043 		0.042
v 178.706 		175.043 		0.042
v 175.072 		172.072 		0.042
v 174.56 		172.431 		0.166
v 178.713 		175.053 		9.708
v 206.915 		165.458 		6.384
v 179.225 		174.694 		9.584
v 206.826 		165.823 		6.384
v 206.785 		166.197 		6.384
v 206.793 		166.573 		6.384
v 206.85 		166.944 		6.384
v 206.955 		167.305 		6.384
v 207.107 		167.65 		6.384
v 207.302 		167.971 		6.384
v 207.537 		168.264 		6.384
v 207.809 		168.524 		6.384
v 208.112 		168.747 		6.384
v 212.207 		164.995 		6.384
v 212.012 		164.673 		6.384
v 211.777 		164.38 		6.384
v 211.505 		164.12 		6.384
v 211.202 		163.897 		6.384
v 210.872 		163.716 		6.384
v 236.172 		146.582 		2.634
v 236.473 		146.582 		2.614
v 210.522 		163.58 		6.384
v 175.517 		171.815 		0.0082
v 175.5178 		171.8161 		0.0082
v 210.156 		163.491 		6.384
v 209.783 		163.45 		6.384
v 209.407 		163.458 		6.384
v 209.035 		163.515 		6.384
v 208.674 		163.62 		6.384
v 208.33 		163.772 		6.384
v 208.008 		163.967 		6.384
v 207.715 		164.202 		6.384
v 207.455 		164.474 		6.384
v 235.875 		146.582 		2.693
v 207.232 		164.777 		6.384
v 207.051 		165.107 		6.384
v 210.985 		168.872 		2.884
v 210.985 		168.872 		6.384
v 211.306 		168.677 		2.884
v 211.306 		168.677 		6.384
v 211.599 		168.442 		2.884
v 211.599 		168.442 		6.384
v 211.859 		168.17 		2.884
v 211.859 		168.17 		6.384
v 212.082 		167.867 		2.884
v 212.082 		167.867 		6.384
v 212.263 		167.537 		2.884
v 212.263 		167.537 		6.384
v 212.399 		167.187 		2.884
v 212.399 		167.187 		6.384
v 235.318 		146.582 		2.923
v 212.488 		166.821 		2.884
v 212.488 		166.821 		6.384
v 212.529 		166.447 		2.884
v 212.529 		166.447 		6.384
v 235.067 		146.582 		3.091
v 212.521 		166.071 		2.884
v 212.521 		166.071 		6.384
v 172.77 		173.684 		8.322
v 173.162 		173.409 		8.743
v 212.464 		165.7 		2.884
v 212.464 		165.7 		6.384
v 234.84 		146.582 		3.29
v 174.065 		172.777 		9.379
v 234.641 		146.582 		3.518
v 234.473 		146.582 		3.769
v 234.339 		146.582 		4.04
v 178.1849 		175.4079 		9.75
v 234.242 		146.582 		4.326
v 178.706 		175.043 		9.708
v 178.1864 		175.4069 		9.7499
v 234.183 		146.582 		4.622
v 179.2183 		174.6844 		9.584
v 179.713 		174.338 		9.379
v 180.1811 		174.0102 		9.097
v 180.1811 		174.0102 		9.097
v 175.9989 		172.5036 		9.7418
v 180.1823 		174.0094 		9.0961
v 234.163 		146.582 		4.924
v 175.5178 		171.8161 		9.7418
v 175.517 		171.815 		9.7418
v 180.6158 		173.7058 		8.743
v 181.0081 		173.4311 		8.322
v 180.6169 		173.705 		8.7418
v 234.183 		146.582 		5.225
v 181.1153 		173.356 		8.173
v 234.242 		146.582 		5.522
v 178.192 		175.418 		6.354
v 234.339 		146.582 		5.808
v 234.473 		146.582 		6.079
v 172.425 		173.926 		7.843
v 212.359 		165.339 		2.884
v 212.359 		165.339 		6.384
v 206.915 		165.458 		6.354
v 207.0289 		165.164 		6.354
v 172.135 		174.129 		7.312
v 206.826 		165.823 		6.354
v 206.785 		166.197 		6.354
v 206.793 		166.573 		6.354
v 206.85 		166.944 		6.354
v 206.955 		167.305 		6.354
v 207.107 		167.65 		6.354
v 207.1974 		167.7988 		2.884
v 207.1974 		167.7988 		6.354
v 171.904 		174.29 		3.009
v 207.302 		167.971 		2.884
v 171.736 		174.408 		3.613
v 171.634 		174.479 		4.239
v 207.514 		168.251 		6.354
v 207.4276 		168.1276 		6.354
v 207.4276 		168.1276 		2.884
v 171.6 		174.503 		4.875
v 207.5221 		168.2454 		2.884
v 171.634 		174.479 		5.511
v 207.5221 		168.2454 		6.354
v 171.904 		174.29 		6.741
v 207.537 		168.264 		2.884
v 207.809 		168.524 		2.884
v 208.112 		168.747 		2.884
v 211.777 		164.38 		6.354
v 212.012 		164.673 		6.354
v 211.505 		164.12 		6.354
v 211.202 		163.897 		6.354
v 210.872 		163.716 		6.354
v 210.844 		163.7051 		6.354
v 212.224 		164.953 		6.354
v 171.736 		174.408 		6.137
v 212.207 		164.995 		2.884
v 212.1942 		164.9739 		6.354
v 212.1942 		164.9739 		2.884
v 210.522 		163.58 		6.354
v 210.156 		163.491 		6.354
v 209.783 		163.45 		6.354
v 207.244 		163.457 		6.354
v 209.407 		163.458 		6.354
v 207.141 		163.539 		6.354
v 207.029 		163.608 		6.354
v 206.909 		163.66 		6.354
v 209.035 		163.515 		6.354
v 173.597 		173.105 		9.097
v 175.024 		177.636 		1.907
v 174.733 		177.839 		2.437
v 208.674 		163.62 		6.354
v 208.33 		163.772 		6.354
v 208.008 		163.967 		6.354
v 178.082 		175.48 		0.0083
v 207.715 		164.202 		6.354
v 177.158 		176.142 		0.166
v 207.455 		164.474 		6.354
v 176.195 		176.816 		0.653
v 176.663 		176.488 		0.371
v 175.761 		177.12 		1.007
v 207.232 		164.777 		6.354
v 175.368 		177.395 		1.428
v 207.051 		165.107 		6.354
v 173.162 		173.409 		1.007
v 173.597 		173.105 		0.653
v 172.135 		174.129 		2.437
v 172.425 		173.926 		1.907
v 210.64 		169.024 		2.884
v 210.279 		169.129 		2.884
v 209.908 		169.186 		2.884
v 209.532 		169.194 		2.884
v 209.158 		169.153 		2.884
v 208.793 		169.064 		2.884
v 208.442 		168.928 		2.884
v 187.4417 		180.5557 		2.884
v 187.577 		180.685 		2.884
v 187.812 		180.978 		2.884
v 188.007 		181.3 		2.884
v 187.834 		181.116 		2.884
v 172.77 		173.684 		1.428
v 209.532 		169.194 		6.384
v 209.908 		169.186 		6.384
v 210.279 		169.129 		6.384
v 210.64 		169.024 		6.384
v 209.158 		169.153 		6.384
v 208.442 		168.928 		6.384
v 208.793 		169.064 		6.384
v 234.641 		146.582 		6.33
v 234.84 		146.582 		6.557
v 235.067 		146.582 		6.756
v 235.318 		146.582 		6.924
v 188.007 		181.3 		6.384
v 187.812 		180.978 		6.384
v 187.577 		180.685 		6.384
v 187.4417 		180.5557 		6.354
v 187.834 		181.116 		2.854
v 185.4508 		177.712 		2.854
v 235.589 		146.582 		2.79
v 186.8811 		179.755 		6.354
v 235.589 		146.582 		7.058
v 182.585 		173.6188 		2.854
v 235.875 		146.582 		7.155
v 205.621 		163.06 		2.854
v 236.172 		146.582 		7.214
v 205.584 		162.934 		2.854
v 205.564 		162.804 		2.854
v 178.7046 		175.044 		0.0419
v 205.561 		162.672 		2.854
v 236.473 		146.582 		7.234
v 188.159 		181.644 		2.884
v 188.264 		182.005 		2.884
v 188.321 		182.377 		2.884
v 188.329 		182.753 		2.884
v 178.1849 		175.4079 		0
v 188.288 		183.127 		2.884
v 178.1849 		175.4079 		0
v 188.199 		183.492 		2.884
v 205.575 		162.542 		2.854
v 188.063 		183.843 		2.884
v 187.882 		184.172 		2.884
v 187.659 		184.476 		2.884
v 187.399 		184.747 		2.884
v 187.106 		184.983 		2.884
v 186.785 		185.178 		2.884
v 236.525 		146.582 		7.2306
v 205.607 		162.414 		2.854
v 186.44 		185.329 		2.884
v 205.654 		162.291 		2.854
v 186.268 		182.2125 		2.884
v 178.1835 		175.4089 		0.0001
v 187.2171 		181.548 		2.884
v 205.718 		162.176 		2.854
v 236.525 		146.582 		8.306
v 184.2922 		183.596 		2.884
v 186.079 		185.434 		2.884
v 185.708 		185.492 		2.884
v 185.332 		185.5 		2.884
v 181.36 		173.2 		1.907
v 181.65 		172.996 		2.437
v 184.656 		183.3413 		2.884
v 235.754 		147.099 		1.401
v 206.653 		163.717 		2.854
v 206.521 		163.72 		2.854
v 206.391 		163.706 		2.854
v 181.6432 		172.9863 		2.437
v 206.263 		163.675 		2.854
v 181.6425 		172.9869 		2.4356
v 188.329 		182.753 		6.384
v 181.3528 		173.1897 		1.907
v 188.321 		182.377 		6.384
v 206.14 		163.627 		2.854
v 188.264 		182.005 		6.384
v 188.159 		181.644 		6.384
v 206.025 		163.564 		2.854
v 186.44 		185.329 		6.384
v 186.785 		185.178 		6.384
v 187.106 		184.983 		6.384
v 187.399 		184.747 		6.384
v 187.659 		184.476 		6.384
v 187.882 		184.172 		6.384
v 205.919 		163.486 		2.854
v 188.063 		183.843 		6.384
v 188.199 		183.492 		6.384
v 188.288 		183.127 		6.384
v 201.2279 		159.2728 		2.854
v 201.2279 		159.2728 		6.354
v 205.824 		163.395 		2.854
v 205.9379 		155.9747 		6.354
v 205.9379 		155.9747 		2.854
v 205.742 		163.293 		2.854
v 185.332 		185.5 		6.384
v 185.708 		185.492 		6.384
v 186.079 		185.434 		6.384
v 205.674 		163.18 		2.854
v 236.139 		147.099 		1.324
v 206.783 		163.697 		2.854
v 212.2913 		151.526 		2.4831
v 212.1899 		151.597 		8.2298
v 205.561 		165.4616 		2.854
v 230.042 		146.582 		8.306
v 230.042 		146.582 		1.401
v 206.609 		161.712 		2.854
v 205.989 		161.893 		6.354
v 206.101 		161.825 		6.354
v 212.1899 		151.597 		6.7241
v 206.221 		161.772 		6.354
v 212.2913 		151.526 		3.9967
v 206.348 		161.735 		6.354
v 206.477 		161.715 		6.354
v 206.609 		161.712 		6.354
v 206.74 		161.727 		6.354
v 205.795 		162.07 		6.354
v 205.886 		161.975 		6.354
v 205.621 		163.06 		6.354
v 178.082 		175.48 		9.75
v 205.584 		162.934 		6.354
v 205.564 		162.804 		6.354
v 175.517 		171.815 		9.75
v 205.561 		162.672 		6.354
v 205.575 		162.542 		6.354
v 205.607 		162.414 		6.354
v 175.517 		171.815 		0
v 205.654 		162.291 		6.354
v 205.718 		162.176 		6.354
v 206.653 		163.717 		6.354
v 183.188 		177.825 		2.854
v 206.521 		163.72 		6.354
v 206.391 		163.706 		6.354
v 206.263 		163.675 		6.354
v 178.082 		175.48 		0
v 206.14 		163.627 		6.354
v 206.025 		163.564 		6.354
v 205.919 		163.486 		6.354
v 205.824 		163.395 		6.354
v 205.742 		163.293 		6.354
v 205.674 		163.18 		6.354
v 178.417 		169.73 		8.322
v 179.052 		169.286 		7.312
v 206.783 		163.697 		6.354
v 178.762 		169.489 		7.843
v 205.561 		165.4616 		6.354
v 206.101 		161.825 		2.854
v 205.989 		161.893 		2.854
v 206.221 		161.772 		2.854
v 178.4426 		169.7665 		8.322
v 178.4387 		169.7692 		8.3261
v 206.348 		161.735 		2.854
v 178.076 		170.0232 		8.7148
v 206.477 		161.715 		2.854
v 178.7854 		169.5265 		7.8457
v 178.7873 		169.5251 		7.843
v 206.74 		161.727 		2.854
v 181.3528 		173.1897 		7.843
v 181.3528 		173.1897 		7.843
v 179.0745 		169.3241 		7.3172
v 179.0773 		169.3221 		7.312
v 181.3536 		173.1892 		7.8415
v 181.6432 		172.9863 		7.312
v 181.6438 		172.9859 		7.3105
v 179.166 		169.26 		7.0928
v 205.795 		162.07 		2.854
v 205.886 		161.975 		2.854
v 181.1153 		173.356 		0
v 201.88 		153.358 		9.75
v 201.879 		153.3565 		9.75
v 175.6187 		171.7438 		9.75
v 201.879 		153.3565 		0
v 201.88 		153.358 		0
v 175.6187 		171.7438 		0
v 182.715 		181.763 		6.384
v 187.002 		180.203 		6.384
v 186.672 		180.022 		6.384
v 186.322 		179.886 		6.384
v 187.305 		180.425 		6.384
v 183.255 		180.779 		6.384
v 183.032 		181.083 		6.384
v 182.851 		181.412 		6.384
v 185.956 		179.796 		6.384
v 185.583 		179.755 		6.384
v 185.207 		179.763 		6.384
v 184.835 		179.821 		6.384
v 184.474 		179.926 		6.384
v 184.13 		180.077 		6.384
v 183.808 		180.272 		6.384
v 183.515 		180.508 		6.384
v 239.972 		144.684 		8.322
v 240.392 		144.684 		7.843
v 240.747 		144.684 		7.312
v 241.029 		144.684 		6.741
v 241.234 		144.684 		6.137
v 241.358 		144.684 		5.511
v 241.4 		144.684 		4.875
v 182.7983 		181.548 		6.354
v 178.212 		175.404 		6.354
v 182.715 		181.763 		6.354
v 241.358 		144.684 		4.239
v 241.234 		144.684 		3.613
v 241.029 		144.684 		3.009
v 238.763 		144.684 		4.622
v 187.305 		180.425 		6.354
v 238.704 		144.684 		4.326
v 187.002 		180.203 		6.354
v 238.607 		144.684 		4.04
v 186.672 		180.022 		6.354
v 238.474 		144.684 		3.769
v 186.322 		179.886 		6.354
v 238.306 		144.684 		3.518
v 186.268 		179.8727 		6.354
v 178.192 		175.418 		2.854
v 178.212 		175.404 		2.854
v 238.106 		144.684 		3.29
v 185.956 		179.796 		6.354
v 237.879 		144.684 		3.091
v 185.583 		179.755 		6.354
v 237.628 		144.684 		2.923
v 185.207 		179.763 		6.354
v 237.357 		144.684 		2.79
v 184.835 		179.821 		6.354
v 184.656 		179.8731 		6.354
v 237.879 		144.684 		6.756
v 184.474 		179.926 		6.354
v 238.106 		144.684 		6.557
v 184.13 		180.077 		6.354
v 238.306 		144.684 		6.33
v 178.6938 		175.0666 		6.354
v 183.808 		180.272 		6.354
v 178.5835 		175.1437 		6.354
v 178.3514 		175.3063 		6.354
v 238.474 		144.684 		6.079
v 183.515 		180.508 		6.354
v 238.607 		144.684 		5.808
v 183.255 		180.779 		6.354
v 238.704 		144.684 		5.522
v 183.032 		181.083 		6.354
v 238.763 		144.684 		5.225
v 179.1215 		174.7672 		6.354
v 178.8912 		174.9283 		6.354
v 182.851 		181.412 		6.354
v 238.783 		144.684 		4.924
v 236.775 		144.684 		7.214
v 179.7707 		174.3127 		6.354
v 179.4033 		174.5697 		6.354
v 237.071 		144.684 		7.155
v 181.1159 		173.3707 		6.354
v 180.2906 		173.9481 		6.354
v 237.357 		144.684 		7.058
v 237.628 		144.684 		6.924
v 180.3492 		173.9077 		2.854
v 181.0585 		173.4103 		2.854
v 237.161 		144.684 		9.708
v 237.786 		144.684 		9.584
v 181.1361 		173.356 		2.854
v 238.39 		144.684 		9.379
v 238.962 		144.684 		9.097
v 239.492 		144.684 		8.743
v 179.4622 		174.5287 		2.854
v 179.8471 		174.2589 		2.854
v 178.8776 		174.9379 		2.854
v 179.1475 		174.7488 		2.854
v 178.4099 		175.2654 		2.854
v 178.727 		175.0432 		2.854
v 239.633 		149.214 		6.553
v 239.836 		149.214 		6.142
v 239.983 		149.214 		5.708
v 240.073 		149.214 		5.258
v 240.102 		149.214 		4.8
v 240.073 		149.214 		4.343
v 239.983 		149.214 		3.893
v 178.5165 		175.1906 		6.354
v 239.836 		149.214 		3.459
v 239.633 		149.214 		3.047
v 178.6353 		175.1073 		2.854
v 239.972 		149.214 		8.322
v 241.029 		149.214 		3.009
v 241.234 		149.214 		3.613
v 241.358 		149.214 		4.239
v 241.4 		149.214 		4.875
v 241.358 		149.214 		5.511
v 241.234 		149.214 		6.137
v 241.029 		149.214 		6.741
v 181.36 		173.2 		7.843
v 240.747 		149.214 		7.312
v 240.392 		149.214 		7.843
v 181.65 		172.996 		7.312
v 237.047 		149.214 		8.306
v 237.047 		149.214 		8.2765
v 237.054 		149.214 		8.276
v 237.504 		149.214 		8.187
v 237.938 		149.214 		8.039
v 238.35 		149.214 		7.836
v 238.731 		149.214 		7.582
v 238.39 		149.214 		9.379
v 237.786 		149.214 		9.584
v 237.161 		149.214 		9.708
v 239.076 		149.214 		7.279
v 239.378 		149.214 		6.934
v 181.9852 		172.7621 		5.4844
v 239.492 		149.214 		8.743
v 238.962 		149.214 		9.097
v 182.151 		172.646 		5.511
v 181.9852 		172.7621 		4.2656
v 181.9851 		172.762 		4.875
v 182.151 		172.646 		4.239
v 181.985 		172.7619 		3.3831
v 181.985 		172.7618 		3.6339
v 182.049 		172.717 		3.613
v 181.8184 		172.8786 		2.854
v 181.9849 		172.7617 		3.3831
v 239.633 		147.099 		6.553
v 239.836 		147.099 		6.142
v 239.983 		147.099 		5.708
v 240.073 		147.099 		5.258
v 240.102 		147.099 		4.8
v 240.073 		147.099 		4.343
v 239.983 		147.099 		3.893
v 239.836 		147.099 		3.459
v 175.593 		171.707 		9.75
v 239.633 		147.099 		3.047
v 176.115 		171.342 		9.708
v 175.6136 		171.7474 		9.7496
v 176.1354 		171.382 		9.7084
v 176.1405 		171.3784 		9.708
v 238.763 		147.099 		4.622
v 176.2411 		171.308 		9.6836
v 176.627 		170.983 		9.584
v 177.59 		170.309 		9.097
v 238.704 		147.099 		4.326
v 177.122 		170.637 		9.379
v 178.024 		170.005 		8.743
v 238.607 		147.099 		4.04
v 238.474 		147.099 		3.769
v 238.306 		147.099 		3.518
v 238.106 		147.099 		3.29
v 237.879 		147.099 		3.091
v 237.628 		147.099 		2.923
v 176.6527 		171.0198 		9.584
v 177.1475 		170.6734 		9.379
v 237.357 		147.099 		2.79
v 177.6131 		170.3474 		9.0985
v 177.6156 		170.3456 		9.097
v 178.0454 		170.0446 		8.7465
v 178.0497 		170.0416 		8.743
v 237.879 		147.099 		6.756
v 238.106 		147.099 		6.557
v 238.306 		147.099 		6.33
v 238.474 		147.099 		6.079
v 238.607 		147.099 		5.808
v 238.704 		147.099 		5.522
v 238.763 		147.099 		5.225
v 238.783 		147.099 		4.924
v 236.775 		146.582 		7.214
v 237.047 		146.582 		7.1598
v 237.071 		147.099 		7.155
v 237.047 		147.099 		7.1598
v 237.357 		147.099 		7.058
v 237.628 		147.099 		6.924
v 237.047 		146.582 		8.306
v 237.047 		147.099 		8.2765
v 237.054 		147.099 		8.276
v 237.504 		147.099 		8.187
v 237.938 		147.099 		8.039
v 238.35 		147.099 		7.836
v 238.731 		147.099 		7.582
v 239.076 		147.099 		7.279
v 239.378 		147.099 		6.934
v 207.514 		168.251 		2.854
v 212.224 		164.953 		2.854
v 208.796 		167.3533 		2.884
v 206.867 		161.758 		2.854
v 206.99 		161.805 		2.854
v 207.105 		161.869 		2.854
v 207.211 		161.946 		2.854
v 207.306 		162.037 		2.854
v 207.388 		162.14 		2.854
v 207.456 		162.252 		2.854
v 207.509 		162.372 		2.854
v 207.546 		162.499 		2.854
v 207.566 		162.629 		2.854
v 207.569 		162.76 		2.854
v 207.555 		162.891 		2.854
v 207.523 		163.018 		2.854
v 207.476 		163.141 		2.854
v 207.413 		163.256 		2.854
v 207.335 		163.362 		2.854
v 207.244 		163.457 		2.854
v 207.141 		163.539 		2.854
v 207.029 		163.608 		2.854
v 206.909 		163.66 		2.854
v 175.593 		171.707 		4.875
v 206.867 		161.758 		6.354
v 206.99 		161.805 		6.354
v 207.105 		161.869 		6.354
v 207.211 		161.946 		6.354
v 207.306 		162.037 		6.354
v 207.388 		162.14 		6.354
v 207.456 		162.252 		6.354
v 207.509 		162.372 		6.354
v 207.546 		162.499 		6.354
v 207.566 		162.629 		6.354
v 207.569 		162.76 		6.354
v 207.555 		162.891 		6.354
v 207.523 		163.018 		6.354
v 207.476 		163.141 		6.354
v 207.413 		163.256 		6.354
v 207.335 		163.362 		6.354
v 179.283 		169.124 		6.741
v 179.451 		169.006 		6.137
v 179.553 		168.935 		5.511
v 179.587 		168.911 		4.875
v 179.553 		168.935 		4.239
v 179.451 		169.006 		3.613
v 179.283 		169.124 		3.009
v 179.3084 		169.1603 		6.741
v 179.3061 		169.1619 		6.7466
v 179.4766 		169.0425 		6.137
v 179.5784 		168.9712 		5.511
v 179.6125 		168.9474 		4.875
v 179.5784 		168.9712 		4.239
v 179.4766 		169.0425 		3.613
v 179.3084 		169.1603 		3.009
v 179.2155 		169.2254 		2.779
v 178.762 		169.489 		1.907
v 178.417 		169.73 		1.428
v 179.052 		169.286 		2.437
v 179.166 		169.26 		2.6565
v 179.0795 		169.3205 		2.4426
v 179.0773 		169.3221 		2.437
v 178.7901 		169.5232 		1.9122
v 178.7873 		169.5251 		1.907
v 178.4448 		169.7649 		1.4311
v 178.4426 		169.7665 		1.428
v 178.076 		170.0232 		1.0352
v 176.115 		171.342 		0.042
v 175.593 		171.707 		0
v 176.1408 		171.3782 		0.0421
v 176.1405 		171.3784 		0.042
v 176.2411 		171.308 		0.0663
v 175.6239 		171.7401 		0.0004
v 175.6191 		171.7435 		0
v 178.024 		170.005 		1.007
v 176.627 		170.983 		0.166
v 177.59 		170.309 		0.653
v 177.122 		170.637 		0.371
v 178.0535 		170.0389 		1.0112
v 178.0497 		170.0416 		1.007
v 177.6199 		170.3426 		0.6565
v 177.6156 		170.3456 		0.653
v 177.1475 		170.6734 		0.371
v 176.6527 		171.0198 		0.166
# 1076 vertices

g group_11_6383466

usemtl color_6383466
s 0

f 8722 	8721 	8723
f 8723 	8721 	8724
f 8725 	8722 	8726
f 8726 	8722 	8723
f 8728 	8727 	8726
f 8726 	8727 	8725
f 8730 	8729 	8728
f 8728 	8729 	8727
f 8732 	8731 	8730
f 8730 	8731 	8729
f 8734 	8733 	8732
f 8732 	8733 	8731
f 8736 	8735 	8734
f 8734 	8735 	8733
f 8736 	8739 	8738
f 8736 	8740 	8739
f 8738 	8737 	8735
f 8738 	8735 	8736
f 8744 	8743 	8745
f 8744 	8742 	8741
f 8744 	8745 	8742
f 8741 	8746 	8744
f 8984 	9038 	8747
f 8781 	8766 	8746
f 8750 	8745 	8743
f 8743 	8749 	8750
f 8743 	8744 	8761
f 8760 	8749 	8743
f 8761 	8744 	8746
f 8758 	8759 	8771
f 8771 	8759 	8772
f 8743 	8761 	8760
f 8766 	8765 	8761
f 8761 	8765 	8760
f 8768 	8767 	8769
f 8769 	8767 	8770
f 8767 	8783 	8770
f 8768 	8765 	8767
f 8766 	8783 	8767
f 8767 	8765 	8766
f 8766 	8761 	8746
f 8771 	8772 	8773
f 8773 	8772 	8774
f 8773 	8774 	8777
f 8777 	8774 	8778
f 8780 	8779 	8778
f 8778 	8779 	8777
f 9653 	9123 	8775
f 8782 	8781 	8780
f 8780 	8781 	8779
f 8784 	8783 	8782
f 8782 	8783 	8781
f 8783 	8784 	8770
f 8771 	8773 	9680
f 9681 	8773 	8777
f 9682 	8777 	8779
f 9680 	8758 	8771
f 9685 	8779 	8781
f 8746 	8741 	8781
f 8781 	8783 	8766
f 8763 	8762 	8764
f 8815 	8826 	8790
f 8816 	8791 	8792
f 8792 	8793 	8794
f 8794 	8793 	8795
f 8846 	8788 	8796
f 8847 	8846 	8796
f 8796 	8797 	8847
f 8845 	8799 	8800
f 8844 	8843 	8798
f 8827 	8845 	8800
f 8800 	8801 	8827
f 8819 	8818 	8804
f 8809 	9174 	8810
f 8810 	8762 	8763
f 8821 	8820 	8806
f 8824 	8812 	8813
f 8825 	8813 	8814
f 8826 	8814 	8790
f 8816 	8815 	8791
f 8792 	8794 	8816
f 8806 	8807 	8821
f 8822 	8821 	8807
f 8807 	8808 	8822
f 8808 	8823 	8822
f 8825 	8824 	8813
f 8814 	8826 	8825
f 8790 	8791 	8815
f 8811 	8824 	8823
f 8824 	8811 	8812
f 8823 	8808 	8811
f 8805 	8806 	8820
f 8820 	8819 	8805
f 8804 	8805 	8819
f 8804 	8818 	8803
f 8801 	8802 	8828
f 8829 	8828 	8802
f 8802 	8803 	8829
f 8803 	8818 	8829
f 8840 	8831 	8833
f 8843 	8847 	8797
f 8841 	8833 	8788
f 8839 	8832 	8831
f 8831 	8840 	8839
f 8833 	8841 	8840
f 8788 	8846 	8841
f 8828 	8827 	8801
f 8799 	8845 	8844
f 8797 	8798 	8843
f 8798 	8799 	8844
f 8794 	8849 	8850
f 8852 	8849 	8795
f 8795 	8849 	8794
f 8833 	8853 	8788
f 8788 	8853 	8855
f 8857 	8796 	8788
f 8788 	8855 	8857
f 8858 	8790 	8860
f 8861 	8791 	8858
f 8858 	8791 	8790
f 8862 	8792 	8861
f 8861 	8792 	8791
f 8863 	8793 	8862
f 8862 	8793 	8792
f 8793 	8863 	8865
f 8816 	8867 	8815
f 8815 	8867 	8868
f 8850 	8867 	8816
f 8816 	8794 	8850
f 8872 	8871 	8827
f 8827 	8871 	8845
f 8874 	8872 	8828
f 8828 	8872 	8827
f 8875 	8874 	8829
f 8829 	8874 	8828
f 8877 	8875 	8818
f 8818 	8875 	8829
f 8819 	8879 	8818
f 8818 	8879 	8877
f 8820 	8881 	8819
f 8819 	8881 	8879
f 8821 	8883 	8820
f 8820 	8883 	8881
f 8822 	8884 	8821
f 8821 	8884 	8883
f 8823 	8885 	8822
f 8822 	8885 	8884
f 8888 	8823 	8824
f 8888 	8885 	8823
f 8824 	8887 	8888
f 8825 	8890 	8824
f 8824 	8890 	8887
f 8826 	8892 	8825
f 8825 	8892 	8890
f 8826 	8815 	8894
f 8894 	8815 	8868
f 8826 	8894 	8892
f 8796 	8857 	8896
f 8796 	8896 	8797
f 8797 	8896 	8898
f 8897 	9131 	8899
f 8797 	8898 	8798
f 8798 	8898 	8900
f 8903 	8799 	8900
f 8900 	8799 	8798
f 8905 	8800 	8903
f 8903 	8800 	8799
f 8907 	8801 	8905
f 8905 	8801 	8800
f 8909 	8802 	8907
f 8907 	8802 	8801
f 8911 	8803 	8909
f 8909 	8803 	8802
f 8914 	8803 	8911
f 8803 	8914 	8804
f 8916 	8805 	8914
f 8914 	8805 	8804
f 8918 	8806 	8916
f 8916 	8806 	8805
f 8921 	8807 	8918
f 8918 	8807 	8806
f 8923 	8808 	8921
f 8921 	8808 	8807
f 8925 	8811 	8923
f 8923 	8811 	8808
f 8928 	8812 	8925
f 8925 	8812 	8811
f 8930 	8813 	8928
f 8928 	8813 	8812
f 8931 	8813 	8930
f 8932 	8814 	8931
f 8931 	8814 	8813
f 9088 	8837 	9473
f 8814 	8932 	8860
f 8860 	8790 	8814
f 8739 	8740 	8933
f 8933 	8740 	8839
f 8882 	9081 	8787
f 8934 	8933 	8840
f 8840 	8933 	8839
f 9082 	8789 	8787
f 8787 	9081 	9082
f 8935 	8934 	8841
f 8841 	8934 	8840
f 8841 	8846 	8936
f 8936 	8935 	8841
f 9082 	9084 	8830
f 8830 	8789 	9082
f 8936 	8846 	8937
f 8830 	9084 	8834
f 8938 	8937 	8847
f 8847 	8937 	8846
f 8843 	8940 	8939
f 8847 	8843 	8939
f 8939 	8938 	8847
f 8844 	8941 	8843
f 8843 	8941 	8940
f 8845 	8942 	8844
f 8844 	8942 	8941
f 8942 	8845 	8871
f 8943 	8831 	8944
f 8944 	8831 	8832
f 8945 	8833 	8943
f 8943 	8833 	8831
f 8837 	9089 	8838
f 8853 	8833 	8945
f 8838 	9089 	8842
f 8745 	8750 	8832
f 8832 	8750 	8944
f 8966 	8850 	8849
f 9093 	8851 	8848
f 8849 	8852 	8966
f 8850 	8966 	8867
f 8867 	8966 	8868
f 8851 	9093 	8854
f 8868 	8966 	8894
f 8854 	9095 	8856
f 8856 	9095 	8859
f 8933 	8965 	8739
f 8965 	8933 	8934
f 8965 	8875 	8877
f 8872 	8965 	8871
f 9101 	8869 	8866
f 8965 	8872 	8874
f 8874 	8875 	8965
f 8869 	9101 	8870
f 8870 	9101 	9105
f 9105 	9108 	8873
f 8873 	8870 	9105
f 8966 	8965 	8877
f 8873 	9108 	8876
f 8880 	9115 	8882
f 8965 	8940 	8941
f 8942 	8871 	8965
f 8965 	8941 	8942
f 8946 	8754 	8753
f 8946 	8755 	8754
f 9401 	8946 	8753
f 8946 	8756 	8755
f 8946 	8757 	8756
f 8753 	8752 	9401
f 8877 	8879 	8966
f 8965 	8934 	8935
f 9417 	8951 	8950
f 8950 	8949 	9417
f 8949 	8948 	9417
f 9417 	8952 	8951
f 8947 	8955 	9417
f 8965 	8935 	8936
f 8947 	8756 	8953
f 8953 	8756 	8757
f 8939 	8940 	8965
f 8937 	8938 	8965
f 8948 	8755 	8947
f 8947 	8755 	8756
f 8965 	8938 	8939
f 8965 	8936 	8937
f 8949 	8754 	8948
f 8948 	8754 	8755
f 8950 	8753 	8949
f 8949 	8753 	8754
f 8951 	8752 	8950
f 8950 	8752 	8753
f 8952 	8751 	8951
f 8951 	8751 	8752
f 8890 	8892 	8966
f 8966 	8883 	8884
f 8966 	8879 	8881
f 8757 	8946 	8748
f 8966 	8881 	8883
f 8757 	8748 	8747
f 8966 	8884 	8885
f 8747 	8953 	8757
f 8885 	8888 	8966
f 8887 	8890 	8966
f 8948 	8947 	9417
f 8966 	8888 	8887
f 8954 	8956 	9417
f 8956 	8959 	9417
f 8959 	8958 	9417
f 8962 	8961 	8956
f 8956 	8961 	8959
f 8892 	8894 	8966
f 8963 	8962 	8954
f 8954 	8962 	8956
f 8964 	8963 	8955
f 8955 	8963 	8954
f 8955 	8947 	8953
f 8953 	8964 	8955
f 8968 	8967 	8969
f 8969 	8967 	8970
f 8972 	8971 	8960
f 8974 	8973 	8976
f 8976 	8973 	8977
f 8975 	8972 	8957
f 8957 	8972 	8960
f 8958 	8978 	8957
f 8957 	8978 	8975
f 8959 	8979 	8958
f 8958 	8979 	8978
f 8982 	9452 	8976
f 8979 	8959 	8961
f 9038 	8975 	8978
f 9038 	8961 	8962
f 8980 	8969 	8970
f 9038 	8962 	8963
f 8963 	8964 	8747
f 8747 	9038 	8963
f 8964 	8953 	8747
f 8981 	8973 	8974
f 8976 	8977 	8982
f 9038 	8971 	8972
f 8972 	8975 	9038
f 9445 	8974 	8976
f 8983 	8967 	8968
f 8968 	9454 	8983
f 9038 	8978 	8979
f 8979 	8961 	9038
f 9444 	9454 	8968
f 8747 	8748 	8984
f 9511 	8966 	8986
f 8988 	8987 	9632
f 9632 	8992 	8991
f 9632 	8993 	8992
f 9632 	8994 	8993
f 9632 	8995 	8994
f 9632 	8996 	8995
f 8991 	8988 	9632
f 9000 	8999 	8998
f 9001 	9000 	8998
f 9002 	9001 	8998
f 9003 	9002 	8998
f 9004 	9003 	8998
f 8998 	8997 	9004
f 8737 	9004 	8997
f 8997 	8770 	8737
f 9005 	8988 	9006
f 9009 	8987 	9005
f 9005 	8987 	8988
f 9011 	8991 	9012
f 9012 	8991 	8992
f 9011 	9006 	8991
f 8991 	9006 	8988
f 9008 	9079 	9091
f 9013 	8995 	9014
f 9014 	8995 	8996
f 9016 	8994 	9013
f 9013 	8994 	8995
f 9087 	9017 	9015
f 9018 	8993 	9016
f 9016 	8993 	8994
f 9054 	9055 	9020
f 8993 	9018 	9021
f 8992 	8993 	9021
f 9021 	9012 	8992
f 9010 	9014 	8996
f 8996 	9632 	9010
f 9023 	9004 	8738
f 8738 	9004 	8737
f 9003 	9004 	9024
f 9024 	9004 	9023
f 9002 	9003 	9025
f 9025 	9003 	9024
f 9027 	9026 	9001
f 9001 	9002 	9027
f 9027 	9002 	9025
f 9000 	9001 	9028
f 9028 	9001 	9026
f 8999 	9029 	9030
f 9020 	9055 	9015
f 8999 	9000 	9029
f 9029 	9000 	9028
f 9031 	8998 	9030
f 9030 	8998 	8999
f 9077 	9007 	9017
f 8769 	8770 	8997
f 8997 	9032 	8769
f 8997 	8998 	9032
f 9032 	8998 	9031
f 9005 	9006 	9041
f 9009 	9005 	9041
f 9012 	9041 	9011
f 9020 	9302 	9019
f 9006 	9011 	9041
f 9021 	9041 	9012
f 9023 	8738 	9033
f 9025 	9024 	9033
f 9024 	9023 	9033
f 9027 	9025 	9033
f 9028 	9033 	9034
f 9027 	9033 	9026
f 9033 	9028 	9026
f 9034 	9029 	9028
f 9034 	9030 	9029
f 9018 	9016 	9035
f 9016 	9013 	9035
f 9035 	9041 	9018
f 9013 	9014 	9035
f 9038 	9062 	9117
f 9117 	9115 	9038
f 9115 	9113 	9038
f 9018 	9041 	9021
f 9066 	9049 	9158
f 9158 	9263 	9039
f 8973 	9041 	9035
f 8967 	8977 	9035
f 9035 	9034 	8967
f 8970 	8967 	9034
f 9034 	9033 	8970
f 8970 	9033 	8985
f 8980 	8970 	8985
f 9068 	9067 	8984
f 9035 	8977 	8973
f 8983 	8982 	8977
f 8984 	9556 	9043
f 9041 	8973 	8981
f 8981 	8986 	9041
f 8977 	8967 	8983
f 9068 	9042 	9142
f 9041 	8966 	8852
f 8852 	9009 	9041
f 9056 	9057 	8990
f 8990 	8989 	9056
f 9041 	8986 	8966
f 9126 	8893 	8891
f 9127 	8895 	9126
f 9126 	8895 	8893
f 9060 	9056 	8989
f 9141 	8906 	8904
f 8906 	9141 	8908
f 9057 	9022 	8990
f 9145 	8912 	8910
f 9148 	8917 	8915
f 8917 	9148 	8919
f 8922 	8920 	9151
f 9037 	9036 	9049
f 8922 	9151 	8924
f 8926 	8924 	9153
f 9153 	9154 	8927
f 8927 	8926 	9153
f 8927 	9154 	8929
f 9050 	9037 	9049
f 9473 	8836 	9076
f 9085 	9086 	8835
f 8835 	9086 	9076
f 9076 	8836 	8835
f 9098 	9048 	9047
f 9048 	9098 	9049
f 9051 	9050 	9049
f 8984 	9055 	9054
f 9054 	9038 	8984
f 9052 	9055 	8984
f 9063 	9062 	9038
f 9111 	9113 	8878
f 9015 	9052 	9053
f 9053 	9087 	9015
f 8984 	9053 	9052
f 9115 	8880 	8878
f 9020 	9019 	9054
f 9038 	9058 	9057
f 9038 	9054 	9058
f 9057 	9056 	9038
f 9096 	9121 	8886
f 9038 	9060 	9059
f 9038 	9056 	9060
f 9045 	9044 	9059
f 9059 	9060 	9045
f 9061 	9038 	9059
f 9065 	9063 	9038
f 9064 	9038 	9061
f 9127 	8897 	8895
f 9046 	9064 	9061
f 9044 	9046 	9061
f 9061 	9059 	9044
f 9127 	9130 	8897
f 9038 	9064 	9065
f 9130 	9131 	8897
f 8899 	9131 	8901
f 9046 	9047 	9064
f 9064 	9047 	9065
f 8989 	9045 	9060
f 9058 	9022 	9057
f 9058 	9054 	9019
f 9019 	9022 	9058
f 9143 	8908 	9141
f 9052 	9015 	9055
f 9144 	8910 	8908
f 9048 	9062 	9063
f 9065 	9047 	9048
f 9048 	9063 	9065
f 9158 	9039 	9040
f 9158 	9040 	9066
f 8912 	9145 	8913
f 9066 	9062 	9049
f 9049 	9062 	9048
f 8913 	9147 	8915
f 9042 	9068 	8984
f 9043 	9042 	8984
f 9071 	9069 	8984
f 8984 	9069 	9070
f 8984 	9067 	9071
f 9325 	9070 	9069
f 9155 	8929 	9154
f 8984 	9070 	9072
f 9327 	9072 	9070
f 8984 	9074 	9073
f 8984 	9072 	9074
f 9316 	9073 	9074
f 9091 	9079 	8984
f 8984 	9073 	9080
f 9079 	9078 	8984
f 9078 	9077 	8984
f 9087 	9053 	8984
f 9078 	9008 	9007
f 9007 	9077 	9078
f 8984 	9077 	9083
f 9017 	9087 	9083
f 8834 	9084 	9085
f 9091 	9317 	9008
f 8835 	8834 	9085
f 8984 	9083 	9087
f 9473 	9075 	9088
f 9083 	9077 	9017
f 9088 	9089 	8837
f 9317 	9080 	9073
f 9090 	8842 	9089
f 8842 	9090 	8848
f 8848 	9090 	9092
f 8984 	9080 	9091
f 9008 	9078 	9079
f 9092 	9093 	8848
f 9094 	8854 	9093
f 9317 	9091 	9080
f 9094 	9095 	8854
f 9096 	8859 	9095
f 9142 	8762 	9068
f 8886 	8859 	9096
f 9100 	8866 	8864
f 8864 	9097 	9100
f 8786 	9129 	8785
f 8866 	9100 	9101
f 9107 	9102 	9103
f 9103 	9102 	9104
f 9106 	9107 	9103
f 9109 	9107 	9110
f 9110 	9107 	9631
f 8876 	9108 	9111
f 9112 	9102 	9109
f 9109 	9102 	9107
f 8878 	8876 	9111
f 9112 	9114 	9102
f 8878 	9113 	9115
f 8882 	9115 	9117
f 8882 	9117 	9081
f 8886 	9121 	9122
f 9122 	8889 	8886
f 9653 	9650 	9118
f 8889 	9122 	9125
f 9125 	8891 	8889
f 9120 	8776 	8775
f 8775 	9124 	9120
f 9126 	8891 	9125
f 9124 	8775 	9123
f 9120 	9128 	8786
f 9128 	9129 	8786
f 8901 	9131 	9134
f 9135 	8902 	9134
f 9134 	8902 	8901
f 8902 	9135 	9138
f 9138 	8904 	8902
f 9138 	9141 	8904
f 8908 	9143 	9144
f 9172 	9139 	9140
f 9144 	9145 	8910
f 9145 	9146 	8913
f 8913 	9146 	9147
f 8915 	9147 	9148
f 9605 	9136 	9140
f 9149 	8919 	9148
f 9137 	9168 	9170
f 8919 	9149 	8920
f 8920 	9149 	9150
f 8920 	9150 	9151
f 9152 	8924 	9151
f 8924 	9152 	9153
f 8864 	8929 	9155
f 9097 	8864 	9155
f 9603 	9132 	9137
f 9166 	9167 	9132
f 9169 	9168 	9137
f 9170 	9136 	9137
f 9171 	9140 	9136
f 9648 	9649 	9156
f 9119 	9650 	9156
f 9644 	9647 	9156
f 9157 	9156 	9116
f 9116 	9156 	9647
f 9156 	9157 	9119
f 9381 	9142 	9383
f 9374 	9383 	9142
f 9583 	9584 	9161
f 9163 	9133 	9164
f 9164 	9133 	9165
f 9405 	9416 	9165
f 9163 	9166 	9133
f 9132 	9133 	9166
f 9253 	9257 	9160
f 9137 	9132 	9169
f 9167 	9169 	9132
f 9136 	9170 	9171
f 9161 	9584 	9159
f 9140 	9171 	9173
f 9259 	9258 	9162
f 9541 	9263 	9158
f 9181 	9180 	9182
f 9182 	9180 	9183
f 9183 	9180 	9184
f 9184 	9180 	9185
f 9185 	9180 	9186
f 9186 	9180 	9187
f 9187 	9180 	9188
f 9188 	9180 	9353
f 8739 	9033 	8738
f 8739 	8965 	9033
f 9175 	8762 	9174
f 9192 	9191 	9190
f 9190 	9189 	9192
f 9192 	9189 	9193
f 9193 	9189 	9194
f 8985 	9033 	8965
f 9326 	9175 	8817
f 9195 	8943 	9196
f 9196 	8943 	8944
f 9198 	9174 	9199
f 9174 	8809 	9199
f 9209 	8945 	9195
f 9195 	8945 	8943
f 8810 	9174 	8762
f 9213 	9351 	9200
f 9351 	9201 	9200
f 9351 	9202 	9201
f 9351 	9203 	9202
f 9351 	9204 	9203
f 9351 	9205 	9204
f 9351 	9206 	9205
f 9351 	9207 	9206
f 9351 	9208 	9207
f 9351 	9210 	9208
f 9351 	9177 	9211
f 9351 	9179 	9177
f 9211 	9210 	9351
f 9175 	9323 	8762
f 9209 	8853 	8945
f 9326 	9323 	9175
f 9214 	9212 	9215
f 9215 	9212 	9213
f 8817 	9332 	9326
f 9216 	9214 	9217
f 9217 	9214 	9215
f 9365 	9209 	8760
f 9238 	9231 	9448
f 9242 	9241 	9448
f 9218 	9216 	9219
f 9219 	9216 	9217
f 9220 	9218 	9221
f 9221 	9218 	9219
f 9196 	8944 	8749
f 8749 	8944 	8750
f 9222 	9220 	9223
f 9223 	9220 	9221
f 9224 	9222 	9225
f 9225 	9222 	9223
f 8857 	9226 	8896
f 9227 	9224 	9228
f 9228 	9224 	9225
f 9229 	9227 	9230
f 9230 	9227 	9228
f 9232 	9229 	9233
f 9233 	9229 	9230
f 9226 	9231 	8896
f 8896 	9231 	8898
f 9236 	9232 	9237
f 9237 	9232 	9233
f 9448 	9231 	9226
f 9159 	9178 	9248
f 9248 	9249 	9159
f 9231 	9238 	8898
f 8898 	9238 	8900
f 9448 	9226 	9365
f 9240 	8903 	9238
f 9238 	8903 	8900
f 9160 	9161 	9253
f 8760 	9448 	9365
f 9448 	9240 	9238
f 9241 	8905 	9240
f 9240 	8905 	8903
f 9098 	9047 	9239
f 9628 	9162 	9261
f 9242 	8907 	9241
f 9241 	8907 	8905
f 9158 	9049 	9036
f 9036 	9243 	9158
f 9244 	8909 	9242
f 9242 	8909 	8907
f 9245 	9176 	9246
f 9246 	9176 	9158
f 9448 	9241 	9240
f 9243 	9246 	9158
f 9247 	8911 	9244
f 9244 	8911 	8909
f 9248 	9178 	9245
f 9245 	9178 	9176
f 9247 	9244 	9448
f 9250 	9161 	9251
f 9159 	9249 	9251
f 9254 	8914 	9247
f 9247 	8914 	8911
f 9049 	9098 	9099
f 9251 	9161 	9159
f 9049 	9252 	9051
f 9254 	9247 	9448
f 9448 	9447 	9254
f 9253 	9161 	9250
f 9099 	9256 	9255
f 9255 	9252 	9099
f 9099 	9252 	9049
f 9162 	9160 	9259
f 9257 	9259 	9160
f 9260 	8916 	9254
f 9254 	8916 	8914
f 9447 	9262 	9260
f 9162 	9258 	9261
f 9575 	9616 	9081
f 9262 	8918 	9260
f 9260 	8918 	8916
f 9541 	9575 	9081
f 9040 	9039 	9117
f 9062 	9066 	9117
f 9264 	8921 	9262
f 9262 	8921 	8918
f 9267 	9236 	9268
f 9268 	9236 	9237
f 9268 	9189 	9267
f 9488 	9270 	9269
f 9266 	8990 	9271
f 9044 	9235 	9315
f 9022 	9271 	8990
f 9269 	9270 	9177
f 8990 	9266 	8989
f 9488 	9269 	9272
f 9272 	9269 	9179
f 9179 	9269 	9177
f 9273 	9272 	9180
f 9180 	9272 	9179
f 9266 	9234 	8989
f 9488 	9273 	9274
f 9274 	9273 	9181
f 9181 	9273 	9180
f 9045 	8989 	9234
f 9488 	9274 	9275
f 9045 	9235 	9044
f 9275 	9274 	9182
f 9182 	9274 	9181
f 9488 	9275 	9276
f 9276 	9275 	9183
f 9183 	9275 	9182
f 9235 	9045 	9234
f 9488 	9276 	9277
f 9277 	9276 	9184
f 9184 	9276 	9183
f 9278 	9488 	9279
f 9277 	9279 	9488
f 9279 	9184 	9185
f 9185 	9281 	9279
f 9279 	9281 	9278
f 9279 	9277 	9184
f 9285 	9284 	9286
f 9290 	9288 	9284
f 9285 	9290 	9284
f 9281 	9185 	9285
f 9285 	9286 	9281
f 9285 	9185 	9186
f 9186 	9292 	9290
f 9290 	9292 	9288
f 9186 	9290 	9285
f 9187 	9293 	9186
f 9186 	9293 	9292
f 9188 	9294 	9187
f 9187 	9294 	9293
f 9353 	9294 	9188
f 9435 	9296 	9295
f 9435 	9301 	9296
f 9295 	9297 	9435
f 9296 	9190 	9295
f 9295 	9190 	9191
f 9017 	9283 	9287
f 9435 	9297 	9298
f 9020 	9015 	9287
f 9297 	9295 	9192
f 9192 	9295 	9191
f 9298 	9297 	9193
f 9193 	9297 	9192
f 9435 	9299 	9300
f 9299 	9298 	9194
f 9194 	9298 	9193
f 9300 	9299 	9194
f 9303 	9267 	9189
f 9296 	9301 	9304
f 9291 	9022 	9302
f 9305 	9303 	9304
f 9189 	9190 	9304
f 9304 	9303 	9189
f 9304 	9190 	9296
f 9291 	9271 	9022
f 9435 	9300 	9306
f 9306 	9300 	9197
f 9197 	9300 	9194
f 9307 	9306 	9200
f 9200 	9306 	9197
f 9308 	9307 	9201
f 9201 	9307 	9200
f 9008 	9280 	9282
f 9282 	9007 	9008
f 9282 	9283 	9017
f 9017 	9007 	9282
f 9287 	9015 	9017
f 9287 	9289 	9020
f 9435 	9308 	9310
f 9302 	9020 	9289
f 9019 	9302 	9022
f 9310 	9308 	9202
f 9202 	9308 	9201
f 9322 	9311 	9309
f 9324 	9312 	9311
f 9749 	9318 	9319
f 9733 	9309 	9311
f 9312 	9734 	9733
f 9733 	9311 	9312
f 9047 	9046 	9315
f 9734 	9312 	9313
f 9317 	9280 	9008
f 9486 	9443 	9313
f 9314 	9310 	9203
f 9203 	9310 	9202
f 9747 	9314 	9318
f 9318 	9314 	9204
f 9204 	9314 	9203
f 9315 	9239 	9047
f 9319 	9318 	9205
f 9205 	9318 	9204
f 9751 	9319 	9320
f 9320 	9319 	9206
f 9206 	9319 	9205
f 8764 	8762 	9321
f 9142 	9397 	9321
f 9309 	9320 	9322
f 9067 	9068 	8762
f 8762 	9323 	9067
f 9322 	9320 	9207
f 9207 	9320 	9206
f 9311 	9322 	9324
f 9326 	9325 	9069
f 9069 	9071 	9326
f 9208 	9324 	9207
f 9207 	9324 	9322
f 9070 	9325 	9327
f 9313 	9312 	9324
f 9330 	9270 	9488
f 9044 	9315 	9046
f 9210 	9328 	9208
f 9208 	9328 	9324
f 9316 	9074 	9329
f 9073 	9316 	9317
f 9211 	9330 	9210
f 9210 	9330 	9328
f 9270 	9330 	9211
f 9211 	9177 	9270
f 9072 	9327 	9329
f 9329 	9074 	9072
f 9280 	9317 	9333
f 9715 	9338 	9337
f 9337 	9336 	9715
f 9715 	9339 	9338
f 9715 	9341 	9340
f 9715 	9294 	9341
f 9346 	9344 	9343
f 9346 	9345 	9344
f 9343 	9342 	9346
f 9265 	8923 	9264
f 9264 	8923 	8921
f 9179 	9350 	9349
f 9179 	9351 	9350
f 9349 	9348 	9179
f 9179 	9348 	9352
f 9180 	9352 	9354
f 9354 	9353 	9180
f 9355 	8925 	9265
f 9265 	8925 	8923
f 9212 	9335 	9213
f 9447 	9355 	9265
f 9348 	9338 	9352
f 9352 	9338 	9339
f 9356 	8928 	9355
f 9355 	8928 	8925
f 9349 	9337 	9348
f 9348 	9337 	9338
f 9447 	9356 	9355
f 9350 	9336 	9349
f 9349 	9336 	9337
f 9351 	9335 	9350
f 9350 	9335 	9336
f 9357 	8930 	9356
f 9356 	8930 	8928
f 9351 	9213 	9335
f 9358 	9357 	9447
f 9353 	9341 	9294
f 9357 	8931 	8930
f 9354 	9340 	9353
f 9353 	9340 	9341
f 9354 	9352 	9340
f 9340 	9352 	9339
f 8931 	9357 	9358
f 9358 	8932 	8931
f 9523 	9521 	9361
f 9344 	9360 	9343
f 9343 	9360 	9361
f 9342 	9343 	9362
f 9362 	9343 	9361
f 9358 	8860 	8932
f 9344 	9345 	9360
f 9360 	9345 	9359
f 9447 	9400 	9367
f 9342 	9364 	9363
f 9363 	9346 	9342
f 9209 	9365 	8853
f 8853 	9365 	8855
f 9342 	9362 	9366
f 8857 	8855 	9365
f 9365 	9226 	8857
f 9325 	9331 	9327
f 9366 	9364 	9342
f 9648 	9368 	9364
f 8860 	9358 	9367
f 9367 	8858 	8860
f 9331 	9325 	9332
f 9331 	9347 	9327
f 9649 	9364 	9366
f 9369 	8861 	9367
f 9367 	8861 	8858
f 9371 	8862 	9369
f 9369 	8862 	8861
f 9173 	9172 	9140
f 9329 	9334 	9316
f 9373 	9432 	9372
f 9370 	9372 	9432
f 9172 	9374 	9139
f 9376 	8863 	9371
f 9371 	8863 	8862
f 9400 	9371 	9369
f 9400 	9376 	9371
f 9376 	9392 	8863
f 8863 	9392 	8865
f 9432 	9375 	9385
f 9142 	9139 	9374
f 9432 	9385 	9393
f 9396 	9379 	9378
f 9396 	9380 	9379
f 9396 	9382 	9380
f 9396 	9384 	9382
f 9396 	9386 	9384
f 9396 	9387 	9386
f 9396 	9388 	9387
f 9396 	9389 	9388
f 9396 	9390 	9389
f 9396 	9391 	9390
f 9396 	9394 	9391
f 9378 	9398 	9396
f 9378 	9377 	9398
f 9381 	9397 	9142
f 9393 	9395 	9432
f 9367 	9358 	9447
f 9369 	9367 	9400
f 9376 	9400 	9392
f 9321 	8762 	9142
f 9395 	9399 	9432
f 9396 	9407 	9403
f 9404 	9403 	9407
f 8751 	9404 	9407
f 9407 	9401 	8751
f 8752 	8751 	9401
f 9010 	9400 	9014
f 9403 	9402 	9396
f 9402 	9394 	9396
f 9196 	8749 	8760
f 9195 	9196 	8760
f 9209 	9195 	8760
f 9377 	9345 	9398
f 9398 	9345 	9346
f 9165 	9133 	9405
f 9412 	9406 	9129
f 9446 	9713 	9410
f 9405 	9406 	9414
f 9405 	9414 	9416
f 9031 	9030 	9408
f 9412 	9414 	9406
f 9360 	9359 	9523
f 9415 	9423 	9422
f 9415 	9424 	9423
f 9440 	9417 	9415
f 9424 	9415 	9425
f 9431 	9426 	9425
f 9431 	9427 	9426
f 9430 	9429 	9427
f 9427 	9431 	9430
f 9425 	9415 	9431
f 9445 	9433 	9249
f 9444 	8985 	9436
f 9446 	9421 	9428
f 8985 	9432 	9436
f 9446 	9434 	9437
f 9417 	9440 	9439
f 9415 	9422 	9440
f 9439 	9438 	9417
f 9417 	9438 	8952
f 8760 	8765 	9408
f 9249 	8986 	9445
f 9446 	9441 	9370
f 9446 	9437 	9441
f 9370 	9432 	9446
f 9442 	8768 	9032
f 9032 	8768 	8769
f 9444 	8980 	8985
f 9361 	9360 	9523
f 9442 	9032 	9408
f 9408 	9032 	9031
f 9713 	9443 	9409
f 9454 	9436 	9435
f 8765 	8768 	9442
f 9442 	9408 	8765
f 9391 	9394 	9423
f 9423 	9394 	9422
f 9428 	9434 	9446
f 9446 	9418 	9421
f 9411 	9413 	9446
f 9410 	9411 	9446
f 9713 	9409 	9410
f 9413 	9418 	9446
f 9390 	9391 	9424
f 9424 	9391 	9423
f 9496 	9449 	9436
f 9445 	9435 	9433
f 9244 	9242 	9448
f 9260 	9254 	9447
f 9264 	9262 	9447
f 9265 	9264 	9447
f 9357 	9356 	9447
f 9389 	9390 	9425
f 9425 	9390 	9424
f 9373 	9375 	9432
f 9388 	9389 	9426
f 9426 	9389 	9425
f 8986 	8981 	9445
f 9030 	9034 	9448
f 9408 	9030 	9448
f 9448 	8760 	9408
f 9387 	9388 	9427
f 9427 	9388 	9426
f 8982 	9454 	9452
f 8982 	8983 	9454
f 9445 	9452 	9435
f 9014 	9400 	9447
f 9447 	9035 	9014
f 9386 	9387 	9429
f 9429 	9387 	9427
f 9435 	9452 	9454
f 9436 	9454 	9444
f 9435 	9456 	9455
f 9447 	9448 	9035
f 9035 	9448 	9034
f 9384 	9386 	9430
f 9430 	9386 	9429
f 9435 	9455 	9453
f 9435 	9457 	9456
f 9347 	9334 	9329
f 9157 	9116 	9433
f 9116 	9114 	9433
f 9382 	9384 	9431
f 9431 	9384 	9430
f 9334 	9333 	9316
f 9380 	9382 	9415
f 9415 	9382 	9431
f 9433 	9460 	9459
f 9317 	9316 	9333
f 9379 	9380 	9417
f 9417 	9380 	9415
f 9433 	9112 	9109
f 9119 	9157 	9432
f 9118 	9119 	9432
f 9378 	9379 	9419
f 9419 	9379 	9417
f 9460 	9433 	9450
f 9435 	9451 	9450
f 9435 	9453 	9451
f 9123 	9118 	9432
f 9124 	9123 	9432
f 9377 	9378 	9420
f 9420 	9378 	9419
f 9243 	9036 	9462
f 9433 	9463 	9461
f 9359 	9377 	9420
f 9255 	9256 	9465
f 9438 	9404 	8952
f 8952 	9404 	8751
f 9433 	9464 	9463
f 9433 	9466 	9464
f 9439 	9403 	9438
f 9438 	9403 	9404
f 9252 	9255 	9465
f 9323 	9326 	9071
f 9071 	9067 	9323
f 9440 	9402 	9439
f 9439 	9402 	9403
f 9199 	9469 	9198
f 9440 	9422 	9402
f 9402 	9422 	9394
f 9433 	9471 	9470
f 9433 	9470 	9468
f 9345 	9377 	9359
f 9433 	9459 	9471
f 9037 	9462 	9036
f 9332 	9325 	9326
f 8748 	9401 	9407
f 9396 	9363 	8748
f 8748 	8946 	9401
f 9050 	9462 	9037
f 8748 	9407 	9396
f 9396 	9398 	9363
f 9398 	9346 	9363
f 9051 	9462 	9050
f 9330 	9488 	9474
f 9465 	9462 	9051
f 9051 	9252 	9465
f 9327 	9347 	9329
f 8764 	9321 	9477
f 8763 	8764 	9477
f 8810 	8763 	9477
f 9556 	8984 	8787
f 9619 	8787 	8789
f 8809 	8810 	9477
f 9477 	9469 	8809
f 9488 	9482 	9481
f 9605 	8789 	8830
f 9469 	9199 	8809
f 9604 	8835 	8836
f 9603 	8834 	8835
f 9324 	9328 	9486
f 9246 	8986 	9245
f 9248 	9245 	8986
f 9243 	8986 	9246
f 9486 	9313 	9324
f 9328 	9472 	9486
f 8986 	9249 	9248
f 9596 	9595 	9473
f 9595 	8836 	9473
f 8837 	8838 	9368
f 8838 	8842 	9368
f 9433 	9250 	9249
f 9433 	9259 	9257
f 9502 	9487 	9485
f 9272 	9273 	9488
f 9474 	9328 	9330
f 9474 	9472 	9328
f 9474 	9488 	9475
f 9475 	9488 	9476
f 9476 	9488 	9478
f 9488 	9480 	9479
f 9479 	9478 	9488
f 9481 	9480 	9488
f 9488 	9483 	9482
f 9485 	9503 	9502
f 9458 	9457 	9435
f 9450 	9433 	9435
f 9507 	9503 	9485
f 8851 	8854 	9368
f 9488 	9461 	9483
f 9461 	9488 	9433
f 9433 	9467 	9466
f 9468 	9467 	9433
f 9250 	9251 	9249
f 9433 	9253 	9250
f 9484 	9492 	9493
f 9433 	9258 	9259
f 9433 	9257 	9253
f 9495 	9484 	9493
f 9487 	9498 	9497
f 9497 	9484 	9487
f 9433 	9261 	9258
f 8866 	8869 	8748
f 9433 	9500 	9261
f 9497 	9492 	9484
f 9502 	9498 	9487
f 9433 	9501 	9500
f 9433 	9504 	9501
f 8869 	8870 	8984
f 8984 	8748 	8869
f 8870 	8873 	8984
f 9433 	9505 	9504
f 9433 	9506 	9505
f 9433 	9110 	9506
f 8873 	8876 	8984
f 9433 	9109 	9110
f 9753 	9761 	9507
f 8984 	8882 	8787
f 9433 	9114 	9112
f 9433 	9432 	9157
f 9364 	8859 	8886
f 9120 	9124 	9432
f 9364 	8889 	8891
f 8891 	8893 	9364
f 8893 	8895 	9364
f 9412 	9129 	9120
f 9412 	9120 	9432
f 9364 	8897 	8899
f 9128 	9120 	9129
f 8901 	8902 	9363
f 9510 	9163 	9432
f 9432 	8985 	9510
f 9166 	9163 	9510
f 8906 	8908 	9363
f 9363 	8904 	8906
f 9395 	9471 	9399
f 8908 	8910 	9363
f 9167 	9166 	9510
f 9169 	9167 	9510
f 9363 	8910 	8912
f 9168 	9169 	9510
f 9170 	9168 	9510
f 9363 	8912 	8913
f 9171 	9170 	9510
f 9363 	8913 	8915
f 8748 	9363 	8915
f 9173 	9171 	9510
f 9172 	9173 	9510
f 9510 	9374 	9172
f 8748 	8917 	8919
f 9510 	9381 	9374
f 9374 	9381 	9383
f 8922 	8924 	8748
f 9381 	9477 	9397
f 9397 	9477 	9321
f 8748 	8924 	8926
f 8748 	8926 	8927
f 8748 	8927 	8929
f 8866 	8748 	8864
f 9414 	9412 	9432
f 9416 	9414 	9432
f 9165 	9416 	9432
f 9163 	9164 	9432
f 8929 	8864 	8748
f 8920 	8922 	8748
f 8919 	8920 	8748
f 9478 	9479 	9421
f 9164 	9165 	9432
f 8915 	8917 	8748
f 8899 	8901 	9363
f 9363 	9364 	8899
f 8895 	8897 	9364
f 8904 	9363 	8902
f 9511 	8986 	9243
f 9465 	9513 	9243
f 9243 	9462 	9465
f 8886 	8889 	9364
f 8859 	9368 	8856
f 8854 	8856 	9368
f 8851 	9368 	8848
f 8842 	8848 	9368
f 8859 	9364 	9368
f 9606 	8830 	8834
f 8984 	8880 	8882
f 8878 	8880 	8984
f 8876 	8878 	8984
f 9473 	8837 	9596
f 9359 	9420 	9523
f 9513 	9512 	9511
f 9243 	9513 	9511
f 8955 	8954 	9417
f 9419 	9417 	9523
f 8960 	9517 	9417
f 8957 	8960 	9417
f 8958 	8957 	9417
f 9514 	9510 	9515
f 9420 	9419 	9523
f 9523 	9518 	9521
f 9523 	9519 	9518
f 9381 	9516 	9469
f 9515 	8985 	8965
f 9510 	8985 	9515
f 9514 	9516 	9510
f 9381 	9510 	9516
f 9469 	9477 	9381
f 9515 	9511 	9514
f 9514 	9511 	9512
f 9511 	9515 	8965
f 8965 	8966 	9511
f 9417 	9517 	9524
f 9417 	9524 	9523
f 9520 	9519 	9523
f 9522 	9526 	9525
f 9525 	9520 	9522
f 9523 	9522 	9520
f 9526 	9522 	9527
f 9527 	9522 	9528
f 9532 	9529 	9528
f 9532 	9530 	9529
f 9532 	9531 	9530
f 9528 	9522 	9532
f 9542 	9540 	9517
f 9536 	9535 	9578
f 9537 	9536 	9580
f 9580 	9582 	9537
f 9582 	9586 	9538
f 9539 	9538 	9586
f 9546 	9543 	9539
f 9066 	9040 	9117
f 9517 	8960 	8971
f 8971 	9542 	9517
f 9158 	9575 	9541
f 9521 	9547 	9362
f 9362 	9361 	9521
f 9549 	9547 	9518
f 9518 	9547 	9521
f 8787 	9619 	9607
f 8787 	9557 	9556
f 8830 	9606 	9605
f 9551 	9549 	9519
f 9519 	9549 	9518
f 9553 	9551 	9520
f 9520 	9551 	9519
f 9555 	9553 	9520
f 9559 	9555 	9525
f 9525 	9555 	9520
f 9561 	9559 	9526
f 9526 	9559 	9525
f 9556 	9557 	9142
f 8724 	9545 	9552
f 9563 	9561 	9527
f 9527 	9561 	9526
f 9565 	9563 	9528
f 9528 	9563 	9527
f 9554 	9558 	8723
f 9043 	9556 	9142
f 9042 	9043 	9142
f 9529 	9568 	9566
f 9528 	9529 	9566
f 9566 	9565 	9528
f 9599 	9596 	8837
f 9570 	9568 	9530
f 9530 	9568 	9529
f 9573 	9570 	9531
f 9531 	9570 	9530
f 9263 	9541 	9117
f 9082 	9081 	9574
f 9602 	9601 	9567
f 9567 	9569 	9602
f 9577 	9573 	9532
f 9532 	9573 	9531
f 9159 	9572 	9178
f 9533 	9602 	9569
f 9579 	9577 	9522
f 9522 	9577 	9532
f 9569 	9571 	9533
f 9523 	9581 	9522
f 9522 	9581 	9579
f 9576 	9578 	9535
f 9081 	9117 	9541
f 9084 	9082 	9584
f 9524 	9585 	9523
f 9523 	9585 	9581
f 9578 	9580 	9536
f 9161 	9160 	9583
f 9540 	9585 	9524
f 9524 	9517 	9540
f 9616 	9574 	9081
f 9106 	9103 	9088
f 9588 	9589 	9162
f 9574 	9572 	9082
f 9572 	9584 	9082
f 9076 	9086 	9588
f 9631 	9107 	9591
f 9588 	9592 	9076
f 9075 	9076 	9592
f 9086 	9085 	9588
f 9598 	9590 	9593
f 9592 	9591 	9075
f 9600 	9593 	9594
f 9534 	9533 	9571
f 9088 	9075 	9591
f 9591 	9106 	9088
f 8836 	9595 	9604
f 8835 	9604 	9603
f 8793 	9587 	8795
f 9103 	9089 	9088
f 9103 	9090 	9089
f 9597 	8795 	9587
f 9590 	9598 	9597
f 9593 	9600 	9598
f 9594 	9601 	9600
f 9597 	9587 	9590
f 9594 	9567 	9601
f 9103 	9092 	9090
f 9595 	9596 	9405
f 8723 	8724 	9554
f 9550 	9552 	9545
f 9548 	9550 	9544
f 9545 	9544 	9550
f 9543 	9546 	9548
f 9544 	9543 	9548
f 9539 	9586 	9546
f 9538 	9537 	9582
f 9571 	9576 	9534
f 9535 	9534 	9576
f 9103 	9095 	9094
f 9604 	9133 	9132
f 9132 	9603 	9604
f 9096 	9095 	9103
f 8834 	9603 	9606
f 9558 	9560 	8728
f 8730 	8728 	9560
f 8732 	8730 	9562
f 9606 	9137 	9136
f 9136 	9605 	9606
f 9038 	9101 	9100
f 9560 	9562 	8730
f 9038 	9108 	9105
f 9038 	9105 	9101
f 9552 	9554 	8724
f 8726 	8723 	9558
f 8789 	9605 	9608
f 8787 	9607 	9557
f 9038 	9111 	9108
f 9140 	9608 	9605
f 8832 	8839 	8740
f 9085 	9084 	9589
f 8734 	8732 	9564
f 9606 	9603 	9137
f 9562 	9564 	8732
f 8728 	8726 	9558
f 9595 	9405 	9133
f 9133 	9604 	9595
f 8736 	8734 	8742
f 9564 	8742 	8734
f 8745 	8832 	8740
f 8742 	8745 	8736
f 8740 	8736 	8745
f 9596 	9599 	9406
f 9366 	9125 	9122
f 9121 	9096 	9103
f 9106 	9591 	9107
f 9627 	9610 	9609
f 9103 	9366 	9122
f 9366 	9126 	9125
f 9366 	9127 	9126
f 9589 	9583 	9160
f 9160 	9162 	9589
f 9625 	9612 	9611
f 9626 	9611 	9610
f 9572 	9159 	9584
f 9624 	9613 	9612
f 9139 	9142 	9607
f 9607 	9142 	9557
f 9366 	9131 	9130
f 9366 	9130 	9127
f 9158 	9176 	9575
f 9561 	9134 	9131
f 9039 	9263 	9117
f 9621 	9617 	9615
f 9574 	9616 	9178
f 9572 	9574 	9178
f 8789 	9608 	9619
f 9619 	9140 	9139
f 9139 	9607 	9619
f 9565 	9144 	9143
f 9608 	9140 	9619
f 9566 	9145 	9144
f 9616 	9575 	9176
f 9176 	9178 	9616
f 9162 	9628 	9588
f 9568 	9146 	9145
f 9614 	9613 	9623
f 9613 	9624 	9623
f 9612 	9625 	9624
f 9611 	9626 	9625
f 9610 	9627 	9626
f 9609 	9629 	9627
f 9643 	9630 	9629
f 9623 	9622 	9614
f 9615 	9614 	9622
f 9622 	9621 	9615
f 8721 	9618 	9617
f 9506 	9110 	9631
f 9568 	9147 	9146
f 9570 	9148 	9147
f 9628 	9631 	9592
f 9592 	9588 	9628
f 9632 	9635 	9634
f 9634 	9633 	9632
f 9501 	9628 	9500
f 9143 	9141 	9563
f 9573 	9151 	9150
f 9261 	9500 	9628
f 9645 	9638 	9637
f 9501 	9504 	9628
f 9154 	9153 	9577
f 9628 	9504 	9631
f 9631 	9504 	9505
f 9577 	9579 	9154
f 9577 	9153 	9152
f 9505 	9506 	9631
f 9640 	9635 	9632
f 9639 	9636 	9635
f 9646 	9637 	9636
f 9636 	9639 	9646
f 9635 	9640 	9639
f 9632 	9641 	9640
f 9632 	8987 	9641
f 9652 	9651 	9368
f 9651 	9120 	9368
f 9155 	9154 	9579
f 9155 	9579 	9097
f 9100 	9097 	9579
f 9654 	9599 	9368
f 9630 	9643 	9642
f 9583 	9589 	9084
f 9645 	9620 	9638
f 9642 	9638 	9620
f 9629 	9609 	9643
f 9642 	9620 	9630
f 9591 	9592 	9631
f 9366 	9103 	9104
f 9577 	9152 	9151
f 9637 	9646 	9645
f 8837 	9368 	9599
f 9145 	9566 	9568
f 9617 	9621 	8721
f 8721 	8722 	9618
f 8759 	8722 	8725
f 8774 	8772 	8725
f 8778 	8774 	8727
f 9149 	9570 	9573
f 9644 	9104 	9647
f 9647 	9104 	9102
f 8725 	8772 	8759
f 9618 	8722 	8759
f 9366 	9644 	9649
f 9104 	9644 	9366
f 9156 	9650 	9648
f 8737 	8770 	8735
f 9648 	9652 	9368
f 9649 	9648 	9364
f 9368 	9120 	9654
f 9651 	9652 	9653
f 8727 	8729 	8778
f 9561 	9135 	9134
f 9561 	9138 	9135
f 9563 	9141 	9138
f 9138 	9561 	9563
f 9570 	9149 	9148
f 9143 	9563 	9565
f 9131 	9559 	9561
f 9366 	9549 	9551
f 8731 	8782 	8780
f 8785 	9654 	9120
f 8733 	8735 	8784
f 8780 	8778 	8729
f 9405 	9596 	9406
f 9366 	9362 	9547
f 9366 	9547 	9549
f 8735 	8770 	8784
f 8784 	8782 	8733
f 8780 	8729 	8731
f 9406 	9599 	9654
f 8782 	8731 	8733
f 8774 	8725 	8727
f 9131 	9366 	9555
f 9366 	9551 	9553
f 9366 	9553 	9555
f 9120 	9651 	9655
f 9120 	9655 	8776
f 9555 	9559 	9131
f 8786 	8785 	9120
f 8776 	9655 	9653
f 9630 	9620 	9533
f 9573 	9150 	9149
f 9144 	9565 	9566
f 9630 	9533 	9534
f 9654 	8785 	9129
f 9129 	9406 	9654
f 9534 	9535 	9629
f 9629 	9630 	9534
f 9650 	9653 	9652
f 9652 	9648 	9650
f 9092 	9103 	9093
f 9093 	9103 	9094
f 9122 	9121 	9103
f 9627 	9629 	9535
f 9119 	9118 	9650
f 9627 	9535 	9536
f 9038 	9585 	9540
f 9100 	9579 	9038
f 9584 	9583 	9084
f 9540 	9542 	9038
f 9118 	9123 	9653
f 9536 	9537 	9626
f 9626 	9627 	9536
f 9038 	9113 	9111
f 9589 	9588 	9085
f 9625 	9626 	9538
f 9538 	9626 	9537
f 8775 	8776 	9653
f 9655 	9651 	9653
f 8971 	9038 	9542
f 9538 	9539 	9624
f 9624 	9625 	9538
f 9156 	9649 	9644
f 9114 	9647 	9102
f 9623 	9624 	9543
f 9543 	9624 	9539
f 9114 	9116 	9647
f 9147 	9568 	9570
f 9623 	9544 	9622
f 9581 	9038 	9579
f 9544 	9623 	9543
f 9621 	9622 	9544
f 9151 	9573 	9577
f 9621 	9544 	9545
f 9581 	9585 	9038
f 9712 	9609 	9656
f 9076 	9075 	9473
f 9656 	9609 	9657
f 9657 	9609 	9610
f 9657 	9610 	9658
f 9658 	9610 	9611
f 9658 	9611 	9659
f 9659 	9611 	9612
f 9491 	9455 	9494
f 9613 	9660 	9612
f 9612 	9660 	9659
f 9614 	9661 	9613
f 9613 	9661 	9660
f 9615 	9662 	9614
f 9614 	9662 	9661
f 9496 	9457 	9449
f 9617 	9663 	9615
f 9615 	9663 	9662
f 9449 	9457 	9499
f 9618 	9665 	9617
f 9617 	9665 	9663
f 9674 	9670 	9661
f 9660 	9661 	9670
f 9670 	9697 	9660
f 9696 	9658 	9659
f 9661 	9662 	9674
f 9695 	9657 	9658
f 9694 	9656 	9657
f 9597 	9641 	9009
f 9641 	8987 	9009
f 9009 	8852 	9597
f 8852 	8795 	9597
f 9372 	9370 	9463
f 9598 	9640 	9641
f 9664 	9513 	9667
f 9598 	9641 	9597
f 9464 	9373 	9372
f 9600 	9639 	9598
f 9598 	9639 	9640
f 9256 	9099 	9664
f 9373 	9464 	9466
f 9666 	9669 	9668
f 9639 	9600 	9601
f 9668 	9513 	9664
f 9664 	9666 	9668
f 9375 	9466 	9385
f 9646 	9639 	9601
f 9602 	9645 	9646
f 9602 	9646 	9601
f 9664 	9667 	9256
f 9620 	9645 	9602
f 9602 	9533 	9620
f 9697 	9670 	9546
f 9459 	9508 	9399
f 9399 	9471 	9459
f 9674 	9548 	9670
f 9670 	9548 	9546
f 9677 	9550 	9674
f 9674 	9550 	9548
f 9678 	9552 	9677
f 9677 	9552 	9550
f 9679 	9554 	9678
f 9678 	9554 	9552
f 9673 	9687 	9686
f 9418 	9413 	9478
f 9673 	9686 	9675
f 9421 	9418 	9478
f 9688 	9687 	9673
f 9680 	9558 	9679
f 9679 	9558 	9554
f 9421 	9479 	9428
f 9676 	9484 	9495
f 9495 	9689 	9676
f 9681 	9560 	9680
f 9680 	9560 	9558
f 9437 	9434 	9482
f 9682 	9562 	9681
f 9681 	9562 	9560
f 9683 	9671 	9672
f 9671 	9669 	9666
f 9666 	9672 	9671
f 8758 	9680 	9679
f 9437 	9482 	9441
f 9684 	9683 	9675
f 9675 	9683 	9672
f 9685 	9564 	9682
f 9682 	9564 	9562
f 8777 	9682 	9681
f 9686 	9684 	9675
f 8741 	8742 	9685
f 9685 	8742 	9564
f 9673 	9676 	9688
f 9688 	9676 	9689
f 8779 	9685 	9682
f 8781 	8741 	9685
f 9691 	9569 	9690
f 9690 	9569 	9567
f 9691 	9692 	9569
f 9569 	9692 	9571
f 9494 	9455 	9496
f 9711 	9712 	9692
f 9692 	9693 	9571
f 9571 	9693 	9576
f 9712 	9693 	9692
f 9693 	9694 	9576
f 9576 	9694 	9578
f 9656 	9694 	9693
f 9694 	9695 	9578
f 9578 	9695 	9580
f 9657 	9695 	9694
f 9508 	9459 	9509
f 9509 	9459 	9460
f 9695 	9696 	9580
f 9580 	9696 	9582
f 9658 	9696 	9695
f 9450 	9490 	9509
f 9696 	9697 	9582
f 9582 	9697 	9586
f 9659 	9697 	9696
f 9697 	9546 	9586
f 9372 	9463 	9464
f 8865 	9392 	9698
f 9698 	9587 	8865
f 8865 	9587 	8793
f 9466 	9375 	9373
f 9385 	9466 	9467
f 9699 	9587 	9698
f 9468 	9393 	9385
f 9699 	9701 	9700
f 9700 	9590 	9699
f 9699 	9590 	9587
f 9704 	9699 	9698
f 9702 	9593 	9700
f 9700 	9593 	9590
f 9703 	9702 	9708
f 9443 	9486 	9472
f 9703 	9594 	9702
f 9702 	9594 	9593
f 9409 	9472 	9410
f 9705 	9701 	9699
f 9475 	9411 	9410
f 9690 	9703 	9709
f 9709 	9710 	9690
f 9690 	9567 	9703
f 9703 	9567 	9594
f 9098 	9736 	9099
f 9692 	9691 	9711
f 9691 	9690 	9710
f 9698 	9392 	9400
f 9698 	9400 	9704
f 9010 	9632 	9704
f 9704 	9400 	9010
f 9434 	9428 	9481
f 9434 	9481 	9482
f 9704 	9632 	9705
f 9705 	9632 	9633
f 9441 	9482 	9483
f 9699 	9704 	9705
f 9634 	9706 	9633
f 9633 	9706 	9705
f 9461 	9370 	9441
f 9635 	9707 	9634
f 9634 	9707 	9706
f 9636 	9708 	9635
f 9635 	9708 	9707
f 9409 	9443 	9472
f 9637 	9709 	9636
f 9636 	9709 	9708
f 9490 	9450 	9451
f 9451 	9489 	9490
f 9638 	9710 	9637
f 9637 	9710 	9709
f 9453 	9491 	9451
f 9451 	9491 	9489
f 9638 	9642 	9710
f 9453 	9455 	9491
f 9456 	9496 	9455
f 9708 	9709 	9703
f 9707 	9708 	9702
f 9702 	9700 	9707
f 9706 	9707 	9700
f 9700 	9701 	9706
f 9706 	9701 	9705
f 9496 	9456 	9457
f 9642 	9711 	9710
f 9643 	9712 	9642
f 9642 	9712 	9711
f 9458 	9499 	9457
f 9609 	9712 	9643
f 8759 	8758 	9665
f 9665 	9618 	8759
f 9509 	9460 	9450
f 9697 	9659 	9660
f 9691 	9710 	9711
f 9693 	9712 	9656
f 9677 	9674 	9662
f 9678 	9677 	9663
f 9662 	9663 	9677
f 9663 	9665 	9678
f 9679 	9678 	9665
f 9665 	8758 	9679
f 8773 	9681 	9680
f 9545 	8724 	8721
f 8721 	9621 	9545
f 9370 	9461 	9463
f 9736 	9664 	9099
f 9385 	9467 	9468
f 9395 	9393 	9468
f 9395 	9468 	9470
f 9395 	9470 	9471
f 9239 	9315 	9736
f 9410 	9472 	9474
f 9410 	9474 	9475
f 9413 	9411 	9475
f 9413 	9475 	9476
f 9413 	9476 	9478
f 9428 	9479 	9480
f 9428 	9480 	9481
f 9441 	9483 	9461
f 9286 	9284 	9713
f 9286 	9713 	9278
f 9444 	8969 	8980
f 9714 	9435 	9436
f 9713 	9284 	9288
f 9304 	9301 	9305
f 9714 	9713 	9715
f 9713 	9288 	9715
f 9715 	9305 	9714
f 9305 	9301 	9714
f 9436 	9716 	9717
f 9436 	9718 	9719
f 9721 	9714 	9436
f 9719 	9720 	9436
f 9714 	9721 	9722
f 9714 	9723 	9724
f 9666 	9664 	9736
f 9714 	9727 	9728
f 9714 	9729 	9730
f 9714 	9730 	9731
f 9713 	9732 	9733
f 9733 	9734 	9713
f 9735 	9443 	9713
f 9734 	9735 	9713
f 9714 	9731 	9732
f 9732 	9713 	9714
f 9729 	9714 	9728
f 9727 	9714 	9726
f 9714 	9725 	9726
f 9724 	9725 	9714
f 9722 	9723 	9714
f 9436 	9720 	9721
f 9717 	9718 	9436
f 9716 	9436 	9499
f 9673 	9675 	9736
f 9736 	9676 	9673
f 9754 	9753 	9736
f 9485 	9736 	9753
f 9721 	9743 	9722
f 9758 	9757 	9736
f 9770 	9769 	9736
f 9787 	9770 	9736
f 9789 	9787 	9736
f 9769 	9771 	9736
f 9771 	9759 	9736
f 9759 	9758 	9736
f 9731 	9309 	9732
f 9755 	9754 	9736
f 9732 	9309 	9733
f 9736 	9484 	9676
f 9734 	9313 	9735
f 9485 	9487 	9736
f 9313 	9443 	9735
f 9736 	9487 	9484
f 9715 	9229 	9232
f 9232 	9236 	9715
f 9267 	9303 	9715
f 9715 	9224 	9227
f 9715 	9222 	9224
f 9715 	9220 	9222
f 9715 	9218 	9220
f 9715 	9216 	9218
f 9715 	9214 	9216
f 9715 	9212 	9214
f 9715 	9335 	9212
f 9715 	9227 	9229
f 9303 	9305 	9715
f 9715 	9336 	9335
f 9790 	9736 	9788
f 9281 	9286 	9278
f 9780 	9736 	9781
f 9340 	9339 	9715
f 9294 	9715 	9293
f 9715 	9288 	9292
f 9292 	9293 	9715
f 9175 	9736 	8817
f 9236 	9267 	9715
f 8981 	8974 	9445
f 9283 	9282 	9736
f 8976 	9452 	9445
f 9289 	9287 	9736
f 8968 	8969 	9444
f 9714 	9301 	9435
f 9435 	9737 	9458
f 9435 	9740 	9739
f 9287 	9283 	9736
f 9435 	9741 	9740
f 9310 	9743 	9742
f 9282 	9280 	9736
f 9310 	9744 	9743
f 9742 	9435 	9310
f 9739 	9738 	9435
f 9310 	9745 	9744
f 9291 	9302 	9736
f 9314 	9746 	9745
f 9314 	9747 	9746
f 9435 	9742 	9741
f 9234 	9736 	9235
f 9318 	9749 	9748
f 9318 	9748 	9747
f 9320 	9309 	9752
f 9302 	9289 	9736
f 9319 	9750 	9749
f 9320 	9752 	9751
f 9334 	9347 	9736
f 9347 	9331 	9736
f 9745 	9310 	9314
f 9319 	9751 	9750
f 9435 	9307 	9308
f 9306 	9307 	9435
f 9298 	9299 	9435
f 9738 	9737 	9435
f 9174 	9781 	9736
f 9458 	9716 	9499
f 9175 	9174 	9736
f 9788 	9736 	9780
f 9741 	9720 	9719
f 9234 	9266 	9736
f 9744 	9723 	9743
f 9722 	9743 	9723
f 9331 	9332 	9736
f 9729 	9751 	9730
f 9738 	9739 	9718
f 9740 	9719 	9718
f 9744 	9724 	9723
f 9736 	9332 	8817
f 9736 	9672 	9666
f 9730 	9751 	9731
f 9458 	9737 	9716
f 9755 	9736 	9756
f 9716 	9737 	9738
f 9738 	9717 	9716
f 9718 	9717 	9738
f 9718 	9739 	9740
f 9720 	9741 	9721
f 9745 	9724 	9744
f 9746 	9725 	9745
f 9745 	9725 	9724
f 9746 	9747 	9725
f 9725 	9747 	9726
f 9757 	9756 	9736
f 9747 	9727 	9726
f 9752 	9731 	9751
f 9672 	9736 	9675
f 9741 	9719 	9740
f 9742 	9721 	9741
f 9742 	9743 	9721
f 9748 	9727 	9747
f 9749 	9728 	9748
f 9748 	9728 	9727
f 9729 	9728 	9749
f 9749 	9750 	9729
f 9750 	9751 	9729
f 9098 	9239 	9736
f 9731 	9752 	9309
f 9194 	9237 	9233
f 9194 	9268 	9237
f 9194 	9189 	9268
f 9233 	9230 	9194
f 9217 	9215 	9200
f 9219 	9217 	9200
f 9200 	9197 	9219
f 9197 	9194 	9219
f 9221 	9219 	9194
f 9223 	9221 	9194
f 9225 	9223 	9194
f 9194 	9228 	9225
f 9194 	9230 	9228
f 9215 	9213 	9200
f 9352 	9180 	9179
f 9736 	9315 	9235
f 9266 	9271 	9736
f 9271 	9291 	9736
f 9789 	9736 	9790
f 9280 	9333 	9736
f 9736 	9333 	9334
f 9766 	9758 	9759
f 9756 	9764 	9755
f 9757 	9765 	9764
f 9764 	9756 	9757
f 9766 	9765 	9757
f 9757 	9758 	9766
f 9753 	9760 	9761
f 9507 	9485 	9753
f 9753 	9754 	9762
f 9762 	9760 	9753
f 9762 	9754 	9755
f 9755 	9763 	9762
f 9764 	9763 	9755
f 9766 	9759 	9767
f 9759 	9768 	9767
f 9777 	9776 	9769
f 9779 	9778 	9770
f 9772 	9771 	9773
f 9771 	9774 	9773
f 9775 	9769 	9776
f 9775 	9774 	9771
f 9771 	9769 	9775
f 9770 	9778 	9777
f 9769 	9770 	9777
f 9198 	9516 	9781
f 9781 	9174 	9198
f 9780 	9783 	9782
f 9784 	9788 	9780
f 9780 	9782 	9784
f 9785 	9783 	9780
f 9780 	9781 	9785
f 9781 	9516 	9786
f 9786 	9785 	9781
f 9779 	9770 	9787
f 9787 	9792 	9791
f 9793 	9792 	9787
f 9790 	9788 	9796
f 9796 	9795 	9790
f 9787 	9791 	9779
f 9793 	9789 	9794
f 9787 	9789 	9793
f 9795 	9794 	9790
f 9790 	9794 	9789
f 9788 	9784 	9796
f 9771 	9772 	9768
f 9768 	9759 	9771
f 9764 	9514 	9512
f 9763 	9512 	9762
f 9760 	9762 	9512
f 9512 	9493 	9492
f 9512 	9495 	9493
f 9512 	9492 	9497
f 9497 	9498 	9512
f 9502 	9503 	9512
f 9512 	9498 	9502
f 9513 	9465 	9667
f 9667 	9465 	9256
f 9512 	9668 	9669
f 9671 	9683 	9512
f 9513 	9668 	9512
f 9512 	9669 	9671
f 9512 	9683 	9684
f 9686 	9687 	9512
f 9684 	9686 	9512
f 9688 	9689 	9512
f 9512 	9687 	9688
f 9512 	9689 	9495
f 9512 	9507 	9761
f 9761 	9760 	9512
f 9503 	9507 	9512
f 9764 	9765 	9514
f 9512 	9763 	9764
f 9514 	9766 	9767
f 9514 	9773 	9774
f 9514 	9772 	9773
f 9514 	9775 	9776
f 9514 	9774 	9775
f 9514 	9776 	9777
f 9514 	9777 	9778
f 9783 	9514 	9782
f 9782 	9514 	9784
f 9516 	9514 	9786
f 9786 	9514 	9785
f 9785 	9514 	9783
f 9516 	9198 	9469
f 9514 	9794 	9795
f 9791 	9792 	9514
f 9514 	9779 	9791
f 9778 	9779 	9514
f 9514 	9793 	9794
f 9514 	9792 	9793
f 9514 	9795 	9796
f 9514 	9796 	9784
f 9514 	9768 	9772
f 9767 	9768 	9514
f 9514 	9765 	9766
f 9488 	9278 	9446
f 9278 	9713 	9446
f 9488 	9446 	9433
f 9433 	9446 	9432
f 9436 	9490 	9489
f 9489 	9491 	9436
f 9436 	9491 	9494
f 9494 	9496 	9436
f 9436 	9449 	9499
f 9508 	9432 	9399
f 9432 	9508 	9509
f 9432 	9509 	9490
f 9490 	9436 	9432
# 2160 faces

 #end of obj_11

