# Object Export From Tinkercad Server 2015

mtllib obj.mtl

o obj_0
v 447.798 		-2.341 		0
v 463.065 		-84.291 		0
v 455.039 		-103.353 		0
v 476.107 		-91.314 		0
v 489.15 		-77.268 		0
v 495.17 		-42.154 		0
v 449.857 		1.225 		3
v 488.147 		-31.118 		0
v 450.167 		-3.509 		0
v 449.857 		-3.53 		0
v 448.016 		-60.213 		11.25
v 461.058 		-69.242 		11.25
v 450.472 		-3.449 		0
v 447.66 		-0.242 		0
v 471.091 		-36.134 		11.25
v 461.058 		-23.092 		11.25
v 459.1876 		-20.286 		11.25
v 470.5476 		-10.3188 		11.25
v 449.547 		1.205 		3
v 450.767 		-3.349 		0
v 447.48 		-1.152 		3
v 447.48 		-1.152 		0
v 447.561 		-0.537 		0
v 447.5 		-1.462 		0
v 466.075 		-48.173 		11.25
v 447.5 		-1.462 		3
v 451.046 		-3.211 		0
v 449.242 		1.144 		3
v 463.065 		-84.291 		11.25
v 448.668 		-3.211 		0
v 451.304 		-3.038 		0
v 447.5 		-0.842 		0
v 448.41 		-3.038 		0
v 455.039 		-103.353 		11.25
v 451.304 		0.734 		0
v 454.985 		-3.606 		3
v 451.538 		0.529 		0
v 448.947 		-3.349 		0
v 448.947 		1.045 		3
v 488.147 		-31.118 		11.25
v 495.17 		-42.154 		11.25
v 466.075 		-5.033 		3
v 489.15 		-77.268 		11.25
v 470.5476 		-10.3188 		3
v 476.107 		-91.314 		11.25
v 459.1876 		-20.286 		3
v 455.039 		-14.062 		3
v 447.561 		-1.767 		0
v 448.668 		0.907 		3
v 449.242 		-3.449 		0
v 451.538 		-2.833 		0
v 455.039 		3.997 		3
v 448.41 		0.734 		3
v 451.743 		-2.599 		0
v 447.66 		-2.062 		0
v 449.547 		-3.509 		0
v 451.046 		0.907 		0
v 447.561 		-1.767 		3
v 448.176 		0.529 		3
v 445.006 		5 		3
v 445.006 		5 		0
v 447.66 		-2.062 		3
v 450.767 		1.045 		0
v 455.039 		3.997 		0
v 450.472 		1.144 		0
v 449.857 		1.225 		0
v 450.048 		-3.517 		2.498
v 450.048 		-3.517 		3
v 449.857 		-3.53 		3
v 450.167 		1.205 		0
v 466.075 		-5.033 		0
v 450.167 		-3.509 		2.498
v 452.561 		-6.03 		2.498
v 452.561 		-6.03 		3
v 449.547 		1.205 		0
v 450.472 		-3.449 		2.498
v 448.016 		-60.213 		0
v 443 		-5.033 		0
v 449.242 		1.144 		0
v 461.058 		-69.242 		0
v 448.947 		1.045 		0
v 461.058 		-23.092 		0
v 471.091 		-36.134 		0
v 448.668 		0.907 		0
v 455.039 		-14.062 		0
v 450.767 		-3.349 		2.498
v 448.41 		0.734 		0
v 447.971 		-2.599 		3
v 452.154 		-1.767 		0
v 448.176 		0.529 		0
v 452.214 		-1.462 		0
v 451.046 		-3.211 		2.498
v 448.176 		-2.833 		3
v 443 		-5.033 		3
v 452.154 		-1.767 		2.498
v 447.971 		0.295 		0
v 452.235 		-1.152 		0
v 447.971 		0.295 		3
v 448.41 		-3.038 		3
v 447.798 		0.037 		0
v 452.214 		-1.462 		2.498
v 448.668 		-3.211 		3
v 452.214 		-0.842 		0
v 447.798 		0.037 		3
v 452.154 		-0.537 		0
v 447.971 		-2.599 		0
v 448.947 		-3.349 		3
v 452.054 		-0.242 		0
v 448.176 		-2.833 		0
v 452.235 		-1.152 		2.498
v 451.916 		0.037 		0
v 449.242 		-3.449 		3
v 447.798 		-2.341 		3
v 449.547 		-3.509 		3
v 452.214 		-0.842 		2.498
v 447.66 		-0.242 		3
v 451.743 		0.295 		3
v 452.2123 		-0.8333 		3
v 452.2123 		-0.8333 		2.498
v 452.154 		-0.537 		3
v 447.561 		-0.537 		3
v 451.538 		0.529 		3
v 451.304 		0.734 		3
v 447.5 		-0.842 		3
v 451.046 		0.907 		3
v 451.916 		-2.341 		0
v 452.054 		-2.062 		0
v 452.054 		-0.242 		3
v 450.767 		1.045 		3
v 451.916 		0.037 		3
v 450.472 		1.144 		3
v 451.743 		0.295 		0
v 451.304 		-3.038 		2.498
v 454.985 		-3.606 		2.498
v 451.538 		-2.833 		2.498
v 450.167 		1.205 		3
v 466.075 		-48.173 		0
v 451.743 		-2.599 		2.498
v 451.916 		-2.341 		2.498
v 452.054 		-2.062 		2.498
# 140 vertices

g group_0_6383466

usemtl color_6383466
s 0

f 4 	3 	2
f 6 	5 	137
f 137 	83 	6
f 83 	8 	6
f 85 	10 	9
f 15 	40 	18
f 18 	17 	16
f 22 	21 	24
f 24 	21 	26
f 85 	13 	20
f 41 	40 	15
f 18 	16 	15
f 25 	11 	12
f 41 	15 	25
f 43 	25 	12
f 14 	23 	61
f 118 	36 	42
f 23 	32 	61
f 43 	12 	29
f 25 	43 	41
f 29 	45 	43
f 29 	34 	45
f 47 	46 	44
f 44 	42 	47
f 60 	53 	49
f 49 	39 	60
f 78 	24 	48
f 24 	26 	48
f 48 	26 	58
f 125 	57 	35
f 48 	58 	55
f 55 	58 	62
f 85 	27 	31
f 61 	60 	64
f 64 	60 	52
f 125 	63 	57
f 79 	81 	61
f 75 	61 	66
f 70 	66 	61
f 29 	12 	2
f 67 	69 	68
f 15 	16 	83
f 48 	55 	78
f 22 	24 	78
f 32 	22 	78
f 78 	61 	32
f 17 	46 	16
f 9 	10 	67
f 67 	10 	69
f 92 	86 	73
f 64 	52 	42
f 42 	71 	64
f 44 	46 	18
f 18 	46 	17
f 73 	67 	68
f 8 	71 	44
f 44 	71 	42
f 15 	83 	25
f 31 	51 	85
f 85 	20 	27
f 85 	9 	13
f 40 	8 	44
f 44 	18 	40
f 73 	74 	36
f 29 	2 	34
f 40 	41 	6
f 6 	8 	40
f 25 	77 	11
f 43 	5 	6
f 6 	41 	43
f 68 	74 	73
f 69 	74 	68
f 12 	80 	2
f 4 	5 	45
f 45 	5 	43
f 45 	34 	3
f 3 	4 	45
f 16 	82 	83
f 72 	67 	73
f 73 	86 	76
f 12 	11 	77
f 77 	80 	12
f 54 	126 	71
f 47 	85 	46
f 82 	16 	46
f 46 	85 	82
f 47 	94 	85
f 53 	87 	84
f 53 	90 	87
f 78 	85 	94
f 127 	89 	71
f 71 	126 	127
f 89 	140 	95
f 102 	99 	94
f 60 	98 	59
f 54 	71 	85
f 101 	91 	95
f 95 	91 	89
f 107 	102 	94
f 60 	104 	98
f 140 	134 	95
f 134 	101 	95
f 101 	110 	91
f 91 	110 	97
f 47 	112 	107
f 55 	62 	1
f 134 	110 	101
f 78 	106 	109
f 105 	108 	64
f 99 	93 	94
f 115 	103 	110
f 110 	103 	97
f 78 	109 	33
f 47 	114 	112
f 78 	33 	30
f 119 	118 	120
f 78 	30 	38
f 116 	104 	60
f 122 	37 	117
f 93 	88 	94
f 88 	113 	94
f 120 	105 	119
f 103 	115 	119
f 119 	105 	103
f 10 	85 	56
f 38 	50 	85
f 50 	56 	85
f 60 	121 	116
f 37 	122 	123
f 123 	35 	37
f 119 	134 	118
f 118 	134 	36
f 1 	106 	78
f 78 	55 	1
f 38 	85 	78
f 134 	119 	115
f 123 	125 	35
f 85 	51 	54
f 128 	108 	120
f 120 	108 	105
f 129 	63 	125
f 130 	111 	128
f 128 	111 	108
f 131 	65 	129
f 129 	65 	63
f 117 	111 	130
f 76 	72 	73
f 70 	61 	64
f 64 	57 	63
f 132 	111 	117
f 78 	94 	61
f 61 	94 	60
f 52 	129 	125
f 64 	71 	105
f 105 	71 	103
f 103 	71 	97
f 97 	71 	91
f 89 	91 	71
f 108 	111 	64
f 73 	133 	92
f 136 	131 	52
f 111 	132 	64
f 138 	139 	126
f 71 	8 	82
f 8 	83 	82
f 82 	85 	71
f 52 	60 	136
f 132 	37 	64
f 35 	57 	64
f 134 	115 	110
f 2 	80 	5
f 80 	137 	5
f 37 	35 	64
f 60 	7 	136
f 134 	139 	138
f 134 	138 	135
f 80 	77 	137
f 5 	4 	2
f 134 	73 	36
f 65 	131 	136
f 136 	70 	65
f 137 	25 	83
f 67 	72 	9
f 64 	63 	65
f 73 	135 	133
f 70 	136 	66
f 66 	136 	7
f 137 	77 	25
f 64 	65 	70
f 76 	13 	9
f 9 	72 	76
f 3 	34 	2
f 75 	66 	7
f 7 	19 	75
f 13 	76 	20
f 20 	76 	86
f 75 	19 	28
f 28 	79 	75
f 10 	114 	69
f 39 	81 	28
f 28 	81 	79
f 92 	27 	20
f 20 	86 	92
f 75 	79 	61
f 81 	39 	49
f 49 	84 	81
f 93 	109 	106
f 106 	88 	93
f 27 	92 	31
f 31 	92 	133
f 49 	53 	84
f 109 	93 	33
f 33 	93 	99
f 59 	90 	53
f 102 	30 	33
f 33 	99 	102
f 135 	51 	31
f 31 	133 	135
f 30 	102 	38
f 38 	102 	107
f 90 	59 	96
f 96 	59 	98
f 112 	50 	38
f 38 	107 	112
f 96 	98 	100
f 100 	98 	104
f 51 	135 	138
f 138 	54 	51
f 61 	81 	84
f 50 	112 	56
f 56 	112 	114
f 84 	87 	61
f 10 	56 	114
f 126 	54 	138
f 62 	113 	1
f 87 	90 	61
f 90 	96 	61
f 1 	113 	106
f 106 	113 	88
f 140 	127 	139
f 139 	127 	126
f 61 	96 	100
f 61 	100 	14
f 116 	14 	100
f 104 	116 	100
f 134 	140 	139
f 127 	140 	89
f 14 	116 	23
f 23 	116 	121
f 23 	121 	32
f 32 	121 	124
f 135 	73 	134
f 32 	124 	22
f 22 	124 	21
f 94 	62 	58
f 117 	37 	132
f 7 	60 	19
f 60 	28 	19
f 60 	39 	28
f 59 	53 	60
f 60 	124 	121
f 94 	21 	124
f 94 	26 	21
f 94 	58 	26
f 113 	62 	94
f 124 	60 	94
f 74 	69 	114
f 94 	47 	107
f 36 	74 	47
f 47 	42 	36
f 114 	47 	74
f 42 	120 	118
f 52 	130 	128
f 52 	128 	120
f 52 	117 	130
f 120 	42 	52
f 131 	129 	52
f 52 	122 	117
f 52 	123 	122
f 125 	123 	52
# 280 faces

 #end of obj_0

o obj_1
v 423 		9.25 		0
v 423 		6 		0
v 423 		9.25 		7
v 423 		6 		7
v 412 		6 		0
v 412 		9.25 		0
v 412 		6 		7
v 412 		9.25 		7
# 8 vertices

g group_1_6383466

usemtl color_6383466
s 0

f 141 	143 	142
f 143 	144 	142
f 145 	147 	146
f 147 	148 	146
f 145 	146 	142
f 146 	141 	142
f 148 	147 	143
f 147 	144 	143
f 146 	148 	141
f 148 	143 	141
f 142 	144 	145
f 144 	147 	145
# 12 faces

 #end of obj_1

o obj_2
v 362.372 		-2.341 		0
v 347.105 		-84.291 		0
v 355.131 		-103.353 		0
v 360.003 		-3.509 		0
v 334.063 		-91.314 		0
v 360.313 		-3.53 		0
v 360.313 		1.225 		3
v 321.02 		-77.268 		0
v 315 		-42.154 		0
v 322.023 		-31.118 		0
v 362.154 		-60.213 		11.25
v 359.698 		-3.449 		0
v 349.112 		-69.242 		11.25
v 362.51 		-0.242 		0
v 360.623 		1.205 		3
v 361.502 		-3.211 		0
v 359.403 		-3.349 		0
v 362.69 		-1.152 		3
v 339.079 		-36.134 		11.25
v 362.69 		-1.152 		0
v 349.112 		-23.092 		11.25
v 350.9824 		-20.286 		11.25
v 362.67 		-1.462 		0
v 339.6224 		-10.3188 		11.25
v 362.67 		-1.462 		3
v 362.609 		-0.537 		0
v 359.124 		-3.211 		0
v 360.928 		1.144 		3
v 362.609 		-1.767 		0
v 362.609 		-1.767 		3
v 344.095 		-48.173 		11.25
v 362.67 		-0.842 		0
v 358.866 		-3.038 		0
v 361.76 		-3.038 		0
v 358.866 		0.734 		0
v 358.632 		-2.833 		0
v 361.223 		1.045 		3
v 358.632 		0.529 		0
v 347.105 		-84.291 		11.25
v 361.223 		-3.349 		0
v 358.427 		-2.599 		0
v 361.502 		0.907 		3
v 359.124 		0.907 		0
v 355.131 		-103.353 		11.25
v 362.51 		-2.062 		0
v 322.023 		-31.118 		11.25
v 315 		-42.154 		11.25
v 321.02 		-77.268 		11.25
v 334.063 		-91.314 		11.25
v 360.928 		-3.449 		0
v 359.403 		1.045 		0
v 361.76 		0.734 		3
v 362.199 		-2.599 		0
v 339.6224 		-10.3188 		3
v 360.623 		-3.509 		0
v 359.698 		1.144 		0
v 361.994 		0.529 		3
v 361.994 		-2.833 		0
v 360.003 		1.205 		0
v 362.199 		0.295 		3
v 362.51 		-2.062 		3
v 362.372 		0.037 		3
v 360.313 		1.225 		0
v 365.164 		5 		0
v 362.372 		-2.341 		3
v 360.623 		1.205 		0
v 355.185 		-3.606 		3
v 357.609 		-6.03 		2.498
v 357.609 		-6.03 		3
v 362.51 		-0.242 		3
v 360.928 		1.144 		0
v 367.17 		-5.033 		0
v 344.095 		-5.033 		3
v 362.609 		-0.537 		3
v 350.9824 		-20.286 		3
v 355.131 		-14.062 		3
v 361.223 		1.045 		0
v 362.154 		-60.213 		0
v 362.67 		-0.842 		3
v 355.131 		3.997 		3
v 349.112 		-69.242 		0
v 361.502 		0.907 		0
v 355.131 		-14.062 		0
v 349.112 		-23.092 		0
v 339.079 		-36.134 		0
v 361.76 		0.734 		0
v 365.164 		5 		3
v 358.016 		-1.767 		0
v 361.994 		0.529 		0
v 357.956 		-1.462 		0
v 355.131 		3.997 		0
v 357.935 		-1.152 		0
v 358.016 		-1.767 		2.498
v 357.956 		-0.842 		0
v 360.313 		-3.53 		3
v 358.016 		-0.537 		0
v 344.095 		-5.033 		0
v 360.1219 		-3.517 		3
v 357.956 		-1.462 		2.498
v 360.1219 		-3.517 		2.498
v 358.116 		-0.242 		0
v 358.254 		0.037 		0
v 360.003 		-3.509 		2.498
v 357.935 		-1.152 		2.498
v 362.199 		-2.599 		3
v 357.956 		-0.842 		2.498
v 361.994 		-2.833 		3
v 359.698 		-3.449 		2.498
v 357.9577 		-0.8333 		3
v 357.9577 		-0.8333 		2.498
v 361.76 		-3.038 		3
v 358.016 		-0.537 		3
v 361.502 		-3.211 		3
v 367.17 		-5.033 		3
v 361.223 		-3.349 		3
v 359.403 		-3.349 		2.498
v 360.928 		-3.449 		3
v 358.116 		-0.242 		3
v 360.623 		-3.509 		3
v 358.254 		0.037 		3
v 359.124 		-3.211 		2.498
v 358.254 		-2.341 		0
v 358.116 		-2.062 		0
v 358.427 		0.295 		3
v 344.095 		-48.173 		0
v 358.427 		0.295 		0
v 355.185 		-3.606 		2.498
v 358.632 		0.529 		3
v 358.866 		0.734 		3
v 362.199 		0.295 		0
v 359.124 		0.907 		3
v 362.372 		0.037 		0
v 359.403 		1.045 		3
v 359.698 		1.144 		3
v 360.003 		1.205 		3
v 358.866 		-3.038 		2.498
v 358.632 		-2.833 		2.498
v 358.427 		-2.599 		2.498
v 358.254 		-2.341 		2.498
v 358.116 		-2.062 		2.498
# 140 vertices

g group_2_6383466

usemtl color_6383466
s 0

f 151 	153 	150
f 156 	157 	273
f 233 	273 	157
f 158 	233 	157
f 154 	231 	152
f 194 	167 	172
f 170 	172 	169
f 166 	168 	171
f 166 	171 	173
f 176 	235 	163
f 173 	171 	177
f 173 	177 	178
f 174 	162 	212
f 180 	174 	212
f 185 	235 	176
f 194 	195 	167
f 169 	172 	167
f 159 	179 	161
f 167 	195 	179
f 179 	196 	161
f 188 	263 	164
f 175 	231 	181
f 190 	235 	185
f 184 	231 	189
f 161 	196 	187
f 196 	179 	195
f 197 	187 	196
f 192 	187 	197
f 200 	235 	190
f 171 	220 	177
f 198 	263 	188
f 205 	235 	200
f 208 	235 	205
f 178 	177 	193
f 178 	193 	209
f 210 	235 	208
f 201 	220 	206
f 230 	225 	212
f 212 	219 	214
f 239 	212 	207
f 211 	207 	212
f 193 	177 	220
f 171 	168 	220
f 168 	180 	220
f 212 	220 	180
f 264 	269 	216
f 184 	181 	231
f 165 	231 	175
f 160 	231 	165
f 160 	152 	231
f 214 	163 	211
f 161 	187 	150
f 219 	163 	214
f 232 	169 	167
f 218 	235 	210
f 223 	170 	169
f 223 	169 	232
f 223 	224 	202
f 221 	202 	224
f 221 	215 	228
f 223 	202 	172
f 223 	172 	170
f 222 	227 	235
f 229 	161 	150
f 232 	167 	233
f 166 	262 	227
f 239 	235 	212
f 206 	220 	182
f 270 	189 	245
f 271 	270 	245
f 234 	200 	230
f 231 	224 	223
f 231 	223 	232
f 237 	200 	234
f 164 	220 	188
f 182 	220 	164
f 235 	239 	228
f 271 	245 	236
f 226 	179 	159
f 231 	154 	203
f 198 	188 	231
f 203 	198 	231
f 288 	271 	241
f 236 	241 	271
f 150 	187 	192
f 231 	188 	220
f 149 	220 	201
f 193 	220 	149
f 228 	245 	221
f 238 	247 	241
f 238 	241 	236
f 243 	248 	246
f 239 	245 	228
f 245 	239 	244
f 275 	288 	241
f 247 	275 	241
f 155 	163 	235
f 218 	222 	235
f 262 	235 	227
f 245 	158 	202
f 245 	202 	221
f 154 	152 	248
f 154 	248 	243
f 252 	247 	238
f 252 	238 	240
f 158 	194 	202
f 250 	249 	239
f 172 	202 	194
f 252 	275 	247
f 173 	262 	166
f 178 	262 	173
f 209 	262 	178
f 195 	194 	157
f 158 	157 	194
f 242 	254 	252
f 242 	252 	240
f 156 	196 	157
f 195 	157 	196
f 156 	153 	197
f 156 	197 	196
f 192 	197 	151
f 153 	151 	197
f 246 	217 	243
f 262 	265 	217
f 159 	161 	226
f 229 	226 	161
f 257 	258 	260
f 217 	246 	216
f 248 	216 	246
f 244 	260 	258
f 254 	242 	258
f 244 	258 	242
f 261 	262 	259
f 248 	251 	216
f 256 	216 	251
f 275 	258 	257
f 275 	257 	215
f 263 	262 	261
f 255 	262 	253
f 231 	220 	262
f 258 	275 	254
f 183 	186 	239
f 259 	262 	255
f 264 	256 	165
f 215 	224 	217
f 262 	217 	224
f 249 	266 	260
f 249 	260 	244
f 231 	262 	224
f 264 	216 	256
f 215 	221 	224
f 262 	220 	212
f 262 	212 	235
f 250 	268 	266
f 250 	266 	249
f 269 	264 	165
f 199 	191 	239
f 243 	217 	267
f 267 	217 	265
f 265 	262 	263
f 260 	228 	257
f 250 	272 	268
f 231 	245 	189
f 249 	244 	239
f 245 	244 	242
f 245 	242 	240
f 238 	245 	240
f 236 	245 	238
f 266 	228 	260
f 253 	262 	213
f 209 	213 	262
f 286 	275 	285
f 268 	228 	266
f 158 	245 	232
f 233 	158 	232
f 231 	232 	245
f 274 	250 	239
f 251 	248 	152
f 229 	150 	156
f 273 	229 	156
f 215 	257 	228
f 226 	229 	273
f 153 	156 	150
f 251 	152 	160
f 251 	160 	256
f 274 	239 	186
f 254 	275 	252
f 216 	275 	215
f 216 	215 	217
f 256 	160 	165
f 233 	167 	179
f 233 	179 	273
f 226 	273 	179
f 192 	151 	150
f 237 	278 	208
f 165 	175 	269
f 208 	278 	280
f 181 	284 	175
f 269 	175 	284
f 218 	210 	280
f 183 	239 	191
f 272 	228 	268
f 209 	193 	149
f 284 	181 	184
f 282 	283 	228
f 281 	282 	228
f 189 	286 	184
f 207 	204 	239
f 199 	239 	204
f 186 	276 	272
f 235 	228 	283
f 286 	189 	287
f 276 	186 	277
f 183 	277 	186
f 276 	228 	272
f 155 	235 	283
f 277 	279 	228
f 191 	279 	277
f 191 	277 	183
f 214 	211 	212
f 279 	191 	281
f 199 	281 	191
f 204 	282 	281
f 204 	281 	199
f 282 	204 	283
f 207 	283 	204
f 283 	207 	211
f 283 	211 	155
f 219 	212 	225
f 163 	155 	211
f 279 	281 	228
f 230 	212 	234
f 219 	176 	163
f 276 	277 	228
f 237 	234 	212
f 225 	185 	176
f 225 	176 	219
f 185 	225 	190
f 230 	190 	225
f 200 	190 	230
f 237 	212 	278
f 280 	278 	212
f 280 	212 	162
f 237 	205 	200
f 205 	237 	208
f 208 	280 	210
f 213 	209 	149
f 284 	216 	269
f 213 	149 	201
f 213 	201 	253
f 280 	162 	218
f 285 	284 	184
f 218 	162 	174
f 218 	174 	222
f 222 	174 	180
f 222 	180 	227
f 227 	180 	168
f 227 	168 	166
f 286 	285 	184
f 285 	216 	284
f 216 	285 	275
f 287 	275 	286
f 243 	267 	154
f 253 	201 	206
f 253 	206 	255
f 182 	259 	206
f 255 	206 	259
f 164 	261 	182
f 259 	182 	261
f 261 	164 	263
f 198 	265 	263
f 265 	198 	203
f 265 	203 	267
f 267 	203 	154
f 189 	270 	287
f 271 	288 	287
f 271 	287 	270
f 288 	275 	287
f 274 	272 	250
f 186 	272 	274
# 280 faces

 #end of obj_2

o obj_3
v 259.926 		-33.983 		7.317
v 259.309 		-33.441 		7.317
v 264 		-19 		9
v 265.305 		-19.086 		9
v 266.588 		-19.341 		9
v 267.827 		-19.761 		9
v 269 		-20.34 		9
v 270.088 		-21.066 		9
v 270.197 		-28.151 		9
v 270.253 		-29 		9
v 258.984 		-32.657 		6.512
v 270.197 		-29.849 		9
v 269.758 		-26.512 		9
v 270.031 		-27.317 		9
v 258.2 		-31.299 		6.512
v 258.873 		-31.816 		5.749
v 263.75 		-22.498 		9
v 258.547 		-32.004 		6.512
v 264.599 		-22.553 		9
v 265.433 		-22.719 		9
v 258.311 		-30.458 		5.749
v 266.238 		-22.992 		9
v 257.947 		-30.555 		6.512
v 267.001 		-23.369 		9
v 258.984 		-30.974 		5.042
v 258.547 		-31.155 		5.749
v 268.348 		-24.402 		9
v 268.909 		-25.042 		9
v 269.381 		-25.749 		9
v 267.708 		-23.841 		9
v 258.767 		-30.335 		5.042
v 271.071 		-21.929 		9
v 271.934 		-22.912 		9
v 272.66 		-24 		9
v 273.239 		-25.173 		9
v 273.659 		-26.412 		9
v 273.914 		-27.695 		9
v 274 		-29 		9
v 264.599 		-35.447 		9
v 263.75 		-35.503 		9
v 267.001 		-34.631 		9
v 266.238 		-35.008 		9
v 265.433 		-35.281 		9
v 269.381 		-32.251 		9
v 268.909 		-32.958 		9
v 268.348 		-33.598 		9
v 267.708 		-34.159 		9
v 270.031 		-30.683 		9
v 269.758 		-31.488 		9
v 262.966 		-34.956 		6.512
v 261.451 		-34.55 		6.512
v 273.914 		-30.305 		9
v 273.659 		-31.588 		9
v 273.239 		-32.827 		9
v 272.66 		-34 		9
v 271.934 		-35.088 		9
v 271.071 		-36.071 		9
v 270.088 		-36.934 		9
v 269 		-37.66 		9
v 267.827 		-38.239 		9
v 262.293 		-34.439 		5.749
v 257.912 		-21.066 		9
v 259 		-20.34 		9
v 260.173 		-19.761 		9
v 261.412 		-19.341 		9
v 262.695 		-19.086 		9
v 262.195 		-34.803 		6.512
v 257.303 		-28.151 		9
v 257.248 		-29 		9
v 257.303 		-29.849 		9
v 257.469 		-27.317 		9
v 257.742 		-26.512 		9
v 263.015 		-34.583 		5.749
v 258.119 		-25.749 		9
v 258.591 		-25.042 		9
v 259.152 		-24.402 		9
v 260.093 		-33.766 		6.512
v 260.934 		-33.877 		5.749
v 260.746 		-34.203 		6.512
v 259.792 		-23.841 		9
v 260.499 		-23.369 		9
v 261.262 		-22.992 		9
v 259.768 		-32.982 		5.749
v 259.502 		-33.248 		6.512
v 262.067 		-22.719 		9
v 262.901 		-22.553 		9
v 260.322 		-33.468 		5.749
v 259.282 		-32.428 		5.749
v 266.89 		-29.841 		3.369
v 265.729 		-32.428 		3.841
v 261.595 		-34.203 		5.749
v 264.994 		-32.004 		3.369
v 264.591 		-32.14 		3.369
v 265.376 		-26.184 		3.369
v 265.376 		-31.816 		3.369
v 261.171 		-33.468 		5.042
v 260.61 		-33.093 		5.042
v 267.398 		-26.201 		4.402
v 260.951 		-32.648 		4.402
v 266.754 		-27.756 		3.369
v 260.499 		-32.251 		4.402
v 260.102 		-32.648 		5.042
v 267.407 		-27.485 		3.841
v 267.398 		-31.799 		4.402
v 266.89 		-31.41 		3.841
v 266.549 		-31.799 		3.841
v 266.566 		-27.374 		3.369
v 263.077 		-34.115 		5.042
v 261.776 		-33.766 		5.042
v 266.049 		-31.299 		3.369
v 266.549 		-26.201 		3.841
v 266.16 		-32.14 		3.841
v 263.15 		-33.559 		4.402
v 262.56 		-33.441 		4.402
v 262.415 		-33.983 		5.042
v 267.178 		-27.021 		3.841
v 265.729 		-26.421 		3.369
v 265.729 		-31.579 		3.369
v 266.049 		-26.701 		3.369
v 266.89 		-26.59 		3.841
v 267.407 		-30.515 		3.841
v 261.99 		-33.248 		4.402
v 267.178 		-30.979 		3.841
v 261.451 		-32.982 		4.402
v 266.754 		-30.244 		3.369
v 266.154 		-28.356 		2.992
v 266.329 		-30.979 		3.369
v 266.329 		-27.021 		3.369
v 266.217 		-28.675 		2.992
v 265.433 		-29 		2.719
v 266.238 		-29 		2.992
v 266.566 		-30.626 		3.369
v 263.861 		-29.841 		2.553
v 262.235 		-32.657 		3.841
v 263.75 		-29.849 		2.553
v 261.771 		-32.428 		3.841
v 260.61 		-23.561 		7.317
v 263.639 		-29.841 		2.553
v 263.53 		-29.82 		2.553
v 263.326 		-32.223 		3.369
v 263.233 		-32.925 		3.841
v 263.75 		-27.317 		2.719
v 263.425 		-29.784 		2.553
v 261.346 		-23.197 		7.317
v 262.124 		-22.933 		7.317
v 262.725 		-32.824 		3.841
v 264.186 		-27.374 		2.719
v 262.081 		-22.773 		8.151
v 262.909 		-22.608 		8.151
v 264.35 		-29.6 		2.553
v 264.267 		-29.673 		2.553
v 263.53 		-27.331 		2.719
v 264.174 		-29.735 		2.553
v 264.075 		-29.784 		2.553
v 259.657 		-32.14 		5.042
v 262.93 		-22.773 		7.317
v 263.97 		-29.82 		2.553
v 263.97 		-27.331 		2.719
v 257.794 		-28.216 		6.512
v 259.768 		-31.299 		4.402
v 259.282 		-31.579 		5.042
v 257.794 		-29.784 		6.512
v 264.394 		-27.445 		2.719
v 259.502 		-30.76 		4.402
v 259.309 		-30.19 		4.402
v 260.102 		-31.799 		4.402
v 264.591 		-27.543 		2.719
v 264.994 		-31.155 		2.992
v 264.394 		-31.404 		2.992
v 265.085 		-27.975 		2.719
v 264.075 		-31.467 		2.992
v 260.951 		-31.799 		3.841
v 263.425 		-31.467 		2.992
v 264.775 		-27.665 		2.719
v 260.322 		-30.979 		3.841
v 265.305 		-29.644 		2.719
v 264.702 		-31.299 		2.992
v 265.207 		-29.841 		2.719
v 264.94 		-27.81 		2.719
v 261.171 		-30.979 		3.369
v 263.75 		-31.488 		2.992
v 260.61 		-31.41 		3.841
v 265.085 		-30.025 		2.719
v 263.425 		-26.533 		2.992
v 264.075 		-26.533 		2.992
v 260.746 		-30.244 		3.369
v 260.093 		-30.515 		3.841
v 264.394 		-30.555 		2.719
v 264.186 		-30.626 		2.719
v 258.119 		-29 		5.749
v 265.376 		-29.436 		2.719
v 260.934 		-30.626 		3.369
v 265.265 		-27.026 		2.992
v 258.167 		-29.735 		5.749
v 264.591 		-29.111 		2.553
v 265.419 		-29.22 		2.719
v 257.742 		-29 		6.512
v 264.57 		-29.22 		2.553
v 263.75 		-26.512 		2.992
v 258.167 		-28.265 		5.749
v 264.534 		-29.325 		2.553
v 264.485 		-29.424 		2.553
v 262.909 		-32.14 		3.369
v 264.423 		-29.517 		2.553
v 264.394 		-26.596 		2.992
v 264.702 		-26.701 		2.992
v 258.2 		-26.701 		6.512
v 261.771 		-31.579 		3.369
v 261.34 		-32.14 		3.841
v 264.994 		-26.845 		2.992
v 258.311 		-27.543 		5.749
v 257.947 		-27.445 		6.512
v 261.451 		-31.299 		3.369
v 258.873 		-26.184 		5.749
v 265.51 		-27.24 		2.992
v 262.506 		-32.004 		3.369
v 265.724 		-27.485 		2.992
v 258.547 		-26.845 		5.749
v 264.591 		-25.86 		3.369
v 264.994 		-25.996 		3.369
v 254 		-29 		9
v 254.086 		-27.695 		9
v 254.341 		-26.412 		9
v 254.761 		-25.173 		9
v 255.34 		-24 		9
v 256.066 		-22.912 		9
v 256.929 		-21.929 		9
v 259.152 		-33.598 		9
v 258.591 		-32.958 		9
v 263.75 		-23.841 		5.042
v 258.635 		-28.327 		5.042
v 258.119 		-32.251 		9
v 264.423 		-23.885 		5.042
v 258.635 		-29.673 		5.042
v 259.191 		-28.4 		4.402
v 257.742 		-31.488 		9
v 257.469 		-30.683 		9
v 265.724 		-24.234 		5.042
v 259.191 		-29.6 		4.402
v 258.591 		-29 		5.042
v 266.89 		-24.907 		5.042
v 265.51 		-24.752 		4.402
v 261.262 		-35.008 		9
v 260.499 		-34.631 		9
v 259.152 		-29 		4.402
v 266.329 		-24.532 		5.042
v 263.75 		-29 		2.497
v 262.966 		-28.675 		2.553
v 263.015 		-28.576 		2.553
v 258.984 		-27.026 		5.042
v 262.901 		-29 		2.553
v 262.901 		-35.447 		9
v 262.909 		-28.889 		2.553
v 262.93 		-28.78 		2.553
v 262.067 		-35.281 		9
v 258.767 		-27.665 		5.042
v 263.75 		-30.683 		2.719
v 259.792 		-34.159 		9
v 263.077 		-28.483 		2.553
v 260.173 		-38.239 		9
v 259 		-37.66 		9
v 257.912 		-36.934 		9
v 256.929 		-36.071 		9
v 256.066 		-35.088 		9
v 255.34 		-34 		9
v 254.761 		-32.827 		9
v 254.341 		-31.588 		9
v 254.086 		-30.305 		9
v 264 		-39 		9
v 262.695 		-38.914 		9
v 261.412 		-38.659 		9
v 266.588 		-38.659 		9
v 265.305 		-38.914 		9
v 264 		-19 		0
v 270.088 		-21.066 		0
v 269 		-20.34 		0
v 267.827 		-19.761 		0
v 266.588 		-19.341 		0
v 265.305 		-19.086 		0
v 274 		-29 		0
v 273.914 		-27.695 		0
v 273.659 		-26.412 		0
v 273.239 		-25.173 		0
v 272.66 		-24 		0
v 271.934 		-22.912 		0
v 263.97 		-30.669 		2.719
v 271.071 		-21.929 		0
v 273.659 		-31.588 		0
v 273.914 		-30.305 		0
v 271.934 		-35.088 		0
v 272.66 		-34 		0
v 273.239 		-32.827 		0
v 267.827 		-38.239 		0
v 269 		-37.66 		0
v 270.088 		-36.934 		0
v 271.071 		-36.071 		0
v 262.695 		-19.086 		0
v 261.412 		-19.341 		0
v 260.173 		-19.761 		0
v 259 		-20.34 		0
v 257.912 		-21.066 		0
v 256.929 		-21.929 		0
v 256.066 		-22.912 		0
v 255.34 		-24 		0
v 254.761 		-25.173 		0
v 254.341 		-26.412 		0
v 254.086 		-27.695 		0
v 254 		-29 		0
v 257.912 		-36.934 		0
v 259 		-37.66 		0
v 260.173 		-38.239 		0
v 263.53 		-30.669 		2.719
v 254.086 		-30.305 		0
v 254.341 		-31.588 		0
v 254.761 		-32.827 		0
v 255.34 		-34 		0
v 256.066 		-35.088 		0
v 256.929 		-36.071 		0
v 265.305 		-38.914 		0
v 266.588 		-38.659 		0
v 261.412 		-38.659 		0
v 262.695 		-38.914 		0
v 264 		-39 		0
v 270.197 		-29 		8.151
v 265.265 		-30.974 		2.992
v 269.977 		-28.18 		7.317
v 270.142 		-28.159 		8.151
v 270.031 		-29 		7.317
v 264.94 		-30.19 		2.719
v 263.15 		-28.4 		2.553
v 270.142 		-29.841 		8.151
v 264.775 		-30.335 		2.719
v 263.233 		-28.327 		2.553
v 263.326 		-28.265 		2.553
v 269.977 		-29.82 		7.317
v 264.591 		-30.458 		2.719
v 269.706 		-26.533 		8.151
v 261.451 		-28.048 		2.992
v 269.553 		-26.596 		7.317
v 265.905 		-30.244 		2.992
v 269.817 		-27.374 		7.317
v 265.724 		-30.515 		2.992
v 269.977 		-27.331 		8.151
v 261.776 		-27.485 		2.992
v 267.001 		-25.749 		4.402
v 267.398 		-25.352 		5.042
v 263.75 		-22.553 		8.151
v 265.419 		-22.773 		8.151
v 266.049 		-25.018 		4.402
v 263.75 		-22.719 		7.317
v 266.549 		-25.352 		4.402
v 264.591 		-22.608 		8.151
v 265.376 		-22.933 		7.317
v 259.825 		-29.517 		3.841
v 264.57 		-22.773 		7.317
v 265.729 		-25.572 		3.841
v 260.61 		-29.841 		3.369
v 259.926 		-30.025 		3.841
v 266.217 		-23.044 		8.151
v 260.527 		-29.424 		3.369
v 266.154 		-23.197 		7.317
v 261.595 		-27.756 		2.992
v 266.89 		-23.561 		7.317
v 266.973 		-23.417 		8.151
v 259.792 		-29 		3.841
v 261.99 		-27.24 		2.992
v 260.527 		-28.576 		3.369
v 260.499 		-29 		3.369
v 259.825 		-28.483 		3.841
v 260.61 		-28.159 		3.369
v 262.415 		-27.975 		2.719
v 268.865 		-25.075 		8.151
v 262.725 		-27.665 		2.719
v 269.333 		-25.777 		8.151
v 262.909 		-27.543 		2.719
v 267.574 		-24.017 		7.317
v 268.191 		-24.559 		7.317
v 268.309 		-24.441 		8.151
v 263.314 		-27.374 		2.719
v 259.309 		-27.81 		4.402
v 263.425 		-28.216 		2.553
v 269.189 		-25.86 		7.317
v 262.56 		-27.81 		2.719
v 263.53 		-28.18 		2.553
v 259.282 		-26.421 		5.042
v 263.639 		-28.159 		2.553
v 268.733 		-25.176 		7.317
v 263.75 		-28.151 		2.553
v 263.861 		-28.159 		2.553
v 263.106 		-27.445 		2.719
v 259.502 		-27.24 		4.402
v 267.675 		-23.885 		8.151
v 259.768 		-26.701 		4.402
v 260.102 		-26.201 		4.402
v 266.89 		-28.159 		3.369
v 262.235 		-27.026 		2.992
v 263.97 		-28.18 		2.553
v 264.075 		-28.216 		2.553
v 264.174 		-28.265 		2.553
v 262.798 		-26.701 		2.992
v 266.973 		-29.424 		3.369
v 264.267 		-28.327 		2.553
v 266.049 		-28.048 		2.992
v 263.106 		-26.596 		2.992
v 264.35 		-28.4 		2.553
v 262.506 		-26.845 		2.992
v 265.905 		-27.756 		2.992
v 266.973 		-28.576 		3.369
v 267.001 		-29 		3.369
v 264.534 		-28.675 		2.553
v 264.485 		-28.576 		2.553
v 269.706 		-28.216 		6.512
v 264.57 		-28.78 		2.553
v 258.547 		-25.996 		6.512
v 264.591 		-28.889 		2.553
v 258.984 		-25.343 		6.512
v 265.419 		-28.78 		2.719
v 269.706 		-29.784 		6.512
v 264.599 		-29 		2.553
v 262.124 		-31.816 		3.369
v 269.381 		-29 		5.749
v 269.758 		-29 		6.512
v 260.093 		-24.234 		6.512
v 265.207 		-28.159 		2.719
v 269.333 		-28.265 		5.749
v 265.376 		-28.564 		2.719
v 263.106 		-31.404 		2.992
v 269.333 		-29.735 		5.749
v 264.423 		-28.483 		2.553
v 262.506 		-31.155 		2.992
v 269.3 		-26.701 		6.512
v 265.305 		-28.356 		2.719
v 268.627 		-26.184 		5.749
v 262.798 		-31.299 		2.992
v 269.189 		-27.543 		5.749
v 269.553 		-27.445 		6.512
v 266.217 		-29.325 		2.992
v 262.235 		-30.974 		2.992
v 268.953 		-26.845 		5.749
v 261.776 		-30.515 		2.992
v 266.154 		-29.644 		2.992
v 266.049 		-29.952 		2.992
v 268.865 		-28.327 		5.042
v 261.99 		-30.76 		2.992
v 268.865 		-29.673 		5.042
v 268.309 		-28.4 		4.402
v 261.595 		-30.244 		2.992
v 268.909 		-29 		5.042
v 268.309 		-29.6 		4.402
v 263.314 		-30.626 		2.719
v 268.348 		-29 		4.402
v 262.725 		-30.335 		2.719
v 267.675 		-28.483 		3.841
v 267.708 		-29 		3.841
v 263.106 		-30.555 		2.719
v 262.909 		-30.458 		2.719
v 267.675 		-29.517 		3.841
v 267.574 		-30.025 		3.841
v 262.56 		-30.19 		2.719
v 268.516 		-27.026 		5.042
v 267.732 		-26.701 		4.402
v 268.218 		-26.421 		5.042
v 267.998 		-27.24 		4.402
v 266.16 		-25.86 		3.841
v 268.191 		-27.81 		4.402
v 268.516 		-25.343 		6.512
v 265.51 		-30.76 		2.992
v 267.732 		-25.018 		5.749
v 267.998 		-24.752 		6.512
v 268.516 		-32.657 		6.512
v 268.953 		-25.996 		6.512
v 268.218 		-32.428 		5.749
v 267.732 		-32.982 		5.749
v 267.843 		-25.86 		5.042
v 267.998 		-33.248 		6.512
v 268.218 		-25.572 		5.749
v 269.3 		-31.299 		6.512
v 263.75 		-35.447 		8.151
v 269.553 		-30.555 		6.512
v 265.376 		-35.067 		7.317
v 265.419 		-35.227 		8.151
v 264.591 		-35.392 		8.151
v 268.627 		-31.816 		5.749
v 268.953 		-32.004 		6.512
v 263.75 		-35.281 		7.317
v 269.189 		-30.458 		5.749
v 264.57 		-35.227 		7.317
v 268.953 		-31.155 		5.749
v 268.516 		-30.974 		5.042
v 267.843 		-32.14 		5.042
v 268.191 		-30.19 		4.402
v 268.733 		-30.335 		5.042
v 268.218 		-31.579 		5.042
v 267.998 		-30.76 		4.402
v 267.732 		-31.299 		4.402
v 266.973 		-34.583 		8.151
v 266.217 		-34.956 		8.151
v 257.303 		-29 		8.151
v 266.89 		-34.439 		7.317
v 266.154 		-34.803 		7.317
v 257.469 		-29 		7.317
v 257.358 		-28.159 		8.151
v 257.523 		-29.82 		7.317
v 257.358 		-29.841 		8.151
v 259.926 		-27.975 		3.841
v 260.093 		-27.485 		3.841
v 269.333 		-32.223 		8.151
v 260.322 		-27.021 		3.841
v 268.865 		-32.925 		8.151
v 267.675 		-34.115 		8.151
v 260.951 		-26.201 		3.841
v 260.746 		-27.756 		3.369
v 268.733 		-32.824 		7.317
v 268.191 		-33.441 		7.317
v 268.309 		-33.559 		8.151
v 261.171 		-27.021 		3.369
v 260.61 		-26.59 		3.841
v 267.574 		-33.983 		7.317
v 260.934 		-27.374 		3.369
v 269.977 		-30.669 		8.151
v 269.706 		-31.467 		8.151
v 261.451 		-26.701 		3.369
v 269.817 		-30.626 		7.317
v 269.189 		-32.14 		7.317
v 269.553 		-31.404 		7.317
v 261.771 		-26.421 		3.369
v 262.124 		-26.184 		3.369
v 266.049 		-34.55 		6.512
v 264.534 		-34.956 		6.512
v 261.283 		-28.675 		2.992
v 265.207 		-34.439 		5.749
v 265.305 		-34.803 		6.512
v 261.283 		-29.325 		2.992
v 263.75 		-34.631 		5.749
v 263.75 		-35.008 		6.512
v 264.485 		-34.583 		5.749
v 261.262 		-29 		2.992
v 261.451 		-29.952 		2.992
v 261.346 		-29.644 		2.992
v 267.407 		-33.766 		6.512
v 262.293 		-29.841 		2.719
v 262.124 		-29.436 		2.719
v 266.566 		-33.877 		5.749
v 266.754 		-34.203 		6.512
v 262.195 		-29.644 		2.719
v 267.178 		-33.468 		5.749
v 262.081 		-29.22 		2.719
v 265.905 		-34.203 		5.749
v 262.415 		-30.025 		2.719
v 263.326 		-29.735 		2.553
v 263.233 		-29.673 		2.553
v 264.423 		-34.115 		5.042
v 263.15 		-29.6 		2.553
v 264.94 		-33.441 		4.402
v 265.085 		-33.983 		5.042
v 263.75 		-34.159 		5.042
v 263.077 		-29.517 		2.553
v 263.015 		-29.424 		2.553
v 262.966 		-29.325 		2.553
v 257.523 		-28.18 		7.317
v 259.768 		-25.018 		5.749
v 259.502 		-24.752 		6.512
v 257.523 		-27.331 		8.151
v 257.794 		-26.533 		8.151
v 260.934 		-24.123 		5.749
v 260.746 		-23.797 		6.512
v 257.683 		-27.374 		7.317
v 257.947 		-26.596 		7.317
v 259.282 		-25.572 		5.749
v 258.635 		-25.075 		8.151
v 260.322 		-24.532 		5.749
v 258.311 		-25.86 		7.317
v 258.167 		-25.777 		8.151
v 261.451 		-23.45 		6.512
v 259.191 		-24.441 		8.151
v 262.966 		-23.044 		6.512
v 258.767 		-25.176 		7.317
v 262.293 		-23.561 		5.749
v 262.195 		-23.197 		6.512
v 259.309 		-24.559 		7.317
v 259.926 		-24.017 		7.317
v 261.595 		-23.797 		5.749
v 259.825 		-23.885 		8.151
v 260.527 		-23.417 		8.151
v 261.283 		-23.044 		8.151
v 263.015 		-23.417 		5.749
v 262.93 		-29.22 		2.553
v 259.657 		-25.86 		5.042
v 262.909 		-29.111 		2.553
v 260.61 		-24.907 		5.042
v 260.499 		-25.749 		4.402
v 260.102 		-25.352 		5.042
v 261.171 		-24.532 		5.042
v 262.067 		-29 		2.719
v 262.124 		-28.564 		2.719
v 261.346 		-28.356 		2.992
v 260.951 		-25.352 		4.402
v 262.293 		-28.159 		2.719
v 261.776 		-24.234 		5.042
v 262.081 		-28.78 		2.719
v 261.451 		-25.018 		4.402
v 261.99 		-24.752 		4.402
v 262.195 		-28.356 		2.719
v 262.56 		-24.559 		4.402
v 262.415 		-24.017 		5.042
v 268.733 		-27.665 		5.042
v 263.15 		-24.441 		4.402
v 261.34 		-25.86 		3.841
v 267.574 		-27.975 		3.841
v 261.771 		-25.572 		3.841
v 263.233 		-25.075 		3.841
v 264.534 		-23.044 		6.512
v 262.506 		-25.996 		3.369
v 263.75 		-23.369 		5.749
v 262.235 		-25.343 		3.841
v 263.75 		-22.992 		6.512
v 262.909 		-25.86 		3.369
v 262.725 		-25.176 		3.841
v 265.207 		-23.561 		5.749
v 265.305 		-23.197 		6.512
v 263.326 		-25.777 		3.369
v 264.485 		-23.417 		5.749
v 263.077 		-23.885 		5.042
v 266.049 		-23.45 		6.512
v 267.407 		-24.234 		6.512
v 259.191 		-33.559 		8.151
v 258.635 		-32.925 		8.151
v 258.167 		-32.223 		8.151
v 266.566 		-24.123 		5.749
v 266.754 		-23.797 		6.512
v 258.767 		-32.824 		7.317
v 265.905 		-23.797 		5.749
v 257.794 		-31.467 		8.151
v 267.178 		-24.532 		5.749
v 258.311 		-32.14 		7.317
v 257.683 		-30.626 		7.317
v 257.523 		-30.669 		8.151
v 263.75 		-24.402 		4.402
v 264.35 		-24.441 		4.402
v 257.947 		-31.404 		7.317
v 264.94 		-24.559 		4.402
v 265.085 		-24.017 		5.042
v 261.283 		-34.956 		8.151
v 260.61 		-34.439 		7.317
v 263.75 		-25.042 		3.841
v 260.527 		-34.583 		8.151
v 265.265 		-25.343 		3.841
v 262.081 		-35.227 		8.151
v 262.93 		-35.227 		7.317
v 264.174 		-25.777 		3.369
v 262.909 		-35.392 		8.151
v 264.267 		-25.075 		3.841
v 262.124 		-35.067 		7.317
v 264.775 		-25.176 		3.841
v 261.346 		-34.803 		7.317
v 263.75 		-25.749 		3.369
v 259.825 		-34.115 		8.151
v 264.35 		-33.559 		4.402
v 263.75 		-33.598 		4.402
v 264.267 		-32.925 		3.841
v 263.75 		-32.958 		3.841
v 265.265 		-32.657 		3.841
v 264.775 		-32.824 		3.841
v 264.174 		-32.223 		3.369
v 263.75 		-32.251 		3.369
v 266.89 		-33.093 		5.042
v 265.724 		-33.766 		5.042
v 267.001 		-32.251 		4.402
v 267.398 		-32.648 		5.042
v 266.049 		-32.982 		4.402
v 266.329 		-33.468 		5.042
v 265.51 		-33.248 		4.402
v 266.549 		-32.648 		4.402
# 673 vertices

g group_3_6383466

usemtl color_6383466
s 0

f 312 	295 	294
f 310 	294 	293
f 293 	292 	308
f 318 	296 	295
f 323 	322 	301
f 301 	302 	323
f 306 	299 	304
f 311 	303 	309
f 314 	303 	306
f 314 	306 	304
f 303 	314 	309
f 314 	304 	313
f 309 	314 	319
f 314 	313 	319
f 322 	317 	301
f 295 	312 	318
f 318 	315 	296
f 294 	310 	312
f 293 	308 	310
f 354 	353 	374
f 353 	352 	373
f 302 	297 	324
f 325 	324 	297
f 297 	298 	325
f 324 	323 	302
f 326 	325 	298
f 340 	326 	298
f 317 	322 	321
f 316 	317 	321
f 321 	320 	316
f 315 	316 	320
f 320 	296 	315
f 330 	331 	560
f 348 	347 	329
f 560 	348 	330
f 346 	334 	335
f 335 	347 	346
f 347 	335 	329
f 319 	313 	453
f 345 	344 	333
f 298 	300 	340
f 336 	337 	342
f 343 	337 	332
f 332 	333 	344
f 342 	341 	336
f 300 	336 	341
f 341 	340 	300
f 337 	343 	342
f 332 	344 	343
f 561 	560 	331
f 329 	330 	348
f 346 	345 	334
f 333 	334 	345
f 349 	338 	361
f 291 	354 	305
f 374 	305 	354
f 292 	291 	307
f 307 	308 	292
f 305 	307 	291
f 373 	374 	353
f 358 	357 	509
f 338 	349 	355
f 512 	511 	360
f 290 	372 	299
f 360 	362 	512
f 339 	366 	367
f 365 	367 	375
f 367 	366 	375
f 364 	368 	515
f 371 	365 	375
f 289 	372 	290
f 372 	289 	365
f 365 	371 	372
f 350 	515 	368
f 514 	363 	364
f 368 	369 	350
f 376 	299 	372
f 376 	372 	371
f 299 	376 	304
f 339 	355 	379
f 379 	366 	339
f 379 	355 	349
f 349 	397 	379
f 366 	379 	384
f 385 	366 	384
f 366 	385 	375
f 371 	375 	390
f 380 	457 	381
f 390 	443 	371
f 443 	376 	371
f 384 	387 	385
f 389 	385 	387
f 390 	375 	385
f 385 	389 	390
f 394 	392 	393
f 349 	361 	403
f 388 	395 	691
f 361 	396 	403
f 397 	349 	403
f 393 	398 	394
f 384 	379 	397
f 402 	396 	401
f 400 	383 	378
f 396 	402 	403
f 386 	408 	404
f 397 	403 	410
f 382 	405 	644
f 412 	397 	410
f 406 	394 	398
f 394 	406 	400
f 400 	406 	383
f 384 	397 	412
f 404 	408 	395
f 410 	403 	402
f 395 	388 	404
f 391 	404 	388
f 384 	412 	387
f 407 	405 	503
f 411 	409 	420
f 424 	412 	410
f 505 	407 	503
f 411 	420 	415
f 416 	399 	407
f 416 	408 	399
f 411 	415 	393
f 416 	395 	408
f 415 	398 	393
f 416 	407 	505
f 402 	401 	434
f 420 	409 	413
f 417 	418 	419
f 422 	402 	434
f 413 	628 	420
f 402 	422 	410
f 422 	424 	410
f 426 	545 	423
f 437 	374 	373
f 373 	436 	437
f 437 	635 	374
f 491 	429 	428
f 434 	401 	429
f 429 	491 	434
f 444 	436 	433
f 437 	436 	444
f 424 	422 	708
f 676 	430 	440
f 304 	376 	449
f 444 	433 	864
f 449 	376 	443
f 304 	449 	313
f 390 	454 	443
f 446 	430 	677
f 423 	574 	421
f 685 	435 	446
f 443 	448 	449
f 435 	685 	686
f 313 	449 	452
f 451 	435 	686
f 449 	448 	452
f 452 	453 	313
f 455 	451 	687
f 451 	686 	687
f 387 	460 	389
f 398 	415 	755
f 389 	454 	390
f 443 	454 	448
f 406 	456 	383
f 380 	383 	465
f 465 	383 	456
f 452 	448 	475
f 380 	465 	457
f 457 	459 	381
f 454 	463 	448
f 463 	454 	470
f 463 	475 	448
f 457 	465 	477
f 462 	693 	467
f 458 	467 	717
f 466 	464 	490
f 458 	699 	712
f 458 	717 	699
f 470 	389 	460
f 389 	470 	454
f 459 	545 	469
f 470 	460 	468
f 461 	469 	600
f 438 	617 	471
f 473 	944 	487
f 461 	738 	715
f 439 	617 	438
f 475 	463 	474
f 493 	938 	473
f 441 	620 	439
f 645 	475 	474
f 646 	475 	645
f 447 	488 	499
f 494 	498 	508
f 447 	499 	500
f 480 	463 	470
f 481 	405 	382
f 482 	450 	311
f 480 	470 	468
f 463 	480 	474
f 482 	311 	309
f 382 	498 	481
f 478 	450 	482
f 725 	484 	479
f 447 	485 	488
f 488 	485 	478
f 440 	430 	472
f 485 	450 	478
f 479 	484 	486
f 484 	483 	486
f 489 	479 	486
f 430 	487 	472
f 473 	487 	446
f 387 	412 	497
f 489 	464 	479
f 464 	489 	490
f 497 	460 	387
f 487 	430 	446
f 446 	435 	473
f 466 	490 	492
f 522 	482 	309
f 466 	492 	471
f 438 	471 	492
f 493 	473 	435
f 451 	493 	435
f 507 	493 	494
f 494 	508 	507
f 496 	424 	708
f 493 	451 	494
f 497 	412 	424
f 494 	451 	455
f 424 	496 	497
f 498 	494 	455
f 460 	497 	501
f 481 	498 	462
f 497 	496 	501
f 495 	500 	506
f 501 	468 	460
f 500 	499 	506
f 498 	455 	462
f 502 	495 	506
f 462 	467 	481
f 405 	481 	503
f 702 	495 	502
f 467 	503 	481
f 422 	434 	504
f 434 	491 	504
f 422 	504 	708
f 370 	373 	352
f 352 	351 	370
f 369 	370 	351
f 351 	350 	369
f 513 	512 	362
f 362 	363 	513
f 363 	514 	513
f 364 	515 	514
f 359 	511 	510
f 356 	359 	510
f 359 	360 	511
f 357 	356 	509
f 510 	509 	356
f 509 	556 	358
f 508 	498 	382
f 519 	478 	528
f 519 	488 	478
f 309 	319 	522
f 552 	551 	516
f 528 	478 	482
f 528 	482 	522
f 521 	518 	927
f 516 	517 	552
f 929 	521 	927
f 519 	523 	668
f 520 	524 	554
f 519 	668 	544
f 527 	522 	319
f 519 	528 	523
f 535 	536 	542
f 517 	520 	553
f 555 	554 	524
f 554 	553 	520
f 637 	526 	530
f 533 	522 	527
f 533 	523 	528
f 533 	528 	522
f 550 	532 	546
f 532 	549 	531
f 538 	506 	499
f 541 	539 	535
f 541 	535 	542
f 535 	622 	621
f 535 	669 	622
f 544 	499 	488
f 544 	488 	519
f 535 	672 	669
f 535 	674 	672
f 459 	457 	574
f 535 	676 	674
f 574 	545 	459
f 548 	543 	531
f 539 	877 	535
f 883 	536 	891
f 891 	536 	537
f 461 	600 	738
f 546 	516 	551
f 535 	693 	690
f 535 	717 	693
f 550 	549 	532
f 546 	551 	550
f 531 	549 	548
f 559 	558 	540
f 557 	561 	327
f 331 	327 	561
f 540 	543 	559
f 535 	699 	717
f 517 	553 	552
f 524 	525 	555
f 556 	555 	525
f 525 	358 	556
f 441 	442 	624
f 535 	698 	699
f 543 	548 	559
f 328 	540 	558
f 327 	328 	557
f 558 	557 	328
f 445 	477 	476
f 585 	562 	564
f 566 	565 	564
f 564 	567 	566
f 564 	562 	567
f 535 	701 	698
f 476 	442 	445
f 535 	703 	701
f 421 	477 	445
f 573 	572 	588
f 572 	571 	588
f 588 	564 	563
f 588 	575 	573
f 588 	563 	575
f 571 	570 	588
f 574 	457 	477
f 535 	707 	703
f 580 	579 	588
f 588 	576 	580
f 588 	568 	577
f 588 	577 	576
f 707 	535 	483
f 477 	421 	574
f 584 	581 	608
f 598 	578 	584
f 584 	582 	581
f 584 	583 	582
f 535 	486 	483
f 564 	588 	587
f 587 	586 	564
f 586 	585 	564
f 579 	589 	588
f 423 	545 	574
f 592 	591 	579
f 579 	590 	589
f 535 	489 	486
f 569 	568 	588
f 570 	569 	588
f 579 	591 	590
f 595 	594 	579
f 596 	595 	579
f 601 	596 	579
f 594 	593 	579
f 535 	490 	489
f 593 	592 	579
f 535 	492 	490
f 578 	597 	606
f 597 	578 	598
f 584 	599 	598
f 584 	609 	599
f 469 	545 	600
f 602 	601 	579
f 603 	602 	579
f 604 	603 	579
f 579 	578 	604
f 605 	604 	578
f 578 	606 	605
f 535 	438 	492
f 584 	610 	609
f 584 	608 	607
f 584 	611 	610
f 584 	607 	611
f 563 	296 	575
f 535 	439 	438
f 426 	600 	545
f 295 	296 	564
f 564 	296 	563
f 294 	295 	565
f 565 	295 	564
f 293 	294 	566
f 566 	294 	565
f 292 	293 	567
f 567 	293 	566
f 535 	441 	439
f 291 	292 	562
f 562 	292 	567
f 600 	427 	738
f 326 	340 	568
f 568 	340 	577
f 569 	325 	568
f 568 	325 	326
f 570 	324 	569
f 569 	324 	325
f 441 	535 	442
f 600 	426 	427
f 571 	323 	570
f 570 	323 	324
f 572 	322 	571
f 571 	322 	323
f 573 	321 	572
f 572 	321 	322
f 575 	320 	573
f 573 	320 	321
f 442 	535 	445
f 296 	320 	575
f 445 	535 	421
f 738 	427 	431
f 743 	738 	431
f 421 	535 	423
f 612 	297 	615
f 297 	612 	298
f 423 	535 	426
f 426 	535 	427
f 613 	456 	406
f 427 	535 	431
f 431 	535 	838
f 838 	535 	839
f 612 	615 	616
f 839 	535 	841
f 615 	614 	616
f 535 	845 	841
f 298 	619 	300
f 619 	298 	612
f 808 	300 	619
f 535 	846 	845
f 619 	612 	623
f 535 	847 	846
f 456 	613 	624
f 535 	875 	847
f 624 	476 	456
f 476 	465 	456
f 623 	612 	616
f 477 	465 	476
f 617 	439 	620
f 623 	616 	706
f 624 	613 	620
f 624 	620 	441
f 625 	301 	317
f 624 	442 	476
f 615 	297 	302
f 629 	625 	627
f 420 	630 	415
f 301 	631 	302
f 631 	301 	625
f 534 	526 	637
f 499 	544 	538
f 625 	629 	631
f 529 	534 	639
f 614 	631 	629
f 631 	615 	302
f 615 	631 	614
f 633 	529 	639
f 634 	529 	633
f 635 	305 	374
f 633 	386 	634
f 637 	639 	534
f 635 	437 	638
f 319 	453 	527
f 638 	437 	444
f 640 	305 	635
f 640 	307 	305
f 307 	640 	636
f 535 	618 	547
f 618 	535 	621
f 636 	640 	641
f 633 	639 	399
f 452 	646 	453
f 475 	646 	452
f 646 	642 	453
f 527 	453 	642
f 386 	633 	408
f 904 	638 	444
f 643 	635 	638
f 643 	640 	635
f 935 	644 	530
f 644 	637 	530
f 643 	641 	640
f 752 	639 	637
f 642 	646 	648
f 399 	639 	752
f 641 	649 	636
f 649 	641 	912
f 646 	645 	648
f 307 	636 	308
f 647 	308 	636
f 647 	310 	308
f 312 	680 	318
f 536 	535 	537
f 636 	649 	647
f 537 	535 	547
f 651 	647 	649
f 652 	312 	310
f 652 	310 	647
f 648 	656 	642
f 650 	626 	886
f 312 	652 	680
f 652 	647 	651
f 659 	632 	650
f 664 	680 	652
f 653 	527 	642
f 653 	533 	527
f 655 	653 	656
f 661 	684 	654
f 657 	523 	533
f 657 	533 	653
f 660 	316 	315
f 657 	793 	523
f 657 	653 	655
f 315 	666 	660
f 662 	316 	660
f 316 	662 	317
f 658 	657 	655
f 658 	793 	657
f 671 	632 	659
f 642 	656 	653
f 632 	671 	654
f 655 	656 	818
f 662 	625 	317
f 658 	626 	800
f 876 	502 	673
f 679 	538 	544
f 544 	668 	679
f 675 	670 	662
f 618 	659 	547
f 662 	627 	625
f 673 	502 	506
f 627 	662 	670
f 673 	506 	538
f 671 	661 	654
f 671 	659 	618
f 672 	674 	667
f 661 	671 	621
f 666 	675 	660
f 675 	666 	665
f 440 	674 	676
f 662 	660 	675
f 618 	621 	671
f 663 	661 	622
f 676 	677 	430
f 661 	621 	622
f 668 	523 	793
f 669 	663 	622
f 685 	446 	677
f 669 	678 	663
f 668 	794 	679
f 667 	678 	672
f 681 	538 	679
f 666 	318 	680
f 318 	666 	315
f 681 	673 	538
f 678 	669 	672
f 652 	651 	664
f 665 	680 	664
f 667 	440 	692
f 666 	680 	665
f 676 	535 	677
f 667 	674 	440
f 685 	677 	535
f 683 	391 	388
f 673 	681 	682
f 695 	416 	505
f 695 	395 	416
f 690 	455 	687
f 377 	745 	689
f 690 	462 	455
f 395 	695 	691
f 414 	388 	691
f 505 	503 	458
f 503 	467 	458
f 685 	535 	686
f 663 	684 	661
f 712 	505 	458
f 687 	686 	535
f 690 	687 	535
f 712 	695 	505
f 694 	684 	663
f 688 	694 	678
f 417 	414 	705
f 694 	663 	678
f 705 	418 	417
f 691 	714 	414
f 692 	688 	667
f 678 	667 	688
f 697 	725 	689
f 472 	692 	440
f 616 	614 	710
f 710 	614 	700
f 377 	689 	729
f 710 	706 	616
f 707 	418 	705
f 767 	623 	706
f 705 	703 	707
f 418 	707 	483
f 704 	850 	865
f 709 	700 	713
f 850 	704 	849
f 726 	496 	708
f 700 	709 	710
f 857 	502 	876
f 720 	691 	695
f 720 	695 	712
f 474 	480 	826
f 691 	720 	714
f 714 	705 	414
f 710 	716 	706
f 428 	715 	491
f 716 	710 	709
f 690 	693 	462
f 715 	428 	461
f 709 	733 	716
f 491 	715 	722
f 491 	722 	504
f 467 	693 	717
f 504 	722 	718
f 504 	718 	708
f 698 	712 	699
f 627 	724 	629
f 627 	719 	724
f 698 	720 	712
f 714 	720 	701
f 724 	700 	629
f 629 	700 	614
f 720 	698 	701
f 703 	714 	701
f 714 	703 	705
f 723 	719 	727
f 719 	723 	724
f 713 	700 	724
f 708 	718 	726
f 726 	718 	740
f 713 	724 	723
f 501 	496 	732
f 732 	496 	726
f 748 	721 	750
f 728 	501 	732
f 419 	484 	725
f 468 	501 	728
f 419 	418 	484
f 721 	748 	727
f 729 	689 	725
f 725 	479 	729
f 479 	464 	729
f 735 	826 	480
f 730 	377 	729
f 731 	713 	723
f 377 	730 	413
f 730 	628 	413
f 730 	729 	464
f 709 	713 	736
f 466 	730 	464
f 736 	713 	731
f 628 	730 	466
f 709 	736 	733
f 483 	484 	418
f 735 	468 	728
f 388 	414 	683
f 735 	480 	468
f 739 	731 	734
f 417 	683 	414
f 683 	417 	696
f 735 	728 	829
f 419 	696 	417
f 731 	739 	736
f 696 	419 	697
f 733 	736 	737
f 419 	725 	697
f 737 	736 	739
f 715 	738 	743
f 715 	743 	722
f 718 	722 	744
f 734 	742 	739
f 737 	739 	745
f 718 	744 	740
f 779 	737 	746
f 737 	745 	746
f 726 	747 	732
f 742 	734 	741
f 747 	837 	732
f 722 	743 	744
f 741 	697 	742
f 741 	696 	697
f 742 	697 	689
f 745 	739 	742
f 742 	689 	745
f 740 	744 	839
f 740 	839 	841
f 747 	726 	740
f 745 	377 	746
f 740 	841 	747
f 746 	377 	413
f 557 	611 	561
f 561 	611 	607
f 608 	560 	607
f 607 	560 	561
f 560 	608 	348
f 609 	559 	548
f 610 	558 	609
f 609 	558 	559
f 611 	557 	610
f 610 	557 	558
f 723 	727 	894
f 894 	727 	748
f 723 	894 	731
f 634 	386 	762
f 749 	762 	386
f 633 	399 	408
f 748 	750 	751
f 750 	749 	751
f 752 	637 	644
f 753 	748 	751
f 420 	628 	630
f 752 	644 	405
f 752 	407 	399
f 613 	398 	755
f 752 	405 	407
f 398 	613 	406
f 757 	664 	913
f 630 	628 	471
f 665 	754 	675
f 628 	466 	471
f 471 	617 	630
f 755 	415 	630
f 617 	755 	630
f 670 	759 	719
f 613 	755 	620
f 670 	719 	627
f 757 	665 	664
f 755 	617 	620
f 665 	757 	754
f 754 	757 	764
f 721 	754 	764
f 675 	759 	670
f 675 	754 	759
f 721 	759 	754
f 719 	759 	727
f 759 	721 	727
f 761 	758 	760
f 756 	634 	762
f 764 	757 	756
f 756 	762 	764
f 758 	761 	763
f 764 	750 	721
f 834 	828 	763
f 750 	764 	762
f 750 	762 	749
f 581 	348 	608
f 347 	348 	582
f 582 	348 	581
f 346 	347 	583
f 583 	347 	582
f 345 	346 	584
f 584 	346 	583
f 584 	578 	344
f 344 	345 	584
f 343 	344 	579
f 579 	344 	578
f 342 	343 	580
f 580 	343 	579
f 623 	767 	811
f 341 	342 	576
f 576 	342 	580
f 577 	340 	576
f 576 	340 	341
f 766 	327 	770
f 327 	766 	328
f 772 	758 	812
f 811 	767 	765
f 765 	767 	776
f 776 	767 	774
f 771 	765 	776
f 765 	771 	772
f 766 	770 	773
f 758 	772 	760
f 771 	760 	772
f 706 	716 	774
f 767 	706 	774
f 775 	769 	768
f 769 	775 	770
f 770 	775 	773
f 774 	777 	776
f 760 	771 	778
f 733 	780 	716
f 774 	780 	777
f 779 	733 	737
f 774 	716 	780
f 733 	779 	780
f 776 	781 	771
f 781 	776 	777
f 771 	781 	778
f 778 	781 	392
f 392 	956 	778
f 778 	957 	760
f 778 	956 	957
f 746 	409 	779
f 780 	782 	777
f 782 	780 	779
f 779 	409 	782
f 782 	409 	411
f 783 	777 	782
f 777 	783 	781
f 782 	411 	783
f 411 	393 	783
f 783 	392 	781
f 338 	937 	773
f 392 	783 	393
f 335 	784 	329
f 746 	413 	409
f 562 	585 	354
f 354 	291 	562
f 353 	354 	586
f 586 	354 	585
f 785 	329 	784
f 352 	353 	587
f 587 	353 	586
f 351 	352 	588
f 588 	352 	587
f 350 	351 	589
f 589 	351 	588
f 330 	329 	785
f 590 	350 	589
f 515 	350 	590
f 514 	515 	591
f 591 	515 	590
f 513 	514 	592
f 592 	514 	591
f 512 	513 	593
f 593 	513 	592
f 769 	331 	330
f 511 	512 	594
f 594 	512 	593
f 510 	511 	595
f 595 	511 	594
f 509 	510 	596
f 596 	510 	595
f 330 	785 	769
f 601 	556 	509
f 509 	596 	601
f 331 	770 	327
f 331 	769 	770
f 790 	356 	357
f 785 	784 	788
f 788 	768 	785
f 785 	768 	769
f 786 	357 	358
f 358 	792 	786
f 790 	357 	786
f 788 	784 	787
f 787 	816 	788
f 332 	797 	333
f 332 	795 	797
f 803 	333 	797
f 786 	792 	789
f 334 	333 	803
f 682 	805 	799
f 794 	668 	793
f 796 	679 	794
f 796 	681 	679
f 805 	681 	796
f 682 	681 	805
f 334 	798 	335
f 798 	334 	803
f 798 	784 	335
f 794 	793 	800
f 795 	812 	801
f 793 	658 	800
f 802 	797 	801
f 796 	794 	807
f 794 	800 	807
f 804 	796 	807
f 797 	802 	803
f 803 	806 	798
f 803 	802 	806
f 805 	796 	804
f 805 	810 	799
f 806 	787 	784
f 784 	798 	806
f 805 	804 	810
f 801 	812 	758
f 801 	763 	802
f 801 	758 	763
f 763 	828 	802
f 650 	800 	626
f 806 	802 	828
f 807 	800 	650
f 804 	807 	632
f 336 	300 	808
f 807 	650 	632
f 809 	336 	808
f 337 	336 	809
f 332 	337 	795
f 809 	795 	337
f 808 	619 	811
f 811 	619 	623
f 808 	813 	809
f 808 	811 	813
f 809 	812 	795
f 801 	797 	795
f 654 	810 	804
f 632 	654 	804
f 684 	810 	654
f 814 	799 	810
f 809 	813 	812
f 811 	765 	813
f 812 	813 	772
f 684 	814 	810
f 765 	772 	813
f 684 	694 	814
f 898 	815 	901
f 814 	694 	815
f 815 	688 	901
f 694 	688 	815
f 768 	788 	820
f 905 	901 	692
f 788 	816 	820
f 692 	901 	688
f 817 	768 	820
f 768 	817 	775
f 773 	775 	823
f 823 	775 	817
f 773 	823 	338
f 816 	819 	820
f 817 	820 	824
f 827 	474 	826
f 820 	819 	824
f 817 	824 	822
f 821 	648 	645
f 817 	822 	823
f 338 	823 	361
f 822 	361 	823
f 825 	818 	656
f 648 	821 	825
f 819 	840 	824
f 825 	656 	648
f 822 	824 	844
f 827 	645 	474
f 822 	396 	361
f 827 	821 	645
f 787 	806 	832
f 833 	826 	735
f 832 	816 	787
f 833 	735 	829
f 827 	826 	830
f 832 	806 	828
f 828 	831 	832
f 835 	882 	821
f 816 	832 	836
f 882 	825 	821
f 816 	836 	819
f 826 	833 	830
f 834 	763 	761
f 828 	834 	831
f 761 	954 	834
f 835 	821 	827
f 835 	827 	830
f 835 	830 	877
f 836 	832 	831
f 835 	877 	539
f 728 	732 	837
f 819 	836 	843
f 837 	829 	728
f 743 	431 	838
f 743 	838 	744
f 819 	843 	840
f 744 	838 	839
f 822 	844 	396
f 829 	837 	846
f 846 	847 	829
f 847 	833 	829
f 840 	843 	946
f 843 	842 	946
f 947 	840 	946
f 845 	837 	747
f 844 	824 	840
f 845 	747 	841
f 840 	947 	844
f 837 	845 	846
f 396 	844 	401
f 792 	791 	789
f 447 	789 	485
f 848 	786 	789
f 848 	790 	786
f 848 	789 	447
f 854 	862 	425
f 855 	848 	500
f 704 	702 	857
f 848 	447 	500
f 704 	857 	849
f 485 	789 	791
f 450 	485 	791
f 851 	356 	790
f 851 	359 	356
f 852 	359 	851
f 852 	360 	359
f 711 	850 	859
f 850 	849 	859
f 853 	711 	859
f 855 	851 	790
f 855 	790 	848
f 852 	851 	856
f 854 	711 	853
f 851 	855 	856
f 852 	856 	860
f 495 	855 	500
f 502 	857 	702
f 856 	855 	495
f 856 	495 	702
f 362 	360 	861
f 852 	861 	360
f 858 	363 	362
f 362 	861 	858
f 863 	364 	363
f 871 	368 	364
f 871 	364 	863
f 861 	852 	860
f 865 	858 	861
f 863 	363 	858
f 432 	425 	862
f 433 	432 	867
f 863 	858 	868
f 867 	432 	862
f 433 	867 	864
f 856 	702 	860
f 704 	860 	702
f 861 	860 	865
f 860 	704 	865
f 868 	858 	865
f 867 	862 	866
f 863 	869 	871
f 869 	863 	868
f 869 	872 	871
f 868 	865 	850
f 711 	868 	850
f 864 	902 	904
f 711 	869 	868
f 870 	862 	854
f 869 	854 	425
f 853 	870 	854
f 862 	870 	866
f 869 	711 	854
f 872 	368 	871
f 872 	369 	368
f 873 	369 	872
f 873 	370 	369
f 373 	370 	436
f 874 	864 	867
f 874 	867 	866
f 864 	874 	902
f 370 	873 	436
f 874 	866 	911
f 869 	425 	872
f 873 	872 	432
f 875 	830 	833
f 875 	833 	847
f 849 	857 	880
f 875 	877 	830
f 880 	857 	876
f 878 	849 	880
f 878 	859 	849
f 876 	673 	682
f 876 	682 	879
f 875 	535 	877
f 880 	876 	879
f 881 	853 	859
f 881 	859 	878
f 818 	825 	888
f 888 	825 	882
f 881 	878 	889
f 818 	888 	883
f 884 	658 	655
f 884 	655 	818
f 658 	884 	626
f 881 	889 	890
f 884 	818 	883
f 879 	682 	799
f 885 	878 	880
f 891 	626 	884
f 885 	880 	879
f 878 	885 	889
f 891 	886 	626
f 886 	659 	650
f 887 	853 	881
f 870 	853 	887
f 541 	882 	539
f 888 	882 	541
f 542 	883 	888
f 887 	881 	890
f 536 	883 	542
f 891 	884 	883
f 892 	887 	890
f 891 	537 	886
f 893 	887 	892
f 547 	886 	537
f 659 	886 	547
f 835 	539 	882
f 885 	898 	889
f 541 	542 	888
f 895 	911 	893
f 895 	893 	892
f 748 	753 	894
f 734 	731 	894
f 734 	894 	753
f 926 	911 	895
f 749 	386 	404
f 751 	749 	391
f 896 	879 	799
f 896 	885 	879
f 749 	404 	391
f 753 	751 	897
f 751 	391 	897
f 898 	885 	896
f 753 	897 	741
f 903 	890 	889
f 734 	753 	741
f 903 	889 	898
f 391 	683 	897
f 741 	897 	696
f 892 	890 	906
f 906 	890 	903
f 683 	696 	897
f 899 	892 	906
f 899 	895 	892
f 900 	638 	904
f 900 	643 	638
f 908 	641 	643
f 908 	643 	900
f 896 	799 	814
f 896 	815 	898
f 908 	912 	641
f 896 	814 	815
f 444 	864 	904
f 903 	898 	901
f 905 	903 	901
f 900 	904 	910
f 904 	902 	910
f 906 	903 	905
f 908 	900 	907
f 874 	518 	902
f 521 	902 	518
f 905 	692 	472
f 909 	899 	906
f 425 	432 	872
f 909 	906 	905
f 433 	873 	432
f 909 	905 	472
f 436 	873 	433
f 900 	910 	907
f 910 	902 	521
f 893 	866 	870
f 893 	870 	887
f 893 	911 	866
f 911 	518 	874
f 907 	920 	908
f 518 	911 	926
f 555 	556 	602
f 602 	556 	601
f 554 	555 	603
f 603 	555 	602
f 553 	554 	604
f 604 	554 	603
f 552 	553 	605
f 605 	553 	604
f 651 	649 	918
f 551 	552 	606
f 606 	552 	605
f 551 	606 	597
f 597 	550 	551
f 918 	649 	912
f 598 	549 	597
f 597 	549 	550
f 599 	548 	598
f 598 	548 	549
f 599 	609 	548
f 913 	651 	918
f 913 	664 	651
f 516 	546 	914
f 915 	517 	516
f 912 	908 	920
f 516 	914 	915
f 916 	517 	915
f 917 	912 	920
f 916 	520 	517
f 921 	520 	916
f 918 	912 	917
f 524 	520 	921
f 915 	914 	919
f 913 	918 	922
f 919 	914 	290
f 918 	917 	922
f 919 	916 	915
f 913 	922 	756
f 757 	913 	756
f 290 	299 	919
f 299 	306 	919
f 907 	526 	920
f 917 	920 	534
f 925 	525 	524
f 524 	921 	925
f 920 	526 	534
f 525 	792 	358
f 534 	529 	917
f 923 	916 	919
f 529 	922 	917
f 756 	922 	634
f 634 	922 	529
f 907 	910 	930
f 925 	921 	924
f 930 	910 	521
f 930 	526 	907
f 925 	792 	525
f 925 	791 	792
f 306 	923 	919
f 923 	306 	303
f 928 	921 	916
f 926 	927 	518
f 928 	916 	923
f 921 	928 	924
f 303 	928 	923
f 930 	521 	929
f 924 	928 	311
f 928 	303 	311
f 526 	930 	530
f 311 	450 	924
f 925 	924 	791
f 929 	530 	930
f 791 	924 	450
f 927 	926 	940
f 934 	532 	531
f 531 	931 	934
f 532 	945 	546
f 945 	532 	934
f 933 	895 	899
f 933 	926 	895
f 931 	932 	934
f 945 	934 	289
f 933 	940 	926
f 932 	367 	365
f 927 	942 	929
f 934 	932 	289
f 932 	365 	289
f 540 	328 	939
f 935 	530 	929
f 936 	540 	939
f 540 	936 	543
f 931 	543 	936
f 899 	944 	933
f 531 	543 	931
f 909 	944 	899
f 766 	773 	937
f 938 	933 	944
f 328 	766 	939
f 942 	927 	940
f 940 	933 	938
f 766 	937 	939
f 507 	940 	938
f 936 	939 	941
f 939 	937 	941
f 929 	942 	935
f 940 	507 	942
f 931 	936 	943
f 935 	942 	508
f 943 	932 	931
f 942 	507 	508
f 937 	355 	941
f 935 	382 	644
f 937 	338 	355
f 339 	941 	355
f 508 	382 	935
f 943 	936 	941
f 472 	487 	909
f 941 	339 	943
f 367 	932 	943
f 944 	909 	487
f 943 	339 	367
f 938 	944 	473
f 914 	546 	945
f 507 	938 	493
f 290 	945 	289
f 945 	290 	914
f 947 	401 	844
f 429 	401 	947
f 948 	842 	951
f 842 	948 	946
f 949 	946 	948
f 946 	949 	947
f 947 	949 	429
f 951 	960 	950
f 950 	378 	380
f 950 	380 	381
f 951 	950 	381
f 948 	951 	952
f 951 	381 	952
f 428 	949 	953
f 949 	428 	429
f 381 	459 	952
f 459 	469 	952
f 948 	953 	949
f 953 	948 	952
f 469 	953 	952
f 428 	953 	461
f 469 	461 	953
f 957 	761 	760
f 957 	954 	761
f 831 	955 	836
f 955 	843 	836
f 957 	961 	954
f 957 	956 	961
f 958 	954 	961
f 834 	959 	831
f 959 	834 	954
f 831 	959 	955
f 954 	958 	959
f 959 	960 	955
f 959 	958 	960
f 842 	955 	960
f 955 	842 	843
f 956 	392 	394
f 400 	956 	394
f 961 	956 	400
f 958 	961 	378
f 378 	961 	400
f 960 	958 	950
f 958 	378 	950
f 960 	951 	842
f 378 	383 	380
# 1342 faces

 #end of obj_3

o obj_4
v 294 		-22.25 		9
v 295.305 		-22.336 		9
v 296.588 		-22.591 		9
v 297.827 		-23.011 		9
v 299 		-23.59 		9
v 300.088 		-24.316 		9
v 296.89 		-33.091 		3.369
v 300.197 		-31.401 		9
v 294.591 		-29.11 		3.369
v 295.729 		-35.678 		3.841
v 294.994 		-29.246 		3.369
v 300.253 		-32.25 		9
v 289.926 		-37.233 		7.317
v 289.309 		-36.691 		7.317
v 290.61 		-26.811 		7.317
v 296.154 		-31.606 		2.992
v 300.197 		-33.099 		9
v 294.994 		-35.254 		3.369
v 296.217 		-31.925 		2.992
v 288.984 		-35.907 		6.512
v 292.067 		-25.969 		9
v 294.591 		-35.39 		3.369
v 299.758 		-29.762 		9
v 295.433 		-32.25 		2.719
v 300.031 		-30.567 		9
v 292.901 		-25.803 		9
v 296.238 		-32.25 		2.992
v 292.966 		-31.925 		2.553
v 288.2 		-34.549 		6.512
v 293.015 		-31.826 		2.553
v 291.346 		-26.447 		7.317
v 292.901 		-32.25 		2.553
v 292.124 		-26.183 		7.317
v 295.376 		-35.066 		3.369
v 295.376 		-29.434 		3.369
v 292.909 		-32.139 		2.553
v 292.93 		-32.03 		2.553
v 293.75 		-25.748 		9
v 293.75 		-30.567 		2.719
v 294.599 		-25.803 		9
v 288.873 		-35.066 		5.749
v 292.081 		-26.023 		8.151
v 288.547 		-35.254 		6.512
v 297.398 		-29.451 		4.402
v 294.186 		-30.624 		2.719
v 295.433 		-25.969 		9
v 292.909 		-25.858 		8.151
v 296.238 		-26.242 		9
v 297.001 		-26.619 		9
v 288.311 		-33.708 		5.749
v 287.947 		-33.805 		6.512
v 293.077 		-31.733 		2.553
v 296.754 		-31.006 		3.369
v 297.407 		-30.735 		3.841
v 293.53 		-30.581 		2.719
v 293.15 		-31.65 		2.553
v 292.93 		-26.023 		7.317
v 288.984 		-34.224 		5.042
v 293.233 		-31.577 		2.553
v 288.547 		-34.405 		5.749
v 298.348 		-27.652 		9
v 298.909 		-28.292 		9
v 299.381 		-28.999 		9
v 293.326 		-31.515 		2.553
v 293.97 		-30.581 		2.719
v 297.708 		-27.091 		9
v 287.794 		-31.466 		6.512
v 296.566 		-30.624 		3.369
v 288.767 		-33.585 		5.042
v 287.794 		-33.034 		6.512
v 294.394 		-30.695 		2.719
v 301.071 		-25.179 		9
v 301.934 		-26.162 		9
v 302.66 		-27.25 		9
v 303.239 		-28.423 		9
v 303.659 		-29.662 		9
v 303.914 		-30.945 		9
v 304 		-32.25 		9
v 293.75 		-27.091 		5.042
v 294.599 		-38.697 		9
v 296.549 		-29.451 		3.841
v 294.423 		-27.135 		5.042
v 293.75 		-38.753 		9
v 292.966 		-38.206 		6.512
v 297.178 		-30.271 		3.841
v 291.451 		-31.298 		2.992
v 297.001 		-37.881 		9
v 296.238 		-38.258 		9
v 291.451 		-37.8 		6.512
v 295.433 		-38.531 		9
v 294.591 		-30.793 		2.719
v 291.776 		-30.735 		2.992
v 295.729 		-29.671 		3.369
v 295.724 		-27.484 		5.042
v 296.049 		-29.951 		3.369
v 296.89 		-29.84 		3.841
v 295.085 		-31.225 		2.719
v 296.89 		-28.157 		5.042
v 292.293 		-37.689 		5.749
v 292.195 		-38.053 		6.512
v 291.595 		-31.006 		2.992
v 299.381 		-35.501 		9
v 298.909 		-36.208 		9
v 298.348 		-36.848 		9
v 297.708 		-37.409 		9
v 295.51 		-28.002 		4.402
v 294.775 		-30.915 		2.719
v 288.119 		-32.25 		5.749
v 291.99 		-30.49 		2.992
v 296.329 		-27.782 		5.042
v 288.167 		-32.985 		5.749
v 294.94 		-31.06 		2.719
v 296.329 		-30.271 		3.369
v 287.742 		-32.25 		6.512
v 293.015 		-37.833 		5.749
v 292.415 		-31.225 		2.719
v 297.001 		-28.999 		4.402
v 297.398 		-28.602 		5.042
v 288.167 		-31.515 		5.749
v 292.725 		-30.915 		2.719
v 293.861 		-33.091 		2.553
v 293.75 		-33.099 		2.553
v 300.031 		-33.933 		9
v 293.425 		-29.783 		2.992
v 293.639 		-33.091 		2.553
v 296.049 		-28.268 		4.402
v 293.53 		-33.07 		2.553
v 294.075 		-29.783 		2.992
v 290.093 		-37.016 		6.512
v 293.425 		-33.034 		2.553
v 296.549 		-28.602 		4.402
v 297.398 		-35.049 		4.402
v 288.2 		-29.951 		6.512
v 290.934 		-37.127 		5.749
v 295.265 		-30.276 		2.992
v 290.746 		-37.453 		6.512
v 296.89 		-34.66 		3.841
v 288.311 		-30.793 		5.749
v 287.947 		-30.695 		6.512
v 296.549 		-35.049 		3.841
v 295.729 		-28.822 		3.841
v 294.35 		-32.85 		2.553
v 294.267 		-32.923 		2.553
v 293.75 		-29.762 		2.992
v 292.909 		-30.793 		2.719
v 289.768 		-36.232 		5.749
v 289.502 		-36.498 		6.512
v 288.873 		-29.434 		5.749
v 294.174 		-32.985 		2.553
v 294.075 		-33.034 		2.553
v 293.314 		-30.624 		2.719
v 293.97 		-33.07 		2.553
v 294.394 		-29.846 		2.992
v 288.547 		-30.095 		5.749
v 296.16 		-29.11 		3.841
v 292.56 		-31.06 		2.719
v 294.702 		-29.951 		2.992
v 290.322 		-36.718 		5.749
v 294.994 		-30.095 		2.992
v 288.635 		-31.577 		5.042
v 298.516 		-28.593 		6.512
v 293.106 		-30.695 		2.719
v 289.282 		-35.678 		5.749
v 288.635 		-32.923 		5.042
v 289.191 		-31.65 		4.402
v 297.732 		-28.268 		5.749
v 297.998 		-28.002 		6.512
v 295.51 		-30.49 		2.992
v 289.191 		-32.85 		4.402
v 295.724 		-30.735 		2.992
v 292.235 		-30.276 		2.992
v 288.591 		-32.25 		5.042
v 291.595 		-37.453 		5.749
v 298.953 		-29.246 		6.512
v 296.049 		-31.298 		2.992
v 292.798 		-29.951 		2.992
v 293.106 		-29.846 		2.992
v 297.843 		-29.11 		5.042
v 291.171 		-36.718 		5.042
v 289.152 		-32.25 		4.402
v 298.218 		-28.822 		5.749
v 295.905 		-31.006 		2.992
v 290.61 		-36.343 		5.042
v 292.506 		-30.095 		2.992
v 288.984 		-30.276 		5.042
v 299.706 		-31.466 		6.512
v 295.305 		-32.894 		2.719
v 297.827 		-41.489 		9
v 297.827 		-41.489 		0
v 299 		-40.91 		9
v 299 		-40.91 		0
v 300.088 		-40.184 		9
v 300.088 		-40.184 		0
v 295.207 		-33.091 		2.719
v 301.071 		-39.321 		9
v 301.071 		-39.321 		0
v 301.934 		-38.338 		9
v 301.934 		-38.338 		0
v 302.66 		-37.25 		9
v 302.66 		-37.25 		0
v 290.951 		-35.898 		4.402
v 303.239 		-36.077 		9
v 303.239 		-36.077 		0
v 288.767 		-30.915 		5.042
v 303.659 		-34.838 		9
v 303.659 		-34.838 		0
v 299.706 		-33.034 		6.512
v 288.547 		-29.246 		6.512
v 303.914 		-33.555 		9
v 303.914 		-33.555 		0
v 299.758 		-34.738 		9
v 290.499 		-35.501 		4.402
v 288.984 		-28.593 		6.512
v 290.102 		-35.898 		5.042
v 293.75 		-38.697 		8.151
v 299.381 		-32.25 		5.749
v 299.758 		-32.25 		6.512
v 295.085 		-33.275 		2.719
v 295.376 		-38.317 		7.317
v 295.419 		-38.477 		8.151
v 293.077 		-37.365 		5.042
v 290.093 		-27.484 		6.512
v 299.333 		-31.515 		5.749
v 294.591 		-38.642 		8.151
v 293.75 		-38.531 		7.317
v 291.776 		-37.016 		5.042
v 299.333 		-32.985 		5.749
v 295.376 		-32.686 		2.719
v 293.15 		-36.809 		4.402
v 289.768 		-28.268 		5.749
v 289.502 		-28.002 		6.512
v 292.56 		-36.691 		4.402
v 294.591 		-32.361 		2.553
v 292.415 		-37.233 		5.042
v 294.57 		-38.477 		7.317
v 295.419 		-32.47 		2.719
v 299.3 		-29.951 		6.512
v 294.57 		-32.47 		2.553
v 290.934 		-27.373 		5.749
v 290.746 		-27.047 		6.512
v 294.534 		-32.575 		2.553
v 289.825 		-32.767 		3.841
v 298.627 		-29.434 		5.749
v 296.973 		-37.833 		8.151
v 294.485 		-32.674 		2.553
v 296.217 		-38.206 		8.151
v 294.423 		-32.767 		2.553
v 299.189 		-30.793 		5.749
v 290.61 		-33.091 		3.369
v 289.282 		-28.822 		5.749
v 299.553 		-30.695 		6.512
v 289.926 		-33.275 		3.841
v 291.99 		-36.498 		4.402
v 296.89 		-37.689 		7.317
v 290.322 		-27.782 		5.749
v 298.953 		-30.095 		5.749
v 296.154 		-38.053 		7.317
v 296.049 		-34.549 		3.369
v 296.16 		-35.39 		3.841
v 291.451 		-26.7 		6.512
v 287.912 		-24.316 		9
v 289 		-23.59 		9
v 290.173 		-23.011 		9
v 291.412 		-22.591 		9
v 292.695 		-22.336 		9
v 298.865 		-31.577 		5.042
v 287.303 		-31.401 		9
v 287.248 		-32.25 		9
v 287.303 		-33.099 		9
v 292.966 		-26.294 		6.512
v 298.865 		-32.923 		5.042
v 287.469 		-30.567 		9
v 287.742 		-29.762 		9
v 295.729 		-34.829 		3.369
v 298.309 		-31.65 		4.402
v 298.909 		-32.25 		5.042
v 292.293 		-26.811 		5.749
v 299.333 		-35.473 		8.151
v 292.195 		-26.447 		6.512
v 290.527 		-32.674 		3.369
v 298.865 		-36.175 		8.151
v 298.309 		-32.85 		4.402
v 297.407 		-33.765 		3.841
v 297.675 		-37.365 		8.151
v 297.178 		-34.229 		3.841
v 289.792 		-32.25 		3.841
v 291.595 		-27.047 		5.749
v 298.348 		-32.25 		4.402
v 296.754 		-33.494 		3.369
v 298.733 		-36.074 		7.317
v 298.191 		-36.691 		7.317
v 298.309 		-36.809 		8.151
v 290.527 		-31.826 		3.369
v 290.499 		-32.25 		3.369
v 289.825 		-31.733 		3.841
v 296.329 		-34.229 		3.369
v 293.015 		-26.667 		5.749
v 290.61 		-31.409 		3.369
v 297.675 		-31.733 		3.841
v 297.708 		-32.25 		3.841
v 296.566 		-33.876 		3.369
v 289.657 		-29.11 		5.042
v 297.574 		-37.233 		7.317
v 290.61 		-28.157 		5.042
v 293.75 		-32.25 		2.497
v 299.977 		-33.919 		8.151
v 294.994 		-34.405 		2.992
v 297.675 		-32.767 		3.841
v 288.119 		-28.999 		9
v 299.706 		-34.717 		8.151
v 288.591 		-28.292 		9
v 290.499 		-28.999 		4.402
v 290.102 		-28.602 		5.042
v 289.152 		-27.652 		9
v 297.574 		-33.275 		3.841
v 291.451 		-36.232 		4.402
v 299.817 		-33.876 		7.317
v 299.189 		-35.39 		7.317
v 291.171 		-27.782 		5.042
v 298.516 		-30.276 		5.042
v 299.553 		-34.654 		7.317
v 292.235 		-35.907 		3.841
v 290.951 		-28.602 		4.402
v 289.792 		-27.091 		9
v 291.771 		-35.678 		3.841
v 290.499 		-26.619 		9
v 297.732 		-29.951 		4.402
v 298.218 		-29.671 		5.042
v 291.262 		-26.242 		9
v 296.049 		-37.8 		6.512
v 297.998 		-30.49 		4.402
v 291.776 		-27.484 		5.042
v 293.326 		-35.473 		3.369
v 289.309 		-31.06 		4.402
v 293.233 		-36.175 		3.841
v 298.191 		-31.06 		4.402
v 298.733 		-30.915 		5.042
v 294.534 		-38.206 		6.512
v 291.451 		-28.268 		4.402
v 289.282 		-29.671 		5.042
v 291.99 		-28.002 		4.402
v 294.394 		-34.654 		2.992
v 292.56 		-27.809 		4.402
v 292.415 		-27.267 		5.042
v 294.075 		-34.717 		2.992
v 297.574 		-31.225 		3.841
v 295.207 		-37.689 		5.749
v 295.305 		-38.053 		6.512
v 293.425 		-34.717 		2.992
v 289.502 		-30.49 		4.402
v 293.75 		-37.881 		5.749
v 293.75 		-38.258 		6.512
v 289.768 		-29.951 		4.402
v 284 		-32.25 		9
v 292.725 		-36.074 		3.841
v 284.086 		-30.945 		9
v 284.341 		-29.662 		9
v 284.761 		-28.423 		9
v 285.34 		-27.25 		9
v 286.066 		-26.162 		9
v 286.929 		-25.179 		9
v 294.534 		-26.294 		6.512
v 289.152 		-36.848 		9
v 293.15 		-27.691 		4.402
v 288.591 		-36.208 		9
v 290.102 		-29.451 		4.402
v 288.119 		-35.501 		9
v 293.75 		-26.619 		5.749
v 294.485 		-37.833 		5.749
v 293.75 		-26.242 		6.512
v 291.34 		-29.11 		3.841
v 291.771 		-28.822 		3.841
v 295.207 		-26.811 		5.749
v 287.742 		-34.738 		9
v 289.657 		-35.39 		5.042
v 295.305 		-26.447 		6.512
v 287.469 		-33.933 		9
v 297.407 		-37.016 		6.512
v 293.233 		-28.325 		3.841
v 289.768 		-34.549 		4.402
v 289.282 		-34.829 		5.042
v 289.926 		-31.225 		3.841
v 294.485 		-26.667 		5.749
v 296.566 		-37.127 		5.749
v 296.754 		-37.453 		6.512
v 290.093 		-30.735 		3.841
v 289.502 		-34.01 		4.402
v 292.506 		-29.246 		3.369
v 290.322 		-30.271 		3.841
v 292.235 		-28.593 		3.841
v 289.309 		-33.44 		4.402
v 292.909 		-29.11 		3.369
v 296.049 		-26.7 		6.512
v 292.725 		-28.426 		3.841
v 297.178 		-36.718 		5.749
v 290.951 		-29.451 		3.841
v 291.262 		-38.258 		9
v 290.499 		-37.881 		9
v 290.102 		-35.049 		4.402
v 297.407 		-27.484 		6.512
v 290.746 		-31.006 		3.369
v 295.905 		-37.453 		5.749
v 296.566 		-27.373 		5.749
v 296.754 		-27.047 		6.512
v 291.171 		-30.271 		3.369
v 290.61 		-29.84 		3.841
v 293.326 		-29.027 		3.369
v 292.901 		-38.697 		9
v 292.067 		-38.531 		9
v 295.905 		-27.047 		5.749
v 290.951 		-35.049 		3.841
v 294.423 		-37.365 		5.042
v 293.077 		-27.135 		5.042
v 289.792 		-37.409 		9
v 290.934 		-30.624 		3.369
v 290.322 		-34.229 		3.841
v 297.178 		-27.782 		5.749
v 294.94 		-36.691 		4.402
v 295.085 		-37.233 		5.042
v 284.086 		-33.555 		9
v 284.086 		-33.555 		0
v 284.341 		-34.838 		9
v 284.341 		-34.838 		0
v 284.761 		-36.077 		9
v 284.761 		-36.077 		0
v 285.34 		-37.25 		9
v 285.34 		-37.25 		0
v 286.066 		-38.338 		9
v 286.066 		-38.338 		0
v 286.929 		-39.321 		9
v 286.929 		-39.321 		0
v 287.912 		-40.184 		9
v 287.912 		-40.184 		0
v 289 		-40.91 		9
v 289 		-40.91 		0
v 290.173 		-41.489 		9
v 290.173 		-41.489 		0
v 289.191 		-36.809 		8.151
v 291.451 		-29.951 		3.369
v 288.635 		-36.175 		8.151
v 293.75 		-37.409 		5.042
v 293.75 		-27.652 		4.402
v 291.171 		-34.229 		3.369
v 288.167 		-35.473 		8.151
v 290.61 		-34.66 		3.841
v 294.35 		-27.691 		4.402
v 294.94 		-27.809 		4.402
v 295.085 		-27.267 		5.042
v 288.767 		-36.074 		7.317
v 290.746 		-33.494 		3.369
v 291.771 		-29.671 		3.369
v 294.35 		-36.809 		4.402
v 290.093 		-33.765 		3.841
v 287.794 		-34.717 		8.151
v 293.75 		-36.848 		4.402
v 292.124 		-29.434 		3.369
v 293.75 		-28.292 		3.841
v 288.311 		-35.39 		7.317
v 290.934 		-33.876 		3.369
v 287.683 		-33.876 		7.317
v 287.523 		-33.919 		8.151
v 295.265 		-28.593 		3.841
v 294.267 		-36.175 		3.841
v 291.283 		-31.925 		2.992
v 293.75 		-36.208 		3.841
v 287.947 		-34.654 		7.317
v 294.174 		-29.027 		3.369
v 294.267 		-28.325 		3.841
v 292.909 		-35.39 		3.369
v 294.775 		-28.426 		3.841
v 295.265 		-35.907 		3.841
v 291.283 		-38.206 		8.151
v 291.283 		-32.575 		2.992
v 291.771 		-34.829 		3.369
v 291.34 		-35.39 		3.841
v 294.775 		-36.074 		3.841
v 290.61 		-37.689 		7.317
v 290.527 		-37.833 		8.151
v 293.75 		-28.999 		3.369
v 294.174 		-35.473 		3.369
v 291.451 		-34.549 		3.369
v 291.262 		-32.25 		2.992
v 292.081 		-38.477 		8.151
v 294 		-42.25 		9
v 292.695 		-42.164 		9
v 291.412 		-41.909 		9
v 296.588 		-41.909 		9
v 295.305 		-42.164 		9
v 291.451 		-33.202 		2.992
v 292.506 		-35.254 		3.369
v 294 		-22.25 		0
v 293.75 		-35.501 		3.369
v 300.088 		-24.316 		0
v 299 		-23.59 		0
v 297.827 		-23.011 		0
v 296.588 		-22.591 		0
v 295.305 		-22.336 		0
v 292.93 		-38.477 		7.317
v 291.346 		-32.894 		2.992
v 292.909 		-38.642 		8.151
v 304 		-32.25 		0
v 303.914 		-30.945 		0
v 303.659 		-29.662 		0
v 303.239 		-28.423 		0
v 302.66 		-27.25 		0
v 301.934 		-26.162 		0
v 301.071 		-25.179 		0
v 292.124 		-35.066 		3.369
v 292.124 		-38.317 		7.317
v 292.293 		-33.091 		2.719
v 292.695 		-22.336 		0
v 291.412 		-22.591 		0
v 290.173 		-23.011 		0
v 289 		-23.59 		0
v 287.912 		-24.316 		0
v 286.929 		-25.179 		0
v 286.066 		-26.162 		0
v 285.34 		-27.25 		0
v 284.761 		-28.423 		0
v 284.341 		-29.662 		0
v 284.086 		-30.945 		0
v 284 		-32.25 		0
v 296.89 		-36.343 		5.042
v 295.305 		-42.164 		0
v 296.588 		-41.909 		0
v 292.124 		-32.686 		2.719
v 291.412 		-41.909 		0
v 292.695 		-42.164 		0
v 294 		-42.25 		0
v 291.346 		-38.053 		7.317
v 295.724 		-37.016 		5.042
v 292.195 		-32.894 		2.719
v 300.197 		-32.25 		8.151
v 297.001 		-35.501 		4.402
v 289.825 		-37.365 		8.151
v 297.398 		-35.898 		5.042
v 293.106 		-34.654 		2.992
v 299.977 		-31.43 		7.317
v 300.142 		-31.409 		8.151
v 294.702 		-34.549 		2.992
v 296.049 		-36.232 		4.402
v 296.329 		-36.718 		5.042
v 300.031 		-32.25 		7.317
v 292.506 		-34.405 		2.992
v 295.51 		-36.498 		4.402
v 300.142 		-33.091 		8.151
v 293.75 		-34.738 		2.992
v 292.798 		-34.549 		2.992
v 296.549 		-35.898 		4.402
v 299.977 		-33.07 		7.317
v 294.394 		-33.805 		2.719
v 292.081 		-32.47 		2.719
v 299.706 		-29.783 		8.151
v 294.186 		-33.876 		2.719
v 292.235 		-34.224 		2.992
v 291.776 		-33.765 		2.992
v 292.415 		-33.275 		2.719
v 299.553 		-29.846 		7.317
v 293.75 		-33.933 		2.719
v 299.817 		-30.624 		7.317
v 299.977 		-30.581 		8.151
v 293.326 		-32.985 		2.553
v 291.99 		-34.01 		2.992
v 293.233 		-32.923 		2.553
v 291.595 		-33.494 		2.992
v 293.15 		-32.85 		2.553
v 293.75 		-25.803 		8.151
v 293.314 		-33.876 		2.719
v 293.97 		-33.919 		2.719
v 295.419 		-26.023 		8.151
v 293.425 		-31.466 		2.553
v 293.53 		-31.43 		2.553
v 292.725 		-33.585 		2.719
v 293.75 		-25.969 		7.317
v 293.639 		-31.409 		2.553
v 294.591 		-25.858 		8.151
v 293.077 		-32.767 		2.553
v 293.75 		-31.401 		2.553
v 293.53 		-33.919 		2.719
v 293.106 		-33.805 		2.719
v 293.015 		-32.674 		2.553
v 295.376 		-26.183 		7.317
v 293.861 		-31.409 		2.553
v 292.966 		-32.575 		2.553
v 292.909 		-33.708 		2.719
v 292.93 		-32.47 		2.553
v 294.57 		-26.023 		7.317
v 292.909 		-32.361 		2.553
v 292.56 		-33.44 		2.719
v 295.265 		-34.224 		2.992
v 293.97 		-31.43 		2.553
v 296.217 		-26.294 		8.151
v 294.94 		-33.44 		2.719
v 294.075 		-31.466 		2.553
v 294.775 		-33.585 		2.719
v 294.174 		-31.515 		2.553
v 296.154 		-26.447 		7.317
v 294.267 		-31.577 		2.553
v 296.89 		-26.811 		7.317
v 296.973 		-26.667 		8.151
v 294.35 		-31.65 		2.553
v 292.067 		-32.25 		2.719
v 292.124 		-31.814 		2.719
v 291.346 		-31.606 		2.992
v 294.591 		-33.708 		2.719
v 292.293 		-31.409 		2.719
v 294.534 		-31.925 		2.553
v 294.485 		-31.826 		2.553
v 294.57 		-32.03 		2.553
v 298.865 		-28.325 		8.151
v 295.905 		-33.494 		2.992
v 294.591 		-32.139 		2.553
v 295.724 		-33.765 		2.992
v 295.419 		-32.03 		2.719
v 292.081 		-32.03 		2.719
v 299.333 		-29.027 		8.151
v 294.599 		-32.25 		2.553
v 297.574 		-27.267 		7.317
v 298.191 		-27.809 		7.317
v 298.309 		-27.691 		8.151
v 292.195 		-31.606 		2.719
v 299.189 		-29.11 		7.317
v 295.51 		-34.01 		2.992
v 295.207 		-31.409 		2.719
v 298.733 		-28.426 		7.317
v 298.516 		-35.907 		6.512
v 295.376 		-31.814 		2.719
v 294.423 		-31.733 		2.553
v 297.675 		-27.135 		8.151
v 295.305 		-31.606 		2.719
v 298.218 		-35.678 		5.749
v 297.732 		-36.232 		5.749
v 297.998 		-36.498 		6.512
v 296.89 		-31.409 		3.369
v 296.217 		-32.575 		2.992
v 296.973 		-32.674 		3.369
v 296.154 		-32.894 		2.992
v 296.049 		-33.202 		2.992
v 299.3 		-34.549 		6.512
v 296.973 		-31.826 		3.369
v 297.001 		-32.25 		3.369
v 299.553 		-33.805 		6.512
v 298.627 		-35.066 		5.749
v 298.953 		-35.254 		6.512
v 299.189 		-33.708 		5.749
v 298.953 		-34.405 		5.749
v 298.516 		-34.224 		5.042
v 297.843 		-35.39 		5.042
v 298.191 		-33.44 		4.402
v 298.733 		-33.585 		5.042
v 298.218 		-34.829 		5.042
v 297.998 		-34.01 		4.402
v 297.732 		-34.549 		4.402
v 287.303 		-32.25 		8.151
v 287.469 		-32.25 		7.317
v 287.358 		-31.409 		8.151
v 287.523 		-33.07 		7.317
v 287.358 		-33.091 		8.151
v 287.523 		-31.43 		7.317
v 287.523 		-30.581 		8.151
v 287.794 		-29.783 		8.151
v 287.683 		-30.624 		7.317
v 287.947 		-29.846 		7.317
v 288.635 		-28.325 		8.151
v 288.311 		-29.11 		7.317
v 288.167 		-29.027 		8.151
v 289.191 		-27.691 		8.151
v 288.767 		-28.426 		7.317
v 289.309 		-27.809 		7.317
v 289.926 		-27.267 		7.317
v 289.825 		-27.135 		8.151
v 290.527 		-26.667 		8.151
v 291.283 		-26.294 		8.151
# 673 vertices

g group_4_6383466

usemtl color_6383466
s 0

f 1010 	966 	965
f 1009 	965 	964
f 964 	963 	1007
f 1027 	967 	966
f 980 	985 	988
f 1036 	1035 	984
f 984 	986 	1036
f 1004 	981 	1002
f 1008 	987 	982
f 982 	1003 	1008
f 1535 	1528 	1008
f 1012 	990 	1011
f 1018 	1535 	1008
f 1018 	1003 	994
f 1018 	1008 	1003
f 1021 	990 	1004
f 1021 	1004 	1002
f 1539 	1000 	1016
f 990 	1021 	1011
f 1021 	1002 	1019
f 1011 	1021 	1030
f 1021 	1019 	1030
f 1035 	1024 	984
f 1026 	1000 	1544
f 1552 	1006 	1026
f 966 	1010 	1027
f 1027 	1022 	967
f 1014 	1029 	1136
f 965 	1009 	1010
f 964 	1007 	1009
f 1226 	1225 	987
f 1225 	1224 	982
f 1006 	1552 	1555
f 1030 	1019 	1352
f 1423 	972 	996
f 986 	969 	1037
f 1038 	1037 	969
f 969 	973 	1038
f 1037 	1036 	986
f 1039 	1038 	973
f 1170 	1039 	973
f 1024 	1035 	1034
f 1023 	1024 	1034
f 1034 	1033 	1023
f 1022 	1023 	1033
f 1033 	967 	1022
f 1032 	1006 	1555
f 1052 	1032 	1557
f 1032 	1555 	1557
f 1445 	1449 	1041
f 1043 	1040 	1407
f 1005 	1057 	1046
f 1408 	1043 	1407
f 996 	1054 	1102
f 1060 	1045 	1076
f 1153 	1066 	1151
f 1151 	1066 	1048
f 1046 	1057 	1029
f 1158 	1063 	1064
f 1077 	1053 	1062
f 1156 	1064 	1065
f 1029 	1014 	1046
f 1066 	1153 	1065
f 1045 	1060 	1061
f 1015 	1046 	1014
f 1028 	1080 	1099
f 1054 	996 	1096
f 1056 	1054 	1129
f 1028 	1099 	1100
f 1081 	1132 	1070
f 1072 	1031 	1012
f 1131 	1056 	1129
f 1059 	1071 	1092
f 1072 	1012 	1011
f 1074 	1042 	1056
f 1074 	1057 	1042
f 1069 	1031 	1072
f 1074 	1029 	1057
f 1075 	1618 	1031
f 1068 	1562 	1073
f 1074 	1056 	1131
f 1078 	1059 	1092
f 1028 	1075 	1080
f 1080 	1075 	1069
f 1058 	1073 	1589
f 1075 	1031 	1069
f 1117 	1053 	1077
f 1079 	1059 	1078
f 1053 	1117 	1070
f 1058 	1569 	1585
f 1058 	1589 	1569
f 979 	1303 	983
f 1078 	1005 	1079
f 1086 	1520 	1083
f 1087 	1055 	1067
f 1087 	1071 	1055
f 1087 	1092 	1071
f 1125 	1072 	1011
f 1118 	970 	1114
f 1118 	972 	970
f 975 	1108 	981
f 1093 	1101 	1495
f 1101 	1093 	1098
f 996 	1120 	1096
f 1005 	1078 	1057
f 1050 	1095 	1097
f 1090 	1097 	1119
f 1102 	1087 	1067
f 1016 	1000 	1085
f 1097 	1095 	1119
f 1116 	1087 	1102
f 1094 	1100 	1115
f 1107 	1090 	1119
f 1116 	1092 	1087
f 1100 	1099 	1115
f 974 	1108 	975
f 1109 	1094 	1115
f 1042 	1078 	1092
f 1000 	1105 	1085
f 1108 	974 	1090
f 1169 	1094 	1109
f 1042 	1092 	1116
f 1089 	1105 	1026
f 1090 	1107 	1108
f 1078 	1042 	1057
f 1105 	1000 	1026
f 1026 	1006 	1089
f 1114 	1428 	1089
f 1114 	1089 	1006
f 1017 	1077 	1013
f 1032 	1114 	1006
f 1116 	1102 	1054
f 1116 	1056 	1042
f 1117 	1081 	1070
f 1083 	1530 	1082
f 1117 	1077 	1017
f 1116 	1054 	1056
f 1114 	1032 	1118
f 1081 	1117 	1020
f 1118 	1032 	1052
f 1017 	1020 	1117
f 1120 	972 	1118
f 1121 	1069 	1133
f 1120 	996 	972
f 1106 	1081 	1025
f 1121 	1080 	1069
f 1081 	1020 	1025
f 1120 	1118 	1052
f 1124 	981 	1108
f 1124 	1108 	1107
f 1096 	1120 	1068
f 981 	1124 	1002
f 1011 	1030 	1125
f 1133 	1069 	1072
f 1120 	1052 	1068
f 1133 	1072 	1125
f 1068 	1073 	1096
f 1054 	1096 	1129
f 1073 	1129 	1096
f 1121 	1126 	1295
f 1112 	1016 	1138
f 1050 	1061 	1134
f 1121 	1295 	1165
f 1130 	1125 	1030
f 1134 	1095 	1050
f 1130 	1030 	1352
f 1122 	1128 	1142
f 1143 	1074 	1131
f 1128 	1127 	1142
f 1204 	1122 	1142
f 1143 	1029 	1074
f 1134 	1061 	1060
f 1121 	1133 	1126
f 1029 	1143 	1136
f 1060 	1187 	1134
f 1122 	1204 	1135
f 1095 	1134 	1140
f 977 	1014 	1136
f 1131 	1129 	1058
f 1129 	1073 	1058
f 1585 	1131 	1058
f 1127 	1079 	1139
f 1368 	1085 	1105
f 1141 	1125 	1130
f 1141 	1126 	1133
f 1141 	1133 	1125
f 1127 	1139 	1142
f 1106 	1132 	1081
f 1144 	1095 	1140
f 1585 	1143 	1131
f 1095 	1144 	1119
f 1107 	1119 	1175
f 1145 	1132 	1106
f 1137 	1145 	1123
f 1136 	1588 	977
f 1146 	1115 	1099
f 1175 	1336 	1107
f 1145 	1106 	1123
f 1336 	1124 	1107
f 1138 	1137 	1112
f 1151 	1149 	1152
f 1152 	1149 	1150
f 1153 	1151 	1154
f 1154 	1151 	1152
f 1123 	1112 	1137
f 1156 	1153 	1157
f 1157 	1153 	1154
f 1157 	1159 	1158
f 1158 	1156 	1157
f 1085 	1138 	1016
f 1160 	1158 	1161
f 1161 	1158 	1159
f 1140 	1162 	1144
f 1163 	1160 	1164
f 1164 	1160 	1161
f 1165 	1099 	1080
f 1166 	1163 	1167
f 1167 	1163 	1164
f 1171 	1170 	1167
f 1167 	1170 	1166
f 1173 	1144 	1162
f 1175 	1119 	1144
f 973 	978 	1170
f 1144 	1173 	1175
f 1155 	1148 	1206
f 1166 	1170 	978
f 1176 	1041 	1185
f 1177 	1147 	1184
f 1041 	1176 	1044
f 1174 	1169 	1211
f 1109 	1211 	1169
f 1147 	1177 	1178
f 1174 	1192 	1629
f 1165 	1080 	1121
f 1168 	1178 	1188
f 1192 	1174 	1191
f 1099 	1165 	1146
f 1178 	1177 	1188
f 1606 	1168 	1188
f 1146 	1165 	1311
f 1103 	1554 	1179
f 1060 	1076 	1195
f 1104 	1554 	1103
f 1076 	1182 	1195
f 1176 	1185 	1186
f 1187 	1060 	1195
f 1201 	1221 	976
f 1140 	1134 	1187
f 1177 	1232 	1188
f 1174 	1211 	1191
f 1193 	1182 	1190
f 1196 	1181 	1180
f 1181 	1196 	1185
f 1130 	1352 	1203
f 1185 	1196 	1186
f 1596 	1197 	1189
f 1182 	1193 	1195
f 1183 	1192 	1216
f 1180 	1299 	1196
f 1187 	1195 	1214
f 1192 	1191 	1216
f 1200 	1183 	1216
f 1189 	1197 	1199
f 1197 	1194 	1199
f 1277 	1187 	1214
f 1212 	1147 	1521
f 1202 	1189 	1199
f 1201 	1183 	1200
f 1147 	1499 	1521
f 1140 	1187 	1277
f 1045 	1459 	1186
f 1202 	1148 	1189
f 1205 	1048 	1066
f 1198 	1135 	1217
f 1148 	1202 	1206
f 1135 	1204 	1217
f 1207 	1048 	1205
f 1049 	1048 	1207
f 1155 	1206 	1208
f 1209 	1198 	1217
f 1155 	1208 	1179
f 1181 	1051 	1049
f 1103 	1179 	1208
f 1049 	1207 	1181
f 1198 	1209 	1212
f 1051 	1185 	1041
f 1214 	1195 	1193
f 1147 	1212 	1184
f 1051 	1181 	1185
f 1203 	1213 	1241
f 1191 	1211 	1274
f 1209 	1184 	1212
f 1207 	1205 	1218
f 1213 	1210 	1241
f 1101 	1220 	1495
f 1218 	1180 	1207
f 1203 	1241 	1255
f 1207 	1180 	1181
f 978 	1084 	1166
f 1163 	1084 	1172
f 1218 	1205 	1215
f 1098 	1219 	1101
f 1215 	1291 	1218
f 1064 	1156 	1158
f 1172 	1063 	1160
f 1163 	1166 	1084
f 1172 	1160 	1163
f 1063 	1158 	1160
f 1449 	1448 	1051
f 1448 	1149 	1049
f 1065 	1153 	1156
f 1149 	1151 	1048
f 1048 	1049 	1149
f 1448 	1049 	1051
f 1209 	1227 	1184
f 962 	1226 	999
f 987 	999 	1226
f 963 	962 	1001
f 1001 	1007 	963
f 999 	1001 	962
f 982 	987 	1225
f 992 	976 	1221
f 994 	992 	1240
f 1245 	1205 	1066
f 1230 	1229 	1315
f 995 	971 	1220
f 1177 	1184 	1237
f 1264 	1215 	1205
f 1237 	1184 	1227
f 1240 	992 	1221
f 1063 	1242 	1064
f 1231 	994 	1240
f 1063 	1239 	1242
f 1232 	1177 	1237
f 1231 	1018 	994
f 1331 	1018 	1231
f 1235 	1101 	1219
f 1101 	1235 	1220
f 1220 	1235 	995
f 1249 	1227 	1236
f 1434 	1210 	1460
f 1227 	1249 	1237
f 1240 	1221 	1238
f 1241 	1210 	1434
f 1232 	1237 	1243
f 1243 	1237 	1249
f 1065 	1245 	1066
f 1245 	1065 	1253
f 1248 	1221 	1201
f 1248 	1201 	1200
f 1221 	1248 	1238
f 1251 	1242 	1239
f 1239 	1279 	1251
f 1247 	1130 	1203
f 1293 	1248 	1200
f 1252 	1242 	1251
f 1249 	1236 	1261
f 1253 	1064 	1242
f 1247 	1141 	1130
f 1244 	1262 	1246
f 1064 	1253 	1065
f 1249 	1269 	1243
f 1254 	1247 	1255
f 1244 	1250 	1262
f 1256 	1126 	1141
f 1246 	1262 	1257
f 1256 	1141 	1247
f 1242 	1252 	1253
f 1256 	1343 	1126
f 1253 	1264 	1245
f 1256 	1247 	1254
f 1258 	1231 	1240
f 1246 	1257 	1098
f 1258 	1240 	1238
f 1231 	1258 	1329
f 1253 	1252 	1264
f 1259 	1256 	1254
f 1266 	997 	993
f 1257 	1219 	1098
f 998 	997 	1266
f 1259 	1343 	1256
f 1264 	1205 	1245
f 1260 	1261 	1236
f 1261 	1269 	1249
f 1263 	1211 	1109
f 1269 	1276 	1243
f 1247 	1203 	1255
f 1263 	1274 	1211
f 1264 	1252 	1339
f 1265 	1191 	1274
f 1254 	1255 	1425
f 1219 	1257 	1584
f 1265 	1216 	1191
f 1266 	993 	1549
f 1268 	1235 	1551
f 1271 	1084 	1267
f 1235 	1268 	995
f 1172 	1084 	1271
f 1063 	1172 	1239
f 1274 	1263 	1273
f 1271 	1239 	1172
f 1265 	1274 	1284
f 1140 	1277 	1162
f 1320 	1319 	1270
f 1274 	1273 	1284
f 1286 	1277 	1214
f 1276 	1250 	1244
f 1280 	1200 	1216
f 1280 	1216 	1265
f 1279 	1239 	1271
f 1266 	1536 	1533
f 1204 	1142 	1289
f 1280 	1265 	1300
f 1321 	1272 	1275
f 1139 	1289 	1142
f 1204 	1289 	1281
f 1319 	1318 	1234
f 1204 	1281 	1217
f 1280 	1300 	1302
f 1267 	1282 	1271
f 1234 	1270 	1319
f 1193 	1190 	1316
f 1282 	1267 	1278
f 1266 	1552 	1544
f 1271 	1282 	1279
f 1266 	1555 	1552
f 1283 	1193 	1316
f 1193 	1283 	1214
f 1209 	1298 	1227
f 1265 	1284 	1300
f 1079 	1005 	1139
f 1284 	1273 	1332
f 1283 	1286 	1214
f 1139 	1005 	1288
f 1259 	1047 	1362
f 1251 	1279 	1587
f 1289 	1139 	1288
f 1109 	1301 	1263
f 1293 	1200 	1280
f 1281 	1289 	1292
f 1289 	1288 	1292
f 1180 	1218 	1309
f 1297 	1281 	1292
f 1275 	1285 	1322
f 1217 	1298 	1209
f 1218 	1291 	1309
f 1298 	1217 	1281
f 1296 	1426 	1294
f 1295 	1311 	1165
f 1281 	1297 	1298
f 1222 	1322 	1285
f 1311 	1314 	1146
f 1180 	1309 	1299
f 1298 	1236 	1227
f 979 	995 	1501
f 1115 	1301 	1109
f 1301 	1115 	1146
f 1501 	995 	1268
f 1186 	1196 	1313
f 1236 	1298 	1297
f 1293 	1280 	1302
f 1313 	1196 	1299
f 1301 	1146 	1314
f 1288 	1005 	1046
f 1304 	1293 	1302
f 979 	1501 	1303
f 1292 	1288 	1015
f 1263 	1301 	1327
f 1313 	1045 	1186
f 1288 	1046 	1015
f 1303 	1306 	983
f 1297 	1292 	1307
f 1305 	1293 	1304
f 1301 	1314 	1327
f 1292 	1015 	1307
f 1327 	1273 	1263
f 1307 	1260 	1297
f 1295 	1126 	1343
f 1236 	1297 	1260
f 1015 	1595 	1307
f 1291 	1308 	1309
f 1285 	1287 	1222
f 1290 	982 	1224
f 1223 	1222 	1287
f 1287 	1290 	1223
f 1224 	1223 	1290
f 1299 	1330 	1312
f 1302 	1300 	1351
f 1316 	1190 	1296
f 1270 	1272 	1320
f 1321 	1320 	1272
f 1275 	1322 	1321
f 1233 	1318 	1317
f 1228 	1317 	1315
f 1233 	1234 	1318
f 1315 	1229 	1228
f 1317 	1228 	1233
f 1315 	1381 	1230
f 1299 	1312 	1313
f 1045 	1313 	1076
f 1325 	1305 	1304
f 1312 	1076 	1313
f 1325 	1304 	1340
f 1309 	1330 	1299
f 1535 	1018 	1331
f 1286 	1283 	1469
f 1330 	1309 	1308
f 1535 	1331 	1323
f 1308 	1373 	1330
f 1389 	1324 	1326
f 1266 	1562 	1559
f 1331 	1231 	1329
f 1312 	1330 	1402
f 1266 	1589 	1562
f 1333 	1300 	1284
f 1323 	1331 	1344
f 1284 	1332 	1333
f 1266 	1569 	1589
f 1326 	1328 	1387
f 1331 	1329 	1344
f 1334 	1323 	1344
f 1266 	1568 	1569
f 1328 	1335 	1385
f 1312 	1182 	1076
f 1333 	1351 	1300
f 1266 	1570 	1568
f 1337 	1323 	1334
f 1355 	1304 	1302
f 1002 	1124 	1342
f 1266 	1573 	1570
f 1355 	1302 	1351
f 1342 	1124 	1336
f 1215 	1264 	1346
f 1355 	1340 	1304
f 1266 	1578 	1573
f 1002 	1342 	1019
f 1578 	1266 	1194
f 1327 	1357 	1273
f 1175 	1360 	1336
f 1346 	1264 	1339
f 1258 	1040 	1329
f 1266 	1199 	1194
f 1215 	1346 	1291
f 1266 	1202 	1199
f 1043 	1329 	1040
f 1266 	1206 	1202
f 1345 	1339 	1356
f 1336 	1341 	1342
f 1344 	1329 	1043
f 1347 	1295 	1343
f 1347 	1311 	1295
f 1339 	1345 	1346
f 1019 	1342 	1348
f 1350 	1311 	1347
f 1342 	1341 	1348
f 1363 	1291 	1346
f 1350 	1314 	1311
f 1348 	1352 	1019
f 1383 	1385 	1335
f 1351 	1333 	1349
f 1334 	1371 	1337
f 1346 	1345 	1363
f 1291 	1363 	1308
f 1353 	1351 	1349
f 1385 	1387 	1328
f 1162 	1372 	1173
f 1355 	1351 	1353
f 1340 	1355 	1368
f 1173 	1360 	1175
f 1357 	1332 	1273
f 1336 	1360 	1341
f 1355 	1353 	1368
f 1347 	1343 	1362
f 1337 	1371 	1354
f 1343 	1259 	1362
f 1350 	1347 	1376
f 1364 	1354 	1371
f 1347 	1362 	1376
f 1366 	1350 	1376
f 1367 	1314 	1350
f 1365 	1354 	1364
f 1341 	1414 	1348
f 1367 	1327 	1314
f 1367 	1357 	1327
f 1367 	1350 	1366
f 1361 	1378 	1127
f 1367 	1400 	1357
f 1128 	1361 	1127
f 1363 	1380 	1308
f 1367 	1366 	1400
f 1363 	1492 	1380
f 1395 	1358 	1359
f 1238 	1248 	1305
f 1305 	1248 	1293
f 1334 	1055 	1371
f 1238 	1305 	1374
f 1397 	1370 	1358
f 1374 	1258 	1238
f 1364 	1371 	1071
f 1062 	1362 	1047
f 1374 	1040 	1258
f 1055 	1071 	1371
f 1374 	1305 	1325
f 1360 	1377 	1341
f 1071 	1059 	1364
f 1312 	1402 	1182
f 1376 	1362 	1062
f 1378 	1361 	1365
f 1377 	1360 	1406
f 1378 	1365 	1364
f 1375 	1324 	1391
f 1383 	1381 	1384
f 1384 	1381 	1382
f 1364 	1059 	1378
f 1385 	1383 	1386
f 1386 	1383 	1384
f 1266 	1208 	1206
f 1366 	1376 	1053
f 1387 	1385 	1388
f 1388 	1385 	1386
f 1308 	1380 	1373
f 1389 	1387 	1390
f 1390 	1387 	1388
f 1127 	1378 	1079
f 1391 	1389 	1392
f 1392 	1389 	1390
f 1266 	1103 	1208
f 1414 	1341 	1377
f 1376 	1062 	1053
f 1394 	1393 	1392
f 1392 	1393 	1391
f 1396 	1395 	1394
f 1394 	1395 	1393
f 1378 	1059 	1079
f 1398 	1397 	1396
f 1396 	1397 	1395
f 1352 	1348 	1213
f 1373 	1380 	1413
f 1334 	1344 	1409
f 1409 	1344 	1043
f 1213 	1348 	1414
f 1380 	1379 	1413
f 1324 	1375 	1399
f 1110 	1266 	1111
f 1401 	1326 	1324
f 1416 	1373 	1413
f 1203 	1352 	1213
f 1409 	1055 	1334
f 1111 	1266 	1113
f 1403 	1374 	1325
f 1402 	1330 	1373
f 1324 	1399 	1401
f 1405 	1326 	1401
f 1403 	1040 	1374
f 1113 	1266 	1082
f 1405 	1328 	1326
f 1373 	1416 	1402
f 1406 	1173 	1372
f 1173 	1406 	1360
f 1082 	1266 	1083
f 1182 	1402 	1190
f 1415 	1328 	1405
f 1403 	1407 	1040
f 1335 	1328 	1415
f 1083 	1266 	1086
f 1406 	1372 	1404
f 1416 	1190 	1402
f 1401 	1399 	1410
f 1086 	1266 	1088
f 1410 	1399 	975
f 1088 	1266 	1091
f 1409 	1043 	1408
f 1410 	1405 	1401
f 1070 	1400 	1366
f 1091 	1266 	1523
f 1055 	1409 	1067
f 1053 	1070 	1366
f 1132 	1400 	1070
f 1523 	1266 	1525
f 975 	981 	1410
f 1412 	1357 	1400
f 1408 	1067 	1409
f 1412 	1332 	1357
f 1525 	1266 	1527
f 981 	1004 	1410
f 1407 	1403 	1429
f 1414 	1377 	1411
f 1132 	1412 	1400
f 1210 	1414 	1411
f 1145 	1412 	1132
f 1422 	1338 	1335
f 1266 	1545 	1542
f 1417 	1333 	1332
f 1417 	1332 	1412
f 1335 	1415 	1422
f 1266 	1547 	1545
f 1414 	1210 	1213
f 1333 	1417 	1349
f 1417 	1412 	1145
f 1266 	1549 	1547
f 1418 	1325 	1340
f 1419 	1405 	1410
f 1420 	1377 	1406
f 1418 	1403 	1325
f 1296 	1190 	1416
f 1420 	1406 	1404
f 1349 	1417 	1137
f 1377 	1420 	1411
f 1145 	1137 	1417
f 1418 	1429 	1403
f 1138 	1353 	1349
f 1407 	1431 	1408
f 1349 	1137 	1138
f 1422 	1415 	1421
f 1085 	1353 	1138
f 1085 	1368 	1353
f 1423 	1067 	1408
f 1424 	1379 	1437
f 1423 	1102 	1067
f 1004 	1419 	1410
f 1379 	1424 	1413
f 1419 	1004 	990
f 1340 	1440 	1418
f 1427 	1415 	1405
f 1426 	1413 	1424
f 1162 	1277 	1436
f 1427 	1405 	1419
f 1368 	1440 	1340
f 1415 	1427 	1421
f 1428 	1418 	1440
f 1413 	1426 	1416
f 990 	1427 	1419
f 1436 	1372 	1162
f 1430 	1296 	1294
f 1431 	1407 	1429
f 1421 	1427 	1012
f 1296 	1416 	1426
f 1429 	1418 	1428
f 1296 	1430 	1316
f 1427 	990 	1012
f 970 	1429 	1428
f 1012 	1031 	1421
f 1502 	1432 	1506
f 1210 	1411 	1460
f 1432 	1502 	971
f 1408 	1431 	1423
f 1411 	1450 	1460
f 1429 	970 	1431
f 1437 	1506 	1432
f 1439 	1359 	1358
f 1432 	971 	979
f 1423 	1431 	972
f 1358 	1433 	1439
f 1359 	1496 	1375
f 1435 	1286 	1469
f 1431 	970 	972
f 1432 	979 	983
f 1496 	1359 	1439
f 1436 	1277 	1286
f 1423 	996 	1102
f 1437 	1432 	983
f 1286 	1435 	1436
f 1433 	1438 	1439
f 1424 	1437 	1441
f 1496 	1439 	974
f 1266 	1104 	1103
f 1372 	1436 	1442
f 1437 	983 	1441
f 1440 	1368 	1105
f 1104 	1266 	1110
f 1438 	1097 	1090
f 1436 	1435 	1442
f 1439 	1438 	974
f 1428 	1440 	1089
f 1438 	1090 	974
f 1443 	1425 	1255
f 1442 	1404 	1372
f 1443 	1241 	1434
f 1393 	1395 	1359
f 1089 	1440 	1105
f 1443 	1255 	1241
f 1294 	1426 	1453
f 1428 	1114 	970
f 1375 	1391 	1393
f 1359 	1375 	1393
f 1358 	1395 	1397
f 1369 	1370 	1447
f 1447 	1446 	1369
f 1044 	1369 	1446
f 1430 	1294 	1498
f 1369 	1444 	1370
f 1326 	1387 	1389
f 1389 	1391 	1324
f 1335 	1338 	1383
f 1381 	1383 	1338
f 1338 	1230 	1381
f 983 	1306 	1441
f 1370 	1397 	1447
f 1051 	1041 	1449
f 1041 	1044 	1445
f 1044 	1446 	1445
f 1433 	1370 	1444
f 1306 	1508 	1441
f 1283 	1316 	1451
f 1472 	1452 	1455
f 1457 	1456 	1455
f 1455 	1458 	1457
f 1455 	1452 	1458
f 1424 	1453 	1426
f 1358 	1370 	1433
f 1316 	1430 	1451
f 1453 	1424 	1441
f 1283 	1451 	1469
f 1176 	1186 	1459
f 1463 	1462 	1479
f 1044 	1461 	1369
f 1508 	1453 	1441
f 1467 	1466 	1478
f 1479 	1478 	1466
f 1466 	1465 	1479
f 1478 	1468 	1467
f 1478 	1454 	1468
f 1465 	1464 	1479
f 1464 	1463 	1479
f 1461 	1044 	1176
f 1369 	1461 	1444
f 1294 	1453 	1310
f 1164 	1161 	1479
f 1167 	1164 	1479
f 1171 	1167 	1479
f 1462 	1171 	1479
f 1176 	1459 	1461
f 1154 	1152 	1479
f 1157 	1154 	1479
f 1159 	1157 	1479
f 1161 	1159 	1479
f 1444 	1461 	1470
f 1266 	989 	998
f 1455 	1475 	1474
f 1474 	1473 	1455
f 1473 	1472 	1455
f 1455 	1476 	1475
f 1508 	1310 	1453
f 1455 	1478 	1477
f 1477 	1476 	1455
f 1455 	1454 	1478
f 991 	989 	1266
f 1461 	1459 	1470
f 1150 	1481 	1480
f 1150 	1482 	1481
f 1150 	1483 	1482
f 1150 	1382 	1483
f 1433 	1444 	1491
f 1152 	1150 	1479
f 991 	1266 	1013
f 1516 	1435 	1469
f 1394 	1150 	1396
f 1396 	1150 	1398
f 1488 	1398 	1150
f 1491 	1438 	1433
f 1266 	1017 	1013
f 1480 	1479 	1150
f 1150 	1384 	1382
f 1386 	1384 	1150
f 1388 	1386 	1150
f 1390 	1388 	1150
f 1150 	1392 	1390
f 1150 	1394 	1392
f 1460 	1450 	1487
f 1486 	1489 	1488
f 1488 	1150 	1486
f 1486 	1485 	1489
f 1489 	1485 	1490
f 1017 	1266 	1020
f 1454 	967 	1468
f 1459 	1061 	1470
f 966 	967 	1455
f 1455 	967 	1454
f 1450 	1493 	1487
f 1345 	1356 	1503
f 965 	966 	1456
f 1456 	966 	1455
f 964 	965 	1457
f 1457 	965 	1456
f 1459 	1045 	1061
f 963 	964 	1458
f 1458 	964 	1457
f 962 	963 	1452
f 1452 	963 	1458
f 1356 	1484 	1503
f 1050 	1470 	1061
f 1513 	1434 	1460
f 1039 	1170 	1462
f 1462 	1170 	1171
f 1460 	1487 	1513
f 1463 	1038 	1462
f 1462 	1038 	1039
f 1491 	1444 	1470
f 1464 	1037 	1463
f 1463 	1037 	1038
f 1465 	1036 	1464
f 1464 	1036 	1037
f 1466 	1035 	1465
f 1465 	1035 	1036
f 1492 	1345 	1503
f 1563 	1434 	1513
f 1470 	1050 	1491
f 1467 	1034 	1466
f 1466 	1034 	1035
f 1468 	1033 	1467
f 1467 	1033 	1034
f 1345 	1492 	1363
f 1563 	1443 	1434
f 967 	1033 	1468
f 1097 	1438 	1491
f 1491 	1050 	1097
f 1494 	969 	1500
f 969 	1494 	973
f 1420 	1450 	1411
f 1399 	1375 	1496
f 1487 	1493 	1547
f 975 	1496 	974
f 1496 	975 	1399
f 978 	1267 	1084
f 1294 	1310 	1498
f 1430 	1498 	1509
f 1430 	1509 	1451
f 1451 	1509 	1505
f 1494 	1500 	1504
f 1484 	1502 	1503
f 1303 	1501 	1515
f 1500 	1499 	1504
f 1451 	1505 	1469
f 1492 	1503 	1506
f 973 	1507 	978
f 1507 	973 	1494
f 978 	1507 	1267
f 1503 	1502 	1506
f 1267 	1507 	1278
f 1379 	1492 	1506
f 1492 	1379 	1380
f 1278 	1507 	1511
f 1020 	1266 	1025
f 1306 	1520 	1508
f 1497 	1510 	1484
f 1499 	1178 	1504
f 1510 	1497 	1495
f 1266 	1532 	1025
f 1310 	1508 	1540
f 1499 	1147 	1178
f 1484 	1510 	1502
f 1168 	1504 	1178
f 1266 	1533 	1532
f 1510 	1495 	1220
f 1511 	1494 	1504
f 1494 	1511 	1507
f 1502 	1510 	971
f 1504 	1168 	1511
f 1539 	1266 	1544
f 971 	1510 	1220
f 1498 	1310 	1529
f 1469 	1505 	1516
f 1506 	1437 	1379
f 1516 	1505 	1534
f 1513 	1487 	1549
f 1514 	984 	1024
f 971 	995 	979
f 1442 	1435 	1524
f 1306 	1303 	1530
f 1500 	969 	986
f 1524 	1435 	1516
f 1517 	1442 	1524
f 1404 	1442 	1517
f 1577 	1519 	1514
f 1530 	1520 	1306
f 1526 	1420 	1404
f 1521 	1514 	1519
f 984 	1522 	986
f 1522 	984 	1514
f 1420 	1526 	1450
f 1520 	1540 	1508
f 1514 	1521 	1522
f 1091 	1523 	1541
f 1499 	1522 	1521
f 1500 	986 	1522
f 1310 	1540 	1529
f 1500 	1522 	1499
f 1524 	1518 	1517
f 1519 	1212 	1521
f 1471 	1517 	1518
f 1526 	1404 	1517
f 1519 	1198 	1212
f 1526 	1517 	1471
f 1526 	1493 	1450
f 1528 	999 	987
f 1471 	1493 	1526
f 1113 	1515 	1512
f 1528 	987 	1008
f 1512 	1111 	1113
f 1537 	999 	1528
f 1537 	1001 	999
f 1498 	1529 	1541
f 1082 	1515 	1113
f 1498 	1541 	1509
f 1532 	1106 	1025
f 1471 	1518 	1542
f 1530 	1303 	1515
f 1505 	1509 	1546
f 1537 	1531 	1001
f 1532 	1123 	1106
f 1533 	1112 	1123
f 1515 	1082 	1530
f 1505 	1546 	1534
f 1123 	1532 	1533
f 1083 	1520 	1530
f 1516 	1550 	1524
f 1536 	1112 	1533
f 1536 	1016 	1112
f 1524 	1550 	1518
f 1016 	1536 	1539
f 1537 	1543 	1531
f 1541 	1546 	1509
f 1542 	1518 	1538
f 1539 	1544 	1000
f 1545 	1471 	1542
f 1086 	1540 	1520
f 1545 	1493 	1471
f 1552 	1026 	1544
f 1540 	1088 	1529
f 1546 	1541 	1523
f 1545 	1547 	1493
f 1534 	1546 	1525
f 1540 	1086 	1088
f 1523 	1525 	1546
f 1548 	1528 	1535
f 1547 	1549 	1487
f 1534 	1525 	1527
f 1548 	1537 	1528
f 1550 	1516 	1534
f 1548 	1543 	1537
f 1529 	1088 	1091
f 1527 	1550 	1534
f 1548 	1535 	1323
f 1541 	1529 	1091
f 1518 	1550 	1538
f 1513 	1549 	993
f 1543 	1548 	1337
f 1550 	1527 	1538
f 1445 	1490 	1449
f 1449 	1490 	1485
f 1486 	1448 	1485
f 1485 	1448 	1449
f 1536 	1266 	1539
f 1486 	1150 	1448
f 1448 	1150 	1149
f 1397 	1398 	1488
f 1488 	1447 	1397
f 1489 	1446 	1488
f 1488 	1446 	1447
f 1490 	1445 	1489
f 1489 	1445 	1446
f 1548 	1323 	1337
f 1543 	1337 	1354
f 1543 	1354 	1558
f 1266 	1538 	1527
f 1001 	1531 	1007
f 1538 	1266 	1542
f 1553 	1007 	1531
f 1553 	1009 	1007
f 1561 	1010 	1009
f 1009 	1553 	1561
f 1010 	1590 	1027
f 1590 	1010 	1561
f 1553 	1531 	1558
f 1531 	1543 	1558
f 1551 	1566 	1268
f 1559 	1052 	1557
f 1560 	1553 	1558
f 1551 	1556 	1566
f 1559 	1068 	1052
f 1566 	1512 	1268
f 1561 	1553 	1560
f 1579 	1590 	1561
f 1512 	1501 	1268
f 1425 	1443 	1576
f 1576 	1443 	1563
f 1560 	1558 	1365
f 1425 	1576 	1564
f 1558 	1354 	1365
f 1515 	1501 	1512
f 1565 	1259 	1254
f 1560 	1365 	1361
f 1565 	1254 	1425
f 1555 	1266 	1557
f 1554 	1104 	1556
f 1259 	1565 	1047
f 1559 	1557 	1266
f 1565 	1425 	1564
f 1022 	1027 	1581
f 1556 	1104 	1110
f 1571 	1023 	1022
f 1582 	1047 	1565
f 980 	977 	1575
f 1577 	1023 	1571
f 1556 	1110 	1566
f 1582 	1567 	1047
f 1023 	1577 	1024
f 1566 	1111 	1512
f 1575 	985 	980
f 1567 	1062 	1047
f 1110 	1111 	1566
f 1567 	1077 	1062
f 1022 	1581 	1571
f 1250 	1572 	1262
f 1257 	1262 	1574
f 1262 	1572 	1574
f 1577 	1514 	1024
f 1576 	998 	1564
f 1578 	985 	1575
f 1551 	1219 	1584
f 1575 	1573 	1578
f 1551 	1235 	1219
f 985 	1578 	1194
f 1582 	1565 	1564
f 1574 	1572 	1179
f 989 	1582 	1564
f 1582 	991 	1567
f 1179 	1554 	1574
f 1586 	1583 	1577
f 1584 	1257 	1574
f 989 	991 	1582
f 1554 	1584 	1574
f 1013 	1567 	991
f 1551 	1584 	1556
f 1580 	1579 	1128
f 1077 	1567 	1013
f 1579 	1361 	1128
f 1513 	993 	1563
f 1584 	1554 	1556
f 1580 	1128 	1122
f 1591 	1136 	1143
f 1581 	1586 	1571
f 997 	1563 	993
f 1586 	1581 	1580
f 997 	1576 	1563
f 1577 	1571 	1586
f 1591 	1143 	1585
f 1580 	1122 	1586
f 1252 	1251 	1594
f 997 	998 	1576
f 1583 	1586 	1135
f 1136 	1591 	1588
f 1564 	998 	989
f 1588 	1575 	977
f 1586 	1122 	1135
f 1583 	1135 	1198
f 1559 	1562 	1068
f 1339 	1252 	1594
f 1583 	1519 	1577
f 1583 	1198 	1519
f 1073 	1562 	1589
f 1581 	1027 	1590
f 1568 	1585 	1569
f 1561 	1560 	1579
f 1580 	1590 	1579
f 1568 	1591 	1585
f 1588 	1591 	1570
f 1581 	1590 	1580
f 1593 	1587 	1592
f 1579 	1560 	1361
f 1591 	1568 	1570
f 1573 	1588 	1570
f 1595 	1015 	1014
f 1594 	1251 	1587
f 1588 	1573 	1575
f 1587 	1593 	1594
f 1260 	1307 	1601
f 1356 	1339 	1594
f 1601 	1307 	1595
f 1261 	1260 	1602
f 1602 	1260 	1601
f 988 	1197 	1596
f 1597 	1261 	1602
f 988 	985 	1197
f 1261 	1597 	1269
f 1593 	1497 	1484
f 1597 	968 	1269
f 1596 	1189 	1598
f 1594 	1593 	1356
f 1189 	1148 	1598
f 1593 	1484 	1356
f 1269 	968 	1276
f 1599 	968 	1598
f 968 	1599 	1250
f 1511 	1603 	1278
f 1599 	1572 	1250
f 1599 	1598 	1148
f 1276 	968 	1250
f 1155 	1599 	1148
f 1600 	1278 	1603
f 1572 	1599 	1155
f 1278 	1600 	1282
f 1179 	1572 	1155
f 1279 	1282 	1605
f 1194 	1197 	985
f 1014 	977 	1595
f 977 	980 	1595
f 1595 	980 	1601
f 988 	1601 	980
f 1605 	1587 	1279
f 1601 	988 	1602
f 1168 	1603 	1511
f 1602 	1596 	1597
f 1603 	1168 	1606
f 988 	1596 	1602
f 1597 	1598 	968
f 1597 	1596 	1598
f 1605 	1282 	1600
f 1600 	1604 	1605
f 1605 	1592 	1587
f 1592 	1605 	1604
f 1603 	1607 	1600
f 1603 	1606 	1607
f 1600 	1607 	1604
f 1607 	1606 	1608
f 1612 	1604 	1607
f 1188 	1611 	1606
f 1611 	1608 	1606
f 1608 	1612 	1607
f 1604 	1612 	1609
f 1604 	1609 	1592
f 1593 	1592 	1497
f 1610 	1232 	1243
f 1188 	1232 	1611
f 1232 	1610 	1611
f 1608 	1611 	1613
f 1611 	1610 	1613
f 1612 	1608 	1614
f 1609 	1612 	1093
f 1609 	1093 	1495
f 1592 	1609 	1497
f 1609 	1495 	1497
f 1243 	1276 	1610
f 1610 	1276 	1244
f 1244 	1613 	1610
f 1246 	1613 	1244
f 1614 	1608 	1613
f 1246 	1614 	1613
f 1246 	1098 	1614
f 1614 	1093 	1612
f 1093 	1614 	1098
f 1452 	1472 	1226
f 1226 	962 	1452
f 1225 	1226 	1473
f 1473 	1226 	1472
f 1224 	1225 	1474
f 1474 	1225 	1473
f 1223 	1224 	1475
f 1475 	1224 	1474
f 1222 	1223 	1476
f 1476 	1223 	1475
f 1477 	1222 	1476
f 1322 	1222 	1477
f 1321 	1322 	1478
f 1478 	1322 	1477
f 1320 	1321 	1479
f 1479 	1321 	1478
f 1319 	1320 	1480
f 1480 	1320 	1479
f 1318 	1319 	1481
f 1481 	1319 	1480
f 1317 	1318 	1482
f 1482 	1318 	1481
f 1315 	1317 	1483
f 1483 	1317 	1482
f 1382 	1381 	1315
f 1315 	1483 	1382
f 1617 	1228 	1229
f 1619 	1230 	1338
f 1422 	1619 	1338
f 1615 	1229 	1230
f 1230 	1619 	1615
f 1617 	1229 	1615
f 1421 	1618 	1422
f 1422 	1618 	1619
f 1615 	1619 	1616
f 1619 	1618 	1616
f 1028 	1616 	1075
f 1620 	1615 	1616
f 1620 	1617 	1615
f 1620 	1616 	1028
f 1623 	1620 	1100
f 1620 	1028 	1100
f 1618 	1421 	1031
f 1618 	1075 	1616
f 1621 	1228 	1617
f 1621 	1233 	1228
f 1622 	1233 	1621
f 1622 	1234 	1233
f 1623 	1621 	1617
f 1623 	1617 	1620
f 1622 	1621 	1624
f 1621 	1623 	1624
f 1622 	1624 	1626
f 1094 	1623 	1100
f 1624 	1623 	1094
f 1624 	1094 	1169
f 1270 	1234 	1627
f 1622 	1627 	1234
f 1625 	1272 	1270
f 1270 	1627 	1625
f 1628 	1275 	1272
f 1632 	1285 	1275
f 1632 	1275 	1628
f 1627 	1622 	1626
f 1629 	1625 	1627
f 1628 	1272 	1625
f 1628 	1625 	1630
f 1624 	1169 	1626
f 1174 	1626 	1169
f 1627 	1626 	1629
f 1626 	1174 	1629
f 1630 	1625 	1629
f 1628 	1631 	1632
f 1631 	1628 	1630
f 1631 	1633 	1632
f 1630 	1629 	1192
f 1183 	1630 	1192
f 1183 	1631 	1630
f 1631 	1201 	976
f 1631 	1183 	1201
f 1633 	1285 	1632
f 1633 	1287 	1285
f 1634 	1287 	1633
f 1634 	1290 	1287
f 982 	1290 	1003
f 1290 	1634 	1003
f 1631 	976 	1633
f 1634 	1633 	992
f 976 	992 	1633
f 994 	1634 	992
f 1003 	1634 	994
# 1342 faces

 #end of obj_4

o obj_5
v 276 		-45 		9
v 277.305 		-45.086 		9
v 278.588 		-45.341 		9
v 279.827 		-45.761 		9
v 281 		-46.34 		9
v 282.088 		-47.066 		9
v 278.89 		-55.841 		3.369
v 282.197 		-54.151 		9
v 276.591 		-51.86 		3.369
v 282.253 		-55 		9
v 277.729 		-58.428 		3.841
v 276.994 		-51.996 		3.369
v 271.926 		-59.983 		7.317
v 271.309 		-59.441 		7.317
v 278.154 		-54.356 		2.992
v 282.197 		-55.849 		9
v 276.994 		-58.004 		3.369
v 278.217 		-54.675 		2.992
v 281.758 		-52.512 		9
v 282.031 		-53.317 		9
v 270.984 		-58.657 		6.512
v 275.75 		-49.841 		5.042
v 276.591 		-58.14 		3.369
v 277.433 		-55 		2.719
v 278.238 		-55 		2.992
v 276.423 		-49.885 		5.042
v 277.376 		-57.816 		3.369
v 270.2 		-57.299 		6.512
v 277.376 		-52.184 		3.369
v 275.75 		-48.498 		9
v 277.724 		-50.234 		5.042
v 276.599 		-48.553 		9
v 275.75 		-53.317 		2.719
v 272.61 		-49.561 		7.317
v 270.873 		-57.816 		5.749
v 274.966 		-54.675 		2.553
v 270.547 		-58.004 		6.512
v 275.015 		-54.576 		2.553
v 279.398 		-52.201 		4.402
v 274.901 		-55 		2.553
v 277.433 		-48.719 		9
v 278.238 		-48.992 		9
v 276.186 		-53.374 		2.719
v 274.909 		-54.889 		2.553
v 279.001 		-49.369 		9
v 274.93 		-54.78 		2.553
v 270.311 		-56.458 		5.749
v 269.947 		-56.555 		6.512
v 279.398 		-57.799 		4.402
v 278.89 		-50.907 		5.042
v 274.067 		-48.719 		9
v 274.901 		-48.553 		9
v 280.348 		-50.402 		9
v 278.754 		-53.756 		3.369
v 280.909 		-51.042 		9
v 279.407 		-53.485 		3.841
v 281.381 		-51.749 		9
v 277.51 		-50.752 		4.402
v 278.89 		-57.41 		3.841
v 270.984 		-56.974 		5.042
v 278.329 		-50.532 		5.042
v 279.708 		-49.841 		9
v 278.549 		-57.799 		3.841
v 275.53 		-53.331 		2.719
v 270.547 		-57.155 		5.749
v 283.071 		-47.929 		9
v 283.934 		-48.912 		9
v 284.66 		-50 		9
v 278.566 		-53.374 		3.369
v 285.239 		-51.173 		9
v 285.659 		-52.412 		9
v 285.914 		-53.695 		9
v 286 		-55 		9
v 273.346 		-49.197 		7.317
v 278.049 		-57.299 		3.369
v 275.97 		-53.331 		2.719
v 276.599 		-61.447 		9
v 278.16 		-58.14 		3.841
v 275.077 		-54.483 		2.553
v 275.75 		-61.503 		9
v 275.15 		-54.4 		2.553
v 270.767 		-56.335 		5.042
v 279.001 		-60.631 		9
v 278.549 		-52.201 		3.841
v 275.233 		-54.327 		2.553
v 276.394 		-53.445 		2.719
v 278.238 		-61.008 		9
v 277.433 		-61.281 		9
v 275.326 		-54.265 		2.553
v 279.178 		-53.021 		3.841
v 277.729 		-57.579 		3.369
v 274.966 		-60.956 		6.512
v 277.729 		-52.421 		3.369
v 273.451 		-60.55 		6.512
v 278.049 		-52.701 		3.369
v 276.591 		-53.543 		2.719
v 279.407 		-56.515 		3.841
v 281.381 		-58.251 		9
v 279.178 		-56.979 		3.841
v 280.909 		-58.958 		9
v 278.89 		-52.59 		3.841
v 280.348 		-59.598 		9
v 279.708 		-60.159 		9
v 278.754 		-56.244 		3.369
v 274.293 		-60.439 		5.749
v 273.451 		-54.048 		2.992
v 282.031 		-56.683 		9
v 277.085 		-53.975 		2.719
v 281.758 		-57.488 		9
v 279.001 		-51.749 		4.402
v 279.398 		-51.352 		5.042
v 278.329 		-56.979 		3.369
v 273.776 		-53.485 		2.992
v 278.329 		-53.021 		3.369
v 278.566 		-56.626 		3.369
v 276.775 		-53.665 		2.719
v 278.049 		-51.018 		4.402
v 273.595 		-53.756 		2.992
v 276.94 		-53.81 		2.719
v 285.914 		-56.305 		9
v 285.659 		-57.588 		9
v 285.239 		-58.827 		9
v 284.66 		-60 		9
v 283.934 		-61.088 		9
v 275.861 		-55.841 		2.553
v 283.071 		-62.071 		9
v 282.088 		-62.934 		9
v 281 		-63.66 		9
v 279.827 		-64.239 		9
v 278.549 		-51.352 		4.402
v 275.75 		-55.849 		2.553
v 269.912 		-47.066 		9
v 271 		-46.34 		9
v 272.173 		-45.761 		9
v 273.412 		-45.341 		9
v 274.695 		-45.086 		9
v 269.303 		-54.151 		9
v 269.248 		-55 		9
v 273.99 		-53.24 		2.992
v 269.303 		-55.849 		9
v 276.994 		-57.155 		2.992
v 275.639 		-55.841 		2.553
v 275.53 		-55.82 		2.553
v 269.469 		-53.317 		9
v 275.425 		-52.533 		2.992
v 269.742 		-52.512 		9
v 275.425 		-55.784 		2.553
v 276.394 		-57.404 		2.992
v 277.729 		-51.572 		3.841
v 276.075 		-57.467 		2.992
v 274.415 		-53.975 		2.719
v 274.195 		-60.803 		6.512
v 276.075 		-52.533 		2.992
v 274.124 		-48.933 		7.317
v 274.081 		-48.773 		8.151
v 275.425 		-57.467 		2.992
v 270.119 		-51.749 		9
v 274.909 		-48.608 		8.151
v 270.591 		-51.042 		9
v 271.152 		-50.402 		9
v 276.35 		-55.6 		2.553
v 275.015 		-60.583 		5.749
v 276.267 		-55.673 		2.553
v 276.702 		-57.299 		2.992
v 277.265 		-53.026 		2.992
v 276.174 		-55.735 		2.553
v 276.075 		-55.784 		2.553
v 274.93 		-48.773 		7.317
v 275.75 		-52.512 		2.992
v 275.97 		-55.82 		2.553
v 274.725 		-53.665 		2.719
v 272.093 		-59.766 		6.512
v 271.792 		-49.841 		9
v 274.909 		-53.543 		2.719
v 272.499 		-49.369 		9
v 269.794 		-54.216 		6.512
v 273.262 		-48.992 		9
v 275.314 		-53.374 		2.719
v 269.794 		-55.784 		6.512
v 272.934 		-59.877 		5.749
v 272.746 		-60.203 		6.512
v 278.16 		-51.86 		3.841
v 274.56 		-53.81 		2.719
v 270.119 		-55 		5.749
v 271.768 		-58.982 		5.749
v 271.502 		-59.248 		6.512
v 270.167 		-55.735 		5.749
v 269.742 		-55 		6.512
v 280.516 		-51.343 		6.512
v 275.106 		-53.445 		2.719
v 270.167 		-54.265 		5.749
v 266 		-55 		9
v 266.086 		-53.695 		9
v 266.341 		-52.412 		9
v 266.761 		-51.173 		9
v 267.34 		-50 		9
v 268.066 		-48.912 		9
v 268.929 		-47.929 		9
v 271.152 		-59.598 		9
v 270.591 		-58.958 		9
v 279.732 		-51.018 		5.749
v 276.394 		-52.596 		2.992
v 279.998 		-50.752 		6.512
v 270.119 		-58.251 		9
v 275.75 		-57.488 		2.992
v 276.702 		-52.701 		2.992
v 274.235 		-53.026 		2.992
v 280.953 		-51.996 		6.512
v 276.994 		-52.845 		2.992
v 274.798 		-52.701 		2.992
v 277.305 		-55.644 		2.719
v 269.742 		-57.488 		9
v 269.469 		-56.683 		9
v 277.207 		-55.841 		2.719
v 275.106 		-52.596 		2.992
v 272.322 		-59.468 		5.749
v 276.394 		-56.555 		2.719
v 276.186 		-56.626 		2.719
v 270.2 		-52.701 		6.512
v 271.282 		-58.428 		5.749
v 274.506 		-52.845 		2.992
v 275.75 		-56.683 		2.719
v 277.085 		-56.025 		2.719
v 270.311 		-53.543 		5.749
v 273.262 		-61.008 		9
v 269.947 		-53.445 		6.512
v 272.499 		-60.631 		9
v 270.873 		-52.184 		5.749
v 270.547 		-51.996 		6.512
v 270.984 		-51.343 		6.512
v 273.595 		-60.203 		5.749
v 274.901 		-61.447 		9
v 275.97 		-56.669 		2.719
v 270.547 		-52.845 		5.749
v 274.067 		-61.281 		9
v 277.376 		-55.436 		2.719
v 276.591 		-55.111 		2.553
v 277.419 		-55.22 		2.719
v 273.171 		-59.468 		5.042
v 272.61 		-59.093 		5.042
v 270.635 		-54.327 		5.042
v 275.53 		-56.669 		2.719
v 271.792 		-60.159 		9
v 276.57 		-55.22 		2.553
v 272.093 		-50.234 		6.512
v 270.635 		-55.673 		5.042
v 276.534 		-55.325 		2.553
v 276.485 		-55.424 		2.553
v 272.173 		-64.239 		9
v 271 		-63.66 		9
v 269.912 		-62.934 		9
v 271.191 		-54.4 		4.402
v 276.423 		-55.517 		2.553
v 268.929 		-62.071 		9
v 268.066 		-61.088 		9
v 272.951 		-58.648 		4.402
v 267.34 		-60 		9
v 266.761 		-58.827 		9
v 266.341 		-57.588 		9
v 266.086 		-56.305 		9
v 277.265 		-56.974 		2.992
v 276 		-65 		9
v 274.695 		-64.914 		9
v 273.412 		-64.659 		9
v 278.588 		-64.659 		9
v 277.305 		-64.914 		9
v 271.191 		-55.6 		4.402
v 276 		-45 		0
v 282.088 		-47.066 		0
v 281 		-46.34 		0
v 279.827 		-45.761 		0
v 278.588 		-45.341 		0
v 277.305 		-45.086 		0
v 271.768 		-51.018 		5.749
v 271.502 		-50.752 		6.512
v 286 		-55 		0
v 285.914 		-53.695 		0
v 285.659 		-52.412 		0
v 285.239 		-51.173 		0
v 284.66 		-50 		0
v 283.934 		-48.912 		0
v 283.071 		-47.929 		0
v 270.591 		-55 		5.042
v 279.843 		-51.86 		5.042
v 285.659 		-57.588 		0
v 285.914 		-56.305 		0
v 280.218 		-51.572 		5.749
v 283.934 		-61.088 		0
v 284.66 		-60 		0
v 285.239 		-58.827 		0
v 276.94 		-56.19 		2.719
v 279.827 		-64.239 		0
v 281 		-63.66 		0
v 282.088 		-62.934 		0
v 283.071 		-62.071 		0
v 274.695 		-45.086 		0
v 273.412 		-45.341 		0
v 272.173 		-45.761 		0
v 271 		-46.34 		0
v 269.912 		-47.066 		0
v 276.775 		-56.335 		2.719
v 268.929 		-47.929 		0
v 268.066 		-48.912 		0
v 267.34 		-50 		0
v 266.761 		-51.173 		0
v 272.934 		-50.123 		5.749
v 266.341 		-52.412 		0
v 266.086 		-53.695 		0
v 266 		-55 		0
v 272.746 		-49.797 		6.512
v 277.51 		-53.24 		2.992
v 269.912 		-62.934 		0
v 271 		-63.66 		0
v 272.173 		-64.239 		0
v 266.086 		-56.305 		0
v 266.341 		-57.588 		0
v 266.761 		-58.827 		0
v 267.34 		-60 		0
v 268.066 		-61.088 		0
v 268.929 		-62.071 		0
v 271.152 		-55 		4.402
v 277.305 		-64.914 		0
v 278.588 		-64.659 		0
v 273.412 		-64.659 		0
v 274.695 		-64.914 		0
v 276 		-65 		0
v 277.724 		-53.485 		2.992
v 271.282 		-51.572 		5.749
v 278.049 		-54.048 		2.992
v 270.984 		-53.026 		5.042
v 282.197 		-55 		8.151
v 276.591 		-56.458 		2.719
v 275.75 		-61.447 		8.151
v 270.767 		-53.665 		5.042
v 272.322 		-50.532 		5.749
v 277.905 		-53.756 		2.992
v 277.376 		-61.067 		7.317
v 281.977 		-54.18 		7.317
v 277.419 		-61.227 		8.151
v 282.142 		-54.159 		8.151
v 277.905 		-56.244 		2.992
v 282.031 		-55 		7.317
v 276.591 		-61.392 		8.151
v 277.724 		-56.515 		2.992
v 273.451 		-49.45 		6.512
v 282.142 		-55.841 		8.151
v 275.75 		-61.281 		7.317
v 274.966 		-49.044 		6.512
v 272.499 		-58.251 		4.402
v 272.102 		-58.648 		5.042
v 276.57 		-61.227 		7.317
v 274.293 		-49.561 		5.749
v 274.195 		-49.197 		6.512
v 281.977 		-55.82 		7.317
v 271.825 		-55.517 		3.841
v 277.51 		-56.76 		2.992
v 272.61 		-55.841 		3.369
v 271.926 		-56.025 		3.841
v 278.973 		-60.583 		8.151
v 281.706 		-52.533 		8.151
v 280.516 		-58.657 		6.512
v 278.217 		-60.956 		8.151
v 275.077 		-60.115 		5.042
v 273.595 		-49.797 		5.749
v 281.553 		-52.596 		7.317
v 273.776 		-59.766 		5.042
v 278.89 		-60.439 		7.317
v 281.817 		-53.374 		7.317
v 281.977 		-53.331 		8.151
v 272.527 		-55.424 		3.369
v 275.015 		-49.417 		5.749
v 275.15 		-59.559 		4.402
v 280.218 		-58.428 		5.749
v 274.56 		-59.441 		4.402
v 274.415 		-59.983 		5.042
v 278.154 		-60.803 		7.317
v 279.732 		-58.982 		5.749
v 279.998 		-59.248 		6.512
v 271.792 		-55 		3.841
v 271.657 		-51.86 		5.042
v 275.75 		-48.553 		8.151
v 281.706 		-54.216 		6.512
v 272.527 		-54.576 		3.369
v 272.61 		-50.907 		5.042
v 272.499 		-55 		3.369
v 271.825 		-54.483 		3.841
v 277.419 		-48.773 		8.151
v 272.61 		-54.159 		3.369
v 281.706 		-55.784 		6.512
v 275.75 		-48.719 		7.317
v 281.3 		-57.299 		6.512
v 273.99 		-59.248 		4.402
v 272.499 		-51.749 		4.402
v 276.591 		-48.608 		8.151
v 272.102 		-51.352 		5.042
v 277.376 		-48.933 		7.317
v 281.381 		-55 		5.749
v 281.758 		-55 		6.512
v 281.553 		-56.555 		6.512
v 273.171 		-50.532 		5.042
v 276.57 		-48.773 		7.317
v 271.309 		-53.81 		4.402
v 280.627 		-57.816 		5.749
v 281.333 		-54.265 		5.749
v 280.953 		-58.004 		6.512
v 272.951 		-51.352 		4.402
v 281.333 		-58.223 		8.151
v 271.282 		-52.421 		5.042
v 280.865 		-58.925 		8.151
v 278.217 		-49.044 		8.151
v 281.333 		-55.735 		5.749
v 279.675 		-60.115 		8.151
v 273.776 		-50.234 		5.042
v 278.154 		-49.197 		7.317
v 278.89 		-49.561 		7.317
v 271.502 		-53.24 		4.402
v 278.973 		-49.417 		8.151
v 280.733 		-58.824 		7.317
v 281.3 		-52.701 		6.512
v 280.191 		-59.441 		7.317
v 273.451 		-51.018 		4.402
v 280.309 		-59.559 		8.151
v 281.189 		-56.458 		5.749
v 273.99 		-50.752 		4.402
v 271.768 		-52.701 		4.402
v 274.56 		-50.559 		4.402
v 274.415 		-50.017 		5.042
v 280.627 		-52.184 		5.749
v 280.953 		-57.155 		5.749
v 272.102 		-52.201 		4.402
v 281.189 		-53.543 		5.749
v 281.553 		-53.445 		6.512
v 279.574 		-59.983 		7.317
v 271.926 		-53.975 		3.841
v 272.093 		-53.485 		3.841
v 272.322 		-53.021 		3.841
v 281.977 		-56.669 		8.151
v 280.516 		-56.974 		5.042
v 275.15 		-50.441 		4.402
v 280.953 		-52.845 		5.749
v 281.706 		-57.467 		8.151
v 272.951 		-52.201 		3.841
v 279.843 		-58.14 		5.042
v 281.817 		-56.626 		7.317
v 273.34 		-51.86 		3.841
v 273.771 		-51.572 		3.841
v 281.189 		-58.14 		7.317
v 273.451 		-58.982 		4.402
v 280.865 		-54.327 		5.042
v 280.191 		-56.19 		4.402
v 280.733 		-56.335 		5.042
v 280.865 		-55.673 		5.042
v 281.553 		-57.404 		7.317
v 275.233 		-51.075 		3.841
v 275.75 		-55 		2.497
v 280.309 		-54.4 		4.402
v 280.909 		-55 		5.042
v 274.235 		-58.657 		3.841
v 273.771 		-58.428 		3.841
v 280.309 		-55.6 		4.402
v 278.049 		-60.55 		6.512
v 274.506 		-51.996 		3.369
v 274.235 		-51.343 		3.841
v 274.909 		-51.86 		3.369
v 275.326 		-58.223 		3.369
v 275.233 		-58.925 		3.841
v 274.725 		-51.176 		3.841
v 276.534 		-60.956 		6.512
v 280.348 		-55 		4.402
v 280.218 		-57.579 		5.042
v 274.725 		-58.824 		3.841
v 277.207 		-60.439 		5.749
v 277.305 		-60.803 		6.512
v 279.675 		-54.483 		3.841
v 279.708 		-55 		3.841
v 275.326 		-51.777 		3.369
v 275.75 		-60.631 		5.749
v 279.998 		-56.76 		4.402
v 275.75 		-61.008 		6.512
v 271.657 		-58.14 		5.042
v 279.732 		-57.299 		4.402
v 275.077 		-49.885 		5.042
v 276.485 		-60.583 		5.749
v 279.675 		-55.517 		3.841
v 271.768 		-57.299 		4.402
v 271.282 		-57.579 		5.042
v 279.574 		-56.025 		3.841
v 271.502 		-56.76 		4.402
v 279.407 		-59.766 		6.512
v 271.191 		-59.559 		8.151
v 269.303 		-55 		8.151
v 270.635 		-58.925 		8.151
v 271.309 		-56.19 		4.402
v 270.167 		-58.223 		8.151
v 280.516 		-53.026 		5.042
v 278.566 		-59.877 		5.749
v 272.102 		-57.799 		4.402
v 270.767 		-58.824 		7.317
v 278.754 		-60.203 		6.512
v 269.469 		-55 		7.317
v 269.358 		-54.159 		8.151
v 279.732 		-52.701 		4.402
v 280.218 		-52.421 		5.042
v 269.523 		-55.82 		7.317
v 279.178 		-59.468 		5.749
v 269.794 		-57.467 		8.151
v 269.358 		-55.841 		8.151
v 279.998 		-53.24 		4.402
v 280.191 		-53.81 		4.402
v 280.733 		-53.665 		5.042
v 272.951 		-57.799 		3.841
v 270.311 		-58.14 		7.317
v 269.523 		-54.18 		7.317
v 277.905 		-60.203 		5.749
v 269.683 		-56.626 		7.317
v 269.523 		-56.669 		8.151
v 272.322 		-56.979 		3.841
v 279.574 		-53.975 		3.841
v 269.523 		-53.331 		8.151
v 269.794 		-52.533 		8.151
v 269.947 		-57.404 		7.317
v 276.423 		-60.115 		5.042
v 273.171 		-56.979 		3.369
v 272.61 		-57.41 		3.841
v 269.683 		-53.374 		7.317
v 276.94 		-59.441 		4.402
v 277.085 		-59.983 		5.042
v 276.534 		-49.044 		6.512
v 273.283 		-60.956 		8.151
v 272.746 		-56.244 		3.369
v 269.947 		-52.596 		7.317
v 272.093 		-56.515 		3.841
v 275.75 		-60.159 		5.042
v 275.75 		-49.369 		5.749
v 275.75 		-48.992 		6.512
v 272.61 		-60.439 		7.317
v 272.527 		-60.583 		8.151
v 270.635 		-51.075 		8.151
v 272.934 		-56.626 		3.369
v 277.207 		-49.561 		5.749
v 277.305 		-49.197 		6.512
v 270.311 		-51.86 		7.317
v 270.167 		-51.777 		8.151
v 276.35 		-59.559 		4.402
v 274.081 		-61.227 		8.151
v 271.191 		-50.441 		8.151
v 275.75 		-59.598 		4.402
v 274.909 		-58.14 		3.369
v 276.485 		-49.417 		5.749
v 274.93 		-61.227 		7.317
v 274.909 		-61.392 		8.151
v 270.767 		-51.176 		7.317
v 274.124 		-61.067 		7.317
v 273.771 		-57.579 		3.369
v 273.34 		-58.14 		3.841
v 278.049 		-49.45 		6.512
v 276.267 		-58.925 		3.841
v 271.309 		-50.559 		7.317
v 273.451 		-57.299 		3.369
v 272.746 		-53.756 		3.369
v 275.75 		-58.958 		3.841
v 279.407 		-50.234 		6.512
v 273.171 		-53.021 		3.369
v 273.346 		-60.803 		7.317
v 280.865 		-51.075 		8.151
v 272.61 		-52.59 		3.841
v 277.265 		-58.657 		3.841
v 281.333 		-51.777 		8.151
v 271.825 		-60.115 		8.151
v 279.574 		-50.017 		7.317
v 280.191 		-50.559 		7.317
v 276.775 		-58.824 		3.841
v 280.309 		-50.441 		8.151
v 272.934 		-53.374 		3.369
v 276.174 		-58.223 		3.369
v 281.189 		-51.86 		7.317
v 280.733 		-51.176 		7.317
v 273.451 		-52.701 		3.369
v 275.75 		-58.251 		3.369
v 279.675 		-49.885 		8.151
v 271.926 		-50.017 		7.317
v 278.89 		-54.159 		3.369
v 273.771 		-52.421 		3.369
v 278.89 		-59.093 		5.042
v 271.825 		-49.885 		8.151
v 272.527 		-49.417 		8.151
v 278.566 		-50.123 		5.749
v 278.754 		-49.797 		6.512
v 274.124 		-52.184 		3.369
v 273.283 		-49.044 		8.151
v 278.973 		-55.424 		3.369
v 275.425 		-54.216 		2.553
v 277.724 		-59.766 		5.042
v 275.53 		-54.18 		2.553
v 279.001 		-58.251 		4.402
v 275.639 		-54.159 		2.553
v 279.398 		-58.648 		5.042
v 275.75 		-54.151 		2.553
v 277.905 		-49.797 		5.749
v 278.973 		-54.576 		3.369
v 275.861 		-54.159 		2.553
v 279.001 		-55 		3.369
v 273.283 		-54.675 		2.992
v 278.049 		-58.982 		4.402
v 278.329 		-59.468 		5.042
v 279.178 		-50.532 		5.749
v 277.51 		-59.248 		4.402
v 273.283 		-55.325 		2.992
v 275.97 		-54.18 		2.553
v 278.549 		-58.648 		4.402
v 276.075 		-54.216 		2.553
v 275.75 		-50.402 		4.402
v 276.174 		-54.265 		2.553
v 276.35 		-50.441 		4.402
v 276.267 		-54.327 		2.553
v 273.262 		-55 		2.992
v 276.94 		-50.559 		4.402
v 277.085 		-50.017 		5.042
v 276.35 		-54.4 		2.553
v 273.451 		-55.952 		2.992
v 273.346 		-55.644 		2.992
v 274.293 		-55.841 		2.719
v 274.506 		-58.004 		3.369
v 274.124 		-55.436 		2.719
v 274.124 		-57.816 		3.369
v 276.534 		-54.675 		2.553
v 276.485 		-54.576 		2.553
v 276.57 		-54.78 		2.553
v 274.195 		-55.644 		2.719
v 275.75 		-51.042 		3.841
v 276.591 		-54.889 		2.553
v 277.419 		-54.78 		2.719
v 276.599 		-55 		2.553
v 274.081 		-55.22 		2.719
v 274.415 		-56.025 		2.719
v 277.265 		-51.343 		3.841
v 275.326 		-55.735 		2.553
v 277.207 		-54.159 		2.719
v 275.233 		-55.673 		2.553
v 277.376 		-54.564 		2.719
v 275.15 		-55.6 		2.553
v 276.174 		-51.777 		3.369
v 276.267 		-51.075 		3.841
v 276.423 		-54.483 		2.553
v 275.106 		-57.404 		2.992
v 277.305 		-54.356 		2.719
v 275.077 		-55.517 		2.553
v 275.015 		-55.424 		2.553
v 276.775 		-51.176 		3.841
v 274.966 		-55.325 		2.553
v 274.93 		-55.22 		2.553
v 274.506 		-57.155 		2.992
v 274.909 		-55.111 		2.553
v 278.217 		-55.325 		2.992
v 275.75 		-51.749 		3.369
v 278.154 		-55.644 		2.992
v 274.798 		-57.299 		2.992
v 278.049 		-55.952 		2.992
v 274.067 		-55 		2.719
v 274.124 		-54.564 		2.719
v 273.346 		-54.356 		2.992
v 274.293 		-54.159 		2.719
v 274.235 		-56.974 		2.992
v 274.081 		-54.78 		2.719
v 273.776 		-56.515 		2.992
v 274.195 		-54.356 		2.719
v 273.99 		-56.76 		2.992
v 273.595 		-56.244 		2.992
v 275.314 		-56.626 		2.719
v 274.725 		-56.335 		2.719
v 275.106 		-56.555 		2.719
v 274.909 		-56.458 		2.719
v 274.56 		-56.19 		2.719
# 673 vertices

g group_5_6383466

usemtl color_6383466
s 0

f 1679 	1639 	1638
f 1676 	1638 	1637
f 1637 	1636 	1675
f 1696 	1640 	1639
f 1652 	1658 	1659
f 1704 	1702 	1653
f 1840 	1646 	1643
f 1660 	1656 	2248
f 1653 	1654 	1704
f 2251 	1660 	2248
f 1651 	1782 	1657
f 1671 	1655 	1669
f 1682 	1662 	1681
f 1697 	1683 	1693
f 1751 	1665 	1692
f 1702 	1691 	1653
f 1699 	1662 	1671
f 1699 	1671 	1669
f 1662 	1699 	1681
f 1695 	1665 	1751
f 1699 	1669 	1694
f 1684 	1695 	1764
f 1681 	1699 	1716
f 1639 	1679 	1696
f 1696 	1687 	1640
f 2232 	1667 	1698
f 1638 	1676 	1679
f 1637 	1675 	1676
f 1770 	1769 	1686
f 1769 	1768 	1685
f 1693 	1709 	1697
f 1654 	1642 	1705
f 1706 	1705 	1642
f 1642 	1644 	1706
f 1705 	1704 	1654
f 1707 	1706 	1644
f 1754 	1707 	1644
f 1691 	1702 	1701
f 1689 	1691 	1701
f 1701 	1700 	1689
f 1687 	1689 	1700
f 1700 	1640 	1687
f 1699 	1694 	1716
f 1710 	1667 	2235
f 1688 	1703 	1963
f 2243 	1677 	1710
f 1712 	1661 	1645
f 1677 	2243 	2245
f 1716 	1694 	2127
f 1720 	1677 	2245
f 1721 	1722 	1899
f 1730 	1720 	2247
f 1725 	1697 	1709
f 1697 	1725 	1712
f 1673 	1735 	1724
f 1712 	1725 	1661
f 1763 	1762 	1717
f 1720 	2245 	2247
f 1899 	1763 	1721
f 1663 	1727 	1783
f 1761 	1736 	1737
f 1737 	1762 	1761
f 1762 	1737 	1717
f 1724 	1735 	1703
f 1760 	1758 	1734
f 1739 	1726 	1796
f 1731 	1749 	1733
f 1744 	1684 	1764
f 1731 	1738 	1749
f 1703 	1688 	1724
f 1733 	1749 	1746
f 1690 	1724 	1688
f 1644 	1650 	1754
f 1745 	1684 	1744
f 1733 	1746 	1693
f 1729 	1727 	1945
f 1746 	1709 	1693
f 1727 	1799 	1945
f 1961 	1729 	1945
f 1744 	1673 	1745
f 1748 	1718 	1729
f 1741 	1743 	1756
f 1748 	1735 	1718
f 1748 	1703 	1735
f 1748 	1729 	1961
f 1757 	1743 	1732
f 1751 	1764 	1695
f 1732 	1734 	1758
f 1756 	1755 	1741
f 1650 	1741 	1755
f 1755 	1754 	1650
f 1743 	1757 	1756
f 1732 	1758 	1757
f 1709 	1746 	1990
f 1785 	1747 	1752
f 1900 	1899 	1722
f 1717 	1721 	1763
f 1761 	1760 	1736
f 1734 	1736 	1760
f 1750 	2253 	1753
f 1635 	1770 	1664
f 1686 	1664 	1770
f 1636 	1635 	1666
f 1666 	1675 	1636
f 1664 	1666 	1635
f 1685 	1686 	1769
f 1742 	1753 	2278
f 1774 	1772 	1826
f 1776 	1856 	1765
f 1775 	1725 	1895
f 1744 	1764 	1718
f 1742 	2261 	2272
f 1725 	1775 	1661
f 1742 	2278 	2261
f 1651 	1661 	1798
f 1805 	1841 	1773
f 1798 	1661 	1775
f 1673 	1744 	1735
f 1651 	1798 	1782
f 1782 	1784 	1657
f 1726 	1739 	1786
f 1792 	1686 	1685
f 1685 	1789 	1792
f 2024 	2015 	1792
f 1843 	1646 	1840
f 1843 	1663 	1646
f 1663 	1799 	1727
f 1830 	1829 	1791
f 1802 	2024 	1792
f 1663 	1843 	1799
f 1831 	1793 	1794
f 1982 	1788 	1987
f 1802 	1789 	1788
f 1802 	1792 	1789
f 1698 	1667 	1779
f 1817 	1747 	1785
f 1829 	1828 	1780
f 1780 	1791 	1829
f 1747 	1817 	1773
f 1802 	1788 	1982
f 1667 	1803 	1779
f 1787 	1803 	1710
f 1783 	1751 	1692
f 1816 	1764 	1751
f 1648 	1820 	1655
f 1794 	1807 	1832
f 1718 	1764 	1816
f 1744 	1718 	1735
f 1766 	1832 	1807
f 1728 	1814 	1815
f 1816 	1751 	1783
f 1715 	1785 	1713
f 1806 	1815 	1850
f 1815 	1814 	1850
f 1816 	1783 	1727
f 1810 	1825 	1858
f 1817 	1805 	1773
f 1816 	1729 	1718
f 1817 	1785 	1715
f 1819 	1806 	1850
f 1810 	1858 	1860
f 1811 	1685 	1768
f 1647 	1820 	1648
f 1821 	1813 	1682
f 1820 	1647 	1806
f 1816 	1727 	1729
f 1805 	1817 	1719
f 1821 	1682 	1681
f 1818 	1813 	1821
f 1806 	1819 	1820
f 1715 	1719 	1817
f 1808 	1805 	1723
f 1810 	1822 	1825
f 1805 	1719 	1723
f 1825 	1822 	1818
f 1807 	1809 	1766
f 1822 	1813 	1818
f 1767 	1766 	1809
f 1809 	1811 	1767
f 1768 	1767 	1811
f 1791 	1793 	1830
f 1831 	1830 	1793
f 1794 	1832 	1831
f 1778 	1828 	1827
f 1771 	1827 	1826
f 1778 	1780 	1828
f 1826 	1772 	1771
f 1827 	1771 	1778
f 1826 	1894 	1774
f 1782 	1798 	1852
f 1803 	1667 	1710
f 1710 	1677 	1787
f 1840 	1643 	1836
f 1836 	1787 	1677
f 1812 	1698 	1849
f 1720 	1836 	1677
f 1823 	1837 	1921
f 1784 	1856 	1839
f 1837 	1835 	1921
f 1889 	1888 	1833
f 1839 	1876 	1790
f 2062 	1823 	1921
f 1836 	1720 	1840
f 1840 	1720 	1730
f 1833 	1834 	1889
f 1823 	2062 	1842
f 1838 	1846 	1892
f 1790 	2303 	2279
f 1880 	1821 	1681
f 1834 	1838 	1891
f 1784 	1782 	1867
f 1848 	1845 	1882
f 1808 	1841 	1805
f 1893 	1892 	1846
f 1854 	1655 	1820
f 1867 	1856 	1784
f 1854 	1820 	1819
f 1655 	1854 	1669
f 1892 	1891 	1838
f 1855 	1841 	1808
f 1839 	1856 	1876
f 1844 	1855 	1824
f 1790 	1876 	2303
f 1855 	1808 	1824
f 1795 	1925 	1857
f 1849 	1844 	1812
f 1728 	1786 	1865
f 1853 	1860 	1868
f 1824 	1812 	1844
f 1860 	1858 	1868
f 1865 	1814 	1728
f 1779 	1849 	1698
f 1862 	1853 	1868
f 1797 	1925 	1795
f 1863 	1853 	1862
f 1885 	1861 	1877
f 1861 	1884 	1859
f 1804 	1852 	1851
f 1865 	1786 	1739
f 1851 	1801 	1804
f 1759 	1852 	1804
f 1739 	2000 	1865
f 1867 	1782 	1852
f 1814 	1865 	1873
f 1852 	1759 	1867
f 1864 	1863 	1962
f 1862 	1962 	1863
f 1856 	1867 	1765
f 1864 	1909 	2186
f 1909 	1864 	1908
f 2288 	1872 	1870
f 1867 	1759 	1765
f 1883 	1869 	1859
f 1874 	1814 	1873
f 1875 	1818 	1917
f 1814 	1874 	1850
f 1875 	1825 	1818
f 1870 	1872 	1878
f 1819 	1850 	1984
f 1776 	1876 	1856
f 1872 	1871 	1878
f 1881 	1870 	1878
f 1876 	1777 	2303
f 1681 	1716 	1880
f 1984 	2114 	1819
f 1881 	1845 	1870
f 1917 	1818 	1821
f 1877 	1833 	1888
f 1876 	1776 	1777
f 2114 	1854 	1819
f 1917 	1821 	1880
f 1845 	1881 	1882
f 1885 	1884 	1861
f 1877 	1888 	1885
f 1859 	1884 	1883
f 1898 	1897 	1866
f 1896 	1900 	1711
f 1722 	1711 	1900
f 1866 	1869 	1898
f 1944 	1979 	1668
f 2303 	1777 	1781
f 1848 	1882 	1887
f 1875 	1886 	2036
f 1848 	1887 	1857
f 1873 	1890 	1874
f 1834 	1891 	1889
f 1846 	1847 	1893
f 1894 	1893 	1847
f 1847 	1774 	1894
f 1875 	2036 	1968
f 1869 	1883 	1898
f 1714 	1866 	1897
f 1711 	1714 	1896
f 1897 	1896 	1714
f 1901 	1880 	1716
f 1930 	1902 	1904
f 1906 	1905 	1904
f 1904 	1907 	1906
f 1904 	1902 	1907
f 1864 	1962 	1908
f 1901 	1716 	2127
f 1843 	1840 	1730
f 1915 	1914 	1933
f 1914 	1913 	1933
f 1933 	1904 	1903
f 1933 	1916 	1915
f 1933 	1903 	1916
f 1913 	1912 	1933
f 1835 	1745 	1918
f 1799 	1843 	1750
f 1924 	1923 	1933
f 1933 	1919 	1924
f 1933 	1910 	1920
f 1933 	1920 	1919
f 1875 	1917 	1886
f 1929 	1926 	1957
f 1947 	1922 	1929
f 1929 	1927 	1926
f 1929 	1928 	1927
f 1835 	1918 	1921
f 1843 	1730 	1750
f 1904 	1933 	1932
f 1932 	1931 	1904
f 1931 	1930 	1904
f 1923 	1934 	1933
f 1879 	1909 	1969
f 1938 	1937 	1923
f 1923 	1936 	1934
f 1750 	1753 	1799
f 1911 	1910 	1933
f 1912 	1911 	1933
f 1909 	1908 	1969
f 1923 	1937 	1936
f 1942 	1941 	1923
f 1943 	1942 	1923
f 1949 	1943 	1923
f 1941 	1939 	1923
f 1940 	1879 	1969
f 1939 	1938 	1923
f 1922 	1946 	1954
f 1946 	1922 	1947
f 1929 	1948 	1947
f 1929 	1958 	1948
f 1775 	1895 	1966
f 1944 	1879 	1940
f 1950 	1949 	1923
f 1951 	1950 	1923
f 1952 	1951 	1923
f 1923 	1922 	1952
f 1953 	1952 	1922
f 1922 	1954 	1953
f 1929 	1959 	1958
f 1929 	1957 	1956
f 1929 	1960 	1959
f 1929 	1956 	1960
f 1955 	1880 	1901
f 1903 	1640 	1916
f 1955 	1886 	1917
f 1639 	1640 	1904
f 1904 	1640 	1903
f 1926 	1763 	1957
f 1638 	1639 	1905
f 1905 	1639 	1904
f 1966 	1851 	1775
f 1955 	1917 	1880
f 1762 	1763 	1927
f 1927 	1763 	1926
f 1637 	1638 	1906
f 1906 	1638 	1905
f 1636 	1637 	1907
f 1907 	1637 	1906
f 1761 	1762 	1928
f 1928 	1762 	1927
f 1635 	1636 	1902
f 1902 	1636 	1907
f 1760 	1761 	1929
f 1929 	1761 	1928
f 1851 	1798 	1775
f 1970 	1748 	1961
f 1929 	1922 	1758
f 1758 	1760 	1929
f 1707 	1754 	1910
f 1910 	1754 	1920
f 1757 	1758 	1923
f 1923 	1758 	1922
f 1911 	1706 	1910
f 1910 	1706 	1707
f 1756 	1757 	1924
f 1924 	1757 	1923
f 1912 	1705 	1911
f 1911 	1705 	1706
f 1970 	1703 	1748
f 1755 	1756 	1919
f 1919 	1756 	1924
f 1913 	1704 	1912
f 1912 	1704 	1705
f 1920 	1754 	1919
f 1919 	1754 	1755
f 1914 	1702 	1913
f 1913 	1702 	1704
f 1915 	1701 	1914
f 1914 	1701 	1702
f 1852 	1798 	1851
f 1916 	1700 	1915
f 1915 	1700 	1701
f 1640 	1700 	1916
f 1703 	1970 	1963
f 1964 	1868 	1858
f 1925 	1797 	1935
f 1965 	1642 	1974
f 1649 	1688 	1963
f 1935 	1797 	1800
f 1642 	1965 	1644
f 1945 	1799 	1753
f 1967 	1711 	1977
f 1966 	1895 	1935
f 1711 	1967 	1714
f 1961 	1945 	1742
f 1968 	1858 	1825
f 1945 	1753 	1742
f 1968 	1825 	1875
f 2272 	1961 	1742
f 1858 	1968 	1964
f 1935 	1800 	1966
f 1966 	1801 	1851
f 1964 	1968 	2050
f 2272 	1970 	1961
f 1800 	1801 	1966
f 1795 	1857 	1887
f 1738 	1975 	1749
f 1965 	1974 	1976
f 1746 	1749 	1978
f 1974 	1972 	1976
f 1749 	1975 	1978
f 1708 	1668 	1979
f 1644 	1980 	1650
f 1788 	1708 	1987
f 1967 	1977 	1981
f 1980 	1644 	1965
f 2071 	1650 	1980
f 1895 	1709 	1990
f 1987 	1708 	1979
f 1980 	1965 	1988
f 1895 	1725 	1709
f 1901 	2127 	1989
f 1983 	1874 	1890
f 1984 	1850 	1874
f 1985 	1973 	1971
f 1973 	1985 	1977
f 1977 	1985 	1981
f 1874 	1983 	1984
f 1857 	1978 	1975
f 1988 	1965 	1976
f 1857 	1925 	1978
f 1990 	1746 	1978
f 1987 	1979 	1986
f 1988 	1976 	2023
f 1925 	1990 	1978
f 1895 	1990 	1935
f 1726 	2184 	1981
f 1990 	1925 	1935
f 1737 	1993 	1717
f 1994 	1653 	1691
f 1996 	1717 	1993
f 1721 	1717 	1996
f 1989 	1992 	2004
f 1998 	1979 	1944
f 1973 	1722 	1721
f 1940 	1998 	1944
f 1739 	1796 	2009
f 1992 	1991 	2004
f 1979 	1998 	1986
f 1974 	1642 	1654
f 1721 	1996 	1973
f 1796 	1997 	2009
f 1722 	1977 	1711
f 1989 	2004 	2019
f 1722 	1973 	1977
f 2202 	1999 	1994
f 2000 	1739 	2009
f 2002 	1994 	1999
f 1996 	1993 	2010
f 2242 	1991 	2255
f 1653 	2003 	1654
f 1873 	1865 	2000
f 2003 	1653 	1994
f 2010 	1971 	1996
f 2005 	1982 	1987
f 1994 	2002 	2003
f 2005 	1987 	1986
f 2004 	1991 	2242
f 1996 	1971 	1973
f 1982 	2005 	2168
f 1972 	2003 	2002
f 2008 	1997 	2006
f 2003 	1974 	1654
f 1974 	2003 	1972
f 2011 	1995 	2007
f 2168 	2005 	1656
f 2010 	1993 	2001
f 1997 	2008 	2009
f 2001 	2095 	2010
f 1995 	2011 	2012
f 2000 	2009 	2026
f 2139 	2123 	2012
f 2014 	1962 	1862
f 1908 	1962 	2029
f 2013 	1901 	1989
f 2015 	1664 	1686
f 2082 	2000 	2026
f 2029 	1962 	2014
f 1963 	2274 	1649
f 2015 	1686 	1792
f 2013 	1955 	1901
f 2028 	1664 	2015
f 2017 	2013 	2019
f 1873 	2000 	2082
f 2018 	1908 	2029
f 2028 	1666 	1664
f 2020 	1886 	1955
f 2018 	1969 	1908
f 2020 	1955 	2013
f 2020 	2068 	1886
f 2028 	2021 	1666
f 2020 	2013 	2017
f 2022 	2020 	2017
f 2032 	2023 	1976
f 2022 	2068 	2020
f 2026 	2009 	2008
f 2013 	1989 	2019
f 2029 	2014 	2027
f 2015 	2035 	2028
f 2017 	2019 	2237
f 2018 	2029 	2040
f 2021 	2028 	2030
f 2039 	1995 	2081
f 2031 	2016 	2038
f 1972 	2032 	1976
f 1995 	2052 	2081
f 2029 	2027 	2040
f 2028 	2035 	2030
f 2032 	1972 	2016
f 2016 	2031 	2032
f 2034 	1940 	1969
f 2034 	1969 	2018
f 2033 	1988 	2023
f 2023 	2032 	2045
f 2022 	1740 	2194
f 2034 	2018 	2055
f 2033 	2023 	2057
f 2035 	2015 	2024
f 1732 	2043 	1734
f 1732 	2041 	2043
f 2056 	1734 	2043
f 1862 	2042 	2014
f 2063 	2025 	2033
f 1736 	1734 	2056
f 2034 	2055 	2058
f 2063 	2033 	2057
f 2030 	2035 	2175
f 2037 	2025 	2063
f 2036 	2050 	1968
f 2079 	2027 	2076
f 2050 	2059 	1964
f 2025 	2037 	2039
f 2030 	2048 	2021
f 2018 	2040 	2055
f 1868 	2042 	1862
f 1995 	2039 	2007
f 2040 	2027 	2079
f 2042 	1868 	1964
f 1666 	2021 	1675
f 2044 	1675 	2021
f 2042 	1964 	2059
f 2044 	1676 	1675
f 2037 	2007 	2039
f 2051 	1679 	1676
f 2014 	2042 	2064
f 2045 	2032 	2031
f 1736 	2046 	1737
f 1676 	2044 	2051
f 2047 	1940 	2034
f 1679 	2214 	1696
f 2042 	2059 	2064
f 2046 	1736 	2056
f 1998 	1940 	2047
f 2031 	2086 	2045
f 2064 	2027 	2014
f 2021 	2048 	2044
f 2046 	1993 	1737
f 2036 	1886 	2068
f 2057 	2023 	2045
f 2049 	2044 	2048
f 2043 	2041 	2052
f 2054 	2043 	2052
f 2214 	1679 	2051
f 2051 	2044 	2049
f 2002 	1999 	2066
f 2047 	2034 	2058
f 2043 	2054 	2056
f 2060 	2047 	2058
f 2056 	2067 	2046
f 2059 	2050 	2070
f 2066 	2016 	2002
f 2056 	2054 	2067
f 2002 	2016 	1972
f 2061 	2047 	2060
f 2067 	2001 	1993
f 1993 	2046 	2067
f 2073 	2116 	2061
f 2057 	2072 	2063
f 1842 	2062 	2074
f 2052 	2012 	2054
f 2052 	1995 	2012
f 2027 	2064 	2076
f 2053 	2074 	2065
f 2012 	2123 	2054
f 2066 	1999 	2053
f 2053 	2065 	2066
f 2067 	2054 	2123
f 2038 	2016 	2066
f 2007 	2037 	2077
f 2038 	2066 	2065
f 2069 	2036 	2068
f 2069 	2050 	2036
f 2057 	2045 	2085
f 2069 	2070 	2050
f 1741 	1650 	2071
f 2073 	2061 	2060
f 1842 	2074 	2053
f 2075 	1741 	2071
f 2073 	2060 	2088
f 1743 	1741 	2075
f 1732 	1743 	2041
f 2074 	2144 	2065
f 2075 	2041 	1743
f 2064 	2200 	2076
f 2089 	1678 	1674
f 2071 	1980 	2078
f 2078 	1980 	1988
f 1680 	1678 	2089
f 2071 	2087 	2075
f 2055 	2040 	2080
f 2071 	2078 	2087
f 2083 	2038 	2065
f 2081 	2075 	2087
f 2080 	2040 	2079
f 1873 	2082 	1890
f 2075 	2081 	2041
f 2041 	2081 	2052
f 2097 	2058 	2055
f 2031 	2038 	2091
f 2093 	2082 	2026
f 2097 	2055 	2080
f 2091 	2038 	2083
f 1988 	2033 	2078
f 2057 	2085 	2072
f 2101 	2060 	2058
f 2025 	2078 	2033
f 2031 	2091 	2086
f 2101 	2058 	2097
f 2086 	2084 	2085
f 2101 	2088 	2060
f 2089 	1674 	2287
f 2045 	2086 	2085
f 2078 	2025 	2087
f 2081 	2087 	2039
f 2008 	2006 	2105
f 2103 	2083 	2090
f 2025 	2039 	2087
f 2092 	2008 	2105
f 2008 	2092 	2026
f 2083 	2103 	2091
f 2092 	2093 	2026
f 2086 	2091 	2094
f 2094 	2091 	2103
f 2199 	1689 	1687
f 1971 	2010 	2107
f 2094 	2084 	2086
f 1687 	2207 	2199
f 2097 	2080 	2096
f 2202 	1689 	2199
f 2010 	2095 	2107
f 1689 	2202 	1691
f 2098 	2097 	2096
f 2102 	1971 	2107
f 1971 	2102 	1985
f 2089 	2230 	2228
f 1981 	1985 	2113
f 2101 	2097 	2098
f 2100 	2195 	2099
f 2113 	1985 	2102
f 2063 	2104 	2037
f 2104 	2063 	2072
f 2103 	2090 	2109
f 2037 	2104 	2077
f 1981 	2113 	1726
f 2105 	2006 	2100
f 2089 	2243 	2235
f 2077 	2104 	1683
f 2089 	2245 	2243
f 1683 	2229 	2077
f 2095 	2106 	2107
f 2089 	2253 	2249
f 2077 	2231 	2007
f 2093 	2092 	2259
f 2102 	2107 	2117
f 2077 	2229 	2231
f 2089 	2278 	2253
f 2110 	2088 	2101
f 2108 	2109 	2090
f 2110 	2101 	2098
f 2089 	2261 	2278
f 2107 	2106 	2117
f 2094 	2103 	2118
f 2102 	2117 	2111
f 2089 	2260 	2261
f 2085 	2112 	2072
f 2112 	2085 	2084
f 2089 	2262 	2260
f 2102 	2111 	2113
f 2084 	1731 	2112
f 2089 	2265 	2262
f 2112 	1731 	1733
f 1726 	2113 	1796
f 2089 	2267 	2265
f 2061 	1986 	1998
f 2115 	2072 	2112
f 2267 	2089 	1871
f 2111 	1796 	2113
f 2061 	1998 	2047
f 2072 	2115 	2104
f 1669 	1854 	2120
f 2116 	1986 	2061
f 2089 	1878 	1871
f 2120 	1854 	2114
f 2116 	2005 	1986
f 2112 	1733 	2115
f 2116 	1656 	2005
f 1669 	2120 	1694
f 1733 	1693 	2115
f 2106 	2156 	2117
f 1984 	2131 	2114
f 2115 	1683 	2104
f 2089 	1887 	1882
f 2118 	2103 	2109
f 2111 	2117 	2167
f 1683 	2115 	1693
f 2089 	1795 	1887
f 2109 	2225 	2118
f 1893 	1894 	1950
f 1950 	1894 	1949
f 1902 	1930 	1770
f 1770 	1635 	1902
f 1892 	1893 	1951
f 1951 	1893 	1950
f 1769 	1770 	1931
f 1931 	1770 	1930
f 2089 	1797 	1795
f 1891 	1892 	1952
f 1952 	1892 	1951
f 1768 	1769 	1932
f 1932 	1769 	1931
f 1767 	1768 	1933
f 1933 	1768 	1932
f 1889 	1891 	1953
f 1953 	1891 	1952
f 1766 	1767 	1934
f 1934 	1767 	1933
f 1888 	1889 	1954
f 1954 	1889 	1953
f 1936 	1766 	1934
f 2089 	1800 	1797
f 1888 	1954 	1946
f 1946 	1885 	1888
f 2094 	2121 	2084
f 1832 	1766 	1936
f 2114 	2119 	2120
f 1831 	1832 	1937
f 1937 	1832 	1936
f 2121 	2094 	2118
f 1947 	1884 	1946
f 1946 	1884 	1885
f 1830 	1831 	1938
f 1938 	1831 	1937
f 1948 	1883 	1947
f 1947 	1883 	1884
f 1829 	1830 	1939
f 1939 	1830 	1938
f 2084 	2121 	1731
f 2111 	1997 	1796
f 1828 	1829 	1941
f 1941 	1829 	1939
f 1800 	2089 	1801
f 1948 	1958 	1883
f 1827 	1828 	1942
f 1942 	1828 	1941
f 1826 	1827 	1943
f 1943 	1827 	1942
f 1694 	2120 	2122
f 1949 	1894 	1826
f 1826 	1943 	1949
f 1801 	2089 	1804
f 1833 	1877 	2124
f 2121 	1738 	1731
f 2120 	2119 	2122
f 2126 	1834 	1833
f 1804 	2089 	1759
f 2135 	1771 	1772
f 2001 	2067 	2133
f 2122 	2127 	1694
f 1759 	2089 	1765
f 1833 	2124 	2126
f 2128 	1834 	2126
f 2062 	1921 	2137
f 1765 	2089 	1776
f 2128 	1838 	1834
f 2133 	2095 	2001
f 1918 	2137 	1921
f 1776 	2089 	1777
f 1890 	2145 	1983
f 2140 	1838 	2128
f 2062 	2137 	2129
f 1846 	1838 	2140
f 1777 	2089 	1781
f 2125 	1772 	1774
f 2062 	2129 	2074
f 2126 	2124 	2132
f 1774 	2141 	2125
f 1781 	2089 	2271
f 1983 	2131 	1984
f 2133 	2067 	2123
f 2132 	2124 	1648
f 2271 	2089 	2273
f 2114 	2131 	2119
f 2135 	1772 	2125
f 2123 	2130 	2133
f 2132 	2128 	2126
f 2129 	2144 	2074
f 2273 	2089 	2275
f 2095 	2133 	2148
f 2144 	2083 	2065
f 2089 	2281 	2275
f 1745 	1673 	1918
f 1648 	1655 	2132
f 2089 	2282 	2281
f 1918 	1673 	2136
f 2095 	2148 	2106
f 2089 	2284 	2282
f 1655 	1671 	2132
f 2119 	2166 	2122
f 2089 	2285 	2284
f 2139 	2012 	2011
f 2089 	2287 	2285
f 2137 	1918 	2136
f 2123 	2139 	2130
f 2011 	2218 	2139
f 2129 	2137 	2142
f 2150 	1847 	1846
f 1846 	2140 	2150
f 2137 	2136 	2142
f 2125 	2141 	2134
f 2143 	2129 	2142
f 1847 	2141 	1774
f 2141 	2138 	2134
f 1810 	2134 	1822
f 2146 	2128 	2132
f 2147 	2125 	2134
f 2147 	2135 	2125
f 2129 	2143 	2144
f 2148 	2133 	2130
f 2083 	2144 	2090
f 2147 	2134 	1810
f 2159 	2147 	1860
f 2143 	2090 	2144
f 2131 	2151 	2119
f 2106 	2148 	2161
f 2150 	2140 	2149
f 2136 	1673 	1724
f 2151 	2131 	2158
f 2147 	1810 	1860
f 2142 	2136 	1690
f 2136 	1724 	1690
f 2150 	2141 	1847
f 2143 	2142 	2152
f 1822 	2134 	2138
f 2150 	2138 	2141
f 2166 	2119 	2151
f 1813 	1822 	2138
f 2142 	1690 	2152
f 1671 	2146 	2132
f 2153 	1771 	2135
f 2127 	2122 	1992
f 2146 	1671 	1662
f 2153 	1778 	1771
f 2155 	2140 	2128
f 1992 	2122 	2166
f 2154 	1778 	2153
f 2155 	2128 	2146
f 2143 	2152 	2108
f 2106 	2161 	2156
f 2154 	1780 	1778
f 2140 	2155 	2149
f 1989 	2127 	1992
f 1662 	2155 	2146
f 2090 	2143 	2108
f 1690 	2216 	2152
f 2158 	1983 	2145
f 2149 	2155 	1682
f 2159 	2153 	2135
f 1983 	2158 	2131
f 2159 	2135 	2147
f 2155 	1662 	1682
f 2111 	2167 	1997
f 2154 	2153 	2165
f 1682 	1813 	2149
f 2153 	2159 	2165
f 2158 	2145 	2157
f 2150 	2149 	2138
f 2154 	2165 	2176
f 2138 	2149 	1813
f 2162 	2035 	2024
f 1853 	2159 	1860
f 2171 	1861 	1859
f 2156 	2161 	2178
f 2162 	2175 	2035
f 2165 	2159 	1853
f 1859 	2163 	2171
f 2166 	2151 	2164
f 2161 	2160 	2178
f 1861 	2203 	1877
f 2181 	2156 	2178
f 1991 	2166 	2164
f 2165 	1853 	1863
f 2203 	1861 	2171
f 2167 	2117 	2156
f 2169 	2024 	1802
f 1791 	1780 	2177
f 2169 	1802 	1982
f 2166 	1991 	1992
f 2156 	2181 	2167
f 2154 	2177 	1780
f 2024 	2169 	2162
f 2172 	1793 	1791
f 1997 	2167 	2006
f 1791 	2177 	2172
f 2169 	1982 	2168
f 2089 	1670 	1680
f 2173 	2151 	2158
f 2173 	2158 	2157
f 2163 	2170 	2171
f 1672 	1670 	2089
f 2180 	1794 	1793
f 2151 	2173 	2164
f 2181 	2006 	2167
f 2203 	2171 	1647
f 2219 	1807 	1794
f 1672 	2089 	1713
f 2089 	1715 	1713
f 2219 	1794 	2180
f 2170 	1815 	1806
f 2171 	2170 	1647
f 1715 	2089 	1719
f 2170 	1806 	1647
f 2175 	2162 	2174
f 1866 	1714 	2185
f 2177 	2154 	2176
f 2186 	2172 	2177
f 2179 	1866 	2185
f 1890 	2082 	2189
f 1866 	2179 	1869
f 2180 	1793 	2172
f 2189 	2145 	1890
f 2163 	1869 	2179
f 1660 	2168 	1656
f 2182 	2100 	2099
f 2180 	2172 	2192
f 2183 	2162 	2169
f 1859 	1869 	2163
f 2183 	2169 	2168
f 2100 	2182 	2105
f 2162 	2183 	2174
f 1967 	1981 	2184
f 2183 	2168 	1660
f 2100 	2006 	2181
f 1714 	1967 	2185
f 2165 	1863 	2176
f 1864 	2176 	1863
f 2177 	2176 	2186
f 1967 	2184 	2185
f 2176 	1864 	2186
f 2188 	2093 	2259
f 2179 	2185 	2187
f 2189 	2082 	2093
f 2190 	2030 	2175
f 2185 	2184 	2187
f 2190 	2048 	2030
f 2163 	2179 	2198
f 2222 	2049 	2048
f 2192 	2172 	2186
f 2093 	2188 	2189
f 2191 	2160 	2206
f 2222 	2048 	2190
f 2160 	2191 	2178
f 2069 	2068 	2194
f 2198 	2170 	2163
f 2195 	2178 	2191
f 2180 	2215 	2219
f 2196 	2049 	2222
f 2068 	2022 	2194
f 2178 	2195 	2181
f 2184 	1786 	2187
f 2070 	2069 	2208
f 2184 	1726 	1786
f 2069 	2194 	2208
f 1728 	2187 	1786
f 2197 	2070 	2208
f 2100 	2181 	2195
f 2200 	2059 	2070
f 2198 	2179 	2187
f 2200 	2064 	2059
f 2187 	1728 	2198
f 2200 	2070 	2197
f 1815 	2170 	2198
f 2200 	2212 	2076
f 2206 	2241 	2201
f 1719 	2089 	1723
f 2198 	1728 	1815
f 2201 	1645 	1651
f 2202 	1994 	1691
f 2200 	2197 	2212
f 2089 	2226 	1723
f 2076 	2212 	2217
f 2201 	1651 	1657
f 2089 	2228 	2226
f 2124 	1877 	2203
f 2217 	2079 	2076
f 1648 	2203 	1647
f 2206 	2201 	1657
f 1752 	2194 	1740
f 2203 	1648 	2124
f 2191 	2206 	2209
f 2232 	2089 	2235
f 2208 	2194 	1752
f 2206 	1657 	2209
f 2211 	2210 	2202
f 2197 	2208 	1747
f 2205 	2204 	1837
f 2208 	1752 	1747
f 2099 	2195 	2213
f 2205 	1837 	1823
f 2207 	2211 	2199
f 2211 	2207 	2205
f 2202 	2199 	2211
f 2205 	1823 	2211
f 1657 	1784 	2209
f 2210 	2211 	1842
f 2211 	1823 	1842
f 1784 	1839 	2209
f 2210 	1842 	2053
f 2191 	2213 	2195
f 2210 	1999 	2202
f 2210 	2053 	1999
f 2213 	2191 	2209
f 2207 	1696 	2214
f 1696 	2207 	1687
f 1839 	2213 	2209
f 2215 	2180 	2192
f 2051 	2049 	2204
f 2204 	2214 	2051
f 2099 	2213 	1790
f 2215 	2220 	2219
f 2205 	2214 	2204
f 2192 	2186 	1909
f 2207 	2214 	2205
f 1879 	2192 	1909
f 1839 	1790 	2213
f 1773 	2212 	2197
f 2216 	1690 	1688
f 2231 	2011 	2007
f 1747 	1773 	2197
f 1879 	2215 	2192
f 2049 	2196 	2204
f 1841 	2212 	1773
f 2108 	2152 	2234
f 2215 	1944 	1668
f 2204 	2196 	1837
f 2231 	2218 	2011
f 2234 	2152 	2216
f 2215 	1879 	1944
f 2233 	2190 	2175
f 2089 	1881 	1878
f 1841 	2217 	2212
f 2233 	2175 	2174
f 1881 	2089 	1882
f 2220 	1807 	2219
f 2221 	2190 	2233
f 1855 	2217 	1841
f 2220 	1809 	1807
f 2223 	2080 	2079
f 2223 	2079 	2217
f 2226 	1808 	1723
f 2224 	1809 	2220
f 2080 	2223 	2096
f 2224 	1811 	1809
f 2226 	1824 	1808
f 2222 	2190 	2221
f 2130 	2227 	2148
f 2223 	2217 	1855
f 1641 	2118 	2225
f 2228 	1812 	1824
f 1685 	1811 	1789
f 2196 	2222 	2240
f 1824 	2226 	2228
f 2118 	1641 	2121
f 2096 	2223 	1844
f 2227 	2161 	2148
f 1811 	2224 	1789
f 2222 	2221 	2240
f 1855 	1844 	2223
f 2230 	1812 	2228
f 2215 	1668 	2220
f 2196 	2240 	1835
f 2121 	1641 	1738
f 2230 	1698 	1812
f 1849 	2098 	2096
f 2224 	2220 	1708
f 1837 	2196 	1835
f 1668 	1708 	2220
f 2096 	1844 	1849
f 1788 	2224 	1708
f 1698 	2230 	2232
f 1779 	2098 	1849
f 1789 	2224 	1788
f 1779 	2110 	2098
f 2231 	2244 	2218
f 2232 	2235 	1667
f 2216 	1652 	2234
f 1803 	2110 	1779
f 2233 	2174 	1665
f 2231 	2229 	2244
f 2243 	1710 	2235
f 2108 	2236 	2109
f 2236 	2108 	2234
f 2221 	2233 	1695
f 2225 	2109 	2236
f 2238 	2218 	2244
f 2139 	2239 	2130
f 2233 	1665 	1695
f 2239 	2139 	2218
f 1641 	2225 	2290
f 1695 	1684 	2221
f 2130 	2239 	2227
f 2218 	2238 	2239
f 2239 	2241 	2227
f 1684 	2240 	2221
f 2239 	2238 	2241
f 2230 	2089 	2232
f 1835 	2240 	1745
f 1991 	2164 	2255
f 2160 	2227 	2241
f 2164 	2254 	2255
f 1745 	2240 	1684
f 2227 	2160 	2161
f 2174 	2183 	2252
f 2229 	1683 	1697
f 2252 	2183 	1660
f 1712 	2229 	1697
f 2174 	2252 	1665
f 2246 	2116 	2073
f 2246 	1656 	2116
f 2244 	2229 	1712
f 2145 	2189 	2193
f 2238 	2244 	1645
f 2246 	2248 	1656
f 2249 	1730 	2247
f 2189 	2188 	2193
f 2250 	2237 	2019
f 2250 	2004 	2242
f 2249 	1750 	1730
f 2193 	2157 	2145
f 1645 	2244 	1712
f 2250 	2019 	2004
f 2241 	2238 	2201
f 2238 	1645 	2201
f 2252 	1660 	2251
f 2182 	2099 	2279
f 2241 	2206 	2160
f 1665 	2252 	1692
f 2092 	2105 	2257
f 2251 	1692 	2252
f 2105 	2182 	2257
f 1645 	1661 	1651
f 2245 	2089 	2247
f 2092 	2257 	2259
f 2249 	2247 	2089
f 2248 	2246 	2277
f 2255 	2254 	2258
f 2254 	2263 	2258
f 2268 	2242 	2255
f 2255 	2258 	2268
f 1649 	2266 	1652
f 2293 	2242 	2268
f 2266 	1658 	1652
f 2293 	2250 	2242
f 2264 	2073 	2088
f 2258 	2263 	2285
f 2297 	2188 	2259
f 2264 	2246 	2073
f 2267 	1658 	2266
f 2266 	2265 	2267
f 2268 	2258 	2287
f 2264 	2277 	2246
f 1658 	2267 	1871
f 2248 	2283 	2251
f 2270 	1692 	2251
f 2271 	2305 	1781
f 2280 	1963 	1970
f 2270 	1783 	1692
f 2280 	1970 	2272
f 2088 	2289 	2264
f 1963 	2280 	2274
f 2274 	2266 	1649
f 2173 	2254 	2164
f 2110 	2289 	2088
f 2249 	2253 	1750
f 2276 	2264 	2289
f 2256 	2269 	2282
f 1753 	2253 	2278
f 2283 	2248 	2277
f 2277 	2264 	2276
f 2260 	2272 	2261
f 1643 	2277 	2276
f 2099 	1790 	2279
f 2260 	2280 	2272
f 2182 	2279 	2291
f 2282 	2269 	2281
f 2274 	2280 	2262
f 2284 	2256 	2282
f 2182 	2291 	2257
f 2284 	2263 	2256
f 2251 	2283 	2270
f 2280 	2260 	2262
f 2265 	2274 	2262
f 2284 	2285 	2263
f 2277 	1643 	2283
f 2257 	2291 	2286
f 2274 	2265 	2266
f 2285 	2287 	2258
f 2257 	2286 	2259
f 2236 	2288 	2225
f 2270 	2283 	1646
f 2268 	2287 	1674
f 2288 	2236 	1659
f 2283 	1643 	1646
f 2290 	2225 	2288
f 2270 	1663 	1783
f 2270 	1646 	1663
f 1659 	1872 	2288
f 1659 	1658 	1872
f 1870 	2290 	2288
f 1845 	2290 	1870
f 2292 	1641 	2290
f 2237 	2250 	2298
f 2289 	2110 	1803
f 1641 	2292 	1738
f 2298 	2250 	2293
f 2292 	1975 	1738
f 2237 	2298 	2294
f 2292 	2290 	1845
f 2276 	2289 	1787
f 2295 	2022 	2017
f 2295 	2017 	2237
f 1848 	2292 	1845
f 2022 	2295 	1740
f 2295 	2237 	2294
f 1975 	2292 	1848
f 1787 	2289 	1803
f 1857 	1975 	1848
f 1871 	1872 	1658
f 2300 	1740 	2295
f 2276 	1836 	1643
f 1688 	1649 	2216
f 2300 	2296 	1740
f 2276 	1787 	1836
f 1649 	1652 	2216
f 2296 	1752 	1740
f 1659 	2234 	1652
f 2296 	1785 	1752
f 2234 	1659 	2236
f 2193 	2188 	2301
f 2301 	2188 	2297
f 2298 	1680 	2294
f 2299 	2193 	2301
f 2157 	2193 	2299
f 2300 	2295 	2294
f 1670 	2300 	2294
f 2302 	2173 	2157
f 2300 	1672 	2296
f 1670 	1672 	2300
f 1713 	2296 	1672
f 1785 	2296 	1713
f 2173 	2302 	2254
f 2268 	1674 	2293
f 1678 	2293 	1674
f 1678 	2298 	2293
f 2297 	2286 	2304
f 1678 	1680 	2298
f 2294 	1680 	1670
f 2301 	2269 	2299
f 2256 	2299 	2269
f 2302 	2157 	2299
f 2302 	2299 	2256
f 2302 	2263 	2254
f 2256 	2263 	2302
f 2286 	2297 	2259
f 2279 	2303 	2305
f 2279 	2305 	2291
f 2286 	2291 	2306
f 2286 	2306 	2304
f 2297 	2307 	2301
f 2301 	2307 	2269
f 2305 	2303 	1781
f 2306 	2291 	2305
f 2306 	2305 	2271
f 2306 	2273 	2304
f 2306 	2271 	2273
f 2304 	2273 	2275
f 2307 	2297 	2304
f 2275 	2307 	2304
f 2269 	2307 	2281
f 2307 	2275 	2281
f 1896 	1960 	1900
f 1900 	1960 	1956
f 1957 	1899 	1956
f 1956 	1899 	1900
f 1899 	1957 	1763
f 1958 	1898 	1883
f 1959 	1897 	1958
f 1958 	1897 	1898
f 1960 	1896 	1959
f 1959 	1896 	1897
# 1342 faces

 #end of obj_5

